2026-08-26 21:44:31 INFO  __main__ | === yolo26n synthetic-model-comparison training run ===
2026-08-26 21:44:31 INFO  __main__ | run_name=yolo26n-gpt-image-2-low-compressed-seed44-20260826-214430 experiment=yolo26n-synthetic-model-comparison
2026-08-26 21:44:31 INFO  __main__ | mlflow tracking_uri=http://hetzner.taile550ef.ts.net:5000/
2026-08-26 21:44:31 INFO  __main__ | run dir: /home/debian/Master-Thesis/scripts/synthetic_model_comparison/training/model_exports/yolo26n-gpt-image-2-low-compressed-seed44-20260826-214430
2026-08-26 21:44:31 INFO  __main__ | log file: /home/debian/Master-Thesis/scripts/synthetic_model_comparison/training/model_exports/yolo26n-gpt-image-2-low-compressed-seed44-20260826-214430/yolo26n-gpt-image-2-low-compressed-seed44-20260826-214430.log
2026-08-26 21:44:32 INFO  __main__ | generator=gpt-image-2-low prompt_regime=compressed seed=44 device=cuda epochs=200 smoke=False
2026-08-26 21:44:32 INFO  scripts.synthetic_model_comparison.training.split_dataset | split already up to date: annotations_train_split.json / annotations_val_split.json
2026-08-26 21:44:32 INFO  scripts.synthetic_model_comparison.training.dataset | dataset annotations_val_split.json: 240 images, 256 annotations, 12 classes
2026-08-26 21:44:32 INFO  scripts.synthetic_model_comparison.training.dataset | dataset annotations_test.json: 9742 images, 9742 annotations, 12 classes
2026-08-26 21:44:32 INFO  scripts.synthetic_model_comparison.training.dataset | dataset annotations_train_split.json: 960 images, 1036 annotations, 12 classes
2026-08-26 21:44:32 INFO  scripts.synthetic_model_comparison.training.yolo26n_model | no pretrained weights — training from random initialization
2026-08-26 21:44:32 INFO  scripts.synthetic_model_comparison.training.yolo26n_model | model: yolo26n, nc=12, params=2.51M, device=cuda
2026-08-26 21:44:32 INFO  scripts.synthetic_model_comparison.training.optim | optimizer=SGD lr=0.001 | param groups: g0(BN,no-decay)=114 g1(conv,decay=0.0005)=126 g2(bias,no-decay)=126
2026-08-26 21:44:32 INFO  scripts.synthetic_model_comparison.training.optim | scheduler: OneCycleLR(max_lr=0.01, total_steps=3000, pct_start=0.015, div_factor=10, final_div_factor=100) — stepped per batch
2026-08-26 21:44:32 INFO  __main__ | run config:
2026-08-26 21:44:32 INFO  __main__ |   ANNOTATIONS_TEST = /home/debian/Master-Thesis/data/synthetic_model_comparison/test/annotations_test.json
2026-08-26 21:44:32 INFO  __main__ |   AUG_CLOSE_MOSAIC = 0
2026-08-26 21:44:32 INFO  __main__ |   AUG_COPY_PASTE = 0.0
2026-08-26 21:44:32 INFO  __main__ |   AUG_DEGREES = 0.0
2026-08-26 21:44:32 INFO  __main__ |   AUG_FLIPUD = 0.0
2026-08-26 21:44:32 INFO  __main__ |   AUG_HFLIP = True
2026-08-26 21:44:32 INFO  __main__ |   AUG_HSV = True
2026-08-26 21:44:32 INFO  __main__ |   AUG_HSV_H = 0.015
2026-08-26 21:44:32 INFO  __main__ |   AUG_HSV_S = 0.7
2026-08-26 21:44:32 INFO  __main__ |   AUG_HSV_V = 0.4
2026-08-26 21:44:32 INFO  __main__ |   AUG_MIXUP = 0.0
2026-08-26 21:44:32 INFO  __main__ |   AUG_MOSAIC = 0.0
2026-08-26 21:44:32 INFO  __main__ |   AUG_PERSPECTIVE = 0.0
2026-08-26 21:44:32 INFO  __main__ |   AUG_SCALE = 0.5
2026-08-26 21:44:32 INFO  __main__ |   AUG_SHEAR = 0.0
2026-08-26 21:44:32 INFO  __main__ |   AUG_TRANSLATE = 0.1
2026-08-26 21:44:32 INFO  __main__ |   BATCH_SIZE = 64
2026-08-26 21:44:32 INFO  __main__ |   DATA_ROOT = /home/debian/Master-Thesis/data
2026-08-26 21:44:32 INFO  __main__ |   EARLY_STOP = True
2026-08-26 21:44:32 INFO  __main__ |   EARLY_STOP_MIN_DELTA = 0.001
2026-08-26 21:44:32 INFO  __main__ |   EARLY_STOP_PATIENCE = 20
2026-08-26 21:44:32 INFO  __main__ |   EPOCH_COUNT = 200
2026-08-26 21:44:32 INFO  __main__ |   EVAL_CONF_THRES = 0.001
2026-08-26 21:44:32 INFO  __main__ |   EVAL_IOU_THRES = 0.6
2026-08-26 21:44:32 INFO  __main__ |   EVAL_MAX_DET = 100
2026-08-26 21:44:32 INFO  __main__ |   EXPERIMENT_DATA_ROOT = /home/debian/Master-Thesis/data/synthetic_model_comparison
2026-08-26 21:44:32 INFO  __main__ |   HYP_BOX = 7.5
2026-08-26 21:44:32 INFO  __main__ |   HYP_CLS = 0.5
2026-08-26 21:44:32 INFO  __main__ |   HYP_DFL = 1.5
2026-08-26 21:44:32 INFO  __main__ |   IMAGE_ROOT = /home/debian/Master-Thesis
2026-08-26 21:44:32 INFO  __main__ |   IMAGE_SIZE = 640
2026-08-26 21:44:32 INFO  __main__ |   LEARNING_RATE = 0.001
2026-08-26 21:44:32 INFO  __main__ |   MLFLOW_EXPERIMENT_DEFAULT = yolo26n-synthetic-model-comparison
2026-08-26 21:44:32 INFO  __main__ |   MLFLOW_LOG_EVERY_N_STEPS = 50
2026-08-26 21:44:32 INFO  __main__ |   MODEL_CONFIG = yolo26n.yaml
2026-08-26 21:44:32 INFO  __main__ |   MOMENTUM = 0.937
2026-08-26 21:44:32 INFO  __main__ |   NESTEROV = True
2026-08-26 21:44:32 INFO  __main__ |   NUM_CLASSES = 12
2026-08-26 21:44:32 INFO  __main__ |   NUM_WORKERS = 8
2026-08-26 21:44:32 INFO  __main__ |   ONE_CYCLE_DIV_FACTOR = 10.0
2026-08-26 21:44:32 INFO  __main__ |   ONE_CYCLE_FINAL_DIV_FACTOR = 100.0
2026-08-26 21:44:32 INFO  __main__ |   ONE_CYCLE_MAX_LR = 0.01
2026-08-26 21:44:32 INFO  __main__ |   ONE_CYCLE_PCT_START = 0.015
2026-08-26 21:44:32 INFO  __main__ |   OPTIMIZER = SGD
2026-08-26 21:44:32 INFO  __main__ |   OUTPUT_DIR = /home/debian/Master-Thesis/scripts/synthetic_model_comparison/training/model_exports
2026-08-26 21:44:32 INFO  __main__ |   PRETRAINED_WEIGHTS = /home/debian/Master-Thesis/weights/yolo26n.pt
2026-08-26 21:44:32 INFO  __main__ |   REPO_ROOT = /home/debian/Master-Thesis
2026-08-26 21:44:32 INFO  __main__ |   SEED = 42
2026-08-26 21:44:32 INFO  __main__ |   SELECTION_METRIC = mAP50_95
2026-08-26 21:44:32 INFO  __main__ |   SPLIT_SEED = 42
2026-08-26 21:44:32 INFO  __main__ |   TRAIN_ROOT = /home/debian/Master-Thesis/data/synthetic_model_comparison/train
2026-08-26 21:44:32 INFO  __main__ |   USE_AMP = True
2026-08-26 21:44:32 INFO  __main__ |   USE_EMA = True
2026-08-26 21:44:32 INFO  __main__ |   VAL_FRACTION = 0.2
2026-08-26 21:44:32 INFO  __main__ |   WARMUP_EPOCHS = 3
2026-08-26 21:44:32 INFO  __main__ |   WEIGHT_DECAY = 0.0005
2026-08-26 21:44:32 INFO  __main__ |   dataset_size_test = 9742
2026-08-26 21:44:32 INFO  __main__ |   dataset_size_train = 960
2026-08-26 21:44:32 INFO  __main__ |   dataset_size_val = 240
2026-08-26 21:44:32 INFO  __main__ |   device = cuda
2026-08-26 21:44:32 INFO  __main__ |   epochs_actual = 200
2026-08-26 21:44:32 INFO  __main__ |   generator = gpt-image-2-low
2026-08-26 21:44:32 INFO  __main__ |   git_sha = 10b7aff6bb4a3b3158ca14642fdb2bef48669631
2026-08-26 21:44:32 INFO  __main__ |   prompt_regime = compressed
2026-08-26 21:44:32 INFO  __main__ |   resume_from = 
2026-08-26 21:44:32 INFO  __main__ |   run_seed = 44
2026-08-26 21:44:32 INFO  __main__ |   smoke = False
2026-08-26 21:44:32 INFO  __main__ |   weights_path = /home/debian/Master-Thesis/weights/yolo26n.pt
2026-08-26 21:44:33 INFO  scripts.synthetic_model_comparison.training.training_pipeline | output dir: /home/debian/Master-Thesis/scripts/synthetic_model_comparison/training/model_exports/yolo26n-gpt-image-2-low-compressed-seed44-20260826-214430 | selection_metric=mAP50_95 early_stop=True(patience=20, min_delta=0.001) ema=True amp=True
2026-08-26 21:44:33 INFO  scripts.synthetic_model_comparison.training.training_pipeline | starting training: ceiling=200 epochs | train_batches=15 val_batches=4 test_batches=153 | device=cuda
2026-08-26 21:44:33 INFO  scripts.synthetic_model_comparison.training.training_pipeline | epoch 1/200 — train start (lr=0.001, batches=15)
2026-08-26 21:44:56 INFO  scripts.synthetic_model_comparison.training.training_pipeline | epoch 1/200 — train done in 23.6s | avg loss_box=4.7607 loss_cls=35.4090 loss_dfl=0.1614 loss_total=1345.8595
2026-08-26 21:44:56 INFO  scripts.synthetic_model_comparison.training.evaluation | evaluating on 4 batches
2026-08-26 21:45:02 INFO  scripts.synthetic_model_comparison.training.training_pipeline | epoch 1/200 — val mAP50=0.0000 mAP50_95=0.0000 (selection mAP50_95=0.0000)
2026-08-26 21:45:03 INFO  scripts.synthetic_model_comparison.training.evaluation | mlflow: logged val/mAP50=0.0000 val/mAP50_95=0.0000 (step=0)
2026-08-26 21:45:03 INFO  scripts.synthetic_model_comparison.training.evaluation | mlflow: logged val per-class AP table (12 classes)
2026-08-26 21:45:03 INFO  scripts.synthetic_model_comparison.training.training_pipeline | saved checkpoint: /home/debian/Master-Thesis/scripts/synthetic_model_comparison/training/model_exports/yolo26n-gpt-image-2-low-compressed-seed44-20260826-214430/best.pt
2026-08-26 21:45:03 INFO  scripts.synthetic_model_comparison.training.training_pipeline | new best mAP50_95=0.0000 at epoch 1
2026-08-26 21:45:03 INFO  scripts.synthetic_model_comparison.training.training_pipeline | saved checkpoint: /home/debian/Master-Thesis/scripts/synthetic_model_comparison/training/model_exports/yolo26n-gpt-image-2-low-compressed-seed44-20260826-214430/last.pt
2026-08-26 21:45:04 INFO  scripts.synthetic_model_comparison.training.training_pipeline | epoch 1/200 done — next lr=0.00334338, epochs_since_improve=0/20
2026-08-26 21:45:04 INFO  scripts.synthetic_model_comparison.training.training_pipeline | epoch 2/200 — train start (lr=0.00334338, batches=15)
2026-08-26 21:45:16 INFO  scripts.synthetic_model_comparison.training.training_pipeline | epoch 2/200 — train done in 11.9s | avg loss_box=4.6417 loss_cls=34.5929 loss_dfl=0.1560 loss_total=1320.2141
2026-08-26 21:45:16 INFO  scripts.synthetic_model_comparison.training.evaluation | evaluating on 4 batches
2026-08-26 21:45:20 INFO  scripts.synthetic_model_comparison.training.training_pipeline | epoch 2/200 — val mAP50=0.0000 mAP50_95=0.0000 (selection mAP50_95=0.0000)
2026-08-26 21:45:21 INFO  scripts.synthetic_model_comparison.training.evaluation | mlflow: logged val/mAP50=0.0000 val/mAP50_95=0.0000 (step=1)
2026-08-26 21:45:21 INFO  scripts.synthetic_model_comparison.training.evaluation | mlflow: logged val per-class AP table (12 classes)
2026-08-26 21:45:22 INFO  scripts.synthetic_model_comparison.training.training_pipeline | saved checkpoint: /home/debian/Master-Thesis/scripts/synthetic_model_comparison/training/model_exports/yolo26n-gpt-image-2-low-compressed-seed44-20260826-214430/last.pt
2026-08-26 21:45:22 INFO  scripts.synthetic_model_comparison.training.training_pipeline | epoch 2/200 done — next lr=0.00793288, epochs_since_improve=0/20
2026-08-26 21:45:22 INFO  scripts.synthetic_model_comparison.training.training_pipeline | epoch 3/200 — train start (lr=0.00793288, batches=15)
2026-08-26 21:45:33 INFO  scripts.synthetic_model_comparison.training.training_pipeline | epoch 3/200 — train done in 11.3s | avg loss_box=4.4618 loss_cls=32.2419 loss_dfl=0.1507 loss_total=1239.8292
2026-08-26 21:45:33 INFO  scripts.synthetic_model_comparison.training.evaluation | evaluating on 4 batches
2026-08-26 21:45:38 INFO  scripts.synthetic_model_comparison.training.training_pipeline | epoch 3/200 — val mAP50=0.0000 mAP50_95=0.0000 (selection mAP50_95=0.0000)
2026-08-26 21:45:39 INFO  scripts.synthetic_model_comparison.training.evaluation | mlflow: logged val/mAP50=0.0000 val/mAP50_95=0.0000 (step=2)
2026-08-26 21:45:39 INFO  scripts.synthetic_model_comparison.training.evaluation | mlflow: logged val per-class AP table (12 classes)
2026-08-26 21:45:39 INFO  scripts.synthetic_model_comparison.training.training_pipeline | saved checkpoint: /home/debian/Master-Thesis/scripts/synthetic_model_comparison/training/model_exports/yolo26n-gpt-image-2-low-compressed-seed44-20260826-214430/last.pt
2026-08-26 21:45:40 INFO  scripts.synthetic_model_comparison.training.training_pipeline | epoch 3/200 done — next lr=0.01, epochs_since_improve=0/20
2026-08-26 21:45:40 INFO  scripts.synthetic_model_comparison.training.training_pipeline | epoch 4/200 — train start (lr=0.01, batches=15)
2026-08-26 21:45:48 INFO  scripts.synthetic_model_comparison.training.training_pipeline | step 50 | loss_box=4.4592 loss_cls=35.3284 loss_dfl=0.1542 loss_total=1272.8506 lr=0.00999986
2026-08-26 21:45:53 INFO  scripts.synthetic_model_comparison.training.training_pipeline | epoch 4/200 — train done in 13.6s | avg loss_box=4.2059 loss_cls=29.7111 loss_dfl=0.1417 loss_total=1157.2263
2026-08-26 21:45:53 INFO  scripts.synthetic_model_comparison.training.evaluation | evaluating on 4 batches
2026-08-26 21:45:58 INFO  scripts.synthetic_model_comparison.training.training_pipeline | epoch 4/200 — val mAP50=0.0000 mAP50_95=0.0000 (selection mAP50_95=0.0000)
2026-08-26 21:45:59 INFO  scripts.synthetic_model_comparison.training.evaluation | mlflow: logged val/mAP50=0.0000 val/mAP50_95=0.0000 (step=3)
2026-08-26 21:45:59 INFO  scripts.synthetic_model_comparison.training.evaluation | mlflow: logged val per-class AP table (12 classes)
2026-08-26 21:45:59 INFO  scripts.synthetic_model_comparison.training.training_pipeline | saved checkpoint: /home/debian/Master-Thesis/scripts/synthetic_model_comparison/training/model_exports/yolo26n-gpt-image-2-low-compressed-seed44-20260826-214430/last.pt
2026-08-26 21:46:00 INFO  scripts.synthetic_model_comparison.training.training_pipeline | epoch 4/200 done — next lr=0.00999928, epochs_since_improve=1/20
2026-08-26 21:46:00 INFO  scripts.synthetic_model_comparison.training.training_pipeline | epoch 5/200 — train start (lr=0.00999928, batches=15)
2026-08-26 21:46:12 INFO  scripts.synthetic_model_comparison.training.training_pipeline | epoch 5/200 — train done in 11.8s | avg loss_box=3.5220 loss_cls=20.8098 loss_dfl=0.1227 loss_total=894.7386
2026-08-26 21:46:12 INFO  scripts.synthetic_model_comparison.training.evaluation | evaluating on 4 batches
2026-08-26 21:46:17 INFO  scripts.synthetic_model_comparison.training.training_pipeline | epoch 5/200 — val mAP50=0.0000 mAP50_95=0.0000 (selection mAP50_95=0.0000)
2026-08-26 21:46:17 INFO  scripts.synthetic_model_comparison.training.evaluation | mlflow: logged val/mAP50=0.0000 val/mAP50_95=0.0000 (step=4)
2026-08-26 21:46:18 INFO  scripts.synthetic_model_comparison.training.evaluation | mlflow: logged val per-class AP table (12 classes)
2026-08-26 21:46:18 INFO  scripts.synthetic_model_comparison.training.training_pipeline | saved checkpoint: /home/debian/Master-Thesis/scripts/synthetic_model_comparison/training/model_exports/yolo26n-gpt-image-2-low-compressed-seed44-20260826-214430/last.pt
2026-08-26 21:46:18 INFO  scripts.synthetic_model_comparison.training.training_pipeline | epoch 5/200 done — next lr=0.00999729, epochs_since_improve=2/20
2026-08-26 21:46:18 INFO  scripts.synthetic_model_comparison.training.training_pipeline | epoch 6/200 — train start (lr=0.00999729, batches=15)
2026-08-26 21:46:30 INFO  scripts.synthetic_model_comparison.training.training_pipeline | epoch 6/200 — train done in 11.7s | avg loss_box=3.0453 loss_cls=13.2127 loss_dfl=0.1049 loss_total=662.4118
2026-08-26 21:46:30 INFO  scripts.synthetic_model_comparison.training.evaluation | evaluating on 4 batches
2026-08-26 21:46:35 INFO  scripts.synthetic_model_comparison.training.training_pipeline | epoch 6/200 — val mAP50=0.0000 mAP50_95=0.0000 (selection mAP50_95=0.0000)
2026-08-26 21:46:36 INFO  scripts.synthetic_model_comparison.training.evaluation | mlflow: logged val/mAP50=0.0000 val/mAP50_95=0.0000 (step=5)
2026-08-26 21:46:36 INFO  scripts.synthetic_model_comparison.training.evaluation | mlflow: logged val per-class AP table (12 classes)
2026-08-26 21:46:36 INFO  scripts.synthetic_model_comparison.training.training_pipeline | saved checkpoint: /home/debian/Master-Thesis/scripts/synthetic_model_comparison/training/model_exports/yolo26n-gpt-image-2-low-compressed-seed44-20260826-214430/last.pt
2026-08-26 21:46:36 INFO  scripts.synthetic_model_comparison.training.training_pipeline | epoch 6/200 done — next lr=0.00999403, epochs_since_improve=3/20
2026-08-26 21:46:36 INFO  scripts.synthetic_model_comparison.training.training_pipeline | epoch 7/200 — train start (lr=0.00999403, batches=15)
2026-08-26 21:46:47 INFO  scripts.synthetic_model_comparison.training.training_pipeline | step 100 | loss_box=2.6568 loss_cls=8.9095 loss_dfl=0.0907 loss_total=519.4417 lr=0.00999083
2026-08-26 21:46:50 INFO  scripts.synthetic_model_comparison.training.training_pipeline | epoch 7/200 — train done in 13.8s | avg loss_box=2.6330 loss_cls=9.2055 loss_dfl=0.0913 loss_total=539.3080
2026-08-26 21:46:50 INFO  scripts.synthetic_model_comparison.training.evaluation | evaluating on 4 batches
2026-08-26 21:46:55 INFO  scripts.synthetic_model_comparison.training.training_pipeline | epoch 7/200 — val mAP50=0.0102 mAP50_95=0.0022 (selection mAP50_95=0.0022)
2026-08-26 21:46:56 INFO  scripts.synthetic_model_comparison.training.evaluation | mlflow: logged val/mAP50=0.0102 val/mAP50_95=0.0022 (step=6)
2026-08-26 21:46:56 INFO  scripts.synthetic_model_comparison.training.evaluation | mlflow: logged val per-class AP table (12 classes)
2026-08-26 21:46:56 INFO  scripts.synthetic_model_comparison.training.training_pipeline | saved checkpoint: /home/debian/Master-Thesis/scripts/synthetic_model_comparison/training/model_exports/yolo26n-gpt-image-2-low-compressed-seed44-20260826-214430/best.pt
2026-08-26 21:46:56 INFO  scripts.synthetic_model_comparison.training.training_pipeline | new best mAP50_95=0.0022 at epoch 7
2026-08-26 21:46:57 INFO  scripts.synthetic_model_comparison.training.training_pipeline | saved checkpoint: /home/debian/Master-Thesis/scripts/synthetic_model_comparison/training/model_exports/yolo26n-gpt-image-2-low-compressed-seed44-20260826-214430/last.pt
2026-08-26 21:46:57 INFO  scripts.synthetic_model_comparison.training.training_pipeline | epoch 7/200 done — next lr=0.0099895, epochs_since_improve=0/20
2026-08-26 21:46:57 INFO  scripts.synthetic_model_comparison.training.training_pipeline | epoch 8/200 — train start (lr=0.0099895, batches=15)
2026-08-26 21:47:09 INFO  scripts.synthetic_model_comparison.training.training_pipeline | epoch 8/200 — train done in 11.9s | avg loss_box=2.3571 loss_cls=7.2958 loss_dfl=0.0804 loss_total=465.9500
2026-08-26 21:47:09 INFO  scripts.synthetic_model_comparison.training.evaluation | evaluating on 4 batches
2026-08-26 21:47:14 INFO  scripts.synthetic_model_comparison.training.training_pipeline | epoch 8/200 — val mAP50=0.0303 mAP50_95=0.0116 (selection mAP50_95=0.0116)
2026-08-26 21:47:15 INFO  scripts.synthetic_model_comparison.training.evaluation | mlflow: logged val/mAP50=0.0303 val/mAP50_95=0.0116 (step=7)
2026-08-26 21:47:16 INFO  scripts.synthetic_model_comparison.training.evaluation | mlflow: logged val per-class AP table (12 classes)
2026-08-26 21:47:16 INFO  scripts.synthetic_model_comparison.training.training_pipeline | saved checkpoint: /home/debian/Master-Thesis/scripts/synthetic_model_comparison/training/model_exports/yolo26n-gpt-image-2-low-compressed-seed44-20260826-214430/best.pt
2026-08-26 21:47:16 INFO  scripts.synthetic_model_comparison.training.training_pipeline | new best mAP50_95=0.0116 at epoch 8
2026-08-26 21:47:16 INFO  scripts.synthetic_model_comparison.training.training_pipeline | saved checkpoint: /home/debian/Master-Thesis/scripts/synthetic_model_comparison/training/model_exports/yolo26n-gpt-image-2-low-compressed-seed44-20260826-214430/last.pt
2026-08-26 21:47:16 INFO  scripts.synthetic_model_comparison.training.training_pipeline | epoch 8/200 done — next lr=0.0099837, epochs_since_improve=0/20
2026-08-26 21:47:16 INFO  scripts.synthetic_model_comparison.training.training_pipeline | epoch 9/200 — train start (lr=0.0099837, batches=15)
2026-08-26 21:47:28 INFO  scripts.synthetic_model_comparison.training.training_pipeline | epoch 9/200 — train done in 11.9s | avg loss_box=2.2140 loss_cls=6.1413 loss_dfl=0.0734 loss_total=416.1378
2026-08-26 21:47:28 INFO  scripts.synthetic_model_comparison.training.evaluation | evaluating on 4 batches
2026-08-26 21:47:34 INFO  scripts.synthetic_model_comparison.training.training_pipeline | epoch 9/200 — val mAP50=0.1121 mAP50_95=0.0268 (selection mAP50_95=0.0268)
2026-08-26 21:47:34 INFO  scripts.synthetic_model_comparison.training.evaluation | mlflow: logged val/mAP50=0.1121 val/mAP50_95=0.0268 (step=8)
2026-08-26 21:47:35 INFO  scripts.synthetic_model_comparison.training.evaluation | mlflow: logged val per-class AP table (12 classes)
2026-08-26 21:47:35 INFO  scripts.synthetic_model_comparison.training.training_pipeline | saved checkpoint: /home/debian/Master-Thesis/scripts/synthetic_model_comparison/training/model_exports/yolo26n-gpt-image-2-low-compressed-seed44-20260826-214430/best.pt
2026-08-26 21:47:35 INFO  scripts.synthetic_model_comparison.training.training_pipeline | new best mAP50_95=0.0268 at epoch 9
2026-08-26 21:47:35 INFO  scripts.synthetic_model_comparison.training.training_pipeline | saved checkpoint: /home/debian/Master-Thesis/scripts/synthetic_model_comparison/training/model_exports/yolo26n-gpt-image-2-low-compressed-seed44-20260826-214430/last.pt
2026-08-26 21:47:35 INFO  scripts.synthetic_model_comparison.training.training_pipeline | epoch 9/200 done — next lr=0.00997664, epochs_since_improve=0/20
2026-08-26 21:47:35 INFO  scripts.synthetic_model_comparison.training.training_pipeline | epoch 10/200 — train start (lr=0.00997664, batches=15)
2026-08-26 21:47:48 INFO  scripts.synthetic_model_comparison.training.training_pipeline | epoch 10/200 — train done in 12.2s | avg loss_box=2.0608 loss_cls=5.3187 loss_dfl=0.0683 loss_total=379.4239
2026-08-26 21:47:48 INFO  scripts.synthetic_model_comparison.training.evaluation | evaluating on 4 batches
2026-08-26 21:47:53 INFO  scripts.synthetic_model_comparison.training.training_pipeline | epoch 10/200 — val mAP50=0.1611 mAP50_95=0.0439 (selection mAP50_95=0.0439)
2026-08-26 21:47:54 INFO  scripts.synthetic_model_comparison.training.evaluation | mlflow: logged val/mAP50=0.1611 val/mAP50_95=0.0439 (step=9)
2026-08-26 21:47:54 INFO  scripts.synthetic_model_comparison.training.evaluation | mlflow: logged val per-class AP table (12 classes)
2026-08-26 21:47:54 INFO  scripts.synthetic_model_comparison.training.training_pipeline | saved checkpoint: /home/debian/Master-Thesis/scripts/synthetic_model_comparison/training/model_exports/yolo26n-gpt-image-2-low-compressed-seed44-20260826-214430/best.pt
2026-08-26 21:47:54 INFO  scripts.synthetic_model_comparison.training.training_pipeline | new best mAP50_95=0.0439 at epoch 10
2026-08-26 21:47:54 INFO  scripts.synthetic_model_comparison.training.training_pipeline | saved checkpoint: /home/debian/Master-Thesis/scripts/synthetic_model_comparison/training/model_exports/yolo26n-gpt-image-2-low-compressed-seed44-20260826-214430/last.pt
2026-08-26 21:47:55 INFO  scripts.synthetic_model_comparison.training.training_pipeline | epoch 10/200 done — next lr=0.00996832, epochs_since_improve=0/20
2026-08-26 21:47:55 INFO  scripts.synthetic_model_comparison.training.training_pipeline | epoch 11/200 — train start (lr=0.00996832, batches=15)
2026-08-26 21:48:01 INFO  scripts.synthetic_model_comparison.training.training_pipeline | step 150 | loss_box=2.2353 loss_cls=4.9460 loss_dfl=0.0750 loss_total=389.5448 lr=0.00996772
2026-08-26 21:48:08 INFO  scripts.synthetic_model_comparison.training.training_pipeline | epoch 11/200 — train done in 13.2s | avg loss_box=1.9939 loss_cls=4.6883 loss_dfl=0.0651 loss_total=351.5558
2026-08-26 21:48:08 INFO  scripts.synthetic_model_comparison.training.evaluation | evaluating on 4 batches
2026-08-26 21:48:14 INFO  scripts.synthetic_model_comparison.training.training_pipeline | epoch 11/200 — val mAP50=0.2107 mAP50_95=0.0644 (selection mAP50_95=0.0644)
2026-08-26 21:48:14 INFO  scripts.synthetic_model_comparison.training.evaluation | mlflow: logged val/mAP50=0.2107 val/mAP50_95=0.0644 (step=10)
2026-08-26 21:48:15 INFO  scripts.synthetic_model_comparison.training.evaluation | mlflow: logged val per-class AP table (12 classes)
2026-08-26 21:48:15 INFO  scripts.synthetic_model_comparison.training.training_pipeline | saved checkpoint: /home/debian/Master-Thesis/scripts/synthetic_model_comparison/training/model_exports/yolo26n-gpt-image-2-low-compressed-seed44-20260826-214430/best.pt
2026-08-26 21:48:15 INFO  scripts.synthetic_model_comparison.training.training_pipeline | new best mAP50_95=0.0644 at epoch 11
2026-08-26 21:48:15 INFO  scripts.synthetic_model_comparison.training.training_pipeline | saved checkpoint: /home/debian/Master-Thesis/scripts/synthetic_model_comparison/training/model_exports/yolo26n-gpt-image-2-low-compressed-seed44-20260826-214430/last.pt
2026-08-26 21:48:15 INFO  scripts.synthetic_model_comparison.training.training_pipeline | epoch 11/200 done — next lr=0.00995873, epochs_since_improve=0/20
2026-08-26 21:48:15 INFO  scripts.synthetic_model_comparison.training.training_pipeline | epoch 12/200 — train start (lr=0.00995873, batches=15)
2026-08-26 21:48:27 INFO  scripts.synthetic_model_comparison.training.training_pipeline | epoch 12/200 — train done in 11.4s | avg loss_box=1.9203 loss_cls=4.1838 loss_dfl=0.0624 loss_total=325.1063
2026-08-26 21:48:27 INFO  scripts.synthetic_model_comparison.training.evaluation | evaluating on 4 batches
2026-08-26 21:48:33 INFO  scripts.synthetic_model_comparison.training.training_pipeline | epoch 12/200 — val mAP50=0.2554 mAP50_95=0.1034 (selection mAP50_95=0.1034)
2026-08-26 21:48:33 INFO  scripts.synthetic_model_comparison.training.evaluation | mlflow: logged val/mAP50=0.2554 val/mAP50_95=0.1034 (step=11)
2026-08-26 21:48:34 INFO  scripts.synthetic_model_comparison.training.evaluation | mlflow: logged val per-class AP table (12 classes)
2026-08-26 21:48:34 INFO  scripts.synthetic_model_comparison.training.training_pipeline | saved checkpoint: /home/debian/Master-Thesis/scripts/synthetic_model_comparison/training/model_exports/yolo26n-gpt-image-2-low-compressed-seed44-20260826-214430/best.pt
2026-08-26 21:48:34 INFO  scripts.synthetic_model_comparison.training.training_pipeline | new best mAP50_95=0.1034 at epoch 12
2026-08-26 21:48:34 INFO  scripts.synthetic_model_comparison.training.training_pipeline | saved checkpoint: /home/debian/Master-Thesis/scripts/synthetic_model_comparison/training/model_exports/yolo26n-gpt-image-2-low-compressed-seed44-20260826-214430/last.pt
2026-08-26 21:48:34 INFO  scripts.synthetic_model_comparison.training.training_pipeline | epoch 12/200 done — next lr=0.00994788, epochs_since_improve=0/20
2026-08-26 21:48:34 INFO  scripts.synthetic_model_comparison.training.training_pipeline | epoch 13/200 — train start (lr=0.00994788, batches=15)
2026-08-26 21:48:46 INFO  scripts.synthetic_model_comparison.training.training_pipeline | epoch 13/200 — train done in 11.7s | avg loss_box=1.8694 loss_cls=3.7229 loss_dfl=0.0599 loss_total=302.8796
2026-08-26 21:48:46 INFO  scripts.synthetic_model_comparison.training.evaluation | evaluating on 4 batches
2026-08-26 21:48:52 INFO  scripts.synthetic_model_comparison.training.training_pipeline | epoch 13/200 — val mAP50=0.2824 mAP50_95=0.0986 (selection mAP50_95=0.0986)
2026-08-26 21:48:52 INFO  scripts.synthetic_model_comparison.training.evaluation | mlflow: logged val/mAP50=0.2824 val/mAP50_95=0.0986 (step=12)
2026-08-26 21:48:53 INFO  scripts.synthetic_model_comparison.training.evaluation | mlflow: logged val per-class AP table (12 classes)
2026-08-26 21:48:53 INFO  scripts.synthetic_model_comparison.training.training_pipeline | saved checkpoint: /home/debian/Master-Thesis/scripts/synthetic_model_comparison/training/model_exports/yolo26n-gpt-image-2-low-compressed-seed44-20260826-214430/last.pt
2026-08-26 21:48:53 INFO  scripts.synthetic_model_comparison.training.training_pipeline | epoch 13/200 done — next lr=0.00993577, epochs_since_improve=1/20
2026-08-26 21:48:53 INFO  scripts.synthetic_model_comparison.training.training_pipeline | epoch 14/200 — train start (lr=0.00993577, batches=15)
2026-08-26 21:49:02 INFO  scripts.synthetic_model_comparison.training.training_pipeline | step 200 | loss_box=1.9345 loss_cls=3.4922 loss_dfl=0.0694 loss_total=287.6643 lr=0.00993058
2026-08-26 21:49:07 INFO  scripts.synthetic_model_comparison.training.training_pipeline | epoch 14/200 — train done in 13.3s | avg loss_box=1.8211 loss_cls=3.4234 loss_dfl=0.0591 loss_total=284.5533
2026-08-26 21:49:07 INFO  scripts.synthetic_model_comparison.training.evaluation | evaluating on 4 batches
2026-08-26 21:49:12 INFO  scripts.synthetic_model_comparison.training.training_pipeline | epoch 14/200 — val mAP50=0.3366 mAP50_95=0.1328 (selection mAP50_95=0.1328)
2026-08-26 21:49:13 INFO  scripts.synthetic_model_comparison.training.evaluation | mlflow: logged val/mAP50=0.3366 val/mAP50_95=0.1328 (step=13)
2026-08-26 21:49:13 INFO  scripts.synthetic_model_comparison.training.evaluation | mlflow: logged val per-class AP table (12 classes)
2026-08-26 21:49:13 INFO  scripts.synthetic_model_comparison.training.training_pipeline | saved checkpoint: /home/debian/Master-Thesis/scripts/synthetic_model_comparison/training/model_exports/yolo26n-gpt-image-2-low-compressed-seed44-20260826-214430/best.pt
2026-08-26 21:49:13 INFO  scripts.synthetic_model_comparison.training.training_pipeline | new best mAP50_95=0.1328 at epoch 14
2026-08-26 21:49:14 INFO  scripts.synthetic_model_comparison.training.training_pipeline | saved checkpoint: /home/debian/Master-Thesis/scripts/synthetic_model_comparison/training/model_exports/yolo26n-gpt-image-2-low-compressed-seed44-20260826-214430/last.pt
2026-08-26 21:49:14 INFO  scripts.synthetic_model_comparison.training.training_pipeline | epoch 14/200 done — next lr=0.00992241, epochs_since_improve=0/20
2026-08-26 21:49:14 INFO  scripts.synthetic_model_comparison.training.training_pipeline | epoch 15/200 — train start (lr=0.00992241, batches=15)
2026-08-26 21:49:25 INFO  scripts.synthetic_model_comparison.training.training_pipeline | epoch 15/200 — train done in 11.2s | avg loss_box=1.7846 loss_cls=3.1416 loss_dfl=0.0568 loss_total=272.1985
2026-08-26 21:49:25 INFO  scripts.synthetic_model_comparison.training.evaluation | evaluating on 4 batches
2026-08-26 21:49:31 INFO  scripts.synthetic_model_comparison.training.training_pipeline | epoch 15/200 — val mAP50=0.4874 mAP50_95=0.2297 (selection mAP50_95=0.2297)
2026-08-26 21:49:32 INFO  scripts.synthetic_model_comparison.training.evaluation | mlflow: logged val/mAP50=0.4874 val/mAP50_95=0.2297 (step=14)
2026-08-26 21:49:32 INFO  scripts.synthetic_model_comparison.training.evaluation | mlflow: logged val per-class AP table (12 classes)
2026-08-26 21:49:32 INFO  scripts.synthetic_model_comparison.training.training_pipeline | saved checkpoint: /home/debian/Master-Thesis/scripts/synthetic_model_comparison/training/model_exports/yolo26n-gpt-image-2-low-compressed-seed44-20260826-214430/best.pt
2026-08-26 21:49:32 INFO  scripts.synthetic_model_comparison.training.training_pipeline | new best mAP50_95=0.2297 at epoch 15
2026-08-26 21:49:32 INFO  scripts.synthetic_model_comparison.training.training_pipeline | saved checkpoint: /home/debian/Master-Thesis/scripts/synthetic_model_comparison/training/model_exports/yolo26n-gpt-image-2-low-compressed-seed44-20260826-214430/last.pt
2026-08-26 21:49:33 INFO  scripts.synthetic_model_comparison.training.training_pipeline | epoch 15/200 done — next lr=0.00990781, epochs_since_improve=0/20
2026-08-26 21:49:33 INFO  scripts.synthetic_model_comparison.training.training_pipeline | epoch 16/200 — train start (lr=0.00990781, batches=15)
2026-08-26 21:49:44 INFO  scripts.synthetic_model_comparison.training.training_pipeline | epoch 16/200 — train done in 11.6s | avg loss_box=1.7404 loss_cls=2.9025 loss_dfl=0.0555 loss_total=256.9939
2026-08-26 21:49:44 INFO  scripts.synthetic_model_comparison.training.evaluation | evaluating on 4 batches
2026-08-26 21:49:50 INFO  scripts.synthetic_model_comparison.training.training_pipeline | epoch 16/200 — val mAP50=0.4251 mAP50_95=0.1713 (selection mAP50_95=0.1713)
2026-08-26 21:49:51 INFO  scripts.synthetic_model_comparison.training.evaluation | mlflow: logged val/mAP50=0.4251 val/mAP50_95=0.1713 (step=15)
2026-08-26 21:49:51 INFO  scripts.synthetic_model_comparison.training.evaluation | mlflow: logged val per-class AP table (12 classes)
2026-08-26 21:49:52 INFO  scripts.synthetic_model_comparison.training.training_pipeline | saved checkpoint: /home/debian/Master-Thesis/scripts/synthetic_model_comparison/training/model_exports/yolo26n-gpt-image-2-low-compressed-seed44-20260826-214430/last.pt
2026-08-26 21:49:52 INFO  scripts.synthetic_model_comparison.training.training_pipeline | epoch 16/200 done — next lr=0.00989195, epochs_since_improve=1/20
2026-08-26 21:49:52 INFO  scripts.synthetic_model_comparison.training.training_pipeline | epoch 17/200 — train start (lr=0.00989195, batches=15)
2026-08-26 21:50:02 INFO  scripts.synthetic_model_comparison.training.training_pipeline | step 250 | loss_box=1.6923 loss_cls=2.7411 loss_dfl=0.0533 loss_total=244.6116 lr=0.00987953
2026-08-26 21:50:05 INFO  scripts.synthetic_model_comparison.training.training_pipeline | epoch 17/200 — train done in 13.3s | avg loss_box=1.6970 loss_cls=2.7084 loss_dfl=0.0528 loss_total=247.0344
2026-08-26 21:50:05 INFO  scripts.synthetic_model_comparison.training.evaluation | evaluating on 4 batches
2026-08-26 21:50:11 INFO  scripts.synthetic_model_comparison.training.training_pipeline | epoch 17/200 — val mAP50=0.4083 mAP50_95=0.1671 (selection mAP50_95=0.1671)
2026-08-26 21:50:11 INFO  scripts.synthetic_model_comparison.training.evaluation | mlflow: logged val/mAP50=0.4083 val/mAP50_95=0.1671 (step=16)
2026-08-26 21:50:12 INFO  scripts.synthetic_model_comparison.training.evaluation | mlflow: logged val per-class AP table (12 classes)
2026-08-26 21:50:12 INFO  scripts.synthetic_model_comparison.training.training_pipeline | saved checkpoint: /home/debian/Master-Thesis/scripts/synthetic_model_comparison/training/model_exports/yolo26n-gpt-image-2-low-compressed-seed44-20260826-214430/last.pt
2026-08-26 21:50:12 INFO  scripts.synthetic_model_comparison.training.training_pipeline | epoch 17/200 done — next lr=0.00987485, epochs_since_improve=2/20
2026-08-26 21:50:12 INFO  scripts.synthetic_model_comparison.training.training_pipeline | epoch 18/200 — train start (lr=0.00987485, batches=15)
2026-08-26 21:50:25 INFO  scripts.synthetic_model_comparison.training.training_pipeline | epoch 18/200 — train done in 12.4s | avg loss_box=1.6505 loss_cls=2.5833 loss_dfl=0.0519 loss_total=239.7966
2026-08-26 21:50:25 INFO  scripts.synthetic_model_comparison.training.evaluation | evaluating on 4 batches
2026-08-26 21:50:30 INFO  scripts.synthetic_model_comparison.training.training_pipeline | epoch 18/200 — val mAP50=0.4172 mAP50_95=0.1521 (selection mAP50_95=0.1521)
2026-08-26 21:50:31 INFO  scripts.synthetic_model_comparison.training.evaluation | mlflow: logged val/mAP50=0.4172 val/mAP50_95=0.1521 (step=17)
2026-08-26 21:50:31 INFO  scripts.synthetic_model_comparison.training.evaluation | mlflow: logged val per-class AP table (12 classes)
2026-08-26 21:50:32 INFO  scripts.synthetic_model_comparison.training.training_pipeline | saved checkpoint: /home/debian/Master-Thesis/scripts/synthetic_model_comparison/training/model_exports/yolo26n-gpt-image-2-low-compressed-seed44-20260826-214430/last.pt
2026-08-26 21:50:32 INFO  scripts.synthetic_model_comparison.training.training_pipeline | epoch 18/200 done — next lr=0.00985651, epochs_since_improve=3/20
2026-08-26 21:50:32 INFO  scripts.synthetic_model_comparison.training.training_pipeline | epoch 19/200 — train start (lr=0.00985651, batches=15)
2026-08-26 21:50:44 INFO  scripts.synthetic_model_comparison.training.training_pipeline | epoch 19/200 — train done in 12.2s | avg loss_box=1.6267 loss_cls=2.4285 loss_dfl=0.0504 loss_total=230.2717
2026-08-26 21:50:44 INFO  scripts.synthetic_model_comparison.training.evaluation | evaluating on 4 batches
2026-08-26 21:50:50 INFO  scripts.synthetic_model_comparison.training.training_pipeline | epoch 19/200 — val mAP50=0.5042 mAP50_95=0.1949 (selection mAP50_95=0.1949)
2026-08-26 21:50:51 INFO  scripts.synthetic_model_comparison.training.evaluation | mlflow: logged val/mAP50=0.5042 val/mAP50_95=0.1949 (step=18)
2026-08-26 21:50:51 INFO  scripts.synthetic_model_comparison.training.evaluation | mlflow: logged val per-class AP table (12 classes)
2026-08-26 21:50:51 INFO  scripts.synthetic_model_comparison.training.training_pipeline | saved checkpoint: /home/debian/Master-Thesis/scripts/synthetic_model_comparison/training/model_exports/yolo26n-gpt-image-2-low-compressed-seed44-20260826-214430/last.pt
2026-08-26 21:50:52 INFO  scripts.synthetic_model_comparison.training.training_pipeline | epoch 19/200 done — next lr=0.00983694, epochs_since_improve=4/20
2026-08-26 21:50:52 INFO  scripts.synthetic_model_comparison.training.training_pipeline | epoch 20/200 — train start (lr=0.00983694, batches=15)
2026-08-26 21:51:04 INFO  scripts.synthetic_model_comparison.training.training_pipeline | epoch 20/200 — train done in 12.2s | avg loss_box=1.5909 loss_cls=2.3035 loss_dfl=0.0499 loss_total=223.4805
2026-08-26 21:51:04 INFO  scripts.synthetic_model_comparison.training.evaluation | evaluating on 4 batches
2026-08-26 21:51:09 INFO  scripts.synthetic_model_comparison.training.training_pipeline | epoch 20/200 — val mAP50=0.3610 mAP50_95=0.1567 (selection mAP50_95=0.1567)
2026-08-26 21:51:10 INFO  scripts.synthetic_model_comparison.training.evaluation | mlflow: logged val/mAP50=0.3610 val/mAP50_95=0.1567 (step=19)
2026-08-26 21:51:11 INFO  scripts.synthetic_model_comparison.training.evaluation | mlflow: logged val per-class AP table (12 classes)
2026-08-26 21:51:11 INFO  scripts.synthetic_model_comparison.training.training_pipeline | saved checkpoint: /home/debian/Master-Thesis/scripts/synthetic_model_comparison/training/model_exports/yolo26n-gpt-image-2-low-compressed-seed44-20260826-214430/last.pt
2026-08-26 21:51:11 INFO  scripts.synthetic_model_comparison.training.training_pipeline | epoch 20/200 done — next lr=0.00981614, epochs_since_improve=5/20
2026-08-26 21:51:11 INFO  scripts.synthetic_model_comparison.training.training_pipeline | epoch 21/200 — train start (lr=0.00981614, batches=15)
2026-08-26 21:51:18 INFO  scripts.synthetic_model_comparison.training.training_pipeline | step 300 | loss_box=1.6580 loss_cls=2.2240 loss_dfl=0.0503 loss_total=219.3748 lr=0.00981471
2026-08-26 21:51:25 INFO  scripts.synthetic_model_comparison.training.training_pipeline | epoch 21/200 — train done in 13.8s | avg loss_box=1.6061 loss_cls=2.2212 loss_dfl=0.0497 loss_total=220.6376
2026-08-26 21:51:25 INFO  scripts.synthetic_model_comparison.training.evaluation | evaluating on 4 batches
2026-08-26 21:51:30 INFO  scripts.synthetic_model_comparison.training.training_pipeline | epoch 21/200 — val mAP50=0.5279 mAP50_95=0.2950 (selection mAP50_95=0.2950)
2026-08-26 21:51:31 INFO  scripts.synthetic_model_comparison.training.evaluation | mlflow: logged val/mAP50=0.5279 val/mAP50_95=0.2950 (step=20)
2026-08-26 21:51:31 INFO  scripts.synthetic_model_comparison.training.evaluation | mlflow: logged val per-class AP table (12 classes)
2026-08-26 21:51:31 INFO  scripts.synthetic_model_comparison.training.training_pipeline | saved checkpoint: /home/debian/Master-Thesis/scripts/synthetic_model_comparison/training/model_exports/yolo26n-gpt-image-2-low-compressed-seed44-20260826-214430/best.pt
2026-08-26 21:51:31 INFO  scripts.synthetic_model_comparison.training.training_pipeline | new best mAP50_95=0.2950 at epoch 21
2026-08-26 21:51:32 INFO  scripts.synthetic_model_comparison.training.training_pipeline | saved checkpoint: /home/debian/Master-Thesis/scripts/synthetic_model_comparison/training/model_exports/yolo26n-gpt-image-2-low-compressed-seed44-20260826-214430/last.pt
2026-08-26 21:51:32 INFO  scripts.synthetic_model_comparison.training.training_pipeline | epoch 21/200 done — next lr=0.00979412, epochs_since_improve=0/20
2026-08-26 21:51:32 INFO  scripts.synthetic_model_comparison.training.training_pipeline | epoch 22/200 — train start (lr=0.00979412, batches=15)
2026-08-26 21:51:44 INFO  scripts.synthetic_model_comparison.training.training_pipeline | epoch 22/200 — train done in 12.1s | avg loss_box=1.5730 loss_cls=2.1292 loss_dfl=0.0493 loss_total=213.8910
2026-08-26 21:51:44 INFO  scripts.synthetic_model_comparison.training.evaluation | evaluating on 4 batches
2026-08-26 21:51:50 INFO  scripts.synthetic_model_comparison.training.training_pipeline | epoch 22/200 — val mAP50=0.5771 mAP50_95=0.3142 (selection mAP50_95=0.3142)
2026-08-26 21:51:51 INFO  scripts.synthetic_model_comparison.training.evaluation | mlflow: logged val/mAP50=0.5771 val/mAP50_95=0.3142 (step=21)
2026-08-26 21:51:51 INFO  scripts.synthetic_model_comparison.training.evaluation | mlflow: logged val per-class AP table (12 classes)
2026-08-26 21:51:51 INFO  scripts.synthetic_model_comparison.training.training_pipeline | saved checkpoint: /home/debian/Master-Thesis/scripts/synthetic_model_comparison/training/model_exports/yolo26n-gpt-image-2-low-compressed-seed44-20260826-214430/best.pt
2026-08-26 21:51:51 INFO  scripts.synthetic_model_comparison.training.training_pipeline | new best mAP50_95=0.3142 at epoch 22
2026-08-26 21:51:51 INFO  scripts.synthetic_model_comparison.training.training_pipeline | saved checkpoint: /home/debian/Master-Thesis/scripts/synthetic_model_comparison/training/model_exports/yolo26n-gpt-image-2-low-compressed-seed44-20260826-214430/last.pt
2026-08-26 21:51:52 INFO  scripts.synthetic_model_comparison.training.training_pipeline | epoch 22/200 done — next lr=0.00977087, epochs_since_improve=0/20
2026-08-26 21:51:52 INFO  scripts.synthetic_model_comparison.training.training_pipeline | epoch 23/200 — train start (lr=0.00977087, batches=15)
2026-08-26 21:52:04 INFO  scripts.synthetic_model_comparison.training.training_pipeline | epoch 23/200 — train done in 11.9s | avg loss_box=1.5159 loss_cls=2.0520 loss_dfl=0.0465 loss_total=202.8992
2026-08-26 21:52:04 INFO  scripts.synthetic_model_comparison.training.evaluation | evaluating on 4 batches
2026-08-26 21:52:10 INFO  scripts.synthetic_model_comparison.training.training_pipeline | epoch 23/200 — val mAP50=0.5826 mAP50_95=0.2931 (selection mAP50_95=0.2931)
2026-08-26 21:52:10 INFO  scripts.synthetic_model_comparison.training.evaluation | mlflow: logged val/mAP50=0.5826 val/mAP50_95=0.2931 (step=22)
2026-08-26 21:52:11 INFO  scripts.synthetic_model_comparison.training.evaluation | mlflow: logged val per-class AP table (12 classes)
2026-08-26 21:52:11 INFO  scripts.synthetic_model_comparison.training.training_pipeline | saved checkpoint: /home/debian/Master-Thesis/scripts/synthetic_model_comparison/training/model_exports/yolo26n-gpt-image-2-low-compressed-seed44-20260826-214430/last.pt
2026-08-26 21:52:11 INFO  scripts.synthetic_model_comparison.training.training_pipeline | epoch 23/200 done — next lr=0.00974642, epochs_since_improve=1/20
2026-08-26 21:52:11 INFO  scripts.synthetic_model_comparison.training.training_pipeline | epoch 24/200 — train start (lr=0.00974642, batches=15)
2026-08-26 21:52:20 INFO  scripts.synthetic_model_comparison.training.training_pipeline | step 350 | loss_box=1.4694 loss_cls=1.9554 loss_dfl=0.0440 loss_total=199.3884 lr=0.0097363
2026-08-26 21:52:25 INFO  scripts.synthetic_model_comparison.training.training_pipeline | epoch 24/200 — train done in 13.7s | avg loss_box=1.5190 loss_cls=1.9702 loss_dfl=0.0468 loss_total=201.0407
2026-08-26 21:52:25 INFO  scripts.synthetic_model_comparison.training.evaluation | evaluating on 4 batches
2026-08-26 21:52:31 INFO  scripts.synthetic_model_comparison.training.training_pipeline | epoch 24/200 — val mAP50=0.5948 mAP50_95=0.2940 (selection mAP50_95=0.2940)
2026-08-26 21:52:31 INFO  scripts.synthetic_model_comparison.training.evaluation | mlflow: logged val/mAP50=0.5948 val/mAP50_95=0.2940 (step=23)
2026-08-26 21:52:32 INFO  scripts.synthetic_model_comparison.training.evaluation | mlflow: logged val per-class AP table (12 classes)
2026-08-26 21:52:32 INFO  scripts.synthetic_model_comparison.training.training_pipeline | saved checkpoint: /home/debian/Master-Thesis/scripts/synthetic_model_comparison/training/model_exports/yolo26n-gpt-image-2-low-compressed-seed44-20260826-214430/last.pt
2026-08-26 21:52:33 INFO  scripts.synthetic_model_comparison.training.training_pipeline | epoch 24/200 done — next lr=0.00972076, epochs_since_improve=2/20
2026-08-26 21:52:33 INFO  scripts.synthetic_model_comparison.training.training_pipeline | epoch 25/200 — train start (lr=0.00972076, batches=15)
2026-08-26 21:52:44 INFO  scripts.synthetic_model_comparison.training.training_pipeline | epoch 25/200 — train done in 12.0s | avg loss_box=1.4678 loss_cls=1.8866 loss_dfl=0.0449 loss_total=195.5032
2026-08-26 21:52:44 INFO  scripts.synthetic_model_comparison.training.evaluation | evaluating on 4 batches
2026-08-26 21:52:50 INFO  scripts.synthetic_model_comparison.training.training_pipeline | epoch 25/200 — val mAP50=0.5682 mAP50_95=0.2895 (selection mAP50_95=0.2895)
2026-08-26 21:52:51 INFO  scripts.synthetic_model_comparison.training.evaluation | mlflow: logged val/mAP50=0.5682 val/mAP50_95=0.2895 (step=24)
2026-08-26 21:52:51 INFO  scripts.synthetic_model_comparison.training.evaluation | mlflow: logged val per-class AP table (12 classes)
2026-08-26 21:52:51 INFO  scripts.synthetic_model_comparison.training.training_pipeline | saved checkpoint: /home/debian/Master-Thesis/scripts/synthetic_model_comparison/training/model_exports/yolo26n-gpt-image-2-low-compressed-seed44-20260826-214430/last.pt
2026-08-26 21:52:52 INFO  scripts.synthetic_model_comparison.training.training_pipeline | epoch 25/200 done — next lr=0.0096939, epochs_since_improve=3/20
2026-08-26 21:52:52 INFO  scripts.synthetic_model_comparison.training.training_pipeline | epoch 26/200 — train start (lr=0.0096939, batches=15)
2026-08-26 21:53:03 INFO  scripts.synthetic_model_comparison.training.training_pipeline | epoch 26/200 — train done in 11.6s | avg loss_box=1.4768 loss_cls=1.7869 loss_dfl=0.0444 loss_total=188.1969
2026-08-26 21:53:03 INFO  scripts.synthetic_model_comparison.training.evaluation | evaluating on 4 batches
2026-08-26 21:53:09 INFO  scripts.synthetic_model_comparison.training.training_pipeline | epoch 26/200 — val mAP50=0.6170 mAP50_95=0.3549 (selection mAP50_95=0.3549)
2026-08-26 21:53:10 INFO  scripts.synthetic_model_comparison.training.evaluation | mlflow: logged val/mAP50=0.6170 val/mAP50_95=0.3549 (step=25)
2026-08-26 21:53:10 INFO  scripts.synthetic_model_comparison.training.evaluation | mlflow: logged val per-class AP table (12 classes)
2026-08-26 21:53:10 INFO  scripts.synthetic_model_comparison.training.training_pipeline | saved checkpoint: /home/debian/Master-Thesis/scripts/synthetic_model_comparison/training/model_exports/yolo26n-gpt-image-2-low-compressed-seed44-20260826-214430/best.pt
2026-08-26 21:53:10 INFO  scripts.synthetic_model_comparison.training.training_pipeline | new best mAP50_95=0.3549 at epoch 26
2026-08-26 21:53:10 INFO  scripts.synthetic_model_comparison.training.training_pipeline | saved checkpoint: /home/debian/Master-Thesis/scripts/synthetic_model_comparison/training/model_exports/yolo26n-gpt-image-2-low-compressed-seed44-20260826-214430/last.pt
2026-08-26 21:53:11 INFO  scripts.synthetic_model_comparison.training.training_pipeline | epoch 26/200 done — next lr=0.00966585, epochs_since_improve=0/20
2026-08-26 21:53:11 INFO  scripts.synthetic_model_comparison.training.training_pipeline | epoch 27/200 — train start (lr=0.00966585, batches=15)
2026-08-26 21:53:22 INFO  scripts.synthetic_model_comparison.training.training_pipeline | step 400 | loss_box=1.4846 loss_cls=1.7494 loss_dfl=0.0477 loss_total=187.9288 lr=0.00964453
2026-08-26 21:53:25 INFO  scripts.synthetic_model_comparison.training.training_pipeline | epoch 27/200 — train done in 14.0s | avg loss_box=1.4718 loss_cls=1.7500 loss_dfl=0.0452 loss_total=187.8442
2026-08-26 21:53:25 INFO  scripts.synthetic_model_comparison.training.evaluation | evaluating on 4 batches
2026-08-26 21:53:31 INFO  scripts.synthetic_model_comparison.training.training_pipeline | epoch 27/200 — val mAP50=0.6453 mAP50_95=0.3606 (selection mAP50_95=0.3606)
2026-08-26 21:53:31 INFO  scripts.synthetic_model_comparison.training.evaluation | mlflow: logged val/mAP50=0.6453 val/mAP50_95=0.3606 (step=26)
2026-08-26 21:53:32 INFO  scripts.synthetic_model_comparison.training.evaluation | mlflow: logged val per-class AP table (12 classes)
2026-08-26 21:53:32 INFO  scripts.synthetic_model_comparison.training.training_pipeline | saved checkpoint: /home/debian/Master-Thesis/scripts/synthetic_model_comparison/training/model_exports/yolo26n-gpt-image-2-low-compressed-seed44-20260826-214430/best.pt
2026-08-26 21:53:32 INFO  scripts.synthetic_model_comparison.training.training_pipeline | new best mAP50_95=0.3606 at epoch 27
2026-08-26 21:53:32 INFO  scripts.synthetic_model_comparison.training.training_pipeline | saved checkpoint: /home/debian/Master-Thesis/scripts/synthetic_model_comparison/training/model_exports/yolo26n-gpt-image-2-low-compressed-seed44-20260826-214430/last.pt
2026-08-26 21:53:32 INFO  scripts.synthetic_model_comparison.training.training_pipeline | epoch 27/200 done — next lr=0.00963661, epochs_since_improve=0/20
2026-08-26 21:53:32 INFO  scripts.synthetic_model_comparison.training.training_pipeline | epoch 28/200 — train start (lr=0.00963661, batches=15)
2026-08-26 21:53:44 INFO  scripts.synthetic_model_comparison.training.training_pipeline | epoch 28/200 — train done in 11.8s | avg loss_box=1.4612 loss_cls=1.6693 loss_dfl=0.0448 loss_total=183.4966
2026-08-26 21:53:44 INFO  scripts.synthetic_model_comparison.training.evaluation | evaluating on 4 batches
2026-08-26 21:53:50 INFO  scripts.synthetic_model_comparison.training.training_pipeline | epoch 28/200 — val mAP50=0.6535 mAP50_95=0.3519 (selection mAP50_95=0.3519)
2026-08-26 21:53:51 INFO  scripts.synthetic_model_comparison.training.evaluation | mlflow: logged val/mAP50=0.6535 val/mAP50_95=0.3519 (step=27)
2026-08-26 21:53:51 INFO  scripts.synthetic_model_comparison.training.evaluation | mlflow: logged val per-class AP table (12 classes)
2026-08-26 21:53:51 INFO  scripts.synthetic_model_comparison.training.training_pipeline | saved checkpoint: /home/debian/Master-Thesis/scripts/synthetic_model_comparison/training/model_exports/yolo26n-gpt-image-2-low-compressed-seed44-20260826-214430/last.pt
2026-08-26 21:53:52 INFO  scripts.synthetic_model_comparison.training.training_pipeline | epoch 28/200 done — next lr=0.0096062, epochs_since_improve=1/20
2026-08-26 21:53:52 INFO  scripts.synthetic_model_comparison.training.training_pipeline | epoch 29/200 — train start (lr=0.0096062, batches=15)
2026-08-26 21:54:04 INFO  scripts.synthetic_model_comparison.training.training_pipeline | epoch 29/200 — train done in 12.0s | avg loss_box=1.4557 loss_cls=1.6316 loss_dfl=0.0452 loss_total=181.2671
2026-08-26 21:54:04 INFO  scripts.synthetic_model_comparison.training.evaluation | evaluating on 4 batches
2026-08-26 21:54:09 INFO  scripts.synthetic_model_comparison.training.training_pipeline | epoch 29/200 — val mAP50=0.6373 mAP50_95=0.3390 (selection mAP50_95=0.3390)
2026-08-26 21:54:10 INFO  scripts.synthetic_model_comparison.training.evaluation | mlflow: logged val/mAP50=0.6373 val/mAP50_95=0.3390 (step=28)
2026-08-26 21:54:10 INFO  scripts.synthetic_model_comparison.training.evaluation | mlflow: logged val per-class AP table (12 classes)
2026-08-26 21:54:11 INFO  scripts.synthetic_model_comparison.training.training_pipeline | saved checkpoint: /home/debian/Master-Thesis/scripts/synthetic_model_comparison/training/model_exports/yolo26n-gpt-image-2-low-compressed-seed44-20260826-214430/last.pt
2026-08-26 21:54:11 INFO  scripts.synthetic_model_comparison.training.training_pipeline | epoch 29/200 done — next lr=0.00957462, epochs_since_improve=2/20
2026-08-26 21:54:11 INFO  scripts.synthetic_model_comparison.training.training_pipeline | epoch 30/200 — train start (lr=0.00957462, batches=15)
2026-08-26 21:54:23 INFO  scripts.synthetic_model_comparison.training.training_pipeline | epoch 30/200 — train done in 12.2s | avg loss_box=1.4349 loss_cls=1.5103 loss_dfl=0.0441 loss_total=172.8458
2026-08-26 21:54:23 INFO  scripts.synthetic_model_comparison.training.evaluation | evaluating on 4 batches
2026-08-26 21:54:29 INFO  scripts.synthetic_model_comparison.training.training_pipeline | epoch 30/200 — val mAP50=0.6668 mAP50_95=0.3097 (selection mAP50_95=0.3097)
2026-08-26 21:54:30 INFO  scripts.synthetic_model_comparison.training.evaluation | mlflow: logged val/mAP50=0.6668 val/mAP50_95=0.3097 (step=29)
2026-08-26 21:54:30 INFO  scripts.synthetic_model_comparison.training.evaluation | mlflow: logged val per-class AP table (12 classes)
2026-08-26 21:54:30 INFO  scripts.synthetic_model_comparison.training.training_pipeline | saved checkpoint: /home/debian/Master-Thesis/scripts/synthetic_model_comparison/training/model_exports/yolo26n-gpt-image-2-low-compressed-seed44-20260826-214430/last.pt
2026-08-26 21:54:31 INFO  scripts.synthetic_model_comparison.training.training_pipeline | epoch 30/200 done — next lr=0.00954187, epochs_since_improve=3/20
2026-08-26 21:54:31 INFO  scripts.synthetic_model_comparison.training.training_pipeline | epoch 31/200 — train start (lr=0.00954187, batches=15)
2026-08-26 21:54:36 INFO  scripts.synthetic_model_comparison.training.training_pipeline | step 450 | loss_box=1.3956 loss_cls=1.4647 loss_dfl=0.0425 loss_total=167.8972 lr=0.00953965
2026-08-26 21:54:44 INFO  scripts.synthetic_model_comparison.training.training_pipeline | epoch 31/200 — train done in 13.2s | avg loss_box=1.4225 loss_cls=1.4395 loss_dfl=0.0433 loss_total=171.4124
2026-08-26 21:54:44 INFO  scripts.synthetic_model_comparison.training.evaluation | evaluating on 4 batches
2026-08-26 21:54:50 INFO  scripts.synthetic_model_comparison.training.training_pipeline | epoch 31/200 — val mAP50=0.6886 mAP50_95=0.4057 (selection mAP50_95=0.4057)
2026-08-26 21:54:50 INFO  scripts.synthetic_model_comparison.training.evaluation | mlflow: logged val/mAP50=0.6886 val/mAP50_95=0.4057 (step=30)
2026-08-26 21:54:51 INFO  scripts.synthetic_model_comparison.training.evaluation | mlflow: logged val per-class AP table (12 classes)
2026-08-26 21:54:51 INFO  scripts.synthetic_model_comparison.training.training_pipeline | saved checkpoint: /home/debian/Master-Thesis/scripts/synthetic_model_comparison/training/model_exports/yolo26n-gpt-image-2-low-compressed-seed44-20260826-214430/best.pt
2026-08-26 21:54:51 INFO  scripts.synthetic_model_comparison.training.training_pipeline | new best mAP50_95=0.4057 at epoch 31
2026-08-26 21:54:51 INFO  scripts.synthetic_model_comparison.training.training_pipeline | saved checkpoint: /home/debian/Master-Thesis/scripts/synthetic_model_comparison/training/model_exports/yolo26n-gpt-image-2-low-compressed-seed44-20260826-214430/last.pt
2026-08-26 21:54:51 INFO  scripts.synthetic_model_comparison.training.training_pipeline | epoch 31/200 done — next lr=0.00950797, epochs_since_improve=0/20
2026-08-26 21:54:51 INFO  scripts.synthetic_model_comparison.training.training_pipeline | epoch 32/200 — train start (lr=0.00950797, batches=15)
2026-08-26 21:55:04 INFO  scripts.synthetic_model_comparison.training.training_pipeline | epoch 32/200 — train done in 12.1s | avg loss_box=1.4701 loss_cls=1.4586 loss_dfl=0.0447 loss_total=176.3334
2026-08-26 21:55:04 INFO  scripts.synthetic_model_comparison.training.evaluation | evaluating on 4 batches
2026-08-26 21:55:09 INFO  scripts.synthetic_model_comparison.training.training_pipeline | epoch 32/200 — val mAP50=0.6858 mAP50_95=0.4181 (selection mAP50_95=0.4181)
2026-08-26 21:55:10 INFO  scripts.synthetic_model_comparison.training.evaluation | mlflow: logged val/mAP50=0.6858 val/mAP50_95=0.4181 (step=31)
2026-08-26 21:55:11 INFO  scripts.synthetic_model_comparison.training.evaluation | mlflow: logged val per-class AP table (12 classes)
2026-08-26 21:55:11 INFO  scripts.synthetic_model_comparison.training.training_pipeline | saved checkpoint: /home/debian/Master-Thesis/scripts/synthetic_model_comparison/training/model_exports/yolo26n-gpt-image-2-low-compressed-seed44-20260826-214430/best.pt
2026-08-26 21:55:11 INFO  scripts.synthetic_model_comparison.training.training_pipeline | new best mAP50_95=0.4181 at epoch 32
2026-08-26 21:55:11 INFO  scripts.synthetic_model_comparison.training.training_pipeline | saved checkpoint: /home/debian/Master-Thesis/scripts/synthetic_model_comparison/training/model_exports/yolo26n-gpt-image-2-low-compressed-seed44-20260826-214430/last.pt
2026-08-26 21:55:11 INFO  scripts.synthetic_model_comparison.training.training_pipeline | epoch 32/200 done — next lr=0.00947292, epochs_since_improve=0/20
2026-08-26 21:55:11 INFO  scripts.synthetic_model_comparison.training.training_pipeline | epoch 33/200 — train start (lr=0.00947292, batches=15)
2026-08-26 21:55:23 INFO  scripts.synthetic_model_comparison.training.training_pipeline | epoch 33/200 — train done in 11.4s | avg loss_box=1.3761 loss_cls=1.3867 loss_dfl=0.0420 loss_total=163.6701
2026-08-26 21:55:23 INFO  scripts.synthetic_model_comparison.training.evaluation | evaluating on 4 batches
2026-08-26 21:55:28 INFO  scripts.synthetic_model_comparison.training.training_pipeline | epoch 33/200 — val mAP50=0.6210 mAP50_95=0.3507 (selection mAP50_95=0.3507)
2026-08-26 21:55:29 INFO  scripts.synthetic_model_comparison.training.evaluation | mlflow: logged val/mAP50=0.6210 val/mAP50_95=0.3507 (step=32)
2026-08-26 21:55:30 INFO  scripts.synthetic_model_comparison.training.evaluation | mlflow: logged val per-class AP table (12 classes)
2026-08-26 21:55:30 INFO  scripts.synthetic_model_comparison.training.training_pipeline | saved checkpoint: /home/debian/Master-Thesis/scripts/synthetic_model_comparison/training/model_exports/yolo26n-gpt-image-2-low-compressed-seed44-20260826-214430/last.pt
2026-08-26 21:55:30 INFO  scripts.synthetic_model_comparison.training.training_pipeline | epoch 33/200 done — next lr=0.00943674, epochs_since_improve=1/20
2026-08-26 21:55:30 INFO  scripts.synthetic_model_comparison.training.training_pipeline | epoch 34/200 — train start (lr=0.00943674, batches=15)
2026-08-26 21:55:38 INFO  scripts.synthetic_model_comparison.training.training_pipeline | step 500 | loss_box=1.4275 loss_cls=1.4224 loss_dfl=0.0393 loss_total=170.5075 lr=0.00942195
2026-08-26 21:55:43 INFO  scripts.synthetic_model_comparison.training.training_pipeline | epoch 34/200 — train done in 13.2s | avg loss_box=1.4051 loss_cls=1.3578 loss_dfl=0.0429 loss_total=163.3342
2026-08-26 21:55:43 INFO  scripts.synthetic_model_comparison.training.evaluation | evaluating on 4 batches
2026-08-26 21:55:49 INFO  scripts.synthetic_model_comparison.training.training_pipeline | epoch 34/200 — val mAP50=0.7551 mAP50_95=0.4638 (selection mAP50_95=0.4638)
2026-08-26 21:55:50 INFO  scripts.synthetic_model_comparison.training.evaluation | mlflow: logged val/mAP50=0.7551 val/mAP50_95=0.4638 (step=33)
2026-08-26 21:55:50 INFO  scripts.synthetic_model_comparison.training.evaluation | mlflow: logged val per-class AP table (12 classes)
2026-08-26 21:55:50 INFO  scripts.synthetic_model_comparison.training.training_pipeline | saved checkpoint: /home/debian/Master-Thesis/scripts/synthetic_model_comparison/training/model_exports/yolo26n-gpt-image-2-low-compressed-seed44-20260826-214430/best.pt
2026-08-26 21:55:50 INFO  scripts.synthetic_model_comparison.training.training_pipeline | new best mAP50_95=0.4638 at epoch 34
2026-08-26 21:55:51 INFO  scripts.synthetic_model_comparison.training.training_pipeline | saved checkpoint: /home/debian/Master-Thesis/scripts/synthetic_model_comparison/training/model_exports/yolo26n-gpt-image-2-low-compressed-seed44-20260826-214430/last.pt
2026-08-26 21:55:51 INFO  scripts.synthetic_model_comparison.training.training_pipeline | epoch 34/200 done — next lr=0.00939943, epochs_since_improve=0/20
2026-08-26 21:55:51 INFO  scripts.synthetic_model_comparison.training.training_pipeline | epoch 35/200 — train start (lr=0.00939943, batches=15)
2026-08-26 21:56:02 INFO  scripts.synthetic_model_comparison.training.training_pipeline | epoch 35/200 — train done in 11.4s | avg loss_box=1.3782 loss_cls=1.3431 loss_dfl=0.0420 loss_total=162.9721
2026-08-26 21:56:02 INFO  scripts.synthetic_model_comparison.training.evaluation | evaluating on 4 batches
2026-08-26 21:56:08 INFO  scripts.synthetic_model_comparison.training.training_pipeline | epoch 35/200 — val mAP50=0.7679 mAP50_95=0.4358 (selection mAP50_95=0.4358)
2026-08-26 21:56:09 INFO  scripts.synthetic_model_comparison.training.evaluation | mlflow: logged val/mAP50=0.7679 val/mAP50_95=0.4358 (step=34)
2026-08-26 21:56:09 INFO  scripts.synthetic_model_comparison.training.evaluation | mlflow: logged val per-class AP table (12 classes)
2026-08-26 21:56:10 INFO  scripts.synthetic_model_comparison.training.training_pipeline | saved checkpoint: /home/debian/Master-Thesis/scripts/synthetic_model_comparison/training/model_exports/yolo26n-gpt-image-2-low-compressed-seed44-20260826-214430/last.pt
2026-08-26 21:56:10 INFO  scripts.synthetic_model_comparison.training.training_pipeline | epoch 35/200 done — next lr=0.00936101, epochs_since_improve=1/20
2026-08-26 21:56:10 INFO  scripts.synthetic_model_comparison.training.training_pipeline | epoch 36/200 — train start (lr=0.00936101, batches=15)
2026-08-26 21:56:22 INFO  scripts.synthetic_model_comparison.training.training_pipeline | epoch 36/200 — train done in 12.2s | avg loss_box=1.3338 loss_cls=1.2647 loss_dfl=0.0398 loss_total=157.1466
2026-08-26 21:56:22 INFO  scripts.synthetic_model_comparison.training.evaluation | evaluating on 4 batches
2026-08-26 21:56:28 INFO  scripts.synthetic_model_comparison.training.training_pipeline | epoch 36/200 — val mAP50=0.7811 mAP50_95=0.4797 (selection mAP50_95=0.4797)
2026-08-26 21:56:29 INFO  scripts.synthetic_model_comparison.training.evaluation | mlflow: logged val/mAP50=0.7811 val/mAP50_95=0.4797 (step=35)
2026-08-26 21:56:29 INFO  scripts.synthetic_model_comparison.training.evaluation | mlflow: logged val per-class AP table (12 classes)
2026-08-26 21:56:29 INFO  scripts.synthetic_model_comparison.training.training_pipeline | saved checkpoint: /home/debian/Master-Thesis/scripts/synthetic_model_comparison/training/model_exports/yolo26n-gpt-image-2-low-compressed-seed44-20260826-214430/best.pt
2026-08-26 21:56:29 INFO  scripts.synthetic_model_comparison.training.training_pipeline | new best mAP50_95=0.4797 at epoch 36
2026-08-26 21:56:29 INFO  scripts.synthetic_model_comparison.training.training_pipeline | saved checkpoint: /home/debian/Master-Thesis/scripts/synthetic_model_comparison/training/model_exports/yolo26n-gpt-image-2-low-compressed-seed44-20260826-214430/last.pt
2026-08-26 21:56:30 INFO  scripts.synthetic_model_comparison.training.training_pipeline | epoch 36/200 done — next lr=0.00932147, epochs_since_improve=0/20
2026-08-26 21:56:30 INFO  scripts.synthetic_model_comparison.training.training_pipeline | epoch 37/200 — train start (lr=0.00932147, batches=15)
2026-08-26 21:56:40 INFO  scripts.synthetic_model_comparison.training.training_pipeline | step 550 | loss_box=1.2150 loss_cls=1.0534 loss_dfl=0.0357 loss_total=140.1279 lr=0.00929178
2026-08-26 21:56:43 INFO  scripts.synthetic_model_comparison.training.training_pipeline | epoch 37/200 — train done in 13.3s | avg loss_box=1.3292 loss_cls=1.2079 loss_dfl=0.0398 loss_total=153.0680
2026-08-26 21:56:43 INFO  scripts.synthetic_model_comparison.training.evaluation | evaluating on 4 batches
2026-08-26 21:56:49 INFO  scripts.synthetic_model_comparison.training.training_pipeline | epoch 37/200 — val mAP50=0.7725 mAP50_95=0.4638 (selection mAP50_95=0.4638)
2026-08-26 21:56:50 INFO  scripts.synthetic_model_comparison.training.evaluation | mlflow: logged val/mAP50=0.7725 val/mAP50_95=0.4638 (step=36)
2026-08-26 21:56:50 INFO  scripts.synthetic_model_comparison.training.evaluation | mlflow: logged val per-class AP table (12 classes)
2026-08-26 21:56:50 INFO  scripts.synthetic_model_comparison.training.training_pipeline | saved checkpoint: /home/debian/Master-Thesis/scripts/synthetic_model_comparison/training/model_exports/yolo26n-gpt-image-2-low-compressed-seed44-20260826-214430/last.pt
2026-08-26 21:56:51 INFO  scripts.synthetic_model_comparison.training.training_pipeline | epoch 37/200 done — next lr=0.00928084, epochs_since_improve=1/20
2026-08-26 21:56:51 INFO  scripts.synthetic_model_comparison.training.training_pipeline | epoch 38/200 — train start (lr=0.00928084, batches=15)
2026-08-26 21:57:02 INFO  scripts.synthetic_model_comparison.training.training_pipeline | epoch 38/200 — train done in 11.5s | avg loss_box=1.3381 loss_cls=1.2201 loss_dfl=0.0412 loss_total=152.0053
2026-08-26 21:57:02 INFO  scripts.synthetic_model_comparison.training.evaluation | evaluating on 4 batches
2026-08-26 21:57:08 INFO  scripts.synthetic_model_comparison.training.training_pipeline | epoch 38/200 — val mAP50=0.7990 mAP50_95=0.5006 (selection mAP50_95=0.5006)
2026-08-26 21:57:08 INFO  scripts.synthetic_model_comparison.training.evaluation | mlflow: logged val/mAP50=0.7990 val/mAP50_95=0.5006 (step=37)
2026-08-26 21:57:09 INFO  scripts.synthetic_model_comparison.training.evaluation | mlflow: logged val per-class AP table (12 classes)
2026-08-26 21:57:09 INFO  scripts.synthetic_model_comparison.training.training_pipeline | saved checkpoint: /home/debian/Master-Thesis/scripts/synthetic_model_comparison/training/model_exports/yolo26n-gpt-image-2-low-compressed-seed44-20260826-214430/best.pt
2026-08-26 21:57:09 INFO  scripts.synthetic_model_comparison.training.training_pipeline | new best mAP50_95=0.5006 at epoch 38
2026-08-26 21:57:09 INFO  scripts.synthetic_model_comparison.training.training_pipeline | saved checkpoint: /home/debian/Master-Thesis/scripts/synthetic_model_comparison/training/model_exports/yolo26n-gpt-image-2-low-compressed-seed44-20260826-214430/last.pt
2026-08-26 21:57:09 INFO  scripts.synthetic_model_comparison.training.training_pipeline | epoch 38/200 done — next lr=0.00923912, epochs_since_improve=0/20
2026-08-26 21:57:09 INFO  scripts.synthetic_model_comparison.training.training_pipeline | epoch 39/200 — train start (lr=0.00923912, batches=15)
2026-08-26 21:57:21 INFO  scripts.synthetic_model_comparison.training.training_pipeline | epoch 39/200 — train done in 11.8s | avg loss_box=1.3399 loss_cls=1.2009 loss_dfl=0.0412 loss_total=152.5180
2026-08-26 21:57:21 INFO  scripts.synthetic_model_comparison.training.evaluation | evaluating on 4 batches
2026-08-26 21:57:27 INFO  scripts.synthetic_model_comparison.training.training_pipeline | epoch 39/200 — val mAP50=0.8420 mAP50_95=0.5166 (selection mAP50_95=0.5166)
2026-08-26 21:57:28 INFO  scripts.synthetic_model_comparison.training.evaluation | mlflow: logged val/mAP50=0.8420 val/mAP50_95=0.5166 (step=38)
2026-08-26 21:57:28 INFO  scripts.synthetic_model_comparison.training.evaluation | mlflow: logged val per-class AP table (12 classes)
2026-08-26 21:57:28 INFO  scripts.synthetic_model_comparison.training.training_pipeline | saved checkpoint: /home/debian/Master-Thesis/scripts/synthetic_model_comparison/training/model_exports/yolo26n-gpt-image-2-low-compressed-seed44-20260826-214430/best.pt
2026-08-26 21:57:28 INFO  scripts.synthetic_model_comparison.training.training_pipeline | new best mAP50_95=0.5166 at epoch 39
2026-08-26 21:57:29 INFO  scripts.synthetic_model_comparison.training.training_pipeline | saved checkpoint: /home/debian/Master-Thesis/scripts/synthetic_model_comparison/training/model_exports/yolo26n-gpt-image-2-low-compressed-seed44-20260826-214430/last.pt
2026-08-26 21:57:29 INFO  scripts.synthetic_model_comparison.training.training_pipeline | epoch 39/200 done — next lr=0.00919633, epochs_since_improve=0/20
2026-08-26 21:57:29 INFO  scripts.synthetic_model_comparison.training.training_pipeline | epoch 40/200 — train start (lr=0.00919633, batches=15)
2026-08-26 21:57:41 INFO  scripts.synthetic_model_comparison.training.training_pipeline | epoch 40/200 — train done in 11.7s | avg loss_box=1.3364 loss_cls=1.1518 loss_dfl=0.0403 loss_total=151.6751
2026-08-26 21:57:41 INFO  scripts.synthetic_model_comparison.training.evaluation | evaluating on 4 batches
2026-08-26 21:57:47 INFO  scripts.synthetic_model_comparison.training.training_pipeline | epoch 40/200 — val mAP50=0.8148 mAP50_95=0.5203 (selection mAP50_95=0.5203)
2026-08-26 21:57:47 INFO  scripts.synthetic_model_comparison.training.evaluation | mlflow: logged val/mAP50=0.8148 val/mAP50_95=0.5203 (step=39)
2026-08-26 21:57:48 INFO  scripts.synthetic_model_comparison.training.evaluation | mlflow: logged val per-class AP table (12 classes)
2026-08-26 21:57:48 INFO  scripts.synthetic_model_comparison.training.training_pipeline | saved checkpoint: /home/debian/Master-Thesis/scripts/synthetic_model_comparison/training/model_exports/yolo26n-gpt-image-2-low-compressed-seed44-20260826-214430/best.pt
2026-08-26 21:57:48 INFO  scripts.synthetic_model_comparison.training.training_pipeline | new best mAP50_95=0.5203 at epoch 40
2026-08-26 21:57:48 INFO  scripts.synthetic_model_comparison.training.training_pipeline | saved checkpoint: /home/debian/Master-Thesis/scripts/synthetic_model_comparison/training/model_exports/yolo26n-gpt-image-2-low-compressed-seed44-20260826-214430/last.pt
2026-08-26 21:57:49 INFO  scripts.synthetic_model_comparison.training.training_pipeline | epoch 40/200 done — next lr=0.00915247, epochs_since_improve=0/20
2026-08-26 21:57:49 INFO  scripts.synthetic_model_comparison.training.training_pipeline | epoch 41/200 — train start (lr=0.00915247, batches=15)
2026-08-26 21:57:54 INFO  scripts.synthetic_model_comparison.training.training_pipeline | step 600 | loss_box=1.2662 loss_cls=1.1612 loss_dfl=0.0393 loss_total=146.7104 lr=0.0091495
2026-08-26 21:58:01 INFO  scripts.synthetic_model_comparison.training.training_pipeline | epoch 41/200 — train done in 12.7s | avg loss_box=1.2839 loss_cls=1.1139 loss_dfl=0.0389 loss_total=145.8064
2026-08-26 21:58:01 INFO  scripts.synthetic_model_comparison.training.evaluation | evaluating on 4 batches
2026-08-26 21:58:07 INFO  scripts.synthetic_model_comparison.training.training_pipeline | epoch 41/200 — val mAP50=0.7622 mAP50_95=0.4071 (selection mAP50_95=0.4071)
2026-08-26 21:58:08 INFO  scripts.synthetic_model_comparison.training.evaluation | mlflow: logged val/mAP50=0.7622 val/mAP50_95=0.4071 (step=40)
2026-08-26 21:58:08 INFO  scripts.synthetic_model_comparison.training.evaluation | mlflow: logged val per-class AP table (12 classes)
2026-08-26 21:58:08 INFO  scripts.synthetic_model_comparison.training.training_pipeline | saved checkpoint: /home/debian/Master-Thesis/scripts/synthetic_model_comparison/training/model_exports/yolo26n-gpt-image-2-low-compressed-seed44-20260826-214430/last.pt
2026-08-26 21:58:09 INFO  scripts.synthetic_model_comparison.training.training_pipeline | epoch 41/200 done — next lr=0.00910755, epochs_since_improve=1/20
2026-08-26 21:58:09 INFO  scripts.synthetic_model_comparison.training.training_pipeline | epoch 42/200 — train start (lr=0.00910755, batches=15)
2026-08-26 21:58:20 INFO  scripts.synthetic_model_comparison.training.training_pipeline | epoch 42/200 — train done in 11.4s | avg loss_box=1.2838 loss_cls=1.1214 loss_dfl=0.0390 loss_total=145.4354
2026-08-26 21:58:20 INFO  scripts.synthetic_model_comparison.training.evaluation | evaluating on 4 batches
2026-08-26 21:58:26 INFO  scripts.synthetic_model_comparison.training.training_pipeline | epoch 42/200 — val mAP50=0.7812 mAP50_95=0.5007 (selection mAP50_95=0.5007)
2026-08-26 21:58:27 INFO  scripts.synthetic_model_comparison.training.evaluation | mlflow: logged val/mAP50=0.7812 val/mAP50_95=0.5007 (step=41)
2026-08-26 21:58:27 INFO  scripts.synthetic_model_comparison.training.evaluation | mlflow: logged val per-class AP table (12 classes)
2026-08-26 21:58:27 INFO  scripts.synthetic_model_comparison.training.training_pipeline | saved checkpoint: /home/debian/Master-Thesis/scripts/synthetic_model_comparison/training/model_exports/yolo26n-gpt-image-2-low-compressed-seed44-20260826-214430/last.pt
2026-08-26 21:58:27 INFO  scripts.synthetic_model_comparison.training.training_pipeline | epoch 42/200 done — next lr=0.00906159, epochs_since_improve=2/20
2026-08-26 21:58:27 INFO  scripts.synthetic_model_comparison.training.training_pipeline | epoch 43/200 — train start (lr=0.00906159, batches=15)
2026-08-26 21:58:39 INFO  scripts.synthetic_model_comparison.training.training_pipeline | epoch 43/200 — train done in 11.3s | avg loss_box=1.2660 loss_cls=1.0440 loss_dfl=0.0380 loss_total=142.2959
2026-08-26 21:58:39 INFO  scripts.synthetic_model_comparison.training.evaluation | evaluating on 4 batches
2026-08-26 21:58:45 INFO  scripts.synthetic_model_comparison.training.training_pipeline | epoch 43/200 — val mAP50=0.8076 mAP50_95=0.4754 (selection mAP50_95=0.4754)
2026-08-26 21:58:45 INFO  scripts.synthetic_model_comparison.training.evaluation | mlflow: logged val/mAP50=0.8076 val/mAP50_95=0.4754 (step=42)
2026-08-26 21:58:46 INFO  scripts.synthetic_model_comparison.training.evaluation | mlflow: logged val per-class AP table (12 classes)
2026-08-26 21:58:46 INFO  scripts.synthetic_model_comparison.training.training_pipeline | saved checkpoint: /home/debian/Master-Thesis/scripts/synthetic_model_comparison/training/model_exports/yolo26n-gpt-image-2-low-compressed-seed44-20260826-214430/last.pt
2026-08-26 21:58:46 INFO  scripts.synthetic_model_comparison.training.training_pipeline | epoch 43/200 done — next lr=0.0090146, epochs_since_improve=3/20
2026-08-26 21:58:46 INFO  scripts.synthetic_model_comparison.training.training_pipeline | epoch 44/200 — train start (lr=0.0090146, batches=15)
2026-08-26 21:58:55 INFO  scripts.synthetic_model_comparison.training.training_pipeline | step 650 | loss_box=1.1443 loss_cls=1.0062 loss_dfl=0.0352 loss_total=131.1839 lr=0.00899552
2026-08-26 21:59:00 INFO  scripts.synthetic_model_comparison.training.training_pipeline | epoch 44/200 — train done in 14.0s | avg loss_box=1.2721 loss_cls=1.0923 loss_dfl=0.0387 loss_total=143.5697
2026-08-26 21:59:00 INFO  scripts.synthetic_model_comparison.training.evaluation | evaluating on 4 batches
2026-08-26 21:59:06 INFO  scripts.synthetic_model_comparison.training.training_pipeline | epoch 44/200 — val mAP50=0.8029 mAP50_95=0.5208 (selection mAP50_95=0.5208)
2026-08-26 21:59:07 INFO  scripts.synthetic_model_comparison.training.evaluation | mlflow: logged val/mAP50=0.8029 val/mAP50_95=0.5208 (step=43)
2026-08-26 21:59:07 INFO  scripts.synthetic_model_comparison.training.evaluation | mlflow: logged val per-class AP table (12 classes)
2026-08-26 21:59:07 INFO  scripts.synthetic_model_comparison.training.training_pipeline | saved checkpoint: /home/debian/Master-Thesis/scripts/synthetic_model_comparison/training/model_exports/yolo26n-gpt-image-2-low-compressed-seed44-20260826-214430/last.pt
2026-08-26 21:59:08 INFO  scripts.synthetic_model_comparison.training.training_pipeline | epoch 44/200 done — next lr=0.00896659, epochs_since_improve=4/20
2026-08-26 21:59:08 INFO  scripts.synthetic_model_comparison.training.training_pipeline | epoch 45/200 — train start (lr=0.00896659, batches=15)
2026-08-26 21:59:19 INFO  scripts.synthetic_model_comparison.training.training_pipeline | epoch 45/200 — train done in 11.4s | avg loss_box=1.2416 loss_cls=1.0120 loss_dfl=0.0369 loss_total=137.9840
2026-08-26 21:59:19 INFO  scripts.synthetic_model_comparison.training.evaluation | evaluating on 4 batches
2026-08-26 21:59:25 INFO  scripts.synthetic_model_comparison.training.training_pipeline | epoch 45/200 — val mAP50=0.8259 mAP50_95=0.4935 (selection mAP50_95=0.4935)
2026-08-26 21:59:26 INFO  scripts.synthetic_model_comparison.training.evaluation | mlflow: logged val/mAP50=0.8259 val/mAP50_95=0.4935 (step=44)
2026-08-26 21:59:26 INFO  scripts.synthetic_model_comparison.training.evaluation | mlflow: logged val per-class AP table (12 classes)
2026-08-26 21:59:26 INFO  scripts.synthetic_model_comparison.training.training_pipeline | saved checkpoint: /home/debian/Master-Thesis/scripts/synthetic_model_comparison/training/model_exports/yolo26n-gpt-image-2-low-compressed-seed44-20260826-214430/last.pt
2026-08-26 21:59:27 INFO  scripts.synthetic_model_comparison.training.training_pipeline | epoch 45/200 done — next lr=0.00891757, epochs_since_improve=5/20
2026-08-26 21:59:27 INFO  scripts.synthetic_model_comparison.training.training_pipeline | epoch 46/200 — train start (lr=0.00891757, batches=15)
2026-08-26 21:59:39 INFO  scripts.synthetic_model_comparison.training.training_pipeline | epoch 46/200 — train done in 11.9s | avg loss_box=1.2390 loss_cls=1.0224 loss_dfl=0.0376 loss_total=138.8666
2026-08-26 21:59:39 INFO  scripts.synthetic_model_comparison.training.evaluation | evaluating on 4 batches
2026-08-26 21:59:44 INFO  scripts.synthetic_model_comparison.training.training_pipeline | epoch 46/200 — val mAP50=0.8041 mAP50_95=0.5381 (selection mAP50_95=0.5381)
2026-08-26 21:59:45 INFO  scripts.synthetic_model_comparison.training.evaluation | mlflow: logged val/mAP50=0.8041 val/mAP50_95=0.5381 (step=45)
2026-08-26 21:59:45 INFO  scripts.synthetic_model_comparison.training.evaluation | mlflow: logged val per-class AP table (12 classes)
2026-08-26 21:59:46 INFO  scripts.synthetic_model_comparison.training.training_pipeline | saved checkpoint: /home/debian/Master-Thesis/scripts/synthetic_model_comparison/training/model_exports/yolo26n-gpt-image-2-low-compressed-seed44-20260826-214430/best.pt
2026-08-26 21:59:46 INFO  scripts.synthetic_model_comparison.training.training_pipeline | new best mAP50_95=0.5381 at epoch 46
2026-08-26 21:59:46 INFO  scripts.synthetic_model_comparison.training.training_pipeline | saved checkpoint: /home/debian/Master-Thesis/scripts/synthetic_model_comparison/training/model_exports/yolo26n-gpt-image-2-low-compressed-seed44-20260826-214430/last.pt
2026-08-26 21:59:46 INFO  scripts.synthetic_model_comparison.training.training_pipeline | epoch 46/200 done — next lr=0.00886756, epochs_since_improve=0/20
2026-08-26 21:59:46 INFO  scripts.synthetic_model_comparison.training.training_pipeline | epoch 47/200 — train start (lr=0.00886756, batches=15)
2026-08-26 21:59:56 INFO  scripts.synthetic_model_comparison.training.training_pipeline | step 700 | loss_box=1.1398 loss_cls=0.8912 loss_dfl=0.0346 loss_total=127.1357 lr=0.00883025
2026-08-26 22:00:00 INFO  scripts.synthetic_model_comparison.training.training_pipeline | epoch 47/200 — train done in 13.5s | avg loss_box=1.2336 loss_cls=0.9771 loss_dfl=0.0372 loss_total=134.9602
2026-08-26 22:00:00 INFO  scripts.synthetic_model_comparison.training.evaluation | evaluating on 4 batches
2026-08-26 22:00:05 INFO  scripts.synthetic_model_comparison.training.training_pipeline | epoch 47/200 — val mAP50=0.8601 mAP50_95=0.5721 (selection mAP50_95=0.5721)
2026-08-26 22:00:06 INFO  scripts.synthetic_model_comparison.training.evaluation | mlflow: logged val/mAP50=0.8601 val/mAP50_95=0.5721 (step=46)
2026-08-26 22:00:06 INFO  scripts.synthetic_model_comparison.training.evaluation | mlflow: logged val per-class AP table (12 classes)
2026-08-26 22:00:06 INFO  scripts.synthetic_model_comparison.training.training_pipeline | saved checkpoint: /home/debian/Master-Thesis/scripts/synthetic_model_comparison/training/model_exports/yolo26n-gpt-image-2-low-compressed-seed44-20260826-214430/best.pt
2026-08-26 22:00:06 INFO  scripts.synthetic_model_comparison.training.training_pipeline | new best mAP50_95=0.5721 at epoch 47
2026-08-26 22:00:07 INFO  scripts.synthetic_model_comparison.training.training_pipeline | saved checkpoint: /home/debian/Master-Thesis/scripts/synthetic_model_comparison/training/model_exports/yolo26n-gpt-image-2-low-compressed-seed44-20260826-214430/last.pt
2026-08-26 22:00:07 INFO  scripts.synthetic_model_comparison.training.training_pipeline | epoch 47/200 done — next lr=0.00881656, epochs_since_improve=0/20
2026-08-26 22:00:07 INFO  scripts.synthetic_model_comparison.training.training_pipeline | epoch 48/200 — train start (lr=0.00881656, batches=15)
2026-08-26 22:00:19 INFO  scripts.synthetic_model_comparison.training.training_pipeline | epoch 48/200 — train done in 11.8s | avg loss_box=1.2332 loss_cls=0.9624 loss_dfl=0.0372 loss_total=134.7078
2026-08-26 22:00:19 INFO  scripts.synthetic_model_comparison.training.evaluation | evaluating on 4 batches
2026-08-26 22:00:24 INFO  scripts.synthetic_model_comparison.training.training_pipeline | epoch 48/200 — val mAP50=0.8123 mAP50_95=0.5163 (selection mAP50_95=0.5163)
2026-08-26 22:00:25 INFO  scripts.synthetic_model_comparison.training.evaluation | mlflow: logged val/mAP50=0.8123 val/mAP50_95=0.5163 (step=47)
2026-08-26 22:00:26 INFO  scripts.synthetic_model_comparison.training.evaluation | mlflow: logged val per-class AP table (12 classes)
2026-08-26 22:00:26 INFO  scripts.synthetic_model_comparison.training.training_pipeline | saved checkpoint: /home/debian/Master-Thesis/scripts/synthetic_model_comparison/training/model_exports/yolo26n-gpt-image-2-low-compressed-seed44-20260826-214430/last.pt
2026-08-26 22:00:26 INFO  scripts.synthetic_model_comparison.training.training_pipeline | epoch 48/200 done — next lr=0.00876459, epochs_since_improve=1/20
2026-08-26 22:00:26 INFO  scripts.synthetic_model_comparison.training.training_pipeline | epoch 49/200 — train start (lr=0.00876459, batches=15)
2026-08-26 22:00:38 INFO  scripts.synthetic_model_comparison.training.training_pipeline | epoch 49/200 — train done in 12.1s | avg loss_box=1.1940 loss_cls=0.9394 loss_dfl=0.0358 loss_total=131.5439
2026-08-26 22:00:38 INFO  scripts.synthetic_model_comparison.training.evaluation | evaluating on 4 batches
2026-08-26 22:00:44 INFO  scripts.synthetic_model_comparison.training.training_pipeline | epoch 49/200 — val mAP50=0.8544 mAP50_95=0.5726 (selection mAP50_95=0.5726)
2026-08-26 22:00:45 INFO  scripts.synthetic_model_comparison.training.evaluation | mlflow: logged val/mAP50=0.8544 val/mAP50_95=0.5726 (step=48)
2026-08-26 22:00:45 INFO  scripts.synthetic_model_comparison.training.evaluation | mlflow: logged val per-class AP table (12 classes)
2026-08-26 22:00:45 INFO  scripts.synthetic_model_comparison.training.training_pipeline | saved checkpoint: /home/debian/Master-Thesis/scripts/synthetic_model_comparison/training/model_exports/yolo26n-gpt-image-2-low-compressed-seed44-20260826-214430/last.pt
2026-08-26 22:00:46 INFO  scripts.synthetic_model_comparison.training.training_pipeline | epoch 49/200 done — next lr=0.00871167, epochs_since_improve=2/20
2026-08-26 22:00:46 INFO  scripts.synthetic_model_comparison.training.training_pipeline | epoch 50/200 — train start (lr=0.00871167, batches=15)
2026-08-26 22:00:58 INFO  scripts.synthetic_model_comparison.training.training_pipeline | epoch 50/200 — train done in 12.1s | avg loss_box=1.2087 loss_cls=0.9478 loss_dfl=0.0364 loss_total=131.8454
2026-08-26 22:00:58 INFO  scripts.synthetic_model_comparison.training.evaluation | evaluating on 4 batches
2026-08-26 22:01:04 INFO  scripts.synthetic_model_comparison.training.training_pipeline | epoch 50/200 — val mAP50=0.8459 mAP50_95=0.5328 (selection mAP50_95=0.5328)
2026-08-26 22:01:05 INFO  scripts.synthetic_model_comparison.training.evaluation | mlflow: logged val/mAP50=0.8459 val/mAP50_95=0.5328 (step=49)
2026-08-26 22:01:05 INFO  scripts.synthetic_model_comparison.training.evaluation | mlflow: logged val per-class AP table (12 classes)
2026-08-26 22:01:05 INFO  scripts.synthetic_model_comparison.training.training_pipeline | saved checkpoint: /home/debian/Master-Thesis/scripts/synthetic_model_comparison/training/model_exports/yolo26n-gpt-image-2-low-compressed-seed44-20260826-214430/last.pt
2026-08-26 22:01:06 INFO  scripts.synthetic_model_comparison.training.training_pipeline | epoch 50/200 done — next lr=0.00865781, epochs_since_improve=3/20
2026-08-26 22:01:06 INFO  scripts.synthetic_model_comparison.training.training_pipeline | epoch 51/200 — train start (lr=0.00865781, batches=15)
2026-08-26 22:01:11 INFO  scripts.synthetic_model_comparison.training.training_pipeline | step 750 | loss_box=1.1870 loss_cls=0.8344 loss_dfl=0.0374 loss_total=129.7650 lr=0.00865419
2026-08-26 22:01:18 INFO  scripts.synthetic_model_comparison.training.training_pipeline | epoch 51/200 — train done in 12.8s | avg loss_box=1.1895 loss_cls=0.8828 loss_dfl=0.0359 loss_total=127.9762
2026-08-26 22:01:18 INFO  scripts.synthetic_model_comparison.training.evaluation | evaluating on 4 batches
2026-08-26 22:01:24 INFO  scripts.synthetic_model_comparison.training.training_pipeline | epoch 51/200 — val mAP50=0.8638 mAP50_95=0.5543 (selection mAP50_95=0.5543)
2026-08-26 22:01:25 INFO  scripts.synthetic_model_comparison.training.evaluation | mlflow: logged val/mAP50=0.8638 val/mAP50_95=0.5543 (step=50)
2026-08-26 22:01:25 INFO  scripts.synthetic_model_comparison.training.evaluation | mlflow: logged val per-class AP table (12 classes)
2026-08-26 22:01:25 INFO  scripts.synthetic_model_comparison.training.training_pipeline | saved checkpoint: /home/debian/Master-Thesis/scripts/synthetic_model_comparison/training/model_exports/yolo26n-gpt-image-2-low-compressed-seed44-20260826-214430/last.pt
2026-08-26 22:01:26 INFO  scripts.synthetic_model_comparison.training.training_pipeline | epoch 51/200 done — next lr=0.00860302, epochs_since_improve=4/20
2026-08-26 22:01:26 INFO  scripts.synthetic_model_comparison.training.training_pipeline | epoch 52/200 — train start (lr=0.00860302, batches=15)
2026-08-26 22:01:38 INFO  scripts.synthetic_model_comparison.training.training_pipeline | epoch 52/200 — train done in 11.8s | avg loss_box=1.1709 loss_cls=0.8875 loss_dfl=0.0345 loss_total=126.8558
2026-08-26 22:01:38 INFO  scripts.synthetic_model_comparison.training.evaluation | evaluating on 4 batches
2026-08-26 22:01:43 INFO  scripts.synthetic_model_comparison.training.training_pipeline | epoch 52/200 — val mAP50=0.8298 mAP50_95=0.5186 (selection mAP50_95=0.5186)
2026-08-26 22:01:44 INFO  scripts.synthetic_model_comparison.training.evaluation | mlflow: logged val/mAP50=0.8298 val/mAP50_95=0.5186 (step=51)
2026-08-26 22:01:45 INFO  scripts.synthetic_model_comparison.training.evaluation | mlflow: logged val per-class AP table (12 classes)
2026-08-26 22:01:45 INFO  scripts.synthetic_model_comparison.training.training_pipeline | saved checkpoint: /home/debian/Master-Thesis/scripts/synthetic_model_comparison/training/model_exports/yolo26n-gpt-image-2-low-compressed-seed44-20260826-214430/last.pt
2026-08-26 22:01:45 INFO  scripts.synthetic_model_comparison.training.training_pipeline | epoch 52/200 done — next lr=0.00854731, epochs_since_improve=5/20
2026-08-26 22:01:45 INFO  scripts.synthetic_model_comparison.training.training_pipeline | epoch 53/200 — train start (lr=0.00854731, batches=15)
2026-08-26 22:01:57 INFO  scripts.synthetic_model_comparison.training.training_pipeline | epoch 53/200 — train done in 11.5s | avg loss_box=1.1863 loss_cls=0.8987 loss_dfl=0.0349 loss_total=129.0246
2026-08-26 22:01:57 INFO  scripts.synthetic_model_comparison.training.evaluation | evaluating on 4 batches
2026-08-26 22:02:02 INFO  scripts.synthetic_model_comparison.training.training_pipeline | epoch 53/200 — val mAP50=0.8527 mAP50_95=0.5738 (selection mAP50_95=0.5738)
2026-08-26 22:02:03 INFO  scripts.synthetic_model_comparison.training.evaluation | mlflow: logged val/mAP50=0.8527 val/mAP50_95=0.5738 (step=52)
2026-08-26 22:02:04 INFO  scripts.synthetic_model_comparison.training.evaluation | mlflow: logged val per-class AP table (12 classes)
2026-08-26 22:02:04 INFO  scripts.synthetic_model_comparison.training.training_pipeline | saved checkpoint: /home/debian/Master-Thesis/scripts/synthetic_model_comparison/training/model_exports/yolo26n-gpt-image-2-low-compressed-seed44-20260826-214430/best.pt
2026-08-26 22:02:04 INFO  scripts.synthetic_model_comparison.training.training_pipeline | new best mAP50_95=0.5738 at epoch 53
2026-08-26 22:02:04 INFO  scripts.synthetic_model_comparison.training.training_pipeline | saved checkpoint: /home/debian/Master-Thesis/scripts/synthetic_model_comparison/training/model_exports/yolo26n-gpt-image-2-low-compressed-seed44-20260826-214430/last.pt
2026-08-26 22:02:04 INFO  scripts.synthetic_model_comparison.training.training_pipeline | epoch 53/200 done — next lr=0.0084907, epochs_since_improve=0/20
2026-08-26 22:02:04 INFO  scripts.synthetic_model_comparison.training.training_pipeline | epoch 54/200 — train start (lr=0.0084907, batches=15)
2026-08-26 22:02:13 INFO  scripts.synthetic_model_comparison.training.training_pipeline | step 800 | loss_box=1.1520 loss_cls=0.8024 loss_dfl=0.0331 loss_total=125.2618 lr=0.00846781
2026-08-26 22:02:18 INFO  scripts.synthetic_model_comparison.training.training_pipeline | epoch 54/200 — train done in 14.2s | avg loss_box=1.1467 loss_cls=0.8503 loss_dfl=0.0339 loss_total=124.4221
2026-08-26 22:02:18 INFO  scripts.synthetic_model_comparison.training.evaluation | evaluating on 4 batches
2026-08-26 22:02:24 INFO  scripts.synthetic_model_comparison.training.training_pipeline | epoch 54/200 — val mAP50=0.8627 mAP50_95=0.4847 (selection mAP50_95=0.4847)
2026-08-26 22:02:25 INFO  scripts.synthetic_model_comparison.training.evaluation | mlflow: logged val/mAP50=0.8627 val/mAP50_95=0.4847 (step=53)
2026-08-26 22:02:25 INFO  scripts.synthetic_model_comparison.training.evaluation | mlflow: logged val per-class AP table (12 classes)
2026-08-26 22:02:25 INFO  scripts.synthetic_model_comparison.training.training_pipeline | saved checkpoint: /home/debian/Master-Thesis/scripts/synthetic_model_comparison/training/model_exports/yolo26n-gpt-image-2-low-compressed-seed44-20260826-214430/last.pt
2026-08-26 22:02:26 INFO  scripts.synthetic_model_comparison.training.training_pipeline | epoch 54/200 done — next lr=0.00843321, epochs_since_improve=1/20
2026-08-26 22:02:26 INFO  scripts.synthetic_model_comparison.training.training_pipeline | epoch 55/200 — train start (lr=0.00843321, batches=15)
2026-08-26 22:02:38 INFO  scripts.synthetic_model_comparison.training.training_pipeline | epoch 55/200 — train done in 12.2s | avg loss_box=1.1522 loss_cls=0.8345 loss_dfl=0.0338 loss_total=122.3765
2026-08-26 22:02:38 INFO  scripts.synthetic_model_comparison.training.evaluation | evaluating on 4 batches
2026-08-26 22:02:44 INFO  scripts.synthetic_model_comparison.training.training_pipeline | epoch 55/200 — val mAP50=0.8555 mAP50_95=0.5580 (selection mAP50_95=0.5580)
2026-08-26 22:02:44 INFO  scripts.synthetic_model_comparison.training.evaluation | mlflow: logged val/mAP50=0.8555 val/mAP50_95=0.5580 (step=54)
2026-08-26 22:02:45 INFO  scripts.synthetic_model_comparison.training.evaluation | mlflow: logged val per-class AP table (12 classes)
2026-08-26 22:02:45 INFO  scripts.synthetic_model_comparison.training.training_pipeline | saved checkpoint: /home/debian/Master-Thesis/scripts/synthetic_model_comparison/training/model_exports/yolo26n-gpt-image-2-low-compressed-seed44-20260826-214430/last.pt
2026-08-26 22:02:45 INFO  scripts.synthetic_model_comparison.training.training_pipeline | epoch 55/200 done — next lr=0.00837484, epochs_since_improve=2/20
2026-08-26 22:02:45 INFO  scripts.synthetic_model_comparison.training.training_pipeline | epoch 56/200 — train start (lr=0.00837484, batches=15)
2026-08-26 22:02:57 INFO  scripts.synthetic_model_comparison.training.training_pipeline | epoch 56/200 — train done in 12.3s | avg loss_box=1.1363 loss_cls=0.8133 loss_dfl=0.0344 loss_total=121.9761
2026-08-26 22:02:57 INFO  scripts.synthetic_model_comparison.training.evaluation | evaluating on 4 batches
2026-08-26 22:03:03 INFO  scripts.synthetic_model_comparison.training.training_pipeline | epoch 56/200 — val mAP50=0.8718 mAP50_95=0.5851 (selection mAP50_95=0.5851)
2026-08-26 22:03:04 INFO  scripts.synthetic_model_comparison.training.evaluation | mlflow: logged val/mAP50=0.8718 val/mAP50_95=0.5851 (step=55)
2026-08-26 22:03:04 INFO  scripts.synthetic_model_comparison.training.evaluation | mlflow: logged val per-class AP table (12 classes)
2026-08-26 22:03:05 INFO  scripts.synthetic_model_comparison.training.training_pipeline | saved checkpoint: /home/debian/Master-Thesis/scripts/synthetic_model_comparison/training/model_exports/yolo26n-gpt-image-2-low-compressed-seed44-20260826-214430/best.pt
2026-08-26 22:03:05 INFO  scripts.synthetic_model_comparison.training.training_pipeline | new best mAP50_95=0.5851 at epoch 56
2026-08-26 22:03:05 INFO  scripts.synthetic_model_comparison.training.training_pipeline | saved checkpoint: /home/debian/Master-Thesis/scripts/synthetic_model_comparison/training/model_exports/yolo26n-gpt-image-2-low-compressed-seed44-20260826-214430/last.pt
2026-08-26 22:03:05 INFO  scripts.synthetic_model_comparison.training.training_pipeline | epoch 56/200 done — next lr=0.00831562, epochs_since_improve=0/20
2026-08-26 22:03:05 INFO  scripts.synthetic_model_comparison.training.training_pipeline | epoch 57/200 — train start (lr=0.00831562, batches=15)
2026-08-26 22:03:15 INFO  scripts.synthetic_model_comparison.training.training_pipeline | step 850 | loss_box=1.0149 loss_cls=0.6962 loss_dfl=0.0323 loss_total=111.0348 lr=0.00827165
2026-08-26 22:03:19 INFO  scripts.synthetic_model_comparison.training.training_pipeline | epoch 57/200 — train done in 13.5s | avg loss_box=1.1195 loss_cls=0.8063 loss_dfl=0.0330 loss_total=119.8635
2026-08-26 22:03:19 INFO  scripts.synthetic_model_comparison.training.evaluation | evaluating on 4 batches
2026-08-26 22:03:24 INFO  scripts.synthetic_model_comparison.training.training_pipeline | epoch 57/200 — val mAP50=0.8799 mAP50_95=0.5944 (selection mAP50_95=0.5944)
2026-08-26 22:03:25 INFO  scripts.synthetic_model_comparison.training.evaluation | mlflow: logged val/mAP50=0.8799 val/mAP50_95=0.5944 (step=56)
2026-08-26 22:03:26 INFO  scripts.synthetic_model_comparison.training.evaluation | mlflow: logged val per-class AP table (12 classes)
2026-08-26 22:03:26 INFO  scripts.synthetic_model_comparison.training.training_pipeline | saved checkpoint: /home/debian/Master-Thesis/scripts/synthetic_model_comparison/training/model_exports/yolo26n-gpt-image-2-low-compressed-seed44-20260826-214430/best.pt
2026-08-26 22:03:26 INFO  scripts.synthetic_model_comparison.training.training_pipeline | new best mAP50_95=0.5944 at epoch 57
2026-08-26 22:03:26 INFO  scripts.synthetic_model_comparison.training.training_pipeline | saved checkpoint: /home/debian/Master-Thesis/scripts/synthetic_model_comparison/training/model_exports/yolo26n-gpt-image-2-low-compressed-seed44-20260826-214430/last.pt
2026-08-26 22:03:26 INFO  scripts.synthetic_model_comparison.training.training_pipeline | epoch 57/200 done — next lr=0.00825555, epochs_since_improve=0/20
2026-08-26 22:03:26 INFO  scripts.synthetic_model_comparison.training.training_pipeline | epoch 58/200 — train start (lr=0.00825555, batches=15)
2026-08-26 22:03:38 INFO  scripts.synthetic_model_comparison.training.training_pipeline | epoch 58/200 — train done in 11.8s | avg loss_box=1.0989 loss_cls=0.7995 loss_dfl=0.0326 loss_total=118.2663
2026-08-26 22:03:38 INFO  scripts.synthetic_model_comparison.training.evaluation | evaluating on 4 batches
2026-08-26 22:03:44 INFO  scripts.synthetic_model_comparison.training.training_pipeline | epoch 58/200 — val mAP50=0.8713 mAP50_95=0.5802 (selection mAP50_95=0.5802)
2026-08-26 22:03:45 INFO  scripts.synthetic_model_comparison.training.evaluation | mlflow: logged val/mAP50=0.8713 val/mAP50_95=0.5802 (step=57)
2026-08-26 22:03:45 INFO  scripts.synthetic_model_comparison.training.evaluation | mlflow: logged val per-class AP table (12 classes)
2026-08-26 22:03:45 INFO  scripts.synthetic_model_comparison.training.training_pipeline | saved checkpoint: /home/debian/Master-Thesis/scripts/synthetic_model_comparison/training/model_exports/yolo26n-gpt-image-2-low-compressed-seed44-20260826-214430/last.pt
2026-08-26 22:03:45 INFO  scripts.synthetic_model_comparison.training.training_pipeline | epoch 58/200 done — next lr=0.00819466, epochs_since_improve=1/20
2026-08-26 22:03:45 INFO  scripts.synthetic_model_comparison.training.training_pipeline | epoch 59/200 — train start (lr=0.00819466, batches=15)
2026-08-26 22:03:58 INFO  scripts.synthetic_model_comparison.training.training_pipeline | epoch 59/200 — train done in 12.1s | avg loss_box=1.0998 loss_cls=0.7751 loss_dfl=0.0328 loss_total=116.3481
2026-08-26 22:03:58 INFO  scripts.synthetic_model_comparison.training.evaluation | evaluating on 4 batches
2026-08-26 22:04:03 INFO  scripts.synthetic_model_comparison.training.training_pipeline | epoch 59/200 — val mAP50=0.8798 mAP50_95=0.6122 (selection mAP50_95=0.6122)
2026-08-26 22:04:04 INFO  scripts.synthetic_model_comparison.training.evaluation | mlflow: logged val/mAP50=0.8798 val/mAP50_95=0.6122 (step=58)
2026-08-26 22:04:04 INFO  scripts.synthetic_model_comparison.training.evaluation | mlflow: logged val per-class AP table (12 classes)
2026-08-26 22:04:04 INFO  scripts.synthetic_model_comparison.training.training_pipeline | saved checkpoint: /home/debian/Master-Thesis/scripts/synthetic_model_comparison/training/model_exports/yolo26n-gpt-image-2-low-compressed-seed44-20260826-214430/best.pt
2026-08-26 22:04:04 INFO  scripts.synthetic_model_comparison.training.training_pipeline | new best mAP50_95=0.6122 at epoch 59
2026-08-26 22:04:05 INFO  scripts.synthetic_model_comparison.training.training_pipeline | saved checkpoint: /home/debian/Master-Thesis/scripts/synthetic_model_comparison/training/model_exports/yolo26n-gpt-image-2-low-compressed-seed44-20260826-214430/last.pt
2026-08-26 22:04:05 INFO  scripts.synthetic_model_comparison.training.training_pipeline | epoch 59/200 done — next lr=0.00813295, epochs_since_improve=0/20
2026-08-26 22:04:05 INFO  scripts.synthetic_model_comparison.training.training_pipeline | epoch 60/200 — train start (lr=0.00813295, batches=15)
2026-08-26 22:04:17 INFO  scripts.synthetic_model_comparison.training.training_pipeline | epoch 60/200 — train done in 11.6s | avg loss_box=1.1096 loss_cls=0.8004 loss_dfl=0.0327 loss_total=118.6676
2026-08-26 22:04:17 INFO  scripts.synthetic_model_comparison.training.evaluation | evaluating on 4 batches
2026-08-26 22:04:22 INFO  scripts.synthetic_model_comparison.training.training_pipeline | epoch 60/200 — val mAP50=0.8629 mAP50_95=0.5971 (selection mAP50_95=0.5971)
2026-08-26 22:04:23 INFO  scripts.synthetic_model_comparison.training.evaluation | mlflow: logged val/mAP50=0.8629 val/mAP50_95=0.5971 (step=59)
2026-08-26 22:04:23 INFO  scripts.synthetic_model_comparison.training.evaluation | mlflow: logged val per-class AP table (12 classes)
2026-08-26 22:04:24 INFO  scripts.synthetic_model_comparison.training.training_pipeline | saved checkpoint: /home/debian/Master-Thesis/scripts/synthetic_model_comparison/training/model_exports/yolo26n-gpt-image-2-low-compressed-seed44-20260826-214430/last.pt
2026-08-26 22:04:24 INFO  scripts.synthetic_model_comparison.training.training_pipeline | epoch 60/200 done — next lr=0.00807046, epochs_since_improve=1/20
2026-08-26 22:04:24 INFO  scripts.synthetic_model_comparison.training.training_pipeline | epoch 61/200 — train start (lr=0.00807046, batches=15)
2026-08-26 22:04:30 INFO  scripts.synthetic_model_comparison.training.training_pipeline | step 900 | loss_box=1.1845 loss_cls=0.7853 loss_dfl=0.0365 loss_total=124.0663 lr=0.00806626
2026-08-26 22:04:37 INFO  scripts.synthetic_model_comparison.training.training_pipeline | epoch 61/200 — train done in 13.3s | avg loss_box=1.0904 loss_cls=0.7851 loss_dfl=0.0320 loss_total=116.6087
2026-08-26 22:04:37 INFO  scripts.synthetic_model_comparison.training.evaluation | evaluating on 4 batches
2026-08-26 22:04:43 INFO  scripts.synthetic_model_comparison.training.training_pipeline | epoch 61/200 — val mAP50=0.8675 mAP50_95=0.6273 (selection mAP50_95=0.6273)
2026-08-26 22:04:44 INFO  scripts.synthetic_model_comparison.training.evaluation | mlflow: logged val/mAP50=0.8675 val/mAP50_95=0.6273 (step=60)
2026-08-26 22:04:44 INFO  scripts.synthetic_model_comparison.training.evaluation | mlflow: logged val per-class AP table (12 classes)
2026-08-26 22:04:44 INFO  scripts.synthetic_model_comparison.training.training_pipeline | saved checkpoint: /home/debian/Master-Thesis/scripts/synthetic_model_comparison/training/model_exports/yolo26n-gpt-image-2-low-compressed-seed44-20260826-214430/best.pt
2026-08-26 22:04:44 INFO  scripts.synthetic_model_comparison.training.training_pipeline | new best mAP50_95=0.6273 at epoch 61
2026-08-26 22:04:45 INFO  scripts.synthetic_model_comparison.training.training_pipeline | saved checkpoint: /home/debian/Master-Thesis/scripts/synthetic_model_comparison/training/model_exports/yolo26n-gpt-image-2-low-compressed-seed44-20260826-214430/last.pt
2026-08-26 22:04:45 INFO  scripts.synthetic_model_comparison.training.training_pipeline | epoch 61/200 done — next lr=0.00800718, epochs_since_improve=0/20
2026-08-26 22:04:45 INFO  scripts.synthetic_model_comparison.training.training_pipeline | epoch 62/200 — train start (lr=0.00800718, batches=15)
2026-08-26 22:04:57 INFO  scripts.synthetic_model_comparison.training.training_pipeline | epoch 62/200 — train done in 12.1s | avg loss_box=1.1093 loss_cls=0.7706 loss_dfl=0.0334 loss_total=117.5423
2026-08-26 22:04:57 INFO  scripts.synthetic_model_comparison.training.evaluation | evaluating on 4 batches
2026-08-26 22:05:03 INFO  scripts.synthetic_model_comparison.training.training_pipeline | epoch 62/200 — val mAP50=0.8952 mAP50_95=0.6208 (selection mAP50_95=0.6208)
2026-08-26 22:05:04 INFO  scripts.synthetic_model_comparison.training.evaluation | mlflow: logged val/mAP50=0.8952 val/mAP50_95=0.6208 (step=61)
2026-08-26 22:05:04 INFO  scripts.synthetic_model_comparison.training.evaluation | mlflow: logged val per-class AP table (12 classes)
2026-08-26 22:05:04 INFO  scripts.synthetic_model_comparison.training.training_pipeline | saved checkpoint: /home/debian/Master-Thesis/scripts/synthetic_model_comparison/training/model_exports/yolo26n-gpt-image-2-low-compressed-seed44-20260826-214430/last.pt
2026-08-26 22:05:05 INFO  scripts.synthetic_model_comparison.training.training_pipeline | epoch 62/200 done — next lr=0.00794314, epochs_since_improve=1/20
2026-08-26 22:05:05 INFO  scripts.synthetic_model_comparison.training.training_pipeline | epoch 63/200 — train start (lr=0.00794314, batches=15)
2026-08-26 22:05:17 INFO  scripts.synthetic_model_comparison.training.training_pipeline | epoch 63/200 — train done in 12.2s | avg loss_box=1.0601 loss_cls=0.7420 loss_dfl=0.0311 loss_total=113.1575
2026-08-26 22:05:17 INFO  scripts.synthetic_model_comparison.training.evaluation | evaluating on 4 batches
2026-08-26 22:05:22 INFO  scripts.synthetic_model_comparison.training.training_pipeline | epoch 63/200 — val mAP50=0.9075 mAP50_95=0.6556 (selection mAP50_95=0.6556)
2026-08-26 22:05:23 INFO  scripts.synthetic_model_comparison.training.evaluation | mlflow: logged val/mAP50=0.9075 val/mAP50_95=0.6556 (step=62)
2026-08-26 22:05:24 INFO  scripts.synthetic_model_comparison.training.evaluation | mlflow: logged val per-class AP table (12 classes)
2026-08-26 22:05:24 INFO  scripts.synthetic_model_comparison.training.training_pipeline | saved checkpoint: /home/debian/Master-Thesis/scripts/synthetic_model_comparison/training/model_exports/yolo26n-gpt-image-2-low-compressed-seed44-20260826-214430/best.pt
2026-08-26 22:05:24 INFO  scripts.synthetic_model_comparison.training.training_pipeline | new best mAP50_95=0.6556 at epoch 63
2026-08-26 22:05:24 INFO  scripts.synthetic_model_comparison.training.training_pipeline | saved checkpoint: /home/debian/Master-Thesis/scripts/synthetic_model_comparison/training/model_exports/yolo26n-gpt-image-2-low-compressed-seed44-20260826-214430/last.pt
2026-08-26 22:05:24 INFO  scripts.synthetic_model_comparison.training.training_pipeline | epoch 63/200 done — next lr=0.00787835, epochs_since_improve=0/20
2026-08-26 22:05:24 INFO  scripts.synthetic_model_comparison.training.training_pipeline | epoch 64/200 — train start (lr=0.00787835, batches=15)
2026-08-26 22:05:33 INFO  scripts.synthetic_model_comparison.training.training_pipeline | step 950 | loss_box=1.1072 loss_cls=0.7261 loss_dfl=0.0324 loss_total=115.6587 lr=0.00785222
2026-08-26 22:05:38 INFO  scripts.synthetic_model_comparison.training.training_pipeline | epoch 64/200 — train done in 13.7s | avg loss_box=1.0891 loss_cls=0.6980 loss_dfl=0.0317 loss_total=113.0220
2026-08-26 22:05:38 INFO  scripts.synthetic_model_comparison.training.evaluation | evaluating on 4 batches
2026-08-26 22:05:44 INFO  scripts.synthetic_model_comparison.training.training_pipeline | epoch 64/200 — val mAP50=0.8831 mAP50_95=0.6491 (selection mAP50_95=0.6491)
2026-08-26 22:05:45 INFO  scripts.synthetic_model_comparison.training.evaluation | mlflow: logged val/mAP50=0.8831 val/mAP50_95=0.6491 (step=63)
2026-08-26 22:05:45 INFO  scripts.synthetic_model_comparison.training.evaluation | mlflow: logged val per-class AP table (12 classes)
2026-08-26 22:05:45 INFO  scripts.synthetic_model_comparison.training.training_pipeline | saved checkpoint: /home/debian/Master-Thesis/scripts/synthetic_model_comparison/training/model_exports/yolo26n-gpt-image-2-low-compressed-seed44-20260826-214430/last.pt
2026-08-26 22:05:46 INFO  scripts.synthetic_model_comparison.training.training_pipeline | epoch 64/200 done — next lr=0.00781283, epochs_since_improve=1/20
2026-08-26 22:05:46 INFO  scripts.synthetic_model_comparison.training.training_pipeline | epoch 65/200 — train start (lr=0.00781283, batches=15)
2026-08-26 22:05:57 INFO  scripts.synthetic_model_comparison.training.training_pipeline | epoch 65/200 — train done in 11.4s | avg loss_box=1.0423 loss_cls=0.7011 loss_dfl=0.0315 loss_total=110.0726
2026-08-26 22:05:57 INFO  scripts.synthetic_model_comparison.training.evaluation | evaluating on 4 batches
2026-08-26 22:06:03 INFO  scripts.synthetic_model_comparison.training.training_pipeline | epoch 65/200 — val mAP50=0.8801 mAP50_95=0.5862 (selection mAP50_95=0.5862)
2026-08-26 22:06:04 INFO  scripts.synthetic_model_comparison.training.evaluation | mlflow: logged val/mAP50=0.8801 val/mAP50_95=0.5862 (step=64)
2026-08-26 22:06:04 INFO  scripts.synthetic_model_comparison.training.evaluation | mlflow: logged val per-class AP table (12 classes)
2026-08-26 22:06:04 INFO  scripts.synthetic_model_comparison.training.training_pipeline | saved checkpoint: /home/debian/Master-Thesis/scripts/synthetic_model_comparison/training/model_exports/yolo26n-gpt-image-2-low-compressed-seed44-20260826-214430/last.pt
2026-08-26 22:06:04 INFO  scripts.synthetic_model_comparison.training.training_pipeline | epoch 65/200 done — next lr=0.00774659, epochs_since_improve=2/20
2026-08-26 22:06:04 INFO  scripts.synthetic_model_comparison.training.training_pipeline | epoch 66/200 — train start (lr=0.00774659, batches=15)
2026-08-26 22:06:16 INFO  scripts.synthetic_model_comparison.training.training_pipeline | epoch 66/200 — train done in 11.8s | avg loss_box=1.0426 loss_cls=0.7017 loss_dfl=0.0306 loss_total=109.6967
2026-08-26 22:06:16 INFO  scripts.synthetic_model_comparison.training.evaluation | evaluating on 4 batches
2026-08-26 22:06:22 INFO  scripts.synthetic_model_comparison.training.training_pipeline | epoch 66/200 — val mAP50=0.8726 mAP50_95=0.5633 (selection mAP50_95=0.5633)
2026-08-26 22:06:23 INFO  scripts.synthetic_model_comparison.training.evaluation | mlflow: logged val/mAP50=0.8726 val/mAP50_95=0.5633 (step=65)
2026-08-26 22:06:23 INFO  scripts.synthetic_model_comparison.training.evaluation | mlflow: logged val per-class AP table (12 classes)
2026-08-26 22:06:23 INFO  scripts.synthetic_model_comparison.training.training_pipeline | saved checkpoint: /home/debian/Master-Thesis/scripts/synthetic_model_comparison/training/model_exports/yolo26n-gpt-image-2-low-compressed-seed44-20260826-214430/last.pt
2026-08-26 22:06:24 INFO  scripts.synthetic_model_comparison.training.training_pipeline | epoch 66/200 done — next lr=0.00767966, epochs_since_improve=3/20
2026-08-26 22:06:24 INFO  scripts.synthetic_model_comparison.training.training_pipeline | epoch 67/200 — train start (lr=0.00767966, batches=15)
2026-08-26 22:06:34 INFO  scripts.synthetic_model_comparison.training.training_pipeline | step 1000 | loss_box=0.9942 loss_cls=0.6659 loss_dfl=0.0285 loss_total=106.3328 lr=0.00763015
2026-08-26 22:06:37 INFO  scripts.synthetic_model_comparison.training.training_pipeline | epoch 67/200 — train done in 13.4s | avg loss_box=1.0418 loss_cls=0.6961 loss_dfl=0.0306 loss_total=109.8227
2026-08-26 22:06:37 INFO  scripts.synthetic_model_comparison.training.evaluation | evaluating on 4 batches
2026-08-26 22:06:43 INFO  scripts.synthetic_model_comparison.training.training_pipeline | epoch 67/200 — val mAP50=0.9097 mAP50_95=0.6205 (selection mAP50_95=0.6205)
2026-08-26 22:06:44 INFO  scripts.synthetic_model_comparison.training.evaluation | mlflow: logged val/mAP50=0.9097 val/mAP50_95=0.6205 (step=66)
2026-08-26 22:06:44 INFO  scripts.synthetic_model_comparison.training.evaluation | mlflow: logged val per-class AP table (12 classes)
2026-08-26 22:06:44 INFO  scripts.synthetic_model_comparison.training.training_pipeline | saved checkpoint: /home/debian/Master-Thesis/scripts/synthetic_model_comparison/training/model_exports/yolo26n-gpt-image-2-low-compressed-seed44-20260826-214430/last.pt
2026-08-26 22:06:44 INFO  scripts.synthetic_model_comparison.training.training_pipeline | epoch 67/200 done — next lr=0.00761205, epochs_since_improve=4/20
2026-08-26 22:06:44 INFO  scripts.synthetic_model_comparison.training.training_pipeline | epoch 68/200 — train start (lr=0.00761205, batches=15)
2026-08-26 22:06:57 INFO  scripts.synthetic_model_comparison.training.training_pipeline | epoch 68/200 — train done in 12.4s | avg loss_box=1.0490 loss_cls=0.6899 loss_dfl=0.0301 loss_total=109.4192
2026-08-26 22:06:57 INFO  scripts.synthetic_model_comparison.training.evaluation | evaluating on 4 batches
2026-08-26 22:07:02 INFO  scripts.synthetic_model_comparison.training.training_pipeline | epoch 68/200 — val mAP50=0.9073 mAP50_95=0.6149 (selection mAP50_95=0.6149)
2026-08-26 22:07:03 INFO  scripts.synthetic_model_comparison.training.evaluation | mlflow: logged val/mAP50=0.9073 val/mAP50_95=0.6149 (step=67)
2026-08-26 22:07:04 INFO  scripts.synthetic_model_comparison.training.evaluation | mlflow: logged val per-class AP table (12 classes)
2026-08-26 22:07:04 INFO  scripts.synthetic_model_comparison.training.training_pipeline | saved checkpoint: /home/debian/Master-Thesis/scripts/synthetic_model_comparison/training/model_exports/yolo26n-gpt-image-2-low-compressed-seed44-20260826-214430/last.pt
2026-08-26 22:07:04 INFO  scripts.synthetic_model_comparison.training.training_pipeline | epoch 68/200 done — next lr=0.00754378, epochs_since_improve=5/20
2026-08-26 22:07:04 INFO  scripts.synthetic_model_comparison.training.training_pipeline | epoch 69/200 — train start (lr=0.00754378, batches=15)
2026-08-26 22:07:16 INFO  scripts.synthetic_model_comparison.training.training_pipeline | epoch 69/200 — train done in 11.8s | avg loss_box=1.0094 loss_cls=0.6632 loss_dfl=0.0294 loss_total=105.7280
2026-08-26 22:07:16 INFO  scripts.synthetic_model_comparison.training.evaluation | evaluating on 4 batches
2026-08-26 22:07:22 INFO  scripts.synthetic_model_comparison.training.training_pipeline | epoch 69/200 — val mAP50=0.9103 mAP50_95=0.6737 (selection mAP50_95=0.6737)
2026-08-26 22:07:23 INFO  scripts.synthetic_model_comparison.training.evaluation | mlflow: logged val/mAP50=0.9103 val/mAP50_95=0.6737 (step=68)
2026-08-26 22:07:23 INFO  scripts.synthetic_model_comparison.training.evaluation | mlflow: logged val per-class AP table (12 classes)
2026-08-26 22:07:23 INFO  scripts.synthetic_model_comparison.training.training_pipeline | saved checkpoint: /home/debian/Master-Thesis/scripts/synthetic_model_comparison/training/model_exports/yolo26n-gpt-image-2-low-compressed-seed44-20260826-214430/best.pt
2026-08-26 22:07:23 INFO  scripts.synthetic_model_comparison.training.training_pipeline | new best mAP50_95=0.6737 at epoch 69
2026-08-26 22:07:23 INFO  scripts.synthetic_model_comparison.training.training_pipeline | saved checkpoint: /home/debian/Master-Thesis/scripts/synthetic_model_comparison/training/model_exports/yolo26n-gpt-image-2-low-compressed-seed44-20260826-214430/last.pt
2026-08-26 22:07:24 INFO  scripts.synthetic_model_comparison.training.training_pipeline | epoch 69/200 done — next lr=0.00747486, epochs_since_improve=0/20
2026-08-26 22:07:24 INFO  scripts.synthetic_model_comparison.training.training_pipeline | epoch 70/200 — train start (lr=0.00747486, batches=15)
2026-08-26 22:07:35 INFO  scripts.synthetic_model_comparison.training.training_pipeline | epoch 70/200 — train done in 11.7s | avg loss_box=1.0082 loss_cls=0.6439 loss_dfl=0.0299 loss_total=104.5515
2026-08-26 22:07:35 INFO  scripts.synthetic_model_comparison.training.evaluation | evaluating on 4 batches
2026-08-26 22:07:41 INFO  scripts.synthetic_model_comparison.training.training_pipeline | epoch 70/200 — val mAP50=0.8947 mAP50_95=0.6318 (selection mAP50_95=0.6318)
2026-08-26 22:07:42 INFO  scripts.synthetic_model_comparison.training.evaluation | mlflow: logged val/mAP50=0.8947 val/mAP50_95=0.6318 (step=69)
2026-08-26 22:07:42 INFO  scripts.synthetic_model_comparison.training.evaluation | mlflow: logged val per-class AP table (12 classes)
2026-08-26 22:07:42 INFO  scripts.synthetic_model_comparison.training.training_pipeline | saved checkpoint: /home/debian/Master-Thesis/scripts/synthetic_model_comparison/training/model_exports/yolo26n-gpt-image-2-low-compressed-seed44-20260826-214430/last.pt
2026-08-26 22:07:43 INFO  scripts.synthetic_model_comparison.training.training_pipeline | epoch 70/200 done — next lr=0.00740531, epochs_since_improve=1/20
2026-08-26 22:07:43 INFO  scripts.synthetic_model_comparison.training.training_pipeline | epoch 71/200 — train start (lr=0.00740531, batches=15)
2026-08-26 22:07:49 INFO  scripts.synthetic_model_comparison.training.training_pipeline | step 1050 | loss_box=1.0099 loss_cls=0.6184 loss_dfl=0.0313 loss_total=103.7335 lr=0.00740065
2026-08-26 22:07:56 INFO  scripts.synthetic_model_comparison.training.training_pipeline | epoch 71/200 — train done in 13.2s | avg loss_box=0.9821 loss_cls=0.6619 loss_dfl=0.0285 loss_total=103.6210
2026-08-26 22:07:56 INFO  scripts.synthetic_model_comparison.training.evaluation | evaluating on 4 batches
2026-08-26 22:08:02 INFO  scripts.synthetic_model_comparison.training.training_pipeline | epoch 71/200 — val mAP50=0.9037 mAP50_95=0.6295 (selection mAP50_95=0.6295)
2026-08-26 22:08:03 INFO  scripts.synthetic_model_comparison.training.evaluation | mlflow: logged val/mAP50=0.9037 val/mAP50_95=0.6295 (step=70)
2026-08-26 22:08:03 INFO  scripts.synthetic_model_comparison.training.evaluation | mlflow: logged val per-class AP table (12 classes)
2026-08-26 22:08:03 INFO  scripts.synthetic_model_comparison.training.training_pipeline | saved checkpoint: /home/debian/Master-Thesis/scripts/synthetic_model_comparison/training/model_exports/yolo26n-gpt-image-2-low-compressed-seed44-20260826-214430/last.pt
2026-08-26 22:08:04 INFO  scripts.synthetic_model_comparison.training.training_pipeline | epoch 71/200 done — next lr=0.00733515, epochs_since_improve=2/20
2026-08-26 22:08:04 INFO  scripts.synthetic_model_comparison.training.training_pipeline | epoch 72/200 — train start (lr=0.00733515, batches=15)
2026-08-26 22:08:15 INFO  scripts.synthetic_model_comparison.training.training_pipeline | epoch 72/200 — train done in 11.7s | avg loss_box=0.9899 loss_cls=0.6524 loss_dfl=0.0293 loss_total=103.9345
2026-08-26 22:08:15 INFO  scripts.synthetic_model_comparison.training.evaluation | evaluating on 4 batches
2026-08-26 22:08:21 INFO  scripts.synthetic_model_comparison.training.training_pipeline | epoch 72/200 — val mAP50=0.8851 mAP50_95=0.6247 (selection mAP50_95=0.6247)
2026-08-26 22:08:22 INFO  scripts.synthetic_model_comparison.training.evaluation | mlflow: logged val/mAP50=0.8851 val/mAP50_95=0.6247 (step=71)
2026-08-26 22:08:22 INFO  scripts.synthetic_model_comparison.training.evaluation | mlflow: logged val per-class AP table (12 classes)
2026-08-26 22:08:23 INFO  scripts.synthetic_model_comparison.training.training_pipeline | saved checkpoint: /home/debian/Master-Thesis/scripts/synthetic_model_comparison/training/model_exports/yolo26n-gpt-image-2-low-compressed-seed44-20260826-214430/last.pt
2026-08-26 22:08:23 INFO  scripts.synthetic_model_comparison.training.training_pipeline | epoch 72/200 done — next lr=0.0072644, epochs_since_improve=3/20
2026-08-26 22:08:23 INFO  scripts.synthetic_model_comparison.training.training_pipeline | epoch 73/200 — train start (lr=0.0072644, batches=15)
2026-08-26 22:08:36 INFO  scripts.synthetic_model_comparison.training.training_pipeline | epoch 73/200 — train done in 12.6s | avg loss_box=1.0084 loss_cls=0.6795 loss_dfl=0.0300 loss_total=105.6538
2026-08-26 22:08:36 INFO  scripts.synthetic_model_comparison.training.evaluation | evaluating on 4 batches
2026-08-26 22:08:41 INFO  scripts.synthetic_model_comparison.training.training_pipeline | epoch 73/200 — val mAP50=0.9071 mAP50_95=0.6673 (selection mAP50_95=0.6673)
2026-08-26 22:08:42 INFO  scripts.synthetic_model_comparison.training.evaluation | mlflow: logged val/mAP50=0.9071 val/mAP50_95=0.6673 (step=72)
2026-08-26 22:08:43 INFO  scripts.synthetic_model_comparison.training.evaluation | mlflow: logged val per-class AP table (12 classes)
2026-08-26 22:08:43 INFO  scripts.synthetic_model_comparison.training.training_pipeline | saved checkpoint: /home/debian/Master-Thesis/scripts/synthetic_model_comparison/training/model_exports/yolo26n-gpt-image-2-low-compressed-seed44-20260826-214430/last.pt
2026-08-26 22:08:43 INFO  scripts.synthetic_model_comparison.training.training_pipeline | epoch 73/200 done — next lr=0.00719307, epochs_since_improve=4/20
2026-08-26 22:08:43 INFO  scripts.synthetic_model_comparison.training.training_pipeline | epoch 74/200 — train start (lr=0.00719307, batches=15)
2026-08-26 22:08:52 INFO  scripts.synthetic_model_comparison.training.training_pipeline | step 1100 | loss_box=0.9134 loss_cls=0.5923 loss_dfl=0.0290 loss_total=96.1432 lr=0.00716439
2026-08-26 22:08:57 INFO  scripts.synthetic_model_comparison.training.training_pipeline | epoch 74/200 — train done in 14.0s | avg loss_box=0.9722 loss_cls=0.6452 loss_dfl=0.0280 loss_total=101.8030
2026-08-26 22:08:57 INFO  scripts.synthetic_model_comparison.training.evaluation | evaluating on 4 batches
2026-08-26 22:09:03 INFO  scripts.synthetic_model_comparison.training.training_pipeline | epoch 74/200 — val mAP50=0.8994 mAP50_95=0.6092 (selection mAP50_95=0.6092)
2026-08-26 22:09:04 INFO  scripts.synthetic_model_comparison.training.evaluation | mlflow: logged val/mAP50=0.8994 val/mAP50_95=0.6092 (step=73)
2026-08-26 22:09:04 INFO  scripts.synthetic_model_comparison.training.evaluation | mlflow: logged val per-class AP table (12 classes)
2026-08-26 22:09:04 INFO  scripts.synthetic_model_comparison.training.training_pipeline | saved checkpoint: /home/debian/Master-Thesis/scripts/synthetic_model_comparison/training/model_exports/yolo26n-gpt-image-2-low-compressed-seed44-20260826-214430/last.pt
2026-08-26 22:09:05 INFO  scripts.synthetic_model_comparison.training.training_pipeline | epoch 74/200 done — next lr=0.00712119, epochs_since_improve=5/20
2026-08-26 22:09:05 INFO  scripts.synthetic_model_comparison.training.training_pipeline | epoch 75/200 — train start (lr=0.00712119, batches=15)
2026-08-26 22:09:16 INFO  scripts.synthetic_model_comparison.training.training_pipeline | epoch 75/200 — train done in 11.8s | avg loss_box=0.9505 loss_cls=0.6295 loss_dfl=0.0275 loss_total=100.6939
2026-08-26 22:09:16 INFO  scripts.synthetic_model_comparison.training.evaluation | evaluating on 4 batches
2026-08-26 22:09:22 INFO  scripts.synthetic_model_comparison.training.training_pipeline | epoch 75/200 — val mAP50=0.9194 mAP50_95=0.6421 (selection mAP50_95=0.6421)
2026-08-26 22:09:23 INFO  scripts.synthetic_model_comparison.training.evaluation | mlflow: logged val/mAP50=0.9194 val/mAP50_95=0.6421 (step=74)
2026-08-26 22:09:23 INFO  scripts.synthetic_model_comparison.training.evaluation | mlflow: logged val per-class AP table (12 classes)
2026-08-26 22:09:24 INFO  scripts.synthetic_model_comparison.training.training_pipeline | saved checkpoint: /home/debian/Master-Thesis/scripts/synthetic_model_comparison/training/model_exports/yolo26n-gpt-image-2-low-compressed-seed44-20260826-214430/last.pt
2026-08-26 22:09:24 INFO  scripts.synthetic_model_comparison.training.training_pipeline | epoch 75/200 done — next lr=0.00704877, epochs_since_improve=6/20
2026-08-26 22:09:24 INFO  scripts.synthetic_model_comparison.training.training_pipeline | epoch 76/200 — train start (lr=0.00704877, batches=15)
2026-08-26 22:09:36 INFO  scripts.synthetic_model_comparison.training.training_pipeline | epoch 76/200 — train done in 11.8s | avg loss_box=0.9408 loss_cls=0.5939 loss_dfl=0.0276 loss_total=97.7860
2026-08-26 22:09:36 INFO  scripts.synthetic_model_comparison.training.evaluation | evaluating on 4 batches
2026-08-26 22:09:42 INFO  scripts.synthetic_model_comparison.training.training_pipeline | epoch 76/200 — val mAP50=0.9151 mAP50_95=0.6496 (selection mAP50_95=0.6496)
2026-08-26 22:09:43 INFO  scripts.synthetic_model_comparison.training.evaluation | mlflow: logged val/mAP50=0.9151 val/mAP50_95=0.6496 (step=75)
2026-08-26 22:09:43 INFO  scripts.synthetic_model_comparison.training.evaluation | mlflow: logged val per-class AP table (12 classes)
2026-08-26 22:09:43 INFO  scripts.synthetic_model_comparison.training.training_pipeline | saved checkpoint: /home/debian/Master-Thesis/scripts/synthetic_model_comparison/training/model_exports/yolo26n-gpt-image-2-low-compressed-seed44-20260826-214430/last.pt
2026-08-26 22:09:43 INFO  scripts.synthetic_model_comparison.training.training_pipeline | epoch 76/200 done — next lr=0.00697583, epochs_since_improve=7/20
2026-08-26 22:09:43 INFO  scripts.synthetic_model_comparison.training.training_pipeline | epoch 77/200 — train start (lr=0.00697583, batches=15)
2026-08-26 22:09:54 INFO  scripts.synthetic_model_comparison.training.training_pipeline | step 1150 | loss_box=0.9606 loss_cls=0.5296 loss_dfl=0.0266 loss_total=97.1573 lr=0.00692202
2026-08-26 22:09:57 INFO  scripts.synthetic_model_comparison.training.training_pipeline | epoch 77/200 — train done in 14.0s | avg loss_box=0.9431 loss_cls=0.5959 loss_dfl=0.0274 loss_total=98.3112
2026-08-26 22:09:57 INFO  scripts.synthetic_model_comparison.training.evaluation | evaluating on 4 batches
2026-08-26 22:10:03 INFO  scripts.synthetic_model_comparison.training.training_pipeline | epoch 77/200 — val mAP50=0.9163 mAP50_95=0.6555 (selection mAP50_95=0.6555)
2026-08-26 22:10:04 INFO  scripts.synthetic_model_comparison.training.evaluation | mlflow: logged val/mAP50=0.9163 val/mAP50_95=0.6555 (step=76)
2026-08-26 22:10:04 INFO  scripts.synthetic_model_comparison.training.evaluation | mlflow: logged val per-class AP table (12 classes)
2026-08-26 22:10:04 INFO  scripts.synthetic_model_comparison.training.training_pipeline | saved checkpoint: /home/debian/Master-Thesis/scripts/synthetic_model_comparison/training/model_exports/yolo26n-gpt-image-2-low-compressed-seed44-20260826-214430/last.pt
2026-08-26 22:10:05 INFO  scripts.synthetic_model_comparison.training.training_pipeline | epoch 77/200 done — next lr=0.00690239, epochs_since_improve=8/20
2026-08-26 22:10:05 INFO  scripts.synthetic_model_comparison.training.training_pipeline | epoch 78/200 — train start (lr=0.00690239, batches=15)
2026-08-26 22:10:17 INFO  scripts.synthetic_model_comparison.training.training_pipeline | epoch 78/200 — train done in 11.9s | avg loss_box=0.9570 loss_cls=0.6032 loss_dfl=0.0277 loss_total=99.2950
2026-08-26 22:10:17 INFO  scripts.synthetic_model_comparison.training.evaluation | evaluating on 4 batches
2026-08-26 22:10:23 INFO  scripts.synthetic_model_comparison.training.training_pipeline | epoch 78/200 — val mAP50=0.9236 mAP50_95=0.6727 (selection mAP50_95=0.6727)
2026-08-26 22:10:23 INFO  scripts.synthetic_model_comparison.training.evaluation | mlflow: logged val/mAP50=0.9236 val/mAP50_95=0.6727 (step=77)
2026-08-26 22:10:24 INFO  scripts.synthetic_model_comparison.training.evaluation | mlflow: logged val per-class AP table (12 classes)
2026-08-26 22:10:24 INFO  scripts.synthetic_model_comparison.training.training_pipeline | saved checkpoint: /home/debian/Master-Thesis/scripts/synthetic_model_comparison/training/model_exports/yolo26n-gpt-image-2-low-compressed-seed44-20260826-214430/last.pt
2026-08-26 22:10:24 INFO  scripts.synthetic_model_comparison.training.training_pipeline | epoch 78/200 done — next lr=0.00682847, epochs_since_improve=9/20
2026-08-26 22:10:24 INFO  scripts.synthetic_model_comparison.training.training_pipeline | epoch 79/200 — train start (lr=0.00682847, batches=15)
2026-08-26 22:10:36 INFO  scripts.synthetic_model_comparison.training.training_pipeline | epoch 79/200 — train done in 12.2s | avg loss_box=0.9180 loss_cls=0.5965 loss_dfl=0.0266 loss_total=96.4629
2026-08-26 22:10:36 INFO  scripts.synthetic_model_comparison.training.evaluation | evaluating on 4 batches
2026-08-26 22:10:42 INFO  scripts.synthetic_model_comparison.training.training_pipeline | epoch 79/200 — val mAP50=0.9220 mAP50_95=0.6948 (selection mAP50_95=0.6948)
2026-08-26 22:10:43 INFO  scripts.synthetic_model_comparison.training.evaluation | mlflow: logged val/mAP50=0.9220 val/mAP50_95=0.6948 (step=78)
2026-08-26 22:10:44 INFO  scripts.synthetic_model_comparison.training.evaluation | mlflow: logged val per-class AP table (12 classes)
2026-08-26 22:10:44 INFO  scripts.synthetic_model_comparison.training.training_pipeline | saved checkpoint: /home/debian/Master-Thesis/scripts/synthetic_model_comparison/training/model_exports/yolo26n-gpt-image-2-low-compressed-seed44-20260826-214430/best.pt
2026-08-26 22:10:44 INFO  scripts.synthetic_model_comparison.training.training_pipeline | new best mAP50_95=0.6948 at epoch 79
2026-08-26 22:10:44 INFO  scripts.synthetic_model_comparison.training.training_pipeline | saved checkpoint: /home/debian/Master-Thesis/scripts/synthetic_model_comparison/training/model_exports/yolo26n-gpt-image-2-low-compressed-seed44-20260826-214430/last.pt
2026-08-26 22:10:44 INFO  scripts.synthetic_model_comparison.training.training_pipeline | epoch 79/200 done — next lr=0.00675408, epochs_since_improve=0/20
2026-08-26 22:10:44 INFO  scripts.synthetic_model_comparison.training.training_pipeline | epoch 80/200 — train start (lr=0.00675408, batches=15)
2026-08-26 22:10:56 INFO  scripts.synthetic_model_comparison.training.training_pipeline | epoch 80/200 — train done in 11.4s | avg loss_box=0.9325 loss_cls=0.6085 loss_dfl=0.0271 loss_total=97.2102
2026-08-26 22:10:56 INFO  scripts.synthetic_model_comparison.training.evaluation | evaluating on 4 batches
2026-08-26 22:11:01 INFO  scripts.synthetic_model_comparison.training.training_pipeline | epoch 80/200 — val mAP50=0.9187 mAP50_95=0.6648 (selection mAP50_95=0.6648)
2026-08-26 22:11:02 INFO  scripts.synthetic_model_comparison.training.evaluation | mlflow: logged val/mAP50=0.9187 val/mAP50_95=0.6648 (step=79)
2026-08-26 22:11:02 INFO  scripts.synthetic_model_comparison.training.evaluation | mlflow: logged val per-class AP table (12 classes)
2026-08-26 22:11:02 INFO  scripts.synthetic_model_comparison.training.training_pipeline | saved checkpoint: /home/debian/Master-Thesis/scripts/synthetic_model_comparison/training/model_exports/yolo26n-gpt-image-2-low-compressed-seed44-20260826-214430/last.pt
2026-08-26 22:11:03 INFO  scripts.synthetic_model_comparison.training.training_pipeline | epoch 80/200 done — next lr=0.00667925, epochs_since_improve=1/20
2026-08-26 22:11:03 INFO  scripts.synthetic_model_comparison.training.training_pipeline | epoch 81/200 — train start (lr=0.00667925, batches=15)
2026-08-26 22:11:09 INFO  scripts.synthetic_model_comparison.training.training_pipeline | step 1200 | loss_box=0.8499 loss_cls=0.5992 loss_dfl=0.0276 loss_total=91.1781 lr=0.00667424
2026-08-26 22:11:17 INFO  scripts.synthetic_model_comparison.training.training_pipeline | epoch 81/200 — train done in 13.8s | avg loss_box=0.9277 loss_cls=0.5776 loss_dfl=0.0272 loss_total=95.8437
2026-08-26 22:11:17 INFO  scripts.synthetic_model_comparison.training.evaluation | evaluating on 4 batches
2026-08-26 22:11:22 INFO  scripts.synthetic_model_comparison.training.training_pipeline | epoch 81/200 — val mAP50=0.9253 mAP50_95=0.6911 (selection mAP50_95=0.6911)
2026-08-26 22:11:23 INFO  scripts.synthetic_model_comparison.training.evaluation | mlflow: logged val/mAP50=0.9253 val/mAP50_95=0.6911 (step=80)
2026-08-26 22:11:23 INFO  scripts.synthetic_model_comparison.training.evaluation | mlflow: logged val per-class AP table (12 classes)
2026-08-26 22:11:24 INFO  scripts.synthetic_model_comparison.training.training_pipeline | saved checkpoint: /home/debian/Master-Thesis/scripts/synthetic_model_comparison/training/model_exports/yolo26n-gpt-image-2-low-compressed-seed44-20260826-214430/last.pt
2026-08-26 22:11:24 INFO  scripts.synthetic_model_comparison.training.training_pipeline | epoch 81/200 done — next lr=0.00660399, epochs_since_improve=2/20
2026-08-26 22:11:24 INFO  scripts.synthetic_model_comparison.training.training_pipeline | epoch 82/200 — train start (lr=0.00660399, batches=15)
2026-08-26 22:11:36 INFO  scripts.synthetic_model_comparison.training.training_pipeline | epoch 82/200 — train done in 11.6s | avg loss_box=0.8914 loss_cls=0.5814 loss_dfl=0.0254 loss_total=93.3882
2026-08-26 22:11:36 INFO  scripts.synthetic_model_comparison.training.evaluation | evaluating on 4 batches
2026-08-26 22:11:41 INFO  scripts.synthetic_model_comparison.training.training_pipeline | epoch 82/200 — val mAP50=0.9356 mAP50_95=0.6904 (selection mAP50_95=0.6904)
2026-08-26 22:11:42 INFO  scripts.synthetic_model_comparison.training.evaluation | mlflow: logged val/mAP50=0.9356 val/mAP50_95=0.6904 (step=81)
2026-08-26 22:11:43 INFO  scripts.synthetic_model_comparison.training.evaluation | mlflow: logged val per-class AP table (12 classes)
2026-08-26 22:11:43 INFO  scripts.synthetic_model_comparison.training.training_pipeline | saved checkpoint: /home/debian/Master-Thesis/scripts/synthetic_model_comparison/training/model_exports/yolo26n-gpt-image-2-low-compressed-seed44-20260826-214430/last.pt
2026-08-26 22:11:43 INFO  scripts.synthetic_model_comparison.training.training_pipeline | epoch 82/200 done — next lr=0.00652832, epochs_since_improve=3/20
2026-08-26 22:11:43 INFO  scripts.synthetic_model_comparison.training.training_pipeline | epoch 83/200 — train start (lr=0.00652832, batches=15)
2026-08-26 22:11:55 INFO  scripts.synthetic_model_comparison.training.training_pipeline | epoch 83/200 — train done in 12.1s | avg loss_box=0.8952 loss_cls=0.5650 loss_dfl=0.0259 loss_total=93.0175
2026-08-26 22:11:55 INFO  scripts.synthetic_model_comparison.training.evaluation | evaluating on 4 batches
2026-08-26 22:12:01 INFO  scripts.synthetic_model_comparison.training.training_pipeline | epoch 83/200 — val mAP50=0.9299 mAP50_95=0.6003 (selection mAP50_95=0.6003)
2026-08-26 22:12:02 INFO  scripts.synthetic_model_comparison.training.evaluation | mlflow: logged val/mAP50=0.9299 val/mAP50_95=0.6003 (step=82)
2026-08-26 22:12:02 INFO  scripts.synthetic_model_comparison.training.evaluation | mlflow: logged val per-class AP table (12 classes)
2026-08-26 22:12:02 INFO  scripts.synthetic_model_comparison.training.training_pipeline | saved checkpoint: /home/debian/Master-Thesis/scripts/synthetic_model_comparison/training/model_exports/yolo26n-gpt-image-2-low-compressed-seed44-20260826-214430/last.pt
2026-08-26 22:12:03 INFO  scripts.synthetic_model_comparison.training.training_pipeline | epoch 83/200 done — next lr=0.00645227, epochs_since_improve=4/20
2026-08-26 22:12:03 INFO  scripts.synthetic_model_comparison.training.training_pipeline | epoch 84/200 — train start (lr=0.00645227, batches=15)
2026-08-26 22:12:11 INFO  scripts.synthetic_model_comparison.training.training_pipeline | step 1250 | loss_box=0.8849 loss_cls=0.5365 loss_dfl=0.0257 loss_total=90.7505 lr=0.00642175
2026-08-26 22:12:16 INFO  scripts.synthetic_model_comparison.training.training_pipeline | epoch 84/200 — train done in 13.8s | avg loss_box=0.8810 loss_cls=0.5624 loss_dfl=0.0257 loss_total=91.8729
2026-08-26 22:12:16 INFO  scripts.synthetic_model_comparison.training.evaluation | evaluating on 4 batches
2026-08-26 22:12:22 INFO  scripts.synthetic_model_comparison.training.training_pipeline | epoch 84/200 — val mAP50=0.9176 mAP50_95=0.6794 (selection mAP50_95=0.6794)
2026-08-26 22:12:23 INFO  scripts.synthetic_model_comparison.training.evaluation | mlflow: logged val/mAP50=0.9176 val/mAP50_95=0.6794 (step=83)
2026-08-26 22:12:24 INFO  scripts.synthetic_model_comparison.training.evaluation | mlflow: logged val per-class AP table (12 classes)
2026-08-26 22:12:24 INFO  scripts.synthetic_model_comparison.training.training_pipeline | saved checkpoint: /home/debian/Master-Thesis/scripts/synthetic_model_comparison/training/model_exports/yolo26n-gpt-image-2-low-compressed-seed44-20260826-214430/last.pt
2026-08-26 22:12:24 INFO  scripts.synthetic_model_comparison.training.training_pipeline | epoch 84/200 done — next lr=0.00637585, epochs_since_improve=5/20
2026-08-26 22:12:24 INFO  scripts.synthetic_model_comparison.training.training_pipeline | epoch 85/200 — train start (lr=0.00637585, batches=15)
2026-08-26 22:12:36 INFO  scripts.synthetic_model_comparison.training.training_pipeline | epoch 85/200 — train done in 12.2s | avg loss_box=0.9088 loss_cls=0.5504 loss_dfl=0.0261 loss_total=92.8295
2026-08-26 22:12:36 INFO  scripts.synthetic_model_comparison.training.evaluation | evaluating on 4 batches
2026-08-26 22:12:42 INFO  scripts.synthetic_model_comparison.training.training_pipeline | epoch 85/200 — val mAP50=0.9213 mAP50_95=0.6882 (selection mAP50_95=0.6882)
2026-08-26 22:12:43 INFO  scripts.synthetic_model_comparison.training.evaluation | mlflow: logged val/mAP50=0.9213 val/mAP50_95=0.6882 (step=84)
2026-08-26 22:12:43 INFO  scripts.synthetic_model_comparison.training.evaluation | mlflow: logged val per-class AP table (12 classes)
2026-08-26 22:12:44 INFO  scripts.synthetic_model_comparison.training.training_pipeline | saved checkpoint: /home/debian/Master-Thesis/scripts/synthetic_model_comparison/training/model_exports/yolo26n-gpt-image-2-low-compressed-seed44-20260826-214430/last.pt
2026-08-26 22:12:44 INFO  scripts.synthetic_model_comparison.training.training_pipeline | epoch 85/200 done — next lr=0.00629908, epochs_since_improve=6/20
2026-08-26 22:12:44 INFO  scripts.synthetic_model_comparison.training.training_pipeline | epoch 86/200 — train start (lr=0.00629908, batches=15)
2026-08-26 22:12:56 INFO  scripts.synthetic_model_comparison.training.training_pipeline | epoch 86/200 — train done in 11.9s | avg loss_box=0.8915 loss_cls=0.5547 loss_dfl=0.0259 loss_total=92.0512
2026-08-26 22:12:56 INFO  scripts.synthetic_model_comparison.training.evaluation | evaluating on 4 batches
2026-08-26 22:13:01 INFO  scripts.synthetic_model_comparison.training.training_pipeline | epoch 86/200 — val mAP50=0.9079 mAP50_95=0.6403 (selection mAP50_95=0.6403)
2026-08-26 22:13:02 INFO  scripts.synthetic_model_comparison.training.evaluation | mlflow: logged val/mAP50=0.9079 val/mAP50_95=0.6403 (step=85)
2026-08-26 22:13:03 INFO  scripts.synthetic_model_comparison.training.evaluation | mlflow: logged val per-class AP table (12 classes)
2026-08-26 22:13:03 INFO  scripts.synthetic_model_comparison.training.training_pipeline | saved checkpoint: /home/debian/Master-Thesis/scripts/synthetic_model_comparison/training/model_exports/yolo26n-gpt-image-2-low-compressed-seed44-20260826-214430/last.pt
2026-08-26 22:13:03 INFO  scripts.synthetic_model_comparison.training.training_pipeline | epoch 86/200 done — next lr=0.00622199, epochs_since_improve=7/20
2026-08-26 22:13:03 INFO  scripts.synthetic_model_comparison.training.training_pipeline | epoch 87/200 — train start (lr=0.00622199, batches=15)
2026-08-26 22:13:13 INFO  scripts.synthetic_model_comparison.training.training_pipeline | step 1300 | loss_box=0.7620 loss_cls=0.5325 loss_dfl=0.0232 loss_total=82.3007 lr=0.00616525
2026-08-26 22:13:17 INFO  scripts.synthetic_model_comparison.training.training_pipeline | epoch 87/200 — train done in 13.5s | avg loss_box=0.8938 loss_cls=0.5454 loss_dfl=0.0256 loss_total=91.5180
2026-08-26 22:13:17 INFO  scripts.synthetic_model_comparison.training.evaluation | evaluating on 4 batches
2026-08-26 22:13:23 INFO  scripts.synthetic_model_comparison.training.training_pipeline | epoch 87/200 — val mAP50=0.9450 mAP50_95=0.6730 (selection mAP50_95=0.6730)
2026-08-26 22:13:23 INFO  scripts.synthetic_model_comparison.training.evaluation | mlflow: logged val/mAP50=0.9450 val/mAP50_95=0.6730 (step=86)
2026-08-26 22:13:24 INFO  scripts.synthetic_model_comparison.training.evaluation | mlflow: logged val per-class AP table (12 classes)
2026-08-26 22:13:24 INFO  scripts.synthetic_model_comparison.training.training_pipeline | saved checkpoint: /home/debian/Master-Thesis/scripts/synthetic_model_comparison/training/model_exports/yolo26n-gpt-image-2-low-compressed-seed44-20260826-214430/last.pt
2026-08-26 22:13:24 INFO  scripts.synthetic_model_comparison.training.training_pipeline | epoch 87/200 done — next lr=0.00614458, epochs_since_improve=8/20
2026-08-26 22:13:24 INFO  scripts.synthetic_model_comparison.training.training_pipeline | epoch 88/200 — train start (lr=0.00614458, batches=15)
2026-08-26 22:13:36 INFO  scripts.synthetic_model_comparison.training.training_pipeline | epoch 88/200 — train done in 11.7s | avg loss_box=0.8797 loss_cls=0.5364 loss_dfl=0.0255 loss_total=90.7169
2026-08-26 22:13:36 INFO  scripts.synthetic_model_comparison.training.evaluation | evaluating on 4 batches
2026-08-26 22:13:42 INFO  scripts.synthetic_model_comparison.training.training_pipeline | epoch 88/200 — val mAP50=0.9190 mAP50_95=0.6866 (selection mAP50_95=0.6866)
2026-08-26 22:13:43 INFO  scripts.synthetic_model_comparison.training.evaluation | mlflow: logged val/mAP50=0.9190 val/mAP50_95=0.6866 (step=87)
2026-08-26 22:13:43 INFO  scripts.synthetic_model_comparison.training.evaluation | mlflow: logged val per-class AP table (12 classes)
2026-08-26 22:13:43 INFO  scripts.synthetic_model_comparison.training.training_pipeline | saved checkpoint: /home/debian/Master-Thesis/scripts/synthetic_model_comparison/training/model_exports/yolo26n-gpt-image-2-low-compressed-seed44-20260826-214430/last.pt
2026-08-26 22:13:44 INFO  scripts.synthetic_model_comparison.training.training_pipeline | epoch 88/200 done — next lr=0.00606688, epochs_since_improve=9/20
2026-08-26 22:13:44 INFO  scripts.synthetic_model_comparison.training.training_pipeline | epoch 89/200 — train start (lr=0.00606688, batches=15)
2026-08-26 22:13:55 INFO  scripts.synthetic_model_comparison.training.training_pipeline | epoch 89/200 — train done in 11.6s | avg loss_box=0.8426 loss_cls=0.5204 loss_dfl=0.0239 loss_total=87.7662
2026-08-26 22:13:55 INFO  scripts.synthetic_model_comparison.training.evaluation | evaluating on 4 batches
2026-08-26 22:14:01 INFO  scripts.synthetic_model_comparison.training.training_pipeline | epoch 89/200 — val mAP50=0.9150 mAP50_95=0.6792 (selection mAP50_95=0.6792)
2026-08-26 22:14:02 INFO  scripts.synthetic_model_comparison.training.evaluation | mlflow: logged val/mAP50=0.9150 val/mAP50_95=0.6792 (step=88)
2026-08-26 22:14:02 INFO  scripts.synthetic_model_comparison.training.evaluation | mlflow: logged val per-class AP table (12 classes)
2026-08-26 22:14:03 INFO  scripts.synthetic_model_comparison.training.training_pipeline | saved checkpoint: /home/debian/Master-Thesis/scripts/synthetic_model_comparison/training/model_exports/yolo26n-gpt-image-2-low-compressed-seed44-20260826-214430/last.pt
2026-08-26 22:14:03 INFO  scripts.synthetic_model_comparison.training.training_pipeline | epoch 89/200 done — next lr=0.00598891, epochs_since_improve=10/20
2026-08-26 22:14:03 INFO  scripts.synthetic_model_comparison.training.training_pipeline | epoch 90/200 — train start (lr=0.00598891, batches=15)
2026-08-26 22:14:15 INFO  scripts.synthetic_model_comparison.training.training_pipeline | epoch 90/200 — train done in 11.7s | avg loss_box=0.8721 loss_cls=0.5453 loss_dfl=0.0252 loss_total=89.6489
2026-08-26 22:14:15 INFO  scripts.synthetic_model_comparison.training.evaluation | evaluating on 4 batches
2026-08-26 22:14:20 INFO  scripts.synthetic_model_comparison.training.training_pipeline | epoch 90/200 — val mAP50=0.9289 mAP50_95=0.6986 (selection mAP50_95=0.6986)
2026-08-26 22:14:21 INFO  scripts.synthetic_model_comparison.training.evaluation | mlflow: logged val/mAP50=0.9289 val/mAP50_95=0.6986 (step=89)
2026-08-26 22:14:22 INFO  scripts.synthetic_model_comparison.training.evaluation | mlflow: logged val per-class AP table (12 classes)
2026-08-26 22:14:22 INFO  scripts.synthetic_model_comparison.training.training_pipeline | saved checkpoint: /home/debian/Master-Thesis/scripts/synthetic_model_comparison/training/model_exports/yolo26n-gpt-image-2-low-compressed-seed44-20260826-214430/best.pt
2026-08-26 22:14:22 INFO  scripts.synthetic_model_comparison.training.training_pipeline | new best mAP50_95=0.6986 at epoch 90
2026-08-26 22:14:22 INFO  scripts.synthetic_model_comparison.training.training_pipeline | saved checkpoint: /home/debian/Master-Thesis/scripts/synthetic_model_comparison/training/model_exports/yolo26n-gpt-image-2-low-compressed-seed44-20260826-214430/last.pt
2026-08-26 22:14:22 INFO  scripts.synthetic_model_comparison.training.training_pipeline | epoch 90/200 done — next lr=0.0059107, epochs_since_improve=0/20
2026-08-26 22:14:22 INFO  scripts.synthetic_model_comparison.training.training_pipeline | epoch 91/200 — train start (lr=0.0059107, batches=15)
2026-08-26 22:14:29 INFO  scripts.synthetic_model_comparison.training.training_pipeline | step 1350 | loss_box=0.8457 loss_cls=0.5625 loss_dfl=0.0243 loss_total=88.3982 lr=0.00590547
2026-08-26 22:14:36 INFO  scripts.synthetic_model_comparison.training.training_pipeline | epoch 91/200 — train done in 13.7s | avg loss_box=0.8802 loss_cls=0.5342 loss_dfl=0.0254 loss_total=90.0709
2026-08-26 22:14:36 INFO  scripts.synthetic_model_comparison.training.evaluation | evaluating on 4 batches
2026-08-26 22:14:41 INFO  scripts.synthetic_model_comparison.training.training_pipeline | epoch 91/200 — val mAP50=0.9267 mAP50_95=0.6443 (selection mAP50_95=0.6443)
2026-08-26 22:14:42 INFO  scripts.synthetic_model_comparison.training.evaluation | mlflow: logged val/mAP50=0.9267 val/mAP50_95=0.6443 (step=90)
2026-08-26 22:14:43 INFO  scripts.synthetic_model_comparison.training.evaluation | mlflow: logged val per-class AP table (12 classes)
2026-08-26 22:14:43 INFO  scripts.synthetic_model_comparison.training.training_pipeline | saved checkpoint: /home/debian/Master-Thesis/scripts/synthetic_model_comparison/training/model_exports/yolo26n-gpt-image-2-low-compressed-seed44-20260826-214430/last.pt
2026-08-26 22:14:43 INFO  scripts.synthetic_model_comparison.training.training_pipeline | epoch 91/200 done — next lr=0.00583225, epochs_since_improve=1/20
2026-08-26 22:14:43 INFO  scripts.synthetic_model_comparison.training.training_pipeline | epoch 92/200 — train start (lr=0.00583225, batches=15)
2026-08-26 22:14:55 INFO  scripts.synthetic_model_comparison.training.training_pipeline | epoch 92/200 — train done in 11.7s | avg loss_box=0.8272 loss_cls=0.5099 loss_dfl=0.0235 loss_total=86.0791
2026-08-26 22:14:55 INFO  scripts.synthetic_model_comparison.training.evaluation | evaluating on 4 batches
2026-08-26 22:15:01 INFO  scripts.synthetic_model_comparison.training.training_pipeline | epoch 92/200 — val mAP50=0.9146 mAP50_95=0.6714 (selection mAP50_95=0.6714)
2026-08-26 22:15:01 INFO  scripts.synthetic_model_comparison.training.evaluation | mlflow: logged val/mAP50=0.9146 val/mAP50_95=0.6714 (step=91)
2026-08-26 22:15:02 INFO  scripts.synthetic_model_comparison.training.evaluation | mlflow: logged val per-class AP table (12 classes)
2026-08-26 22:15:02 INFO  scripts.synthetic_model_comparison.training.training_pipeline | saved checkpoint: /home/debian/Master-Thesis/scripts/synthetic_model_comparison/training/model_exports/yolo26n-gpt-image-2-low-compressed-seed44-20260826-214430/last.pt
2026-08-26 22:15:02 INFO  scripts.synthetic_model_comparison.training.training_pipeline | epoch 92/200 done — next lr=0.00575359, epochs_since_improve=2/20
2026-08-26 22:15:02 INFO  scripts.synthetic_model_comparison.training.training_pipeline | epoch 93/200 — train start (lr=0.00575359, batches=15)
2026-08-26 22:15:14 INFO  scripts.synthetic_model_comparison.training.training_pipeline | epoch 93/200 — train done in 12.2s | avg loss_box=0.8592 loss_cls=0.4992 loss_dfl=0.0248 loss_total=87.5827
2026-08-26 22:15:14 INFO  scripts.synthetic_model_comparison.training.evaluation | evaluating on 4 batches
2026-08-26 22:15:20 INFO  scripts.synthetic_model_comparison.training.training_pipeline | epoch 93/200 — val mAP50=0.9333 mAP50_95=0.7158 (selection mAP50_95=0.7158)
2026-08-26 22:15:21 INFO  scripts.synthetic_model_comparison.training.evaluation | mlflow: logged val/mAP50=0.9333 val/mAP50_95=0.7158 (step=92)
2026-08-26 22:15:21 INFO  scripts.synthetic_model_comparison.training.evaluation | mlflow: logged val per-class AP table (12 classes)
2026-08-26 22:15:22 INFO  scripts.synthetic_model_comparison.training.training_pipeline | saved checkpoint: /home/debian/Master-Thesis/scripts/synthetic_model_comparison/training/model_exports/yolo26n-gpt-image-2-low-compressed-seed44-20260826-214430/best.pt
2026-08-26 22:15:22 INFO  scripts.synthetic_model_comparison.training.training_pipeline | new best mAP50_95=0.7158 at epoch 93
2026-08-26 22:15:22 INFO  scripts.synthetic_model_comparison.training.training_pipeline | saved checkpoint: /home/debian/Master-Thesis/scripts/synthetic_model_comparison/training/model_exports/yolo26n-gpt-image-2-low-compressed-seed44-20260826-214430/last.pt
2026-08-26 22:15:22 INFO  scripts.synthetic_model_comparison.training.training_pipeline | epoch 93/200 done — next lr=0.00567474, epochs_since_improve=0/20
2026-08-26 22:15:22 INFO  scripts.synthetic_model_comparison.training.training_pipeline | epoch 94/200 — train start (lr=0.00567474, batches=15)
2026-08-26 22:15:31 INFO  scripts.synthetic_model_comparison.training.training_pipeline | step 1400 | loss_box=0.9535 loss_cls=0.5585 loss_dfl=0.0281 loss_total=94.4153 lr=0.00564316
2026-08-26 22:15:36 INFO  scripts.synthetic_model_comparison.training.training_pipeline | epoch 94/200 — train done in 13.8s | avg loss_box=0.8452 loss_cls=0.5075 loss_dfl=0.0246 loss_total=86.4631
2026-08-26 22:15:36 INFO  scripts.synthetic_model_comparison.training.evaluation | evaluating on 4 batches
2026-08-26 22:15:42 INFO  scripts.synthetic_model_comparison.training.training_pipeline | epoch 94/200 — val mAP50=0.9253 mAP50_95=0.7019 (selection mAP50_95=0.7019)
2026-08-26 22:15:43 INFO  scripts.synthetic_model_comparison.training.evaluation | mlflow: logged val/mAP50=0.9253 val/mAP50_95=0.7019 (step=93)
2026-08-26 22:15:43 INFO  scripts.synthetic_model_comparison.training.evaluation | mlflow: logged val per-class AP table (12 classes)
2026-08-26 22:15:43 INFO  scripts.synthetic_model_comparison.training.training_pipeline | saved checkpoint: /home/debian/Master-Thesis/scripts/synthetic_model_comparison/training/model_exports/yolo26n-gpt-image-2-low-compressed-seed44-20260826-214430/last.pt
2026-08-26 22:15:44 INFO  scripts.synthetic_model_comparison.training.training_pipeline | epoch 94/200 done — next lr=0.00559572, epochs_since_improve=1/20
2026-08-26 22:15:44 INFO  scripts.synthetic_model_comparison.training.training_pipeline | epoch 95/200 — train start (lr=0.00559572, batches=15)
2026-08-26 22:15:55 INFO  scripts.synthetic_model_comparison.training.training_pipeline | epoch 95/200 — train done in 11.8s | avg loss_box=0.8000 loss_cls=0.5142 loss_dfl=0.0230 loss_total=84.0190
2026-08-26 22:15:55 INFO  scripts.synthetic_model_comparison.training.evaluation | evaluating on 4 batches
2026-08-26 22:16:01 INFO  scripts.synthetic_model_comparison.training.training_pipeline | epoch 95/200 — val mAP50=0.9348 mAP50_95=0.6857 (selection mAP50_95=0.6857)
2026-08-26 22:16:02 INFO  scripts.synthetic_model_comparison.training.evaluation | mlflow: logged val/mAP50=0.9348 val/mAP50_95=0.6857 (step=94)
2026-08-26 22:16:02 INFO  scripts.synthetic_model_comparison.training.evaluation | mlflow: logged val per-class AP table (12 classes)
2026-08-26 22:16:02 INFO  scripts.synthetic_model_comparison.training.training_pipeline | saved checkpoint: /home/debian/Master-Thesis/scripts/synthetic_model_comparison/training/model_exports/yolo26n-gpt-image-2-low-compressed-seed44-20260826-214430/last.pt
2026-08-26 22:16:03 INFO  scripts.synthetic_model_comparison.training.training_pipeline | epoch 95/200 done — next lr=0.00551656, epochs_since_improve=2/20
2026-08-26 22:16:03 INFO  scripts.synthetic_model_comparison.training.training_pipeline | epoch 96/200 — train start (lr=0.00551656, batches=15)
2026-08-26 22:16:15 INFO  scripts.synthetic_model_comparison.training.training_pipeline | epoch 96/200 — train done in 12.1s | avg loss_box=0.8144 loss_cls=0.4912 loss_dfl=0.0230 loss_total=83.4582
2026-08-26 22:16:15 INFO  scripts.synthetic_model_comparison.training.evaluation | evaluating on 4 batches
2026-08-26 22:16:21 INFO  scripts.synthetic_model_comparison.training.training_pipeline | epoch 96/200 — val mAP50=0.9392 mAP50_95=0.7241 (selection mAP50_95=0.7241)
2026-08-26 22:16:22 INFO  scripts.synthetic_model_comparison.training.evaluation | mlflow: logged val/mAP50=0.9392 val/mAP50_95=0.7241 (step=95)
2026-08-26 22:16:22 INFO  scripts.synthetic_model_comparison.training.evaluation | mlflow: logged val per-class AP table (12 classes)
2026-08-26 22:16:22 INFO  scripts.synthetic_model_comparison.training.training_pipeline | saved checkpoint: /home/debian/Master-Thesis/scripts/synthetic_model_comparison/training/model_exports/yolo26n-gpt-image-2-low-compressed-seed44-20260826-214430/best.pt
2026-08-26 22:16:22 INFO  scripts.synthetic_model_comparison.training.training_pipeline | new best mAP50_95=0.7241 at epoch 96
2026-08-26 22:16:22 INFO  scripts.synthetic_model_comparison.training.training_pipeline | saved checkpoint: /home/debian/Master-Thesis/scripts/synthetic_model_comparison/training/model_exports/yolo26n-gpt-image-2-low-compressed-seed44-20260826-214430/last.pt
2026-08-26 22:16:23 INFO  scripts.synthetic_model_comparison.training.training_pipeline | epoch 96/200 done — next lr=0.00543726, epochs_since_improve=0/20
2026-08-26 22:16:23 INFO  scripts.synthetic_model_comparison.training.training_pipeline | epoch 97/200 — train start (lr=0.00543726, batches=15)
2026-08-26 22:16:33 INFO  scripts.synthetic_model_comparison.training.training_pipeline | step 1450 | loss_box=0.7460 loss_cls=0.4486 loss_dfl=0.0219 loss_total=77.9153 lr=0.00537903
2026-08-26 22:16:36 INFO  scripts.synthetic_model_comparison.training.training_pipeline | epoch 97/200 — train done in 13.8s | avg loss_box=0.8049 loss_cls=0.4619 loss_dfl=0.0226 loss_total=81.9932
2026-08-26 22:16:36 INFO  scripts.synthetic_model_comparison.training.evaluation | evaluating on 4 batches
2026-08-26 22:16:42 INFO  scripts.synthetic_model_comparison.training.training_pipeline | epoch 97/200 — val mAP50=0.9461 mAP50_95=0.6916 (selection mAP50_95=0.6916)
2026-08-26 22:16:43 INFO  scripts.synthetic_model_comparison.training.evaluation | mlflow: logged val/mAP50=0.9461 val/mAP50_95=0.6916 (step=96)
2026-08-26 22:16:44 INFO  scripts.synthetic_model_comparison.training.evaluation | mlflow: logged val per-class AP table (12 classes)
2026-08-26 22:16:44 INFO  scripts.synthetic_model_comparison.training.training_pipeline | saved checkpoint: /home/debian/Master-Thesis/scripts/synthetic_model_comparison/training/model_exports/yolo26n-gpt-image-2-low-compressed-seed44-20260826-214430/last.pt
2026-08-26 22:16:44 INFO  scripts.synthetic_model_comparison.training.training_pipeline | epoch 97/200 done — next lr=0.00535785, epochs_since_improve=1/20
2026-08-26 22:16:44 INFO  scripts.synthetic_model_comparison.training.training_pipeline | epoch 98/200 — train start (lr=0.00535785, batches=15)
2026-08-26 22:16:56 INFO  scripts.synthetic_model_comparison.training.training_pipeline | epoch 98/200 — train done in 12.2s | avg loss_box=0.8039 loss_cls=0.4591 loss_dfl=0.0229 loss_total=81.6906
2026-08-26 22:16:56 INFO  scripts.synthetic_model_comparison.training.evaluation | evaluating on 4 batches
2026-08-26 22:17:02 INFO  scripts.synthetic_model_comparison.training.training_pipeline | epoch 98/200 — val mAP50=0.9284 mAP50_95=0.7085 (selection mAP50_95=0.7085)
2026-08-26 22:17:03 INFO  scripts.synthetic_model_comparison.training.evaluation | mlflow: logged val/mAP50=0.9284 val/mAP50_95=0.7085 (step=97)
2026-08-26 22:17:04 INFO  scripts.synthetic_model_comparison.training.evaluation | mlflow: logged val per-class AP table (12 classes)
2026-08-26 22:17:04 INFO  scripts.synthetic_model_comparison.training.training_pipeline | saved checkpoint: /home/debian/Master-Thesis/scripts/synthetic_model_comparison/training/model_exports/yolo26n-gpt-image-2-low-compressed-seed44-20260826-214430/last.pt
2026-08-26 22:17:04 INFO  scripts.synthetic_model_comparison.training.training_pipeline | epoch 98/200 done — next lr=0.00527835, epochs_since_improve=2/20
2026-08-26 22:17:04 INFO  scripts.synthetic_model_comparison.training.training_pipeline | epoch 99/200 — train start (lr=0.00527835, batches=15)
2026-08-26 22:17:16 INFO  scripts.synthetic_model_comparison.training.training_pipeline | epoch 99/200 — train done in 11.8s | avg loss_box=0.7940 loss_cls=0.4748 loss_dfl=0.0226 loss_total=81.4975
2026-08-26 22:17:16 INFO  scripts.synthetic_model_comparison.training.evaluation | evaluating on 4 batches
2026-08-26 22:17:22 INFO  scripts.synthetic_model_comparison.training.training_pipeline | epoch 99/200 — val mAP50=0.9339 mAP50_95=0.7187 (selection mAP50_95=0.7187)
2026-08-26 22:17:23 INFO  scripts.synthetic_model_comparison.training.evaluation | mlflow: logged val/mAP50=0.9339 val/mAP50_95=0.7187 (step=98)
2026-08-26 22:17:23 INFO  scripts.synthetic_model_comparison.training.evaluation | mlflow: logged val per-class AP table (12 classes)
2026-08-26 22:17:23 INFO  scripts.synthetic_model_comparison.training.training_pipeline | saved checkpoint: /home/debian/Master-Thesis/scripts/synthetic_model_comparison/training/model_exports/yolo26n-gpt-image-2-low-compressed-seed44-20260826-214430/last.pt
2026-08-26 22:17:23 INFO  scripts.synthetic_model_comparison.training.training_pipeline | epoch 99/200 done — next lr=0.00519878, epochs_since_improve=3/20
2026-08-26 22:17:23 INFO  scripts.synthetic_model_comparison.training.training_pipeline | epoch 100/200 — train start (lr=0.00519878, batches=15)
2026-08-26 22:17:35 INFO  scripts.synthetic_model_comparison.training.training_pipeline | epoch 100/200 — train done in 11.4s | avg loss_box=0.7767 loss_cls=0.4618 loss_dfl=0.0220 loss_total=79.8266
2026-08-26 22:17:35 INFO  scripts.synthetic_model_comparison.training.evaluation | evaluating on 4 batches
2026-08-26 22:17:41 INFO  scripts.synthetic_model_comparison.training.training_pipeline | epoch 100/200 — val mAP50=0.9493 mAP50_95=0.7298 (selection mAP50_95=0.7298)
2026-08-26 22:17:41 INFO  scripts.synthetic_model_comparison.training.evaluation | mlflow: logged val/mAP50=0.9493 val/mAP50_95=0.7298 (step=99)
2026-08-26 22:17:42 INFO  scripts.synthetic_model_comparison.training.evaluation | mlflow: logged val per-class AP table (12 classes)
2026-08-26 22:17:42 INFO  scripts.synthetic_model_comparison.training.training_pipeline | saved checkpoint: /home/debian/Master-Thesis/scripts/synthetic_model_comparison/training/model_exports/yolo26n-gpt-image-2-low-compressed-seed44-20260826-214430/best.pt
2026-08-26 22:17:42 INFO  scripts.synthetic_model_comparison.training.training_pipeline | new best mAP50_95=0.7298 at epoch 100
2026-08-26 22:17:42 INFO  scripts.synthetic_model_comparison.training.training_pipeline | saved checkpoint: /home/debian/Master-Thesis/scripts/synthetic_model_comparison/training/model_exports/yolo26n-gpt-image-2-low-compressed-seed44-20260826-214430/last.pt
2026-08-26 22:17:42 INFO  scripts.synthetic_model_comparison.training.training_pipeline | epoch 100/200 done — next lr=0.00511916, epochs_since_improve=0/20
2026-08-26 22:17:42 INFO  scripts.synthetic_model_comparison.training.training_pipeline | epoch 101/200 — train start (lr=0.00511916, batches=15)
2026-08-26 22:17:49 INFO  scripts.synthetic_model_comparison.training.training_pipeline | step 1500 | loss_box=0.7124 loss_cls=0.3897 loss_dfl=0.0203 loss_total=71.7007 lr=0.00511385
2026-08-26 22:17:56 INFO  scripts.synthetic_model_comparison.training.training_pipeline | epoch 101/200 — train done in 13.5s | avg loss_box=0.7871 loss_cls=0.4553 loss_dfl=0.0219 loss_total=80.2053
2026-08-26 22:17:56 INFO  scripts.synthetic_model_comparison.training.evaluation | evaluating on 4 batches
2026-08-26 22:18:02 INFO  scripts.synthetic_model_comparison.training.training_pipeline | epoch 101/200 — val mAP50=0.9421 mAP50_95=0.7145 (selection mAP50_95=0.7145)
2026-08-26 22:18:03 INFO  scripts.synthetic_model_comparison.training.evaluation | mlflow: logged val/mAP50=0.9421 val/mAP50_95=0.7145 (step=100)
2026-08-26 22:18:03 INFO  scripts.synthetic_model_comparison.training.evaluation | mlflow: logged val per-class AP table (12 classes)
2026-08-26 22:18:03 INFO  scripts.synthetic_model_comparison.training.training_pipeline | saved checkpoint: /home/debian/Master-Thesis/scripts/synthetic_model_comparison/training/model_exports/yolo26n-gpt-image-2-low-compressed-seed44-20260826-214430/last.pt
2026-08-26 22:18:03 INFO  scripts.synthetic_model_comparison.training.training_pipeline | epoch 101/200 done — next lr=0.00503952, epochs_since_improve=1/20
2026-08-26 22:18:03 INFO  scripts.synthetic_model_comparison.training.training_pipeline | epoch 102/200 — train start (lr=0.00503952, batches=15)
2026-08-26 22:18:15 INFO  scripts.synthetic_model_comparison.training.training_pipeline | epoch 102/200 — train done in 11.9s | avg loss_box=0.7790 loss_cls=0.4593 loss_dfl=0.0221 loss_total=79.6158
2026-08-26 22:18:15 INFO  scripts.synthetic_model_comparison.training.evaluation | evaluating on 4 batches
2026-08-26 22:18:21 INFO  scripts.synthetic_model_comparison.training.training_pipeline | epoch 102/200 — val mAP50=0.9389 mAP50_95=0.7094 (selection mAP50_95=0.7094)
2026-08-26 22:18:22 INFO  scripts.synthetic_model_comparison.training.evaluation | mlflow: logged val/mAP50=0.9389 val/mAP50_95=0.7094 (step=101)
2026-08-26 22:18:22 INFO  scripts.synthetic_model_comparison.training.evaluation | mlflow: logged val per-class AP table (12 classes)
2026-08-26 22:18:23 INFO  scripts.synthetic_model_comparison.training.training_pipeline | saved checkpoint: /home/debian/Master-Thesis/scripts/synthetic_model_comparison/training/model_exports/yolo26n-gpt-image-2-low-compressed-seed44-20260826-214430/last.pt
2026-08-26 22:18:23 INFO  scripts.synthetic_model_comparison.training.training_pipeline | epoch 102/200 done — next lr=0.00495986, epochs_since_improve=2/20
2026-08-26 22:18:23 INFO  scripts.synthetic_model_comparison.training.training_pipeline | epoch 103/200 — train start (lr=0.00495986, batches=15)
2026-08-26 22:18:35 INFO  scripts.synthetic_model_comparison.training.training_pipeline | epoch 103/200 — train done in 11.8s | avg loss_box=0.7631 loss_cls=0.4467 loss_dfl=0.0217 loss_total=77.7941
2026-08-26 22:18:35 INFO  scripts.synthetic_model_comparison.training.evaluation | evaluating on 4 batches
2026-08-26 22:18:41 INFO  scripts.synthetic_model_comparison.training.training_pipeline | epoch 103/200 — val mAP50=0.9470 mAP50_95=0.7072 (selection mAP50_95=0.7072)
2026-08-26 22:18:42 INFO  scripts.synthetic_model_comparison.training.evaluation | mlflow: logged val/mAP50=0.9470 val/mAP50_95=0.7072 (step=102)
2026-08-26 22:18:42 INFO  scripts.synthetic_model_comparison.training.evaluation | mlflow: logged val per-class AP table (12 classes)
2026-08-26 22:18:42 INFO  scripts.synthetic_model_comparison.training.training_pipeline | saved checkpoint: /home/debian/Master-Thesis/scripts/synthetic_model_comparison/training/model_exports/yolo26n-gpt-image-2-low-compressed-seed44-20260826-214430/last.pt
2026-08-26 22:18:43 INFO  scripts.synthetic_model_comparison.training.training_pipeline | epoch 103/200 done — next lr=0.00488022, epochs_since_improve=3/20
2026-08-26 22:18:43 INFO  scripts.synthetic_model_comparison.training.training_pipeline | epoch 104/200 — train start (lr=0.00488022, batches=15)
2026-08-26 22:18:51 INFO  scripts.synthetic_model_comparison.training.training_pipeline | step 1550 | loss_box=0.7650 loss_cls=0.5097 loss_dfl=0.0226 loss_total=79.5851 lr=0.00484837
2026-08-26 22:18:56 INFO  scripts.synthetic_model_comparison.training.training_pipeline | epoch 104/200 — train done in 13.3s | avg loss_box=0.7810 loss_cls=0.4594 loss_dfl=0.0222 loss_total=79.4873
2026-08-26 22:18:56 INFO  scripts.synthetic_model_comparison.training.evaluation | evaluating on 4 batches
2026-08-26 22:19:02 INFO  scripts.synthetic_model_comparison.training.training_pipeline | epoch 104/200 — val mAP50=0.9533 mAP50_95=0.7247 (selection mAP50_95=0.7247)
2026-08-26 22:19:02 INFO  scripts.synthetic_model_comparison.training.evaluation | mlflow: logged val/mAP50=0.9533 val/mAP50_95=0.7247 (step=103)
2026-08-26 22:19:03 INFO  scripts.synthetic_model_comparison.training.evaluation | mlflow: logged val per-class AP table (12 classes)
2026-08-26 22:19:03 INFO  scripts.synthetic_model_comparison.training.training_pipeline | saved checkpoint: /home/debian/Master-Thesis/scripts/synthetic_model_comparison/training/model_exports/yolo26n-gpt-image-2-low-compressed-seed44-20260826-214430/last.pt
2026-08-26 22:19:03 INFO  scripts.synthetic_model_comparison.training.training_pipeline | epoch 104/200 done — next lr=0.00480061, epochs_since_improve=4/20
2026-08-26 22:19:03 INFO  scripts.synthetic_model_comparison.training.training_pipeline | epoch 105/200 — train start (lr=0.00480061, batches=15)
2026-08-26 22:19:15 INFO  scripts.synthetic_model_comparison.training.training_pipeline | epoch 105/200 — train done in 11.9s | avg loss_box=0.7465 loss_cls=0.4581 loss_dfl=0.0211 loss_total=77.5743
2026-08-26 22:19:15 INFO  scripts.synthetic_model_comparison.training.evaluation | evaluating on 4 batches
2026-08-26 22:19:21 INFO  scripts.synthetic_model_comparison.training.training_pipeline | epoch 105/200 — val mAP50=0.9533 mAP50_95=0.7375 (selection mAP50_95=0.7375)
2026-08-26 22:19:22 INFO  scripts.synthetic_model_comparison.training.evaluation | mlflow: logged val/mAP50=0.9533 val/mAP50_95=0.7375 (step=104)
2026-08-26 22:19:22 INFO  scripts.synthetic_model_comparison.training.evaluation | mlflow: logged val per-class AP table (12 classes)
2026-08-26 22:19:22 INFO  scripts.synthetic_model_comparison.training.training_pipeline | saved checkpoint: /home/debian/Master-Thesis/scripts/synthetic_model_comparison/training/model_exports/yolo26n-gpt-image-2-low-compressed-seed44-20260826-214430/best.pt
2026-08-26 22:19:22 INFO  scripts.synthetic_model_comparison.training.training_pipeline | new best mAP50_95=0.7375 at epoch 105
2026-08-26 22:19:22 INFO  scripts.synthetic_model_comparison.training.training_pipeline | saved checkpoint: /home/debian/Master-Thesis/scripts/synthetic_model_comparison/training/model_exports/yolo26n-gpt-image-2-low-compressed-seed44-20260826-214430/last.pt
2026-08-26 22:19:23 INFO  scripts.synthetic_model_comparison.training.training_pipeline | epoch 105/200 done — next lr=0.00472105, epochs_since_improve=0/20
2026-08-26 22:19:23 INFO  scripts.synthetic_model_comparison.training.training_pipeline | epoch 106/200 — train start (lr=0.00472105, batches=15)
2026-08-26 22:19:35 INFO  scripts.synthetic_model_comparison.training.training_pipeline | epoch 106/200 — train done in 12.2s | avg loss_box=0.7741 loss_cls=0.4617 loss_dfl=0.0221 loss_total=78.8458
2026-08-26 22:19:35 INFO  scripts.synthetic_model_comparison.training.evaluation | evaluating on 4 batches
2026-08-26 22:19:41 INFO  scripts.synthetic_model_comparison.training.training_pipeline | epoch 106/200 — val mAP50=0.9446 mAP50_95=0.7219 (selection mAP50_95=0.7219)
2026-08-26 22:19:42 INFO  scripts.synthetic_model_comparison.training.evaluation | mlflow: logged val/mAP50=0.9446 val/mAP50_95=0.7219 (step=105)
2026-08-26 22:19:42 INFO  scripts.synthetic_model_comparison.training.evaluation | mlflow: logged val per-class AP table (12 classes)
2026-08-26 22:19:42 INFO  scripts.synthetic_model_comparison.training.training_pipeline | saved checkpoint: /home/debian/Master-Thesis/scripts/synthetic_model_comparison/training/model_exports/yolo26n-gpt-image-2-low-compressed-seed44-20260826-214430/last.pt
2026-08-26 22:19:42 INFO  scripts.synthetic_model_comparison.training.training_pipeline | epoch 106/200 done — next lr=0.00464156, epochs_since_improve=1/20
2026-08-26 22:19:42 INFO  scripts.synthetic_model_comparison.training.training_pipeline | epoch 107/200 — train start (lr=0.00464156, batches=15)
2026-08-26 22:19:53 INFO  scripts.synthetic_model_comparison.training.training_pipeline | step 1600 | loss_box=0.6727 loss_cls=0.4546 loss_dfl=0.0185 loss_total=72.6151 lr=0.00458333
2026-08-26 22:19:56 INFO  scripts.synthetic_model_comparison.training.training_pipeline | epoch 107/200 — train done in 13.6s | avg loss_box=0.7545 loss_cls=0.4285 loss_dfl=0.0209 loss_total=76.4732
2026-08-26 22:19:56 INFO  scripts.synthetic_model_comparison.training.evaluation | evaluating on 4 batches
2026-08-26 22:20:02 INFO  scripts.synthetic_model_comparison.training.training_pipeline | epoch 107/200 — val mAP50=0.9507 mAP50_95=0.7274 (selection mAP50_95=0.7274)
2026-08-26 22:20:03 INFO  scripts.synthetic_model_comparison.training.evaluation | mlflow: logged val/mAP50=0.9507 val/mAP50_95=0.7274 (step=106)
2026-08-26 22:20:03 INFO  scripts.synthetic_model_comparison.training.evaluation | mlflow: logged val per-class AP table (12 classes)
2026-08-26 22:20:03 INFO  scripts.synthetic_model_comparison.training.training_pipeline | saved checkpoint: /home/debian/Master-Thesis/scripts/synthetic_model_comparison/training/model_exports/yolo26n-gpt-image-2-low-compressed-seed44-20260826-214430/last.pt
2026-08-26 22:20:04 INFO  scripts.synthetic_model_comparison.training.training_pipeline | epoch 107/200 done — next lr=0.00456216, epochs_since_improve=2/20
2026-08-26 22:20:04 INFO  scripts.synthetic_model_comparison.training.training_pipeline | epoch 108/200 — train start (lr=0.00456216, batches=15)
2026-08-26 22:20:16 INFO  scripts.synthetic_model_comparison.training.training_pipeline | epoch 108/200 — train done in 12.1s | avg loss_box=0.7383 loss_cls=0.4175 loss_dfl=0.0217 loss_total=75.1701
2026-08-26 22:20:16 INFO  scripts.synthetic_model_comparison.training.evaluation | evaluating on 4 batches
2026-08-26 22:20:22 INFO  scripts.synthetic_model_comparison.training.training_pipeline | epoch 108/200 — val mAP50=0.9361 mAP50_95=0.7007 (selection mAP50_95=0.7007)
2026-08-26 22:20:22 INFO  scripts.synthetic_model_comparison.training.evaluation | mlflow: logged val/mAP50=0.9361 val/mAP50_95=0.7007 (step=107)
2026-08-26 22:20:23 INFO  scripts.synthetic_model_comparison.training.evaluation | mlflow: logged val per-class AP table (12 classes)
2026-08-26 22:20:23 INFO  scripts.synthetic_model_comparison.training.training_pipeline | saved checkpoint: /home/debian/Master-Thesis/scripts/synthetic_model_comparison/training/model_exports/yolo26n-gpt-image-2-low-compressed-seed44-20260826-214430/last.pt
2026-08-26 22:20:23 INFO  scripts.synthetic_model_comparison.training.training_pipeline | epoch 108/200 done — next lr=0.00448288, epochs_since_improve=3/20
2026-08-26 22:20:23 INFO  scripts.synthetic_model_comparison.training.training_pipeline | epoch 109/200 — train start (lr=0.00448288, batches=15)
2026-08-26 22:20:35 INFO  scripts.synthetic_model_comparison.training.training_pipeline | epoch 109/200 — train done in 12.0s | avg loss_box=0.7658 loss_cls=0.4388 loss_dfl=0.0215 loss_total=77.4398
2026-08-26 22:20:35 INFO  scripts.synthetic_model_comparison.training.evaluation | evaluating on 4 batches
2026-08-26 22:20:41 INFO  scripts.synthetic_model_comparison.training.training_pipeline | epoch 109/200 — val mAP50=0.9542 mAP50_95=0.7381 (selection mAP50_95=0.7381)
2026-08-26 22:20:42 INFO  scripts.synthetic_model_comparison.training.evaluation | mlflow: logged val/mAP50=0.9542 val/mAP50_95=0.7381 (step=108)
2026-08-26 22:20:42 INFO  scripts.synthetic_model_comparison.training.evaluation | mlflow: logged val per-class AP table (12 classes)
2026-08-26 22:20:42 INFO  scripts.synthetic_model_comparison.training.training_pipeline | saved checkpoint: /home/debian/Master-Thesis/scripts/synthetic_model_comparison/training/model_exports/yolo26n-gpt-image-2-low-compressed-seed44-20260826-214430/last.pt
2026-08-26 22:20:43 INFO  scripts.synthetic_model_comparison.training.training_pipeline | epoch 109/200 done — next lr=0.00440373, epochs_since_improve=4/20
2026-08-26 22:20:43 INFO  scripts.synthetic_model_comparison.training.training_pipeline | epoch 110/200 — train start (lr=0.00440373, batches=15)
2026-08-26 22:20:55 INFO  scripts.synthetic_model_comparison.training.training_pipeline | epoch 110/200 — train done in 11.9s | avg loss_box=0.7378 loss_cls=0.4078 loss_dfl=0.0208 loss_total=74.7286
2026-08-26 22:20:55 INFO  scripts.synthetic_model_comparison.training.evaluation | evaluating on 4 batches
2026-08-26 22:21:01 INFO  scripts.synthetic_model_comparison.training.training_pipeline | epoch 110/200 — val mAP50=0.9494 mAP50_95=0.7253 (selection mAP50_95=0.7253)
2026-08-26 22:21:01 INFO  scripts.synthetic_model_comparison.training.evaluation | mlflow: logged val/mAP50=0.9494 val/mAP50_95=0.7253 (step=109)
2026-08-26 22:21:02 INFO  scripts.synthetic_model_comparison.training.evaluation | mlflow: logged val per-class AP table (12 classes)
2026-08-26 22:21:02 INFO  scripts.synthetic_model_comparison.training.training_pipeline | saved checkpoint: /home/debian/Master-Thesis/scripts/synthetic_model_comparison/training/model_exports/yolo26n-gpt-image-2-low-compressed-seed44-20260826-214430/last.pt
2026-08-26 22:21:02 INFO  scripts.synthetic_model_comparison.training.training_pipeline | epoch 110/200 done — next lr=0.00432473, epochs_since_improve=5/20
2026-08-26 22:21:02 INFO  scripts.synthetic_model_comparison.training.training_pipeline | epoch 111/200 — train start (lr=0.00432473, batches=15)
2026-08-26 22:21:09 INFO  scripts.synthetic_model_comparison.training.training_pipeline | step 1650 | loss_box=0.7162 loss_cls=0.5012 loss_dfl=0.0214 loss_total=78.6100 lr=0.00431947
2026-08-26 22:21:16 INFO  scripts.synthetic_model_comparison.training.training_pipeline | epoch 111/200 — train done in 13.7s | avg loss_box=0.7092 loss_cls=0.3887 loss_dfl=0.0204 loss_total=72.1639
2026-08-26 22:21:16 INFO  scripts.synthetic_model_comparison.training.evaluation | evaluating on 4 batches
2026-08-26 22:21:22 INFO  scripts.synthetic_model_comparison.training.training_pipeline | epoch 111/200 — val mAP50=0.9589 mAP50_95=0.7151 (selection mAP50_95=0.7151)
2026-08-26 22:21:23 INFO  scripts.synthetic_model_comparison.training.evaluation | mlflow: logged val/mAP50=0.9589 val/mAP50_95=0.7151 (step=110)
2026-08-26 22:21:23 INFO  scripts.synthetic_model_comparison.training.evaluation | mlflow: logged val per-class AP table (12 classes)
2026-08-26 22:21:23 INFO  scripts.synthetic_model_comparison.training.training_pipeline | saved checkpoint: /home/debian/Master-Thesis/scripts/synthetic_model_comparison/training/model_exports/yolo26n-gpt-image-2-low-compressed-seed44-20260826-214430/last.pt
2026-08-26 22:21:24 INFO  scripts.synthetic_model_comparison.training.training_pipeline | epoch 111/200 done — next lr=0.00424591, epochs_since_improve=6/20
2026-08-26 22:21:24 INFO  scripts.synthetic_model_comparison.training.training_pipeline | epoch 112/200 — train start (lr=0.00424591, batches=15)
2026-08-26 22:21:36 INFO  scripts.synthetic_model_comparison.training.training_pipeline | epoch 112/200 — train done in 12.0s | avg loss_box=0.7340 loss_cls=0.4136 loss_dfl=0.0210 loss_total=74.3842
2026-08-26 22:21:36 INFO  scripts.synthetic_model_comparison.training.evaluation | evaluating on 4 batches
2026-08-26 22:21:41 INFO  scripts.synthetic_model_comparison.training.training_pipeline | epoch 112/200 — val mAP50=0.9334 mAP50_95=0.7072 (selection mAP50_95=0.7072)
2026-08-26 22:21:42 INFO  scripts.synthetic_model_comparison.training.evaluation | mlflow: logged val/mAP50=0.9334 val/mAP50_95=0.7072 (step=111)
2026-08-26 22:21:42 INFO  scripts.synthetic_model_comparison.training.evaluation | mlflow: logged val per-class AP table (12 classes)
2026-08-26 22:21:43 INFO  scripts.synthetic_model_comparison.training.training_pipeline | saved checkpoint: /home/debian/Master-Thesis/scripts/synthetic_model_comparison/training/model_exports/yolo26n-gpt-image-2-low-compressed-seed44-20260826-214430/last.pt
2026-08-26 22:21:43 INFO  scripts.synthetic_model_comparison.training.training_pipeline | epoch 112/200 done — next lr=0.00416728, epochs_since_improve=7/20
2026-08-26 22:21:43 INFO  scripts.synthetic_model_comparison.training.training_pipeline | epoch 113/200 — train start (lr=0.00416728, batches=15)
2026-08-26 22:21:55 INFO  scripts.synthetic_model_comparison.training.training_pipeline | epoch 113/200 — train done in 12.3s | avg loss_box=0.7202 loss_cls=0.4338 loss_dfl=0.0204 loss_total=73.9659
2026-08-26 22:21:55 INFO  scripts.synthetic_model_comparison.training.evaluation | evaluating on 4 batches
2026-08-26 22:22:01 INFO  scripts.synthetic_model_comparison.training.training_pipeline | epoch 113/200 — val mAP50=0.9570 mAP50_95=0.7448 (selection mAP50_95=0.7448)
2026-08-26 22:22:02 INFO  scripts.synthetic_model_comparison.training.evaluation | mlflow: logged val/mAP50=0.9570 val/mAP50_95=0.7448 (step=112)
2026-08-26 22:22:02 INFO  scripts.synthetic_model_comparison.training.evaluation | mlflow: logged val per-class AP table (12 classes)
2026-08-26 22:22:02 INFO  scripts.synthetic_model_comparison.training.training_pipeline | saved checkpoint: /home/debian/Master-Thesis/scripts/synthetic_model_comparison/training/model_exports/yolo26n-gpt-image-2-low-compressed-seed44-20260826-214430/best.pt
2026-08-26 22:22:02 INFO  scripts.synthetic_model_comparison.training.training_pipeline | new best mAP50_95=0.7448 at epoch 113
2026-08-26 22:22:03 INFO  scripts.synthetic_model_comparison.training.training_pipeline | saved checkpoint: /home/debian/Master-Thesis/scripts/synthetic_model_comparison/training/model_exports/yolo26n-gpt-image-2-low-compressed-seed44-20260826-214430/last.pt
2026-08-26 22:22:03 INFO  scripts.synthetic_model_comparison.training.training_pipeline | epoch 113/200 done — next lr=0.00408886, epochs_since_improve=0/20
2026-08-26 22:22:03 INFO  scripts.synthetic_model_comparison.training.training_pipeline | epoch 114/200 — train start (lr=0.00408886, batches=15)
2026-08-26 22:22:12 INFO  scripts.synthetic_model_comparison.training.training_pipeline | step 1700 | loss_box=0.6404 loss_cls=0.5220 loss_dfl=0.0155 loss_total=72.8004 lr=0.00405756
2026-08-26 22:22:17 INFO  scripts.synthetic_model_comparison.training.training_pipeline | epoch 114/200 — train done in 13.9s | avg loss_box=0.6899 loss_cls=0.4230 loss_dfl=0.0195 loss_total=71.5040
2026-08-26 22:22:17 INFO  scripts.synthetic_model_comparison.training.evaluation | evaluating on 4 batches
2026-08-26 22:22:23 INFO  scripts.synthetic_model_comparison.training.training_pipeline | epoch 114/200 — val mAP50=0.9543 mAP50_95=0.7264 (selection mAP50_95=0.7264)
2026-08-26 22:22:24 INFO  scripts.synthetic_model_comparison.training.evaluation | mlflow: logged val/mAP50=0.9543 val/mAP50_95=0.7264 (step=113)
2026-08-26 22:22:24 INFO  scripts.synthetic_model_comparison.training.evaluation | mlflow: logged val per-class AP table (12 classes)
2026-08-26 22:22:24 INFO  scripts.synthetic_model_comparison.training.training_pipeline | saved checkpoint: /home/debian/Master-Thesis/scripts/synthetic_model_comparison/training/model_exports/yolo26n-gpt-image-2-low-compressed-seed44-20260826-214430/last.pt
2026-08-26 22:22:24 INFO  scripts.synthetic_model_comparison.training.training_pipeline | epoch 114/200 done — next lr=0.00401067, epochs_since_improve=1/20
2026-08-26 22:22:24 INFO  scripts.synthetic_model_comparison.training.training_pipeline | epoch 115/200 — train start (lr=0.00401067, batches=15)
2026-08-26 22:22:36 INFO  scripts.synthetic_model_comparison.training.training_pipeline | epoch 115/200 — train done in 11.7s | avg loss_box=0.7150 loss_cls=0.4163 loss_dfl=0.0200 loss_total=73.0358
2026-08-26 22:22:36 INFO  scripts.synthetic_model_comparison.training.evaluation | evaluating on 4 batches
2026-08-26 22:22:42 INFO  scripts.synthetic_model_comparison.training.training_pipeline | epoch 115/200 — val mAP50=0.9448 mAP50_95=0.7341 (selection mAP50_95=0.7341)
2026-08-26 22:22:43 INFO  scripts.synthetic_model_comparison.training.evaluation | mlflow: logged val/mAP50=0.9448 val/mAP50_95=0.7341 (step=114)
2026-08-26 22:22:43 INFO  scripts.synthetic_model_comparison.training.evaluation | mlflow: logged val per-class AP table (12 classes)
2026-08-26 22:22:43 INFO  scripts.synthetic_model_comparison.training.training_pipeline | saved checkpoint: /home/debian/Master-Thesis/scripts/synthetic_model_comparison/training/model_exports/yolo26n-gpt-image-2-low-compressed-seed44-20260826-214430/last.pt
2026-08-26 22:22:44 INFO  scripts.synthetic_model_comparison.training.training_pipeline | epoch 115/200 done — next lr=0.00393274, epochs_since_improve=2/20
2026-08-26 22:22:44 INFO  scripts.synthetic_model_comparison.training.training_pipeline | epoch 116/200 — train start (lr=0.00393274, batches=15)
2026-08-26 22:22:56 INFO  scripts.synthetic_model_comparison.training.training_pipeline | epoch 116/200 — train done in 12.2s | avg loss_box=0.6920 loss_cls=0.3897 loss_dfl=0.0197 loss_total=70.3380
2026-08-26 22:22:56 INFO  scripts.synthetic_model_comparison.training.evaluation | evaluating on 4 batches
2026-08-26 22:23:02 INFO  scripts.synthetic_model_comparison.training.training_pipeline | epoch 116/200 — val mAP50=0.9617 mAP50_95=0.7404 (selection mAP50_95=0.7404)
2026-08-26 22:23:02 INFO  scripts.synthetic_model_comparison.training.evaluation | mlflow: logged val/mAP50=0.9617 val/mAP50_95=0.7404 (step=115)
2026-08-26 22:23:03 INFO  scripts.synthetic_model_comparison.training.evaluation | mlflow: logged val per-class AP table (12 classes)
2026-08-26 22:23:03 INFO  scripts.synthetic_model_comparison.training.training_pipeline | saved checkpoint: /home/debian/Master-Thesis/scripts/synthetic_model_comparison/training/model_exports/yolo26n-gpt-image-2-low-compressed-seed44-20260826-214430/last.pt
2026-08-26 22:23:03 INFO  scripts.synthetic_model_comparison.training.training_pipeline | epoch 116/200 done — next lr=0.00385508, epochs_since_improve=3/20
2026-08-26 22:23:03 INFO  scripts.synthetic_model_comparison.training.training_pipeline | epoch 117/200 — train start (lr=0.00385508, batches=15)
2026-08-26 22:23:14 INFO  scripts.synthetic_model_comparison.training.training_pipeline | step 1750 | loss_box=0.7577 loss_cls=0.3922 loss_dfl=0.0226 loss_total=75.0106 lr=0.00379832
2026-08-26 22:23:17 INFO  scripts.synthetic_model_comparison.training.training_pipeline | epoch 117/200 — train done in 13.4s | avg loss_box=0.7084 loss_cls=0.3937 loss_dfl=0.0196 loss_total=71.9915
2026-08-26 22:23:17 INFO  scripts.synthetic_model_comparison.training.evaluation | evaluating on 4 batches
2026-08-26 22:23:23 INFO  scripts.synthetic_model_comparison.training.training_pipeline | epoch 117/200 — val mAP50=0.9593 mAP50_95=0.7457 (selection mAP50_95=0.7457)
2026-08-26 22:23:23 INFO  scripts.synthetic_model_comparison.training.evaluation | mlflow: logged val/mAP50=0.9593 val/mAP50_95=0.7457 (step=116)
2026-08-26 22:23:24 INFO  scripts.synthetic_model_comparison.training.evaluation | mlflow: logged val per-class AP table (12 classes)
2026-08-26 22:23:24 INFO  scripts.synthetic_model_comparison.training.training_pipeline | saved checkpoint: /home/debian/Master-Thesis/scripts/synthetic_model_comparison/training/model_exports/yolo26n-gpt-image-2-low-compressed-seed44-20260826-214430/last.pt
2026-08-26 22:23:24 INFO  scripts.synthetic_model_comparison.training.training_pipeline | epoch 117/200 done — next lr=0.00377772, epochs_since_improve=4/20
2026-08-26 22:23:24 INFO  scripts.synthetic_model_comparison.training.training_pipeline | epoch 118/200 — train start (lr=0.00377772, batches=15)
2026-08-26 22:23:37 INFO  scripts.synthetic_model_comparison.training.training_pipeline | epoch 118/200 — train done in 12.2s | avg loss_box=0.6742 loss_cls=0.4004 loss_dfl=0.0191 loss_total=69.3798
2026-08-26 22:23:37 INFO  scripts.synthetic_model_comparison.training.evaluation | evaluating on 4 batches
2026-08-26 22:23:42 INFO  scripts.synthetic_model_comparison.training.training_pipeline | epoch 118/200 — val mAP50=0.9581 mAP50_95=0.7423 (selection mAP50_95=0.7423)
2026-08-26 22:23:43 INFO  scripts.synthetic_model_comparison.training.evaluation | mlflow: logged val/mAP50=0.9581 val/mAP50_95=0.7423 (step=117)
2026-08-26 22:23:44 INFO  scripts.synthetic_model_comparison.training.evaluation | mlflow: logged val per-class AP table (12 classes)
2026-08-26 22:23:44 INFO  scripts.synthetic_model_comparison.training.training_pipeline | saved checkpoint: /home/debian/Master-Thesis/scripts/synthetic_model_comparison/training/model_exports/yolo26n-gpt-image-2-low-compressed-seed44-20260826-214430/last.pt
2026-08-26 22:23:44 INFO  scripts.synthetic_model_comparison.training.training_pipeline | epoch 118/200 done — next lr=0.00370066, epochs_since_improve=5/20
2026-08-26 22:23:44 INFO  scripts.synthetic_model_comparison.training.training_pipeline | epoch 119/200 — train start (lr=0.00370066, batches=15)
2026-08-26 22:23:56 INFO  scripts.synthetic_model_comparison.training.training_pipeline | epoch 119/200 — train done in 11.4s | avg loss_box=0.6926 loss_cls=0.4050 loss_dfl=0.0195 loss_total=70.8802
2026-08-26 22:23:56 INFO  scripts.synthetic_model_comparison.training.evaluation | evaluating on 4 batches
2026-08-26 22:24:01 INFO  scripts.synthetic_model_comparison.training.training_pipeline | epoch 119/200 — val mAP50=0.9446 mAP50_95=0.7329 (selection mAP50_95=0.7329)
2026-08-26 22:24:02 INFO  scripts.synthetic_model_comparison.training.evaluation | mlflow: logged val/mAP50=0.9446 val/mAP50_95=0.7329 (step=118)
2026-08-26 22:24:03 INFO  scripts.synthetic_model_comparison.training.evaluation | mlflow: logged val per-class AP table (12 classes)
2026-08-26 22:24:03 INFO  scripts.synthetic_model_comparison.training.training_pipeline | saved checkpoint: /home/debian/Master-Thesis/scripts/synthetic_model_comparison/training/model_exports/yolo26n-gpt-image-2-low-compressed-seed44-20260826-214430/last.pt
2026-08-26 22:24:03 INFO  scripts.synthetic_model_comparison.training.training_pipeline | epoch 119/200 done — next lr=0.00362394, epochs_since_improve=6/20
2026-08-26 22:24:03 INFO  scripts.synthetic_model_comparison.training.training_pipeline | epoch 120/200 — train start (lr=0.00362394, batches=15)
2026-08-26 22:24:15 INFO  scripts.synthetic_model_comparison.training.training_pipeline | epoch 120/200 — train done in 11.7s | avg loss_box=0.6770 loss_cls=0.3812 loss_dfl=0.0191 loss_total=69.1634
2026-08-26 22:24:15 INFO  scripts.synthetic_model_comparison.training.evaluation | evaluating on 4 batches
2026-08-26 22:24:21 INFO  scripts.synthetic_model_comparison.training.training_pipeline | epoch 120/200 — val mAP50=0.9562 mAP50_95=0.7542 (selection mAP50_95=0.7542)
2026-08-26 22:24:21 INFO  scripts.synthetic_model_comparison.training.evaluation | mlflow: logged val/mAP50=0.9562 val/mAP50_95=0.7542 (step=119)
2026-08-26 22:24:22 INFO  scripts.synthetic_model_comparison.training.evaluation | mlflow: logged val per-class AP table (12 classes)
2026-08-26 22:24:22 INFO  scripts.synthetic_model_comparison.training.training_pipeline | saved checkpoint: /home/debian/Master-Thesis/scripts/synthetic_model_comparison/training/model_exports/yolo26n-gpt-image-2-low-compressed-seed44-20260826-214430/best.pt
2026-08-26 22:24:22 INFO  scripts.synthetic_model_comparison.training.training_pipeline | new best mAP50_95=0.7542 at epoch 120
2026-08-26 22:24:22 INFO  scripts.synthetic_model_comparison.training.training_pipeline | saved checkpoint: /home/debian/Master-Thesis/scripts/synthetic_model_comparison/training/model_exports/yolo26n-gpt-image-2-low-compressed-seed44-20260826-214430/last.pt
2026-08-26 22:24:22 INFO  scripts.synthetic_model_comparison.training.training_pipeline | epoch 120/200 done — next lr=0.00354757, epochs_since_improve=0/20
2026-08-26 22:24:22 INFO  scripts.synthetic_model_comparison.training.training_pipeline | epoch 121/200 — train start (lr=0.00354757, batches=15)
2026-08-26 22:24:28 INFO  scripts.synthetic_model_comparison.training.training_pipeline | step 1800 | loss_box=0.6460 loss_cls=0.3423 loss_dfl=0.0183 loss_total=65.5348 lr=0.00354249
2026-08-26 22:24:36 INFO  scripts.synthetic_model_comparison.training.training_pipeline | epoch 121/200 — train done in 13.3s | avg loss_box=0.6780 loss_cls=0.3875 loss_dfl=0.0194 loss_total=68.9871
2026-08-26 22:24:36 INFO  scripts.synthetic_model_comparison.training.evaluation | evaluating on 4 batches
2026-08-26 22:24:42 INFO  scripts.synthetic_model_comparison.training.training_pipeline | epoch 121/200 — val mAP50=0.9479 mAP50_95=0.7500 (selection mAP50_95=0.7500)
2026-08-26 22:24:42 INFO  scripts.synthetic_model_comparison.training.evaluation | mlflow: logged val/mAP50=0.9479 val/mAP50_95=0.7500 (step=120)
2026-08-26 22:24:43 INFO  scripts.synthetic_model_comparison.training.evaluation | mlflow: logged val per-class AP table (12 classes)
2026-08-26 22:24:43 INFO  scripts.synthetic_model_comparison.training.training_pipeline | saved checkpoint: /home/debian/Master-Thesis/scripts/synthetic_model_comparison/training/model_exports/yolo26n-gpt-image-2-low-compressed-seed44-20260826-214430/last.pt
2026-08-26 22:24:43 INFO  scripts.synthetic_model_comparison.training.training_pipeline | epoch 121/200 done — next lr=0.00347156, epochs_since_improve=1/20
2026-08-26 22:24:43 INFO  scripts.synthetic_model_comparison.training.training_pipeline | epoch 122/200 — train start (lr=0.00347156, batches=15)
2026-08-26 22:24:55 INFO  scripts.synthetic_model_comparison.training.training_pipeline | epoch 122/200 — train done in 12.2s | avg loss_box=0.6588 loss_cls=0.3629 loss_dfl=0.0179 loss_total=66.8232
2026-08-26 22:24:55 INFO  scripts.synthetic_model_comparison.training.evaluation | evaluating on 4 batches
2026-08-26 22:25:01 INFO  scripts.synthetic_model_comparison.training.training_pipeline | epoch 122/200 — val mAP50=0.9547 mAP50_95=0.7561 (selection mAP50_95=0.7561)
2026-08-26 22:25:02 INFO  scripts.synthetic_model_comparison.training.evaluation | mlflow: logged val/mAP50=0.9547 val/mAP50_95=0.7561 (step=121)
2026-08-26 22:25:02 INFO  scripts.synthetic_model_comparison.training.evaluation | mlflow: logged val per-class AP table (12 classes)
2026-08-26 22:25:03 INFO  scripts.synthetic_model_comparison.training.training_pipeline | saved checkpoint: /home/debian/Master-Thesis/scripts/synthetic_model_comparison/training/model_exports/yolo26n-gpt-image-2-low-compressed-seed44-20260826-214430/best.pt
2026-08-26 22:25:03 INFO  scripts.synthetic_model_comparison.training.training_pipeline | new best mAP50_95=0.7561 at epoch 122
2026-08-26 22:25:03 INFO  scripts.synthetic_model_comparison.training.training_pipeline | saved checkpoint: /home/debian/Master-Thesis/scripts/synthetic_model_comparison/training/model_exports/yolo26n-gpt-image-2-low-compressed-seed44-20260826-214430/last.pt
2026-08-26 22:25:03 INFO  scripts.synthetic_model_comparison.training.training_pipeline | epoch 122/200 done — next lr=0.00339595, epochs_since_improve=0/20
2026-08-26 22:25:03 INFO  scripts.synthetic_model_comparison.training.training_pipeline | epoch 123/200 — train start (lr=0.00339595, batches=15)
2026-08-26 22:25:15 INFO  scripts.synthetic_model_comparison.training.training_pipeline | epoch 123/200 — train done in 12.0s | avg loss_box=0.6698 loss_cls=0.3651 loss_dfl=0.0184 loss_total=67.7090
2026-08-26 22:25:15 INFO  scripts.synthetic_model_comparison.training.evaluation | evaluating on 4 batches
2026-08-26 22:25:21 INFO  scripts.synthetic_model_comparison.training.training_pipeline | epoch 123/200 — val mAP50=0.9513 mAP50_95=0.7509 (selection mAP50_95=0.7509)
2026-08-26 22:25:22 INFO  scripts.synthetic_model_comparison.training.evaluation | mlflow: logged val/mAP50=0.9513 val/mAP50_95=0.7509 (step=122)
2026-08-26 22:25:22 INFO  scripts.synthetic_model_comparison.training.evaluation | mlflow: logged val per-class AP table (12 classes)
2026-08-26 22:25:22 INFO  scripts.synthetic_model_comparison.training.training_pipeline | saved checkpoint: /home/debian/Master-Thesis/scripts/synthetic_model_comparison/training/model_exports/yolo26n-gpt-image-2-low-compressed-seed44-20260826-214430/last.pt
2026-08-26 22:25:23 INFO  scripts.synthetic_model_comparison.training.training_pipeline | epoch 123/200 done — next lr=0.00332075, epochs_since_improve=1/20
2026-08-26 22:25:23 INFO  scripts.synthetic_model_comparison.training.training_pipeline | epoch 124/200 — train start (lr=0.00332075, batches=15)
2026-08-26 22:25:31 INFO  scripts.synthetic_model_comparison.training.training_pipeline | step 1850 | loss_box=0.7306 loss_cls=0.3698 loss_dfl=0.0193 loss_total=71.5344 lr=0.00329079
2026-08-26 22:25:37 INFO  scripts.synthetic_model_comparison.training.training_pipeline | epoch 124/200 — train done in 14.0s | avg loss_box=0.6598 loss_cls=0.3598 loss_dfl=0.0180 loss_total=66.3965
2026-08-26 22:25:37 INFO  scripts.synthetic_model_comparison.training.evaluation | evaluating on 4 batches
2026-08-26 22:25:42 INFO  scripts.synthetic_model_comparison.training.training_pipeline | epoch 124/200 — val mAP50=0.9623 mAP50_95=0.7453 (selection mAP50_95=0.7453)
2026-08-26 22:25:43 INFO  scripts.synthetic_model_comparison.training.evaluation | mlflow: logged val/mAP50=0.9623 val/mAP50_95=0.7453 (step=123)
2026-08-26 22:25:44 INFO  scripts.synthetic_model_comparison.training.evaluation | mlflow: logged val per-class AP table (12 classes)
2026-08-26 22:25:44 INFO  scripts.synthetic_model_comparison.training.training_pipeline | saved checkpoint: /home/debian/Master-Thesis/scripts/synthetic_model_comparison/training/model_exports/yolo26n-gpt-image-2-low-compressed-seed44-20260826-214430/last.pt
2026-08-26 22:25:44 INFO  scripts.synthetic_model_comparison.training.training_pipeline | epoch 124/200 done — next lr=0.00324598, epochs_since_improve=2/20
2026-08-26 22:25:44 INFO  scripts.synthetic_model_comparison.training.training_pipeline | epoch 125/200 — train start (lr=0.00324598, batches=15)
2026-08-26 22:25:56 INFO  scripts.synthetic_model_comparison.training.training_pipeline | epoch 125/200 — train done in 12.0s | avg loss_box=0.6376 loss_cls=0.3492 loss_dfl=0.0176 loss_total=64.9985
2026-08-26 22:25:56 INFO  scripts.synthetic_model_comparison.training.evaluation | evaluating on 4 batches
2026-08-26 22:26:02 INFO  scripts.synthetic_model_comparison.training.training_pipeline | epoch 125/200 — val mAP50=0.9560 mAP50_95=0.7486 (selection mAP50_95=0.7486)
2026-08-26 22:26:03 INFO  scripts.synthetic_model_comparison.training.evaluation | mlflow: logged val/mAP50=0.9560 val/mAP50_95=0.7486 (step=124)
2026-08-26 22:26:03 INFO  scripts.synthetic_model_comparison.training.evaluation | mlflow: logged val per-class AP table (12 classes)
2026-08-26 22:26:03 INFO  scripts.synthetic_model_comparison.training.training_pipeline | saved checkpoint: /home/debian/Master-Thesis/scripts/synthetic_model_comparison/training/model_exports/yolo26n-gpt-image-2-low-compressed-seed44-20260826-214430/last.pt
2026-08-26 22:26:04 INFO  scripts.synthetic_model_comparison.training.training_pipeline | epoch 125/200 done — next lr=0.00317165, epochs_since_improve=3/20
2026-08-26 22:26:04 INFO  scripts.synthetic_model_comparison.training.training_pipeline | epoch 126/200 — train start (lr=0.00317165, batches=15)
2026-08-26 22:26:15 INFO  scripts.synthetic_model_comparison.training.training_pipeline | epoch 126/200 — train done in 11.5s | avg loss_box=0.6750 loss_cls=0.3494 loss_dfl=0.0190 loss_total=66.9559
2026-08-26 22:26:15 INFO  scripts.synthetic_model_comparison.training.evaluation | evaluating on 4 batches
2026-08-26 22:26:21 INFO  scripts.synthetic_model_comparison.training.training_pipeline | epoch 126/200 — val mAP50=0.9586 mAP50_95=0.7416 (selection mAP50_95=0.7416)
2026-08-26 22:26:22 INFO  scripts.synthetic_model_comparison.training.evaluation | mlflow: logged val/mAP50=0.9586 val/mAP50_95=0.7416 (step=125)
2026-08-26 22:26:22 INFO  scripts.synthetic_model_comparison.training.evaluation | mlflow: logged val per-class AP table (12 classes)
2026-08-26 22:26:22 INFO  scripts.synthetic_model_comparison.training.training_pipeline | saved checkpoint: /home/debian/Master-Thesis/scripts/synthetic_model_comparison/training/model_exports/yolo26n-gpt-image-2-low-compressed-seed44-20260826-214430/last.pt
2026-08-26 22:26:23 INFO  scripts.synthetic_model_comparison.training.training_pipeline | epoch 126/200 done — next lr=0.00309779, epochs_since_improve=4/20
2026-08-26 22:26:23 INFO  scripts.synthetic_model_comparison.training.training_pipeline | epoch 127/200 — train start (lr=0.00309779, batches=15)
2026-08-26 22:26:34 INFO  scripts.synthetic_model_comparison.training.training_pipeline | step 1900 | loss_box=0.6917 loss_cls=0.4593 loss_dfl=0.0178 loss_total=73.6439 lr=0.00304393
2026-08-26 22:26:37 INFO  scripts.synthetic_model_comparison.training.training_pipeline | epoch 127/200 — train done in 14.1s | avg loss_box=0.6364 loss_cls=0.3426 loss_dfl=0.0178 loss_total=64.3781
2026-08-26 22:26:37 INFO  scripts.synthetic_model_comparison.training.evaluation | evaluating on 4 batches
2026-08-26 22:26:43 INFO  scripts.synthetic_model_comparison.training.training_pipeline | epoch 127/200 — val mAP50=0.9517 mAP50_95=0.7628 (selection mAP50_95=0.7628)
2026-08-26 22:26:44 INFO  scripts.synthetic_model_comparison.training.evaluation | mlflow: logged val/mAP50=0.9517 val/mAP50_95=0.7628 (step=126)
2026-08-26 22:26:44 INFO  scripts.synthetic_model_comparison.training.evaluation | mlflow: logged val per-class AP table (12 classes)
2026-08-26 22:26:44 INFO  scripts.synthetic_model_comparison.training.training_pipeline | saved checkpoint: /home/debian/Master-Thesis/scripts/synthetic_model_comparison/training/model_exports/yolo26n-gpt-image-2-low-compressed-seed44-20260826-214430/best.pt
2026-08-26 22:26:44 INFO  scripts.synthetic_model_comparison.training.training_pipeline | new best mAP50_95=0.7628 at epoch 127
2026-08-26 22:26:44 INFO  scripts.synthetic_model_comparison.training.training_pipeline | saved checkpoint: /home/debian/Master-Thesis/scripts/synthetic_model_comparison/training/model_exports/yolo26n-gpt-image-2-low-compressed-seed44-20260826-214430/last.pt
2026-08-26 22:26:45 INFO  scripts.synthetic_model_comparison.training.training_pipeline | epoch 127/200 done — next lr=0.00302441, epochs_since_improve=0/20
2026-08-26 22:26:45 INFO  scripts.synthetic_model_comparison.training.training_pipeline | epoch 128/200 — train start (lr=0.00302441, batches=15)
2026-08-26 22:26:57 INFO  scripts.synthetic_model_comparison.training.training_pipeline | epoch 128/200 — train done in 12.0s | avg loss_box=0.6393 loss_cls=0.3460 loss_dfl=0.0180 loss_total=64.3998
2026-08-26 22:26:57 INFO  scripts.synthetic_model_comparison.training.evaluation | evaluating on 4 batches
2026-08-26 22:27:02 INFO  scripts.synthetic_model_comparison.training.training_pipeline | epoch 128/200 — val mAP50=0.9593 mAP50_95=0.7526 (selection mAP50_95=0.7526)
2026-08-26 22:27:03 INFO  scripts.synthetic_model_comparison.training.evaluation | mlflow: logged val/mAP50=0.9593 val/mAP50_95=0.7526 (step=127)
2026-08-26 22:27:04 INFO  scripts.synthetic_model_comparison.training.evaluation | mlflow: logged val per-class AP table (12 classes)
2026-08-26 22:27:04 INFO  scripts.synthetic_model_comparison.training.training_pipeline | saved checkpoint: /home/debian/Master-Thesis/scripts/synthetic_model_comparison/training/model_exports/yolo26n-gpt-image-2-low-compressed-seed44-20260826-214430/last.pt
2026-08-26 22:27:04 INFO  scripts.synthetic_model_comparison.training.training_pipeline | epoch 128/200 done — next lr=0.00295154, epochs_since_improve=1/20
2026-08-26 22:27:04 INFO  scripts.synthetic_model_comparison.training.training_pipeline | epoch 129/200 — train start (lr=0.00295154, batches=15)
2026-08-26 22:27:16 INFO  scripts.synthetic_model_comparison.training.training_pipeline | epoch 129/200 — train done in 12.0s | avg loss_box=0.6261 loss_cls=0.3404 loss_dfl=0.0176 loss_total=63.3621
2026-08-26 22:27:16 INFO  scripts.synthetic_model_comparison.training.evaluation | evaluating on 4 batches
2026-08-26 22:27:22 INFO  scripts.synthetic_model_comparison.training.training_pipeline | epoch 129/200 — val mAP50=0.9584 mAP50_95=0.7542 (selection mAP50_95=0.7542)
2026-08-26 22:27:23 INFO  scripts.synthetic_model_comparison.training.evaluation | mlflow: logged val/mAP50=0.9584 val/mAP50_95=0.7542 (step=128)
2026-08-26 22:27:23 INFO  scripts.synthetic_model_comparison.training.evaluation | mlflow: logged val per-class AP table (12 classes)
2026-08-26 22:27:23 INFO  scripts.synthetic_model_comparison.training.training_pipeline | saved checkpoint: /home/debian/Master-Thesis/scripts/synthetic_model_comparison/training/model_exports/yolo26n-gpt-image-2-low-compressed-seed44-20260826-214430/last.pt
2026-08-26 22:27:24 INFO  scripts.synthetic_model_comparison.training.training_pipeline | epoch 129/200 done — next lr=0.00287919, epochs_since_improve=2/20
2026-08-26 22:27:24 INFO  scripts.synthetic_model_comparison.training.training_pipeline | epoch 130/200 — train start (lr=0.00287919, batches=15)
2026-08-26 22:27:36 INFO  scripts.synthetic_model_comparison.training.training_pipeline | epoch 130/200 — train done in 12.1s | avg loss_box=0.6285 loss_cls=0.3290 loss_dfl=0.0176 loss_total=62.7230
2026-08-26 22:27:36 INFO  scripts.synthetic_model_comparison.training.evaluation | evaluating on 4 batches
2026-08-26 22:27:41 INFO  scripts.synthetic_model_comparison.training.training_pipeline | epoch 130/200 — val mAP50=0.9602 mAP50_95=0.7631 (selection mAP50_95=0.7631)
2026-08-26 22:27:42 INFO  scripts.synthetic_model_comparison.training.evaluation | mlflow: logged val/mAP50=0.9602 val/mAP50_95=0.7631 (step=129)
2026-08-26 22:27:43 INFO  scripts.synthetic_model_comparison.training.evaluation | mlflow: logged val per-class AP table (12 classes)
2026-08-26 22:27:43 INFO  scripts.synthetic_model_comparison.training.training_pipeline | saved checkpoint: /home/debian/Master-Thesis/scripts/synthetic_model_comparison/training/model_exports/yolo26n-gpt-image-2-low-compressed-seed44-20260826-214430/last.pt
2026-08-26 22:27:43 INFO  scripts.synthetic_model_comparison.training.training_pipeline | epoch 130/200 done — next lr=0.00280738, epochs_since_improve=3/20
2026-08-26 22:27:43 INFO  scripts.synthetic_model_comparison.training.training_pipeline | epoch 131/200 — train start (lr=0.00280738, batches=15)
2026-08-26 22:27:50 INFO  scripts.synthetic_model_comparison.training.training_pipeline | step 1950 | loss_box=0.5764 loss_cls=0.3015 loss_dfl=0.0165 loss_total=59.3263 lr=0.00280262
2026-08-26 22:27:57 INFO  scripts.synthetic_model_comparison.training.training_pipeline | epoch 131/200 — train done in 13.7s | avg loss_box=0.6062 loss_cls=0.3127 loss_dfl=0.0168 loss_total=60.8843
2026-08-26 22:27:57 INFO  scripts.synthetic_model_comparison.training.evaluation | evaluating on 4 batches
2026-08-26 22:28:03 INFO  scripts.synthetic_model_comparison.training.training_pipeline | epoch 131/200 — val mAP50=0.9442 mAP50_95=0.6905 (selection mAP50_95=0.6905)
2026-08-26 22:28:03 INFO  scripts.synthetic_model_comparison.training.evaluation | mlflow: logged val/mAP50=0.9442 val/mAP50_95=0.6905 (step=130)
2026-08-26 22:28:04 INFO  scripts.synthetic_model_comparison.training.evaluation | mlflow: logged val per-class AP table (12 classes)
2026-08-26 22:28:04 INFO  scripts.synthetic_model_comparison.training.training_pipeline | saved checkpoint: /home/debian/Master-Thesis/scripts/synthetic_model_comparison/training/model_exports/yolo26n-gpt-image-2-low-compressed-seed44-20260826-214430/last.pt
2026-08-26 22:28:04 INFO  scripts.synthetic_model_comparison.training.training_pipeline | epoch 131/200 done — next lr=0.00273613, epochs_since_improve=4/20
2026-08-26 22:28:04 INFO  scripts.synthetic_model_comparison.training.training_pipeline | epoch 132/200 — train start (lr=0.00273613, batches=15)
2026-08-26 22:28:16 INFO  scripts.synthetic_model_comparison.training.training_pipeline | epoch 132/200 — train done in 11.9s | avg loss_box=0.6099 loss_cls=0.3067 loss_dfl=0.0169 loss_total=60.6872
2026-08-26 22:28:16 INFO  scripts.synthetic_model_comparison.training.evaluation | evaluating on 4 batches
2026-08-26 22:28:22 INFO  scripts.synthetic_model_comparison.training.training_pipeline | epoch 132/200 — val mAP50=0.9696 mAP50_95=0.7662 (selection mAP50_95=0.7662)
2026-08-26 22:28:23 INFO  scripts.synthetic_model_comparison.training.evaluation | mlflow: logged val/mAP50=0.9696 val/mAP50_95=0.7662 (step=131)
2026-08-26 22:28:23 INFO  scripts.synthetic_model_comparison.training.evaluation | mlflow: logged val per-class AP table (12 classes)
2026-08-26 22:28:23 INFO  scripts.synthetic_model_comparison.training.training_pipeline | saved checkpoint: /home/debian/Master-Thesis/scripts/synthetic_model_comparison/training/model_exports/yolo26n-gpt-image-2-low-compressed-seed44-20260826-214430/best.pt
2026-08-26 22:28:23 INFO  scripts.synthetic_model_comparison.training.training_pipeline | new best mAP50_95=0.7662 at epoch 132
2026-08-26 22:28:24 INFO  scripts.synthetic_model_comparison.training.training_pipeline | saved checkpoint: /home/debian/Master-Thesis/scripts/synthetic_model_comparison/training/model_exports/yolo26n-gpt-image-2-low-compressed-seed44-20260826-214430/last.pt
2026-08-26 22:28:24 INFO  scripts.synthetic_model_comparison.training.training_pipeline | epoch 132/200 done — next lr=0.00266546, epochs_since_improve=0/20
2026-08-26 22:28:24 INFO  scripts.synthetic_model_comparison.training.training_pipeline | epoch 133/200 — train start (lr=0.00266546, batches=15)
2026-08-26 22:28:36 INFO  scripts.synthetic_model_comparison.training.training_pipeline | epoch 133/200 — train done in 11.9s | avg loss_box=0.5991 loss_cls=0.3105 loss_dfl=0.0168 loss_total=60.2648
2026-08-26 22:28:36 INFO  scripts.synthetic_model_comparison.training.evaluation | evaluating on 4 batches
2026-08-26 22:28:42 INFO  scripts.synthetic_model_comparison.training.training_pipeline | epoch 133/200 — val mAP50=0.9707 mAP50_95=0.7719 (selection mAP50_95=0.7719)
2026-08-26 22:28:43 INFO  scripts.synthetic_model_comparison.training.evaluation | mlflow: logged val/mAP50=0.9707 val/mAP50_95=0.7719 (step=132)
2026-08-26 22:28:43 INFO  scripts.synthetic_model_comparison.training.evaluation | mlflow: logged val per-class AP table (12 classes)
2026-08-26 22:28:43 INFO  scripts.synthetic_model_comparison.training.training_pipeline | saved checkpoint: /home/debian/Master-Thesis/scripts/synthetic_model_comparison/training/model_exports/yolo26n-gpt-image-2-low-compressed-seed44-20260826-214430/best.pt
2026-08-26 22:28:43 INFO  scripts.synthetic_model_comparison.training.training_pipeline | new best mAP50_95=0.7719 at epoch 133
2026-08-26 22:28:43 INFO  scripts.synthetic_model_comparison.training.training_pipeline | saved checkpoint: /home/debian/Master-Thesis/scripts/synthetic_model_comparison/training/model_exports/yolo26n-gpt-image-2-low-compressed-seed44-20260826-214430/last.pt
2026-08-26 22:28:44 INFO  scripts.synthetic_model_comparison.training.training_pipeline | epoch 133/200 done — next lr=0.00259538, epochs_since_improve=0/20
2026-08-26 22:28:44 INFO  scripts.synthetic_model_comparison.training.training_pipeline | epoch 134/200 — train start (lr=0.00259538, batches=15)
2026-08-26 22:28:52 INFO  scripts.synthetic_model_comparison.training.training_pipeline | step 2000 | loss_box=0.5674 loss_cls=0.3086 loss_dfl=0.0160 loss_total=59.7059 lr=0.00256752
2026-08-26 22:28:57 INFO  scripts.synthetic_model_comparison.training.training_pipeline | epoch 134/200 — train done in 13.4s | avg loss_box=0.5913 loss_cls=0.3157 loss_dfl=0.0168 loss_total=60.0955
2026-08-26 22:28:57 INFO  scripts.synthetic_model_comparison.training.evaluation | evaluating on 4 batches
2026-08-26 22:29:03 INFO  scripts.synthetic_model_comparison.training.training_pipeline | epoch 134/200 — val mAP50=0.9648 mAP50_95=0.7585 (selection mAP50_95=0.7585)
2026-08-26 22:29:04 INFO  scripts.synthetic_model_comparison.training.evaluation | mlflow: logged val/mAP50=0.9648 val/mAP50_95=0.7585 (step=133)
2026-08-26 22:29:04 INFO  scripts.synthetic_model_comparison.training.evaluation | mlflow: logged val per-class AP table (12 classes)
2026-08-26 22:29:04 INFO  scripts.synthetic_model_comparison.training.training_pipeline | saved checkpoint: /home/debian/Master-Thesis/scripts/synthetic_model_comparison/training/model_exports/yolo26n-gpt-image-2-low-compressed-seed44-20260826-214430/last.pt
2026-08-26 22:29:05 INFO  scripts.synthetic_model_comparison.training.training_pipeline | epoch 134/200 done — next lr=0.00252592, epochs_since_improve=1/20
2026-08-26 22:29:05 INFO  scripts.synthetic_model_comparison.training.training_pipeline | epoch 135/200 — train start (lr=0.00252592, batches=15)
2026-08-26 22:29:17 INFO  scripts.synthetic_model_comparison.training.training_pipeline | epoch 135/200 — train done in 12.0s | avg loss_box=0.5843 loss_cls=0.3174 loss_dfl=0.0162 loss_total=59.6509
2026-08-26 22:29:17 INFO  scripts.synthetic_model_comparison.training.evaluation | evaluating on 4 batches
2026-08-26 22:29:22 INFO  scripts.synthetic_model_comparison.training.training_pipeline | epoch 135/200 — val mAP50=0.9712 mAP50_95=0.7775 (selection mAP50_95=0.7775)
2026-08-26 22:29:23 INFO  scripts.synthetic_model_comparison.training.evaluation | mlflow: logged val/mAP50=0.9712 val/mAP50_95=0.7775 (step=134)
2026-08-26 22:29:24 INFO  scripts.synthetic_model_comparison.training.evaluation | mlflow: logged val per-class AP table (12 classes)
2026-08-26 22:29:24 INFO  scripts.synthetic_model_comparison.training.training_pipeline | saved checkpoint: /home/debian/Master-Thesis/scripts/synthetic_model_comparison/training/model_exports/yolo26n-gpt-image-2-low-compressed-seed44-20260826-214430/best.pt
2026-08-26 22:29:24 INFO  scripts.synthetic_model_comparison.training.training_pipeline | new best mAP50_95=0.7775 at epoch 135
2026-08-26 22:29:24 INFO  scripts.synthetic_model_comparison.training.training_pipeline | saved checkpoint: /home/debian/Master-Thesis/scripts/synthetic_model_comparison/training/model_exports/yolo26n-gpt-image-2-low-compressed-seed44-20260826-214430/last.pt
2026-08-26 22:29:24 INFO  scripts.synthetic_model_comparison.training.training_pipeline | epoch 135/200 done — next lr=0.00245708, epochs_since_improve=0/20
2026-08-26 22:29:24 INFO  scripts.synthetic_model_comparison.training.training_pipeline | epoch 136/200 — train start (lr=0.00245708, batches=15)
2026-08-26 22:29:36 INFO  scripts.synthetic_model_comparison.training.training_pipeline | epoch 136/200 — train done in 12.0s | avg loss_box=0.5960 loss_cls=0.3132 loss_dfl=0.0169 loss_total=60.0717
2026-08-26 22:29:36 INFO  scripts.synthetic_model_comparison.training.evaluation | evaluating on 4 batches
2026-08-26 22:29:42 INFO  scripts.synthetic_model_comparison.training.training_pipeline | epoch 136/200 — val mAP50=0.9636 mAP50_95=0.7531 (selection mAP50_95=0.7531)
2026-08-26 22:29:43 INFO  scripts.synthetic_model_comparison.training.evaluation | mlflow: logged val/mAP50=0.9636 val/mAP50_95=0.7531 (step=135)
2026-08-26 22:29:43 INFO  scripts.synthetic_model_comparison.training.evaluation | mlflow: logged val per-class AP table (12 classes)
2026-08-26 22:29:43 INFO  scripts.synthetic_model_comparison.training.training_pipeline | saved checkpoint: /home/debian/Master-Thesis/scripts/synthetic_model_comparison/training/model_exports/yolo26n-gpt-image-2-low-compressed-seed44-20260826-214430/last.pt
2026-08-26 22:29:44 INFO  scripts.synthetic_model_comparison.training.training_pipeline | epoch 136/200 done — next lr=0.0023889, epochs_since_improve=1/20
2026-08-26 22:29:44 INFO  scripts.synthetic_model_comparison.training.training_pipeline | epoch 137/200 — train start (lr=0.0023889, batches=15)
2026-08-26 22:29:55 INFO  scripts.synthetic_model_comparison.training.training_pipeline | step 2050 | loss_box=0.5016 loss_cls=0.3538 loss_dfl=0.0130 loss_total=56.3132 lr=0.00233931
2026-08-26 22:29:58 INFO  scripts.synthetic_model_comparison.training.training_pipeline | epoch 137/200 — train done in 13.8s | avg loss_box=0.5946 loss_cls=0.3214 loss_dfl=0.0163 loss_total=60.3529
2026-08-26 22:29:58 INFO  scripts.synthetic_model_comparison.training.evaluation | evaluating on 4 batches
2026-08-26 22:30:04 INFO  scripts.synthetic_model_comparison.training.training_pipeline | epoch 137/200 — val mAP50=0.9684 mAP50_95=0.7814 (selection mAP50_95=0.7814)
2026-08-26 22:30:04 INFO  scripts.synthetic_model_comparison.training.evaluation | mlflow: logged val/mAP50=0.9684 val/mAP50_95=0.7814 (step=136)
2026-08-26 22:30:05 INFO  scripts.synthetic_model_comparison.training.evaluation | mlflow: logged val per-class AP table (12 classes)
2026-08-26 22:30:05 INFO  scripts.synthetic_model_comparison.training.training_pipeline | saved checkpoint: /home/debian/Master-Thesis/scripts/synthetic_model_comparison/training/model_exports/yolo26n-gpt-image-2-low-compressed-seed44-20260826-214430/best.pt
2026-08-26 22:30:05 INFO  scripts.synthetic_model_comparison.training.training_pipeline | new best mAP50_95=0.7814 at epoch 137
2026-08-26 22:30:05 INFO  scripts.synthetic_model_comparison.training.training_pipeline | saved checkpoint: /home/debian/Master-Thesis/scripts/synthetic_model_comparison/training/model_exports/yolo26n-gpt-image-2-low-compressed-seed44-20260826-214430/last.pt
2026-08-26 22:30:05 INFO  scripts.synthetic_model_comparison.training.training_pipeline | epoch 137/200 done — next lr=0.00232138, epochs_since_improve=0/20
2026-08-26 22:30:05 INFO  scripts.synthetic_model_comparison.training.training_pipeline | epoch 138/200 — train start (lr=0.00232138, batches=15)
2026-08-26 22:30:17 INFO  scripts.synthetic_model_comparison.training.training_pipeline | epoch 138/200 — train done in 11.5s | avg loss_box=0.5762 loss_cls=0.2962 loss_dfl=0.0160 loss_total=58.0287
2026-08-26 22:30:17 INFO  scripts.synthetic_model_comparison.training.evaluation | evaluating on 4 batches
2026-08-26 22:30:23 INFO  scripts.synthetic_model_comparison.training.training_pipeline | epoch 138/200 — val mAP50=0.9697 mAP50_95=0.7694 (selection mAP50_95=0.7694)
2026-08-26 22:30:23 INFO  scripts.synthetic_model_comparison.training.evaluation | mlflow: logged val/mAP50=0.9697 val/mAP50_95=0.7694 (step=137)
2026-08-26 22:30:24 INFO  scripts.synthetic_model_comparison.training.evaluation | mlflow: logged val per-class AP table (12 classes)
2026-08-26 22:30:24 INFO  scripts.synthetic_model_comparison.training.training_pipeline | saved checkpoint: /home/debian/Master-Thesis/scripts/synthetic_model_comparison/training/model_exports/yolo26n-gpt-image-2-low-compressed-seed44-20260826-214430/last.pt
2026-08-26 22:30:24 INFO  scripts.synthetic_model_comparison.training.training_pipeline | epoch 138/200 done — next lr=0.00225454, epochs_since_improve=1/20
2026-08-26 22:30:24 INFO  scripts.synthetic_model_comparison.training.training_pipeline | epoch 139/200 — train start (lr=0.00225454, batches=15)
2026-08-26 22:30:36 INFO  scripts.synthetic_model_comparison.training.training_pipeline | epoch 139/200 — train done in 11.9s | avg loss_box=0.5670 loss_cls=0.2872 loss_dfl=0.0162 loss_total=56.9802
2026-08-26 22:30:36 INFO  scripts.synthetic_model_comparison.training.evaluation | evaluating on 4 batches
2026-08-26 22:30:42 INFO  scripts.synthetic_model_comparison.training.training_pipeline | epoch 139/200 — val mAP50=0.9553 mAP50_95=0.7391 (selection mAP50_95=0.7391)
2026-08-26 22:30:43 INFO  scripts.synthetic_model_comparison.training.evaluation | mlflow: logged val/mAP50=0.9553 val/mAP50_95=0.7391 (step=138)
2026-08-26 22:30:43 INFO  scripts.synthetic_model_comparison.training.evaluation | mlflow: logged val per-class AP table (12 classes)
2026-08-26 22:30:43 INFO  scripts.synthetic_model_comparison.training.training_pipeline | saved checkpoint: /home/debian/Master-Thesis/scripts/synthetic_model_comparison/training/model_exports/yolo26n-gpt-image-2-low-compressed-seed44-20260826-214430/last.pt
2026-08-26 22:30:44 INFO  scripts.synthetic_model_comparison.training.training_pipeline | epoch 139/200 done — next lr=0.0021884, epochs_since_improve=2/20
2026-08-26 22:30:44 INFO  scripts.synthetic_model_comparison.training.training_pipeline | epoch 140/200 — train start (lr=0.0021884, batches=15)
2026-08-26 22:30:55 INFO  scripts.synthetic_model_comparison.training.training_pipeline | epoch 140/200 — train done in 11.7s | avg loss_box=0.5674 loss_cls=0.3035 loss_dfl=0.0158 loss_total=57.3101
2026-08-26 22:30:55 INFO  scripts.synthetic_model_comparison.training.evaluation | evaluating on 4 batches
2026-08-26 22:31:01 INFO  scripts.synthetic_model_comparison.training.training_pipeline | epoch 140/200 — val mAP50=0.9612 mAP50_95=0.7571 (selection mAP50_95=0.7571)
2026-08-26 22:31:02 INFO  scripts.synthetic_model_comparison.training.evaluation | mlflow: logged val/mAP50=0.9612 val/mAP50_95=0.7571 (step=139)
2026-08-26 22:31:02 INFO  scripts.synthetic_model_comparison.training.evaluation | mlflow: logged val per-class AP table (12 classes)
2026-08-26 22:31:03 INFO  scripts.synthetic_model_comparison.training.training_pipeline | saved checkpoint: /home/debian/Master-Thesis/scripts/synthetic_model_comparison/training/model_exports/yolo26n-gpt-image-2-low-compressed-seed44-20260826-214430/last.pt
2026-08-26 22:31:03 INFO  scripts.synthetic_model_comparison.training.training_pipeline | epoch 140/200 done — next lr=0.00212297, epochs_since_improve=3/20
2026-08-26 22:31:03 INFO  scripts.synthetic_model_comparison.training.training_pipeline | epoch 141/200 — train start (lr=0.00212297, batches=15)
2026-08-26 22:31:09 INFO  scripts.synthetic_model_comparison.training.training_pipeline | step 2100 | loss_box=0.5446 loss_cls=0.3602 loss_dfl=0.0149 loss_total=58.4220 lr=0.00211864
2026-08-26 22:31:17 INFO  scripts.synthetic_model_comparison.training.training_pipeline | epoch 141/200 — train done in 13.8s | avg loss_box=0.5678 loss_cls=0.2953 loss_dfl=0.0160 loss_total=57.1600
2026-08-26 22:31:17 INFO  scripts.synthetic_model_comparison.training.evaluation | evaluating on 4 batches
2026-08-26 22:31:23 INFO  scripts.synthetic_model_comparison.training.training_pipeline | epoch 141/200 — val mAP50=0.9715 mAP50_95=0.7713 (selection mAP50_95=0.7713)
2026-08-26 22:31:23 INFO  scripts.synthetic_model_comparison.training.evaluation | mlflow: logged val/mAP50=0.9715 val/mAP50_95=0.7713 (step=140)
2026-08-26 22:31:24 INFO  scripts.synthetic_model_comparison.training.evaluation | mlflow: logged val per-class AP table (12 classes)
2026-08-26 22:31:24 INFO  scripts.synthetic_model_comparison.training.training_pipeline | saved checkpoint: /home/debian/Master-Thesis/scripts/synthetic_model_comparison/training/model_exports/yolo26n-gpt-image-2-low-compressed-seed44-20260826-214430/last.pt
2026-08-26 22:31:24 INFO  scripts.synthetic_model_comparison.training.training_pipeline | epoch 141/200 done — next lr=0.00205828, epochs_since_improve=4/20
2026-08-26 22:31:24 INFO  scripts.synthetic_model_comparison.training.training_pipeline | epoch 142/200 — train start (lr=0.00205828, batches=15)
2026-08-26 22:31:36 INFO  scripts.synthetic_model_comparison.training.training_pipeline | epoch 142/200 — train done in 11.5s | avg loss_box=0.5518 loss_cls=0.2962 loss_dfl=0.0152 loss_total=56.1729
2026-08-26 22:31:36 INFO  scripts.synthetic_model_comparison.training.evaluation | evaluating on 4 batches
2026-08-26 22:31:41 INFO  scripts.synthetic_model_comparison.training.training_pipeline | epoch 142/200 — val mAP50=0.9734 mAP50_95=0.7721 (selection mAP50_95=0.7721)
2026-08-26 22:31:42 INFO  scripts.synthetic_model_comparison.training.evaluation | mlflow: logged val/mAP50=0.9734 val/mAP50_95=0.7721 (step=141)
2026-08-26 22:31:43 INFO  scripts.synthetic_model_comparison.training.evaluation | mlflow: logged val per-class AP table (12 classes)
2026-08-26 22:31:43 INFO  scripts.synthetic_model_comparison.training.training_pipeline | saved checkpoint: /home/debian/Master-Thesis/scripts/synthetic_model_comparison/training/model_exports/yolo26n-gpt-image-2-low-compressed-seed44-20260826-214430/last.pt
2026-08-26 22:31:43 INFO  scripts.synthetic_model_comparison.training.training_pipeline | epoch 142/200 done — next lr=0.00199434, epochs_since_improve=5/20
2026-08-26 22:31:43 INFO  scripts.synthetic_model_comparison.training.training_pipeline | epoch 143/200 — train start (lr=0.00199434, batches=15)
2026-08-26 22:31:55 INFO  scripts.synthetic_model_comparison.training.training_pipeline | epoch 143/200 — train done in 11.6s | avg loss_box=0.5658 loss_cls=0.2904 loss_dfl=0.0156 loss_total=56.8281
2026-08-26 22:31:55 INFO  scripts.synthetic_model_comparison.training.evaluation | evaluating on 4 batches
2026-08-26 22:32:01 INFO  scripts.synthetic_model_comparison.training.training_pipeline | epoch 143/200 — val mAP50=0.9694 mAP50_95=0.7625 (selection mAP50_95=0.7625)
2026-08-26 22:32:02 INFO  scripts.synthetic_model_comparison.training.evaluation | mlflow: logged val/mAP50=0.9694 val/mAP50_95=0.7625 (step=142)
2026-08-26 22:32:02 INFO  scripts.synthetic_model_comparison.training.evaluation | mlflow: logged val per-class AP table (12 classes)
2026-08-26 22:32:02 INFO  scripts.synthetic_model_comparison.training.training_pipeline | saved checkpoint: /home/debian/Master-Thesis/scripts/synthetic_model_comparison/training/model_exports/yolo26n-gpt-image-2-low-compressed-seed44-20260826-214430/last.pt
2026-08-26 22:32:03 INFO  scripts.synthetic_model_comparison.training.training_pipeline | epoch 143/200 done — next lr=0.00193117, epochs_since_improve=6/20
2026-08-26 22:32:03 INFO  scripts.synthetic_model_comparison.training.training_pipeline | epoch 144/200 — train start (lr=0.00193117, batches=15)
2026-08-26 22:32:11 INFO  scripts.synthetic_model_comparison.training.training_pipeline | step 2150 | loss_box=0.4888 loss_cls=0.2158 loss_dfl=0.0138 loss_total=48.2596 lr=0.00190611
2026-08-26 22:32:17 INFO  scripts.synthetic_model_comparison.training.training_pipeline | epoch 144/200 — train done in 13.8s | avg loss_box=0.5574 loss_cls=0.3091 loss_dfl=0.0155 loss_total=57.2663
2026-08-26 22:32:17 INFO  scripts.synthetic_model_comparison.training.evaluation | evaluating on 4 batches
2026-08-26 22:32:23 INFO  scripts.synthetic_model_comparison.training.training_pipeline | epoch 144/200 — val mAP50=0.9568 mAP50_95=0.7719 (selection mAP50_95=0.7719)
2026-08-26 22:32:23 INFO  scripts.synthetic_model_comparison.training.evaluation | mlflow: logged val/mAP50=0.9568 val/mAP50_95=0.7719 (step=143)
2026-08-26 22:32:24 INFO  scripts.synthetic_model_comparison.training.evaluation | mlflow: logged val per-class AP table (12 classes)
2026-08-26 22:32:24 INFO  scripts.synthetic_model_comparison.training.training_pipeline | saved checkpoint: /home/debian/Master-Thesis/scripts/synthetic_model_comparison/training/model_exports/yolo26n-gpt-image-2-low-compressed-seed44-20260826-214430/last.pt
2026-08-26 22:32:24 INFO  scripts.synthetic_model_comparison.training.training_pipeline | epoch 144/200 done — next lr=0.00186877, epochs_since_improve=7/20
2026-08-26 22:32:24 INFO  scripts.synthetic_model_comparison.training.training_pipeline | epoch 145/200 — train start (lr=0.00186877, batches=15)
2026-08-26 22:32:36 INFO  scripts.synthetic_model_comparison.training.training_pipeline | epoch 145/200 — train done in 11.5s | avg loss_box=0.5426 loss_cls=0.2893 loss_dfl=0.0149 loss_total=55.1983
2026-08-26 22:32:36 INFO  scripts.synthetic_model_comparison.training.evaluation | evaluating on 4 batches
2026-08-26 22:32:42 INFO  scripts.synthetic_model_comparison.training.training_pipeline | epoch 145/200 — val mAP50=0.9558 mAP50_95=0.7650 (selection mAP50_95=0.7650)
2026-08-26 22:32:42 INFO  scripts.synthetic_model_comparison.training.evaluation | mlflow: logged val/mAP50=0.9558 val/mAP50_95=0.7650 (step=144)
2026-08-26 22:32:43 INFO  scripts.synthetic_model_comparison.training.evaluation | mlflow: logged val per-class AP table (12 classes)
2026-08-26 22:32:43 INFO  scripts.synthetic_model_comparison.training.training_pipeline | saved checkpoint: /home/debian/Master-Thesis/scripts/synthetic_model_comparison/training/model_exports/yolo26n-gpt-image-2-low-compressed-seed44-20260826-214430/last.pt
2026-08-26 22:32:43 INFO  scripts.synthetic_model_comparison.training.training_pipeline | epoch 145/200 done — next lr=0.00180718, epochs_since_improve=8/20
2026-08-26 22:32:43 INFO  scripts.synthetic_model_comparison.training.training_pipeline | epoch 146/200 — train start (lr=0.00180718, batches=15)
2026-08-26 22:32:55 INFO  scripts.synthetic_model_comparison.training.training_pipeline | epoch 146/200 — train done in 12.1s | avg loss_box=0.5474 loss_cls=0.2918 loss_dfl=0.0147 loss_total=55.5760
2026-08-26 22:32:55 INFO  scripts.synthetic_model_comparison.training.evaluation | evaluating on 4 batches
2026-08-26 22:33:01 INFO  scripts.synthetic_model_comparison.training.training_pipeline | epoch 146/200 — val mAP50=0.9643 mAP50_95=0.7707 (selection mAP50_95=0.7707)
2026-08-26 22:33:02 INFO  scripts.synthetic_model_comparison.training.evaluation | mlflow: logged val/mAP50=0.9643 val/mAP50_95=0.7707 (step=145)
2026-08-26 22:33:02 INFO  scripts.synthetic_model_comparison.training.evaluation | mlflow: logged val per-class AP table (12 classes)
2026-08-26 22:33:03 INFO  scripts.synthetic_model_comparison.training.training_pipeline | saved checkpoint: /home/debian/Master-Thesis/scripts/synthetic_model_comparison/training/model_exports/yolo26n-gpt-image-2-low-compressed-seed44-20260826-214430/last.pt
2026-08-26 22:33:03 INFO  scripts.synthetic_model_comparison.training.training_pipeline | epoch 146/200 done — next lr=0.00174639, epochs_since_improve=9/20
2026-08-26 22:33:03 INFO  scripts.synthetic_model_comparison.training.training_pipeline | epoch 147/200 — train start (lr=0.00174639, batches=15)
2026-08-26 22:33:14 INFO  scripts.synthetic_model_comparison.training.training_pipeline | step 2200 | loss_box=0.5479 loss_cls=0.2637 loss_dfl=0.0146 loss_total=53.2035 lr=0.00170234
2026-08-26 22:33:17 INFO  scripts.synthetic_model_comparison.training.training_pipeline | epoch 147/200 — train done in 14.0s | avg loss_box=0.5546 loss_cls=0.3030 loss_dfl=0.0154 loss_total=56.5668
2026-08-26 22:33:17 INFO  scripts.synthetic_model_comparison.training.evaluation | evaluating on 4 batches
2026-08-26 22:33:23 INFO  scripts.synthetic_model_comparison.training.training_pipeline | epoch 147/200 — val mAP50=0.9665 mAP50_95=0.7690 (selection mAP50_95=0.7690)
2026-08-26 22:33:23 INFO  scripts.synthetic_model_comparison.training.evaluation | mlflow: logged val/mAP50=0.9665 val/mAP50_95=0.7690 (step=146)
2026-08-26 22:33:24 INFO  scripts.synthetic_model_comparison.training.evaluation | mlflow: logged val per-class AP table (12 classes)
2026-08-26 22:33:24 INFO  scripts.synthetic_model_comparison.training.training_pipeline | saved checkpoint: /home/debian/Master-Thesis/scripts/synthetic_model_comparison/training/model_exports/yolo26n-gpt-image-2-low-compressed-seed44-20260826-214430/last.pt
2026-08-26 22:33:24 INFO  scripts.synthetic_model_comparison.training.training_pipeline | epoch 147/200 done — next lr=0.00168644, epochs_since_improve=10/20
2026-08-26 22:33:24 INFO  scripts.synthetic_model_comparison.training.training_pipeline | epoch 148/200 — train start (lr=0.00168644, batches=15)
2026-08-26 22:33:36 INFO  scripts.synthetic_model_comparison.training.training_pipeline | epoch 148/200 — train done in 12.0s | avg loss_box=0.5433 loss_cls=0.2880 loss_dfl=0.0152 loss_total=55.2347
2026-08-26 22:33:36 INFO  scripts.synthetic_model_comparison.training.evaluation | evaluating on 4 batches
2026-08-26 22:33:42 INFO  scripts.synthetic_model_comparison.training.training_pipeline | epoch 148/200 — val mAP50=0.9612 mAP50_95=0.7714 (selection mAP50_95=0.7714)
2026-08-26 22:33:43 INFO  scripts.synthetic_model_comparison.training.evaluation | mlflow: logged val/mAP50=0.9612 val/mAP50_95=0.7714 (step=147)
2026-08-26 22:33:43 INFO  scripts.synthetic_model_comparison.training.evaluation | mlflow: logged val per-class AP table (12 classes)
2026-08-26 22:33:43 INFO  scripts.synthetic_model_comparison.training.training_pipeline | saved checkpoint: /home/debian/Master-Thesis/scripts/synthetic_model_comparison/training/model_exports/yolo26n-gpt-image-2-low-compressed-seed44-20260826-214430/last.pt
2026-08-26 22:33:44 INFO  scripts.synthetic_model_comparison.training.training_pipeline | epoch 148/200 done — next lr=0.00162733, epochs_since_improve=11/20
2026-08-26 22:33:44 INFO  scripts.synthetic_model_comparison.training.training_pipeline | epoch 149/200 — train start (lr=0.00162733, batches=15)
2026-08-26 22:33:56 INFO  scripts.synthetic_model_comparison.training.training_pipeline | epoch 149/200 — train done in 11.8s | avg loss_box=0.5191 loss_cls=0.2796 loss_dfl=0.0145 loss_total=53.2876
2026-08-26 22:33:56 INFO  scripts.synthetic_model_comparison.training.evaluation | evaluating on 4 batches
2026-08-26 22:34:01 INFO  scripts.synthetic_model_comparison.training.training_pipeline | epoch 149/200 — val mAP50=0.9630 mAP50_95=0.7821 (selection mAP50_95=0.7821)
2026-08-26 22:34:02 INFO  scripts.synthetic_model_comparison.training.evaluation | mlflow: logged val/mAP50=0.9630 val/mAP50_95=0.7821 (step=148)
2026-08-26 22:34:03 INFO  scripts.synthetic_model_comparison.training.evaluation | mlflow: logged val per-class AP table (12 classes)
2026-08-26 22:34:03 INFO  scripts.synthetic_model_comparison.training.training_pipeline | saved checkpoint: /home/debian/Master-Thesis/scripts/synthetic_model_comparison/training/model_exports/yolo26n-gpt-image-2-low-compressed-seed44-20260826-214430/last.pt
2026-08-26 22:34:03 INFO  scripts.synthetic_model_comparison.training.training_pipeline | epoch 149/200 done — next lr=0.00156908, epochs_since_improve=12/20
2026-08-26 22:34:03 INFO  scripts.synthetic_model_comparison.training.training_pipeline | epoch 150/200 — train start (lr=0.00156908, batches=15)
2026-08-26 22:34:15 INFO  scripts.synthetic_model_comparison.training.training_pipeline | epoch 150/200 — train done in 12.1s | avg loss_box=0.5232 loss_cls=0.2758 loss_dfl=0.0145 loss_total=53.1912
2026-08-26 22:34:15 INFO  scripts.synthetic_model_comparison.training.evaluation | evaluating on 4 batches
2026-08-26 22:34:21 INFO  scripts.synthetic_model_comparison.training.training_pipeline | epoch 150/200 — val mAP50=0.9676 mAP50_95=0.7836 (selection mAP50_95=0.7836)
2026-08-26 22:34:22 INFO  scripts.synthetic_model_comparison.training.evaluation | mlflow: logged val/mAP50=0.9676 val/mAP50_95=0.7836 (step=149)
2026-08-26 22:34:22 INFO  scripts.synthetic_model_comparison.training.evaluation | mlflow: logged val per-class AP table (12 classes)
2026-08-26 22:34:23 INFO  scripts.synthetic_model_comparison.training.training_pipeline | saved checkpoint: /home/debian/Master-Thesis/scripts/synthetic_model_comparison/training/model_exports/yolo26n-gpt-image-2-low-compressed-seed44-20260826-214430/best.pt
2026-08-26 22:34:23 INFO  scripts.synthetic_model_comparison.training.training_pipeline | new best mAP50_95=0.7836 at epoch 150
2026-08-26 22:34:23 INFO  scripts.synthetic_model_comparison.training.training_pipeline | saved checkpoint: /home/debian/Master-Thesis/scripts/synthetic_model_comparison/training/model_exports/yolo26n-gpt-image-2-low-compressed-seed44-20260826-214430/last.pt
2026-08-26 22:34:23 INFO  scripts.synthetic_model_comparison.training.training_pipeline | epoch 150/200 done — next lr=0.0015117, epochs_since_improve=0/20
2026-08-26 22:34:23 INFO  scripts.synthetic_model_comparison.training.training_pipeline | epoch 151/200 — train start (lr=0.0015117, batches=15)
2026-08-26 22:34:29 INFO  scripts.synthetic_model_comparison.training.training_pipeline | step 2250 | loss_box=0.5807 loss_cls=0.2903 loss_dfl=0.0178 loss_total=58.2458 lr=0.00150791
2026-08-26 22:34:36 INFO  scripts.synthetic_model_comparison.training.training_pipeline | epoch 151/200 — train done in 13.1s | avg loss_box=0.5384 loss_cls=0.2699 loss_dfl=0.0150 loss_total=53.9207
2026-08-26 22:34:36 INFO  scripts.synthetic_model_comparison.training.evaluation | evaluating on 4 batches
2026-08-26 22:34:42 INFO  scripts.synthetic_model_comparison.training.training_pipeline | epoch 151/200 — val mAP50=0.9668 mAP50_95=0.7799 (selection mAP50_95=0.7799)
2026-08-26 22:34:43 INFO  scripts.synthetic_model_comparison.training.evaluation | mlflow: logged val/mAP50=0.9668 val/mAP50_95=0.7799 (step=150)
2026-08-26 22:34:43 INFO  scripts.synthetic_model_comparison.training.evaluation | mlflow: logged val per-class AP table (12 classes)
2026-08-26 22:34:43 INFO  scripts.synthetic_model_comparison.training.training_pipeline | saved checkpoint: /home/debian/Master-Thesis/scripts/synthetic_model_comparison/training/model_exports/yolo26n-gpt-image-2-low-compressed-seed44-20260826-214430/last.pt
2026-08-26 22:34:44 INFO  scripts.synthetic_model_comparison.training.training_pipeline | epoch 151/200 done — next lr=0.00145521, epochs_since_improve=1/20
2026-08-26 22:34:44 INFO  scripts.synthetic_model_comparison.training.training_pipeline | epoch 152/200 — train start (lr=0.00145521, batches=15)
2026-08-26 22:34:55 INFO  scripts.synthetic_model_comparison.training.training_pipeline | epoch 152/200 — train done in 11.8s | avg loss_box=0.5242 loss_cls=0.2744 loss_dfl=0.0146 loss_total=53.1988
2026-08-26 22:34:55 INFO  scripts.synthetic_model_comparison.training.evaluation | evaluating on 4 batches
2026-08-26 22:35:01 INFO  scripts.synthetic_model_comparison.training.training_pipeline | epoch 152/200 — val mAP50=0.9622 mAP50_95=0.7720 (selection mAP50_95=0.7720)
2026-08-26 22:35:02 INFO  scripts.synthetic_model_comparison.training.evaluation | mlflow: logged val/mAP50=0.9622 val/mAP50_95=0.7720 (step=151)
2026-08-26 22:35:02 INFO  scripts.synthetic_model_comparison.training.evaluation | mlflow: logged val per-class AP table (12 classes)
2026-08-26 22:35:03 INFO  scripts.synthetic_model_comparison.training.training_pipeline | saved checkpoint: /home/debian/Master-Thesis/scripts/synthetic_model_comparison/training/model_exports/yolo26n-gpt-image-2-low-compressed-seed44-20260826-214430/last.pt
2026-08-26 22:35:03 INFO  scripts.synthetic_model_comparison.training.training_pipeline | epoch 152/200 done — next lr=0.00139962, epochs_since_improve=2/20
2026-08-26 22:35:03 INFO  scripts.synthetic_model_comparison.training.training_pipeline | epoch 153/200 — train start (lr=0.00139962, batches=15)
2026-08-26 22:35:15 INFO  scripts.synthetic_model_comparison.training.training_pipeline | epoch 153/200 — train done in 11.9s | avg loss_box=0.5115 loss_cls=0.2802 loss_dfl=0.0141 loss_total=52.5556
2026-08-26 22:35:15 INFO  scripts.synthetic_model_comparison.training.evaluation | evaluating on 4 batches
2026-08-26 22:35:21 INFO  scripts.synthetic_model_comparison.training.training_pipeline | epoch 153/200 — val mAP50=0.9706 mAP50_95=0.7879 (selection mAP50_95=0.7879)
2026-08-26 22:35:22 INFO  scripts.synthetic_model_comparison.training.evaluation | mlflow: logged val/mAP50=0.9706 val/mAP50_95=0.7879 (step=152)
2026-08-26 22:35:22 INFO  scripts.synthetic_model_comparison.training.evaluation | mlflow: logged val per-class AP table (12 classes)
2026-08-26 22:35:22 INFO  scripts.synthetic_model_comparison.training.training_pipeline | saved checkpoint: /home/debian/Master-Thesis/scripts/synthetic_model_comparison/training/model_exports/yolo26n-gpt-image-2-low-compressed-seed44-20260826-214430/best.pt
2026-08-26 22:35:22 INFO  scripts.synthetic_model_comparison.training.training_pipeline | new best mAP50_95=0.7879 at epoch 153
2026-08-26 22:35:22 INFO  scripts.synthetic_model_comparison.training.training_pipeline | saved checkpoint: /home/debian/Master-Thesis/scripts/synthetic_model_comparison/training/model_exports/yolo26n-gpt-image-2-low-compressed-seed44-20260826-214430/last.pt
2026-08-26 22:35:23 INFO  scripts.synthetic_model_comparison.training.training_pipeline | epoch 153/200 done — next lr=0.00134495, epochs_since_improve=0/20
2026-08-26 22:35:23 INFO  scripts.synthetic_model_comparison.training.training_pipeline | epoch 154/200 — train start (lr=0.00134495, batches=15)
2026-08-26 22:35:31 INFO  scripts.synthetic_model_comparison.training.training_pipeline | step 2300 | loss_box=0.5222 loss_cls=0.2453 loss_dfl=0.0138 loss_total=51.0137 lr=0.00132335
2026-08-26 22:35:37 INFO  scripts.synthetic_model_comparison.training.training_pipeline | epoch 154/200 — train done in 13.9s | avg loss_box=0.5165 loss_cls=0.2658 loss_dfl=0.0144 loss_total=52.0208
2026-08-26 22:35:37 INFO  scripts.synthetic_model_comparison.training.evaluation | evaluating on 4 batches
2026-08-26 22:35:42 INFO  scripts.synthetic_model_comparison.training.training_pipeline | epoch 154/200 — val mAP50=0.9650 mAP50_95=0.7803 (selection mAP50_95=0.7803)
2026-08-26 22:35:43 INFO  scripts.synthetic_model_comparison.training.evaluation | mlflow: logged val/mAP50=0.9650 val/mAP50_95=0.7803 (step=153)
2026-08-26 22:35:44 INFO  scripts.synthetic_model_comparison.training.evaluation | mlflow: logged val per-class AP table (12 classes)
2026-08-26 22:35:44 INFO  scripts.synthetic_model_comparison.training.training_pipeline | saved checkpoint: /home/debian/Master-Thesis/scripts/synthetic_model_comparison/training/model_exports/yolo26n-gpt-image-2-low-compressed-seed44-20260826-214430/last.pt
2026-08-26 22:35:44 INFO  scripts.synthetic_model_comparison.training.training_pipeline | epoch 154/200 done — next lr=0.00129122, epochs_since_improve=1/20
2026-08-26 22:35:44 INFO  scripts.synthetic_model_comparison.training.training_pipeline | epoch 155/200 — train start (lr=0.00129122, batches=15)
2026-08-26 22:35:56 INFO  scripts.synthetic_model_comparison.training.training_pipeline | epoch 155/200 — train done in 12.0s | avg loss_box=0.4967 loss_cls=0.2608 loss_dfl=0.0138 loss_total=50.6121
2026-08-26 22:35:56 INFO  scripts.synthetic_model_comparison.training.evaluation | evaluating on 4 batches
2026-08-26 22:36:02 INFO  scripts.synthetic_model_comparison.training.training_pipeline | epoch 155/200 — val mAP50=0.9635 mAP50_95=0.7863 (selection mAP50_95=0.7863)
2026-08-26 22:36:03 INFO  scripts.synthetic_model_comparison.training.evaluation | mlflow: logged val/mAP50=0.9635 val/mAP50_95=0.7863 (step=154)
2026-08-26 22:36:03 INFO  scripts.synthetic_model_comparison.training.evaluation | mlflow: logged val per-class AP table (12 classes)
2026-08-26 22:36:03 INFO  scripts.synthetic_model_comparison.training.training_pipeline | saved checkpoint: /home/debian/Master-Thesis/scripts/synthetic_model_comparison/training/model_exports/yolo26n-gpt-image-2-low-compressed-seed44-20260826-214430/last.pt
2026-08-26 22:36:04 INFO  scripts.synthetic_model_comparison.training.training_pipeline | epoch 155/200 done — next lr=0.00123842, epochs_since_improve=2/20
2026-08-26 22:36:04 INFO  scripts.synthetic_model_comparison.training.training_pipeline | epoch 156/200 — train start (lr=0.00123842, batches=15)
2026-08-26 22:36:16 INFO  scripts.synthetic_model_comparison.training.training_pipeline | epoch 156/200 — train done in 11.9s | avg loss_box=0.4925 loss_cls=0.2493 loss_dfl=0.0137 loss_total=49.8570
2026-08-26 22:36:16 INFO  scripts.synthetic_model_comparison.training.evaluation | evaluating on 4 batches
2026-08-26 22:36:21 INFO  scripts.synthetic_model_comparison.training.training_pipeline | epoch 156/200 — val mAP50=0.9660 mAP50_95=0.7809 (selection mAP50_95=0.7809)
2026-08-26 22:36:22 INFO  scripts.synthetic_model_comparison.training.evaluation | mlflow: logged val/mAP50=0.9660 val/mAP50_95=0.7809 (step=155)
2026-08-26 22:36:23 INFO  scripts.synthetic_model_comparison.training.evaluation | mlflow: logged val per-class AP table (12 classes)
2026-08-26 22:36:23 INFO  scripts.synthetic_model_comparison.training.training_pipeline | saved checkpoint: /home/debian/Master-Thesis/scripts/synthetic_model_comparison/training/model_exports/yolo26n-gpt-image-2-low-compressed-seed44-20260826-214430/last.pt
2026-08-26 22:36:23 INFO  scripts.synthetic_model_comparison.training.training_pipeline | epoch 156/200 done — next lr=0.00118658, epochs_since_improve=3/20
2026-08-26 22:36:23 INFO  scripts.synthetic_model_comparison.training.training_pipeline | epoch 157/200 — train start (lr=0.00118658, batches=15)
2026-08-26 22:36:33 INFO  scripts.synthetic_model_comparison.training.training_pipeline | step 2350 | loss_box=0.4715 loss_cls=0.2540 loss_dfl=0.0137 loss_total=49.1336 lr=0.00114919
2026-08-26 22:36:36 INFO  scripts.synthetic_model_comparison.training.training_pipeline | epoch 157/200 — train done in 13.4s | avg loss_box=0.5049 loss_cls=0.2572 loss_dfl=0.0138 loss_total=50.9864
2026-08-26 22:36:37 INFO  scripts.synthetic_model_comparison.training.evaluation | evaluating on 4 batches
2026-08-26 22:36:42 INFO  scripts.synthetic_model_comparison.training.training_pipeline | epoch 157/200 — val mAP50=0.9687 mAP50_95=0.7892 (selection mAP50_95=0.7892)
2026-08-26 22:36:43 INFO  scripts.synthetic_model_comparison.training.evaluation | mlflow: logged val/mAP50=0.9687 val/mAP50_95=0.7892 (step=156)
2026-08-26 22:36:44 INFO  scripts.synthetic_model_comparison.training.evaluation | mlflow: logged val per-class AP table (12 classes)
2026-08-26 22:36:44 INFO  scripts.synthetic_model_comparison.training.training_pipeline | saved checkpoint: /home/debian/Master-Thesis/scripts/synthetic_model_comparison/training/model_exports/yolo26n-gpt-image-2-low-compressed-seed44-20260826-214430/best.pt
2026-08-26 22:36:44 INFO  scripts.synthetic_model_comparison.training.training_pipeline | new best mAP50_95=0.7892 at epoch 157
2026-08-26 22:36:44 INFO  scripts.synthetic_model_comparison.training.training_pipeline | saved checkpoint: /home/debian/Master-Thesis/scripts/synthetic_model_comparison/training/model_exports/yolo26n-gpt-image-2-low-compressed-seed44-20260826-214430/last.pt
2026-08-26 22:36:44 INFO  scripts.synthetic_model_comparison.training.training_pipeline | epoch 157/200 done — next lr=0.00113572, epochs_since_improve=0/20
2026-08-26 22:36:44 INFO  scripts.synthetic_model_comparison.training.training_pipeline | epoch 158/200 — train start (lr=0.00113572, batches=15)
2026-08-26 22:36:56 INFO  scripts.synthetic_model_comparison.training.training_pipeline | epoch 158/200 — train done in 11.7s | avg loss_box=0.4924 loss_cls=0.2589 loss_dfl=0.0134 loss_total=50.1796
2026-08-26 22:36:56 INFO  scripts.synthetic_model_comparison.training.evaluation | evaluating on 4 batches
2026-08-26 22:37:02 INFO  scripts.synthetic_model_comparison.training.training_pipeline | epoch 158/200 — val mAP50=0.9604 mAP50_95=0.7750 (selection mAP50_95=0.7750)
2026-08-26 22:37:03 INFO  scripts.synthetic_model_comparison.training.evaluation | mlflow: logged val/mAP50=0.9604 val/mAP50_95=0.7750 (step=157)
2026-08-26 22:37:03 INFO  scripts.synthetic_model_comparison.training.evaluation | mlflow: logged val per-class AP table (12 classes)
2026-08-26 22:37:03 INFO  scripts.synthetic_model_comparison.training.training_pipeline | saved checkpoint: /home/debian/Master-Thesis/scripts/synthetic_model_comparison/training/model_exports/yolo26n-gpt-image-2-low-compressed-seed44-20260826-214430/last.pt
2026-08-26 22:37:04 INFO  scripts.synthetic_model_comparison.training.training_pipeline | epoch 158/200 done — next lr=0.00108584, epochs_since_improve=1/20
2026-08-26 22:37:04 INFO  scripts.synthetic_model_comparison.training.training_pipeline | epoch 159/200 — train start (lr=0.00108584, batches=15)
2026-08-26 22:37:16 INFO  scripts.synthetic_model_comparison.training.training_pipeline | epoch 159/200 — train done in 12.0s | avg loss_box=0.5098 loss_cls=0.2654 loss_dfl=0.0140 loss_total=51.6204
2026-08-26 22:37:16 INFO  scripts.synthetic_model_comparison.training.evaluation | evaluating on 4 batches
2026-08-26 22:37:21 INFO  scripts.synthetic_model_comparison.training.training_pipeline | epoch 159/200 — val mAP50=0.9599 mAP50_95=0.7764 (selection mAP50_95=0.7764)
2026-08-26 22:37:22 INFO  scripts.synthetic_model_comparison.training.evaluation | mlflow: logged val/mAP50=0.9599 val/mAP50_95=0.7764 (step=158)
2026-08-26 22:37:23 INFO  scripts.synthetic_model_comparison.training.evaluation | mlflow: logged val per-class AP table (12 classes)
2026-08-26 22:37:23 INFO  scripts.synthetic_model_comparison.training.training_pipeline | saved checkpoint: /home/debian/Master-Thesis/scripts/synthetic_model_comparison/training/model_exports/yolo26n-gpt-image-2-low-compressed-seed44-20260826-214430/last.pt
2026-08-26 22:37:23 INFO  scripts.synthetic_model_comparison.training.training_pipeline | epoch 159/200 done — next lr=0.00103695, epochs_since_improve=2/20
2026-08-26 22:37:23 INFO  scripts.synthetic_model_comparison.training.training_pipeline | epoch 160/200 — train start (lr=0.00103695, batches=15)
2026-08-26 22:37:35 INFO  scripts.synthetic_model_comparison.training.training_pipeline | epoch 160/200 — train done in 11.7s | avg loss_box=0.4810 loss_cls=0.2465 loss_dfl=0.0133 loss_total=48.6185
2026-08-26 22:37:35 INFO  scripts.synthetic_model_comparison.training.evaluation | evaluating on 4 batches
2026-08-26 22:37:41 INFO  scripts.synthetic_model_comparison.training.training_pipeline | epoch 160/200 — val mAP50=0.9654 mAP50_95=0.7857 (selection mAP50_95=0.7857)
2026-08-26 22:37:41 INFO  scripts.synthetic_model_comparison.training.evaluation | mlflow: logged val/mAP50=0.9654 val/mAP50_95=0.7857 (step=159)
2026-08-26 22:37:42 INFO  scripts.synthetic_model_comparison.training.evaluation | mlflow: logged val per-class AP table (12 classes)
2026-08-26 22:37:42 INFO  scripts.synthetic_model_comparison.training.training_pipeline | saved checkpoint: /home/debian/Master-Thesis/scripts/synthetic_model_comparison/training/model_exports/yolo26n-gpt-image-2-low-compressed-seed44-20260826-214430/last.pt
2026-08-26 22:37:42 INFO  scripts.synthetic_model_comparison.training.training_pipeline | epoch 160/200 done — next lr=0.000989077, epochs_since_improve=3/20
2026-08-26 22:37:42 INFO  scripts.synthetic_model_comparison.training.training_pipeline | epoch 161/200 — train start (lr=0.000989077, batches=15)
2026-08-26 22:37:49 INFO  scripts.synthetic_model_comparison.training.training_pipeline | step 2400 | loss_box=0.5511 loss_cls=0.3104 loss_dfl=0.0133 loss_total=56.2214 lr=0.000985921
2026-08-26 22:37:56 INFO  scripts.synthetic_model_comparison.training.training_pipeline | epoch 161/200 — train done in 13.9s | avg loss_box=0.4762 loss_cls=0.2452 loss_dfl=0.0132 loss_total=48.3517
2026-08-26 22:37:56 INFO  scripts.synthetic_model_comparison.training.evaluation | evaluating on 4 batches
2026-08-26 22:38:02 INFO  scripts.synthetic_model_comparison.training.training_pipeline | epoch 161/200 — val mAP50=0.9714 mAP50_95=0.7849 (selection mAP50_95=0.7849)
2026-08-26 22:38:03 INFO  scripts.synthetic_model_comparison.training.evaluation | mlflow: logged val/mAP50=0.9714 val/mAP50_95=0.7849 (step=160)
2026-08-26 22:38:03 INFO  scripts.synthetic_model_comparison.training.evaluation | mlflow: logged val per-class AP table (12 classes)
2026-08-26 22:38:03 INFO  scripts.synthetic_model_comparison.training.training_pipeline | saved checkpoint: /home/debian/Master-Thesis/scripts/synthetic_model_comparison/training/model_exports/yolo26n-gpt-image-2-low-compressed-seed44-20260826-214430/last.pt
2026-08-26 22:38:04 INFO  scripts.synthetic_model_comparison.training.training_pipeline | epoch 161/200 done — next lr=0.000942223, epochs_since_improve=4/20
2026-08-26 22:38:04 INFO  scripts.synthetic_model_comparison.training.training_pipeline | epoch 162/200 — train start (lr=0.000942223, batches=15)
2026-08-26 22:38:16 INFO  scripts.synthetic_model_comparison.training.training_pipeline | epoch 162/200 — train done in 12.3s | avg loss_box=0.4888 loss_cls=0.2488 loss_dfl=0.0136 loss_total=49.4796
2026-08-26 22:38:16 INFO  scripts.synthetic_model_comparison.training.evaluation | evaluating on 4 batches
2026-08-26 22:38:22 INFO  scripts.synthetic_model_comparison.training.training_pipeline | epoch 162/200 — val mAP50=0.9664 mAP50_95=0.7873 (selection mAP50_95=0.7873)
2026-08-26 22:38:23 INFO  scripts.synthetic_model_comparison.training.evaluation | mlflow: logged val/mAP50=0.9664 val/mAP50_95=0.7873 (step=161)
2026-08-26 22:38:23 INFO  scripts.synthetic_model_comparison.training.evaluation | mlflow: logged val per-class AP table (12 classes)
2026-08-26 22:38:23 INFO  scripts.synthetic_model_comparison.training.training_pipeline | saved checkpoint: /home/debian/Master-Thesis/scripts/synthetic_model_comparison/training/model_exports/yolo26n-gpt-image-2-low-compressed-seed44-20260826-214430/last.pt
2026-08-26 22:38:23 INFO  scripts.synthetic_model_comparison.training.training_pipeline | epoch 162/200 done — next lr=0.000896401, epochs_since_improve=5/20
2026-08-26 22:38:23 INFO  scripts.synthetic_model_comparison.training.training_pipeline | epoch 163/200 — train start (lr=0.000896401, batches=15)
2026-08-26 22:38:35 INFO  scripts.synthetic_model_comparison.training.training_pipeline | epoch 163/200 — train done in 11.4s | avg loss_box=0.4694 loss_cls=0.2490 loss_dfl=0.0128 loss_total=48.0149
2026-08-26 22:38:35 INFO  scripts.synthetic_model_comparison.training.evaluation | evaluating on 4 batches
2026-08-26 22:38:41 INFO  scripts.synthetic_model_comparison.training.training_pipeline | epoch 163/200 — val mAP50=0.9696 mAP50_95=0.7858 (selection mAP50_95=0.7858)
2026-08-26 22:38:42 INFO  scripts.synthetic_model_comparison.training.evaluation | mlflow: logged val/mAP50=0.9696 val/mAP50_95=0.7858 (step=162)
2026-08-26 22:38:42 INFO  scripts.synthetic_model_comparison.training.evaluation | mlflow: logged val per-class AP table (12 classes)
2026-08-26 22:38:42 INFO  scripts.synthetic_model_comparison.training.training_pipeline | saved checkpoint: /home/debian/Master-Thesis/scripts/synthetic_model_comparison/training/model_exports/yolo26n-gpt-image-2-low-compressed-seed44-20260826-214430/last.pt
2026-08-26 22:38:42 INFO  scripts.synthetic_model_comparison.training.training_pipeline | epoch 163/200 done — next lr=0.000851625, epochs_since_improve=6/20
2026-08-26 22:38:42 INFO  scripts.synthetic_model_comparison.training.training_pipeline | epoch 164/200 — train start (lr=0.000851625, batches=15)
2026-08-26 22:38:51 INFO  scripts.synthetic_model_comparison.training.training_pipeline | step 2450 | loss_box=0.4664 loss_cls=0.2048 loss_dfl=0.0126 loss_total=45.6006 lr=0.000834009
2026-08-26 22:38:56 INFO  scripts.synthetic_model_comparison.training.training_pipeline | epoch 164/200 — train done in 13.8s | avg loss_box=0.4866 loss_cls=0.2496 loss_dfl=0.0134 loss_total=49.1091
2026-08-26 22:38:56 INFO  scripts.synthetic_model_comparison.training.evaluation | evaluating on 4 batches
2026-08-26 22:39:02 INFO  scripts.synthetic_model_comparison.training.training_pipeline | epoch 164/200 — val mAP50=0.9699 mAP50_95=0.7848 (selection mAP50_95=0.7848)
2026-08-26 22:39:03 INFO  scripts.synthetic_model_comparison.training.evaluation | mlflow: logged val/mAP50=0.9699 val/mAP50_95=0.7848 (step=163)
2026-08-26 22:39:03 INFO  scripts.synthetic_model_comparison.training.evaluation | mlflow: logged val per-class AP table (12 classes)
2026-08-26 22:39:03 INFO  scripts.synthetic_model_comparison.training.training_pipeline | saved checkpoint: /home/debian/Master-Thesis/scripts/synthetic_model_comparison/training/model_exports/yolo26n-gpt-image-2-low-compressed-seed44-20260826-214430/last.pt
2026-08-26 22:39:04 INFO  scripts.synthetic_model_comparison.training.training_pipeline | epoch 164/200 done — next lr=0.000807905, epochs_since_improve=7/20
2026-08-26 22:39:04 INFO  scripts.synthetic_model_comparison.training.training_pipeline | epoch 165/200 — train start (lr=0.000807905, batches=15)
2026-08-26 22:39:16 INFO  scripts.synthetic_model_comparison.training.training_pipeline | epoch 165/200 — train done in 11.9s | avg loss_box=0.4806 loss_cls=0.2492 loss_dfl=0.0134 loss_total=48.7113
2026-08-26 22:39:16 INFO  scripts.synthetic_model_comparison.training.evaluation | evaluating on 4 batches
2026-08-26 22:39:21 INFO  scripts.synthetic_model_comparison.training.training_pipeline | epoch 165/200 — val mAP50=0.9726 mAP50_95=0.7885 (selection mAP50_95=0.7885)
2026-08-26 22:39:22 INFO  scripts.synthetic_model_comparison.training.evaluation | mlflow: logged val/mAP50=0.9726 val/mAP50_95=0.7885 (step=164)
2026-08-26 22:39:22 INFO  scripts.synthetic_model_comparison.training.evaluation | mlflow: logged val per-class AP table (12 classes)
2026-08-26 22:39:23 INFO  scripts.synthetic_model_comparison.training.training_pipeline | saved checkpoint: /home/debian/Master-Thesis/scripts/synthetic_model_comparison/training/model_exports/yolo26n-gpt-image-2-low-compressed-seed44-20260826-214430/last.pt
2026-08-26 22:39:23 INFO  scripts.synthetic_model_comparison.training.training_pipeline | epoch 165/200 done — next lr=0.000765252, epochs_since_improve=8/20
2026-08-26 22:39:23 INFO  scripts.synthetic_model_comparison.training.training_pipeline | epoch 166/200 — train start (lr=0.000765252, batches=15)
2026-08-26 22:39:35 INFO  scripts.synthetic_model_comparison.training.training_pipeline | epoch 166/200 — train done in 11.5s | avg loss_box=0.4667 loss_cls=0.2470 loss_dfl=0.0129 loss_total=47.7627
2026-08-26 22:39:35 INFO  scripts.synthetic_model_comparison.training.evaluation | evaluating on 4 batches
2026-08-26 22:39:40 INFO  scripts.synthetic_model_comparison.training.training_pipeline | epoch 166/200 — val mAP50=0.9689 mAP50_95=0.7913 (selection mAP50_95=0.7913)
2026-08-26 22:39:41 INFO  scripts.synthetic_model_comparison.training.evaluation | mlflow: logged val/mAP50=0.9689 val/mAP50_95=0.7913 (step=165)
2026-08-26 22:39:42 INFO  scripts.synthetic_model_comparison.training.evaluation | mlflow: logged val per-class AP table (12 classes)
2026-08-26 22:39:42 INFO  scripts.synthetic_model_comparison.training.training_pipeline | saved checkpoint: /home/debian/Master-Thesis/scripts/synthetic_model_comparison/training/model_exports/yolo26n-gpt-image-2-low-compressed-seed44-20260826-214430/best.pt
2026-08-26 22:39:42 INFO  scripts.synthetic_model_comparison.training.training_pipeline | new best mAP50_95=0.7913 at epoch 166
2026-08-26 22:39:42 INFO  scripts.synthetic_model_comparison.training.training_pipeline | saved checkpoint: /home/debian/Master-Thesis/scripts/synthetic_model_comparison/training/model_exports/yolo26n-gpt-image-2-low-compressed-seed44-20260826-214430/last.pt
2026-08-26 22:39:42 INFO  scripts.synthetic_model_comparison.training.training_pipeline | epoch 166/200 done — next lr=0.000723677, epochs_since_improve=0/20
2026-08-26 22:39:42 INFO  scripts.synthetic_model_comparison.training.training_pipeline | epoch 167/200 — train start (lr=0.000723677, batches=15)
2026-08-26 22:39:53 INFO  scripts.synthetic_model_comparison.training.training_pipeline | step 2500 | loss_box=0.4967 loss_cls=0.2379 loss_dfl=0.0122 loss_total=49.4902 lr=0.000693881
2026-08-26 22:39:56 INFO  scripts.synthetic_model_comparison.training.training_pipeline | epoch 167/200 — train done in 13.8s | avg loss_box=0.4615 loss_cls=0.2332 loss_dfl=0.0125 loss_total=46.6832
2026-08-26 22:39:56 INFO  scripts.synthetic_model_comparison.training.evaluation | evaluating on 4 batches
2026-08-26 22:40:02 INFO  scripts.synthetic_model_comparison.training.training_pipeline | epoch 167/200 — val mAP50=0.9700 mAP50_95=0.7904 (selection mAP50_95=0.7904)
2026-08-26 22:40:03 INFO  scripts.synthetic_model_comparison.training.evaluation | mlflow: logged val/mAP50=0.9700 val/mAP50_95=0.7904 (step=166)
2026-08-26 22:40:03 INFO  scripts.synthetic_model_comparison.training.evaluation | mlflow: logged val per-class AP table (12 classes)
2026-08-26 22:40:03 INFO  scripts.synthetic_model_comparison.training.training_pipeline | saved checkpoint: /home/debian/Master-Thesis/scripts/synthetic_model_comparison/training/model_exports/yolo26n-gpt-image-2-low-compressed-seed44-20260826-214430/last.pt
2026-08-26 22:40:04 INFO  scripts.synthetic_model_comparison.training.training_pipeline | epoch 167/200 done — next lr=0.000683191, epochs_since_improve=1/20
2026-08-26 22:40:04 INFO  scripts.synthetic_model_comparison.training.training_pipeline | epoch 168/200 — train start (lr=0.000683191, batches=15)
2026-08-26 22:40:16 INFO  scripts.synthetic_model_comparison.training.training_pipeline | epoch 168/200 — train done in 12.0s | avg loss_box=0.4652 loss_cls=0.2418 loss_dfl=0.0130 loss_total=47.3038
2026-08-26 22:40:16 INFO  scripts.synthetic_model_comparison.training.evaluation | evaluating on 4 batches
2026-08-26 22:40:22 INFO  scripts.synthetic_model_comparison.training.training_pipeline | epoch 168/200 — val mAP50=0.9701 mAP50_95=0.7957 (selection mAP50_95=0.7957)
2026-08-26 22:40:23 INFO  scripts.synthetic_model_comparison.training.evaluation | mlflow: logged val/mAP50=0.9701 val/mAP50_95=0.7957 (step=167)
2026-08-26 22:40:23 INFO  scripts.synthetic_model_comparison.training.evaluation | mlflow: logged val per-class AP table (12 classes)
2026-08-26 22:40:23 INFO  scripts.synthetic_model_comparison.training.training_pipeline | saved checkpoint: /home/debian/Master-Thesis/scripts/synthetic_model_comparison/training/model_exports/yolo26n-gpt-image-2-low-compressed-seed44-20260826-214430/best.pt
2026-08-26 22:40:23 INFO  scripts.synthetic_model_comparison.training.training_pipeline | new best mAP50_95=0.7957 at epoch 168
2026-08-26 22:40:23 INFO  scripts.synthetic_model_comparison.training.training_pipeline | saved checkpoint: /home/debian/Master-Thesis/scripts/synthetic_model_comparison/training/model_exports/yolo26n-gpt-image-2-low-compressed-seed44-20260826-214430/last.pt
2026-08-26 22:40:24 INFO  scripts.synthetic_model_comparison.training.training_pipeline | epoch 168/200 done — next lr=0.000643805, epochs_since_improve=0/20
2026-08-26 22:40:24 INFO  scripts.synthetic_model_comparison.training.training_pipeline | epoch 169/200 — train start (lr=0.000643805, batches=15)
2026-08-26 22:40:35 INFO  scripts.synthetic_model_comparison.training.training_pipeline | epoch 169/200 — train done in 11.7s | avg loss_box=0.4601 loss_cls=0.2545 loss_dfl=0.0127 loss_total=47.5262
2026-08-26 22:40:35 INFO  scripts.synthetic_model_comparison.training.evaluation | evaluating on 4 batches
2026-08-26 22:40:41 INFO  scripts.synthetic_model_comparison.training.training_pipeline | epoch 169/200 — val mAP50=0.9709 mAP50_95=0.7926 (selection mAP50_95=0.7926)
2026-08-26 22:40:42 INFO  scripts.synthetic_model_comparison.training.evaluation | mlflow: logged val/mAP50=0.9709 val/mAP50_95=0.7926 (step=168)
2026-08-26 22:40:42 INFO  scripts.synthetic_model_comparison.training.evaluation | mlflow: logged val per-class AP table (12 classes)
2026-08-26 22:40:43 INFO  scripts.synthetic_model_comparison.training.training_pipeline | saved checkpoint: /home/debian/Master-Thesis/scripts/synthetic_model_comparison/training/model_exports/yolo26n-gpt-image-2-low-compressed-seed44-20260826-214430/last.pt
2026-08-26 22:40:43 INFO  scripts.synthetic_model_comparison.training.training_pipeline | epoch 169/200 done — next lr=0.000605527, epochs_since_improve=1/20
2026-08-26 22:40:43 INFO  scripts.synthetic_model_comparison.training.training_pipeline | epoch 170/200 — train start (lr=0.000605527, batches=15)
2026-08-26 22:40:55 INFO  scripts.synthetic_model_comparison.training.training_pipeline | epoch 170/200 — train done in 12.2s | avg loss_box=0.4578 loss_cls=0.2259 loss_dfl=0.0124 loss_total=45.8456
2026-08-26 22:40:55 INFO  scripts.synthetic_model_comparison.training.evaluation | evaluating on 4 batches
2026-08-26 22:41:01 INFO  scripts.synthetic_model_comparison.training.training_pipeline | epoch 170/200 — val mAP50=0.9746 mAP50_95=0.7941 (selection mAP50_95=0.7941)
2026-08-26 22:41:02 INFO  scripts.synthetic_model_comparison.training.evaluation | mlflow: logged val/mAP50=0.9746 val/mAP50_95=0.7941 (step=169)
2026-08-26 22:41:02 INFO  scripts.synthetic_model_comparison.training.evaluation | mlflow: logged val per-class AP table (12 classes)
2026-08-26 22:41:02 INFO  scripts.synthetic_model_comparison.training.training_pipeline | saved checkpoint: /home/debian/Master-Thesis/scripts/synthetic_model_comparison/training/model_exports/yolo26n-gpt-image-2-low-compressed-seed44-20260826-214430/last.pt
2026-08-26 22:41:02 INFO  scripts.synthetic_model_comparison.training.training_pipeline | epoch 170/200 done — next lr=0.000568368, epochs_since_improve=2/20
2026-08-26 22:41:02 INFO  scripts.synthetic_model_comparison.training.training_pipeline | epoch 171/200 — train start (lr=0.000568368, batches=15)
2026-08-26 22:41:09 INFO  scripts.synthetic_model_comparison.training.training_pipeline | step 2550 | loss_box=0.4570 loss_cls=0.2469 loss_dfl=0.0110 loss_total=46.8422 lr=0.000565931
2026-08-26 22:41:16 INFO  scripts.synthetic_model_comparison.training.training_pipeline | epoch 171/200 — train done in 13.3s | avg loss_box=0.4660 loss_cls=0.2470 loss_dfl=0.0130 loss_total=47.5730
2026-08-26 22:41:16 INFO  scripts.synthetic_model_comparison.training.evaluation | evaluating on 4 batches
2026-08-26 22:41:22 INFO  scripts.synthetic_model_comparison.training.training_pipeline | epoch 171/200 — val mAP50=0.9685 mAP50_95=0.7936 (selection mAP50_95=0.7936)
2026-08-26 22:41:22 INFO  scripts.synthetic_model_comparison.training.evaluation | mlflow: logged val/mAP50=0.9685 val/mAP50_95=0.7936 (step=170)
2026-08-26 22:41:23 INFO  scripts.synthetic_model_comparison.training.evaluation | mlflow: logged val per-class AP table (12 classes)
2026-08-26 22:41:23 INFO  scripts.synthetic_model_comparison.training.training_pipeline | saved checkpoint: /home/debian/Master-Thesis/scripts/synthetic_model_comparison/training/model_exports/yolo26n-gpt-image-2-low-compressed-seed44-20260826-214430/last.pt
2026-08-26 22:41:23 INFO  scripts.synthetic_model_comparison.training.training_pipeline | epoch 171/200 done — next lr=0.000532337, epochs_since_improve=3/20
2026-08-26 22:41:23 INFO  scripts.synthetic_model_comparison.training.training_pipeline | epoch 172/200 — train start (lr=0.000532337, batches=15)
2026-08-26 22:41:35 INFO  scripts.synthetic_model_comparison.training.training_pipeline | epoch 172/200 — train done in 11.8s | avg loss_box=0.4630 loss_cls=0.2426 loss_dfl=0.0129 loss_total=47.0832
2026-08-26 22:41:35 INFO  scripts.synthetic_model_comparison.training.evaluation | evaluating on 4 batches
2026-08-26 22:41:41 INFO  scripts.synthetic_model_comparison.training.training_pipeline | epoch 172/200 — val mAP50=0.9657 mAP50_95=0.7833 (selection mAP50_95=0.7833)
2026-08-26 22:41:42 INFO  scripts.synthetic_model_comparison.training.evaluation | mlflow: logged val/mAP50=0.9657 val/mAP50_95=0.7833 (step=171)
2026-08-26 22:41:42 INFO  scripts.synthetic_model_comparison.training.evaluation | mlflow: logged val per-class AP table (12 classes)
2026-08-26 22:41:42 INFO  scripts.synthetic_model_comparison.training.training_pipeline | saved checkpoint: /home/debian/Master-Thesis/scripts/synthetic_model_comparison/training/model_exports/yolo26n-gpt-image-2-low-compressed-seed44-20260826-214430/last.pt
2026-08-26 22:41:43 INFO  scripts.synthetic_model_comparison.training.training_pipeline | epoch 172/200 done — next lr=0.000497444, epochs_since_improve=4/20
2026-08-26 22:41:43 INFO  scripts.synthetic_model_comparison.training.training_pipeline | epoch 173/200 — train start (lr=0.000497444, batches=15)
2026-08-26 22:41:55 INFO  scripts.synthetic_model_comparison.training.training_pipeline | epoch 173/200 — train done in 12.2s | avg loss_box=0.4534 loss_cls=0.2294 loss_dfl=0.0127 loss_total=45.6738
2026-08-26 22:41:55 INFO  scripts.synthetic_model_comparison.training.evaluation | evaluating on 4 batches
2026-08-26 22:42:01 INFO  scripts.synthetic_model_comparison.training.training_pipeline | epoch 173/200 — val mAP50=0.9696 mAP50_95=0.7864 (selection mAP50_95=0.7864)
2026-08-26 22:42:02 INFO  scripts.synthetic_model_comparison.training.evaluation | mlflow: logged val/mAP50=0.9696 val/mAP50_95=0.7864 (step=172)
2026-08-26 22:42:02 INFO  scripts.synthetic_model_comparison.training.evaluation | mlflow: logged val per-class AP table (12 classes)
2026-08-26 22:42:02 INFO  scripts.synthetic_model_comparison.training.training_pipeline | saved checkpoint: /home/debian/Master-Thesis/scripts/synthetic_model_comparison/training/model_exports/yolo26n-gpt-image-2-low-compressed-seed44-20260826-214430/last.pt
2026-08-26 22:42:03 INFO  scripts.synthetic_model_comparison.training.training_pipeline | epoch 173/200 done — next lr=0.000463697, epochs_since_improve=5/20
2026-08-26 22:42:03 INFO  scripts.synthetic_model_comparison.training.training_pipeline | epoch 174/200 — train start (lr=0.000463697, batches=15)
2026-08-26 22:42:11 INFO  scripts.synthetic_model_comparison.training.training_pipeline | step 2600 | loss_box=0.3430 loss_cls=0.1815 loss_dfl=0.0097 loss_total=36.3257 lr=0.000450521
2026-08-26 22:42:17 INFO  scripts.synthetic_model_comparison.training.training_pipeline | epoch 174/200 — train done in 14.0s | avg loss_box=0.4345 loss_cls=0.2283 loss_dfl=0.0117 loss_total=44.4048
2026-08-26 22:42:17 INFO  scripts.synthetic_model_comparison.training.evaluation | evaluating on 4 batches
2026-08-26 22:42:23 INFO  scripts.synthetic_model_comparison.training.training_pipeline | epoch 174/200 — val mAP50=0.9693 mAP50_95=0.7862 (selection mAP50_95=0.7862)
2026-08-26 22:42:23 INFO  scripts.synthetic_model_comparison.training.evaluation | mlflow: logged val/mAP50=0.9693 val/mAP50_95=0.7862 (step=173)
2026-08-26 22:42:24 INFO  scripts.synthetic_model_comparison.training.evaluation | mlflow: logged val per-class AP table (12 classes)
2026-08-26 22:42:24 INFO  scripts.synthetic_model_comparison.training.training_pipeline | saved checkpoint: /home/debian/Master-Thesis/scripts/synthetic_model_comparison/training/model_exports/yolo26n-gpt-image-2-low-compressed-seed44-20260826-214430/last.pt
2026-08-26 22:42:24 INFO  scripts.synthetic_model_comparison.training.training_pipeline | epoch 174/200 done — next lr=0.000431105, epochs_since_improve=6/20
2026-08-26 22:42:24 INFO  scripts.synthetic_model_comparison.training.training_pipeline | epoch 175/200 — train start (lr=0.000431105, batches=15)
2026-08-26 22:42:36 INFO  scripts.synthetic_model_comparison.training.training_pipeline | epoch 175/200 — train done in 12.0s | avg loss_box=0.4503 loss_cls=0.2366 loss_dfl=0.0126 loss_total=45.8707
2026-08-26 22:42:36 INFO  scripts.synthetic_model_comparison.training.evaluation | evaluating on 4 batches
2026-08-26 22:42:42 INFO  scripts.synthetic_model_comparison.training.training_pipeline | epoch 175/200 — val mAP50=0.9679 mAP50_95=0.7905 (selection mAP50_95=0.7905)
2026-08-26 22:42:43 INFO  scripts.synthetic_model_comparison.training.evaluation | mlflow: logged val/mAP50=0.9679 val/mAP50_95=0.7905 (step=174)
2026-08-26 22:42:43 INFO  scripts.synthetic_model_comparison.training.evaluation | mlflow: logged val per-class AP table (12 classes)
2026-08-26 22:42:43 INFO  scripts.synthetic_model_comparison.training.training_pipeline | saved checkpoint: /home/debian/Master-Thesis/scripts/synthetic_model_comparison/training/model_exports/yolo26n-gpt-image-2-low-compressed-seed44-20260826-214430/last.pt
2026-08-26 22:42:44 INFO  scripts.synthetic_model_comparison.training.training_pipeline | epoch 175/200 done — next lr=0.000399676, epochs_since_improve=7/20
2026-08-26 22:42:44 INFO  scripts.synthetic_model_comparison.training.training_pipeline | epoch 176/200 — train start (lr=0.000399676, batches=15)
2026-08-26 22:42:56 INFO  scripts.synthetic_model_comparison.training.training_pipeline | epoch 176/200 — train done in 11.9s | avg loss_box=0.4464 loss_cls=0.2348 loss_dfl=0.0123 loss_total=45.5208
2026-08-26 22:42:56 INFO  scripts.synthetic_model_comparison.training.evaluation | evaluating on 4 batches
2026-08-26 22:43:01 INFO  scripts.synthetic_model_comparison.training.training_pipeline | epoch 176/200 — val mAP50=0.9677 mAP50_95=0.7871 (selection mAP50_95=0.7871)
2026-08-26 22:43:02 INFO  scripts.synthetic_model_comparison.training.evaluation | mlflow: logged val/mAP50=0.9677 val/mAP50_95=0.7871 (step=175)
2026-08-26 22:43:03 INFO  scripts.synthetic_model_comparison.training.evaluation | mlflow: logged val per-class AP table (12 classes)
2026-08-26 22:43:03 INFO  scripts.synthetic_model_comparison.training.training_pipeline | saved checkpoint: /home/debian/Master-Thesis/scripts/synthetic_model_comparison/training/model_exports/yolo26n-gpt-image-2-low-compressed-seed44-20260826-214430/last.pt
2026-08-26 22:43:03 INFO  scripts.synthetic_model_comparison.training.training_pipeline | epoch 176/200 done — next lr=0.000369419, epochs_since_improve=8/20
2026-08-26 22:43:03 INFO  scripts.synthetic_model_comparison.training.training_pipeline | epoch 177/200 — train start (lr=0.000369419, batches=15)
2026-08-26 22:43:14 INFO  scripts.synthetic_model_comparison.training.training_pipeline | step 2650 | loss_box=0.4831 loss_cls=0.2855 loss_dfl=0.0133 loss_total=50.6211 lr=0.000347979
2026-08-26 22:43:17 INFO  scripts.synthetic_model_comparison.training.training_pipeline | epoch 177/200 — train done in 13.8s | avg loss_box=0.4387 loss_cls=0.2276 loss_dfl=0.0119 loss_total=44.5606
2026-08-26 22:43:17 INFO  scripts.synthetic_model_comparison.training.evaluation | evaluating on 4 batches
2026-08-26 22:43:23 INFO  scripts.synthetic_model_comparison.training.training_pipeline | epoch 177/200 — val mAP50=0.9694 mAP50_95=0.7931 (selection mAP50_95=0.7931)
2026-08-26 22:43:24 INFO  scripts.synthetic_model_comparison.training.evaluation | mlflow: logged val/mAP50=0.9694 val/mAP50_95=0.7931 (step=176)
2026-08-26 22:43:24 INFO  scripts.synthetic_model_comparison.training.evaluation | mlflow: logged val per-class AP table (12 classes)
2026-08-26 22:43:24 INFO  scripts.synthetic_model_comparison.training.training_pipeline | saved checkpoint: /home/debian/Master-Thesis/scripts/synthetic_model_comparison/training/model_exports/yolo26n-gpt-image-2-low-compressed-seed44-20260826-214430/last.pt
2026-08-26 22:43:25 INFO  scripts.synthetic_model_comparison.training.training_pipeline | epoch 177/200 done — next lr=0.00034034, epochs_since_improve=9/20
2026-08-26 22:43:25 INFO  scripts.synthetic_model_comparison.training.training_pipeline | epoch 178/200 — train start (lr=0.00034034, batches=15)
2026-08-26 22:43:36 INFO  scripts.synthetic_model_comparison.training.training_pipeline | epoch 178/200 — train done in 11.7s | avg loss_box=0.4309 loss_cls=0.2307 loss_dfl=0.0119 loss_total=44.2476
2026-08-26 22:43:36 INFO  scripts.synthetic_model_comparison.training.evaluation | evaluating on 4 batches
2026-08-26 22:43:42 INFO  scripts.synthetic_model_comparison.training.training_pipeline | epoch 178/200 — val mAP50=0.9709 mAP50_95=0.7907 (selection mAP50_95=0.7907)
2026-08-26 22:43:43 INFO  scripts.synthetic_model_comparison.training.evaluation | mlflow: logged val/mAP50=0.9709 val/mAP50_95=0.7907 (step=177)
2026-08-26 22:43:43 INFO  scripts.synthetic_model_comparison.training.evaluation | mlflow: logged val per-class AP table (12 classes)
2026-08-26 22:43:44 INFO  scripts.synthetic_model_comparison.training.training_pipeline | saved checkpoint: /home/debian/Master-Thesis/scripts/synthetic_model_comparison/training/model_exports/yolo26n-gpt-image-2-low-compressed-seed44-20260826-214430/last.pt
2026-08-26 22:43:44 INFO  scripts.synthetic_model_comparison.training.training_pipeline | epoch 178/200 done — next lr=0.000312447, epochs_since_improve=10/20
2026-08-26 22:43:44 INFO  scripts.synthetic_model_comparison.training.training_pipeline | epoch 179/200 — train start (lr=0.000312447, batches=15)
2026-08-26 22:43:56 INFO  scripts.synthetic_model_comparison.training.training_pipeline | epoch 179/200 — train done in 12.0s | avg loss_box=0.4427 loss_cls=0.2324 loss_dfl=0.0123 loss_total=45.1233
2026-08-26 22:43:56 INFO  scripts.synthetic_model_comparison.training.evaluation | evaluating on 4 batches
2026-08-26 22:44:02 INFO  scripts.synthetic_model_comparison.training.training_pipeline | epoch 179/200 — val mAP50=0.9695 mAP50_95=0.7867 (selection mAP50_95=0.7867)
2026-08-26 22:44:03 INFO  scripts.synthetic_model_comparison.training.evaluation | mlflow: logged val/mAP50=0.9695 val/mAP50_95=0.7867 (step=178)
2026-08-26 22:44:03 INFO  scripts.synthetic_model_comparison.training.evaluation | mlflow: logged val per-class AP table (12 classes)
2026-08-26 22:44:03 INFO  scripts.synthetic_model_comparison.training.training_pipeline | saved checkpoint: /home/debian/Master-Thesis/scripts/synthetic_model_comparison/training/model_exports/yolo26n-gpt-image-2-low-compressed-seed44-20260826-214430/last.pt
2026-08-26 22:44:03 INFO  scripts.synthetic_model_comparison.training.training_pipeline | epoch 179/200 done — next lr=0.000285748, epochs_since_improve=11/20
2026-08-26 22:44:03 INFO  scripts.synthetic_model_comparison.training.training_pipeline | epoch 180/200 — train start (lr=0.000285748, batches=15)
2026-08-26 22:44:15 INFO  scripts.synthetic_model_comparison.training.training_pipeline | epoch 180/200 — train done in 11.4s | avg loss_box=0.4421 loss_cls=0.2314 loss_dfl=0.0122 loss_total=45.0199
2026-08-26 22:44:15 INFO  scripts.synthetic_model_comparison.training.evaluation | evaluating on 4 batches
2026-08-26 22:44:21 INFO  scripts.synthetic_model_comparison.training.training_pipeline | epoch 180/200 — val mAP50=0.9688 mAP50_95=0.7890 (selection mAP50_95=0.7890)
2026-08-26 22:44:21 INFO  scripts.synthetic_model_comparison.training.evaluation | mlflow: logged val/mAP50=0.9688 val/mAP50_95=0.7890 (step=179)
2026-08-26 22:44:22 INFO  scripts.synthetic_model_comparison.training.evaluation | mlflow: logged val per-class AP table (12 classes)
2026-08-26 22:44:22 INFO  scripts.synthetic_model_comparison.training.training_pipeline | saved checkpoint: /home/debian/Master-Thesis/scripts/synthetic_model_comparison/training/model_exports/yolo26n-gpt-image-2-low-compressed-seed44-20260826-214430/last.pt
2026-08-26 22:44:22 INFO  scripts.synthetic_model_comparison.training.training_pipeline | epoch 180/200 done — next lr=0.000260249, epochs_since_improve=12/20
2026-08-26 22:44:22 INFO  scripts.synthetic_model_comparison.training.training_pipeline | epoch 181/200 — train start (lr=0.000260249, batches=15)
2026-08-26 22:44:28 INFO  scripts.synthetic_model_comparison.training.training_pipeline | step 2700 | loss_box=0.4287 loss_cls=0.1899 loss_dfl=0.0127 loss_total=41.8765 lr=0.000258592
2026-08-26 22:44:35 INFO  scripts.synthetic_model_comparison.training.training_pipeline | epoch 181/200 — train done in 12.9s | avg loss_box=0.4404 loss_cls=0.2107 loss_dfl=0.0122 loss_total=43.7828
2026-08-26 22:44:35 INFO  scripts.synthetic_model_comparison.training.evaluation | evaluating on 4 batches
2026-08-26 22:44:41 INFO  scripts.synthetic_model_comparison.training.training_pipeline | epoch 181/200 — val mAP50=0.9698 mAP50_95=0.7925 (selection mAP50_95=0.7925)
2026-08-26 22:44:42 INFO  scripts.synthetic_model_comparison.training.evaluation | mlflow: logged val/mAP50=0.9698 val/mAP50_95=0.7925 (step=180)
2026-08-26 22:44:42 INFO  scripts.synthetic_model_comparison.training.evaluation | mlflow: logged val per-class AP table (12 classes)
2026-08-26 22:44:42 INFO  scripts.synthetic_model_comparison.training.training_pipeline | saved checkpoint: /home/debian/Master-Thesis/scripts/synthetic_model_comparison/training/model_exports/yolo26n-gpt-image-2-low-compressed-seed44-20260826-214430/last.pt
2026-08-26 22:44:43 INFO  scripts.synthetic_model_comparison.training.training_pipeline | epoch 181/200 done — next lr=0.000235957, epochs_since_improve=13/20
2026-08-26 22:44:43 INFO  scripts.synthetic_model_comparison.training.training_pipeline | epoch 182/200 — train start (lr=0.000235957, batches=15)
2026-08-26 22:44:54 INFO  scripts.synthetic_model_comparison.training.training_pipeline | epoch 182/200 — train done in 11.5s | avg loss_box=0.4417 loss_cls=0.2237 loss_dfl=0.0121 loss_total=44.5058
2026-08-26 22:44:54 INFO  scripts.synthetic_model_comparison.training.evaluation | evaluating on 4 batches
2026-08-26 22:45:00 INFO  scripts.synthetic_model_comparison.training.training_pipeline | epoch 182/200 — val mAP50=0.9720 mAP50_95=0.7939 (selection mAP50_95=0.7939)
2026-08-26 22:45:01 INFO  scripts.synthetic_model_comparison.training.evaluation | mlflow: logged val/mAP50=0.9720 val/mAP50_95=0.7939 (step=181)
2026-08-26 22:45:01 INFO  scripts.synthetic_model_comparison.training.evaluation | mlflow: logged val per-class AP table (12 classes)
2026-08-26 22:45:02 INFO  scripts.synthetic_model_comparison.training.training_pipeline | saved checkpoint: /home/debian/Master-Thesis/scripts/synthetic_model_comparison/training/model_exports/yolo26n-gpt-image-2-low-compressed-seed44-20260826-214430/last.pt
2026-08-26 22:45:02 INFO  scripts.synthetic_model_comparison.training.training_pipeline | epoch 182/200 done — next lr=0.000212877, epochs_since_improve=14/20
2026-08-26 22:45:02 INFO  scripts.synthetic_model_comparison.training.training_pipeline | epoch 183/200 — train start (lr=0.000212877, batches=15)
2026-08-26 22:45:14 INFO  scripts.synthetic_model_comparison.training.training_pipeline | epoch 183/200 — train done in 12.3s | avg loss_box=0.4126 loss_cls=0.2192 loss_dfl=0.0113 loss_total=42.4747
2026-08-26 22:45:14 INFO  scripts.synthetic_model_comparison.training.evaluation | evaluating on 4 batches
2026-08-26 22:45:20 INFO  scripts.synthetic_model_comparison.training.training_pipeline | epoch 183/200 — val mAP50=0.9681 mAP50_95=0.7905 (selection mAP50_95=0.7905)
2026-08-26 22:45:21 INFO  scripts.synthetic_model_comparison.training.evaluation | mlflow: logged val/mAP50=0.9681 val/mAP50_95=0.7905 (step=182)
2026-08-26 22:45:21 INFO  scripts.synthetic_model_comparison.training.evaluation | mlflow: logged val per-class AP table (12 classes)
2026-08-26 22:45:21 INFO  scripts.synthetic_model_comparison.training.training_pipeline | saved checkpoint: /home/debian/Master-Thesis/scripts/synthetic_model_comparison/training/model_exports/yolo26n-gpt-image-2-low-compressed-seed44-20260826-214430/last.pt
2026-08-26 22:45:22 INFO  scripts.synthetic_model_comparison.training.training_pipeline | epoch 183/200 done — next lr=0.000191016, epochs_since_improve=15/20
2026-08-26 22:45:22 INFO  scripts.synthetic_model_comparison.training.training_pipeline | epoch 184/200 — train start (lr=0.000191016, batches=15)
2026-08-26 22:45:30 INFO  scripts.synthetic_model_comparison.training.training_pipeline | step 2750 | loss_box=0.4493 loss_cls=0.2391 loss_dfl=0.0122 loss_total=45.5402 lr=0.000182614
2026-08-26 22:45:35 INFO  scripts.synthetic_model_comparison.training.training_pipeline | epoch 184/200 — train done in 13.5s | avg loss_box=0.4415 loss_cls=0.2270 loss_dfl=0.0125 loss_total=44.7295
2026-08-26 22:45:35 INFO  scripts.synthetic_model_comparison.training.evaluation | evaluating on 4 batches
2026-08-26 22:45:41 INFO  scripts.synthetic_model_comparison.training.training_pipeline | epoch 184/200 — val mAP50=0.9693 mAP50_95=0.7922 (selection mAP50_95=0.7922)
2026-08-26 22:45:42 INFO  scripts.synthetic_model_comparison.training.evaluation | mlflow: logged val/mAP50=0.9693 val/mAP50_95=0.7922 (step=183)
2026-08-26 22:45:42 INFO  scripts.synthetic_model_comparison.training.evaluation | mlflow: logged val per-class AP table (12 classes)
2026-08-26 22:45:42 INFO  scripts.synthetic_model_comparison.training.training_pipeline | saved checkpoint: /home/debian/Master-Thesis/scripts/synthetic_model_comparison/training/model_exports/yolo26n-gpt-image-2-low-compressed-seed44-20260826-214430/last.pt
2026-08-26 22:45:43 INFO  scripts.synthetic_model_comparison.training.training_pipeline | epoch 184/200 done — next lr=0.000170379, epochs_since_improve=16/20
2026-08-26 22:45:43 INFO  scripts.synthetic_model_comparison.training.training_pipeline | epoch 185/200 — train start (lr=0.000170379, batches=15)
2026-08-26 22:45:55 INFO  scripts.synthetic_model_comparison.training.training_pipeline | epoch 185/200 — train done in 12.2s | avg loss_box=0.4140 loss_cls=0.2177 loss_dfl=0.0113 loss_total=42.2923
2026-08-26 22:45:55 INFO  scripts.synthetic_model_comparison.training.evaluation | evaluating on 4 batches
2026-08-26 22:46:01 INFO  scripts.synthetic_model_comparison.training.training_pipeline | epoch 185/200 — val mAP50=0.9697 mAP50_95=0.7947 (selection mAP50_95=0.7947)
2026-08-26 22:46:02 INFO  scripts.synthetic_model_comparison.training.evaluation | mlflow: logged val/mAP50=0.9697 val/mAP50_95=0.7947 (step=184)
2026-08-26 22:46:02 INFO  scripts.synthetic_model_comparison.training.evaluation | mlflow: logged val per-class AP table (12 classes)
2026-08-26 22:46:02 INFO  scripts.synthetic_model_comparison.training.training_pipeline | saved checkpoint: /home/debian/Master-Thesis/scripts/synthetic_model_comparison/training/model_exports/yolo26n-gpt-image-2-low-compressed-seed44-20260826-214430/last.pt
2026-08-26 22:46:03 INFO  scripts.synthetic_model_comparison.training.training_pipeline | epoch 185/200 done — next lr=0.000150972, epochs_since_improve=17/20
2026-08-26 22:46:03 INFO  scripts.synthetic_model_comparison.training.training_pipeline | epoch 186/200 — train start (lr=0.000150972, batches=15)
2026-08-26 22:46:14 INFO  scripts.synthetic_model_comparison.training.training_pipeline | epoch 186/200 — train done in 11.8s | avg loss_box=0.4339 loss_cls=0.2220 loss_dfl=0.0121 loss_total=43.8203
2026-08-26 22:46:14 INFO  scripts.synthetic_model_comparison.training.evaluation | evaluating on 4 batches
2026-08-26 22:46:20 INFO  scripts.synthetic_model_comparison.training.training_pipeline | epoch 186/200 — val mAP50=0.9688 mAP50_95=0.7895 (selection mAP50_95=0.7895)
2026-08-26 22:46:21 INFO  scripts.synthetic_model_comparison.training.evaluation | mlflow: logged val/mAP50=0.9688 val/mAP50_95=0.7895 (step=185)
2026-08-26 22:46:22 INFO  scripts.synthetic_model_comparison.training.evaluation | mlflow: logged val per-class AP table (12 classes)
2026-08-26 22:46:22 INFO  scripts.synthetic_model_comparison.training.training_pipeline | saved checkpoint: /home/debian/Master-Thesis/scripts/synthetic_model_comparison/training/model_exports/yolo26n-gpt-image-2-low-compressed-seed44-20260826-214430/last.pt
2026-08-26 22:46:22 INFO  scripts.synthetic_model_comparison.training.training_pipeline | epoch 186/200 done — next lr=0.000132799, epochs_since_improve=18/20
2026-08-26 22:46:22 INFO  scripts.synthetic_model_comparison.training.training_pipeline | epoch 187/200 — train start (lr=0.000132799, batches=15)
2026-08-26 22:46:32 INFO  scripts.synthetic_model_comparison.training.training_pipeline | step 2800 | loss_box=0.4475 loss_cls=0.2071 loss_dfl=0.0124 loss_total=43.9244 lr=0.00012026
2026-08-26 22:46:35 INFO  scripts.synthetic_model_comparison.training.training_pipeline | epoch 187/200 — train done in 13.3s | avg loss_box=0.4184 loss_cls=0.2054 loss_dfl=0.0116 loss_total=41.8768
2026-08-26 22:46:35 INFO  scripts.synthetic_model_comparison.training.evaluation | evaluating on 4 batches
2026-08-26 22:46:41 INFO  scripts.synthetic_model_comparison.training.training_pipeline | epoch 187/200 — val mAP50=0.9703 mAP50_95=0.7955 (selection mAP50_95=0.7955)
2026-08-26 22:46:42 INFO  scripts.synthetic_model_comparison.training.evaluation | mlflow: logged val/mAP50=0.9703 val/mAP50_95=0.7955 (step=186)
2026-08-26 22:46:42 INFO  scripts.synthetic_model_comparison.training.evaluation | mlflow: logged val per-class AP table (12 classes)
2026-08-26 22:46:43 INFO  scripts.synthetic_model_comparison.training.training_pipeline | saved checkpoint: /home/debian/Master-Thesis/scripts/synthetic_model_comparison/training/model_exports/yolo26n-gpt-image-2-low-compressed-seed44-20260826-214430/last.pt
2026-08-26 22:46:43 INFO  scripts.synthetic_model_comparison.training.training_pipeline | epoch 187/200 done — next lr=0.000115865, epochs_since_improve=19/20
2026-08-26 22:46:43 INFO  scripts.synthetic_model_comparison.training.training_pipeline | epoch 188/200 — train start (lr=0.000115865, batches=15)
2026-08-26 22:46:54 INFO  scripts.synthetic_model_comparison.training.training_pipeline | epoch 188/200 — train done in 11.4s | avg loss_box=0.4324 loss_cls=0.2153 loss_dfl=0.0122 loss_total=43.3535
2026-08-26 22:46:54 INFO  scripts.synthetic_model_comparison.training.evaluation | evaluating on 4 batches
2026-08-26 22:47:00 INFO  scripts.synthetic_model_comparison.training.training_pipeline | epoch 188/200 — val mAP50=0.9701 mAP50_95=0.7947 (selection mAP50_95=0.7947)
2026-08-26 22:47:01 INFO  scripts.synthetic_model_comparison.training.evaluation | mlflow: logged val/mAP50=0.9701 val/mAP50_95=0.7947 (step=187)
2026-08-26 22:47:02 INFO  scripts.synthetic_model_comparison.training.evaluation | mlflow: logged val per-class AP table (12 classes)
2026-08-26 22:47:02 INFO  scripts.synthetic_model_comparison.training.training_pipeline | saved checkpoint: /home/debian/Master-Thesis/scripts/synthetic_model_comparison/training/model_exports/yolo26n-gpt-image-2-low-compressed-seed44-20260826-214430/last.pt
2026-08-26 22:47:02 INFO  scripts.synthetic_model_comparison.training.training_pipeline | epoch 188/200 done — next lr=0.000100175, epochs_since_improve=20/20
2026-08-26 22:47:02 INFO  scripts.synthetic_model_comparison.training.training_pipeline | early stopping at epoch 188 — no mAP50_95 improvement (>0.001) for 20 epochs
2026-08-26 22:47:02 INFO  scripts.synthetic_model_comparison.training.training_pipeline | saved checkpoint: /home/debian/Master-Thesis/scripts/synthetic_model_comparison/training/model_exports/yolo26n-gpt-image-2-low-compressed-seed44-20260826-214430/last.pt
2026-08-26 22:47:02 INFO  scripts.synthetic_model_comparison.training.training_pipeline | training finished — loading best.pt for final test evaluation
2026-08-26 22:47:02 INFO  scripts.synthetic_model_comparison.training.training_pipeline | loaded best.pt (mAP50_95=0.7957 @ epoch 167)
2026-08-26 22:47:02 INFO  scripts.synthetic_model_comparison.training.evaluation | evaluating on 153 batches
2026-08-26 22:50:15 INFO  scripts.synthetic_model_comparison.training.training_pipeline | test mAP50=0.1280 mAP50_95=0.0715
2026-08-26 22:50:16 INFO  scripts.synthetic_model_comparison.training.evaluation | mlflow: logged test/mAP50=0.1280 test/mAP50_95=0.0715 (step=None)
2026-08-26 22:50:16 INFO  scripts.synthetic_model_comparison.training.evaluation | mlflow: logged test per-class AP table (12 classes)
2026-08-26 22:50:25 INFO  scripts.synthetic_model_comparison.training.training_pipeline | uploaded checkpoints to MLflow
2026-08-26 22:50:25 INFO  __main__ | === post-training full evaluation (limit=None) ===
2026-08-26 22:50:25 INFO  scripts.synthetic_model_comparison.training.eval_suite.run_evaluation | === evaluation (real-only) ===
2026-08-26 22:50:25 INFO  scripts.synthetic_model_comparison.training.eval_suite.run_evaluation | checkpoint=/home/debian/Master-Thesis/scripts/synthetic_model_comparison/training/model_exports/yolo26n-gpt-image-2-low-compressed-seed44-20260826-214430/best.pt device=cuda output_dir=/home/debian/Master-Thesis/scripts/synthetic_model_comparison/training/model_exports/yolo26n-gpt-image-2-low-compressed-seed44-20260826-214430/evaluation
2026-08-26 22:50:25 INFO  scripts.synthetic_model_comparison.training.eval_suite.run_evaluation | real_ann=/home/debian/Master-Thesis/data/synthetic_model_comparison/test/annotations_test.json max_det=100
2026-08-26 22:50:25 INFO  scripts.synthetic_model_comparison.training.dataset | dataset annotations_test.json: 9742 images, 9742 annotations, 12 classes
2026-08-26 22:50:25 INFO  scripts.synthetic_model_comparison.training.eval_suite.predict | loading checkpoint: /home/debian/Master-Thesis/scripts/synthetic_model_comparison/training/model_exports/yolo26n-gpt-image-2-low-compressed-seed44-20260826-214430/best.pt
2026-08-26 22:50:26 INFO  scripts.synthetic_model_comparison.training.yolo26n_model | no pretrained weights — training from random initialization
2026-08-26 22:50:26 INFO  scripts.synthetic_model_comparison.training.yolo26n_model | model: yolo26n, nc=12, params=2.51M, device=cuda
2026-08-26 22:50:26 INFO  scripts.synthetic_model_comparison.training.eval_suite.predict | checkpoint format: training dict (state_dict under 'model' key)
2026-08-26 22:50:26 INFO  scripts.synthetic_model_comparison.training.eval_suite.predict | loaded 708/708 keys from checkpoint (skipped 0 shape-mismatched / missing)
2026-08-26 22:50:26 INFO  scripts.synthetic_model_comparison.training.eval_suite.predict | running inference: 9742 images, batch=64, max_det=100 (NMS-free: conf/iou thresholds unused)
2026-08-26 22:54:52 INFO  scripts.synthetic_model_comparison.training.eval_suite.predict | inference complete: 974200 predictions over 9742 images
2026-08-26 22:55:04 INFO  scripts.synthetic_model_comparison.training.eval_suite.predict | predictions written to /home/debian/Master-Thesis/scripts/synthetic_model_comparison/training/model_exports/yolo26n-gpt-image-2-low-compressed-seed44-20260826-214430/evaluation/predictions_real.json
2026-08-26 22:55:04 INFO  scripts.synthetic_model_comparison.training.eval_suite.scoring | loading GT index from /home/debian/Master-Thesis/data/synthetic_model_comparison/test/annotations_test.json
2026-08-26 22:55:04 INFO  scripts.synthetic_model_comparison.training.eval_suite.scoring | GT index: 9742 images, 12 categories, 9742 annotated images
2026-08-26 22:55:04 INFO  scripts.synthetic_model_comparison.training.eval_suite.report | headline: real-test mAP (fine)
2026-08-26 22:56:42 INFO  scripts.synthetic_model_comparison.training.eval_suite.report | per-class AP table
2026-08-26 22:56:42 INFO  scripts.synthetic_model_comparison.training.eval_suite.report | within-look-alike-group confusion
2026-08-26 22:56:46 INFO  scripts.synthetic_model_comparison.training.eval_suite.report | wrote markdown report: /home/debian/Master-Thesis/scripts/synthetic_model_comparison/training/model_exports/yolo26n-gpt-image-2-low-compressed-seed44-20260826-214430/evaluation/evaluation_report.md
2026-08-26 22:56:46 INFO  scripts.synthetic_model_comparison.training.eval_suite.report | wrote CSV artifacts: /home/debian/Master-Thesis/scripts/synthetic_model_comparison/training/model_exports/yolo26n-gpt-image-2-low-compressed-seed44-20260826-214430/evaluation/eval_per_class.csv, /home/debian/Master-Thesis/scripts/synthetic_model_comparison/training/model_exports/yolo26n-gpt-image-2-low-compressed-seed44-20260826-214430/evaluation/eval_confusion_pairs.csv
2026-08-26 22:56:46 INFO  scripts.synthetic_model_comparison.training.eval_suite.report | wrote JSON report: /home/debian/Master-Thesis/scripts/synthetic_model_comparison/training/model_exports/yolo26n-gpt-image-2-low-compressed-seed44-20260826-214430/evaluation/evaluation_report.json
2026-08-26 22:56:50 INFO  scripts.synthetic_model_comparison.training.eval_suite.report | logged eval scalars to MLflow under 'eval/'
2026-08-26 22:56:52 INFO  scripts.synthetic_model_comparison.training.eval_suite.run_evaluation | evaluation complete — report at /home/debian/Master-Thesis/scripts/synthetic_model_comparison/training/model_exports/yolo26n-gpt-image-2-low-compressed-seed44-20260826-214430/evaluation/evaluation_report.md
2026-08-26 22:56:52 INFO  __main__ | uploaded log artifact: /home/debian/Master-Thesis/scripts/synthetic_model_comparison/training/model_exports/yolo26n-gpt-image-2-low-compressed-seed44-20260826-214430/yolo26n-gpt-image-2-low-compressed-seed44-20260826-214430.log
