2026-08-04 03:11:05 INFO  __main__ | === yolo26n synthetic-model-comparison training run ===
2026-08-04 03:11:05 INFO  __main__ | run_name=yolo26n-sd35-large-turbo-maxlen-seed42-20260804-031104 experiment=yolo26n-synthetic-model-comparison
2026-08-04 03:11:05 INFO  __main__ | mlflow tracking_uri=http://hetzner.taile550ef.ts.net:5000/
2026-08-04 03:11:05 INFO  __main__ | run dir: /home/debian/Master-Thesis/scripts/synthetic_model_comparison/training/model_exports/yolo26n-sd35-large-turbo-maxlen-seed42-20260804-031104
2026-08-04 03:11:05 INFO  __main__ | log file: /home/debian/Master-Thesis/scripts/synthetic_model_comparison/training/model_exports/yolo26n-sd35-large-turbo-maxlen-seed42-20260804-031104/yolo26n-sd35-large-turbo-maxlen-seed42-20260804-031104.log
2026-08-04 03:11:05 INFO  __main__ | generator=sd35-large-turbo prompt_regime=maxlen seed=42 device=cuda epochs=200 smoke=False
2026-08-04 03:11:05 INFO  scripts.synthetic_model_comparison.training.split_dataset | split annotations.json: 1200 images -> 960 train / 240 val (val_fraction=0.20, seed=42)
2026-08-04 03:11:05 INFO  scripts.synthetic_model_comparison.training.split_dataset |   american black bear       train= 81  val= 21
2026-08-04 03:11:05 INFO  scripts.synthetic_model_comparison.training.split_dataset |   aye-aye                   train= 81  val= 20
2026-08-04 03:11:05 INFO  scripts.synthetic_model_comparison.training.split_dataset |   grevy's zebra             train= 83  val= 20
2026-08-04 03:11:05 INFO  scripts.synthetic_model_comparison.training.split_dataset |   kinkajou                  train= 80  val= 20
2026-08-04 03:11:05 INFO  scripts.synthetic_model_comparison.training.split_dataset |   lion                      train= 89  val= 22
2026-08-04 03:11:05 INFO  scripts.synthetic_model_comparison.training.split_dataset |   mountain zebra            train= 81  val= 21
2026-08-04 03:11:05 INFO  scripts.synthetic_model_comparison.training.split_dataset |   pangolin family           train= 89  val= 24
2026-08-04 03:11:05 INFO  scripts.synthetic_model_comparison.training.split_dataset |   plains zebra              train= 86  val= 20
2026-08-04 03:11:05 INFO  scripts.synthetic_model_comparison.training.split_dataset |   red fox                   train= 81  val= 21
2026-08-04 03:11:05 INFO  scripts.synthetic_model_comparison.training.split_dataset |   ringtail                  train= 82  val= 20
2026-08-04 03:11:05 INFO  scripts.synthetic_model_comparison.training.split_dataset |   saiga                     train= 80  val= 20
2026-08-04 03:11:05 INFO  scripts.synthetic_model_comparison.training.split_dataset |   water deer                train= 80  val= 20
2026-08-04 03:11:05 INFO  scripts.synthetic_model_comparison.training.dataset | dataset annotations_val_split.json: 240 images, 249 annotations, 12 classes
2026-08-04 03:11:05 INFO  scripts.synthetic_model_comparison.training.dataset | dataset annotations_test.json: 9742 images, 9742 annotations, 12 classes
2026-08-04 03:11:05 INFO  scripts.synthetic_model_comparison.training.dataset | dataset annotations_train_split.json: 960 images, 993 annotations, 12 classes
2026-08-04 03:11:05 INFO  scripts.synthetic_model_comparison.training.yolo26n_model | no pretrained weights — training from random initialization
2026-08-04 03:11:06 INFO  scripts.synthetic_model_comparison.training.yolo26n_model | model: yolo26n, nc=12, params=2.51M, device=cuda
2026-08-04 03:11:06 INFO  scripts.synthetic_model_comparison.training.optim | optimizer=SGD lr=0.001 | param groups: g0(BN,no-decay)=114 g1(conv,decay=0.0005)=126 g2(bias,no-decay)=126
2026-08-04 03:11:06 INFO  scripts.synthetic_model_comparison.training.optim | scheduler: OneCycleLR(max_lr=0.01, total_steps=3000, pct_start=0.015, div_factor=10, final_div_factor=100) — stepped per batch
2026-08-04 03:11:06 INFO  __main__ | run config:
2026-08-04 03:11:06 INFO  __main__ |   ANNOTATIONS_TEST = /home/debian/Master-Thesis/data/synthetic_model_comparison/test/annotations_test.json
2026-08-04 03:11:06 INFO  __main__ |   AUG_CLOSE_MOSAIC = 0
2026-08-04 03:11:06 INFO  __main__ |   AUG_COPY_PASTE = 0.0
2026-08-04 03:11:06 INFO  __main__ |   AUG_DEGREES = 0.0
2026-08-04 03:11:06 INFO  __main__ |   AUG_FLIPUD = 0.0
2026-08-04 03:11:06 INFO  __main__ |   AUG_HFLIP = True
2026-08-04 03:11:06 INFO  __main__ |   AUG_HSV = True
2026-08-04 03:11:06 INFO  __main__ |   AUG_HSV_H = 0.015
2026-08-04 03:11:06 INFO  __main__ |   AUG_HSV_S = 0.7
2026-08-04 03:11:06 INFO  __main__ |   AUG_HSV_V = 0.4
2026-08-04 03:11:06 INFO  __main__ |   AUG_MIXUP = 0.0
2026-08-04 03:11:06 INFO  __main__ |   AUG_MOSAIC = 0.0
2026-08-04 03:11:06 INFO  __main__ |   AUG_PERSPECTIVE = 0.0
2026-08-04 03:11:06 INFO  __main__ |   AUG_SCALE = 0.5
2026-08-04 03:11:06 INFO  __main__ |   AUG_SHEAR = 0.0
2026-08-04 03:11:06 INFO  __main__ |   AUG_TRANSLATE = 0.1
2026-08-04 03:11:06 INFO  __main__ |   BATCH_SIZE = 64
2026-08-04 03:11:06 INFO  __main__ |   DATA_ROOT = /home/debian/Master-Thesis/data
2026-08-04 03:11:06 INFO  __main__ |   EARLY_STOP = True
2026-08-04 03:11:06 INFO  __main__ |   EARLY_STOP_MIN_DELTA = 0.001
2026-08-04 03:11:06 INFO  __main__ |   EARLY_STOP_PATIENCE = 20
2026-08-04 03:11:06 INFO  __main__ |   EPOCH_COUNT = 200
2026-08-04 03:11:06 INFO  __main__ |   EVAL_CONF_THRES = 0.001
2026-08-04 03:11:06 INFO  __main__ |   EVAL_IOU_THRES = 0.6
2026-08-04 03:11:06 INFO  __main__ |   EVAL_MAX_DET = 100
2026-08-04 03:11:06 INFO  __main__ |   EXPERIMENT_DATA_ROOT = /home/debian/Master-Thesis/data/synthetic_model_comparison
2026-08-04 03:11:06 INFO  __main__ |   HYP_BOX = 7.5
2026-08-04 03:11:06 INFO  __main__ |   HYP_CLS = 0.5
2026-08-04 03:11:06 INFO  __main__ |   HYP_DFL = 1.5
2026-08-04 03:11:06 INFO  __main__ |   IMAGE_ROOT = /home/debian/Master-Thesis
2026-08-04 03:11:06 INFO  __main__ |   IMAGE_SIZE = 640
2026-08-04 03:11:06 INFO  __main__ |   LEARNING_RATE = 0.001
2026-08-04 03:11:06 INFO  __main__ |   MLFLOW_EXPERIMENT_DEFAULT = yolo26n-synthetic-model-comparison
2026-08-04 03:11:06 INFO  __main__ |   MLFLOW_LOG_EVERY_N_STEPS = 50
2026-08-04 03:11:06 INFO  __main__ |   MODEL_CONFIG = yolo26n.yaml
2026-08-04 03:11:06 INFO  __main__ |   MOMENTUM = 0.937
2026-08-04 03:11:06 INFO  __main__ |   NESTEROV = True
2026-08-04 03:11:06 INFO  __main__ |   NUM_CLASSES = 12
2026-08-04 03:11:06 INFO  __main__ |   NUM_WORKERS = 8
2026-08-04 03:11:06 INFO  __main__ |   ONE_CYCLE_DIV_FACTOR = 10.0
2026-08-04 03:11:06 INFO  __main__ |   ONE_CYCLE_FINAL_DIV_FACTOR = 100.0
2026-08-04 03:11:06 INFO  __main__ |   ONE_CYCLE_MAX_LR = 0.01
2026-08-04 03:11:06 INFO  __main__ |   ONE_CYCLE_PCT_START = 0.015
2026-08-04 03:11:06 INFO  __main__ |   OPTIMIZER = SGD
2026-08-04 03:11:06 INFO  __main__ |   OUTPUT_DIR = /home/debian/Master-Thesis/scripts/synthetic_model_comparison/training/model_exports
2026-08-04 03:11:06 INFO  __main__ |   PRETRAINED_WEIGHTS = /home/debian/Master-Thesis/weights/yolo26n.pt
2026-08-04 03:11:06 INFO  __main__ |   REPO_ROOT = /home/debian/Master-Thesis
2026-08-04 03:11:06 INFO  __main__ |   SEED = 42
2026-08-04 03:11:06 INFO  __main__ |   SELECTION_METRIC = mAP50_95
2026-08-04 03:11:06 INFO  __main__ |   SPLIT_SEED = 42
2026-08-04 03:11:06 INFO  __main__ |   TRAIN_ROOT = /home/debian/Master-Thesis/data/synthetic_model_comparison/train
2026-08-04 03:11:06 INFO  __main__ |   USE_AMP = True
2026-08-04 03:11:06 INFO  __main__ |   USE_EMA = True
2026-08-04 03:11:06 INFO  __main__ |   VAL_FRACTION = 0.2
2026-08-04 03:11:06 INFO  __main__ |   WARMUP_EPOCHS = 3
2026-08-04 03:11:06 INFO  __main__ |   WEIGHT_DECAY = 0.0005
2026-08-04 03:11:06 INFO  __main__ |   dataset_size_test = 9742
2026-08-04 03:11:06 INFO  __main__ |   dataset_size_train = 960
2026-08-04 03:11:06 INFO  __main__ |   dataset_size_val = 240
2026-08-04 03:11:06 INFO  __main__ |   device = cuda
2026-08-04 03:11:06 INFO  __main__ |   epochs_actual = 200
2026-08-04 03:11:06 INFO  __main__ |   generator = sd35-large-turbo
2026-08-04 03:11:06 INFO  __main__ |   git_sha = 21fea51bf389d6c242b324643e593ed613aaa4aa
2026-08-04 03:11:06 INFO  __main__ |   prompt_regime = maxlen
2026-08-04 03:11:06 INFO  __main__ |   resume_from = 
2026-08-04 03:11:06 INFO  __main__ |   run_seed = 42
2026-08-04 03:11:06 INFO  __main__ |   smoke = False
2026-08-04 03:11:06 INFO  __main__ |   weights_path = /home/debian/Master-Thesis/weights/yolo26n.pt
2026-08-04 03:11:06 INFO  scripts.synthetic_model_comparison.training.training_pipeline | output dir: /home/debian/Master-Thesis/scripts/synthetic_model_comparison/training/model_exports/yolo26n-sd35-large-turbo-maxlen-seed42-20260804-031104 | selection_metric=mAP50_95 early_stop=True(patience=20, min_delta=0.001) ema=True amp=True
2026-08-04 03:11:06 INFO  scripts.synthetic_model_comparison.training.training_pipeline | starting training: ceiling=200 epochs | train_batches=15 val_batches=4 test_batches=153 | device=cuda
2026-08-04 03:11:06 INFO  scripts.synthetic_model_comparison.training.training_pipeline | epoch 1/200 — train start (lr=0.001, batches=15)
2026-08-04 03:11:29 INFO  scripts.synthetic_model_comparison.training.training_pipeline | epoch 1/200 — train done in 23.2s | avg loss_box=4.6671 loss_cls=40.5004 loss_dfl=0.1573 loss_total=1495.6562
2026-08-04 03:11:29 INFO  scripts.synthetic_model_comparison.training.evaluation | evaluating on 4 batches
2026-08-04 03:11:35 INFO  scripts.synthetic_model_comparison.training.training_pipeline | epoch 1/200 — val mAP50=0.0000 mAP50_95=0.0000 (selection mAP50_95=0.0000)
2026-08-04 03:11:36 INFO  scripts.synthetic_model_comparison.training.evaluation | mlflow: logged val/mAP50=0.0000 val/mAP50_95=0.0000 (step=0)
2026-08-04 03:11:36 INFO  scripts.synthetic_model_comparison.training.evaluation | mlflow: logged val per-class AP table (12 classes)
2026-08-04 03:11:37 INFO  scripts.synthetic_model_comparison.training.training_pipeline | saved checkpoint: /home/debian/Master-Thesis/scripts/synthetic_model_comparison/training/model_exports/yolo26n-sd35-large-turbo-maxlen-seed42-20260804-031104/best.pt
2026-08-04 03:11:37 INFO  scripts.synthetic_model_comparison.training.training_pipeline | new best mAP50_95=0.0000 at epoch 1
2026-08-04 03:11:37 INFO  scripts.synthetic_model_comparison.training.training_pipeline | saved checkpoint: /home/debian/Master-Thesis/scripts/synthetic_model_comparison/training/model_exports/yolo26n-sd35-large-turbo-maxlen-seed42-20260804-031104/last.pt
2026-08-04 03:11:37 INFO  scripts.synthetic_model_comparison.training.training_pipeline | epoch 1/200 done — next lr=0.00334338, epochs_since_improve=0/20
2026-08-04 03:11:37 INFO  scripts.synthetic_model_comparison.training.training_pipeline | epoch 2/200 — train start (lr=0.00334338, batches=15)
2026-08-04 03:11:49 INFO  scripts.synthetic_model_comparison.training.training_pipeline | epoch 2/200 — train done in 11.8s | avg loss_box=4.6676 loss_cls=37.9726 loss_dfl=0.1555 loss_total=1432.3002
2026-08-04 03:11:49 INFO  scripts.synthetic_model_comparison.training.evaluation | evaluating on 4 batches
2026-08-04 03:11:54 INFO  scripts.synthetic_model_comparison.training.training_pipeline | epoch 2/200 — val mAP50=0.0000 mAP50_95=0.0000 (selection mAP50_95=0.0000)
2026-08-04 03:11:55 INFO  scripts.synthetic_model_comparison.training.evaluation | mlflow: logged val/mAP50=0.0000 val/mAP50_95=0.0000 (step=1)
2026-08-04 03:11:55 INFO  scripts.synthetic_model_comparison.training.evaluation | mlflow: logged val per-class AP table (12 classes)
2026-08-04 03:11:55 INFO  scripts.synthetic_model_comparison.training.training_pipeline | saved checkpoint: /home/debian/Master-Thesis/scripts/synthetic_model_comparison/training/model_exports/yolo26n-sd35-large-turbo-maxlen-seed42-20260804-031104/last.pt
2026-08-04 03:11:55 INFO  scripts.synthetic_model_comparison.training.training_pipeline | epoch 2/200 done — next lr=0.00793288, epochs_since_improve=0/20
2026-08-04 03:11:55 INFO  scripts.synthetic_model_comparison.training.training_pipeline | epoch 3/200 — train start (lr=0.00793288, batches=15)
2026-08-04 03:12:07 INFO  scripts.synthetic_model_comparison.training.training_pipeline | epoch 3/200 — train done in 11.6s | avg loss_box=4.7014 loss_cls=38.9075 loss_dfl=0.1588 loss_total=1402.3733
2026-08-04 03:12:07 INFO  scripts.synthetic_model_comparison.training.evaluation | evaluating on 4 batches
2026-08-04 03:12:12 INFO  scripts.synthetic_model_comparison.training.training_pipeline | epoch 3/200 — val mAP50=0.0000 mAP50_95=0.0000 (selection mAP50_95=0.0000)
2026-08-04 03:12:13 INFO  scripts.synthetic_model_comparison.training.evaluation | mlflow: logged val/mAP50=0.0000 val/mAP50_95=0.0000 (step=2)
2026-08-04 03:12:13 INFO  scripts.synthetic_model_comparison.training.evaluation | mlflow: logged val per-class AP table (12 classes)
2026-08-04 03:12:13 INFO  scripts.synthetic_model_comparison.training.training_pipeline | saved checkpoint: /home/debian/Master-Thesis/scripts/synthetic_model_comparison/training/model_exports/yolo26n-sd35-large-turbo-maxlen-seed42-20260804-031104/last.pt
2026-08-04 03:12:13 INFO  scripts.synthetic_model_comparison.training.training_pipeline | epoch 3/200 done — next lr=0.01, epochs_since_improve=0/20
2026-08-04 03:12:13 INFO  scripts.synthetic_model_comparison.training.training_pipeline | epoch 4/200 — train start (lr=0.01, batches=15)
2026-08-04 03:12:22 INFO  scripts.synthetic_model_comparison.training.training_pipeline | step 50 | loss_box=4.5131 loss_cls=33.7496 loss_dfl=0.1478 loss_total=1288.1575 lr=0.00999986
2026-08-04 03:12:27 INFO  scripts.synthetic_model_comparison.training.training_pipeline | epoch 4/200 — train done in 13.3s | avg loss_box=4.6650 loss_cls=35.2771 loss_dfl=0.1586 loss_total=1302.8755
2026-08-04 03:12:27 INFO  scripts.synthetic_model_comparison.training.evaluation | evaluating on 4 batches
2026-08-04 03:12:31 INFO  scripts.synthetic_model_comparison.training.training_pipeline | epoch 4/200 — val mAP50=0.0000 mAP50_95=0.0000 (selection mAP50_95=0.0000)
2026-08-04 03:12:32 INFO  scripts.synthetic_model_comparison.training.evaluation | mlflow: logged val/mAP50=0.0000 val/mAP50_95=0.0000 (step=3)
2026-08-04 03:12:32 INFO  scripts.synthetic_model_comparison.training.evaluation | mlflow: logged val per-class AP table (12 classes)
2026-08-04 03:12:33 INFO  scripts.synthetic_model_comparison.training.training_pipeline | saved checkpoint: /home/debian/Master-Thesis/scripts/synthetic_model_comparison/training/model_exports/yolo26n-sd35-large-turbo-maxlen-seed42-20260804-031104/last.pt
2026-08-04 03:12:33 INFO  scripts.synthetic_model_comparison.training.training_pipeline | epoch 4/200 done — next lr=0.00999928, epochs_since_improve=1/20
2026-08-04 03:12:33 INFO  scripts.synthetic_model_comparison.training.training_pipeline | epoch 5/200 — train start (lr=0.00999928, batches=15)
2026-08-04 03:12:46 INFO  scripts.synthetic_model_comparison.training.training_pipeline | epoch 5/200 — train done in 12.9s | avg loss_box=4.1629 loss_cls=25.9083 loss_dfl=0.1417 loss_total=1037.3433
2026-08-04 03:12:46 INFO  scripts.synthetic_model_comparison.training.evaluation | evaluating on 4 batches
2026-08-04 03:12:50 INFO  scripts.synthetic_model_comparison.training.training_pipeline | epoch 5/200 — val mAP50=0.0000 mAP50_95=0.0000 (selection mAP50_95=0.0000)
2026-08-04 03:12:51 INFO  scripts.synthetic_model_comparison.training.evaluation | mlflow: logged val/mAP50=0.0000 val/mAP50_95=0.0000 (step=4)
2026-08-04 03:12:52 INFO  scripts.synthetic_model_comparison.training.evaluation | mlflow: logged val per-class AP table (12 classes)
2026-08-04 03:12:52 INFO  scripts.synthetic_model_comparison.training.training_pipeline | saved checkpoint: /home/debian/Master-Thesis/scripts/synthetic_model_comparison/training/model_exports/yolo26n-sd35-large-turbo-maxlen-seed42-20260804-031104/last.pt
2026-08-04 03:12:52 INFO  scripts.synthetic_model_comparison.training.training_pipeline | epoch 5/200 done — next lr=0.00999729, epochs_since_improve=2/20
2026-08-04 03:12:52 INFO  scripts.synthetic_model_comparison.training.training_pipeline | epoch 6/200 — train start (lr=0.00999729, batches=15)
2026-08-04 03:13:04 INFO  scripts.synthetic_model_comparison.training.training_pipeline | epoch 6/200 — train done in 12.0s | avg loss_box=3.1616 loss_cls=13.3229 loss_dfl=0.1073 loss_total=684.8701
2026-08-04 03:13:04 INFO  scripts.synthetic_model_comparison.training.evaluation | evaluating on 4 batches
2026-08-04 03:13:09 INFO  scripts.synthetic_model_comparison.training.training_pipeline | epoch 6/200 — val mAP50=0.0000 mAP50_95=0.0000 (selection mAP50_95=0.0000)
2026-08-04 03:13:10 INFO  scripts.synthetic_model_comparison.training.evaluation | mlflow: logged val/mAP50=0.0000 val/mAP50_95=0.0000 (step=5)
2026-08-04 03:13:10 INFO  scripts.synthetic_model_comparison.training.evaluation | mlflow: logged val per-class AP table (12 classes)
2026-08-04 03:13:10 INFO  scripts.synthetic_model_comparison.training.training_pipeline | saved checkpoint: /home/debian/Master-Thesis/scripts/synthetic_model_comparison/training/model_exports/yolo26n-sd35-large-turbo-maxlen-seed42-20260804-031104/last.pt
2026-08-04 03:13:11 INFO  scripts.synthetic_model_comparison.training.training_pipeline | epoch 6/200 done — next lr=0.00999403, epochs_since_improve=3/20
2026-08-04 03:13:11 INFO  scripts.synthetic_model_comparison.training.training_pipeline | epoch 7/200 — train start (lr=0.00999403, batches=15)
2026-08-04 03:13:22 INFO  scripts.synthetic_model_comparison.training.training_pipeline | step 100 | loss_box=2.4684 loss_cls=8.5101 loss_dfl=0.0814 loss_total=529.0057 lr=0.00999083
2026-08-04 03:13:25 INFO  scripts.synthetic_model_comparison.training.training_pipeline | epoch 7/200 — train done in 14.5s | avg loss_box=2.4438 loss_cls=8.7902 loss_dfl=0.0832 loss_total=540.4668
2026-08-04 03:13:25 INFO  scripts.synthetic_model_comparison.training.evaluation | evaluating on 4 batches
2026-08-04 03:13:31 INFO  scripts.synthetic_model_comparison.training.training_pipeline | epoch 7/200 — val mAP50=0.0107 mAP50_95=0.0045 (selection mAP50_95=0.0045)
2026-08-04 03:13:31 INFO  scripts.synthetic_model_comparison.training.evaluation | mlflow: logged val/mAP50=0.0107 val/mAP50_95=0.0045 (step=6)
2026-08-04 03:13:32 INFO  scripts.synthetic_model_comparison.training.evaluation | mlflow: logged val per-class AP table (12 classes)
2026-08-04 03:13:32 INFO  scripts.synthetic_model_comparison.training.training_pipeline | saved checkpoint: /home/debian/Master-Thesis/scripts/synthetic_model_comparison/training/model_exports/yolo26n-sd35-large-turbo-maxlen-seed42-20260804-031104/best.pt
2026-08-04 03:13:32 INFO  scripts.synthetic_model_comparison.training.training_pipeline | new best mAP50_95=0.0045 at epoch 7
2026-08-04 03:13:32 INFO  scripts.synthetic_model_comparison.training.training_pipeline | saved checkpoint: /home/debian/Master-Thesis/scripts/synthetic_model_comparison/training/model_exports/yolo26n-sd35-large-turbo-maxlen-seed42-20260804-031104/last.pt
2026-08-04 03:13:32 INFO  scripts.synthetic_model_comparison.training.training_pipeline | epoch 7/200 done — next lr=0.0099895, epochs_since_improve=0/20
2026-08-04 03:13:32 INFO  scripts.synthetic_model_comparison.training.training_pipeline | epoch 8/200 — train start (lr=0.0099895, batches=15)
2026-08-04 03:13:45 INFO  scripts.synthetic_model_comparison.training.training_pipeline | epoch 8/200 — train done in 12.2s | avg loss_box=2.2014 loss_cls=7.2442 loss_dfl=0.0731 loss_total=469.8897
2026-08-04 03:13:45 INFO  scripts.synthetic_model_comparison.training.evaluation | evaluating on 4 batches
2026-08-04 03:13:50 INFO  scripts.synthetic_model_comparison.training.training_pipeline | epoch 8/200 — val mAP50=0.0197 mAP50_95=0.0029 (selection mAP50_95=0.0029)
2026-08-04 03:13:51 INFO  scripts.synthetic_model_comparison.training.evaluation | mlflow: logged val/mAP50=0.0197 val/mAP50_95=0.0029 (step=7)
2026-08-04 03:13:51 INFO  scripts.synthetic_model_comparison.training.evaluation | mlflow: logged val per-class AP table (12 classes)
2026-08-04 03:13:51 INFO  scripts.synthetic_model_comparison.training.training_pipeline | saved checkpoint: /home/debian/Master-Thesis/scripts/synthetic_model_comparison/training/model_exports/yolo26n-sd35-large-turbo-maxlen-seed42-20260804-031104/last.pt
2026-08-04 03:13:51 INFO  scripts.synthetic_model_comparison.training.training_pipeline | epoch 8/200 done — next lr=0.0099837, epochs_since_improve=1/20
2026-08-04 03:13:51 INFO  scripts.synthetic_model_comparison.training.training_pipeline | epoch 9/200 — train start (lr=0.0099837, batches=15)
2026-08-04 03:14:03 INFO  scripts.synthetic_model_comparison.training.training_pipeline | epoch 9/200 — train done in 11.6s | avg loss_box=1.9994 loss_cls=6.0489 loss_dfl=0.0657 loss_total=414.8909
2026-08-04 03:14:03 INFO  scripts.synthetic_model_comparison.training.evaluation | evaluating on 4 batches
2026-08-04 03:14:10 INFO  scripts.synthetic_model_comparison.training.training_pipeline | epoch 9/200 — val mAP50=0.0267 mAP50_95=0.0051 (selection mAP50_95=0.0051)
2026-08-04 03:14:10 INFO  scripts.synthetic_model_comparison.training.evaluation | mlflow: logged val/mAP50=0.0267 val/mAP50_95=0.0051 (step=8)
2026-08-04 03:14:11 INFO  scripts.synthetic_model_comparison.training.evaluation | mlflow: logged val per-class AP table (12 classes)
2026-08-04 03:14:11 INFO  scripts.synthetic_model_comparison.training.training_pipeline | saved checkpoint: /home/debian/Master-Thesis/scripts/synthetic_model_comparison/training/model_exports/yolo26n-sd35-large-turbo-maxlen-seed42-20260804-031104/last.pt
2026-08-04 03:14:11 INFO  scripts.synthetic_model_comparison.training.training_pipeline | epoch 9/200 done — next lr=0.00997664, epochs_since_improve=2/20
2026-08-04 03:14:11 INFO  scripts.synthetic_model_comparison.training.training_pipeline | epoch 10/200 — train start (lr=0.00997664, batches=15)
2026-08-04 03:14:24 INFO  scripts.synthetic_model_comparison.training.training_pipeline | epoch 10/200 — train done in 12.6s | avg loss_box=1.9072 loss_cls=5.2649 loss_dfl=0.0631 loss_total=381.2193
2026-08-04 03:14:24 INFO  scripts.synthetic_model_comparison.training.evaluation | evaluating on 4 batches
2026-08-04 03:14:31 INFO  scripts.synthetic_model_comparison.training.training_pipeline | epoch 10/200 — val mAP50=0.0738 mAP50_95=0.0160 (selection mAP50_95=0.0160)
2026-08-04 03:14:32 INFO  scripts.synthetic_model_comparison.training.evaluation | mlflow: logged val/mAP50=0.0738 val/mAP50_95=0.0160 (step=9)
2026-08-04 03:14:32 INFO  scripts.synthetic_model_comparison.training.evaluation | mlflow: logged val per-class AP table (12 classes)
2026-08-04 03:14:32 INFO  scripts.synthetic_model_comparison.training.training_pipeline | saved checkpoint: /home/debian/Master-Thesis/scripts/synthetic_model_comparison/training/model_exports/yolo26n-sd35-large-turbo-maxlen-seed42-20260804-031104/best.pt
2026-08-04 03:14:32 INFO  scripts.synthetic_model_comparison.training.training_pipeline | new best mAP50_95=0.0160 at epoch 10
2026-08-04 03:14:33 INFO  scripts.synthetic_model_comparison.training.training_pipeline | saved checkpoint: /home/debian/Master-Thesis/scripts/synthetic_model_comparison/training/model_exports/yolo26n-sd35-large-turbo-maxlen-seed42-20260804-031104/last.pt
2026-08-04 03:14:33 INFO  scripts.synthetic_model_comparison.training.training_pipeline | epoch 10/200 done — next lr=0.00996832, epochs_since_improve=0/20
2026-08-04 03:14:33 INFO  scripts.synthetic_model_comparison.training.training_pipeline | epoch 11/200 — train start (lr=0.00996832, batches=15)
2026-08-04 03:14:39 INFO  scripts.synthetic_model_comparison.training.training_pipeline | step 150 | loss_box=1.7168 loss_cls=4.8298 loss_dfl=0.0559 loss_total=345.1027 lr=0.00996772
2026-08-04 03:14:47 INFO  scripts.synthetic_model_comparison.training.training_pipeline | epoch 11/200 — train done in 14.1s | avg loss_box=1.8261 loss_cls=4.6539 loss_dfl=0.0599 loss_total=349.7761
2026-08-04 03:14:47 INFO  scripts.synthetic_model_comparison.training.evaluation | evaluating on 4 batches
2026-08-04 03:14:53 INFO  scripts.synthetic_model_comparison.training.training_pipeline | epoch 11/200 — val mAP50=0.0851 mAP50_95=0.0220 (selection mAP50_95=0.0220)
2026-08-04 03:14:53 INFO  scripts.synthetic_model_comparison.training.evaluation | mlflow: logged val/mAP50=0.0851 val/mAP50_95=0.0220 (step=10)
2026-08-04 03:14:54 INFO  scripts.synthetic_model_comparison.training.evaluation | mlflow: logged val per-class AP table (12 classes)
2026-08-04 03:14:54 INFO  scripts.synthetic_model_comparison.training.training_pipeline | saved checkpoint: /home/debian/Master-Thesis/scripts/synthetic_model_comparison/training/model_exports/yolo26n-sd35-large-turbo-maxlen-seed42-20260804-031104/best.pt
2026-08-04 03:14:54 INFO  scripts.synthetic_model_comparison.training.training_pipeline | new best mAP50_95=0.0220 at epoch 11
2026-08-04 03:14:54 INFO  scripts.synthetic_model_comparison.training.training_pipeline | saved checkpoint: /home/debian/Master-Thesis/scripts/synthetic_model_comparison/training/model_exports/yolo26n-sd35-large-turbo-maxlen-seed42-20260804-031104/last.pt
2026-08-04 03:14:54 INFO  scripts.synthetic_model_comparison.training.training_pipeline | epoch 11/200 done — next lr=0.00995873, epochs_since_improve=0/20
2026-08-04 03:14:54 INFO  scripts.synthetic_model_comparison.training.training_pipeline | epoch 12/200 — train start (lr=0.00995873, batches=15)
2026-08-04 03:15:07 INFO  scripts.synthetic_model_comparison.training.training_pipeline | epoch 12/200 — train done in 12.8s | avg loss_box=1.8086 loss_cls=4.1885 loss_dfl=0.0593 loss_total=329.3199
2026-08-04 03:15:07 INFO  scripts.synthetic_model_comparison.training.evaluation | evaluating on 4 batches
2026-08-04 03:15:14 INFO  scripts.synthetic_model_comparison.training.training_pipeline | epoch 12/200 — val mAP50=0.1559 mAP50_95=0.0469 (selection mAP50_95=0.0469)
2026-08-04 03:15:15 INFO  scripts.synthetic_model_comparison.training.evaluation | mlflow: logged val/mAP50=0.1559 val/mAP50_95=0.0469 (step=11)
2026-08-04 03:15:16 INFO  scripts.synthetic_model_comparison.training.evaluation | mlflow: logged val per-class AP table (12 classes)
2026-08-04 03:15:16 INFO  scripts.synthetic_model_comparison.training.training_pipeline | saved checkpoint: /home/debian/Master-Thesis/scripts/synthetic_model_comparison/training/model_exports/yolo26n-sd35-large-turbo-maxlen-seed42-20260804-031104/best.pt
2026-08-04 03:15:16 INFO  scripts.synthetic_model_comparison.training.training_pipeline | new best mAP50_95=0.0469 at epoch 12
2026-08-04 03:15:16 INFO  scripts.synthetic_model_comparison.training.training_pipeline | saved checkpoint: /home/debian/Master-Thesis/scripts/synthetic_model_comparison/training/model_exports/yolo26n-sd35-large-turbo-maxlen-seed42-20260804-031104/last.pt
2026-08-04 03:15:16 INFO  scripts.synthetic_model_comparison.training.training_pipeline | epoch 12/200 done — next lr=0.00994788, epochs_since_improve=0/20
2026-08-04 03:15:16 INFO  scripts.synthetic_model_comparison.training.training_pipeline | epoch 13/200 — train start (lr=0.00994788, batches=15)
2026-08-04 03:15:29 INFO  scripts.synthetic_model_comparison.training.training_pipeline | epoch 13/200 — train done in 12.9s | avg loss_box=1.7894 loss_cls=3.7570 loss_dfl=0.0577 loss_total=310.1026
2026-08-04 03:15:29 INFO  scripts.synthetic_model_comparison.training.evaluation | evaluating on 4 batches
2026-08-04 03:15:37 INFO  scripts.synthetic_model_comparison.training.training_pipeline | epoch 13/200 — val mAP50=0.1723 mAP50_95=0.0492 (selection mAP50_95=0.0492)
2026-08-04 03:15:37 INFO  scripts.synthetic_model_comparison.training.evaluation | mlflow: logged val/mAP50=0.1723 val/mAP50_95=0.0492 (step=12)
2026-08-04 03:15:38 INFO  scripts.synthetic_model_comparison.training.evaluation | mlflow: logged val per-class AP table (12 classes)
2026-08-04 03:15:38 INFO  scripts.synthetic_model_comparison.training.training_pipeline | saved checkpoint: /home/debian/Master-Thesis/scripts/synthetic_model_comparison/training/model_exports/yolo26n-sd35-large-turbo-maxlen-seed42-20260804-031104/best.pt
2026-08-04 03:15:38 INFO  scripts.synthetic_model_comparison.training.training_pipeline | new best mAP50_95=0.0492 at epoch 13
2026-08-04 03:15:38 INFO  scripts.synthetic_model_comparison.training.training_pipeline | saved checkpoint: /home/debian/Master-Thesis/scripts/synthetic_model_comparison/training/model_exports/yolo26n-sd35-large-turbo-maxlen-seed42-20260804-031104/last.pt
2026-08-04 03:15:39 INFO  scripts.synthetic_model_comparison.training.training_pipeline | epoch 13/200 done — next lr=0.00993577, epochs_since_improve=0/20
2026-08-04 03:15:39 INFO  scripts.synthetic_model_comparison.training.training_pipeline | epoch 14/200 — train start (lr=0.00993577, batches=15)
2026-08-04 03:15:47 INFO  scripts.synthetic_model_comparison.training.training_pipeline | step 200 | loss_box=1.9248 loss_cls=3.6017 loss_dfl=0.0608 loss_total=308.0971 lr=0.00993058
2026-08-04 03:15:53 INFO  scripts.synthetic_model_comparison.training.training_pipeline | epoch 14/200 — train done in 14.2s | avg loss_box=1.7813 loss_cls=3.4559 loss_dfl=0.0570 loss_total=294.1966
2026-08-04 03:15:53 INFO  scripts.synthetic_model_comparison.training.evaluation | evaluating on 4 batches
2026-08-04 03:15:58 INFO  scripts.synthetic_model_comparison.training.training_pipeline | epoch 14/200 — val mAP50=0.1120 mAP50_95=0.0389 (selection mAP50_95=0.0389)
2026-08-04 03:15:59 INFO  scripts.synthetic_model_comparison.training.evaluation | mlflow: logged val/mAP50=0.1120 val/mAP50_95=0.0389 (step=13)
2026-08-04 03:15:59 INFO  scripts.synthetic_model_comparison.training.evaluation | mlflow: logged val per-class AP table (12 classes)
2026-08-04 03:15:59 INFO  scripts.synthetic_model_comparison.training.training_pipeline | saved checkpoint: /home/debian/Master-Thesis/scripts/synthetic_model_comparison/training/model_exports/yolo26n-sd35-large-turbo-maxlen-seed42-20260804-031104/last.pt
2026-08-04 03:16:00 INFO  scripts.synthetic_model_comparison.training.training_pipeline | epoch 14/200 done — next lr=0.00992241, epochs_since_improve=1/20
2026-08-04 03:16:00 INFO  scripts.synthetic_model_comparison.training.training_pipeline | epoch 15/200 — train start (lr=0.00992241, batches=15)
2026-08-04 03:16:12 INFO  scripts.synthetic_model_comparison.training.training_pipeline | epoch 15/200 — train done in 12.3s | avg loss_box=1.7140 loss_cls=3.2175 loss_dfl=0.0555 loss_total=281.0951
2026-08-04 03:16:12 INFO  scripts.synthetic_model_comparison.training.evaluation | evaluating on 4 batches
2026-08-04 03:16:20 INFO  scripts.synthetic_model_comparison.training.training_pipeline | epoch 15/200 — val mAP50=0.2630 mAP50_95=0.1135 (selection mAP50_95=0.1135)
2026-08-04 03:16:20 INFO  scripts.synthetic_model_comparison.training.evaluation | mlflow: logged val/mAP50=0.2630 val/mAP50_95=0.1135 (step=14)
2026-08-04 03:16:21 INFO  scripts.synthetic_model_comparison.training.evaluation | mlflow: logged val per-class AP table (12 classes)
2026-08-04 03:16:21 INFO  scripts.synthetic_model_comparison.training.training_pipeline | saved checkpoint: /home/debian/Master-Thesis/scripts/synthetic_model_comparison/training/model_exports/yolo26n-sd35-large-turbo-maxlen-seed42-20260804-031104/best.pt
2026-08-04 03:16:21 INFO  scripts.synthetic_model_comparison.training.training_pipeline | new best mAP50_95=0.1135 at epoch 15
2026-08-04 03:16:21 INFO  scripts.synthetic_model_comparison.training.training_pipeline | saved checkpoint: /home/debian/Master-Thesis/scripts/synthetic_model_comparison/training/model_exports/yolo26n-sd35-large-turbo-maxlen-seed42-20260804-031104/last.pt
2026-08-04 03:16:22 INFO  scripts.synthetic_model_comparison.training.training_pipeline | epoch 15/200 done — next lr=0.00990781, epochs_since_improve=0/20
2026-08-04 03:16:22 INFO  scripts.synthetic_model_comparison.training.training_pipeline | epoch 16/200 — train start (lr=0.00990781, batches=15)
2026-08-04 03:16:33 INFO  scripts.synthetic_model_comparison.training.training_pipeline | epoch 16/200 — train done in 11.7s | avg loss_box=1.7351 loss_cls=3.0363 loss_dfl=0.0561 loss_total=274.1916
2026-08-04 03:16:33 INFO  scripts.synthetic_model_comparison.training.evaluation | evaluating on 4 batches
2026-08-04 03:16:39 INFO  scripts.synthetic_model_comparison.training.training_pipeline | epoch 16/200 — val mAP50=0.3325 mAP50_95=0.1645 (selection mAP50_95=0.1645)
2026-08-04 03:16:39 INFO  scripts.synthetic_model_comparison.training.evaluation | mlflow: logged val/mAP50=0.3325 val/mAP50_95=0.1645 (step=15)
2026-08-04 03:16:40 INFO  scripts.synthetic_model_comparison.training.evaluation | mlflow: logged val per-class AP table (12 classes)
2026-08-04 03:16:40 INFO  scripts.synthetic_model_comparison.training.training_pipeline | saved checkpoint: /home/debian/Master-Thesis/scripts/synthetic_model_comparison/training/model_exports/yolo26n-sd35-large-turbo-maxlen-seed42-20260804-031104/best.pt
2026-08-04 03:16:40 INFO  scripts.synthetic_model_comparison.training.training_pipeline | new best mAP50_95=0.1645 at epoch 16
2026-08-04 03:16:40 INFO  scripts.synthetic_model_comparison.training.training_pipeline | saved checkpoint: /home/debian/Master-Thesis/scripts/synthetic_model_comparison/training/model_exports/yolo26n-sd35-large-turbo-maxlen-seed42-20260804-031104/last.pt
2026-08-04 03:16:40 INFO  scripts.synthetic_model_comparison.training.training_pipeline | epoch 16/200 done — next lr=0.00989195, epochs_since_improve=0/20
2026-08-04 03:16:40 INFO  scripts.synthetic_model_comparison.training.training_pipeline | epoch 17/200 — train start (lr=0.00989195, batches=15)
2026-08-04 03:16:51 INFO  scripts.synthetic_model_comparison.training.training_pipeline | step 250 | loss_box=1.8382 loss_cls=2.9203 loss_dfl=0.0573 loss_total=277.2005 lr=0.00987953
2026-08-04 03:16:54 INFO  scripts.synthetic_model_comparison.training.training_pipeline | epoch 17/200 — train done in 13.6s | avg loss_box=1.7421 loss_cls=2.8716 loss_dfl=0.0558 loss_total=267.3308
2026-08-04 03:16:54 INFO  scripts.synthetic_model_comparison.training.evaluation | evaluating on 4 batches
2026-08-04 03:17:01 INFO  scripts.synthetic_model_comparison.training.training_pipeline | epoch 17/200 — val mAP50=0.2204 mAP50_95=0.0721 (selection mAP50_95=0.0721)
2026-08-04 03:17:02 INFO  scripts.synthetic_model_comparison.training.evaluation | mlflow: logged val/mAP50=0.2204 val/mAP50_95=0.0721 (step=16)
2026-08-04 03:17:02 INFO  scripts.synthetic_model_comparison.training.evaluation | mlflow: logged val per-class AP table (12 classes)
2026-08-04 03:17:02 INFO  scripts.synthetic_model_comparison.training.training_pipeline | saved checkpoint: /home/debian/Master-Thesis/scripts/synthetic_model_comparison/training/model_exports/yolo26n-sd35-large-turbo-maxlen-seed42-20260804-031104/last.pt
2026-08-04 03:17:03 INFO  scripts.synthetic_model_comparison.training.training_pipeline | epoch 17/200 done — next lr=0.00987485, epochs_since_improve=1/20
2026-08-04 03:17:03 INFO  scripts.synthetic_model_comparison.training.training_pipeline | epoch 18/200 — train start (lr=0.00987485, batches=15)
2026-08-04 03:17:16 INFO  scripts.synthetic_model_comparison.training.training_pipeline | epoch 18/200 — train done in 13.1s | avg loss_box=1.6466 loss_cls=2.7422 loss_dfl=0.0525 loss_total=256.2515
2026-08-04 03:17:16 INFO  scripts.synthetic_model_comparison.training.evaluation | evaluating on 4 batches
2026-08-04 03:17:23 INFO  scripts.synthetic_model_comparison.training.training_pipeline | epoch 18/200 — val mAP50=0.1363 mAP50_95=0.0302 (selection mAP50_95=0.0302)
2026-08-04 03:17:24 INFO  scripts.synthetic_model_comparison.training.evaluation | mlflow: logged val/mAP50=0.1363 val/mAP50_95=0.0302 (step=17)
2026-08-04 03:17:25 INFO  scripts.synthetic_model_comparison.training.evaluation | mlflow: logged val per-class AP table (12 classes)
2026-08-04 03:17:25 INFO  scripts.synthetic_model_comparison.training.training_pipeline | saved checkpoint: /home/debian/Master-Thesis/scripts/synthetic_model_comparison/training/model_exports/yolo26n-sd35-large-turbo-maxlen-seed42-20260804-031104/last.pt
2026-08-04 03:17:25 INFO  scripts.synthetic_model_comparison.training.training_pipeline | epoch 18/200 done — next lr=0.00985651, epochs_since_improve=2/20
2026-08-04 03:17:25 INFO  scripts.synthetic_model_comparison.training.training_pipeline | epoch 19/200 — train start (lr=0.00985651, batches=15)
2026-08-04 03:17:38 INFO  scripts.synthetic_model_comparison.training.training_pipeline | epoch 19/200 — train done in 12.4s | avg loss_box=1.6421 loss_cls=2.5757 loss_dfl=0.0518 loss_total=247.1905
2026-08-04 03:17:38 INFO  scripts.synthetic_model_comparison.training.evaluation | evaluating on 4 batches
2026-08-04 03:17:43 INFO  scripts.synthetic_model_comparison.training.training_pipeline | epoch 19/200 — val mAP50=0.1065 mAP50_95=0.0234 (selection mAP50_95=0.0234)
2026-08-04 03:17:44 INFO  scripts.synthetic_model_comparison.training.evaluation | mlflow: logged val/mAP50=0.1065 val/mAP50_95=0.0234 (step=18)
2026-08-04 03:17:44 INFO  scripts.synthetic_model_comparison.training.evaluation | mlflow: logged val per-class AP table (12 classes)
2026-08-04 03:17:44 INFO  scripts.synthetic_model_comparison.training.training_pipeline | saved checkpoint: /home/debian/Master-Thesis/scripts/synthetic_model_comparison/training/model_exports/yolo26n-sd35-large-turbo-maxlen-seed42-20260804-031104/last.pt
2026-08-04 03:17:44 INFO  scripts.synthetic_model_comparison.training.training_pipeline | epoch 19/200 done — next lr=0.00983694, epochs_since_improve=3/20
2026-08-04 03:17:44 INFO  scripts.synthetic_model_comparison.training.training_pipeline | epoch 20/200 — train start (lr=0.00983694, batches=15)
2026-08-04 03:17:57 INFO  scripts.synthetic_model_comparison.training.training_pipeline | epoch 20/200 — train done in 12.2s | avg loss_box=1.6571 loss_cls=2.4912 loss_dfl=0.0524 loss_total=240.8874
2026-08-04 03:17:57 INFO  scripts.synthetic_model_comparison.training.evaluation | evaluating on 4 batches
2026-08-04 03:18:02 INFO  scripts.synthetic_model_comparison.training.training_pipeline | epoch 20/200 — val mAP50=0.1843 mAP50_95=0.0430 (selection mAP50_95=0.0430)
2026-08-04 03:18:03 INFO  scripts.synthetic_model_comparison.training.evaluation | mlflow: logged val/mAP50=0.1843 val/mAP50_95=0.0430 (step=19)
2026-08-04 03:18:03 INFO  scripts.synthetic_model_comparison.training.evaluation | mlflow: logged val per-class AP table (12 classes)
2026-08-04 03:18:03 INFO  scripts.synthetic_model_comparison.training.training_pipeline | saved checkpoint: /home/debian/Master-Thesis/scripts/synthetic_model_comparison/training/model_exports/yolo26n-sd35-large-turbo-maxlen-seed42-20260804-031104/last.pt
2026-08-04 03:18:04 INFO  scripts.synthetic_model_comparison.training.training_pipeline | epoch 20/200 done — next lr=0.00981614, epochs_since_improve=4/20
2026-08-04 03:18:04 INFO  scripts.synthetic_model_comparison.training.training_pipeline | epoch 21/200 — train start (lr=0.00981614, batches=15)
2026-08-04 03:18:10 INFO  scripts.synthetic_model_comparison.training.training_pipeline | step 300 | loss_box=1.7037 loss_cls=2.4450 loss_dfl=0.0531 loss_total=246.7697 lr=0.00981471
2026-08-04 03:18:18 INFO  scripts.synthetic_model_comparison.training.training_pipeline | epoch 21/200 — train done in 14.1s | avg loss_box=1.6231 loss_cls=2.3607 loss_dfl=0.0511 loss_total=235.1535
2026-08-04 03:18:18 INFO  scripts.synthetic_model_comparison.training.evaluation | evaluating on 4 batches
2026-08-04 03:18:25 INFO  scripts.synthetic_model_comparison.training.training_pipeline | epoch 21/200 — val mAP50=0.3737 mAP50_95=0.1829 (selection mAP50_95=0.1829)
2026-08-04 03:18:26 INFO  scripts.synthetic_model_comparison.training.evaluation | mlflow: logged val/mAP50=0.3737 val/mAP50_95=0.1829 (step=20)
2026-08-04 03:18:26 INFO  scripts.synthetic_model_comparison.training.evaluation | mlflow: logged val per-class AP table (12 classes)
2026-08-04 03:18:27 INFO  scripts.synthetic_model_comparison.training.training_pipeline | saved checkpoint: /home/debian/Master-Thesis/scripts/synthetic_model_comparison/training/model_exports/yolo26n-sd35-large-turbo-maxlen-seed42-20260804-031104/best.pt
2026-08-04 03:18:27 INFO  scripts.synthetic_model_comparison.training.training_pipeline | new best mAP50_95=0.1829 at epoch 21
2026-08-04 03:18:27 INFO  scripts.synthetic_model_comparison.training.training_pipeline | saved checkpoint: /home/debian/Master-Thesis/scripts/synthetic_model_comparison/training/model_exports/yolo26n-sd35-large-turbo-maxlen-seed42-20260804-031104/last.pt
2026-08-04 03:18:27 INFO  scripts.synthetic_model_comparison.training.training_pipeline | epoch 21/200 done — next lr=0.00979412, epochs_since_improve=0/20
2026-08-04 03:18:27 INFO  scripts.synthetic_model_comparison.training.training_pipeline | epoch 22/200 — train start (lr=0.00979412, batches=15)
2026-08-04 03:18:40 INFO  scripts.synthetic_model_comparison.training.training_pipeline | epoch 22/200 — train done in 12.4s | avg loss_box=1.6392 loss_cls=2.3330 loss_dfl=0.0527 loss_total=234.7164
2026-08-04 03:18:40 INFO  scripts.synthetic_model_comparison.training.evaluation | evaluating on 4 batches
2026-08-04 03:18:46 INFO  scripts.synthetic_model_comparison.training.training_pipeline | epoch 22/200 — val mAP50=0.3501 mAP50_95=0.1217 (selection mAP50_95=0.1217)
2026-08-04 03:18:46 INFO  scripts.synthetic_model_comparison.training.evaluation | mlflow: logged val/mAP50=0.3501 val/mAP50_95=0.1217 (step=21)
2026-08-04 03:18:47 INFO  scripts.synthetic_model_comparison.training.evaluation | mlflow: logged val per-class AP table (12 classes)
2026-08-04 03:18:47 INFO  scripts.synthetic_model_comparison.training.training_pipeline | saved checkpoint: /home/debian/Master-Thesis/scripts/synthetic_model_comparison/training/model_exports/yolo26n-sd35-large-turbo-maxlen-seed42-20260804-031104/last.pt
2026-08-04 03:18:47 INFO  scripts.synthetic_model_comparison.training.training_pipeline | epoch 22/200 done — next lr=0.00977087, epochs_since_improve=1/20
2026-08-04 03:18:47 INFO  scripts.synthetic_model_comparison.training.training_pipeline | epoch 23/200 — train start (lr=0.00977087, batches=15)
2026-08-04 03:19:00 INFO  scripts.synthetic_model_comparison.training.training_pipeline | epoch 23/200 — train done in 12.6s | avg loss_box=1.5948 loss_cls=2.1801 loss_dfl=0.0504 loss_total=222.3250
2026-08-04 03:19:00 INFO  scripts.synthetic_model_comparison.training.evaluation | evaluating on 4 batches
2026-08-04 03:19:07 INFO  scripts.synthetic_model_comparison.training.training_pipeline | epoch 23/200 — val mAP50=0.2377 mAP50_95=0.0709 (selection mAP50_95=0.0709)
2026-08-04 03:19:08 INFO  scripts.synthetic_model_comparison.training.evaluation | mlflow: logged val/mAP50=0.2377 val/mAP50_95=0.0709 (step=22)
2026-08-04 03:19:08 INFO  scripts.synthetic_model_comparison.training.evaluation | mlflow: logged val per-class AP table (12 classes)
2026-08-04 03:19:09 INFO  scripts.synthetic_model_comparison.training.training_pipeline | saved checkpoint: /home/debian/Master-Thesis/scripts/synthetic_model_comparison/training/model_exports/yolo26n-sd35-large-turbo-maxlen-seed42-20260804-031104/last.pt
2026-08-04 03:19:09 INFO  scripts.synthetic_model_comparison.training.training_pipeline | epoch 23/200 done — next lr=0.00974642, epochs_since_improve=2/20
2026-08-04 03:19:09 INFO  scripts.synthetic_model_comparison.training.training_pipeline | epoch 24/200 — train start (lr=0.00974642, batches=15)
2026-08-04 03:19:18 INFO  scripts.synthetic_model_comparison.training.training_pipeline | step 350 | loss_box=1.6075 loss_cls=2.1495 loss_dfl=0.0503 loss_total=226.2133 lr=0.0097363
2026-08-04 03:19:23 INFO  scripts.synthetic_model_comparison.training.training_pipeline | epoch 24/200 — train done in 14.5s | avg loss_box=1.5999 loss_cls=2.1377 loss_dfl=0.0504 loss_total=220.7120
2026-08-04 03:19:23 INFO  scripts.synthetic_model_comparison.training.evaluation | evaluating on 4 batches
2026-08-04 03:19:29 INFO  scripts.synthetic_model_comparison.training.training_pipeline | epoch 24/200 — val mAP50=0.4075 mAP50_95=0.1577 (selection mAP50_95=0.1577)
2026-08-04 03:19:30 INFO  scripts.synthetic_model_comparison.training.evaluation | mlflow: logged val/mAP50=0.4075 val/mAP50_95=0.1577 (step=23)
2026-08-04 03:19:30 INFO  scripts.synthetic_model_comparison.training.evaluation | mlflow: logged val per-class AP table (12 classes)
2026-08-04 03:19:30 INFO  scripts.synthetic_model_comparison.training.training_pipeline | saved checkpoint: /home/debian/Master-Thesis/scripts/synthetic_model_comparison/training/model_exports/yolo26n-sd35-large-turbo-maxlen-seed42-20260804-031104/last.pt
2026-08-04 03:19:31 INFO  scripts.synthetic_model_comparison.training.training_pipeline | epoch 24/200 done — next lr=0.00972076, epochs_since_improve=3/20
2026-08-04 03:19:31 INFO  scripts.synthetic_model_comparison.training.training_pipeline | epoch 25/200 — train start (lr=0.00972076, batches=15)
2026-08-04 03:19:43 INFO  scripts.synthetic_model_comparison.training.training_pipeline | epoch 25/200 — train done in 12.1s | avg loss_box=1.5902 loss_cls=2.0205 loss_dfl=0.0504 loss_total=213.7134
2026-08-04 03:19:43 INFO  scripts.synthetic_model_comparison.training.evaluation | evaluating on 4 batches
2026-08-04 03:19:49 INFO  scripts.synthetic_model_comparison.training.training_pipeline | epoch 25/200 — val mAP50=0.4970 mAP50_95=0.2456 (selection mAP50_95=0.2456)
2026-08-04 03:19:49 INFO  scripts.synthetic_model_comparison.training.evaluation | mlflow: logged val/mAP50=0.4970 val/mAP50_95=0.2456 (step=24)
2026-08-04 03:19:50 INFO  scripts.synthetic_model_comparison.training.evaluation | mlflow: logged val per-class AP table (12 classes)
2026-08-04 03:19:50 INFO  scripts.synthetic_model_comparison.training.training_pipeline | saved checkpoint: /home/debian/Master-Thesis/scripts/synthetic_model_comparison/training/model_exports/yolo26n-sd35-large-turbo-maxlen-seed42-20260804-031104/best.pt
2026-08-04 03:19:50 INFO  scripts.synthetic_model_comparison.training.training_pipeline | new best mAP50_95=0.2456 at epoch 25
2026-08-04 03:19:50 INFO  scripts.synthetic_model_comparison.training.training_pipeline | saved checkpoint: /home/debian/Master-Thesis/scripts/synthetic_model_comparison/training/model_exports/yolo26n-sd35-large-turbo-maxlen-seed42-20260804-031104/last.pt
2026-08-04 03:19:50 INFO  scripts.synthetic_model_comparison.training.training_pipeline | epoch 25/200 done — next lr=0.0096939, epochs_since_improve=0/20
2026-08-04 03:19:50 INFO  scripts.synthetic_model_comparison.training.training_pipeline | epoch 26/200 — train start (lr=0.0096939, batches=15)
2026-08-04 03:20:02 INFO  scripts.synthetic_model_comparison.training.training_pipeline | epoch 26/200 — train done in 12.0s | avg loss_box=1.5283 loss_cls=1.9511 loss_dfl=0.0467 loss_total=207.8127
2026-08-04 03:20:02 INFO  scripts.synthetic_model_comparison.training.evaluation | evaluating on 4 batches
2026-08-04 03:20:09 INFO  scripts.synthetic_model_comparison.training.training_pipeline | epoch 26/200 — val mAP50=0.3963 mAP50_95=0.1295 (selection mAP50_95=0.1295)
2026-08-04 03:20:10 INFO  scripts.synthetic_model_comparison.training.evaluation | mlflow: logged val/mAP50=0.3963 val/mAP50_95=0.1295 (step=25)
2026-08-04 03:20:10 INFO  scripts.synthetic_model_comparison.training.evaluation | mlflow: logged val per-class AP table (12 classes)
2026-08-04 03:20:11 INFO  scripts.synthetic_model_comparison.training.training_pipeline | saved checkpoint: /home/debian/Master-Thesis/scripts/synthetic_model_comparison/training/model_exports/yolo26n-sd35-large-turbo-maxlen-seed42-20260804-031104/last.pt
2026-08-04 03:20:11 INFO  scripts.synthetic_model_comparison.training.training_pipeline | epoch 26/200 done — next lr=0.00966585, epochs_since_improve=1/20
2026-08-04 03:20:11 INFO  scripts.synthetic_model_comparison.training.training_pipeline | epoch 27/200 — train start (lr=0.00966585, batches=15)
2026-08-04 03:20:22 INFO  scripts.synthetic_model_comparison.training.training_pipeline | step 400 | loss_box=1.4292 loss_cls=1.6849 loss_dfl=0.0456 loss_total=189.8080 lr=0.00964453
2026-08-04 03:20:25 INFO  scripts.synthetic_model_comparison.training.training_pipeline | epoch 27/200 — train done in 14.6s | avg loss_box=1.5053 loss_cls=1.8935 loss_dfl=0.0474 loss_total=203.7555
2026-08-04 03:20:25 INFO  scripts.synthetic_model_comparison.training.evaluation | evaluating on 4 batches
2026-08-04 03:20:33 INFO  scripts.synthetic_model_comparison.training.training_pipeline | epoch 27/200 — val mAP50=0.3985 mAP50_95=0.1284 (selection mAP50_95=0.1284)
2026-08-04 03:20:34 INFO  scripts.synthetic_model_comparison.training.evaluation | mlflow: logged val/mAP50=0.3985 val/mAP50_95=0.1284 (step=26)
2026-08-04 03:20:34 INFO  scripts.synthetic_model_comparison.training.evaluation | mlflow: logged val per-class AP table (12 classes)
2026-08-04 03:20:34 INFO  scripts.synthetic_model_comparison.training.training_pipeline | saved checkpoint: /home/debian/Master-Thesis/scripts/synthetic_model_comparison/training/model_exports/yolo26n-sd35-large-turbo-maxlen-seed42-20260804-031104/last.pt
2026-08-04 03:20:35 INFO  scripts.synthetic_model_comparison.training.training_pipeline | epoch 27/200 done — next lr=0.00963661, epochs_since_improve=2/20
2026-08-04 03:20:35 INFO  scripts.synthetic_model_comparison.training.training_pipeline | epoch 28/200 — train start (lr=0.00963661, batches=15)
2026-08-04 03:20:47 INFO  scripts.synthetic_model_comparison.training.training_pipeline | epoch 28/200 — train done in 12.4s | avg loss_box=1.5488 loss_cls=1.8583 loss_dfl=0.0489 loss_total=204.0958
2026-08-04 03:20:47 INFO  scripts.synthetic_model_comparison.training.evaluation | evaluating on 4 batches
2026-08-04 03:20:53 INFO  scripts.synthetic_model_comparison.training.training_pipeline | epoch 28/200 — val mAP50=0.2928 mAP50_95=0.1034 (selection mAP50_95=0.1034)
2026-08-04 03:20:54 INFO  scripts.synthetic_model_comparison.training.evaluation | mlflow: logged val/mAP50=0.2928 val/mAP50_95=0.1034 (step=27)
2026-08-04 03:20:54 INFO  scripts.synthetic_model_comparison.training.evaluation | mlflow: logged val per-class AP table (12 classes)
2026-08-04 03:20:54 INFO  scripts.synthetic_model_comparison.training.training_pipeline | saved checkpoint: /home/debian/Master-Thesis/scripts/synthetic_model_comparison/training/model_exports/yolo26n-sd35-large-turbo-maxlen-seed42-20260804-031104/last.pt
2026-08-04 03:20:55 INFO  scripts.synthetic_model_comparison.training.training_pipeline | epoch 28/200 done — next lr=0.0096062, epochs_since_improve=3/20
2026-08-04 03:20:55 INFO  scripts.synthetic_model_comparison.training.training_pipeline | epoch 29/200 — train start (lr=0.0096062, batches=15)
2026-08-04 03:21:07 INFO  scripts.synthetic_model_comparison.training.training_pipeline | epoch 29/200 — train done in 12.1s | avg loss_box=1.4988 loss_cls=1.7891 loss_dfl=0.0484 loss_total=197.0196
2026-08-04 03:21:07 INFO  scripts.synthetic_model_comparison.training.evaluation | evaluating on 4 batches
2026-08-04 03:21:14 INFO  scripts.synthetic_model_comparison.training.training_pipeline | epoch 29/200 — val mAP50=0.4655 mAP50_95=0.2039 (selection mAP50_95=0.2039)
2026-08-04 03:21:15 INFO  scripts.synthetic_model_comparison.training.evaluation | mlflow: logged val/mAP50=0.4655 val/mAP50_95=0.2039 (step=28)
2026-08-04 03:21:15 INFO  scripts.synthetic_model_comparison.training.evaluation | mlflow: logged val per-class AP table (12 classes)
2026-08-04 03:21:15 INFO  scripts.synthetic_model_comparison.training.training_pipeline | saved checkpoint: /home/debian/Master-Thesis/scripts/synthetic_model_comparison/training/model_exports/yolo26n-sd35-large-turbo-maxlen-seed42-20260804-031104/last.pt
2026-08-04 03:21:15 INFO  scripts.synthetic_model_comparison.training.training_pipeline | epoch 29/200 done — next lr=0.00957462, epochs_since_improve=4/20
2026-08-04 03:21:15 INFO  scripts.synthetic_model_comparison.training.training_pipeline | epoch 30/200 — train start (lr=0.00957462, batches=15)
2026-08-04 03:21:28 INFO  scripts.synthetic_model_comparison.training.training_pipeline | epoch 30/200 — train done in 12.6s | avg loss_box=1.4802 loss_cls=1.7548 loss_dfl=0.0461 loss_total=193.8132
2026-08-04 03:21:28 INFO  scripts.synthetic_model_comparison.training.evaluation | evaluating on 4 batches
2026-08-04 03:21:36 INFO  scripts.synthetic_model_comparison.training.training_pipeline | epoch 30/200 — val mAP50=0.4355 mAP50_95=0.1732 (selection mAP50_95=0.1732)
2026-08-04 03:21:36 INFO  scripts.synthetic_model_comparison.training.evaluation | mlflow: logged val/mAP50=0.4355 val/mAP50_95=0.1732 (step=29)
2026-08-04 03:21:37 INFO  scripts.synthetic_model_comparison.training.evaluation | mlflow: logged val per-class AP table (12 classes)
2026-08-04 03:21:37 INFO  scripts.synthetic_model_comparison.training.training_pipeline | saved checkpoint: /home/debian/Master-Thesis/scripts/synthetic_model_comparison/training/model_exports/yolo26n-sd35-large-turbo-maxlen-seed42-20260804-031104/last.pt
2026-08-04 03:21:37 INFO  scripts.synthetic_model_comparison.training.training_pipeline | epoch 30/200 done — next lr=0.00954187, epochs_since_improve=5/20
2026-08-04 03:21:37 INFO  scripts.synthetic_model_comparison.training.training_pipeline | epoch 31/200 — train start (lr=0.00954187, batches=15)
2026-08-04 03:21:44 INFO  scripts.synthetic_model_comparison.training.training_pipeline | step 450 | loss_box=1.3837 loss_cls=1.6767 loss_dfl=0.0421 loss_total=183.3004 lr=0.00953965
2026-08-04 03:21:51 INFO  scripts.synthetic_model_comparison.training.training_pipeline | epoch 31/200 — train done in 13.7s | avg loss_box=1.4341 loss_cls=1.7303 loss_dfl=0.0443 loss_total=190.4989
2026-08-04 03:21:51 INFO  scripts.synthetic_model_comparison.training.evaluation | evaluating on 4 batches
2026-08-04 03:21:57 INFO  scripts.synthetic_model_comparison.training.training_pipeline | epoch 31/200 — val mAP50=0.5266 mAP50_95=0.2916 (selection mAP50_95=0.2916)
2026-08-04 03:21:58 INFO  scripts.synthetic_model_comparison.training.evaluation | mlflow: logged val/mAP50=0.5266 val/mAP50_95=0.2916 (step=30)
2026-08-04 03:21:58 INFO  scripts.synthetic_model_comparison.training.evaluation | mlflow: logged val per-class AP table (12 classes)
2026-08-04 03:21:58 INFO  scripts.synthetic_model_comparison.training.training_pipeline | saved checkpoint: /home/debian/Master-Thesis/scripts/synthetic_model_comparison/training/model_exports/yolo26n-sd35-large-turbo-maxlen-seed42-20260804-031104/best.pt
2026-08-04 03:21:58 INFO  scripts.synthetic_model_comparison.training.training_pipeline | new best mAP50_95=0.2916 at epoch 31
2026-08-04 03:21:58 INFO  scripts.synthetic_model_comparison.training.training_pipeline | saved checkpoint: /home/debian/Master-Thesis/scripts/synthetic_model_comparison/training/model_exports/yolo26n-sd35-large-turbo-maxlen-seed42-20260804-031104/last.pt
2026-08-04 03:21:59 INFO  scripts.synthetic_model_comparison.training.training_pipeline | epoch 31/200 done — next lr=0.00950797, epochs_since_improve=0/20
2026-08-04 03:21:59 INFO  scripts.synthetic_model_comparison.training.training_pipeline | epoch 32/200 — train start (lr=0.00950797, batches=15)
2026-08-04 03:22:10 INFO  scripts.synthetic_model_comparison.training.training_pipeline | epoch 32/200 — train done in 11.1s | avg loss_box=1.4625 loss_cls=1.6523 loss_dfl=0.0460 loss_total=189.4005
2026-08-04 03:22:10 INFO  scripts.synthetic_model_comparison.training.evaluation | evaluating on 4 batches
2026-08-04 03:22:17 INFO  scripts.synthetic_model_comparison.training.training_pipeline | epoch 32/200 — val mAP50=0.4758 mAP50_95=0.1997 (selection mAP50_95=0.1997)
2026-08-04 03:22:18 INFO  scripts.synthetic_model_comparison.training.evaluation | mlflow: logged val/mAP50=0.4758 val/mAP50_95=0.1997 (step=31)
2026-08-04 03:22:18 INFO  scripts.synthetic_model_comparison.training.evaluation | mlflow: logged val per-class AP table (12 classes)
2026-08-04 03:22:18 INFO  scripts.synthetic_model_comparison.training.training_pipeline | saved checkpoint: /home/debian/Master-Thesis/scripts/synthetic_model_comparison/training/model_exports/yolo26n-sd35-large-turbo-maxlen-seed42-20260804-031104/last.pt
2026-08-04 03:22:19 INFO  scripts.synthetic_model_comparison.training.training_pipeline | epoch 32/200 done — next lr=0.00947292, epochs_since_improve=1/20
2026-08-04 03:22:19 INFO  scripts.synthetic_model_comparison.training.training_pipeline | epoch 33/200 — train start (lr=0.00947292, batches=15)
2026-08-04 03:22:31 INFO  scripts.synthetic_model_comparison.training.training_pipeline | epoch 33/200 — train done in 12.1s | avg loss_box=1.4295 loss_cls=1.6303 loss_dfl=0.0447 loss_total=184.0914
2026-08-04 03:22:31 INFO  scripts.synthetic_model_comparison.training.evaluation | evaluating on 4 batches
2026-08-04 03:22:37 INFO  scripts.synthetic_model_comparison.training.training_pipeline | epoch 33/200 — val mAP50=0.4813 mAP50_95=0.2424 (selection mAP50_95=0.2424)
2026-08-04 03:22:37 INFO  scripts.synthetic_model_comparison.training.evaluation | mlflow: logged val/mAP50=0.4813 val/mAP50_95=0.2424 (step=32)
2026-08-04 03:22:38 INFO  scripts.synthetic_model_comparison.training.evaluation | mlflow: logged val per-class AP table (12 classes)
2026-08-04 03:22:38 INFO  scripts.synthetic_model_comparison.training.training_pipeline | saved checkpoint: /home/debian/Master-Thesis/scripts/synthetic_model_comparison/training/model_exports/yolo26n-sd35-large-turbo-maxlen-seed42-20260804-031104/last.pt
2026-08-04 03:22:38 INFO  scripts.synthetic_model_comparison.training.training_pipeline | epoch 33/200 done — next lr=0.00943674, epochs_since_improve=2/20
2026-08-04 03:22:38 INFO  scripts.synthetic_model_comparison.training.training_pipeline | epoch 34/200 — train start (lr=0.00943674, batches=15)
2026-08-04 03:22:47 INFO  scripts.synthetic_model_comparison.training.training_pipeline | step 500 | loss_box=1.2363 loss_cls=1.4105 loss_dfl=0.0391 loss_total=163.5273 lr=0.00942195
2026-08-04 03:22:52 INFO  scripts.synthetic_model_comparison.training.training_pipeline | epoch 34/200 — train done in 14.0s | avg loss_box=1.4454 loss_cls=1.5944 loss_dfl=0.0458 loss_total=183.0695
2026-08-04 03:22:52 INFO  scripts.synthetic_model_comparison.training.evaluation | evaluating on 4 batches
2026-08-04 03:22:59 INFO  scripts.synthetic_model_comparison.training.training_pipeline | epoch 34/200 — val mAP50=0.4412 mAP50_95=0.1638 (selection mAP50_95=0.1638)
2026-08-04 03:23:00 INFO  scripts.synthetic_model_comparison.training.evaluation | mlflow: logged val/mAP50=0.4412 val/mAP50_95=0.1638 (step=33)
2026-08-04 03:23:01 INFO  scripts.synthetic_model_comparison.training.evaluation | mlflow: logged val per-class AP table (12 classes)
2026-08-04 03:23:01 INFO  scripts.synthetic_model_comparison.training.training_pipeline | saved checkpoint: /home/debian/Master-Thesis/scripts/synthetic_model_comparison/training/model_exports/yolo26n-sd35-large-turbo-maxlen-seed42-20260804-031104/last.pt
2026-08-04 03:23:01 INFO  scripts.synthetic_model_comparison.training.training_pipeline | epoch 34/200 done — next lr=0.00939943, epochs_since_improve=3/20
2026-08-04 03:23:01 INFO  scripts.synthetic_model_comparison.training.training_pipeline | epoch 35/200 — train start (lr=0.00939943, batches=15)
2026-08-04 03:23:14 INFO  scripts.synthetic_model_comparison.training.training_pipeline | epoch 35/200 — train done in 12.7s | avg loss_box=1.4189 loss_cls=1.4948 loss_dfl=0.0441 loss_total=177.0029
2026-08-04 03:23:14 INFO  scripts.synthetic_model_comparison.training.evaluation | evaluating on 4 batches
2026-08-04 03:23:22 INFO  scripts.synthetic_model_comparison.training.training_pipeline | epoch 35/200 — val mAP50=0.5993 mAP50_95=0.3593 (selection mAP50_95=0.3593)
2026-08-04 03:23:22 INFO  scripts.synthetic_model_comparison.training.evaluation | mlflow: logged val/mAP50=0.5993 val/mAP50_95=0.3593 (step=34)
2026-08-04 03:23:23 INFO  scripts.synthetic_model_comparison.training.evaluation | mlflow: logged val per-class AP table (12 classes)
2026-08-04 03:23:23 INFO  scripts.synthetic_model_comparison.training.training_pipeline | saved checkpoint: /home/debian/Master-Thesis/scripts/synthetic_model_comparison/training/model_exports/yolo26n-sd35-large-turbo-maxlen-seed42-20260804-031104/best.pt
2026-08-04 03:23:23 INFO  scripts.synthetic_model_comparison.training.training_pipeline | new best mAP50_95=0.3593 at epoch 35
2026-08-04 03:23:23 INFO  scripts.synthetic_model_comparison.training.training_pipeline | saved checkpoint: /home/debian/Master-Thesis/scripts/synthetic_model_comparison/training/model_exports/yolo26n-sd35-large-turbo-maxlen-seed42-20260804-031104/last.pt
2026-08-04 03:23:23 INFO  scripts.synthetic_model_comparison.training.training_pipeline | epoch 35/200 done — next lr=0.00936101, epochs_since_improve=0/20
2026-08-04 03:23:23 INFO  scripts.synthetic_model_comparison.training.training_pipeline | epoch 36/200 — train start (lr=0.00936101, batches=15)
2026-08-04 03:23:36 INFO  scripts.synthetic_model_comparison.training.training_pipeline | epoch 36/200 — train done in 12.8s | avg loss_box=1.4137 loss_cls=1.4990 loss_dfl=0.0432 loss_total=175.2629
2026-08-04 03:23:36 INFO  scripts.synthetic_model_comparison.training.evaluation | evaluating on 4 batches
2026-08-04 03:23:44 INFO  scripts.synthetic_model_comparison.training.training_pipeline | epoch 36/200 — val mAP50=0.4969 mAP50_95=0.1667 (selection mAP50_95=0.1667)
2026-08-04 03:23:45 INFO  scripts.synthetic_model_comparison.training.evaluation | mlflow: logged val/mAP50=0.4969 val/mAP50_95=0.1667 (step=35)
2026-08-04 03:23:45 INFO  scripts.synthetic_model_comparison.training.evaluation | mlflow: logged val per-class AP table (12 classes)
2026-08-04 03:23:45 INFO  scripts.synthetic_model_comparison.training.training_pipeline | saved checkpoint: /home/debian/Master-Thesis/scripts/synthetic_model_comparison/training/model_exports/yolo26n-sd35-large-turbo-maxlen-seed42-20260804-031104/last.pt
2026-08-04 03:23:45 INFO  scripts.synthetic_model_comparison.training.training_pipeline | epoch 36/200 done — next lr=0.00932147, epochs_since_improve=1/20
2026-08-04 03:23:45 INFO  scripts.synthetic_model_comparison.training.training_pipeline | epoch 37/200 — train start (lr=0.00932147, batches=15)
2026-08-04 03:23:57 INFO  scripts.synthetic_model_comparison.training.training_pipeline | step 550 | loss_box=1.4327 loss_cls=1.5483 loss_dfl=0.0443 loss_total=180.2549 lr=0.00929178
2026-08-04 03:24:00 INFO  scripts.synthetic_model_comparison.training.training_pipeline | epoch 37/200 — train done in 14.2s | avg loss_box=1.4162 loss_cls=1.4860 loss_dfl=0.0440 loss_total=176.6715
2026-08-04 03:24:00 INFO  scripts.synthetic_model_comparison.training.evaluation | evaluating on 4 batches
2026-08-04 03:24:07 INFO  scripts.synthetic_model_comparison.training.training_pipeline | epoch 37/200 — val mAP50=0.3939 mAP50_95=0.1833 (selection mAP50_95=0.1833)
2026-08-04 03:24:08 INFO  scripts.synthetic_model_comparison.training.evaluation | mlflow: logged val/mAP50=0.3939 val/mAP50_95=0.1833 (step=36)
2026-08-04 03:24:08 INFO  scripts.synthetic_model_comparison.training.evaluation | mlflow: logged val per-class AP table (12 classes)
2026-08-04 03:24:08 INFO  scripts.synthetic_model_comparison.training.training_pipeline | saved checkpoint: /home/debian/Master-Thesis/scripts/synthetic_model_comparison/training/model_exports/yolo26n-sd35-large-turbo-maxlen-seed42-20260804-031104/last.pt
2026-08-04 03:24:09 INFO  scripts.synthetic_model_comparison.training.training_pipeline | epoch 37/200 done — next lr=0.00928084, epochs_since_improve=2/20
2026-08-04 03:24:09 INFO  scripts.synthetic_model_comparison.training.training_pipeline | epoch 38/200 — train start (lr=0.00928084, batches=15)
2026-08-04 03:24:21 INFO  scripts.synthetic_model_comparison.training.training_pipeline | epoch 38/200 — train done in 11.7s | avg loss_box=1.3911 loss_cls=1.4592 loss_dfl=0.0439 loss_total=173.0876
2026-08-04 03:24:21 INFO  scripts.synthetic_model_comparison.training.evaluation | evaluating on 4 batches
2026-08-04 03:24:26 INFO  scripts.synthetic_model_comparison.training.training_pipeline | epoch 38/200 — val mAP50=0.5530 mAP50_95=0.2290 (selection mAP50_95=0.2290)
2026-08-04 03:24:27 INFO  scripts.synthetic_model_comparison.training.evaluation | mlflow: logged val/mAP50=0.5530 val/mAP50_95=0.2290 (step=37)
2026-08-04 03:24:28 INFO  scripts.synthetic_model_comparison.training.evaluation | mlflow: logged val per-class AP table (12 classes)
2026-08-04 03:24:28 INFO  scripts.synthetic_model_comparison.training.training_pipeline | saved checkpoint: /home/debian/Master-Thesis/scripts/synthetic_model_comparison/training/model_exports/yolo26n-sd35-large-turbo-maxlen-seed42-20260804-031104/last.pt
2026-08-04 03:24:28 INFO  scripts.synthetic_model_comparison.training.training_pipeline | epoch 38/200 done — next lr=0.00923912, epochs_since_improve=3/20
2026-08-04 03:24:28 INFO  scripts.synthetic_model_comparison.training.training_pipeline | epoch 39/200 — train start (lr=0.00923912, batches=15)
2026-08-04 03:24:40 INFO  scripts.synthetic_model_comparison.training.training_pipeline | epoch 39/200 — train done in 12.0s | avg loss_box=1.3356 loss_cls=1.4007 loss_dfl=0.0416 loss_total=166.2804
2026-08-04 03:24:40 INFO  scripts.synthetic_model_comparison.training.evaluation | evaluating on 4 batches
2026-08-04 03:24:46 INFO  scripts.synthetic_model_comparison.training.training_pipeline | epoch 39/200 — val mAP50=0.5737 mAP50_95=0.3239 (selection mAP50_95=0.3239)
2026-08-04 03:24:46 INFO  scripts.synthetic_model_comparison.training.evaluation | mlflow: logged val/mAP50=0.5737 val/mAP50_95=0.3239 (step=38)
2026-08-04 03:24:47 INFO  scripts.synthetic_model_comparison.training.evaluation | mlflow: logged val per-class AP table (12 classes)
2026-08-04 03:24:47 INFO  scripts.synthetic_model_comparison.training.training_pipeline | saved checkpoint: /home/debian/Master-Thesis/scripts/synthetic_model_comparison/training/model_exports/yolo26n-sd35-large-turbo-maxlen-seed42-20260804-031104/last.pt
2026-08-04 03:24:47 INFO  scripts.synthetic_model_comparison.training.training_pipeline | epoch 39/200 done — next lr=0.00919633, epochs_since_improve=4/20
2026-08-04 03:24:47 INFO  scripts.synthetic_model_comparison.training.training_pipeline | epoch 40/200 — train start (lr=0.00919633, batches=15)
2026-08-04 03:24:59 INFO  scripts.synthetic_model_comparison.training.training_pipeline | epoch 40/200 — train done in 12.0s | avg loss_box=1.3888 loss_cls=1.3517 loss_dfl=0.0428 loss_total=167.4217
2026-08-04 03:24:59 INFO  scripts.synthetic_model_comparison.training.evaluation | evaluating on 4 batches
2026-08-04 03:25:05 INFO  scripts.synthetic_model_comparison.training.training_pipeline | epoch 40/200 — val mAP50=0.4877 mAP50_95=0.2672 (selection mAP50_95=0.2672)
2026-08-04 03:25:06 INFO  scripts.synthetic_model_comparison.training.evaluation | mlflow: logged val/mAP50=0.4877 val/mAP50_95=0.2672 (step=39)
2026-08-04 03:25:06 INFO  scripts.synthetic_model_comparison.training.evaluation | mlflow: logged val per-class AP table (12 classes)
2026-08-04 03:25:06 INFO  scripts.synthetic_model_comparison.training.training_pipeline | saved checkpoint: /home/debian/Master-Thesis/scripts/synthetic_model_comparison/training/model_exports/yolo26n-sd35-large-turbo-maxlen-seed42-20260804-031104/last.pt
2026-08-04 03:25:07 INFO  scripts.synthetic_model_comparison.training.training_pipeline | epoch 40/200 done — next lr=0.00915247, epochs_since_improve=5/20
2026-08-04 03:25:07 INFO  scripts.synthetic_model_comparison.training.training_pipeline | epoch 41/200 — train start (lr=0.00915247, batches=15)
2026-08-04 03:25:13 INFO  scripts.synthetic_model_comparison.training.training_pipeline | step 600 | loss_box=1.3395 loss_cls=1.3828 loss_dfl=0.0401 loss_total=168.2877 lr=0.0091495
2026-08-04 03:25:20 INFO  scripts.synthetic_model_comparison.training.training_pipeline | epoch 41/200 — train done in 13.3s | avg loss_box=1.3251 loss_cls=1.3504 loss_dfl=0.0409 loss_total=163.1435
2026-08-04 03:25:20 INFO  scripts.synthetic_model_comparison.training.evaluation | evaluating on 4 batches
2026-08-04 03:25:27 INFO  scripts.synthetic_model_comparison.training.training_pipeline | epoch 41/200 — val mAP50=0.5796 mAP50_95=0.2902 (selection mAP50_95=0.2902)
2026-08-04 03:25:28 INFO  scripts.synthetic_model_comparison.training.evaluation | mlflow: logged val/mAP50=0.5796 val/mAP50_95=0.2902 (step=40)
2026-08-04 03:25:28 INFO  scripts.synthetic_model_comparison.training.evaluation | mlflow: logged val per-class AP table (12 classes)
2026-08-04 03:25:29 INFO  scripts.synthetic_model_comparison.training.training_pipeline | saved checkpoint: /home/debian/Master-Thesis/scripts/synthetic_model_comparison/training/model_exports/yolo26n-sd35-large-turbo-maxlen-seed42-20260804-031104/last.pt
2026-08-04 03:25:29 INFO  scripts.synthetic_model_comparison.training.training_pipeline | epoch 41/200 done — next lr=0.00910755, epochs_since_improve=6/20
2026-08-04 03:25:29 INFO  scripts.synthetic_model_comparison.training.training_pipeline | epoch 42/200 — train start (lr=0.00910755, batches=15)
2026-08-04 03:25:41 INFO  scripts.synthetic_model_comparison.training.training_pipeline | epoch 42/200 — train done in 12.4s | avg loss_box=1.3389 loss_cls=1.3140 loss_dfl=0.0417 loss_total=161.2164
2026-08-04 03:25:41 INFO  scripts.synthetic_model_comparison.training.evaluation | evaluating on 4 batches
2026-08-04 03:25:47 INFO  scripts.synthetic_model_comparison.training.training_pipeline | epoch 42/200 — val mAP50=0.5907 mAP50_95=0.3459 (selection mAP50_95=0.3459)
2026-08-04 03:25:48 INFO  scripts.synthetic_model_comparison.training.evaluation | mlflow: logged val/mAP50=0.5907 val/mAP50_95=0.3459 (step=41)
2026-08-04 03:25:48 INFO  scripts.synthetic_model_comparison.training.evaluation | mlflow: logged val per-class AP table (12 classes)
2026-08-04 03:25:49 INFO  scripts.synthetic_model_comparison.training.training_pipeline | saved checkpoint: /home/debian/Master-Thesis/scripts/synthetic_model_comparison/training/model_exports/yolo26n-sd35-large-turbo-maxlen-seed42-20260804-031104/last.pt
2026-08-04 03:25:49 INFO  scripts.synthetic_model_comparison.training.training_pipeline | epoch 42/200 done — next lr=0.00906159, epochs_since_improve=7/20
2026-08-04 03:25:49 INFO  scripts.synthetic_model_comparison.training.training_pipeline | epoch 43/200 — train start (lr=0.00906159, batches=15)
2026-08-04 03:26:01 INFO  scripts.synthetic_model_comparison.training.training_pipeline | epoch 43/200 — train done in 12.2s | avg loss_box=1.3080 loss_cls=1.2795 loss_dfl=0.0400 loss_total=157.6936
2026-08-04 03:26:01 INFO  scripts.synthetic_model_comparison.training.evaluation | evaluating on 4 batches
2026-08-04 03:26:08 INFO  scripts.synthetic_model_comparison.training.training_pipeline | epoch 43/200 — val mAP50=0.6908 mAP50_95=0.2871 (selection mAP50_95=0.2871)
2026-08-04 03:26:09 INFO  scripts.synthetic_model_comparison.training.evaluation | mlflow: logged val/mAP50=0.6908 val/mAP50_95=0.2871 (step=42)
2026-08-04 03:26:09 INFO  scripts.synthetic_model_comparison.training.evaluation | mlflow: logged val per-class AP table (12 classes)
2026-08-04 03:26:10 INFO  scripts.synthetic_model_comparison.training.training_pipeline | saved checkpoint: /home/debian/Master-Thesis/scripts/synthetic_model_comparison/training/model_exports/yolo26n-sd35-large-turbo-maxlen-seed42-20260804-031104/last.pt
2026-08-04 03:26:10 INFO  scripts.synthetic_model_comparison.training.training_pipeline | epoch 43/200 done — next lr=0.0090146, epochs_since_improve=8/20
2026-08-04 03:26:10 INFO  scripts.synthetic_model_comparison.training.training_pipeline | epoch 44/200 — train start (lr=0.0090146, batches=15)
2026-08-04 03:26:19 INFO  scripts.synthetic_model_comparison.training.training_pipeline | step 650 | loss_box=1.2534 loss_cls=1.2533 loss_dfl=0.0402 loss_total=153.9760 lr=0.00899552
2026-08-04 03:26:24 INFO  scripts.synthetic_model_comparison.training.training_pipeline | epoch 44/200 — train done in 14.3s | avg loss_box=1.2861 loss_cls=1.2336 loss_dfl=0.0400 loss_total=154.7400
2026-08-04 03:26:24 INFO  scripts.synthetic_model_comparison.training.evaluation | evaluating on 4 batches
2026-08-04 03:26:30 INFO  scripts.synthetic_model_comparison.training.training_pipeline | epoch 44/200 — val mAP50=0.6576 mAP50_95=0.3774 (selection mAP50_95=0.3774)
2026-08-04 03:26:31 INFO  scripts.synthetic_model_comparison.training.evaluation | mlflow: logged val/mAP50=0.6576 val/mAP50_95=0.3774 (step=43)
2026-08-04 03:26:31 INFO  scripts.synthetic_model_comparison.training.evaluation | mlflow: logged val per-class AP table (12 classes)
2026-08-04 03:26:31 INFO  scripts.synthetic_model_comparison.training.training_pipeline | saved checkpoint: /home/debian/Master-Thesis/scripts/synthetic_model_comparison/training/model_exports/yolo26n-sd35-large-turbo-maxlen-seed42-20260804-031104/best.pt
2026-08-04 03:26:31 INFO  scripts.synthetic_model_comparison.training.training_pipeline | new best mAP50_95=0.3774 at epoch 44
2026-08-04 03:26:31 INFO  scripts.synthetic_model_comparison.training.training_pipeline | saved checkpoint: /home/debian/Master-Thesis/scripts/synthetic_model_comparison/training/model_exports/yolo26n-sd35-large-turbo-maxlen-seed42-20260804-031104/last.pt
2026-08-04 03:26:32 INFO  scripts.synthetic_model_comparison.training.training_pipeline | epoch 44/200 done — next lr=0.00896659, epochs_since_improve=0/20
2026-08-04 03:26:32 INFO  scripts.synthetic_model_comparison.training.training_pipeline | epoch 45/200 — train start (lr=0.00896659, batches=15)
2026-08-04 03:26:43 INFO  scripts.synthetic_model_comparison.training.training_pipeline | epoch 45/200 — train done in 11.6s | avg loss_box=1.2903 loss_cls=1.1955 loss_dfl=0.0388 loss_total=153.2883
2026-08-04 03:26:43 INFO  scripts.synthetic_model_comparison.training.evaluation | evaluating on 4 batches
2026-08-04 03:26:51 INFO  scripts.synthetic_model_comparison.training.training_pipeline | epoch 45/200 — val mAP50=0.5293 mAP50_95=0.2414 (selection mAP50_95=0.2414)
2026-08-04 03:26:52 INFO  scripts.synthetic_model_comparison.training.evaluation | mlflow: logged val/mAP50=0.5293 val/mAP50_95=0.2414 (step=44)
2026-08-04 03:26:52 INFO  scripts.synthetic_model_comparison.training.evaluation | mlflow: logged val per-class AP table (12 classes)
2026-08-04 03:26:52 INFO  scripts.synthetic_model_comparison.training.training_pipeline | saved checkpoint: /home/debian/Master-Thesis/scripts/synthetic_model_comparison/training/model_exports/yolo26n-sd35-large-turbo-maxlen-seed42-20260804-031104/last.pt
2026-08-04 03:26:52 INFO  scripts.synthetic_model_comparison.training.training_pipeline | epoch 45/200 done — next lr=0.00891757, epochs_since_improve=1/20
2026-08-04 03:26:53 INFO  scripts.synthetic_model_comparison.training.training_pipeline | epoch 46/200 — train start (lr=0.00891757, batches=15)
2026-08-04 03:27:05 INFO  scripts.synthetic_model_comparison.training.training_pipeline | epoch 46/200 — train done in 12.1s | avg loss_box=1.2665 loss_cls=1.2398 loss_dfl=0.0396 loss_total=152.6114
2026-08-04 03:27:05 INFO  scripts.synthetic_model_comparison.training.evaluation | evaluating on 4 batches
2026-08-04 03:27:11 INFO  scripts.synthetic_model_comparison.training.training_pipeline | epoch 46/200 — val mAP50=0.6968 mAP50_95=0.4313 (selection mAP50_95=0.4313)
2026-08-04 03:27:11 INFO  scripts.synthetic_model_comparison.training.evaluation | mlflow: logged val/mAP50=0.6968 val/mAP50_95=0.4313 (step=45)
2026-08-04 03:27:12 INFO  scripts.synthetic_model_comparison.training.evaluation | mlflow: logged val per-class AP table (12 classes)
2026-08-04 03:27:12 INFO  scripts.synthetic_model_comparison.training.training_pipeline | saved checkpoint: /home/debian/Master-Thesis/scripts/synthetic_model_comparison/training/model_exports/yolo26n-sd35-large-turbo-maxlen-seed42-20260804-031104/best.pt
2026-08-04 03:27:12 INFO  scripts.synthetic_model_comparison.training.training_pipeline | new best mAP50_95=0.4313 at epoch 46
2026-08-04 03:27:12 INFO  scripts.synthetic_model_comparison.training.training_pipeline | saved checkpoint: /home/debian/Master-Thesis/scripts/synthetic_model_comparison/training/model_exports/yolo26n-sd35-large-turbo-maxlen-seed42-20260804-031104/last.pt
2026-08-04 03:27:12 INFO  scripts.synthetic_model_comparison.training.training_pipeline | epoch 46/200 done — next lr=0.00886756, epochs_since_improve=0/20
2026-08-04 03:27:12 INFO  scripts.synthetic_model_comparison.training.training_pipeline | epoch 47/200 — train start (lr=0.00886756, batches=15)
2026-08-04 03:27:23 INFO  scripts.synthetic_model_comparison.training.training_pipeline | step 700 | loss_box=1.3253 loss_cls=1.2193 loss_dfl=0.0426 loss_total=157.1786 lr=0.00883025
2026-08-04 03:27:26 INFO  scripts.synthetic_model_comparison.training.training_pipeline | epoch 47/200 — train done in 13.7s | avg loss_box=1.2782 loss_cls=1.2164 loss_dfl=0.0386 loss_total=152.2127
2026-08-04 03:27:26 INFO  scripts.synthetic_model_comparison.training.evaluation | evaluating on 4 batches
2026-08-04 03:27:34 INFO  scripts.synthetic_model_comparison.training.training_pipeline | epoch 47/200 — val mAP50=0.6341 mAP50_95=0.2953 (selection mAP50_95=0.2953)
2026-08-04 03:27:34 INFO  scripts.synthetic_model_comparison.training.evaluation | mlflow: logged val/mAP50=0.6341 val/mAP50_95=0.2953 (step=46)
2026-08-04 03:27:35 INFO  scripts.synthetic_model_comparison.training.evaluation | mlflow: logged val per-class AP table (12 classes)
2026-08-04 03:27:35 INFO  scripts.synthetic_model_comparison.training.training_pipeline | saved checkpoint: /home/debian/Master-Thesis/scripts/synthetic_model_comparison/training/model_exports/yolo26n-sd35-large-turbo-maxlen-seed42-20260804-031104/last.pt
2026-08-04 03:27:35 INFO  scripts.synthetic_model_comparison.training.training_pipeline | epoch 47/200 done — next lr=0.00881656, epochs_since_improve=1/20
2026-08-04 03:27:35 INFO  scripts.synthetic_model_comparison.training.training_pipeline | epoch 48/200 — train start (lr=0.00881656, batches=15)
2026-08-04 03:27:48 INFO  scripts.synthetic_model_comparison.training.training_pipeline | epoch 48/200 — train done in 12.3s | avg loss_box=1.2581 loss_cls=1.1768 loss_dfl=0.0387 loss_total=149.3278
2026-08-04 03:27:48 INFO  scripts.synthetic_model_comparison.training.evaluation | evaluating on 4 batches
2026-08-04 03:27:55 INFO  scripts.synthetic_model_comparison.training.training_pipeline | epoch 48/200 — val mAP50=0.5551 mAP50_95=0.2365 (selection mAP50_95=0.2365)
2026-08-04 03:27:56 INFO  scripts.synthetic_model_comparison.training.evaluation | mlflow: logged val/mAP50=0.5551 val/mAP50_95=0.2365 (step=47)
2026-08-04 03:27:56 INFO  scripts.synthetic_model_comparison.training.evaluation | mlflow: logged val per-class AP table (12 classes)
2026-08-04 03:27:56 INFO  scripts.synthetic_model_comparison.training.training_pipeline | saved checkpoint: /home/debian/Master-Thesis/scripts/synthetic_model_comparison/training/model_exports/yolo26n-sd35-large-turbo-maxlen-seed42-20260804-031104/last.pt
2026-08-04 03:27:56 INFO  scripts.synthetic_model_comparison.training.training_pipeline | epoch 48/200 done — next lr=0.00876459, epochs_since_improve=2/20
2026-08-04 03:27:56 INFO  scripts.synthetic_model_comparison.training.training_pipeline | epoch 49/200 — train start (lr=0.00876459, batches=15)
2026-08-04 03:28:09 INFO  scripts.synthetic_model_comparison.training.training_pipeline | epoch 49/200 — train done in 12.5s | avg loss_box=1.2314 loss_cls=1.1472 loss_dfl=0.0374 loss_total=146.2087
2026-08-04 03:28:09 INFO  scripts.synthetic_model_comparison.training.evaluation | evaluating on 4 batches
2026-08-04 03:28:17 INFO  scripts.synthetic_model_comparison.training.training_pipeline | epoch 49/200 — val mAP50=0.6846 mAP50_95=0.3603 (selection mAP50_95=0.3603)
2026-08-04 03:28:17 INFO  scripts.synthetic_model_comparison.training.evaluation | mlflow: logged val/mAP50=0.6846 val/mAP50_95=0.3603 (step=48)
2026-08-04 03:28:18 INFO  scripts.synthetic_model_comparison.training.evaluation | mlflow: logged val per-class AP table (12 classes)
2026-08-04 03:28:18 INFO  scripts.synthetic_model_comparison.training.training_pipeline | saved checkpoint: /home/debian/Master-Thesis/scripts/synthetic_model_comparison/training/model_exports/yolo26n-sd35-large-turbo-maxlen-seed42-20260804-031104/last.pt
2026-08-04 03:28:18 INFO  scripts.synthetic_model_comparison.training.training_pipeline | epoch 49/200 done — next lr=0.00871167, epochs_since_improve=3/20
2026-08-04 03:28:18 INFO  scripts.synthetic_model_comparison.training.training_pipeline | epoch 50/200 — train start (lr=0.00871167, batches=15)
2026-08-04 03:28:31 INFO  scripts.synthetic_model_comparison.training.training_pipeline | epoch 50/200 — train done in 12.9s | avg loss_box=1.2011 loss_cls=1.1274 loss_dfl=0.0361 loss_total=143.0027
2026-08-04 03:28:31 INFO  scripts.synthetic_model_comparison.training.evaluation | evaluating on 4 batches
2026-08-04 03:28:37 INFO  scripts.synthetic_model_comparison.training.training_pipeline | epoch 50/200 — val mAP50=0.7070 mAP50_95=0.4610 (selection mAP50_95=0.4610)
2026-08-04 03:28:38 INFO  scripts.synthetic_model_comparison.training.evaluation | mlflow: logged val/mAP50=0.7070 val/mAP50_95=0.4610 (step=49)
2026-08-04 03:28:38 INFO  scripts.synthetic_model_comparison.training.evaluation | mlflow: logged val per-class AP table (12 classes)
2026-08-04 03:28:38 INFO  scripts.synthetic_model_comparison.training.training_pipeline | saved checkpoint: /home/debian/Master-Thesis/scripts/synthetic_model_comparison/training/model_exports/yolo26n-sd35-large-turbo-maxlen-seed42-20260804-031104/best.pt
2026-08-04 03:28:38 INFO  scripts.synthetic_model_comparison.training.training_pipeline | new best mAP50_95=0.4610 at epoch 50
2026-08-04 03:28:38 INFO  scripts.synthetic_model_comparison.training.training_pipeline | saved checkpoint: /home/debian/Master-Thesis/scripts/synthetic_model_comparison/training/model_exports/yolo26n-sd35-large-turbo-maxlen-seed42-20260804-031104/last.pt
2026-08-04 03:28:39 INFO  scripts.synthetic_model_comparison.training.training_pipeline | epoch 50/200 done — next lr=0.00865781, epochs_since_improve=0/20
2026-08-04 03:28:39 INFO  scripts.synthetic_model_comparison.training.training_pipeline | epoch 51/200 — train start (lr=0.00865781, batches=15)
2026-08-04 03:28:45 INFO  scripts.synthetic_model_comparison.training.training_pipeline | step 750 | loss_box=1.1696 loss_cls=0.9354 loss_dfl=0.0342 loss_total=129.3255 lr=0.00865419
2026-08-04 03:28:52 INFO  scripts.synthetic_model_comparison.training.training_pipeline | epoch 51/200 — train done in 13.3s | avg loss_box=1.2083 loss_cls=1.1334 loss_dfl=0.0370 loss_total=143.3459
2026-08-04 03:28:52 INFO  scripts.synthetic_model_comparison.training.evaluation | evaluating on 4 batches
2026-08-04 03:28:58 INFO  scripts.synthetic_model_comparison.training.training_pipeline | epoch 51/200 — val mAP50=0.6319 mAP50_95=0.3087 (selection mAP50_95=0.3087)
2026-08-04 03:28:59 INFO  scripts.synthetic_model_comparison.training.evaluation | mlflow: logged val/mAP50=0.6319 val/mAP50_95=0.3087 (step=50)
2026-08-04 03:28:59 INFO  scripts.synthetic_model_comparison.training.evaluation | mlflow: logged val per-class AP table (12 classes)
2026-08-04 03:28:59 INFO  scripts.synthetic_model_comparison.training.training_pipeline | saved checkpoint: /home/debian/Master-Thesis/scripts/synthetic_model_comparison/training/model_exports/yolo26n-sd35-large-turbo-maxlen-seed42-20260804-031104/last.pt
2026-08-04 03:29:00 INFO  scripts.synthetic_model_comparison.training.training_pipeline | epoch 51/200 done — next lr=0.00860302, epochs_since_improve=1/20
2026-08-04 03:29:00 INFO  scripts.synthetic_model_comparison.training.training_pipeline | epoch 52/200 — train start (lr=0.00860302, batches=15)
2026-08-04 03:29:12 INFO  scripts.synthetic_model_comparison.training.training_pipeline | epoch 52/200 — train done in 12.1s | avg loss_box=1.1618 loss_cls=1.0792 loss_dfl=0.0349 loss_total=140.0154
2026-08-04 03:29:12 INFO  scripts.synthetic_model_comparison.training.evaluation | evaluating on 4 batches
2026-08-04 03:29:19 INFO  scripts.synthetic_model_comparison.training.training_pipeline | epoch 52/200 — val mAP50=0.7151 mAP50_95=0.4559 (selection mAP50_95=0.4559)
2026-08-04 03:29:20 INFO  scripts.synthetic_model_comparison.training.evaluation | mlflow: logged val/mAP50=0.7151 val/mAP50_95=0.4559 (step=51)
2026-08-04 03:29:20 INFO  scripts.synthetic_model_comparison.training.evaluation | mlflow: logged val per-class AP table (12 classes)
2026-08-04 03:29:21 INFO  scripts.synthetic_model_comparison.training.training_pipeline | saved checkpoint: /home/debian/Master-Thesis/scripts/synthetic_model_comparison/training/model_exports/yolo26n-sd35-large-turbo-maxlen-seed42-20260804-031104/last.pt
2026-08-04 03:29:21 INFO  scripts.synthetic_model_comparison.training.training_pipeline | epoch 52/200 done — next lr=0.00854731, epochs_since_improve=2/20
2026-08-04 03:29:21 INFO  scripts.synthetic_model_comparison.training.training_pipeline | epoch 53/200 — train start (lr=0.00854731, batches=15)
2026-08-04 03:29:33 INFO  scripts.synthetic_model_comparison.training.training_pipeline | epoch 53/200 — train done in 12.5s | avg loss_box=1.1602 loss_cls=1.0782 loss_dfl=0.0347 loss_total=137.7556
2026-08-04 03:29:33 INFO  scripts.synthetic_model_comparison.training.evaluation | evaluating on 4 batches
2026-08-04 03:29:41 INFO  scripts.synthetic_model_comparison.training.training_pipeline | epoch 53/200 — val mAP50=0.6765 mAP50_95=0.4118 (selection mAP50_95=0.4118)
2026-08-04 03:29:41 INFO  scripts.synthetic_model_comparison.training.evaluation | mlflow: logged val/mAP50=0.6765 val/mAP50_95=0.4118 (step=52)
2026-08-04 03:29:42 INFO  scripts.synthetic_model_comparison.training.evaluation | mlflow: logged val per-class AP table (12 classes)
2026-08-04 03:29:42 INFO  scripts.synthetic_model_comparison.training.training_pipeline | saved checkpoint: /home/debian/Master-Thesis/scripts/synthetic_model_comparison/training/model_exports/yolo26n-sd35-large-turbo-maxlen-seed42-20260804-031104/last.pt
2026-08-04 03:29:42 INFO  scripts.synthetic_model_comparison.training.training_pipeline | epoch 53/200 done — next lr=0.0084907, epochs_since_improve=3/20
2026-08-04 03:29:42 INFO  scripts.synthetic_model_comparison.training.training_pipeline | epoch 54/200 — train start (lr=0.0084907, batches=15)
2026-08-04 03:29:51 INFO  scripts.synthetic_model_comparison.training.training_pipeline | step 800 | loss_box=1.1484 loss_cls=1.0786 loss_dfl=0.0356 loss_total=140.0679 lr=0.00846781
2026-08-04 03:29:56 INFO  scripts.synthetic_model_comparison.training.training_pipeline | epoch 54/200 — train done in 13.9s | avg loss_box=1.1750 loss_cls=1.0385 loss_dfl=0.0357 loss_total=137.4984
2026-08-04 03:29:56 INFO  scripts.synthetic_model_comparison.training.evaluation | evaluating on 4 batches
2026-08-04 03:30:04 INFO  scripts.synthetic_model_comparison.training.training_pipeline | epoch 54/200 — val mAP50=0.6797 mAP50_95=0.4093 (selection mAP50_95=0.4093)
2026-08-04 03:30:04 INFO  scripts.synthetic_model_comparison.training.evaluation | mlflow: logged val/mAP50=0.6797 val/mAP50_95=0.4093 (step=53)
2026-08-04 03:30:05 INFO  scripts.synthetic_model_comparison.training.evaluation | mlflow: logged val per-class AP table (12 classes)
2026-08-04 03:30:05 INFO  scripts.synthetic_model_comparison.training.training_pipeline | saved checkpoint: /home/debian/Master-Thesis/scripts/synthetic_model_comparison/training/model_exports/yolo26n-sd35-large-turbo-maxlen-seed42-20260804-031104/last.pt
2026-08-04 03:30:05 INFO  scripts.synthetic_model_comparison.training.training_pipeline | epoch 54/200 done — next lr=0.00843321, epochs_since_improve=4/20
2026-08-04 03:30:05 INFO  scripts.synthetic_model_comparison.training.training_pipeline | epoch 55/200 — train start (lr=0.00843321, batches=15)
2026-08-04 03:30:18 INFO  scripts.synthetic_model_comparison.training.training_pipeline | epoch 55/200 — train done in 12.7s | avg loss_box=1.1466 loss_cls=1.0462 loss_dfl=0.0341 loss_total=136.4949
2026-08-04 03:30:18 INFO  scripts.synthetic_model_comparison.training.evaluation | evaluating on 4 batches
2026-08-04 03:30:24 INFO  scripts.synthetic_model_comparison.training.training_pipeline | epoch 55/200 — val mAP50=0.6999 mAP50_95=0.4435 (selection mAP50_95=0.4435)
2026-08-04 03:30:25 INFO  scripts.synthetic_model_comparison.training.evaluation | mlflow: logged val/mAP50=0.6999 val/mAP50_95=0.4435 (step=54)
2026-08-04 03:30:25 INFO  scripts.synthetic_model_comparison.training.evaluation | mlflow: logged val per-class AP table (12 classes)
2026-08-04 03:30:25 INFO  scripts.synthetic_model_comparison.training.training_pipeline | saved checkpoint: /home/debian/Master-Thesis/scripts/synthetic_model_comparison/training/model_exports/yolo26n-sd35-large-turbo-maxlen-seed42-20260804-031104/last.pt
2026-08-04 03:30:26 INFO  scripts.synthetic_model_comparison.training.training_pipeline | epoch 55/200 done — next lr=0.00837484, epochs_since_improve=5/20
2026-08-04 03:30:26 INFO  scripts.synthetic_model_comparison.training.training_pipeline | epoch 56/200 — train start (lr=0.00837484, batches=15)
2026-08-04 03:30:38 INFO  scripts.synthetic_model_comparison.training.training_pipeline | epoch 56/200 — train done in 12.2s | avg loss_box=1.1551 loss_cls=1.0124 loss_dfl=0.0347 loss_total=133.5868
2026-08-04 03:30:38 INFO  scripts.synthetic_model_comparison.training.evaluation | evaluating on 4 batches
2026-08-04 03:30:44 INFO  scripts.synthetic_model_comparison.training.training_pipeline | epoch 56/200 — val mAP50=0.6275 mAP50_95=0.3421 (selection mAP50_95=0.3421)
2026-08-04 03:30:44 INFO  scripts.synthetic_model_comparison.training.evaluation | mlflow: logged val/mAP50=0.6275 val/mAP50_95=0.3421 (step=55)
2026-08-04 03:30:45 INFO  scripts.synthetic_model_comparison.training.evaluation | mlflow: logged val per-class AP table (12 classes)
2026-08-04 03:30:45 INFO  scripts.synthetic_model_comparison.training.training_pipeline | saved checkpoint: /home/debian/Master-Thesis/scripts/synthetic_model_comparison/training/model_exports/yolo26n-sd35-large-turbo-maxlen-seed42-20260804-031104/last.pt
2026-08-04 03:30:45 INFO  scripts.synthetic_model_comparison.training.training_pipeline | epoch 56/200 done — next lr=0.00831562, epochs_since_improve=6/20
2026-08-04 03:30:45 INFO  scripts.synthetic_model_comparison.training.training_pipeline | epoch 57/200 — train start (lr=0.00831562, batches=15)
2026-08-04 03:30:56 INFO  scripts.synthetic_model_comparison.training.training_pipeline | step 850 | loss_box=1.2388 loss_cls=1.1661 loss_dfl=0.0331 loss_total=147.0892 lr=0.00827165
2026-08-04 03:30:59 INFO  scripts.synthetic_model_comparison.training.training_pipeline | epoch 57/200 — train done in 13.8s | avg loss_box=1.1309 loss_cls=0.9951 loss_dfl=0.0340 loss_total=131.8737
2026-08-04 03:30:59 INFO  scripts.synthetic_model_comparison.training.evaluation | evaluating on 4 batches
2026-08-04 03:31:07 INFO  scripts.synthetic_model_comparison.training.training_pipeline | epoch 57/200 — val mAP50=0.7576 mAP50_95=0.5108 (selection mAP50_95=0.5108)
2026-08-04 03:31:07 INFO  scripts.synthetic_model_comparison.training.evaluation | mlflow: logged val/mAP50=0.7576 val/mAP50_95=0.5108 (step=56)
2026-08-04 03:31:08 INFO  scripts.synthetic_model_comparison.training.evaluation | mlflow: logged val per-class AP table (12 classes)
2026-08-04 03:31:08 INFO  scripts.synthetic_model_comparison.training.training_pipeline | saved checkpoint: /home/debian/Master-Thesis/scripts/synthetic_model_comparison/training/model_exports/yolo26n-sd35-large-turbo-maxlen-seed42-20260804-031104/best.pt
2026-08-04 03:31:08 INFO  scripts.synthetic_model_comparison.training.training_pipeline | new best mAP50_95=0.5108 at epoch 57
2026-08-04 03:31:08 INFO  scripts.synthetic_model_comparison.training.training_pipeline | saved checkpoint: /home/debian/Master-Thesis/scripts/synthetic_model_comparison/training/model_exports/yolo26n-sd35-large-turbo-maxlen-seed42-20260804-031104/last.pt
2026-08-04 03:31:08 INFO  scripts.synthetic_model_comparison.training.training_pipeline | epoch 57/200 done — next lr=0.00825555, epochs_since_improve=0/20
2026-08-04 03:31:08 INFO  scripts.synthetic_model_comparison.training.training_pipeline | epoch 58/200 — train start (lr=0.00825555, batches=15)
2026-08-04 03:31:20 INFO  scripts.synthetic_model_comparison.training.training_pipeline | epoch 58/200 — train done in 11.8s | avg loss_box=1.1182 loss_cls=0.9856 loss_dfl=0.0342 loss_total=130.0970
2026-08-04 03:31:20 INFO  scripts.synthetic_model_comparison.training.evaluation | evaluating on 4 batches
2026-08-04 03:31:26 INFO  scripts.synthetic_model_comparison.training.training_pipeline | epoch 58/200 — val mAP50=0.7401 mAP50_95=0.4788 (selection mAP50_95=0.4788)
2026-08-04 03:31:27 INFO  scripts.synthetic_model_comparison.training.evaluation | mlflow: logged val/mAP50=0.7401 val/mAP50_95=0.4788 (step=57)
2026-08-04 03:31:27 INFO  scripts.synthetic_model_comparison.training.evaluation | mlflow: logged val per-class AP table (12 classes)
2026-08-04 03:31:27 INFO  scripts.synthetic_model_comparison.training.training_pipeline | saved checkpoint: /home/debian/Master-Thesis/scripts/synthetic_model_comparison/training/model_exports/yolo26n-sd35-large-turbo-maxlen-seed42-20260804-031104/last.pt
2026-08-04 03:31:27 INFO  scripts.synthetic_model_comparison.training.training_pipeline | epoch 58/200 done — next lr=0.00819466, epochs_since_improve=1/20
2026-08-04 03:31:27 INFO  scripts.synthetic_model_comparison.training.training_pipeline | epoch 59/200 — train start (lr=0.00819466, batches=15)
2026-08-04 03:31:39 INFO  scripts.synthetic_model_comparison.training.training_pipeline | epoch 59/200 — train done in 12.0s | avg loss_box=1.1091 loss_cls=0.9826 loss_dfl=0.0340 loss_total=129.2504
2026-08-04 03:31:39 INFO  scripts.synthetic_model_comparison.training.evaluation | evaluating on 4 batches
2026-08-04 03:31:46 INFO  scripts.synthetic_model_comparison.training.training_pipeline | epoch 59/200 — val mAP50=0.7347 mAP50_95=0.4478 (selection mAP50_95=0.4478)
2026-08-04 03:31:47 INFO  scripts.synthetic_model_comparison.training.evaluation | mlflow: logged val/mAP50=0.7347 val/mAP50_95=0.4478 (step=58)
2026-08-04 03:31:47 INFO  scripts.synthetic_model_comparison.training.evaluation | mlflow: logged val per-class AP table (12 classes)
2026-08-04 03:31:47 INFO  scripts.synthetic_model_comparison.training.training_pipeline | saved checkpoint: /home/debian/Master-Thesis/scripts/synthetic_model_comparison/training/model_exports/yolo26n-sd35-large-turbo-maxlen-seed42-20260804-031104/last.pt
2026-08-04 03:31:47 INFO  scripts.synthetic_model_comparison.training.training_pipeline | epoch 59/200 done — next lr=0.00813295, epochs_since_improve=2/20
2026-08-04 03:31:48 INFO  scripts.synthetic_model_comparison.training.training_pipeline | epoch 60/200 — train start (lr=0.00813295, batches=15)
2026-08-04 03:31:59 INFO  scripts.synthetic_model_comparison.training.training_pipeline | epoch 60/200 — train done in 11.4s | avg loss_box=1.0905 loss_cls=0.9445 loss_dfl=0.0329 loss_total=126.7623
2026-08-04 03:31:59 INFO  scripts.synthetic_model_comparison.training.evaluation | evaluating on 4 batches
2026-08-04 03:32:05 INFO  scripts.synthetic_model_comparison.training.training_pipeline | epoch 60/200 — val mAP50=0.6452 mAP50_95=0.3816 (selection mAP50_95=0.3816)
2026-08-04 03:32:05 INFO  scripts.synthetic_model_comparison.training.evaluation | mlflow: logged val/mAP50=0.6452 val/mAP50_95=0.3816 (step=59)
2026-08-04 03:32:06 INFO  scripts.synthetic_model_comparison.training.evaluation | mlflow: logged val per-class AP table (12 classes)
2026-08-04 03:32:06 INFO  scripts.synthetic_model_comparison.training.training_pipeline | saved checkpoint: /home/debian/Master-Thesis/scripts/synthetic_model_comparison/training/model_exports/yolo26n-sd35-large-turbo-maxlen-seed42-20260804-031104/last.pt
2026-08-04 03:32:06 INFO  scripts.synthetic_model_comparison.training.training_pipeline | epoch 60/200 done — next lr=0.00807046, epochs_since_improve=3/20
2026-08-04 03:32:06 INFO  scripts.synthetic_model_comparison.training.training_pipeline | epoch 61/200 — train start (lr=0.00807046, batches=15)
2026-08-04 03:32:12 INFO  scripts.synthetic_model_comparison.training.training_pipeline | step 900 | loss_box=0.9035 loss_cls=0.8195 loss_dfl=0.0285 loss_total=108.7383 lr=0.00806626
2026-08-04 03:32:19 INFO  scripts.synthetic_model_comparison.training.training_pipeline | epoch 61/200 — train done in 13.0s | avg loss_box=1.0666 loss_cls=0.9269 loss_dfl=0.0320 loss_total=124.1628
2026-08-04 03:32:19 INFO  scripts.synthetic_model_comparison.training.evaluation | evaluating on 4 batches
2026-08-04 03:32:26 INFO  scripts.synthetic_model_comparison.training.training_pipeline | epoch 61/200 — val mAP50=0.6437 mAP50_95=0.2966 (selection mAP50_95=0.2966)
2026-08-04 03:32:27 INFO  scripts.synthetic_model_comparison.training.evaluation | mlflow: logged val/mAP50=0.6437 val/mAP50_95=0.2966 (step=60)
2026-08-04 03:32:27 INFO  scripts.synthetic_model_comparison.training.evaluation | mlflow: logged val per-class AP table (12 classes)
2026-08-04 03:32:27 INFO  scripts.synthetic_model_comparison.training.training_pipeline | saved checkpoint: /home/debian/Master-Thesis/scripts/synthetic_model_comparison/training/model_exports/yolo26n-sd35-large-turbo-maxlen-seed42-20260804-031104/last.pt
2026-08-04 03:32:28 INFO  scripts.synthetic_model_comparison.training.training_pipeline | epoch 61/200 done — next lr=0.00800718, epochs_since_improve=4/20
2026-08-04 03:32:28 INFO  scripts.synthetic_model_comparison.training.training_pipeline | epoch 62/200 — train start (lr=0.00800718, batches=15)
2026-08-04 03:32:40 INFO  scripts.synthetic_model_comparison.training.training_pipeline | epoch 62/200 — train done in 12.4s | avg loss_box=1.0858 loss_cls=0.9459 loss_dfl=0.0333 loss_total=126.2064
2026-08-04 03:32:40 INFO  scripts.synthetic_model_comparison.training.evaluation | evaluating on 4 batches
2026-08-04 03:32:46 INFO  scripts.synthetic_model_comparison.training.training_pipeline | epoch 62/200 — val mAP50=0.7326 mAP50_95=0.4627 (selection mAP50_95=0.4627)
2026-08-04 03:32:47 INFO  scripts.synthetic_model_comparison.training.evaluation | mlflow: logged val/mAP50=0.7326 val/mAP50_95=0.4627 (step=61)
2026-08-04 03:32:47 INFO  scripts.synthetic_model_comparison.training.evaluation | mlflow: logged val per-class AP table (12 classes)
2026-08-04 03:32:47 INFO  scripts.synthetic_model_comparison.training.training_pipeline | saved checkpoint: /home/debian/Master-Thesis/scripts/synthetic_model_comparison/training/model_exports/yolo26n-sd35-large-turbo-maxlen-seed42-20260804-031104/last.pt
2026-08-04 03:32:48 INFO  scripts.synthetic_model_comparison.training.training_pipeline | epoch 62/200 done — next lr=0.00794314, epochs_since_improve=5/20
2026-08-04 03:32:48 INFO  scripts.synthetic_model_comparison.training.training_pipeline | epoch 63/200 — train start (lr=0.00794314, batches=15)
2026-08-04 03:33:00 INFO  scripts.synthetic_model_comparison.training.training_pipeline | epoch 63/200 — train done in 12.0s | avg loss_box=1.0592 loss_cls=0.9282 loss_dfl=0.0322 loss_total=123.4451
2026-08-04 03:33:00 INFO  scripts.synthetic_model_comparison.training.evaluation | evaluating on 4 batches
2026-08-04 03:33:06 INFO  scripts.synthetic_model_comparison.training.training_pipeline | epoch 63/200 — val mAP50=0.6601 mAP50_95=0.3750 (selection mAP50_95=0.3750)
2026-08-04 03:33:07 INFO  scripts.synthetic_model_comparison.training.evaluation | mlflow: logged val/mAP50=0.6601 val/mAP50_95=0.3750 (step=62)
2026-08-04 03:33:07 INFO  scripts.synthetic_model_comparison.training.evaluation | mlflow: logged val per-class AP table (12 classes)
2026-08-04 03:33:07 INFO  scripts.synthetic_model_comparison.training.training_pipeline | saved checkpoint: /home/debian/Master-Thesis/scripts/synthetic_model_comparison/training/model_exports/yolo26n-sd35-large-turbo-maxlen-seed42-20260804-031104/last.pt
2026-08-04 03:33:08 INFO  scripts.synthetic_model_comparison.training.training_pipeline | epoch 63/200 done — next lr=0.00787835, epochs_since_improve=6/20
2026-08-04 03:33:08 INFO  scripts.synthetic_model_comparison.training.training_pipeline | epoch 64/200 — train start (lr=0.00787835, batches=15)
2026-08-04 03:33:16 INFO  scripts.synthetic_model_comparison.training.training_pipeline | step 950 | loss_box=1.0704 loss_cls=0.8183 loss_dfl=0.0322 loss_total=121.9941 lr=0.00785222
2026-08-04 03:33:21 INFO  scripts.synthetic_model_comparison.training.training_pipeline | epoch 64/200 — train done in 13.7s | avg loss_box=1.0693 loss_cls=0.9024 loss_dfl=0.0319 loss_total=122.7792
2026-08-04 03:33:21 INFO  scripts.synthetic_model_comparison.training.evaluation | evaluating on 4 batches
2026-08-04 03:33:27 INFO  scripts.synthetic_model_comparison.training.training_pipeline | epoch 64/200 — val mAP50=0.7643 mAP50_95=0.4998 (selection mAP50_95=0.4998)
2026-08-04 03:33:28 INFO  scripts.synthetic_model_comparison.training.evaluation | mlflow: logged val/mAP50=0.7643 val/mAP50_95=0.4998 (step=63)
2026-08-04 03:33:28 INFO  scripts.synthetic_model_comparison.training.evaluation | mlflow: logged val per-class AP table (12 classes)
2026-08-04 03:33:28 INFO  scripts.synthetic_model_comparison.training.training_pipeline | saved checkpoint: /home/debian/Master-Thesis/scripts/synthetic_model_comparison/training/model_exports/yolo26n-sd35-large-turbo-maxlen-seed42-20260804-031104/last.pt
2026-08-04 03:33:29 INFO  scripts.synthetic_model_comparison.training.training_pipeline | epoch 64/200 done — next lr=0.00781283, epochs_since_improve=7/20
2026-08-04 03:33:29 INFO  scripts.synthetic_model_comparison.training.training_pipeline | epoch 65/200 — train start (lr=0.00781283, batches=15)
2026-08-04 03:33:41 INFO  scripts.synthetic_model_comparison.training.training_pipeline | epoch 65/200 — train done in 12.1s | avg loss_box=1.0453 loss_cls=0.8725 loss_dfl=0.0315 loss_total=120.1073
2026-08-04 03:33:41 INFO  scripts.synthetic_model_comparison.training.evaluation | evaluating on 4 batches
2026-08-04 03:33:49 INFO  scripts.synthetic_model_comparison.training.training_pipeline | epoch 65/200 — val mAP50=0.7680 mAP50_95=0.5034 (selection mAP50_95=0.5034)
2026-08-04 03:33:49 INFO  scripts.synthetic_model_comparison.training.evaluation | mlflow: logged val/mAP50=0.7680 val/mAP50_95=0.5034 (step=64)
2026-08-04 03:33:50 INFO  scripts.synthetic_model_comparison.training.evaluation | mlflow: logged val per-class AP table (12 classes)
2026-08-04 03:33:50 INFO  scripts.synthetic_model_comparison.training.training_pipeline | saved checkpoint: /home/debian/Master-Thesis/scripts/synthetic_model_comparison/training/model_exports/yolo26n-sd35-large-turbo-maxlen-seed42-20260804-031104/last.pt
2026-08-04 03:33:50 INFO  scripts.synthetic_model_comparison.training.training_pipeline | epoch 65/200 done — next lr=0.00774659, epochs_since_improve=8/20
2026-08-04 03:33:50 INFO  scripts.synthetic_model_comparison.training.training_pipeline | epoch 66/200 — train start (lr=0.00774659, batches=15)
2026-08-04 03:34:03 INFO  scripts.synthetic_model_comparison.training.training_pipeline | epoch 66/200 — train done in 13.1s | avg loss_box=1.0387 loss_cls=0.8645 loss_dfl=0.0307 loss_total=118.8394
2026-08-04 03:34:04 INFO  scripts.synthetic_model_comparison.training.evaluation | evaluating on 4 batches
2026-08-04 03:34:09 INFO  scripts.synthetic_model_comparison.training.training_pipeline | epoch 66/200 — val mAP50=0.6791 mAP50_95=0.4229 (selection mAP50_95=0.4229)
2026-08-04 03:34:10 INFO  scripts.synthetic_model_comparison.training.evaluation | mlflow: logged val/mAP50=0.6791 val/mAP50_95=0.4229 (step=65)
2026-08-04 03:34:10 INFO  scripts.synthetic_model_comparison.training.evaluation | mlflow: logged val per-class AP table (12 classes)
2026-08-04 03:34:11 INFO  scripts.synthetic_model_comparison.training.training_pipeline | saved checkpoint: /home/debian/Master-Thesis/scripts/synthetic_model_comparison/training/model_exports/yolo26n-sd35-large-turbo-maxlen-seed42-20260804-031104/last.pt
2026-08-04 03:34:11 INFO  scripts.synthetic_model_comparison.training.training_pipeline | epoch 66/200 done — next lr=0.00767966, epochs_since_improve=9/20
2026-08-04 03:34:11 INFO  scripts.synthetic_model_comparison.training.training_pipeline | epoch 67/200 — train start (lr=0.00767966, batches=15)
2026-08-04 03:34:22 INFO  scripts.synthetic_model_comparison.training.training_pipeline | step 1000 | loss_box=1.0725 loss_cls=0.9496 loss_dfl=0.0338 loss_total=125.8324 lr=0.00763015
2026-08-04 03:34:25 INFO  scripts.synthetic_model_comparison.training.training_pipeline | epoch 67/200 — train done in 14.4s | avg loss_box=1.0289 loss_cls=0.8550 loss_dfl=0.0307 loss_total=117.3770
2026-08-04 03:34:25 INFO  scripts.synthetic_model_comparison.training.evaluation | evaluating on 4 batches
2026-08-04 03:34:31 INFO  scripts.synthetic_model_comparison.training.training_pipeline | epoch 67/200 — val mAP50=0.6607 mAP50_95=0.3491 (selection mAP50_95=0.3491)
2026-08-04 03:34:32 INFO  scripts.synthetic_model_comparison.training.evaluation | mlflow: logged val/mAP50=0.6607 val/mAP50_95=0.3491 (step=66)
2026-08-04 03:34:32 INFO  scripts.synthetic_model_comparison.training.evaluation | mlflow: logged val per-class AP table (12 classes)
2026-08-04 03:34:32 INFO  scripts.synthetic_model_comparison.training.training_pipeline | saved checkpoint: /home/debian/Master-Thesis/scripts/synthetic_model_comparison/training/model_exports/yolo26n-sd35-large-turbo-maxlen-seed42-20260804-031104/last.pt
2026-08-04 03:34:33 INFO  scripts.synthetic_model_comparison.training.training_pipeline | epoch 67/200 done — next lr=0.00761205, epochs_since_improve=10/20
2026-08-04 03:34:33 INFO  scripts.synthetic_model_comparison.training.training_pipeline | epoch 68/200 — train start (lr=0.00761205, batches=15)
2026-08-04 03:34:46 INFO  scripts.synthetic_model_comparison.training.training_pipeline | epoch 68/200 — train done in 12.9s | avg loss_box=1.0057 loss_cls=0.8704 loss_dfl=0.0299 loss_total=116.6042
2026-08-04 03:34:46 INFO  scripts.synthetic_model_comparison.training.evaluation | evaluating on 4 batches
2026-08-04 03:34:53 INFO  scripts.synthetic_model_comparison.training.training_pipeline | epoch 68/200 — val mAP50=0.7280 mAP50_95=0.4619 (selection mAP50_95=0.4619)
2026-08-04 03:34:54 INFO  scripts.synthetic_model_comparison.training.evaluation | mlflow: logged val/mAP50=0.7280 val/mAP50_95=0.4619 (step=67)
2026-08-04 03:34:54 INFO  scripts.synthetic_model_comparison.training.evaluation | mlflow: logged val per-class AP table (12 classes)
2026-08-04 03:34:54 INFO  scripts.synthetic_model_comparison.training.training_pipeline | saved checkpoint: /home/debian/Master-Thesis/scripts/synthetic_model_comparison/training/model_exports/yolo26n-sd35-large-turbo-maxlen-seed42-20260804-031104/last.pt
2026-08-04 03:34:55 INFO  scripts.synthetic_model_comparison.training.training_pipeline | epoch 68/200 done — next lr=0.00754378, epochs_since_improve=11/20
2026-08-04 03:34:55 INFO  scripts.synthetic_model_comparison.training.training_pipeline | epoch 69/200 — train start (lr=0.00754378, batches=15)
2026-08-04 03:35:07 INFO  scripts.synthetic_model_comparison.training.training_pipeline | epoch 69/200 — train done in 12.6s | avg loss_box=0.9948 loss_cls=0.8302 loss_dfl=0.0298 loss_total=114.2403
2026-08-04 03:35:07 INFO  scripts.synthetic_model_comparison.training.evaluation | evaluating on 4 batches
2026-08-04 03:35:13 INFO  scripts.synthetic_model_comparison.training.training_pipeline | epoch 69/200 — val mAP50=0.7756 mAP50_95=0.5143 (selection mAP50_95=0.5143)
2026-08-04 03:35:14 INFO  scripts.synthetic_model_comparison.training.evaluation | mlflow: logged val/mAP50=0.7756 val/mAP50_95=0.5143 (step=68)
2026-08-04 03:35:14 INFO  scripts.synthetic_model_comparison.training.evaluation | mlflow: logged val per-class AP table (12 classes)
2026-08-04 03:35:15 INFO  scripts.synthetic_model_comparison.training.training_pipeline | saved checkpoint: /home/debian/Master-Thesis/scripts/synthetic_model_comparison/training/model_exports/yolo26n-sd35-large-turbo-maxlen-seed42-20260804-031104/best.pt
2026-08-04 03:35:15 INFO  scripts.synthetic_model_comparison.training.training_pipeline | new best mAP50_95=0.5143 at epoch 69
2026-08-04 03:35:15 INFO  scripts.synthetic_model_comparison.training.training_pipeline | saved checkpoint: /home/debian/Master-Thesis/scripts/synthetic_model_comparison/training/model_exports/yolo26n-sd35-large-turbo-maxlen-seed42-20260804-031104/last.pt
2026-08-04 03:35:15 INFO  scripts.synthetic_model_comparison.training.training_pipeline | epoch 69/200 done — next lr=0.00747486, epochs_since_improve=0/20
2026-08-04 03:35:15 INFO  scripts.synthetic_model_comparison.training.training_pipeline | epoch 70/200 — train start (lr=0.00747486, batches=15)
2026-08-04 03:35:27 INFO  scripts.synthetic_model_comparison.training.training_pipeline | epoch 70/200 — train done in 11.7s | avg loss_box=0.9973 loss_cls=0.8131 loss_dfl=0.0299 loss_total=114.1996
2026-08-04 03:35:27 INFO  scripts.synthetic_model_comparison.training.evaluation | evaluating on 4 batches
2026-08-04 03:35:33 INFO  scripts.synthetic_model_comparison.training.training_pipeline | epoch 70/200 — val mAP50=0.7954 mAP50_95=0.5397 (selection mAP50_95=0.5397)
2026-08-04 03:35:34 INFO  scripts.synthetic_model_comparison.training.evaluation | mlflow: logged val/mAP50=0.7954 val/mAP50_95=0.5397 (step=69)
2026-08-04 03:35:34 INFO  scripts.synthetic_model_comparison.training.evaluation | mlflow: logged val per-class AP table (12 classes)
2026-08-04 03:35:34 INFO  scripts.synthetic_model_comparison.training.training_pipeline | saved checkpoint: /home/debian/Master-Thesis/scripts/synthetic_model_comparison/training/model_exports/yolo26n-sd35-large-turbo-maxlen-seed42-20260804-031104/best.pt
2026-08-04 03:35:34 INFO  scripts.synthetic_model_comparison.training.training_pipeline | new best mAP50_95=0.5397 at epoch 70
2026-08-04 03:35:34 INFO  scripts.synthetic_model_comparison.training.training_pipeline | saved checkpoint: /home/debian/Master-Thesis/scripts/synthetic_model_comparison/training/model_exports/yolo26n-sd35-large-turbo-maxlen-seed42-20260804-031104/last.pt
2026-08-04 03:35:35 INFO  scripts.synthetic_model_comparison.training.training_pipeline | epoch 70/200 done — next lr=0.00740531, epochs_since_improve=0/20
2026-08-04 03:35:35 INFO  scripts.synthetic_model_comparison.training.training_pipeline | epoch 71/200 — train start (lr=0.00740531, batches=15)
2026-08-04 03:35:41 INFO  scripts.synthetic_model_comparison.training.training_pipeline | step 1050 | loss_box=0.9492 loss_cls=0.7849 loss_dfl=0.0277 loss_total=105.4127 lr=0.00740065
2026-08-04 03:35:49 INFO  scripts.synthetic_model_comparison.training.training_pipeline | epoch 71/200 — train done in 14.3s | avg loss_box=0.9845 loss_cls=0.8068 loss_dfl=0.0288 loss_total=111.6767
2026-08-04 03:35:49 INFO  scripts.synthetic_model_comparison.training.evaluation | evaluating on 4 batches
2026-08-04 03:35:55 INFO  scripts.synthetic_model_comparison.training.training_pipeline | epoch 71/200 — val mAP50=0.7199 mAP50_95=0.4608 (selection mAP50_95=0.4608)
2026-08-04 03:35:56 INFO  scripts.synthetic_model_comparison.training.evaluation | mlflow: logged val/mAP50=0.7199 val/mAP50_95=0.4608 (step=70)
2026-08-04 03:35:56 INFO  scripts.synthetic_model_comparison.training.evaluation | mlflow: logged val per-class AP table (12 classes)
2026-08-04 03:35:56 INFO  scripts.synthetic_model_comparison.training.training_pipeline | saved checkpoint: /home/debian/Master-Thesis/scripts/synthetic_model_comparison/training/model_exports/yolo26n-sd35-large-turbo-maxlen-seed42-20260804-031104/last.pt
2026-08-04 03:35:56 INFO  scripts.synthetic_model_comparison.training.training_pipeline | epoch 71/200 done — next lr=0.00733515, epochs_since_improve=1/20
2026-08-04 03:35:56 INFO  scripts.synthetic_model_comparison.training.training_pipeline | epoch 72/200 — train start (lr=0.00733515, batches=15)
2026-08-04 03:36:08 INFO  scripts.synthetic_model_comparison.training.training_pipeline | epoch 72/200 — train done in 11.6s | avg loss_box=0.9301 loss_cls=0.7558 loss_dfl=0.0282 loss_total=105.6822
2026-08-04 03:36:08 INFO  scripts.synthetic_model_comparison.training.evaluation | evaluating on 4 batches
2026-08-04 03:36:14 INFO  scripts.synthetic_model_comparison.training.training_pipeline | epoch 72/200 — val mAP50=0.6705 mAP50_95=0.4264 (selection mAP50_95=0.4264)
2026-08-04 03:36:15 INFO  scripts.synthetic_model_comparison.training.evaluation | mlflow: logged val/mAP50=0.6705 val/mAP50_95=0.4264 (step=71)
2026-08-04 03:36:15 INFO  scripts.synthetic_model_comparison.training.evaluation | mlflow: logged val per-class AP table (12 classes)
2026-08-04 03:36:15 INFO  scripts.synthetic_model_comparison.training.training_pipeline | saved checkpoint: /home/debian/Master-Thesis/scripts/synthetic_model_comparison/training/model_exports/yolo26n-sd35-large-turbo-maxlen-seed42-20260804-031104/last.pt
2026-08-04 03:36:15 INFO  scripts.synthetic_model_comparison.training.training_pipeline | epoch 72/200 done — next lr=0.0072644, epochs_since_improve=2/20
2026-08-04 03:36:15 INFO  scripts.synthetic_model_comparison.training.training_pipeline | epoch 73/200 — train start (lr=0.0072644, batches=15)
2026-08-04 03:36:28 INFO  scripts.synthetic_model_comparison.training.training_pipeline | epoch 73/200 — train done in 12.2s | avg loss_box=0.9710 loss_cls=0.7875 loss_dfl=0.0292 loss_total=109.4036
2026-08-04 03:36:28 INFO  scripts.synthetic_model_comparison.training.evaluation | evaluating on 4 batches
2026-08-04 03:36:35 INFO  scripts.synthetic_model_comparison.training.training_pipeline | epoch 73/200 — val mAP50=0.7578 mAP50_95=0.4966 (selection mAP50_95=0.4966)
2026-08-04 03:36:35 INFO  scripts.synthetic_model_comparison.training.evaluation | mlflow: logged val/mAP50=0.7578 val/mAP50_95=0.4966 (step=72)
2026-08-04 03:36:36 INFO  scripts.synthetic_model_comparison.training.evaluation | mlflow: logged val per-class AP table (12 classes)
2026-08-04 03:36:36 INFO  scripts.synthetic_model_comparison.training.training_pipeline | saved checkpoint: /home/debian/Master-Thesis/scripts/synthetic_model_comparison/training/model_exports/yolo26n-sd35-large-turbo-maxlen-seed42-20260804-031104/last.pt
2026-08-04 03:36:36 INFO  scripts.synthetic_model_comparison.training.training_pipeline | epoch 73/200 done — next lr=0.00719307, epochs_since_improve=3/20
2026-08-04 03:36:36 INFO  scripts.synthetic_model_comparison.training.training_pipeline | epoch 74/200 — train start (lr=0.00719307, batches=15)
2026-08-04 03:36:46 INFO  scripts.synthetic_model_comparison.training.training_pipeline | step 1100 | loss_box=1.0306 loss_cls=0.9412 loss_dfl=0.0271 loss_total=118.5311 lr=0.00716439
2026-08-04 03:36:51 INFO  scripts.synthetic_model_comparison.training.training_pipeline | epoch 74/200 — train done in 14.9s | avg loss_box=1.0052 loss_cls=0.8028 loss_dfl=0.0297 loss_total=111.8274
2026-08-04 03:36:51 INFO  scripts.synthetic_model_comparison.training.evaluation | evaluating on 4 batches
2026-08-04 03:36:57 INFO  scripts.synthetic_model_comparison.training.training_pipeline | epoch 74/200 — val mAP50=0.7781 mAP50_95=0.5200 (selection mAP50_95=0.5200)
2026-08-04 03:36:58 INFO  scripts.synthetic_model_comparison.training.evaluation | mlflow: logged val/mAP50=0.7781 val/mAP50_95=0.5200 (step=73)
2026-08-04 03:36:58 INFO  scripts.synthetic_model_comparison.training.evaluation | mlflow: logged val per-class AP table (12 classes)
2026-08-04 03:36:58 INFO  scripts.synthetic_model_comparison.training.training_pipeline | saved checkpoint: /home/debian/Master-Thesis/scripts/synthetic_model_comparison/training/model_exports/yolo26n-sd35-large-turbo-maxlen-seed42-20260804-031104/last.pt
2026-08-04 03:36:59 INFO  scripts.synthetic_model_comparison.training.training_pipeline | epoch 74/200 done — next lr=0.00712119, epochs_since_improve=4/20
2026-08-04 03:36:59 INFO  scripts.synthetic_model_comparison.training.training_pipeline | epoch 75/200 — train start (lr=0.00712119, batches=15)
2026-08-04 03:37:10 INFO  scripts.synthetic_model_comparison.training.training_pipeline | epoch 75/200 — train done in 11.9s | avg loss_box=0.9618 loss_cls=0.7628 loss_dfl=0.0287 loss_total=107.2001
2026-08-04 03:37:10 INFO  scripts.synthetic_model_comparison.training.evaluation | evaluating on 4 batches
2026-08-04 03:37:16 INFO  scripts.synthetic_model_comparison.training.training_pipeline | epoch 75/200 — val mAP50=0.7325 mAP50_95=0.4493 (selection mAP50_95=0.4493)
2026-08-04 03:37:17 INFO  scripts.synthetic_model_comparison.training.evaluation | mlflow: logged val/mAP50=0.7325 val/mAP50_95=0.4493 (step=74)
2026-08-04 03:37:17 INFO  scripts.synthetic_model_comparison.training.evaluation | mlflow: logged val per-class AP table (12 classes)
2026-08-04 03:37:18 INFO  scripts.synthetic_model_comparison.training.training_pipeline | saved checkpoint: /home/debian/Master-Thesis/scripts/synthetic_model_comparison/training/model_exports/yolo26n-sd35-large-turbo-maxlen-seed42-20260804-031104/last.pt
2026-08-04 03:37:18 INFO  scripts.synthetic_model_comparison.training.training_pipeline | epoch 75/200 done — next lr=0.00704877, epochs_since_improve=5/20
2026-08-04 03:37:18 INFO  scripts.synthetic_model_comparison.training.training_pipeline | epoch 76/200 — train start (lr=0.00704877, batches=15)
2026-08-04 03:37:30 INFO  scripts.synthetic_model_comparison.training.training_pipeline | epoch 76/200 — train done in 12.1s | avg loss_box=0.9625 loss_cls=0.7637 loss_dfl=0.0289 loss_total=107.6024
2026-08-04 03:37:30 INFO  scripts.synthetic_model_comparison.training.evaluation | evaluating on 4 batches
2026-08-04 03:37:37 INFO  scripts.synthetic_model_comparison.training.training_pipeline | epoch 76/200 — val mAP50=0.7772 mAP50_95=0.5210 (selection mAP50_95=0.5210)
2026-08-04 03:37:37 INFO  scripts.synthetic_model_comparison.training.evaluation | mlflow: logged val/mAP50=0.7772 val/mAP50_95=0.5210 (step=75)
2026-08-04 03:37:38 INFO  scripts.synthetic_model_comparison.training.evaluation | mlflow: logged val per-class AP table (12 classes)
2026-08-04 03:37:38 INFO  scripts.synthetic_model_comparison.training.training_pipeline | saved checkpoint: /home/debian/Master-Thesis/scripts/synthetic_model_comparison/training/model_exports/yolo26n-sd35-large-turbo-maxlen-seed42-20260804-031104/last.pt
2026-08-04 03:37:38 INFO  scripts.synthetic_model_comparison.training.training_pipeline | epoch 76/200 done — next lr=0.00697583, epochs_since_improve=6/20
2026-08-04 03:37:38 INFO  scripts.synthetic_model_comparison.training.training_pipeline | epoch 77/200 — train start (lr=0.00697583, batches=15)
2026-08-04 03:37:49 INFO  scripts.synthetic_model_comparison.training.training_pipeline | step 1150 | loss_box=1.0102 loss_cls=0.7659 loss_dfl=0.0288 loss_total=112.0445 lr=0.00692202
2026-08-04 03:37:52 INFO  scripts.synthetic_model_comparison.training.training_pipeline | epoch 77/200 — train done in 14.3s | avg loss_box=0.9277 loss_cls=0.7537 loss_dfl=0.0277 loss_total=105.2959
2026-08-04 03:37:52 INFO  scripts.synthetic_model_comparison.training.evaluation | evaluating on 4 batches
2026-08-04 03:38:00 INFO  scripts.synthetic_model_comparison.training.training_pipeline | epoch 77/200 — val mAP50=0.7469 mAP50_95=0.4308 (selection mAP50_95=0.4308)
2026-08-04 03:38:01 INFO  scripts.synthetic_model_comparison.training.evaluation | mlflow: logged val/mAP50=0.7469 val/mAP50_95=0.4308 (step=76)
2026-08-04 03:38:01 INFO  scripts.synthetic_model_comparison.training.evaluation | mlflow: logged val per-class AP table (12 classes)
2026-08-04 03:38:01 INFO  scripts.synthetic_model_comparison.training.training_pipeline | saved checkpoint: /home/debian/Master-Thesis/scripts/synthetic_model_comparison/training/model_exports/yolo26n-sd35-large-turbo-maxlen-seed42-20260804-031104/last.pt
2026-08-04 03:38:02 INFO  scripts.synthetic_model_comparison.training.training_pipeline | epoch 77/200 done — next lr=0.00690239, epochs_since_improve=7/20
2026-08-04 03:38:02 INFO  scripts.synthetic_model_comparison.training.training_pipeline | epoch 78/200 — train start (lr=0.00690239, batches=15)
2026-08-04 03:38:15 INFO  scripts.synthetic_model_comparison.training.training_pipeline | epoch 78/200 — train done in 13.1s | avg loss_box=0.9669 loss_cls=0.7251 loss_dfl=0.0286 loss_total=106.2964
2026-08-04 03:38:15 INFO  scripts.synthetic_model_comparison.training.evaluation | evaluating on 4 batches
2026-08-04 03:38:22 INFO  scripts.synthetic_model_comparison.training.training_pipeline | epoch 78/200 — val mAP50=0.7276 mAP50_95=0.4512 (selection mAP50_95=0.4512)
2026-08-04 03:38:23 INFO  scripts.synthetic_model_comparison.training.evaluation | mlflow: logged val/mAP50=0.7276 val/mAP50_95=0.4512 (step=77)
2026-08-04 03:38:23 INFO  scripts.synthetic_model_comparison.training.evaluation | mlflow: logged val per-class AP table (12 classes)
2026-08-04 03:38:24 INFO  scripts.synthetic_model_comparison.training.training_pipeline | saved checkpoint: /home/debian/Master-Thesis/scripts/synthetic_model_comparison/training/model_exports/yolo26n-sd35-large-turbo-maxlen-seed42-20260804-031104/last.pt
2026-08-04 03:38:24 INFO  scripts.synthetic_model_comparison.training.training_pipeline | epoch 78/200 done — next lr=0.00682847, epochs_since_improve=8/20
2026-08-04 03:38:24 INFO  scripts.synthetic_model_comparison.training.training_pipeline | epoch 79/200 — train start (lr=0.00682847, batches=15)
2026-08-04 03:38:36 INFO  scripts.synthetic_model_comparison.training.training_pipeline | epoch 79/200 — train done in 12.0s | avg loss_box=0.8956 loss_cls=0.6824 loss_dfl=0.0265 loss_total=100.5057
2026-08-04 03:38:36 INFO  scripts.synthetic_model_comparison.training.evaluation | evaluating on 4 batches
2026-08-04 03:38:42 INFO  scripts.synthetic_model_comparison.training.training_pipeline | epoch 79/200 — val mAP50=0.7082 mAP50_95=0.4136 (selection mAP50_95=0.4136)
2026-08-04 03:38:43 INFO  scripts.synthetic_model_comparison.training.evaluation | mlflow: logged val/mAP50=0.7082 val/mAP50_95=0.4136 (step=78)
2026-08-04 03:38:43 INFO  scripts.synthetic_model_comparison.training.evaluation | mlflow: logged val per-class AP table (12 classes)
2026-08-04 03:38:43 INFO  scripts.synthetic_model_comparison.training.training_pipeline | saved checkpoint: /home/debian/Master-Thesis/scripts/synthetic_model_comparison/training/model_exports/yolo26n-sd35-large-turbo-maxlen-seed42-20260804-031104/last.pt
2026-08-04 03:38:43 INFO  scripts.synthetic_model_comparison.training.training_pipeline | epoch 79/200 done — next lr=0.00675408, epochs_since_improve=9/20
2026-08-04 03:38:43 INFO  scripts.synthetic_model_comparison.training.training_pipeline | epoch 80/200 — train start (lr=0.00675408, batches=15)
2026-08-04 03:38:55 INFO  scripts.synthetic_model_comparison.training.training_pipeline | epoch 80/200 — train done in 11.8s | avg loss_box=0.9228 loss_cls=0.7159 loss_dfl=0.0271 loss_total=103.4316
2026-08-04 03:38:55 INFO  scripts.synthetic_model_comparison.training.evaluation | evaluating on 4 batches
2026-08-04 03:39:01 INFO  scripts.synthetic_model_comparison.training.training_pipeline | epoch 80/200 — val mAP50=0.6907 mAP50_95=0.3983 (selection mAP50_95=0.3983)
2026-08-04 03:39:02 INFO  scripts.synthetic_model_comparison.training.evaluation | mlflow: logged val/mAP50=0.6907 val/mAP50_95=0.3983 (step=79)
2026-08-04 03:39:02 INFO  scripts.synthetic_model_comparison.training.evaluation | mlflow: logged val per-class AP table (12 classes)
2026-08-04 03:39:03 INFO  scripts.synthetic_model_comparison.training.training_pipeline | saved checkpoint: /home/debian/Master-Thesis/scripts/synthetic_model_comparison/training/model_exports/yolo26n-sd35-large-turbo-maxlen-seed42-20260804-031104/last.pt
2026-08-04 03:39:03 INFO  scripts.synthetic_model_comparison.training.training_pipeline | epoch 80/200 done — next lr=0.00667925, epochs_since_improve=10/20
2026-08-04 03:39:03 INFO  scripts.synthetic_model_comparison.training.training_pipeline | epoch 81/200 — train start (lr=0.00667925, batches=15)
2026-08-04 03:39:09 INFO  scripts.synthetic_model_comparison.training.training_pipeline | step 1200 | loss_box=0.8277 loss_cls=0.6561 loss_dfl=0.0272 loss_total=95.6658 lr=0.00667424
2026-08-04 03:39:16 INFO  scripts.synthetic_model_comparison.training.training_pipeline | epoch 81/200 — train done in 13.4s | avg loss_box=0.9050 loss_cls=0.6844 loss_dfl=0.0273 loss_total=100.4688
2026-08-04 03:39:16 INFO  scripts.synthetic_model_comparison.training.evaluation | evaluating on 4 batches
2026-08-04 03:39:22 INFO  scripts.synthetic_model_comparison.training.training_pipeline | epoch 81/200 — val mAP50=0.7316 mAP50_95=0.4608 (selection mAP50_95=0.4608)
2026-08-04 03:39:23 INFO  scripts.synthetic_model_comparison.training.evaluation | mlflow: logged val/mAP50=0.7316 val/mAP50_95=0.4608 (step=80)
2026-08-04 03:39:23 INFO  scripts.synthetic_model_comparison.training.evaluation | mlflow: logged val per-class AP table (12 classes)
2026-08-04 03:39:23 INFO  scripts.synthetic_model_comparison.training.training_pipeline | saved checkpoint: /home/debian/Master-Thesis/scripts/synthetic_model_comparison/training/model_exports/yolo26n-sd35-large-turbo-maxlen-seed42-20260804-031104/last.pt
2026-08-04 03:39:24 INFO  scripts.synthetic_model_comparison.training.training_pipeline | epoch 81/200 done — next lr=0.00660399, epochs_since_improve=11/20
2026-08-04 03:39:24 INFO  scripts.synthetic_model_comparison.training.training_pipeline | epoch 82/200 — train start (lr=0.00660399, batches=15)
2026-08-04 03:39:36 INFO  scripts.synthetic_model_comparison.training.training_pipeline | epoch 82/200 — train done in 11.8s | avg loss_box=0.9139 loss_cls=0.6963 loss_dfl=0.0269 loss_total=100.9079
2026-08-04 03:39:36 INFO  scripts.synthetic_model_comparison.training.evaluation | evaluating on 4 batches
2026-08-04 03:39:43 INFO  scripts.synthetic_model_comparison.training.training_pipeline | epoch 82/200 — val mAP50=0.8141 mAP50_95=0.5554 (selection mAP50_95=0.5554)
2026-08-04 03:39:43 INFO  scripts.synthetic_model_comparison.training.evaluation | mlflow: logged val/mAP50=0.8141 val/mAP50_95=0.5554 (step=81)
2026-08-04 03:39:44 INFO  scripts.synthetic_model_comparison.training.evaluation | mlflow: logged val per-class AP table (12 classes)
2026-08-04 03:39:44 INFO  scripts.synthetic_model_comparison.training.training_pipeline | saved checkpoint: /home/debian/Master-Thesis/scripts/synthetic_model_comparison/training/model_exports/yolo26n-sd35-large-turbo-maxlen-seed42-20260804-031104/best.pt
2026-08-04 03:39:44 INFO  scripts.synthetic_model_comparison.training.training_pipeline | new best mAP50_95=0.5554 at epoch 82
2026-08-04 03:39:44 INFO  scripts.synthetic_model_comparison.training.training_pipeline | saved checkpoint: /home/debian/Master-Thesis/scripts/synthetic_model_comparison/training/model_exports/yolo26n-sd35-large-turbo-maxlen-seed42-20260804-031104/last.pt
2026-08-04 03:39:44 INFO  scripts.synthetic_model_comparison.training.training_pipeline | epoch 82/200 done — next lr=0.00652832, epochs_since_improve=0/20
2026-08-04 03:39:44 INFO  scripts.synthetic_model_comparison.training.training_pipeline | epoch 83/200 — train start (lr=0.00652832, batches=15)
2026-08-04 03:39:56 INFO  scripts.synthetic_model_comparison.training.training_pipeline | epoch 83/200 — train done in 12.0s | avg loss_box=0.8805 loss_cls=0.6543 loss_dfl=0.0256 loss_total=96.7976
2026-08-04 03:39:56 INFO  scripts.synthetic_model_comparison.training.evaluation | evaluating on 4 batches
2026-08-04 03:40:02 INFO  scripts.synthetic_model_comparison.training.training_pipeline | epoch 83/200 — val mAP50=0.7650 mAP50_95=0.4877 (selection mAP50_95=0.4877)
2026-08-04 03:40:03 INFO  scripts.synthetic_model_comparison.training.evaluation | mlflow: logged val/mAP50=0.7650 val/mAP50_95=0.4877 (step=82)
2026-08-04 03:40:03 INFO  scripts.synthetic_model_comparison.training.evaluation | mlflow: logged val per-class AP table (12 classes)
2026-08-04 03:40:03 INFO  scripts.synthetic_model_comparison.training.training_pipeline | saved checkpoint: /home/debian/Master-Thesis/scripts/synthetic_model_comparison/training/model_exports/yolo26n-sd35-large-turbo-maxlen-seed42-20260804-031104/last.pt
2026-08-04 03:40:04 INFO  scripts.synthetic_model_comparison.training.training_pipeline | epoch 83/200 done — next lr=0.00645227, epochs_since_improve=1/20
2026-08-04 03:40:04 INFO  scripts.synthetic_model_comparison.training.training_pipeline | epoch 84/200 — train start (lr=0.00645227, batches=15)
2026-08-04 03:40:13 INFO  scripts.synthetic_model_comparison.training.training_pipeline | step 1250 | loss_box=0.9161 loss_cls=0.7059 loss_dfl=0.0252 loss_total=100.4230 lr=0.00642175
2026-08-04 03:40:18 INFO  scripts.synthetic_model_comparison.training.training_pipeline | epoch 84/200 — train done in 14.1s | avg loss_box=0.8917 loss_cls=0.6866 loss_dfl=0.0267 loss_total=98.8048
2026-08-04 03:40:18 INFO  scripts.synthetic_model_comparison.training.evaluation | evaluating on 4 batches
2026-08-04 03:40:25 INFO  scripts.synthetic_model_comparison.training.training_pipeline | epoch 84/200 — val mAP50=0.7966 mAP50_95=0.5539 (selection mAP50_95=0.5539)
2026-08-04 03:40:26 INFO  scripts.synthetic_model_comparison.training.evaluation | mlflow: logged val/mAP50=0.7966 val/mAP50_95=0.5539 (step=83)
2026-08-04 03:40:26 INFO  scripts.synthetic_model_comparison.training.evaluation | mlflow: logged val per-class AP table (12 classes)
2026-08-04 03:40:27 INFO  scripts.synthetic_model_comparison.training.training_pipeline | saved checkpoint: /home/debian/Master-Thesis/scripts/synthetic_model_comparison/training/model_exports/yolo26n-sd35-large-turbo-maxlen-seed42-20260804-031104/last.pt
2026-08-04 03:40:27 INFO  scripts.synthetic_model_comparison.training.training_pipeline | epoch 84/200 done — next lr=0.00637585, epochs_since_improve=2/20
2026-08-04 03:40:27 INFO  scripts.synthetic_model_comparison.training.training_pipeline | epoch 85/200 — train start (lr=0.00637585, batches=15)
2026-08-04 03:40:40 INFO  scripts.synthetic_model_comparison.training.training_pipeline | epoch 85/200 — train done in 12.6s | avg loss_box=0.8849 loss_cls=0.6759 loss_dfl=0.0259 loss_total=98.2422
2026-08-04 03:40:40 INFO  scripts.synthetic_model_comparison.training.evaluation | evaluating on 4 batches
2026-08-04 03:40:47 INFO  scripts.synthetic_model_comparison.training.training_pipeline | epoch 85/200 — val mAP50=0.7493 mAP50_95=0.4804 (selection mAP50_95=0.4804)
2026-08-04 03:40:48 INFO  scripts.synthetic_model_comparison.training.evaluation | mlflow: logged val/mAP50=0.7493 val/mAP50_95=0.4804 (step=84)
2026-08-04 03:40:48 INFO  scripts.synthetic_model_comparison.training.evaluation | mlflow: logged val per-class AP table (12 classes)
2026-08-04 03:40:48 INFO  scripts.synthetic_model_comparison.training.training_pipeline | saved checkpoint: /home/debian/Master-Thesis/scripts/synthetic_model_comparison/training/model_exports/yolo26n-sd35-large-turbo-maxlen-seed42-20260804-031104/last.pt
2026-08-04 03:40:49 INFO  scripts.synthetic_model_comparison.training.training_pipeline | epoch 85/200 done — next lr=0.00629908, epochs_since_improve=3/20
2026-08-04 03:40:49 INFO  scripts.synthetic_model_comparison.training.training_pipeline | epoch 86/200 — train start (lr=0.00629908, batches=15)
2026-08-04 03:41:01 INFO  scripts.synthetic_model_comparison.training.training_pipeline | epoch 86/200 — train done in 12.2s | avg loss_box=0.8904 loss_cls=0.6680 loss_dfl=0.0261 loss_total=98.1485
2026-08-04 03:41:01 INFO  scripts.synthetic_model_comparison.training.evaluation | evaluating on 4 batches
2026-08-04 03:41:08 INFO  scripts.synthetic_model_comparison.training.training_pipeline | epoch 86/200 — val mAP50=0.8346 mAP50_95=0.5695 (selection mAP50_95=0.5695)
2026-08-04 03:41:09 INFO  scripts.synthetic_model_comparison.training.evaluation | mlflow: logged val/mAP50=0.8346 val/mAP50_95=0.5695 (step=85)
2026-08-04 03:41:09 INFO  scripts.synthetic_model_comparison.training.evaluation | mlflow: logged val per-class AP table (12 classes)
2026-08-04 03:41:10 INFO  scripts.synthetic_model_comparison.training.training_pipeline | saved checkpoint: /home/debian/Master-Thesis/scripts/synthetic_model_comparison/training/model_exports/yolo26n-sd35-large-turbo-maxlen-seed42-20260804-031104/best.pt
2026-08-04 03:41:10 INFO  scripts.synthetic_model_comparison.training.training_pipeline | new best mAP50_95=0.5695 at epoch 86
2026-08-04 03:41:10 INFO  scripts.synthetic_model_comparison.training.training_pipeline | saved checkpoint: /home/debian/Master-Thesis/scripts/synthetic_model_comparison/training/model_exports/yolo26n-sd35-large-turbo-maxlen-seed42-20260804-031104/last.pt
2026-08-04 03:41:10 INFO  scripts.synthetic_model_comparison.training.training_pipeline | epoch 86/200 done — next lr=0.00622199, epochs_since_improve=0/20
2026-08-04 03:41:10 INFO  scripts.synthetic_model_comparison.training.training_pipeline | epoch 87/200 — train start (lr=0.00622199, batches=15)
2026-08-04 03:41:21 INFO  scripts.synthetic_model_comparison.training.training_pipeline | step 1300 | loss_box=0.8561 loss_cls=0.7325 loss_dfl=0.0240 loss_total=95.6202 lr=0.00616525
2026-08-04 03:41:24 INFO  scripts.synthetic_model_comparison.training.training_pipeline | epoch 87/200 — train done in 14.0s | avg loss_box=0.8518 loss_cls=0.6979 loss_dfl=0.0248 loss_total=97.0545
2026-08-04 03:41:24 INFO  scripts.synthetic_model_comparison.training.evaluation | evaluating on 4 batches
2026-08-04 03:41:32 INFO  scripts.synthetic_model_comparison.training.training_pipeline | epoch 87/200 — val mAP50=0.8194 mAP50_95=0.5804 (selection mAP50_95=0.5804)
2026-08-04 03:41:32 INFO  scripts.synthetic_model_comparison.training.evaluation | mlflow: logged val/mAP50=0.8194 val/mAP50_95=0.5804 (step=86)
2026-08-04 03:41:33 INFO  scripts.synthetic_model_comparison.training.evaluation | mlflow: logged val per-class AP table (12 classes)
2026-08-04 03:41:33 INFO  scripts.synthetic_model_comparison.training.training_pipeline | saved checkpoint: /home/debian/Master-Thesis/scripts/synthetic_model_comparison/training/model_exports/yolo26n-sd35-large-turbo-maxlen-seed42-20260804-031104/best.pt
2026-08-04 03:41:33 INFO  scripts.synthetic_model_comparison.training.training_pipeline | new best mAP50_95=0.5804 at epoch 87
2026-08-04 03:41:33 INFO  scripts.synthetic_model_comparison.training.training_pipeline | saved checkpoint: /home/debian/Master-Thesis/scripts/synthetic_model_comparison/training/model_exports/yolo26n-sd35-large-turbo-maxlen-seed42-20260804-031104/last.pt
2026-08-04 03:41:34 INFO  scripts.synthetic_model_comparison.training.training_pipeline | epoch 87/200 done — next lr=0.00614458, epochs_since_improve=0/20
2026-08-04 03:41:34 INFO  scripts.synthetic_model_comparison.training.training_pipeline | epoch 88/200 — train start (lr=0.00614458, batches=15)
2026-08-04 03:41:45 INFO  scripts.synthetic_model_comparison.training.training_pipeline | epoch 88/200 — train done in 11.6s | avg loss_box=0.8478 loss_cls=0.6592 loss_dfl=0.0247 loss_total=95.1403
2026-08-04 03:41:45 INFO  scripts.synthetic_model_comparison.training.evaluation | evaluating on 4 batches
2026-08-04 03:41:51 INFO  scripts.synthetic_model_comparison.training.training_pipeline | epoch 88/200 — val mAP50=0.8212 mAP50_95=0.5805 (selection mAP50_95=0.5805)
2026-08-04 03:41:52 INFO  scripts.synthetic_model_comparison.training.evaluation | mlflow: logged val/mAP50=0.8212 val/mAP50_95=0.5805 (step=87)
2026-08-04 03:41:52 INFO  scripts.synthetic_model_comparison.training.evaluation | mlflow: logged val per-class AP table (12 classes)
2026-08-04 03:41:52 INFO  scripts.synthetic_model_comparison.training.training_pipeline | saved checkpoint: /home/debian/Master-Thesis/scripts/synthetic_model_comparison/training/model_exports/yolo26n-sd35-large-turbo-maxlen-seed42-20260804-031104/last.pt
2026-08-04 03:41:53 INFO  scripts.synthetic_model_comparison.training.training_pipeline | epoch 88/200 done — next lr=0.00606688, epochs_since_improve=1/20
2026-08-04 03:41:53 INFO  scripts.synthetic_model_comparison.training.training_pipeline | epoch 89/200 — train start (lr=0.00606688, batches=15)
2026-08-04 03:42:05 INFO  scripts.synthetic_model_comparison.training.training_pipeline | epoch 89/200 — train done in 11.9s | avg loss_box=0.8210 loss_cls=0.6336 loss_dfl=0.0239 loss_total=91.7235
2026-08-04 03:42:05 INFO  scripts.synthetic_model_comparison.training.evaluation | evaluating on 4 batches
2026-08-04 03:42:10 INFO  scripts.synthetic_model_comparison.training.training_pipeline | epoch 89/200 — val mAP50=0.8121 mAP50_95=0.5717 (selection mAP50_95=0.5717)
2026-08-04 03:42:11 INFO  scripts.synthetic_model_comparison.training.evaluation | mlflow: logged val/mAP50=0.8121 val/mAP50_95=0.5717 (step=88)
2026-08-04 03:42:12 INFO  scripts.synthetic_model_comparison.training.evaluation | mlflow: logged val per-class AP table (12 classes)
2026-08-04 03:42:12 INFO  scripts.synthetic_model_comparison.training.training_pipeline | saved checkpoint: /home/debian/Master-Thesis/scripts/synthetic_model_comparison/training/model_exports/yolo26n-sd35-large-turbo-maxlen-seed42-20260804-031104/last.pt
2026-08-04 03:42:12 INFO  scripts.synthetic_model_comparison.training.training_pipeline | epoch 89/200 done — next lr=0.00598891, epochs_since_improve=2/20
2026-08-04 03:42:12 INFO  scripts.synthetic_model_comparison.training.training_pipeline | epoch 90/200 — train start (lr=0.00598891, batches=15)
2026-08-04 03:42:25 INFO  scripts.synthetic_model_comparison.training.training_pipeline | epoch 90/200 — train done in 12.6s | avg loss_box=0.8523 loss_cls=0.6400 loss_dfl=0.0246 loss_total=93.8827
2026-08-04 03:42:25 INFO  scripts.synthetic_model_comparison.training.evaluation | evaluating on 4 batches
2026-08-04 03:42:32 INFO  scripts.synthetic_model_comparison.training.training_pipeline | epoch 90/200 — val mAP50=0.7634 mAP50_95=0.4642 (selection mAP50_95=0.4642)
2026-08-04 03:42:33 INFO  scripts.synthetic_model_comparison.training.evaluation | mlflow: logged val/mAP50=0.7634 val/mAP50_95=0.4642 (step=89)
2026-08-04 03:42:33 INFO  scripts.synthetic_model_comparison.training.evaluation | mlflow: logged val per-class AP table (12 classes)
2026-08-04 03:42:33 INFO  scripts.synthetic_model_comparison.training.training_pipeline | saved checkpoint: /home/debian/Master-Thesis/scripts/synthetic_model_comparison/training/model_exports/yolo26n-sd35-large-turbo-maxlen-seed42-20260804-031104/last.pt
2026-08-04 03:42:34 INFO  scripts.synthetic_model_comparison.training.training_pipeline | epoch 90/200 done — next lr=0.0059107, epochs_since_improve=3/20
2026-08-04 03:42:34 INFO  scripts.synthetic_model_comparison.training.training_pipeline | epoch 91/200 — train start (lr=0.0059107, batches=15)
2026-08-04 03:42:39 INFO  scripts.synthetic_model_comparison.training.training_pipeline | step 1350 | loss_box=0.7526 loss_cls=0.6012 loss_dfl=0.0239 loss_total=87.0625 lr=0.00590547
2026-08-04 03:42:47 INFO  scripts.synthetic_model_comparison.training.training_pipeline | epoch 91/200 — train done in 13.3s | avg loss_box=0.7927 loss_cls=0.5923 loss_dfl=0.0231 loss_total=88.8633
2026-08-04 03:42:47 INFO  scripts.synthetic_model_comparison.training.evaluation | evaluating on 4 batches
2026-08-04 03:42:53 INFO  scripts.synthetic_model_comparison.training.training_pipeline | epoch 91/200 — val mAP50=0.7933 mAP50_95=0.5542 (selection mAP50_95=0.5542)
2026-08-04 03:42:53 INFO  scripts.synthetic_model_comparison.training.evaluation | mlflow: logged val/mAP50=0.7933 val/mAP50_95=0.5542 (step=90)
2026-08-04 03:42:54 INFO  scripts.synthetic_model_comparison.training.evaluation | mlflow: logged val per-class AP table (12 classes)
2026-08-04 03:42:54 INFO  scripts.synthetic_model_comparison.training.training_pipeline | saved checkpoint: /home/debian/Master-Thesis/scripts/synthetic_model_comparison/training/model_exports/yolo26n-sd35-large-turbo-maxlen-seed42-20260804-031104/last.pt
2026-08-04 03:42:54 INFO  scripts.synthetic_model_comparison.training.training_pipeline | epoch 91/200 done — next lr=0.00583225, epochs_since_improve=4/20
2026-08-04 03:42:54 INFO  scripts.synthetic_model_comparison.training.training_pipeline | epoch 92/200 — train start (lr=0.00583225, batches=15)
2026-08-04 03:43:06 INFO  scripts.synthetic_model_comparison.training.training_pipeline | epoch 92/200 — train done in 11.9s | avg loss_box=0.8451 loss_cls=0.6153 loss_dfl=0.0249 loss_total=92.2787
2026-08-04 03:43:06 INFO  scripts.synthetic_model_comparison.training.evaluation | evaluating on 4 batches
2026-08-04 03:43:14 INFO  scripts.synthetic_model_comparison.training.training_pipeline | epoch 92/200 — val mAP50=0.7441 mAP50_95=0.4109 (selection mAP50_95=0.4109)
2026-08-04 03:43:14 INFO  scripts.synthetic_model_comparison.training.evaluation | mlflow: logged val/mAP50=0.7441 val/mAP50_95=0.4109 (step=91)
2026-08-04 03:43:15 INFO  scripts.synthetic_model_comparison.training.evaluation | mlflow: logged val per-class AP table (12 classes)
2026-08-04 03:43:15 INFO  scripts.synthetic_model_comparison.training.training_pipeline | saved checkpoint: /home/debian/Master-Thesis/scripts/synthetic_model_comparison/training/model_exports/yolo26n-sd35-large-turbo-maxlen-seed42-20260804-031104/last.pt
2026-08-04 03:43:15 INFO  scripts.synthetic_model_comparison.training.training_pipeline | epoch 92/200 done — next lr=0.00575359, epochs_since_improve=5/20
2026-08-04 03:43:15 INFO  scripts.synthetic_model_comparison.training.training_pipeline | epoch 93/200 — train start (lr=0.00575359, batches=15)
2026-08-04 03:43:28 INFO  scripts.synthetic_model_comparison.training.training_pipeline | epoch 93/200 — train done in 13.1s | avg loss_box=0.7768 loss_cls=0.6237 loss_dfl=0.0231 loss_total=88.6072
2026-08-04 03:43:28 INFO  scripts.synthetic_model_comparison.training.evaluation | evaluating on 4 batches
2026-08-04 03:43:36 INFO  scripts.synthetic_model_comparison.training.training_pipeline | epoch 93/200 — val mAP50=0.7233 mAP50_95=0.4637 (selection mAP50_95=0.4637)
2026-08-04 03:43:37 INFO  scripts.synthetic_model_comparison.training.evaluation | mlflow: logged val/mAP50=0.7233 val/mAP50_95=0.4637 (step=92)
2026-08-04 03:43:37 INFO  scripts.synthetic_model_comparison.training.evaluation | mlflow: logged val per-class AP table (12 classes)
2026-08-04 03:43:37 INFO  scripts.synthetic_model_comparison.training.training_pipeline | saved checkpoint: /home/debian/Master-Thesis/scripts/synthetic_model_comparison/training/model_exports/yolo26n-sd35-large-turbo-maxlen-seed42-20260804-031104/last.pt
2026-08-04 03:43:38 INFO  scripts.synthetic_model_comparison.training.training_pipeline | epoch 93/200 done — next lr=0.00567474, epochs_since_improve=6/20
2026-08-04 03:43:38 INFO  scripts.synthetic_model_comparison.training.training_pipeline | epoch 94/200 — train start (lr=0.00567474, batches=15)
2026-08-04 03:43:47 INFO  scripts.synthetic_model_comparison.training.training_pipeline | step 1400 | loss_box=0.7498 loss_cls=0.7009 loss_dfl=0.0206 loss_total=92.2668 lr=0.00564316
2026-08-04 03:43:52 INFO  scripts.synthetic_model_comparison.training.training_pipeline | epoch 94/200 — train done in 14.3s | avg loss_box=0.7911 loss_cls=0.5920 loss_dfl=0.0227 loss_total=88.0463
2026-08-04 03:43:52 INFO  scripts.synthetic_model_comparison.training.evaluation | evaluating on 4 batches
2026-08-04 03:43:59 INFO  scripts.synthetic_model_comparison.training.training_pipeline | epoch 94/200 — val mAP50=0.6949 mAP50_95=0.4558 (selection mAP50_95=0.4558)
2026-08-04 03:44:00 INFO  scripts.synthetic_model_comparison.training.evaluation | mlflow: logged val/mAP50=0.6949 val/mAP50_95=0.4558 (step=93)
2026-08-04 03:44:00 INFO  scripts.synthetic_model_comparison.training.evaluation | mlflow: logged val per-class AP table (12 classes)
2026-08-04 03:44:00 INFO  scripts.synthetic_model_comparison.training.training_pipeline | saved checkpoint: /home/debian/Master-Thesis/scripts/synthetic_model_comparison/training/model_exports/yolo26n-sd35-large-turbo-maxlen-seed42-20260804-031104/last.pt
2026-08-04 03:44:01 INFO  scripts.synthetic_model_comparison.training.training_pipeline | epoch 94/200 done — next lr=0.00559572, epochs_since_improve=7/20
2026-08-04 03:44:01 INFO  scripts.synthetic_model_comparison.training.training_pipeline | epoch 95/200 — train start (lr=0.00559572, batches=15)
2026-08-04 03:44:14 INFO  scripts.synthetic_model_comparison.training.training_pipeline | epoch 95/200 — train done in 12.6s | avg loss_box=0.8031 loss_cls=0.6020 loss_dfl=0.0239 loss_total=88.8991
2026-08-04 03:44:14 INFO  scripts.synthetic_model_comparison.training.evaluation | evaluating on 4 batches
2026-08-04 03:44:21 INFO  scripts.synthetic_model_comparison.training.training_pipeline | epoch 95/200 — val mAP50=0.8360 mAP50_95=0.6147 (selection mAP50_95=0.6147)
2026-08-04 03:44:22 INFO  scripts.synthetic_model_comparison.training.evaluation | mlflow: logged val/mAP50=0.8360 val/mAP50_95=0.6147 (step=94)
2026-08-04 03:44:22 INFO  scripts.synthetic_model_comparison.training.evaluation | mlflow: logged val per-class AP table (12 classes)
2026-08-04 03:44:22 INFO  scripts.synthetic_model_comparison.training.training_pipeline | saved checkpoint: /home/debian/Master-Thesis/scripts/synthetic_model_comparison/training/model_exports/yolo26n-sd35-large-turbo-maxlen-seed42-20260804-031104/best.pt
2026-08-04 03:44:22 INFO  scripts.synthetic_model_comparison.training.training_pipeline | new best mAP50_95=0.6147 at epoch 95
2026-08-04 03:44:23 INFO  scripts.synthetic_model_comparison.training.training_pipeline | saved checkpoint: /home/debian/Master-Thesis/scripts/synthetic_model_comparison/training/model_exports/yolo26n-sd35-large-turbo-maxlen-seed42-20260804-031104/last.pt
2026-08-04 03:44:23 INFO  scripts.synthetic_model_comparison.training.training_pipeline | epoch 95/200 done — next lr=0.00551656, epochs_since_improve=0/20
2026-08-04 03:44:23 INFO  scripts.synthetic_model_comparison.training.training_pipeline | epoch 96/200 — train start (lr=0.00551656, batches=15)
2026-08-04 03:44:36 INFO  scripts.synthetic_model_comparison.training.training_pipeline | epoch 96/200 — train done in 12.7s | avg loss_box=0.7866 loss_cls=0.5855 loss_dfl=0.0227 loss_total=87.2838
2026-08-04 03:44:36 INFO  scripts.synthetic_model_comparison.training.evaluation | evaluating on 4 batches
2026-08-04 03:44:43 INFO  scripts.synthetic_model_comparison.training.training_pipeline | epoch 96/200 — val mAP50=0.8162 mAP50_95=0.5773 (selection mAP50_95=0.5773)
2026-08-04 03:44:44 INFO  scripts.synthetic_model_comparison.training.evaluation | mlflow: logged val/mAP50=0.8162 val/mAP50_95=0.5773 (step=95)
2026-08-04 03:44:44 INFO  scripts.synthetic_model_comparison.training.evaluation | mlflow: logged val per-class AP table (12 classes)
2026-08-04 03:44:45 INFO  scripts.synthetic_model_comparison.training.training_pipeline | saved checkpoint: /home/debian/Master-Thesis/scripts/synthetic_model_comparison/training/model_exports/yolo26n-sd35-large-turbo-maxlen-seed42-20260804-031104/last.pt
2026-08-04 03:44:45 INFO  scripts.synthetic_model_comparison.training.training_pipeline | epoch 96/200 done — next lr=0.00543726, epochs_since_improve=1/20
2026-08-04 03:44:45 INFO  scripts.synthetic_model_comparison.training.training_pipeline | epoch 97/200 — train start (lr=0.00543726, batches=15)
2026-08-04 03:44:55 INFO  scripts.synthetic_model_comparison.training.training_pipeline | step 1450 | loss_box=0.7753 loss_cls=0.6126 loss_dfl=0.0241 loss_total=87.6055 lr=0.00537903
2026-08-04 03:44:58 INFO  scripts.synthetic_model_comparison.training.training_pipeline | epoch 97/200 — train done in 13.5s | avg loss_box=0.7838 loss_cls=0.6067 loss_dfl=0.0224 loss_total=87.6002
2026-08-04 03:44:58 INFO  scripts.synthetic_model_comparison.training.evaluation | evaluating on 4 batches
2026-08-04 03:45:04 INFO  scripts.synthetic_model_comparison.training.training_pipeline | epoch 97/200 — val mAP50=0.7902 mAP50_95=0.5385 (selection mAP50_95=0.5385)
2026-08-04 03:45:05 INFO  scripts.synthetic_model_comparison.training.evaluation | mlflow: logged val/mAP50=0.7902 val/mAP50_95=0.5385 (step=96)
2026-08-04 03:45:05 INFO  scripts.synthetic_model_comparison.training.evaluation | mlflow: logged val per-class AP table (12 classes)
2026-08-04 03:45:06 INFO  scripts.synthetic_model_comparison.training.training_pipeline | saved checkpoint: /home/debian/Master-Thesis/scripts/synthetic_model_comparison/training/model_exports/yolo26n-sd35-large-turbo-maxlen-seed42-20260804-031104/last.pt
2026-08-04 03:45:06 INFO  scripts.synthetic_model_comparison.training.training_pipeline | epoch 97/200 done — next lr=0.00535785, epochs_since_improve=2/20
2026-08-04 03:45:06 INFO  scripts.synthetic_model_comparison.training.training_pipeline | epoch 98/200 — train start (lr=0.00535785, batches=15)
2026-08-04 03:45:18 INFO  scripts.synthetic_model_comparison.training.training_pipeline | epoch 98/200 — train done in 11.6s | avg loss_box=0.7486 loss_cls=0.5709 loss_dfl=0.0217 loss_total=84.0095
2026-08-04 03:45:18 INFO  scripts.synthetic_model_comparison.training.evaluation | evaluating on 4 batches
2026-08-04 03:45:24 INFO  scripts.synthetic_model_comparison.training.training_pipeline | epoch 98/200 — val mAP50=0.6923 mAP50_95=0.3843 (selection mAP50_95=0.3843)
2026-08-04 03:45:25 INFO  scripts.synthetic_model_comparison.training.evaluation | mlflow: logged val/mAP50=0.6923 val/mAP50_95=0.3843 (step=97)
2026-08-04 03:45:25 INFO  scripts.synthetic_model_comparison.training.evaluation | mlflow: logged val per-class AP table (12 classes)
2026-08-04 03:45:25 INFO  scripts.synthetic_model_comparison.training.training_pipeline | saved checkpoint: /home/debian/Master-Thesis/scripts/synthetic_model_comparison/training/model_exports/yolo26n-sd35-large-turbo-maxlen-seed42-20260804-031104/last.pt
2026-08-04 03:45:26 INFO  scripts.synthetic_model_comparison.training.training_pipeline | epoch 98/200 done — next lr=0.00527835, epochs_since_improve=3/20
2026-08-04 03:45:26 INFO  scripts.synthetic_model_comparison.training.training_pipeline | epoch 99/200 — train start (lr=0.00527835, batches=15)
2026-08-04 03:45:37 INFO  scripts.synthetic_model_comparison.training.training_pipeline | epoch 99/200 — train done in 11.2s | avg loss_box=0.7593 loss_cls=0.5762 loss_dfl=0.0217 loss_total=85.1561
2026-08-04 03:45:37 INFO  scripts.synthetic_model_comparison.training.evaluation | evaluating on 4 batches
2026-08-04 03:45:43 INFO  scripts.synthetic_model_comparison.training.training_pipeline | epoch 99/200 — val mAP50=0.8104 mAP50_95=0.5917 (selection mAP50_95=0.5917)
2026-08-04 03:45:43 INFO  scripts.synthetic_model_comparison.training.evaluation | mlflow: logged val/mAP50=0.8104 val/mAP50_95=0.5917 (step=98)
2026-08-04 03:45:44 INFO  scripts.synthetic_model_comparison.training.evaluation | mlflow: logged val per-class AP table (12 classes)
2026-08-04 03:45:44 INFO  scripts.synthetic_model_comparison.training.training_pipeline | saved checkpoint: /home/debian/Master-Thesis/scripts/synthetic_model_comparison/training/model_exports/yolo26n-sd35-large-turbo-maxlen-seed42-20260804-031104/last.pt
2026-08-04 03:45:44 INFO  scripts.synthetic_model_comparison.training.training_pipeline | epoch 99/200 done — next lr=0.00519878, epochs_since_improve=4/20
2026-08-04 03:45:44 INFO  scripts.synthetic_model_comparison.training.training_pipeline | epoch 100/200 — train start (lr=0.00519878, batches=15)
2026-08-04 03:45:56 INFO  scripts.synthetic_model_comparison.training.training_pipeline | epoch 100/200 — train done in 11.7s | avg loss_box=0.7770 loss_cls=0.5343 loss_dfl=0.0227 loss_total=84.0172
2026-08-04 03:45:56 INFO  scripts.synthetic_model_comparison.training.evaluation | evaluating on 4 batches
2026-08-04 03:46:02 INFO  scripts.synthetic_model_comparison.training.training_pipeline | epoch 100/200 — val mAP50=0.8371 mAP50_95=0.5933 (selection mAP50_95=0.5933)
2026-08-04 03:46:03 INFO  scripts.synthetic_model_comparison.training.evaluation | mlflow: logged val/mAP50=0.8371 val/mAP50_95=0.5933 (step=99)
2026-08-04 03:46:04 INFO  scripts.synthetic_model_comparison.training.evaluation | mlflow: logged val per-class AP table (12 classes)
2026-08-04 03:46:04 INFO  scripts.synthetic_model_comparison.training.training_pipeline | saved checkpoint: /home/debian/Master-Thesis/scripts/synthetic_model_comparison/training/model_exports/yolo26n-sd35-large-turbo-maxlen-seed42-20260804-031104/last.pt
2026-08-04 03:46:04 INFO  scripts.synthetic_model_comparison.training.training_pipeline | epoch 100/200 done — next lr=0.00511916, epochs_since_improve=5/20
2026-08-04 03:46:04 INFO  scripts.synthetic_model_comparison.training.training_pipeline | epoch 101/200 — train start (lr=0.00511916, batches=15)
2026-08-04 03:46:10 INFO  scripts.synthetic_model_comparison.training.training_pipeline | step 1500 | loss_box=0.6751 loss_cls=0.5742 loss_dfl=0.0200 loss_total=79.9596 lr=0.00511385
2026-08-04 03:46:17 INFO  scripts.synthetic_model_comparison.training.training_pipeline | epoch 101/200 — train done in 13.3s | avg loss_box=0.7214 loss_cls=0.5585 loss_dfl=0.0206 loss_total=81.4008
2026-08-04 03:46:18 INFO  scripts.synthetic_model_comparison.training.evaluation | evaluating on 4 batches
2026-08-04 03:46:23 INFO  scripts.synthetic_model_comparison.training.training_pipeline | epoch 101/200 — val mAP50=0.8020 mAP50_95=0.5297 (selection mAP50_95=0.5297)
2026-08-04 03:46:24 INFO  scripts.synthetic_model_comparison.training.evaluation | mlflow: logged val/mAP50=0.8020 val/mAP50_95=0.5297 (step=100)
2026-08-04 03:46:24 INFO  scripts.synthetic_model_comparison.training.evaluation | mlflow: logged val per-class AP table (12 classes)
2026-08-04 03:46:25 INFO  scripts.synthetic_model_comparison.training.training_pipeline | saved checkpoint: /home/debian/Master-Thesis/scripts/synthetic_model_comparison/training/model_exports/yolo26n-sd35-large-turbo-maxlen-seed42-20260804-031104/last.pt
2026-08-04 03:46:25 INFO  scripts.synthetic_model_comparison.training.training_pipeline | epoch 101/200 done — next lr=0.00503952, epochs_since_improve=6/20
2026-08-04 03:46:25 INFO  scripts.synthetic_model_comparison.training.training_pipeline | epoch 102/200 — train start (lr=0.00503952, batches=15)
2026-08-04 03:46:37 INFO  scripts.synthetic_model_comparison.training.training_pipeline | epoch 102/200 — train done in 12.0s | avg loss_box=0.7259 loss_cls=0.5359 loss_dfl=0.0211 loss_total=81.2423
2026-08-04 03:46:37 INFO  scripts.synthetic_model_comparison.training.evaluation | evaluating on 4 batches
2026-08-04 03:46:44 INFO  scripts.synthetic_model_comparison.training.training_pipeline | epoch 102/200 — val mAP50=0.8471 mAP50_95=0.6266 (selection mAP50_95=0.6266)
2026-08-04 03:46:45 INFO  scripts.synthetic_model_comparison.training.evaluation | mlflow: logged val/mAP50=0.8471 val/mAP50_95=0.6266 (step=101)
2026-08-04 03:46:45 INFO  scripts.synthetic_model_comparison.training.evaluation | mlflow: logged val per-class AP table (12 classes)
2026-08-04 03:46:45 INFO  scripts.synthetic_model_comparison.training.training_pipeline | saved checkpoint: /home/debian/Master-Thesis/scripts/synthetic_model_comparison/training/model_exports/yolo26n-sd35-large-turbo-maxlen-seed42-20260804-031104/best.pt
2026-08-04 03:46:45 INFO  scripts.synthetic_model_comparison.training.training_pipeline | new best mAP50_95=0.6266 at epoch 102
2026-08-04 03:46:45 INFO  scripts.synthetic_model_comparison.training.training_pipeline | saved checkpoint: /home/debian/Master-Thesis/scripts/synthetic_model_comparison/training/model_exports/yolo26n-sd35-large-turbo-maxlen-seed42-20260804-031104/last.pt
2026-08-04 03:46:46 INFO  scripts.synthetic_model_comparison.training.training_pipeline | epoch 102/200 done — next lr=0.00495986, epochs_since_improve=0/20
2026-08-04 03:46:46 INFO  scripts.synthetic_model_comparison.training.training_pipeline | epoch 103/200 — train start (lr=0.00495986, batches=15)
2026-08-04 03:46:57 INFO  scripts.synthetic_model_comparison.training.training_pipeline | epoch 103/200 — train done in 11.5s | avg loss_box=0.6940 loss_cls=0.5293 loss_dfl=0.0200 loss_total=78.5959
2026-08-04 03:46:57 INFO  scripts.synthetic_model_comparison.training.evaluation | evaluating on 4 batches
2026-08-04 03:47:03 INFO  scripts.synthetic_model_comparison.training.training_pipeline | epoch 103/200 — val mAP50=0.7303 mAP50_95=0.4501 (selection mAP50_95=0.4501)
2026-08-04 03:47:04 INFO  scripts.synthetic_model_comparison.training.evaluation | mlflow: logged val/mAP50=0.7303 val/mAP50_95=0.4501 (step=102)
2026-08-04 03:47:04 INFO  scripts.synthetic_model_comparison.training.evaluation | mlflow: logged val per-class AP table (12 classes)
2026-08-04 03:47:04 INFO  scripts.synthetic_model_comparison.training.training_pipeline | saved checkpoint: /home/debian/Master-Thesis/scripts/synthetic_model_comparison/training/model_exports/yolo26n-sd35-large-turbo-maxlen-seed42-20260804-031104/last.pt
2026-08-04 03:47:05 INFO  scripts.synthetic_model_comparison.training.training_pipeline | epoch 103/200 done — next lr=0.00488022, epochs_since_improve=1/20
2026-08-04 03:47:05 INFO  scripts.synthetic_model_comparison.training.training_pipeline | epoch 104/200 — train start (lr=0.00488022, batches=15)
2026-08-04 03:47:13 INFO  scripts.synthetic_model_comparison.training.training_pipeline | step 1550 | loss_box=0.8491 loss_cls=0.5098 loss_dfl=0.0249 loss_total=86.0930 lr=0.00484837
2026-08-04 03:47:18 INFO  scripts.synthetic_model_comparison.training.training_pipeline | epoch 104/200 — train done in 13.5s | avg loss_box=0.7476 loss_cls=0.5211 loss_dfl=0.0217 loss_total=80.9367
2026-08-04 03:47:18 INFO  scripts.synthetic_model_comparison.training.evaluation | evaluating on 4 batches
2026-08-04 03:47:25 INFO  scripts.synthetic_model_comparison.training.training_pipeline | epoch 104/200 — val mAP50=0.7809 mAP50_95=0.5004 (selection mAP50_95=0.5004)
2026-08-04 03:47:26 INFO  scripts.synthetic_model_comparison.training.evaluation | mlflow: logged val/mAP50=0.7809 val/mAP50_95=0.5004 (step=103)
2026-08-04 03:47:26 INFO  scripts.synthetic_model_comparison.training.evaluation | mlflow: logged val per-class AP table (12 classes)
2026-08-04 03:47:26 INFO  scripts.synthetic_model_comparison.training.training_pipeline | saved checkpoint: /home/debian/Master-Thesis/scripts/synthetic_model_comparison/training/model_exports/yolo26n-sd35-large-turbo-maxlen-seed42-20260804-031104/last.pt
2026-08-04 03:47:27 INFO  scripts.synthetic_model_comparison.training.training_pipeline | epoch 104/200 done — next lr=0.00480061, epochs_since_improve=2/20
2026-08-04 03:47:27 INFO  scripts.synthetic_model_comparison.training.training_pipeline | epoch 105/200 — train start (lr=0.00480061, batches=15)
2026-08-04 03:47:38 INFO  scripts.synthetic_model_comparison.training.training_pipeline | epoch 105/200 — train done in 11.5s | avg loss_box=0.7206 loss_cls=0.5297 loss_dfl=0.0205 loss_total=79.6520
2026-08-04 03:47:38 INFO  scripts.synthetic_model_comparison.training.evaluation | evaluating on 4 batches
2026-08-04 03:47:44 INFO  scripts.synthetic_model_comparison.training.training_pipeline | epoch 105/200 — val mAP50=0.8119 mAP50_95=0.5656 (selection mAP50_95=0.5656)
2026-08-04 03:47:45 INFO  scripts.synthetic_model_comparison.training.evaluation | mlflow: logged val/mAP50=0.8119 val/mAP50_95=0.5656 (step=104)
2026-08-04 03:47:45 INFO  scripts.synthetic_model_comparison.training.evaluation | mlflow: logged val per-class AP table (12 classes)
2026-08-04 03:47:45 INFO  scripts.synthetic_model_comparison.training.training_pipeline | saved checkpoint: /home/debian/Master-Thesis/scripts/synthetic_model_comparison/training/model_exports/yolo26n-sd35-large-turbo-maxlen-seed42-20260804-031104/last.pt
2026-08-04 03:47:46 INFO  scripts.synthetic_model_comparison.training.training_pipeline | epoch 105/200 done — next lr=0.00472105, epochs_since_improve=3/20
2026-08-04 03:47:46 INFO  scripts.synthetic_model_comparison.training.training_pipeline | epoch 106/200 — train start (lr=0.00472105, batches=15)
2026-08-04 03:47:58 INFO  scripts.synthetic_model_comparison.training.training_pipeline | epoch 106/200 — train done in 12.0s | avg loss_box=0.6939 loss_cls=0.5108 loss_dfl=0.0201 loss_total=76.9190
2026-08-04 03:47:58 INFO  scripts.synthetic_model_comparison.training.evaluation | evaluating on 4 batches
2026-08-04 03:48:05 INFO  scripts.synthetic_model_comparison.training.training_pipeline | epoch 106/200 — val mAP50=0.8087 mAP50_95=0.5622 (selection mAP50_95=0.5622)
2026-08-04 03:48:05 INFO  scripts.synthetic_model_comparison.training.evaluation | mlflow: logged val/mAP50=0.8087 val/mAP50_95=0.5622 (step=105)
2026-08-04 03:48:06 INFO  scripts.synthetic_model_comparison.training.evaluation | mlflow: logged val per-class AP table (12 classes)
2026-08-04 03:48:06 INFO  scripts.synthetic_model_comparison.training.training_pipeline | saved checkpoint: /home/debian/Master-Thesis/scripts/synthetic_model_comparison/training/model_exports/yolo26n-sd35-large-turbo-maxlen-seed42-20260804-031104/last.pt
2026-08-04 03:48:06 INFO  scripts.synthetic_model_comparison.training.training_pipeline | epoch 106/200 done — next lr=0.00464156, epochs_since_improve=4/20
2026-08-04 03:48:06 INFO  scripts.synthetic_model_comparison.training.training_pipeline | epoch 107/200 — train start (lr=0.00464156, batches=15)
2026-08-04 03:48:16 INFO  scripts.synthetic_model_comparison.training.training_pipeline | step 1600 | loss_box=0.6491 loss_cls=0.5045 loss_dfl=0.0181 loss_total=73.2119 lr=0.00458333
2026-08-04 03:48:19 INFO  scripts.synthetic_model_comparison.training.training_pipeline | epoch 107/200 — train done in 13.2s | avg loss_box=0.7061 loss_cls=0.5213 loss_dfl=0.0203 loss_total=78.4319
2026-08-04 03:48:19 INFO  scripts.synthetic_model_comparison.training.evaluation | evaluating on 4 batches
2026-08-04 03:48:25 INFO  scripts.synthetic_model_comparison.training.training_pipeline | epoch 107/200 — val mAP50=0.8269 mAP50_95=0.6161 (selection mAP50_95=0.6161)
2026-08-04 03:48:26 INFO  scripts.synthetic_model_comparison.training.evaluation | mlflow: logged val/mAP50=0.8269 val/mAP50_95=0.6161 (step=106)
2026-08-04 03:48:26 INFO  scripts.synthetic_model_comparison.training.evaluation | mlflow: logged val per-class AP table (12 classes)
2026-08-04 03:48:27 INFO  scripts.synthetic_model_comparison.training.training_pipeline | saved checkpoint: /home/debian/Master-Thesis/scripts/synthetic_model_comparison/training/model_exports/yolo26n-sd35-large-turbo-maxlen-seed42-20260804-031104/last.pt
2026-08-04 03:48:27 INFO  scripts.synthetic_model_comparison.training.training_pipeline | epoch 107/200 done — next lr=0.00456216, epochs_since_improve=5/20
2026-08-04 03:48:27 INFO  scripts.synthetic_model_comparison.training.training_pipeline | epoch 108/200 — train start (lr=0.00456216, batches=15)
2026-08-04 03:48:38 INFO  scripts.synthetic_model_comparison.training.training_pipeline | epoch 108/200 — train done in 11.5s | avg loss_box=0.7053 loss_cls=0.5113 loss_dfl=0.0210 loss_total=77.5975
2026-08-04 03:48:38 INFO  scripts.synthetic_model_comparison.training.evaluation | evaluating on 4 batches
2026-08-04 03:48:45 INFO  scripts.synthetic_model_comparison.training.training_pipeline | epoch 108/200 — val mAP50=0.8619 mAP50_95=0.6350 (selection mAP50_95=0.6350)
2026-08-04 03:48:46 INFO  scripts.synthetic_model_comparison.training.evaluation | mlflow: logged val/mAP50=0.8619 val/mAP50_95=0.6350 (step=107)
2026-08-04 03:48:47 INFO  scripts.synthetic_model_comparison.training.evaluation | mlflow: logged val per-class AP table (12 classes)
2026-08-04 03:48:47 INFO  scripts.synthetic_model_comparison.training.training_pipeline | saved checkpoint: /home/debian/Master-Thesis/scripts/synthetic_model_comparison/training/model_exports/yolo26n-sd35-large-turbo-maxlen-seed42-20260804-031104/best.pt
2026-08-04 03:48:47 INFO  scripts.synthetic_model_comparison.training.training_pipeline | new best mAP50_95=0.6350 at epoch 108
2026-08-04 03:48:47 INFO  scripts.synthetic_model_comparison.training.training_pipeline | saved checkpoint: /home/debian/Master-Thesis/scripts/synthetic_model_comparison/training/model_exports/yolo26n-sd35-large-turbo-maxlen-seed42-20260804-031104/last.pt
2026-08-04 03:48:47 INFO  scripts.synthetic_model_comparison.training.training_pipeline | epoch 108/200 done — next lr=0.00448288, epochs_since_improve=0/20
2026-08-04 03:48:47 INFO  scripts.synthetic_model_comparison.training.training_pipeline | epoch 109/200 — train start (lr=0.00448288, batches=15)
2026-08-04 03:48:59 INFO  scripts.synthetic_model_comparison.training.training_pipeline | epoch 109/200 — train done in 12.0s | avg loss_box=0.6977 loss_cls=0.4904 loss_dfl=0.0199 loss_total=76.5379
2026-08-04 03:48:59 INFO  scripts.synthetic_model_comparison.training.evaluation | evaluating on 4 batches
2026-08-04 03:49:05 INFO  scripts.synthetic_model_comparison.training.training_pipeline | epoch 109/200 — val mAP50=0.8437 mAP50_95=0.6217 (selection mAP50_95=0.6217)
2026-08-04 03:49:06 INFO  scripts.synthetic_model_comparison.training.evaluation | mlflow: logged val/mAP50=0.8437 val/mAP50_95=0.6217 (step=108)
2026-08-04 03:49:06 INFO  scripts.synthetic_model_comparison.training.evaluation | mlflow: logged val per-class AP table (12 classes)
2026-08-04 03:49:06 INFO  scripts.synthetic_model_comparison.training.training_pipeline | saved checkpoint: /home/debian/Master-Thesis/scripts/synthetic_model_comparison/training/model_exports/yolo26n-sd35-large-turbo-maxlen-seed42-20260804-031104/last.pt
2026-08-04 03:49:07 INFO  scripts.synthetic_model_comparison.training.training_pipeline | epoch 109/200 done — next lr=0.00440373, epochs_since_improve=1/20
2026-08-04 03:49:07 INFO  scripts.synthetic_model_comparison.training.training_pipeline | epoch 110/200 — train start (lr=0.00440373, batches=15)
2026-08-04 03:49:19 INFO  scripts.synthetic_model_comparison.training.training_pipeline | epoch 110/200 — train done in 11.8s | avg loss_box=0.7016 loss_cls=0.5045 loss_dfl=0.0199 loss_total=77.0046
2026-08-04 03:49:19 INFO  scripts.synthetic_model_comparison.training.evaluation | evaluating on 4 batches
2026-08-04 03:49:25 INFO  scripts.synthetic_model_comparison.training.training_pipeline | epoch 110/200 — val mAP50=0.8605 mAP50_95=0.6429 (selection mAP50_95=0.6429)
2026-08-04 03:49:26 INFO  scripts.synthetic_model_comparison.training.evaluation | mlflow: logged val/mAP50=0.8605 val/mAP50_95=0.6429 (step=109)
2026-08-04 03:49:26 INFO  scripts.synthetic_model_comparison.training.evaluation | mlflow: logged val per-class AP table (12 classes)
2026-08-04 03:49:26 INFO  scripts.synthetic_model_comparison.training.training_pipeline | saved checkpoint: /home/debian/Master-Thesis/scripts/synthetic_model_comparison/training/model_exports/yolo26n-sd35-large-turbo-maxlen-seed42-20260804-031104/best.pt
2026-08-04 03:49:26 INFO  scripts.synthetic_model_comparison.training.training_pipeline | new best mAP50_95=0.6429 at epoch 110
2026-08-04 03:49:26 INFO  scripts.synthetic_model_comparison.training.training_pipeline | saved checkpoint: /home/debian/Master-Thesis/scripts/synthetic_model_comparison/training/model_exports/yolo26n-sd35-large-turbo-maxlen-seed42-20260804-031104/last.pt
2026-08-04 03:49:27 INFO  scripts.synthetic_model_comparison.training.training_pipeline | epoch 110/200 done — next lr=0.00432473, epochs_since_improve=0/20
2026-08-04 03:49:27 INFO  scripts.synthetic_model_comparison.training.training_pipeline | epoch 111/200 — train start (lr=0.00432473, batches=15)
2026-08-04 03:49:32 INFO  scripts.synthetic_model_comparison.training.training_pipeline | step 1650 | loss_box=0.6261 loss_cls=0.4457 loss_dfl=0.0180 loss_total=68.2342 lr=0.00431947
2026-08-04 03:49:39 INFO  scripts.synthetic_model_comparison.training.training_pipeline | epoch 111/200 — train done in 12.8s | avg loss_box=0.6622 loss_cls=0.4646 loss_dfl=0.0193 loss_total=72.9165
2026-08-04 03:49:39 INFO  scripts.synthetic_model_comparison.training.evaluation | evaluating on 4 batches
2026-08-04 03:49:45 INFO  scripts.synthetic_model_comparison.training.training_pipeline | epoch 111/200 — val mAP50=0.8353 mAP50_95=0.6060 (selection mAP50_95=0.6060)
2026-08-04 03:49:46 INFO  scripts.synthetic_model_comparison.training.evaluation | mlflow: logged val/mAP50=0.8353 val/mAP50_95=0.6060 (step=110)
2026-08-04 03:49:46 INFO  scripts.synthetic_model_comparison.training.evaluation | mlflow: logged val per-class AP table (12 classes)
2026-08-04 03:49:47 INFO  scripts.synthetic_model_comparison.training.training_pipeline | saved checkpoint: /home/debian/Master-Thesis/scripts/synthetic_model_comparison/training/model_exports/yolo26n-sd35-large-turbo-maxlen-seed42-20260804-031104/last.pt
2026-08-04 03:49:47 INFO  scripts.synthetic_model_comparison.training.training_pipeline | epoch 111/200 done — next lr=0.00424591, epochs_since_improve=1/20
2026-08-04 03:49:47 INFO  scripts.synthetic_model_comparison.training.training_pipeline | epoch 112/200 — train start (lr=0.00424591, batches=15)
2026-08-04 03:49:59 INFO  scripts.synthetic_model_comparison.training.training_pipeline | epoch 112/200 — train done in 12.0s | avg loss_box=0.6791 loss_cls=0.4732 loss_dfl=0.0198 loss_total=74.0988
2026-08-04 03:49:59 INFO  scripts.synthetic_model_comparison.training.evaluation | evaluating on 4 batches
2026-08-04 03:50:06 INFO  scripts.synthetic_model_comparison.training.training_pipeline | epoch 112/200 — val mAP50=0.7608 mAP50_95=0.4854 (selection mAP50_95=0.4854)
2026-08-04 03:50:07 INFO  scripts.synthetic_model_comparison.training.evaluation | mlflow: logged val/mAP50=0.7608 val/mAP50_95=0.4854 (step=111)
2026-08-04 03:50:07 INFO  scripts.synthetic_model_comparison.training.evaluation | mlflow: logged val per-class AP table (12 classes)
2026-08-04 03:50:07 INFO  scripts.synthetic_model_comparison.training.training_pipeline | saved checkpoint: /home/debian/Master-Thesis/scripts/synthetic_model_comparison/training/model_exports/yolo26n-sd35-large-turbo-maxlen-seed42-20260804-031104/last.pt
2026-08-04 03:50:08 INFO  scripts.synthetic_model_comparison.training.training_pipeline | epoch 112/200 done — next lr=0.00416728, epochs_since_improve=2/20
2026-08-04 03:50:08 INFO  scripts.synthetic_model_comparison.training.training_pipeline | epoch 113/200 — train start (lr=0.00416728, batches=15)
2026-08-04 03:50:20 INFO  scripts.synthetic_model_comparison.training.training_pipeline | epoch 113/200 — train done in 12.0s | avg loss_box=0.6648 loss_cls=0.4955 loss_dfl=0.0195 loss_total=74.3641
2026-08-04 03:50:20 INFO  scripts.synthetic_model_comparison.training.evaluation | evaluating on 4 batches
2026-08-04 03:50:27 INFO  scripts.synthetic_model_comparison.training.training_pipeline | epoch 113/200 — val mAP50=0.8611 mAP50_95=0.6320 (selection mAP50_95=0.6320)
2026-08-04 03:50:28 INFO  scripts.synthetic_model_comparison.training.evaluation | mlflow: logged val/mAP50=0.8611 val/mAP50_95=0.6320 (step=112)
2026-08-04 03:50:29 INFO  scripts.synthetic_model_comparison.training.evaluation | mlflow: logged val per-class AP table (12 classes)
2026-08-04 03:50:29 INFO  scripts.synthetic_model_comparison.training.training_pipeline | saved checkpoint: /home/debian/Master-Thesis/scripts/synthetic_model_comparison/training/model_exports/yolo26n-sd35-large-turbo-maxlen-seed42-20260804-031104/last.pt
2026-08-04 03:50:29 INFO  scripts.synthetic_model_comparison.training.training_pipeline | epoch 113/200 done — next lr=0.00408886, epochs_since_improve=3/20
2026-08-04 03:50:29 INFO  scripts.synthetic_model_comparison.training.training_pipeline | epoch 114/200 — train start (lr=0.00408886, batches=15)
2026-08-04 03:50:39 INFO  scripts.synthetic_model_comparison.training.training_pipeline | step 1700 | loss_box=0.5638 loss_cls=0.2887 loss_dfl=0.0170 loss_total=58.3582 lr=0.00405756
2026-08-04 03:50:44 INFO  scripts.synthetic_model_comparison.training.training_pipeline | epoch 114/200 — train done in 14.9s | avg loss_box=0.6664 loss_cls=0.4448 loss_dfl=0.0192 loss_total=71.7750
2026-08-04 03:50:44 INFO  scripts.synthetic_model_comparison.training.evaluation | evaluating on 4 batches
2026-08-04 03:50:51 INFO  scripts.synthetic_model_comparison.training.training_pipeline | epoch 114/200 — val mAP50=0.8267 mAP50_95=0.5396 (selection mAP50_95=0.5396)
2026-08-04 03:50:52 INFO  scripts.synthetic_model_comparison.training.evaluation | mlflow: logged val/mAP50=0.8267 val/mAP50_95=0.5396 (step=113)
2026-08-04 03:50:52 INFO  scripts.synthetic_model_comparison.training.evaluation | mlflow: logged val per-class AP table (12 classes)
2026-08-04 03:50:53 INFO  scripts.synthetic_model_comparison.training.training_pipeline | saved checkpoint: /home/debian/Master-Thesis/scripts/synthetic_model_comparison/training/model_exports/yolo26n-sd35-large-turbo-maxlen-seed42-20260804-031104/last.pt
2026-08-04 03:50:53 INFO  scripts.synthetic_model_comparison.training.training_pipeline | epoch 114/200 done — next lr=0.00401067, epochs_since_improve=4/20
2026-08-04 03:50:53 INFO  scripts.synthetic_model_comparison.training.training_pipeline | epoch 115/200 — train start (lr=0.00401067, batches=15)
2026-08-04 03:51:05 INFO  scripts.synthetic_model_comparison.training.training_pipeline | epoch 115/200 — train done in 12.2s | avg loss_box=0.6368 loss_cls=0.4572 loss_dfl=0.0182 loss_total=70.5633
2026-08-04 03:51:05 INFO  scripts.synthetic_model_comparison.training.evaluation | evaluating on 4 batches
2026-08-04 03:51:11 INFO  scripts.synthetic_model_comparison.training.training_pipeline | epoch 115/200 — val mAP50=0.8472 mAP50_95=0.6206 (selection mAP50_95=0.6206)
2026-08-04 03:51:12 INFO  scripts.synthetic_model_comparison.training.evaluation | mlflow: logged val/mAP50=0.8472 val/mAP50_95=0.6206 (step=114)
2026-08-04 03:51:12 INFO  scripts.synthetic_model_comparison.training.evaluation | mlflow: logged val per-class AP table (12 classes)
2026-08-04 03:51:12 INFO  scripts.synthetic_model_comparison.training.training_pipeline | saved checkpoint: /home/debian/Master-Thesis/scripts/synthetic_model_comparison/training/model_exports/yolo26n-sd35-large-turbo-maxlen-seed42-20260804-031104/last.pt
2026-08-04 03:51:13 INFO  scripts.synthetic_model_comparison.training.training_pipeline | epoch 115/200 done — next lr=0.00393274, epochs_since_improve=5/20
2026-08-04 03:51:13 INFO  scripts.synthetic_model_comparison.training.training_pipeline | epoch 116/200 — train start (lr=0.00393274, batches=15)
2026-08-04 03:51:25 INFO  scripts.synthetic_model_comparison.training.training_pipeline | epoch 116/200 — train done in 12.3s | avg loss_box=0.6223 loss_cls=0.4398 loss_dfl=0.0177 loss_total=69.2043
2026-08-04 03:51:25 INFO  scripts.synthetic_model_comparison.training.evaluation | evaluating on 4 batches
2026-08-04 03:51:31 INFO  scripts.synthetic_model_comparison.training.training_pipeline | epoch 116/200 — val mAP50=0.7788 mAP50_95=0.4983 (selection mAP50_95=0.4983)
2026-08-04 03:51:32 INFO  scripts.synthetic_model_comparison.training.evaluation | mlflow: logged val/mAP50=0.7788 val/mAP50_95=0.4983 (step=115)
2026-08-04 03:51:32 INFO  scripts.synthetic_model_comparison.training.evaluation | mlflow: logged val per-class AP table (12 classes)
2026-08-04 03:51:32 INFO  scripts.synthetic_model_comparison.training.training_pipeline | saved checkpoint: /home/debian/Master-Thesis/scripts/synthetic_model_comparison/training/model_exports/yolo26n-sd35-large-turbo-maxlen-seed42-20260804-031104/last.pt
2026-08-04 03:51:33 INFO  scripts.synthetic_model_comparison.training.training_pipeline | epoch 116/200 done — next lr=0.00385508, epochs_since_improve=6/20
2026-08-04 03:51:33 INFO  scripts.synthetic_model_comparison.training.training_pipeline | epoch 117/200 — train start (lr=0.00385508, batches=15)
2026-08-04 03:51:45 INFO  scripts.synthetic_model_comparison.training.training_pipeline | step 1750 | loss_box=0.6034 loss_cls=0.4011 loss_dfl=0.0169 loss_total=66.3418 lr=0.00379832
2026-08-04 03:51:48 INFO  scripts.synthetic_model_comparison.training.training_pipeline | epoch 117/200 — train done in 15.3s | avg loss_box=0.6392 loss_cls=0.4460 loss_dfl=0.0181 loss_total=70.2635
2026-08-04 03:51:48 INFO  scripts.synthetic_model_comparison.training.evaluation | evaluating on 4 batches
2026-08-04 03:51:54 INFO  scripts.synthetic_model_comparison.training.training_pipeline | epoch 117/200 — val mAP50=0.8155 mAP50_95=0.5663 (selection mAP50_95=0.5663)
2026-08-04 03:51:55 INFO  scripts.synthetic_model_comparison.training.evaluation | mlflow: logged val/mAP50=0.8155 val/mAP50_95=0.5663 (step=116)
2026-08-04 03:51:55 INFO  scripts.synthetic_model_comparison.training.evaluation | mlflow: logged val per-class AP table (12 classes)
2026-08-04 03:51:55 INFO  scripts.synthetic_model_comparison.training.training_pipeline | saved checkpoint: /home/debian/Master-Thesis/scripts/synthetic_model_comparison/training/model_exports/yolo26n-sd35-large-turbo-maxlen-seed42-20260804-031104/last.pt
2026-08-04 03:51:55 INFO  scripts.synthetic_model_comparison.training.training_pipeline | epoch 117/200 done — next lr=0.00377772, epochs_since_improve=7/20
2026-08-04 03:51:55 INFO  scripts.synthetic_model_comparison.training.training_pipeline | epoch 118/200 — train start (lr=0.00377772, batches=15)
2026-08-04 03:52:09 INFO  scripts.synthetic_model_comparison.training.training_pipeline | epoch 118/200 — train done in 13.1s | avg loss_box=0.6202 loss_cls=0.4452 loss_dfl=0.0179 loss_total=68.8514
2026-08-04 03:52:09 INFO  scripts.synthetic_model_comparison.training.evaluation | evaluating on 4 batches
2026-08-04 03:52:16 INFO  scripts.synthetic_model_comparison.training.training_pipeline | epoch 118/200 — val mAP50=0.8602 mAP50_95=0.6422 (selection mAP50_95=0.6422)
2026-08-04 03:52:16 INFO  scripts.synthetic_model_comparison.training.evaluation | mlflow: logged val/mAP50=0.8602 val/mAP50_95=0.6422 (step=117)
2026-08-04 03:52:17 INFO  scripts.synthetic_model_comparison.training.evaluation | mlflow: logged val per-class AP table (12 classes)
2026-08-04 03:52:17 INFO  scripts.synthetic_model_comparison.training.training_pipeline | saved checkpoint: /home/debian/Master-Thesis/scripts/synthetic_model_comparison/training/model_exports/yolo26n-sd35-large-turbo-maxlen-seed42-20260804-031104/last.pt
2026-08-04 03:52:17 INFO  scripts.synthetic_model_comparison.training.training_pipeline | epoch 118/200 done — next lr=0.00370066, epochs_since_improve=8/20
2026-08-04 03:52:17 INFO  scripts.synthetic_model_comparison.training.training_pipeline | epoch 119/200 — train start (lr=0.00370066, batches=15)
2026-08-04 03:52:31 INFO  scripts.synthetic_model_comparison.training.training_pipeline | epoch 119/200 — train done in 13.2s | avg loss_box=0.6353 loss_cls=0.4534 loss_dfl=0.0187 loss_total=70.1859
2026-08-04 03:52:31 INFO  scripts.synthetic_model_comparison.training.evaluation | evaluating on 4 batches
2026-08-04 03:52:38 INFO  scripts.synthetic_model_comparison.training.training_pipeline | epoch 119/200 — val mAP50=0.8226 mAP50_95=0.5421 (selection mAP50_95=0.5421)
2026-08-04 03:52:39 INFO  scripts.synthetic_model_comparison.training.evaluation | mlflow: logged val/mAP50=0.8226 val/mAP50_95=0.5421 (step=118)
2026-08-04 03:52:39 INFO  scripts.synthetic_model_comparison.training.evaluation | mlflow: logged val per-class AP table (12 classes)
2026-08-04 03:52:39 INFO  scripts.synthetic_model_comparison.training.training_pipeline | saved checkpoint: /home/debian/Master-Thesis/scripts/synthetic_model_comparison/training/model_exports/yolo26n-sd35-large-turbo-maxlen-seed42-20260804-031104/last.pt
2026-08-04 03:52:40 INFO  scripts.synthetic_model_comparison.training.training_pipeline | epoch 119/200 done — next lr=0.00362394, epochs_since_improve=9/20
2026-08-04 03:52:40 INFO  scripts.synthetic_model_comparison.training.training_pipeline | epoch 120/200 — train start (lr=0.00362394, batches=15)
2026-08-04 03:52:52 INFO  scripts.synthetic_model_comparison.training.training_pipeline | epoch 120/200 — train done in 12.5s | avg loss_box=0.6073 loss_cls=0.4479 loss_dfl=0.0173 loss_total=67.7446
2026-08-04 03:52:52 INFO  scripts.synthetic_model_comparison.training.evaluation | evaluating on 4 batches
2026-08-04 03:53:00 INFO  scripts.synthetic_model_comparison.training.training_pipeline | epoch 120/200 — val mAP50=0.8491 mAP50_95=0.6397 (selection mAP50_95=0.6397)
2026-08-04 03:53:01 INFO  scripts.synthetic_model_comparison.training.evaluation | mlflow: logged val/mAP50=0.8491 val/mAP50_95=0.6397 (step=119)
2026-08-04 03:53:01 INFO  scripts.synthetic_model_comparison.training.evaluation | mlflow: logged val per-class AP table (12 classes)
2026-08-04 03:53:01 INFO  scripts.synthetic_model_comparison.training.training_pipeline | saved checkpoint: /home/debian/Master-Thesis/scripts/synthetic_model_comparison/training/model_exports/yolo26n-sd35-large-turbo-maxlen-seed42-20260804-031104/last.pt
2026-08-04 03:53:02 INFO  scripts.synthetic_model_comparison.training.training_pipeline | epoch 120/200 done — next lr=0.00354757, epochs_since_improve=10/20
2026-08-04 03:53:02 INFO  scripts.synthetic_model_comparison.training.training_pipeline | epoch 121/200 — train start (lr=0.00354757, batches=15)
2026-08-04 03:53:07 INFO  scripts.synthetic_model_comparison.training.training_pipeline | step 1800 | loss_box=0.6156 loss_cls=0.4055 loss_dfl=0.0195 loss_total=64.3383 lr=0.00354249
2026-08-04 03:53:15 INFO  scripts.synthetic_model_comparison.training.training_pipeline | epoch 121/200 — train done in 13.5s | avg loss_box=0.6272 loss_cls=0.4437 loss_dfl=0.0183 loss_total=68.2497
2026-08-04 03:53:15 INFO  scripts.synthetic_model_comparison.training.evaluation | evaluating on 4 batches
2026-08-04 03:53:23 INFO  scripts.synthetic_model_comparison.training.training_pipeline | epoch 121/200 — val mAP50=0.7472 mAP50_95=0.4720 (selection mAP50_95=0.4720)
2026-08-04 03:53:23 INFO  scripts.synthetic_model_comparison.training.evaluation | mlflow: logged val/mAP50=0.7472 val/mAP50_95=0.4720 (step=120)
2026-08-04 03:53:24 INFO  scripts.synthetic_model_comparison.training.evaluation | mlflow: logged val per-class AP table (12 classes)
2026-08-04 03:53:24 INFO  scripts.synthetic_model_comparison.training.training_pipeline | saved checkpoint: /home/debian/Master-Thesis/scripts/synthetic_model_comparison/training/model_exports/yolo26n-sd35-large-turbo-maxlen-seed42-20260804-031104/last.pt
2026-08-04 03:53:24 INFO  scripts.synthetic_model_comparison.training.training_pipeline | epoch 121/200 done — next lr=0.00347156, epochs_since_improve=11/20
2026-08-04 03:53:24 INFO  scripts.synthetic_model_comparison.training.training_pipeline | epoch 122/200 — train start (lr=0.00347156, batches=15)
2026-08-04 03:53:37 INFO  scripts.synthetic_model_comparison.training.training_pipeline | epoch 122/200 — train done in 12.3s | avg loss_box=0.6334 loss_cls=0.4213 loss_dfl=0.0182 loss_total=68.0706
2026-08-04 03:53:37 INFO  scripts.synthetic_model_comparison.training.evaluation | evaluating on 4 batches
2026-08-04 03:53:44 INFO  scripts.synthetic_model_comparison.training.training_pipeline | epoch 122/200 — val mAP50=0.7724 mAP50_95=0.5233 (selection mAP50_95=0.5233)
2026-08-04 03:53:44 INFO  scripts.synthetic_model_comparison.training.evaluation | mlflow: logged val/mAP50=0.7724 val/mAP50_95=0.5233 (step=121)
2026-08-04 03:53:45 INFO  scripts.synthetic_model_comparison.training.evaluation | mlflow: logged val per-class AP table (12 classes)
2026-08-04 03:53:45 INFO  scripts.synthetic_model_comparison.training.training_pipeline | saved checkpoint: /home/debian/Master-Thesis/scripts/synthetic_model_comparison/training/model_exports/yolo26n-sd35-large-turbo-maxlen-seed42-20260804-031104/last.pt
2026-08-04 03:53:45 INFO  scripts.synthetic_model_comparison.training.training_pipeline | epoch 122/200 done — next lr=0.00339595, epochs_since_improve=12/20
2026-08-04 03:53:45 INFO  scripts.synthetic_model_comparison.training.training_pipeline | epoch 123/200 — train start (lr=0.00339595, batches=15)
2026-08-04 03:53:58 INFO  scripts.synthetic_model_comparison.training.training_pipeline | epoch 123/200 — train done in 12.9s | avg loss_box=0.5986 loss_cls=0.4138 loss_dfl=0.0168 loss_total=65.7465
2026-08-04 03:53:58 INFO  scripts.synthetic_model_comparison.training.evaluation | evaluating on 4 batches
2026-08-04 03:54:06 INFO  scripts.synthetic_model_comparison.training.training_pipeline | epoch 123/200 — val mAP50=0.8372 mAP50_95=0.6234 (selection mAP50_95=0.6234)
2026-08-04 03:54:07 INFO  scripts.synthetic_model_comparison.training.evaluation | mlflow: logged val/mAP50=0.8372 val/mAP50_95=0.6234 (step=122)
2026-08-04 03:54:07 INFO  scripts.synthetic_model_comparison.training.evaluation | mlflow: logged val per-class AP table (12 classes)
2026-08-04 03:54:07 INFO  scripts.synthetic_model_comparison.training.training_pipeline | saved checkpoint: /home/debian/Master-Thesis/scripts/synthetic_model_comparison/training/model_exports/yolo26n-sd35-large-turbo-maxlen-seed42-20260804-031104/last.pt
2026-08-04 03:54:08 INFO  scripts.synthetic_model_comparison.training.training_pipeline | epoch 123/200 done — next lr=0.00332075, epochs_since_improve=13/20
2026-08-04 03:54:08 INFO  scripts.synthetic_model_comparison.training.training_pipeline | epoch 124/200 — train start (lr=0.00332075, batches=15)
2026-08-04 03:54:17 INFO  scripts.synthetic_model_comparison.training.training_pipeline | step 1850 | loss_box=0.6326 loss_cls=0.5084 loss_dfl=0.0166 loss_total=75.6781 lr=0.00329079
2026-08-04 03:54:23 INFO  scripts.synthetic_model_comparison.training.training_pipeline | epoch 124/200 — train done in 14.8s | avg loss_box=0.5922 loss_cls=0.3856 loss_dfl=0.0168 loss_total=64.2902
2026-08-04 03:54:23 INFO  scripts.synthetic_model_comparison.training.evaluation | evaluating on 4 batches
2026-08-04 03:54:30 INFO  scripts.synthetic_model_comparison.training.training_pipeline | epoch 124/200 — val mAP50=0.8748 mAP50_95=0.6585 (selection mAP50_95=0.6585)
2026-08-04 03:54:31 INFO  scripts.synthetic_model_comparison.training.evaluation | mlflow: logged val/mAP50=0.8748 val/mAP50_95=0.6585 (step=123)
2026-08-04 03:54:31 INFO  scripts.synthetic_model_comparison.training.evaluation | mlflow: logged val per-class AP table (12 classes)
2026-08-04 03:54:32 INFO  scripts.synthetic_model_comparison.training.training_pipeline | saved checkpoint: /home/debian/Master-Thesis/scripts/synthetic_model_comparison/training/model_exports/yolo26n-sd35-large-turbo-maxlen-seed42-20260804-031104/best.pt
2026-08-04 03:54:32 INFO  scripts.synthetic_model_comparison.training.training_pipeline | new best mAP50_95=0.6585 at epoch 124
2026-08-04 03:54:32 INFO  scripts.synthetic_model_comparison.training.training_pipeline | saved checkpoint: /home/debian/Master-Thesis/scripts/synthetic_model_comparison/training/model_exports/yolo26n-sd35-large-turbo-maxlen-seed42-20260804-031104/last.pt
2026-08-04 03:54:32 INFO  scripts.synthetic_model_comparison.training.training_pipeline | epoch 124/200 done — next lr=0.00324598, epochs_since_improve=0/20
2026-08-04 03:54:32 INFO  scripts.synthetic_model_comparison.training.training_pipeline | epoch 125/200 — train start (lr=0.00324598, batches=15)
2026-08-04 03:54:45 INFO  scripts.synthetic_model_comparison.training.training_pipeline | epoch 125/200 — train done in 12.9s | avg loss_box=0.5841 loss_cls=0.4193 loss_dfl=0.0164 loss_total=65.4862
2026-08-04 03:54:45 INFO  scripts.synthetic_model_comparison.training.evaluation | evaluating on 4 batches
2026-08-04 03:54:52 INFO  scripts.synthetic_model_comparison.training.training_pipeline | epoch 125/200 — val mAP50=0.7180 mAP50_95=0.4685 (selection mAP50_95=0.4685)
2026-08-04 03:54:53 INFO  scripts.synthetic_model_comparison.training.evaluation | mlflow: logged val/mAP50=0.7180 val/mAP50_95=0.4685 (step=124)
2026-08-04 03:54:53 INFO  scripts.synthetic_model_comparison.training.evaluation | mlflow: logged val per-class AP table (12 classes)
2026-08-04 03:54:53 INFO  scripts.synthetic_model_comparison.training.training_pipeline | saved checkpoint: /home/debian/Master-Thesis/scripts/synthetic_model_comparison/training/model_exports/yolo26n-sd35-large-turbo-maxlen-seed42-20260804-031104/last.pt
2026-08-04 03:54:54 INFO  scripts.synthetic_model_comparison.training.training_pipeline | epoch 125/200 done — next lr=0.00317165, epochs_since_improve=1/20
2026-08-04 03:54:54 INFO  scripts.synthetic_model_comparison.training.training_pipeline | epoch 126/200 — train start (lr=0.00317165, batches=15)
2026-08-04 03:55:06 INFO  scripts.synthetic_model_comparison.training.training_pipeline | epoch 126/200 — train done in 12.0s | avg loss_box=0.6122 loss_cls=0.4163 loss_dfl=0.0175 loss_total=66.2837
2026-08-04 03:55:06 INFO  scripts.synthetic_model_comparison.training.evaluation | evaluating on 4 batches
2026-08-04 03:55:11 INFO  scripts.synthetic_model_comparison.training.training_pipeline | epoch 126/200 — val mAP50=0.8459 mAP50_95=0.6315 (selection mAP50_95=0.6315)
2026-08-04 03:55:12 INFO  scripts.synthetic_model_comparison.training.evaluation | mlflow: logged val/mAP50=0.8459 val/mAP50_95=0.6315 (step=125)
2026-08-04 03:55:13 INFO  scripts.synthetic_model_comparison.training.evaluation | mlflow: logged val per-class AP table (12 classes)
2026-08-04 03:55:13 INFO  scripts.synthetic_model_comparison.training.training_pipeline | saved checkpoint: /home/debian/Master-Thesis/scripts/synthetic_model_comparison/training/model_exports/yolo26n-sd35-large-turbo-maxlen-seed42-20260804-031104/last.pt
2026-08-04 03:55:13 INFO  scripts.synthetic_model_comparison.training.training_pipeline | epoch 126/200 done — next lr=0.00309779, epochs_since_improve=2/20
2026-08-04 03:55:13 INFO  scripts.synthetic_model_comparison.training.training_pipeline | epoch 127/200 — train start (lr=0.00309779, batches=15)
2026-08-04 03:55:23 INFO  scripts.synthetic_model_comparison.training.training_pipeline | step 1900 | loss_box=0.5044 loss_cls=0.4288 loss_dfl=0.0142 loss_total=60.3602 lr=0.00304393
2026-08-04 03:55:26 INFO  scripts.synthetic_model_comparison.training.training_pipeline | epoch 127/200 — train done in 13.4s | avg loss_box=0.5807 loss_cls=0.3968 loss_dfl=0.0165 loss_total=63.5808
2026-08-04 03:55:26 INFO  scripts.synthetic_model_comparison.training.evaluation | evaluating on 4 batches
2026-08-04 03:55:34 INFO  scripts.synthetic_model_comparison.training.training_pipeline | epoch 127/200 — val mAP50=0.8500 mAP50_95=0.6476 (selection mAP50_95=0.6476)
2026-08-04 03:55:34 INFO  scripts.synthetic_model_comparison.training.evaluation | mlflow: logged val/mAP50=0.8500 val/mAP50_95=0.6476 (step=126)
2026-08-04 03:55:35 INFO  scripts.synthetic_model_comparison.training.evaluation | mlflow: logged val per-class AP table (12 classes)
2026-08-04 03:55:35 INFO  scripts.synthetic_model_comparison.training.training_pipeline | saved checkpoint: /home/debian/Master-Thesis/scripts/synthetic_model_comparison/training/model_exports/yolo26n-sd35-large-turbo-maxlen-seed42-20260804-031104/last.pt
2026-08-04 03:55:35 INFO  scripts.synthetic_model_comparison.training.training_pipeline | epoch 127/200 done — next lr=0.00302441, epochs_since_improve=3/20
2026-08-04 03:55:35 INFO  scripts.synthetic_model_comparison.training.training_pipeline | epoch 128/200 — train start (lr=0.00302441, batches=15)
2026-08-04 03:55:47 INFO  scripts.synthetic_model_comparison.training.training_pipeline | epoch 128/200 — train done in 12.1s | avg loss_box=0.5812 loss_cls=0.4043 loss_dfl=0.0169 loss_total=64.1991
2026-08-04 03:55:47 INFO  scripts.synthetic_model_comparison.training.evaluation | evaluating on 4 batches
2026-08-04 03:55:53 INFO  scripts.synthetic_model_comparison.training.training_pipeline | epoch 128/200 — val mAP50=0.8451 mAP50_95=0.6284 (selection mAP50_95=0.6284)
2026-08-04 03:55:54 INFO  scripts.synthetic_model_comparison.training.evaluation | mlflow: logged val/mAP50=0.8451 val/mAP50_95=0.6284 (step=127)
2026-08-04 03:55:54 INFO  scripts.synthetic_model_comparison.training.evaluation | mlflow: logged val per-class AP table (12 classes)
2026-08-04 03:55:55 INFO  scripts.synthetic_model_comparison.training.training_pipeline | saved checkpoint: /home/debian/Master-Thesis/scripts/synthetic_model_comparison/training/model_exports/yolo26n-sd35-large-turbo-maxlen-seed42-20260804-031104/last.pt
2026-08-04 03:55:55 INFO  scripts.synthetic_model_comparison.training.training_pipeline | epoch 128/200 done — next lr=0.00295154, epochs_since_improve=4/20
2026-08-04 03:55:55 INFO  scripts.synthetic_model_comparison.training.training_pipeline | epoch 129/200 — train start (lr=0.00295154, batches=15)
2026-08-04 03:56:07 INFO  scripts.synthetic_model_comparison.training.training_pipeline | epoch 129/200 — train done in 12.4s | avg loss_box=0.5837 loss_cls=0.3960 loss_dfl=0.0167 loss_total=63.7252
2026-08-04 03:56:07 INFO  scripts.synthetic_model_comparison.training.evaluation | evaluating on 4 batches
2026-08-04 03:56:15 INFO  scripts.synthetic_model_comparison.training.training_pipeline | epoch 129/200 — val mAP50=0.8565 mAP50_95=0.6374 (selection mAP50_95=0.6374)
2026-08-04 03:56:15 INFO  scripts.synthetic_model_comparison.training.evaluation | mlflow: logged val/mAP50=0.8565 val/mAP50_95=0.6374 (step=128)
2026-08-04 03:56:16 INFO  scripts.synthetic_model_comparison.training.evaluation | mlflow: logged val per-class AP table (12 classes)
2026-08-04 03:56:16 INFO  scripts.synthetic_model_comparison.training.training_pipeline | saved checkpoint: /home/debian/Master-Thesis/scripts/synthetic_model_comparison/training/model_exports/yolo26n-sd35-large-turbo-maxlen-seed42-20260804-031104/last.pt
2026-08-04 03:56:16 INFO  scripts.synthetic_model_comparison.training.training_pipeline | epoch 129/200 done — next lr=0.00287919, epochs_since_improve=5/20
2026-08-04 03:56:16 INFO  scripts.synthetic_model_comparison.training.training_pipeline | epoch 130/200 — train start (lr=0.00287919, batches=15)
2026-08-04 03:56:29 INFO  scripts.synthetic_model_comparison.training.training_pipeline | epoch 130/200 — train done in 12.6s | avg loss_box=0.5650 loss_cls=0.3779 loss_dfl=0.0160 loss_total=61.4277
2026-08-04 03:56:29 INFO  scripts.synthetic_model_comparison.training.evaluation | evaluating on 4 batches
2026-08-04 03:56:37 INFO  scripts.synthetic_model_comparison.training.training_pipeline | epoch 130/200 — val mAP50=0.8283 mAP50_95=0.5479 (selection mAP50_95=0.5479)
2026-08-04 03:56:37 INFO  scripts.synthetic_model_comparison.training.evaluation | mlflow: logged val/mAP50=0.8283 val/mAP50_95=0.5479 (step=129)
2026-08-04 03:56:38 INFO  scripts.synthetic_model_comparison.training.evaluation | mlflow: logged val per-class AP table (12 classes)
2026-08-04 03:56:38 INFO  scripts.synthetic_model_comparison.training.training_pipeline | saved checkpoint: /home/debian/Master-Thesis/scripts/synthetic_model_comparison/training/model_exports/yolo26n-sd35-large-turbo-maxlen-seed42-20260804-031104/last.pt
2026-08-04 03:56:38 INFO  scripts.synthetic_model_comparison.training.training_pipeline | epoch 130/200 done — next lr=0.00280738, epochs_since_improve=6/20
2026-08-04 03:56:38 INFO  scripts.synthetic_model_comparison.training.training_pipeline | epoch 131/200 — train start (lr=0.00280738, batches=15)
2026-08-04 03:56:44 INFO  scripts.synthetic_model_comparison.training.training_pipeline | step 1950 | loss_box=0.5271 loss_cls=0.3344 loss_dfl=0.0151 loss_total=56.9568 lr=0.00280262
2026-08-04 03:56:52 INFO  scripts.synthetic_model_comparison.training.training_pipeline | epoch 131/200 — train done in 13.7s | avg loss_box=0.5708 loss_cls=0.3849 loss_dfl=0.0162 loss_total=61.9499
2026-08-04 03:56:52 INFO  scripts.synthetic_model_comparison.training.evaluation | evaluating on 4 batches
2026-08-04 03:56:58 INFO  scripts.synthetic_model_comparison.training.training_pipeline | epoch 131/200 — val mAP50=0.8696 mAP50_95=0.6556 (selection mAP50_95=0.6556)
2026-08-04 03:56:58 INFO  scripts.synthetic_model_comparison.training.evaluation | mlflow: logged val/mAP50=0.8696 val/mAP50_95=0.6556 (step=130)
2026-08-04 03:56:59 INFO  scripts.synthetic_model_comparison.training.evaluation | mlflow: logged val per-class AP table (12 classes)
2026-08-04 03:56:59 INFO  scripts.synthetic_model_comparison.training.training_pipeline | saved checkpoint: /home/debian/Master-Thesis/scripts/synthetic_model_comparison/training/model_exports/yolo26n-sd35-large-turbo-maxlen-seed42-20260804-031104/last.pt
2026-08-04 03:56:59 INFO  scripts.synthetic_model_comparison.training.training_pipeline | epoch 131/200 done — next lr=0.00273613, epochs_since_improve=7/20
2026-08-04 03:56:59 INFO  scripts.synthetic_model_comparison.training.training_pipeline | epoch 132/200 — train start (lr=0.00273613, batches=15)
2026-08-04 03:57:11 INFO  scripts.synthetic_model_comparison.training.training_pipeline | epoch 132/200 — train done in 12.2s | avg loss_box=0.5817 loss_cls=0.4028 loss_dfl=0.0164 loss_total=63.8958
2026-08-04 03:57:11 INFO  scripts.synthetic_model_comparison.training.evaluation | evaluating on 4 batches
2026-08-04 03:57:17 INFO  scripts.synthetic_model_comparison.training.training_pipeline | epoch 132/200 — val mAP50=0.8547 mAP50_95=0.6224 (selection mAP50_95=0.6224)
2026-08-04 03:57:18 INFO  scripts.synthetic_model_comparison.training.evaluation | mlflow: logged val/mAP50=0.8547 val/mAP50_95=0.6224 (step=131)
2026-08-04 03:57:18 INFO  scripts.synthetic_model_comparison.training.evaluation | mlflow: logged val per-class AP table (12 classes)
2026-08-04 03:57:18 INFO  scripts.synthetic_model_comparison.training.training_pipeline | saved checkpoint: /home/debian/Master-Thesis/scripts/synthetic_model_comparison/training/model_exports/yolo26n-sd35-large-turbo-maxlen-seed42-20260804-031104/last.pt
2026-08-04 03:57:19 INFO  scripts.synthetic_model_comparison.training.training_pipeline | epoch 132/200 done — next lr=0.00266546, epochs_since_improve=8/20
2026-08-04 03:57:19 INFO  scripts.synthetic_model_comparison.training.training_pipeline | epoch 133/200 — train start (lr=0.00266546, batches=15)
2026-08-04 03:57:31 INFO  scripts.synthetic_model_comparison.training.training_pipeline | epoch 133/200 — train done in 12.1s | avg loss_box=0.5411 loss_cls=0.3616 loss_dfl=0.0153 loss_total=59.3152
2026-08-04 03:57:31 INFO  scripts.synthetic_model_comparison.training.evaluation | evaluating on 4 batches
2026-08-04 03:57:38 INFO  scripts.synthetic_model_comparison.training.training_pipeline | epoch 133/200 — val mAP50=0.8768 mAP50_95=0.6596 (selection mAP50_95=0.6596)
2026-08-04 03:57:39 INFO  scripts.synthetic_model_comparison.training.evaluation | mlflow: logged val/mAP50=0.8768 val/mAP50_95=0.6596 (step=132)
2026-08-04 03:57:39 INFO  scripts.synthetic_model_comparison.training.evaluation | mlflow: logged val per-class AP table (12 classes)
2026-08-04 03:57:39 INFO  scripts.synthetic_model_comparison.training.training_pipeline | saved checkpoint: /home/debian/Master-Thesis/scripts/synthetic_model_comparison/training/model_exports/yolo26n-sd35-large-turbo-maxlen-seed42-20260804-031104/best.pt
2026-08-04 03:57:39 INFO  scripts.synthetic_model_comparison.training.training_pipeline | new best mAP50_95=0.6596 at epoch 133
2026-08-04 03:57:39 INFO  scripts.synthetic_model_comparison.training.training_pipeline | saved checkpoint: /home/debian/Master-Thesis/scripts/synthetic_model_comparison/training/model_exports/yolo26n-sd35-large-turbo-maxlen-seed42-20260804-031104/last.pt
2026-08-04 03:57:40 INFO  scripts.synthetic_model_comparison.training.training_pipeline | epoch 133/200 done — next lr=0.00259538, epochs_since_improve=0/20
2026-08-04 03:57:40 INFO  scripts.synthetic_model_comparison.training.training_pipeline | epoch 134/200 — train start (lr=0.00259538, batches=15)
2026-08-04 03:57:49 INFO  scripts.synthetic_model_comparison.training.training_pipeline | step 2000 | loss_box=0.5380 loss_cls=0.3591 loss_dfl=0.0175 loss_total=58.8593 lr=0.00256752
2026-08-04 03:57:54 INFO  scripts.synthetic_model_comparison.training.training_pipeline | epoch 134/200 — train done in 14.5s | avg loss_box=0.5491 loss_cls=0.3539 loss_dfl=0.0158 loss_total=59.2322
2026-08-04 03:57:54 INFO  scripts.synthetic_model_comparison.training.evaluation | evaluating on 4 batches
2026-08-04 03:58:00 INFO  scripts.synthetic_model_comparison.training.training_pipeline | epoch 134/200 — val mAP50=0.8815 mAP50_95=0.6726 (selection mAP50_95=0.6726)
2026-08-04 03:58:01 INFO  scripts.synthetic_model_comparison.training.evaluation | mlflow: logged val/mAP50=0.8815 val/mAP50_95=0.6726 (step=133)
2026-08-04 03:58:01 INFO  scripts.synthetic_model_comparison.training.evaluation | mlflow: logged val per-class AP table (12 classes)
2026-08-04 03:58:01 INFO  scripts.synthetic_model_comparison.training.training_pipeline | saved checkpoint: /home/debian/Master-Thesis/scripts/synthetic_model_comparison/training/model_exports/yolo26n-sd35-large-turbo-maxlen-seed42-20260804-031104/best.pt
2026-08-04 03:58:01 INFO  scripts.synthetic_model_comparison.training.training_pipeline | new best mAP50_95=0.6726 at epoch 134
2026-08-04 03:58:01 INFO  scripts.synthetic_model_comparison.training.training_pipeline | saved checkpoint: /home/debian/Master-Thesis/scripts/synthetic_model_comparison/training/model_exports/yolo26n-sd35-large-turbo-maxlen-seed42-20260804-031104/last.pt
2026-08-04 03:58:02 INFO  scripts.synthetic_model_comparison.training.training_pipeline | epoch 134/200 done — next lr=0.00252592, epochs_since_improve=0/20
2026-08-04 03:58:02 INFO  scripts.synthetic_model_comparison.training.training_pipeline | epoch 135/200 — train start (lr=0.00252592, batches=15)
2026-08-04 03:58:14 INFO  scripts.synthetic_model_comparison.training.training_pipeline | epoch 135/200 — train done in 12.3s | avg loss_box=0.5508 loss_cls=0.3603 loss_dfl=0.0155 loss_total=59.6740
2026-08-04 03:58:14 INFO  scripts.synthetic_model_comparison.training.evaluation | evaluating on 4 batches
2026-08-04 03:58:21 INFO  scripts.synthetic_model_comparison.training.training_pipeline | epoch 135/200 — val mAP50=0.8367 mAP50_95=0.6042 (selection mAP50_95=0.6042)
2026-08-04 03:58:22 INFO  scripts.synthetic_model_comparison.training.evaluation | mlflow: logged val/mAP50=0.8367 val/mAP50_95=0.6042 (step=134)
2026-08-04 03:58:22 INFO  scripts.synthetic_model_comparison.training.evaluation | mlflow: logged val per-class AP table (12 classes)
2026-08-04 03:58:23 INFO  scripts.synthetic_model_comparison.training.training_pipeline | saved checkpoint: /home/debian/Master-Thesis/scripts/synthetic_model_comparison/training/model_exports/yolo26n-sd35-large-turbo-maxlen-seed42-20260804-031104/last.pt
2026-08-04 03:58:23 INFO  scripts.synthetic_model_comparison.training.training_pipeline | epoch 135/200 done — next lr=0.00245708, epochs_since_improve=1/20
2026-08-04 03:58:23 INFO  scripts.synthetic_model_comparison.training.training_pipeline | epoch 136/200 — train start (lr=0.00245708, batches=15)
2026-08-04 03:58:35 INFO  scripts.synthetic_model_comparison.training.training_pipeline | epoch 136/200 — train done in 12.5s | avg loss_box=0.5400 loss_cls=0.3465 loss_dfl=0.0154 loss_total=58.3465
2026-08-04 03:58:35 INFO  scripts.synthetic_model_comparison.training.evaluation | evaluating on 4 batches
2026-08-04 03:58:43 INFO  scripts.synthetic_model_comparison.training.training_pipeline | epoch 136/200 — val mAP50=0.8551 mAP50_95=0.6432 (selection mAP50_95=0.6432)
2026-08-04 03:58:44 INFO  scripts.synthetic_model_comparison.training.evaluation | mlflow: logged val/mAP50=0.8551 val/mAP50_95=0.6432 (step=135)
2026-08-04 03:58:44 INFO  scripts.synthetic_model_comparison.training.evaluation | mlflow: logged val per-class AP table (12 classes)
2026-08-04 03:58:44 INFO  scripts.synthetic_model_comparison.training.training_pipeline | saved checkpoint: /home/debian/Master-Thesis/scripts/synthetic_model_comparison/training/model_exports/yolo26n-sd35-large-turbo-maxlen-seed42-20260804-031104/last.pt
2026-08-04 03:58:45 INFO  scripts.synthetic_model_comparison.training.training_pipeline | epoch 136/200 done — next lr=0.0023889, epochs_since_improve=2/20
2026-08-04 03:58:45 INFO  scripts.synthetic_model_comparison.training.training_pipeline | epoch 137/200 — train start (lr=0.0023889, batches=15)
2026-08-04 03:58:55 INFO  scripts.synthetic_model_comparison.training.training_pipeline | step 2050 | loss_box=0.5232 loss_cls=0.3083 loss_dfl=0.0135 loss_total=55.4331 lr=0.00233931
2026-08-04 03:58:58 INFO  scripts.synthetic_model_comparison.training.training_pipeline | epoch 137/200 — train done in 13.3s | avg loss_box=0.5417 loss_cls=0.3729 loss_dfl=0.0151 loss_total=59.5261
2026-08-04 03:58:58 INFO  scripts.synthetic_model_comparison.training.evaluation | evaluating on 4 batches
2026-08-04 03:59:04 INFO  scripts.synthetic_model_comparison.training.training_pipeline | epoch 137/200 — val mAP50=0.8247 mAP50_95=0.5892 (selection mAP50_95=0.5892)
2026-08-04 03:59:05 INFO  scripts.synthetic_model_comparison.training.evaluation | mlflow: logged val/mAP50=0.8247 val/mAP50_95=0.5892 (step=136)
2026-08-04 03:59:05 INFO  scripts.synthetic_model_comparison.training.evaluation | mlflow: logged val per-class AP table (12 classes)
2026-08-04 03:59:05 INFO  scripts.synthetic_model_comparison.training.training_pipeline | saved checkpoint: /home/debian/Master-Thesis/scripts/synthetic_model_comparison/training/model_exports/yolo26n-sd35-large-turbo-maxlen-seed42-20260804-031104/last.pt
2026-08-04 03:59:05 INFO  scripts.synthetic_model_comparison.training.training_pipeline | epoch 137/200 done — next lr=0.00232138, epochs_since_improve=3/20
2026-08-04 03:59:05 INFO  scripts.synthetic_model_comparison.training.training_pipeline | epoch 138/200 — train start (lr=0.00232138, batches=15)
2026-08-04 03:59:17 INFO  scripts.synthetic_model_comparison.training.training_pipeline | epoch 138/200 — train done in 11.5s | avg loss_box=0.5419 loss_cls=0.3500 loss_dfl=0.0152 loss_total=58.1653
2026-08-04 03:59:17 INFO  scripts.synthetic_model_comparison.training.evaluation | evaluating on 4 batches
2026-08-04 03:59:24 INFO  scripts.synthetic_model_comparison.training.training_pipeline | epoch 138/200 — val mAP50=0.8836 mAP50_95=0.6688 (selection mAP50_95=0.6688)
2026-08-04 03:59:24 INFO  scripts.synthetic_model_comparison.training.evaluation | mlflow: logged val/mAP50=0.8836 val/mAP50_95=0.6688 (step=137)
2026-08-04 03:59:25 INFO  scripts.synthetic_model_comparison.training.evaluation | mlflow: logged val per-class AP table (12 classes)
2026-08-04 03:59:25 INFO  scripts.synthetic_model_comparison.training.training_pipeline | saved checkpoint: /home/debian/Master-Thesis/scripts/synthetic_model_comparison/training/model_exports/yolo26n-sd35-large-turbo-maxlen-seed42-20260804-031104/last.pt
2026-08-04 03:59:25 INFO  scripts.synthetic_model_comparison.training.training_pipeline | epoch 138/200 done — next lr=0.00225454, epochs_since_improve=4/20
2026-08-04 03:59:25 INFO  scripts.synthetic_model_comparison.training.training_pipeline | epoch 139/200 — train start (lr=0.00225454, batches=15)
2026-08-04 03:59:37 INFO  scripts.synthetic_model_comparison.training.training_pipeline | epoch 139/200 — train done in 11.9s | avg loss_box=0.5290 loss_cls=0.3236 loss_dfl=0.0153 loss_total=56.3809
2026-08-04 03:59:37 INFO  scripts.synthetic_model_comparison.training.evaluation | evaluating on 4 batches
2026-08-04 03:59:43 INFO  scripts.synthetic_model_comparison.training.training_pipeline | epoch 139/200 — val mAP50=0.8645 mAP50_95=0.6554 (selection mAP50_95=0.6554)
2026-08-04 03:59:44 INFO  scripts.synthetic_model_comparison.training.evaluation | mlflow: logged val/mAP50=0.8645 val/mAP50_95=0.6554 (step=138)
2026-08-04 03:59:44 INFO  scripts.synthetic_model_comparison.training.evaluation | mlflow: logged val per-class AP table (12 classes)
2026-08-04 03:59:44 INFO  scripts.synthetic_model_comparison.training.training_pipeline | saved checkpoint: /home/debian/Master-Thesis/scripts/synthetic_model_comparison/training/model_exports/yolo26n-sd35-large-turbo-maxlen-seed42-20260804-031104/last.pt
2026-08-04 03:59:45 INFO  scripts.synthetic_model_comparison.training.training_pipeline | epoch 139/200 done — next lr=0.0021884, epochs_since_improve=5/20
2026-08-04 03:59:45 INFO  scripts.synthetic_model_comparison.training.training_pipeline | epoch 140/200 — train start (lr=0.0021884, batches=15)
2026-08-04 03:59:57 INFO  scripts.synthetic_model_comparison.training.training_pipeline | epoch 140/200 — train done in 11.8s | avg loss_box=0.5367 loss_cls=0.3405 loss_dfl=0.0151 loss_total=57.4651
2026-08-04 03:59:57 INFO  scripts.synthetic_model_comparison.training.evaluation | evaluating on 4 batches
2026-08-04 04:00:02 INFO  scripts.synthetic_model_comparison.training.training_pipeline | epoch 140/200 — val mAP50=0.8259 mAP50_95=0.5808 (selection mAP50_95=0.5808)
2026-08-04 04:00:03 INFO  scripts.synthetic_model_comparison.training.evaluation | mlflow: logged val/mAP50=0.8259 val/mAP50_95=0.5808 (step=139)
2026-08-04 04:00:04 INFO  scripts.synthetic_model_comparison.training.evaluation | mlflow: logged val per-class AP table (12 classes)
2026-08-04 04:00:04 INFO  scripts.synthetic_model_comparison.training.training_pipeline | saved checkpoint: /home/debian/Master-Thesis/scripts/synthetic_model_comparison/training/model_exports/yolo26n-sd35-large-turbo-maxlen-seed42-20260804-031104/last.pt
2026-08-04 04:00:04 INFO  scripts.synthetic_model_comparison.training.training_pipeline | epoch 140/200 done — next lr=0.00212297, epochs_since_improve=6/20
2026-08-04 04:00:04 INFO  scripts.synthetic_model_comparison.training.training_pipeline | epoch 141/200 — train start (lr=0.00212297, batches=15)
2026-08-04 04:00:11 INFO  scripts.synthetic_model_comparison.training.training_pipeline | step 2100 | loss_box=0.5520 loss_cls=0.3499 loss_dfl=0.0175 loss_total=59.1985 lr=0.00211864
2026-08-04 04:00:19 INFO  scripts.synthetic_model_comparison.training.training_pipeline | epoch 141/200 — train done in 14.7s | avg loss_box=0.5265 loss_cls=0.3339 loss_dfl=0.0149 loss_total=56.5430
2026-08-04 04:00:19 INFO  scripts.synthetic_model_comparison.training.evaluation | evaluating on 4 batches
2026-08-04 04:00:25 INFO  scripts.synthetic_model_comparison.training.training_pipeline | epoch 141/200 — val mAP50=0.8828 mAP50_95=0.6630 (selection mAP50_95=0.6630)
2026-08-04 04:00:26 INFO  scripts.synthetic_model_comparison.training.evaluation | mlflow: logged val/mAP50=0.8828 val/mAP50_95=0.6630 (step=140)
2026-08-04 04:00:26 INFO  scripts.synthetic_model_comparison.training.evaluation | mlflow: logged val per-class AP table (12 classes)
2026-08-04 04:00:26 INFO  scripts.synthetic_model_comparison.training.training_pipeline | saved checkpoint: /home/debian/Master-Thesis/scripts/synthetic_model_comparison/training/model_exports/yolo26n-sd35-large-turbo-maxlen-seed42-20260804-031104/last.pt
2026-08-04 04:00:26 INFO  scripts.synthetic_model_comparison.training.training_pipeline | epoch 141/200 done — next lr=0.00205828, epochs_since_improve=7/20
2026-08-04 04:00:26 INFO  scripts.synthetic_model_comparison.training.training_pipeline | epoch 142/200 — train start (lr=0.00205828, batches=15)
2026-08-04 04:00:39 INFO  scripts.synthetic_model_comparison.training.training_pipeline | epoch 142/200 — train done in 12.5s | avg loss_box=0.5039 loss_cls=0.3208 loss_dfl=0.0138 loss_total=54.5801
2026-08-04 04:00:39 INFO  scripts.synthetic_model_comparison.training.evaluation | evaluating on 4 batches
2026-08-04 04:00:47 INFO  scripts.synthetic_model_comparison.training.training_pipeline | epoch 142/200 — val mAP50=0.8646 mAP50_95=0.6599 (selection mAP50_95=0.6599)
2026-08-04 04:00:47 INFO  scripts.synthetic_model_comparison.training.evaluation | mlflow: logged val/mAP50=0.8646 val/mAP50_95=0.6599 (step=141)
2026-08-04 04:00:48 INFO  scripts.synthetic_model_comparison.training.evaluation | mlflow: logged val per-class AP table (12 classes)
2026-08-04 04:00:48 INFO  scripts.synthetic_model_comparison.training.training_pipeline | saved checkpoint: /home/debian/Master-Thesis/scripts/synthetic_model_comparison/training/model_exports/yolo26n-sd35-large-turbo-maxlen-seed42-20260804-031104/last.pt
2026-08-04 04:00:48 INFO  scripts.synthetic_model_comparison.training.training_pipeline | epoch 142/200 done — next lr=0.00199434, epochs_since_improve=8/20
2026-08-04 04:00:48 INFO  scripts.synthetic_model_comparison.training.training_pipeline | epoch 143/200 — train start (lr=0.00199434, batches=15)
2026-08-04 04:01:01 INFO  scripts.synthetic_model_comparison.training.training_pipeline | epoch 143/200 — train done in 12.5s | avg loss_box=0.5095 loss_cls=0.3290 loss_dfl=0.0144 loss_total=55.2846
2026-08-04 04:01:01 INFO  scripts.synthetic_model_comparison.training.evaluation | evaluating on 4 batches
2026-08-04 04:01:07 INFO  scripts.synthetic_model_comparison.training.training_pipeline | epoch 143/200 — val mAP50=0.8864 mAP50_95=0.6733 (selection mAP50_95=0.6733)
2026-08-04 04:01:07 INFO  scripts.synthetic_model_comparison.training.evaluation | mlflow: logged val/mAP50=0.8864 val/mAP50_95=0.6733 (step=142)
2026-08-04 04:01:08 INFO  scripts.synthetic_model_comparison.training.evaluation | mlflow: logged val per-class AP table (12 classes)
2026-08-04 04:01:08 INFO  scripts.synthetic_model_comparison.training.training_pipeline | saved checkpoint: /home/debian/Master-Thesis/scripts/synthetic_model_comparison/training/model_exports/yolo26n-sd35-large-turbo-maxlen-seed42-20260804-031104/last.pt
2026-08-04 04:01:08 INFO  scripts.synthetic_model_comparison.training.training_pipeline | epoch 143/200 done — next lr=0.00193117, epochs_since_improve=9/20
2026-08-04 04:01:08 INFO  scripts.synthetic_model_comparison.training.training_pipeline | epoch 144/200 — train start (lr=0.00193117, batches=15)
2026-08-04 04:01:17 INFO  scripts.synthetic_model_comparison.training.training_pipeline | step 2150 | loss_box=0.5322 loss_cls=0.2493 loss_dfl=0.0166 loss_total=52.7578 lr=0.00190611
2026-08-04 04:01:22 INFO  scripts.synthetic_model_comparison.training.training_pipeline | epoch 144/200 — train done in 13.8s | avg loss_box=0.5149 loss_cls=0.3152 loss_dfl=0.0146 loss_total=54.9415
2026-08-04 04:01:22 INFO  scripts.synthetic_model_comparison.training.evaluation | evaluating on 4 batches
2026-08-04 04:01:29 INFO  scripts.synthetic_model_comparison.training.training_pipeline | epoch 144/200 — val mAP50=0.8706 mAP50_95=0.6599 (selection mAP50_95=0.6599)
2026-08-04 04:01:30 INFO  scripts.synthetic_model_comparison.training.evaluation | mlflow: logged val/mAP50=0.8706 val/mAP50_95=0.6599 (step=143)
2026-08-04 04:01:31 INFO  scripts.synthetic_model_comparison.training.evaluation | mlflow: logged val per-class AP table (12 classes)
2026-08-04 04:01:31 INFO  scripts.synthetic_model_comparison.training.training_pipeline | saved checkpoint: /home/debian/Master-Thesis/scripts/synthetic_model_comparison/training/model_exports/yolo26n-sd35-large-turbo-maxlen-seed42-20260804-031104/last.pt
2026-08-04 04:01:31 INFO  scripts.synthetic_model_comparison.training.training_pipeline | epoch 144/200 done — next lr=0.00186877, epochs_since_improve=10/20
2026-08-04 04:01:31 INFO  scripts.synthetic_model_comparison.training.training_pipeline | epoch 145/200 — train start (lr=0.00186877, batches=15)
2026-08-04 04:01:44 INFO  scripts.synthetic_model_comparison.training.training_pipeline | epoch 145/200 — train done in 12.6s | avg loss_box=0.5010 loss_cls=0.3253 loss_dfl=0.0145 loss_total=54.7435
2026-08-04 04:01:44 INFO  scripts.synthetic_model_comparison.training.evaluation | evaluating on 4 batches
2026-08-04 04:01:51 INFO  scripts.synthetic_model_comparison.training.training_pipeline | epoch 145/200 — val mAP50=0.8075 mAP50_95=0.5246 (selection mAP50_95=0.5246)
2026-08-04 04:01:52 INFO  scripts.synthetic_model_comparison.training.evaluation | mlflow: logged val/mAP50=0.8075 val/mAP50_95=0.5246 (step=144)
2026-08-04 04:01:52 INFO  scripts.synthetic_model_comparison.training.evaluation | mlflow: logged val per-class AP table (12 classes)
2026-08-04 04:01:53 INFO  scripts.synthetic_model_comparison.training.training_pipeline | saved checkpoint: /home/debian/Master-Thesis/scripts/synthetic_model_comparison/training/model_exports/yolo26n-sd35-large-turbo-maxlen-seed42-20260804-031104/last.pt
2026-08-04 04:01:53 INFO  scripts.synthetic_model_comparison.training.training_pipeline | epoch 145/200 done — next lr=0.00180718, epochs_since_improve=11/20
2026-08-04 04:01:53 INFO  scripts.synthetic_model_comparison.training.training_pipeline | epoch 146/200 — train start (lr=0.00180718, batches=15)
2026-08-04 04:02:05 INFO  scripts.synthetic_model_comparison.training.training_pipeline | epoch 146/200 — train done in 11.5s | avg loss_box=0.4958 loss_cls=0.3201 loss_dfl=0.0139 loss_total=53.7680
2026-08-04 04:02:05 INFO  scripts.synthetic_model_comparison.training.evaluation | evaluating on 4 batches
2026-08-04 04:02:10 INFO  scripts.synthetic_model_comparison.training.training_pipeline | epoch 146/200 — val mAP50=0.8823 mAP50_95=0.6736 (selection mAP50_95=0.6736)
2026-08-04 04:02:11 INFO  scripts.synthetic_model_comparison.training.evaluation | mlflow: logged val/mAP50=0.8823 val/mAP50_95=0.6736 (step=145)
2026-08-04 04:02:12 INFO  scripts.synthetic_model_comparison.training.evaluation | mlflow: logged val per-class AP table (12 classes)
2026-08-04 04:02:12 INFO  scripts.synthetic_model_comparison.training.training_pipeline | saved checkpoint: /home/debian/Master-Thesis/scripts/synthetic_model_comparison/training/model_exports/yolo26n-sd35-large-turbo-maxlen-seed42-20260804-031104/last.pt
2026-08-04 04:02:12 INFO  scripts.synthetic_model_comparison.training.training_pipeline | epoch 146/200 done — next lr=0.00174639, epochs_since_improve=12/20
2026-08-04 04:02:12 INFO  scripts.synthetic_model_comparison.training.training_pipeline | epoch 147/200 — train start (lr=0.00174639, batches=15)
2026-08-04 04:02:23 INFO  scripts.synthetic_model_comparison.training.training_pipeline | step 2200 | loss_box=0.4702 loss_cls=0.2398 loss_dfl=0.0140 loss_total=48.5118 lr=0.00170234
2026-08-04 04:02:26 INFO  scripts.synthetic_model_comparison.training.training_pipeline | epoch 147/200 — train done in 13.8s | avg loss_box=0.5084 loss_cls=0.3048 loss_dfl=0.0142 loss_total=53.8838
2026-08-04 04:02:26 INFO  scripts.synthetic_model_comparison.training.evaluation | evaluating on 4 batches
2026-08-04 04:02:34 INFO  scripts.synthetic_model_comparison.training.training_pipeline | epoch 147/200 — val mAP50=0.8893 mAP50_95=0.6744 (selection mAP50_95=0.6744)
2026-08-04 04:02:34 INFO  scripts.synthetic_model_comparison.training.evaluation | mlflow: logged val/mAP50=0.8893 val/mAP50_95=0.6744 (step=146)
2026-08-04 04:02:35 INFO  scripts.synthetic_model_comparison.training.evaluation | mlflow: logged val per-class AP table (12 classes)
2026-08-04 04:02:35 INFO  scripts.synthetic_model_comparison.training.training_pipeline | saved checkpoint: /home/debian/Master-Thesis/scripts/synthetic_model_comparison/training/model_exports/yolo26n-sd35-large-turbo-maxlen-seed42-20260804-031104/best.pt
2026-08-04 04:02:35 INFO  scripts.synthetic_model_comparison.training.training_pipeline | new best mAP50_95=0.6744 at epoch 147
2026-08-04 04:02:35 INFO  scripts.synthetic_model_comparison.training.training_pipeline | saved checkpoint: /home/debian/Master-Thesis/scripts/synthetic_model_comparison/training/model_exports/yolo26n-sd35-large-turbo-maxlen-seed42-20260804-031104/last.pt
2026-08-04 04:02:35 INFO  scripts.synthetic_model_comparison.training.training_pipeline | epoch 147/200 done — next lr=0.00168644, epochs_since_improve=0/20
2026-08-04 04:02:35 INFO  scripts.synthetic_model_comparison.training.training_pipeline | epoch 148/200 — train start (lr=0.00168644, batches=15)
2026-08-04 04:02:48 INFO  scripts.synthetic_model_comparison.training.training_pipeline | epoch 148/200 — train done in 12.7s | avg loss_box=0.4740 loss_cls=0.3000 loss_dfl=0.0133 loss_total=51.4476
2026-08-04 04:02:48 INFO  scripts.synthetic_model_comparison.training.evaluation | evaluating on 4 batches
2026-08-04 04:02:56 INFO  scripts.synthetic_model_comparison.training.training_pipeline | epoch 148/200 — val mAP50=0.8637 mAP50_95=0.6466 (selection mAP50_95=0.6466)
2026-08-04 04:02:57 INFO  scripts.synthetic_model_comparison.training.evaluation | mlflow: logged val/mAP50=0.8637 val/mAP50_95=0.6466 (step=147)
2026-08-04 04:02:57 INFO  scripts.synthetic_model_comparison.training.evaluation | mlflow: logged val per-class AP table (12 classes)
2026-08-04 04:02:57 INFO  scripts.synthetic_model_comparison.training.training_pipeline | saved checkpoint: /home/debian/Master-Thesis/scripts/synthetic_model_comparison/training/model_exports/yolo26n-sd35-large-turbo-maxlen-seed42-20260804-031104/last.pt
2026-08-04 04:02:57 INFO  scripts.synthetic_model_comparison.training.training_pipeline | epoch 148/200 done — next lr=0.00162733, epochs_since_improve=1/20
2026-08-04 04:02:57 INFO  scripts.synthetic_model_comparison.training.training_pipeline | epoch 149/200 — train start (lr=0.00162733, batches=15)
2026-08-04 04:03:11 INFO  scripts.synthetic_model_comparison.training.training_pipeline | epoch 149/200 — train done in 13.0s | avg loss_box=0.4864 loss_cls=0.3040 loss_dfl=0.0137 loss_total=52.3213
2026-08-04 04:03:11 INFO  scripts.synthetic_model_comparison.training.evaluation | evaluating on 4 batches
2026-08-04 04:03:18 INFO  scripts.synthetic_model_comparison.training.training_pipeline | epoch 149/200 — val mAP50=0.8794 mAP50_95=0.6726 (selection mAP50_95=0.6726)
2026-08-04 04:03:19 INFO  scripts.synthetic_model_comparison.training.evaluation | mlflow: logged val/mAP50=0.8794 val/mAP50_95=0.6726 (step=148)
2026-08-04 04:03:19 INFO  scripts.synthetic_model_comparison.training.evaluation | mlflow: logged val per-class AP table (12 classes)
2026-08-04 04:03:19 INFO  scripts.synthetic_model_comparison.training.training_pipeline | saved checkpoint: /home/debian/Master-Thesis/scripts/synthetic_model_comparison/training/model_exports/yolo26n-sd35-large-turbo-maxlen-seed42-20260804-031104/last.pt
2026-08-04 04:03:20 INFO  scripts.synthetic_model_comparison.training.training_pipeline | epoch 149/200 done — next lr=0.00156908, epochs_since_improve=2/20
2026-08-04 04:03:20 INFO  scripts.synthetic_model_comparison.training.training_pipeline | epoch 150/200 — train start (lr=0.00156908, batches=15)
2026-08-04 04:03:32 INFO  scripts.synthetic_model_comparison.training.training_pipeline | epoch 150/200 — train done in 12.4s | avg loss_box=0.4895 loss_cls=0.3012 loss_dfl=0.0137 loss_total=52.3210
2026-08-04 04:03:32 INFO  scripts.synthetic_model_comparison.training.evaluation | evaluating on 4 batches
2026-08-04 04:03:40 INFO  scripts.synthetic_model_comparison.training.training_pipeline | epoch 150/200 — val mAP50=0.8881 mAP50_95=0.6797 (selection mAP50_95=0.6797)
2026-08-04 04:03:40 INFO  scripts.synthetic_model_comparison.training.evaluation | mlflow: logged val/mAP50=0.8881 val/mAP50_95=0.6797 (step=149)
2026-08-04 04:03:41 INFO  scripts.synthetic_model_comparison.training.evaluation | mlflow: logged val per-class AP table (12 classes)
2026-08-04 04:03:41 INFO  scripts.synthetic_model_comparison.training.training_pipeline | saved checkpoint: /home/debian/Master-Thesis/scripts/synthetic_model_comparison/training/model_exports/yolo26n-sd35-large-turbo-maxlen-seed42-20260804-031104/best.pt
2026-08-04 04:03:41 INFO  scripts.synthetic_model_comparison.training.training_pipeline | new best mAP50_95=0.6797 at epoch 150
2026-08-04 04:03:41 INFO  scripts.synthetic_model_comparison.training.training_pipeline | saved checkpoint: /home/debian/Master-Thesis/scripts/synthetic_model_comparison/training/model_exports/yolo26n-sd35-large-turbo-maxlen-seed42-20260804-031104/last.pt
2026-08-04 04:03:41 INFO  scripts.synthetic_model_comparison.training.training_pipeline | epoch 150/200 done — next lr=0.0015117, epochs_since_improve=0/20
2026-08-04 04:03:41 INFO  scripts.synthetic_model_comparison.training.training_pipeline | epoch 151/200 — train start (lr=0.0015117, batches=15)
2026-08-04 04:03:46 WARNING urllib3.connectionpool | Retrying (Retry(total=6, connect=7, read=6, redirect=7, status=7)) after connection broken by 'RemoteDisconnected('Remote end closed connection without response')': /api/2.0/mlflow/runs/log-metric
2026-08-04 04:03:48 INFO  scripts.synthetic_model_comparison.training.training_pipeline | step 2250 | loss_box=0.4347 loss_cls=0.2422 loss_dfl=0.0119 loss_total=45.5975 lr=0.00150791
2026-08-04 04:03:56 INFO  scripts.synthetic_model_comparison.training.training_pipeline | epoch 151/200 — train done in 14.5s | avg loss_box=0.4719 loss_cls=0.3015 loss_dfl=0.0132 loss_total=51.3626
2026-08-04 04:03:56 INFO  scripts.synthetic_model_comparison.training.evaluation | evaluating on 4 batches
2026-08-04 04:04:02 INFO  scripts.synthetic_model_comparison.training.training_pipeline | epoch 151/200 — val mAP50=0.8474 mAP50_95=0.6326 (selection mAP50_95=0.6326)
2026-08-04 04:04:03 INFO  scripts.synthetic_model_comparison.training.evaluation | mlflow: logged val/mAP50=0.8474 val/mAP50_95=0.6326 (step=150)
2026-08-04 04:04:03 INFO  scripts.synthetic_model_comparison.training.evaluation | mlflow: logged val per-class AP table (12 classes)
2026-08-04 04:04:03 INFO  scripts.synthetic_model_comparison.training.training_pipeline | saved checkpoint: /home/debian/Master-Thesis/scripts/synthetic_model_comparison/training/model_exports/yolo26n-sd35-large-turbo-maxlen-seed42-20260804-031104/last.pt
2026-08-04 04:04:03 INFO  scripts.synthetic_model_comparison.training.training_pipeline | epoch 151/200 done — next lr=0.00145521, epochs_since_improve=1/20
2026-08-04 04:04:03 INFO  scripts.synthetic_model_comparison.training.training_pipeline | epoch 152/200 — train start (lr=0.00145521, batches=15)
2026-08-04 04:04:16 INFO  scripts.synthetic_model_comparison.training.training_pipeline | epoch 152/200 — train done in 12.4s | avg loss_box=0.4710 loss_cls=0.2861 loss_dfl=0.0131 loss_total=50.3475
2026-08-04 04:04:16 INFO  scripts.synthetic_model_comparison.training.evaluation | evaluating on 4 batches
2026-08-04 04:04:23 INFO  scripts.synthetic_model_comparison.training.training_pipeline | epoch 152/200 — val mAP50=0.8444 mAP50_95=0.6165 (selection mAP50_95=0.6165)
2026-08-04 04:04:24 INFO  scripts.synthetic_model_comparison.training.evaluation | mlflow: logged val/mAP50=0.8444 val/mAP50_95=0.6165 (step=151)
2026-08-04 04:04:25 INFO  scripts.synthetic_model_comparison.training.evaluation | mlflow: logged val per-class AP table (12 classes)
2026-08-04 04:04:25 INFO  scripts.synthetic_model_comparison.training.training_pipeline | saved checkpoint: /home/debian/Master-Thesis/scripts/synthetic_model_comparison/training/model_exports/yolo26n-sd35-large-turbo-maxlen-seed42-20260804-031104/last.pt
2026-08-04 04:04:25 INFO  scripts.synthetic_model_comparison.training.training_pipeline | epoch 152/200 done — next lr=0.00139962, epochs_since_improve=2/20
2026-08-04 04:04:25 INFO  scripts.synthetic_model_comparison.training.training_pipeline | epoch 153/200 — train start (lr=0.00139962, batches=15)
2026-08-04 04:04:38 INFO  scripts.synthetic_model_comparison.training.training_pipeline | epoch 153/200 — train done in 12.7s | avg loss_box=0.4736 loss_cls=0.2786 loss_dfl=0.0134 loss_total=50.0490
2026-08-04 04:04:38 INFO  scripts.synthetic_model_comparison.training.evaluation | evaluating on 4 batches
2026-08-04 04:04:46 INFO  scripts.synthetic_model_comparison.training.training_pipeline | epoch 153/200 — val mAP50=0.8765 mAP50_95=0.6668 (selection mAP50_95=0.6668)
2026-08-04 04:04:46 INFO  scripts.synthetic_model_comparison.training.evaluation | mlflow: logged val/mAP50=0.8765 val/mAP50_95=0.6668 (step=152)
2026-08-04 04:04:47 INFO  scripts.synthetic_model_comparison.training.evaluation | mlflow: logged val per-class AP table (12 classes)
2026-08-04 04:04:47 INFO  scripts.synthetic_model_comparison.training.training_pipeline | saved checkpoint: /home/debian/Master-Thesis/scripts/synthetic_model_comparison/training/model_exports/yolo26n-sd35-large-turbo-maxlen-seed42-20260804-031104/last.pt
2026-08-04 04:04:47 INFO  scripts.synthetic_model_comparison.training.training_pipeline | epoch 153/200 done — next lr=0.00134495, epochs_since_improve=3/20
2026-08-04 04:04:47 INFO  scripts.synthetic_model_comparison.training.training_pipeline | epoch 154/200 — train start (lr=0.00134495, batches=15)
2026-08-04 04:04:56 INFO  scripts.synthetic_model_comparison.training.training_pipeline | step 2300 | loss_box=0.5022 loss_cls=0.2653 loss_dfl=0.0128 loss_total=51.2055 lr=0.00132335
2026-08-04 04:05:01 INFO  scripts.synthetic_model_comparison.training.training_pipeline | epoch 154/200 — train done in 14.3s | avg loss_box=0.4840 loss_cls=0.2783 loss_dfl=0.0136 loss_total=50.7558
2026-08-04 04:05:01 INFO  scripts.synthetic_model_comparison.training.evaluation | evaluating on 4 batches
2026-08-04 04:05:09 INFO  scripts.synthetic_model_comparison.training.training_pipeline | epoch 154/200 — val mAP50=0.8871 mAP50_95=0.6745 (selection mAP50_95=0.6745)
2026-08-04 04:05:09 INFO  scripts.synthetic_model_comparison.training.evaluation | mlflow: logged val/mAP50=0.8871 val/mAP50_95=0.6745 (step=153)
2026-08-04 04:05:10 INFO  scripts.synthetic_model_comparison.training.evaluation | mlflow: logged val per-class AP table (12 classes)
2026-08-04 04:05:10 INFO  scripts.synthetic_model_comparison.training.training_pipeline | saved checkpoint: /home/debian/Master-Thesis/scripts/synthetic_model_comparison/training/model_exports/yolo26n-sd35-large-turbo-maxlen-seed42-20260804-031104/last.pt
2026-08-04 04:05:10 INFO  scripts.synthetic_model_comparison.training.training_pipeline | epoch 154/200 done — next lr=0.00129122, epochs_since_improve=4/20
2026-08-04 04:05:10 INFO  scripts.synthetic_model_comparison.training.training_pipeline | epoch 155/200 — train start (lr=0.00129122, batches=15)
2026-08-04 04:05:23 INFO  scripts.synthetic_model_comparison.training.training_pipeline | epoch 155/200 — train done in 13.1s | avg loss_box=0.4657 loss_cls=0.2848 loss_dfl=0.0132 loss_total=50.0143
2026-08-04 04:05:23 INFO  scripts.synthetic_model_comparison.training.evaluation | evaluating on 4 batches
2026-08-04 04:05:29 INFO  scripts.synthetic_model_comparison.training.training_pipeline | epoch 155/200 — val mAP50=0.8918 mAP50_95=0.6749 (selection mAP50_95=0.6749)
2026-08-04 04:05:30 INFO  scripts.synthetic_model_comparison.training.evaluation | mlflow: logged val/mAP50=0.8918 val/mAP50_95=0.6749 (step=154)
2026-08-04 04:05:30 INFO  scripts.synthetic_model_comparison.training.evaluation | mlflow: logged val per-class AP table (12 classes)
2026-08-04 04:05:30 INFO  scripts.synthetic_model_comparison.training.training_pipeline | saved checkpoint: /home/debian/Master-Thesis/scripts/synthetic_model_comparison/training/model_exports/yolo26n-sd35-large-turbo-maxlen-seed42-20260804-031104/last.pt
2026-08-04 04:05:31 INFO  scripts.synthetic_model_comparison.training.training_pipeline | epoch 155/200 done — next lr=0.00123842, epochs_since_improve=5/20
2026-08-04 04:05:31 INFO  scripts.synthetic_model_comparison.training.training_pipeline | epoch 156/200 — train start (lr=0.00123842, batches=15)
2026-08-04 04:05:42 INFO  scripts.synthetic_model_comparison.training.training_pipeline | epoch 156/200 — train done in 11.6s | avg loss_box=0.4598 loss_cls=0.2656 loss_dfl=0.0129 loss_total=48.4519
2026-08-04 04:05:42 INFO  scripts.synthetic_model_comparison.training.evaluation | evaluating on 4 batches
2026-08-04 04:05:48 INFO  scripts.synthetic_model_comparison.training.training_pipeline | epoch 156/200 — val mAP50=0.8893 mAP50_95=0.6814 (selection mAP50_95=0.6814)
2026-08-04 04:05:49 INFO  scripts.synthetic_model_comparison.training.evaluation | mlflow: logged val/mAP50=0.8893 val/mAP50_95=0.6814 (step=155)
2026-08-04 04:05:49 INFO  scripts.synthetic_model_comparison.training.evaluation | mlflow: logged val per-class AP table (12 classes)
2026-08-04 04:05:49 INFO  scripts.synthetic_model_comparison.training.training_pipeline | saved checkpoint: /home/debian/Master-Thesis/scripts/synthetic_model_comparison/training/model_exports/yolo26n-sd35-large-turbo-maxlen-seed42-20260804-031104/best.pt
2026-08-04 04:05:49 INFO  scripts.synthetic_model_comparison.training.training_pipeline | new best mAP50_95=0.6814 at epoch 156
2026-08-04 04:05:49 INFO  scripts.synthetic_model_comparison.training.training_pipeline | saved checkpoint: /home/debian/Master-Thesis/scripts/synthetic_model_comparison/training/model_exports/yolo26n-sd35-large-turbo-maxlen-seed42-20260804-031104/last.pt
2026-08-04 04:05:50 INFO  scripts.synthetic_model_comparison.training.training_pipeline | epoch 156/200 done — next lr=0.00118658, epochs_since_improve=0/20
2026-08-04 04:05:50 INFO  scripts.synthetic_model_comparison.training.training_pipeline | epoch 157/200 — train start (lr=0.00118658, batches=15)
2026-08-04 04:06:00 INFO  scripts.synthetic_model_comparison.training.training_pipeline | step 2350 | loss_box=0.5056 loss_cls=0.2297 loss_dfl=0.0160 loss_total=49.0069 lr=0.00114919
2026-08-04 04:06:03 INFO  scripts.synthetic_model_comparison.training.training_pipeline | epoch 157/200 — train done in 13.4s | avg loss_box=0.4612 loss_cls=0.2742 loss_dfl=0.0131 loss_total=49.2312
2026-08-04 04:06:03 INFO  scripts.synthetic_model_comparison.training.evaluation | evaluating on 4 batches
2026-08-04 04:06:11 INFO  scripts.synthetic_model_comparison.training.training_pipeline | epoch 157/200 — val mAP50=0.8706 mAP50_95=0.6715 (selection mAP50_95=0.6715)
2026-08-04 04:06:12 INFO  scripts.synthetic_model_comparison.training.evaluation | mlflow: logged val/mAP50=0.8706 val/mAP50_95=0.6715 (step=156)
2026-08-04 04:06:12 INFO  scripts.synthetic_model_comparison.training.evaluation | mlflow: logged val per-class AP table (12 classes)
2026-08-04 04:06:12 INFO  scripts.synthetic_model_comparison.training.training_pipeline | saved checkpoint: /home/debian/Master-Thesis/scripts/synthetic_model_comparison/training/model_exports/yolo26n-sd35-large-turbo-maxlen-seed42-20260804-031104/last.pt
2026-08-04 04:06:12 INFO  scripts.synthetic_model_comparison.training.training_pipeline | epoch 157/200 done — next lr=0.00113572, epochs_since_improve=1/20
2026-08-04 04:06:12 INFO  scripts.synthetic_model_comparison.training.training_pipeline | epoch 158/200 — train start (lr=0.00113572, batches=15)
2026-08-04 04:06:25 INFO  scripts.synthetic_model_comparison.training.training_pipeline | epoch 158/200 — train done in 12.2s | avg loss_box=0.4428 loss_cls=0.2599 loss_dfl=0.0123 loss_total=47.1450
2026-08-04 04:06:25 INFO  scripts.synthetic_model_comparison.training.evaluation | evaluating on 4 batches
2026-08-04 04:06:32 INFO  scripts.synthetic_model_comparison.training.training_pipeline | epoch 158/200 — val mAP50=0.8938 mAP50_95=0.6832 (selection mAP50_95=0.6832)
2026-08-04 04:06:33 INFO  scripts.synthetic_model_comparison.training.evaluation | mlflow: logged val/mAP50=0.8938 val/mAP50_95=0.6832 (step=157)
2026-08-04 04:06:33 INFO  scripts.synthetic_model_comparison.training.evaluation | mlflow: logged val per-class AP table (12 classes)
2026-08-04 04:06:33 INFO  scripts.synthetic_model_comparison.training.training_pipeline | saved checkpoint: /home/debian/Master-Thesis/scripts/synthetic_model_comparison/training/model_exports/yolo26n-sd35-large-turbo-maxlen-seed42-20260804-031104/best.pt
2026-08-04 04:06:33 INFO  scripts.synthetic_model_comparison.training.training_pipeline | new best mAP50_95=0.6832 at epoch 158
2026-08-04 04:06:34 INFO  scripts.synthetic_model_comparison.training.training_pipeline | saved checkpoint: /home/debian/Master-Thesis/scripts/synthetic_model_comparison/training/model_exports/yolo26n-sd35-large-turbo-maxlen-seed42-20260804-031104/last.pt
2026-08-04 04:06:34 INFO  scripts.synthetic_model_comparison.training.training_pipeline | epoch 158/200 done — next lr=0.00108584, epochs_since_improve=0/20
2026-08-04 04:06:34 INFO  scripts.synthetic_model_comparison.training.training_pipeline | epoch 159/200 — train start (lr=0.00108584, batches=15)
2026-08-04 04:06:46 INFO  scripts.synthetic_model_comparison.training.training_pipeline | epoch 159/200 — train done in 11.6s | avg loss_box=0.4517 loss_cls=0.2705 loss_dfl=0.0125 loss_total=48.1966
2026-08-04 04:06:46 INFO  scripts.synthetic_model_comparison.training.evaluation | evaluating on 4 batches
2026-08-04 04:06:51 INFO  scripts.synthetic_model_comparison.training.training_pipeline | epoch 159/200 — val mAP50=0.8795 mAP50_95=0.6556 (selection mAP50_95=0.6556)
2026-08-04 04:06:52 INFO  scripts.synthetic_model_comparison.training.evaluation | mlflow: logged val/mAP50=0.8795 val/mAP50_95=0.6556 (step=158)
2026-08-04 04:06:52 INFO  scripts.synthetic_model_comparison.training.evaluation | mlflow: logged val per-class AP table (12 classes)
2026-08-04 04:06:52 INFO  scripts.synthetic_model_comparison.training.training_pipeline | saved checkpoint: /home/debian/Master-Thesis/scripts/synthetic_model_comparison/training/model_exports/yolo26n-sd35-large-turbo-maxlen-seed42-20260804-031104/last.pt
2026-08-04 04:06:53 INFO  scripts.synthetic_model_comparison.training.training_pipeline | epoch 159/200 done — next lr=0.00103695, epochs_since_improve=1/20
2026-08-04 04:06:53 INFO  scripts.synthetic_model_comparison.training.training_pipeline | epoch 160/200 — train start (lr=0.00103695, batches=15)
2026-08-04 04:07:05 INFO  scripts.synthetic_model_comparison.training.training_pipeline | epoch 160/200 — train done in 12.2s | avg loss_box=0.4433 loss_cls=0.2605 loss_dfl=0.0128 loss_total=47.1190
2026-08-04 04:07:05 INFO  scripts.synthetic_model_comparison.training.evaluation | evaluating on 4 batches
2026-08-04 04:07:11 INFO  scripts.synthetic_model_comparison.training.training_pipeline | epoch 160/200 — val mAP50=0.8907 mAP50_95=0.6763 (selection mAP50_95=0.6763)
2026-08-04 04:07:12 INFO  scripts.synthetic_model_comparison.training.evaluation | mlflow: logged val/mAP50=0.8907 val/mAP50_95=0.6763 (step=159)
2026-08-04 04:07:12 INFO  scripts.synthetic_model_comparison.training.evaluation | mlflow: logged val per-class AP table (12 classes)
2026-08-04 04:07:12 INFO  scripts.synthetic_model_comparison.training.training_pipeline | saved checkpoint: /home/debian/Master-Thesis/scripts/synthetic_model_comparison/training/model_exports/yolo26n-sd35-large-turbo-maxlen-seed42-20260804-031104/last.pt
2026-08-04 04:07:13 INFO  scripts.synthetic_model_comparison.training.training_pipeline | epoch 160/200 done — next lr=0.000989077, epochs_since_improve=2/20
2026-08-04 04:07:13 INFO  scripts.synthetic_model_comparison.training.training_pipeline | epoch 161/200 — train start (lr=0.000989077, batches=15)
2026-08-04 04:07:19 INFO  scripts.synthetic_model_comparison.training.training_pipeline | step 2400 | loss_box=0.3757 loss_cls=0.2514 loss_dfl=0.0104 loss_total=41.7861 lr=0.000985921
2026-08-04 04:07:26 INFO  scripts.synthetic_model_comparison.training.training_pipeline | epoch 161/200 — train done in 13.2s | avg loss_box=0.4354 loss_cls=0.2696 loss_dfl=0.0121 loss_total=47.0424
2026-08-04 04:07:26 INFO  scripts.synthetic_model_comparison.training.evaluation | evaluating on 4 batches
2026-08-04 04:07:32 INFO  scripts.synthetic_model_comparison.training.training_pipeline | epoch 161/200 — val mAP50=0.8509 mAP50_95=0.6273 (selection mAP50_95=0.6273)
2026-08-04 04:07:33 INFO  scripts.synthetic_model_comparison.training.evaluation | mlflow: logged val/mAP50=0.8509 val/mAP50_95=0.6273 (step=160)
2026-08-04 04:07:33 INFO  scripts.synthetic_model_comparison.training.evaluation | mlflow: logged val per-class AP table (12 classes)
2026-08-04 04:07:33 INFO  scripts.synthetic_model_comparison.training.training_pipeline | saved checkpoint: /home/debian/Master-Thesis/scripts/synthetic_model_comparison/training/model_exports/yolo26n-sd35-large-turbo-maxlen-seed42-20260804-031104/last.pt
2026-08-04 04:07:33 INFO  scripts.synthetic_model_comparison.training.training_pipeline | epoch 161/200 done — next lr=0.000942223, epochs_since_improve=3/20
2026-08-04 04:07:33 INFO  scripts.synthetic_model_comparison.training.training_pipeline | epoch 162/200 — train start (lr=0.000942223, batches=15)
2026-08-04 04:07:45 INFO  scripts.synthetic_model_comparison.training.training_pipeline | epoch 162/200 — train done in 11.6s | avg loss_box=0.4398 loss_cls=0.2597 loss_dfl=0.0125 loss_total=46.8238
2026-08-04 04:07:45 INFO  scripts.synthetic_model_comparison.training.evaluation | evaluating on 4 batches
2026-08-04 04:07:52 INFO  scripts.synthetic_model_comparison.training.training_pipeline | epoch 162/200 — val mAP50=0.8903 mAP50_95=0.6796 (selection mAP50_95=0.6796)
2026-08-04 04:07:53 INFO  scripts.synthetic_model_comparison.training.evaluation | mlflow: logged val/mAP50=0.8903 val/mAP50_95=0.6796 (step=161)
2026-08-04 04:07:53 INFO  scripts.synthetic_model_comparison.training.evaluation | mlflow: logged val per-class AP table (12 classes)
2026-08-04 04:07:53 INFO  scripts.synthetic_model_comparison.training.training_pipeline | saved checkpoint: /home/debian/Master-Thesis/scripts/synthetic_model_comparison/training/model_exports/yolo26n-sd35-large-turbo-maxlen-seed42-20260804-031104/last.pt
2026-08-04 04:07:53 INFO  scripts.synthetic_model_comparison.training.training_pipeline | epoch 162/200 done — next lr=0.000896401, epochs_since_improve=4/20
2026-08-04 04:07:53 INFO  scripts.synthetic_model_comparison.training.training_pipeline | epoch 163/200 — train start (lr=0.000896401, batches=15)
2026-08-04 04:08:06 INFO  scripts.synthetic_model_comparison.training.training_pipeline | epoch 163/200 — train done in 12.3s | avg loss_box=0.4341 loss_cls=0.2608 loss_dfl=0.0120 loss_total=46.3561
2026-08-04 04:08:06 INFO  scripts.synthetic_model_comparison.training.evaluation | evaluating on 4 batches
2026-08-04 04:08:11 INFO  scripts.synthetic_model_comparison.training.training_pipeline | epoch 163/200 — val mAP50=0.8941 mAP50_95=0.6870 (selection mAP50_95=0.6870)
2026-08-04 04:08:12 INFO  scripts.synthetic_model_comparison.training.evaluation | mlflow: logged val/mAP50=0.8941 val/mAP50_95=0.6870 (step=162)
2026-08-04 04:08:12 INFO  scripts.synthetic_model_comparison.training.evaluation | mlflow: logged val per-class AP table (12 classes)
2026-08-04 04:08:13 INFO  scripts.synthetic_model_comparison.training.training_pipeline | saved checkpoint: /home/debian/Master-Thesis/scripts/synthetic_model_comparison/training/model_exports/yolo26n-sd35-large-turbo-maxlen-seed42-20260804-031104/best.pt
2026-08-04 04:08:13 INFO  scripts.synthetic_model_comparison.training.training_pipeline | new best mAP50_95=0.6870 at epoch 163
2026-08-04 04:08:13 INFO  scripts.synthetic_model_comparison.training.training_pipeline | saved checkpoint: /home/debian/Master-Thesis/scripts/synthetic_model_comparison/training/model_exports/yolo26n-sd35-large-turbo-maxlen-seed42-20260804-031104/last.pt
2026-08-04 04:08:13 INFO  scripts.synthetic_model_comparison.training.training_pipeline | epoch 163/200 done — next lr=0.000851625, epochs_since_improve=0/20
2026-08-04 04:08:13 INFO  scripts.synthetic_model_comparison.training.training_pipeline | epoch 164/200 — train start (lr=0.000851625, batches=15)
2026-08-04 04:08:21 INFO  scripts.synthetic_model_comparison.training.training_pipeline | step 2450 | loss_box=0.4614 loss_cls=0.2376 loss_dfl=0.0138 loss_total=47.2161 lr=0.000834009
2026-08-04 04:08:26 INFO  scripts.synthetic_model_comparison.training.training_pipeline | epoch 164/200 — train done in 13.1s | avg loss_box=0.4175 loss_cls=0.2436 loss_dfl=0.0119 loss_total=44.5147
2026-08-04 04:08:26 INFO  scripts.synthetic_model_comparison.training.evaluation | evaluating on 4 batches
2026-08-04 04:08:32 INFO  scripts.synthetic_model_comparison.training.training_pipeline | epoch 164/200 — val mAP50=0.8893 mAP50_95=0.6826 (selection mAP50_95=0.6826)
2026-08-04 04:08:33 INFO  scripts.synthetic_model_comparison.training.evaluation | mlflow: logged val/mAP50=0.8893 val/mAP50_95=0.6826 (step=163)
2026-08-04 04:08:33 INFO  scripts.synthetic_model_comparison.training.evaluation | mlflow: logged val per-class AP table (12 classes)
2026-08-04 04:08:33 INFO  scripts.synthetic_model_comparison.training.training_pipeline | saved checkpoint: /home/debian/Master-Thesis/scripts/synthetic_model_comparison/training/model_exports/yolo26n-sd35-large-turbo-maxlen-seed42-20260804-031104/last.pt
2026-08-04 04:08:34 INFO  scripts.synthetic_model_comparison.training.training_pipeline | epoch 164/200 done — next lr=0.000807905, epochs_since_improve=1/20
2026-08-04 04:08:34 INFO  scripts.synthetic_model_comparison.training.training_pipeline | epoch 165/200 — train start (lr=0.000807905, batches=15)
2026-08-04 04:08:46 INFO  scripts.synthetic_model_comparison.training.training_pipeline | epoch 165/200 — train done in 12.8s | avg loss_box=0.4386 loss_cls=0.2648 loss_dfl=0.0124 loss_total=46.8639
2026-08-04 04:08:46 INFO  scripts.synthetic_model_comparison.training.evaluation | evaluating on 4 batches
2026-08-04 04:08:54 INFO  scripts.synthetic_model_comparison.training.training_pipeline | epoch 165/200 — val mAP50=0.8923 mAP50_95=0.6805 (selection mAP50_95=0.6805)
2026-08-04 04:08:55 INFO  scripts.synthetic_model_comparison.training.evaluation | mlflow: logged val/mAP50=0.8923 val/mAP50_95=0.6805 (step=164)
2026-08-04 04:08:55 INFO  scripts.synthetic_model_comparison.training.evaluation | mlflow: logged val per-class AP table (12 classes)
2026-08-04 04:08:55 INFO  scripts.synthetic_model_comparison.training.training_pipeline | saved checkpoint: /home/debian/Master-Thesis/scripts/synthetic_model_comparison/training/model_exports/yolo26n-sd35-large-turbo-maxlen-seed42-20260804-031104/last.pt
2026-08-04 04:08:56 INFO  scripts.synthetic_model_comparison.training.training_pipeline | epoch 165/200 done — next lr=0.000765252, epochs_since_improve=2/20
2026-08-04 04:08:56 INFO  scripts.synthetic_model_comparison.training.training_pipeline | epoch 166/200 — train start (lr=0.000765252, batches=15)
2026-08-04 04:09:08 INFO  scripts.synthetic_model_comparison.training.training_pipeline | epoch 166/200 — train done in 12.7s | avg loss_box=0.4311 loss_cls=0.2464 loss_dfl=0.0123 loss_total=45.3150
2026-08-04 04:09:08 INFO  scripts.synthetic_model_comparison.training.evaluation | evaluating on 4 batches
2026-08-04 04:09:14 INFO  scripts.synthetic_model_comparison.training.training_pipeline | epoch 166/200 — val mAP50=0.8957 mAP50_95=0.6864 (selection mAP50_95=0.6864)
2026-08-04 04:09:15 INFO  scripts.synthetic_model_comparison.training.evaluation | mlflow: logged val/mAP50=0.8957 val/mAP50_95=0.6864 (step=165)
2026-08-04 04:09:15 INFO  scripts.synthetic_model_comparison.training.evaluation | mlflow: logged val per-class AP table (12 classes)
2026-08-04 04:09:15 INFO  scripts.synthetic_model_comparison.training.training_pipeline | saved checkpoint: /home/debian/Master-Thesis/scripts/synthetic_model_comparison/training/model_exports/yolo26n-sd35-large-turbo-maxlen-seed42-20260804-031104/last.pt
2026-08-04 04:09:16 INFO  scripts.synthetic_model_comparison.training.training_pipeline | epoch 166/200 done — next lr=0.000723677, epochs_since_improve=3/20
2026-08-04 04:09:16 INFO  scripts.synthetic_model_comparison.training.training_pipeline | epoch 167/200 — train start (lr=0.000723677, batches=15)
2026-08-04 04:09:27 INFO  scripts.synthetic_model_comparison.training.training_pipeline | step 2500 | loss_box=0.3513 loss_cls=0.1915 loss_dfl=0.0100 loss_total=37.2249 lr=0.000693881
2026-08-04 04:09:30 INFO  scripts.synthetic_model_comparison.training.training_pipeline | epoch 167/200 — train done in 14.4s | avg loss_box=0.4131 loss_cls=0.2431 loss_dfl=0.0114 loss_total=43.8957
2026-08-04 04:09:30 INFO  scripts.synthetic_model_comparison.training.evaluation | evaluating on 4 batches
2026-08-04 04:09:36 INFO  scripts.synthetic_model_comparison.training.training_pipeline | epoch 167/200 — val mAP50=0.9021 mAP50_95=0.6836 (selection mAP50_95=0.6836)
2026-08-04 04:09:37 INFO  scripts.synthetic_model_comparison.training.evaluation | mlflow: logged val/mAP50=0.9021 val/mAP50_95=0.6836 (step=166)
2026-08-04 04:09:37 INFO  scripts.synthetic_model_comparison.training.evaluation | mlflow: logged val per-class AP table (12 classes)
2026-08-04 04:09:37 INFO  scripts.synthetic_model_comparison.training.training_pipeline | saved checkpoint: /home/debian/Master-Thesis/scripts/synthetic_model_comparison/training/model_exports/yolo26n-sd35-large-turbo-maxlen-seed42-20260804-031104/last.pt
2026-08-04 04:09:38 INFO  scripts.synthetic_model_comparison.training.training_pipeline | epoch 167/200 done — next lr=0.000683191, epochs_since_improve=4/20
2026-08-04 04:09:38 INFO  scripts.synthetic_model_comparison.training.training_pipeline | epoch 168/200 — train start (lr=0.000683191, batches=15)
2026-08-04 04:09:50 INFO  scripts.synthetic_model_comparison.training.training_pipeline | epoch 168/200 — train done in 12.2s | avg loss_box=0.4150 loss_cls=0.2457 loss_dfl=0.0119 loss_total=44.3737
2026-08-04 04:09:50 INFO  scripts.synthetic_model_comparison.training.evaluation | evaluating on 4 batches
2026-08-04 04:09:56 INFO  scripts.synthetic_model_comparison.training.training_pipeline | epoch 168/200 — val mAP50=0.8895 mAP50_95=0.6834 (selection mAP50_95=0.6834)
2026-08-04 04:09:56 INFO  scripts.synthetic_model_comparison.training.evaluation | mlflow: logged val/mAP50=0.8895 val/mAP50_95=0.6834 (step=167)
2026-08-04 04:09:57 INFO  scripts.synthetic_model_comparison.training.evaluation | mlflow: logged val per-class AP table (12 classes)
2026-08-04 04:09:57 INFO  scripts.synthetic_model_comparison.training.training_pipeline | saved checkpoint: /home/debian/Master-Thesis/scripts/synthetic_model_comparison/training/model_exports/yolo26n-sd35-large-turbo-maxlen-seed42-20260804-031104/last.pt
2026-08-04 04:09:57 INFO  scripts.synthetic_model_comparison.training.training_pipeline | epoch 168/200 done — next lr=0.000643805, epochs_since_improve=5/20
2026-08-04 04:09:57 INFO  scripts.synthetic_model_comparison.training.training_pipeline | epoch 169/200 — train start (lr=0.000643805, batches=15)
2026-08-04 04:10:09 INFO  scripts.synthetic_model_comparison.training.training_pipeline | epoch 169/200 — train done in 11.7s | avg loss_box=0.4344 loss_cls=0.2617 loss_dfl=0.0122 loss_total=46.3033
2026-08-04 04:10:09 INFO  scripts.synthetic_model_comparison.training.evaluation | evaluating on 4 batches
2026-08-04 04:10:14 INFO  scripts.synthetic_model_comparison.training.training_pipeline | epoch 169/200 — val mAP50=0.8862 mAP50_95=0.6789 (selection mAP50_95=0.6789)
2026-08-04 04:10:15 INFO  scripts.synthetic_model_comparison.training.evaluation | mlflow: logged val/mAP50=0.8862 val/mAP50_95=0.6789 (step=168)
2026-08-04 04:10:16 INFO  scripts.synthetic_model_comparison.training.evaluation | mlflow: logged val per-class AP table (12 classes)
2026-08-04 04:10:16 INFO  scripts.synthetic_model_comparison.training.training_pipeline | saved checkpoint: /home/debian/Master-Thesis/scripts/synthetic_model_comparison/training/model_exports/yolo26n-sd35-large-turbo-maxlen-seed42-20260804-031104/last.pt
2026-08-04 04:10:16 INFO  scripts.synthetic_model_comparison.training.training_pipeline | epoch 169/200 done — next lr=0.000605527, epochs_since_improve=6/20
2026-08-04 04:10:16 INFO  scripts.synthetic_model_comparison.training.training_pipeline | epoch 170/200 — train start (lr=0.000605527, batches=15)
2026-08-04 04:10:28 INFO  scripts.synthetic_model_comparison.training.training_pipeline | epoch 170/200 — train done in 11.9s | avg loss_box=0.4312 loss_cls=0.2715 loss_dfl=0.0121 loss_total=46.4962
2026-08-04 04:10:28 INFO  scripts.synthetic_model_comparison.training.evaluation | evaluating on 4 batches
2026-08-04 04:10:34 INFO  scripts.synthetic_model_comparison.training.training_pipeline | epoch 170/200 — val mAP50=0.8862 mAP50_95=0.6802 (selection mAP50_95=0.6802)
2026-08-04 04:10:34 INFO  scripts.synthetic_model_comparison.training.evaluation | mlflow: logged val/mAP50=0.8862 val/mAP50_95=0.6802 (step=169)
2026-08-04 04:10:35 INFO  scripts.synthetic_model_comparison.training.evaluation | mlflow: logged val per-class AP table (12 classes)
2026-08-04 04:10:35 INFO  scripts.synthetic_model_comparison.training.training_pipeline | saved checkpoint: /home/debian/Master-Thesis/scripts/synthetic_model_comparison/training/model_exports/yolo26n-sd35-large-turbo-maxlen-seed42-20260804-031104/last.pt
2026-08-04 04:10:35 INFO  scripts.synthetic_model_comparison.training.training_pipeline | epoch 170/200 done — next lr=0.000568368, epochs_since_improve=7/20
2026-08-04 04:10:35 INFO  scripts.synthetic_model_comparison.training.training_pipeline | epoch 171/200 — train start (lr=0.000568368, batches=15)
2026-08-04 04:10:41 INFO  scripts.synthetic_model_comparison.training.training_pipeline | step 2550 | loss_box=0.4057 loss_cls=0.2292 loss_dfl=0.0101 loss_total=42.7543 lr=0.000565931
2026-08-04 04:10:49 INFO  scripts.synthetic_model_comparison.training.training_pipeline | epoch 171/200 — train done in 13.3s | avg loss_box=0.4214 loss_cls=0.2448 loss_dfl=0.0121 loss_total=44.5872
2026-08-04 04:10:49 INFO  scripts.synthetic_model_comparison.training.evaluation | evaluating on 4 batches
2026-08-04 04:10:54 INFO  scripts.synthetic_model_comparison.training.training_pipeline | epoch 171/200 — val mAP50=0.8862 mAP50_95=0.6825 (selection mAP50_95=0.6825)
2026-08-04 04:10:55 INFO  scripts.synthetic_model_comparison.training.evaluation | mlflow: logged val/mAP50=0.8862 val/mAP50_95=0.6825 (step=170)
2026-08-04 04:10:55 INFO  scripts.synthetic_model_comparison.training.evaluation | mlflow: logged val per-class AP table (12 classes)
2026-08-04 04:10:56 INFO  scripts.synthetic_model_comparison.training.training_pipeline | saved checkpoint: /home/debian/Master-Thesis/scripts/synthetic_model_comparison/training/model_exports/yolo26n-sd35-large-turbo-maxlen-seed42-20260804-031104/last.pt
2026-08-04 04:10:56 INFO  scripts.synthetic_model_comparison.training.training_pipeline | epoch 171/200 done — next lr=0.000532337, epochs_since_improve=8/20
2026-08-04 04:10:56 INFO  scripts.synthetic_model_comparison.training.training_pipeline | epoch 172/200 — train start (lr=0.000532337, batches=15)
2026-08-04 04:11:08 INFO  scripts.synthetic_model_comparison.training.training_pipeline | epoch 172/200 — train done in 12.1s | avg loss_box=0.4222 loss_cls=0.2354 loss_dfl=0.0119 loss_total=44.0644
2026-08-04 04:11:08 INFO  scripts.synthetic_model_comparison.training.evaluation | evaluating on 4 batches
2026-08-04 04:11:16 INFO  scripts.synthetic_model_comparison.training.training_pipeline | epoch 172/200 — val mAP50=0.8685 mAP50_95=0.6450 (selection mAP50_95=0.6450)
2026-08-04 04:11:17 INFO  scripts.synthetic_model_comparison.training.evaluation | mlflow: logged val/mAP50=0.8685 val/mAP50_95=0.6450 (step=171)
2026-08-04 04:11:17 INFO  scripts.synthetic_model_comparison.training.evaluation | mlflow: logged val per-class AP table (12 classes)
2026-08-04 04:11:17 INFO  scripts.synthetic_model_comparison.training.training_pipeline | saved checkpoint: /home/debian/Master-Thesis/scripts/synthetic_model_comparison/training/model_exports/yolo26n-sd35-large-turbo-maxlen-seed42-20260804-031104/last.pt
2026-08-04 04:11:17 INFO  scripts.synthetic_model_comparison.training.training_pipeline | epoch 172/200 done — next lr=0.000497444, epochs_since_improve=9/20
2026-08-04 04:11:17 INFO  scripts.synthetic_model_comparison.training.training_pipeline | epoch 173/200 — train start (lr=0.000497444, batches=15)
2026-08-04 04:11:30 INFO  scripts.synthetic_model_comparison.training.training_pipeline | epoch 173/200 — train done in 12.6s | avg loss_box=0.3989 loss_cls=0.2279 loss_dfl=0.0113 loss_total=42.1553
2026-08-04 04:11:30 INFO  scripts.synthetic_model_comparison.training.evaluation | evaluating on 4 batches
2026-08-04 04:11:38 INFO  scripts.synthetic_model_comparison.training.training_pipeline | epoch 173/200 — val mAP50=0.8905 mAP50_95=0.6920 (selection mAP50_95=0.6920)
2026-08-04 04:11:38 INFO  scripts.synthetic_model_comparison.training.evaluation | mlflow: logged val/mAP50=0.8905 val/mAP50_95=0.6920 (step=172)
2026-08-04 04:11:39 INFO  scripts.synthetic_model_comparison.training.evaluation | mlflow: logged val per-class AP table (12 classes)
2026-08-04 04:11:39 INFO  scripts.synthetic_model_comparison.training.training_pipeline | saved checkpoint: /home/debian/Master-Thesis/scripts/synthetic_model_comparison/training/model_exports/yolo26n-sd35-large-turbo-maxlen-seed42-20260804-031104/best.pt
2026-08-04 04:11:39 INFO  scripts.synthetic_model_comparison.training.training_pipeline | new best mAP50_95=0.6920 at epoch 173
2026-08-04 04:11:39 INFO  scripts.synthetic_model_comparison.training.training_pipeline | saved checkpoint: /home/debian/Master-Thesis/scripts/synthetic_model_comparison/training/model_exports/yolo26n-sd35-large-turbo-maxlen-seed42-20260804-031104/last.pt
2026-08-04 04:11:39 INFO  scripts.synthetic_model_comparison.training.training_pipeline | epoch 173/200 done — next lr=0.000463697, epochs_since_improve=0/20
2026-08-04 04:11:39 INFO  scripts.synthetic_model_comparison.training.training_pipeline | epoch 174/200 — train start (lr=0.000463697, batches=15)
2026-08-04 04:11:48 INFO  scripts.synthetic_model_comparison.training.training_pipeline | step 2600 | loss_box=0.4107 loss_cls=0.3443 loss_dfl=0.0107 loss_total=49.3225 lr=0.000450521
2026-08-04 04:11:53 INFO  scripts.synthetic_model_comparison.training.training_pipeline | epoch 174/200 — train done in 14.0s | avg loss_box=0.4104 loss_cls=0.2494 loss_dfl=0.0112 loss_total=43.9841
2026-08-04 04:11:53 INFO  scripts.synthetic_model_comparison.training.evaluation | evaluating on 4 batches
2026-08-04 04:12:01 INFO  scripts.synthetic_model_comparison.training.training_pipeline | epoch 174/200 — val mAP50=0.8851 mAP50_95=0.6844 (selection mAP50_95=0.6844)
2026-08-04 04:12:01 INFO  scripts.synthetic_model_comparison.training.evaluation | mlflow: logged val/mAP50=0.8851 val/mAP50_95=0.6844 (step=173)
2026-08-04 04:12:02 INFO  scripts.synthetic_model_comparison.training.evaluation | mlflow: logged val per-class AP table (12 classes)
2026-08-04 04:12:02 INFO  scripts.synthetic_model_comparison.training.training_pipeline | saved checkpoint: /home/debian/Master-Thesis/scripts/synthetic_model_comparison/training/model_exports/yolo26n-sd35-large-turbo-maxlen-seed42-20260804-031104/last.pt
2026-08-04 04:12:02 INFO  scripts.synthetic_model_comparison.training.training_pipeline | epoch 174/200 done — next lr=0.000431105, epochs_since_improve=1/20
2026-08-04 04:12:02 INFO  scripts.synthetic_model_comparison.training.training_pipeline | epoch 175/200 — train start (lr=0.000431105, batches=15)
2026-08-04 04:12:15 INFO  scripts.synthetic_model_comparison.training.training_pipeline | epoch 175/200 — train done in 13.0s | avg loss_box=0.4088 loss_cls=0.2374 loss_dfl=0.0114 loss_total=43.2273
2026-08-04 04:12:15 INFO  scripts.synthetic_model_comparison.training.evaluation | evaluating on 4 batches
2026-08-04 04:12:23 INFO  scripts.synthetic_model_comparison.training.training_pipeline | epoch 175/200 — val mAP50=0.8856 mAP50_95=0.6746 (selection mAP50_95=0.6746)
2026-08-04 04:12:24 INFO  scripts.synthetic_model_comparison.training.evaluation | mlflow: logged val/mAP50=0.8856 val/mAP50_95=0.6746 (step=174)
2026-08-04 04:12:24 INFO  scripts.synthetic_model_comparison.training.evaluation | mlflow: logged val per-class AP table (12 classes)
2026-08-04 04:12:24 INFO  scripts.synthetic_model_comparison.training.training_pipeline | saved checkpoint: /home/debian/Master-Thesis/scripts/synthetic_model_comparison/training/model_exports/yolo26n-sd35-large-turbo-maxlen-seed42-20260804-031104/last.pt
2026-08-04 04:12:24 INFO  scripts.synthetic_model_comparison.training.training_pipeline | epoch 175/200 done — next lr=0.000399676, epochs_since_improve=2/20
2026-08-04 04:12:24 INFO  scripts.synthetic_model_comparison.training.training_pipeline | epoch 176/200 — train start (lr=0.000399676, batches=15)
2026-08-04 04:12:36 INFO  scripts.synthetic_model_comparison.training.training_pipeline | epoch 176/200 — train done in 11.7s | avg loss_box=0.4028 loss_cls=0.2289 loss_dfl=0.0113 loss_total=42.3865
2026-08-04 04:12:36 INFO  scripts.synthetic_model_comparison.training.evaluation | evaluating on 4 batches
2026-08-04 04:12:42 INFO  scripts.synthetic_model_comparison.training.training_pipeline | epoch 176/200 — val mAP50=0.8955 mAP50_95=0.6937 (selection mAP50_95=0.6937)
2026-08-04 04:12:43 INFO  scripts.synthetic_model_comparison.training.evaluation | mlflow: logged val/mAP50=0.8955 val/mAP50_95=0.6937 (step=175)
2026-08-04 04:12:43 INFO  scripts.synthetic_model_comparison.training.evaluation | mlflow: logged val per-class AP table (12 classes)
2026-08-04 04:12:43 INFO  scripts.synthetic_model_comparison.training.training_pipeline | saved checkpoint: /home/debian/Master-Thesis/scripts/synthetic_model_comparison/training/model_exports/yolo26n-sd35-large-turbo-maxlen-seed42-20260804-031104/best.pt
2026-08-04 04:12:43 INFO  scripts.synthetic_model_comparison.training.training_pipeline | new best mAP50_95=0.6937 at epoch 176
2026-08-04 04:12:43 INFO  scripts.synthetic_model_comparison.training.training_pipeline | saved checkpoint: /home/debian/Master-Thesis/scripts/synthetic_model_comparison/training/model_exports/yolo26n-sd35-large-turbo-maxlen-seed42-20260804-031104/last.pt
2026-08-04 04:12:44 INFO  scripts.synthetic_model_comparison.training.training_pipeline | epoch 176/200 done — next lr=0.000369419, epochs_since_improve=0/20
2026-08-04 04:12:44 INFO  scripts.synthetic_model_comparison.training.training_pipeline | epoch 177/200 — train start (lr=0.000369419, batches=15)
2026-08-04 04:12:54 INFO  scripts.synthetic_model_comparison.training.training_pipeline | step 2650 | loss_box=0.3808 loss_cls=0.2010 loss_dfl=0.0122 loss_total=39.4742 lr=0.000347979
2026-08-04 04:12:57 INFO  scripts.synthetic_model_comparison.training.training_pipeline | epoch 177/200 — train done in 13.4s | avg loss_box=0.4027 loss_cls=0.2363 loss_dfl=0.0113 loss_total=42.7448
2026-08-04 04:12:57 INFO  scripts.synthetic_model_comparison.training.evaluation | evaluating on 4 batches
2026-08-04 04:13:04 INFO  scripts.synthetic_model_comparison.training.training_pipeline | epoch 177/200 — val mAP50=0.8850 mAP50_95=0.6783 (selection mAP50_95=0.6783)
2026-08-04 04:13:05 INFO  scripts.synthetic_model_comparison.training.evaluation | mlflow: logged val/mAP50=0.8850 val/mAP50_95=0.6783 (step=176)
2026-08-04 04:13:05 INFO  scripts.synthetic_model_comparison.training.evaluation | mlflow: logged val per-class AP table (12 classes)
2026-08-04 04:13:06 INFO  scripts.synthetic_model_comparison.training.training_pipeline | saved checkpoint: /home/debian/Master-Thesis/scripts/synthetic_model_comparison/training/model_exports/yolo26n-sd35-large-turbo-maxlen-seed42-20260804-031104/last.pt
2026-08-04 04:13:06 INFO  scripts.synthetic_model_comparison.training.training_pipeline | epoch 177/200 done — next lr=0.00034034, epochs_since_improve=1/20
2026-08-04 04:13:06 INFO  scripts.synthetic_model_comparison.training.training_pipeline | epoch 178/200 — train start (lr=0.00034034, batches=15)
2026-08-04 04:13:18 INFO  scripts.synthetic_model_comparison.training.training_pipeline | epoch 178/200 — train done in 11.8s | avg loss_box=0.4040 loss_cls=0.2536 loss_dfl=0.0113 loss_total=43.7200
2026-08-04 04:13:18 INFO  scripts.synthetic_model_comparison.training.evaluation | evaluating on 4 batches
2026-08-04 04:13:26 INFO  scripts.synthetic_model_comparison.training.training_pipeline | epoch 178/200 — val mAP50=0.8862 mAP50_95=0.6812 (selection mAP50_95=0.6812)
2026-08-04 04:13:26 INFO  scripts.synthetic_model_comparison.training.evaluation | mlflow: logged val/mAP50=0.8862 val/mAP50_95=0.6812 (step=177)
2026-08-04 04:13:27 INFO  scripts.synthetic_model_comparison.training.evaluation | mlflow: logged val per-class AP table (12 classes)
2026-08-04 04:13:27 INFO  scripts.synthetic_model_comparison.training.training_pipeline | saved checkpoint: /home/debian/Master-Thesis/scripts/synthetic_model_comparison/training/model_exports/yolo26n-sd35-large-turbo-maxlen-seed42-20260804-031104/last.pt
2026-08-04 04:13:27 INFO  scripts.synthetic_model_comparison.training.training_pipeline | epoch 178/200 done — next lr=0.000312447, epochs_since_improve=2/20
2026-08-04 04:13:27 INFO  scripts.synthetic_model_comparison.training.training_pipeline | epoch 179/200 — train start (lr=0.000312447, batches=15)
2026-08-04 04:13:39 INFO  scripts.synthetic_model_comparison.training.training_pipeline | epoch 179/200 — train done in 12.3s | avg loss_box=0.3875 loss_cls=0.2320 loss_dfl=0.0109 loss_total=41.6119
2026-08-04 04:13:39 INFO  scripts.synthetic_model_comparison.training.evaluation | evaluating on 4 batches
2026-08-04 04:13:47 INFO  scripts.synthetic_model_comparison.training.training_pipeline | epoch 179/200 — val mAP50=0.8901 mAP50_95=0.6898 (selection mAP50_95=0.6898)
2026-08-04 04:13:48 INFO  scripts.synthetic_model_comparison.training.evaluation | mlflow: logged val/mAP50=0.8901 val/mAP50_95=0.6898 (step=178)
2026-08-04 04:13:48 INFO  scripts.synthetic_model_comparison.training.evaluation | mlflow: logged val per-class AP table (12 classes)
2026-08-04 04:13:48 INFO  scripts.synthetic_model_comparison.training.training_pipeline | saved checkpoint: /home/debian/Master-Thesis/scripts/synthetic_model_comparison/training/model_exports/yolo26n-sd35-large-turbo-maxlen-seed42-20260804-031104/last.pt
2026-08-04 04:13:48 INFO  scripts.synthetic_model_comparison.training.training_pipeline | epoch 179/200 done — next lr=0.000285748, epochs_since_improve=3/20
2026-08-04 04:13:48 INFO  scripts.synthetic_model_comparison.training.training_pipeline | epoch 180/200 — train start (lr=0.000285748, batches=15)
2026-08-04 04:14:01 INFO  scripts.synthetic_model_comparison.training.training_pipeline | epoch 180/200 — train done in 12.1s | avg loss_box=0.3950 loss_cls=0.2235 loss_dfl=0.0110 loss_total=41.5375
2026-08-04 04:14:01 INFO  scripts.synthetic_model_comparison.training.evaluation | evaluating on 4 batches
2026-08-04 04:14:06 INFO  scripts.synthetic_model_comparison.training.training_pipeline | epoch 180/200 — val mAP50=0.8934 mAP50_95=0.6946 (selection mAP50_95=0.6946)
2026-08-04 04:14:07 INFO  scripts.synthetic_model_comparison.training.evaluation | mlflow: logged val/mAP50=0.8934 val/mAP50_95=0.6946 (step=179)
2026-08-04 04:14:07 INFO  scripts.synthetic_model_comparison.training.evaluation | mlflow: logged val per-class AP table (12 classes)
2026-08-04 04:14:08 INFO  scripts.synthetic_model_comparison.training.training_pipeline | saved checkpoint: /home/debian/Master-Thesis/scripts/synthetic_model_comparison/training/model_exports/yolo26n-sd35-large-turbo-maxlen-seed42-20260804-031104/last.pt
2026-08-04 04:14:08 INFO  scripts.synthetic_model_comparison.training.training_pipeline | epoch 180/200 done — next lr=0.000260249, epochs_since_improve=4/20
2026-08-04 04:14:08 INFO  scripts.synthetic_model_comparison.training.training_pipeline | epoch 181/200 — train start (lr=0.000260249, batches=15)
2026-08-04 04:14:14 INFO  scripts.synthetic_model_comparison.training.training_pipeline | step 2700 | loss_box=0.4042 loss_cls=0.2036 loss_dfl=0.0114 loss_total=41.0708 lr=0.000258592
2026-08-04 04:14:21 INFO  scripts.synthetic_model_comparison.training.training_pipeline | epoch 181/200 — train done in 13.3s | avg loss_box=0.4076 loss_cls=0.2236 loss_dfl=0.0114 loss_total=42.2973
2026-08-04 04:14:21 INFO  scripts.synthetic_model_comparison.training.evaluation | evaluating on 4 batches
2026-08-04 04:14:27 INFO  scripts.synthetic_model_comparison.training.training_pipeline | epoch 181/200 — val mAP50=0.8929 mAP50_95=0.6906 (selection mAP50_95=0.6906)
2026-08-04 04:14:28 INFO  scripts.synthetic_model_comparison.training.evaluation | mlflow: logged val/mAP50=0.8929 val/mAP50_95=0.6906 (step=180)
2026-08-04 04:14:28 INFO  scripts.synthetic_model_comparison.training.evaluation | mlflow: logged val per-class AP table (12 classes)
2026-08-04 04:14:28 INFO  scripts.synthetic_model_comparison.training.training_pipeline | saved checkpoint: /home/debian/Master-Thesis/scripts/synthetic_model_comparison/training/model_exports/yolo26n-sd35-large-turbo-maxlen-seed42-20260804-031104/last.pt
2026-08-04 04:14:29 INFO  scripts.synthetic_model_comparison.training.training_pipeline | epoch 181/200 done — next lr=0.000235957, epochs_since_improve=5/20
2026-08-04 04:14:29 INFO  scripts.synthetic_model_comparison.training.training_pipeline | epoch 182/200 — train start (lr=0.000235957, batches=15)
2026-08-04 04:14:41 INFO  scripts.synthetic_model_comparison.training.training_pipeline | epoch 182/200 — train done in 12.0s | avg loss_box=0.3981 loss_cls=0.2233 loss_dfl=0.0112 loss_total=41.6567
2026-08-04 04:14:41 INFO  scripts.synthetic_model_comparison.training.evaluation | evaluating on 4 batches
2026-08-04 04:14:47 INFO  scripts.synthetic_model_comparison.training.training_pipeline | epoch 182/200 — val mAP50=0.8962 mAP50_95=0.6932 (selection mAP50_95=0.6932)
2026-08-04 04:14:48 INFO  scripts.synthetic_model_comparison.training.evaluation | mlflow: logged val/mAP50=0.8962 val/mAP50_95=0.6932 (step=181)
2026-08-04 04:14:48 INFO  scripts.synthetic_model_comparison.training.evaluation | mlflow: logged val per-class AP table (12 classes)
2026-08-04 04:14:49 INFO  scripts.synthetic_model_comparison.training.training_pipeline | saved checkpoint: /home/debian/Master-Thesis/scripts/synthetic_model_comparison/training/model_exports/yolo26n-sd35-large-turbo-maxlen-seed42-20260804-031104/last.pt
2026-08-04 04:14:49 INFO  scripts.synthetic_model_comparison.training.training_pipeline | epoch 182/200 done — next lr=0.000212877, epochs_since_improve=6/20
2026-08-04 04:14:49 INFO  scripts.synthetic_model_comparison.training.training_pipeline | epoch 183/200 — train start (lr=0.000212877, batches=15)
2026-08-04 04:15:02 INFO  scripts.synthetic_model_comparison.training.training_pipeline | epoch 183/200 — train done in 13.2s | avg loss_box=0.3943 loss_cls=0.2225 loss_dfl=0.0111 loss_total=41.3247
2026-08-04 04:15:02 INFO  scripts.synthetic_model_comparison.training.evaluation | evaluating on 4 batches
2026-08-04 04:15:10 INFO  scripts.synthetic_model_comparison.training.training_pipeline | epoch 183/200 — val mAP50=0.8995 mAP50_95=0.6923 (selection mAP50_95=0.6923)
2026-08-04 04:15:11 INFO  scripts.synthetic_model_comparison.training.evaluation | mlflow: logged val/mAP50=0.8995 val/mAP50_95=0.6923 (step=182)
2026-08-04 04:15:11 INFO  scripts.synthetic_model_comparison.training.evaluation | mlflow: logged val per-class AP table (12 classes)
2026-08-04 04:15:11 INFO  scripts.synthetic_model_comparison.training.training_pipeline | saved checkpoint: /home/debian/Master-Thesis/scripts/synthetic_model_comparison/training/model_exports/yolo26n-sd35-large-turbo-maxlen-seed42-20260804-031104/last.pt
2026-08-04 04:15:12 INFO  scripts.synthetic_model_comparison.training.training_pipeline | epoch 183/200 done — next lr=0.000191016, epochs_since_improve=7/20
2026-08-04 04:15:12 INFO  scripts.synthetic_model_comparison.training.training_pipeline | epoch 184/200 — train start (lr=0.000191016, batches=15)
2026-08-04 04:15:20 INFO  scripts.synthetic_model_comparison.training.training_pipeline | step 2750 | loss_box=0.3809 loss_cls=0.1901 loss_dfl=0.0112 loss_total=38.6878 lr=0.000182614
2026-08-04 04:15:25 INFO  scripts.synthetic_model_comparison.training.training_pipeline | epoch 184/200 — train done in 13.8s | avg loss_box=0.3985 loss_cls=0.2285 loss_dfl=0.0114 loss_total=41.9995
2026-08-04 04:15:25 INFO  scripts.synthetic_model_comparison.training.evaluation | evaluating on 4 batches
2026-08-04 04:15:33 INFO  scripts.synthetic_model_comparison.training.training_pipeline | epoch 184/200 — val mAP50=0.8975 mAP50_95=0.6954 (selection mAP50_95=0.6954)
2026-08-04 04:15:33 INFO  scripts.synthetic_model_comparison.training.evaluation | mlflow: logged val/mAP50=0.8975 val/mAP50_95=0.6954 (step=183)
2026-08-04 04:15:34 INFO  scripts.synthetic_model_comparison.training.evaluation | mlflow: logged val per-class AP table (12 classes)
2026-08-04 04:15:34 INFO  scripts.synthetic_model_comparison.training.training_pipeline | saved checkpoint: /home/debian/Master-Thesis/scripts/synthetic_model_comparison/training/model_exports/yolo26n-sd35-large-turbo-maxlen-seed42-20260804-031104/best.pt
2026-08-04 04:15:34 INFO  scripts.synthetic_model_comparison.training.training_pipeline | new best mAP50_95=0.6954 at epoch 184
2026-08-04 04:15:34 INFO  scripts.synthetic_model_comparison.training.training_pipeline | saved checkpoint: /home/debian/Master-Thesis/scripts/synthetic_model_comparison/training/model_exports/yolo26n-sd35-large-turbo-maxlen-seed42-20260804-031104/last.pt
2026-08-04 04:15:34 INFO  scripts.synthetic_model_comparison.training.training_pipeline | epoch 184/200 done — next lr=0.000170379, epochs_since_improve=0/20
2026-08-04 04:15:34 INFO  scripts.synthetic_model_comparison.training.training_pipeline | epoch 185/200 — train start (lr=0.000170379, batches=15)
2026-08-04 04:15:47 INFO  scripts.synthetic_model_comparison.training.training_pipeline | epoch 185/200 — train done in 12.8s | avg loss_box=0.3874 loss_cls=0.2212 loss_dfl=0.0108 loss_total=40.8977
2026-08-04 04:15:47 INFO  scripts.synthetic_model_comparison.training.evaluation | evaluating on 4 batches
2026-08-04 04:15:55 INFO  scripts.synthetic_model_comparison.training.training_pipeline | epoch 185/200 — val mAP50=0.8981 mAP50_95=0.6927 (selection mAP50_95=0.6927)
2026-08-04 04:15:56 INFO  scripts.synthetic_model_comparison.training.evaluation | mlflow: logged val/mAP50=0.8981 val/mAP50_95=0.6927 (step=184)
2026-08-04 04:15:56 INFO  scripts.synthetic_model_comparison.training.evaluation | mlflow: logged val per-class AP table (12 classes)
2026-08-04 04:15:56 INFO  scripts.synthetic_model_comparison.training.training_pipeline | saved checkpoint: /home/debian/Master-Thesis/scripts/synthetic_model_comparison/training/model_exports/yolo26n-sd35-large-turbo-maxlen-seed42-20260804-031104/last.pt
2026-08-04 04:15:56 INFO  scripts.synthetic_model_comparison.training.training_pipeline | epoch 185/200 done — next lr=0.000150972, epochs_since_improve=1/20
2026-08-04 04:15:56 INFO  scripts.synthetic_model_comparison.training.training_pipeline | epoch 186/200 — train start (lr=0.000150972, batches=15)
2026-08-04 04:16:09 INFO  scripts.synthetic_model_comparison.training.training_pipeline | epoch 186/200 — train done in 13.0s | avg loss_box=0.3949 loss_cls=0.2281 loss_dfl=0.0111 loss_total=41.5661
2026-08-04 04:16:09 INFO  scripts.synthetic_model_comparison.training.evaluation | evaluating on 4 batches
2026-08-04 04:16:17 INFO  scripts.synthetic_model_comparison.training.training_pipeline | epoch 186/200 — val mAP50=0.8943 mAP50_95=0.6923 (selection mAP50_95=0.6923)
2026-08-04 04:16:18 INFO  scripts.synthetic_model_comparison.training.evaluation | mlflow: logged val/mAP50=0.8943 val/mAP50_95=0.6923 (step=185)
2026-08-04 04:16:18 INFO  scripts.synthetic_model_comparison.training.evaluation | mlflow: logged val per-class AP table (12 classes)
2026-08-04 04:16:18 INFO  scripts.synthetic_model_comparison.training.training_pipeline | saved checkpoint: /home/debian/Master-Thesis/scripts/synthetic_model_comparison/training/model_exports/yolo26n-sd35-large-turbo-maxlen-seed42-20260804-031104/last.pt
2026-08-04 04:16:18 INFO  scripts.synthetic_model_comparison.training.training_pipeline | epoch 186/200 done — next lr=0.000132799, epochs_since_improve=2/20
2026-08-04 04:16:18 INFO  scripts.synthetic_model_comparison.training.training_pipeline | epoch 187/200 — train start (lr=0.000132799, batches=15)
2026-08-04 04:16:29 INFO  scripts.synthetic_model_comparison.training.training_pipeline | step 2800 | loss_box=0.3919 loss_cls=0.1918 loss_dfl=0.0121 loss_total=39.2039 lr=0.00012026
2026-08-04 04:16:32 INFO  scripts.synthetic_model_comparison.training.training_pipeline | epoch 187/200 — train done in 13.9s | avg loss_box=0.3969 loss_cls=0.2317 loss_dfl=0.0113 loss_total=41.9409
2026-08-04 04:16:32 INFO  scripts.synthetic_model_comparison.training.evaluation | evaluating on 4 batches
2026-08-04 04:16:40 INFO  scripts.synthetic_model_comparison.training.training_pipeline | epoch 187/200 — val mAP50=0.8949 mAP50_95=0.6923 (selection mAP50_95=0.6923)
2026-08-04 04:16:41 INFO  scripts.synthetic_model_comparison.training.evaluation | mlflow: logged val/mAP50=0.8949 val/mAP50_95=0.6923 (step=186)
2026-08-04 04:16:41 INFO  scripts.synthetic_model_comparison.training.evaluation | mlflow: logged val per-class AP table (12 classes)
2026-08-04 04:16:41 INFO  scripts.synthetic_model_comparison.training.training_pipeline | saved checkpoint: /home/debian/Master-Thesis/scripts/synthetic_model_comparison/training/model_exports/yolo26n-sd35-large-turbo-maxlen-seed42-20260804-031104/last.pt
2026-08-04 04:16:41 INFO  scripts.synthetic_model_comparison.training.training_pipeline | epoch 187/200 done — next lr=0.000115865, epochs_since_improve=3/20
2026-08-04 04:16:41 INFO  scripts.synthetic_model_comparison.training.training_pipeline | epoch 188/200 — train start (lr=0.000115865, batches=15)
2026-08-04 04:16:54 INFO  scripts.synthetic_model_comparison.training.training_pipeline | epoch 188/200 — train done in 12.2s | avg loss_box=0.3777 loss_cls=0.2259 loss_dfl=0.0107 loss_total=40.3989
2026-08-04 04:16:54 INFO  scripts.synthetic_model_comparison.training.evaluation | evaluating on 4 batches
2026-08-04 04:17:01 INFO  scripts.synthetic_model_comparison.training.training_pipeline | epoch 188/200 — val mAP50=0.8921 mAP50_95=0.6924 (selection mAP50_95=0.6924)
2026-08-04 04:17:02 INFO  scripts.synthetic_model_comparison.training.evaluation | mlflow: logged val/mAP50=0.8921 val/mAP50_95=0.6924 (step=187)
2026-08-04 04:17:02 INFO  scripts.synthetic_model_comparison.training.evaluation | mlflow: logged val per-class AP table (12 classes)
2026-08-04 04:17:02 INFO  scripts.synthetic_model_comparison.training.training_pipeline | saved checkpoint: /home/debian/Master-Thesis/scripts/synthetic_model_comparison/training/model_exports/yolo26n-sd35-large-turbo-maxlen-seed42-20260804-031104/last.pt
2026-08-04 04:17:03 INFO  scripts.synthetic_model_comparison.training.training_pipeline | epoch 188/200 done — next lr=0.000100175, epochs_since_improve=4/20
2026-08-04 04:17:03 INFO  scripts.synthetic_model_comparison.training.training_pipeline | epoch 189/200 — train start (lr=0.000100175, batches=15)
2026-08-04 04:17:16 INFO  scripts.synthetic_model_comparison.training.training_pipeline | epoch 189/200 — train done in 13.0s | avg loss_box=0.3872 loss_cls=0.2138 loss_dfl=0.0109 loss_total=40.2988
2026-08-04 04:17:16 INFO  scripts.synthetic_model_comparison.training.evaluation | evaluating on 4 batches
2026-08-04 04:17:23 INFO  scripts.synthetic_model_comparison.training.training_pipeline | epoch 189/200 — val mAP50=0.8916 mAP50_95=0.6906 (selection mAP50_95=0.6906)
2026-08-04 04:17:24 INFO  scripts.synthetic_model_comparison.training.evaluation | mlflow: logged val/mAP50=0.8916 val/mAP50_95=0.6906 (step=188)
2026-08-04 04:17:24 INFO  scripts.synthetic_model_comparison.training.evaluation | mlflow: logged val per-class AP table (12 classes)
2026-08-04 04:17:24 INFO  scripts.synthetic_model_comparison.training.training_pipeline | saved checkpoint: /home/debian/Master-Thesis/scripts/synthetic_model_comparison/training/model_exports/yolo26n-sd35-large-turbo-maxlen-seed42-20260804-031104/last.pt
2026-08-04 04:17:25 INFO  scripts.synthetic_model_comparison.training.training_pipeline | epoch 189/200 done — next lr=8.57317e-05, epochs_since_improve=5/20
2026-08-04 04:17:25 INFO  scripts.synthetic_model_comparison.training.training_pipeline | epoch 190/200 — train start (lr=8.57317e-05, batches=15)
2026-08-04 04:17:37 INFO  scripts.synthetic_model_comparison.training.training_pipeline | epoch 190/200 — train done in 12.4s | avg loss_box=0.3747 loss_cls=0.2240 loss_dfl=0.0106 loss_total=40.0573
2026-08-04 04:17:37 INFO  scripts.synthetic_model_comparison.training.evaluation | evaluating on 4 batches
2026-08-04 04:17:43 INFO  scripts.synthetic_model_comparison.training.training_pipeline | epoch 190/200 — val mAP50=0.8904 mAP50_95=0.6913 (selection mAP50_95=0.6913)
2026-08-04 04:17:44 INFO  scripts.synthetic_model_comparison.training.evaluation | mlflow: logged val/mAP50=0.8904 val/mAP50_95=0.6913 (step=189)
2026-08-04 04:17:44 INFO  scripts.synthetic_model_comparison.training.evaluation | mlflow: logged val per-class AP table (12 classes)
2026-08-04 04:17:44 INFO  scripts.synthetic_model_comparison.training.training_pipeline | saved checkpoint: /home/debian/Master-Thesis/scripts/synthetic_model_comparison/training/model_exports/yolo26n-sd35-large-turbo-maxlen-seed42-20260804-031104/last.pt
2026-08-04 04:17:45 INFO  scripts.synthetic_model_comparison.training.training_pipeline | epoch 190/200 done — next lr=7.25395e-05, epochs_since_improve=6/20
2026-08-04 04:17:45 INFO  scripts.synthetic_model_comparison.training.training_pipeline | epoch 191/200 — train start (lr=7.25395e-05, batches=15)
2026-08-04 04:17:50 INFO  scripts.synthetic_model_comparison.training.training_pipeline | step 2850 | loss_box=0.4256 loss_cls=0.2849 loss_dfl=0.0117 loss_total=46.7276 lr=7.17046e-05
2026-08-04 04:17:58 INFO  scripts.synthetic_model_comparison.training.training_pipeline | epoch 191/200 — train done in 13.4s | avg loss_box=0.3785 loss_cls=0.2228 loss_dfl=0.0108 loss_total=40.1477
2026-08-04 04:17:58 INFO  scripts.synthetic_model_comparison.training.evaluation | evaluating on 4 batches
2026-08-04 04:18:06 INFO  scripts.synthetic_model_comparison.training.training_pipeline | epoch 191/200 — val mAP50=0.8912 mAP50_95=0.6919 (selection mAP50_95=0.6919)
2026-08-04 04:18:06 INFO  scripts.synthetic_model_comparison.training.evaluation | mlflow: logged val/mAP50=0.8912 val/mAP50_95=0.6919 (step=190)
2026-08-04 04:18:07 INFO  scripts.synthetic_model_comparison.training.evaluation | mlflow: logged val per-class AP table (12 classes)
2026-08-04 04:18:07 INFO  scripts.synthetic_model_comparison.training.training_pipeline | saved checkpoint: /home/debian/Master-Thesis/scripts/synthetic_model_comparison/training/model_exports/yolo26n-sd35-large-turbo-maxlen-seed42-20260804-031104/last.pt
2026-08-04 04:18:07 INFO  scripts.synthetic_model_comparison.training.training_pipeline | epoch 191/200 done — next lr=6.06017e-05, epochs_since_improve=7/20
2026-08-04 04:18:07 INFO  scripts.synthetic_model_comparison.training.training_pipeline | epoch 192/200 — train start (lr=6.06017e-05, batches=15)
2026-08-04 04:18:20 INFO  scripts.synthetic_model_comparison.training.training_pipeline | epoch 192/200 — train done in 12.7s | avg loss_box=0.3830 loss_cls=0.2283 loss_dfl=0.0108 loss_total=40.8039
2026-08-04 04:18:20 INFO  scripts.synthetic_model_comparison.training.evaluation | evaluating on 4 batches
2026-08-04 04:18:27 INFO  scripts.synthetic_model_comparison.training.training_pipeline | epoch 192/200 — val mAP50=0.8908 mAP50_95=0.6897 (selection mAP50_95=0.6897)
2026-08-04 04:18:28 INFO  scripts.synthetic_model_comparison.training.evaluation | mlflow: logged val/mAP50=0.8908 val/mAP50_95=0.6897 (step=191)
2026-08-04 04:18:28 INFO  scripts.synthetic_model_comparison.training.evaluation | mlflow: logged val per-class AP table (12 classes)
2026-08-04 04:18:29 INFO  scripts.synthetic_model_comparison.training.training_pipeline | saved checkpoint: /home/debian/Master-Thesis/scripts/synthetic_model_comparison/training/model_exports/yolo26n-sd35-large-turbo-maxlen-seed42-20260804-031104/last.pt
2026-08-04 04:18:29 INFO  scripts.synthetic_model_comparison.training.training_pipeline | epoch 192/200 done — next lr=4.99213e-05, epochs_since_improve=8/20
2026-08-04 04:18:29 INFO  scripts.synthetic_model_comparison.training.training_pipeline | epoch 193/200 — train start (lr=4.99213e-05, batches=15)
2026-08-04 04:18:41 INFO  scripts.synthetic_model_comparison.training.training_pipeline | epoch 193/200 — train done in 12.4s | avg loss_box=0.3805 loss_cls=0.2176 loss_dfl=0.0105 loss_total=39.8973
2026-08-04 04:18:41 INFO  scripts.synthetic_model_comparison.training.evaluation | evaluating on 4 batches
2026-08-04 04:18:49 INFO  scripts.synthetic_model_comparison.training.training_pipeline | epoch 193/200 — val mAP50=0.8926 mAP50_95=0.6908 (selection mAP50_95=0.6908)
2026-08-04 04:18:50 INFO  scripts.synthetic_model_comparison.training.evaluation | mlflow: logged val/mAP50=0.8926 val/mAP50_95=0.6908 (step=192)
2026-08-04 04:18:50 INFO  scripts.synthetic_model_comparison.training.evaluation | mlflow: logged val per-class AP table (12 classes)
2026-08-04 04:18:50 INFO  scripts.synthetic_model_comparison.training.training_pipeline | saved checkpoint: /home/debian/Master-Thesis/scripts/synthetic_model_comparison/training/model_exports/yolo26n-sd35-large-turbo-maxlen-seed42-20260804-031104/last.pt
2026-08-04 04:18:51 INFO  scripts.synthetic_model_comparison.training.training_pipeline | epoch 193/200 done — next lr=4.0501e-05, epochs_since_improve=9/20
2026-08-04 04:18:51 INFO  scripts.synthetic_model_comparison.training.training_pipeline | epoch 194/200 — train start (lr=4.0501e-05, batches=15)
2026-08-04 04:19:00 INFO  scripts.synthetic_model_comparison.training.training_pipeline | step 2900 | loss_box=0.3401 loss_cls=0.2280 loss_dfl=0.0099 loss_total=38.1695 lr=3.70863e-05
2026-08-04 04:19:05 INFO  scripts.synthetic_model_comparison.training.training_pipeline | epoch 194/200 — train done in 14.8s | avg loss_box=0.3777 loss_cls=0.2287 loss_dfl=0.0104 loss_total=40.3880
2026-08-04 04:19:05 INFO  scripts.synthetic_model_comparison.training.evaluation | evaluating on 4 batches
2026-08-04 04:19:11 INFO  scripts.synthetic_model_comparison.training.training_pipeline | epoch 194/200 — val mAP50=0.8892 mAP50_95=0.6887 (selection mAP50_95=0.6887)
2026-08-04 04:19:12 INFO  scripts.synthetic_model_comparison.training.evaluation | mlflow: logged val/mAP50=0.8892 val/mAP50_95=0.6887 (step=193)
2026-08-04 04:19:12 INFO  scripts.synthetic_model_comparison.training.evaluation | mlflow: logged val per-class AP table (12 classes)
2026-08-04 04:19:12 INFO  scripts.synthetic_model_comparison.training.training_pipeline | saved checkpoint: /home/debian/Master-Thesis/scripts/synthetic_model_comparison/training/model_exports/yolo26n-sd35-large-turbo-maxlen-seed42-20260804-031104/last.pt
2026-08-04 04:19:12 INFO  scripts.synthetic_model_comparison.training.training_pipeline | epoch 194/200 done — next lr=3.23432e-05, epochs_since_improve=10/20
2026-08-04 04:19:13 INFO  scripts.synthetic_model_comparison.training.training_pipeline | epoch 195/200 — train start (lr=3.23432e-05, batches=15)
2026-08-04 04:19:25 INFO  scripts.synthetic_model_comparison.training.training_pipeline | epoch 195/200 — train done in 12.3s | avg loss_box=0.3820 loss_cls=0.2237 loss_dfl=0.0106 loss_total=40.3391
2026-08-04 04:19:25 INFO  scripts.synthetic_model_comparison.training.evaluation | evaluating on 4 batches
2026-08-04 04:19:31 INFO  scripts.synthetic_model_comparison.training.training_pipeline | epoch 195/200 — val mAP50=0.8880 mAP50_95=0.6870 (selection mAP50_95=0.6870)
2026-08-04 04:19:32 INFO  scripts.synthetic_model_comparison.training.evaluation | mlflow: logged val/mAP50=0.8880 val/mAP50_95=0.6870 (step=194)
2026-08-04 04:19:32 INFO  scripts.synthetic_model_comparison.training.evaluation | mlflow: logged val per-class AP table (12 classes)
2026-08-04 04:19:32 INFO  scripts.synthetic_model_comparison.training.training_pipeline | saved checkpoint: /home/debian/Master-Thesis/scripts/synthetic_model_comparison/training/model_exports/yolo26n-sd35-large-turbo-maxlen-seed42-20260804-031104/last.pt
2026-08-04 04:19:32 INFO  scripts.synthetic_model_comparison.training.training_pipeline | epoch 195/200 done — next lr=2.545e-05, epochs_since_improve=11/20
2026-08-04 04:19:32 INFO  scripts.synthetic_model_comparison.training.training_pipeline | epoch 196/200 — train start (lr=2.545e-05, batches=15)
2026-08-04 04:19:45 INFO  scripts.synthetic_model_comparison.training.training_pipeline | epoch 196/200 — train done in 12.1s | avg loss_box=0.3760 loss_cls=0.2212 loss_dfl=0.0104 loss_total=39.7311
2026-08-04 04:19:45 INFO  scripts.synthetic_model_comparison.training.evaluation | evaluating on 4 batches
2026-08-04 04:19:52 INFO  scripts.synthetic_model_comparison.training.training_pipeline | epoch 196/200 — val mAP50=0.8873 mAP50_95=0.6870 (selection mAP50_95=0.6870)
2026-08-04 04:19:53 INFO  scripts.synthetic_model_comparison.training.evaluation | mlflow: logged val/mAP50=0.8873 val/mAP50_95=0.6870 (step=195)
2026-08-04 04:19:53 INFO  scripts.synthetic_model_comparison.training.evaluation | mlflow: logged val per-class AP table (12 classes)
2026-08-04 04:19:53 INFO  scripts.synthetic_model_comparison.training.training_pipeline | saved checkpoint: /home/debian/Master-Thesis/scripts/synthetic_model_comparison/training/model_exports/yolo26n-sd35-large-turbo-maxlen-seed42-20260804-031104/last.pt
2026-08-04 04:19:54 INFO  scripts.synthetic_model_comparison.training.training_pipeline | epoch 196/200 done — next lr=1.98232e-05, epochs_since_improve=12/20
2026-08-04 04:19:54 INFO  scripts.synthetic_model_comparison.training.training_pipeline | epoch 197/200 — train start (lr=1.98232e-05, batches=15)
2026-08-04 04:20:04 INFO  scripts.synthetic_model_comparison.training.training_pipeline | step 2950 | loss_box=0.3505 loss_cls=0.2400 loss_dfl=0.0110 loss_total=39.1296 lr=1.65025e-05
2026-08-04 04:20:07 INFO  scripts.synthetic_model_comparison.training.training_pipeline | epoch 197/200 — train done in 13.3s | avg loss_box=0.3695 loss_cls=0.2213 loss_dfl=0.0103 loss_total=39.3154
2026-08-04 04:20:07 INFO  scripts.synthetic_model_comparison.training.evaluation | evaluating on 4 batches
2026-08-04 04:20:13 INFO  scripts.synthetic_model_comparison.training.training_pipeline | epoch 197/200 — val mAP50=0.8877 mAP50_95=0.6880 (selection mAP50_95=0.6880)
2026-08-04 04:20:14 INFO  scripts.synthetic_model_comparison.training.evaluation | mlflow: logged val/mAP50=0.8877 val/mAP50_95=0.6880 (step=196)
2026-08-04 04:20:14 INFO  scripts.synthetic_model_comparison.training.evaluation | mlflow: logged val per-class AP table (12 classes)
2026-08-04 04:20:14 INFO  scripts.synthetic_model_comparison.training.training_pipeline | saved checkpoint: /home/debian/Master-Thesis/scripts/synthetic_model_comparison/training/model_exports/yolo26n-sd35-large-turbo-maxlen-seed42-20260804-031104/last.pt
2026-08-04 04:20:15 INFO  scripts.synthetic_model_comparison.training.training_pipeline | epoch 197/200 done — next lr=1.54641e-05, epochs_since_improve=13/20
2026-08-04 04:20:15 INFO  scripts.synthetic_model_comparison.training.training_pipeline | epoch 198/200 — train start (lr=1.54641e-05, batches=15)
2026-08-04 04:20:27 INFO  scripts.synthetic_model_comparison.training.training_pipeline | epoch 198/200 — train done in 12.1s | avg loss_box=0.3856 loss_cls=0.2230 loss_dfl=0.0108 loss_total=40.4529
2026-08-04 04:20:27 INFO  scripts.synthetic_model_comparison.training.evaluation | evaluating on 4 batches
2026-08-04 04:20:34 INFO  scripts.synthetic_model_comparison.training.training_pipeline | epoch 198/200 — val mAP50=0.8880 mAP50_95=0.6868 (selection mAP50_95=0.6868)
2026-08-04 04:20:35 INFO  scripts.synthetic_model_comparison.training.evaluation | mlflow: logged val/mAP50=0.8880 val/mAP50_95=0.6868 (step=197)
2026-08-04 04:20:35 INFO  scripts.synthetic_model_comparison.training.evaluation | mlflow: logged val per-class AP table (12 classes)
2026-08-04 04:20:35 INFO  scripts.synthetic_model_comparison.training.training_pipeline | saved checkpoint: /home/debian/Master-Thesis/scripts/synthetic_model_comparison/training/model_exports/yolo26n-sd35-large-turbo-maxlen-seed42-20260804-031104/last.pt
2026-08-04 04:20:36 INFO  scripts.synthetic_model_comparison.training.training_pipeline | epoch 198/200 done — next lr=1.23738e-05, epochs_since_improve=14/20
2026-08-04 04:20:36 INFO  scripts.synthetic_model_comparison.training.training_pipeline | epoch 199/200 — train start (lr=1.23738e-05, batches=15)
2026-08-04 04:20:48 INFO  scripts.synthetic_model_comparison.training.training_pipeline | epoch 199/200 — train done in 12.6s | avg loss_box=0.3829 loss_cls=0.2180 loss_dfl=0.0106 loss_total=40.0070
2026-08-04 04:20:48 INFO  scripts.synthetic_model_comparison.training.evaluation | evaluating on 4 batches
2026-08-04 04:20:56 INFO  scripts.synthetic_model_comparison.training.training_pipeline | epoch 199/200 — val mAP50=0.8882 mAP50_95=0.6870 (selection mAP50_95=0.6870)
2026-08-04 04:20:56 INFO  scripts.synthetic_model_comparison.training.evaluation | mlflow: logged val/mAP50=0.8882 val/mAP50_95=0.6870 (step=198)
2026-08-04 04:20:57 INFO  scripts.synthetic_model_comparison.training.evaluation | mlflow: logged val per-class AP table (12 classes)
2026-08-04 04:20:57 INFO  scripts.synthetic_model_comparison.training.training_pipeline | saved checkpoint: /home/debian/Master-Thesis/scripts/synthetic_model_comparison/training/model_exports/yolo26n-sd35-large-turbo-maxlen-seed42-20260804-031104/last.pt
2026-08-04 04:20:57 INFO  scripts.synthetic_model_comparison.training.training_pipeline | epoch 199/200 done — next lr=1.05533e-05, epochs_since_improve=15/20
2026-08-04 04:20:57 INFO  scripts.synthetic_model_comparison.training.training_pipeline | epoch 200/200 — train start (lr=1.05533e-05, batches=15)
2026-08-04 04:21:10 INFO  scripts.synthetic_model_comparison.training.training_pipeline | epoch 200/200 — train done in 12.4s | avg loss_box=0.3794 loss_cls=0.2267 loss_dfl=0.0105 loss_total=40.1739
2026-08-04 04:21:10 INFO  scripts.synthetic_model_comparison.training.evaluation | evaluating on 4 batches
2026-08-04 04:21:16 INFO  scripts.synthetic_model_comparison.training.training_pipeline | epoch 200/200 — val mAP50=0.8864 mAP50_95=0.6867 (selection mAP50_95=0.6867)
2026-08-04 04:21:16 INFO  scripts.synthetic_model_comparison.training.evaluation | mlflow: logged val/mAP50=0.8864 val/mAP50_95=0.6867 (step=199)
2026-08-04 04:21:17 INFO  scripts.synthetic_model_comparison.training.evaluation | mlflow: logged val per-class AP table (12 classes)
2026-08-04 04:21:17 INFO  scripts.synthetic_model_comparison.training.training_pipeline | saved checkpoint: /home/debian/Master-Thesis/scripts/synthetic_model_comparison/training/model_exports/yolo26n-sd35-large-turbo-maxlen-seed42-20260804-031104/last.pt
2026-08-04 04:21:17 INFO  scripts.synthetic_model_comparison.training.training_pipeline | epoch 200/200 done — next lr=1.00028e-05, epochs_since_improve=16/20
2026-08-04 04:21:17 INFO  scripts.synthetic_model_comparison.training.training_pipeline | saved checkpoint: /home/debian/Master-Thesis/scripts/synthetic_model_comparison/training/model_exports/yolo26n-sd35-large-turbo-maxlen-seed42-20260804-031104/last.pt
2026-08-04 04:21:17 INFO  scripts.synthetic_model_comparison.training.training_pipeline | training finished — loading best.pt for final test evaluation
2026-08-04 04:21:18 INFO  scripts.synthetic_model_comparison.training.training_pipeline | loaded best.pt (mAP50_95=0.6954 @ epoch 183)
2026-08-04 04:21:18 INFO  scripts.synthetic_model_comparison.training.evaluation | evaluating on 153 batches
2026-08-04 04:24:38 INFO  scripts.synthetic_model_comparison.training.training_pipeline | test mAP50=0.0931 mAP50_95=0.0469
2026-08-04 04:24:39 INFO  scripts.synthetic_model_comparison.training.evaluation | mlflow: logged test/mAP50=0.0931 test/mAP50_95=0.0469 (step=None)
2026-08-04 04:24:39 INFO  scripts.synthetic_model_comparison.training.evaluation | mlflow: logged test per-class AP table (12 classes)
2026-08-04 04:24:48 INFO  scripts.synthetic_model_comparison.training.training_pipeline | uploaded checkpoints to MLflow
2026-08-04 04:24:48 INFO  __main__ | === post-training full evaluation (limit=None) ===
2026-08-04 04:24:48 INFO  scripts.synthetic_model_comparison.training.eval_suite.run_evaluation | === evaluation (real-only) ===
2026-08-04 04:24:48 INFO  scripts.synthetic_model_comparison.training.eval_suite.run_evaluation | checkpoint=/home/debian/Master-Thesis/scripts/synthetic_model_comparison/training/model_exports/yolo26n-sd35-large-turbo-maxlen-seed42-20260804-031104/best.pt device=cuda output_dir=/home/debian/Master-Thesis/scripts/synthetic_model_comparison/training/model_exports/yolo26n-sd35-large-turbo-maxlen-seed42-20260804-031104/evaluation
2026-08-04 04:24:48 INFO  scripts.synthetic_model_comparison.training.eval_suite.run_evaluation | real_ann=/home/debian/Master-Thesis/data/synthetic_model_comparison/test/annotations_test.json max_det=100
2026-08-04 04:24:48 INFO  scripts.synthetic_model_comparison.training.dataset | dataset annotations_test.json: 9742 images, 9742 annotations, 12 classes
2026-08-04 04:24:48 INFO  scripts.synthetic_model_comparison.training.eval_suite.predict | loading checkpoint: /home/debian/Master-Thesis/scripts/synthetic_model_comparison/training/model_exports/yolo26n-sd35-large-turbo-maxlen-seed42-20260804-031104/best.pt
2026-08-04 04:24:49 INFO  scripts.synthetic_model_comparison.training.yolo26n_model | no pretrained weights — training from random initialization
2026-08-04 04:24:49 INFO  scripts.synthetic_model_comparison.training.yolo26n_model | model: yolo26n, nc=12, params=2.51M, device=cuda
2026-08-04 04:24:49 INFO  scripts.synthetic_model_comparison.training.eval_suite.predict | checkpoint format: training dict (state_dict under 'model' key)
2026-08-04 04:24:49 INFO  scripts.synthetic_model_comparison.training.eval_suite.predict | loaded 708/708 keys from checkpoint (skipped 0 shape-mismatched / missing)
2026-08-04 04:24:49 INFO  scripts.synthetic_model_comparison.training.eval_suite.predict | running inference: 9742 images, batch=64, max_det=100 (NMS-free: conf/iou thresholds unused)
2026-08-04 04:29:08 INFO  scripts.synthetic_model_comparison.training.eval_suite.predict | inference complete: 974200 predictions over 9742 images
2026-08-04 04:29:23 INFO  scripts.synthetic_model_comparison.training.eval_suite.predict | predictions written to /home/debian/Master-Thesis/scripts/synthetic_model_comparison/training/model_exports/yolo26n-sd35-large-turbo-maxlen-seed42-20260804-031104/evaluation/predictions_real.json
2026-08-04 04:29:23 INFO  scripts.synthetic_model_comparison.training.eval_suite.scoring | loading GT index from /home/debian/Master-Thesis/data/synthetic_model_comparison/test/annotations_test.json
2026-08-04 04:29:23 INFO  scripts.synthetic_model_comparison.training.eval_suite.scoring | GT index: 9742 images, 12 categories, 9742 annotated images
2026-08-04 04:29:23 INFO  scripts.synthetic_model_comparison.training.eval_suite.report | headline: real-test mAP (fine)
2026-08-04 04:31:17 INFO  scripts.synthetic_model_comparison.training.eval_suite.report | per-class AP table
2026-08-04 04:31:17 INFO  scripts.synthetic_model_comparison.training.eval_suite.report | within-look-alike-group confusion
2026-08-04 04:31:21 INFO  scripts.synthetic_model_comparison.training.eval_suite.report | wrote markdown report: /home/debian/Master-Thesis/scripts/synthetic_model_comparison/training/model_exports/yolo26n-sd35-large-turbo-maxlen-seed42-20260804-031104/evaluation/evaluation_report.md
2026-08-04 04:31:21 INFO  scripts.synthetic_model_comparison.training.eval_suite.report | wrote CSV artifacts: /home/debian/Master-Thesis/scripts/synthetic_model_comparison/training/model_exports/yolo26n-sd35-large-turbo-maxlen-seed42-20260804-031104/evaluation/eval_per_class.csv, /home/debian/Master-Thesis/scripts/synthetic_model_comparison/training/model_exports/yolo26n-sd35-large-turbo-maxlen-seed42-20260804-031104/evaluation/eval_confusion_pairs.csv
2026-08-04 04:31:21 INFO  scripts.synthetic_model_comparison.training.eval_suite.report | wrote JSON report: /home/debian/Master-Thesis/scripts/synthetic_model_comparison/training/model_exports/yolo26n-sd35-large-turbo-maxlen-seed42-20260804-031104/evaluation/evaluation_report.json
2026-08-04 04:31:25 INFO  scripts.synthetic_model_comparison.training.eval_suite.report | logged eval scalars to MLflow under 'eval/'
2026-08-04 04:31:26 INFO  scripts.synthetic_model_comparison.training.eval_suite.run_evaluation | evaluation complete — report at /home/debian/Master-Thesis/scripts/synthetic_model_comparison/training/model_exports/yolo26n-sd35-large-turbo-maxlen-seed42-20260804-031104/evaluation/evaluation_report.md
2026-08-04 04:31:27 INFO  __main__ | uploaded log artifact: /home/debian/Master-Thesis/scripts/synthetic_model_comparison/training/model_exports/yolo26n-sd35-large-turbo-maxlen-seed42-20260804-031104/yolo26n-sd35-large-turbo-maxlen-seed42-20260804-031104.log
