2026-08-06 18:14:52 INFO  __main__ | === yolo26n synthetic-model-comparison training run ===
2026-08-06 18:14:52 INFO  __main__ | run_name=yolo26n-gpt-image-2-low-full-seed43-20260806-181451 experiment=yolo26n-synthetic-model-comparison
2026-08-06 18:14:52 INFO  __main__ | mlflow tracking_uri=http://hetzner.taile550ef.ts.net:5000/
2026-08-06 18:14:52 INFO  __main__ | run dir: /home/debian/Master-Thesis/scripts/synthetic_model_comparison/training/model_exports/yolo26n-gpt-image-2-low-full-seed43-20260806-181451
2026-08-06 18:14:52 INFO  __main__ | log file: /home/debian/Master-Thesis/scripts/synthetic_model_comparison/training/model_exports/yolo26n-gpt-image-2-low-full-seed43-20260806-181451/yolo26n-gpt-image-2-low-full-seed43-20260806-181451.log
2026-08-06 18:14:52 INFO  __main__ | generator=gpt-image-2-low prompt_regime=full seed=43 device=cuda epochs=200 smoke=False
2026-08-06 18:14:52 INFO  scripts.synthetic_model_comparison.training.split_dataset | split already up to date: annotations_train_split.json / annotations_val_split.json
2026-08-06 18:14:52 INFO  scripts.synthetic_model_comparison.training.dataset | dataset annotations_val_split.json: 241 images, 240 annotations, 12 classes
2026-08-06 18:14:52 INFO  scripts.synthetic_model_comparison.training.dataset | dataset annotations_test.json: 9742 images, 9742 annotations, 12 classes
2026-08-06 18:14:52 INFO  scripts.synthetic_model_comparison.training.dataset | dataset annotations_train_split.json: 959 images, 959 annotations, 12 classes
2026-08-06 18:14:52 INFO  scripts.synthetic_model_comparison.training.yolo26n_model | no pretrained weights — training from random initialization
2026-08-06 18:14:53 INFO  scripts.synthetic_model_comparison.training.yolo26n_model | model: yolo26n, nc=12, params=2.51M, device=cuda
2026-08-06 18:14:53 INFO  scripts.synthetic_model_comparison.training.optim | optimizer=SGD lr=0.001 | param groups: g0(BN,no-decay)=114 g1(conv,decay=0.0005)=126 g2(bias,no-decay)=126
2026-08-06 18:14:53 INFO  scripts.synthetic_model_comparison.training.optim | scheduler: OneCycleLR(max_lr=0.01, total_steps=2800, pct_start=0.015, div_factor=10, final_div_factor=100) — stepped per batch
2026-08-06 18:14:53 INFO  __main__ | run config:
2026-08-06 18:14:53 INFO  __main__ |   ANNOTATIONS_TEST = /home/debian/Master-Thesis/data/synthetic_model_comparison/test/annotations_test.json
2026-08-06 18:14:53 INFO  __main__ |   AUG_CLOSE_MOSAIC = 0
2026-08-06 18:14:53 INFO  __main__ |   AUG_COPY_PASTE = 0.0
2026-08-06 18:14:53 INFO  __main__ |   AUG_DEGREES = 0.0
2026-08-06 18:14:53 INFO  __main__ |   AUG_FLIPUD = 0.0
2026-08-06 18:14:53 INFO  __main__ |   AUG_HFLIP = True
2026-08-06 18:14:53 INFO  __main__ |   AUG_HSV = True
2026-08-06 18:14:53 INFO  __main__ |   AUG_HSV_H = 0.015
2026-08-06 18:14:53 INFO  __main__ |   AUG_HSV_S = 0.7
2026-08-06 18:14:53 INFO  __main__ |   AUG_HSV_V = 0.4
2026-08-06 18:14:53 INFO  __main__ |   AUG_MIXUP = 0.0
2026-08-06 18:14:53 INFO  __main__ |   AUG_MOSAIC = 0.0
2026-08-06 18:14:53 INFO  __main__ |   AUG_PERSPECTIVE = 0.0
2026-08-06 18:14:53 INFO  __main__ |   AUG_SCALE = 0.5
2026-08-06 18:14:53 INFO  __main__ |   AUG_SHEAR = 0.0
2026-08-06 18:14:53 INFO  __main__ |   AUG_TRANSLATE = 0.1
2026-08-06 18:14:53 INFO  __main__ |   BATCH_SIZE = 64
2026-08-06 18:14:53 INFO  __main__ |   DATA_ROOT = /home/debian/Master-Thesis/data
2026-08-06 18:14:53 INFO  __main__ |   EARLY_STOP = True
2026-08-06 18:14:53 INFO  __main__ |   EARLY_STOP_MIN_DELTA = 0.001
2026-08-06 18:14:53 INFO  __main__ |   EARLY_STOP_PATIENCE = 20
2026-08-06 18:14:53 INFO  __main__ |   EPOCH_COUNT = 200
2026-08-06 18:14:53 INFO  __main__ |   EVAL_CONF_THRES = 0.001
2026-08-06 18:14:53 INFO  __main__ |   EVAL_IOU_THRES = 0.6
2026-08-06 18:14:53 INFO  __main__ |   EVAL_MAX_DET = 100
2026-08-06 18:14:53 INFO  __main__ |   EXPERIMENT_DATA_ROOT = /home/debian/Master-Thesis/data/synthetic_model_comparison
2026-08-06 18:14:53 INFO  __main__ |   HYP_BOX = 7.5
2026-08-06 18:14:53 INFO  __main__ |   HYP_CLS = 0.5
2026-08-06 18:14:53 INFO  __main__ |   HYP_DFL = 1.5
2026-08-06 18:14:53 INFO  __main__ |   IMAGE_ROOT = /home/debian/Master-Thesis
2026-08-06 18:14:53 INFO  __main__ |   IMAGE_SIZE = 640
2026-08-06 18:14:53 INFO  __main__ |   LEARNING_RATE = 0.001
2026-08-06 18:14:53 INFO  __main__ |   MLFLOW_EXPERIMENT_DEFAULT = yolo26n-synthetic-model-comparison
2026-08-06 18:14:53 INFO  __main__ |   MLFLOW_LOG_EVERY_N_STEPS = 50
2026-08-06 18:14:53 INFO  __main__ |   MODEL_CONFIG = yolo26n.yaml
2026-08-06 18:14:53 INFO  __main__ |   MOMENTUM = 0.937
2026-08-06 18:14:53 INFO  __main__ |   NESTEROV = True
2026-08-06 18:14:53 INFO  __main__ |   NUM_CLASSES = 12
2026-08-06 18:14:53 INFO  __main__ |   NUM_WORKERS = 8
2026-08-06 18:14:53 INFO  __main__ |   ONE_CYCLE_DIV_FACTOR = 10.0
2026-08-06 18:14:53 INFO  __main__ |   ONE_CYCLE_FINAL_DIV_FACTOR = 100.0
2026-08-06 18:14:53 INFO  __main__ |   ONE_CYCLE_MAX_LR = 0.01
2026-08-06 18:14:53 INFO  __main__ |   ONE_CYCLE_PCT_START = 0.015
2026-08-06 18:14:53 INFO  __main__ |   OPTIMIZER = SGD
2026-08-06 18:14:53 INFO  __main__ |   OUTPUT_DIR = /home/debian/Master-Thesis/scripts/synthetic_model_comparison/training/model_exports
2026-08-06 18:14:53 INFO  __main__ |   PRETRAINED_WEIGHTS = /home/debian/Master-Thesis/weights/yolo26n.pt
2026-08-06 18:14:53 INFO  __main__ |   REPO_ROOT = /home/debian/Master-Thesis
2026-08-06 18:14:53 INFO  __main__ |   SEED = 42
2026-08-06 18:14:53 INFO  __main__ |   SELECTION_METRIC = mAP50_95
2026-08-06 18:14:53 INFO  __main__ |   SPLIT_SEED = 42
2026-08-06 18:14:53 INFO  __main__ |   TRAIN_ROOT = /home/debian/Master-Thesis/data/synthetic_model_comparison/train
2026-08-06 18:14:53 INFO  __main__ |   USE_AMP = True
2026-08-06 18:14:53 INFO  __main__ |   USE_EMA = True
2026-08-06 18:14:53 INFO  __main__ |   VAL_FRACTION = 0.2
2026-08-06 18:14:53 INFO  __main__ |   WARMUP_EPOCHS = 3
2026-08-06 18:14:53 INFO  __main__ |   WEIGHT_DECAY = 0.0005
2026-08-06 18:14:53 INFO  __main__ |   dataset_size_test = 9742
2026-08-06 18:14:53 INFO  __main__ |   dataset_size_train = 959
2026-08-06 18:14:53 INFO  __main__ |   dataset_size_val = 241
2026-08-06 18:14:53 INFO  __main__ |   device = cuda
2026-08-06 18:14:53 INFO  __main__ |   epochs_actual = 200
2026-08-06 18:14:53 INFO  __main__ |   generator = gpt-image-2-low
2026-08-06 18:14:53 INFO  __main__ |   git_sha = c7ea21c01efa95aa5c50b481ac8a7f1a2e02f37c
2026-08-06 18:14:53 INFO  __main__ |   prompt_regime = full
2026-08-06 18:14:53 INFO  __main__ |   resume_from = 
2026-08-06 18:14:53 INFO  __main__ |   run_seed = 43
2026-08-06 18:14:53 INFO  __main__ |   smoke = False
2026-08-06 18:14:53 INFO  __main__ |   weights_path = /home/debian/Master-Thesis/weights/yolo26n.pt
2026-08-06 18:14:53 INFO  scripts.synthetic_model_comparison.training.training_pipeline | output dir: /home/debian/Master-Thesis/scripts/synthetic_model_comparison/training/model_exports/yolo26n-gpt-image-2-low-full-seed43-20260806-181451 | selection_metric=mAP50_95 early_stop=True(patience=20, min_delta=0.001) ema=True amp=True
2026-08-06 18:14:53 INFO  scripts.synthetic_model_comparison.training.training_pipeline | starting training: ceiling=200 epochs | train_batches=14 val_batches=4 test_batches=153 | device=cuda
2026-08-06 18:14:53 INFO  scripts.synthetic_model_comparison.training.training_pipeline | epoch 1/200 — train start (lr=0.001, batches=14)
2026-08-06 18:15:15 INFO  scripts.synthetic_model_comparison.training.training_pipeline | epoch 1/200 — train done in 22.1s | avg loss_box=4.4992 loss_cls=36.7749 loss_dfl=0.1327 loss_total=1381.3096
2026-08-06 18:15:15 INFO  scripts.synthetic_model_comparison.training.evaluation | evaluating on 4 batches
2026-08-06 18:15:21 INFO  scripts.synthetic_model_comparison.training.training_pipeline | epoch 1/200 — val mAP50=0.0000 mAP50_95=0.0000 (selection mAP50_95=0.0000)
2026-08-06 18:15:22 INFO  scripts.synthetic_model_comparison.training.evaluation | mlflow: logged val/mAP50=0.0000 val/mAP50_95=0.0000 (step=0)
2026-08-06 18:15:22 INFO  scripts.synthetic_model_comparison.training.evaluation | mlflow: logged val per-class AP table (12 classes)
2026-08-06 18:15:22 INFO  scripts.synthetic_model_comparison.training.training_pipeline | saved checkpoint: /home/debian/Master-Thesis/scripts/synthetic_model_comparison/training/model_exports/yolo26n-gpt-image-2-low-full-seed43-20260806-181451/best.pt
2026-08-06 18:15:22 INFO  scripts.synthetic_model_comparison.training.training_pipeline | new best mAP50_95=0.0000 at epoch 1
2026-08-06 18:15:22 INFO  scripts.synthetic_model_comparison.training.training_pipeline | saved checkpoint: /home/debian/Master-Thesis/scripts/synthetic_model_comparison/training/model_exports/yolo26n-gpt-image-2-low-full-seed43-20260806-181451/last.pt
2026-08-06 18:15:23 INFO  scripts.synthetic_model_comparison.training.training_pipeline | epoch 1/200 done — next lr=0.00335026, epochs_since_improve=0/20
2026-08-06 18:15:23 INFO  scripts.synthetic_model_comparison.training.training_pipeline | epoch 2/200 — train start (lr=0.00335026, batches=14)
2026-08-06 18:15:33 INFO  scripts.synthetic_model_comparison.training.training_pipeline | epoch 2/200 — train done in 10.6s | avg loss_box=4.4012 loss_cls=35.1295 loss_dfl=0.1279 loss_total=1341.3363
2026-08-06 18:15:33 INFO  scripts.synthetic_model_comparison.training.evaluation | evaluating on 4 batches
2026-08-06 18:15:38 INFO  scripts.synthetic_model_comparison.training.training_pipeline | epoch 2/200 — val mAP50=0.0000 mAP50_95=0.0000 (selection mAP50_95=0.0000)
2026-08-06 18:15:39 INFO  scripts.synthetic_model_comparison.training.evaluation | mlflow: logged val/mAP50=0.0000 val/mAP50_95=0.0000 (step=1)
2026-08-06 18:15:39 INFO  scripts.synthetic_model_comparison.training.evaluation | mlflow: logged val per-class AP table (12 classes)
2026-08-06 18:15:39 INFO  scripts.synthetic_model_comparison.training.training_pipeline | saved checkpoint: /home/debian/Master-Thesis/scripts/synthetic_model_comparison/training/model_exports/yolo26n-gpt-image-2-low-full-seed43-20260806-181451/last.pt
2026-08-06 18:15:39 INFO  scripts.synthetic_model_comparison.training.training_pipeline | epoch 2/200 done — next lr=0.00794605, epochs_since_improve=0/20
2026-08-06 18:15:39 INFO  scripts.synthetic_model_comparison.training.training_pipeline | epoch 3/200 — train start (lr=0.00794605, batches=14)
2026-08-06 18:15:50 INFO  scripts.synthetic_model_comparison.training.training_pipeline | epoch 3/200 — train done in 10.7s | avg loss_box=4.4937 loss_cls=34.5738 loss_dfl=0.1311 loss_total=1298.9507
2026-08-06 18:15:50 INFO  scripts.synthetic_model_comparison.training.evaluation | evaluating on 4 batches
2026-08-06 18:15:55 INFO  scripts.synthetic_model_comparison.training.training_pipeline | epoch 3/200 — val mAP50=0.0000 mAP50_95=0.0000 (selection mAP50_95=0.0000)
2026-08-06 18:15:55 WARNING urllib3.connectionpool | Retrying (Retry(total=6, connect=7, read=6, redirect=7, status=7)) after connection broken by 'RemoteDisconnected('Remote end closed connection without response')': /api/2.0/mlflow/runs/log-metric
2026-08-06 18:15:56 INFO  scripts.synthetic_model_comparison.training.evaluation | mlflow: logged val/mAP50=0.0000 val/mAP50_95=0.0000 (step=2)
2026-08-06 18:15:56 INFO  scripts.synthetic_model_comparison.training.evaluation | mlflow: logged val per-class AP table (12 classes)
2026-08-06 18:15:56 INFO  scripts.synthetic_model_comparison.training.training_pipeline | saved checkpoint: /home/debian/Master-Thesis/scripts/synthetic_model_comparison/training/model_exports/yolo26n-gpt-image-2-low-full-seed43-20260806-181451/last.pt
2026-08-06 18:15:57 INFO  scripts.synthetic_model_comparison.training.training_pipeline | epoch 3/200 done — next lr=0.01, epochs_since_improve=0/20
2026-08-06 18:15:57 INFO  scripts.synthetic_model_comparison.training.training_pipeline | epoch 4/200 — train start (lr=0.01, batches=14)
2026-08-06 18:16:06 INFO  scripts.synthetic_model_comparison.training.training_pipeline | step 50 | loss_box=4.6125 loss_cls=29.3302 loss_dfl=0.1368 loss_total=1146.4036 lr=0.00999968
2026-08-06 18:16:10 INFO  scripts.synthetic_model_comparison.training.training_pipeline | epoch 4/200 — train done in 12.9s | avg loss_box=4.4599 loss_cls=29.4940 loss_dfl=0.1304 loss_total=1146.4874
2026-08-06 18:16:10 INFO  scripts.synthetic_model_comparison.training.evaluation | evaluating on 4 batches
2026-08-06 18:16:14 INFO  scripts.synthetic_model_comparison.training.training_pipeline | epoch 4/200 — val mAP50=0.0000 mAP50_95=0.0000 (selection mAP50_95=0.0000)
2026-08-06 18:16:15 INFO  scripts.synthetic_model_comparison.training.evaluation | mlflow: logged val/mAP50=0.0000 val/mAP50_95=0.0000 (step=3)
2026-08-06 18:16:15 INFO  scripts.synthetic_model_comparison.training.evaluation | mlflow: logged val per-class AP table (12 classes)
2026-08-06 18:16:15 INFO  scripts.synthetic_model_comparison.training.training_pipeline | saved checkpoint: /home/debian/Master-Thesis/scripts/synthetic_model_comparison/training/model_exports/yolo26n-gpt-image-2-low-full-seed43-20260806-181451/last.pt
2026-08-06 18:16:16 INFO  scripts.synthetic_model_comparison.training.training_pipeline | epoch 4/200 done — next lr=0.00999927, epochs_since_improve=1/20
2026-08-06 18:16:16 INFO  scripts.synthetic_model_comparison.training.training_pipeline | epoch 5/200 — train start (lr=0.00999927, batches=14)
2026-08-06 18:16:26 INFO  scripts.synthetic_model_comparison.training.training_pipeline | epoch 5/200 — train done in 10.9s | avg loss_box=3.9928 loss_cls=19.6088 loss_dfl=0.1215 loss_total=836.5928
2026-08-06 18:16:26 INFO  scripts.synthetic_model_comparison.training.evaluation | evaluating on 4 batches
2026-08-06 18:16:31 INFO  scripts.synthetic_model_comparison.training.training_pipeline | epoch 5/200 — val mAP50=0.0000 mAP50_95=0.0000 (selection mAP50_95=0.0000)
2026-08-06 18:16:32 INFO  scripts.synthetic_model_comparison.training.evaluation | mlflow: logged val/mAP50=0.0000 val/mAP50_95=0.0000 (step=4)
2026-08-06 18:16:32 INFO  scripts.synthetic_model_comparison.training.evaluation | mlflow: logged val per-class AP table (12 classes)
2026-08-06 18:16:32 INFO  scripts.synthetic_model_comparison.training.training_pipeline | saved checkpoint: /home/debian/Master-Thesis/scripts/synthetic_model_comparison/training/model_exports/yolo26n-gpt-image-2-low-full-seed43-20260806-181451/last.pt
2026-08-06 18:16:33 INFO  scripts.synthetic_model_comparison.training.training_pipeline | epoch 5/200 done — next lr=0.00999727, epochs_since_improve=2/20
2026-08-06 18:16:33 INFO  scripts.synthetic_model_comparison.training.training_pipeline | epoch 6/200 — train start (lr=0.00999727, batches=14)
2026-08-06 18:16:44 INFO  scripts.synthetic_model_comparison.training.training_pipeline | epoch 6/200 — train done in 10.9s | avg loss_box=3.5719 loss_cls=12.8850 loss_dfl=0.1113 loss_total=663.0229
2026-08-06 18:16:44 INFO  scripts.synthetic_model_comparison.training.evaluation | evaluating on 4 batches
2026-08-06 18:16:48 INFO  scripts.synthetic_model_comparison.training.training_pipeline | epoch 6/200 — val mAP50=0.0000 mAP50_95=0.0000 (selection mAP50_95=0.0000)
2026-08-06 18:16:49 INFO  scripts.synthetic_model_comparison.training.evaluation | mlflow: logged val/mAP50=0.0000 val/mAP50_95=0.0000 (step=5)
2026-08-06 18:16:49 INFO  scripts.synthetic_model_comparison.training.evaluation | mlflow: logged val per-class AP table (12 classes)
2026-08-06 18:16:49 INFO  scripts.synthetic_model_comparison.training.training_pipeline | saved checkpoint: /home/debian/Master-Thesis/scripts/synthetic_model_comparison/training/model_exports/yolo26n-gpt-image-2-low-full-seed43-20260806-181451/last.pt
2026-08-06 18:16:50 INFO  scripts.synthetic_model_comparison.training.training_pipeline | epoch 6/200 done — next lr=0.00999401, epochs_since_improve=3/20
2026-08-06 18:16:50 INFO  scripts.synthetic_model_comparison.training.training_pipeline | epoch 7/200 — train start (lr=0.00999401, batches=14)
2026-08-06 18:17:01 INFO  scripts.synthetic_model_comparison.training.training_pipeline | epoch 7/200 — train done in 11.2s | avg loss_box=3.2356 loss_cls=8.8316 loss_dfl=0.1038 loss_total=568.6363
2026-08-06 18:17:01 INFO  scripts.synthetic_model_comparison.training.evaluation | evaluating on 4 batches
2026-08-06 18:17:06 INFO  scripts.synthetic_model_comparison.training.training_pipeline | epoch 7/200 — val mAP50=0.0020 mAP50_95=0.0004 (selection mAP50_95=0.0004)
2026-08-06 18:17:07 INFO  scripts.synthetic_model_comparison.training.evaluation | mlflow: logged val/mAP50=0.0020 val/mAP50_95=0.0004 (step=6)
2026-08-06 18:17:07 INFO  scripts.synthetic_model_comparison.training.evaluation | mlflow: logged val per-class AP table (12 classes)
2026-08-06 18:17:07 INFO  scripts.synthetic_model_comparison.training.training_pipeline | saved checkpoint: /home/debian/Master-Thesis/scripts/synthetic_model_comparison/training/model_exports/yolo26n-gpt-image-2-low-full-seed43-20260806-181451/last.pt
2026-08-06 18:17:07 INFO  scripts.synthetic_model_comparison.training.training_pipeline | epoch 7/200 done — next lr=0.00998948, epochs_since_improve=4/20
2026-08-06 18:17:07 INFO  scripts.synthetic_model_comparison.training.training_pipeline | epoch 8/200 — train start (lr=0.00998948, batches=14)
2026-08-06 18:17:14 INFO  scripts.synthetic_model_comparison.training.training_pipeline | step 100 | loss_box=2.9757 loss_cls=7.1684 loss_dfl=0.0961 loss_total=519.0534 lr=0.00998834
2026-08-06 18:17:19 INFO  scripts.synthetic_model_comparison.training.training_pipeline | epoch 8/200 — train done in 12.0s | avg loss_box=2.7804 loss_cls=6.6969 loss_dfl=0.0878 loss_total=502.9188
2026-08-06 18:17:19 INFO  scripts.synthetic_model_comparison.training.evaluation | evaluating on 4 batches
2026-08-06 18:17:25 INFO  scripts.synthetic_model_comparison.training.training_pipeline | epoch 8/200 — val mAP50=0.0079 mAP50_95=0.0017 (selection mAP50_95=0.0017)
2026-08-06 18:17:26 INFO  scripts.synthetic_model_comparison.training.evaluation | mlflow: logged val/mAP50=0.0079 val/mAP50_95=0.0017 (step=7)
2026-08-06 18:17:26 INFO  scripts.synthetic_model_comparison.training.evaluation | mlflow: logged val per-class AP table (12 classes)
2026-08-06 18:17:26 INFO  scripts.synthetic_model_comparison.training.training_pipeline | saved checkpoint: /home/debian/Master-Thesis/scripts/synthetic_model_comparison/training/model_exports/yolo26n-gpt-image-2-low-full-seed43-20260806-181451/best.pt
2026-08-06 18:17:26 INFO  scripts.synthetic_model_comparison.training.training_pipeline | new best mAP50_95=0.0017 at epoch 8
2026-08-06 18:17:26 INFO  scripts.synthetic_model_comparison.training.training_pipeline | saved checkpoint: /home/debian/Master-Thesis/scripts/synthetic_model_comparison/training/model_exports/yolo26n-gpt-image-2-low-full-seed43-20260806-181451/last.pt
2026-08-06 18:17:26 INFO  scripts.synthetic_model_comparison.training.training_pipeline | epoch 8/200 done — next lr=0.00998367, epochs_since_improve=0/20
2026-08-06 18:17:26 INFO  scripts.synthetic_model_comparison.training.training_pipeline | epoch 9/200 — train start (lr=0.00998367, batches=14)
2026-08-06 18:17:38 INFO  scripts.synthetic_model_comparison.training.training_pipeline | epoch 9/200 — train done in 11.1s | avg loss_box=2.6952 loss_cls=5.6894 loss_dfl=0.0848 loss_total=467.3264
2026-08-06 18:17:38 INFO  scripts.synthetic_model_comparison.training.evaluation | evaluating on 4 batches
2026-08-06 18:17:43 INFO  scripts.synthetic_model_comparison.training.training_pipeline | epoch 9/200 — val mAP50=0.0045 mAP50_95=0.0008 (selection mAP50_95=0.0008)
2026-08-06 18:17:43 INFO  scripts.synthetic_model_comparison.training.evaluation | mlflow: logged val/mAP50=0.0045 val/mAP50_95=0.0008 (step=8)
2026-08-06 18:17:44 INFO  scripts.synthetic_model_comparison.training.evaluation | mlflow: logged val per-class AP table (12 classes)
2026-08-06 18:17:44 INFO  scripts.synthetic_model_comparison.training.training_pipeline | saved checkpoint: /home/debian/Master-Thesis/scripts/synthetic_model_comparison/training/model_exports/yolo26n-gpt-image-2-low-full-seed43-20260806-181451/last.pt
2026-08-06 18:17:44 INFO  scripts.synthetic_model_comparison.training.training_pipeline | epoch 9/200 done — next lr=0.00997661, epochs_since_improve=1/20
2026-08-06 18:17:44 INFO  scripts.synthetic_model_comparison.training.training_pipeline | epoch 10/200 — train start (lr=0.00997661, batches=14)
2026-08-06 18:17:55 INFO  scripts.synthetic_model_comparison.training.training_pipeline | epoch 10/200 — train done in 11.3s | avg loss_box=2.6474 loss_cls=5.1318 loss_dfl=0.0837 loss_total=449.2218
2026-08-06 18:17:55 INFO  scripts.synthetic_model_comparison.training.evaluation | evaluating on 4 batches
2026-08-06 18:18:01 INFO  scripts.synthetic_model_comparison.training.training_pipeline | epoch 10/200 — val mAP50=0.0130 mAP50_95=0.0026 (selection mAP50_95=0.0026)
2026-08-06 18:18:02 INFO  scripts.synthetic_model_comparison.training.evaluation | mlflow: logged val/mAP50=0.0130 val/mAP50_95=0.0026 (step=9)
2026-08-06 18:18:02 INFO  scripts.synthetic_model_comparison.training.evaluation | mlflow: logged val per-class AP table (12 classes)
2026-08-06 18:18:02 INFO  scripts.synthetic_model_comparison.training.training_pipeline | saved checkpoint: /home/debian/Master-Thesis/scripts/synthetic_model_comparison/training/model_exports/yolo26n-gpt-image-2-low-full-seed43-20260806-181451/last.pt
2026-08-06 18:18:02 INFO  scripts.synthetic_model_comparison.training.training_pipeline | epoch 10/200 done — next lr=0.00996827, epochs_since_improve=2/20
2026-08-06 18:18:02 INFO  scripts.synthetic_model_comparison.training.training_pipeline | epoch 11/200 — train start (lr=0.00996827, batches=14)
2026-08-06 18:18:12 INFO  scripts.synthetic_model_comparison.training.training_pipeline | step 150 | loss_box=2.4501 loss_cls=4.6761 loss_dfl=0.0756 loss_total=416.3456 lr=0.00996084
2026-08-06 18:18:15 INFO  scripts.synthetic_model_comparison.training.training_pipeline | epoch 11/200 — train done in 12.5s | avg loss_box=2.5436 loss_cls=4.7456 loss_dfl=0.0784 loss_total=424.9715
2026-08-06 18:18:15 INFO  scripts.synthetic_model_comparison.training.evaluation | evaluating on 4 batches
2026-08-06 18:18:21 INFO  scripts.synthetic_model_comparison.training.training_pipeline | epoch 11/200 — val mAP50=0.0297 mAP50_95=0.0069 (selection mAP50_95=0.0069)
2026-08-06 18:18:21 INFO  scripts.synthetic_model_comparison.training.evaluation | mlflow: logged val/mAP50=0.0297 val/mAP50_95=0.0069 (step=10)
2026-08-06 18:18:22 INFO  scripts.synthetic_model_comparison.training.evaluation | mlflow: logged val per-class AP table (12 classes)
2026-08-06 18:18:22 INFO  scripts.synthetic_model_comparison.training.training_pipeline | saved checkpoint: /home/debian/Master-Thesis/scripts/synthetic_model_comparison/training/model_exports/yolo26n-gpt-image-2-low-full-seed43-20260806-181451/best.pt
2026-08-06 18:18:22 INFO  scripts.synthetic_model_comparison.training.training_pipeline | new best mAP50_95=0.0069 at epoch 11
2026-08-06 18:18:22 INFO  scripts.synthetic_model_comparison.training.training_pipeline | saved checkpoint: /home/debian/Master-Thesis/scripts/synthetic_model_comparison/training/model_exports/yolo26n-gpt-image-2-low-full-seed43-20260806-181451/last.pt
2026-08-06 18:18:22 INFO  scripts.synthetic_model_comparison.training.training_pipeline | epoch 11/200 done — next lr=0.00995868, epochs_since_improve=0/20
2026-08-06 18:18:22 INFO  scripts.synthetic_model_comparison.training.training_pipeline | epoch 12/200 — train start (lr=0.00995868, batches=14)
2026-08-06 18:18:33 INFO  scripts.synthetic_model_comparison.training.training_pipeline | epoch 12/200 — train done in 11.0s | avg loss_box=2.5565 loss_cls=4.4637 loss_dfl=0.0786 loss_total=411.2079
2026-08-06 18:18:33 INFO  scripts.synthetic_model_comparison.training.evaluation | evaluating on 4 batches
2026-08-06 18:18:39 INFO  scripts.synthetic_model_comparison.training.training_pipeline | epoch 12/200 — val mAP50=0.0566 mAP50_95=0.0170 (selection mAP50_95=0.0170)
2026-08-06 18:18:39 INFO  scripts.synthetic_model_comparison.training.evaluation | mlflow: logged val/mAP50=0.0566 val/mAP50_95=0.0170 (step=11)
2026-08-06 18:18:40 INFO  scripts.synthetic_model_comparison.training.evaluation | mlflow: logged val per-class AP table (12 classes)
2026-08-06 18:18:40 INFO  scripts.synthetic_model_comparison.training.training_pipeline | saved checkpoint: /home/debian/Master-Thesis/scripts/synthetic_model_comparison/training/model_exports/yolo26n-gpt-image-2-low-full-seed43-20260806-181451/best.pt
2026-08-06 18:18:40 INFO  scripts.synthetic_model_comparison.training.training_pipeline | new best mAP50_95=0.0170 at epoch 12
2026-08-06 18:18:40 INFO  scripts.synthetic_model_comparison.training.training_pipeline | saved checkpoint: /home/debian/Master-Thesis/scripts/synthetic_model_comparison/training/model_exports/yolo26n-gpt-image-2-low-full-seed43-20260806-181451/last.pt
2026-08-06 18:18:40 INFO  scripts.synthetic_model_comparison.training.training_pipeline | epoch 12/200 done — next lr=0.00994782, epochs_since_improve=0/20
2026-08-06 18:18:40 INFO  scripts.synthetic_model_comparison.training.training_pipeline | epoch 13/200 — train start (lr=0.00994782, batches=14)
2026-08-06 18:18:51 INFO  scripts.synthetic_model_comparison.training.training_pipeline | epoch 13/200 — train done in 11.1s | avg loss_box=2.5069 loss_cls=4.1324 loss_dfl=0.0763 loss_total=395.3563
2026-08-06 18:18:51 INFO  scripts.synthetic_model_comparison.training.evaluation | evaluating on 4 batches
2026-08-06 18:18:56 INFO  scripts.synthetic_model_comparison.training.training_pipeline | epoch 13/200 — val mAP50=0.0610 mAP50_95=0.0218 (selection mAP50_95=0.0218)
2026-08-06 18:18:57 INFO  scripts.synthetic_model_comparison.training.evaluation | mlflow: logged val/mAP50=0.0610 val/mAP50_95=0.0218 (step=12)
2026-08-06 18:18:57 INFO  scripts.synthetic_model_comparison.training.evaluation | mlflow: logged val per-class AP table (12 classes)
2026-08-06 18:18:58 INFO  scripts.synthetic_model_comparison.training.training_pipeline | saved checkpoint: /home/debian/Master-Thesis/scripts/synthetic_model_comparison/training/model_exports/yolo26n-gpt-image-2-low-full-seed43-20260806-181451/best.pt
2026-08-06 18:18:58 INFO  scripts.synthetic_model_comparison.training.training_pipeline | new best mAP50_95=0.0218 at epoch 13
2026-08-06 18:18:58 INFO  scripts.synthetic_model_comparison.training.training_pipeline | saved checkpoint: /home/debian/Master-Thesis/scripts/synthetic_model_comparison/training/model_exports/yolo26n-gpt-image-2-low-full-seed43-20260806-181451/last.pt
2026-08-06 18:18:58 INFO  scripts.synthetic_model_comparison.training.training_pipeline | epoch 13/200 done — next lr=0.00993571, epochs_since_improve=0/20
2026-08-06 18:18:58 INFO  scripts.synthetic_model_comparison.training.training_pipeline | epoch 14/200 — train start (lr=0.00993571, batches=14)
2026-08-06 18:19:09 INFO  scripts.synthetic_model_comparison.training.training_pipeline | epoch 14/200 — train done in 11.1s | avg loss_box=2.4844 loss_cls=3.9177 loss_dfl=0.0752 loss_total=384.8191
2026-08-06 18:19:09 INFO  scripts.synthetic_model_comparison.training.evaluation | evaluating on 4 batches
2026-08-06 18:19:15 INFO  scripts.synthetic_model_comparison.training.training_pipeline | epoch 14/200 — val mAP50=0.0797 mAP50_95=0.0218 (selection mAP50_95=0.0218)
2026-08-06 18:19:15 INFO  scripts.synthetic_model_comparison.training.evaluation | mlflow: logged val/mAP50=0.0797 val/mAP50_95=0.0218 (step=13)
2026-08-06 18:19:16 INFO  scripts.synthetic_model_comparison.training.evaluation | mlflow: logged val per-class AP table (12 classes)
2026-08-06 18:19:16 INFO  scripts.synthetic_model_comparison.training.training_pipeline | saved checkpoint: /home/debian/Master-Thesis/scripts/synthetic_model_comparison/training/model_exports/yolo26n-gpt-image-2-low-full-seed43-20260806-181451/last.pt
2026-08-06 18:19:16 INFO  scripts.synthetic_model_comparison.training.training_pipeline | epoch 14/200 done — next lr=0.00992235, epochs_since_improve=1/20
2026-08-06 18:19:16 INFO  scripts.synthetic_model_comparison.training.training_pipeline | epoch 15/200 — train start (lr=0.00992235, batches=14)
2026-08-06 18:19:24 INFO  scripts.synthetic_model_comparison.training.training_pipeline | step 200 | loss_box=2.4876 loss_cls=3.6689 loss_dfl=0.0782 loss_total=373.2576 lr=0.00991727
2026-08-06 18:19:29 INFO  scripts.synthetic_model_comparison.training.training_pipeline | epoch 15/200 — train done in 12.7s | avg loss_box=2.4807 loss_cls=3.7588 loss_dfl=0.0762 loss_total=374.5349
2026-08-06 18:19:29 INFO  scripts.synthetic_model_comparison.training.evaluation | evaluating on 4 batches
2026-08-06 18:19:34 INFO  scripts.synthetic_model_comparison.training.training_pipeline | epoch 15/200 — val mAP50=0.0316 mAP50_95=0.0084 (selection mAP50_95=0.0084)
2026-08-06 18:19:35 INFO  scripts.synthetic_model_comparison.training.evaluation | mlflow: logged val/mAP50=0.0316 val/mAP50_95=0.0084 (step=14)
2026-08-06 18:19:35 INFO  scripts.synthetic_model_comparison.training.evaluation | mlflow: logged val per-class AP table (12 classes)
2026-08-06 18:19:35 INFO  scripts.synthetic_model_comparison.training.training_pipeline | saved checkpoint: /home/debian/Master-Thesis/scripts/synthetic_model_comparison/training/model_exports/yolo26n-gpt-image-2-low-full-seed43-20260806-181451/last.pt
2026-08-06 18:19:36 INFO  scripts.synthetic_model_comparison.training.training_pipeline | epoch 15/200 done — next lr=0.00990773, epochs_since_improve=2/20
2026-08-06 18:19:36 INFO  scripts.synthetic_model_comparison.training.training_pipeline | epoch 16/200 — train start (lr=0.00990773, batches=14)
2026-08-06 18:19:47 INFO  scripts.synthetic_model_comparison.training.training_pipeline | epoch 16/200 — train done in 11.0s | avg loss_box=2.3870 loss_cls=3.6358 loss_dfl=0.0728 loss_total=365.9772
2026-08-06 18:19:47 INFO  scripts.synthetic_model_comparison.training.evaluation | evaluating on 4 batches
2026-08-06 18:19:52 INFO  scripts.synthetic_model_comparison.training.training_pipeline | epoch 16/200 — val mAP50=0.0326 mAP50_95=0.0076 (selection mAP50_95=0.0076)
2026-08-06 18:19:52 INFO  scripts.synthetic_model_comparison.training.evaluation | mlflow: logged val/mAP50=0.0326 val/mAP50_95=0.0076 (step=15)
2026-08-06 18:19:53 INFO  scripts.synthetic_model_comparison.training.evaluation | mlflow: logged val per-class AP table (12 classes)
2026-08-06 18:19:53 INFO  scripts.synthetic_model_comparison.training.training_pipeline | saved checkpoint: /home/debian/Master-Thesis/scripts/synthetic_model_comparison/training/model_exports/yolo26n-gpt-image-2-low-full-seed43-20260806-181451/last.pt
2026-08-06 18:19:53 INFO  scripts.synthetic_model_comparison.training.training_pipeline | epoch 16/200 done — next lr=0.00989187, epochs_since_improve=3/20
2026-08-06 18:19:53 INFO  scripts.synthetic_model_comparison.training.training_pipeline | epoch 17/200 — train start (lr=0.00989187, batches=14)
2026-08-06 18:20:04 INFO  scripts.synthetic_model_comparison.training.training_pipeline | epoch 17/200 — train done in 11.0s | avg loss_box=2.3325 loss_cls=3.4520 loss_dfl=0.0696 loss_total=354.1376
2026-08-06 18:20:04 INFO  scripts.synthetic_model_comparison.training.evaluation | evaluating on 4 batches
2026-08-06 18:20:09 INFO  scripts.synthetic_model_comparison.training.training_pipeline | epoch 17/200 — val mAP50=0.0088 mAP50_95=0.0030 (selection mAP50_95=0.0030)
2026-08-06 18:20:10 INFO  scripts.synthetic_model_comparison.training.evaluation | mlflow: logged val/mAP50=0.0088 val/mAP50_95=0.0030 (step=16)
2026-08-06 18:20:10 INFO  scripts.synthetic_model_comparison.training.evaluation | mlflow: logged val per-class AP table (12 classes)
2026-08-06 18:20:10 INFO  scripts.synthetic_model_comparison.training.training_pipeline | saved checkpoint: /home/debian/Master-Thesis/scripts/synthetic_model_comparison/training/model_exports/yolo26n-gpt-image-2-low-full-seed43-20260806-181451/last.pt
2026-08-06 18:20:11 INFO  scripts.synthetic_model_comparison.training.training_pipeline | epoch 17/200 done — next lr=0.00987476, epochs_since_improve=4/20
2026-08-06 18:20:11 INFO  scripts.synthetic_model_comparison.training.training_pipeline | epoch 18/200 — train start (lr=0.00987476, batches=14)
2026-08-06 18:20:22 INFO  scripts.synthetic_model_comparison.training.training_pipeline | step 250 | loss_box=2.2912 loss_cls=3.1648 loss_dfl=0.0678 loss_total=341.1661 lr=0.00985777
2026-08-06 18:20:23 INFO  scripts.synthetic_model_comparison.training.training_pipeline | epoch 18/200 — train done in 12.9s | avg loss_box=2.2558 loss_cls=3.3514 loss_dfl=0.0668 loss_total=348.6313
2026-08-06 18:20:23 INFO  scripts.synthetic_model_comparison.training.evaluation | evaluating on 4 batches
2026-08-06 18:20:29 INFO  scripts.synthetic_model_comparison.training.training_pipeline | epoch 18/200 — val mAP50=0.0319 mAP50_95=0.0084 (selection mAP50_95=0.0084)
2026-08-06 18:20:30 INFO  scripts.synthetic_model_comparison.training.evaluation | mlflow: logged val/mAP50=0.0319 val/mAP50_95=0.0084 (step=17)
2026-08-06 18:20:30 INFO  scripts.synthetic_model_comparison.training.evaluation | mlflow: logged val per-class AP table (12 classes)
2026-08-06 18:20:30 INFO  scripts.synthetic_model_comparison.training.training_pipeline | saved checkpoint: /home/debian/Master-Thesis/scripts/synthetic_model_comparison/training/model_exports/yolo26n-gpt-image-2-low-full-seed43-20260806-181451/last.pt
2026-08-06 18:20:30 INFO  scripts.synthetic_model_comparison.training.training_pipeline | epoch 18/200 done — next lr=0.00985642, epochs_since_improve=5/20
2026-08-06 18:20:30 INFO  scripts.synthetic_model_comparison.training.training_pipeline | epoch 19/200 — train start (lr=0.00985642, batches=14)
2026-08-06 18:20:41 INFO  scripts.synthetic_model_comparison.training.training_pipeline | epoch 19/200 — train done in 11.1s | avg loss_box=2.2666 loss_cls=3.2282 loss_dfl=0.0660 loss_total=341.9437
2026-08-06 18:20:41 INFO  scripts.synthetic_model_comparison.training.evaluation | evaluating on 4 batches
2026-08-06 18:20:47 INFO  scripts.synthetic_model_comparison.training.training_pipeline | epoch 19/200 — val mAP50=0.0678 mAP50_95=0.0231 (selection mAP50_95=0.0231)
2026-08-06 18:20:47 INFO  scripts.synthetic_model_comparison.training.evaluation | mlflow: logged val/mAP50=0.0678 val/mAP50_95=0.0231 (step=18)
2026-08-06 18:20:48 INFO  scripts.synthetic_model_comparison.training.evaluation | mlflow: logged val per-class AP table (12 classes)
2026-08-06 18:20:48 INFO  scripts.synthetic_model_comparison.training.training_pipeline | saved checkpoint: /home/debian/Master-Thesis/scripts/synthetic_model_comparison/training/model_exports/yolo26n-gpt-image-2-low-full-seed43-20260806-181451/best.pt
2026-08-06 18:20:48 INFO  scripts.synthetic_model_comparison.training.training_pipeline | new best mAP50_95=0.0231 at epoch 19
2026-08-06 18:20:48 INFO  scripts.synthetic_model_comparison.training.training_pipeline | saved checkpoint: /home/debian/Master-Thesis/scripts/synthetic_model_comparison/training/model_exports/yolo26n-gpt-image-2-low-full-seed43-20260806-181451/last.pt
2026-08-06 18:20:48 INFO  scripts.synthetic_model_comparison.training.training_pipeline | epoch 19/200 done — next lr=0.00983684, epochs_since_improve=0/20
2026-08-06 18:20:48 INFO  scripts.synthetic_model_comparison.training.training_pipeline | epoch 20/200 — train start (lr=0.00983684, batches=14)
2026-08-06 18:20:59 INFO  scripts.synthetic_model_comparison.training.training_pipeline | epoch 20/200 — train done in 11.0s | avg loss_box=2.2580 loss_cls=3.1490 loss_dfl=0.0661 loss_total=336.1398
2026-08-06 18:20:59 INFO  scripts.synthetic_model_comparison.training.evaluation | evaluating on 4 batches
2026-08-06 18:21:04 INFO  scripts.synthetic_model_comparison.training.training_pipeline | epoch 20/200 — val mAP50=0.0304 mAP50_95=0.0097 (selection mAP50_95=0.0097)
2026-08-06 18:21:05 INFO  scripts.synthetic_model_comparison.training.evaluation | mlflow: logged val/mAP50=0.0304 val/mAP50_95=0.0097 (step=19)
2026-08-06 18:21:05 INFO  scripts.synthetic_model_comparison.training.evaluation | mlflow: logged val per-class AP table (12 classes)
2026-08-06 18:21:06 INFO  scripts.synthetic_model_comparison.training.training_pipeline | saved checkpoint: /home/debian/Master-Thesis/scripts/synthetic_model_comparison/training/model_exports/yolo26n-gpt-image-2-low-full-seed43-20260806-181451/last.pt
2026-08-06 18:21:06 INFO  scripts.synthetic_model_comparison.training.training_pipeline | epoch 20/200 done — next lr=0.00981604, epochs_since_improve=1/20
2026-08-06 18:21:06 INFO  scripts.synthetic_model_comparison.training.training_pipeline | epoch 21/200 — train start (lr=0.00981604, batches=14)
2026-08-06 18:21:16 INFO  scripts.synthetic_model_comparison.training.training_pipeline | epoch 21/200 — train done in 10.5s | avg loss_box=2.1952 loss_cls=3.0714 loss_dfl=0.0631 loss_total=330.3731
2026-08-06 18:21:16 INFO  scripts.synthetic_model_comparison.training.evaluation | evaluating on 4 batches
2026-08-06 18:21:22 INFO  scripts.synthetic_model_comparison.training.training_pipeline | epoch 21/200 — val mAP50=0.0596 mAP50_95=0.0177 (selection mAP50_95=0.0177)
2026-08-06 18:21:22 INFO  scripts.synthetic_model_comparison.training.evaluation | mlflow: logged val/mAP50=0.0596 val/mAP50_95=0.0177 (step=20)
2026-08-06 18:21:23 INFO  scripts.synthetic_model_comparison.training.evaluation | mlflow: logged val per-class AP table (12 classes)
2026-08-06 18:21:23 INFO  scripts.synthetic_model_comparison.training.training_pipeline | saved checkpoint: /home/debian/Master-Thesis/scripts/synthetic_model_comparison/training/model_exports/yolo26n-gpt-image-2-low-full-seed43-20260806-181451/last.pt
2026-08-06 18:21:23 INFO  scripts.synthetic_model_comparison.training.training_pipeline | epoch 21/200 done — next lr=0.00979401, epochs_since_improve=2/20
2026-08-06 18:21:23 INFO  scripts.synthetic_model_comparison.training.training_pipeline | epoch 22/200 — train start (lr=0.00979401, batches=14)
2026-08-06 18:21:31 INFO  scripts.synthetic_model_comparison.training.training_pipeline | step 300 | loss_box=2.1288 loss_cls=2.9212 loss_dfl=0.0661 loss_total=310.9696 lr=0.00978254
2026-08-06 18:21:35 INFO  scripts.synthetic_model_comparison.training.training_pipeline | epoch 22/200 — train done in 12.2s | avg loss_box=2.2139 loss_cls=3.0100 loss_dfl=0.0650 loss_total=326.7944
2026-08-06 18:21:35 INFO  scripts.synthetic_model_comparison.training.evaluation | evaluating on 4 batches
2026-08-06 18:21:41 INFO  scripts.synthetic_model_comparison.training.training_pipeline | epoch 22/200 — val mAP50=0.1458 mAP50_95=0.0519 (selection mAP50_95=0.0519)
2026-08-06 18:21:42 INFO  scripts.synthetic_model_comparison.training.evaluation | mlflow: logged val/mAP50=0.1458 val/mAP50_95=0.0519 (step=21)
2026-08-06 18:21:42 INFO  scripts.synthetic_model_comparison.training.evaluation | mlflow: logged val per-class AP table (12 classes)
2026-08-06 18:21:42 INFO  scripts.synthetic_model_comparison.training.training_pipeline | saved checkpoint: /home/debian/Master-Thesis/scripts/synthetic_model_comparison/training/model_exports/yolo26n-gpt-image-2-low-full-seed43-20260806-181451/best.pt
2026-08-06 18:21:42 INFO  scripts.synthetic_model_comparison.training.training_pipeline | new best mAP50_95=0.0519 at epoch 22
2026-08-06 18:21:42 INFO  scripts.synthetic_model_comparison.training.training_pipeline | saved checkpoint: /home/debian/Master-Thesis/scripts/synthetic_model_comparison/training/model_exports/yolo26n-gpt-image-2-low-full-seed43-20260806-181451/last.pt
2026-08-06 18:21:42 INFO  scripts.synthetic_model_comparison.training.training_pipeline | epoch 22/200 done — next lr=0.00977076, epochs_since_improve=0/20
2026-08-06 18:21:42 INFO  scripts.synthetic_model_comparison.training.training_pipeline | epoch 23/200 — train start (lr=0.00977076, batches=14)
2026-08-06 18:21:54 INFO  scripts.synthetic_model_comparison.training.training_pipeline | epoch 23/200 — train done in 11.1s | avg loss_box=2.1219 loss_cls=2.9195 loss_dfl=0.0608 loss_total=315.3611
2026-08-06 18:21:54 INFO  scripts.synthetic_model_comparison.training.evaluation | evaluating on 4 batches
2026-08-06 18:21:59 INFO  scripts.synthetic_model_comparison.training.training_pipeline | epoch 23/200 — val mAP50=0.1966 mAP50_95=0.0768 (selection mAP50_95=0.0768)
2026-08-06 18:22:00 INFO  scripts.synthetic_model_comparison.training.evaluation | mlflow: logged val/mAP50=0.1966 val/mAP50_95=0.0768 (step=22)
2026-08-06 18:22:00 INFO  scripts.synthetic_model_comparison.training.evaluation | mlflow: logged val per-class AP table (12 classes)
2026-08-06 18:22:00 INFO  scripts.synthetic_model_comparison.training.training_pipeline | saved checkpoint: /home/debian/Master-Thesis/scripts/synthetic_model_comparison/training/model_exports/yolo26n-gpt-image-2-low-full-seed43-20260806-181451/best.pt
2026-08-06 18:22:00 INFO  scripts.synthetic_model_comparison.training.training_pipeline | new best mAP50_95=0.0768 at epoch 23
2026-08-06 18:22:00 INFO  scripts.synthetic_model_comparison.training.training_pipeline | saved checkpoint: /home/debian/Master-Thesis/scripts/synthetic_model_comparison/training/model_exports/yolo26n-gpt-image-2-low-full-seed43-20260806-181451/last.pt
2026-08-06 18:22:01 INFO  scripts.synthetic_model_comparison.training.training_pipeline | epoch 23/200 done — next lr=0.0097463, epochs_since_improve=0/20
2026-08-06 18:22:01 INFO  scripts.synthetic_model_comparison.training.training_pipeline | epoch 24/200 — train start (lr=0.0097463, batches=14)
2026-08-06 18:22:12 INFO  scripts.synthetic_model_comparison.training.training_pipeline | epoch 24/200 — train done in 11.0s | avg loss_box=2.1171 loss_cls=2.8919 loss_dfl=0.0612 loss_total=312.2276
2026-08-06 18:22:12 INFO  scripts.synthetic_model_comparison.training.evaluation | evaluating on 4 batches
2026-08-06 18:22:17 INFO  scripts.synthetic_model_comparison.training.training_pipeline | epoch 24/200 — val mAP50=0.0827 mAP50_95=0.0270 (selection mAP50_95=0.0270)
2026-08-06 18:22:18 INFO  scripts.synthetic_model_comparison.training.evaluation | mlflow: logged val/mAP50=0.0827 val/mAP50_95=0.0270 (step=23)
2026-08-06 18:22:18 INFO  scripts.synthetic_model_comparison.training.evaluation | mlflow: logged val per-class AP table (12 classes)
2026-08-06 18:22:18 INFO  scripts.synthetic_model_comparison.training.training_pipeline | saved checkpoint: /home/debian/Master-Thesis/scripts/synthetic_model_comparison/training/model_exports/yolo26n-gpt-image-2-low-full-seed43-20260806-181451/last.pt
2026-08-06 18:22:18 INFO  scripts.synthetic_model_comparison.training.training_pipeline | epoch 24/200 done — next lr=0.00972064, epochs_since_improve=1/20
2026-08-06 18:22:18 INFO  scripts.synthetic_model_comparison.training.training_pipeline | epoch 25/200 — train start (lr=0.00972064, batches=14)
2026-08-06 18:22:30 INFO  scripts.synthetic_model_comparison.training.training_pipeline | epoch 25/200 — train done in 11.0s | avg loss_box=2.0692 loss_cls=2.8113 loss_dfl=0.0589 loss_total=305.4141
2026-08-06 18:22:30 INFO  scripts.synthetic_model_comparison.training.evaluation | evaluating on 4 batches
2026-08-06 18:22:35 INFO  scripts.synthetic_model_comparison.training.training_pipeline | epoch 25/200 — val mAP50=0.0891 mAP50_95=0.0336 (selection mAP50_95=0.0336)
2026-08-06 18:22:36 INFO  scripts.synthetic_model_comparison.training.evaluation | mlflow: logged val/mAP50=0.0891 val/mAP50_95=0.0336 (step=24)
2026-08-06 18:22:36 INFO  scripts.synthetic_model_comparison.training.evaluation | mlflow: logged val per-class AP table (12 classes)
2026-08-06 18:22:36 INFO  scripts.synthetic_model_comparison.training.training_pipeline | saved checkpoint: /home/debian/Master-Thesis/scripts/synthetic_model_comparison/training/model_exports/yolo26n-gpt-image-2-low-full-seed43-20260806-181451/last.pt
2026-08-06 18:22:36 INFO  scripts.synthetic_model_comparison.training.training_pipeline | epoch 25/200 done — next lr=0.00969377, epochs_since_improve=2/20
2026-08-06 18:22:36 INFO  scripts.synthetic_model_comparison.training.training_pipeline | epoch 26/200 — train start (lr=0.00969377, batches=14)
2026-08-06 18:22:41 INFO  scripts.synthetic_model_comparison.training.training_pipeline | step 350 | loss_box=2.1018 loss_cls=2.6785 loss_dfl=0.0644 loss_total=299.6204 lr=0.00969181
2026-08-06 18:22:48 INFO  scripts.synthetic_model_comparison.training.training_pipeline | epoch 26/200 — train done in 11.9s | avg loss_box=2.0733 loss_cls=2.8132 loss_dfl=0.0583 loss_total=305.2468
2026-08-06 18:22:48 INFO  scripts.synthetic_model_comparison.training.evaluation | evaluating on 4 batches
2026-08-06 18:22:54 INFO  scripts.synthetic_model_comparison.training.training_pipeline | epoch 26/200 — val mAP50=0.1201 mAP50_95=0.0472 (selection mAP50_95=0.0472)
2026-08-06 18:22:55 INFO  scripts.synthetic_model_comparison.training.evaluation | mlflow: logged val/mAP50=0.1201 val/mAP50_95=0.0472 (step=25)
2026-08-06 18:22:55 INFO  scripts.synthetic_model_comparison.training.evaluation | mlflow: logged val per-class AP table (12 classes)
2026-08-06 18:22:55 INFO  scripts.synthetic_model_comparison.training.training_pipeline | saved checkpoint: /home/debian/Master-Thesis/scripts/synthetic_model_comparison/training/model_exports/yolo26n-gpt-image-2-low-full-seed43-20260806-181451/last.pt
2026-08-06 18:22:55 INFO  scripts.synthetic_model_comparison.training.training_pipeline | epoch 26/200 done — next lr=0.00966571, epochs_since_improve=3/20
2026-08-06 18:22:55 INFO  scripts.synthetic_model_comparison.training.training_pipeline | epoch 27/200 — train start (lr=0.00966571, batches=14)
2026-08-06 18:23:06 INFO  scripts.synthetic_model_comparison.training.training_pipeline | epoch 27/200 — train done in 11.0s | avg loss_box=2.0180 loss_cls=2.6891 loss_dfl=0.0575 loss_total=294.5120
2026-08-06 18:23:06 INFO  scripts.synthetic_model_comparison.training.evaluation | evaluating on 4 batches
2026-08-06 18:23:12 INFO  scripts.synthetic_model_comparison.training.training_pipeline | epoch 27/200 — val mAP50=0.2038 mAP50_95=0.0800 (selection mAP50_95=0.0800)
2026-08-06 18:23:13 INFO  scripts.synthetic_model_comparison.training.evaluation | mlflow: logged val/mAP50=0.2038 val/mAP50_95=0.0800 (step=26)
2026-08-06 18:23:13 INFO  scripts.synthetic_model_comparison.training.evaluation | mlflow: logged val per-class AP table (12 classes)
2026-08-06 18:23:13 INFO  scripts.synthetic_model_comparison.training.training_pipeline | saved checkpoint: /home/debian/Master-Thesis/scripts/synthetic_model_comparison/training/model_exports/yolo26n-gpt-image-2-low-full-seed43-20260806-181451/best.pt
2026-08-06 18:23:13 INFO  scripts.synthetic_model_comparison.training.training_pipeline | new best mAP50_95=0.0800 at epoch 27
2026-08-06 18:23:13 INFO  scripts.synthetic_model_comparison.training.training_pipeline | saved checkpoint: /home/debian/Master-Thesis/scripts/synthetic_model_comparison/training/model_exports/yolo26n-gpt-image-2-low-full-seed43-20260806-181451/last.pt
2026-08-06 18:23:13 INFO  scripts.synthetic_model_comparison.training.training_pipeline | epoch 27/200 done — next lr=0.00963647, epochs_since_improve=0/20
2026-08-06 18:23:13 INFO  scripts.synthetic_model_comparison.training.training_pipeline | epoch 28/200 — train start (lr=0.00963647, batches=14)
2026-08-06 18:23:24 INFO  scripts.synthetic_model_comparison.training.training_pipeline | epoch 28/200 — train done in 10.9s | avg loss_box=1.9964 loss_cls=2.6691 loss_dfl=0.0564 loss_total=291.7434
2026-08-06 18:23:24 INFO  scripts.synthetic_model_comparison.training.evaluation | evaluating on 4 batches
2026-08-06 18:23:30 INFO  scripts.synthetic_model_comparison.training.training_pipeline | epoch 28/200 — val mAP50=0.1369 mAP50_95=0.0446 (selection mAP50_95=0.0446)
2026-08-06 18:23:31 INFO  scripts.synthetic_model_comparison.training.evaluation | mlflow: logged val/mAP50=0.1369 val/mAP50_95=0.0446 (step=27)
2026-08-06 18:23:31 INFO  scripts.synthetic_model_comparison.training.evaluation | mlflow: logged val per-class AP table (12 classes)
2026-08-06 18:23:31 INFO  scripts.synthetic_model_comparison.training.training_pipeline | saved checkpoint: /home/debian/Master-Thesis/scripts/synthetic_model_comparison/training/model_exports/yolo26n-gpt-image-2-low-full-seed43-20260806-181451/last.pt
2026-08-06 18:23:31 INFO  scripts.synthetic_model_comparison.training.training_pipeline | epoch 28/200 done — next lr=0.00960605, epochs_since_improve=1/20
2026-08-06 18:23:31 INFO  scripts.synthetic_model_comparison.training.training_pipeline | epoch 29/200 — train start (lr=0.00960605, batches=14)
2026-08-06 18:23:41 INFO  scripts.synthetic_model_comparison.training.training_pipeline | step 400 | loss_box=1.8416 loss_cls=2.5300 loss_dfl=0.0570 loss_total=270.1160 lr=0.00958588
2026-08-06 18:23:44 INFO  scripts.synthetic_model_comparison.training.training_pipeline | epoch 29/200 — train done in 12.8s | avg loss_box=1.9866 loss_cls=2.5987 loss_dfl=0.0572 loss_total=284.6607
2026-08-06 18:23:44 INFO  scripts.synthetic_model_comparison.training.evaluation | evaluating on 4 batches
2026-08-06 18:23:50 INFO  scripts.synthetic_model_comparison.training.training_pipeline | epoch 29/200 — val mAP50=0.2816 mAP50_95=0.1161 (selection mAP50_95=0.1161)
2026-08-06 18:23:50 INFO  scripts.synthetic_model_comparison.training.evaluation | mlflow: logged val/mAP50=0.2816 val/mAP50_95=0.1161 (step=28)
2026-08-06 18:23:51 INFO  scripts.synthetic_model_comparison.training.evaluation | mlflow: logged val per-class AP table (12 classes)
2026-08-06 18:23:51 INFO  scripts.synthetic_model_comparison.training.training_pipeline | saved checkpoint: /home/debian/Master-Thesis/scripts/synthetic_model_comparison/training/model_exports/yolo26n-gpt-image-2-low-full-seed43-20260806-181451/best.pt
2026-08-06 18:23:51 INFO  scripts.synthetic_model_comparison.training.training_pipeline | new best mAP50_95=0.1161 at epoch 29
2026-08-06 18:23:51 INFO  scripts.synthetic_model_comparison.training.training_pipeline | saved checkpoint: /home/debian/Master-Thesis/scripts/synthetic_model_comparison/training/model_exports/yolo26n-gpt-image-2-low-full-seed43-20260806-181451/last.pt
2026-08-06 18:23:51 INFO  scripts.synthetic_model_comparison.training.training_pipeline | epoch 29/200 done — next lr=0.00957446, epochs_since_improve=0/20
2026-08-06 18:23:51 INFO  scripts.synthetic_model_comparison.training.training_pipeline | epoch 30/200 — train start (lr=0.00957446, batches=14)
2026-08-06 18:24:02 INFO  scripts.synthetic_model_comparison.training.training_pipeline | epoch 30/200 — train done in 11.1s | avg loss_box=1.9597 loss_cls=2.5484 loss_dfl=0.0549 loss_total=281.6091
2026-08-06 18:24:02 INFO  scripts.synthetic_model_comparison.training.evaluation | evaluating on 4 batches
2026-08-06 18:24:08 INFO  scripts.synthetic_model_comparison.training.training_pipeline | epoch 30/200 — val mAP50=0.2436 mAP50_95=0.0979 (selection mAP50_95=0.0979)
2026-08-06 18:24:09 INFO  scripts.synthetic_model_comparison.training.evaluation | mlflow: logged val/mAP50=0.2436 val/mAP50_95=0.0979 (step=29)
2026-08-06 18:24:09 INFO  scripts.synthetic_model_comparison.training.evaluation | mlflow: logged val per-class AP table (12 classes)
2026-08-06 18:24:09 INFO  scripts.synthetic_model_comparison.training.training_pipeline | saved checkpoint: /home/debian/Master-Thesis/scripts/synthetic_model_comparison/training/model_exports/yolo26n-gpt-image-2-low-full-seed43-20260806-181451/last.pt
2026-08-06 18:24:10 INFO  scripts.synthetic_model_comparison.training.training_pipeline | epoch 30/200 done — next lr=0.00954171, epochs_since_improve=1/20
2026-08-06 18:24:10 INFO  scripts.synthetic_model_comparison.training.training_pipeline | epoch 31/200 — train start (lr=0.00954171, batches=14)
2026-08-06 18:24:21 INFO  scripts.synthetic_model_comparison.training.training_pipeline | epoch 31/200 — train done in 11.2s | avg loss_box=1.9398 loss_cls=2.4350 loss_dfl=0.0547 loss_total=274.4532
2026-08-06 18:24:21 INFO  scripts.synthetic_model_comparison.training.evaluation | evaluating on 4 batches
2026-08-06 18:24:26 INFO  scripts.synthetic_model_comparison.training.training_pipeline | epoch 31/200 — val mAP50=0.2826 mAP50_95=0.1183 (selection mAP50_95=0.1183)
2026-08-06 18:24:27 INFO  scripts.synthetic_model_comparison.training.evaluation | mlflow: logged val/mAP50=0.2826 val/mAP50_95=0.1183 (step=30)
2026-08-06 18:24:27 INFO  scripts.synthetic_model_comparison.training.evaluation | mlflow: logged val per-class AP table (12 classes)
2026-08-06 18:24:28 INFO  scripts.synthetic_model_comparison.training.training_pipeline | saved checkpoint: /home/debian/Master-Thesis/scripts/synthetic_model_comparison/training/model_exports/yolo26n-gpt-image-2-low-full-seed43-20260806-181451/best.pt
2026-08-06 18:24:28 INFO  scripts.synthetic_model_comparison.training.training_pipeline | new best mAP50_95=0.1183 at epoch 31
2026-08-06 18:24:28 INFO  scripts.synthetic_model_comparison.training.training_pipeline | saved checkpoint: /home/debian/Master-Thesis/scripts/synthetic_model_comparison/training/model_exports/yolo26n-gpt-image-2-low-full-seed43-20260806-181451/last.pt
2026-08-06 18:24:28 INFO  scripts.synthetic_model_comparison.training.training_pipeline | epoch 31/200 done — next lr=0.00950781, epochs_since_improve=0/20
2026-08-06 18:24:28 INFO  scripts.synthetic_model_comparison.training.training_pipeline | epoch 32/200 — train start (lr=0.00950781, batches=14)
2026-08-06 18:24:39 INFO  scripts.synthetic_model_comparison.training.training_pipeline | epoch 32/200 — train done in 11.2s | avg loss_box=1.9189 loss_cls=2.4280 loss_dfl=0.0532 loss_total=270.3393
2026-08-06 18:24:39 INFO  scripts.synthetic_model_comparison.training.evaluation | evaluating on 4 batches
2026-08-06 18:24:45 INFO  scripts.synthetic_model_comparison.training.training_pipeline | epoch 32/200 — val mAP50=0.3067 mAP50_95=0.1286 (selection mAP50_95=0.1286)
2026-08-06 18:24:45 INFO  scripts.synthetic_model_comparison.training.evaluation | mlflow: logged val/mAP50=0.3067 val/mAP50_95=0.1286 (step=31)
2026-08-06 18:24:46 INFO  scripts.synthetic_model_comparison.training.evaluation | mlflow: logged val per-class AP table (12 classes)
2026-08-06 18:24:46 INFO  scripts.synthetic_model_comparison.training.training_pipeline | saved checkpoint: /home/debian/Master-Thesis/scripts/synthetic_model_comparison/training/model_exports/yolo26n-gpt-image-2-low-full-seed43-20260806-181451/best.pt
2026-08-06 18:24:46 INFO  scripts.synthetic_model_comparison.training.training_pipeline | new best mAP50_95=0.1286 at epoch 32
2026-08-06 18:24:46 INFO  scripts.synthetic_model_comparison.training.training_pipeline | saved checkpoint: /home/debian/Master-Thesis/scripts/synthetic_model_comparison/training/model_exports/yolo26n-gpt-image-2-low-full-seed43-20260806-181451/last.pt
2026-08-06 18:24:46 INFO  scripts.synthetic_model_comparison.training.training_pipeline | epoch 32/200 done — next lr=0.00947275, epochs_since_improve=0/20
2026-08-06 18:24:46 INFO  scripts.synthetic_model_comparison.training.training_pipeline | epoch 33/200 — train start (lr=0.00947275, batches=14)
2026-08-06 18:24:53 INFO  scripts.synthetic_model_comparison.training.training_pipeline | step 450 | loss_box=1.8337 loss_cls=2.2333 loss_dfl=0.0554 loss_total=247.4472 lr=0.0094651
2026-08-06 18:24:59 INFO  scripts.synthetic_model_comparison.training.training_pipeline | epoch 33/200 — train done in 12.3s | avg loss_box=1.9230 loss_cls=2.3158 loss_dfl=0.0544 loss_total=265.3844
2026-08-06 18:24:59 INFO  scripts.synthetic_model_comparison.training.evaluation | evaluating on 4 batches
2026-08-06 18:25:04 INFO  scripts.synthetic_model_comparison.training.training_pipeline | epoch 33/200 — val mAP50=0.3147 mAP50_95=0.1292 (selection mAP50_95=0.1292)
2026-08-06 18:25:05 INFO  scripts.synthetic_model_comparison.training.evaluation | mlflow: logged val/mAP50=0.3147 val/mAP50_95=0.1292 (step=32)
2026-08-06 18:25:05 INFO  scripts.synthetic_model_comparison.training.evaluation | mlflow: logged val per-class AP table (12 classes)
2026-08-06 18:25:05 INFO  scripts.synthetic_model_comparison.training.training_pipeline | saved checkpoint: /home/debian/Master-Thesis/scripts/synthetic_model_comparison/training/model_exports/yolo26n-gpt-image-2-low-full-seed43-20260806-181451/last.pt
2026-08-06 18:25:06 INFO  scripts.synthetic_model_comparison.training.training_pipeline | epoch 33/200 done — next lr=0.00943657, epochs_since_improve=1/20
2026-08-06 18:25:06 INFO  scripts.synthetic_model_comparison.training.training_pipeline | epoch 34/200 — train start (lr=0.00943657, batches=14)
2026-08-06 18:25:17 INFO  scripts.synthetic_model_comparison.training.training_pipeline | epoch 34/200 — train done in 11.0s | avg loss_box=1.8796 loss_cls=2.3261 loss_dfl=0.0537 loss_total=260.3205
2026-08-06 18:25:17 INFO  scripts.synthetic_model_comparison.training.evaluation | evaluating on 4 batches
2026-08-06 18:25:22 INFO  scripts.synthetic_model_comparison.training.training_pipeline | epoch 34/200 — val mAP50=0.3099 mAP50_95=0.1115 (selection mAP50_95=0.1115)
2026-08-06 18:25:23 INFO  scripts.synthetic_model_comparison.training.evaluation | mlflow: logged val/mAP50=0.3099 val/mAP50_95=0.1115 (step=33)
2026-08-06 18:25:23 INFO  scripts.synthetic_model_comparison.training.evaluation | mlflow: logged val per-class AP table (12 classes)
2026-08-06 18:25:23 INFO  scripts.synthetic_model_comparison.training.training_pipeline | saved checkpoint: /home/debian/Master-Thesis/scripts/synthetic_model_comparison/training/model_exports/yolo26n-gpt-image-2-low-full-seed43-20260806-181451/last.pt
2026-08-06 18:25:24 INFO  scripts.synthetic_model_comparison.training.training_pipeline | epoch 34/200 done — next lr=0.00939925, epochs_since_improve=2/20
2026-08-06 18:25:24 INFO  scripts.synthetic_model_comparison.training.training_pipeline | epoch 35/200 — train start (lr=0.00939925, batches=14)
2026-08-06 18:25:35 INFO  scripts.synthetic_model_comparison.training.training_pipeline | epoch 35/200 — train done in 11.1s | avg loss_box=1.8755 loss_cls=2.2784 loss_dfl=0.0520 loss_total=258.0005
2026-08-06 18:25:35 INFO  scripts.synthetic_model_comparison.training.evaluation | evaluating on 4 batches
2026-08-06 18:25:41 INFO  scripts.synthetic_model_comparison.training.training_pipeline | epoch 35/200 — val mAP50=0.3614 mAP50_95=0.1590 (selection mAP50_95=0.1590)
2026-08-06 18:25:41 INFO  scripts.synthetic_model_comparison.training.evaluation | mlflow: logged val/mAP50=0.3614 val/mAP50_95=0.1590 (step=34)
2026-08-06 18:25:42 INFO  scripts.synthetic_model_comparison.training.evaluation | mlflow: logged val per-class AP table (12 classes)
2026-08-06 18:25:42 INFO  scripts.synthetic_model_comparison.training.training_pipeline | saved checkpoint: /home/debian/Master-Thesis/scripts/synthetic_model_comparison/training/model_exports/yolo26n-gpt-image-2-low-full-seed43-20260806-181451/best.pt
2026-08-06 18:25:42 INFO  scripts.synthetic_model_comparison.training.training_pipeline | new best mAP50_95=0.1590 at epoch 35
2026-08-06 18:25:42 INFO  scripts.synthetic_model_comparison.training.training_pipeline | saved checkpoint: /home/debian/Master-Thesis/scripts/synthetic_model_comparison/training/model_exports/yolo26n-gpt-image-2-low-full-seed43-20260806-181451/last.pt
2026-08-06 18:25:42 INFO  scripts.synthetic_model_comparison.training.training_pipeline | epoch 35/200 done — next lr=0.00936082, epochs_since_improve=0/20
2026-08-06 18:25:42 INFO  scripts.synthetic_model_comparison.training.training_pipeline | epoch 36/200 — train start (lr=0.00936082, batches=14)
2026-08-06 18:25:52 INFO  scripts.synthetic_model_comparison.training.training_pipeline | step 500 | loss_box=1.9381 loss_cls=2.2707 loss_dfl=0.0511 loss_total=266.1303 lr=0.00932985
2026-08-06 18:25:55 INFO  scripts.synthetic_model_comparison.training.training_pipeline | epoch 36/200 — train done in 12.4s | avg loss_box=1.8006 loss_cls=2.2124 loss_dfl=0.0488 loss_total=251.1495
2026-08-06 18:25:55 INFO  scripts.synthetic_model_comparison.training.evaluation | evaluating on 4 batches
2026-08-06 18:26:00 INFO  scripts.synthetic_model_comparison.training.training_pipeline | epoch 36/200 — val mAP50=0.3583 mAP50_95=0.1629 (selection mAP50_95=0.1629)
2026-08-06 18:26:01 INFO  scripts.synthetic_model_comparison.training.evaluation | mlflow: logged val/mAP50=0.3583 val/mAP50_95=0.1629 (step=35)
2026-08-06 18:26:01 INFO  scripts.synthetic_model_comparison.training.evaluation | mlflow: logged val per-class AP table (12 classes)
2026-08-06 18:26:01 INFO  scripts.synthetic_model_comparison.training.training_pipeline | saved checkpoint: /home/debian/Master-Thesis/scripts/synthetic_model_comparison/training/model_exports/yolo26n-gpt-image-2-low-full-seed43-20260806-181451/best.pt
2026-08-06 18:26:01 INFO  scripts.synthetic_model_comparison.training.training_pipeline | new best mAP50_95=0.1629 at epoch 36
2026-08-06 18:26:01 INFO  scripts.synthetic_model_comparison.training.training_pipeline | saved checkpoint: /home/debian/Master-Thesis/scripts/synthetic_model_comparison/training/model_exports/yolo26n-gpt-image-2-low-full-seed43-20260806-181451/last.pt
2026-08-06 18:26:02 INFO  scripts.synthetic_model_comparison.training.training_pipeline | epoch 36/200 done — next lr=0.00932128, epochs_since_improve=0/20
2026-08-06 18:26:02 INFO  scripts.synthetic_model_comparison.training.training_pipeline | epoch 37/200 — train start (lr=0.00932128, batches=14)
2026-08-06 18:26:13 INFO  scripts.synthetic_model_comparison.training.training_pipeline | epoch 37/200 — train done in 11.1s | avg loss_box=1.8373 loss_cls=2.1912 loss_dfl=0.0516 loss_total=249.9024
2026-08-06 18:26:13 INFO  scripts.synthetic_model_comparison.training.evaluation | evaluating on 4 batches
2026-08-06 18:26:18 INFO  scripts.synthetic_model_comparison.training.training_pipeline | epoch 37/200 — val mAP50=0.3369 mAP50_95=0.1531 (selection mAP50_95=0.1531)
2026-08-06 18:26:19 INFO  scripts.synthetic_model_comparison.training.evaluation | mlflow: logged val/mAP50=0.3369 val/mAP50_95=0.1531 (step=36)
2026-08-06 18:26:19 INFO  scripts.synthetic_model_comparison.training.evaluation | mlflow: logged val per-class AP table (12 classes)
2026-08-06 18:26:20 INFO  scripts.synthetic_model_comparison.training.training_pipeline | saved checkpoint: /home/debian/Master-Thesis/scripts/synthetic_model_comparison/training/model_exports/yolo26n-gpt-image-2-low-full-seed43-20260806-181451/last.pt
2026-08-06 18:26:20 INFO  scripts.synthetic_model_comparison.training.training_pipeline | epoch 37/200 done — next lr=0.00928065, epochs_since_improve=1/20
2026-08-06 18:26:20 INFO  scripts.synthetic_model_comparison.training.training_pipeline | epoch 38/200 — train start (lr=0.00928065, batches=14)
2026-08-06 18:26:31 INFO  scripts.synthetic_model_comparison.training.training_pipeline | epoch 38/200 — train done in 10.7s | avg loss_box=1.8021 loss_cls=2.0968 loss_dfl=0.0505 loss_total=241.9135
2026-08-06 18:26:31 INFO  scripts.synthetic_model_comparison.training.evaluation | evaluating on 4 batches
2026-08-06 18:26:36 INFO  scripts.synthetic_model_comparison.training.training_pipeline | epoch 38/200 — val mAP50=0.2342 mAP50_95=0.0822 (selection mAP50_95=0.0822)
2026-08-06 18:26:37 INFO  scripts.synthetic_model_comparison.training.evaluation | mlflow: logged val/mAP50=0.2342 val/mAP50_95=0.0822 (step=37)
2026-08-06 18:26:37 INFO  scripts.synthetic_model_comparison.training.evaluation | mlflow: logged val per-class AP table (12 classes)
2026-08-06 18:26:37 INFO  scripts.synthetic_model_comparison.training.training_pipeline | saved checkpoint: /home/debian/Master-Thesis/scripts/synthetic_model_comparison/training/model_exports/yolo26n-gpt-image-2-low-full-seed43-20260806-181451/last.pt
2026-08-06 18:26:38 INFO  scripts.synthetic_model_comparison.training.training_pipeline | epoch 38/200 done — next lr=0.00923892, epochs_since_improve=2/20
2026-08-06 18:26:38 INFO  scripts.synthetic_model_comparison.training.training_pipeline | epoch 39/200 — train start (lr=0.00923892, batches=14)
2026-08-06 18:26:49 INFO  scripts.synthetic_model_comparison.training.training_pipeline | epoch 39/200 — train done in 11.5s | avg loss_box=1.7619 loss_cls=2.0751 loss_dfl=0.0493 loss_total=237.4403
2026-08-06 18:26:49 INFO  scripts.synthetic_model_comparison.training.evaluation | evaluating on 4 batches
2026-08-06 18:26:55 INFO  scripts.synthetic_model_comparison.training.training_pipeline | epoch 39/200 — val mAP50=0.3294 mAP50_95=0.1309 (selection mAP50_95=0.1309)
2026-08-06 18:26:56 INFO  scripts.synthetic_model_comparison.training.evaluation | mlflow: logged val/mAP50=0.3294 val/mAP50_95=0.1309 (step=38)
2026-08-06 18:26:56 INFO  scripts.synthetic_model_comparison.training.evaluation | mlflow: logged val per-class AP table (12 classes)
2026-08-06 18:26:56 INFO  scripts.synthetic_model_comparison.training.training_pipeline | saved checkpoint: /home/debian/Master-Thesis/scripts/synthetic_model_comparison/training/model_exports/yolo26n-gpt-image-2-low-full-seed43-20260806-181451/last.pt
2026-08-06 18:26:56 INFO  scripts.synthetic_model_comparison.training.training_pipeline | epoch 39/200 done — next lr=0.00919612, epochs_since_improve=3/20
2026-08-06 18:26:56 INFO  scripts.synthetic_model_comparison.training.training_pipeline | epoch 40/200 — train start (lr=0.00919612, batches=14)
2026-08-06 18:27:04 INFO  scripts.synthetic_model_comparison.training.training_pipeline | step 550 | loss_box=1.7198 loss_cls=2.0268 loss_dfl=0.0458 loss_total=233.8326 lr=0.00918058
2026-08-06 18:27:09 INFO  scripts.synthetic_model_comparison.training.training_pipeline | epoch 40/200 — train done in 13.0s | avg loss_box=1.7729 loss_cls=2.0186 loss_dfl=0.0477 loss_total=234.0460
2026-08-06 18:27:09 INFO  scripts.synthetic_model_comparison.training.evaluation | evaluating on 4 batches
2026-08-06 18:27:15 INFO  scripts.synthetic_model_comparison.training.training_pipeline | epoch 40/200 — val mAP50=0.2994 mAP50_95=0.1220 (selection mAP50_95=0.1220)
2026-08-06 18:27:15 INFO  scripts.synthetic_model_comparison.training.evaluation | mlflow: logged val/mAP50=0.2994 val/mAP50_95=0.1220 (step=39)
2026-08-06 18:27:16 INFO  scripts.synthetic_model_comparison.training.evaluation | mlflow: logged val per-class AP table (12 classes)
2026-08-06 18:27:16 INFO  scripts.synthetic_model_comparison.training.training_pipeline | saved checkpoint: /home/debian/Master-Thesis/scripts/synthetic_model_comparison/training/model_exports/yolo26n-gpt-image-2-low-full-seed43-20260806-181451/last.pt
2026-08-06 18:27:16 INFO  scripts.synthetic_model_comparison.training.training_pipeline | epoch 40/200 done — next lr=0.00915225, epochs_since_improve=4/20
2026-08-06 18:27:16 INFO  scripts.synthetic_model_comparison.training.training_pipeline | epoch 41/200 — train start (lr=0.00915225, batches=14)
2026-08-06 18:27:28 INFO  scripts.synthetic_model_comparison.training.training_pipeline | epoch 41/200 — train done in 11.4s | avg loss_box=1.7599 loss_cls=1.9666 loss_dfl=0.0490 loss_total=230.3604
2026-08-06 18:27:28 INFO  scripts.synthetic_model_comparison.training.evaluation | evaluating on 4 batches
2026-08-06 18:27:33 INFO  scripts.synthetic_model_comparison.training.training_pipeline | epoch 41/200 — val mAP50=0.2726 mAP50_95=0.1037 (selection mAP50_95=0.1037)
2026-08-06 18:27:34 INFO  scripts.synthetic_model_comparison.training.evaluation | mlflow: logged val/mAP50=0.2726 val/mAP50_95=0.1037 (step=40)
2026-08-06 18:27:34 INFO  scripts.synthetic_model_comparison.training.evaluation | mlflow: logged val per-class AP table (12 classes)
2026-08-06 18:27:34 INFO  scripts.synthetic_model_comparison.training.training_pipeline | saved checkpoint: /home/debian/Master-Thesis/scripts/synthetic_model_comparison/training/model_exports/yolo26n-gpt-image-2-low-full-seed43-20260806-181451/last.pt
2026-08-06 18:27:35 INFO  scripts.synthetic_model_comparison.training.training_pipeline | epoch 41/200 done — next lr=0.00910733, epochs_since_improve=5/20
2026-08-06 18:27:35 INFO  scripts.synthetic_model_comparison.training.training_pipeline | epoch 42/200 — train start (lr=0.00910733, batches=14)
2026-08-06 18:27:46 INFO  scripts.synthetic_model_comparison.training.training_pipeline | epoch 42/200 — train done in 11.2s | avg loss_box=1.7964 loss_cls=1.9490 loss_dfl=0.0500 loss_total=230.7632
2026-08-06 18:27:46 INFO  scripts.synthetic_model_comparison.training.evaluation | evaluating on 4 batches
2026-08-06 18:27:52 INFO  scripts.synthetic_model_comparison.training.training_pipeline | epoch 42/200 — val mAP50=0.3704 mAP50_95=0.1655 (selection mAP50_95=0.1655)
2026-08-06 18:27:52 INFO  scripts.synthetic_model_comparison.training.evaluation | mlflow: logged val/mAP50=0.3704 val/mAP50_95=0.1655 (step=41)
2026-08-06 18:27:53 INFO  scripts.synthetic_model_comparison.training.evaluation | mlflow: logged val per-class AP table (12 classes)
2026-08-06 18:27:53 INFO  scripts.synthetic_model_comparison.training.training_pipeline | saved checkpoint: /home/debian/Master-Thesis/scripts/synthetic_model_comparison/training/model_exports/yolo26n-gpt-image-2-low-full-seed43-20260806-181451/best.pt
2026-08-06 18:27:53 INFO  scripts.synthetic_model_comparison.training.training_pipeline | new best mAP50_95=0.1655 at epoch 42
2026-08-06 18:27:53 INFO  scripts.synthetic_model_comparison.training.training_pipeline | saved checkpoint: /home/debian/Master-Thesis/scripts/synthetic_model_comparison/training/model_exports/yolo26n-gpt-image-2-low-full-seed43-20260806-181451/last.pt
2026-08-06 18:27:53 INFO  scripts.synthetic_model_comparison.training.training_pipeline | epoch 42/200 done — next lr=0.00906137, epochs_since_improve=0/20
2026-08-06 18:27:53 INFO  scripts.synthetic_model_comparison.training.training_pipeline | epoch 43/200 — train start (lr=0.00906137, batches=14)
2026-08-06 18:28:04 INFO  scripts.synthetic_model_comparison.training.training_pipeline | step 600 | loss_box=1.6971 loss_cls=1.8666 loss_dfl=0.0448 loss_total=217.9914 lr=0.00901776
2026-08-06 18:28:06 INFO  scripts.synthetic_model_comparison.training.training_pipeline | epoch 43/200 — train done in 12.7s | avg loss_box=1.7485 loss_cls=1.9408 loss_dfl=0.0480 loss_total=226.7389
2026-08-06 18:28:06 INFO  scripts.synthetic_model_comparison.training.evaluation | evaluating on 4 batches
2026-08-06 18:28:12 INFO  scripts.synthetic_model_comparison.training.training_pipeline | epoch 43/200 — val mAP50=0.4342 mAP50_95=0.2134 (selection mAP50_95=0.2134)
2026-08-06 18:28:12 INFO  scripts.synthetic_model_comparison.training.evaluation | mlflow: logged val/mAP50=0.4342 val/mAP50_95=0.2134 (step=42)
2026-08-06 18:28:13 INFO  scripts.synthetic_model_comparison.training.evaluation | mlflow: logged val per-class AP table (12 classes)
2026-08-06 18:28:13 INFO  scripts.synthetic_model_comparison.training.training_pipeline | saved checkpoint: /home/debian/Master-Thesis/scripts/synthetic_model_comparison/training/model_exports/yolo26n-gpt-image-2-low-full-seed43-20260806-181451/best.pt
2026-08-06 18:28:13 INFO  scripts.synthetic_model_comparison.training.training_pipeline | new best mAP50_95=0.2134 at epoch 43
2026-08-06 18:28:13 INFO  scripts.synthetic_model_comparison.training.training_pipeline | saved checkpoint: /home/debian/Master-Thesis/scripts/synthetic_model_comparison/training/model_exports/yolo26n-gpt-image-2-low-full-seed43-20260806-181451/last.pt
2026-08-06 18:28:13 INFO  scripts.synthetic_model_comparison.training.training_pipeline | epoch 43/200 done — next lr=0.00901437, epochs_since_improve=0/20
2026-08-06 18:28:13 INFO  scripts.synthetic_model_comparison.training.training_pipeline | epoch 44/200 — train start (lr=0.00901437, batches=14)
2026-08-06 18:28:24 INFO  scripts.synthetic_model_comparison.training.training_pipeline | epoch 44/200 — train done in 11.0s | avg loss_box=1.6927 loss_cls=1.9620 loss_dfl=0.0470 loss_total=224.5240
2026-08-06 18:28:24 INFO  scripts.synthetic_model_comparison.training.evaluation | evaluating on 4 batches
2026-08-06 18:28:30 INFO  scripts.synthetic_model_comparison.training.training_pipeline | epoch 44/200 — val mAP50=0.4743 mAP50_95=0.2432 (selection mAP50_95=0.2432)
2026-08-06 18:28:30 INFO  scripts.synthetic_model_comparison.training.evaluation | mlflow: logged val/mAP50=0.4743 val/mAP50_95=0.2432 (step=43)
2026-08-06 18:28:31 INFO  scripts.synthetic_model_comparison.training.evaluation | mlflow: logged val per-class AP table (12 classes)
2026-08-06 18:28:31 INFO  scripts.synthetic_model_comparison.training.training_pipeline | saved checkpoint: /home/debian/Master-Thesis/scripts/synthetic_model_comparison/training/model_exports/yolo26n-gpt-image-2-low-full-seed43-20260806-181451/best.pt
2026-08-06 18:28:31 INFO  scripts.synthetic_model_comparison.training.training_pipeline | new best mAP50_95=0.2432 at epoch 44
2026-08-06 18:28:31 INFO  scripts.synthetic_model_comparison.training.training_pipeline | saved checkpoint: /home/debian/Master-Thesis/scripts/synthetic_model_comparison/training/model_exports/yolo26n-gpt-image-2-low-full-seed43-20260806-181451/last.pt
2026-08-06 18:28:31 INFO  scripts.synthetic_model_comparison.training.training_pipeline | epoch 44/200 done — next lr=0.00896636, epochs_since_improve=0/20
2026-08-06 18:28:31 INFO  scripts.synthetic_model_comparison.training.training_pipeline | epoch 45/200 — train start (lr=0.00896636, batches=14)
2026-08-06 18:28:42 INFO  scripts.synthetic_model_comparison.training.training_pipeline | epoch 45/200 — train done in 11.1s | avg loss_box=1.6713 loss_cls=1.8438 loss_dfl=0.0455 loss_total=216.6021
2026-08-06 18:28:42 INFO  scripts.synthetic_model_comparison.training.evaluation | evaluating on 4 batches
2026-08-06 18:28:48 INFO  scripts.synthetic_model_comparison.training.training_pipeline | epoch 45/200 — val mAP50=0.2015 mAP50_95=0.0639 (selection mAP50_95=0.0639)
2026-08-06 18:28:49 INFO  scripts.synthetic_model_comparison.training.evaluation | mlflow: logged val/mAP50=0.2015 val/mAP50_95=0.0639 (step=44)
2026-08-06 18:28:49 INFO  scripts.synthetic_model_comparison.training.evaluation | mlflow: logged val per-class AP table (12 classes)
2026-08-06 18:28:49 INFO  scripts.synthetic_model_comparison.training.training_pipeline | saved checkpoint: /home/debian/Master-Thesis/scripts/synthetic_model_comparison/training/model_exports/yolo26n-gpt-image-2-low-full-seed43-20260806-181451/last.pt
2026-08-06 18:28:49 INFO  scripts.synthetic_model_comparison.training.training_pipeline | epoch 45/200 done — next lr=0.00891733, epochs_since_improve=1/20
2026-08-06 18:28:49 INFO  scripts.synthetic_model_comparison.training.training_pipeline | epoch 46/200 — train start (lr=0.00891733, batches=14)
2026-08-06 18:29:01 INFO  scripts.synthetic_model_comparison.training.training_pipeline | epoch 46/200 — train done in 11.2s | avg loss_box=1.7158 loss_cls=1.8225 loss_dfl=0.0480 loss_total=218.0645
2026-08-06 18:29:01 INFO  scripts.synthetic_model_comparison.training.evaluation | evaluating on 4 batches
2026-08-06 18:29:06 INFO  scripts.synthetic_model_comparison.training.training_pipeline | epoch 46/200 — val mAP50=0.4411 mAP50_95=0.2131 (selection mAP50_95=0.2131)
2026-08-06 18:29:07 INFO  scripts.synthetic_model_comparison.training.evaluation | mlflow: logged val/mAP50=0.4411 val/mAP50_95=0.2131 (step=45)
2026-08-06 18:29:07 INFO  scripts.synthetic_model_comparison.training.evaluation | mlflow: logged val per-class AP table (12 classes)
2026-08-06 18:29:08 INFO  scripts.synthetic_model_comparison.training.training_pipeline | saved checkpoint: /home/debian/Master-Thesis/scripts/synthetic_model_comparison/training/model_exports/yolo26n-gpt-image-2-low-full-seed43-20260806-181451/last.pt
2026-08-06 18:29:08 INFO  scripts.synthetic_model_comparison.training.training_pipeline | epoch 46/200 done — next lr=0.00886731, epochs_since_improve=2/20
2026-08-06 18:29:08 INFO  scripts.synthetic_model_comparison.training.training_pipeline | epoch 47/200 — train start (lr=0.00886731, batches=14)
2026-08-06 18:29:16 INFO  scripts.synthetic_model_comparison.training.training_pipeline | step 650 | loss_box=1.7183 loss_cls=1.9105 loss_dfl=0.0429 loss_total=220.7173 lr=0.00884194
2026-08-06 18:29:20 INFO  scripts.synthetic_model_comparison.training.training_pipeline | epoch 47/200 — train done in 12.2s | avg loss_box=1.6883 loss_cls=1.8253 loss_dfl=0.0452 loss_total=216.6172
2026-08-06 18:29:20 INFO  scripts.synthetic_model_comparison.training.evaluation | evaluating on 4 batches
2026-08-06 18:29:26 INFO  scripts.synthetic_model_comparison.training.training_pipeline | epoch 47/200 — val mAP50=0.4837 mAP50_95=0.2340 (selection mAP50_95=0.2340)
2026-08-06 18:29:26 INFO  scripts.synthetic_model_comparison.training.evaluation | mlflow: logged val/mAP50=0.4837 val/mAP50_95=0.2340 (step=46)
2026-08-06 18:29:27 INFO  scripts.synthetic_model_comparison.training.evaluation | mlflow: logged val per-class AP table (12 classes)
2026-08-06 18:29:27 INFO  scripts.synthetic_model_comparison.training.training_pipeline | saved checkpoint: /home/debian/Master-Thesis/scripts/synthetic_model_comparison/training/model_exports/yolo26n-gpt-image-2-low-full-seed43-20260806-181451/last.pt
2026-08-06 18:29:27 INFO  scripts.synthetic_model_comparison.training.training_pipeline | epoch 47/200 done — next lr=0.00881631, epochs_since_improve=3/20
2026-08-06 18:29:27 INFO  scripts.synthetic_model_comparison.training.training_pipeline | epoch 48/200 — train start (lr=0.00881631, batches=14)
2026-08-06 18:29:39 INFO  scripts.synthetic_model_comparison.training.training_pipeline | epoch 48/200 — train done in 11.3s | avg loss_box=1.6715 loss_cls=1.7597 loss_dfl=0.0457 loss_total=212.3363
2026-08-06 18:29:39 INFO  scripts.synthetic_model_comparison.training.evaluation | evaluating on 4 batches
2026-08-06 18:29:44 INFO  scripts.synthetic_model_comparison.training.training_pipeline | epoch 48/200 — val mAP50=0.4507 mAP50_95=0.2030 (selection mAP50_95=0.2030)
2026-08-06 18:29:45 INFO  scripts.synthetic_model_comparison.training.evaluation | mlflow: logged val/mAP50=0.4507 val/mAP50_95=0.2030 (step=47)
2026-08-06 18:29:45 INFO  scripts.synthetic_model_comparison.training.evaluation | mlflow: logged val per-class AP table (12 classes)
2026-08-06 18:29:45 INFO  scripts.synthetic_model_comparison.training.training_pipeline | saved checkpoint: /home/debian/Master-Thesis/scripts/synthetic_model_comparison/training/model_exports/yolo26n-gpt-image-2-low-full-seed43-20260806-181451/last.pt
2026-08-06 18:29:45 INFO  scripts.synthetic_model_comparison.training.training_pipeline | epoch 48/200 done — next lr=0.00876435, epochs_since_improve=4/20
2026-08-06 18:29:45 INFO  scripts.synthetic_model_comparison.training.training_pipeline | epoch 49/200 — train start (lr=0.00876435, batches=14)
2026-08-06 18:29:57 INFO  scripts.synthetic_model_comparison.training.training_pipeline | epoch 49/200 — train done in 11.2s | avg loss_box=1.6609 loss_cls=1.7585 loss_dfl=0.0455 loss_total=209.5720
2026-08-06 18:29:57 INFO  scripts.synthetic_model_comparison.training.evaluation | evaluating on 4 batches
2026-08-06 18:30:02 INFO  scripts.synthetic_model_comparison.training.training_pipeline | epoch 49/200 — val mAP50=0.3709 mAP50_95=0.1382 (selection mAP50_95=0.1382)
2026-08-06 18:30:03 INFO  scripts.synthetic_model_comparison.training.evaluation | mlflow: logged val/mAP50=0.3709 val/mAP50_95=0.1382 (step=48)
2026-08-06 18:30:03 INFO  scripts.synthetic_model_comparison.training.evaluation | mlflow: logged val per-class AP table (12 classes)
2026-08-06 18:30:04 INFO  scripts.synthetic_model_comparison.training.training_pipeline | saved checkpoint: /home/debian/Master-Thesis/scripts/synthetic_model_comparison/training/model_exports/yolo26n-gpt-image-2-low-full-seed43-20260806-181451/last.pt
2026-08-06 18:30:04 INFO  scripts.synthetic_model_comparison.training.training_pipeline | epoch 49/200 done — next lr=0.00871142, epochs_since_improve=5/20
2026-08-06 18:30:04 INFO  scripts.synthetic_model_comparison.training.training_pipeline | epoch 50/200 — train start (lr=0.00871142, batches=14)
2026-08-06 18:30:15 INFO  scripts.synthetic_model_comparison.training.training_pipeline | epoch 50/200 — train done in 10.8s | avg loss_box=1.6359 loss_cls=1.6608 loss_dfl=0.0438 loss_total=203.1690
2026-08-06 18:30:15 INFO  scripts.synthetic_model_comparison.training.evaluation | evaluating on 4 batches
2026-08-06 18:30:20 INFO  scripts.synthetic_model_comparison.training.training_pipeline | epoch 50/200 — val mAP50=0.5309 mAP50_95=0.2745 (selection mAP50_95=0.2745)
2026-08-06 18:30:21 INFO  scripts.synthetic_model_comparison.training.evaluation | mlflow: logged val/mAP50=0.5309 val/mAP50_95=0.2745 (step=49)
2026-08-06 18:30:21 INFO  scripts.synthetic_model_comparison.training.evaluation | mlflow: logged val per-class AP table (12 classes)
2026-08-06 18:30:21 INFO  scripts.synthetic_model_comparison.training.training_pipeline | saved checkpoint: /home/debian/Master-Thesis/scripts/synthetic_model_comparison/training/model_exports/yolo26n-gpt-image-2-low-full-seed43-20260806-181451/best.pt
2026-08-06 18:30:21 INFO  scripts.synthetic_model_comparison.training.training_pipeline | new best mAP50_95=0.2745 at epoch 50
2026-08-06 18:30:22 INFO  scripts.synthetic_model_comparison.training.training_pipeline | saved checkpoint: /home/debian/Master-Thesis/scripts/synthetic_model_comparison/training/model_exports/yolo26n-gpt-image-2-low-full-seed43-20260806-181451/last.pt
2026-08-06 18:30:22 INFO  scripts.synthetic_model_comparison.training.training_pipeline | epoch 50/200 done — next lr=0.00865755, epochs_since_improve=0/20
2026-08-06 18:30:22 INFO  scripts.synthetic_model_comparison.training.training_pipeline | epoch 51/200 — train start (lr=0.00865755, batches=14)
2026-08-06 18:30:28 INFO  scripts.synthetic_model_comparison.training.training_pipeline | step 700 | loss_box=1.6560 loss_cls=1.6672 loss_dfl=0.0462 loss_total=200.6661 lr=0.00865367
2026-08-06 18:30:34 INFO  scripts.synthetic_model_comparison.training.training_pipeline | epoch 51/200 — train done in 12.3s | avg loss_box=1.6016 loss_cls=1.6672 loss_dfl=0.0436 loss_total=200.1738
2026-08-06 18:30:34 INFO  scripts.synthetic_model_comparison.training.evaluation | evaluating on 4 batches
2026-08-06 18:30:40 INFO  scripts.synthetic_model_comparison.training.training_pipeline | epoch 51/200 — val mAP50=0.4240 mAP50_95=0.1676 (selection mAP50_95=0.1676)
2026-08-06 18:30:41 INFO  scripts.synthetic_model_comparison.training.evaluation | mlflow: logged val/mAP50=0.4240 val/mAP50_95=0.1676 (step=50)
2026-08-06 18:30:41 INFO  scripts.synthetic_model_comparison.training.evaluation | mlflow: logged val per-class AP table (12 classes)
2026-08-06 18:30:41 INFO  scripts.synthetic_model_comparison.training.training_pipeline | saved checkpoint: /home/debian/Master-Thesis/scripts/synthetic_model_comparison/training/model_exports/yolo26n-gpt-image-2-low-full-seed43-20260806-181451/last.pt
2026-08-06 18:30:41 INFO  scripts.synthetic_model_comparison.training.training_pipeline | epoch 51/200 done — next lr=0.00860275, epochs_since_improve=1/20
2026-08-06 18:30:41 INFO  scripts.synthetic_model_comparison.training.training_pipeline | epoch 52/200 — train start (lr=0.00860275, batches=14)
2026-08-06 18:30:52 INFO  scripts.synthetic_model_comparison.training.training_pipeline | epoch 52/200 — train done in 11.2s | avg loss_box=1.6391 loss_cls=1.6232 loss_dfl=0.0440 loss_total=201.3794
2026-08-06 18:30:52 INFO  scripts.synthetic_model_comparison.training.evaluation | evaluating on 4 batches
2026-08-06 18:30:58 INFO  scripts.synthetic_model_comparison.training.training_pipeline | epoch 52/200 — val mAP50=0.4452 mAP50_95=0.2197 (selection mAP50_95=0.2197)
2026-08-06 18:30:59 INFO  scripts.synthetic_model_comparison.training.evaluation | mlflow: logged val/mAP50=0.4452 val/mAP50_95=0.2197 (step=51)
2026-08-06 18:30:59 INFO  scripts.synthetic_model_comparison.training.evaluation | mlflow: logged val per-class AP table (12 classes)
2026-08-06 18:30:59 INFO  scripts.synthetic_model_comparison.training.training_pipeline | saved checkpoint: /home/debian/Master-Thesis/scripts/synthetic_model_comparison/training/model_exports/yolo26n-gpt-image-2-low-full-seed43-20260806-181451/last.pt
2026-08-06 18:30:59 INFO  scripts.synthetic_model_comparison.training.training_pipeline | epoch 52/200 done — next lr=0.00854704, epochs_since_improve=2/20
2026-08-06 18:30:59 INFO  scripts.synthetic_model_comparison.training.training_pipeline | epoch 53/200 — train start (lr=0.00854704, batches=14)
2026-08-06 18:31:10 INFO  scripts.synthetic_model_comparison.training.training_pipeline | epoch 53/200 — train done in 10.9s | avg loss_box=1.6227 loss_cls=1.5717 loss_dfl=0.0433 loss_total=196.9884
2026-08-06 18:31:10 INFO  scripts.synthetic_model_comparison.training.evaluation | evaluating on 4 batches
2026-08-06 18:31:16 INFO  scripts.synthetic_model_comparison.training.training_pipeline | epoch 53/200 — val mAP50=0.5830 mAP50_95=0.3134 (selection mAP50_95=0.3134)
2026-08-06 18:31:17 INFO  scripts.synthetic_model_comparison.training.evaluation | mlflow: logged val/mAP50=0.5830 val/mAP50_95=0.3134 (step=52)
2026-08-06 18:31:17 INFO  scripts.synthetic_model_comparison.training.evaluation | mlflow: logged val per-class AP table (12 classes)
2026-08-06 18:31:17 INFO  scripts.synthetic_model_comparison.training.training_pipeline | saved checkpoint: /home/debian/Master-Thesis/scripts/synthetic_model_comparison/training/model_exports/yolo26n-gpt-image-2-low-full-seed43-20260806-181451/best.pt
2026-08-06 18:31:17 INFO  scripts.synthetic_model_comparison.training.training_pipeline | new best mAP50_95=0.3134 at epoch 53
2026-08-06 18:31:17 INFO  scripts.synthetic_model_comparison.training.training_pipeline | saved checkpoint: /home/debian/Master-Thesis/scripts/synthetic_model_comparison/training/model_exports/yolo26n-gpt-image-2-low-full-seed43-20260806-181451/last.pt
2026-08-06 18:31:18 INFO  scripts.synthetic_model_comparison.training.training_pipeline | epoch 53/200 done — next lr=0.00849043, epochs_since_improve=0/20
2026-08-06 18:31:18 INFO  scripts.synthetic_model_comparison.training.training_pipeline | epoch 54/200 — train start (lr=0.00849043, batches=14)
2026-08-06 18:31:27 INFO  scripts.synthetic_model_comparison.training.training_pipeline | step 750 | loss_box=1.6693 loss_cls=1.5902 loss_dfl=0.0531 loss_total=198.6008 lr=0.00845357
2026-08-06 18:31:30 INFO  scripts.synthetic_model_comparison.training.training_pipeline | epoch 54/200 — train done in 12.8s | avg loss_box=1.5281 loss_cls=1.5825 loss_dfl=0.0415 loss_total=192.5219
2026-08-06 18:31:30 INFO  scripts.synthetic_model_comparison.training.evaluation | evaluating on 4 batches
2026-08-06 18:31:36 INFO  scripts.synthetic_model_comparison.training.training_pipeline | epoch 54/200 — val mAP50=0.6090 mAP50_95=0.3388 (selection mAP50_95=0.3388)
2026-08-06 18:31:37 INFO  scripts.synthetic_model_comparison.training.evaluation | mlflow: logged val/mAP50=0.6090 val/mAP50_95=0.3388 (step=53)
2026-08-06 18:31:37 INFO  scripts.synthetic_model_comparison.training.evaluation | mlflow: logged val per-class AP table (12 classes)
2026-08-06 18:31:37 INFO  scripts.synthetic_model_comparison.training.training_pipeline | saved checkpoint: /home/debian/Master-Thesis/scripts/synthetic_model_comparison/training/model_exports/yolo26n-gpt-image-2-low-full-seed43-20260806-181451/best.pt
2026-08-06 18:31:37 INFO  scripts.synthetic_model_comparison.training.training_pipeline | new best mAP50_95=0.3388 at epoch 54
2026-08-06 18:31:37 INFO  scripts.synthetic_model_comparison.training.training_pipeline | saved checkpoint: /home/debian/Master-Thesis/scripts/synthetic_model_comparison/training/model_exports/yolo26n-gpt-image-2-low-full-seed43-20260806-181451/last.pt
2026-08-06 18:31:38 INFO  scripts.synthetic_model_comparison.training.training_pipeline | epoch 54/200 done — next lr=0.00843293, epochs_since_improve=0/20
2026-08-06 18:31:38 INFO  scripts.synthetic_model_comparison.training.training_pipeline | epoch 55/200 — train start (lr=0.00843293, batches=14)
2026-08-06 18:31:49 INFO  scripts.synthetic_model_comparison.training.training_pipeline | epoch 55/200 — train done in 11.1s | avg loss_box=1.5509 loss_cls=1.5476 loss_dfl=0.0415 loss_total=191.6989
2026-08-06 18:31:49 INFO  scripts.synthetic_model_comparison.training.evaluation | evaluating on 4 batches
2026-08-06 18:31:55 INFO  scripts.synthetic_model_comparison.training.training_pipeline | epoch 55/200 — val mAP50=0.6218 mAP50_95=0.3462 (selection mAP50_95=0.3462)
2026-08-06 18:31:55 INFO  scripts.synthetic_model_comparison.training.evaluation | mlflow: logged val/mAP50=0.6218 val/mAP50_95=0.3462 (step=54)
2026-08-06 18:31:56 INFO  scripts.synthetic_model_comparison.training.evaluation | mlflow: logged val per-class AP table (12 classes)
2026-08-06 18:31:56 INFO  scripts.synthetic_model_comparison.training.training_pipeline | saved checkpoint: /home/debian/Master-Thesis/scripts/synthetic_model_comparison/training/model_exports/yolo26n-gpt-image-2-low-full-seed43-20260806-181451/best.pt
2026-08-06 18:31:56 INFO  scripts.synthetic_model_comparison.training.training_pipeline | new best mAP50_95=0.3462 at epoch 55
2026-08-06 18:31:56 INFO  scripts.synthetic_model_comparison.training.training_pipeline | saved checkpoint: /home/debian/Master-Thesis/scripts/synthetic_model_comparison/training/model_exports/yolo26n-gpt-image-2-low-full-seed43-20260806-181451/last.pt
2026-08-06 18:31:56 INFO  scripts.synthetic_model_comparison.training.training_pipeline | epoch 55/200 done — next lr=0.00837456, epochs_since_improve=0/20
2026-08-06 18:31:56 INFO  scripts.synthetic_model_comparison.training.training_pipeline | epoch 56/200 — train start (lr=0.00837456, batches=14)
2026-08-06 18:32:07 INFO  scripts.synthetic_model_comparison.training.training_pipeline | epoch 56/200 — train done in 10.9s | avg loss_box=1.5740 loss_cls=1.5301 loss_dfl=0.0424 loss_total=190.4485
2026-08-06 18:32:07 INFO  scripts.synthetic_model_comparison.training.evaluation | evaluating on 4 batches
2026-08-06 18:32:13 INFO  scripts.synthetic_model_comparison.training.training_pipeline | epoch 56/200 — val mAP50=0.5801 mAP50_95=0.3122 (selection mAP50_95=0.3122)
2026-08-06 18:32:13 INFO  scripts.synthetic_model_comparison.training.evaluation | mlflow: logged val/mAP50=0.5801 val/mAP50_95=0.3122 (step=55)
2026-08-06 18:32:14 INFO  scripts.synthetic_model_comparison.training.evaluation | mlflow: logged val per-class AP table (12 classes)
2026-08-06 18:32:14 INFO  scripts.synthetic_model_comparison.training.training_pipeline | saved checkpoint: /home/debian/Master-Thesis/scripts/synthetic_model_comparison/training/model_exports/yolo26n-gpt-image-2-low-full-seed43-20260806-181451/last.pt
2026-08-06 18:32:14 INFO  scripts.synthetic_model_comparison.training.training_pipeline | epoch 56/200 done — next lr=0.00831533, epochs_since_improve=1/20
2026-08-06 18:32:14 INFO  scripts.synthetic_model_comparison.training.training_pipeline | epoch 57/200 — train start (lr=0.00831533, batches=14)
2026-08-06 18:32:25 INFO  scripts.synthetic_model_comparison.training.training_pipeline | epoch 57/200 — train done in 11.1s | avg loss_box=1.5347 loss_cls=1.5126 loss_dfl=0.0411 loss_total=188.5125
2026-08-06 18:32:25 INFO  scripts.synthetic_model_comparison.training.evaluation | evaluating on 4 batches
2026-08-06 18:32:31 INFO  scripts.synthetic_model_comparison.training.training_pipeline | epoch 57/200 — val mAP50=0.5912 mAP50_95=0.3144 (selection mAP50_95=0.3144)
2026-08-06 18:32:32 INFO  scripts.synthetic_model_comparison.training.evaluation | mlflow: logged val/mAP50=0.5912 val/mAP50_95=0.3144 (step=56)
2026-08-06 18:32:32 INFO  scripts.synthetic_model_comparison.training.evaluation | mlflow: logged val per-class AP table (12 classes)
2026-08-06 18:32:32 INFO  scripts.synthetic_model_comparison.training.training_pipeline | saved checkpoint: /home/debian/Master-Thesis/scripts/synthetic_model_comparison/training/model_exports/yolo26n-gpt-image-2-low-full-seed43-20260806-181451/last.pt
2026-08-06 18:32:32 INFO  scripts.synthetic_model_comparison.training.training_pipeline | epoch 57/200 done — next lr=0.00825526, epochs_since_improve=2/20
2026-08-06 18:32:32 INFO  scripts.synthetic_model_comparison.training.training_pipeline | epoch 58/200 — train start (lr=0.00825526, batches=14)
2026-08-06 18:32:39 INFO  scripts.synthetic_model_comparison.training.training_pipeline | step 800 | loss_box=1.5285 loss_cls=1.2780 loss_dfl=0.0398 loss_total=176.6425 lr=0.00824228
2026-08-06 18:32:44 INFO  scripts.synthetic_model_comparison.training.training_pipeline | epoch 58/200 — train done in 12.1s | avg loss_box=1.5543 loss_cls=1.4878 loss_dfl=0.0421 loss_total=188.5885
2026-08-06 18:32:44 INFO  scripts.synthetic_model_comparison.training.evaluation | evaluating on 4 batches
2026-08-06 18:32:50 INFO  scripts.synthetic_model_comparison.training.training_pipeline | epoch 58/200 — val mAP50=0.5574 mAP50_95=0.3005 (selection mAP50_95=0.3005)
2026-08-06 18:32:51 INFO  scripts.synthetic_model_comparison.training.evaluation | mlflow: logged val/mAP50=0.5574 val/mAP50_95=0.3005 (step=57)
2026-08-06 18:32:51 INFO  scripts.synthetic_model_comparison.training.evaluation | mlflow: logged val per-class AP table (12 classes)
2026-08-06 18:32:51 INFO  scripts.synthetic_model_comparison.training.training_pipeline | saved checkpoint: /home/debian/Master-Thesis/scripts/synthetic_model_comparison/training/model_exports/yolo26n-gpt-image-2-low-full-seed43-20260806-181451/last.pt
2026-08-06 18:32:52 INFO  scripts.synthetic_model_comparison.training.training_pipeline | epoch 58/200 done — next lr=0.00819437, epochs_since_improve=3/20
2026-08-06 18:32:52 INFO  scripts.synthetic_model_comparison.training.training_pipeline | epoch 59/200 — train start (lr=0.00819437, batches=14)
2026-08-06 18:33:03 INFO  scripts.synthetic_model_comparison.training.training_pipeline | epoch 59/200 — train done in 11.2s | avg loss_box=1.5024 loss_cls=1.4462 loss_dfl=0.0412 loss_total=182.9582
2026-08-06 18:33:03 INFO  scripts.synthetic_model_comparison.training.evaluation | evaluating on 4 batches
2026-08-06 18:33:08 INFO  scripts.synthetic_model_comparison.training.training_pipeline | epoch 59/200 — val mAP50=0.5912 mAP50_95=0.3318 (selection mAP50_95=0.3318)
2026-08-06 18:33:09 INFO  scripts.synthetic_model_comparison.training.evaluation | mlflow: logged val/mAP50=0.5912 val/mAP50_95=0.3318 (step=58)
2026-08-06 18:33:09 INFO  scripts.synthetic_model_comparison.training.evaluation | mlflow: logged val per-class AP table (12 classes)
2026-08-06 18:33:09 INFO  scripts.synthetic_model_comparison.training.training_pipeline | saved checkpoint: /home/debian/Master-Thesis/scripts/synthetic_model_comparison/training/model_exports/yolo26n-gpt-image-2-low-full-seed43-20260806-181451/last.pt
2026-08-06 18:33:10 INFO  scripts.synthetic_model_comparison.training.training_pipeline | epoch 59/200 done — next lr=0.00813266, epochs_since_improve=4/20
2026-08-06 18:33:10 INFO  scripts.synthetic_model_comparison.training.training_pipeline | epoch 60/200 — train start (lr=0.00813266, batches=14)
2026-08-06 18:33:21 INFO  scripts.synthetic_model_comparison.training.training_pipeline | epoch 60/200 — train done in 11.5s | avg loss_box=1.5597 loss_cls=1.4448 loss_dfl=0.0425 loss_total=185.0920
2026-08-06 18:33:21 INFO  scripts.synthetic_model_comparison.training.evaluation | evaluating on 4 batches
2026-08-06 18:33:27 INFO  scripts.synthetic_model_comparison.training.training_pipeline | epoch 60/200 — val mAP50=0.6003 mAP50_95=0.3372 (selection mAP50_95=0.3372)
2026-08-06 18:33:28 INFO  scripts.synthetic_model_comparison.training.evaluation | mlflow: logged val/mAP50=0.6003 val/mAP50_95=0.3372 (step=59)
2026-08-06 18:33:28 INFO  scripts.synthetic_model_comparison.training.evaluation | mlflow: logged val per-class AP table (12 classes)
2026-08-06 18:33:28 INFO  scripts.synthetic_model_comparison.training.training_pipeline | saved checkpoint: /home/debian/Master-Thesis/scripts/synthetic_model_comparison/training/model_exports/yolo26n-gpt-image-2-low-full-seed43-20260806-181451/last.pt
2026-08-06 18:33:28 INFO  scripts.synthetic_model_comparison.training.training_pipeline | epoch 60/200 done — next lr=0.00807016, epochs_since_improve=5/20
2026-08-06 18:33:28 INFO  scripts.synthetic_model_comparison.training.training_pipeline | epoch 61/200 — train start (lr=0.00807016, batches=14)
2026-08-06 18:33:39 INFO  scripts.synthetic_model_comparison.training.training_pipeline | step 850 | loss_box=1.3824 loss_cls=1.3899 loss_dfl=0.0372 loss_total=169.4993 lr=0.0080205
2026-08-06 18:33:41 INFO  scripts.synthetic_model_comparison.training.training_pipeline | epoch 61/200 — train done in 12.8s | avg loss_box=1.5136 loss_cls=1.3948 loss_dfl=0.0411 loss_total=180.5306
2026-08-06 18:33:41 INFO  scripts.synthetic_model_comparison.training.evaluation | evaluating on 4 batches
2026-08-06 18:33:47 INFO  scripts.synthetic_model_comparison.training.training_pipeline | epoch 61/200 — val mAP50=0.6022 mAP50_95=0.3322 (selection mAP50_95=0.3322)
2026-08-06 18:33:47 INFO  scripts.synthetic_model_comparison.training.evaluation | mlflow: logged val/mAP50=0.6022 val/mAP50_95=0.3322 (step=60)
2026-08-06 18:33:48 INFO  scripts.synthetic_model_comparison.training.evaluation | mlflow: logged val per-class AP table (12 classes)
2026-08-06 18:33:48 INFO  scripts.synthetic_model_comparison.training.training_pipeline | saved checkpoint: /home/debian/Master-Thesis/scripts/synthetic_model_comparison/training/model_exports/yolo26n-gpt-image-2-low-full-seed43-20260806-181451/last.pt
2026-08-06 18:33:48 INFO  scripts.synthetic_model_comparison.training.training_pipeline | epoch 61/200 done — next lr=0.00800687, epochs_since_improve=6/20
2026-08-06 18:33:48 INFO  scripts.synthetic_model_comparison.training.training_pipeline | epoch 62/200 — train start (lr=0.00800687, batches=14)
2026-08-06 18:33:59 INFO  scripts.synthetic_model_comparison.training.training_pipeline | epoch 62/200 — train done in 11.0s | avg loss_box=1.4678 loss_cls=1.3991 loss_dfl=0.0403 loss_total=177.0624
2026-08-06 18:33:59 INFO  scripts.synthetic_model_comparison.training.evaluation | evaluating on 4 batches
2026-08-06 18:34:05 INFO  scripts.synthetic_model_comparison.training.training_pipeline | epoch 62/200 — val mAP50=0.5706 mAP50_95=0.3332 (selection mAP50_95=0.3332)
2026-08-06 18:34:05 INFO  scripts.synthetic_model_comparison.training.evaluation | mlflow: logged val/mAP50=0.5706 val/mAP50_95=0.3332 (step=61)
2026-08-06 18:34:06 INFO  scripts.synthetic_model_comparison.training.evaluation | mlflow: logged val per-class AP table (12 classes)
2026-08-06 18:34:06 INFO  scripts.synthetic_model_comparison.training.training_pipeline | saved checkpoint: /home/debian/Master-Thesis/scripts/synthetic_model_comparison/training/model_exports/yolo26n-gpt-image-2-low-full-seed43-20260806-181451/last.pt
2026-08-06 18:34:06 INFO  scripts.synthetic_model_comparison.training.training_pipeline | epoch 62/200 done — next lr=0.00794283, epochs_since_improve=7/20
2026-08-06 18:34:06 INFO  scripts.synthetic_model_comparison.training.training_pipeline | epoch 63/200 — train start (lr=0.00794283, batches=14)
2026-08-06 18:34:18 INFO  scripts.synthetic_model_comparison.training.training_pipeline | epoch 63/200 — train done in 11.3s | avg loss_box=1.4483 loss_cls=1.3774 loss_dfl=0.0388 loss_total=175.4581
2026-08-06 18:34:18 INFO  scripts.synthetic_model_comparison.training.evaluation | evaluating on 4 batches
2026-08-06 18:34:23 INFO  scripts.synthetic_model_comparison.training.training_pipeline | epoch 63/200 — val mAP50=0.6579 mAP50_95=0.3779 (selection mAP50_95=0.3779)
2026-08-06 18:34:24 INFO  scripts.synthetic_model_comparison.training.evaluation | mlflow: logged val/mAP50=0.6579 val/mAP50_95=0.3779 (step=62)
2026-08-06 18:34:24 INFO  scripts.synthetic_model_comparison.training.evaluation | mlflow: logged val per-class AP table (12 classes)
2026-08-06 18:34:24 INFO  scripts.synthetic_model_comparison.training.training_pipeline | saved checkpoint: /home/debian/Master-Thesis/scripts/synthetic_model_comparison/training/model_exports/yolo26n-gpt-image-2-low-full-seed43-20260806-181451/best.pt
2026-08-06 18:34:24 INFO  scripts.synthetic_model_comparison.training.training_pipeline | new best mAP50_95=0.3779 at epoch 63
2026-08-06 18:34:24 INFO  scripts.synthetic_model_comparison.training.training_pipeline | saved checkpoint: /home/debian/Master-Thesis/scripts/synthetic_model_comparison/training/model_exports/yolo26n-gpt-image-2-low-full-seed43-20260806-181451/last.pt
2026-08-06 18:34:25 INFO  scripts.synthetic_model_comparison.training.training_pipeline | epoch 63/200 done — next lr=0.00787804, epochs_since_improve=0/20
2026-08-06 18:34:25 INFO  scripts.synthetic_model_comparison.training.training_pipeline | epoch 64/200 — train start (lr=0.00787804, batches=14)
2026-08-06 18:34:36 INFO  scripts.synthetic_model_comparison.training.training_pipeline | epoch 64/200 — train done in 10.8s | avg loss_box=1.4851 loss_cls=1.3574 loss_dfl=0.0392 loss_total=176.3013
2026-08-06 18:34:36 INFO  scripts.synthetic_model_comparison.training.evaluation | evaluating on 4 batches
2026-08-06 18:34:41 INFO  scripts.synthetic_model_comparison.training.training_pipeline | epoch 64/200 — val mAP50=0.6698 mAP50_95=0.3855 (selection mAP50_95=0.3855)
2026-08-06 18:34:42 INFO  scripts.synthetic_model_comparison.training.evaluation | mlflow: logged val/mAP50=0.6698 val/mAP50_95=0.3855 (step=63)
2026-08-06 18:34:42 INFO  scripts.synthetic_model_comparison.training.evaluation | mlflow: logged val per-class AP table (12 classes)
2026-08-06 18:34:42 INFO  scripts.synthetic_model_comparison.training.training_pipeline | saved checkpoint: /home/debian/Master-Thesis/scripts/synthetic_model_comparison/training/model_exports/yolo26n-gpt-image-2-low-full-seed43-20260806-181451/best.pt
2026-08-06 18:34:42 INFO  scripts.synthetic_model_comparison.training.training_pipeline | new best mAP50_95=0.3855 at epoch 64
2026-08-06 18:34:42 INFO  scripts.synthetic_model_comparison.training.training_pipeline | saved checkpoint: /home/debian/Master-Thesis/scripts/synthetic_model_comparison/training/model_exports/yolo26n-gpt-image-2-low-full-seed43-20260806-181451/last.pt
2026-08-06 18:34:43 INFO  scripts.synthetic_model_comparison.training.training_pipeline | epoch 64/200 done — next lr=0.00781251, epochs_since_improve=0/20
2026-08-06 18:34:43 INFO  scripts.synthetic_model_comparison.training.training_pipeline | epoch 65/200 — train start (lr=0.00781251, batches=14)
2026-08-06 18:34:50 INFO  scripts.synthetic_model_comparison.training.training_pipeline | step 900 | loss_box=1.5638 loss_cls=1.2563 loss_dfl=0.0427 loss_total=176.6131 lr=0.00778894
2026-08-06 18:34:55 INFO  scripts.synthetic_model_comparison.training.training_pipeline | epoch 65/200 — train done in 12.4s | avg loss_box=1.4274 loss_cls=1.3069 loss_dfl=0.0383 loss_total=170.9150
2026-08-06 18:34:55 INFO  scripts.synthetic_model_comparison.training.evaluation | evaluating on 4 batches
2026-08-06 18:35:01 INFO  scripts.synthetic_model_comparison.training.training_pipeline | epoch 65/200 — val mAP50=0.5866 mAP50_95=0.3124 (selection mAP50_95=0.3124)
2026-08-06 18:35:02 INFO  scripts.synthetic_model_comparison.training.evaluation | mlflow: logged val/mAP50=0.5866 val/mAP50_95=0.3124 (step=64)
2026-08-06 18:35:02 INFO  scripts.synthetic_model_comparison.training.evaluation | mlflow: logged val per-class AP table (12 classes)
2026-08-06 18:35:02 INFO  scripts.synthetic_model_comparison.training.training_pipeline | saved checkpoint: /home/debian/Master-Thesis/scripts/synthetic_model_comparison/training/model_exports/yolo26n-gpt-image-2-low-full-seed43-20260806-181451/last.pt
2026-08-06 18:35:02 INFO  scripts.synthetic_model_comparison.training.training_pipeline | epoch 65/200 done — next lr=0.00774628, epochs_since_improve=1/20
2026-08-06 18:35:02 INFO  scripts.synthetic_model_comparison.training.training_pipeline | epoch 66/200 — train start (lr=0.00774628, batches=14)
2026-08-06 18:35:14 INFO  scripts.synthetic_model_comparison.training.training_pipeline | epoch 66/200 — train done in 11.3s | avg loss_box=1.4334 loss_cls=1.2486 loss_dfl=0.0376 loss_total=166.3771
2026-08-06 18:35:14 INFO  scripts.synthetic_model_comparison.training.evaluation | evaluating on 4 batches
2026-08-06 18:35:20 INFO  scripts.synthetic_model_comparison.training.training_pipeline | epoch 66/200 — val mAP50=0.6454 mAP50_95=0.3785 (selection mAP50_95=0.3785)
2026-08-06 18:35:20 INFO  scripts.synthetic_model_comparison.training.evaluation | mlflow: logged val/mAP50=0.6454 val/mAP50_95=0.3785 (step=65)
2026-08-06 18:35:21 INFO  scripts.synthetic_model_comparison.training.evaluation | mlflow: logged val per-class AP table (12 classes)
2026-08-06 18:35:21 INFO  scripts.synthetic_model_comparison.training.training_pipeline | saved checkpoint: /home/debian/Master-Thesis/scripts/synthetic_model_comparison/training/model_exports/yolo26n-gpt-image-2-low-full-seed43-20260806-181451/last.pt
2026-08-06 18:35:21 INFO  scripts.synthetic_model_comparison.training.training_pipeline | epoch 66/200 done — next lr=0.00767934, epochs_since_improve=2/20
2026-08-06 18:35:21 INFO  scripts.synthetic_model_comparison.training.training_pipeline | epoch 67/200 — train start (lr=0.00767934, batches=14)
2026-08-06 18:35:32 INFO  scripts.synthetic_model_comparison.training.training_pipeline | epoch 67/200 — train done in 10.9s | avg loss_box=1.4409 loss_cls=1.2529 loss_dfl=0.0385 loss_total=167.1708
2026-08-06 18:35:32 INFO  scripts.synthetic_model_comparison.training.evaluation | evaluating on 4 batches
2026-08-06 18:35:38 INFO  scripts.synthetic_model_comparison.training.training_pipeline | epoch 67/200 — val mAP50=0.6908 mAP50_95=0.4000 (selection mAP50_95=0.4000)
2026-08-06 18:35:39 INFO  scripts.synthetic_model_comparison.training.evaluation | mlflow: logged val/mAP50=0.6908 val/mAP50_95=0.4000 (step=66)
2026-08-06 18:35:39 INFO  scripts.synthetic_model_comparison.training.evaluation | mlflow: logged val per-class AP table (12 classes)
2026-08-06 18:35:39 INFO  scripts.synthetic_model_comparison.training.training_pipeline | saved checkpoint: /home/debian/Master-Thesis/scripts/synthetic_model_comparison/training/model_exports/yolo26n-gpt-image-2-low-full-seed43-20260806-181451/best.pt
2026-08-06 18:35:39 INFO  scripts.synthetic_model_comparison.training.training_pipeline | new best mAP50_95=0.4000 at epoch 67
2026-08-06 18:35:39 INFO  scripts.synthetic_model_comparison.training.training_pipeline | saved checkpoint: /home/debian/Master-Thesis/scripts/synthetic_model_comparison/training/model_exports/yolo26n-gpt-image-2-low-full-seed43-20260806-181451/last.pt
2026-08-06 18:35:39 INFO  scripts.synthetic_model_comparison.training.training_pipeline | epoch 67/200 done — next lr=0.00761173, epochs_since_improve=0/20
2026-08-06 18:35:39 INFO  scripts.synthetic_model_comparison.training.training_pipeline | epoch 68/200 — train start (lr=0.00761173, batches=14)
2026-08-06 18:35:50 INFO  scripts.synthetic_model_comparison.training.training_pipeline | step 950 | loss_box=1.3240 loss_cls=1.2869 loss_dfl=0.0355 loss_total=161.4931 lr=0.00754835
2026-08-06 18:35:52 INFO  scripts.synthetic_model_comparison.training.training_pipeline | epoch 68/200 — train done in 12.5s | avg loss_box=1.4151 loss_cls=1.2442 loss_dfl=0.0372 loss_total=164.3812
2026-08-06 18:35:52 INFO  scripts.synthetic_model_comparison.training.evaluation | evaluating on 4 batches
2026-08-06 18:35:58 INFO  scripts.synthetic_model_comparison.training.training_pipeline | epoch 68/200 — val mAP50=0.6132 mAP50_95=0.3499 (selection mAP50_95=0.3499)
2026-08-06 18:35:58 INFO  scripts.synthetic_model_comparison.training.evaluation | mlflow: logged val/mAP50=0.6132 val/mAP50_95=0.3499 (step=67)
2026-08-06 18:35:59 INFO  scripts.synthetic_model_comparison.training.evaluation | mlflow: logged val per-class AP table (12 classes)
2026-08-06 18:35:59 INFO  scripts.synthetic_model_comparison.training.training_pipeline | saved checkpoint: /home/debian/Master-Thesis/scripts/synthetic_model_comparison/training/model_exports/yolo26n-gpt-image-2-low-full-seed43-20260806-181451/last.pt
2026-08-06 18:35:59 INFO  scripts.synthetic_model_comparison.training.training_pipeline | epoch 68/200 done — next lr=0.00754345, epochs_since_improve=1/20
2026-08-06 18:35:59 INFO  scripts.synthetic_model_comparison.training.training_pipeline | epoch 69/200 — train start (lr=0.00754345, batches=14)
2026-08-06 18:36:10 INFO  scripts.synthetic_model_comparison.training.training_pipeline | epoch 69/200 — train done in 10.7s | avg loss_box=1.4002 loss_cls=1.2578 loss_dfl=0.0381 loss_total=164.5360
2026-08-06 18:36:10 INFO  scripts.synthetic_model_comparison.training.evaluation | evaluating on 4 batches
2026-08-06 18:36:15 INFO  scripts.synthetic_model_comparison.training.training_pipeline | epoch 69/200 — val mAP50=0.5630 mAP50_95=0.3184 (selection mAP50_95=0.3184)
2026-08-06 18:36:16 INFO  scripts.synthetic_model_comparison.training.evaluation | mlflow: logged val/mAP50=0.5630 val/mAP50_95=0.3184 (step=68)
2026-08-06 18:36:16 INFO  scripts.synthetic_model_comparison.training.evaluation | mlflow: logged val per-class AP table (12 classes)
2026-08-06 18:36:16 INFO  scripts.synthetic_model_comparison.training.training_pipeline | saved checkpoint: /home/debian/Master-Thesis/scripts/synthetic_model_comparison/training/model_exports/yolo26n-gpt-image-2-low-full-seed43-20260806-181451/last.pt
2026-08-06 18:36:17 INFO  scripts.synthetic_model_comparison.training.training_pipeline | epoch 69/200 done — next lr=0.00747453, epochs_since_improve=2/20
2026-08-06 18:36:17 INFO  scripts.synthetic_model_comparison.training.training_pipeline | epoch 70/200 — train start (lr=0.00747453, batches=14)
2026-08-06 18:36:28 INFO  scripts.synthetic_model_comparison.training.training_pipeline | epoch 70/200 — train done in 11.0s | avg loss_box=1.4150 loss_cls=1.2542 loss_dfl=0.0379 loss_total=164.3756
2026-08-06 18:36:28 INFO  scripts.synthetic_model_comparison.training.evaluation | evaluating on 4 batches
2026-08-06 18:36:33 INFO  scripts.synthetic_model_comparison.training.training_pipeline | epoch 70/200 — val mAP50=0.5876 mAP50_95=0.3501 (selection mAP50_95=0.3501)
2026-08-06 18:36:34 INFO  scripts.synthetic_model_comparison.training.evaluation | mlflow: logged val/mAP50=0.5876 val/mAP50_95=0.3501 (step=69)
2026-08-06 18:36:34 INFO  scripts.synthetic_model_comparison.training.evaluation | mlflow: logged val per-class AP table (12 classes)
2026-08-06 18:36:35 INFO  scripts.synthetic_model_comparison.training.training_pipeline | saved checkpoint: /home/debian/Master-Thesis/scripts/synthetic_model_comparison/training/model_exports/yolo26n-gpt-image-2-low-full-seed43-20260806-181451/last.pt
2026-08-06 18:36:35 INFO  scripts.synthetic_model_comparison.training.training_pipeline | epoch 70/200 done — next lr=0.00740498, epochs_since_improve=3/20
2026-08-06 18:36:35 INFO  scripts.synthetic_model_comparison.training.training_pipeline | epoch 71/200 — train start (lr=0.00740498, batches=14)
2026-08-06 18:36:46 INFO  scripts.synthetic_model_comparison.training.training_pipeline | epoch 71/200 — train done in 11.3s | avg loss_box=1.3772 loss_cls=1.1929 loss_dfl=0.0359 loss_total=159.3991
2026-08-06 18:36:46 INFO  scripts.synthetic_model_comparison.training.evaluation | evaluating on 4 batches
2026-08-06 18:36:52 INFO  scripts.synthetic_model_comparison.training.training_pipeline | epoch 71/200 — val mAP50=0.6437 mAP50_95=0.3833 (selection mAP50_95=0.3833)
2026-08-06 18:36:53 INFO  scripts.synthetic_model_comparison.training.evaluation | mlflow: logged val/mAP50=0.6437 val/mAP50_95=0.3833 (step=70)
2026-08-06 18:36:53 INFO  scripts.synthetic_model_comparison.training.evaluation | mlflow: logged val per-class AP table (12 classes)
2026-08-06 18:36:53 INFO  scripts.synthetic_model_comparison.training.training_pipeline | saved checkpoint: /home/debian/Master-Thesis/scripts/synthetic_model_comparison/training/model_exports/yolo26n-gpt-image-2-low-full-seed43-20260806-181451/last.pt
2026-08-06 18:36:53 INFO  scripts.synthetic_model_comparison.training.training_pipeline | epoch 71/200 done — next lr=0.00733481, epochs_since_improve=4/20
2026-08-06 18:36:53 INFO  scripts.synthetic_model_comparison.training.training_pipeline | epoch 72/200 — train start (lr=0.00733481, batches=14)
2026-08-06 18:37:02 INFO  scripts.synthetic_model_comparison.training.training_pipeline | step 1000 | loss_box=1.3497 loss_cls=1.1984 loss_dfl=0.0351 loss_total=154.8743 lr=0.00729951
2026-08-06 18:37:06 INFO  scripts.synthetic_model_comparison.training.training_pipeline | epoch 72/200 — train done in 12.9s | avg loss_box=1.3765 loss_cls=1.2214 loss_dfl=0.0371 loss_total=160.6367
2026-08-06 18:37:06 INFO  scripts.synthetic_model_comparison.training.evaluation | evaluating on 4 batches
2026-08-06 18:37:12 INFO  scripts.synthetic_model_comparison.training.training_pipeline | epoch 72/200 — val mAP50=0.6906 mAP50_95=0.4250 (selection mAP50_95=0.4250)
2026-08-06 18:37:13 INFO  scripts.synthetic_model_comparison.training.evaluation | mlflow: logged val/mAP50=0.6906 val/mAP50_95=0.4250 (step=71)
2026-08-06 18:37:13 INFO  scripts.synthetic_model_comparison.training.evaluation | mlflow: logged val per-class AP table (12 classes)
2026-08-06 18:37:13 INFO  scripts.synthetic_model_comparison.training.training_pipeline | saved checkpoint: /home/debian/Master-Thesis/scripts/synthetic_model_comparison/training/model_exports/yolo26n-gpt-image-2-low-full-seed43-20260806-181451/best.pt
2026-08-06 18:37:13 INFO  scripts.synthetic_model_comparison.training.training_pipeline | new best mAP50_95=0.4250 at epoch 72
2026-08-06 18:37:14 INFO  scripts.synthetic_model_comparison.training.training_pipeline | saved checkpoint: /home/debian/Master-Thesis/scripts/synthetic_model_comparison/training/model_exports/yolo26n-gpt-image-2-low-full-seed43-20260806-181451/last.pt
2026-08-06 18:37:14 INFO  scripts.synthetic_model_comparison.training.training_pipeline | epoch 72/200 done — next lr=0.00726406, epochs_since_improve=0/20
2026-08-06 18:37:14 INFO  scripts.synthetic_model_comparison.training.training_pipeline | epoch 73/200 — train start (lr=0.00726406, batches=14)
2026-08-06 18:37:25 INFO  scripts.synthetic_model_comparison.training.training_pipeline | epoch 73/200 — train done in 11.3s | avg loss_box=1.3131 loss_cls=1.1713 loss_dfl=0.0347 loss_total=154.2245
2026-08-06 18:37:25 INFO  scripts.synthetic_model_comparison.training.evaluation | evaluating on 4 batches
2026-08-06 18:37:31 INFO  scripts.synthetic_model_comparison.training.training_pipeline | epoch 73/200 — val mAP50=0.6584 mAP50_95=0.4089 (selection mAP50_95=0.4089)
2026-08-06 18:37:32 INFO  scripts.synthetic_model_comparison.training.evaluation | mlflow: logged val/mAP50=0.6584 val/mAP50_95=0.4089 (step=72)
2026-08-06 18:37:32 INFO  scripts.synthetic_model_comparison.training.evaluation | mlflow: logged val per-class AP table (12 classes)
2026-08-06 18:37:32 INFO  scripts.synthetic_model_comparison.training.training_pipeline | saved checkpoint: /home/debian/Master-Thesis/scripts/synthetic_model_comparison/training/model_exports/yolo26n-gpt-image-2-low-full-seed43-20260806-181451/last.pt
2026-08-06 18:37:32 INFO  scripts.synthetic_model_comparison.training.training_pipeline | epoch 73/200 done — next lr=0.00719273, epochs_since_improve=1/20
2026-08-06 18:37:32 INFO  scripts.synthetic_model_comparison.training.training_pipeline | epoch 74/200 — train start (lr=0.00719273, batches=14)
2026-08-06 18:37:43 INFO  scripts.synthetic_model_comparison.training.training_pipeline | epoch 74/200 — train done in 11.0s | avg loss_box=1.3337 loss_cls=1.1277 loss_dfl=0.0353 loss_total=152.4875
2026-08-06 18:37:43 INFO  scripts.synthetic_model_comparison.training.evaluation | evaluating on 4 batches
2026-08-06 18:37:49 INFO  scripts.synthetic_model_comparison.training.training_pipeline | epoch 74/200 — val mAP50=0.6753 mAP50_95=0.4014 (selection mAP50_95=0.4014)
2026-08-06 18:37:50 INFO  scripts.synthetic_model_comparison.training.evaluation | mlflow: logged val/mAP50=0.6753 val/mAP50_95=0.4014 (step=73)
2026-08-06 18:37:50 INFO  scripts.synthetic_model_comparison.training.evaluation | mlflow: logged val per-class AP table (12 classes)
2026-08-06 18:37:50 INFO  scripts.synthetic_model_comparison.training.training_pipeline | saved checkpoint: /home/debian/Master-Thesis/scripts/synthetic_model_comparison/training/model_exports/yolo26n-gpt-image-2-low-full-seed43-20260806-181451/last.pt
2026-08-06 18:37:50 INFO  scripts.synthetic_model_comparison.training.training_pipeline | epoch 74/200 done — next lr=0.00712085, epochs_since_improve=2/20
2026-08-06 18:37:50 INFO  scripts.synthetic_model_comparison.training.training_pipeline | epoch 75/200 — train start (lr=0.00712085, batches=14)
2026-08-06 18:38:01 INFO  scripts.synthetic_model_comparison.training.training_pipeline | epoch 75/200 — train done in 10.9s | avg loss_box=1.3168 loss_cls=1.1284 loss_dfl=0.0350 loss_total=152.2531
2026-08-06 18:38:01 INFO  scripts.synthetic_model_comparison.training.evaluation | evaluating on 4 batches
2026-08-06 18:38:07 INFO  scripts.synthetic_model_comparison.training.training_pipeline | epoch 75/200 — val mAP50=0.6894 mAP50_95=0.4289 (selection mAP50_95=0.4289)
2026-08-06 18:38:08 INFO  scripts.synthetic_model_comparison.training.evaluation | mlflow: logged val/mAP50=0.6894 val/mAP50_95=0.4289 (step=74)
2026-08-06 18:38:08 INFO  scripts.synthetic_model_comparison.training.evaluation | mlflow: logged val per-class AP table (12 classes)
2026-08-06 18:38:08 INFO  scripts.synthetic_model_comparison.training.training_pipeline | saved checkpoint: /home/debian/Master-Thesis/scripts/synthetic_model_comparison/training/model_exports/yolo26n-gpt-image-2-low-full-seed43-20260806-181451/best.pt
2026-08-06 18:38:08 INFO  scripts.synthetic_model_comparison.training.training_pipeline | new best mAP50_95=0.4289 at epoch 75
2026-08-06 18:38:08 INFO  scripts.synthetic_model_comparison.training.training_pipeline | saved checkpoint: /home/debian/Master-Thesis/scripts/synthetic_model_comparison/training/model_exports/yolo26n-gpt-image-2-low-full-seed43-20260806-181451/last.pt
2026-08-06 18:38:09 INFO  scripts.synthetic_model_comparison.training.training_pipeline | epoch 75/200 done — next lr=0.00704842, epochs_since_improve=0/20
2026-08-06 18:38:09 INFO  scripts.synthetic_model_comparison.training.training_pipeline | epoch 76/200 — train start (lr=0.00704842, batches=14)
2026-08-06 18:38:14 INFO  scripts.synthetic_model_comparison.training.training_pipeline | step 1050 | loss_box=1.2659 loss_cls=0.9881 loss_dfl=0.0321 loss_total=141.1140 lr=0.00704323
2026-08-06 18:38:21 INFO  scripts.synthetic_model_comparison.training.training_pipeline | epoch 76/200 — train done in 12.2s | avg loss_box=1.3071 loss_cls=1.1251 loss_dfl=0.0350 loss_total=149.9613
2026-08-06 18:38:21 INFO  scripts.synthetic_model_comparison.training.evaluation | evaluating on 4 batches
2026-08-06 18:38:27 INFO  scripts.synthetic_model_comparison.training.training_pipeline | epoch 76/200 — val mAP50=0.6877 mAP50_95=0.4239 (selection mAP50_95=0.4239)
2026-08-06 18:38:27 INFO  scripts.synthetic_model_comparison.training.evaluation | mlflow: logged val/mAP50=0.6877 val/mAP50_95=0.4239 (step=75)
2026-08-06 18:38:28 INFO  scripts.synthetic_model_comparison.training.evaluation | mlflow: logged val per-class AP table (12 classes)
2026-08-06 18:38:28 INFO  scripts.synthetic_model_comparison.training.training_pipeline | saved checkpoint: /home/debian/Master-Thesis/scripts/synthetic_model_comparison/training/model_exports/yolo26n-gpt-image-2-low-full-seed43-20260806-181451/last.pt
2026-08-06 18:38:28 INFO  scripts.synthetic_model_comparison.training.training_pipeline | epoch 76/200 done — next lr=0.00697548, epochs_since_improve=1/20
2026-08-06 18:38:28 INFO  scripts.synthetic_model_comparison.training.training_pipeline | epoch 77/200 — train start (lr=0.00697548, batches=14)
2026-08-06 18:38:39 INFO  scripts.synthetic_model_comparison.training.training_pipeline | epoch 77/200 — train done in 10.9s | avg loss_box=1.2945 loss_cls=1.1140 loss_dfl=0.0342 loss_total=149.3340
2026-08-06 18:38:39 INFO  scripts.synthetic_model_comparison.training.evaluation | evaluating on 4 batches
2026-08-06 18:38:45 INFO  scripts.synthetic_model_comparison.training.training_pipeline | epoch 77/200 — val mAP50=0.6641 mAP50_95=0.4130 (selection mAP50_95=0.4130)
2026-08-06 18:38:46 INFO  scripts.synthetic_model_comparison.training.evaluation | mlflow: logged val/mAP50=0.6641 val/mAP50_95=0.4130 (step=76)
2026-08-06 18:38:46 INFO  scripts.synthetic_model_comparison.training.evaluation | mlflow: logged val per-class AP table (12 classes)
2026-08-06 18:38:46 INFO  scripts.synthetic_model_comparison.training.training_pipeline | saved checkpoint: /home/debian/Master-Thesis/scripts/synthetic_model_comparison/training/model_exports/yolo26n-gpt-image-2-low-full-seed43-20260806-181451/last.pt
2026-08-06 18:38:46 INFO  scripts.synthetic_model_comparison.training.training_pipeline | epoch 77/200 done — next lr=0.00690204, epochs_since_improve=2/20
2026-08-06 18:38:46 INFO  scripts.synthetic_model_comparison.training.training_pipeline | epoch 78/200 — train start (lr=0.00690204, batches=14)
2026-08-06 18:38:57 INFO  scripts.synthetic_model_comparison.training.training_pipeline | epoch 78/200 — train done in 10.8s | avg loss_box=1.2661 loss_cls=1.0571 loss_dfl=0.0334 loss_total=145.2204
2026-08-06 18:38:57 INFO  scripts.synthetic_model_comparison.training.evaluation | evaluating on 4 batches
2026-08-06 18:39:03 INFO  scripts.synthetic_model_comparison.training.training_pipeline | epoch 78/200 — val mAP50=0.6670 mAP50_95=0.4032 (selection mAP50_95=0.4032)
2026-08-06 18:39:04 INFO  scripts.synthetic_model_comparison.training.evaluation | mlflow: logged val/mAP50=0.6670 val/mAP50_95=0.4032 (step=77)
2026-08-06 18:39:04 INFO  scripts.synthetic_model_comparison.training.evaluation | mlflow: logged val per-class AP table (12 classes)
2026-08-06 18:39:04 INFO  scripts.synthetic_model_comparison.training.training_pipeline | saved checkpoint: /home/debian/Master-Thesis/scripts/synthetic_model_comparison/training/model_exports/yolo26n-gpt-image-2-low-full-seed43-20260806-181451/last.pt
2026-08-06 18:39:04 INFO  scripts.synthetic_model_comparison.training.training_pipeline | epoch 78/200 done — next lr=0.00682811, epochs_since_improve=3/20
2026-08-06 18:39:04 INFO  scripts.synthetic_model_comparison.training.training_pipeline | epoch 79/200 — train start (lr=0.00682811, batches=14)
2026-08-06 18:39:14 INFO  scripts.synthetic_model_comparison.training.training_pipeline | step 1100 | loss_box=1.2264 loss_cls=0.9308 loss_dfl=0.0309 loss_total=135.3320 lr=0.00678034
2026-08-06 18:39:17 INFO  scripts.synthetic_model_comparison.training.training_pipeline | epoch 79/200 — train done in 12.9s | avg loss_box=1.2767 loss_cls=1.0677 loss_dfl=0.0338 loss_total=145.3214
2026-08-06 18:39:17 INFO  scripts.synthetic_model_comparison.training.evaluation | evaluating on 4 batches
2026-08-06 18:39:23 INFO  scripts.synthetic_model_comparison.training.training_pipeline | epoch 79/200 — val mAP50=0.6996 mAP50_95=0.4288 (selection mAP50_95=0.4288)
2026-08-06 18:39:24 INFO  scripts.synthetic_model_comparison.training.evaluation | mlflow: logged val/mAP50=0.6996 val/mAP50_95=0.4288 (step=78)
2026-08-06 18:39:24 INFO  scripts.synthetic_model_comparison.training.evaluation | mlflow: logged val per-class AP table (12 classes)
2026-08-06 18:39:24 INFO  scripts.synthetic_model_comparison.training.training_pipeline | saved checkpoint: /home/debian/Master-Thesis/scripts/synthetic_model_comparison/training/model_exports/yolo26n-gpt-image-2-low-full-seed43-20260806-181451/last.pt
2026-08-06 18:39:24 INFO  scripts.synthetic_model_comparison.training.training_pipeline | epoch 79/200 done — next lr=0.00675372, epochs_since_improve=4/20
2026-08-06 18:39:24 INFO  scripts.synthetic_model_comparison.training.training_pipeline | epoch 80/200 — train start (lr=0.00675372, batches=14)
2026-08-06 18:39:36 INFO  scripts.synthetic_model_comparison.training.training_pipeline | epoch 80/200 — train done in 11.4s | avg loss_box=1.2562 loss_cls=1.0658 loss_dfl=0.0332 loss_total=145.1688
2026-08-06 18:39:36 INFO  scripts.synthetic_model_comparison.training.evaluation | evaluating on 4 batches
2026-08-06 18:39:42 INFO  scripts.synthetic_model_comparison.training.training_pipeline | epoch 80/200 — val mAP50=0.7218 mAP50_95=0.4463 (selection mAP50_95=0.4463)
2026-08-06 18:39:42 INFO  scripts.synthetic_model_comparison.training.evaluation | mlflow: logged val/mAP50=0.7218 val/mAP50_95=0.4463 (step=79)
2026-08-06 18:39:43 INFO  scripts.synthetic_model_comparison.training.evaluation | mlflow: logged val per-class AP table (12 classes)
2026-08-06 18:39:43 INFO  scripts.synthetic_model_comparison.training.training_pipeline | saved checkpoint: /home/debian/Master-Thesis/scripts/synthetic_model_comparison/training/model_exports/yolo26n-gpt-image-2-low-full-seed43-20260806-181451/best.pt
2026-08-06 18:39:43 INFO  scripts.synthetic_model_comparison.training.training_pipeline | new best mAP50_95=0.4463 at epoch 80
2026-08-06 18:39:43 INFO  scripts.synthetic_model_comparison.training.training_pipeline | saved checkpoint: /home/debian/Master-Thesis/scripts/synthetic_model_comparison/training/model_exports/yolo26n-gpt-image-2-low-full-seed43-20260806-181451/last.pt
2026-08-06 18:39:43 INFO  scripts.synthetic_model_comparison.training.training_pipeline | epoch 80/200 done — next lr=0.00667889, epochs_since_improve=0/20
2026-08-06 18:39:43 INFO  scripts.synthetic_model_comparison.training.training_pipeline | epoch 81/200 — train start (lr=0.00667889, batches=14)
2026-08-06 18:39:54 INFO  scripts.synthetic_model_comparison.training.training_pipeline | epoch 81/200 — train done in 10.7s | avg loss_box=1.2889 loss_cls=1.0855 loss_dfl=0.0342 loss_total=147.3515
2026-08-06 18:39:54 INFO  scripts.synthetic_model_comparison.training.evaluation | evaluating on 4 batches
2026-08-06 18:40:00 INFO  scripts.synthetic_model_comparison.training.training_pipeline | epoch 81/200 — val mAP50=0.6759 mAP50_95=0.4130 (selection mAP50_95=0.4130)
2026-08-06 18:40:00 INFO  scripts.synthetic_model_comparison.training.evaluation | mlflow: logged val/mAP50=0.6759 val/mAP50_95=0.4130 (step=80)
2026-08-06 18:40:01 INFO  scripts.synthetic_model_comparison.training.evaluation | mlflow: logged val per-class AP table (12 classes)
2026-08-06 18:40:01 INFO  scripts.synthetic_model_comparison.training.training_pipeline | saved checkpoint: /home/debian/Master-Thesis/scripts/synthetic_model_comparison/training/model_exports/yolo26n-gpt-image-2-low-full-seed43-20260806-181451/last.pt
2026-08-06 18:40:01 INFO  scripts.synthetic_model_comparison.training.training_pipeline | epoch 81/200 done — next lr=0.00660363, epochs_since_improve=1/20
2026-08-06 18:40:01 INFO  scripts.synthetic_model_comparison.training.training_pipeline | epoch 82/200 — train start (lr=0.00660363, batches=14)
2026-08-06 18:40:12 INFO  scripts.synthetic_model_comparison.training.training_pipeline | epoch 82/200 — train done in 10.6s | avg loss_box=1.2282 loss_cls=1.0226 loss_dfl=0.0321 loss_total=140.9913
2026-08-06 18:40:12 INFO  scripts.synthetic_model_comparison.training.evaluation | evaluating on 4 batches
2026-08-06 18:40:18 INFO  scripts.synthetic_model_comparison.training.training_pipeline | epoch 82/200 — val mAP50=0.7035 mAP50_95=0.4493 (selection mAP50_95=0.4493)
2026-08-06 18:40:18 INFO  scripts.synthetic_model_comparison.training.evaluation | mlflow: logged val/mAP50=0.7035 val/mAP50_95=0.4493 (step=81)
2026-08-06 18:40:19 INFO  scripts.synthetic_model_comparison.training.evaluation | mlflow: logged val per-class AP table (12 classes)
2026-08-06 18:40:19 INFO  scripts.synthetic_model_comparison.training.training_pipeline | saved checkpoint: /home/debian/Master-Thesis/scripts/synthetic_model_comparison/training/model_exports/yolo26n-gpt-image-2-low-full-seed43-20260806-181451/best.pt
2026-08-06 18:40:19 INFO  scripts.synthetic_model_comparison.training.training_pipeline | new best mAP50_95=0.4493 at epoch 82
2026-08-06 18:40:19 INFO  scripts.synthetic_model_comparison.training.training_pipeline | saved checkpoint: /home/debian/Master-Thesis/scripts/synthetic_model_comparison/training/model_exports/yolo26n-gpt-image-2-low-full-seed43-20260806-181451/last.pt
2026-08-06 18:40:19 INFO  scripts.synthetic_model_comparison.training.training_pipeline | epoch 82/200 done — next lr=0.00652796, epochs_since_improve=0/20
2026-08-06 18:40:19 INFO  scripts.synthetic_model_comparison.training.training_pipeline | epoch 83/200 — train start (lr=0.00652796, batches=14)
2026-08-06 18:40:25 INFO  scripts.synthetic_model_comparison.training.training_pipeline | step 1150 | loss_box=1.4381 loss_cls=1.0097 loss_dfl=0.0388 loss_total=152.8059 lr=0.0065117
2026-08-06 18:40:31 INFO  scripts.synthetic_model_comparison.training.training_pipeline | epoch 83/200 — train done in 12.0s | avg loss_box=1.2182 loss_cls=1.0235 loss_dfl=0.0317 loss_total=140.1750
2026-08-06 18:40:31 INFO  scripts.synthetic_model_comparison.training.evaluation | evaluating on 4 batches
2026-08-06 18:40:37 INFO  scripts.synthetic_model_comparison.training.training_pipeline | epoch 83/200 — val mAP50=0.7060 mAP50_95=0.4484 (selection mAP50_95=0.4484)
2026-08-06 18:40:37 INFO  scripts.synthetic_model_comparison.training.evaluation | mlflow: logged val/mAP50=0.7060 val/mAP50_95=0.4484 (step=82)
2026-08-06 18:40:38 INFO  scripts.synthetic_model_comparison.training.evaluation | mlflow: logged val per-class AP table (12 classes)
2026-08-06 18:40:38 INFO  scripts.synthetic_model_comparison.training.training_pipeline | saved checkpoint: /home/debian/Master-Thesis/scripts/synthetic_model_comparison/training/model_exports/yolo26n-gpt-image-2-low-full-seed43-20260806-181451/last.pt
2026-08-06 18:40:38 INFO  scripts.synthetic_model_comparison.training.training_pipeline | epoch 83/200 done — next lr=0.00645191, epochs_since_improve=1/20
2026-08-06 18:40:38 INFO  scripts.synthetic_model_comparison.training.training_pipeline | epoch 84/200 — train start (lr=0.00645191, batches=14)
2026-08-06 18:40:50 INFO  scripts.synthetic_model_comparison.training.training_pipeline | epoch 84/200 — train done in 11.4s | avg loss_box=1.2327 loss_cls=0.9967 loss_dfl=0.0322 loss_total=139.6678
2026-08-06 18:40:50 INFO  scripts.synthetic_model_comparison.training.evaluation | evaluating on 4 batches
2026-08-06 18:40:56 INFO  scripts.synthetic_model_comparison.training.training_pipeline | epoch 84/200 — val mAP50=0.7134 mAP50_95=0.4444 (selection mAP50_95=0.4444)
2026-08-06 18:40:56 INFO  scripts.synthetic_model_comparison.training.evaluation | mlflow: logged val/mAP50=0.7134 val/mAP50_95=0.4444 (step=83)
2026-08-06 18:40:57 INFO  scripts.synthetic_model_comparison.training.evaluation | mlflow: logged val per-class AP table (12 classes)
2026-08-06 18:40:57 INFO  scripts.synthetic_model_comparison.training.training_pipeline | saved checkpoint: /home/debian/Master-Thesis/scripts/synthetic_model_comparison/training/model_exports/yolo26n-gpt-image-2-low-full-seed43-20260806-181451/last.pt
2026-08-06 18:40:57 INFO  scripts.synthetic_model_comparison.training.training_pipeline | epoch 84/200 done — next lr=0.00637549, epochs_since_improve=2/20
2026-08-06 18:40:57 INFO  scripts.synthetic_model_comparison.training.training_pipeline | epoch 85/200 — train start (lr=0.00637549, batches=14)
2026-08-06 18:41:08 INFO  scripts.synthetic_model_comparison.training.training_pipeline | epoch 85/200 — train done in 11.3s | avg loss_box=1.2062 loss_cls=0.9730 loss_dfl=0.0318 loss_total=136.3437
2026-08-06 18:41:08 INFO  scripts.synthetic_model_comparison.training.evaluation | evaluating on 4 batches
2026-08-06 18:41:14 INFO  scripts.synthetic_model_comparison.training.training_pipeline | epoch 85/200 — val mAP50=0.7683 mAP50_95=0.4761 (selection mAP50_95=0.4761)
2026-08-06 18:41:15 INFO  scripts.synthetic_model_comparison.training.evaluation | mlflow: logged val/mAP50=0.7683 val/mAP50_95=0.4761 (step=84)
2026-08-06 18:41:15 INFO  scripts.synthetic_model_comparison.training.evaluation | mlflow: logged val per-class AP table (12 classes)
2026-08-06 18:41:15 INFO  scripts.synthetic_model_comparison.training.training_pipeline | saved checkpoint: /home/debian/Master-Thesis/scripts/synthetic_model_comparison/training/model_exports/yolo26n-gpt-image-2-low-full-seed43-20260806-181451/best.pt
2026-08-06 18:41:15 INFO  scripts.synthetic_model_comparison.training.training_pipeline | new best mAP50_95=0.4761 at epoch 85
2026-08-06 18:41:15 INFO  scripts.synthetic_model_comparison.training.training_pipeline | saved checkpoint: /home/debian/Master-Thesis/scripts/synthetic_model_comparison/training/model_exports/yolo26n-gpt-image-2-low-full-seed43-20260806-181451/last.pt
2026-08-06 18:41:16 INFO  scripts.synthetic_model_comparison.training.training_pipeline | epoch 85/200 done — next lr=0.00629872, epochs_since_improve=0/20
2026-08-06 18:41:16 INFO  scripts.synthetic_model_comparison.training.training_pipeline | epoch 86/200 — train start (lr=0.00629872, batches=14)
2026-08-06 18:41:26 INFO  scripts.synthetic_model_comparison.training.training_pipeline | step 1200 | loss_box=1.3285 loss_cls=1.0358 loss_dfl=0.0332 loss_total=142.4143 lr=0.00623817
2026-08-06 18:41:28 INFO  scripts.synthetic_model_comparison.training.training_pipeline | epoch 86/200 — train done in 12.5s | avg loss_box=1.2216 loss_cls=0.9557 loss_dfl=0.0323 loss_total=136.0243
2026-08-06 18:41:28 INFO  scripts.synthetic_model_comparison.training.evaluation | evaluating on 4 batches
2026-08-06 18:41:34 INFO  scripts.synthetic_model_comparison.training.training_pipeline | epoch 86/200 — val mAP50=0.7246 mAP50_95=0.4594 (selection mAP50_95=0.4594)
2026-08-06 18:41:35 INFO  scripts.synthetic_model_comparison.training.evaluation | mlflow: logged val/mAP50=0.7246 val/mAP50_95=0.4594 (step=85)
2026-08-06 18:41:35 INFO  scripts.synthetic_model_comparison.training.evaluation | mlflow: logged val per-class AP table (12 classes)
2026-08-06 18:41:35 INFO  scripts.synthetic_model_comparison.training.training_pipeline | saved checkpoint: /home/debian/Master-Thesis/scripts/synthetic_model_comparison/training/model_exports/yolo26n-gpt-image-2-low-full-seed43-20260806-181451/last.pt
2026-08-06 18:41:36 INFO  scripts.synthetic_model_comparison.training.training_pipeline | epoch 86/200 done — next lr=0.00622162, epochs_since_improve=1/20
2026-08-06 18:41:36 INFO  scripts.synthetic_model_comparison.training.training_pipeline | epoch 87/200 — train start (lr=0.00622162, batches=14)
2026-08-06 18:41:47 INFO  scripts.synthetic_model_comparison.training.training_pipeline | epoch 87/200 — train done in 11.0s | avg loss_box=1.2181 loss_cls=0.9542 loss_dfl=0.0322 loss_total=135.6680
2026-08-06 18:41:47 INFO  scripts.synthetic_model_comparison.training.evaluation | evaluating on 4 batches
2026-08-06 18:41:52 INFO  scripts.synthetic_model_comparison.training.training_pipeline | epoch 87/200 — val mAP50=0.7326 mAP50_95=0.4681 (selection mAP50_95=0.4681)
2026-08-06 18:41:53 INFO  scripts.synthetic_model_comparison.training.evaluation | mlflow: logged val/mAP50=0.7326 val/mAP50_95=0.4681 (step=86)
2026-08-06 18:41:53 INFO  scripts.synthetic_model_comparison.training.evaluation | mlflow: logged val per-class AP table (12 classes)
2026-08-06 18:41:53 INFO  scripts.synthetic_model_comparison.training.training_pipeline | saved checkpoint: /home/debian/Master-Thesis/scripts/synthetic_model_comparison/training/model_exports/yolo26n-gpt-image-2-low-full-seed43-20260806-181451/last.pt
2026-08-06 18:41:54 INFO  scripts.synthetic_model_comparison.training.training_pipeline | epoch 87/200 done — next lr=0.00614421, epochs_since_improve=2/20
2026-08-06 18:41:54 INFO  scripts.synthetic_model_comparison.training.training_pipeline | epoch 88/200 — train start (lr=0.00614421, batches=14)
2026-08-06 18:42:05 INFO  scripts.synthetic_model_comparison.training.training_pipeline | epoch 88/200 — train done in 11.1s | avg loss_box=1.1770 loss_cls=0.9509 loss_dfl=0.0308 loss_total=133.2055
2026-08-06 18:42:05 INFO  scripts.synthetic_model_comparison.training.evaluation | evaluating on 4 batches
2026-08-06 18:42:10 INFO  scripts.synthetic_model_comparison.training.training_pipeline | epoch 88/200 — val mAP50=0.7414 mAP50_95=0.4861 (selection mAP50_95=0.4861)
2026-08-06 18:42:11 INFO  scripts.synthetic_model_comparison.training.evaluation | mlflow: logged val/mAP50=0.7414 val/mAP50_95=0.4861 (step=87)
2026-08-06 18:42:12 INFO  scripts.synthetic_model_comparison.training.evaluation | mlflow: logged val per-class AP table (12 classes)
2026-08-06 18:42:12 INFO  scripts.synthetic_model_comparison.training.training_pipeline | saved checkpoint: /home/debian/Master-Thesis/scripts/synthetic_model_comparison/training/model_exports/yolo26n-gpt-image-2-low-full-seed43-20260806-181451/best.pt
2026-08-06 18:42:12 INFO  scripts.synthetic_model_comparison.training.training_pipeline | new best mAP50_95=0.4861 at epoch 88
2026-08-06 18:42:12 INFO  scripts.synthetic_model_comparison.training.training_pipeline | saved checkpoint: /home/debian/Master-Thesis/scripts/synthetic_model_comparison/training/model_exports/yolo26n-gpt-image-2-low-full-seed43-20260806-181451/last.pt
2026-08-06 18:42:12 INFO  scripts.synthetic_model_comparison.training.training_pipeline | epoch 88/200 done — next lr=0.00606651, epochs_since_improve=0/20
2026-08-06 18:42:12 INFO  scripts.synthetic_model_comparison.training.training_pipeline | epoch 89/200 — train start (lr=0.00606651, batches=14)
2026-08-06 18:42:23 INFO  scripts.synthetic_model_comparison.training.training_pipeline | epoch 89/200 — train done in 11.1s | avg loss_box=1.1938 loss_cls=0.9245 loss_dfl=0.0308 loss_total=132.6078
2026-08-06 18:42:23 INFO  scripts.synthetic_model_comparison.training.evaluation | evaluating on 4 batches
2026-08-06 18:42:29 INFO  scripts.synthetic_model_comparison.training.training_pipeline | epoch 89/200 — val mAP50=0.7306 mAP50_95=0.4681 (selection mAP50_95=0.4681)
2026-08-06 18:42:30 INFO  scripts.synthetic_model_comparison.training.evaluation | mlflow: logged val/mAP50=0.7306 val/mAP50_95=0.4681 (step=88)
2026-08-06 18:42:30 INFO  scripts.synthetic_model_comparison.training.evaluation | mlflow: logged val per-class AP table (12 classes)
2026-08-06 18:42:30 INFO  scripts.synthetic_model_comparison.training.training_pipeline | saved checkpoint: /home/debian/Master-Thesis/scripts/synthetic_model_comparison/training/model_exports/yolo26n-gpt-image-2-low-full-seed43-20260806-181451/last.pt
2026-08-06 18:42:31 INFO  scripts.synthetic_model_comparison.training.training_pipeline | epoch 89/200 done — next lr=0.00598854, epochs_since_improve=1/20
2026-08-06 18:42:31 INFO  scripts.synthetic_model_comparison.training.training_pipeline | epoch 90/200 — train start (lr=0.00598854, batches=14)
2026-08-06 18:42:39 INFO  scripts.synthetic_model_comparison.training.training_pipeline | step 1250 | loss_box=1.1030 loss_cls=0.9805 loss_dfl=0.0278 loss_total=132.2090 lr=0.00596064
2026-08-06 18:42:44 INFO  scripts.synthetic_model_comparison.training.training_pipeline | epoch 90/200 — train done in 13.0s | avg loss_box=1.1823 loss_cls=0.9231 loss_dfl=0.0304 loss_total=131.5436
2026-08-06 18:42:44 INFO  scripts.synthetic_model_comparison.training.evaluation | evaluating on 4 batches
2026-08-06 18:42:49 INFO  scripts.synthetic_model_comparison.training.training_pipeline | epoch 90/200 — val mAP50=0.7597 mAP50_95=0.4653 (selection mAP50_95=0.4653)
2026-08-06 18:42:50 INFO  scripts.synthetic_model_comparison.training.evaluation | mlflow: logged val/mAP50=0.7597 val/mAP50_95=0.4653 (step=89)
2026-08-06 18:42:50 INFO  scripts.synthetic_model_comparison.training.evaluation | mlflow: logged val per-class AP table (12 classes)
2026-08-06 18:42:51 INFO  scripts.synthetic_model_comparison.training.training_pipeline | saved checkpoint: /home/debian/Master-Thesis/scripts/synthetic_model_comparison/training/model_exports/yolo26n-gpt-image-2-low-full-seed43-20260806-181451/last.pt
2026-08-06 18:42:51 INFO  scripts.synthetic_model_comparison.training.training_pipeline | epoch 90/200 done — next lr=0.00591032, epochs_since_improve=2/20
2026-08-06 18:42:51 INFO  scripts.synthetic_model_comparison.training.training_pipeline | epoch 91/200 — train start (lr=0.00591032, batches=14)
2026-08-06 18:43:02 INFO  scripts.synthetic_model_comparison.training.training_pipeline | epoch 91/200 — train done in 11.0s | avg loss_box=1.1639 loss_cls=0.9172 loss_dfl=0.0306 loss_total=130.4637
2026-08-06 18:43:02 INFO  scripts.synthetic_model_comparison.training.evaluation | evaluating on 4 batches
2026-08-06 18:43:08 INFO  scripts.synthetic_model_comparison.training.training_pipeline | epoch 91/200 — val mAP50=0.7761 mAP50_95=0.5133 (selection mAP50_95=0.5133)
2026-08-06 18:43:08 INFO  scripts.synthetic_model_comparison.training.evaluation | mlflow: logged val/mAP50=0.7761 val/mAP50_95=0.5133 (step=90)
2026-08-06 18:43:09 INFO  scripts.synthetic_model_comparison.training.evaluation | mlflow: logged val per-class AP table (12 classes)
2026-08-06 18:43:09 INFO  scripts.synthetic_model_comparison.training.training_pipeline | saved checkpoint: /home/debian/Master-Thesis/scripts/synthetic_model_comparison/training/model_exports/yolo26n-gpt-image-2-low-full-seed43-20260806-181451/best.pt
2026-08-06 18:43:09 INFO  scripts.synthetic_model_comparison.training.training_pipeline | new best mAP50_95=0.5133 at epoch 91
2026-08-06 18:43:09 INFO  scripts.synthetic_model_comparison.training.training_pipeline | saved checkpoint: /home/debian/Master-Thesis/scripts/synthetic_model_comparison/training/model_exports/yolo26n-gpt-image-2-low-full-seed43-20260806-181451/last.pt
2026-08-06 18:43:10 INFO  scripts.synthetic_model_comparison.training.training_pipeline | epoch 91/200 done — next lr=0.00583188, epochs_since_improve=0/20
2026-08-06 18:43:10 INFO  scripts.synthetic_model_comparison.training.training_pipeline | epoch 92/200 — train start (lr=0.00583188, batches=14)
2026-08-06 18:43:21 INFO  scripts.synthetic_model_comparison.training.training_pipeline | epoch 92/200 — train done in 11.2s | avg loss_box=1.1193 loss_cls=0.9072 loss_dfl=0.0293 loss_total=127.7722
2026-08-06 18:43:21 INFO  scripts.synthetic_model_comparison.training.evaluation | evaluating on 4 batches
2026-08-06 18:43:27 INFO  scripts.synthetic_model_comparison.training.training_pipeline | epoch 92/200 — val mAP50=0.7233 mAP50_95=0.4717 (selection mAP50_95=0.4717)
2026-08-06 18:43:27 INFO  scripts.synthetic_model_comparison.training.evaluation | mlflow: logged val/mAP50=0.7233 val/mAP50_95=0.4717 (step=91)
2026-08-06 18:43:28 INFO  scripts.synthetic_model_comparison.training.evaluation | mlflow: logged val per-class AP table (12 classes)
2026-08-06 18:43:28 INFO  scripts.synthetic_model_comparison.training.training_pipeline | saved checkpoint: /home/debian/Master-Thesis/scripts/synthetic_model_comparison/training/model_exports/yolo26n-gpt-image-2-low-full-seed43-20260806-181451/last.pt
2026-08-06 18:43:28 INFO  scripts.synthetic_model_comparison.training.training_pipeline | epoch 92/200 done — next lr=0.00575322, epochs_since_improve=1/20
2026-08-06 18:43:28 INFO  scripts.synthetic_model_comparison.training.training_pipeline | epoch 93/200 — train start (lr=0.00575322, batches=14)
2026-08-06 18:43:39 INFO  scripts.synthetic_model_comparison.training.training_pipeline | step 1300 | loss_box=1.1924 loss_cls=0.7841 loss_dfl=0.0317 loss_total=128.2198 lr=0.00568001
2026-08-06 18:43:41 INFO  scripts.synthetic_model_comparison.training.training_pipeline | epoch 93/200 — train done in 12.9s | avg loss_box=1.1581 loss_cls=0.8837 loss_dfl=0.0303 loss_total=128.0998
2026-08-06 18:43:41 INFO  scripts.synthetic_model_comparison.training.evaluation | evaluating on 4 batches
2026-08-06 18:43:47 INFO  scripts.synthetic_model_comparison.training.training_pipeline | epoch 93/200 — val mAP50=0.7518 mAP50_95=0.4893 (selection mAP50_95=0.4893)
2026-08-06 18:43:47 INFO  scripts.synthetic_model_comparison.training.evaluation | mlflow: logged val/mAP50=0.7518 val/mAP50_95=0.4893 (step=92)
2026-08-06 18:43:48 INFO  scripts.synthetic_model_comparison.training.evaluation | mlflow: logged val per-class AP table (12 classes)
2026-08-06 18:43:48 INFO  scripts.synthetic_model_comparison.training.training_pipeline | saved checkpoint: /home/debian/Master-Thesis/scripts/synthetic_model_comparison/training/model_exports/yolo26n-gpt-image-2-low-full-seed43-20260806-181451/last.pt
2026-08-06 18:43:48 INFO  scripts.synthetic_model_comparison.training.training_pipeline | epoch 93/200 done — next lr=0.00567437, epochs_since_improve=2/20
2026-08-06 18:43:48 INFO  scripts.synthetic_model_comparison.training.training_pipeline | epoch 94/200 — train start (lr=0.00567437, batches=14)
2026-08-06 18:43:59 INFO  scripts.synthetic_model_comparison.training.training_pipeline | epoch 94/200 — train done in 11.2s | avg loss_box=1.1414 loss_cls=0.8851 loss_dfl=0.0295 loss_total=127.2453
2026-08-06 18:43:59 INFO  scripts.synthetic_model_comparison.training.evaluation | evaluating on 4 batches
2026-08-06 18:44:05 INFO  scripts.synthetic_model_comparison.training.training_pipeline | epoch 94/200 — val mAP50=0.7413 mAP50_95=0.4776 (selection mAP50_95=0.4776)
2026-08-06 18:44:06 INFO  scripts.synthetic_model_comparison.training.evaluation | mlflow: logged val/mAP50=0.7413 val/mAP50_95=0.4776 (step=93)
2026-08-06 18:44:06 INFO  scripts.synthetic_model_comparison.training.evaluation | mlflow: logged val per-class AP table (12 classes)
2026-08-06 18:44:06 INFO  scripts.synthetic_model_comparison.training.training_pipeline | saved checkpoint: /home/debian/Master-Thesis/scripts/synthetic_model_comparison/training/model_exports/yolo26n-gpt-image-2-low-full-seed43-20260806-181451/last.pt
2026-08-06 18:44:07 INFO  scripts.synthetic_model_comparison.training.training_pipeline | epoch 94/200 done — next lr=0.00559535, epochs_since_improve=3/20
2026-08-06 18:44:07 INFO  scripts.synthetic_model_comparison.training.training_pipeline | epoch 95/200 — train start (lr=0.00559535, batches=14)
2026-08-06 18:44:18 INFO  scripts.synthetic_model_comparison.training.training_pipeline | epoch 95/200 — train done in 10.9s | avg loss_box=1.1409 loss_cls=0.8469 loss_dfl=0.0296 loss_total=124.4769
2026-08-06 18:44:18 INFO  scripts.synthetic_model_comparison.training.evaluation | evaluating on 4 batches
2026-08-06 18:44:23 INFO  scripts.synthetic_model_comparison.training.training_pipeline | epoch 95/200 — val mAP50=0.7974 mAP50_95=0.5341 (selection mAP50_95=0.5341)
2026-08-06 18:44:24 INFO  scripts.synthetic_model_comparison.training.evaluation | mlflow: logged val/mAP50=0.7974 val/mAP50_95=0.5341 (step=94)
2026-08-06 18:44:24 INFO  scripts.synthetic_model_comparison.training.evaluation | mlflow: logged val per-class AP table (12 classes)
2026-08-06 18:44:24 INFO  scripts.synthetic_model_comparison.training.training_pipeline | saved checkpoint: /home/debian/Master-Thesis/scripts/synthetic_model_comparison/training/model_exports/yolo26n-gpt-image-2-low-full-seed43-20260806-181451/best.pt
2026-08-06 18:44:24 INFO  scripts.synthetic_model_comparison.training.training_pipeline | new best mAP50_95=0.5341 at epoch 95
2026-08-06 18:44:25 INFO  scripts.synthetic_model_comparison.training.training_pipeline | saved checkpoint: /home/debian/Master-Thesis/scripts/synthetic_model_comparison/training/model_exports/yolo26n-gpt-image-2-low-full-seed43-20260806-181451/last.pt
2026-08-06 18:44:25 INFO  scripts.synthetic_model_comparison.training.training_pipeline | epoch 95/200 done — next lr=0.00551618, epochs_since_improve=0/20
2026-08-06 18:44:25 INFO  scripts.synthetic_model_comparison.training.training_pipeline | epoch 96/200 — train start (lr=0.00551618, batches=14)
2026-08-06 18:44:36 INFO  scripts.synthetic_model_comparison.training.training_pipeline | epoch 96/200 — train done in 11.5s | avg loss_box=1.1238 loss_cls=0.8217 loss_dfl=0.0287 loss_total=122.5777
2026-08-06 18:44:36 INFO  scripts.synthetic_model_comparison.training.evaluation | evaluating on 4 batches
2026-08-06 18:44:42 INFO  scripts.synthetic_model_comparison.training.training_pipeline | epoch 96/200 — val mAP50=0.7754 mAP50_95=0.5121 (selection mAP50_95=0.5121)
2026-08-06 18:44:43 INFO  scripts.synthetic_model_comparison.training.evaluation | mlflow: logged val/mAP50=0.7754 val/mAP50_95=0.5121 (step=95)
2026-08-06 18:44:43 INFO  scripts.synthetic_model_comparison.training.evaluation | mlflow: logged val per-class AP table (12 classes)
2026-08-06 18:44:43 INFO  scripts.synthetic_model_comparison.training.training_pipeline | saved checkpoint: /home/debian/Master-Thesis/scripts/synthetic_model_comparison/training/model_exports/yolo26n-gpt-image-2-low-full-seed43-20260806-181451/last.pt
2026-08-06 18:44:43 INFO  scripts.synthetic_model_comparison.training.training_pipeline | epoch 96/200 done — next lr=0.00543688, epochs_since_improve=1/20
2026-08-06 18:44:43 INFO  scripts.synthetic_model_comparison.training.training_pipeline | epoch 97/200 — train start (lr=0.00543688, batches=14)
2026-08-06 18:44:52 INFO  scripts.synthetic_model_comparison.training.training_pipeline | step 1350 | loss_box=1.0664 loss_cls=0.7228 loss_dfl=0.0249 loss_total=117.6017 lr=0.00539719
2026-08-06 18:44:56 INFO  scripts.synthetic_model_comparison.training.training_pipeline | epoch 97/200 — train done in 12.8s | avg loss_box=1.1458 loss_cls=0.8478 loss_dfl=0.0295 loss_total=125.2391
2026-08-06 18:44:56 INFO  scripts.synthetic_model_comparison.training.evaluation | evaluating on 4 batches
2026-08-06 18:45:02 INFO  scripts.synthetic_model_comparison.training.training_pipeline | epoch 97/200 — val mAP50=0.7982 mAP50_95=0.5191 (selection mAP50_95=0.5191)
2026-08-06 18:45:03 INFO  scripts.synthetic_model_comparison.training.evaluation | mlflow: logged val/mAP50=0.7982 val/mAP50_95=0.5191 (step=96)
2026-08-06 18:45:03 INFO  scripts.synthetic_model_comparison.training.evaluation | mlflow: logged val per-class AP table (12 classes)
2026-08-06 18:45:03 INFO  scripts.synthetic_model_comparison.training.training_pipeline | saved checkpoint: /home/debian/Master-Thesis/scripts/synthetic_model_comparison/training/model_exports/yolo26n-gpt-image-2-low-full-seed43-20260806-181451/last.pt
2026-08-06 18:45:04 INFO  scripts.synthetic_model_comparison.training.training_pipeline | epoch 97/200 done — next lr=0.00535747, epochs_since_improve=2/20
2026-08-06 18:45:04 INFO  scripts.synthetic_model_comparison.training.training_pipeline | epoch 98/200 — train start (lr=0.00535747, batches=14)
2026-08-06 18:45:15 INFO  scripts.synthetic_model_comparison.training.training_pipeline | epoch 98/200 — train done in 11.3s | avg loss_box=1.0929 loss_cls=0.8404 loss_dfl=0.0283 loss_total=121.5022
2026-08-06 18:45:15 INFO  scripts.synthetic_model_comparison.training.evaluation | evaluating on 4 batches
2026-08-06 18:45:21 INFO  scripts.synthetic_model_comparison.training.training_pipeline | epoch 98/200 — val mAP50=0.7246 mAP50_95=0.4690 (selection mAP50_95=0.4690)
2026-08-06 18:45:21 INFO  scripts.synthetic_model_comparison.training.evaluation | mlflow: logged val/mAP50=0.7246 val/mAP50_95=0.4690 (step=97)
2026-08-06 18:45:22 INFO  scripts.synthetic_model_comparison.training.evaluation | mlflow: logged val per-class AP table (12 classes)
2026-08-06 18:45:22 INFO  scripts.synthetic_model_comparison.training.training_pipeline | saved checkpoint: /home/debian/Master-Thesis/scripts/synthetic_model_comparison/training/model_exports/yolo26n-gpt-image-2-low-full-seed43-20260806-181451/last.pt
2026-08-06 18:45:22 INFO  scripts.synthetic_model_comparison.training.training_pipeline | epoch 98/200 done — next lr=0.00527797, epochs_since_improve=3/20
2026-08-06 18:45:22 INFO  scripts.synthetic_model_comparison.training.training_pipeline | epoch 99/200 — train start (lr=0.00527797, batches=14)
2026-08-06 18:45:33 INFO  scripts.synthetic_model_comparison.training.training_pipeline | epoch 99/200 — train done in 11.3s | avg loss_box=1.1017 loss_cls=0.8499 loss_dfl=0.0280 loss_total=121.9809
2026-08-06 18:45:33 INFO  scripts.synthetic_model_comparison.training.evaluation | evaluating on 4 batches
2026-08-06 18:45:39 INFO  scripts.synthetic_model_comparison.training.training_pipeline | epoch 99/200 — val mAP50=0.7930 mAP50_95=0.5336 (selection mAP50_95=0.5336)
2026-08-06 18:45:40 INFO  scripts.synthetic_model_comparison.training.evaluation | mlflow: logged val/mAP50=0.7930 val/mAP50_95=0.5336 (step=98)
2026-08-06 18:45:40 INFO  scripts.synthetic_model_comparison.training.evaluation | mlflow: logged val per-class AP table (12 classes)
2026-08-06 18:45:40 INFO  scripts.synthetic_model_comparison.training.training_pipeline | saved checkpoint: /home/debian/Master-Thesis/scripts/synthetic_model_comparison/training/model_exports/yolo26n-gpt-image-2-low-full-seed43-20260806-181451/last.pt
2026-08-06 18:45:41 INFO  scripts.synthetic_model_comparison.training.training_pipeline | epoch 99/200 done — next lr=0.0051984, epochs_since_improve=4/20
2026-08-06 18:45:41 INFO  scripts.synthetic_model_comparison.training.training_pipeline | epoch 100/200 — train start (lr=0.0051984, batches=14)
2026-08-06 18:45:52 INFO  scripts.synthetic_model_comparison.training.training_pipeline | epoch 100/200 — train done in 11.0s | avg loss_box=1.0960 loss_cls=0.8222 loss_dfl=0.0282 loss_total=121.2777
2026-08-06 18:45:52 INFO  scripts.synthetic_model_comparison.training.evaluation | evaluating on 4 batches
2026-08-06 18:45:58 INFO  scripts.synthetic_model_comparison.training.training_pipeline | epoch 100/200 — val mAP50=0.7915 mAP50_95=0.5023 (selection mAP50_95=0.5023)
2026-08-06 18:45:58 INFO  scripts.synthetic_model_comparison.training.evaluation | mlflow: logged val/mAP50=0.7915 val/mAP50_95=0.5023 (step=99)
2026-08-06 18:45:59 INFO  scripts.synthetic_model_comparison.training.evaluation | mlflow: logged val per-class AP table (12 classes)
2026-08-06 18:45:59 INFO  scripts.synthetic_model_comparison.training.training_pipeline | saved checkpoint: /home/debian/Master-Thesis/scripts/synthetic_model_comparison/training/model_exports/yolo26n-gpt-image-2-low-full-seed43-20260806-181451/last.pt
2026-08-06 18:45:59 INFO  scripts.synthetic_model_comparison.training.training_pipeline | epoch 100/200 done — next lr=0.00511878, epochs_since_improve=5/20
2026-08-06 18:45:59 INFO  scripts.synthetic_model_comparison.training.training_pipeline | epoch 101/200 — train start (lr=0.00511878, batches=14)
2026-08-06 18:46:05 INFO  scripts.synthetic_model_comparison.training.training_pipeline | step 1400 | loss_box=1.1547 loss_cls=0.7308 loss_dfl=0.0317 loss_total=119.4792 lr=0.0051131
2026-08-06 18:46:11 INFO  scripts.synthetic_model_comparison.training.training_pipeline | epoch 101/200 — train done in 12.3s | avg loss_box=1.0599 loss_cls=0.7547 loss_dfl=0.0271 loss_total=115.3107
2026-08-06 18:46:11 INFO  scripts.synthetic_model_comparison.training.evaluation | evaluating on 4 batches
2026-08-06 18:46:17 INFO  scripts.synthetic_model_comparison.training.training_pipeline | epoch 101/200 — val mAP50=0.7673 mAP50_95=0.5085 (selection mAP50_95=0.5085)
2026-08-06 18:46:18 INFO  scripts.synthetic_model_comparison.training.evaluation | mlflow: logged val/mAP50=0.7673 val/mAP50_95=0.5085 (step=100)
2026-08-06 18:46:18 INFO  scripts.synthetic_model_comparison.training.evaluation | mlflow: logged val per-class AP table (12 classes)
2026-08-06 18:46:18 INFO  scripts.synthetic_model_comparison.training.training_pipeline | saved checkpoint: /home/debian/Master-Thesis/scripts/synthetic_model_comparison/training/model_exports/yolo26n-gpt-image-2-low-full-seed43-20260806-181451/last.pt
2026-08-06 18:46:19 INFO  scripts.synthetic_model_comparison.training.training_pipeline | epoch 101/200 done — next lr=0.00503914, epochs_since_improve=6/20
2026-08-06 18:46:19 INFO  scripts.synthetic_model_comparison.training.training_pipeline | epoch 102/200 — train start (lr=0.00503914, batches=14)
2026-08-06 18:46:30 INFO  scripts.synthetic_model_comparison.training.training_pipeline | epoch 102/200 — train done in 11.2s | avg loss_box=1.0666 loss_cls=0.7625 loss_dfl=0.0277 loss_total=116.4173
2026-08-06 18:46:30 INFO  scripts.synthetic_model_comparison.training.evaluation | evaluating on 4 batches
2026-08-06 18:46:35 INFO  scripts.synthetic_model_comparison.training.training_pipeline | epoch 102/200 — val mAP50=0.7733 mAP50_95=0.4926 (selection mAP50_95=0.4926)
2026-08-06 18:46:36 INFO  scripts.synthetic_model_comparison.training.evaluation | mlflow: logged val/mAP50=0.7733 val/mAP50_95=0.4926 (step=101)
2026-08-06 18:46:36 INFO  scripts.synthetic_model_comparison.training.evaluation | mlflow: logged val per-class AP table (12 classes)
2026-08-06 18:46:37 INFO  scripts.synthetic_model_comparison.training.training_pipeline | saved checkpoint: /home/debian/Master-Thesis/scripts/synthetic_model_comparison/training/model_exports/yolo26n-gpt-image-2-low-full-seed43-20260806-181451/last.pt
2026-08-06 18:46:37 INFO  scripts.synthetic_model_comparison.training.training_pipeline | epoch 102/200 done — next lr=0.00495948, epochs_since_improve=7/20
2026-08-06 18:46:37 INFO  scripts.synthetic_model_comparison.training.training_pipeline | epoch 103/200 — train start (lr=0.00495948, batches=14)
2026-08-06 18:46:48 INFO  scripts.synthetic_model_comparison.training.training_pipeline | epoch 103/200 — train done in 11.2s | avg loss_box=1.0775 loss_cls=0.7842 loss_dfl=0.0282 loss_total=118.1469
2026-08-06 18:46:48 INFO  scripts.synthetic_model_comparison.training.evaluation | evaluating on 4 batches
2026-08-06 18:46:54 INFO  scripts.synthetic_model_comparison.training.training_pipeline | epoch 103/200 — val mAP50=0.7934 mAP50_95=0.5301 (selection mAP50_95=0.5301)
2026-08-06 18:46:55 INFO  scripts.synthetic_model_comparison.training.evaluation | mlflow: logged val/mAP50=0.7934 val/mAP50_95=0.5301 (step=102)
2026-08-06 18:46:55 INFO  scripts.synthetic_model_comparison.training.evaluation | mlflow: logged val per-class AP table (12 classes)
2026-08-06 18:46:55 INFO  scripts.synthetic_model_comparison.training.training_pipeline | saved checkpoint: /home/debian/Master-Thesis/scripts/synthetic_model_comparison/training/model_exports/yolo26n-gpt-image-2-low-full-seed43-20260806-181451/last.pt
2026-08-06 18:46:55 INFO  scripts.synthetic_model_comparison.training.training_pipeline | epoch 103/200 done — next lr=0.00487984, epochs_since_improve=8/20
2026-08-06 18:46:55 INFO  scripts.synthetic_model_comparison.training.training_pipeline | epoch 104/200 — train start (lr=0.00487984, batches=14)
2026-08-06 18:47:05 INFO  scripts.synthetic_model_comparison.training.training_pipeline | step 1450 | loss_box=0.9824 loss_cls=0.7969 loss_dfl=0.0270 loss_total=114.3781 lr=0.00482866
2026-08-06 18:47:08 INFO  scripts.synthetic_model_comparison.training.training_pipeline | epoch 104/200 — train done in 13.0s | avg loss_box=1.0328 loss_cls=0.7801 loss_dfl=0.0263 loss_total=114.5722
2026-08-06 18:47:08 INFO  scripts.synthetic_model_comparison.training.evaluation | evaluating on 4 batches
2026-08-06 18:47:14 INFO  scripts.synthetic_model_comparison.training.training_pipeline | epoch 104/200 — val mAP50=0.7834 mAP50_95=0.5251 (selection mAP50_95=0.5251)
2026-08-06 18:47:15 INFO  scripts.synthetic_model_comparison.training.evaluation | mlflow: logged val/mAP50=0.7834 val/mAP50_95=0.5251 (step=103)
2026-08-06 18:47:15 INFO  scripts.synthetic_model_comparison.training.evaluation | mlflow: logged val per-class AP table (12 classes)
2026-08-06 18:47:15 INFO  scripts.synthetic_model_comparison.training.training_pipeline | saved checkpoint: /home/debian/Master-Thesis/scripts/synthetic_model_comparison/training/model_exports/yolo26n-gpt-image-2-low-full-seed43-20260806-181451/last.pt
2026-08-06 18:47:16 INFO  scripts.synthetic_model_comparison.training.training_pipeline | epoch 104/200 done — next lr=0.00480023, epochs_since_improve=9/20
2026-08-06 18:47:16 INFO  scripts.synthetic_model_comparison.training.training_pipeline | epoch 105/200 — train start (lr=0.00480023, batches=14)
2026-08-06 18:47:27 INFO  scripts.synthetic_model_comparison.training.training_pipeline | epoch 105/200 — train done in 11.1s | avg loss_box=1.0407 loss_cls=0.7597 loss_dfl=0.0263 loss_total=114.0378
2026-08-06 18:47:27 INFO  scripts.synthetic_model_comparison.training.evaluation | evaluating on 4 batches
2026-08-06 18:47:32 INFO  scripts.synthetic_model_comparison.training.training_pipeline | epoch 105/200 — val mAP50=0.7925 mAP50_95=0.5408 (selection mAP50_95=0.5408)
2026-08-06 18:47:33 INFO  scripts.synthetic_model_comparison.training.evaluation | mlflow: logged val/mAP50=0.7925 val/mAP50_95=0.5408 (step=104)
2026-08-06 18:47:33 INFO  scripts.synthetic_model_comparison.training.evaluation | mlflow: logged val per-class AP table (12 classes)
2026-08-06 18:47:33 INFO  scripts.synthetic_model_comparison.training.training_pipeline | saved checkpoint: /home/debian/Master-Thesis/scripts/synthetic_model_comparison/training/model_exports/yolo26n-gpt-image-2-low-full-seed43-20260806-181451/best.pt
2026-08-06 18:47:33 INFO  scripts.synthetic_model_comparison.training.training_pipeline | new best mAP50_95=0.5408 at epoch 105
2026-08-06 18:47:34 INFO  scripts.synthetic_model_comparison.training.training_pipeline | saved checkpoint: /home/debian/Master-Thesis/scripts/synthetic_model_comparison/training/model_exports/yolo26n-gpt-image-2-low-full-seed43-20260806-181451/last.pt
2026-08-06 18:47:34 INFO  scripts.synthetic_model_comparison.training.training_pipeline | epoch 105/200 done — next lr=0.00472067, epochs_since_improve=0/20
2026-08-06 18:47:34 INFO  scripts.synthetic_model_comparison.training.training_pipeline | epoch 106/200 — train start (lr=0.00472067, batches=14)
2026-08-06 18:47:45 INFO  scripts.synthetic_model_comparison.training.training_pipeline | epoch 106/200 — train done in 11.4s | avg loss_box=1.0176 loss_cls=0.7529 loss_dfl=0.0261 loss_total=112.1884
2026-08-06 18:47:45 INFO  scripts.synthetic_model_comparison.training.evaluation | evaluating on 4 batches
2026-08-06 18:47:51 INFO  scripts.synthetic_model_comparison.training.training_pipeline | epoch 106/200 — val mAP50=0.7809 mAP50_95=0.5264 (selection mAP50_95=0.5264)
2026-08-06 18:47:52 INFO  scripts.synthetic_model_comparison.training.evaluation | mlflow: logged val/mAP50=0.7809 val/mAP50_95=0.5264 (step=105)
2026-08-06 18:47:52 INFO  scripts.synthetic_model_comparison.training.evaluation | mlflow: logged val per-class AP table (12 classes)
2026-08-06 18:47:52 INFO  scripts.synthetic_model_comparison.training.training_pipeline | saved checkpoint: /home/debian/Master-Thesis/scripts/synthetic_model_comparison/training/model_exports/yolo26n-gpt-image-2-low-full-seed43-20260806-181451/last.pt
2026-08-06 18:47:53 INFO  scripts.synthetic_model_comparison.training.training_pipeline | epoch 106/200 done — next lr=0.00464118, epochs_since_improve=1/20
2026-08-06 18:47:53 INFO  scripts.synthetic_model_comparison.training.training_pipeline | epoch 107/200 — train start (lr=0.00464118, batches=14)
2026-08-06 18:48:04 INFO  scripts.synthetic_model_comparison.training.training_pipeline | epoch 107/200 — train done in 11.0s | avg loss_box=1.0280 loss_cls=0.7540 loss_dfl=0.0268 loss_total=113.2723
2026-08-06 18:48:04 INFO  scripts.synthetic_model_comparison.training.evaluation | evaluating on 4 batches
2026-08-06 18:48:09 INFO  scripts.synthetic_model_comparison.training.training_pipeline | epoch 107/200 — val mAP50=0.7952 mAP50_95=0.5319 (selection mAP50_95=0.5319)
2026-08-06 18:48:10 INFO  scripts.synthetic_model_comparison.training.evaluation | mlflow: logged val/mAP50=0.7952 val/mAP50_95=0.5319 (step=106)
2026-08-06 18:48:10 INFO  scripts.synthetic_model_comparison.training.evaluation | mlflow: logged val per-class AP table (12 classes)
2026-08-06 18:48:11 INFO  scripts.synthetic_model_comparison.training.training_pipeline | saved checkpoint: /home/debian/Master-Thesis/scripts/synthetic_model_comparison/training/model_exports/yolo26n-gpt-image-2-low-full-seed43-20260806-181451/last.pt
2026-08-06 18:48:11 INFO  scripts.synthetic_model_comparison.training.training_pipeline | epoch 107/200 done — next lr=0.00456179, epochs_since_improve=2/20
2026-08-06 18:48:11 INFO  scripts.synthetic_model_comparison.training.training_pipeline | epoch 108/200 — train start (lr=0.00456179, batches=14)
2026-08-06 18:48:18 INFO  scripts.synthetic_model_comparison.training.training_pipeline | step 1500 | loss_box=0.9259 loss_cls=0.6377 loss_dfl=0.0230 loss_total=99.3973 lr=0.00454479
2026-08-06 18:48:24 INFO  scripts.synthetic_model_comparison.training.training_pipeline | epoch 108/200 — train done in 12.8s | avg loss_box=1.0170 loss_cls=0.7349 loss_dfl=0.0268 loss_total=111.1132
2026-08-06 18:48:24 INFO  scripts.synthetic_model_comparison.training.evaluation | evaluating on 4 batches
2026-08-06 18:48:29 INFO  scripts.synthetic_model_comparison.training.training_pipeline | epoch 108/200 — val mAP50=0.7906 mAP50_95=0.5372 (selection mAP50_95=0.5372)
2026-08-06 18:48:30 INFO  scripts.synthetic_model_comparison.training.evaluation | mlflow: logged val/mAP50=0.7906 val/mAP50_95=0.5372 (step=107)
2026-08-06 18:48:30 INFO  scripts.synthetic_model_comparison.training.evaluation | mlflow: logged val per-class AP table (12 classes)
2026-08-06 18:48:31 INFO  scripts.synthetic_model_comparison.training.training_pipeline | saved checkpoint: /home/debian/Master-Thesis/scripts/synthetic_model_comparison/training/model_exports/yolo26n-gpt-image-2-low-full-seed43-20260806-181451/last.pt
2026-08-06 18:48:31 INFO  scripts.synthetic_model_comparison.training.training_pipeline | epoch 108/200 done — next lr=0.0044825, epochs_since_improve=3/20
2026-08-06 18:48:31 INFO  scripts.synthetic_model_comparison.training.training_pipeline | epoch 109/200 — train start (lr=0.0044825, batches=14)
2026-08-06 18:48:42 INFO  scripts.synthetic_model_comparison.training.training_pipeline | epoch 109/200 — train done in 11.3s | avg loss_box=1.0137 loss_cls=0.7385 loss_dfl=0.0261 loss_total=110.9966
2026-08-06 18:48:42 INFO  scripts.synthetic_model_comparison.training.evaluation | evaluating on 4 batches
2026-08-06 18:48:48 INFO  scripts.synthetic_model_comparison.training.training_pipeline | epoch 109/200 — val mAP50=0.7745 mAP50_95=0.5323 (selection mAP50_95=0.5323)
2026-08-06 18:48:48 INFO  scripts.synthetic_model_comparison.training.evaluation | mlflow: logged val/mAP50=0.7745 val/mAP50_95=0.5323 (step=108)
2026-08-06 18:48:49 INFO  scripts.synthetic_model_comparison.training.evaluation | mlflow: logged val per-class AP table (12 classes)
2026-08-06 18:48:49 INFO  scripts.synthetic_model_comparison.training.training_pipeline | saved checkpoint: /home/debian/Master-Thesis/scripts/synthetic_model_comparison/training/model_exports/yolo26n-gpt-image-2-low-full-seed43-20260806-181451/last.pt
2026-08-06 18:48:49 INFO  scripts.synthetic_model_comparison.training.training_pipeline | epoch 109/200 done — next lr=0.00440335, epochs_since_improve=4/20
2026-08-06 18:48:49 INFO  scripts.synthetic_model_comparison.training.training_pipeline | epoch 110/200 — train start (lr=0.00440335, batches=14)
2026-08-06 18:49:00 INFO  scripts.synthetic_model_comparison.training.training_pipeline | epoch 110/200 — train done in 10.9s | avg loss_box=0.9993 loss_cls=0.7130 loss_dfl=0.0253 loss_total=108.2776
2026-08-06 18:49:00 INFO  scripts.synthetic_model_comparison.training.evaluation | evaluating on 4 batches
2026-08-06 18:49:06 INFO  scripts.synthetic_model_comparison.training.training_pipeline | epoch 110/200 — val mAP50=0.8036 mAP50_95=0.5442 (selection mAP50_95=0.5442)
2026-08-06 18:49:07 INFO  scripts.synthetic_model_comparison.training.evaluation | mlflow: logged val/mAP50=0.8036 val/mAP50_95=0.5442 (step=109)
2026-08-06 18:49:07 INFO  scripts.synthetic_model_comparison.training.evaluation | mlflow: logged val per-class AP table (12 classes)
2026-08-06 18:49:07 INFO  scripts.synthetic_model_comparison.training.training_pipeline | saved checkpoint: /home/debian/Master-Thesis/scripts/synthetic_model_comparison/training/model_exports/yolo26n-gpt-image-2-low-full-seed43-20260806-181451/best.pt
2026-08-06 18:49:07 INFO  scripts.synthetic_model_comparison.training.training_pipeline | new best mAP50_95=0.5442 at epoch 110
2026-08-06 18:49:07 INFO  scripts.synthetic_model_comparison.training.training_pipeline | saved checkpoint: /home/debian/Master-Thesis/scripts/synthetic_model_comparison/training/model_exports/yolo26n-gpt-image-2-low-full-seed43-20260806-181451/last.pt
2026-08-06 18:49:07 INFO  scripts.synthetic_model_comparison.training.training_pipeline | epoch 110/200 done — next lr=0.00432436, epochs_since_improve=0/20
2026-08-06 18:49:07 INFO  scripts.synthetic_model_comparison.training.training_pipeline | epoch 111/200 — train start (lr=0.00432436, batches=14)
2026-08-06 18:49:18 INFO  scripts.synthetic_model_comparison.training.training_pipeline | step 1550 | loss_box=0.9775 loss_cls=0.6611 loss_dfl=0.0257 loss_total=104.8311 lr=0.00426241
2026-08-06 18:49:21 INFO  scripts.synthetic_model_comparison.training.training_pipeline | epoch 111/200 — train done in 13.1s | avg loss_box=0.9701 loss_cls=0.7066 loss_dfl=0.0250 loss_total=107.0667
2026-08-06 18:49:21 INFO  scripts.synthetic_model_comparison.training.evaluation | evaluating on 4 batches
2026-08-06 18:49:26 INFO  scripts.synthetic_model_comparison.training.training_pipeline | epoch 111/200 — val mAP50=0.8120 mAP50_95=0.5557 (selection mAP50_95=0.5557)
2026-08-06 18:49:27 INFO  scripts.synthetic_model_comparison.training.evaluation | mlflow: logged val/mAP50=0.8120 val/mAP50_95=0.5557 (step=110)
2026-08-06 18:49:27 INFO  scripts.synthetic_model_comparison.training.evaluation | mlflow: logged val per-class AP table (12 classes)
2026-08-06 18:49:27 INFO  scripts.synthetic_model_comparison.training.training_pipeline | saved checkpoint: /home/debian/Master-Thesis/scripts/synthetic_model_comparison/training/model_exports/yolo26n-gpt-image-2-low-full-seed43-20260806-181451/best.pt
2026-08-06 18:49:27 INFO  scripts.synthetic_model_comparison.training.training_pipeline | new best mAP50_95=0.5557 at epoch 111
2026-08-06 18:49:28 INFO  scripts.synthetic_model_comparison.training.training_pipeline | saved checkpoint: /home/debian/Master-Thesis/scripts/synthetic_model_comparison/training/model_exports/yolo26n-gpt-image-2-low-full-seed43-20260806-181451/last.pt
2026-08-06 18:49:28 INFO  scripts.synthetic_model_comparison.training.training_pipeline | epoch 111/200 done — next lr=0.00424553, epochs_since_improve=0/20
2026-08-06 18:49:28 INFO  scripts.synthetic_model_comparison.training.training_pipeline | epoch 112/200 — train start (lr=0.00424553, batches=14)
2026-08-06 18:49:39 INFO  scripts.synthetic_model_comparison.training.training_pipeline | epoch 112/200 — train done in 11.0s | avg loss_box=0.9733 loss_cls=0.6950 loss_dfl=0.0247 loss_total=106.5218
2026-08-06 18:49:39 INFO  scripts.synthetic_model_comparison.training.evaluation | evaluating on 4 batches
2026-08-06 18:49:45 INFO  scripts.synthetic_model_comparison.training.training_pipeline | epoch 112/200 — val mAP50=0.7968 mAP50_95=0.5350 (selection mAP50_95=0.5350)
2026-08-06 18:49:45 INFO  scripts.synthetic_model_comparison.training.evaluation | mlflow: logged val/mAP50=0.7968 val/mAP50_95=0.5350 (step=111)
2026-08-06 18:49:46 INFO  scripts.synthetic_model_comparison.training.evaluation | mlflow: logged val per-class AP table (12 classes)
2026-08-06 18:49:46 INFO  scripts.synthetic_model_comparison.training.training_pipeline | saved checkpoint: /home/debian/Master-Thesis/scripts/synthetic_model_comparison/training/model_exports/yolo26n-gpt-image-2-low-full-seed43-20260806-181451/last.pt
2026-08-06 18:49:46 INFO  scripts.synthetic_model_comparison.training.training_pipeline | epoch 112/200 done — next lr=0.0041669, epochs_since_improve=1/20
2026-08-06 18:49:46 INFO  scripts.synthetic_model_comparison.training.training_pipeline | epoch 113/200 — train start (lr=0.0041669, batches=14)
2026-08-06 18:49:57 INFO  scripts.synthetic_model_comparison.training.training_pipeline | epoch 113/200 — train done in 11.0s | avg loss_box=0.9436 loss_cls=0.6790 loss_dfl=0.0245 loss_total=103.6685
2026-08-06 18:49:57 INFO  scripts.synthetic_model_comparison.training.evaluation | evaluating on 4 batches
2026-08-06 18:50:03 INFO  scripts.synthetic_model_comparison.training.training_pipeline | epoch 113/200 — val mAP50=0.8089 mAP50_95=0.5411 (selection mAP50_95=0.5411)
2026-08-06 18:50:04 INFO  scripts.synthetic_model_comparison.training.evaluation | mlflow: logged val/mAP50=0.8089 val/mAP50_95=0.5411 (step=112)
2026-08-06 18:50:04 INFO  scripts.synthetic_model_comparison.training.evaluation | mlflow: logged val per-class AP table (12 classes)
2026-08-06 18:50:04 INFO  scripts.synthetic_model_comparison.training.training_pipeline | saved checkpoint: /home/debian/Master-Thesis/scripts/synthetic_model_comparison/training/model_exports/yolo26n-gpt-image-2-low-full-seed43-20260806-181451/last.pt
2026-08-06 18:50:04 INFO  scripts.synthetic_model_comparison.training.training_pipeline | epoch 113/200 done — next lr=0.00408849, epochs_since_improve=2/20
2026-08-06 18:50:04 INFO  scripts.synthetic_model_comparison.training.training_pipeline | epoch 114/200 — train start (lr=0.00408849, batches=14)
2026-08-06 18:50:16 INFO  scripts.synthetic_model_comparison.training.training_pipeline | epoch 114/200 — train done in 11.1s | avg loss_box=0.9892 loss_cls=0.6878 loss_dfl=0.0257 loss_total=106.7944
2026-08-06 18:50:16 INFO  scripts.synthetic_model_comparison.training.evaluation | evaluating on 4 batches
2026-08-06 18:50:21 INFO  scripts.synthetic_model_comparison.training.training_pipeline | epoch 114/200 — val mAP50=0.7678 mAP50_95=0.5302 (selection mAP50_95=0.5302)
2026-08-06 18:50:22 INFO  scripts.synthetic_model_comparison.training.evaluation | mlflow: logged val/mAP50=0.7678 val/mAP50_95=0.5302 (step=113)
2026-08-06 18:50:22 INFO  scripts.synthetic_model_comparison.training.evaluation | mlflow: logged val per-class AP table (12 classes)
2026-08-06 18:50:22 INFO  scripts.synthetic_model_comparison.training.training_pipeline | saved checkpoint: /home/debian/Master-Thesis/scripts/synthetic_model_comparison/training/model_exports/yolo26n-gpt-image-2-low-full-seed43-20260806-181451/last.pt
2026-08-06 18:50:23 INFO  scripts.synthetic_model_comparison.training.training_pipeline | epoch 114/200 done — next lr=0.0040103, epochs_since_improve=3/20
2026-08-06 18:50:23 INFO  scripts.synthetic_model_comparison.training.training_pipeline | epoch 115/200 — train start (lr=0.0040103, batches=14)
2026-08-06 18:50:30 INFO  scripts.synthetic_model_comparison.training.training_pipeline | step 1600 | loss_box=0.8863 loss_cls=0.6741 loss_dfl=0.0234 loss_total=98.9675 lr=0.00398244
2026-08-06 18:50:35 INFO  scripts.synthetic_model_comparison.training.training_pipeline | epoch 115/200 — train done in 12.7s | avg loss_box=0.9564 loss_cls=0.6921 loss_dfl=0.0247 loss_total=104.7453
2026-08-06 18:50:35 INFO  scripts.synthetic_model_comparison.training.evaluation | evaluating on 4 batches
2026-08-06 18:50:41 INFO  scripts.synthetic_model_comparison.training.training_pipeline | epoch 115/200 — val mAP50=0.8399 mAP50_95=0.5799 (selection mAP50_95=0.5799)
2026-08-06 18:50:42 INFO  scripts.synthetic_model_comparison.training.evaluation | mlflow: logged val/mAP50=0.8399 val/mAP50_95=0.5799 (step=114)
2026-08-06 18:50:42 INFO  scripts.synthetic_model_comparison.training.evaluation | mlflow: logged val per-class AP table (12 classes)
2026-08-06 18:50:42 INFO  scripts.synthetic_model_comparison.training.training_pipeline | saved checkpoint: /home/debian/Master-Thesis/scripts/synthetic_model_comparison/training/model_exports/yolo26n-gpt-image-2-low-full-seed43-20260806-181451/best.pt
2026-08-06 18:50:42 INFO  scripts.synthetic_model_comparison.training.training_pipeline | new best mAP50_95=0.5799 at epoch 115
2026-08-06 18:50:42 INFO  scripts.synthetic_model_comparison.training.training_pipeline | saved checkpoint: /home/debian/Master-Thesis/scripts/synthetic_model_comparison/training/model_exports/yolo26n-gpt-image-2-low-full-seed43-20260806-181451/last.pt
2026-08-06 18:50:43 INFO  scripts.synthetic_model_comparison.training.training_pipeline | epoch 115/200 done — next lr=0.00393237, epochs_since_improve=0/20
2026-08-06 18:50:43 INFO  scripts.synthetic_model_comparison.training.training_pipeline | epoch 116/200 — train start (lr=0.00393237, batches=14)
2026-08-06 18:50:54 INFO  scripts.synthetic_model_comparison.training.training_pipeline | epoch 116/200 — train done in 11.3s | avg loss_box=0.9746 loss_cls=0.6416 loss_dfl=0.0253 loss_total=102.9376
2026-08-06 18:50:54 INFO  scripts.synthetic_model_comparison.training.evaluation | evaluating on 4 batches
2026-08-06 18:51:00 INFO  scripts.synthetic_model_comparison.training.training_pipeline | epoch 116/200 — val mAP50=0.8253 mAP50_95=0.5673 (selection mAP50_95=0.5673)
2026-08-06 18:51:01 INFO  scripts.synthetic_model_comparison.training.evaluation | mlflow: logged val/mAP50=0.8253 val/mAP50_95=0.5673 (step=115)
2026-08-06 18:51:01 INFO  scripts.synthetic_model_comparison.training.evaluation | mlflow: logged val per-class AP table (12 classes)
2026-08-06 18:51:01 INFO  scripts.synthetic_model_comparison.training.training_pipeline | saved checkpoint: /home/debian/Master-Thesis/scripts/synthetic_model_comparison/training/model_exports/yolo26n-gpt-image-2-low-full-seed43-20260806-181451/last.pt
2026-08-06 18:51:01 INFO  scripts.synthetic_model_comparison.training.training_pipeline | epoch 116/200 done — next lr=0.00385471, epochs_since_improve=1/20
2026-08-06 18:51:01 INFO  scripts.synthetic_model_comparison.training.training_pipeline | epoch 117/200 — train start (lr=0.00385471, batches=14)
2026-08-06 18:51:13 INFO  scripts.synthetic_model_comparison.training.training_pipeline | epoch 117/200 — train done in 11.3s | avg loss_box=0.9202 loss_cls=0.6495 loss_dfl=0.0234 loss_total=100.2557
2026-08-06 18:51:13 INFO  scripts.synthetic_model_comparison.training.evaluation | evaluating on 4 batches
2026-08-06 18:51:19 INFO  scripts.synthetic_model_comparison.training.training_pipeline | epoch 117/200 — val mAP50=0.7894 mAP50_95=0.5340 (selection mAP50_95=0.5340)
2026-08-06 18:51:19 INFO  scripts.synthetic_model_comparison.training.evaluation | mlflow: logged val/mAP50=0.7894 val/mAP50_95=0.5340 (step=116)
2026-08-06 18:51:20 INFO  scripts.synthetic_model_comparison.training.evaluation | mlflow: logged val per-class AP table (12 classes)
2026-08-06 18:51:20 INFO  scripts.synthetic_model_comparison.training.training_pipeline | saved checkpoint: /home/debian/Master-Thesis/scripts/synthetic_model_comparison/training/model_exports/yolo26n-gpt-image-2-low-full-seed43-20260806-181451/last.pt
2026-08-06 18:51:20 INFO  scripts.synthetic_model_comparison.training.training_pipeline | epoch 117/200 done — next lr=0.00377735, epochs_since_improve=2/20
2026-08-06 18:51:20 INFO  scripts.synthetic_model_comparison.training.training_pipeline | epoch 118/200 — train start (lr=0.00377735, batches=14)
2026-08-06 18:51:31 INFO  scripts.synthetic_model_comparison.training.training_pipeline | step 1650 | loss_box=0.8807 loss_cls=0.6995 loss_dfl=0.0213 loss_total=99.0601 lr=0.00370579
2026-08-06 18:51:33 INFO  scripts.synthetic_model_comparison.training.training_pipeline | epoch 118/200 — train done in 12.7s | avg loss_box=0.9472 loss_cls=0.6425 loss_dfl=0.0249 loss_total=101.9400
2026-08-06 18:51:33 INFO  scripts.synthetic_model_comparison.training.evaluation | evaluating on 4 batches
2026-08-06 18:51:38 INFO  scripts.synthetic_model_comparison.training.training_pipeline | epoch 118/200 — val mAP50=0.7812 mAP50_95=0.5290 (selection mAP50_95=0.5290)
2026-08-06 18:51:39 INFO  scripts.synthetic_model_comparison.training.evaluation | mlflow: logged val/mAP50=0.7812 val/mAP50_95=0.5290 (step=117)
2026-08-06 18:51:39 INFO  scripts.synthetic_model_comparison.training.evaluation | mlflow: logged val per-class AP table (12 classes)
2026-08-06 18:51:39 INFO  scripts.synthetic_model_comparison.training.training_pipeline | saved checkpoint: /home/debian/Master-Thesis/scripts/synthetic_model_comparison/training/model_exports/yolo26n-gpt-image-2-low-full-seed43-20260806-181451/last.pt
2026-08-06 18:51:40 INFO  scripts.synthetic_model_comparison.training.training_pipeline | epoch 118/200 done — next lr=0.0037003, epochs_since_improve=3/20
2026-08-06 18:51:40 INFO  scripts.synthetic_model_comparison.training.training_pipeline | epoch 119/200 — train start (lr=0.0037003, batches=14)
2026-08-06 18:51:50 INFO  scripts.synthetic_model_comparison.training.training_pipeline | epoch 119/200 — train done in 10.7s | avg loss_box=0.9129 loss_cls=0.6542 loss_dfl=0.0238 loss_total=100.1982
2026-08-06 18:51:50 INFO  scripts.synthetic_model_comparison.training.evaluation | evaluating on 4 batches
2026-08-06 18:51:56 INFO  scripts.synthetic_model_comparison.training.training_pipeline | epoch 119/200 — val mAP50=0.7906 mAP50_95=0.5493 (selection mAP50_95=0.5493)
2026-08-06 18:51:57 INFO  scripts.synthetic_model_comparison.training.evaluation | mlflow: logged val/mAP50=0.7906 val/mAP50_95=0.5493 (step=118)
2026-08-06 18:51:57 INFO  scripts.synthetic_model_comparison.training.evaluation | mlflow: logged val per-class AP table (12 classes)
2026-08-06 18:51:57 INFO  scripts.synthetic_model_comparison.training.training_pipeline | saved checkpoint: /home/debian/Master-Thesis/scripts/synthetic_model_comparison/training/model_exports/yolo26n-gpt-image-2-low-full-seed43-20260806-181451/last.pt
2026-08-06 18:51:58 INFO  scripts.synthetic_model_comparison.training.training_pipeline | epoch 119/200 done — next lr=0.00362357, epochs_since_improve=4/20
2026-08-06 18:51:58 INFO  scripts.synthetic_model_comparison.training.training_pipeline | epoch 120/200 — train start (lr=0.00362357, batches=14)
2026-08-06 18:52:09 INFO  scripts.synthetic_model_comparison.training.training_pipeline | epoch 120/200 — train done in 10.8s | avg loss_box=0.9148 loss_cls=0.6145 loss_dfl=0.0234 loss_total=98.0772
2026-08-06 18:52:09 INFO  scripts.synthetic_model_comparison.training.evaluation | evaluating on 4 batches
2026-08-06 18:52:14 INFO  scripts.synthetic_model_comparison.training.training_pipeline | epoch 120/200 — val mAP50=0.8150 mAP50_95=0.5633 (selection mAP50_95=0.5633)
2026-08-06 18:52:15 INFO  scripts.synthetic_model_comparison.training.evaluation | mlflow: logged val/mAP50=0.8150 val/mAP50_95=0.5633 (step=119)
2026-08-06 18:52:15 INFO  scripts.synthetic_model_comparison.training.evaluation | mlflow: logged val per-class AP table (12 classes)
2026-08-06 18:52:15 INFO  scripts.synthetic_model_comparison.training.training_pipeline | saved checkpoint: /home/debian/Master-Thesis/scripts/synthetic_model_comparison/training/model_exports/yolo26n-gpt-image-2-low-full-seed43-20260806-181451/last.pt
2026-08-06 18:52:16 INFO  scripts.synthetic_model_comparison.training.training_pipeline | epoch 120/200 done — next lr=0.0035472, epochs_since_improve=5/20
2026-08-06 18:52:16 INFO  scripts.synthetic_model_comparison.training.training_pipeline | epoch 121/200 — train start (lr=0.0035472, batches=14)
2026-08-06 18:52:27 INFO  scripts.synthetic_model_comparison.training.training_pipeline | epoch 121/200 — train done in 11.6s | avg loss_box=0.8945 loss_cls=0.6357 loss_dfl=0.0229 loss_total=98.1011
2026-08-06 18:52:27 INFO  scripts.synthetic_model_comparison.training.evaluation | evaluating on 4 batches
2026-08-06 18:52:33 INFO  scripts.synthetic_model_comparison.training.training_pipeline | epoch 121/200 — val mAP50=0.8239 mAP50_95=0.5665 (selection mAP50_95=0.5665)
2026-08-06 18:52:34 INFO  scripts.synthetic_model_comparison.training.evaluation | mlflow: logged val/mAP50=0.8239 val/mAP50_95=0.5665 (step=120)
2026-08-06 18:52:34 INFO  scripts.synthetic_model_comparison.training.evaluation | mlflow: logged val per-class AP table (12 classes)
2026-08-06 18:52:34 INFO  scripts.synthetic_model_comparison.training.training_pipeline | saved checkpoint: /home/debian/Master-Thesis/scripts/synthetic_model_comparison/training/model_exports/yolo26n-gpt-image-2-low-full-seed43-20260806-181451/last.pt
2026-08-06 18:52:35 INFO  scripts.synthetic_model_comparison.training.training_pipeline | epoch 121/200 done — next lr=0.0034712, epochs_since_improve=6/20
2026-08-06 18:52:35 INFO  scripts.synthetic_model_comparison.training.training_pipeline | epoch 122/200 — train start (lr=0.0034712, batches=14)
2026-08-06 18:52:43 INFO  scripts.synthetic_model_comparison.training.training_pipeline | step 1700 | loss_box=0.9482 loss_cls=0.5538 loss_dfl=0.0241 loss_total=96.7692 lr=0.00343335
2026-08-06 18:52:47 INFO  scripts.synthetic_model_comparison.training.training_pipeline | epoch 122/200 — train done in 12.0s | avg loss_box=0.8984 loss_cls=0.6183 loss_dfl=0.0229 loss_total=97.0237
2026-08-06 18:52:47 INFO  scripts.synthetic_model_comparison.training.evaluation | evaluating on 4 batches
2026-08-06 18:52:53 INFO  scripts.synthetic_model_comparison.training.training_pipeline | epoch 122/200 — val mAP50=0.8156 mAP50_95=0.5607 (selection mAP50_95=0.5607)
2026-08-06 18:52:53 INFO  scripts.synthetic_model_comparison.training.evaluation | mlflow: logged val/mAP50=0.8156 val/mAP50_95=0.5607 (step=121)
2026-08-06 18:52:54 INFO  scripts.synthetic_model_comparison.training.evaluation | mlflow: logged val per-class AP table (12 classes)
2026-08-06 18:52:54 INFO  scripts.synthetic_model_comparison.training.training_pipeline | saved checkpoint: /home/debian/Master-Thesis/scripts/synthetic_model_comparison/training/model_exports/yolo26n-gpt-image-2-low-full-seed43-20260806-181451/last.pt
2026-08-06 18:52:54 INFO  scripts.synthetic_model_comparison.training.training_pipeline | epoch 122/200 done — next lr=0.00339559, epochs_since_improve=7/20
2026-08-06 18:52:54 INFO  scripts.synthetic_model_comparison.training.training_pipeline | epoch 123/200 — train start (lr=0.00339559, batches=14)
2026-08-06 18:53:05 INFO  scripts.synthetic_model_comparison.training.training_pipeline | epoch 123/200 — train done in 10.5s | avg loss_box=0.9128 loss_cls=0.6102 loss_dfl=0.0232 loss_total=97.9317
2026-08-06 18:53:05 INFO  scripts.synthetic_model_comparison.training.evaluation | evaluating on 4 batches
2026-08-06 18:53:10 INFO  scripts.synthetic_model_comparison.training.training_pipeline | epoch 123/200 — val mAP50=0.8362 mAP50_95=0.5916 (selection mAP50_95=0.5916)
2026-08-06 18:53:11 INFO  scripts.synthetic_model_comparison.training.evaluation | mlflow: logged val/mAP50=0.8362 val/mAP50_95=0.5916 (step=122)
2026-08-06 18:53:11 INFO  scripts.synthetic_model_comparison.training.evaluation | mlflow: logged val per-class AP table (12 classes)
2026-08-06 18:53:11 INFO  scripts.synthetic_model_comparison.training.training_pipeline | saved checkpoint: /home/debian/Master-Thesis/scripts/synthetic_model_comparison/training/model_exports/yolo26n-gpt-image-2-low-full-seed43-20260806-181451/best.pt
2026-08-06 18:53:11 INFO  scripts.synthetic_model_comparison.training.training_pipeline | new best mAP50_95=0.5916 at epoch 123
2026-08-06 18:53:12 INFO  scripts.synthetic_model_comparison.training.training_pipeline | saved checkpoint: /home/debian/Master-Thesis/scripts/synthetic_model_comparison/training/model_exports/yolo26n-gpt-image-2-low-full-seed43-20260806-181451/last.pt
2026-08-06 18:53:12 INFO  scripts.synthetic_model_comparison.training.training_pipeline | epoch 123/200 done — next lr=0.00332039, epochs_since_improve=0/20
2026-08-06 18:53:12 INFO  scripts.synthetic_model_comparison.training.training_pipeline | epoch 124/200 — train start (lr=0.00332039, batches=14)
2026-08-06 18:53:23 INFO  scripts.synthetic_model_comparison.training.training_pipeline | epoch 124/200 — train done in 10.6s | avg loss_box=0.8773 loss_cls=0.5900 loss_dfl=0.0221 loss_total=94.5107
2026-08-06 18:53:23 INFO  scripts.synthetic_model_comparison.training.evaluation | evaluating on 4 batches
2026-08-06 18:53:28 INFO  scripts.synthetic_model_comparison.training.training_pipeline | epoch 124/200 — val mAP50=0.8241 mAP50_95=0.5740 (selection mAP50_95=0.5740)
2026-08-06 18:53:29 INFO  scripts.synthetic_model_comparison.training.evaluation | mlflow: logged val/mAP50=0.8241 val/mAP50_95=0.5740 (step=123)
2026-08-06 18:53:29 INFO  scripts.synthetic_model_comparison.training.evaluation | mlflow: logged val per-class AP table (12 classes)
2026-08-06 18:53:30 INFO  scripts.synthetic_model_comparison.training.training_pipeline | saved checkpoint: /home/debian/Master-Thesis/scripts/synthetic_model_comparison/training/model_exports/yolo26n-gpt-image-2-low-full-seed43-20260806-181451/last.pt
2026-08-06 18:53:30 INFO  scripts.synthetic_model_comparison.training.training_pipeline | epoch 124/200 done — next lr=0.00324562, epochs_since_improve=1/20
2026-08-06 18:53:30 INFO  scripts.synthetic_model_comparison.training.training_pipeline | epoch 125/200 — train start (lr=0.00324562, batches=14)
2026-08-06 18:53:41 INFO  scripts.synthetic_model_comparison.training.training_pipeline | epoch 125/200 — train done in 11.0s | avg loss_box=0.8916 loss_cls=0.6127 loss_dfl=0.0224 loss_total=96.0257
2026-08-06 18:53:41 INFO  scripts.synthetic_model_comparison.training.evaluation | evaluating on 4 batches
2026-08-06 18:53:47 INFO  scripts.synthetic_model_comparison.training.training_pipeline | epoch 125/200 — val mAP50=0.8289 mAP50_95=0.5728 (selection mAP50_95=0.5728)
2026-08-06 18:53:47 INFO  scripts.synthetic_model_comparison.training.evaluation | mlflow: logged val/mAP50=0.8289 val/mAP50_95=0.5728 (step=124)
2026-08-06 18:53:48 INFO  scripts.synthetic_model_comparison.training.evaluation | mlflow: logged val per-class AP table (12 classes)
2026-08-06 18:53:48 INFO  scripts.synthetic_model_comparison.training.training_pipeline | saved checkpoint: /home/debian/Master-Thesis/scripts/synthetic_model_comparison/training/model_exports/yolo26n-gpt-image-2-low-full-seed43-20260806-181451/last.pt
2026-08-06 18:53:48 INFO  scripts.synthetic_model_comparison.training.training_pipeline | epoch 125/200 done — next lr=0.0031713, epochs_since_improve=2/20
2026-08-06 18:53:48 INFO  scripts.synthetic_model_comparison.training.training_pipeline | epoch 126/200 — train start (lr=0.0031713, batches=14)
2026-08-06 18:53:54 INFO  scripts.synthetic_model_comparison.training.training_pipeline | step 1750 | loss_box=0.9069 loss_cls=0.5526 loss_dfl=0.0210 loss_total=94.7020 lr=0.00316601
2026-08-06 18:54:01 INFO  scripts.synthetic_model_comparison.training.training_pipeline | epoch 126/200 — train done in 12.7s | avg loss_box=0.8485 loss_cls=0.6174 loss_dfl=0.0214 loss_total=94.7682
2026-08-06 18:54:01 INFO  scripts.synthetic_model_comparison.training.evaluation | evaluating on 4 batches
2026-08-06 18:54:07 INFO  scripts.synthetic_model_comparison.training.training_pipeline | epoch 126/200 — val mAP50=0.8171 mAP50_95=0.5601 (selection mAP50_95=0.5601)
2026-08-06 18:54:07 INFO  scripts.synthetic_model_comparison.training.evaluation | mlflow: logged val/mAP50=0.8171 val/mAP50_95=0.5601 (step=125)
2026-08-06 18:54:08 INFO  scripts.synthetic_model_comparison.training.evaluation | mlflow: logged val per-class AP table (12 classes)
2026-08-06 18:54:08 INFO  scripts.synthetic_model_comparison.training.training_pipeline | saved checkpoint: /home/debian/Master-Thesis/scripts/synthetic_model_comparison/training/model_exports/yolo26n-gpt-image-2-low-full-seed43-20260806-181451/last.pt
2026-08-06 18:54:08 INFO  scripts.synthetic_model_comparison.training.training_pipeline | epoch 126/200 done — next lr=0.00309744, epochs_since_improve=3/20
2026-08-06 18:54:08 INFO  scripts.synthetic_model_comparison.training.training_pipeline | epoch 127/200 — train start (lr=0.00309744, batches=14)
2026-08-06 18:54:20 INFO  scripts.synthetic_model_comparison.training.training_pipeline | epoch 127/200 — train done in 11.4s | avg loss_box=0.8736 loss_cls=0.5888 loss_dfl=0.0222 loss_total=94.2591
2026-08-06 18:54:20 INFO  scripts.synthetic_model_comparison.training.evaluation | evaluating on 4 batches
2026-08-06 18:54:25 INFO  scripts.synthetic_model_comparison.training.training_pipeline | epoch 127/200 — val mAP50=0.8267 mAP50_95=0.5737 (selection mAP50_95=0.5737)
2026-08-06 18:54:26 INFO  scripts.synthetic_model_comparison.training.evaluation | mlflow: logged val/mAP50=0.8267 val/mAP50_95=0.5737 (step=126)
2026-08-06 18:54:26 INFO  scripts.synthetic_model_comparison.training.evaluation | mlflow: logged val per-class AP table (12 classes)
2026-08-06 18:54:26 INFO  scripts.synthetic_model_comparison.training.training_pipeline | saved checkpoint: /home/debian/Master-Thesis/scripts/synthetic_model_comparison/training/model_exports/yolo26n-gpt-image-2-low-full-seed43-20260806-181451/last.pt
2026-08-06 18:54:27 INFO  scripts.synthetic_model_comparison.training.training_pipeline | epoch 127/200 done — next lr=0.00302407, epochs_since_improve=4/20
2026-08-06 18:54:27 INFO  scripts.synthetic_model_comparison.training.training_pipeline | epoch 128/200 — train start (lr=0.00302407, batches=14)
2026-08-06 18:54:38 INFO  scripts.synthetic_model_comparison.training.training_pipeline | epoch 128/200 — train done in 11.0s | avg loss_box=0.8501 loss_cls=0.6078 loss_dfl=0.0218 loss_total=93.5853
2026-08-06 18:54:38 INFO  scripts.synthetic_model_comparison.training.evaluation | evaluating on 4 batches
2026-08-06 18:54:44 INFO  scripts.synthetic_model_comparison.training.training_pipeline | epoch 128/200 — val mAP50=0.8458 mAP50_95=0.5825 (selection mAP50_95=0.5825)
2026-08-06 18:54:44 INFO  scripts.synthetic_model_comparison.training.evaluation | mlflow: logged val/mAP50=0.8458 val/mAP50_95=0.5825 (step=127)
2026-08-06 18:54:44 INFO  scripts.synthetic_model_comparison.training.evaluation | mlflow: logged val per-class AP table (12 classes)
2026-08-06 18:54:45 INFO  scripts.synthetic_model_comparison.training.training_pipeline | saved checkpoint: /home/debian/Master-Thesis/scripts/synthetic_model_comparison/training/model_exports/yolo26n-gpt-image-2-low-full-seed43-20260806-181451/last.pt
2026-08-06 18:54:45 INFO  scripts.synthetic_model_comparison.training.training_pipeline | epoch 128/200 done — next lr=0.0029512, epochs_since_improve=5/20
2026-08-06 18:54:45 INFO  scripts.synthetic_model_comparison.training.training_pipeline | epoch 129/200 — train start (lr=0.0029512, batches=14)
2026-08-06 18:54:55 INFO  scripts.synthetic_model_comparison.training.training_pipeline | step 1800 | loss_box=0.9204 loss_cls=0.5903 loss_dfl=0.0258 loss_total=98.0885 lr=0.00290463
2026-08-06 18:54:58 INFO  scripts.synthetic_model_comparison.training.training_pipeline | epoch 129/200 — train done in 13.0s | avg loss_box=0.8376 loss_cls=0.5924 loss_dfl=0.0212 loss_total=92.1036
2026-08-06 18:54:58 INFO  scripts.synthetic_model_comparison.training.evaluation | evaluating on 4 batches
2026-08-06 18:55:04 INFO  scripts.synthetic_model_comparison.training.training_pipeline | epoch 129/200 — val mAP50=0.8610 mAP50_95=0.5880 (selection mAP50_95=0.5880)
2026-08-06 18:55:04 INFO  scripts.synthetic_model_comparison.training.evaluation | mlflow: logged val/mAP50=0.8610 val/mAP50_95=0.5880 (step=128)
2026-08-06 18:55:05 INFO  scripts.synthetic_model_comparison.training.evaluation | mlflow: logged val per-class AP table (12 classes)
2026-08-06 18:55:05 INFO  scripts.synthetic_model_comparison.training.training_pipeline | saved checkpoint: /home/debian/Master-Thesis/scripts/synthetic_model_comparison/training/model_exports/yolo26n-gpt-image-2-low-full-seed43-20260806-181451/last.pt
2026-08-06 18:55:05 INFO  scripts.synthetic_model_comparison.training.training_pipeline | epoch 129/200 done — next lr=0.00287885, epochs_since_improve=6/20
2026-08-06 18:55:05 INFO  scripts.synthetic_model_comparison.training.training_pipeline | epoch 130/200 — train start (lr=0.00287885, batches=14)
2026-08-06 18:55:17 INFO  scripts.synthetic_model_comparison.training.training_pipeline | epoch 130/200 — train done in 11.4s | avg loss_box=0.8352 loss_cls=0.5750 loss_dfl=0.0214 loss_total=90.6800
2026-08-06 18:55:17 INFO  scripts.synthetic_model_comparison.training.evaluation | evaluating on 4 batches
2026-08-06 18:55:22 INFO  scripts.synthetic_model_comparison.training.training_pipeline | epoch 130/200 — val mAP50=0.8311 mAP50_95=0.5866 (selection mAP50_95=0.5866)
2026-08-06 18:55:23 INFO  scripts.synthetic_model_comparison.training.evaluation | mlflow: logged val/mAP50=0.8311 val/mAP50_95=0.5866 (step=129)
2026-08-06 18:55:23 INFO  scripts.synthetic_model_comparison.training.evaluation | mlflow: logged val per-class AP table (12 classes)
2026-08-06 18:55:23 INFO  scripts.synthetic_model_comparison.training.training_pipeline | saved checkpoint: /home/debian/Master-Thesis/scripts/synthetic_model_comparison/training/model_exports/yolo26n-gpt-image-2-low-full-seed43-20260806-181451/last.pt
2026-08-06 18:55:24 INFO  scripts.synthetic_model_comparison.training.training_pipeline | epoch 130/200 done — next lr=0.00280704, epochs_since_improve=7/20
2026-08-06 18:55:24 INFO  scripts.synthetic_model_comparison.training.training_pipeline | epoch 131/200 — train start (lr=0.00280704, batches=14)
2026-08-06 18:55:35 INFO  scripts.synthetic_model_comparison.training.training_pipeline | epoch 131/200 — train done in 11.1s | avg loss_box=0.8187 loss_cls=0.5644 loss_dfl=0.0207 loss_total=89.2772
2026-08-06 18:55:35 INFO  scripts.synthetic_model_comparison.training.evaluation | evaluating on 4 batches
2026-08-06 18:55:41 INFO  scripts.synthetic_model_comparison.training.training_pipeline | epoch 131/200 — val mAP50=0.8513 mAP50_95=0.5882 (selection mAP50_95=0.5882)
2026-08-06 18:55:41 INFO  scripts.synthetic_model_comparison.training.evaluation | mlflow: logged val/mAP50=0.8513 val/mAP50_95=0.5882 (step=130)
2026-08-06 18:55:42 INFO  scripts.synthetic_model_comparison.training.evaluation | mlflow: logged val per-class AP table (12 classes)
2026-08-06 18:55:42 INFO  scripts.synthetic_model_comparison.training.training_pipeline | saved checkpoint: /home/debian/Master-Thesis/scripts/synthetic_model_comparison/training/model_exports/yolo26n-gpt-image-2-low-full-seed43-20260806-181451/last.pt
2026-08-06 18:55:42 INFO  scripts.synthetic_model_comparison.training.training_pipeline | epoch 131/200 done — next lr=0.0027358, epochs_since_improve=8/20
2026-08-06 18:55:42 INFO  scripts.synthetic_model_comparison.training.training_pipeline | epoch 132/200 — train start (lr=0.0027358, batches=14)
2026-08-06 18:55:53 INFO  scripts.synthetic_model_comparison.training.training_pipeline | epoch 132/200 — train done in 10.6s | avg loss_box=0.7993 loss_cls=0.5740 loss_dfl=0.0201 loss_total=88.4487
2026-08-06 18:55:53 INFO  scripts.synthetic_model_comparison.training.evaluation | evaluating on 4 batches
2026-08-06 18:55:58 INFO  scripts.synthetic_model_comparison.training.training_pipeline | epoch 132/200 — val mAP50=0.8143 mAP50_95=0.5734 (selection mAP50_95=0.5734)
2026-08-06 18:55:59 INFO  scripts.synthetic_model_comparison.training.evaluation | mlflow: logged val/mAP50=0.8143 val/mAP50_95=0.5734 (step=131)
2026-08-06 18:55:59 INFO  scripts.synthetic_model_comparison.training.evaluation | mlflow: logged val per-class AP table (12 classes)
2026-08-06 18:56:00 INFO  scripts.synthetic_model_comparison.training.training_pipeline | saved checkpoint: /home/debian/Master-Thesis/scripts/synthetic_model_comparison/training/model_exports/yolo26n-gpt-image-2-low-full-seed43-20260806-181451/last.pt
2026-08-06 18:56:00 INFO  scripts.synthetic_model_comparison.training.training_pipeline | epoch 132/200 done — next lr=0.00266513, epochs_since_improve=9/20
2026-08-06 18:56:00 INFO  scripts.synthetic_model_comparison.training.training_pipeline | epoch 133/200 — train start (lr=0.00266513, batches=14)
2026-08-06 18:56:06 INFO  scripts.synthetic_model_comparison.training.training_pipeline | step 1850 | loss_box=0.8686 loss_cls=0.5428 loss_dfl=0.0218 loss_total=90.5693 lr=0.00265006
2026-08-06 18:56:12 INFO  scripts.synthetic_model_comparison.training.training_pipeline | epoch 133/200 — train done in 12.2s | avg loss_box=0.8075 loss_cls=0.5657 loss_dfl=0.0204 loss_total=88.3605
2026-08-06 18:56:12 INFO  scripts.synthetic_model_comparison.training.evaluation | evaluating on 4 batches
2026-08-06 18:56:18 INFO  scripts.synthetic_model_comparison.training.training_pipeline | epoch 133/200 — val mAP50=0.8223 mAP50_95=0.5739 (selection mAP50_95=0.5739)
2026-08-06 18:56:19 INFO  scripts.synthetic_model_comparison.training.evaluation | mlflow: logged val/mAP50=0.8223 val/mAP50_95=0.5739 (step=132)
2026-08-06 18:56:19 INFO  scripts.synthetic_model_comparison.training.evaluation | mlflow: logged val per-class AP table (12 classes)
2026-08-06 18:56:19 INFO  scripts.synthetic_model_comparison.training.training_pipeline | saved checkpoint: /home/debian/Master-Thesis/scripts/synthetic_model_comparison/training/model_exports/yolo26n-gpt-image-2-low-full-seed43-20260806-181451/last.pt
2026-08-06 18:56:19 INFO  scripts.synthetic_model_comparison.training.training_pipeline | epoch 133/200 done — next lr=0.00259505, epochs_since_improve=10/20
2026-08-06 18:56:19 INFO  scripts.synthetic_model_comparison.training.training_pipeline | epoch 134/200 — train start (lr=0.00259505, batches=14)
2026-08-06 18:56:30 INFO  scripts.synthetic_model_comparison.training.training_pipeline | epoch 134/200 — train done in 10.9s | avg loss_box=0.8279 loss_cls=0.5681 loss_dfl=0.0217 loss_total=90.0252
2026-08-06 18:56:30 INFO  scripts.synthetic_model_comparison.training.evaluation | evaluating on 4 batches
2026-08-06 18:56:36 INFO  scripts.synthetic_model_comparison.training.training_pipeline | epoch 134/200 — val mAP50=0.8228 mAP50_95=0.5746 (selection mAP50_95=0.5746)
2026-08-06 18:56:37 INFO  scripts.synthetic_model_comparison.training.evaluation | mlflow: logged val/mAP50=0.8228 val/mAP50_95=0.5746 (step=133)
2026-08-06 18:56:37 INFO  scripts.synthetic_model_comparison.training.evaluation | mlflow: logged val per-class AP table (12 classes)
2026-08-06 18:56:37 INFO  scripts.synthetic_model_comparison.training.training_pipeline | saved checkpoint: /home/debian/Master-Thesis/scripts/synthetic_model_comparison/training/model_exports/yolo26n-gpt-image-2-low-full-seed43-20260806-181451/last.pt
2026-08-06 18:56:38 INFO  scripts.synthetic_model_comparison.training.training_pipeline | epoch 134/200 done — next lr=0.00252559, epochs_since_improve=11/20
2026-08-06 18:56:38 INFO  scripts.synthetic_model_comparison.training.training_pipeline | epoch 135/200 — train start (lr=0.00252559, batches=14)
2026-08-06 18:56:49 INFO  scripts.synthetic_model_comparison.training.training_pipeline | epoch 135/200 — train done in 11.1s | avg loss_box=0.8055 loss_cls=0.5330 loss_dfl=0.0197 loss_total=86.6778
2026-08-06 18:56:49 INFO  scripts.synthetic_model_comparison.training.evaluation | evaluating on 4 batches
2026-08-06 18:56:54 INFO  scripts.synthetic_model_comparison.training.training_pipeline | epoch 135/200 — val mAP50=0.8426 mAP50_95=0.5931 (selection mAP50_95=0.5931)
2026-08-06 18:56:55 INFO  scripts.synthetic_model_comparison.training.evaluation | mlflow: logged val/mAP50=0.8426 val/mAP50_95=0.5931 (step=134)
2026-08-06 18:56:55 INFO  scripts.synthetic_model_comparison.training.evaluation | mlflow: logged val per-class AP table (12 classes)
2026-08-06 18:56:56 INFO  scripts.synthetic_model_comparison.training.training_pipeline | saved checkpoint: /home/debian/Master-Thesis/scripts/synthetic_model_comparison/training/model_exports/yolo26n-gpt-image-2-low-full-seed43-20260806-181451/best.pt
2026-08-06 18:56:56 INFO  scripts.synthetic_model_comparison.training.training_pipeline | new best mAP50_95=0.5931 at epoch 135
2026-08-06 18:56:56 INFO  scripts.synthetic_model_comparison.training.training_pipeline | saved checkpoint: /home/debian/Master-Thesis/scripts/synthetic_model_comparison/training/model_exports/yolo26n-gpt-image-2-low-full-seed43-20260806-181451/last.pt
2026-08-06 18:56:56 INFO  scripts.synthetic_model_comparison.training.training_pipeline | epoch 135/200 done — next lr=0.00245676, epochs_since_improve=0/20
2026-08-06 18:56:56 INFO  scripts.synthetic_model_comparison.training.training_pipeline | epoch 136/200 — train start (lr=0.00245676, batches=14)
2026-08-06 18:57:06 INFO  scripts.synthetic_model_comparison.training.training_pipeline | step 1900 | loss_box=0.7627 loss_cls=0.5460 loss_dfl=0.0171 loss_total=83.9695 lr=0.00240313
2026-08-06 18:57:09 INFO  scripts.synthetic_model_comparison.training.training_pipeline | epoch 136/200 — train done in 12.9s | avg loss_box=0.7943 loss_cls=0.5295 loss_dfl=0.0200 loss_total=86.1079
2026-08-06 18:57:09 INFO  scripts.synthetic_model_comparison.training.evaluation | evaluating on 4 batches
2026-08-06 18:57:15 INFO  scripts.synthetic_model_comparison.training.training_pipeline | epoch 136/200 — val mAP50=0.8437 mAP50_95=0.5861 (selection mAP50_95=0.5861)
2026-08-06 18:57:15 INFO  scripts.synthetic_model_comparison.training.evaluation | mlflow: logged val/mAP50=0.8437 val/mAP50_95=0.5861 (step=135)
2026-08-06 18:57:15 INFO  scripts.synthetic_model_comparison.training.evaluation | mlflow: logged val per-class AP table (12 classes)
2026-08-06 18:57:16 INFO  scripts.synthetic_model_comparison.training.training_pipeline | saved checkpoint: /home/debian/Master-Thesis/scripts/synthetic_model_comparison/training/model_exports/yolo26n-gpt-image-2-low-full-seed43-20260806-181451/last.pt
2026-08-06 18:57:16 INFO  scripts.synthetic_model_comparison.training.training_pipeline | epoch 136/200 done — next lr=0.00238857, epochs_since_improve=1/20
2026-08-06 18:57:16 INFO  scripts.synthetic_model_comparison.training.training_pipeline | epoch 137/200 — train start (lr=0.00238857, batches=14)
2026-08-06 18:57:27 INFO  scripts.synthetic_model_comparison.training.training_pipeline | epoch 137/200 — train done in 10.9s | avg loss_box=0.7913 loss_cls=0.5442 loss_dfl=0.0196 loss_total=86.4487
2026-08-06 18:57:27 INFO  scripts.synthetic_model_comparison.training.evaluation | evaluating on 4 batches
2026-08-06 18:57:33 INFO  scripts.synthetic_model_comparison.training.training_pipeline | epoch 137/200 — val mAP50=0.8415 mAP50_95=0.5887 (selection mAP50_95=0.5887)
2026-08-06 18:57:33 INFO  scripts.synthetic_model_comparison.training.evaluation | mlflow: logged val/mAP50=0.8415 val/mAP50_95=0.5887 (step=136)
2026-08-06 18:57:34 INFO  scripts.synthetic_model_comparison.training.evaluation | mlflow: logged val per-class AP table (12 classes)
2026-08-06 18:57:34 INFO  scripts.synthetic_model_comparison.training.training_pipeline | saved checkpoint: /home/debian/Master-Thesis/scripts/synthetic_model_comparison/training/model_exports/yolo26n-gpt-image-2-low-full-seed43-20260806-181451/last.pt
2026-08-06 18:57:34 INFO  scripts.synthetic_model_comparison.training.training_pipeline | epoch 137/200 done — next lr=0.00232106, epochs_since_improve=2/20
2026-08-06 18:57:34 INFO  scripts.synthetic_model_comparison.training.training_pipeline | epoch 138/200 — train start (lr=0.00232106, batches=14)
2026-08-06 18:57:46 INFO  scripts.synthetic_model_comparison.training.training_pipeline | epoch 138/200 — train done in 11.4s | avg loss_box=0.7972 loss_cls=0.5324 loss_dfl=0.0203 loss_total=85.8295
2026-08-06 18:57:46 INFO  scripts.synthetic_model_comparison.training.evaluation | evaluating on 4 batches
2026-08-06 18:57:51 INFO  scripts.synthetic_model_comparison.training.training_pipeline | epoch 138/200 — val mAP50=0.8476 mAP50_95=0.5944 (selection mAP50_95=0.5944)
2026-08-06 18:57:52 INFO  scripts.synthetic_model_comparison.training.evaluation | mlflow: logged val/mAP50=0.8476 val/mAP50_95=0.5944 (step=137)
2026-08-06 18:57:53 INFO  scripts.synthetic_model_comparison.training.evaluation | mlflow: logged val per-class AP table (12 classes)
2026-08-06 18:57:53 INFO  scripts.synthetic_model_comparison.training.training_pipeline | saved checkpoint: /home/debian/Master-Thesis/scripts/synthetic_model_comparison/training/model_exports/yolo26n-gpt-image-2-low-full-seed43-20260806-181451/best.pt
2026-08-06 18:57:53 INFO  scripts.synthetic_model_comparison.training.training_pipeline | new best mAP50_95=0.5944 at epoch 138
2026-08-06 18:57:53 INFO  scripts.synthetic_model_comparison.training.training_pipeline | saved checkpoint: /home/debian/Master-Thesis/scripts/synthetic_model_comparison/training/model_exports/yolo26n-gpt-image-2-low-full-seed43-20260806-181451/last.pt
2026-08-06 18:57:53 INFO  scripts.synthetic_model_comparison.training.training_pipeline | epoch 138/200 done — next lr=0.00225422, epochs_since_improve=0/20
2026-08-06 18:57:53 INFO  scripts.synthetic_model_comparison.training.training_pipeline | epoch 139/200 — train start (lr=0.00225422, batches=14)
2026-08-06 18:58:04 INFO  scripts.synthetic_model_comparison.training.training_pipeline | epoch 139/200 — train done in 11.1s | avg loss_box=0.7604 loss_cls=0.5001 loss_dfl=0.0197 loss_total=81.9507
2026-08-06 18:58:04 INFO  scripts.synthetic_model_comparison.training.evaluation | evaluating on 4 batches
2026-08-06 18:58:10 INFO  scripts.synthetic_model_comparison.training.training_pipeline | epoch 139/200 — val mAP50=0.8386 mAP50_95=0.5865 (selection mAP50_95=0.5865)
2026-08-06 18:58:11 INFO  scripts.synthetic_model_comparison.training.evaluation | mlflow: logged val/mAP50=0.8386 val/mAP50_95=0.5865 (step=138)
2026-08-06 18:58:11 INFO  scripts.synthetic_model_comparison.training.evaluation | mlflow: logged val per-class AP table (12 classes)
2026-08-06 18:58:11 INFO  scripts.synthetic_model_comparison.training.training_pipeline | saved checkpoint: /home/debian/Master-Thesis/scripts/synthetic_model_comparison/training/model_exports/yolo26n-gpt-image-2-low-full-seed43-20260806-181451/last.pt
2026-08-06 18:58:11 INFO  scripts.synthetic_model_comparison.training.training_pipeline | epoch 139/200 done — next lr=0.00218808, epochs_since_improve=1/20
2026-08-06 18:58:11 INFO  scripts.synthetic_model_comparison.training.training_pipeline | epoch 140/200 — train start (lr=0.00218808, batches=14)
2026-08-06 18:58:19 INFO  scripts.synthetic_model_comparison.training.training_pipeline | step 1950 | loss_box=0.7948 loss_cls=0.4487 loss_dfl=0.0191 loss_total=82.3482 lr=0.00216464
2026-08-06 18:58:24 INFO  scripts.synthetic_model_comparison.training.training_pipeline | epoch 140/200 — train done in 12.5s | avg loss_box=0.7856 loss_cls=0.5018 loss_dfl=0.0200 loss_total=83.6547
2026-08-06 18:58:24 INFO  scripts.synthetic_model_comparison.training.evaluation | evaluating on 4 batches
2026-08-06 18:58:30 INFO  scripts.synthetic_model_comparison.training.training_pipeline | epoch 140/200 — val mAP50=0.8450 mAP50_95=0.5951 (selection mAP50_95=0.5951)
2026-08-06 18:58:30 INFO  scripts.synthetic_model_comparison.training.evaluation | mlflow: logged val/mAP50=0.8450 val/mAP50_95=0.5951 (step=139)
2026-08-06 18:58:31 INFO  scripts.synthetic_model_comparison.training.evaluation | mlflow: logged val per-class AP table (12 classes)
2026-08-06 18:58:31 INFO  scripts.synthetic_model_comparison.training.training_pipeline | saved checkpoint: /home/debian/Master-Thesis/scripts/synthetic_model_comparison/training/model_exports/yolo26n-gpt-image-2-low-full-seed43-20260806-181451/last.pt
2026-08-06 18:58:31 INFO  scripts.synthetic_model_comparison.training.training_pipeline | epoch 140/200 done — next lr=0.00212266, epochs_since_improve=2/20
2026-08-06 18:58:31 INFO  scripts.synthetic_model_comparison.training.training_pipeline | epoch 141/200 — train start (lr=0.00212266, batches=14)
2026-08-06 18:58:42 INFO  scripts.synthetic_model_comparison.training.training_pipeline | epoch 141/200 — train done in 11.1s | avg loss_box=0.7917 loss_cls=0.5147 loss_dfl=0.0202 loss_total=84.4717
2026-08-06 18:58:42 INFO  scripts.synthetic_model_comparison.training.evaluation | evaluating on 4 batches
2026-08-06 18:58:48 INFO  scripts.synthetic_model_comparison.training.training_pipeline | epoch 141/200 — val mAP50=0.8413 mAP50_95=0.5904 (selection mAP50_95=0.5904)
2026-08-06 18:58:49 INFO  scripts.synthetic_model_comparison.training.evaluation | mlflow: logged val/mAP50=0.8413 val/mAP50_95=0.5904 (step=140)
2026-08-06 18:58:49 INFO  scripts.synthetic_model_comparison.training.evaluation | mlflow: logged val per-class AP table (12 classes)
2026-08-06 18:58:49 INFO  scripts.synthetic_model_comparison.training.training_pipeline | saved checkpoint: /home/debian/Master-Thesis/scripts/synthetic_model_comparison/training/model_exports/yolo26n-gpt-image-2-low-full-seed43-20260806-181451/last.pt
2026-08-06 18:58:50 INFO  scripts.synthetic_model_comparison.training.training_pipeline | epoch 141/200 done — next lr=0.00205798, epochs_since_improve=3/20
2026-08-06 18:58:50 INFO  scripts.synthetic_model_comparison.training.training_pipeline | epoch 142/200 — train start (lr=0.00205798, batches=14)
2026-08-06 18:59:01 INFO  scripts.synthetic_model_comparison.training.training_pipeline | epoch 142/200 — train done in 11.2s | avg loss_box=0.7363 loss_cls=0.5046 loss_dfl=0.0185 loss_total=80.6987
2026-08-06 18:59:01 INFO  scripts.synthetic_model_comparison.training.evaluation | evaluating on 4 batches
2026-08-06 18:59:07 INFO  scripts.synthetic_model_comparison.training.training_pipeline | epoch 142/200 — val mAP50=0.8572 mAP50_95=0.6023 (selection mAP50_95=0.6023)
2026-08-06 18:59:07 INFO  scripts.synthetic_model_comparison.training.evaluation | mlflow: logged val/mAP50=0.8572 val/mAP50_95=0.6023 (step=141)
2026-08-06 18:59:08 INFO  scripts.synthetic_model_comparison.training.evaluation | mlflow: logged val per-class AP table (12 classes)
2026-08-06 18:59:08 INFO  scripts.synthetic_model_comparison.training.training_pipeline | saved checkpoint: /home/debian/Master-Thesis/scripts/synthetic_model_comparison/training/model_exports/yolo26n-gpt-image-2-low-full-seed43-20260806-181451/best.pt
2026-08-06 18:59:08 INFO  scripts.synthetic_model_comparison.training.training_pipeline | new best mAP50_95=0.6023 at epoch 142
2026-08-06 18:59:08 INFO  scripts.synthetic_model_comparison.training.training_pipeline | saved checkpoint: /home/debian/Master-Thesis/scripts/synthetic_model_comparison/training/model_exports/yolo26n-gpt-image-2-low-full-seed43-20260806-181451/last.pt
2026-08-06 18:59:08 INFO  scripts.synthetic_model_comparison.training.training_pipeline | epoch 142/200 done — next lr=0.00199404, epochs_since_improve=0/20
2026-08-06 18:59:08 INFO  scripts.synthetic_model_comparison.training.training_pipeline | epoch 143/200 — train start (lr=0.00199404, batches=14)
2026-08-06 18:59:19 INFO  scripts.synthetic_model_comparison.training.training_pipeline | step 2000 | loss_box=0.7704 loss_cls=0.4821 loss_dfl=0.0204 loss_total=81.0867 lr=0.00193535
2026-08-06 18:59:21 INFO  scripts.synthetic_model_comparison.training.training_pipeline | epoch 143/200 — train done in 12.4s | avg loss_box=0.7338 loss_cls=0.5015 loss_dfl=0.0188 loss_total=80.2175
2026-08-06 18:59:21 INFO  scripts.synthetic_model_comparison.training.evaluation | evaluating on 4 batches
2026-08-06 18:59:26 INFO  scripts.synthetic_model_comparison.training.training_pipeline | epoch 143/200 — val mAP50=0.8569 mAP50_95=0.5990 (selection mAP50_95=0.5990)
2026-08-06 18:59:27 INFO  scripts.synthetic_model_comparison.training.evaluation | mlflow: logged val/mAP50=0.8569 val/mAP50_95=0.5990 (step=142)
2026-08-06 18:59:27 INFO  scripts.synthetic_model_comparison.training.evaluation | mlflow: logged val per-class AP table (12 classes)
2026-08-06 18:59:27 INFO  scripts.synthetic_model_comparison.training.training_pipeline | saved checkpoint: /home/debian/Master-Thesis/scripts/synthetic_model_comparison/training/model_exports/yolo26n-gpt-image-2-low-full-seed43-20260806-181451/last.pt
2026-08-06 18:59:28 INFO  scripts.synthetic_model_comparison.training.training_pipeline | epoch 143/200 done — next lr=0.00193087, epochs_since_improve=1/20
2026-08-06 18:59:28 INFO  scripts.synthetic_model_comparison.training.training_pipeline | epoch 144/200 — train start (lr=0.00193087, batches=14)
2026-08-06 18:59:39 INFO  scripts.synthetic_model_comparison.training.training_pipeline | epoch 144/200 — train done in 11.5s | avg loss_box=0.7546 loss_cls=0.4946 loss_dfl=0.0191 loss_total=81.4324
2026-08-06 18:59:39 INFO  scripts.synthetic_model_comparison.training.evaluation | evaluating on 4 batches
2026-08-06 18:59:45 INFO  scripts.synthetic_model_comparison.training.training_pipeline | epoch 144/200 — val mAP50=0.8448 mAP50_95=0.6010 (selection mAP50_95=0.6010)
2026-08-06 18:59:46 INFO  scripts.synthetic_model_comparison.training.evaluation | mlflow: logged val/mAP50=0.8448 val/mAP50_95=0.6010 (step=143)
2026-08-06 18:59:46 INFO  scripts.synthetic_model_comparison.training.evaluation | mlflow: logged val per-class AP table (12 classes)
2026-08-06 18:59:46 INFO  scripts.synthetic_model_comparison.training.training_pipeline | saved checkpoint: /home/debian/Master-Thesis/scripts/synthetic_model_comparison/training/model_exports/yolo26n-gpt-image-2-low-full-seed43-20260806-181451/last.pt
2026-08-06 18:59:47 INFO  scripts.synthetic_model_comparison.training.training_pipeline | epoch 144/200 done — next lr=0.00186848, epochs_since_improve=2/20
2026-08-06 18:59:47 INFO  scripts.synthetic_model_comparison.training.training_pipeline | epoch 145/200 — train start (lr=0.00186848, batches=14)
2026-08-06 18:59:57 INFO  scripts.synthetic_model_comparison.training.training_pipeline | epoch 145/200 — train done in 10.9s | avg loss_box=0.7407 loss_cls=0.4938 loss_dfl=0.0188 loss_total=80.3905
2026-08-06 18:59:57 INFO  scripts.synthetic_model_comparison.training.evaluation | evaluating on 4 batches
2026-08-06 19:00:03 INFO  scripts.synthetic_model_comparison.training.training_pipeline | epoch 145/200 — val mAP50=0.8455 mAP50_95=0.6011 (selection mAP50_95=0.6011)
2026-08-06 19:00:04 INFO  scripts.synthetic_model_comparison.training.evaluation | mlflow: logged val/mAP50=0.8455 val/mAP50_95=0.6011 (step=144)
2026-08-06 19:00:04 INFO  scripts.synthetic_model_comparison.training.evaluation | mlflow: logged val per-class AP table (12 classes)
2026-08-06 19:00:04 INFO  scripts.synthetic_model_comparison.training.training_pipeline | saved checkpoint: /home/debian/Master-Thesis/scripts/synthetic_model_comparison/training/model_exports/yolo26n-gpt-image-2-low-full-seed43-20260806-181451/last.pt
2026-08-06 19:00:05 INFO  scripts.synthetic_model_comparison.training.training_pipeline | epoch 145/200 done — next lr=0.00180688, epochs_since_improve=3/20
2026-08-06 19:00:05 INFO  scripts.synthetic_model_comparison.training.training_pipeline | epoch 146/200 — train start (lr=0.00180688, batches=14)
2026-08-06 19:00:16 INFO  scripts.synthetic_model_comparison.training.training_pipeline | epoch 146/200 — train done in 11.0s | avg loss_box=0.7376 loss_cls=0.5132 loss_dfl=0.0185 loss_total=80.9656
2026-08-06 19:00:16 INFO  scripts.synthetic_model_comparison.training.evaluation | evaluating on 4 batches
2026-08-06 19:00:22 INFO  scripts.synthetic_model_comparison.training.training_pipeline | epoch 146/200 — val mAP50=0.8672 mAP50_95=0.6149 (selection mAP50_95=0.6149)
2026-08-06 19:00:22 INFO  scripts.synthetic_model_comparison.training.evaluation | mlflow: logged val/mAP50=0.8672 val/mAP50_95=0.6149 (step=145)
2026-08-06 19:00:23 INFO  scripts.synthetic_model_comparison.training.evaluation | mlflow: logged val per-class AP table (12 classes)
2026-08-06 19:00:23 INFO  scripts.synthetic_model_comparison.training.training_pipeline | saved checkpoint: /home/debian/Master-Thesis/scripts/synthetic_model_comparison/training/model_exports/yolo26n-gpt-image-2-low-full-seed43-20260806-181451/best.pt
2026-08-06 19:00:23 INFO  scripts.synthetic_model_comparison.training.training_pipeline | new best mAP50_95=0.6149 at epoch 146
2026-08-06 19:00:23 INFO  scripts.synthetic_model_comparison.training.training_pipeline | saved checkpoint: /home/debian/Master-Thesis/scripts/synthetic_model_comparison/training/model_exports/yolo26n-gpt-image-2-low-full-seed43-20260806-181451/last.pt
2026-08-06 19:00:23 INFO  scripts.synthetic_model_comparison.training.training_pipeline | epoch 146/200 done — next lr=0.00174611, epochs_since_improve=0/20
2026-08-06 19:00:23 INFO  scripts.synthetic_model_comparison.training.training_pipeline | epoch 147/200 — train start (lr=0.00174611, batches=14)
2026-08-06 19:00:32 INFO  scripts.synthetic_model_comparison.training.training_pipeline | step 2050 | loss_box=0.7280 loss_cls=0.4403 loss_dfl=0.0166 loss_total=76.1877 lr=0.00171603
2026-08-06 19:00:36 INFO  scripts.synthetic_model_comparison.training.training_pipeline | epoch 147/200 — train done in 13.3s | avg loss_box=0.7373 loss_cls=0.4967 loss_dfl=0.0185 loss_total=80.0783
2026-08-06 19:00:36 INFO  scripts.synthetic_model_comparison.training.evaluation | evaluating on 4 batches
2026-08-06 19:00:42 INFO  scripts.synthetic_model_comparison.training.training_pipeline | epoch 147/200 — val mAP50=0.8750 mAP50_95=0.6248 (selection mAP50_95=0.6248)
2026-08-06 19:00:43 INFO  scripts.synthetic_model_comparison.training.evaluation | mlflow: logged val/mAP50=0.8750 val/mAP50_95=0.6248 (step=146)
2026-08-06 19:00:43 INFO  scripts.synthetic_model_comparison.training.evaluation | mlflow: logged val per-class AP table (12 classes)
2026-08-06 19:00:43 INFO  scripts.synthetic_model_comparison.training.training_pipeline | saved checkpoint: /home/debian/Master-Thesis/scripts/synthetic_model_comparison/training/model_exports/yolo26n-gpt-image-2-low-full-seed43-20260806-181451/best.pt
2026-08-06 19:00:43 INFO  scripts.synthetic_model_comparison.training.training_pipeline | new best mAP50_95=0.6248 at epoch 147
2026-08-06 19:00:43 INFO  scripts.synthetic_model_comparison.training.training_pipeline | saved checkpoint: /home/debian/Master-Thesis/scripts/synthetic_model_comparison/training/model_exports/yolo26n-gpt-image-2-low-full-seed43-20260806-181451/last.pt
2026-08-06 19:00:44 INFO  scripts.synthetic_model_comparison.training.training_pipeline | epoch 147/200 done — next lr=0.00168616, epochs_since_improve=0/20
2026-08-06 19:00:44 INFO  scripts.synthetic_model_comparison.training.training_pipeline | epoch 148/200 — train start (lr=0.00168616, batches=14)
2026-08-06 19:00:55 INFO  scripts.synthetic_model_comparison.training.training_pipeline | epoch 148/200 — train done in 11.2s | avg loss_box=0.7204 loss_cls=0.4719 loss_dfl=0.0183 loss_total=77.8565
2026-08-06 19:00:55 INFO  scripts.synthetic_model_comparison.training.evaluation | evaluating on 4 batches
2026-08-06 19:01:01 INFO  scripts.synthetic_model_comparison.training.training_pipeline | epoch 148/200 — val mAP50=0.8581 mAP50_95=0.6121 (selection mAP50_95=0.6121)
2026-08-06 19:01:01 INFO  scripts.synthetic_model_comparison.training.evaluation | mlflow: logged val/mAP50=0.8581 val/mAP50_95=0.6121 (step=147)
2026-08-06 19:01:02 INFO  scripts.synthetic_model_comparison.training.evaluation | mlflow: logged val per-class AP table (12 classes)
2026-08-06 19:01:02 INFO  scripts.synthetic_model_comparison.training.training_pipeline | saved checkpoint: /home/debian/Master-Thesis/scripts/synthetic_model_comparison/training/model_exports/yolo26n-gpt-image-2-low-full-seed43-20260806-181451/last.pt
2026-08-06 19:01:02 INFO  scripts.synthetic_model_comparison.training.training_pipeline | epoch 148/200 done — next lr=0.00162705, epochs_since_improve=1/20
2026-08-06 19:01:02 INFO  scripts.synthetic_model_comparison.training.training_pipeline | epoch 149/200 — train start (lr=0.00162705, batches=14)
2026-08-06 19:01:14 INFO  scripts.synthetic_model_comparison.training.training_pipeline | epoch 149/200 — train done in 11.5s | avg loss_box=0.7157 loss_cls=0.4722 loss_dfl=0.0181 loss_total=77.5668
2026-08-06 19:01:14 INFO  scripts.synthetic_model_comparison.training.evaluation | evaluating on 4 batches
2026-08-06 19:01:20 INFO  scripts.synthetic_model_comparison.training.training_pipeline | epoch 149/200 — val mAP50=0.8630 mAP50_95=0.6142 (selection mAP50_95=0.6142)
2026-08-06 19:01:20 INFO  scripts.synthetic_model_comparison.training.evaluation | mlflow: logged val/mAP50=0.8630 val/mAP50_95=0.6142 (step=148)
2026-08-06 19:01:21 INFO  scripts.synthetic_model_comparison.training.evaluation | mlflow: logged val per-class AP table (12 classes)
2026-08-06 19:01:21 INFO  scripts.synthetic_model_comparison.training.training_pipeline | saved checkpoint: /home/debian/Master-Thesis/scripts/synthetic_model_comparison/training/model_exports/yolo26n-gpt-image-2-low-full-seed43-20260806-181451/last.pt
2026-08-06 19:01:21 INFO  scripts.synthetic_model_comparison.training.training_pipeline | epoch 149/200 done — next lr=0.0015688, epochs_since_improve=2/20
2026-08-06 19:01:21 INFO  scripts.synthetic_model_comparison.training.training_pipeline | epoch 150/200 — train start (lr=0.0015688, batches=14)
2026-08-06 19:01:32 INFO  scripts.synthetic_model_comparison.training.training_pipeline | epoch 150/200 — train done in 10.9s | avg loss_box=0.7163 loss_cls=0.4727 loss_dfl=0.0179 loss_total=77.6438
2026-08-06 19:01:32 INFO  scripts.synthetic_model_comparison.training.evaluation | evaluating on 4 batches
2026-08-06 19:01:38 INFO  scripts.synthetic_model_comparison.training.training_pipeline | epoch 150/200 — val mAP50=0.8748 mAP50_95=0.6076 (selection mAP50_95=0.6076)
2026-08-06 19:01:38 INFO  scripts.synthetic_model_comparison.training.evaluation | mlflow: logged val/mAP50=0.8748 val/mAP50_95=0.6076 (step=149)
2026-08-06 19:01:39 INFO  scripts.synthetic_model_comparison.training.evaluation | mlflow: logged val per-class AP table (12 classes)
2026-08-06 19:01:39 INFO  scripts.synthetic_model_comparison.training.training_pipeline | saved checkpoint: /home/debian/Master-Thesis/scripts/synthetic_model_comparison/training/model_exports/yolo26n-gpt-image-2-low-full-seed43-20260806-181451/last.pt
2026-08-06 19:01:39 INFO  scripts.synthetic_model_comparison.training.training_pipeline | epoch 150/200 done — next lr=0.00151143, epochs_since_improve=3/20
2026-08-06 19:01:39 INFO  scripts.synthetic_model_comparison.training.training_pipeline | epoch 151/200 — train start (lr=0.00151143, batches=14)
2026-08-06 19:01:46 INFO  scripts.synthetic_model_comparison.training.training_pipeline | step 2100 | loss_box=0.6894 loss_cls=0.5039 loss_dfl=0.0187 loss_total=76.5299 lr=0.00150736
2026-08-06 19:01:52 INFO  scripts.synthetic_model_comparison.training.training_pipeline | epoch 151/200 — train done in 13.0s | avg loss_box=0.6916 loss_cls=0.4754 loss_dfl=0.0177 loss_total=75.8954
2026-08-06 19:01:52 INFO  scripts.synthetic_model_comparison.training.evaluation | evaluating on 4 batches
2026-08-06 19:01:58 INFO  scripts.synthetic_model_comparison.training.training_pipeline | epoch 151/200 — val mAP50=0.8876 mAP50_95=0.6297 (selection mAP50_95=0.6297)
2026-08-06 19:01:59 INFO  scripts.synthetic_model_comparison.training.evaluation | mlflow: logged val/mAP50=0.8876 val/mAP50_95=0.6297 (step=150)
2026-08-06 19:01:59 INFO  scripts.synthetic_model_comparison.training.evaluation | mlflow: logged val per-class AP table (12 classes)
2026-08-06 19:01:59 INFO  scripts.synthetic_model_comparison.training.training_pipeline | saved checkpoint: /home/debian/Master-Thesis/scripts/synthetic_model_comparison/training/model_exports/yolo26n-gpt-image-2-low-full-seed43-20260806-181451/best.pt
2026-08-06 19:01:59 INFO  scripts.synthetic_model_comparison.training.training_pipeline | new best mAP50_95=0.6297 at epoch 151
2026-08-06 19:01:59 INFO  scripts.synthetic_model_comparison.training.training_pipeline | saved checkpoint: /home/debian/Master-Thesis/scripts/synthetic_model_comparison/training/model_exports/yolo26n-gpt-image-2-low-full-seed43-20260806-181451/last.pt
2026-08-06 19:02:00 INFO  scripts.synthetic_model_comparison.training.training_pipeline | epoch 151/200 done — next lr=0.00145494, epochs_since_improve=0/20
2026-08-06 19:02:00 INFO  scripts.synthetic_model_comparison.training.training_pipeline | epoch 152/200 — train start (lr=0.00145494, batches=14)
2026-08-06 19:02:10 INFO  scripts.synthetic_model_comparison.training.training_pipeline | epoch 152/200 — train done in 10.9s | avg loss_box=0.7125 loss_cls=0.4553 loss_dfl=0.0178 loss_total=76.3755
2026-08-06 19:02:10 INFO  scripts.synthetic_model_comparison.training.evaluation | evaluating on 4 batches
2026-08-06 19:02:16 INFO  scripts.synthetic_model_comparison.training.training_pipeline | epoch 152/200 — val mAP50=0.8573 mAP50_95=0.6101 (selection mAP50_95=0.6101)
2026-08-06 19:02:17 INFO  scripts.synthetic_model_comparison.training.evaluation | mlflow: logged val/mAP50=0.8573 val/mAP50_95=0.6101 (step=151)
2026-08-06 19:02:18 INFO  scripts.synthetic_model_comparison.training.evaluation | mlflow: logged val per-class AP table (12 classes)
2026-08-06 19:02:18 INFO  scripts.synthetic_model_comparison.training.training_pipeline | saved checkpoint: /home/debian/Master-Thesis/scripts/synthetic_model_comparison/training/model_exports/yolo26n-gpt-image-2-low-full-seed43-20260806-181451/last.pt
2026-08-06 19:02:18 INFO  scripts.synthetic_model_comparison.training.training_pipeline | epoch 152/200 done — next lr=0.00139936, epochs_since_improve=1/20
2026-08-06 19:02:18 INFO  scripts.synthetic_model_comparison.training.training_pipeline | epoch 153/200 — train start (lr=0.00139936, batches=14)
2026-08-06 19:02:29 INFO  scripts.synthetic_model_comparison.training.training_pipeline | epoch 153/200 — train done in 11.1s | avg loss_box=0.6874 loss_cls=0.4405 loss_dfl=0.0174 loss_total=74.1899
2026-08-06 19:02:29 INFO  scripts.synthetic_model_comparison.training.evaluation | evaluating on 4 batches
2026-08-06 19:02:35 INFO  scripts.synthetic_model_comparison.training.training_pipeline | epoch 153/200 — val mAP50=0.8896 mAP50_95=0.6326 (selection mAP50_95=0.6326)
2026-08-06 19:02:35 INFO  scripts.synthetic_model_comparison.training.evaluation | mlflow: logged val/mAP50=0.8896 val/mAP50_95=0.6326 (step=152)
2026-08-06 19:02:36 INFO  scripts.synthetic_model_comparison.training.evaluation | mlflow: logged val per-class AP table (12 classes)
2026-08-06 19:02:36 INFO  scripts.synthetic_model_comparison.training.training_pipeline | saved checkpoint: /home/debian/Master-Thesis/scripts/synthetic_model_comparison/training/model_exports/yolo26n-gpt-image-2-low-full-seed43-20260806-181451/best.pt
2026-08-06 19:02:36 INFO  scripts.synthetic_model_comparison.training.training_pipeline | new best mAP50_95=0.6326 at epoch 153
2026-08-06 19:02:36 INFO  scripts.synthetic_model_comparison.training.training_pipeline | saved checkpoint: /home/debian/Master-Thesis/scripts/synthetic_model_comparison/training/model_exports/yolo26n-gpt-image-2-low-full-seed43-20260806-181451/last.pt
2026-08-06 19:02:36 INFO  scripts.synthetic_model_comparison.training.training_pipeline | epoch 153/200 done — next lr=0.0013447, epochs_since_improve=0/20
2026-08-06 19:02:36 INFO  scripts.synthetic_model_comparison.training.training_pipeline | epoch 154/200 — train start (lr=0.0013447, batches=14)
2026-08-06 19:02:46 INFO  scripts.synthetic_model_comparison.training.training_pipeline | step 2150 | loss_box=0.6097 loss_cls=0.3655 loss_dfl=0.0154 loss_total=65.1579 lr=0.00131004
2026-08-06 19:02:49 INFO  scripts.synthetic_model_comparison.training.training_pipeline | epoch 154/200 — train done in 12.7s | avg loss_box=0.6856 loss_cls=0.4357 loss_dfl=0.0175 loss_total=73.6993
2026-08-06 19:02:49 INFO  scripts.synthetic_model_comparison.training.evaluation | evaluating on 4 batches
2026-08-06 19:02:55 INFO  scripts.synthetic_model_comparison.training.training_pipeline | epoch 154/200 — val mAP50=0.8911 mAP50_95=0.6346 (selection mAP50_95=0.6346)
2026-08-06 19:02:55 INFO  scripts.synthetic_model_comparison.training.evaluation | mlflow: logged val/mAP50=0.8911 val/mAP50_95=0.6346 (step=153)
2026-08-06 19:02:56 INFO  scripts.synthetic_model_comparison.training.evaluation | mlflow: logged val per-class AP table (12 classes)
2026-08-06 19:02:56 INFO  scripts.synthetic_model_comparison.training.training_pipeline | saved checkpoint: /home/debian/Master-Thesis/scripts/synthetic_model_comparison/training/model_exports/yolo26n-gpt-image-2-low-full-seed43-20260806-181451/best.pt
2026-08-06 19:02:56 INFO  scripts.synthetic_model_comparison.training.training_pipeline | new best mAP50_95=0.6346 at epoch 154
2026-08-06 19:02:56 INFO  scripts.synthetic_model_comparison.training.training_pipeline | saved checkpoint: /home/debian/Master-Thesis/scripts/synthetic_model_comparison/training/model_exports/yolo26n-gpt-image-2-low-full-seed43-20260806-181451/last.pt
2026-08-06 19:02:56 INFO  scripts.synthetic_model_comparison.training.training_pipeline | epoch 154/200 done — next lr=0.00129096, epochs_since_improve=0/20
2026-08-06 19:02:56 INFO  scripts.synthetic_model_comparison.training.training_pipeline | epoch 155/200 — train start (lr=0.00129096, batches=14)
2026-08-06 19:03:07 INFO  scripts.synthetic_model_comparison.training.training_pipeline | epoch 155/200 — train done in 10.8s | avg loss_box=0.6832 loss_cls=0.4375 loss_dfl=0.0174 loss_total=73.7516
2026-08-06 19:03:07 INFO  scripts.synthetic_model_comparison.training.evaluation | evaluating on 4 batches
2026-08-06 19:03:13 INFO  scripts.synthetic_model_comparison.training.training_pipeline | epoch 155/200 — val mAP50=0.8761 mAP50_95=0.6161 (selection mAP50_95=0.6161)
2026-08-06 19:03:14 INFO  scripts.synthetic_model_comparison.training.evaluation | mlflow: logged val/mAP50=0.8761 val/mAP50_95=0.6161 (step=154)
2026-08-06 19:03:14 INFO  scripts.synthetic_model_comparison.training.evaluation | mlflow: logged val per-class AP table (12 classes)
2026-08-06 19:03:14 INFO  scripts.synthetic_model_comparison.training.training_pipeline | saved checkpoint: /home/debian/Master-Thesis/scripts/synthetic_model_comparison/training/model_exports/yolo26n-gpt-image-2-low-full-seed43-20260806-181451/last.pt
2026-08-06 19:03:14 INFO  scripts.synthetic_model_comparison.training.training_pipeline | epoch 155/200 done — next lr=0.00123817, epochs_since_improve=1/20
2026-08-06 19:03:14 INFO  scripts.synthetic_model_comparison.training.training_pipeline | epoch 156/200 — train start (lr=0.00123817, batches=14)
2026-08-06 19:03:25 INFO  scripts.synthetic_model_comparison.training.training_pipeline | epoch 156/200 — train done in 10.8s | avg loss_box=0.6939 loss_cls=0.4494 loss_dfl=0.0172 loss_total=74.6215
2026-08-06 19:03:25 INFO  scripts.synthetic_model_comparison.training.evaluation | evaluating on 4 batches
2026-08-06 19:03:31 INFO  scripts.synthetic_model_comparison.training.training_pipeline | epoch 156/200 — val mAP50=0.8810 mAP50_95=0.6257 (selection mAP50_95=0.6257)
2026-08-06 19:03:32 INFO  scripts.synthetic_model_comparison.training.evaluation | mlflow: logged val/mAP50=0.8810 val/mAP50_95=0.6257 (step=155)
2026-08-06 19:03:32 INFO  scripts.synthetic_model_comparison.training.evaluation | mlflow: logged val per-class AP table (12 classes)
2026-08-06 19:03:32 INFO  scripts.synthetic_model_comparison.training.training_pipeline | saved checkpoint: /home/debian/Master-Thesis/scripts/synthetic_model_comparison/training/model_exports/yolo26n-gpt-image-2-low-full-seed43-20260806-181451/last.pt
2026-08-06 19:03:32 INFO  scripts.synthetic_model_comparison.training.training_pipeline | epoch 156/200 done — next lr=0.00118634, epochs_since_improve=2/20
2026-08-06 19:03:32 INFO  scripts.synthetic_model_comparison.training.training_pipeline | epoch 157/200 — train start (lr=0.00118634, batches=14)
2026-08-06 19:03:43 INFO  scripts.synthetic_model_comparison.training.training_pipeline | epoch 157/200 — train done in 11.0s | avg loss_box=0.6848 loss_cls=0.4526 loss_dfl=0.0171 loss_total=74.3171
2026-08-06 19:03:43 INFO  scripts.synthetic_model_comparison.training.evaluation | evaluating on 4 batches
2026-08-06 19:03:49 INFO  scripts.synthetic_model_comparison.training.training_pipeline | epoch 157/200 — val mAP50=0.8950 mAP50_95=0.6392 (selection mAP50_95=0.6392)
2026-08-06 19:03:50 INFO  scripts.synthetic_model_comparison.training.evaluation | mlflow: logged val/mAP50=0.8950 val/mAP50_95=0.6392 (step=156)
2026-08-06 19:03:50 INFO  scripts.synthetic_model_comparison.training.evaluation | mlflow: logged val per-class AP table (12 classes)
2026-08-06 19:03:50 INFO  scripts.synthetic_model_comparison.training.training_pipeline | saved checkpoint: /home/debian/Master-Thesis/scripts/synthetic_model_comparison/training/model_exports/yolo26n-gpt-image-2-low-full-seed43-20260806-181451/best.pt
2026-08-06 19:03:50 INFO  scripts.synthetic_model_comparison.training.training_pipeline | new best mAP50_95=0.6392 at epoch 157
2026-08-06 19:03:50 INFO  scripts.synthetic_model_comparison.training.training_pipeline | saved checkpoint: /home/debian/Master-Thesis/scripts/synthetic_model_comparison/training/model_exports/yolo26n-gpt-image-2-low-full-seed43-20260806-181451/last.pt
2026-08-06 19:03:51 INFO  scripts.synthetic_model_comparison.training.training_pipeline | epoch 157/200 done — next lr=0.00113548, epochs_since_improve=0/20
2026-08-06 19:03:51 INFO  scripts.synthetic_model_comparison.training.training_pipeline | epoch 158/200 — train start (lr=0.00113548, batches=14)
2026-08-06 19:03:57 INFO  scripts.synthetic_model_comparison.training.training_pipeline | step 2200 | loss_box=0.6478 loss_cls=0.4486 loss_dfl=0.0169 loss_total=72.4617 lr=0.00112471
2026-08-06 19:04:03 INFO  scripts.synthetic_model_comparison.training.training_pipeline | epoch 158/200 — train done in 12.3s | avg loss_box=0.6530 loss_cls=0.4241 loss_dfl=0.0166 loss_total=70.8407
2026-08-06 19:04:03 INFO  scripts.synthetic_model_comparison.training.evaluation | evaluating on 4 batches
2026-08-06 19:04:09 INFO  scripts.synthetic_model_comparison.training.training_pipeline | epoch 158/200 — val mAP50=0.8676 mAP50_95=0.6285 (selection mAP50_95=0.6285)
2026-08-06 19:04:10 INFO  scripts.synthetic_model_comparison.training.evaluation | mlflow: logged val/mAP50=0.8676 val/mAP50_95=0.6285 (step=157)
2026-08-06 19:04:10 INFO  scripts.synthetic_model_comparison.training.evaluation | mlflow: logged val per-class AP table (12 classes)
2026-08-06 19:04:10 INFO  scripts.synthetic_model_comparison.training.training_pipeline | saved checkpoint: /home/debian/Master-Thesis/scripts/synthetic_model_comparison/training/model_exports/yolo26n-gpt-image-2-low-full-seed43-20260806-181451/last.pt
2026-08-06 19:04:10 INFO  scripts.synthetic_model_comparison.training.training_pipeline | epoch 158/200 done — next lr=0.0010856, epochs_since_improve=1/20
2026-08-06 19:04:10 INFO  scripts.synthetic_model_comparison.training.training_pipeline | epoch 159/200 — train start (lr=0.0010856, batches=14)
2026-08-06 19:04:21 INFO  scripts.synthetic_model_comparison.training.training_pipeline | epoch 159/200 — train done in 11.1s | avg loss_box=0.6605 loss_cls=0.4210 loss_dfl=0.0165 loss_total=71.0761
2026-08-06 19:04:21 INFO  scripts.synthetic_model_comparison.training.evaluation | evaluating on 4 batches
2026-08-06 19:04:27 INFO  scripts.synthetic_model_comparison.training.training_pipeline | epoch 159/200 — val mAP50=0.8658 mAP50_95=0.6176 (selection mAP50_95=0.6176)
2026-08-06 19:04:28 INFO  scripts.synthetic_model_comparison.training.evaluation | mlflow: logged val/mAP50=0.8658 val/mAP50_95=0.6176 (step=158)
2026-08-06 19:04:28 INFO  scripts.synthetic_model_comparison.training.evaluation | mlflow: logged val per-class AP table (12 classes)
2026-08-06 19:04:28 INFO  scripts.synthetic_model_comparison.training.training_pipeline | saved checkpoint: /home/debian/Master-Thesis/scripts/synthetic_model_comparison/training/model_exports/yolo26n-gpt-image-2-low-full-seed43-20260806-181451/last.pt
2026-08-06 19:04:29 INFO  scripts.synthetic_model_comparison.training.training_pipeline | epoch 159/200 done — next lr=0.00103672, epochs_since_improve=2/20
2026-08-06 19:04:29 INFO  scripts.synthetic_model_comparison.training.training_pipeline | epoch 160/200 — train start (lr=0.00103672, batches=14)
2026-08-06 19:04:40 INFO  scripts.synthetic_model_comparison.training.training_pipeline | epoch 160/200 — train done in 11.0s | avg loss_box=0.6339 loss_cls=0.4343 loss_dfl=0.0164 loss_total=70.1832
2026-08-06 19:04:40 INFO  scripts.synthetic_model_comparison.training.evaluation | evaluating on 4 batches
2026-08-06 19:04:46 INFO  scripts.synthetic_model_comparison.training.training_pipeline | epoch 160/200 — val mAP50=0.8859 mAP50_95=0.6285 (selection mAP50_95=0.6285)
2026-08-06 19:04:46 INFO  scripts.synthetic_model_comparison.training.evaluation | mlflow: logged val/mAP50=0.8859 val/mAP50_95=0.6285 (step=159)
2026-08-06 19:04:47 INFO  scripts.synthetic_model_comparison.training.evaluation | mlflow: logged val per-class AP table (12 classes)
2026-08-06 19:04:47 INFO  scripts.synthetic_model_comparison.training.training_pipeline | saved checkpoint: /home/debian/Master-Thesis/scripts/synthetic_model_comparison/training/model_exports/yolo26n-gpt-image-2-low-full-seed43-20260806-181451/last.pt
2026-08-06 19:04:47 INFO  scripts.synthetic_model_comparison.training.training_pipeline | epoch 160/200 done — next lr=0.000988851, epochs_since_improve=3/20
2026-08-06 19:04:47 INFO  scripts.synthetic_model_comparison.training.training_pipeline | epoch 161/200 — train start (lr=0.000988851, batches=14)
2026-08-06 19:04:57 INFO  scripts.synthetic_model_comparison.training.training_pipeline | step 2250 | loss_box=0.6201 loss_cls=0.4146 loss_dfl=0.0152 loss_total=68.0349 lr=0.000951955
2026-08-06 19:05:00 INFO  scripts.synthetic_model_comparison.training.training_pipeline | epoch 161/200 — train done in 12.7s | avg loss_box=0.6791 loss_cls=0.4200 loss_dfl=0.0169 loss_total=72.0224
2026-08-06 19:05:00 INFO  scripts.synthetic_model_comparison.training.evaluation | evaluating on 4 batches
2026-08-06 19:05:06 INFO  scripts.synthetic_model_comparison.training.training_pipeline | epoch 161/200 — val mAP50=0.8815 mAP50_95=0.6226 (selection mAP50_95=0.6226)
2026-08-06 19:05:07 INFO  scripts.synthetic_model_comparison.training.evaluation | mlflow: logged val/mAP50=0.8815 val/mAP50_95=0.6226 (step=160)
2026-08-06 19:05:07 INFO  scripts.synthetic_model_comparison.training.evaluation | mlflow: logged val per-class AP table (12 classes)
2026-08-06 19:05:07 INFO  scripts.synthetic_model_comparison.training.training_pipeline | saved checkpoint: /home/debian/Master-Thesis/scripts/synthetic_model_comparison/training/model_exports/yolo26n-gpt-image-2-low-full-seed43-20260806-181451/last.pt
2026-08-06 19:05:07 INFO  scripts.synthetic_model_comparison.training.training_pipeline | epoch 161/200 done — next lr=0.000942002, epochs_since_improve=4/20
2026-08-06 19:05:07 INFO  scripts.synthetic_model_comparison.training.training_pipeline | epoch 162/200 — train start (lr=0.000942002, batches=14)
2026-08-06 19:05:19 INFO  scripts.synthetic_model_comparison.training.training_pipeline | epoch 162/200 — train done in 11.4s | avg loss_box=0.6806 loss_cls=0.4300 loss_dfl=0.0171 loss_total=72.8697
2026-08-06 19:05:19 INFO  scripts.synthetic_model_comparison.training.evaluation | evaluating on 4 batches
2026-08-06 19:05:24 INFO  scripts.synthetic_model_comparison.training.training_pipeline | epoch 162/200 — val mAP50=0.8734 mAP50_95=0.6274 (selection mAP50_95=0.6274)
2026-08-06 19:05:25 INFO  scripts.synthetic_model_comparison.training.evaluation | mlflow: logged val/mAP50=0.8734 val/mAP50_95=0.6274 (step=161)
2026-08-06 19:05:25 INFO  scripts.synthetic_model_comparison.training.evaluation | mlflow: logged val per-class AP table (12 classes)
2026-08-06 19:05:25 INFO  scripts.synthetic_model_comparison.training.training_pipeline | saved checkpoint: /home/debian/Master-Thesis/scripts/synthetic_model_comparison/training/model_exports/yolo26n-gpt-image-2-low-full-seed43-20260806-181451/last.pt
2026-08-06 19:05:26 INFO  scripts.synthetic_model_comparison.training.training_pipeline | epoch 162/200 done — next lr=0.000896186, epochs_since_improve=5/20
2026-08-06 19:05:26 INFO  scripts.synthetic_model_comparison.training.training_pipeline | epoch 163/200 — train start (lr=0.000896186, batches=14)
2026-08-06 19:05:37 INFO  scripts.synthetic_model_comparison.training.training_pipeline | epoch 163/200 — train done in 11.0s | avg loss_box=0.6554 loss_cls=0.4029 loss_dfl=0.0165 loss_total=69.8204
2026-08-06 19:05:37 INFO  scripts.synthetic_model_comparison.training.evaluation | evaluating on 4 batches
2026-08-06 19:05:43 INFO  scripts.synthetic_model_comparison.training.training_pipeline | epoch 163/200 — val mAP50=0.8791 mAP50_95=0.6267 (selection mAP50_95=0.6267)
2026-08-06 19:05:43 INFO  scripts.synthetic_model_comparison.training.evaluation | mlflow: logged val/mAP50=0.8791 val/mAP50_95=0.6267 (step=162)
2026-08-06 19:05:44 INFO  scripts.synthetic_model_comparison.training.evaluation | mlflow: logged val per-class AP table (12 classes)
2026-08-06 19:05:44 INFO  scripts.synthetic_model_comparison.training.training_pipeline | saved checkpoint: /home/debian/Master-Thesis/scripts/synthetic_model_comparison/training/model_exports/yolo26n-gpt-image-2-low-full-seed43-20260806-181451/last.pt
2026-08-06 19:05:44 INFO  scripts.synthetic_model_comparison.training.training_pipeline | epoch 163/200 done — next lr=0.000851414, epochs_since_improve=6/20
2026-08-06 19:05:44 INFO  scripts.synthetic_model_comparison.training.training_pipeline | epoch 164/200 — train start (lr=0.000851414, batches=14)
2026-08-06 19:05:55 INFO  scripts.synthetic_model_comparison.training.training_pipeline | epoch 164/200 — train done in 10.7s | avg loss_box=0.6564 loss_cls=0.4204 loss_dfl=0.0166 loss_total=70.3926
2026-08-06 19:05:55 INFO  scripts.synthetic_model_comparison.training.evaluation | evaluating on 4 batches
2026-08-06 19:06:01 INFO  scripts.synthetic_model_comparison.training.training_pipeline | epoch 164/200 — val mAP50=0.8774 mAP50_95=0.6210 (selection mAP50_95=0.6210)
2026-08-06 19:06:01 INFO  scripts.synthetic_model_comparison.training.evaluation | mlflow: logged val/mAP50=0.8774 val/mAP50_95=0.6210 (step=163)
2026-08-06 19:06:02 INFO  scripts.synthetic_model_comparison.training.evaluation | mlflow: logged val per-class AP table (12 classes)
2026-08-06 19:06:02 INFO  scripts.synthetic_model_comparison.training.training_pipeline | saved checkpoint: /home/debian/Master-Thesis/scripts/synthetic_model_comparison/training/model_exports/yolo26n-gpt-image-2-low-full-seed43-20260806-181451/last.pt
2026-08-06 19:06:02 INFO  scripts.synthetic_model_comparison.training.training_pipeline | epoch 164/200 done — next lr=0.000807699, epochs_since_improve=7/20
2026-08-06 19:06:02 INFO  scripts.synthetic_model_comparison.training.training_pipeline | epoch 165/200 — train start (lr=0.000807699, batches=14)
2026-08-06 19:06:10 INFO  scripts.synthetic_model_comparison.training.training_pipeline | step 2300 | loss_box=0.6941 loss_cls=0.4257 loss_dfl=0.0200 loss_total=73.9702 lr=0.000792345
2026-08-06 19:06:15 INFO  scripts.synthetic_model_comparison.training.training_pipeline | epoch 165/200 — train done in 13.2s | avg loss_box=0.6410 loss_cls=0.4546 loss_dfl=0.0162 loss_total=71.5455
2026-08-06 19:06:15 INFO  scripts.synthetic_model_comparison.training.evaluation | evaluating on 4 batches
2026-08-06 19:06:21 INFO  scripts.synthetic_model_comparison.training.training_pipeline | epoch 165/200 — val mAP50=0.8841 mAP50_95=0.6299 (selection mAP50_95=0.6299)
2026-08-06 19:06:22 INFO  scripts.synthetic_model_comparison.training.evaluation | mlflow: logged val/mAP50=0.8841 val/mAP50_95=0.6299 (step=164)
2026-08-06 19:06:22 INFO  scripts.synthetic_model_comparison.training.evaluation | mlflow: logged val per-class AP table (12 classes)
2026-08-06 19:06:22 INFO  scripts.synthetic_model_comparison.training.training_pipeline | saved checkpoint: /home/debian/Master-Thesis/scripts/synthetic_model_comparison/training/model_exports/yolo26n-gpt-image-2-low-full-seed43-20260806-181451/last.pt
2026-08-06 19:06:23 INFO  scripts.synthetic_model_comparison.training.training_pipeline | epoch 165/200 done — next lr=0.000765051, epochs_since_improve=8/20
2026-08-06 19:06:23 INFO  scripts.synthetic_model_comparison.training.training_pipeline | epoch 166/200 — train start (lr=0.000765051, batches=14)
2026-08-06 19:06:34 INFO  scripts.synthetic_model_comparison.training.training_pipeline | epoch 166/200 — train done in 11.0s | avg loss_box=0.6179 loss_cls=0.3881 loss_dfl=0.0158 loss_total=66.2883
2026-08-06 19:06:34 INFO  scripts.synthetic_model_comparison.training.evaluation | evaluating on 4 batches
2026-08-06 19:06:40 INFO  scripts.synthetic_model_comparison.training.training_pipeline | epoch 166/200 — val mAP50=0.8865 mAP50_95=0.6295 (selection mAP50_95=0.6295)
2026-08-06 19:06:40 INFO  scripts.synthetic_model_comparison.training.evaluation | mlflow: logged val/mAP50=0.8865 val/mAP50_95=0.6295 (step=165)
2026-08-06 19:06:41 INFO  scripts.synthetic_model_comparison.training.evaluation | mlflow: logged val per-class AP table (12 classes)
2026-08-06 19:06:41 INFO  scripts.synthetic_model_comparison.training.training_pipeline | saved checkpoint: /home/debian/Master-Thesis/scripts/synthetic_model_comparison/training/model_exports/yolo26n-gpt-image-2-low-full-seed43-20260806-181451/last.pt
2026-08-06 19:06:41 INFO  scripts.synthetic_model_comparison.training.training_pipeline | epoch 166/200 done — next lr=0.000723482, epochs_since_improve=9/20
2026-08-06 19:06:41 INFO  scripts.synthetic_model_comparison.training.training_pipeline | epoch 167/200 — train start (lr=0.000723482, batches=14)
2026-08-06 19:06:52 INFO  scripts.synthetic_model_comparison.training.training_pipeline | epoch 167/200 — train done in 11.3s | avg loss_box=0.6105 loss_cls=0.3984 loss_dfl=0.0150 loss_total=66.6053
2026-08-06 19:06:52 INFO  scripts.synthetic_model_comparison.training.evaluation | evaluating on 4 batches
2026-08-06 19:06:58 INFO  scripts.synthetic_model_comparison.training.training_pipeline | epoch 167/200 — val mAP50=0.8805 mAP50_95=0.6272 (selection mAP50_95=0.6272)
2026-08-06 19:06:59 INFO  scripts.synthetic_model_comparison.training.evaluation | mlflow: logged val/mAP50=0.8805 val/mAP50_95=0.6272 (step=166)
2026-08-06 19:06:59 INFO  scripts.synthetic_model_comparison.training.evaluation | mlflow: logged val per-class AP table (12 classes)
2026-08-06 19:06:59 INFO  scripts.synthetic_model_comparison.training.training_pipeline | saved checkpoint: /home/debian/Master-Thesis/scripts/synthetic_model_comparison/training/model_exports/yolo26n-gpt-image-2-low-full-seed43-20260806-181451/last.pt
2026-08-06 19:06:59 INFO  scripts.synthetic_model_comparison.training.training_pipeline | epoch 167/200 done — next lr=0.000683001, epochs_since_improve=10/20
2026-08-06 19:06:59 INFO  scripts.synthetic_model_comparison.training.training_pipeline | epoch 168/200 — train start (lr=0.000683001, batches=14)
2026-08-06 19:07:11 INFO  scripts.synthetic_model_comparison.training.training_pipeline | step 2350 | loss_box=0.5715 loss_cls=0.4265 loss_dfl=0.0154 loss_total=65.9575 lr=0.000646396
2026-08-06 19:07:12 INFO  scripts.synthetic_model_comparison.training.training_pipeline | epoch 168/200 — train done in 13.0s | avg loss_box=0.6358 loss_cls=0.4199 loss_dfl=0.0162 loss_total=69.2052
2026-08-06 19:07:12 INFO  scripts.synthetic_model_comparison.training.evaluation | evaluating on 4 batches
2026-08-06 19:07:18 INFO  scripts.synthetic_model_comparison.training.training_pipeline | epoch 168/200 — val mAP50=0.8810 mAP50_95=0.6245 (selection mAP50_95=0.6245)
2026-08-06 19:07:19 INFO  scripts.synthetic_model_comparison.training.evaluation | mlflow: logged val/mAP50=0.8810 val/mAP50_95=0.6245 (step=167)
2026-08-06 19:07:19 INFO  scripts.synthetic_model_comparison.training.evaluation | mlflow: logged val per-class AP table (12 classes)
2026-08-06 19:07:19 INFO  scripts.synthetic_model_comparison.training.training_pipeline | saved checkpoint: /home/debian/Master-Thesis/scripts/synthetic_model_comparison/training/model_exports/yolo26n-gpt-image-2-low-full-seed43-20260806-181451/last.pt
2026-08-06 19:07:20 INFO  scripts.synthetic_model_comparison.training.training_pipeline | epoch 168/200 done — next lr=0.00064362, epochs_since_improve=11/20
2026-08-06 19:07:20 INFO  scripts.synthetic_model_comparison.training.training_pipeline | epoch 169/200 — train start (lr=0.00064362, batches=14)
2026-08-06 19:07:31 INFO  scripts.synthetic_model_comparison.training.training_pipeline | epoch 169/200 — train done in 11.2s | avg loss_box=0.6213 loss_cls=0.3975 loss_dfl=0.0153 loss_total=67.1856
2026-08-06 19:07:31 INFO  scripts.synthetic_model_comparison.training.evaluation | evaluating on 4 batches
2026-08-06 19:07:37 INFO  scripts.synthetic_model_comparison.training.training_pipeline | epoch 169/200 — val mAP50=0.8780 mAP50_95=0.6269 (selection mAP50_95=0.6269)
2026-08-06 19:07:38 INFO  scripts.synthetic_model_comparison.training.evaluation | mlflow: logged val/mAP50=0.8780 val/mAP50_95=0.6269 (step=168)
2026-08-06 19:07:38 INFO  scripts.synthetic_model_comparison.training.evaluation | mlflow: logged val per-class AP table (12 classes)
2026-08-06 19:07:38 INFO  scripts.synthetic_model_comparison.training.training_pipeline | saved checkpoint: /home/debian/Master-Thesis/scripts/synthetic_model_comparison/training/model_exports/yolo26n-gpt-image-2-low-full-seed43-20260806-181451/last.pt
2026-08-06 19:07:38 INFO  scripts.synthetic_model_comparison.training.training_pipeline | epoch 169/200 done — next lr=0.000605347, epochs_since_improve=12/20
2026-08-06 19:07:38 INFO  scripts.synthetic_model_comparison.training.training_pipeline | epoch 170/200 — train start (lr=0.000605347, batches=14)
2026-08-06 19:07:49 INFO  scripts.synthetic_model_comparison.training.training_pipeline | epoch 170/200 — train done in 10.7s | avg loss_box=0.6030 loss_cls=0.3848 loss_dfl=0.0154 loss_total=65.2352
2026-08-06 19:07:49 INFO  scripts.synthetic_model_comparison.training.evaluation | evaluating on 4 batches
2026-08-06 19:07:55 INFO  scripts.synthetic_model_comparison.training.training_pipeline | epoch 170/200 — val mAP50=0.8688 mAP50_95=0.6158 (selection mAP50_95=0.6158)
2026-08-06 19:07:56 INFO  scripts.synthetic_model_comparison.training.evaluation | mlflow: logged val/mAP50=0.8688 val/mAP50_95=0.6158 (step=169)
2026-08-06 19:07:56 INFO  scripts.synthetic_model_comparison.training.evaluation | mlflow: logged val per-class AP table (12 classes)
2026-08-06 19:07:56 INFO  scripts.synthetic_model_comparison.training.training_pipeline | saved checkpoint: /home/debian/Master-Thesis/scripts/synthetic_model_comparison/training/model_exports/yolo26n-gpt-image-2-low-full-seed43-20260806-181451/last.pt
2026-08-06 19:07:57 INFO  scripts.synthetic_model_comparison.training.training_pipeline | epoch 170/200 done — next lr=0.000568194, epochs_since_improve=13/20
2026-08-06 19:07:57 INFO  scripts.synthetic_model_comparison.training.training_pipeline | epoch 171/200 — train start (lr=0.000568194, batches=14)
2026-08-06 19:08:08 INFO  scripts.synthetic_model_comparison.training.training_pipeline | epoch 171/200 — train done in 11.1s | avg loss_box=0.6270 loss_cls=0.3935 loss_dfl=0.0159 loss_total=67.2118
2026-08-06 19:08:08 INFO  scripts.synthetic_model_comparison.training.evaluation | evaluating on 4 batches
2026-08-06 19:08:13 INFO  scripts.synthetic_model_comparison.training.training_pipeline | epoch 171/200 — val mAP50=0.8800 mAP50_95=0.6284 (selection mAP50_95=0.6284)
2026-08-06 19:08:14 INFO  scripts.synthetic_model_comparison.training.evaluation | mlflow: logged val/mAP50=0.8800 val/mAP50_95=0.6284 (step=170)
2026-08-06 19:08:14 INFO  scripts.synthetic_model_comparison.training.evaluation | mlflow: logged val per-class AP table (12 classes)
2026-08-06 19:08:15 INFO  scripts.synthetic_model_comparison.training.training_pipeline | saved checkpoint: /home/debian/Master-Thesis/scripts/synthetic_model_comparison/training/model_exports/yolo26n-gpt-image-2-low-full-seed43-20260806-181451/last.pt
2026-08-06 19:08:15 INFO  scripts.synthetic_model_comparison.training.training_pipeline | epoch 171/200 done — next lr=0.000532169, epochs_since_improve=14/20
2026-08-06 19:08:15 INFO  scripts.synthetic_model_comparison.training.training_pipeline | epoch 172/200 — train start (lr=0.000532169, batches=14)
2026-08-06 19:08:23 INFO  scripts.synthetic_model_comparison.training.training_pipeline | step 2400 | loss_box=0.5771 loss_cls=0.4375 loss_dfl=0.0135 loss_total=66.3476 lr=0.000514582
2026-08-06 19:08:27 INFO  scripts.synthetic_model_comparison.training.training_pipeline | epoch 172/200 — train done in 12.2s | avg loss_box=0.6087 loss_cls=0.4014 loss_dfl=0.0154 loss_total=66.3192
2026-08-06 19:08:27 INFO  scripts.synthetic_model_comparison.training.evaluation | evaluating on 4 batches
2026-08-06 19:08:33 INFO  scripts.synthetic_model_comparison.training.training_pipeline | epoch 172/200 — val mAP50=0.8740 mAP50_95=0.6328 (selection mAP50_95=0.6328)
2026-08-06 19:08:33 INFO  scripts.synthetic_model_comparison.training.evaluation | mlflow: logged val/mAP50=0.8740 val/mAP50_95=0.6328 (step=171)
2026-08-06 19:08:34 INFO  scripts.synthetic_model_comparison.training.evaluation | mlflow: logged val per-class AP table (12 classes)
2026-08-06 19:08:34 INFO  scripts.synthetic_model_comparison.training.training_pipeline | saved checkpoint: /home/debian/Master-Thesis/scripts/synthetic_model_comparison/training/model_exports/yolo26n-gpt-image-2-low-full-seed43-20260806-181451/last.pt
2026-08-06 19:08:34 INFO  scripts.synthetic_model_comparison.training.training_pipeline | epoch 172/200 done — next lr=0.000497281, epochs_since_improve=15/20
2026-08-06 19:08:34 INFO  scripts.synthetic_model_comparison.training.training_pipeline | epoch 173/200 — train start (lr=0.000497281, batches=14)
2026-08-06 19:08:45 INFO  scripts.synthetic_model_comparison.training.training_pipeline | epoch 173/200 — train done in 11.0s | avg loss_box=0.5949 loss_cls=0.3700 loss_dfl=0.0151 loss_total=63.8297
2026-08-06 19:08:45 INFO  scripts.synthetic_model_comparison.training.evaluation | evaluating on 4 batches
2026-08-06 19:08:51 INFO  scripts.synthetic_model_comparison.training.training_pipeline | epoch 173/200 — val mAP50=0.8786 mAP50_95=0.6296 (selection mAP50_95=0.6296)
2026-08-06 19:08:52 INFO  scripts.synthetic_model_comparison.training.evaluation | mlflow: logged val/mAP50=0.8786 val/mAP50_95=0.6296 (step=172)
2026-08-06 19:08:52 INFO  scripts.synthetic_model_comparison.training.evaluation | mlflow: logged val per-class AP table (12 classes)
2026-08-06 19:08:52 INFO  scripts.synthetic_model_comparison.training.training_pipeline | saved checkpoint: /home/debian/Master-Thesis/scripts/synthetic_model_comparison/training/model_exports/yolo26n-gpt-image-2-low-full-seed43-20260806-181451/last.pt
2026-08-06 19:08:52 INFO  scripts.synthetic_model_comparison.training.training_pipeline | epoch 173/200 done — next lr=0.000463539, epochs_since_improve=16/20
2026-08-06 19:08:52 INFO  scripts.synthetic_model_comparison.training.training_pipeline | epoch 174/200 — train start (lr=0.000463539, batches=14)
2026-08-06 19:09:04 INFO  scripts.synthetic_model_comparison.training.training_pipeline | epoch 174/200 — train done in 11.5s | avg loss_box=0.5898 loss_cls=0.3732 loss_dfl=0.0149 loss_total=63.7730
2026-08-06 19:09:04 INFO  scripts.synthetic_model_comparison.training.evaluation | evaluating on 4 batches
2026-08-06 19:09:10 INFO  scripts.synthetic_model_comparison.training.training_pipeline | epoch 174/200 — val mAP50=0.8907 mAP50_95=0.6369 (selection mAP50_95=0.6369)
2026-08-06 19:09:11 INFO  scripts.synthetic_model_comparison.training.evaluation | mlflow: logged val/mAP50=0.8907 val/mAP50_95=0.6369 (step=173)
2026-08-06 19:09:11 INFO  scripts.synthetic_model_comparison.training.evaluation | mlflow: logged val per-class AP table (12 classes)
2026-08-06 19:09:11 INFO  scripts.synthetic_model_comparison.training.training_pipeline | saved checkpoint: /home/debian/Master-Thesis/scripts/synthetic_model_comparison/training/model_exports/yolo26n-gpt-image-2-low-full-seed43-20260806-181451/last.pt
2026-08-06 19:09:11 INFO  scripts.synthetic_model_comparison.training.training_pipeline | epoch 174/200 done — next lr=0.000430953, epochs_since_improve=17/20
2026-08-06 19:09:11 INFO  scripts.synthetic_model_comparison.training.training_pipeline | epoch 175/200 — train start (lr=0.000430953, batches=14)
2026-08-06 19:09:22 INFO  scripts.synthetic_model_comparison.training.training_pipeline | epoch 175/200 — train done in 11.1s | avg loss_box=0.5880 loss_cls=0.3832 loss_dfl=0.0150 loss_total=64.2587
2026-08-06 19:09:22 INFO  scripts.synthetic_model_comparison.training.evaluation | evaluating on 4 batches
2026-08-06 19:09:28 INFO  scripts.synthetic_model_comparison.training.training_pipeline | epoch 175/200 — val mAP50=0.8939 mAP50_95=0.6413 (selection mAP50_95=0.6413)
2026-08-06 19:09:29 INFO  scripts.synthetic_model_comparison.training.evaluation | mlflow: logged val/mAP50=0.8939 val/mAP50_95=0.6413 (step=174)
2026-08-06 19:09:29 INFO  scripts.synthetic_model_comparison.training.evaluation | mlflow: logged val per-class AP table (12 classes)
2026-08-06 19:09:29 INFO  scripts.synthetic_model_comparison.training.training_pipeline | saved checkpoint: /home/debian/Master-Thesis/scripts/synthetic_model_comparison/training/model_exports/yolo26n-gpt-image-2-low-full-seed43-20260806-181451/best.pt
2026-08-06 19:09:29 INFO  scripts.synthetic_model_comparison.training.training_pipeline | new best mAP50_95=0.6413 at epoch 175
2026-08-06 19:09:29 INFO  scripts.synthetic_model_comparison.training.training_pipeline | saved checkpoint: /home/debian/Master-Thesis/scripts/synthetic_model_comparison/training/model_exports/yolo26n-gpt-image-2-low-full-seed43-20260806-181451/last.pt
2026-08-06 19:09:30 INFO  scripts.synthetic_model_comparison.training.training_pipeline | epoch 175/200 done — next lr=0.00039953, epochs_since_improve=0/20
2026-08-06 19:09:30 INFO  scripts.synthetic_model_comparison.training.training_pipeline | epoch 176/200 — train start (lr=0.00039953, batches=14)
2026-08-06 19:09:36 INFO  scripts.synthetic_model_comparison.training.training_pipeline | step 2450 | loss_box=0.5007 loss_cls=0.4128 loss_dfl=0.0125 loss_total=59.6673 lr=0.00039733
2026-08-06 19:09:42 INFO  scripts.synthetic_model_comparison.training.training_pipeline | epoch 176/200 — train done in 12.5s | avg loss_box=0.6005 loss_cls=0.4021 loss_dfl=0.0152 loss_total=65.8809
2026-08-06 19:09:42 INFO  scripts.synthetic_model_comparison.training.evaluation | evaluating on 4 batches
2026-08-06 19:09:48 INFO  scripts.synthetic_model_comparison.training.training_pipeline | epoch 176/200 — val mAP50=0.8899 mAP50_95=0.6375 (selection mAP50_95=0.6375)
2026-08-06 19:09:49 INFO  scripts.synthetic_model_comparison.training.evaluation | mlflow: logged val/mAP50=0.8899 val/mAP50_95=0.6375 (step=175)
2026-08-06 19:09:49 INFO  scripts.synthetic_model_comparison.training.evaluation | mlflow: logged val per-class AP table (12 classes)
2026-08-06 19:09:49 INFO  scripts.synthetic_model_comparison.training.training_pipeline | saved checkpoint: /home/debian/Master-Thesis/scripts/synthetic_model_comparison/training/model_exports/yolo26n-gpt-image-2-low-full-seed43-20260806-181451/last.pt
2026-08-06 19:09:49 INFO  scripts.synthetic_model_comparison.training.training_pipeline | epoch 176/200 done — next lr=0.000369277, epochs_since_improve=1/20
2026-08-06 19:09:49 INFO  scripts.synthetic_model_comparison.training.training_pipeline | epoch 177/200 — train start (lr=0.000369277, batches=14)
2026-08-06 19:10:01 INFO  scripts.synthetic_model_comparison.training.training_pipeline | epoch 177/200 — train done in 11.1s | avg loss_box=0.6016 loss_cls=0.3855 loss_dfl=0.0148 loss_total=64.9838
2026-08-06 19:10:01 INFO  scripts.synthetic_model_comparison.training.evaluation | evaluating on 4 batches
2026-08-06 19:10:06 INFO  scripts.synthetic_model_comparison.training.training_pipeline | epoch 177/200 — val mAP50=0.8889 mAP50_95=0.6372 (selection mAP50_95=0.6372)
2026-08-06 19:10:07 INFO  scripts.synthetic_model_comparison.training.evaluation | mlflow: logged val/mAP50=0.8889 val/mAP50_95=0.6372 (step=176)
2026-08-06 19:10:07 INFO  scripts.synthetic_model_comparison.training.evaluation | mlflow: logged val per-class AP table (12 classes)
2026-08-06 19:10:07 INFO  scripts.synthetic_model_comparison.training.training_pipeline | saved checkpoint: /home/debian/Master-Thesis/scripts/synthetic_model_comparison/training/model_exports/yolo26n-gpt-image-2-low-full-seed43-20260806-181451/last.pt
2026-08-06 19:10:08 INFO  scripts.synthetic_model_comparison.training.training_pipeline | epoch 177/200 done — next lr=0.000340204, epochs_since_improve=2/20
2026-08-06 19:10:08 INFO  scripts.synthetic_model_comparison.training.training_pipeline | epoch 178/200 — train start (lr=0.000340204, batches=14)
2026-08-06 19:10:19 INFO  scripts.synthetic_model_comparison.training.training_pipeline | epoch 178/200 — train done in 11.3s | avg loss_box=0.5946 loss_cls=0.3782 loss_dfl=0.0147 loss_total=64.2632
2026-08-06 19:10:19 INFO  scripts.synthetic_model_comparison.training.evaluation | evaluating on 4 batches
2026-08-06 19:10:25 INFO  scripts.synthetic_model_comparison.training.training_pipeline | epoch 178/200 — val mAP50=0.8909 mAP50_95=0.6383 (selection mAP50_95=0.6383)
2026-08-06 19:10:26 INFO  scripts.synthetic_model_comparison.training.evaluation | mlflow: logged val/mAP50=0.8909 val/mAP50_95=0.6383 (step=177)
2026-08-06 19:10:26 INFO  scripts.synthetic_model_comparison.training.evaluation | mlflow: logged val per-class AP table (12 classes)
2026-08-06 19:10:26 INFO  scripts.synthetic_model_comparison.training.training_pipeline | saved checkpoint: /home/debian/Master-Thesis/scripts/synthetic_model_comparison/training/model_exports/yolo26n-gpt-image-2-low-full-seed43-20260806-181451/last.pt
2026-08-06 19:10:26 INFO  scripts.synthetic_model_comparison.training.training_pipeline | epoch 178/200 done — next lr=0.000312317, epochs_since_improve=3/20
2026-08-06 19:10:26 INFO  scripts.synthetic_model_comparison.training.training_pipeline | epoch 179/200 — train start (lr=0.000312317, batches=14)
2026-08-06 19:10:35 INFO  scripts.synthetic_model_comparison.training.training_pipeline | step 2500 | loss_box=0.5294 loss_cls=0.3395 loss_dfl=0.0128 loss_total=57.9886 lr=0.00029502
2026-08-06 19:10:39 INFO  scripts.synthetic_model_comparison.training.training_pipeline | epoch 179/200 — train done in 12.2s | avg loss_box=0.5882 loss_cls=0.3640 loss_dfl=0.0150 loss_total=62.9086
2026-08-06 19:10:39 INFO  scripts.synthetic_model_comparison.training.evaluation | evaluating on 4 batches
2026-08-06 19:10:44 INFO  scripts.synthetic_model_comparison.training.training_pipeline | epoch 179/200 — val mAP50=0.8977 mAP50_95=0.6461 (selection mAP50_95=0.6461)
2026-08-06 19:10:45 INFO  scripts.synthetic_model_comparison.training.evaluation | mlflow: logged val/mAP50=0.8977 val/mAP50_95=0.6461 (step=178)
2026-08-06 19:10:45 INFO  scripts.synthetic_model_comparison.training.evaluation | mlflow: logged val per-class AP table (12 classes)
2026-08-06 19:10:46 INFO  scripts.synthetic_model_comparison.training.training_pipeline | saved checkpoint: /home/debian/Master-Thesis/scripts/synthetic_model_comparison/training/model_exports/yolo26n-gpt-image-2-low-full-seed43-20260806-181451/best.pt
2026-08-06 19:10:46 INFO  scripts.synthetic_model_comparison.training.training_pipeline | new best mAP50_95=0.6461 at epoch 179
2026-08-06 19:10:46 INFO  scripts.synthetic_model_comparison.training.training_pipeline | saved checkpoint: /home/debian/Master-Thesis/scripts/synthetic_model_comparison/training/model_exports/yolo26n-gpt-image-2-low-full-seed43-20260806-181451/last.pt
2026-08-06 19:10:46 INFO  scripts.synthetic_model_comparison.training.training_pipeline | epoch 179/200 done — next lr=0.000285624, epochs_since_improve=0/20
2026-08-06 19:10:46 INFO  scripts.synthetic_model_comparison.training.training_pipeline | epoch 180/200 — train start (lr=0.000285624, batches=14)
2026-08-06 19:10:57 INFO  scripts.synthetic_model_comparison.training.training_pipeline | epoch 180/200 — train done in 11.2s | avg loss_box=0.5919 loss_cls=0.3723 loss_dfl=0.0149 loss_total=63.7506
2026-08-06 19:10:57 INFO  scripts.synthetic_model_comparison.training.evaluation | evaluating on 4 batches
2026-08-06 19:11:03 INFO  scripts.synthetic_model_comparison.training.training_pipeline | epoch 180/200 — val mAP50=0.8940 mAP50_95=0.6449 (selection mAP50_95=0.6449)
2026-08-06 19:11:04 INFO  scripts.synthetic_model_comparison.training.evaluation | mlflow: logged val/mAP50=0.8940 val/mAP50_95=0.6449 (step=179)
2026-08-06 19:11:04 INFO  scripts.synthetic_model_comparison.training.evaluation | mlflow: logged val per-class AP table (12 classes)
2026-08-06 19:11:04 INFO  scripts.synthetic_model_comparison.training.training_pipeline | saved checkpoint: /home/debian/Master-Thesis/scripts/synthetic_model_comparison/training/model_exports/yolo26n-gpt-image-2-low-full-seed43-20260806-181451/last.pt
2026-08-06 19:11:05 INFO  scripts.synthetic_model_comparison.training.training_pipeline | epoch 180/200 done — next lr=0.000260131, epochs_since_improve=1/20
2026-08-06 19:11:05 INFO  scripts.synthetic_model_comparison.training.training_pipeline | epoch 181/200 — train start (lr=0.000260131, batches=14)
2026-08-06 19:11:16 INFO  scripts.synthetic_model_comparison.training.training_pipeline | epoch 181/200 — train done in 11.3s | avg loss_box=0.5926 loss_cls=0.3987 loss_dfl=0.0149 loss_total=65.2046
2026-08-06 19:11:16 INFO  scripts.synthetic_model_comparison.training.evaluation | evaluating on 4 batches
2026-08-06 19:11:22 INFO  scripts.synthetic_model_comparison.training.training_pipeline | epoch 181/200 — val mAP50=0.8886 mAP50_95=0.6442 (selection mAP50_95=0.6442)
2026-08-06 19:11:23 INFO  scripts.synthetic_model_comparison.training.evaluation | mlflow: logged val/mAP50=0.8886 val/mAP50_95=0.6442 (step=180)
2026-08-06 19:11:23 INFO  scripts.synthetic_model_comparison.training.evaluation | mlflow: logged val per-class AP table (12 classes)
2026-08-06 19:11:23 INFO  scripts.synthetic_model_comparison.training.training_pipeline | saved checkpoint: /home/debian/Master-Thesis/scripts/synthetic_model_comparison/training/model_exports/yolo26n-gpt-image-2-low-full-seed43-20260806-181451/last.pt
2026-08-06 19:11:23 INFO  scripts.synthetic_model_comparison.training.training_pipeline | epoch 181/200 done — next lr=0.000235844, epochs_since_improve=2/20
2026-08-06 19:11:23 INFO  scripts.synthetic_model_comparison.training.training_pipeline | epoch 182/200 — train start (lr=0.000235844, batches=14)
2026-08-06 19:11:34 INFO  scripts.synthetic_model_comparison.training.training_pipeline | epoch 182/200 — train done in 10.8s | avg loss_box=0.5912 loss_cls=0.3752 loss_dfl=0.0148 loss_total=63.8484
2026-08-06 19:11:34 INFO  scripts.synthetic_model_comparison.training.evaluation | evaluating on 4 batches
2026-08-06 19:11:40 INFO  scripts.synthetic_model_comparison.training.training_pipeline | epoch 182/200 — val mAP50=0.8909 mAP50_95=0.6482 (selection mAP50_95=0.6482)
2026-08-06 19:11:40 INFO  scripts.synthetic_model_comparison.training.evaluation | mlflow: logged val/mAP50=0.8909 val/mAP50_95=0.6482 (step=181)
2026-08-06 19:11:41 INFO  scripts.synthetic_model_comparison.training.evaluation | mlflow: logged val per-class AP table (12 classes)
2026-08-06 19:11:41 INFO  scripts.synthetic_model_comparison.training.training_pipeline | saved checkpoint: /home/debian/Master-Thesis/scripts/synthetic_model_comparison/training/model_exports/yolo26n-gpt-image-2-low-full-seed43-20260806-181451/best.pt
2026-08-06 19:11:41 INFO  scripts.synthetic_model_comparison.training.training_pipeline | new best mAP50_95=0.6482 at epoch 182
2026-08-06 19:11:41 INFO  scripts.synthetic_model_comparison.training.training_pipeline | saved checkpoint: /home/debian/Master-Thesis/scripts/synthetic_model_comparison/training/model_exports/yolo26n-gpt-image-2-low-full-seed43-20260806-181451/last.pt
2026-08-06 19:11:41 INFO  scripts.synthetic_model_comparison.training.training_pipeline | epoch 182/200 done — next lr=0.00021277, epochs_since_improve=0/20
2026-08-06 19:11:41 INFO  scripts.synthetic_model_comparison.training.training_pipeline | epoch 183/200 — train start (lr=0.00021277, batches=14)
2026-08-06 19:11:46 WARNING urllib3.connectionpool | Retrying (Retry(total=6, connect=7, read=6, redirect=7, status=7)) after connection broken by 'RemoteDisconnected('Remote end closed connection without response')': /api/2.0/mlflow/runs/log-metric
2026-08-06 19:11:48 INFO  scripts.synthetic_model_comparison.training.training_pipeline | step 2550 | loss_box=0.5940 loss_cls=0.2977 loss_dfl=0.0149 loss_total=59.8470 lr=0.000207984
2026-08-06 19:11:54 INFO  scripts.synthetic_model_comparison.training.training_pipeline | epoch 183/200 — train done in 12.3s | avg loss_box=0.5725 loss_cls=0.3568 loss_dfl=0.0144 loss_total=61.4500
2026-08-06 19:11:54 INFO  scripts.synthetic_model_comparison.training.evaluation | evaluating on 4 batches
2026-08-06 19:12:00 INFO  scripts.synthetic_model_comparison.training.training_pipeline | epoch 183/200 — val mAP50=0.8833 mAP50_95=0.6451 (selection mAP50_95=0.6451)
2026-08-06 19:12:00 INFO  scripts.synthetic_model_comparison.training.evaluation | mlflow: logged val/mAP50=0.8833 val/mAP50_95=0.6451 (step=182)
2026-08-06 19:12:01 INFO  scripts.synthetic_model_comparison.training.evaluation | mlflow: logged val per-class AP table (12 classes)
2026-08-06 19:12:01 INFO  scripts.synthetic_model_comparison.training.training_pipeline | saved checkpoint: /home/debian/Master-Thesis/scripts/synthetic_model_comparison/training/model_exports/yolo26n-gpt-image-2-low-full-seed43-20260806-181451/last.pt
2026-08-06 19:12:01 INFO  scripts.synthetic_model_comparison.training.training_pipeline | epoch 183/200 done — next lr=0.000190915, epochs_since_improve=1/20
2026-08-06 19:12:01 INFO  scripts.synthetic_model_comparison.training.training_pipeline | epoch 184/200 — train start (lr=0.000190915, batches=14)
2026-08-06 19:12:12 INFO  scripts.synthetic_model_comparison.training.training_pipeline | epoch 184/200 — train done in 11.2s | avg loss_box=0.5836 loss_cls=0.3833 loss_dfl=0.0148 loss_total=63.8187
2026-08-06 19:12:12 INFO  scripts.synthetic_model_comparison.training.evaluation | evaluating on 4 batches
2026-08-06 19:12:18 INFO  scripts.synthetic_model_comparison.training.training_pipeline | epoch 184/200 — val mAP50=0.8889 mAP50_95=0.6494 (selection mAP50_95=0.6494)
2026-08-06 19:12:19 INFO  scripts.synthetic_model_comparison.training.evaluation | mlflow: logged val/mAP50=0.8889 val/mAP50_95=0.6494 (step=183)
2026-08-06 19:12:19 INFO  scripts.synthetic_model_comparison.training.evaluation | mlflow: logged val per-class AP table (12 classes)
2026-08-06 19:12:19 INFO  scripts.synthetic_model_comparison.training.training_pipeline | saved checkpoint: /home/debian/Master-Thesis/scripts/synthetic_model_comparison/training/model_exports/yolo26n-gpt-image-2-low-full-seed43-20260806-181451/best.pt
2026-08-06 19:12:19 INFO  scripts.synthetic_model_comparison.training.training_pipeline | new best mAP50_95=0.6494 at epoch 184
2026-08-06 19:12:19 INFO  scripts.synthetic_model_comparison.training.training_pipeline | saved checkpoint: /home/debian/Master-Thesis/scripts/synthetic_model_comparison/training/model_exports/yolo26n-gpt-image-2-low-full-seed43-20260806-181451/last.pt
2026-08-06 19:12:20 INFO  scripts.synthetic_model_comparison.training.training_pipeline | epoch 184/200 done — next lr=0.000170284, epochs_since_improve=0/20
2026-08-06 19:12:20 INFO  scripts.synthetic_model_comparison.training.training_pipeline | epoch 185/200 — train start (lr=0.000170284, batches=14)
2026-08-06 19:12:31 INFO  scripts.synthetic_model_comparison.training.training_pipeline | epoch 185/200 — train done in 11.4s | avg loss_box=0.5647 loss_cls=0.3730 loss_dfl=0.0141 loss_total=61.8591
2026-08-06 19:12:31 INFO  scripts.synthetic_model_comparison.training.evaluation | evaluating on 4 batches
2026-08-06 19:12:37 INFO  scripts.synthetic_model_comparison.training.training_pipeline | epoch 185/200 — val mAP50=0.8849 mAP50_95=0.6496 (selection mAP50_95=0.6496)
2026-08-06 19:12:38 INFO  scripts.synthetic_model_comparison.training.evaluation | mlflow: logged val/mAP50=0.8849 val/mAP50_95=0.6496 (step=184)
2026-08-06 19:12:38 INFO  scripts.synthetic_model_comparison.training.evaluation | mlflow: logged val per-class AP table (12 classes)
2026-08-06 19:12:38 INFO  scripts.synthetic_model_comparison.training.training_pipeline | saved checkpoint: /home/debian/Master-Thesis/scripts/synthetic_model_comparison/training/model_exports/yolo26n-gpt-image-2-low-full-seed43-20260806-181451/last.pt
2026-08-06 19:12:38 INFO  scripts.synthetic_model_comparison.training.training_pipeline | epoch 185/200 done — next lr=0.000150883, epochs_since_improve=1/20
2026-08-06 19:12:38 INFO  scripts.synthetic_model_comparison.training.training_pipeline | epoch 186/200 — train start (lr=0.000150883, batches=14)
2026-08-06 19:12:49 INFO  scripts.synthetic_model_comparison.training.training_pipeline | step 2600 | loss_box=0.5940 loss_cls=0.3329 loss_dfl=0.0150 loss_total=61.7397 lr=0.000136504
2026-08-06 19:12:51 INFO  scripts.synthetic_model_comparison.training.training_pipeline | epoch 186/200 — train done in 12.9s | avg loss_box=0.5709 loss_cls=0.3642 loss_dfl=0.0143 loss_total=61.7314
2026-08-06 19:12:51 INFO  scripts.synthetic_model_comparison.training.evaluation | evaluating on 4 batches
2026-08-06 19:12:57 INFO  scripts.synthetic_model_comparison.training.training_pipeline | epoch 186/200 — val mAP50=0.8862 mAP50_95=0.6465 (selection mAP50_95=0.6465)
2026-08-06 19:12:58 INFO  scripts.synthetic_model_comparison.training.evaluation | mlflow: logged val/mAP50=0.8862 val/mAP50_95=0.6465 (step=185)
2026-08-06 19:12:58 INFO  scripts.synthetic_model_comparison.training.evaluation | mlflow: logged val per-class AP table (12 classes)
2026-08-06 19:12:58 INFO  scripts.synthetic_model_comparison.training.training_pipeline | saved checkpoint: /home/debian/Master-Thesis/scripts/synthetic_model_comparison/training/model_exports/yolo26n-gpt-image-2-low-full-seed43-20260806-181451/last.pt
2026-08-06 19:12:59 INFO  scripts.synthetic_model_comparison.training.training_pipeline | epoch 186/200 done — next lr=0.000132716, epochs_since_improve=2/20
2026-08-06 19:12:59 INFO  scripts.synthetic_model_comparison.training.training_pipeline | epoch 187/200 — train start (lr=0.000132716, batches=14)
2026-08-06 19:13:09 INFO  scripts.synthetic_model_comparison.training.training_pipeline | epoch 187/200 — train done in 10.9s | avg loss_box=0.5710 loss_cls=0.3745 loss_dfl=0.0145 loss_total=62.4197
2026-08-06 19:13:09 INFO  scripts.synthetic_model_comparison.training.evaluation | evaluating on 4 batches
2026-08-06 19:13:15 INFO  scripts.synthetic_model_comparison.training.training_pipeline | epoch 187/200 — val mAP50=0.8835 mAP50_95=0.6444 (selection mAP50_95=0.6444)
2026-08-06 19:13:16 INFO  scripts.synthetic_model_comparison.training.evaluation | mlflow: logged val/mAP50=0.8835 val/mAP50_95=0.6444 (step=186)
2026-08-06 19:13:16 INFO  scripts.synthetic_model_comparison.training.evaluation | mlflow: logged val per-class AP table (12 classes)
2026-08-06 19:13:16 INFO  scripts.synthetic_model_comparison.training.training_pipeline | saved checkpoint: /home/debian/Master-Thesis/scripts/synthetic_model_comparison/training/model_exports/yolo26n-gpt-image-2-low-full-seed43-20260806-181451/last.pt
2026-08-06 19:13:17 INFO  scripts.synthetic_model_comparison.training.training_pipeline | epoch 187/200 done — next lr=0.000115788, epochs_since_improve=3/20
2026-08-06 19:13:17 INFO  scripts.synthetic_model_comparison.training.training_pipeline | epoch 188/200 — train start (lr=0.000115788, batches=14)
2026-08-06 19:13:28 INFO  scripts.synthetic_model_comparison.training.training_pipeline | epoch 188/200 — train done in 11.4s | avg loss_box=0.5677 loss_cls=0.3761 loss_dfl=0.0145 loss_total=62.2409
2026-08-06 19:13:28 INFO  scripts.synthetic_model_comparison.training.evaluation | evaluating on 4 batches
2026-08-06 19:13:34 INFO  scripts.synthetic_model_comparison.training.training_pipeline | epoch 188/200 — val mAP50=0.8807 mAP50_95=0.6446 (selection mAP50_95=0.6446)
2026-08-06 19:13:34 INFO  scripts.synthetic_model_comparison.training.evaluation | mlflow: logged val/mAP50=0.8807 val/mAP50_95=0.6446 (step=187)
2026-08-06 19:13:35 INFO  scripts.synthetic_model_comparison.training.evaluation | mlflow: logged val per-class AP table (12 classes)
2026-08-06 19:13:35 INFO  scripts.synthetic_model_comparison.training.training_pipeline | saved checkpoint: /home/debian/Master-Thesis/scripts/synthetic_model_comparison/training/model_exports/yolo26n-gpt-image-2-low-full-seed43-20260806-181451/last.pt
2026-08-06 19:13:35 INFO  scripts.synthetic_model_comparison.training.training_pipeline | epoch 188/200 done — next lr=0.000100103, epochs_since_improve=4/20
2026-08-06 19:13:35 INFO  scripts.synthetic_model_comparison.training.training_pipeline | epoch 189/200 — train start (lr=0.000100103, batches=14)
2026-08-06 19:13:46 INFO  scripts.synthetic_model_comparison.training.training_pipeline | epoch 189/200 — train done in 10.8s | avg loss_box=0.5770 loss_cls=0.3461 loss_dfl=0.0147 loss_total=61.2255
2026-08-06 19:13:46 INFO  scripts.synthetic_model_comparison.training.evaluation | evaluating on 4 batches
2026-08-06 19:13:52 INFO  scripts.synthetic_model_comparison.training.training_pipeline | epoch 189/200 — val mAP50=0.8812 mAP50_95=0.6453 (selection mAP50_95=0.6453)
2026-08-06 19:13:53 INFO  scripts.synthetic_model_comparison.training.evaluation | mlflow: logged val/mAP50=0.8812 val/mAP50_95=0.6453 (step=188)
2026-08-06 19:13:53 INFO  scripts.synthetic_model_comparison.training.evaluation | mlflow: logged val per-class AP table (12 classes)
2026-08-06 19:13:53 INFO  scripts.synthetic_model_comparison.training.training_pipeline | saved checkpoint: /home/debian/Master-Thesis/scripts/synthetic_model_comparison/training/model_exports/yolo26n-gpt-image-2-low-full-seed43-20260806-181451/last.pt
2026-08-06 19:13:53 INFO  scripts.synthetic_model_comparison.training.training_pipeline | epoch 189/200 done — next lr=8.56659e-05, epochs_since_improve=5/20
2026-08-06 19:13:53 INFO  scripts.synthetic_model_comparison.training.training_pipeline | epoch 190/200 — train start (lr=8.56659e-05, batches=14)
2026-08-06 19:14:01 INFO  scripts.synthetic_model_comparison.training.training_pipeline | step 2650 | loss_box=0.5464 loss_cls=0.3560 loss_dfl=0.0137 loss_total=59.6284 lr=8.08127e-05
2026-08-06 19:14:06 INFO  scripts.synthetic_model_comparison.training.training_pipeline | epoch 190/200 — train done in 12.4s | avg loss_box=0.5511 loss_cls=0.3542 loss_dfl=0.0140 loss_total=59.8008
2026-08-06 19:14:06 INFO  scripts.synthetic_model_comparison.training.evaluation | evaluating on 4 batches
2026-08-06 19:14:12 INFO  scripts.synthetic_model_comparison.training.training_pipeline | epoch 190/200 — val mAP50=0.8832 mAP50_95=0.6488 (selection mAP50_95=0.6488)
2026-08-06 19:14:12 INFO  scripts.synthetic_model_comparison.training.evaluation | mlflow: logged val/mAP50=0.8832 val/mAP50_95=0.6488 (step=189)
2026-08-06 19:14:13 INFO  scripts.synthetic_model_comparison.training.evaluation | mlflow: logged val per-class AP table (12 classes)
2026-08-06 19:14:13 INFO  scripts.synthetic_model_comparison.training.training_pipeline | saved checkpoint: /home/debian/Master-Thesis/scripts/synthetic_model_comparison/training/model_exports/yolo26n-gpt-image-2-low-full-seed43-20260806-181451/last.pt
2026-08-06 19:14:13 INFO  scripts.synthetic_model_comparison.training.training_pipeline | epoch 190/200 done — next lr=7.24797e-05, epochs_since_improve=6/20
2026-08-06 19:14:13 INFO  scripts.synthetic_model_comparison.training.training_pipeline | epoch 191/200 — train start (lr=7.24797e-05, batches=14)
2026-08-06 19:14:24 INFO  scripts.synthetic_model_comparison.training.training_pipeline | epoch 191/200 — train done in 11.0s | avg loss_box=0.5398 loss_cls=0.3488 loss_dfl=0.0138 loss_total=58.7541
2026-08-06 19:14:24 INFO  scripts.synthetic_model_comparison.training.evaluation | evaluating on 4 batches
2026-08-06 19:14:30 INFO  scripts.synthetic_model_comparison.training.training_pipeline | epoch 191/200 — val mAP50=0.8859 mAP50_95=0.6475 (selection mAP50_95=0.6475)
2026-08-06 19:14:31 INFO  scripts.synthetic_model_comparison.training.evaluation | mlflow: logged val/mAP50=0.8859 val/mAP50_95=0.6475 (step=190)
2026-08-06 19:14:31 INFO  scripts.synthetic_model_comparison.training.evaluation | mlflow: logged val per-class AP table (12 classes)
2026-08-06 19:14:31 INFO  scripts.synthetic_model_comparison.training.training_pipeline | saved checkpoint: /home/debian/Master-Thesis/scripts/synthetic_model_comparison/training/model_exports/yolo26n-gpt-image-2-low-full-seed43-20260806-181451/last.pt
2026-08-06 19:14:31 INFO  scripts.synthetic_model_comparison.training.training_pipeline | epoch 191/200 done — next lr=6.05479e-05, epochs_since_improve=7/20
2026-08-06 19:14:31 INFO  scripts.synthetic_model_comparison.training.training_pipeline | epoch 192/200 — train start (lr=6.05479e-05, batches=14)
2026-08-06 19:14:43 INFO  scripts.synthetic_model_comparison.training.training_pipeline | epoch 192/200 — train done in 11.4s | avg loss_box=0.5557 loss_cls=0.3633 loss_dfl=0.0138 loss_total=60.5853
2026-08-06 19:14:43 INFO  scripts.synthetic_model_comparison.training.evaluation | evaluating on 4 batches
2026-08-06 19:14:49 INFO  scripts.synthetic_model_comparison.training.training_pipeline | epoch 192/200 — val mAP50=0.8837 mAP50_95=0.6436 (selection mAP50_95=0.6436)
2026-08-06 19:14:49 INFO  scripts.synthetic_model_comparison.training.evaluation | mlflow: logged val/mAP50=0.8837 val/mAP50_95=0.6436 (step=191)
2026-08-06 19:14:49 INFO  scripts.synthetic_model_comparison.training.evaluation | mlflow: logged val per-class AP table (12 classes)
2026-08-06 19:14:50 INFO  scripts.synthetic_model_comparison.training.training_pipeline | saved checkpoint: /home/debian/Master-Thesis/scripts/synthetic_model_comparison/training/model_exports/yolo26n-gpt-image-2-low-full-seed43-20260806-181451/last.pt
2026-08-06 19:14:50 INFO  scripts.synthetic_model_comparison.training.training_pipeline | epoch 192/200 done — next lr=4.98735e-05, epochs_since_improve=8/20
2026-08-06 19:14:50 INFO  scripts.synthetic_model_comparison.training.training_pipeline | epoch 193/200 — train start (lr=4.98735e-05, batches=14)
2026-08-06 19:15:01 INFO  scripts.synthetic_model_comparison.training.training_pipeline | step 2700 | loss_box=0.6032 loss_cls=0.2794 loss_dfl=0.0155 loss_total=58.5338 lr=4.10898e-05
2026-08-06 19:15:03 INFO  scripts.synthetic_model_comparison.training.training_pipeline | epoch 193/200 — train done in 13.1s | avg loss_box=0.5810 loss_cls=0.3582 loss_dfl=0.0145 loss_total=61.8319
2026-08-06 19:15:03 INFO  scripts.synthetic_model_comparison.training.evaluation | evaluating on 4 batches
2026-08-06 19:15:09 INFO  scripts.synthetic_model_comparison.training.training_pipeline | epoch 193/200 — val mAP50=0.8838 mAP50_95=0.6411 (selection mAP50_95=0.6411)
2026-08-06 19:15:10 INFO  scripts.synthetic_model_comparison.training.evaluation | mlflow: logged val/mAP50=0.8838 val/mAP50_95=0.6411 (step=192)
2026-08-06 19:15:10 INFO  scripts.synthetic_model_comparison.training.evaluation | mlflow: logged val per-class AP table (12 classes)
2026-08-06 19:15:10 INFO  scripts.synthetic_model_comparison.training.training_pipeline | saved checkpoint: /home/debian/Master-Thesis/scripts/synthetic_model_comparison/training/model_exports/yolo26n-gpt-image-2-low-full-seed43-20260806-181451/last.pt
2026-08-06 19:15:10 INFO  scripts.synthetic_model_comparison.training.training_pipeline | epoch 193/200 done — next lr=4.04592e-05, epochs_since_improve=9/20
2026-08-06 19:15:10 INFO  scripts.synthetic_model_comparison.training.training_pipeline | epoch 194/200 — train start (lr=4.04592e-05, batches=14)
2026-08-06 19:15:21 INFO  scripts.synthetic_model_comparison.training.training_pipeline | epoch 194/200 — train done in 10.7s | avg loss_box=0.5645 loss_cls=0.3633 loss_dfl=0.0139 loss_total=61.1253
2026-08-06 19:15:21 INFO  scripts.synthetic_model_comparison.training.evaluation | evaluating on 4 batches
2026-08-06 19:15:27 INFO  scripts.synthetic_model_comparison.training.training_pipeline | epoch 194/200 — val mAP50=0.8830 mAP50_95=0.6416 (selection mAP50_95=0.6416)
2026-08-06 19:15:28 INFO  scripts.synthetic_model_comparison.training.evaluation | mlflow: logged val/mAP50=0.8830 val/mAP50_95=0.6416 (step=193)
2026-08-06 19:15:28 INFO  scripts.synthetic_model_comparison.training.evaluation | mlflow: logged val per-class AP table (12 classes)
2026-08-06 19:15:28 INFO  scripts.synthetic_model_comparison.training.training_pipeline | saved checkpoint: /home/debian/Master-Thesis/scripts/synthetic_model_comparison/training/model_exports/yolo26n-gpt-image-2-low-full-seed43-20260806-181451/last.pt
2026-08-06 19:15:28 INFO  scripts.synthetic_model_comparison.training.training_pipeline | epoch 194/200 done — next lr=3.23074e-05, epochs_since_improve=10/20
2026-08-06 19:15:28 INFO  scripts.synthetic_model_comparison.training.training_pipeline | epoch 195/200 — train start (lr=3.23074e-05, batches=14)
2026-08-06 19:15:39 INFO  scripts.synthetic_model_comparison.training.training_pipeline | epoch 195/200 — train done in 11.1s | avg loss_box=0.5546 loss_cls=0.3595 loss_dfl=0.0140 loss_total=60.2555
2026-08-06 19:15:39 INFO  scripts.synthetic_model_comparison.training.evaluation | evaluating on 4 batches
2026-08-06 19:15:45 INFO  scripts.synthetic_model_comparison.training.training_pipeline | epoch 195/200 — val mAP50=0.8867 mAP50_95=0.6450 (selection mAP50_95=0.6450)
2026-08-06 19:15:46 INFO  scripts.synthetic_model_comparison.training.evaluation | mlflow: logged val/mAP50=0.8867 val/mAP50_95=0.6450 (step=194)
2026-08-06 19:15:46 INFO  scripts.synthetic_model_comparison.training.evaluation | mlflow: logged val per-class AP table (12 classes)
2026-08-06 19:15:46 INFO  scripts.synthetic_model_comparison.training.training_pipeline | saved checkpoint: /home/debian/Master-Thesis/scripts/synthetic_model_comparison/training/model_exports/yolo26n-gpt-image-2-low-full-seed43-20260806-181451/last.pt
2026-08-06 19:15:47 INFO  scripts.synthetic_model_comparison.training.training_pipeline | epoch 195/200 done — next lr=2.54202e-05, epochs_since_improve=11/20
2026-08-06 19:15:47 INFO  scripts.synthetic_model_comparison.training.training_pipeline | epoch 196/200 — train start (lr=2.54202e-05, batches=14)
2026-08-06 19:15:58 INFO  scripts.synthetic_model_comparison.training.training_pipeline | epoch 196/200 — train done in 11.1s | avg loss_box=0.5309 loss_cls=0.3563 loss_dfl=0.0132 loss_total=58.5183
2026-08-06 19:15:58 INFO  scripts.synthetic_model_comparison.training.evaluation | evaluating on 4 batches
2026-08-06 19:16:03 INFO  scripts.synthetic_model_comparison.training.training_pipeline | epoch 196/200 — val mAP50=0.8850 mAP50_95=0.6441 (selection mAP50_95=0.6441)
2026-08-06 19:16:04 INFO  scripts.synthetic_model_comparison.training.evaluation | mlflow: logged val/mAP50=0.8850 val/mAP50_95=0.6441 (step=195)
2026-08-06 19:16:04 INFO  scripts.synthetic_model_comparison.training.evaluation | mlflow: logged val per-class AP table (12 classes)
2026-08-06 19:16:05 INFO  scripts.synthetic_model_comparison.training.training_pipeline | saved checkpoint: /home/debian/Master-Thesis/scripts/synthetic_model_comparison/training/model_exports/yolo26n-gpt-image-2-low-full-seed43-20260806-181451/last.pt
2026-08-06 19:16:05 INFO  scripts.synthetic_model_comparison.training.training_pipeline | epoch 196/200 done — next lr=1.97994e-05, epochs_since_improve=12/20
2026-08-06 19:16:05 INFO  scripts.synthetic_model_comparison.training.training_pipeline | epoch 197/200 — train start (lr=1.97994e-05, batches=14)
2026-08-06 19:16:13 INFO  scripts.synthetic_model_comparison.training.training_pipeline | step 2750 | loss_box=0.5369 loss_cls=0.3628 loss_dfl=0.0130 loss_total=59.2877 lr=1.74643e-05
2026-08-06 19:16:17 INFO  scripts.synthetic_model_comparison.training.training_pipeline | epoch 197/200 — train done in 12.5s | avg loss_box=0.5407 loss_cls=0.3439 loss_dfl=0.0137 loss_total=58.4208
2026-08-06 19:16:17 INFO  scripts.synthetic_model_comparison.training.evaluation | evaluating on 4 batches
2026-08-06 19:16:23 INFO  scripts.synthetic_model_comparison.training.training_pipeline | epoch 197/200 — val mAP50=0.8839 mAP50_95=0.6428 (selection mAP50_95=0.6428)
2026-08-06 19:16:24 INFO  scripts.synthetic_model_comparison.training.evaluation | mlflow: logged val/mAP50=0.8839 val/mAP50_95=0.6428 (step=196)
2026-08-06 19:16:24 INFO  scripts.synthetic_model_comparison.training.evaluation | mlflow: logged val per-class AP table (12 classes)
2026-08-06 19:16:24 INFO  scripts.synthetic_model_comparison.training.training_pipeline | saved checkpoint: /home/debian/Master-Thesis/scripts/synthetic_model_comparison/training/model_exports/yolo26n-gpt-image-2-low-full-seed43-20260806-181451/last.pt
2026-08-06 19:16:25 INFO  scripts.synthetic_model_comparison.training.training_pipeline | epoch 197/200 done — next lr=1.54463e-05, epochs_since_improve=13/20
2026-08-06 19:16:25 INFO  scripts.synthetic_model_comparison.training.training_pipeline | epoch 198/200 — train start (lr=1.54463e-05, batches=14)
2026-08-06 19:16:36 INFO  scripts.synthetic_model_comparison.training.training_pipeline | epoch 198/200 — train done in 11.0s | avg loss_box=0.5587 loss_cls=0.3547 loss_dfl=0.0142 loss_total=60.1952
2026-08-06 19:16:36 INFO  scripts.synthetic_model_comparison.training.evaluation | evaluating on 4 batches
2026-08-06 19:16:42 INFO  scripts.synthetic_model_comparison.training.training_pipeline | epoch 198/200 — val mAP50=0.8852 mAP50_95=0.6443 (selection mAP50_95=0.6443)
2026-08-06 19:16:42 INFO  scripts.synthetic_model_comparison.training.evaluation | mlflow: logged val/mAP50=0.8852 val/mAP50_95=0.6443 (step=197)
2026-08-06 19:16:43 INFO  scripts.synthetic_model_comparison.training.evaluation | mlflow: logged val per-class AP table (12 classes)
2026-08-06 19:16:43 INFO  scripts.synthetic_model_comparison.training.training_pipeline | saved checkpoint: /home/debian/Master-Thesis/scripts/synthetic_model_comparison/training/model_exports/yolo26n-gpt-image-2-low-full-seed43-20260806-181451/last.pt
2026-08-06 19:16:43 INFO  scripts.synthetic_model_comparison.training.training_pipeline | epoch 198/200 done — next lr=1.23622e-05, epochs_since_improve=14/20
2026-08-06 19:16:43 INFO  scripts.synthetic_model_comparison.training.training_pipeline | epoch 199/200 — train start (lr=1.23622e-05, batches=14)
2026-08-06 19:16:55 INFO  scripts.synthetic_model_comparison.training.training_pipeline | epoch 199/200 — train done in 11.4s | avg loss_box=0.5714 loss_cls=0.3845 loss_dfl=0.0142 loss_total=62.6211
2026-08-06 19:16:55 INFO  scripts.synthetic_model_comparison.training.evaluation | evaluating on 4 batches
2026-08-06 19:17:00 INFO  scripts.synthetic_model_comparison.training.training_pipeline | epoch 199/200 — val mAP50=0.8844 mAP50_95=0.6439 (selection mAP50_95=0.6439)
2026-08-06 19:17:01 INFO  scripts.synthetic_model_comparison.training.evaluation | mlflow: logged val/mAP50=0.8844 val/mAP50_95=0.6439 (step=198)
2026-08-06 19:17:01 INFO  scripts.synthetic_model_comparison.training.evaluation | mlflow: logged val per-class AP table (12 classes)
2026-08-06 19:17:02 INFO  scripts.synthetic_model_comparison.training.training_pipeline | saved checkpoint: /home/debian/Master-Thesis/scripts/synthetic_model_comparison/training/model_exports/yolo26n-gpt-image-2-low-full-seed43-20260806-181451/last.pt
2026-08-06 19:17:02 INFO  scripts.synthetic_model_comparison.training.training_pipeline | epoch 199/200 done — next lr=1.05476e-05, epochs_since_improve=15/20
2026-08-06 19:17:02 INFO  scripts.synthetic_model_comparison.training.training_pipeline | epoch 200/200 — train start (lr=1.05476e-05, batches=14)
2026-08-06 19:17:13 INFO  scripts.synthetic_model_comparison.training.training_pipeline | epoch 200/200 — train done in 11.1s | avg loss_box=0.5628 loss_cls=0.3563 loss_dfl=0.0143 loss_total=60.5446
2026-08-06 19:17:13 INFO  scripts.synthetic_model_comparison.training.evaluation | evaluating on 4 batches
2026-08-06 19:17:19 INFO  scripts.synthetic_model_comparison.training.training_pipeline | epoch 200/200 — val mAP50=0.8834 mAP50_95=0.6432 (selection mAP50_95=0.6432)
2026-08-06 19:17:20 INFO  scripts.synthetic_model_comparison.training.evaluation | mlflow: logged val/mAP50=0.8834 val/mAP50_95=0.6432 (step=199)
2026-08-06 19:17:20 INFO  scripts.synthetic_model_comparison.training.evaluation | mlflow: logged val per-class AP table (12 classes)
2026-08-06 19:17:20 INFO  scripts.synthetic_model_comparison.training.training_pipeline | saved checkpoint: /home/debian/Master-Thesis/scripts/synthetic_model_comparison/training/model_exports/yolo26n-gpt-image-2-low-full-seed43-20260806-181451/last.pt
2026-08-06 19:17:20 INFO  scripts.synthetic_model_comparison.training.training_pipeline | epoch 200/200 done — next lr=1.00032e-05, epochs_since_improve=16/20
2026-08-06 19:17:20 INFO  scripts.synthetic_model_comparison.training.training_pipeline | saved checkpoint: /home/debian/Master-Thesis/scripts/synthetic_model_comparison/training/model_exports/yolo26n-gpt-image-2-low-full-seed43-20260806-181451/last.pt
2026-08-06 19:17:20 INFO  scripts.synthetic_model_comparison.training.training_pipeline | training finished — loading best.pt for final test evaluation
2026-08-06 19:17:21 INFO  scripts.synthetic_model_comparison.training.training_pipeline | loaded best.pt (mAP50_95=0.6494 @ epoch 183)
2026-08-06 19:17:21 INFO  scripts.synthetic_model_comparison.training.evaluation | evaluating on 153 batches
2026-08-06 19:20:31 INFO  scripts.synthetic_model_comparison.training.training_pipeline | test mAP50=0.2049 mAP50_95=0.1178
2026-08-06 19:20:31 INFO  scripts.synthetic_model_comparison.training.evaluation | mlflow: logged test/mAP50=0.2049 test/mAP50_95=0.1178 (step=None)
2026-08-06 19:20:32 INFO  scripts.synthetic_model_comparison.training.evaluation | mlflow: logged test per-class AP table (12 classes)
2026-08-06 19:20:41 INFO  scripts.synthetic_model_comparison.training.training_pipeline | uploaded checkpoints to MLflow
2026-08-06 19:20:41 INFO  __main__ | === post-training full evaluation (limit=None) ===
2026-08-06 19:20:41 INFO  scripts.synthetic_model_comparison.training.eval_suite.run_evaluation | === evaluation (real-only) ===
2026-08-06 19:20:41 INFO  scripts.synthetic_model_comparison.training.eval_suite.run_evaluation | checkpoint=/home/debian/Master-Thesis/scripts/synthetic_model_comparison/training/model_exports/yolo26n-gpt-image-2-low-full-seed43-20260806-181451/best.pt device=cuda output_dir=/home/debian/Master-Thesis/scripts/synthetic_model_comparison/training/model_exports/yolo26n-gpt-image-2-low-full-seed43-20260806-181451/evaluation
2026-08-06 19:20:41 INFO  scripts.synthetic_model_comparison.training.eval_suite.run_evaluation | real_ann=/home/debian/Master-Thesis/data/synthetic_model_comparison/test/annotations_test.json max_det=100
2026-08-06 19:20:41 INFO  scripts.synthetic_model_comparison.training.dataset | dataset annotations_test.json: 9742 images, 9742 annotations, 12 classes
2026-08-06 19:20:41 INFO  scripts.synthetic_model_comparison.training.eval_suite.predict | loading checkpoint: /home/debian/Master-Thesis/scripts/synthetic_model_comparison/training/model_exports/yolo26n-gpt-image-2-low-full-seed43-20260806-181451/best.pt
2026-08-06 19:20:41 INFO  scripts.synthetic_model_comparison.training.yolo26n_model | no pretrained weights — training from random initialization
2026-08-06 19:20:41 INFO  scripts.synthetic_model_comparison.training.yolo26n_model | model: yolo26n, nc=12, params=2.51M, device=cuda
2026-08-06 19:20:41 INFO  scripts.synthetic_model_comparison.training.eval_suite.predict | checkpoint format: training dict (state_dict under 'model' key)
2026-08-06 19:20:41 INFO  scripts.synthetic_model_comparison.training.eval_suite.predict | loaded 708/708 keys from checkpoint (skipped 0 shape-mismatched / missing)
2026-08-06 19:20:41 INFO  scripts.synthetic_model_comparison.training.eval_suite.predict | running inference: 9742 images, batch=64, max_det=100 (NMS-free: conf/iou thresholds unused)
2026-08-06 19:24:25 INFO  scripts.synthetic_model_comparison.training.eval_suite.predict | inference complete: 974200 predictions over 9742 images
2026-08-06 19:24:35 INFO  scripts.synthetic_model_comparison.training.eval_suite.predict | predictions written to /home/debian/Master-Thesis/scripts/synthetic_model_comparison/training/model_exports/yolo26n-gpt-image-2-low-full-seed43-20260806-181451/evaluation/predictions_real.json
2026-08-06 19:24:35 INFO  scripts.synthetic_model_comparison.training.eval_suite.scoring | loading GT index from /home/debian/Master-Thesis/data/synthetic_model_comparison/test/annotations_test.json
2026-08-06 19:24:35 INFO  scripts.synthetic_model_comparison.training.eval_suite.scoring | GT index: 9742 images, 12 categories, 9742 annotated images
2026-08-06 19:24:35 INFO  scripts.synthetic_model_comparison.training.eval_suite.report | headline: real-test mAP (fine)
2026-08-06 19:26:13 INFO  scripts.synthetic_model_comparison.training.eval_suite.report | per-class AP table
2026-08-06 19:26:13 INFO  scripts.synthetic_model_comparison.training.eval_suite.report | within-look-alike-group confusion
2026-08-06 19:26:16 INFO  scripts.synthetic_model_comparison.training.eval_suite.report | wrote markdown report: /home/debian/Master-Thesis/scripts/synthetic_model_comparison/training/model_exports/yolo26n-gpt-image-2-low-full-seed43-20260806-181451/evaluation/evaluation_report.md
2026-08-06 19:26:16 INFO  scripts.synthetic_model_comparison.training.eval_suite.report | wrote CSV artifacts: /home/debian/Master-Thesis/scripts/synthetic_model_comparison/training/model_exports/yolo26n-gpt-image-2-low-full-seed43-20260806-181451/evaluation/eval_per_class.csv, /home/debian/Master-Thesis/scripts/synthetic_model_comparison/training/model_exports/yolo26n-gpt-image-2-low-full-seed43-20260806-181451/evaluation/eval_confusion_pairs.csv
2026-08-06 19:26:16 INFO  scripts.synthetic_model_comparison.training.eval_suite.report | wrote JSON report: /home/debian/Master-Thesis/scripts/synthetic_model_comparison/training/model_exports/yolo26n-gpt-image-2-low-full-seed43-20260806-181451/evaluation/evaluation_report.json
2026-08-06 19:26:20 INFO  scripts.synthetic_model_comparison.training.eval_suite.report | logged eval scalars to MLflow under 'eval/'
2026-08-06 19:26:21 INFO  scripts.synthetic_model_comparison.training.eval_suite.run_evaluation | evaluation complete — report at /home/debian/Master-Thesis/scripts/synthetic_model_comparison/training/model_exports/yolo26n-gpt-image-2-low-full-seed43-20260806-181451/evaluation/evaluation_report.md
2026-08-06 19:26:22 INFO  __main__ | uploaded log artifact: /home/debian/Master-Thesis/scripts/synthetic_model_comparison/training/model_exports/yolo26n-gpt-image-2-low-full-seed43-20260806-181451/yolo26n-gpt-image-2-low-full-seed43-20260806-181451.log
