2026-08-26 14:21:29 INFO  __main__ | === yolo26n synthetic-model-comparison training run ===
2026-08-26 14:21:29 INFO  __main__ | run_name=yolo26n-gpt-image-2-low-full-seed44-20260826-142128 experiment=yolo26n-synthetic-model-comparison
2026-08-26 14:21:29 INFO  __main__ | mlflow tracking_uri=http://hetzner.taile550ef.ts.net:5000/
2026-08-26 14:21:29 INFO  __main__ | run dir: /home/debian/Master-Thesis/scripts/synthetic_model_comparison/training/model_exports/yolo26n-gpt-image-2-low-full-seed44-20260826-142128
2026-08-26 14:21:29 INFO  __main__ | log file: /home/debian/Master-Thesis/scripts/synthetic_model_comparison/training/model_exports/yolo26n-gpt-image-2-low-full-seed44-20260826-142128/yolo26n-gpt-image-2-low-full-seed44-20260826-142128.log
2026-08-26 14:21:29 INFO  __main__ | generator=gpt-image-2-low prompt_regime=full seed=44 device=cuda epochs=200 smoke=False
2026-08-26 14:21:29 INFO  scripts.synthetic_model_comparison.training.split_dataset | split already up to date: annotations_train_split.json / annotations_val_split.json
2026-08-26 14:21:29 INFO  scripts.synthetic_model_comparison.training.dataset | dataset annotations_val_split.json: 241 images, 240 annotations, 12 classes
2026-08-26 14:21:29 INFO  scripts.synthetic_model_comparison.training.dataset | dataset annotations_test.json: 9742 images, 9742 annotations, 12 classes
2026-08-26 14:21:29 INFO  scripts.synthetic_model_comparison.training.dataset | dataset annotations_train_split.json: 959 images, 959 annotations, 12 classes
2026-08-26 14:21:29 INFO  scripts.synthetic_model_comparison.training.yolo26n_model | no pretrained weights — training from random initialization
2026-08-26 14:21:29 INFO  scripts.synthetic_model_comparison.training.yolo26n_model | model: yolo26n, nc=12, params=2.51M, device=cuda
2026-08-26 14:21:29 INFO  scripts.synthetic_model_comparison.training.optim | optimizer=SGD lr=0.001 | param groups: g0(BN,no-decay)=114 g1(conv,decay=0.0005)=126 g2(bias,no-decay)=126
2026-08-26 14:21:29 INFO  scripts.synthetic_model_comparison.training.optim | scheduler: OneCycleLR(max_lr=0.01, total_steps=2800, pct_start=0.015, div_factor=10, final_div_factor=100) — stepped per batch
2026-08-26 14:21:30 INFO  __main__ | run config:
2026-08-26 14:21:30 INFO  __main__ |   ANNOTATIONS_TEST = /home/debian/Master-Thesis/data/synthetic_model_comparison/test/annotations_test.json
2026-08-26 14:21:30 INFO  __main__ |   AUG_CLOSE_MOSAIC = 0
2026-08-26 14:21:30 INFO  __main__ |   AUG_COPY_PASTE = 0.0
2026-08-26 14:21:30 INFO  __main__ |   AUG_DEGREES = 0.0
2026-08-26 14:21:30 INFO  __main__ |   AUG_FLIPUD = 0.0
2026-08-26 14:21:30 INFO  __main__ |   AUG_HFLIP = True
2026-08-26 14:21:30 INFO  __main__ |   AUG_HSV = True
2026-08-26 14:21:30 INFO  __main__ |   AUG_HSV_H = 0.015
2026-08-26 14:21:30 INFO  __main__ |   AUG_HSV_S = 0.7
2026-08-26 14:21:30 INFO  __main__ |   AUG_HSV_V = 0.4
2026-08-26 14:21:30 INFO  __main__ |   AUG_MIXUP = 0.0
2026-08-26 14:21:30 INFO  __main__ |   AUG_MOSAIC = 0.0
2026-08-26 14:21:30 INFO  __main__ |   AUG_PERSPECTIVE = 0.0
2026-08-26 14:21:30 INFO  __main__ |   AUG_SCALE = 0.5
2026-08-26 14:21:30 INFO  __main__ |   AUG_SHEAR = 0.0
2026-08-26 14:21:30 INFO  __main__ |   AUG_TRANSLATE = 0.1
2026-08-26 14:21:30 INFO  __main__ |   BATCH_SIZE = 64
2026-08-26 14:21:30 INFO  __main__ |   DATA_ROOT = /home/debian/Master-Thesis/data
2026-08-26 14:21:30 INFO  __main__ |   EARLY_STOP = True
2026-08-26 14:21:30 INFO  __main__ |   EARLY_STOP_MIN_DELTA = 0.001
2026-08-26 14:21:30 INFO  __main__ |   EARLY_STOP_PATIENCE = 20
2026-08-26 14:21:30 INFO  __main__ |   EPOCH_COUNT = 200
2026-08-26 14:21:30 INFO  __main__ |   EVAL_CONF_THRES = 0.001
2026-08-26 14:21:30 INFO  __main__ |   EVAL_IOU_THRES = 0.6
2026-08-26 14:21:30 INFO  __main__ |   EVAL_MAX_DET = 100
2026-08-26 14:21:30 INFO  __main__ |   EXPERIMENT_DATA_ROOT = /home/debian/Master-Thesis/data/synthetic_model_comparison
2026-08-26 14:21:30 INFO  __main__ |   HYP_BOX = 7.5
2026-08-26 14:21:30 INFO  __main__ |   HYP_CLS = 0.5
2026-08-26 14:21:30 INFO  __main__ |   HYP_DFL = 1.5
2026-08-26 14:21:30 INFO  __main__ |   IMAGE_ROOT = /home/debian/Master-Thesis
2026-08-26 14:21:30 INFO  __main__ |   IMAGE_SIZE = 640
2026-08-26 14:21:30 INFO  __main__ |   LEARNING_RATE = 0.001
2026-08-26 14:21:30 INFO  __main__ |   MLFLOW_EXPERIMENT_DEFAULT = yolo26n-synthetic-model-comparison
2026-08-26 14:21:30 INFO  __main__ |   MLFLOW_LOG_EVERY_N_STEPS = 50
2026-08-26 14:21:30 INFO  __main__ |   MODEL_CONFIG = yolo26n.yaml
2026-08-26 14:21:30 INFO  __main__ |   MOMENTUM = 0.937
2026-08-26 14:21:30 INFO  __main__ |   NESTEROV = True
2026-08-26 14:21:30 INFO  __main__ |   NUM_CLASSES = 12
2026-08-26 14:21:30 INFO  __main__ |   NUM_WORKERS = 8
2026-08-26 14:21:30 INFO  __main__ |   ONE_CYCLE_DIV_FACTOR = 10.0
2026-08-26 14:21:30 INFO  __main__ |   ONE_CYCLE_FINAL_DIV_FACTOR = 100.0
2026-08-26 14:21:30 INFO  __main__ |   ONE_CYCLE_MAX_LR = 0.01
2026-08-26 14:21:30 INFO  __main__ |   ONE_CYCLE_PCT_START = 0.015
2026-08-26 14:21:30 INFO  __main__ |   OPTIMIZER = SGD
2026-08-26 14:21:30 INFO  __main__ |   OUTPUT_DIR = /home/debian/Master-Thesis/scripts/synthetic_model_comparison/training/model_exports
2026-08-26 14:21:30 INFO  __main__ |   PRETRAINED_WEIGHTS = /home/debian/Master-Thesis/weights/yolo26n.pt
2026-08-26 14:21:30 INFO  __main__ |   REPO_ROOT = /home/debian/Master-Thesis
2026-08-26 14:21:30 INFO  __main__ |   SEED = 42
2026-08-26 14:21:30 INFO  __main__ |   SELECTION_METRIC = mAP50_95
2026-08-26 14:21:30 INFO  __main__ |   SPLIT_SEED = 42
2026-08-26 14:21:30 INFO  __main__ |   TRAIN_ROOT = /home/debian/Master-Thesis/data/synthetic_model_comparison/train
2026-08-26 14:21:30 INFO  __main__ |   USE_AMP = True
2026-08-26 14:21:30 INFO  __main__ |   USE_EMA = True
2026-08-26 14:21:30 INFO  __main__ |   VAL_FRACTION = 0.2
2026-08-26 14:21:30 INFO  __main__ |   WARMUP_EPOCHS = 3
2026-08-26 14:21:30 INFO  __main__ |   WEIGHT_DECAY = 0.0005
2026-08-26 14:21:30 INFO  __main__ |   dataset_size_test = 9742
2026-08-26 14:21:30 INFO  __main__ |   dataset_size_train = 959
2026-08-26 14:21:30 INFO  __main__ |   dataset_size_val = 241
2026-08-26 14:21:30 INFO  __main__ |   device = cuda
2026-08-26 14:21:30 INFO  __main__ |   epochs_actual = 200
2026-08-26 14:21:30 INFO  __main__ |   generator = gpt-image-2-low
2026-08-26 14:21:30 INFO  __main__ |   git_sha = 10b7aff6bb4a3b3158ca14642fdb2bef48669631
2026-08-26 14:21:30 INFO  __main__ |   prompt_regime = full
2026-08-26 14:21:30 INFO  __main__ |   resume_from = 
2026-08-26 14:21:30 INFO  __main__ |   run_seed = 44
2026-08-26 14:21:30 INFO  __main__ |   smoke = False
2026-08-26 14:21:30 INFO  __main__ |   weights_path = /home/debian/Master-Thesis/weights/yolo26n.pt
2026-08-26 14:21:30 INFO  scripts.synthetic_model_comparison.training.training_pipeline | output dir: /home/debian/Master-Thesis/scripts/synthetic_model_comparison/training/model_exports/yolo26n-gpt-image-2-low-full-seed44-20260826-142128 | selection_metric=mAP50_95 early_stop=True(patience=20, min_delta=0.001) ema=True amp=True
2026-08-26 14:21:30 INFO  scripts.synthetic_model_comparison.training.training_pipeline | starting training: ceiling=200 epochs | train_batches=14 val_batches=4 test_batches=153 | device=cuda
2026-08-26 14:21:30 INFO  scripts.synthetic_model_comparison.training.training_pipeline | epoch 1/200 — train start (lr=0.001, batches=14)
2026-08-26 14:21:52 INFO  scripts.synthetic_model_comparison.training.training_pipeline | epoch 1/200 — train done in 22.1s | avg loss_box=4.4049 loss_cls=31.0492 loss_dfl=0.1299 loss_total=1235.8965
2026-08-26 14:21:52 INFO  scripts.synthetic_model_comparison.training.evaluation | evaluating on 4 batches
2026-08-26 14:21:58 INFO  scripts.synthetic_model_comparison.training.training_pipeline | epoch 1/200 — val mAP50=0.0000 mAP50_95=0.0000 (selection mAP50_95=0.0000)
2026-08-26 14:21:58 INFO  scripts.synthetic_model_comparison.training.evaluation | mlflow: logged val/mAP50=0.0000 val/mAP50_95=0.0000 (step=0)
2026-08-26 14:21:59 INFO  scripts.synthetic_model_comparison.training.evaluation | mlflow: logged val per-class AP table (12 classes)
2026-08-26 14:21:59 INFO  scripts.synthetic_model_comparison.training.training_pipeline | saved checkpoint: /home/debian/Master-Thesis/scripts/synthetic_model_comparison/training/model_exports/yolo26n-gpt-image-2-low-full-seed44-20260826-142128/best.pt
2026-08-26 14:21:59 INFO  scripts.synthetic_model_comparison.training.training_pipeline | new best mAP50_95=0.0000 at epoch 1
2026-08-26 14:21:59 INFO  scripts.synthetic_model_comparison.training.training_pipeline | saved checkpoint: /home/debian/Master-Thesis/scripts/synthetic_model_comparison/training/model_exports/yolo26n-gpt-image-2-low-full-seed44-20260826-142128/last.pt
2026-08-26 14:22:00 INFO  scripts.synthetic_model_comparison.training.training_pipeline | epoch 1/200 done — next lr=0.00335026, epochs_since_improve=0/20
2026-08-26 14:22:00 INFO  scripts.synthetic_model_comparison.training.training_pipeline | epoch 2/200 — train start (lr=0.00335026, batches=14)
2026-08-26 14:22:11 INFO  scripts.synthetic_model_comparison.training.training_pipeline | epoch 2/200 — train done in 11.2s | avg loss_box=4.3893 loss_cls=30.8300 loss_dfl=0.1282 loss_total=1229.8036
2026-08-26 14:22:11 INFO  scripts.synthetic_model_comparison.training.evaluation | evaluating on 4 batches
2026-08-26 14:22:16 INFO  scripts.synthetic_model_comparison.training.training_pipeline | epoch 2/200 — val mAP50=0.0000 mAP50_95=0.0000 (selection mAP50_95=0.0000)
2026-08-26 14:22:16 INFO  scripts.synthetic_model_comparison.training.evaluation | mlflow: logged val/mAP50=0.0000 val/mAP50_95=0.0000 (step=1)
2026-08-26 14:22:17 INFO  scripts.synthetic_model_comparison.training.evaluation | mlflow: logged val per-class AP table (12 classes)
2026-08-26 14:22:17 INFO  scripts.synthetic_model_comparison.training.training_pipeline | saved checkpoint: /home/debian/Master-Thesis/scripts/synthetic_model_comparison/training/model_exports/yolo26n-gpt-image-2-low-full-seed44-20260826-142128/last.pt
2026-08-26 14:22:17 INFO  scripts.synthetic_model_comparison.training.training_pipeline | epoch 2/200 done — next lr=0.00794605, epochs_since_improve=0/20
2026-08-26 14:22:17 INFO  scripts.synthetic_model_comparison.training.training_pipeline | epoch 3/200 — train start (lr=0.00794605, batches=14)
2026-08-26 14:22:28 INFO  scripts.synthetic_model_comparison.training.training_pipeline | epoch 3/200 — train done in 11.0s | avg loss_box=4.3235 loss_cls=28.9933 loss_dfl=0.1264 loss_total=1178.0989
2026-08-26 14:22:28 INFO  scripts.synthetic_model_comparison.training.evaluation | evaluating on 4 batches
2026-08-26 14:22:33 INFO  scripts.synthetic_model_comparison.training.training_pipeline | epoch 3/200 — val mAP50=0.0000 mAP50_95=0.0000 (selection mAP50_95=0.0000)
2026-08-26 14:22:34 INFO  scripts.synthetic_model_comparison.training.evaluation | mlflow: logged val/mAP50=0.0000 val/mAP50_95=0.0000 (step=2)
2026-08-26 14:22:34 INFO  scripts.synthetic_model_comparison.training.evaluation | mlflow: logged val per-class AP table (12 classes)
2026-08-26 14:22:34 INFO  scripts.synthetic_model_comparison.training.training_pipeline | saved checkpoint: /home/debian/Master-Thesis/scripts/synthetic_model_comparison/training/model_exports/yolo26n-gpt-image-2-low-full-seed44-20260826-142128/last.pt
2026-08-26 14:22:35 INFO  scripts.synthetic_model_comparison.training.training_pipeline | epoch 3/200 done — next lr=0.01, epochs_since_improve=0/20
2026-08-26 14:22:35 INFO  scripts.synthetic_model_comparison.training.training_pipeline | epoch 4/200 — train start (lr=0.01, batches=14)
2026-08-26 14:22:44 INFO  scripts.synthetic_model_comparison.training.training_pipeline | step 50 | loss_box=4.2224 loss_cls=26.0341 loss_dfl=0.1257 loss_total=1094.4492 lr=0.00999968
2026-08-26 14:22:47 INFO  scripts.synthetic_model_comparison.training.training_pipeline | epoch 4/200 — train done in 12.8s | avg loss_box=4.2363 loss_cls=26.3116 loss_dfl=0.1271 loss_total=1094.7897
2026-08-26 14:22:47 INFO  scripts.synthetic_model_comparison.training.evaluation | evaluating on 4 batches
2026-08-26 14:22:52 INFO  scripts.synthetic_model_comparison.training.training_pipeline | epoch 4/200 — val mAP50=0.0000 mAP50_95=0.0000 (selection mAP50_95=0.0000)
2026-08-26 14:22:53 INFO  scripts.synthetic_model_comparison.training.evaluation | mlflow: logged val/mAP50=0.0000 val/mAP50_95=0.0000 (step=3)
2026-08-26 14:22:53 INFO  scripts.synthetic_model_comparison.training.evaluation | mlflow: logged val per-class AP table (12 classes)
2026-08-26 14:22:53 INFO  scripts.synthetic_model_comparison.training.training_pipeline | saved checkpoint: /home/debian/Master-Thesis/scripts/synthetic_model_comparison/training/model_exports/yolo26n-gpt-image-2-low-full-seed44-20260826-142128/last.pt
2026-08-26 14:22:54 INFO  scripts.synthetic_model_comparison.training.training_pipeline | epoch 4/200 done — next lr=0.00999927, epochs_since_improve=1/20
2026-08-26 14:22:54 INFO  scripts.synthetic_model_comparison.training.training_pipeline | epoch 5/200 — train start (lr=0.00999927, batches=14)
2026-08-26 14:23:05 INFO  scripts.synthetic_model_comparison.training.training_pipeline | epoch 5/200 — train done in 10.8s | avg loss_box=3.8197 loss_cls=20.0303 loss_dfl=0.1188 loss_total=904.8535
2026-08-26 14:23:05 INFO  scripts.synthetic_model_comparison.training.evaluation | evaluating on 4 batches
2026-08-26 14:23:10 INFO  scripts.synthetic_model_comparison.training.training_pipeline | epoch 5/200 — val mAP50=0.0000 mAP50_95=0.0000 (selection mAP50_95=0.0000)
2026-08-26 14:23:10 INFO  scripts.synthetic_model_comparison.training.evaluation | mlflow: logged val/mAP50=0.0000 val/mAP50_95=0.0000 (step=4)
2026-08-26 14:23:11 INFO  scripts.synthetic_model_comparison.training.evaluation | mlflow: logged val per-class AP table (12 classes)
2026-08-26 14:23:11 INFO  scripts.synthetic_model_comparison.training.training_pipeline | saved checkpoint: /home/debian/Master-Thesis/scripts/synthetic_model_comparison/training/model_exports/yolo26n-gpt-image-2-low-full-seed44-20260826-142128/last.pt
2026-08-26 14:23:11 INFO  scripts.synthetic_model_comparison.training.training_pipeline | epoch 5/200 done — next lr=0.00999727, epochs_since_improve=2/20
2026-08-26 14:23:11 INFO  scripts.synthetic_model_comparison.training.training_pipeline | epoch 6/200 — train start (lr=0.00999727, batches=14)
2026-08-26 14:23:22 INFO  scripts.synthetic_model_comparison.training.training_pipeline | epoch 6/200 — train done in 10.9s | avg loss_box=3.2611 loss_cls=12.9087 loss_dfl=0.1009 loss_total=698.9734
2026-08-26 14:23:22 INFO  scripts.synthetic_model_comparison.training.evaluation | evaluating on 4 batches
2026-08-26 14:23:27 INFO  scripts.synthetic_model_comparison.training.training_pipeline | epoch 6/200 — val mAP50=0.0000 mAP50_95=0.0000 (selection mAP50_95=0.0000)
2026-08-26 14:23:28 INFO  scripts.synthetic_model_comparison.training.evaluation | mlflow: logged val/mAP50=0.0000 val/mAP50_95=0.0000 (step=5)
2026-08-26 14:23:28 INFO  scripts.synthetic_model_comparison.training.evaluation | mlflow: logged val per-class AP table (12 classes)
2026-08-26 14:23:28 INFO  scripts.synthetic_model_comparison.training.training_pipeline | saved checkpoint: /home/debian/Master-Thesis/scripts/synthetic_model_comparison/training/model_exports/yolo26n-gpt-image-2-low-full-seed44-20260826-142128/last.pt
2026-08-26 14:23:29 INFO  scripts.synthetic_model_comparison.training.training_pipeline | epoch 6/200 done — next lr=0.00999401, epochs_since_improve=3/20
2026-08-26 14:23:29 INFO  scripts.synthetic_model_comparison.training.training_pipeline | epoch 7/200 — train start (lr=0.00999401, batches=14)
2026-08-26 14:23:41 INFO  scripts.synthetic_model_comparison.training.training_pipeline | epoch 7/200 — train done in 12.2s | avg loss_box=2.9197 loss_cls=9.4731 loss_dfl=0.0916 loss_total=586.6832
2026-08-26 14:23:41 INFO  scripts.synthetic_model_comparison.training.evaluation | evaluating on 4 batches
2026-08-26 14:23:47 INFO  scripts.synthetic_model_comparison.training.training_pipeline | epoch 7/200 — val mAP50=0.0000 mAP50_95=0.0000 (selection mAP50_95=0.0000)
2026-08-26 14:23:48 INFO  scripts.synthetic_model_comparison.training.evaluation | mlflow: logged val/mAP50=0.0000 val/mAP50_95=0.0000 (step=6)
2026-08-26 14:23:48 INFO  scripts.synthetic_model_comparison.training.evaluation | mlflow: logged val per-class AP table (12 classes)
2026-08-26 14:23:48 INFO  scripts.synthetic_model_comparison.training.training_pipeline | saved checkpoint: /home/debian/Master-Thesis/scripts/synthetic_model_comparison/training/model_exports/yolo26n-gpt-image-2-low-full-seed44-20260826-142128/last.pt
2026-08-26 14:23:49 INFO  scripts.synthetic_model_comparison.training.training_pipeline | epoch 7/200 done — next lr=0.00998948, epochs_since_improve=4/20
2026-08-26 14:23:49 INFO  scripts.synthetic_model_comparison.training.training_pipeline | epoch 8/200 — train start (lr=0.00998948, batches=14)
2026-08-26 14:23:56 INFO  scripts.synthetic_model_comparison.training.training_pipeline | step 100 | loss_box=2.7755 loss_cls=8.1377 loss_dfl=0.0818 loss_total=540.8924 lr=0.00998834
2026-08-26 14:24:02 INFO  scripts.synthetic_model_comparison.training.training_pipeline | epoch 8/200 — train done in 13.0s | avg loss_box=2.6547 loss_cls=7.6079 loss_dfl=0.0799 loss_total=523.9807
2026-08-26 14:24:02 INFO  scripts.synthetic_model_comparison.training.evaluation | evaluating on 4 batches
2026-08-26 14:24:08 INFO  scripts.synthetic_model_comparison.training.training_pipeline | epoch 8/200 — val mAP50=0.0000 mAP50_95=0.0000 (selection mAP50_95=0.0000)
2026-08-26 14:24:09 INFO  scripts.synthetic_model_comparison.training.evaluation | mlflow: logged val/mAP50=0.0000 val/mAP50_95=0.0000 (step=7)
2026-08-26 14:24:09 INFO  scripts.synthetic_model_comparison.training.evaluation | mlflow: logged val per-class AP table (12 classes)
2026-08-26 14:24:10 INFO  scripts.synthetic_model_comparison.training.training_pipeline | saved checkpoint: /home/debian/Master-Thesis/scripts/synthetic_model_comparison/training/model_exports/yolo26n-gpt-image-2-low-full-seed44-20260826-142128/last.pt
2026-08-26 14:24:10 INFO  scripts.synthetic_model_comparison.training.training_pipeline | epoch 8/200 done — next lr=0.00998367, epochs_since_improve=5/20
2026-08-26 14:24:10 INFO  scripts.synthetic_model_comparison.training.training_pipeline | epoch 9/200 — train start (lr=0.00998367, batches=14)
2026-08-26 14:24:21 INFO  scripts.synthetic_model_comparison.training.training_pipeline | epoch 9/200 — train done in 11.4s | avg loss_box=2.4739 loss_cls=6.4654 loss_dfl=0.0742 loss_total=471.7706
2026-08-26 14:24:21 INFO  scripts.synthetic_model_comparison.training.evaluation | evaluating on 4 batches
2026-08-26 14:24:27 INFO  scripts.synthetic_model_comparison.training.training_pipeline | epoch 9/200 — val mAP50=0.0046 mAP50_95=0.0012 (selection mAP50_95=0.0012)
2026-08-26 14:24:27 INFO  scripts.synthetic_model_comparison.training.evaluation | mlflow: logged val/mAP50=0.0046 val/mAP50_95=0.0012 (step=8)
2026-08-26 14:24:28 INFO  scripts.synthetic_model_comparison.training.evaluation | mlflow: logged val per-class AP table (12 classes)
2026-08-26 14:24:28 INFO  scripts.synthetic_model_comparison.training.training_pipeline | saved checkpoint: /home/debian/Master-Thesis/scripts/synthetic_model_comparison/training/model_exports/yolo26n-gpt-image-2-low-full-seed44-20260826-142128/best.pt
2026-08-26 14:24:28 INFO  scripts.synthetic_model_comparison.training.training_pipeline | new best mAP50_95=0.0012 at epoch 9
2026-08-26 14:24:28 INFO  scripts.synthetic_model_comparison.training.training_pipeline | saved checkpoint: /home/debian/Master-Thesis/scripts/synthetic_model_comparison/training/model_exports/yolo26n-gpt-image-2-low-full-seed44-20260826-142128/last.pt
2026-08-26 14:24:28 INFO  scripts.synthetic_model_comparison.training.training_pipeline | epoch 9/200 done — next lr=0.00997661, epochs_since_improve=0/20
2026-08-26 14:24:28 INFO  scripts.synthetic_model_comparison.training.training_pipeline | epoch 10/200 — train start (lr=0.00997661, batches=14)
2026-08-26 14:24:40 INFO  scripts.synthetic_model_comparison.training.training_pipeline | epoch 10/200 — train done in 11.4s | avg loss_box=2.3597 loss_cls=5.7739 loss_dfl=0.0701 loss_total=442.4162
2026-08-26 14:24:40 INFO  scripts.synthetic_model_comparison.training.evaluation | evaluating on 4 batches
2026-08-26 14:24:45 INFO  scripts.synthetic_model_comparison.training.training_pipeline | epoch 10/200 — val mAP50=0.0035 mAP50_95=0.0012 (selection mAP50_95=0.0012)
2026-08-26 14:24:46 INFO  scripts.synthetic_model_comparison.training.evaluation | mlflow: logged val/mAP50=0.0035 val/mAP50_95=0.0012 (step=9)
2026-08-26 14:24:46 INFO  scripts.synthetic_model_comparison.training.evaluation | mlflow: logged val per-class AP table (12 classes)
2026-08-26 14:24:46 INFO  scripts.synthetic_model_comparison.training.training_pipeline | saved checkpoint: /home/debian/Master-Thesis/scripts/synthetic_model_comparison/training/model_exports/yolo26n-gpt-image-2-low-full-seed44-20260826-142128/last.pt
2026-08-26 14:24:47 INFO  scripts.synthetic_model_comparison.training.training_pipeline | epoch 10/200 done — next lr=0.00996827, epochs_since_improve=1/20
2026-08-26 14:24:47 INFO  scripts.synthetic_model_comparison.training.training_pipeline | epoch 11/200 — train start (lr=0.00996827, batches=14)
2026-08-26 14:24:57 INFO  scripts.synthetic_model_comparison.training.training_pipeline | step 150 | loss_box=2.2289 loss_cls=5.1540 loss_dfl=0.0697 loss_total=408.9611 lr=0.00996084
2026-08-26 14:25:00 INFO  scripts.synthetic_model_comparison.training.training_pipeline | epoch 11/200 — train done in 12.8s | avg loss_box=2.3110 loss_cls=5.2970 loss_dfl=0.0677 loss_total=419.5663
2026-08-26 14:25:00 INFO  scripts.synthetic_model_comparison.training.evaluation | evaluating on 4 batches
2026-08-26 14:25:05 INFO  scripts.synthetic_model_comparison.training.training_pipeline | epoch 11/200 — val mAP50=0.0057 mAP50_95=0.0016 (selection mAP50_95=0.0016)
2026-08-26 14:25:06 INFO  scripts.synthetic_model_comparison.training.evaluation | mlflow: logged val/mAP50=0.0057 val/mAP50_95=0.0016 (step=10)
2026-08-26 14:25:06 INFO  scripts.synthetic_model_comparison.training.evaluation | mlflow: logged val per-class AP table (12 classes)
2026-08-26 14:25:06 INFO  scripts.synthetic_model_comparison.training.training_pipeline | saved checkpoint: /home/debian/Master-Thesis/scripts/synthetic_model_comparison/training/model_exports/yolo26n-gpt-image-2-low-full-seed44-20260826-142128/last.pt
2026-08-26 14:25:06 INFO  scripts.synthetic_model_comparison.training.training_pipeline | epoch 11/200 done — next lr=0.00995868, epochs_since_improve=2/20
2026-08-26 14:25:06 INFO  scripts.synthetic_model_comparison.training.training_pipeline | epoch 12/200 — train start (lr=0.00995868, batches=14)
2026-08-26 14:25:18 INFO  scripts.synthetic_model_comparison.training.training_pipeline | epoch 12/200 — train done in 11.3s | avg loss_box=2.1946 loss_cls=4.9098 loss_dfl=0.0621 loss_total=393.4741
2026-08-26 14:25:18 INFO  scripts.synthetic_model_comparison.training.evaluation | evaluating on 4 batches
2026-08-26 14:25:24 INFO  scripts.synthetic_model_comparison.training.training_pipeline | epoch 12/200 — val mAP50=0.0341 mAP50_95=0.0081 (selection mAP50_95=0.0081)
2026-08-26 14:25:25 INFO  scripts.synthetic_model_comparison.training.evaluation | mlflow: logged val/mAP50=0.0341 val/mAP50_95=0.0081 (step=11)
2026-08-26 14:25:25 INFO  scripts.synthetic_model_comparison.training.evaluation | mlflow: logged val per-class AP table (12 classes)
2026-08-26 14:25:25 INFO  scripts.synthetic_model_comparison.training.training_pipeline | saved checkpoint: /home/debian/Master-Thesis/scripts/synthetic_model_comparison/training/model_exports/yolo26n-gpt-image-2-low-full-seed44-20260826-142128/best.pt
2026-08-26 14:25:25 INFO  scripts.synthetic_model_comparison.training.training_pipeline | new best mAP50_95=0.0081 at epoch 12
2026-08-26 14:25:26 INFO  scripts.synthetic_model_comparison.training.training_pipeline | saved checkpoint: /home/debian/Master-Thesis/scripts/synthetic_model_comparison/training/model_exports/yolo26n-gpt-image-2-low-full-seed44-20260826-142128/last.pt
2026-08-26 14:25:26 INFO  scripts.synthetic_model_comparison.training.training_pipeline | epoch 12/200 done — next lr=0.00994782, epochs_since_improve=0/20
2026-08-26 14:25:26 INFO  scripts.synthetic_model_comparison.training.training_pipeline | epoch 13/200 — train start (lr=0.00994782, batches=14)
2026-08-26 14:25:37 INFO  scripts.synthetic_model_comparison.training.training_pipeline | epoch 13/200 — train done in 11.0s | avg loss_box=1.9846 loss_cls=4.5686 loss_dfl=0.0545 loss_total=370.2782
2026-08-26 14:25:37 INFO  scripts.synthetic_model_comparison.training.evaluation | evaluating on 4 batches
2026-08-26 14:25:42 INFO  scripts.synthetic_model_comparison.training.training_pipeline | epoch 13/200 — val mAP50=0.0377 mAP50_95=0.0109 (selection mAP50_95=0.0109)
2026-08-26 14:25:43 INFO  scripts.synthetic_model_comparison.training.evaluation | mlflow: logged val/mAP50=0.0377 val/mAP50_95=0.0109 (step=12)
2026-08-26 14:25:43 INFO  scripts.synthetic_model_comparison.training.evaluation | mlflow: logged val per-class AP table (12 classes)
2026-08-26 14:25:43 INFO  scripts.synthetic_model_comparison.training.training_pipeline | saved checkpoint: /home/debian/Master-Thesis/scripts/synthetic_model_comparison/training/model_exports/yolo26n-gpt-image-2-low-full-seed44-20260826-142128/best.pt
2026-08-26 14:25:43 INFO  scripts.synthetic_model_comparison.training.training_pipeline | new best mAP50_95=0.0109 at epoch 13
2026-08-26 14:25:44 INFO  scripts.synthetic_model_comparison.training.training_pipeline | saved checkpoint: /home/debian/Master-Thesis/scripts/synthetic_model_comparison/training/model_exports/yolo26n-gpt-image-2-low-full-seed44-20260826-142128/last.pt
2026-08-26 14:25:44 INFO  scripts.synthetic_model_comparison.training.training_pipeline | epoch 13/200 done — next lr=0.00993571, epochs_since_improve=0/20
2026-08-26 14:25:44 INFO  scripts.synthetic_model_comparison.training.training_pipeline | epoch 14/200 — train start (lr=0.00993571, batches=14)
2026-08-26 14:25:55 INFO  scripts.synthetic_model_comparison.training.training_pipeline | epoch 14/200 — train done in 11.4s | avg loss_box=2.0187 loss_cls=4.2735 loss_dfl=0.0563 loss_total=352.3196
2026-08-26 14:25:55 INFO  scripts.synthetic_model_comparison.training.evaluation | evaluating on 4 batches
2026-08-26 14:26:01 INFO  scripts.synthetic_model_comparison.training.training_pipeline | epoch 14/200 — val mAP50=0.0182 mAP50_95=0.0043 (selection mAP50_95=0.0043)
2026-08-26 14:26:02 INFO  scripts.synthetic_model_comparison.training.evaluation | mlflow: logged val/mAP50=0.0182 val/mAP50_95=0.0043 (step=13)
2026-08-26 14:26:02 INFO  scripts.synthetic_model_comparison.training.evaluation | mlflow: logged val per-class AP table (12 classes)
2026-08-26 14:26:02 INFO  scripts.synthetic_model_comparison.training.training_pipeline | saved checkpoint: /home/debian/Master-Thesis/scripts/synthetic_model_comparison/training/model_exports/yolo26n-gpt-image-2-low-full-seed44-20260826-142128/last.pt
2026-08-26 14:26:03 INFO  scripts.synthetic_model_comparison.training.training_pipeline | epoch 14/200 done — next lr=0.00992235, epochs_since_improve=1/20
2026-08-26 14:26:03 INFO  scripts.synthetic_model_comparison.training.training_pipeline | epoch 15/200 — train start (lr=0.00992235, batches=14)
2026-08-26 14:26:11 INFO  scripts.synthetic_model_comparison.training.training_pipeline | step 200 | loss_box=2.0236 loss_cls=4.0264 loss_dfl=0.0614 loss_total=332.5158 lr=0.00991727
2026-08-26 14:26:16 INFO  scripts.synthetic_model_comparison.training.training_pipeline | epoch 15/200 — train done in 13.4s | avg loss_box=1.9872 loss_cls=4.0619 loss_dfl=0.0561 loss_total=343.6137
2026-08-26 14:26:16 INFO  scripts.synthetic_model_comparison.training.evaluation | evaluating on 4 batches
2026-08-26 14:26:21 INFO  scripts.synthetic_model_comparison.training.training_pipeline | epoch 15/200 — val mAP50=0.0049 mAP50_95=0.0013 (selection mAP50_95=0.0013)
2026-08-26 14:26:22 INFO  scripts.synthetic_model_comparison.training.evaluation | mlflow: logged val/mAP50=0.0049 val/mAP50_95=0.0013 (step=14)
2026-08-26 14:26:22 INFO  scripts.synthetic_model_comparison.training.evaluation | mlflow: logged val per-class AP table (12 classes)
2026-08-26 14:26:22 INFO  scripts.synthetic_model_comparison.training.training_pipeline | saved checkpoint: /home/debian/Master-Thesis/scripts/synthetic_model_comparison/training/model_exports/yolo26n-gpt-image-2-low-full-seed44-20260826-142128/last.pt
2026-08-26 14:26:23 INFO  scripts.synthetic_model_comparison.training.training_pipeline | epoch 15/200 done — next lr=0.00990773, epochs_since_improve=2/20
2026-08-26 14:26:23 INFO  scripts.synthetic_model_comparison.training.training_pipeline | epoch 16/200 — train start (lr=0.00990773, batches=14)
2026-08-26 14:26:34 INFO  scripts.synthetic_model_comparison.training.training_pipeline | epoch 16/200 — train done in 11.6s | avg loss_box=1.9215 loss_cls=3.8004 loss_dfl=0.0542 loss_total=328.3816
2026-08-26 14:26:34 INFO  scripts.synthetic_model_comparison.training.evaluation | evaluating on 4 batches
2026-08-26 14:26:40 INFO  scripts.synthetic_model_comparison.training.training_pipeline | epoch 16/200 — val mAP50=0.1231 mAP50_95=0.0425 (selection mAP50_95=0.0425)
2026-08-26 14:26:41 INFO  scripts.synthetic_model_comparison.training.evaluation | mlflow: logged val/mAP50=0.1231 val/mAP50_95=0.0425 (step=15)
2026-08-26 14:26:41 INFO  scripts.synthetic_model_comparison.training.evaluation | mlflow: logged val per-class AP table (12 classes)
2026-08-26 14:26:42 INFO  scripts.synthetic_model_comparison.training.training_pipeline | saved checkpoint: /home/debian/Master-Thesis/scripts/synthetic_model_comparison/training/model_exports/yolo26n-gpt-image-2-low-full-seed44-20260826-142128/best.pt
2026-08-26 14:26:42 INFO  scripts.synthetic_model_comparison.training.training_pipeline | new best mAP50_95=0.0425 at epoch 16
2026-08-26 14:26:42 INFO  scripts.synthetic_model_comparison.training.training_pipeline | saved checkpoint: /home/debian/Master-Thesis/scripts/synthetic_model_comparison/training/model_exports/yolo26n-gpt-image-2-low-full-seed44-20260826-142128/last.pt
2026-08-26 14:26:42 INFO  scripts.synthetic_model_comparison.training.training_pipeline | epoch 16/200 done — next lr=0.00989187, epochs_since_improve=0/20
2026-08-26 14:26:42 INFO  scripts.synthetic_model_comparison.training.training_pipeline | epoch 17/200 — train start (lr=0.00989187, batches=14)
2026-08-26 14:26:54 INFO  scripts.synthetic_model_comparison.training.training_pipeline | epoch 17/200 — train done in 11.7s | avg loss_box=1.8778 loss_cls=3.6108 loss_dfl=0.0519 loss_total=313.8273
2026-08-26 14:26:54 INFO  scripts.synthetic_model_comparison.training.evaluation | evaluating on 4 batches
2026-08-26 14:27:01 INFO  scripts.synthetic_model_comparison.training.training_pipeline | epoch 17/200 — val mAP50=0.1556 mAP50_95=0.0603 (selection mAP50_95=0.0603)
2026-08-26 14:27:02 INFO  scripts.synthetic_model_comparison.training.evaluation | mlflow: logged val/mAP50=0.1556 val/mAP50_95=0.0603 (step=16)
2026-08-26 14:27:02 INFO  scripts.synthetic_model_comparison.training.evaluation | mlflow: logged val per-class AP table (12 classes)
2026-08-26 14:27:03 INFO  scripts.synthetic_model_comparison.training.training_pipeline | saved checkpoint: /home/debian/Master-Thesis/scripts/synthetic_model_comparison/training/model_exports/yolo26n-gpt-image-2-low-full-seed44-20260826-142128/best.pt
2026-08-26 14:27:03 INFO  scripts.synthetic_model_comparison.training.training_pipeline | new best mAP50_95=0.0603 at epoch 17
2026-08-26 14:27:03 INFO  scripts.synthetic_model_comparison.training.training_pipeline | saved checkpoint: /home/debian/Master-Thesis/scripts/synthetic_model_comparison/training/model_exports/yolo26n-gpt-image-2-low-full-seed44-20260826-142128/last.pt
2026-08-26 14:27:03 INFO  scripts.synthetic_model_comparison.training.training_pipeline | epoch 17/200 done — next lr=0.00987476, epochs_since_improve=0/20
2026-08-26 14:27:03 INFO  scripts.synthetic_model_comparison.training.training_pipeline | epoch 18/200 — train start (lr=0.00987476, batches=14)
2026-08-26 14:27:14 INFO  scripts.synthetic_model_comparison.training.training_pipeline | step 250 | loss_box=2.0021 loss_cls=3.4586 loss_dfl=0.0591 loss_total=316.7108 lr=0.00985777
2026-08-26 14:27:16 INFO  scripts.synthetic_model_comparison.training.training_pipeline | epoch 18/200 — train done in 13.3s | avg loss_box=1.9336 loss_cls=3.4596 loss_dfl=0.0536 loss_total=310.6699
2026-08-26 14:27:16 INFO  scripts.synthetic_model_comparison.training.evaluation | evaluating on 4 batches
2026-08-26 14:27:22 INFO  scripts.synthetic_model_comparison.training.training_pipeline | epoch 18/200 — val mAP50=0.0622 mAP50_95=0.0190 (selection mAP50_95=0.0190)
2026-08-26 14:27:23 INFO  scripts.synthetic_model_comparison.training.evaluation | mlflow: logged val/mAP50=0.0622 val/mAP50_95=0.0190 (step=17)
2026-08-26 14:27:23 INFO  scripts.synthetic_model_comparison.training.evaluation | mlflow: logged val per-class AP table (12 classes)
2026-08-26 14:27:23 INFO  scripts.synthetic_model_comparison.training.training_pipeline | saved checkpoint: /home/debian/Master-Thesis/scripts/synthetic_model_comparison/training/model_exports/yolo26n-gpt-image-2-low-full-seed44-20260826-142128/last.pt
2026-08-26 14:27:23 INFO  scripts.synthetic_model_comparison.training.training_pipeline | epoch 18/200 done — next lr=0.00985642, epochs_since_improve=1/20
2026-08-26 14:27:23 INFO  scripts.synthetic_model_comparison.training.training_pipeline | epoch 19/200 — train start (lr=0.00985642, batches=14)
2026-08-26 14:27:35 INFO  scripts.synthetic_model_comparison.training.training_pipeline | epoch 19/200 — train done in 11.5s | avg loss_box=1.8742 loss_cls=3.2660 loss_dfl=0.0513 loss_total=294.3776
2026-08-26 14:27:35 INFO  scripts.synthetic_model_comparison.training.evaluation | evaluating on 4 batches
2026-08-26 14:27:40 INFO  scripts.synthetic_model_comparison.training.training_pipeline | epoch 19/200 — val mAP50=0.0385 mAP50_95=0.0106 (selection mAP50_95=0.0106)
2026-08-26 14:27:41 INFO  scripts.synthetic_model_comparison.training.evaluation | mlflow: logged val/mAP50=0.0385 val/mAP50_95=0.0106 (step=18)
2026-08-26 14:27:41 INFO  scripts.synthetic_model_comparison.training.evaluation | mlflow: logged val per-class AP table (12 classes)
2026-08-26 14:27:41 INFO  scripts.synthetic_model_comparison.training.training_pipeline | saved checkpoint: /home/debian/Master-Thesis/scripts/synthetic_model_comparison/training/model_exports/yolo26n-gpt-image-2-low-full-seed44-20260826-142128/last.pt
2026-08-26 14:27:42 INFO  scripts.synthetic_model_comparison.training.training_pipeline | epoch 19/200 done — next lr=0.00983684, epochs_since_improve=2/20
2026-08-26 14:27:42 INFO  scripts.synthetic_model_comparison.training.training_pipeline | epoch 20/200 — train start (lr=0.00983684, batches=14)
2026-08-26 14:27:53 INFO  scripts.synthetic_model_comparison.training.training_pipeline | epoch 20/200 — train done in 11.3s | avg loss_box=1.7818 loss_cls=3.1136 loss_dfl=0.0491 loss_total=283.8397
2026-08-26 14:27:53 INFO  scripts.synthetic_model_comparison.training.evaluation | evaluating on 4 batches
2026-08-26 14:27:59 INFO  scripts.synthetic_model_comparison.training.training_pipeline | epoch 20/200 — val mAP50=0.2684 mAP50_95=0.0914 (selection mAP50_95=0.0914)
2026-08-26 14:27:59 INFO  scripts.synthetic_model_comparison.training.evaluation | mlflow: logged val/mAP50=0.2684 val/mAP50_95=0.0914 (step=19)
2026-08-26 14:28:00 INFO  scripts.synthetic_model_comparison.training.evaluation | mlflow: logged val per-class AP table (12 classes)
2026-08-26 14:28:00 INFO  scripts.synthetic_model_comparison.training.training_pipeline | saved checkpoint: /home/debian/Master-Thesis/scripts/synthetic_model_comparison/training/model_exports/yolo26n-gpt-image-2-low-full-seed44-20260826-142128/best.pt
2026-08-26 14:28:00 INFO  scripts.synthetic_model_comparison.training.training_pipeline | new best mAP50_95=0.0914 at epoch 20
2026-08-26 14:28:00 INFO  scripts.synthetic_model_comparison.training.training_pipeline | saved checkpoint: /home/debian/Master-Thesis/scripts/synthetic_model_comparison/training/model_exports/yolo26n-gpt-image-2-low-full-seed44-20260826-142128/last.pt
2026-08-26 14:28:00 INFO  scripts.synthetic_model_comparison.training.training_pipeline | epoch 20/200 done — next lr=0.00981604, epochs_since_improve=0/20
2026-08-26 14:28:00 INFO  scripts.synthetic_model_comparison.training.training_pipeline | epoch 21/200 — train start (lr=0.00981604, batches=14)
2026-08-26 14:28:12 INFO  scripts.synthetic_model_comparison.training.training_pipeline | epoch 21/200 — train done in 11.5s | avg loss_box=1.8007 loss_cls=2.9626 loss_dfl=0.0485 loss_total=275.3070
2026-08-26 14:28:12 INFO  scripts.synthetic_model_comparison.training.evaluation | evaluating on 4 batches
2026-08-26 14:28:19 INFO  scripts.synthetic_model_comparison.training.training_pipeline | epoch 21/200 — val mAP50=0.2206 mAP50_95=0.0901 (selection mAP50_95=0.0901)
2026-08-26 14:28:20 INFO  scripts.synthetic_model_comparison.training.evaluation | mlflow: logged val/mAP50=0.2206 val/mAP50_95=0.0901 (step=20)
2026-08-26 14:28:20 INFO  scripts.synthetic_model_comparison.training.evaluation | mlflow: logged val per-class AP table (12 classes)
2026-08-26 14:28:20 INFO  scripts.synthetic_model_comparison.training.training_pipeline | saved checkpoint: /home/debian/Master-Thesis/scripts/synthetic_model_comparison/training/model_exports/yolo26n-gpt-image-2-low-full-seed44-20260826-142128/last.pt
2026-08-26 14:28:21 INFO  scripts.synthetic_model_comparison.training.training_pipeline | epoch 21/200 done — next lr=0.00979401, epochs_since_improve=1/20
2026-08-26 14:28:21 INFO  scripts.synthetic_model_comparison.training.training_pipeline | epoch 22/200 — train start (lr=0.00979401, batches=14)
2026-08-26 14:28:30 INFO  scripts.synthetic_model_comparison.training.training_pipeline | step 300 | loss_box=1.9325 loss_cls=2.7785 loss_dfl=0.0530 loss_total=271.5334 lr=0.00978254
2026-08-26 14:28:34 INFO  scripts.synthetic_model_comparison.training.training_pipeline | epoch 22/200 — train done in 13.3s | avg loss_box=1.7902 loss_cls=2.8582 loss_dfl=0.0494 loss_total=268.8400
2026-08-26 14:28:34 INFO  scripts.synthetic_model_comparison.training.evaluation | evaluating on 4 batches
2026-08-26 14:28:40 INFO  scripts.synthetic_model_comparison.training.training_pipeline | epoch 22/200 — val mAP50=0.1957 mAP50_95=0.0663 (selection mAP50_95=0.0663)
2026-08-26 14:28:40 INFO  scripts.synthetic_model_comparison.training.evaluation | mlflow: logged val/mAP50=0.1957 val/mAP50_95=0.0663 (step=21)
2026-08-26 14:28:41 INFO  scripts.synthetic_model_comparison.training.evaluation | mlflow: logged val per-class AP table (12 classes)
2026-08-26 14:28:41 INFO  scripts.synthetic_model_comparison.training.training_pipeline | saved checkpoint: /home/debian/Master-Thesis/scripts/synthetic_model_comparison/training/model_exports/yolo26n-gpt-image-2-low-full-seed44-20260826-142128/last.pt
2026-08-26 14:28:41 INFO  scripts.synthetic_model_comparison.training.training_pipeline | epoch 22/200 done — next lr=0.00977076, epochs_since_improve=2/20
2026-08-26 14:28:41 INFO  scripts.synthetic_model_comparison.training.training_pipeline | epoch 23/200 — train start (lr=0.00977076, batches=14)
2026-08-26 14:28:53 INFO  scripts.synthetic_model_comparison.training.training_pipeline | epoch 23/200 — train done in 11.6s | avg loss_box=1.7422 loss_cls=2.7300 loss_dfl=0.0472 loss_total=257.9156
2026-08-26 14:28:53 INFO  scripts.synthetic_model_comparison.training.evaluation | evaluating on 4 batches
2026-08-26 14:29:00 INFO  scripts.synthetic_model_comparison.training.training_pipeline | epoch 23/200 — val mAP50=0.2920 mAP50_95=0.1168 (selection mAP50_95=0.1168)
2026-08-26 14:29:01 INFO  scripts.synthetic_model_comparison.training.evaluation | mlflow: logged val/mAP50=0.2920 val/mAP50_95=0.1168 (step=22)
2026-08-26 14:29:01 INFO  scripts.synthetic_model_comparison.training.evaluation | mlflow: logged val per-class AP table (12 classes)
2026-08-26 14:29:01 INFO  scripts.synthetic_model_comparison.training.training_pipeline | saved checkpoint: /home/debian/Master-Thesis/scripts/synthetic_model_comparison/training/model_exports/yolo26n-gpt-image-2-low-full-seed44-20260826-142128/best.pt
2026-08-26 14:29:01 INFO  scripts.synthetic_model_comparison.training.training_pipeline | new best mAP50_95=0.1168 at epoch 23
2026-08-26 14:29:02 INFO  scripts.synthetic_model_comparison.training.training_pipeline | saved checkpoint: /home/debian/Master-Thesis/scripts/synthetic_model_comparison/training/model_exports/yolo26n-gpt-image-2-low-full-seed44-20260826-142128/last.pt
2026-08-26 14:29:02 INFO  scripts.synthetic_model_comparison.training.training_pipeline | epoch 23/200 done — next lr=0.0097463, epochs_since_improve=0/20
2026-08-26 14:29:02 INFO  scripts.synthetic_model_comparison.training.training_pipeline | epoch 24/200 — train start (lr=0.0097463, batches=14)
2026-08-26 14:29:14 INFO  scripts.synthetic_model_comparison.training.training_pipeline | epoch 24/200 — train done in 11.5s | avg loss_box=1.7233 loss_cls=2.6483 loss_dfl=0.0468 loss_total=256.7253
2026-08-26 14:29:14 INFO  scripts.synthetic_model_comparison.training.evaluation | evaluating on 4 batches
2026-08-26 14:29:21 INFO  scripts.synthetic_model_comparison.training.training_pipeline | epoch 24/200 — val mAP50=0.2972 mAP50_95=0.1268 (selection mAP50_95=0.1268)
2026-08-26 14:29:22 INFO  scripts.synthetic_model_comparison.training.evaluation | mlflow: logged val/mAP50=0.2972 val/mAP50_95=0.1268 (step=23)
2026-08-26 14:29:22 INFO  scripts.synthetic_model_comparison.training.evaluation | mlflow: logged val per-class AP table (12 classes)
2026-08-26 14:29:22 INFO  scripts.synthetic_model_comparison.training.training_pipeline | saved checkpoint: /home/debian/Master-Thesis/scripts/synthetic_model_comparison/training/model_exports/yolo26n-gpt-image-2-low-full-seed44-20260826-142128/best.pt
2026-08-26 14:29:22 INFO  scripts.synthetic_model_comparison.training.training_pipeline | new best mAP50_95=0.1268 at epoch 24
2026-08-26 14:29:23 INFO  scripts.synthetic_model_comparison.training.training_pipeline | saved checkpoint: /home/debian/Master-Thesis/scripts/synthetic_model_comparison/training/model_exports/yolo26n-gpt-image-2-low-full-seed44-20260826-142128/last.pt
2026-08-26 14:29:23 INFO  scripts.synthetic_model_comparison.training.training_pipeline | epoch 24/200 done — next lr=0.00972064, epochs_since_improve=0/20
2026-08-26 14:29:23 INFO  scripts.synthetic_model_comparison.training.training_pipeline | epoch 25/200 — train start (lr=0.00972064, batches=14)
2026-08-26 14:29:34 INFO  scripts.synthetic_model_comparison.training.training_pipeline | epoch 25/200 — train done in 11.3s | avg loss_box=1.6723 loss_cls=2.5195 loss_dfl=0.0456 loss_total=245.2059
2026-08-26 14:29:34 INFO  scripts.synthetic_model_comparison.training.evaluation | evaluating on 4 batches
2026-08-26 14:29:40 INFO  scripts.synthetic_model_comparison.training.training_pipeline | epoch 25/200 — val mAP50=0.3671 mAP50_95=0.1863 (selection mAP50_95=0.1863)
2026-08-26 14:29:41 INFO  scripts.synthetic_model_comparison.training.evaluation | mlflow: logged val/mAP50=0.3671 val/mAP50_95=0.1863 (step=24)
2026-08-26 14:29:41 INFO  scripts.synthetic_model_comparison.training.evaluation | mlflow: logged val per-class AP table (12 classes)
2026-08-26 14:29:41 INFO  scripts.synthetic_model_comparison.training.training_pipeline | saved checkpoint: /home/debian/Master-Thesis/scripts/synthetic_model_comparison/training/model_exports/yolo26n-gpt-image-2-low-full-seed44-20260826-142128/best.pt
2026-08-26 14:29:41 INFO  scripts.synthetic_model_comparison.training.training_pipeline | new best mAP50_95=0.1863 at epoch 25
2026-08-26 14:29:41 INFO  scripts.synthetic_model_comparison.training.training_pipeline | saved checkpoint: /home/debian/Master-Thesis/scripts/synthetic_model_comparison/training/model_exports/yolo26n-gpt-image-2-low-full-seed44-20260826-142128/last.pt
2026-08-26 14:29:42 INFO  scripts.synthetic_model_comparison.training.training_pipeline | epoch 25/200 done — next lr=0.00969377, epochs_since_improve=0/20
2026-08-26 14:29:42 INFO  scripts.synthetic_model_comparison.training.training_pipeline | epoch 26/200 — train start (lr=0.00969377, batches=14)
2026-08-26 14:29:48 INFO  scripts.synthetic_model_comparison.training.training_pipeline | step 350 | loss_box=1.6282 loss_cls=2.3964 loss_dfl=0.0381 loss_total=234.9631 lr=0.00969181
2026-08-26 14:29:55 INFO  scripts.synthetic_model_comparison.training.training_pipeline | epoch 26/200 — train done in 12.9s | avg loss_box=1.6837 loss_cls=2.3974 loss_dfl=0.0446 loss_total=238.8104
2026-08-26 14:29:55 INFO  scripts.synthetic_model_comparison.training.evaluation | evaluating on 4 batches
2026-08-26 14:30:00 INFO  scripts.synthetic_model_comparison.training.training_pipeline | epoch 26/200 — val mAP50=0.3630 mAP50_95=0.1538 (selection mAP50_95=0.1538)
2026-08-26 14:30:01 INFO  scripts.synthetic_model_comparison.training.evaluation | mlflow: logged val/mAP50=0.3630 val/mAP50_95=0.1538 (step=25)
2026-08-26 14:30:01 INFO  scripts.synthetic_model_comparison.training.evaluation | mlflow: logged val per-class AP table (12 classes)
2026-08-26 14:30:02 INFO  scripts.synthetic_model_comparison.training.training_pipeline | saved checkpoint: /home/debian/Master-Thesis/scripts/synthetic_model_comparison/training/model_exports/yolo26n-gpt-image-2-low-full-seed44-20260826-142128/last.pt
2026-08-26 14:30:02 INFO  scripts.synthetic_model_comparison.training.training_pipeline | epoch 26/200 done — next lr=0.00966571, epochs_since_improve=1/20
2026-08-26 14:30:02 INFO  scripts.synthetic_model_comparison.training.training_pipeline | epoch 27/200 — train start (lr=0.00966571, batches=14)
2026-08-26 14:30:14 INFO  scripts.synthetic_model_comparison.training.training_pipeline | epoch 27/200 — train done in 11.9s | avg loss_box=1.6554 loss_cls=2.3367 loss_dfl=0.0445 loss_total=234.7811
2026-08-26 14:30:14 INFO  scripts.synthetic_model_comparison.training.evaluation | evaluating on 4 batches
2026-08-26 14:30:22 INFO  scripts.synthetic_model_comparison.training.training_pipeline | epoch 27/200 — val mAP50=0.3728 mAP50_95=0.1383 (selection mAP50_95=0.1383)
2026-08-26 14:30:22 INFO  scripts.synthetic_model_comparison.training.evaluation | mlflow: logged val/mAP50=0.3728 val/mAP50_95=0.1383 (step=26)
2026-08-26 14:30:23 INFO  scripts.synthetic_model_comparison.training.evaluation | mlflow: logged val per-class AP table (12 classes)
2026-08-26 14:30:23 INFO  scripts.synthetic_model_comparison.training.training_pipeline | saved checkpoint: /home/debian/Master-Thesis/scripts/synthetic_model_comparison/training/model_exports/yolo26n-gpt-image-2-low-full-seed44-20260826-142128/last.pt
2026-08-26 14:30:23 INFO  scripts.synthetic_model_comparison.training.training_pipeline | epoch 27/200 done — next lr=0.00963647, epochs_since_improve=2/20
2026-08-26 14:30:23 INFO  scripts.synthetic_model_comparison.training.training_pipeline | epoch 28/200 — train start (lr=0.00963647, batches=14)
2026-08-26 14:30:35 INFO  scripts.synthetic_model_comparison.training.training_pipeline | epoch 28/200 — train done in 11.6s | avg loss_box=1.6759 loss_cls=2.2625 loss_dfl=0.0450 loss_total=233.2221
2026-08-26 14:30:35 INFO  scripts.synthetic_model_comparison.training.evaluation | evaluating on 4 batches
2026-08-26 14:30:41 INFO  scripts.synthetic_model_comparison.training.training_pipeline | epoch 28/200 — val mAP50=0.2753 mAP50_95=0.0899 (selection mAP50_95=0.0899)
2026-08-26 14:30:41 INFO  scripts.synthetic_model_comparison.training.evaluation | mlflow: logged val/mAP50=0.2753 val/mAP50_95=0.0899 (step=27)
2026-08-26 14:30:42 INFO  scripts.synthetic_model_comparison.training.evaluation | mlflow: logged val per-class AP table (12 classes)
2026-08-26 14:30:42 INFO  scripts.synthetic_model_comparison.training.training_pipeline | saved checkpoint: /home/debian/Master-Thesis/scripts/synthetic_model_comparison/training/model_exports/yolo26n-gpt-image-2-low-full-seed44-20260826-142128/last.pt
2026-08-26 14:30:42 INFO  scripts.synthetic_model_comparison.training.training_pipeline | epoch 28/200 done — next lr=0.00960605, epochs_since_improve=3/20
2026-08-26 14:30:42 INFO  scripts.synthetic_model_comparison.training.training_pipeline | epoch 29/200 — train start (lr=0.00960605, batches=14)
2026-08-26 14:30:52 INFO  scripts.synthetic_model_comparison.training.training_pipeline | step 400 | loss_box=1.7229 loss_cls=2.1902 loss_dfl=0.0455 loss_total=222.2402 lr=0.00958588
2026-08-26 14:30:55 INFO  scripts.synthetic_model_comparison.training.training_pipeline | epoch 29/200 — train done in 12.8s | avg loss_box=1.6414 loss_cls=2.1721 loss_dfl=0.0448 loss_total=224.3006
2026-08-26 14:30:55 INFO  scripts.synthetic_model_comparison.training.evaluation | evaluating on 4 batches
2026-08-26 14:31:02 INFO  scripts.synthetic_model_comparison.training.training_pipeline | epoch 29/200 — val mAP50=0.3797 mAP50_95=0.1790 (selection mAP50_95=0.1790)
2026-08-26 14:31:03 INFO  scripts.synthetic_model_comparison.training.evaluation | mlflow: logged val/mAP50=0.3797 val/mAP50_95=0.1790 (step=28)
2026-08-26 14:31:03 INFO  scripts.synthetic_model_comparison.training.evaluation | mlflow: logged val per-class AP table (12 classes)
2026-08-26 14:31:03 INFO  scripts.synthetic_model_comparison.training.training_pipeline | saved checkpoint: /home/debian/Master-Thesis/scripts/synthetic_model_comparison/training/model_exports/yolo26n-gpt-image-2-low-full-seed44-20260826-142128/last.pt
2026-08-26 14:31:04 INFO  scripts.synthetic_model_comparison.training.training_pipeline | epoch 29/200 done — next lr=0.00957446, epochs_since_improve=4/20
2026-08-26 14:31:04 INFO  scripts.synthetic_model_comparison.training.training_pipeline | epoch 30/200 — train start (lr=0.00957446, batches=14)
2026-08-26 14:31:15 INFO  scripts.synthetic_model_comparison.training.training_pipeline | epoch 30/200 — train done in 11.0s | avg loss_box=1.6620 loss_cls=2.1231 loss_dfl=0.0445 loss_total=223.4948
2026-08-26 14:31:15 INFO  scripts.synthetic_model_comparison.training.evaluation | evaluating on 4 batches
2026-08-26 14:31:20 INFO  scripts.synthetic_model_comparison.training.training_pipeline | epoch 30/200 — val mAP50=0.3908 mAP50_95=0.1693 (selection mAP50_95=0.1693)
2026-08-26 14:31:21 INFO  scripts.synthetic_model_comparison.training.evaluation | mlflow: logged val/mAP50=0.3908 val/mAP50_95=0.1693 (step=29)
2026-08-26 14:31:21 INFO  scripts.synthetic_model_comparison.training.evaluation | mlflow: logged val per-class AP table (12 classes)
2026-08-26 14:31:22 INFO  scripts.synthetic_model_comparison.training.training_pipeline | saved checkpoint: /home/debian/Master-Thesis/scripts/synthetic_model_comparison/training/model_exports/yolo26n-gpt-image-2-low-full-seed44-20260826-142128/last.pt
2026-08-26 14:31:22 INFO  scripts.synthetic_model_comparison.training.training_pipeline | epoch 30/200 done — next lr=0.00954171, epochs_since_improve=5/20
2026-08-26 14:31:22 INFO  scripts.synthetic_model_comparison.training.training_pipeline | epoch 31/200 — train start (lr=0.00954171, batches=14)
2026-08-26 14:31:33 INFO  scripts.synthetic_model_comparison.training.training_pipeline | epoch 31/200 — train done in 11.2s | avg loss_box=1.5376 loss_cls=2.0766 loss_dfl=0.0404 loss_total=213.7222
2026-08-26 14:31:33 INFO  scripts.synthetic_model_comparison.training.evaluation | evaluating on 4 batches
2026-08-26 14:31:39 INFO  scripts.synthetic_model_comparison.training.training_pipeline | epoch 31/200 — val mAP50=0.4455 mAP50_95=0.2388 (selection mAP50_95=0.2388)
2026-08-26 14:31:40 INFO  scripts.synthetic_model_comparison.training.evaluation | mlflow: logged val/mAP50=0.4455 val/mAP50_95=0.2388 (step=30)
2026-08-26 14:31:40 INFO  scripts.synthetic_model_comparison.training.evaluation | mlflow: logged val per-class AP table (12 classes)
2026-08-26 14:31:40 INFO  scripts.synthetic_model_comparison.training.training_pipeline | saved checkpoint: /home/debian/Master-Thesis/scripts/synthetic_model_comparison/training/model_exports/yolo26n-gpt-image-2-low-full-seed44-20260826-142128/best.pt
2026-08-26 14:31:40 INFO  scripts.synthetic_model_comparison.training.training_pipeline | new best mAP50_95=0.2388 at epoch 31
2026-08-26 14:31:40 INFO  scripts.synthetic_model_comparison.training.training_pipeline | saved checkpoint: /home/debian/Master-Thesis/scripts/synthetic_model_comparison/training/model_exports/yolo26n-gpt-image-2-low-full-seed44-20260826-142128/last.pt
2026-08-26 14:31:41 INFO  scripts.synthetic_model_comparison.training.training_pipeline | epoch 31/200 done — next lr=0.00950781, epochs_since_improve=0/20
2026-08-26 14:31:41 INFO  scripts.synthetic_model_comparison.training.training_pipeline | epoch 32/200 — train start (lr=0.00950781, batches=14)
2026-08-26 14:31:52 INFO  scripts.synthetic_model_comparison.training.training_pipeline | epoch 32/200 — train done in 11.6s | avg loss_box=1.5884 loss_cls=2.0114 loss_dfl=0.0422 loss_total=213.3540
2026-08-26 14:31:52 INFO  scripts.synthetic_model_comparison.training.evaluation | evaluating on 4 batches
2026-08-26 14:31:58 INFO  scripts.synthetic_model_comparison.training.training_pipeline | epoch 32/200 — val mAP50=0.3941 mAP50_95=0.1880 (selection mAP50_95=0.1880)
2026-08-26 14:31:59 INFO  scripts.synthetic_model_comparison.training.evaluation | mlflow: logged val/mAP50=0.3941 val/mAP50_95=0.1880 (step=31)
2026-08-26 14:31:59 INFO  scripts.synthetic_model_comparison.training.evaluation | mlflow: logged val per-class AP table (12 classes)
2026-08-26 14:31:59 INFO  scripts.synthetic_model_comparison.training.training_pipeline | saved checkpoint: /home/debian/Master-Thesis/scripts/synthetic_model_comparison/training/model_exports/yolo26n-gpt-image-2-low-full-seed44-20260826-142128/last.pt
2026-08-26 14:32:00 INFO  scripts.synthetic_model_comparison.training.training_pipeline | epoch 32/200 done — next lr=0.00947275, epochs_since_improve=1/20
2026-08-26 14:32:00 INFO  scripts.synthetic_model_comparison.training.training_pipeline | epoch 33/200 — train start (lr=0.00947275, batches=14)
2026-08-26 14:32:07 INFO  scripts.synthetic_model_comparison.training.training_pipeline | step 450 | loss_box=1.4719 loss_cls=2.0018 loss_dfl=0.0386 loss_total=202.0115 lr=0.0094651
2026-08-26 14:32:13 INFO  scripts.synthetic_model_comparison.training.training_pipeline | epoch 33/200 — train done in 12.9s | avg loss_box=1.5459 loss_cls=1.9192 loss_dfl=0.0410 loss_total=206.1327
2026-08-26 14:32:13 INFO  scripts.synthetic_model_comparison.training.evaluation | evaluating on 4 batches
2026-08-26 14:32:20 INFO  scripts.synthetic_model_comparison.training.training_pipeline | epoch 33/200 — val mAP50=0.5206 mAP50_95=0.2623 (selection mAP50_95=0.2623)
2026-08-26 14:32:20 INFO  scripts.synthetic_model_comparison.training.evaluation | mlflow: logged val/mAP50=0.5206 val/mAP50_95=0.2623 (step=32)
2026-08-26 14:32:21 INFO  scripts.synthetic_model_comparison.training.evaluation | mlflow: logged val per-class AP table (12 classes)
2026-08-26 14:32:21 INFO  scripts.synthetic_model_comparison.training.training_pipeline | saved checkpoint: /home/debian/Master-Thesis/scripts/synthetic_model_comparison/training/model_exports/yolo26n-gpt-image-2-low-full-seed44-20260826-142128/best.pt
2026-08-26 14:32:21 INFO  scripts.synthetic_model_comparison.training.training_pipeline | new best mAP50_95=0.2623 at epoch 33
2026-08-26 14:32:21 INFO  scripts.synthetic_model_comparison.training.training_pipeline | saved checkpoint: /home/debian/Master-Thesis/scripts/synthetic_model_comparison/training/model_exports/yolo26n-gpt-image-2-low-full-seed44-20260826-142128/last.pt
2026-08-26 14:32:22 INFO  scripts.synthetic_model_comparison.training.training_pipeline | epoch 33/200 done — next lr=0.00943657, epochs_since_improve=0/20
2026-08-26 14:32:22 INFO  scripts.synthetic_model_comparison.training.training_pipeline | epoch 34/200 — train start (lr=0.00943657, batches=14)
2026-08-26 14:32:33 INFO  scripts.synthetic_model_comparison.training.training_pipeline | epoch 34/200 — train done in 11.8s | avg loss_box=1.5512 loss_cls=1.8508 loss_dfl=0.0419 loss_total=201.6927
2026-08-26 14:32:33 INFO  scripts.synthetic_model_comparison.training.evaluation | evaluating on 4 batches
2026-08-26 14:32:41 INFO  scripts.synthetic_model_comparison.training.training_pipeline | epoch 34/200 — val mAP50=0.3090 mAP50_95=0.1517 (selection mAP50_95=0.1517)
2026-08-26 14:32:42 INFO  scripts.synthetic_model_comparison.training.evaluation | mlflow: logged val/mAP50=0.3090 val/mAP50_95=0.1517 (step=33)
2026-08-26 14:32:42 INFO  scripts.synthetic_model_comparison.training.evaluation | mlflow: logged val per-class AP table (12 classes)
2026-08-26 14:32:42 INFO  scripts.synthetic_model_comparison.training.training_pipeline | saved checkpoint: /home/debian/Master-Thesis/scripts/synthetic_model_comparison/training/model_exports/yolo26n-gpt-image-2-low-full-seed44-20260826-142128/last.pt
2026-08-26 14:32:43 INFO  scripts.synthetic_model_comparison.training.training_pipeline | epoch 34/200 done — next lr=0.00939925, epochs_since_improve=1/20
2026-08-26 14:32:43 INFO  scripts.synthetic_model_comparison.training.training_pipeline | epoch 35/200 — train start (lr=0.00939925, batches=14)
2026-08-26 14:32:54 INFO  scripts.synthetic_model_comparison.training.training_pipeline | epoch 35/200 — train done in 11.1s | avg loss_box=1.5815 loss_cls=1.7710 loss_dfl=0.0420 loss_total=200.5327
2026-08-26 14:32:54 INFO  scripts.synthetic_model_comparison.training.evaluation | evaluating on 4 batches
2026-08-26 14:33:01 INFO  scripts.synthetic_model_comparison.training.training_pipeline | epoch 35/200 — val mAP50=0.5222 mAP50_95=0.2798 (selection mAP50_95=0.2798)
2026-08-26 14:33:02 INFO  scripts.synthetic_model_comparison.training.evaluation | mlflow: logged val/mAP50=0.5222 val/mAP50_95=0.2798 (step=34)
2026-08-26 14:33:02 INFO  scripts.synthetic_model_comparison.training.evaluation | mlflow: logged val per-class AP table (12 classes)
2026-08-26 14:33:02 INFO  scripts.synthetic_model_comparison.training.training_pipeline | saved checkpoint: /home/debian/Master-Thesis/scripts/synthetic_model_comparison/training/model_exports/yolo26n-gpt-image-2-low-full-seed44-20260826-142128/best.pt
2026-08-26 14:33:02 INFO  scripts.synthetic_model_comparison.training.training_pipeline | new best mAP50_95=0.2798 at epoch 35
2026-08-26 14:33:03 INFO  scripts.synthetic_model_comparison.training.training_pipeline | saved checkpoint: /home/debian/Master-Thesis/scripts/synthetic_model_comparison/training/model_exports/yolo26n-gpt-image-2-low-full-seed44-20260826-142128/last.pt
2026-08-26 14:33:03 INFO  scripts.synthetic_model_comparison.training.training_pipeline | epoch 35/200 done — next lr=0.00936082, epochs_since_improve=0/20
2026-08-26 14:33:03 INFO  scripts.synthetic_model_comparison.training.training_pipeline | epoch 36/200 — train start (lr=0.00936082, batches=14)
2026-08-26 14:33:13 INFO  scripts.synthetic_model_comparison.training.training_pipeline | step 500 | loss_box=1.4041 loss_cls=1.7474 loss_dfl=0.0366 loss_total=191.6096 lr=0.00932985
2026-08-26 14:33:16 INFO  scripts.synthetic_model_comparison.training.training_pipeline | epoch 36/200 — train done in 13.1s | avg loss_box=1.5528 loss_cls=1.7675 loss_dfl=0.0409 loss_total=199.1003
2026-08-26 14:33:16 INFO  scripts.synthetic_model_comparison.training.evaluation | evaluating on 4 batches
2026-08-26 14:33:22 INFO  scripts.synthetic_model_comparison.training.training_pipeline | epoch 36/200 — val mAP50=0.5839 mAP50_95=0.2814 (selection mAP50_95=0.2814)
2026-08-26 14:33:23 INFO  scripts.synthetic_model_comparison.training.evaluation | mlflow: logged val/mAP50=0.5839 val/mAP50_95=0.2814 (step=35)
2026-08-26 14:33:23 INFO  scripts.synthetic_model_comparison.training.evaluation | mlflow: logged val per-class AP table (12 classes)
2026-08-26 14:33:23 INFO  scripts.synthetic_model_comparison.training.training_pipeline | saved checkpoint: /home/debian/Master-Thesis/scripts/synthetic_model_comparison/training/model_exports/yolo26n-gpt-image-2-low-full-seed44-20260826-142128/best.pt
2026-08-26 14:33:23 INFO  scripts.synthetic_model_comparison.training.training_pipeline | new best mAP50_95=0.2814 at epoch 36
2026-08-26 14:33:23 INFO  scripts.synthetic_model_comparison.training.training_pipeline | saved checkpoint: /home/debian/Master-Thesis/scripts/synthetic_model_comparison/training/model_exports/yolo26n-gpt-image-2-low-full-seed44-20260826-142128/last.pt
2026-08-26 14:33:24 INFO  scripts.synthetic_model_comparison.training.training_pipeline | epoch 36/200 done — next lr=0.00932128, epochs_since_improve=0/20
2026-08-26 14:33:24 INFO  scripts.synthetic_model_comparison.training.training_pipeline | epoch 37/200 — train start (lr=0.00932128, batches=14)
2026-08-26 14:33:35 INFO  scripts.synthetic_model_comparison.training.training_pipeline | epoch 37/200 — train done in 11.5s | avg loss_box=1.5169 loss_cls=1.6931 loss_dfl=0.0401 loss_total=192.9532
2026-08-26 14:33:35 INFO  scripts.synthetic_model_comparison.training.evaluation | evaluating on 4 batches
2026-08-26 14:33:42 INFO  scripts.synthetic_model_comparison.training.training_pipeline | epoch 37/200 — val mAP50=0.4906 mAP50_95=0.2672 (selection mAP50_95=0.2672)
2026-08-26 14:33:42 INFO  scripts.synthetic_model_comparison.training.evaluation | mlflow: logged val/mAP50=0.4906 val/mAP50_95=0.2672 (step=36)
2026-08-26 14:33:43 INFO  scripts.synthetic_model_comparison.training.evaluation | mlflow: logged val per-class AP table (12 classes)
2026-08-26 14:33:43 INFO  scripts.synthetic_model_comparison.training.training_pipeline | saved checkpoint: /home/debian/Master-Thesis/scripts/synthetic_model_comparison/training/model_exports/yolo26n-gpt-image-2-low-full-seed44-20260826-142128/last.pt
2026-08-26 14:33:43 INFO  scripts.synthetic_model_comparison.training.training_pipeline | epoch 37/200 done — next lr=0.00928065, epochs_since_improve=1/20
2026-08-26 14:33:43 INFO  scripts.synthetic_model_comparison.training.training_pipeline | epoch 38/200 — train start (lr=0.00928065, batches=14)
2026-08-26 14:33:55 INFO  scripts.synthetic_model_comparison.training.training_pipeline | epoch 38/200 — train done in 11.7s | avg loss_box=1.5078 loss_cls=1.6484 loss_dfl=0.0407 loss_total=189.9200
2026-08-26 14:33:55 INFO  scripts.synthetic_model_comparison.training.evaluation | evaluating on 4 batches
2026-08-26 14:34:02 INFO  scripts.synthetic_model_comparison.training.training_pipeline | epoch 38/200 — val mAP50=0.5696 mAP50_95=0.3151 (selection mAP50_95=0.3151)
2026-08-26 14:34:03 INFO  scripts.synthetic_model_comparison.training.evaluation | mlflow: logged val/mAP50=0.5696 val/mAP50_95=0.3151 (step=37)
2026-08-26 14:34:03 INFO  scripts.synthetic_model_comparison.training.evaluation | mlflow: logged val per-class AP table (12 classes)
2026-08-26 14:34:04 INFO  scripts.synthetic_model_comparison.training.training_pipeline | saved checkpoint: /home/debian/Master-Thesis/scripts/synthetic_model_comparison/training/model_exports/yolo26n-gpt-image-2-low-full-seed44-20260826-142128/best.pt
2026-08-26 14:34:04 INFO  scripts.synthetic_model_comparison.training.training_pipeline | new best mAP50_95=0.3151 at epoch 38
2026-08-26 14:34:04 INFO  scripts.synthetic_model_comparison.training.training_pipeline | saved checkpoint: /home/debian/Master-Thesis/scripts/synthetic_model_comparison/training/model_exports/yolo26n-gpt-image-2-low-full-seed44-20260826-142128/last.pt
2026-08-26 14:34:04 INFO  scripts.synthetic_model_comparison.training.training_pipeline | epoch 38/200 done — next lr=0.00923892, epochs_since_improve=0/20
2026-08-26 14:34:04 INFO  scripts.synthetic_model_comparison.training.training_pipeline | epoch 39/200 — train start (lr=0.00923892, batches=14)
2026-08-26 14:34:15 INFO  scripts.synthetic_model_comparison.training.training_pipeline | epoch 39/200 — train done in 11.2s | avg loss_box=1.4353 loss_cls=1.5851 loss_dfl=0.0385 loss_total=181.5695
2026-08-26 14:34:15 INFO  scripts.synthetic_model_comparison.training.evaluation | evaluating on 4 batches
2026-08-26 14:34:21 INFO  scripts.synthetic_model_comparison.training.training_pipeline | epoch 39/200 — val mAP50=0.6006 mAP50_95=0.3489 (selection mAP50_95=0.3489)
2026-08-26 14:34:22 INFO  scripts.synthetic_model_comparison.training.evaluation | mlflow: logged val/mAP50=0.6006 val/mAP50_95=0.3489 (step=38)
2026-08-26 14:34:22 INFO  scripts.synthetic_model_comparison.training.evaluation | mlflow: logged val per-class AP table (12 classes)
2026-08-26 14:34:22 INFO  scripts.synthetic_model_comparison.training.training_pipeline | saved checkpoint: /home/debian/Master-Thesis/scripts/synthetic_model_comparison/training/model_exports/yolo26n-gpt-image-2-low-full-seed44-20260826-142128/best.pt
2026-08-26 14:34:22 INFO  scripts.synthetic_model_comparison.training.training_pipeline | new best mAP50_95=0.3489 at epoch 39
2026-08-26 14:34:22 INFO  scripts.synthetic_model_comparison.training.training_pipeline | saved checkpoint: /home/debian/Master-Thesis/scripts/synthetic_model_comparison/training/model_exports/yolo26n-gpt-image-2-low-full-seed44-20260826-142128/last.pt
2026-08-26 14:34:23 INFO  scripts.synthetic_model_comparison.training.training_pipeline | epoch 39/200 done — next lr=0.00919612, epochs_since_improve=0/20
2026-08-26 14:34:23 INFO  scripts.synthetic_model_comparison.training.training_pipeline | epoch 40/200 — train start (lr=0.00919612, batches=14)
2026-08-26 14:34:30 INFO  scripts.synthetic_model_comparison.training.training_pipeline | step 550 | loss_box=1.4904 loss_cls=1.5092 loss_dfl=0.0394 loss_total=180.4238 lr=0.00918058
2026-08-26 14:34:35 INFO  scripts.synthetic_model_comparison.training.training_pipeline | epoch 40/200 — train done in 12.6s | avg loss_box=1.4887 loss_cls=1.6116 loss_dfl=0.0390 loss_total=185.8668
2026-08-26 14:34:36 INFO  scripts.synthetic_model_comparison.training.evaluation | evaluating on 4 batches
2026-08-26 14:34:42 INFO  scripts.synthetic_model_comparison.training.training_pipeline | epoch 40/200 — val mAP50=0.5603 mAP50_95=0.3154 (selection mAP50_95=0.3154)
2026-08-26 14:34:43 INFO  scripts.synthetic_model_comparison.training.evaluation | mlflow: logged val/mAP50=0.5603 val/mAP50_95=0.3154 (step=39)
2026-08-26 14:34:43 INFO  scripts.synthetic_model_comparison.training.evaluation | mlflow: logged val per-class AP table (12 classes)
2026-08-26 14:34:43 INFO  scripts.synthetic_model_comparison.training.training_pipeline | saved checkpoint: /home/debian/Master-Thesis/scripts/synthetic_model_comparison/training/model_exports/yolo26n-gpt-image-2-low-full-seed44-20260826-142128/last.pt
2026-08-26 14:34:44 INFO  scripts.synthetic_model_comparison.training.training_pipeline | epoch 40/200 done — next lr=0.00915225, epochs_since_improve=1/20
2026-08-26 14:34:44 INFO  scripts.synthetic_model_comparison.training.training_pipeline | epoch 41/200 — train start (lr=0.00915225, batches=14)
2026-08-26 14:34:55 INFO  scripts.synthetic_model_comparison.training.training_pipeline | epoch 41/200 — train done in 11.5s | avg loss_box=1.4512 loss_cls=1.5275 loss_dfl=0.0381 loss_total=179.4087
2026-08-26 14:34:55 INFO  scripts.synthetic_model_comparison.training.evaluation | evaluating on 4 batches
2026-08-26 14:35:01 INFO  scripts.synthetic_model_comparison.training.training_pipeline | epoch 41/200 — val mAP50=0.4799 mAP50_95=0.2399 (selection mAP50_95=0.2399)
2026-08-26 14:35:02 INFO  scripts.synthetic_model_comparison.training.evaluation | mlflow: logged val/mAP50=0.4799 val/mAP50_95=0.2399 (step=40)
2026-08-26 14:35:02 INFO  scripts.synthetic_model_comparison.training.evaluation | mlflow: logged val per-class AP table (12 classes)
2026-08-26 14:35:02 INFO  scripts.synthetic_model_comparison.training.training_pipeline | saved checkpoint: /home/debian/Master-Thesis/scripts/synthetic_model_comparison/training/model_exports/yolo26n-gpt-image-2-low-full-seed44-20260826-142128/last.pt
2026-08-26 14:35:03 INFO  scripts.synthetic_model_comparison.training.training_pipeline | epoch 41/200 done — next lr=0.00910733, epochs_since_improve=2/20
2026-08-26 14:35:03 INFO  scripts.synthetic_model_comparison.training.training_pipeline | epoch 42/200 — train start (lr=0.00910733, batches=14)
2026-08-26 14:35:14 INFO  scripts.synthetic_model_comparison.training.training_pipeline | epoch 42/200 — train done in 11.1s | avg loss_box=1.4125 loss_cls=1.4606 loss_dfl=0.0376 loss_total=174.2439
2026-08-26 14:35:14 INFO  scripts.synthetic_model_comparison.training.evaluation | evaluating on 4 batches
2026-08-26 14:35:20 INFO  scripts.synthetic_model_comparison.training.training_pipeline | epoch 42/200 — val mAP50=0.6403 mAP50_95=0.3667 (selection mAP50_95=0.3667)
2026-08-26 14:35:21 INFO  scripts.synthetic_model_comparison.training.evaluation | mlflow: logged val/mAP50=0.6403 val/mAP50_95=0.3667 (step=41)
2026-08-26 14:35:21 INFO  scripts.synthetic_model_comparison.training.evaluation | mlflow: logged val per-class AP table (12 classes)
2026-08-26 14:35:22 INFO  scripts.synthetic_model_comparison.training.training_pipeline | saved checkpoint: /home/debian/Master-Thesis/scripts/synthetic_model_comparison/training/model_exports/yolo26n-gpt-image-2-low-full-seed44-20260826-142128/best.pt
2026-08-26 14:35:22 INFO  scripts.synthetic_model_comparison.training.training_pipeline | new best mAP50_95=0.3667 at epoch 42
2026-08-26 14:35:22 INFO  scripts.synthetic_model_comparison.training.training_pipeline | saved checkpoint: /home/debian/Master-Thesis/scripts/synthetic_model_comparison/training/model_exports/yolo26n-gpt-image-2-low-full-seed44-20260826-142128/last.pt
2026-08-26 14:35:22 INFO  scripts.synthetic_model_comparison.training.training_pipeline | epoch 42/200 done — next lr=0.00906137, epochs_since_improve=0/20
2026-08-26 14:35:22 INFO  scripts.synthetic_model_comparison.training.training_pipeline | epoch 43/200 — train start (lr=0.00906137, batches=14)
2026-08-26 14:35:33 INFO  scripts.synthetic_model_comparison.training.training_pipeline | step 600 | loss_box=1.3946 loss_cls=1.3599 loss_dfl=0.0373 loss_total=169.8296 lr=0.00901776
2026-08-26 14:35:35 INFO  scripts.synthetic_model_comparison.training.training_pipeline | epoch 43/200 — train done in 12.9s | avg loss_box=1.4112 loss_cls=1.4459 loss_dfl=0.0370 loss_total=175.3765
2026-08-26 14:35:35 INFO  scripts.synthetic_model_comparison.training.evaluation | evaluating on 4 batches
2026-08-26 14:35:41 INFO  scripts.synthetic_model_comparison.training.training_pipeline | epoch 43/200 — val mAP50=0.6622 mAP50_95=0.3731 (selection mAP50_95=0.3731)
2026-08-26 14:35:42 INFO  scripts.synthetic_model_comparison.training.evaluation | mlflow: logged val/mAP50=0.6622 val/mAP50_95=0.3731 (step=42)
2026-08-26 14:35:42 INFO  scripts.synthetic_model_comparison.training.evaluation | mlflow: logged val per-class AP table (12 classes)
2026-08-26 14:35:42 INFO  scripts.synthetic_model_comparison.training.training_pipeline | saved checkpoint: /home/debian/Master-Thesis/scripts/synthetic_model_comparison/training/model_exports/yolo26n-gpt-image-2-low-full-seed44-20260826-142128/best.pt
2026-08-26 14:35:42 INFO  scripts.synthetic_model_comparison.training.training_pipeline | new best mAP50_95=0.3731 at epoch 43
2026-08-26 14:35:42 INFO  scripts.synthetic_model_comparison.training.training_pipeline | saved checkpoint: /home/debian/Master-Thesis/scripts/synthetic_model_comparison/training/model_exports/yolo26n-gpt-image-2-low-full-seed44-20260826-142128/last.pt
2026-08-26 14:35:43 INFO  scripts.synthetic_model_comparison.training.training_pipeline | epoch 43/200 done — next lr=0.00901437, epochs_since_improve=0/20
2026-08-26 14:35:43 INFO  scripts.synthetic_model_comparison.training.training_pipeline | epoch 44/200 — train start (lr=0.00901437, batches=14)
2026-08-26 14:35:54 INFO  scripts.synthetic_model_comparison.training.training_pipeline | epoch 44/200 — train done in 11.2s | avg loss_box=1.4397 loss_cls=1.4560 loss_dfl=0.0385 loss_total=175.5863
2026-08-26 14:35:54 INFO  scripts.synthetic_model_comparison.training.evaluation | evaluating on 4 batches
2026-08-26 14:36:00 INFO  scripts.synthetic_model_comparison.training.training_pipeline | epoch 44/200 — val mAP50=0.5673 mAP50_95=0.3242 (selection mAP50_95=0.3242)
2026-08-26 14:36:01 INFO  scripts.synthetic_model_comparison.training.evaluation | mlflow: logged val/mAP50=0.5673 val/mAP50_95=0.3242 (step=43)
2026-08-26 14:36:02 INFO  scripts.synthetic_model_comparison.training.evaluation | mlflow: logged val per-class AP table (12 classes)
2026-08-26 14:36:02 INFO  scripts.synthetic_model_comparison.training.training_pipeline | saved checkpoint: /home/debian/Master-Thesis/scripts/synthetic_model_comparison/training/model_exports/yolo26n-gpt-image-2-low-full-seed44-20260826-142128/last.pt
2026-08-26 14:36:02 INFO  scripts.synthetic_model_comparison.training.training_pipeline | epoch 44/200 done — next lr=0.00896636, epochs_since_improve=1/20
2026-08-26 14:36:02 INFO  scripts.synthetic_model_comparison.training.training_pipeline | epoch 45/200 — train start (lr=0.00896636, batches=14)
2026-08-26 14:36:14 INFO  scripts.synthetic_model_comparison.training.training_pipeline | epoch 45/200 — train done in 11.3s | avg loss_box=1.3675 loss_cls=1.3639 loss_dfl=0.0354 loss_total=165.9975
2026-08-26 14:36:14 INFO  scripts.synthetic_model_comparison.training.evaluation | evaluating on 4 batches
2026-08-26 14:36:21 INFO  scripts.synthetic_model_comparison.training.training_pipeline | epoch 45/200 — val mAP50=0.6418 mAP50_95=0.3604 (selection mAP50_95=0.3604)
2026-08-26 14:36:22 INFO  scripts.synthetic_model_comparison.training.evaluation | mlflow: logged val/mAP50=0.6418 val/mAP50_95=0.3604 (step=44)
2026-08-26 14:36:22 INFO  scripts.synthetic_model_comparison.training.evaluation | mlflow: logged val per-class AP table (12 classes)
2026-08-26 14:36:22 INFO  scripts.synthetic_model_comparison.training.training_pipeline | saved checkpoint: /home/debian/Master-Thesis/scripts/synthetic_model_comparison/training/model_exports/yolo26n-gpt-image-2-low-full-seed44-20260826-142128/last.pt
2026-08-26 14:36:23 INFO  scripts.synthetic_model_comparison.training.training_pipeline | epoch 45/200 done — next lr=0.00891733, epochs_since_improve=2/20
2026-08-26 14:36:23 INFO  scripts.synthetic_model_comparison.training.training_pipeline | epoch 46/200 — train start (lr=0.00891733, batches=14)
2026-08-26 14:36:34 INFO  scripts.synthetic_model_comparison.training.training_pipeline | epoch 46/200 — train done in 11.4s | avg loss_box=1.4282 loss_cls=1.3518 loss_dfl=0.0385 loss_total=168.7293
2026-08-26 14:36:34 INFO  scripts.synthetic_model_comparison.training.evaluation | evaluating on 4 batches
2026-08-26 14:36:40 INFO  scripts.synthetic_model_comparison.training.training_pipeline | epoch 46/200 — val mAP50=0.5063 mAP50_95=0.2757 (selection mAP50_95=0.2757)
2026-08-26 14:36:41 INFO  scripts.synthetic_model_comparison.training.evaluation | mlflow: logged val/mAP50=0.5063 val/mAP50_95=0.2757 (step=45)
2026-08-26 14:36:41 INFO  scripts.synthetic_model_comparison.training.evaluation | mlflow: logged val per-class AP table (12 classes)
2026-08-26 14:36:41 INFO  scripts.synthetic_model_comparison.training.training_pipeline | saved checkpoint: /home/debian/Master-Thesis/scripts/synthetic_model_comparison/training/model_exports/yolo26n-gpt-image-2-low-full-seed44-20260826-142128/last.pt
2026-08-26 14:36:42 INFO  scripts.synthetic_model_comparison.training.training_pipeline | epoch 46/200 done — next lr=0.00886731, epochs_since_improve=3/20
2026-08-26 14:36:42 INFO  scripts.synthetic_model_comparison.training.training_pipeline | epoch 47/200 — train start (lr=0.00886731, batches=14)
2026-08-26 14:36:50 INFO  scripts.synthetic_model_comparison.training.training_pipeline | step 650 | loss_box=1.4722 loss_cls=1.2288 loss_dfl=0.0363 loss_total=166.1794 lr=0.00884194
2026-08-26 14:36:54 INFO  scripts.synthetic_model_comparison.training.training_pipeline | epoch 47/200 — train done in 12.7s | avg loss_box=1.4124 loss_cls=1.2888 loss_dfl=0.0365 loss_total=164.2019
2026-08-26 14:36:54 INFO  scripts.synthetic_model_comparison.training.evaluation | evaluating on 4 batches
2026-08-26 14:37:00 INFO  scripts.synthetic_model_comparison.training.training_pipeline | epoch 47/200 — val mAP50=0.6173 mAP50_95=0.3610 (selection mAP50_95=0.3610)
2026-08-26 14:37:01 INFO  scripts.synthetic_model_comparison.training.evaluation | mlflow: logged val/mAP50=0.6173 val/mAP50_95=0.3610 (step=46)
2026-08-26 14:37:01 INFO  scripts.synthetic_model_comparison.training.evaluation | mlflow: logged val per-class AP table (12 classes)
2026-08-26 14:37:01 INFO  scripts.synthetic_model_comparison.training.training_pipeline | saved checkpoint: /home/debian/Master-Thesis/scripts/synthetic_model_comparison/training/model_exports/yolo26n-gpt-image-2-low-full-seed44-20260826-142128/last.pt
2026-08-26 14:37:02 INFO  scripts.synthetic_model_comparison.training.training_pipeline | epoch 47/200 done — next lr=0.00881631, epochs_since_improve=4/20
2026-08-26 14:37:02 INFO  scripts.synthetic_model_comparison.training.training_pipeline | epoch 48/200 — train start (lr=0.00881631, batches=14)
2026-08-26 14:37:13 INFO  scripts.synthetic_model_comparison.training.training_pipeline | epoch 48/200 — train done in 10.9s | avg loss_box=1.3384 loss_cls=1.2737 loss_dfl=0.0357 loss_total=158.8610
2026-08-26 14:37:13 INFO  scripts.synthetic_model_comparison.training.evaluation | evaluating on 4 batches
2026-08-26 14:37:18 INFO  scripts.synthetic_model_comparison.training.training_pipeline | epoch 48/200 — val mAP50=0.5953 mAP50_95=0.3183 (selection mAP50_95=0.3183)
2026-08-26 14:37:19 INFO  scripts.synthetic_model_comparison.training.evaluation | mlflow: logged val/mAP50=0.5953 val/mAP50_95=0.3183 (step=47)
2026-08-26 14:37:19 INFO  scripts.synthetic_model_comparison.training.evaluation | mlflow: logged val per-class AP table (12 classes)
2026-08-26 14:37:20 INFO  scripts.synthetic_model_comparison.training.training_pipeline | saved checkpoint: /home/debian/Master-Thesis/scripts/synthetic_model_comparison/training/model_exports/yolo26n-gpt-image-2-low-full-seed44-20260826-142128/last.pt
2026-08-26 14:37:20 INFO  scripts.synthetic_model_comparison.training.training_pipeline | epoch 48/200 done — next lr=0.00876435, epochs_since_improve=5/20
2026-08-26 14:37:20 INFO  scripts.synthetic_model_comparison.training.training_pipeline | epoch 49/200 — train start (lr=0.00876435, batches=14)
2026-08-26 14:37:32 INFO  scripts.synthetic_model_comparison.training.training_pipeline | epoch 49/200 — train done in 11.6s | avg loss_box=1.3482 loss_cls=1.2457 loss_dfl=0.0346 loss_total=159.4475
2026-08-26 14:37:32 INFO  scripts.synthetic_model_comparison.training.evaluation | evaluating on 4 batches
2026-08-26 14:37:38 INFO  scripts.synthetic_model_comparison.training.training_pipeline | epoch 49/200 — val mAP50=0.5756 mAP50_95=0.3405 (selection mAP50_95=0.3405)
2026-08-26 14:37:38 INFO  scripts.synthetic_model_comparison.training.evaluation | mlflow: logged val/mAP50=0.5756 val/mAP50_95=0.3405 (step=48)
2026-08-26 14:37:39 INFO  scripts.synthetic_model_comparison.training.evaluation | mlflow: logged val per-class AP table (12 classes)
2026-08-26 14:37:39 INFO  scripts.synthetic_model_comparison.training.training_pipeline | saved checkpoint: /home/debian/Master-Thesis/scripts/synthetic_model_comparison/training/model_exports/yolo26n-gpt-image-2-low-full-seed44-20260826-142128/last.pt
2026-08-26 14:37:39 INFO  scripts.synthetic_model_comparison.training.training_pipeline | epoch 49/200 done — next lr=0.00871142, epochs_since_improve=6/20
2026-08-26 14:37:39 INFO  scripts.synthetic_model_comparison.training.training_pipeline | epoch 50/200 — train start (lr=0.00871142, batches=14)
2026-08-26 14:37:51 INFO  scripts.synthetic_model_comparison.training.training_pipeline | epoch 50/200 — train done in 11.7s | avg loss_box=1.3275 loss_cls=1.2198 loss_dfl=0.0346 loss_total=155.2427
2026-08-26 14:37:51 INFO  scripts.synthetic_model_comparison.training.evaluation | evaluating on 4 batches
2026-08-26 14:37:57 INFO  scripts.synthetic_model_comparison.training.training_pipeline | epoch 50/200 — val mAP50=0.6889 mAP50_95=0.4229 (selection mAP50_95=0.4229)
2026-08-26 14:37:57 INFO  scripts.synthetic_model_comparison.training.evaluation | mlflow: logged val/mAP50=0.6889 val/mAP50_95=0.4229 (step=49)
2026-08-26 14:37:58 INFO  scripts.synthetic_model_comparison.training.evaluation | mlflow: logged val per-class AP table (12 classes)
2026-08-26 14:37:58 INFO  scripts.synthetic_model_comparison.training.training_pipeline | saved checkpoint: /home/debian/Master-Thesis/scripts/synthetic_model_comparison/training/model_exports/yolo26n-gpt-image-2-low-full-seed44-20260826-142128/best.pt
2026-08-26 14:37:58 INFO  scripts.synthetic_model_comparison.training.training_pipeline | new best mAP50_95=0.4229 at epoch 50
2026-08-26 14:37:58 INFO  scripts.synthetic_model_comparison.training.training_pipeline | saved checkpoint: /home/debian/Master-Thesis/scripts/synthetic_model_comparison/training/model_exports/yolo26n-gpt-image-2-low-full-seed44-20260826-142128/last.pt
2026-08-26 14:37:58 INFO  scripts.synthetic_model_comparison.training.training_pipeline | epoch 50/200 done — next lr=0.00865755, epochs_since_improve=0/20
2026-08-26 14:37:58 INFO  scripts.synthetic_model_comparison.training.training_pipeline | epoch 51/200 — train start (lr=0.00865755, batches=14)
2026-08-26 14:38:05 INFO  scripts.synthetic_model_comparison.training.training_pipeline | step 700 | loss_box=1.2545 loss_cls=1.1914 loss_dfl=0.0320 loss_total=145.7774 lr=0.00865367
2026-08-26 14:38:11 INFO  scripts.synthetic_model_comparison.training.training_pipeline | epoch 51/200 — train done in 13.0s | avg loss_box=1.2862 loss_cls=1.2337 loss_dfl=0.0338 loss_total=154.1977
2026-08-26 14:38:11 INFO  scripts.synthetic_model_comparison.training.evaluation | evaluating on 4 batches
2026-08-26 14:38:19 INFO  scripts.synthetic_model_comparison.training.training_pipeline | epoch 51/200 — val mAP50=0.6362 mAP50_95=0.3587 (selection mAP50_95=0.3587)
2026-08-26 14:38:19 INFO  scripts.synthetic_model_comparison.training.evaluation | mlflow: logged val/mAP50=0.6362 val/mAP50_95=0.3587 (step=50)
2026-08-26 14:38:20 INFO  scripts.synthetic_model_comparison.training.evaluation | mlflow: logged val per-class AP table (12 classes)
2026-08-26 14:38:20 INFO  scripts.synthetic_model_comparison.training.training_pipeline | saved checkpoint: /home/debian/Master-Thesis/scripts/synthetic_model_comparison/training/model_exports/yolo26n-gpt-image-2-low-full-seed44-20260826-142128/last.pt
2026-08-26 14:38:20 INFO  scripts.synthetic_model_comparison.training.training_pipeline | epoch 51/200 done — next lr=0.00860275, epochs_since_improve=1/20
2026-08-26 14:38:20 INFO  scripts.synthetic_model_comparison.training.training_pipeline | epoch 52/200 — train start (lr=0.00860275, batches=14)
2026-08-26 14:38:32 INFO  scripts.synthetic_model_comparison.training.training_pipeline | epoch 52/200 — train done in 11.5s | avg loss_box=1.2786 loss_cls=1.1721 loss_dfl=0.0335 loss_total=150.3096
2026-08-26 14:38:32 INFO  scripts.synthetic_model_comparison.training.evaluation | evaluating on 4 batches
2026-08-26 14:38:38 INFO  scripts.synthetic_model_comparison.training.training_pipeline | epoch 52/200 — val mAP50=0.6466 mAP50_95=0.3920 (selection mAP50_95=0.3920)
2026-08-26 14:38:38 INFO  scripts.synthetic_model_comparison.training.evaluation | mlflow: logged val/mAP50=0.6466 val/mAP50_95=0.3920 (step=51)
2026-08-26 14:38:39 INFO  scripts.synthetic_model_comparison.training.evaluation | mlflow: logged val per-class AP table (12 classes)
2026-08-26 14:38:39 INFO  scripts.synthetic_model_comparison.training.training_pipeline | saved checkpoint: /home/debian/Master-Thesis/scripts/synthetic_model_comparison/training/model_exports/yolo26n-gpt-image-2-low-full-seed44-20260826-142128/last.pt
2026-08-26 14:38:39 INFO  scripts.synthetic_model_comparison.training.training_pipeline | epoch 52/200 done — next lr=0.00854704, epochs_since_improve=2/20
2026-08-26 14:38:39 INFO  scripts.synthetic_model_comparison.training.training_pipeline | epoch 53/200 — train start (lr=0.00854704, batches=14)
2026-08-26 14:38:51 INFO  scripts.synthetic_model_comparison.training.training_pipeline | epoch 53/200 — train done in 11.8s | avg loss_box=1.3046 loss_cls=1.1690 loss_dfl=0.0330 loss_total=150.5937
2026-08-26 14:38:51 INFO  scripts.synthetic_model_comparison.training.evaluation | evaluating on 4 batches
2026-08-26 14:38:57 INFO  scripts.synthetic_model_comparison.training.training_pipeline | epoch 53/200 — val mAP50=0.5986 mAP50_95=0.3455 (selection mAP50_95=0.3455)
2026-08-26 14:38:57 INFO  scripts.synthetic_model_comparison.training.evaluation | mlflow: logged val/mAP50=0.5986 val/mAP50_95=0.3455 (step=52)
2026-08-26 14:38:58 INFO  scripts.synthetic_model_comparison.training.evaluation | mlflow: logged val per-class AP table (12 classes)
2026-08-26 14:38:58 INFO  scripts.synthetic_model_comparison.training.training_pipeline | saved checkpoint: /home/debian/Master-Thesis/scripts/synthetic_model_comparison/training/model_exports/yolo26n-gpt-image-2-low-full-seed44-20260826-142128/last.pt
2026-08-26 14:38:58 INFO  scripts.synthetic_model_comparison.training.training_pipeline | epoch 53/200 done — next lr=0.00849043, epochs_since_improve=3/20
2026-08-26 14:38:58 INFO  scripts.synthetic_model_comparison.training.training_pipeline | epoch 54/200 — train start (lr=0.00849043, batches=14)
2026-08-26 14:39:07 INFO  scripts.synthetic_model_comparison.training.training_pipeline | step 750 | loss_box=1.2098 loss_cls=1.1044 loss_dfl=0.0289 loss_total=144.4058 lr=0.00845357
2026-08-26 14:39:11 INFO  scripts.synthetic_model_comparison.training.training_pipeline | epoch 54/200 — train done in 12.6s | avg loss_box=1.3173 loss_cls=1.1654 loss_dfl=0.0343 loss_total=152.0737
2026-08-26 14:39:11 INFO  scripts.synthetic_model_comparison.training.evaluation | evaluating on 4 batches
2026-08-26 14:39:17 INFO  scripts.synthetic_model_comparison.training.training_pipeline | epoch 54/200 — val mAP50=0.6297 mAP50_95=0.3400 (selection mAP50_95=0.3400)
2026-08-26 14:39:18 INFO  scripts.synthetic_model_comparison.training.evaluation | mlflow: logged val/mAP50=0.6297 val/mAP50_95=0.3400 (step=53)
2026-08-26 14:39:18 INFO  scripts.synthetic_model_comparison.training.evaluation | mlflow: logged val per-class AP table (12 classes)
2026-08-26 14:39:18 INFO  scripts.synthetic_model_comparison.training.training_pipeline | saved checkpoint: /home/debian/Master-Thesis/scripts/synthetic_model_comparison/training/model_exports/yolo26n-gpt-image-2-low-full-seed44-20260826-142128/last.pt
2026-08-26 14:39:18 INFO  scripts.synthetic_model_comparison.training.training_pipeline | epoch 54/200 done — next lr=0.00843293, epochs_since_improve=4/20
2026-08-26 14:39:18 INFO  scripts.synthetic_model_comparison.training.training_pipeline | epoch 55/200 — train start (lr=0.00843293, batches=14)
2026-08-26 14:39:30 INFO  scripts.synthetic_model_comparison.training.training_pipeline | epoch 55/200 — train done in 11.5s | avg loss_box=1.2491 loss_cls=1.0858 loss_dfl=0.0319 loss_total=143.6645
2026-08-26 14:39:30 INFO  scripts.synthetic_model_comparison.training.evaluation | evaluating on 4 batches
2026-08-26 14:39:38 INFO  scripts.synthetic_model_comparison.training.training_pipeline | epoch 55/200 — val mAP50=0.7289 mAP50_95=0.4494 (selection mAP50_95=0.4494)
2026-08-26 14:39:38 INFO  scripts.synthetic_model_comparison.training.evaluation | mlflow: logged val/mAP50=0.7289 val/mAP50_95=0.4494 (step=54)
2026-08-26 14:39:39 INFO  scripts.synthetic_model_comparison.training.evaluation | mlflow: logged val per-class AP table (12 classes)
2026-08-26 14:39:39 INFO  scripts.synthetic_model_comparison.training.training_pipeline | saved checkpoint: /home/debian/Master-Thesis/scripts/synthetic_model_comparison/training/model_exports/yolo26n-gpt-image-2-low-full-seed44-20260826-142128/best.pt
2026-08-26 14:39:39 INFO  scripts.synthetic_model_comparison.training.training_pipeline | new best mAP50_95=0.4494 at epoch 55
2026-08-26 14:39:39 INFO  scripts.synthetic_model_comparison.training.training_pipeline | saved checkpoint: /home/debian/Master-Thesis/scripts/synthetic_model_comparison/training/model_exports/yolo26n-gpt-image-2-low-full-seed44-20260826-142128/last.pt
2026-08-26 14:39:39 INFO  scripts.synthetic_model_comparison.training.training_pipeline | epoch 55/200 done — next lr=0.00837456, epochs_since_improve=0/20
2026-08-26 14:39:39 INFO  scripts.synthetic_model_comparison.training.training_pipeline | epoch 56/200 — train start (lr=0.00837456, batches=14)
2026-08-26 14:39:51 INFO  scripts.synthetic_model_comparison.training.training_pipeline | epoch 56/200 — train done in 11.2s | avg loss_box=1.2312 loss_cls=1.0879 loss_dfl=0.0321 loss_total=142.6209
2026-08-26 14:39:51 INFO  scripts.synthetic_model_comparison.training.evaluation | evaluating on 4 batches
2026-08-26 14:39:57 INFO  scripts.synthetic_model_comparison.training.training_pipeline | epoch 56/200 — val mAP50=0.6711 mAP50_95=0.4203 (selection mAP50_95=0.4203)
2026-08-26 14:39:57 INFO  scripts.synthetic_model_comparison.training.evaluation | mlflow: logged val/mAP50=0.6711 val/mAP50_95=0.4203 (step=55)
2026-08-26 14:39:58 INFO  scripts.synthetic_model_comparison.training.evaluation | mlflow: logged val per-class AP table (12 classes)
2026-08-26 14:39:58 INFO  scripts.synthetic_model_comparison.training.training_pipeline | saved checkpoint: /home/debian/Master-Thesis/scripts/synthetic_model_comparison/training/model_exports/yolo26n-gpt-image-2-low-full-seed44-20260826-142128/last.pt
2026-08-26 14:39:58 INFO  scripts.synthetic_model_comparison.training.training_pipeline | epoch 56/200 done — next lr=0.00831533, epochs_since_improve=1/20
2026-08-26 14:39:58 INFO  scripts.synthetic_model_comparison.training.training_pipeline | epoch 57/200 — train start (lr=0.00831533, batches=14)
2026-08-26 14:40:09 INFO  scripts.synthetic_model_comparison.training.training_pipeline | epoch 57/200 — train done in 11.1s | avg loss_box=1.2760 loss_cls=1.0533 loss_dfl=0.0329 loss_total=145.0258
2026-08-26 14:40:09 INFO  scripts.synthetic_model_comparison.training.evaluation | evaluating on 4 batches
2026-08-26 14:40:15 INFO  scripts.synthetic_model_comparison.training.training_pipeline | epoch 57/200 — val mAP50=0.6694 mAP50_95=0.3976 (selection mAP50_95=0.3976)
2026-08-26 14:40:16 INFO  scripts.synthetic_model_comparison.training.evaluation | mlflow: logged val/mAP50=0.6694 val/mAP50_95=0.3976 (step=56)
2026-08-26 14:40:16 INFO  scripts.synthetic_model_comparison.training.evaluation | mlflow: logged val per-class AP table (12 classes)
2026-08-26 14:40:16 INFO  scripts.synthetic_model_comparison.training.training_pipeline | saved checkpoint: /home/debian/Master-Thesis/scripts/synthetic_model_comparison/training/model_exports/yolo26n-gpt-image-2-low-full-seed44-20260826-142128/last.pt
2026-08-26 14:40:17 INFO  scripts.synthetic_model_comparison.training.training_pipeline | epoch 57/200 done — next lr=0.00825526, epochs_since_improve=2/20
2026-08-26 14:40:17 INFO  scripts.synthetic_model_comparison.training.training_pipeline | epoch 58/200 — train start (lr=0.00825526, batches=14)
2026-08-26 14:40:23 INFO  scripts.synthetic_model_comparison.training.training_pipeline | step 800 | loss_box=1.1602 loss_cls=1.0059 loss_dfl=0.0278 loss_total=136.1119 lr=0.00824228
2026-08-26 14:40:29 INFO  scripts.synthetic_model_comparison.training.training_pipeline | epoch 58/200 — train done in 12.5s | avg loss_box=1.2317 loss_cls=1.0250 loss_dfl=0.0317 loss_total=139.2941
2026-08-26 14:40:29 INFO  scripts.synthetic_model_comparison.training.evaluation | evaluating on 4 batches
2026-08-26 14:40:35 INFO  scripts.synthetic_model_comparison.training.training_pipeline | epoch 58/200 — val mAP50=0.7172 mAP50_95=0.4281 (selection mAP50_95=0.4281)
2026-08-26 14:40:36 INFO  scripts.synthetic_model_comparison.training.evaluation | mlflow: logged val/mAP50=0.7172 val/mAP50_95=0.4281 (step=57)
2026-08-26 14:40:36 INFO  scripts.synthetic_model_comparison.training.evaluation | mlflow: logged val per-class AP table (12 classes)
2026-08-26 14:40:36 INFO  scripts.synthetic_model_comparison.training.training_pipeline | saved checkpoint: /home/debian/Master-Thesis/scripts/synthetic_model_comparison/training/model_exports/yolo26n-gpt-image-2-low-full-seed44-20260826-142128/last.pt
2026-08-26 14:40:37 INFO  scripts.synthetic_model_comparison.training.training_pipeline | epoch 58/200 done — next lr=0.00819437, epochs_since_improve=3/20
2026-08-26 14:40:37 INFO  scripts.synthetic_model_comparison.training.training_pipeline | epoch 59/200 — train start (lr=0.00819437, batches=14)
2026-08-26 14:40:47 INFO  scripts.synthetic_model_comparison.training.training_pipeline | epoch 59/200 — train done in 10.6s | avg loss_box=1.2340 loss_cls=1.0052 loss_dfl=0.0322 loss_total=138.9809
2026-08-26 14:40:47 INFO  scripts.synthetic_model_comparison.training.evaluation | evaluating on 4 batches
2026-08-26 14:40:54 INFO  scripts.synthetic_model_comparison.training.training_pipeline | epoch 59/200 — val mAP50=0.6840 mAP50_95=0.3961 (selection mAP50_95=0.3961)
2026-08-26 14:40:54 INFO  scripts.synthetic_model_comparison.training.evaluation | mlflow: logged val/mAP50=0.6840 val/mAP50_95=0.3961 (step=58)
2026-08-26 14:40:55 INFO  scripts.synthetic_model_comparison.training.evaluation | mlflow: logged val per-class AP table (12 classes)
2026-08-26 14:40:55 INFO  scripts.synthetic_model_comparison.training.training_pipeline | saved checkpoint: /home/debian/Master-Thesis/scripts/synthetic_model_comparison/training/model_exports/yolo26n-gpt-image-2-low-full-seed44-20260826-142128/last.pt
2026-08-26 14:40:55 INFO  scripts.synthetic_model_comparison.training.training_pipeline | epoch 59/200 done — next lr=0.00813266, epochs_since_improve=4/20
2026-08-26 14:40:55 INFO  scripts.synthetic_model_comparison.training.training_pipeline | epoch 60/200 — train start (lr=0.00813266, batches=14)
2026-08-26 14:41:07 INFO  scripts.synthetic_model_comparison.training.training_pipeline | epoch 60/200 — train done in 11.9s | avg loss_box=1.1910 loss_cls=1.0098 loss_dfl=0.0308 loss_total=136.1623
2026-08-26 14:41:07 INFO  scripts.synthetic_model_comparison.training.evaluation | evaluating on 4 batches
2026-08-26 14:41:15 INFO  scripts.synthetic_model_comparison.training.training_pipeline | epoch 60/200 — val mAP50=0.7228 mAP50_95=0.4688 (selection mAP50_95=0.4688)
2026-08-26 14:41:16 INFO  scripts.synthetic_model_comparison.training.evaluation | mlflow: logged val/mAP50=0.7228 val/mAP50_95=0.4688 (step=59)
2026-08-26 14:41:16 INFO  scripts.synthetic_model_comparison.training.evaluation | mlflow: logged val per-class AP table (12 classes)
2026-08-26 14:41:16 INFO  scripts.synthetic_model_comparison.training.training_pipeline | saved checkpoint: /home/debian/Master-Thesis/scripts/synthetic_model_comparison/training/model_exports/yolo26n-gpt-image-2-low-full-seed44-20260826-142128/best.pt
2026-08-26 14:41:16 INFO  scripts.synthetic_model_comparison.training.training_pipeline | new best mAP50_95=0.4688 at epoch 60
2026-08-26 14:41:16 INFO  scripts.synthetic_model_comparison.training.training_pipeline | saved checkpoint: /home/debian/Master-Thesis/scripts/synthetic_model_comparison/training/model_exports/yolo26n-gpt-image-2-low-full-seed44-20260826-142128/last.pt
2026-08-26 14:41:17 INFO  scripts.synthetic_model_comparison.training.training_pipeline | epoch 60/200 done — next lr=0.00807016, epochs_since_improve=0/20
2026-08-26 14:41:17 INFO  scripts.synthetic_model_comparison.training.training_pipeline | epoch 61/200 — train start (lr=0.00807016, batches=14)
2026-08-26 14:41:27 INFO  scripts.synthetic_model_comparison.training.training_pipeline | step 850 | loss_box=1.3265 loss_cls=1.0135 loss_dfl=0.0339 loss_total=143.7461 lr=0.0080205
2026-08-26 14:41:30 INFO  scripts.synthetic_model_comparison.training.training_pipeline | epoch 61/200 — train done in 13.0s | avg loss_box=1.1818 loss_cls=0.9330 loss_dfl=0.0302 loss_total=133.2226
2026-08-26 14:41:30 INFO  scripts.synthetic_model_comparison.training.evaluation | evaluating on 4 batches
2026-08-26 14:41:36 INFO  scripts.synthetic_model_comparison.training.training_pipeline | epoch 61/200 — val mAP50=0.7533 mAP50_95=0.4754 (selection mAP50_95=0.4754)
2026-08-26 14:41:36 INFO  scripts.synthetic_model_comparison.training.evaluation | mlflow: logged val/mAP50=0.7533 val/mAP50_95=0.4754 (step=60)
2026-08-26 14:41:37 INFO  scripts.synthetic_model_comparison.training.evaluation | mlflow: logged val per-class AP table (12 classes)
2026-08-26 14:41:37 INFO  scripts.synthetic_model_comparison.training.training_pipeline | saved checkpoint: /home/debian/Master-Thesis/scripts/synthetic_model_comparison/training/model_exports/yolo26n-gpt-image-2-low-full-seed44-20260826-142128/best.pt
2026-08-26 14:41:37 INFO  scripts.synthetic_model_comparison.training.training_pipeline | new best mAP50_95=0.4754 at epoch 61
2026-08-26 14:41:37 INFO  scripts.synthetic_model_comparison.training.training_pipeline | saved checkpoint: /home/debian/Master-Thesis/scripts/synthetic_model_comparison/training/model_exports/yolo26n-gpt-image-2-low-full-seed44-20260826-142128/last.pt
2026-08-26 14:41:37 INFO  scripts.synthetic_model_comparison.training.training_pipeline | epoch 61/200 done — next lr=0.00800687, epochs_since_improve=0/20
2026-08-26 14:41:37 INFO  scripts.synthetic_model_comparison.training.training_pipeline | epoch 62/200 — train start (lr=0.00800687, batches=14)
2026-08-26 14:41:49 INFO  scripts.synthetic_model_comparison.training.training_pipeline | epoch 62/200 — train done in 11.4s | avg loss_box=1.1662 loss_cls=0.9638 loss_dfl=0.0307 loss_total=132.8227
2026-08-26 14:41:49 INFO  scripts.synthetic_model_comparison.training.evaluation | evaluating on 4 batches
2026-08-26 14:41:56 INFO  scripts.synthetic_model_comparison.training.training_pipeline | epoch 62/200 — val mAP50=0.7651 mAP50_95=0.4851 (selection mAP50_95=0.4851)
2026-08-26 14:41:57 INFO  scripts.synthetic_model_comparison.training.evaluation | mlflow: logged val/mAP50=0.7651 val/mAP50_95=0.4851 (step=61)
2026-08-26 14:41:57 INFO  scripts.synthetic_model_comparison.training.evaluation | mlflow: logged val per-class AP table (12 classes)
2026-08-26 14:41:57 INFO  scripts.synthetic_model_comparison.training.training_pipeline | saved checkpoint: /home/debian/Master-Thesis/scripts/synthetic_model_comparison/training/model_exports/yolo26n-gpt-image-2-low-full-seed44-20260826-142128/best.pt
2026-08-26 14:41:57 INFO  scripts.synthetic_model_comparison.training.training_pipeline | new best mAP50_95=0.4851 at epoch 62
2026-08-26 14:41:57 INFO  scripts.synthetic_model_comparison.training.training_pipeline | saved checkpoint: /home/debian/Master-Thesis/scripts/synthetic_model_comparison/training/model_exports/yolo26n-gpt-image-2-low-full-seed44-20260826-142128/last.pt
2026-08-26 14:41:58 INFO  scripts.synthetic_model_comparison.training.training_pipeline | epoch 62/200 done — next lr=0.00794283, epochs_since_improve=0/20
2026-08-26 14:41:58 INFO  scripts.synthetic_model_comparison.training.training_pipeline | epoch 63/200 — train start (lr=0.00794283, batches=14)
2026-08-26 14:42:10 INFO  scripts.synthetic_model_comparison.training.training_pipeline | epoch 63/200 — train done in 12.0s | avg loss_box=1.1721 loss_cls=0.9276 loss_dfl=0.0301 loss_total=131.7244
2026-08-26 14:42:10 INFO  scripts.synthetic_model_comparison.training.evaluation | evaluating on 4 batches
2026-08-26 14:42:17 INFO  scripts.synthetic_model_comparison.training.training_pipeline | epoch 63/200 — val mAP50=0.6996 mAP50_95=0.4439 (selection mAP50_95=0.4439)
2026-08-26 14:42:18 INFO  scripts.synthetic_model_comparison.training.evaluation | mlflow: logged val/mAP50=0.6996 val/mAP50_95=0.4439 (step=62)
2026-08-26 14:42:18 INFO  scripts.synthetic_model_comparison.training.evaluation | mlflow: logged val per-class AP table (12 classes)
2026-08-26 14:42:19 INFO  scripts.synthetic_model_comparison.training.training_pipeline | saved checkpoint: /home/debian/Master-Thesis/scripts/synthetic_model_comparison/training/model_exports/yolo26n-gpt-image-2-low-full-seed44-20260826-142128/last.pt
2026-08-26 14:42:19 INFO  scripts.synthetic_model_comparison.training.training_pipeline | epoch 63/200 done — next lr=0.00787804, epochs_since_improve=1/20
2026-08-26 14:42:19 INFO  scripts.synthetic_model_comparison.training.training_pipeline | epoch 64/200 — train start (lr=0.00787804, batches=14)
2026-08-26 14:42:31 INFO  scripts.synthetic_model_comparison.training.training_pipeline | epoch 64/200 — train done in 12.3s | avg loss_box=1.1518 loss_cls=0.9449 loss_dfl=0.0291 loss_total=129.7299
2026-08-26 14:42:31 INFO  scripts.synthetic_model_comparison.training.evaluation | evaluating on 4 batches
2026-08-26 14:42:39 INFO  scripts.synthetic_model_comparison.training.training_pipeline | epoch 64/200 — val mAP50=0.7603 mAP50_95=0.4651 (selection mAP50_95=0.4651)
2026-08-26 14:42:40 INFO  scripts.synthetic_model_comparison.training.evaluation | mlflow: logged val/mAP50=0.7603 val/mAP50_95=0.4651 (step=63)
2026-08-26 14:42:40 INFO  scripts.synthetic_model_comparison.training.evaluation | mlflow: logged val per-class AP table (12 classes)
2026-08-26 14:42:40 INFO  scripts.synthetic_model_comparison.training.training_pipeline | saved checkpoint: /home/debian/Master-Thesis/scripts/synthetic_model_comparison/training/model_exports/yolo26n-gpt-image-2-low-full-seed44-20260826-142128/last.pt
2026-08-26 14:42:41 INFO  scripts.synthetic_model_comparison.training.training_pipeline | epoch 64/200 done — next lr=0.00781251, epochs_since_improve=2/20
2026-08-26 14:42:41 INFO  scripts.synthetic_model_comparison.training.training_pipeline | epoch 65/200 — train start (lr=0.00781251, batches=14)
2026-08-26 14:42:49 INFO  scripts.synthetic_model_comparison.training.training_pipeline | step 900 | loss_box=1.2678 loss_cls=1.0457 loss_dfl=0.0321 loss_total=141.3326 lr=0.00778894
2026-08-26 14:42:54 INFO  scripts.synthetic_model_comparison.training.training_pipeline | epoch 65/200 — train done in 13.3s | avg loss_box=1.1831 loss_cls=0.9506 loss_dfl=0.0306 loss_total=131.8799
2026-08-26 14:42:54 INFO  scripts.synthetic_model_comparison.training.evaluation | evaluating on 4 batches
2026-08-26 14:43:02 INFO  scripts.synthetic_model_comparison.training.training_pipeline | epoch 65/200 — val mAP50=0.7575 mAP50_95=0.4742 (selection mAP50_95=0.4742)
2026-08-26 14:43:03 INFO  scripts.synthetic_model_comparison.training.evaluation | mlflow: logged val/mAP50=0.7575 val/mAP50_95=0.4742 (step=64)
2026-08-26 14:43:03 INFO  scripts.synthetic_model_comparison.training.evaluation | mlflow: logged val per-class AP table (12 classes)
2026-08-26 14:43:03 INFO  scripts.synthetic_model_comparison.training.training_pipeline | saved checkpoint: /home/debian/Master-Thesis/scripts/synthetic_model_comparison/training/model_exports/yolo26n-gpt-image-2-low-full-seed44-20260826-142128/last.pt
2026-08-26 14:43:03 INFO  scripts.synthetic_model_comparison.training.training_pipeline | epoch 65/200 done — next lr=0.00774628, epochs_since_improve=3/20
2026-08-26 14:43:03 INFO  scripts.synthetic_model_comparison.training.training_pipeline | epoch 66/200 — train start (lr=0.00774628, batches=14)
2026-08-26 14:43:15 INFO  scripts.synthetic_model_comparison.training.training_pipeline | epoch 66/200 — train done in 11.3s | avg loss_box=1.1286 loss_cls=0.8850 loss_dfl=0.0283 loss_total=125.5181
2026-08-26 14:43:15 INFO  scripts.synthetic_model_comparison.training.evaluation | evaluating on 4 batches
2026-08-26 14:43:21 INFO  scripts.synthetic_model_comparison.training.training_pipeline | epoch 66/200 — val mAP50=0.7924 mAP50_95=0.4999 (selection mAP50_95=0.4999)
2026-08-26 14:43:21 INFO  scripts.synthetic_model_comparison.training.evaluation | mlflow: logged val/mAP50=0.7924 val/mAP50_95=0.4999 (step=65)
2026-08-26 14:43:22 INFO  scripts.synthetic_model_comparison.training.evaluation | mlflow: logged val per-class AP table (12 classes)
2026-08-26 14:43:22 INFO  scripts.synthetic_model_comparison.training.training_pipeline | saved checkpoint: /home/debian/Master-Thesis/scripts/synthetic_model_comparison/training/model_exports/yolo26n-gpt-image-2-low-full-seed44-20260826-142128/best.pt
2026-08-26 14:43:22 INFO  scripts.synthetic_model_comparison.training.training_pipeline | new best mAP50_95=0.4999 at epoch 66
2026-08-26 14:43:22 INFO  scripts.synthetic_model_comparison.training.training_pipeline | saved checkpoint: /home/debian/Master-Thesis/scripts/synthetic_model_comparison/training/model_exports/yolo26n-gpt-image-2-low-full-seed44-20260826-142128/last.pt
2026-08-26 14:43:22 INFO  scripts.synthetic_model_comparison.training.training_pipeline | epoch 66/200 done — next lr=0.00767934, epochs_since_improve=0/20
2026-08-26 14:43:22 INFO  scripts.synthetic_model_comparison.training.training_pipeline | epoch 67/200 — train start (lr=0.00767934, batches=14)
2026-08-26 14:43:33 INFO  scripts.synthetic_model_comparison.training.training_pipeline | epoch 67/200 — train done in 10.7s | avg loss_box=1.1240 loss_cls=0.9022 loss_dfl=0.0288 loss_total=126.1941
2026-08-26 14:43:33 INFO  scripts.synthetic_model_comparison.training.evaluation | evaluating on 4 batches
2026-08-26 14:43:41 INFO  scripts.synthetic_model_comparison.training.training_pipeline | epoch 67/200 — val mAP50=0.7039 mAP50_95=0.4340 (selection mAP50_95=0.4340)
2026-08-26 14:43:41 INFO  scripts.synthetic_model_comparison.training.evaluation | mlflow: logged val/mAP50=0.7039 val/mAP50_95=0.4340 (step=66)
2026-08-26 14:43:42 INFO  scripts.synthetic_model_comparison.training.evaluation | mlflow: logged val per-class AP table (12 classes)
2026-08-26 14:43:42 INFO  scripts.synthetic_model_comparison.training.training_pipeline | saved checkpoint: /home/debian/Master-Thesis/scripts/synthetic_model_comparison/training/model_exports/yolo26n-gpt-image-2-low-full-seed44-20260826-142128/last.pt
2026-08-26 14:43:42 INFO  scripts.synthetic_model_comparison.training.training_pipeline | epoch 67/200 done — next lr=0.00761173, epochs_since_improve=1/20
2026-08-26 14:43:42 INFO  scripts.synthetic_model_comparison.training.training_pipeline | epoch 68/200 — train start (lr=0.00761173, batches=14)
2026-08-26 14:43:53 INFO  scripts.synthetic_model_comparison.training.training_pipeline | step 950 | loss_box=1.0799 loss_cls=0.8889 loss_dfl=0.0272 loss_total=122.6624 lr=0.00754835
2026-08-26 14:43:55 INFO  scripts.synthetic_model_comparison.training.training_pipeline | epoch 68/200 — train done in 13.2s | avg loss_box=1.1126 loss_cls=0.8609 loss_dfl=0.0279 loss_total=123.6041
2026-08-26 14:43:55 INFO  scripts.synthetic_model_comparison.training.evaluation | evaluating on 4 batches
2026-08-26 14:44:03 INFO  scripts.synthetic_model_comparison.training.training_pipeline | epoch 68/200 — val mAP50=0.7930 mAP50_95=0.5155 (selection mAP50_95=0.5155)
2026-08-26 14:44:04 INFO  scripts.synthetic_model_comparison.training.evaluation | mlflow: logged val/mAP50=0.7930 val/mAP50_95=0.5155 (step=67)
2026-08-26 14:44:04 INFO  scripts.synthetic_model_comparison.training.evaluation | mlflow: logged val per-class AP table (12 classes)
2026-08-26 14:44:04 INFO  scripts.synthetic_model_comparison.training.training_pipeline | saved checkpoint: /home/debian/Master-Thesis/scripts/synthetic_model_comparison/training/model_exports/yolo26n-gpt-image-2-low-full-seed44-20260826-142128/best.pt
2026-08-26 14:44:04 INFO  scripts.synthetic_model_comparison.training.training_pipeline | new best mAP50_95=0.5155 at epoch 68
2026-08-26 14:44:05 INFO  scripts.synthetic_model_comparison.training.training_pipeline | saved checkpoint: /home/debian/Master-Thesis/scripts/synthetic_model_comparison/training/model_exports/yolo26n-gpt-image-2-low-full-seed44-20260826-142128/last.pt
2026-08-26 14:44:05 INFO  scripts.synthetic_model_comparison.training.training_pipeline | epoch 68/200 done — next lr=0.00754345, epochs_since_improve=0/20
2026-08-26 14:44:05 INFO  scripts.synthetic_model_comparison.training.training_pipeline | epoch 69/200 — train start (lr=0.00754345, batches=14)
2026-08-26 14:44:17 INFO  scripts.synthetic_model_comparison.training.training_pipeline | epoch 69/200 — train done in 11.5s | avg loss_box=1.1227 loss_cls=0.8754 loss_dfl=0.0288 loss_total=123.8216
2026-08-26 14:44:17 INFO  scripts.synthetic_model_comparison.training.evaluation | evaluating on 4 batches
2026-08-26 14:44:23 INFO  scripts.synthetic_model_comparison.training.training_pipeline | epoch 69/200 — val mAP50=0.7085 mAP50_95=0.4578 (selection mAP50_95=0.4578)
2026-08-26 14:44:23 INFO  scripts.synthetic_model_comparison.training.evaluation | mlflow: logged val/mAP50=0.7085 val/mAP50_95=0.4578 (step=68)
2026-08-26 14:44:24 INFO  scripts.synthetic_model_comparison.training.evaluation | mlflow: logged val per-class AP table (12 classes)
2026-08-26 14:44:24 INFO  scripts.synthetic_model_comparison.training.training_pipeline | saved checkpoint: /home/debian/Master-Thesis/scripts/synthetic_model_comparison/training/model_exports/yolo26n-gpt-image-2-low-full-seed44-20260826-142128/last.pt
2026-08-26 14:44:24 INFO  scripts.synthetic_model_comparison.training.training_pipeline | epoch 69/200 done — next lr=0.00747453, epochs_since_improve=1/20
2026-08-26 14:44:24 INFO  scripts.synthetic_model_comparison.training.training_pipeline | epoch 70/200 — train start (lr=0.00747453, batches=14)
2026-08-26 14:44:36 INFO  scripts.synthetic_model_comparison.training.training_pipeline | epoch 70/200 — train done in 12.1s | avg loss_box=1.0782 loss_cls=0.8538 loss_dfl=0.0282 loss_total=121.0597
2026-08-26 14:44:36 INFO  scripts.synthetic_model_comparison.training.evaluation | evaluating on 4 batches
2026-08-26 14:44:44 INFO  scripts.synthetic_model_comparison.training.training_pipeline | epoch 70/200 — val mAP50=0.7155 mAP50_95=0.4526 (selection mAP50_95=0.4526)
2026-08-26 14:44:45 INFO  scripts.synthetic_model_comparison.training.evaluation | mlflow: logged val/mAP50=0.7155 val/mAP50_95=0.4526 (step=69)
2026-08-26 14:44:45 INFO  scripts.synthetic_model_comparison.training.evaluation | mlflow: logged val per-class AP table (12 classes)
2026-08-26 14:44:45 INFO  scripts.synthetic_model_comparison.training.training_pipeline | saved checkpoint: /home/debian/Master-Thesis/scripts/synthetic_model_comparison/training/model_exports/yolo26n-gpt-image-2-low-full-seed44-20260826-142128/last.pt
2026-08-26 14:44:46 INFO  scripts.synthetic_model_comparison.training.training_pipeline | epoch 70/200 done — next lr=0.00740498, epochs_since_improve=2/20
2026-08-26 14:44:46 INFO  scripts.synthetic_model_comparison.training.training_pipeline | epoch 71/200 — train start (lr=0.00740498, batches=14)
2026-08-26 14:44:58 INFO  scripts.synthetic_model_comparison.training.training_pipeline | epoch 71/200 — train done in 12.0s | avg loss_box=1.1213 loss_cls=0.8376 loss_dfl=0.0284 loss_total=122.4697
2026-08-26 14:44:58 INFO  scripts.synthetic_model_comparison.training.evaluation | evaluating on 4 batches
2026-08-26 14:45:03 INFO  scripts.synthetic_model_comparison.training.training_pipeline | epoch 71/200 — val mAP50=0.6996 mAP50_95=0.4394 (selection mAP50_95=0.4394)
2026-08-26 14:45:04 INFO  scripts.synthetic_model_comparison.training.evaluation | mlflow: logged val/mAP50=0.6996 val/mAP50_95=0.4394 (step=70)
2026-08-26 14:45:05 INFO  scripts.synthetic_model_comparison.training.evaluation | mlflow: logged val per-class AP table (12 classes)
2026-08-26 14:45:05 INFO  scripts.synthetic_model_comparison.training.training_pipeline | saved checkpoint: /home/debian/Master-Thesis/scripts/synthetic_model_comparison/training/model_exports/yolo26n-gpt-image-2-low-full-seed44-20260826-142128/last.pt
2026-08-26 14:45:05 INFO  scripts.synthetic_model_comparison.training.training_pipeline | epoch 71/200 done — next lr=0.00733481, epochs_since_improve=3/20
2026-08-26 14:45:05 INFO  scripts.synthetic_model_comparison.training.training_pipeline | epoch 72/200 — train start (lr=0.00733481, batches=14)
2026-08-26 14:45:15 INFO  scripts.synthetic_model_comparison.training.training_pipeline | step 1000 | loss_box=1.1533 loss_cls=0.8902 loss_dfl=0.0303 loss_total=127.8543 lr=0.00729951
2026-08-26 14:45:19 INFO  scripts.synthetic_model_comparison.training.training_pipeline | epoch 72/200 — train done in 13.9s | avg loss_box=1.0813 loss_cls=0.8252 loss_dfl=0.0280 loss_total=119.1797
2026-08-26 14:45:19 INFO  scripts.synthetic_model_comparison.training.evaluation | evaluating on 4 batches
2026-08-26 14:45:25 INFO  scripts.synthetic_model_comparison.training.training_pipeline | epoch 72/200 — val mAP50=0.7648 mAP50_95=0.4905 (selection mAP50_95=0.4905)
2026-08-26 14:45:26 INFO  scripts.synthetic_model_comparison.training.evaluation | mlflow: logged val/mAP50=0.7648 val/mAP50_95=0.4905 (step=71)
2026-08-26 14:45:26 INFO  scripts.synthetic_model_comparison.training.evaluation | mlflow: logged val per-class AP table (12 classes)
2026-08-26 14:45:26 INFO  scripts.synthetic_model_comparison.training.training_pipeline | saved checkpoint: /home/debian/Master-Thesis/scripts/synthetic_model_comparison/training/model_exports/yolo26n-gpt-image-2-low-full-seed44-20260826-142128/last.pt
2026-08-26 14:45:27 INFO  scripts.synthetic_model_comparison.training.training_pipeline | epoch 72/200 done — next lr=0.00726406, epochs_since_improve=4/20
2026-08-26 14:45:27 INFO  scripts.synthetic_model_comparison.training.training_pipeline | epoch 73/200 — train start (lr=0.00726406, batches=14)
2026-08-26 14:45:39 INFO  scripts.synthetic_model_comparison.training.training_pipeline | epoch 73/200 — train done in 11.9s | avg loss_box=1.1059 loss_cls=0.8162 loss_dfl=0.0284 loss_total=120.3377
2026-08-26 14:45:39 INFO  scripts.synthetic_model_comparison.training.evaluation | evaluating on 4 batches
2026-08-26 14:45:45 INFO  scripts.synthetic_model_comparison.training.training_pipeline | epoch 73/200 — val mAP50=0.7290 mAP50_95=0.4598 (selection mAP50_95=0.4598)
2026-08-26 14:45:45 INFO  scripts.synthetic_model_comparison.training.evaluation | mlflow: logged val/mAP50=0.7290 val/mAP50_95=0.4598 (step=72)
2026-08-26 14:45:46 INFO  scripts.synthetic_model_comparison.training.evaluation | mlflow: logged val per-class AP table (12 classes)
2026-08-26 14:45:46 INFO  scripts.synthetic_model_comparison.training.training_pipeline | saved checkpoint: /home/debian/Master-Thesis/scripts/synthetic_model_comparison/training/model_exports/yolo26n-gpt-image-2-low-full-seed44-20260826-142128/last.pt
2026-08-26 14:45:46 INFO  scripts.synthetic_model_comparison.training.training_pipeline | epoch 73/200 done — next lr=0.00719273, epochs_since_improve=5/20
2026-08-26 14:45:46 INFO  scripts.synthetic_model_comparison.training.training_pipeline | epoch 74/200 — train start (lr=0.00719273, batches=14)
2026-08-26 14:45:58 INFO  scripts.synthetic_model_comparison.training.training_pipeline | epoch 74/200 — train done in 12.2s | avg loss_box=1.0919 loss_cls=0.8024 loss_dfl=0.0276 loss_total=119.2306
2026-08-26 14:45:58 INFO  scripts.synthetic_model_comparison.training.evaluation | evaluating on 4 batches
2026-08-26 14:46:06 INFO  scripts.synthetic_model_comparison.training.training_pipeline | epoch 74/200 — val mAP50=0.7877 mAP50_95=0.5163 (selection mAP50_95=0.5163)
2026-08-26 14:46:07 INFO  scripts.synthetic_model_comparison.training.evaluation | mlflow: logged val/mAP50=0.7877 val/mAP50_95=0.5163 (step=73)
2026-08-26 14:46:07 INFO  scripts.synthetic_model_comparison.training.evaluation | mlflow: logged val per-class AP table (12 classes)
2026-08-26 14:46:07 INFO  scripts.synthetic_model_comparison.training.training_pipeline | saved checkpoint: /home/debian/Master-Thesis/scripts/synthetic_model_comparison/training/model_exports/yolo26n-gpt-image-2-low-full-seed44-20260826-142128/last.pt
2026-08-26 14:46:08 INFO  scripts.synthetic_model_comparison.training.training_pipeline | epoch 74/200 done — next lr=0.00712085, epochs_since_improve=6/20
2026-08-26 14:46:08 INFO  scripts.synthetic_model_comparison.training.training_pipeline | epoch 75/200 — train start (lr=0.00712085, batches=14)
2026-08-26 14:46:20 INFO  scripts.synthetic_model_comparison.training.training_pipeline | epoch 75/200 — train done in 12.3s | avg loss_box=1.0790 loss_cls=0.7716 loss_dfl=0.0272 loss_total=117.4009
2026-08-26 14:46:20 INFO  scripts.synthetic_model_comparison.training.evaluation | evaluating on 4 batches
2026-08-26 14:46:26 INFO  scripts.synthetic_model_comparison.training.training_pipeline | epoch 75/200 — val mAP50=0.7895 mAP50_95=0.5249 (selection mAP50_95=0.5249)
2026-08-26 14:46:27 INFO  scripts.synthetic_model_comparison.training.evaluation | mlflow: logged val/mAP50=0.7895 val/mAP50_95=0.5249 (step=74)
2026-08-26 14:46:27 INFO  scripts.synthetic_model_comparison.training.evaluation | mlflow: logged val per-class AP table (12 classes)
2026-08-26 14:46:27 INFO  scripts.synthetic_model_comparison.training.training_pipeline | saved checkpoint: /home/debian/Master-Thesis/scripts/synthetic_model_comparison/training/model_exports/yolo26n-gpt-image-2-low-full-seed44-20260826-142128/best.pt
2026-08-26 14:46:27 INFO  scripts.synthetic_model_comparison.training.training_pipeline | new best mAP50_95=0.5249 at epoch 75
2026-08-26 14:46:27 INFO  scripts.synthetic_model_comparison.training.training_pipeline | saved checkpoint: /home/debian/Master-Thesis/scripts/synthetic_model_comparison/training/model_exports/yolo26n-gpt-image-2-low-full-seed44-20260826-142128/last.pt
2026-08-26 14:46:28 INFO  scripts.synthetic_model_comparison.training.training_pipeline | epoch 75/200 done — next lr=0.00704842, epochs_since_improve=0/20
2026-08-26 14:46:28 INFO  scripts.synthetic_model_comparison.training.training_pipeline | epoch 76/200 — train start (lr=0.00704842, batches=14)
2026-08-26 14:46:33 INFO  scripts.synthetic_model_comparison.training.training_pipeline | step 1050 | loss_box=0.9505 loss_cls=0.5903 loss_dfl=0.0269 loss_total=101.1085 lr=0.00704323
2026-08-26 14:46:40 INFO  scripts.synthetic_model_comparison.training.training_pipeline | epoch 76/200 — train done in 12.4s | avg loss_box=1.0376 loss_cls=0.7360 loss_dfl=0.0266 loss_total=112.9826
2026-08-26 14:46:40 INFO  scripts.synthetic_model_comparison.training.evaluation | evaluating on 4 batches
2026-08-26 14:46:46 INFO  scripts.synthetic_model_comparison.training.training_pipeline | epoch 76/200 — val mAP50=0.7499 mAP50_95=0.4753 (selection mAP50_95=0.4753)
2026-08-26 14:46:47 INFO  scripts.synthetic_model_comparison.training.evaluation | mlflow: logged val/mAP50=0.7499 val/mAP50_95=0.4753 (step=75)
2026-08-26 14:46:47 INFO  scripts.synthetic_model_comparison.training.evaluation | mlflow: logged val per-class AP table (12 classes)
2026-08-26 14:46:47 INFO  scripts.synthetic_model_comparison.training.training_pipeline | saved checkpoint: /home/debian/Master-Thesis/scripts/synthetic_model_comparison/training/model_exports/yolo26n-gpt-image-2-low-full-seed44-20260826-142128/last.pt
2026-08-26 14:46:48 INFO  scripts.synthetic_model_comparison.training.training_pipeline | epoch 76/200 done — next lr=0.00697548, epochs_since_improve=1/20
2026-08-26 14:46:48 INFO  scripts.synthetic_model_comparison.training.training_pipeline | epoch 77/200 — train start (lr=0.00697548, batches=14)
2026-08-26 14:46:59 INFO  scripts.synthetic_model_comparison.training.training_pipeline | epoch 77/200 — train done in 12.0s | avg loss_box=1.0629 loss_cls=0.7276 loss_dfl=0.0269 loss_total=114.4824
2026-08-26 14:47:00 INFO  scripts.synthetic_model_comparison.training.evaluation | evaluating on 4 batches
2026-08-26 14:47:07 INFO  scripts.synthetic_model_comparison.training.training_pipeline | epoch 77/200 — val mAP50=0.7809 mAP50_95=0.5026 (selection mAP50_95=0.5026)
2026-08-26 14:47:08 INFO  scripts.synthetic_model_comparison.training.evaluation | mlflow: logged val/mAP50=0.7809 val/mAP50_95=0.5026 (step=76)
2026-08-26 14:47:08 INFO  scripts.synthetic_model_comparison.training.evaluation | mlflow: logged val per-class AP table (12 classes)
2026-08-26 14:47:09 INFO  scripts.synthetic_model_comparison.training.training_pipeline | saved checkpoint: /home/debian/Master-Thesis/scripts/synthetic_model_comparison/training/model_exports/yolo26n-gpt-image-2-low-full-seed44-20260826-142128/last.pt
2026-08-26 14:47:09 INFO  scripts.synthetic_model_comparison.training.training_pipeline | epoch 77/200 done — next lr=0.00690204, epochs_since_improve=2/20
2026-08-26 14:47:09 INFO  scripts.synthetic_model_comparison.training.training_pipeline | epoch 78/200 — train start (lr=0.00690204, batches=14)
2026-08-26 14:47:21 INFO  scripts.synthetic_model_comparison.training.training_pipeline | epoch 78/200 — train done in 12.0s | avg loss_box=1.0572 loss_cls=0.7370 loss_dfl=0.0274 loss_total=113.0082
2026-08-26 14:47:21 INFO  scripts.synthetic_model_comparison.training.evaluation | evaluating on 4 batches
2026-08-26 14:47:27 INFO  scripts.synthetic_model_comparison.training.training_pipeline | epoch 78/200 — val mAP50=0.8014 mAP50_95=0.5184 (selection mAP50_95=0.5184)
2026-08-26 14:47:28 INFO  scripts.synthetic_model_comparison.training.evaluation | mlflow: logged val/mAP50=0.8014 val/mAP50_95=0.5184 (step=77)
2026-08-26 14:47:28 INFO  scripts.synthetic_model_comparison.training.evaluation | mlflow: logged val per-class AP table (12 classes)
2026-08-26 14:47:28 INFO  scripts.synthetic_model_comparison.training.training_pipeline | saved checkpoint: /home/debian/Master-Thesis/scripts/synthetic_model_comparison/training/model_exports/yolo26n-gpt-image-2-low-full-seed44-20260826-142128/last.pt
2026-08-26 14:47:28 INFO  scripts.synthetic_model_comparison.training.training_pipeline | epoch 78/200 done — next lr=0.00682811, epochs_since_improve=3/20
2026-08-26 14:47:28 INFO  scripts.synthetic_model_comparison.training.training_pipeline | epoch 79/200 — train start (lr=0.00682811, batches=14)
2026-08-26 14:47:38 INFO  scripts.synthetic_model_comparison.training.training_pipeline | step 1100 | loss_box=1.0527 loss_cls=0.8126 loss_dfl=0.0277 loss_total=117.2325 lr=0.00678034
2026-08-26 14:47:41 INFO  scripts.synthetic_model_comparison.training.training_pipeline | epoch 79/200 — train done in 13.0s | avg loss_box=1.0322 loss_cls=0.7455 loss_dfl=0.0262 loss_total=112.0009
2026-08-26 14:47:42 INFO  scripts.synthetic_model_comparison.training.evaluation | evaluating on 4 batches
2026-08-26 14:47:49 INFO  scripts.synthetic_model_comparison.training.training_pipeline | epoch 79/200 — val mAP50=0.7627 mAP50_95=0.5039 (selection mAP50_95=0.5039)
2026-08-26 14:47:50 INFO  scripts.synthetic_model_comparison.training.evaluation | mlflow: logged val/mAP50=0.7627 val/mAP50_95=0.5039 (step=78)
2026-08-26 14:47:50 INFO  scripts.synthetic_model_comparison.training.evaluation | mlflow: logged val per-class AP table (12 classes)
2026-08-26 14:47:50 INFO  scripts.synthetic_model_comparison.training.training_pipeline | saved checkpoint: /home/debian/Master-Thesis/scripts/synthetic_model_comparison/training/model_exports/yolo26n-gpt-image-2-low-full-seed44-20260826-142128/last.pt
2026-08-26 14:47:51 INFO  scripts.synthetic_model_comparison.training.training_pipeline | epoch 79/200 done — next lr=0.00675372, epochs_since_improve=4/20
2026-08-26 14:47:51 INFO  scripts.synthetic_model_comparison.training.training_pipeline | epoch 80/200 — train start (lr=0.00675372, batches=14)
2026-08-26 14:48:02 INFO  scripts.synthetic_model_comparison.training.training_pipeline | epoch 80/200 — train done in 11.4s | avg loss_box=1.0045 loss_cls=0.7272 loss_dfl=0.0257 loss_total=109.8929
2026-08-26 14:48:02 INFO  scripts.synthetic_model_comparison.training.evaluation | evaluating on 4 batches
2026-08-26 14:48:10 INFO  scripts.synthetic_model_comparison.training.training_pipeline | epoch 80/200 — val mAP50=0.7997 mAP50_95=0.5169 (selection mAP50_95=0.5169)
2026-08-26 14:48:10 INFO  scripts.synthetic_model_comparison.training.evaluation | mlflow: logged val/mAP50=0.7997 val/mAP50_95=0.5169 (step=79)
2026-08-26 14:48:11 INFO  scripts.synthetic_model_comparison.training.evaluation | mlflow: logged val per-class AP table (12 classes)
2026-08-26 14:48:11 INFO  scripts.synthetic_model_comparison.training.training_pipeline | saved checkpoint: /home/debian/Master-Thesis/scripts/synthetic_model_comparison/training/model_exports/yolo26n-gpt-image-2-low-full-seed44-20260826-142128/last.pt
2026-08-26 14:48:11 INFO  scripts.synthetic_model_comparison.training.training_pipeline | epoch 80/200 done — next lr=0.00667889, epochs_since_improve=5/20
2026-08-26 14:48:11 INFO  scripts.synthetic_model_comparison.training.training_pipeline | epoch 81/200 — train start (lr=0.00667889, batches=14)
2026-08-26 14:48:23 INFO  scripts.synthetic_model_comparison.training.training_pipeline | epoch 81/200 — train done in 11.5s | avg loss_box=0.9785 loss_cls=0.6977 loss_dfl=0.0250 loss_total=106.6001
2026-08-26 14:48:23 INFO  scripts.synthetic_model_comparison.training.evaluation | evaluating on 4 batches
2026-08-26 14:48:31 INFO  scripts.synthetic_model_comparison.training.training_pipeline | epoch 81/200 — val mAP50=0.8027 mAP50_95=0.5254 (selection mAP50_95=0.5254)
2026-08-26 14:48:31 INFO  scripts.synthetic_model_comparison.training.evaluation | mlflow: logged val/mAP50=0.8027 val/mAP50_95=0.5254 (step=80)
2026-08-26 14:48:32 INFO  scripts.synthetic_model_comparison.training.evaluation | mlflow: logged val per-class AP table (12 classes)
2026-08-26 14:48:32 INFO  scripts.synthetic_model_comparison.training.training_pipeline | saved checkpoint: /home/debian/Master-Thesis/scripts/synthetic_model_comparison/training/model_exports/yolo26n-gpt-image-2-low-full-seed44-20260826-142128/last.pt
2026-08-26 14:48:32 INFO  scripts.synthetic_model_comparison.training.training_pipeline | epoch 81/200 done — next lr=0.00660363, epochs_since_improve=6/20
2026-08-26 14:48:32 INFO  scripts.synthetic_model_comparison.training.training_pipeline | epoch 82/200 — train start (lr=0.00660363, batches=14)
2026-08-26 14:48:44 INFO  scripts.synthetic_model_comparison.training.training_pipeline | epoch 82/200 — train done in 12.0s | avg loss_box=0.9975 loss_cls=0.7266 loss_dfl=0.0250 loss_total=109.1209
2026-08-26 14:48:44 INFO  scripts.synthetic_model_comparison.training.evaluation | evaluating on 4 batches
2026-08-26 14:48:50 INFO  scripts.synthetic_model_comparison.training.training_pipeline | epoch 82/200 — val mAP50=0.8087 mAP50_95=0.5561 (selection mAP50_95=0.5561)
2026-08-26 14:48:51 INFO  scripts.synthetic_model_comparison.training.evaluation | mlflow: logged val/mAP50=0.8087 val/mAP50_95=0.5561 (step=81)
2026-08-26 14:48:51 INFO  scripts.synthetic_model_comparison.training.evaluation | mlflow: logged val per-class AP table (12 classes)
2026-08-26 14:48:51 INFO  scripts.synthetic_model_comparison.training.training_pipeline | saved checkpoint: /home/debian/Master-Thesis/scripts/synthetic_model_comparison/training/model_exports/yolo26n-gpt-image-2-low-full-seed44-20260826-142128/best.pt
2026-08-26 14:48:51 INFO  scripts.synthetic_model_comparison.training.training_pipeline | new best mAP50_95=0.5561 at epoch 82
2026-08-26 14:48:52 INFO  scripts.synthetic_model_comparison.training.training_pipeline | saved checkpoint: /home/debian/Master-Thesis/scripts/synthetic_model_comparison/training/model_exports/yolo26n-gpt-image-2-low-full-seed44-20260826-142128/last.pt
2026-08-26 14:48:52 INFO  scripts.synthetic_model_comparison.training.training_pipeline | epoch 82/200 done — next lr=0.00652796, epochs_since_improve=0/20
2026-08-26 14:48:52 INFO  scripts.synthetic_model_comparison.training.training_pipeline | epoch 83/200 — train start (lr=0.00652796, batches=14)
2026-08-26 14:48:59 INFO  scripts.synthetic_model_comparison.training.training_pipeline | step 1150 | loss_box=0.9151 loss_cls=0.7409 loss_dfl=0.0226 loss_total=105.6180 lr=0.0065117
2026-08-26 14:49:05 INFO  scripts.synthetic_model_comparison.training.training_pipeline | epoch 83/200 — train done in 12.7s | avg loss_box=0.9931 loss_cls=0.6660 loss_dfl=0.0251 loss_total=106.7152
2026-08-26 14:49:05 INFO  scripts.synthetic_model_comparison.training.evaluation | evaluating on 4 batches
2026-08-26 14:49:10 INFO  scripts.synthetic_model_comparison.training.training_pipeline | epoch 83/200 — val mAP50=0.8325 mAP50_95=0.5533 (selection mAP50_95=0.5533)
2026-08-26 14:49:11 INFO  scripts.synthetic_model_comparison.training.evaluation | mlflow: logged val/mAP50=0.8325 val/mAP50_95=0.5533 (step=82)
2026-08-26 14:49:11 INFO  scripts.synthetic_model_comparison.training.evaluation | mlflow: logged val per-class AP table (12 classes)
2026-08-26 14:49:12 INFO  scripts.synthetic_model_comparison.training.training_pipeline | saved checkpoint: /home/debian/Master-Thesis/scripts/synthetic_model_comparison/training/model_exports/yolo26n-gpt-image-2-low-full-seed44-20260826-142128/last.pt
2026-08-26 14:49:12 INFO  scripts.synthetic_model_comparison.training.training_pipeline | epoch 83/200 done — next lr=0.00645191, epochs_since_improve=1/20
2026-08-26 14:49:12 INFO  scripts.synthetic_model_comparison.training.training_pipeline | epoch 84/200 — train start (lr=0.00645191, batches=14)
2026-08-26 14:49:24 INFO  scripts.synthetic_model_comparison.training.training_pipeline | epoch 84/200 — train done in 12.0s | avg loss_box=0.9640 loss_cls=0.6598 loss_dfl=0.0244 loss_total=103.8045
2026-08-26 14:49:24 INFO  scripts.synthetic_model_comparison.training.evaluation | evaluating on 4 batches
2026-08-26 14:49:32 INFO  scripts.synthetic_model_comparison.training.training_pipeline | epoch 84/200 — val mAP50=0.8228 mAP50_95=0.5588 (selection mAP50_95=0.5588)
2026-08-26 14:49:32 INFO  scripts.synthetic_model_comparison.training.evaluation | mlflow: logged val/mAP50=0.8228 val/mAP50_95=0.5588 (step=83)
2026-08-26 14:49:33 INFO  scripts.synthetic_model_comparison.training.evaluation | mlflow: logged val per-class AP table (12 classes)
2026-08-26 14:49:33 INFO  scripts.synthetic_model_comparison.training.training_pipeline | saved checkpoint: /home/debian/Master-Thesis/scripts/synthetic_model_comparison/training/model_exports/yolo26n-gpt-image-2-low-full-seed44-20260826-142128/best.pt
2026-08-26 14:49:33 INFO  scripts.synthetic_model_comparison.training.training_pipeline | new best mAP50_95=0.5588 at epoch 84
2026-08-26 14:49:33 INFO  scripts.synthetic_model_comparison.training.training_pipeline | saved checkpoint: /home/debian/Master-Thesis/scripts/synthetic_model_comparison/training/model_exports/yolo26n-gpt-image-2-low-full-seed44-20260826-142128/last.pt
2026-08-26 14:49:34 INFO  scripts.synthetic_model_comparison.training.training_pipeline | epoch 84/200 done — next lr=0.00637549, epochs_since_improve=0/20
2026-08-26 14:49:34 INFO  scripts.synthetic_model_comparison.training.training_pipeline | epoch 85/200 — train start (lr=0.00637549, batches=14)
2026-08-26 14:49:45 INFO  scripts.synthetic_model_comparison.training.training_pipeline | epoch 85/200 — train done in 11.8s | avg loss_box=0.9576 loss_cls=0.6382 loss_dfl=0.0238 loss_total=101.6503
2026-08-26 14:49:45 INFO  scripts.synthetic_model_comparison.training.evaluation | evaluating on 4 batches
2026-08-26 14:49:53 INFO  scripts.synthetic_model_comparison.training.training_pipeline | epoch 85/200 — val mAP50=0.8246 mAP50_95=0.5433 (selection mAP50_95=0.5433)
2026-08-26 14:49:54 INFO  scripts.synthetic_model_comparison.training.evaluation | mlflow: logged val/mAP50=0.8246 val/mAP50_95=0.5433 (step=84)
2026-08-26 14:49:54 INFO  scripts.synthetic_model_comparison.training.evaluation | mlflow: logged val per-class AP table (12 classes)
2026-08-26 14:49:54 INFO  scripts.synthetic_model_comparison.training.training_pipeline | saved checkpoint: /home/debian/Master-Thesis/scripts/synthetic_model_comparison/training/model_exports/yolo26n-gpt-image-2-low-full-seed44-20260826-142128/last.pt
2026-08-26 14:49:55 INFO  scripts.synthetic_model_comparison.training.training_pipeline | epoch 85/200 done — next lr=0.00629872, epochs_since_improve=1/20
2026-08-26 14:49:55 INFO  scripts.synthetic_model_comparison.training.training_pipeline | epoch 86/200 — train start (lr=0.00629872, batches=14)
2026-08-26 14:50:05 INFO  scripts.synthetic_model_comparison.training.training_pipeline | step 1200 | loss_box=0.9527 loss_cls=0.6684 loss_dfl=0.0253 loss_total=101.7256 lr=0.00623817
2026-08-26 14:50:08 INFO  scripts.synthetic_model_comparison.training.training_pipeline | epoch 86/200 — train done in 13.2s | avg loss_box=0.9435 loss_cls=0.6888 loss_dfl=0.0238 loss_total=103.0961
2026-08-26 14:50:08 INFO  scripts.synthetic_model_comparison.training.evaluation | evaluating on 4 batches
2026-08-26 14:50:16 INFO  scripts.synthetic_model_comparison.training.training_pipeline | epoch 86/200 — val mAP50=0.7964 mAP50_95=0.5102 (selection mAP50_95=0.5102)
2026-08-26 14:50:16 INFO  scripts.synthetic_model_comparison.training.evaluation | mlflow: logged val/mAP50=0.7964 val/mAP50_95=0.5102 (step=85)
2026-08-26 14:50:17 INFO  scripts.synthetic_model_comparison.training.evaluation | mlflow: logged val per-class AP table (12 classes)
2026-08-26 14:50:17 INFO  scripts.synthetic_model_comparison.training.training_pipeline | saved checkpoint: /home/debian/Master-Thesis/scripts/synthetic_model_comparison/training/model_exports/yolo26n-gpt-image-2-low-full-seed44-20260826-142128/last.pt
2026-08-26 14:50:17 INFO  scripts.synthetic_model_comparison.training.training_pipeline | epoch 86/200 done — next lr=0.00622162, epochs_since_improve=2/20
2026-08-26 14:50:17 INFO  scripts.synthetic_model_comparison.training.training_pipeline | epoch 87/200 — train start (lr=0.00622162, batches=14)
2026-08-26 14:50:28 INFO  scripts.synthetic_model_comparison.training.training_pipeline | epoch 87/200 — train done in 11.1s | avg loss_box=0.9353 loss_cls=0.6492 loss_dfl=0.0233 loss_total=100.8866
2026-08-26 14:50:28 INFO  scripts.synthetic_model_comparison.training.evaluation | evaluating on 4 batches
2026-08-26 14:50:36 INFO  scripts.synthetic_model_comparison.training.training_pipeline | epoch 87/200 — val mAP50=0.8226 mAP50_95=0.5655 (selection mAP50_95=0.5655)
2026-08-26 14:50:37 INFO  scripts.synthetic_model_comparison.training.evaluation | mlflow: logged val/mAP50=0.8226 val/mAP50_95=0.5655 (step=86)
2026-08-26 14:50:37 INFO  scripts.synthetic_model_comparison.training.evaluation | mlflow: logged val per-class AP table (12 classes)
2026-08-26 14:50:37 INFO  scripts.synthetic_model_comparison.training.training_pipeline | saved checkpoint: /home/debian/Master-Thesis/scripts/synthetic_model_comparison/training/model_exports/yolo26n-gpt-image-2-low-full-seed44-20260826-142128/best.pt
2026-08-26 14:50:37 INFO  scripts.synthetic_model_comparison.training.training_pipeline | new best mAP50_95=0.5655 at epoch 87
2026-08-26 14:50:37 INFO  scripts.synthetic_model_comparison.training.training_pipeline | saved checkpoint: /home/debian/Master-Thesis/scripts/synthetic_model_comparison/training/model_exports/yolo26n-gpt-image-2-low-full-seed44-20260826-142128/last.pt
2026-08-26 14:50:38 INFO  scripts.synthetic_model_comparison.training.training_pipeline | epoch 87/200 done — next lr=0.00614421, epochs_since_improve=0/20
2026-08-26 14:50:38 INFO  scripts.synthetic_model_comparison.training.training_pipeline | epoch 88/200 — train start (lr=0.00614421, batches=14)
2026-08-26 14:50:50 INFO  scripts.synthetic_model_comparison.training.training_pipeline | epoch 88/200 — train done in 11.9s | avg loss_box=0.9170 loss_cls=0.6246 loss_dfl=0.0230 loss_total=98.4193
2026-08-26 14:50:50 INFO  scripts.synthetic_model_comparison.training.evaluation | evaluating on 4 batches
2026-08-26 14:50:57 INFO  scripts.synthetic_model_comparison.training.training_pipeline | epoch 88/200 — val mAP50=0.8007 mAP50_95=0.5338 (selection mAP50_95=0.5338)
2026-08-26 14:50:58 INFO  scripts.synthetic_model_comparison.training.evaluation | mlflow: logged val/mAP50=0.8007 val/mAP50_95=0.5338 (step=87)
2026-08-26 14:50:58 INFO  scripts.synthetic_model_comparison.training.evaluation | mlflow: logged val per-class AP table (12 classes)
2026-08-26 14:50:59 INFO  scripts.synthetic_model_comparison.training.training_pipeline | saved checkpoint: /home/debian/Master-Thesis/scripts/synthetic_model_comparison/training/model_exports/yolo26n-gpt-image-2-low-full-seed44-20260826-142128/last.pt
2026-08-26 14:50:59 INFO  scripts.synthetic_model_comparison.training.training_pipeline | epoch 88/200 done — next lr=0.00606651, epochs_since_improve=1/20
2026-08-26 14:50:59 INFO  scripts.synthetic_model_comparison.training.training_pipeline | epoch 89/200 — train start (lr=0.00606651, batches=14)
2026-08-26 14:51:11 INFO  scripts.synthetic_model_comparison.training.training_pipeline | epoch 89/200 — train done in 12.1s | avg loss_box=0.9136 loss_cls=0.6502 loss_dfl=0.0228 loss_total=98.8963
2026-08-26 14:51:11 INFO  scripts.synthetic_model_comparison.training.evaluation | evaluating on 4 batches
2026-08-26 14:51:17 INFO  scripts.synthetic_model_comparison.training.training_pipeline | epoch 89/200 — val mAP50=0.8191 mAP50_95=0.5588 (selection mAP50_95=0.5588)
2026-08-26 14:51:18 INFO  scripts.synthetic_model_comparison.training.evaluation | mlflow: logged val/mAP50=0.8191 val/mAP50_95=0.5588 (step=88)
2026-08-26 14:51:18 INFO  scripts.synthetic_model_comparison.training.evaluation | mlflow: logged val per-class AP table (12 classes)
2026-08-26 14:51:18 INFO  scripts.synthetic_model_comparison.training.training_pipeline | saved checkpoint: /home/debian/Master-Thesis/scripts/synthetic_model_comparison/training/model_exports/yolo26n-gpt-image-2-low-full-seed44-20260826-142128/last.pt
2026-08-26 14:51:19 INFO  scripts.synthetic_model_comparison.training.training_pipeline | epoch 89/200 done — next lr=0.00598854, epochs_since_improve=2/20
2026-08-26 14:51:19 INFO  scripts.synthetic_model_comparison.training.training_pipeline | epoch 90/200 — train start (lr=0.00598854, batches=14)
2026-08-26 14:51:27 INFO  scripts.synthetic_model_comparison.training.training_pipeline | step 1250 | loss_box=1.0241 loss_cls=0.5646 loss_dfl=0.0236 loss_total=102.1833 lr=0.00596064
2026-08-26 14:51:32 INFO  scripts.synthetic_model_comparison.training.training_pipeline | epoch 90/200 — train done in 13.8s | avg loss_box=0.9378 loss_cls=0.5998 loss_dfl=0.0236 loss_total=98.7756
2026-08-26 14:51:32 INFO  scripts.synthetic_model_comparison.training.evaluation | evaluating on 4 batches
2026-08-26 14:51:38 INFO  scripts.synthetic_model_comparison.training.training_pipeline | epoch 90/200 — val mAP50=0.8408 mAP50_95=0.5730 (selection mAP50_95=0.5730)
2026-08-26 14:51:39 INFO  scripts.synthetic_model_comparison.training.evaluation | mlflow: logged val/mAP50=0.8408 val/mAP50_95=0.5730 (step=89)
2026-08-26 14:51:40 INFO  scripts.synthetic_model_comparison.training.evaluation | mlflow: logged val per-class AP table (12 classes)
2026-08-26 14:51:40 INFO  scripts.synthetic_model_comparison.training.training_pipeline | saved checkpoint: /home/debian/Master-Thesis/scripts/synthetic_model_comparison/training/model_exports/yolo26n-gpt-image-2-low-full-seed44-20260826-142128/best.pt
2026-08-26 14:51:40 INFO  scripts.synthetic_model_comparison.training.training_pipeline | new best mAP50_95=0.5730 at epoch 90
2026-08-26 14:51:40 INFO  scripts.synthetic_model_comparison.training.training_pipeline | saved checkpoint: /home/debian/Master-Thesis/scripts/synthetic_model_comparison/training/model_exports/yolo26n-gpt-image-2-low-full-seed44-20260826-142128/last.pt
2026-08-26 14:51:40 INFO  scripts.synthetic_model_comparison.training.training_pipeline | epoch 90/200 done — next lr=0.00591032, epochs_since_improve=0/20
2026-08-26 14:51:40 INFO  scripts.synthetic_model_comparison.training.training_pipeline | epoch 91/200 — train start (lr=0.00591032, batches=14)
2026-08-26 14:51:52 INFO  scripts.synthetic_model_comparison.training.training_pipeline | epoch 91/200 — train done in 11.8s | avg loss_box=0.9184 loss_cls=0.6168 loss_dfl=0.0235 loss_total=97.6071
2026-08-26 14:51:52 INFO  scripts.synthetic_model_comparison.training.evaluation | evaluating on 4 batches
2026-08-26 14:51:58 INFO  scripts.synthetic_model_comparison.training.training_pipeline | epoch 91/200 — val mAP50=0.8126 mAP50_95=0.5609 (selection mAP50_95=0.5609)
2026-08-26 14:51:59 INFO  scripts.synthetic_model_comparison.training.evaluation | mlflow: logged val/mAP50=0.8126 val/mAP50_95=0.5609 (step=90)
2026-08-26 14:51:59 INFO  scripts.synthetic_model_comparison.training.evaluation | mlflow: logged val per-class AP table (12 classes)
2026-08-26 14:51:59 INFO  scripts.synthetic_model_comparison.training.training_pipeline | saved checkpoint: /home/debian/Master-Thesis/scripts/synthetic_model_comparison/training/model_exports/yolo26n-gpt-image-2-low-full-seed44-20260826-142128/last.pt
2026-08-26 14:51:59 INFO  scripts.synthetic_model_comparison.training.training_pipeline | epoch 91/200 done — next lr=0.00583188, epochs_since_improve=1/20
2026-08-26 14:51:59 INFO  scripts.synthetic_model_comparison.training.training_pipeline | epoch 92/200 — train start (lr=0.00583188, batches=14)
2026-08-26 14:52:11 INFO  scripts.synthetic_model_comparison.training.training_pipeline | epoch 92/200 — train done in 11.6s | avg loss_box=0.8865 loss_cls=0.6059 loss_dfl=0.0222 loss_total=95.4328
2026-08-26 14:52:11 INFO  scripts.synthetic_model_comparison.training.evaluation | evaluating on 4 batches
2026-08-26 14:52:17 INFO  scripts.synthetic_model_comparison.training.training_pipeline | epoch 92/200 — val mAP50=0.8523 mAP50_95=0.5885 (selection mAP50_95=0.5885)
2026-08-26 14:52:18 INFO  scripts.synthetic_model_comparison.training.evaluation | mlflow: logged val/mAP50=0.8523 val/mAP50_95=0.5885 (step=91)
2026-08-26 14:52:18 INFO  scripts.synthetic_model_comparison.training.evaluation | mlflow: logged val per-class AP table (12 classes)
2026-08-26 14:52:18 INFO  scripts.synthetic_model_comparison.training.training_pipeline | saved checkpoint: /home/debian/Master-Thesis/scripts/synthetic_model_comparison/training/model_exports/yolo26n-gpt-image-2-low-full-seed44-20260826-142128/best.pt
2026-08-26 14:52:18 INFO  scripts.synthetic_model_comparison.training.training_pipeline | new best mAP50_95=0.5885 at epoch 92
2026-08-26 14:52:18 INFO  scripts.synthetic_model_comparison.training.training_pipeline | saved checkpoint: /home/debian/Master-Thesis/scripts/synthetic_model_comparison/training/model_exports/yolo26n-gpt-image-2-low-full-seed44-20260826-142128/last.pt
2026-08-26 14:52:19 INFO  scripts.synthetic_model_comparison.training.training_pipeline | epoch 92/200 done — next lr=0.00575322, epochs_since_improve=0/20
2026-08-26 14:52:19 INFO  scripts.synthetic_model_comparison.training.training_pipeline | epoch 93/200 — train start (lr=0.00575322, batches=14)
2026-08-26 14:52:30 INFO  scripts.synthetic_model_comparison.training.training_pipeline | step 1300 | loss_box=0.9765 loss_cls=0.6072 loss_dfl=0.0216 loss_total=100.7386 lr=0.00568001
2026-08-26 14:52:32 INFO  scripts.synthetic_model_comparison.training.training_pipeline | epoch 93/200 — train done in 13.5s | avg loss_box=0.8703 loss_cls=0.5854 loss_dfl=0.0221 loss_total=93.5720
2026-08-26 14:52:32 INFO  scripts.synthetic_model_comparison.training.evaluation | evaluating on 4 batches
2026-08-26 14:52:38 INFO  scripts.synthetic_model_comparison.training.training_pipeline | epoch 93/200 — val mAP50=0.8575 mAP50_95=0.5849 (selection mAP50_95=0.5849)
2026-08-26 14:52:39 INFO  scripts.synthetic_model_comparison.training.evaluation | mlflow: logged val/mAP50=0.8575 val/mAP50_95=0.5849 (step=92)
2026-08-26 14:52:39 INFO  scripts.synthetic_model_comparison.training.evaluation | mlflow: logged val per-class AP table (12 classes)
2026-08-26 14:52:40 INFO  scripts.synthetic_model_comparison.training.training_pipeline | saved checkpoint: /home/debian/Master-Thesis/scripts/synthetic_model_comparison/training/model_exports/yolo26n-gpt-image-2-low-full-seed44-20260826-142128/last.pt
2026-08-26 14:52:40 INFO  scripts.synthetic_model_comparison.training.training_pipeline | epoch 93/200 done — next lr=0.00567437, epochs_since_improve=1/20
2026-08-26 14:52:40 INFO  scripts.synthetic_model_comparison.training.training_pipeline | epoch 94/200 — train start (lr=0.00567437, batches=14)
2026-08-26 14:52:52 INFO  scripts.synthetic_model_comparison.training.training_pipeline | epoch 94/200 — train done in 11.7s | avg loss_box=0.9018 loss_cls=0.6166 loss_dfl=0.0227 loss_total=97.3373
2026-08-26 14:52:52 INFO  scripts.synthetic_model_comparison.training.evaluation | evaluating on 4 batches
2026-08-26 14:52:59 INFO  scripts.synthetic_model_comparison.training.training_pipeline | epoch 94/200 — val mAP50=0.8411 mAP50_95=0.5708 (selection mAP50_95=0.5708)
2026-08-26 14:53:00 INFO  scripts.synthetic_model_comparison.training.evaluation | mlflow: logged val/mAP50=0.8411 val/mAP50_95=0.5708 (step=93)
2026-08-26 14:53:00 INFO  scripts.synthetic_model_comparison.training.evaluation | mlflow: logged val per-class AP table (12 classes)
2026-08-26 14:53:01 INFO  scripts.synthetic_model_comparison.training.training_pipeline | saved checkpoint: /home/debian/Master-Thesis/scripts/synthetic_model_comparison/training/model_exports/yolo26n-gpt-image-2-low-full-seed44-20260826-142128/last.pt
2026-08-26 14:53:01 INFO  scripts.synthetic_model_comparison.training.training_pipeline | epoch 94/200 done — next lr=0.00559535, epochs_since_improve=2/20
2026-08-26 14:53:01 INFO  scripts.synthetic_model_comparison.training.training_pipeline | epoch 95/200 — train start (lr=0.00559535, batches=14)
2026-08-26 14:53:13 INFO  scripts.synthetic_model_comparison.training.training_pipeline | epoch 95/200 — train done in 12.3s | avg loss_box=0.8982 loss_cls=0.6070 loss_dfl=0.0225 loss_total=96.4943
2026-08-26 14:53:13 INFO  scripts.synthetic_model_comparison.training.evaluation | evaluating on 4 batches
2026-08-26 14:53:21 INFO  scripts.synthetic_model_comparison.training.training_pipeline | epoch 95/200 — val mAP50=0.7867 mAP50_95=0.5275 (selection mAP50_95=0.5275)
2026-08-26 14:53:22 INFO  scripts.synthetic_model_comparison.training.evaluation | mlflow: logged val/mAP50=0.7867 val/mAP50_95=0.5275 (step=94)
2026-08-26 14:53:22 INFO  scripts.synthetic_model_comparison.training.evaluation | mlflow: logged val per-class AP table (12 classes)
2026-08-26 14:53:22 INFO  scripts.synthetic_model_comparison.training.training_pipeline | saved checkpoint: /home/debian/Master-Thesis/scripts/synthetic_model_comparison/training/model_exports/yolo26n-gpt-image-2-low-full-seed44-20260826-142128/last.pt
2026-08-26 14:53:23 INFO  scripts.synthetic_model_comparison.training.training_pipeline | epoch 95/200 done — next lr=0.00551618, epochs_since_improve=3/20
2026-08-26 14:53:23 INFO  scripts.synthetic_model_comparison.training.training_pipeline | epoch 96/200 — train start (lr=0.00551618, batches=14)
2026-08-26 14:53:34 INFO  scripts.synthetic_model_comparison.training.training_pipeline | epoch 96/200 — train done in 11.4s | avg loss_box=0.8755 loss_cls=0.5558 loss_dfl=0.0213 loss_total=92.1067
2026-08-26 14:53:34 INFO  scripts.synthetic_model_comparison.training.evaluation | evaluating on 4 batches
2026-08-26 14:53:40 INFO  scripts.synthetic_model_comparison.training.training_pipeline | epoch 96/200 — val mAP50=0.8229 mAP50_95=0.5549 (selection mAP50_95=0.5549)
2026-08-26 14:53:41 INFO  scripts.synthetic_model_comparison.training.evaluation | mlflow: logged val/mAP50=0.8229 val/mAP50_95=0.5549 (step=95)
2026-08-26 14:53:41 INFO  scripts.synthetic_model_comparison.training.evaluation | mlflow: logged val per-class AP table (12 classes)
2026-08-26 14:53:41 INFO  scripts.synthetic_model_comparison.training.training_pipeline | saved checkpoint: /home/debian/Master-Thesis/scripts/synthetic_model_comparison/training/model_exports/yolo26n-gpt-image-2-low-full-seed44-20260826-142128/last.pt
2026-08-26 14:53:41 INFO  scripts.synthetic_model_comparison.training.training_pipeline | epoch 96/200 done — next lr=0.00543688, epochs_since_improve=4/20
2026-08-26 14:53:41 INFO  scripts.synthetic_model_comparison.training.training_pipeline | epoch 97/200 — train start (lr=0.00543688, batches=14)
2026-08-26 14:53:50 INFO  scripts.synthetic_model_comparison.training.training_pipeline | step 1350 | loss_box=0.8318 loss_cls=0.5826 loss_dfl=0.0214 loss_total=91.0137 lr=0.00539719
2026-08-26 14:53:54 INFO  scripts.synthetic_model_comparison.training.training_pipeline | epoch 97/200 — train done in 13.0s | avg loss_box=0.9107 loss_cls=0.5762 loss_dfl=0.0224 loss_total=94.8274
2026-08-26 14:53:54 INFO  scripts.synthetic_model_comparison.training.evaluation | evaluating on 4 batches
2026-08-26 14:54:00 INFO  scripts.synthetic_model_comparison.training.training_pipeline | epoch 97/200 — val mAP50=0.8102 mAP50_95=0.5326 (selection mAP50_95=0.5326)
2026-08-26 14:54:01 INFO  scripts.synthetic_model_comparison.training.evaluation | mlflow: logged val/mAP50=0.8102 val/mAP50_95=0.5326 (step=96)
2026-08-26 14:54:01 INFO  scripts.synthetic_model_comparison.training.evaluation | mlflow: logged val per-class AP table (12 classes)
2026-08-26 14:54:02 INFO  scripts.synthetic_model_comparison.training.training_pipeline | saved checkpoint: /home/debian/Master-Thesis/scripts/synthetic_model_comparison/training/model_exports/yolo26n-gpt-image-2-low-full-seed44-20260826-142128/last.pt
2026-08-26 14:54:02 INFO  scripts.synthetic_model_comparison.training.training_pipeline | epoch 97/200 done — next lr=0.00535747, epochs_since_improve=5/20
2026-08-26 14:54:02 INFO  scripts.synthetic_model_comparison.training.training_pipeline | epoch 98/200 — train start (lr=0.00535747, batches=14)
2026-08-26 14:54:13 INFO  scripts.synthetic_model_comparison.training.training_pipeline | epoch 98/200 — train done in 10.7s | avg loss_box=0.8438 loss_cls=0.5461 loss_dfl=0.0207 loss_total=89.3563
2026-08-26 14:54:13 INFO  scripts.synthetic_model_comparison.training.evaluation | evaluating on 4 batches
2026-08-26 14:54:19 INFO  scripts.synthetic_model_comparison.training.training_pipeline | epoch 98/200 — val mAP50=0.8772 mAP50_95=0.5885 (selection mAP50_95=0.5885)
2026-08-26 14:54:20 INFO  scripts.synthetic_model_comparison.training.evaluation | mlflow: logged val/mAP50=0.8772 val/mAP50_95=0.5885 (step=97)
2026-08-26 14:54:20 INFO  scripts.synthetic_model_comparison.training.evaluation | mlflow: logged val per-class AP table (12 classes)
2026-08-26 14:54:20 INFO  scripts.synthetic_model_comparison.training.training_pipeline | saved checkpoint: /home/debian/Master-Thesis/scripts/synthetic_model_comparison/training/model_exports/yolo26n-gpt-image-2-low-full-seed44-20260826-142128/last.pt
2026-08-26 14:54:20 INFO  scripts.synthetic_model_comparison.training.training_pipeline | epoch 98/200 done — next lr=0.00527797, epochs_since_improve=6/20
2026-08-26 14:54:20 INFO  scripts.synthetic_model_comparison.training.training_pipeline | epoch 99/200 — train start (lr=0.00527797, batches=14)
2026-08-26 14:54:31 INFO  scripts.synthetic_model_comparison.training.training_pipeline | epoch 99/200 — train done in 10.6s | avg loss_box=0.8433 loss_cls=0.5672 loss_dfl=0.0205 loss_total=90.2495
2026-08-26 14:54:31 INFO  scripts.synthetic_model_comparison.training.evaluation | evaluating on 4 batches
2026-08-26 14:54:37 INFO  scripts.synthetic_model_comparison.training.training_pipeline | epoch 99/200 — val mAP50=0.8491 mAP50_95=0.5762 (selection mAP50_95=0.5762)
2026-08-26 14:54:38 INFO  scripts.synthetic_model_comparison.training.evaluation | mlflow: logged val/mAP50=0.8491 val/mAP50_95=0.5762 (step=98)
2026-08-26 14:54:38 INFO  scripts.synthetic_model_comparison.training.evaluation | mlflow: logged val per-class AP table (12 classes)
2026-08-26 14:54:38 INFO  scripts.synthetic_model_comparison.training.training_pipeline | saved checkpoint: /home/debian/Master-Thesis/scripts/synthetic_model_comparison/training/model_exports/yolo26n-gpt-image-2-low-full-seed44-20260826-142128/last.pt
2026-08-26 14:54:39 INFO  scripts.synthetic_model_comparison.training.training_pipeline | epoch 99/200 done — next lr=0.0051984, epochs_since_improve=7/20
2026-08-26 14:54:39 INFO  scripts.synthetic_model_comparison.training.training_pipeline | epoch 100/200 — train start (lr=0.0051984, batches=14)
2026-08-26 14:54:51 INFO  scripts.synthetic_model_comparison.training.training_pipeline | epoch 100/200 — train done in 12.3s | avg loss_box=0.8562 loss_cls=0.5445 loss_dfl=0.0211 loss_total=91.1038
2026-08-26 14:54:51 INFO  scripts.synthetic_model_comparison.training.evaluation | evaluating on 4 batches
2026-08-26 14:54:58 INFO  scripts.synthetic_model_comparison.training.training_pipeline | epoch 100/200 — val mAP50=0.8364 mAP50_95=0.5755 (selection mAP50_95=0.5755)
2026-08-26 14:54:59 INFO  scripts.synthetic_model_comparison.training.evaluation | mlflow: logged val/mAP50=0.8364 val/mAP50_95=0.5755 (step=99)
2026-08-26 14:54:59 INFO  scripts.synthetic_model_comparison.training.evaluation | mlflow: logged val per-class AP table (12 classes)
2026-08-26 14:55:00 INFO  scripts.synthetic_model_comparison.training.training_pipeline | saved checkpoint: /home/debian/Master-Thesis/scripts/synthetic_model_comparison/training/model_exports/yolo26n-gpt-image-2-low-full-seed44-20260826-142128/last.pt
2026-08-26 14:55:00 INFO  scripts.synthetic_model_comparison.training.training_pipeline | epoch 100/200 done — next lr=0.00511878, epochs_since_improve=8/20
2026-08-26 14:55:00 INFO  scripts.synthetic_model_comparison.training.training_pipeline | epoch 101/200 — train start (lr=0.00511878, batches=14)
2026-08-26 14:55:07 INFO  scripts.synthetic_model_comparison.training.training_pipeline | step 1400 | loss_box=0.8249 loss_cls=0.4703 loss_dfl=0.0193 loss_total=83.5870 lr=0.0051131
2026-08-26 14:55:13 INFO  scripts.synthetic_model_comparison.training.training_pipeline | epoch 101/200 — train done in 13.2s | avg loss_box=0.8135 loss_cls=0.5323 loss_dfl=0.0198 loss_total=87.2616
2026-08-26 14:55:13 INFO  scripts.synthetic_model_comparison.training.evaluation | evaluating on 4 batches
2026-08-26 14:55:19 INFO  scripts.synthetic_model_comparison.training.training_pipeline | epoch 101/200 — val mAP50=0.8355 mAP50_95=0.5622 (selection mAP50_95=0.5622)
2026-08-26 14:55:20 INFO  scripts.synthetic_model_comparison.training.evaluation | mlflow: logged val/mAP50=0.8355 val/mAP50_95=0.5622 (step=100)
2026-08-26 14:55:20 INFO  scripts.synthetic_model_comparison.training.evaluation | mlflow: logged val per-class AP table (12 classes)
2026-08-26 14:55:20 INFO  scripts.synthetic_model_comparison.training.training_pipeline | saved checkpoint: /home/debian/Master-Thesis/scripts/synthetic_model_comparison/training/model_exports/yolo26n-gpt-image-2-low-full-seed44-20260826-142128/last.pt
2026-08-26 14:55:21 INFO  scripts.synthetic_model_comparison.training.training_pipeline | epoch 101/200 done — next lr=0.00503914, epochs_since_improve=9/20
2026-08-26 14:55:21 INFO  scripts.synthetic_model_comparison.training.training_pipeline | epoch 102/200 — train start (lr=0.00503914, batches=14)
2026-08-26 14:55:32 INFO  scripts.synthetic_model_comparison.training.training_pipeline | epoch 102/200 — train done in 11.0s | avg loss_box=0.8330 loss_cls=0.5584 loss_dfl=0.0207 loss_total=89.2867
2026-08-26 14:55:32 INFO  scripts.synthetic_model_comparison.training.evaluation | evaluating on 4 batches
2026-08-26 14:55:38 INFO  scripts.synthetic_model_comparison.training.training_pipeline | epoch 102/200 — val mAP50=0.8571 mAP50_95=0.5880 (selection mAP50_95=0.5880)
2026-08-26 14:55:39 INFO  scripts.synthetic_model_comparison.training.evaluation | mlflow: logged val/mAP50=0.8571 val/mAP50_95=0.5880 (step=101)
2026-08-26 14:55:39 INFO  scripts.synthetic_model_comparison.training.evaluation | mlflow: logged val per-class AP table (12 classes)
2026-08-26 14:55:39 INFO  scripts.synthetic_model_comparison.training.training_pipeline | saved checkpoint: /home/debian/Master-Thesis/scripts/synthetic_model_comparison/training/model_exports/yolo26n-gpt-image-2-low-full-seed44-20260826-142128/last.pt
2026-08-26 14:55:39 INFO  scripts.synthetic_model_comparison.training.training_pipeline | epoch 102/200 done — next lr=0.00495948, epochs_since_improve=10/20
2026-08-26 14:55:39 INFO  scripts.synthetic_model_comparison.training.training_pipeline | epoch 103/200 — train start (lr=0.00495948, batches=14)
2026-08-26 14:55:51 INFO  scripts.synthetic_model_comparison.training.training_pipeline | epoch 103/200 — train done in 11.4s | avg loss_box=0.8163 loss_cls=0.5206 loss_dfl=0.0204 loss_total=86.1499
2026-08-26 14:55:51 INFO  scripts.synthetic_model_comparison.training.evaluation | evaluating on 4 batches
2026-08-26 14:55:57 INFO  scripts.synthetic_model_comparison.training.training_pipeline | epoch 103/200 — val mAP50=0.8611 mAP50_95=0.5927 (selection mAP50_95=0.5927)
2026-08-26 14:55:57 INFO  scripts.synthetic_model_comparison.training.evaluation | mlflow: logged val/mAP50=0.8611 val/mAP50_95=0.5927 (step=102)
2026-08-26 14:55:58 INFO  scripts.synthetic_model_comparison.training.evaluation | mlflow: logged val per-class AP table (12 classes)
2026-08-26 14:55:58 INFO  scripts.synthetic_model_comparison.training.training_pipeline | saved checkpoint: /home/debian/Master-Thesis/scripts/synthetic_model_comparison/training/model_exports/yolo26n-gpt-image-2-low-full-seed44-20260826-142128/best.pt
2026-08-26 14:55:58 INFO  scripts.synthetic_model_comparison.training.training_pipeline | new best mAP50_95=0.5927 at epoch 103
2026-08-26 14:55:58 INFO  scripts.synthetic_model_comparison.training.training_pipeline | saved checkpoint: /home/debian/Master-Thesis/scripts/synthetic_model_comparison/training/model_exports/yolo26n-gpt-image-2-low-full-seed44-20260826-142128/last.pt
2026-08-26 14:55:58 INFO  scripts.synthetic_model_comparison.training.training_pipeline | epoch 103/200 done — next lr=0.00487984, epochs_since_improve=0/20
2026-08-26 14:55:58 INFO  scripts.synthetic_model_comparison.training.training_pipeline | epoch 104/200 — train start (lr=0.00487984, batches=14)
2026-08-26 14:56:08 INFO  scripts.synthetic_model_comparison.training.training_pipeline | step 1450 | loss_box=0.8708 loss_cls=0.4851 loss_dfl=0.0212 loss_total=88.9343 lr=0.00482866
2026-08-26 14:56:11 INFO  scripts.synthetic_model_comparison.training.training_pipeline | epoch 104/200 — train done in 12.9s | avg loss_box=0.8225 loss_cls=0.5208 loss_dfl=0.0204 loss_total=86.4160
2026-08-26 14:56:11 INFO  scripts.synthetic_model_comparison.training.evaluation | evaluating on 4 batches
2026-08-26 14:56:17 INFO  scripts.synthetic_model_comparison.training.training_pipeline | epoch 104/200 — val mAP50=0.8792 mAP50_95=0.6095 (selection mAP50_95=0.6095)
2026-08-26 14:56:18 INFO  scripts.synthetic_model_comparison.training.evaluation | mlflow: logged val/mAP50=0.8792 val/mAP50_95=0.6095 (step=103)
2026-08-26 14:56:18 INFO  scripts.synthetic_model_comparison.training.evaluation | mlflow: logged val per-class AP table (12 classes)
2026-08-26 14:56:18 INFO  scripts.synthetic_model_comparison.training.training_pipeline | saved checkpoint: /home/debian/Master-Thesis/scripts/synthetic_model_comparison/training/model_exports/yolo26n-gpt-image-2-low-full-seed44-20260826-142128/best.pt
2026-08-26 14:56:18 INFO  scripts.synthetic_model_comparison.training.training_pipeline | new best mAP50_95=0.6095 at epoch 104
2026-08-26 14:56:18 INFO  scripts.synthetic_model_comparison.training.training_pipeline | saved checkpoint: /home/debian/Master-Thesis/scripts/synthetic_model_comparison/training/model_exports/yolo26n-gpt-image-2-low-full-seed44-20260826-142128/last.pt
2026-08-26 14:56:19 INFO  scripts.synthetic_model_comparison.training.training_pipeline | epoch 104/200 done — next lr=0.00480023, epochs_since_improve=0/20
2026-08-26 14:56:19 INFO  scripts.synthetic_model_comparison.training.training_pipeline | epoch 105/200 — train start (lr=0.00480023, batches=14)
2026-08-26 14:56:30 INFO  scripts.synthetic_model_comparison.training.training_pipeline | epoch 105/200 — train done in 10.8s | avg loss_box=0.8054 loss_cls=0.4940 loss_dfl=0.0199 loss_total=84.1853
2026-08-26 14:56:30 INFO  scripts.synthetic_model_comparison.training.evaluation | evaluating on 4 batches
2026-08-26 14:56:36 INFO  scripts.synthetic_model_comparison.training.training_pipeline | epoch 105/200 — val mAP50=0.8548 mAP50_95=0.5905 (selection mAP50_95=0.5905)
2026-08-26 14:56:36 INFO  scripts.synthetic_model_comparison.training.evaluation | mlflow: logged val/mAP50=0.8548 val/mAP50_95=0.5905 (step=104)
2026-08-26 14:56:37 INFO  scripts.synthetic_model_comparison.training.evaluation | mlflow: logged val per-class AP table (12 classes)
2026-08-26 14:56:37 INFO  scripts.synthetic_model_comparison.training.training_pipeline | saved checkpoint: /home/debian/Master-Thesis/scripts/synthetic_model_comparison/training/model_exports/yolo26n-gpt-image-2-low-full-seed44-20260826-142128/last.pt
2026-08-26 14:56:37 INFO  scripts.synthetic_model_comparison.training.training_pipeline | epoch 105/200 done — next lr=0.00472067, epochs_since_improve=1/20
2026-08-26 14:56:37 INFO  scripts.synthetic_model_comparison.training.training_pipeline | epoch 106/200 — train start (lr=0.00472067, batches=14)
2026-08-26 14:56:49 INFO  scripts.synthetic_model_comparison.training.training_pipeline | epoch 106/200 — train done in 11.5s | avg loss_box=0.8023 loss_cls=0.5084 loss_dfl=0.0199 loss_total=84.8867
2026-08-26 14:56:49 INFO  scripts.synthetic_model_comparison.training.evaluation | evaluating on 4 batches
2026-08-26 14:56:55 INFO  scripts.synthetic_model_comparison.training.training_pipeline | epoch 106/200 — val mAP50=0.8625 mAP50_95=0.6149 (selection mAP50_95=0.6149)
2026-08-26 14:56:55 INFO  scripts.synthetic_model_comparison.training.evaluation | mlflow: logged val/mAP50=0.8625 val/mAP50_95=0.6149 (step=105)
2026-08-26 14:56:56 INFO  scripts.synthetic_model_comparison.training.evaluation | mlflow: logged val per-class AP table (12 classes)
2026-08-26 14:56:56 INFO  scripts.synthetic_model_comparison.training.training_pipeline | saved checkpoint: /home/debian/Master-Thesis/scripts/synthetic_model_comparison/training/model_exports/yolo26n-gpt-image-2-low-full-seed44-20260826-142128/best.pt
2026-08-26 14:56:56 INFO  scripts.synthetic_model_comparison.training.training_pipeline | new best mAP50_95=0.6149 at epoch 106
2026-08-26 14:56:56 INFO  scripts.synthetic_model_comparison.training.training_pipeline | saved checkpoint: /home/debian/Master-Thesis/scripts/synthetic_model_comparison/training/model_exports/yolo26n-gpt-image-2-low-full-seed44-20260826-142128/last.pt
2026-08-26 14:56:56 INFO  scripts.synthetic_model_comparison.training.training_pipeline | epoch 106/200 done — next lr=0.00464118, epochs_since_improve=0/20
2026-08-26 14:56:56 INFO  scripts.synthetic_model_comparison.training.training_pipeline | epoch 107/200 — train start (lr=0.00464118, batches=14)
2026-08-26 14:57:08 INFO  scripts.synthetic_model_comparison.training.training_pipeline | epoch 107/200 — train done in 11.4s | avg loss_box=0.7915 loss_cls=0.4845 loss_dfl=0.0194 loss_total=83.2423
2026-08-26 14:57:08 INFO  scripts.synthetic_model_comparison.training.evaluation | evaluating on 4 batches
2026-08-26 14:57:14 INFO  scripts.synthetic_model_comparison.training.training_pipeline | epoch 107/200 — val mAP50=0.8803 mAP50_95=0.6183 (selection mAP50_95=0.6183)
2026-08-26 14:57:14 INFO  scripts.synthetic_model_comparison.training.evaluation | mlflow: logged val/mAP50=0.8803 val/mAP50_95=0.6183 (step=106)
2026-08-26 14:57:15 INFO  scripts.synthetic_model_comparison.training.evaluation | mlflow: logged val per-class AP table (12 classes)
2026-08-26 14:57:15 INFO  scripts.synthetic_model_comparison.training.training_pipeline | saved checkpoint: /home/debian/Master-Thesis/scripts/synthetic_model_comparison/training/model_exports/yolo26n-gpt-image-2-low-full-seed44-20260826-142128/best.pt
2026-08-26 14:57:15 INFO  scripts.synthetic_model_comparison.training.training_pipeline | new best mAP50_95=0.6183 at epoch 107
2026-08-26 14:57:15 INFO  scripts.synthetic_model_comparison.training.training_pipeline | saved checkpoint: /home/debian/Master-Thesis/scripts/synthetic_model_comparison/training/model_exports/yolo26n-gpt-image-2-low-full-seed44-20260826-142128/last.pt
2026-08-26 14:57:15 INFO  scripts.synthetic_model_comparison.training.training_pipeline | epoch 107/200 done — next lr=0.00456179, epochs_since_improve=0/20
2026-08-26 14:57:15 INFO  scripts.synthetic_model_comparison.training.training_pipeline | epoch 108/200 — train start (lr=0.00456179, batches=14)
2026-08-26 14:57:22 INFO  scripts.synthetic_model_comparison.training.training_pipeline | step 1500 | loss_box=0.7404 loss_cls=0.4211 loss_dfl=0.0174 loss_total=77.7835 lr=0.00454479
2026-08-26 14:57:28 INFO  scripts.synthetic_model_comparison.training.training_pipeline | epoch 108/200 — train done in 12.5s | avg loss_box=0.7950 loss_cls=0.4875 loss_dfl=0.0201 loss_total=83.3327
2026-08-26 14:57:28 INFO  scripts.synthetic_model_comparison.training.evaluation | evaluating on 4 batches
2026-08-26 14:57:34 INFO  scripts.synthetic_model_comparison.training.training_pipeline | epoch 108/200 — val mAP50=0.8645 mAP50_95=0.6009 (selection mAP50_95=0.6009)
2026-08-26 14:57:35 INFO  scripts.synthetic_model_comparison.training.evaluation | mlflow: logged val/mAP50=0.8645 val/mAP50_95=0.6009 (step=107)
2026-08-26 14:57:35 INFO  scripts.synthetic_model_comparison.training.evaluation | mlflow: logged val per-class AP table (12 classes)
2026-08-26 14:57:35 INFO  scripts.synthetic_model_comparison.training.training_pipeline | saved checkpoint: /home/debian/Master-Thesis/scripts/synthetic_model_comparison/training/model_exports/yolo26n-gpt-image-2-low-full-seed44-20260826-142128/last.pt
2026-08-26 14:57:35 INFO  scripts.synthetic_model_comparison.training.training_pipeline | epoch 108/200 done — next lr=0.0044825, epochs_since_improve=1/20
2026-08-26 14:57:35 INFO  scripts.synthetic_model_comparison.training.training_pipeline | epoch 109/200 — train start (lr=0.0044825, batches=14)
2026-08-26 14:57:47 INFO  scripts.synthetic_model_comparison.training.training_pipeline | epoch 109/200 — train done in 11.1s | avg loss_box=0.7825 loss_cls=0.4603 loss_dfl=0.0192 loss_total=81.2642
2026-08-26 14:57:47 INFO  scripts.synthetic_model_comparison.training.evaluation | evaluating on 4 batches
2026-08-26 14:57:52 INFO  scripts.synthetic_model_comparison.training.training_pipeline | epoch 109/200 — val mAP50=0.8937 mAP50_95=0.6175 (selection mAP50_95=0.6175)
2026-08-26 14:57:53 INFO  scripts.synthetic_model_comparison.training.evaluation | mlflow: logged val/mAP50=0.8937 val/mAP50_95=0.6175 (step=108)
2026-08-26 14:57:53 INFO  scripts.synthetic_model_comparison.training.evaluation | mlflow: logged val per-class AP table (12 classes)
2026-08-26 14:57:54 INFO  scripts.synthetic_model_comparison.training.training_pipeline | saved checkpoint: /home/debian/Master-Thesis/scripts/synthetic_model_comparison/training/model_exports/yolo26n-gpt-image-2-low-full-seed44-20260826-142128/last.pt
2026-08-26 14:57:54 INFO  scripts.synthetic_model_comparison.training.training_pipeline | epoch 109/200 done — next lr=0.00440335, epochs_since_improve=2/20
2026-08-26 14:57:54 INFO  scripts.synthetic_model_comparison.training.training_pipeline | epoch 110/200 — train start (lr=0.00440335, batches=14)
2026-08-26 14:58:05 INFO  scripts.synthetic_model_comparison.training.training_pipeline | epoch 110/200 — train done in 11.0s | avg loss_box=0.7913 loss_cls=0.4497 loss_dfl=0.0193 loss_total=82.0265
2026-08-26 14:58:05 INFO  scripts.synthetic_model_comparison.training.evaluation | evaluating on 4 batches
2026-08-26 14:58:11 INFO  scripts.synthetic_model_comparison.training.training_pipeline | epoch 110/200 — val mAP50=0.8432 mAP50_95=0.5863 (selection mAP50_95=0.5863)
2026-08-26 14:58:12 INFO  scripts.synthetic_model_comparison.training.evaluation | mlflow: logged val/mAP50=0.8432 val/mAP50_95=0.5863 (step=109)
2026-08-26 14:58:12 INFO  scripts.synthetic_model_comparison.training.evaluation | mlflow: logged val per-class AP table (12 classes)
2026-08-26 14:58:12 INFO  scripts.synthetic_model_comparison.training.training_pipeline | saved checkpoint: /home/debian/Master-Thesis/scripts/synthetic_model_comparison/training/model_exports/yolo26n-gpt-image-2-low-full-seed44-20260826-142128/last.pt
2026-08-26 14:58:13 INFO  scripts.synthetic_model_comparison.training.training_pipeline | epoch 110/200 done — next lr=0.00432436, epochs_since_improve=3/20
2026-08-26 14:58:13 INFO  scripts.synthetic_model_comparison.training.training_pipeline | epoch 111/200 — train start (lr=0.00432436, batches=14)
2026-08-26 14:58:23 INFO  scripts.synthetic_model_comparison.training.training_pipeline | step 1550 | loss_box=0.7728 loss_cls=0.4770 loss_dfl=0.0178 loss_total=80.7126 lr=0.00426241
2026-08-26 14:58:25 INFO  scripts.synthetic_model_comparison.training.training_pipeline | epoch 111/200 — train done in 12.8s | avg loss_box=0.7621 loss_cls=0.4618 loss_dfl=0.0188 loss_total=79.8025
2026-08-26 14:58:25 INFO  scripts.synthetic_model_comparison.training.evaluation | evaluating on 4 batches
2026-08-26 14:58:31 INFO  scripts.synthetic_model_comparison.training.training_pipeline | epoch 111/200 — val mAP50=0.8888 mAP50_95=0.6280 (selection mAP50_95=0.6280)
2026-08-26 14:58:32 INFO  scripts.synthetic_model_comparison.training.evaluation | mlflow: logged val/mAP50=0.8888 val/mAP50_95=0.6280 (step=110)
2026-08-26 14:58:32 INFO  scripts.synthetic_model_comparison.training.evaluation | mlflow: logged val per-class AP table (12 classes)
2026-08-26 14:58:33 INFO  scripts.synthetic_model_comparison.training.training_pipeline | saved checkpoint: /home/debian/Master-Thesis/scripts/synthetic_model_comparison/training/model_exports/yolo26n-gpt-image-2-low-full-seed44-20260826-142128/best.pt
2026-08-26 14:58:33 INFO  scripts.synthetic_model_comparison.training.training_pipeline | new best mAP50_95=0.6280 at epoch 111
2026-08-26 14:58:33 INFO  scripts.synthetic_model_comparison.training.training_pipeline | saved checkpoint: /home/debian/Master-Thesis/scripts/synthetic_model_comparison/training/model_exports/yolo26n-gpt-image-2-low-full-seed44-20260826-142128/last.pt
2026-08-26 14:58:33 INFO  scripts.synthetic_model_comparison.training.training_pipeline | epoch 111/200 done — next lr=0.00424553, epochs_since_improve=0/20
2026-08-26 14:58:33 INFO  scripts.synthetic_model_comparison.training.training_pipeline | epoch 112/200 — train start (lr=0.00424553, batches=14)
2026-08-26 14:58:44 INFO  scripts.synthetic_model_comparison.training.training_pipeline | epoch 112/200 — train done in 10.8s | avg loss_box=0.7711 loss_cls=0.4443 loss_dfl=0.0190 loss_total=79.7508
2026-08-26 14:58:44 INFO  scripts.synthetic_model_comparison.training.evaluation | evaluating on 4 batches
2026-08-26 14:58:50 INFO  scripts.synthetic_model_comparison.training.training_pipeline | epoch 112/200 — val mAP50=0.8905 mAP50_95=0.6246 (selection mAP50_95=0.6246)
2026-08-26 14:58:51 INFO  scripts.synthetic_model_comparison.training.evaluation | mlflow: logged val/mAP50=0.8905 val/mAP50_95=0.6246 (step=111)
2026-08-26 14:58:51 INFO  scripts.synthetic_model_comparison.training.evaluation | mlflow: logged val per-class AP table (12 classes)
2026-08-26 14:58:51 INFO  scripts.synthetic_model_comparison.training.training_pipeline | saved checkpoint: /home/debian/Master-Thesis/scripts/synthetic_model_comparison/training/model_exports/yolo26n-gpt-image-2-low-full-seed44-20260826-142128/last.pt
2026-08-26 14:58:51 INFO  scripts.synthetic_model_comparison.training.training_pipeline | epoch 112/200 done — next lr=0.0041669, epochs_since_improve=1/20
2026-08-26 14:58:51 INFO  scripts.synthetic_model_comparison.training.training_pipeline | epoch 113/200 — train start (lr=0.0041669, batches=14)
2026-08-26 14:59:03 INFO  scripts.synthetic_model_comparison.training.training_pipeline | epoch 113/200 — train done in 11.5s | avg loss_box=0.7506 loss_cls=0.4498 loss_dfl=0.0188 loss_total=78.8231
2026-08-26 14:59:03 INFO  scripts.synthetic_model_comparison.training.evaluation | evaluating on 4 batches
2026-08-26 14:59:09 INFO  scripts.synthetic_model_comparison.training.training_pipeline | epoch 113/200 — val mAP50=0.8741 mAP50_95=0.6124 (selection mAP50_95=0.6124)
2026-08-26 14:59:09 INFO  scripts.synthetic_model_comparison.training.evaluation | mlflow: logged val/mAP50=0.8741 val/mAP50_95=0.6124 (step=112)
2026-08-26 14:59:10 INFO  scripts.synthetic_model_comparison.training.evaluation | mlflow: logged val per-class AP table (12 classes)
2026-08-26 14:59:10 INFO  scripts.synthetic_model_comparison.training.training_pipeline | saved checkpoint: /home/debian/Master-Thesis/scripts/synthetic_model_comparison/training/model_exports/yolo26n-gpt-image-2-low-full-seed44-20260826-142128/last.pt
2026-08-26 14:59:10 INFO  scripts.synthetic_model_comparison.training.training_pipeline | epoch 113/200 done — next lr=0.00408849, epochs_since_improve=2/20
2026-08-26 14:59:10 INFO  scripts.synthetic_model_comparison.training.training_pipeline | epoch 114/200 — train start (lr=0.00408849, batches=14)
2026-08-26 14:59:21 INFO  scripts.synthetic_model_comparison.training.training_pipeline | epoch 114/200 — train done in 11.1s | avg loss_box=0.7188 loss_cls=0.4583 loss_dfl=0.0179 loss_total=77.0548
2026-08-26 14:59:21 INFO  scripts.synthetic_model_comparison.training.evaluation | evaluating on 4 batches
2026-08-26 14:59:27 INFO  scripts.synthetic_model_comparison.training.training_pipeline | epoch 114/200 — val mAP50=0.8644 mAP50_95=0.6137 (selection mAP50_95=0.6137)
2026-08-26 14:59:28 INFO  scripts.synthetic_model_comparison.training.evaluation | mlflow: logged val/mAP50=0.8644 val/mAP50_95=0.6137 (step=113)
2026-08-26 14:59:28 INFO  scripts.synthetic_model_comparison.training.evaluation | mlflow: logged val per-class AP table (12 classes)
2026-08-26 14:59:29 INFO  scripts.synthetic_model_comparison.training.training_pipeline | saved checkpoint: /home/debian/Master-Thesis/scripts/synthetic_model_comparison/training/model_exports/yolo26n-gpt-image-2-low-full-seed44-20260826-142128/last.pt
2026-08-26 14:59:29 INFO  scripts.synthetic_model_comparison.training.training_pipeline | epoch 114/200 done — next lr=0.0040103, epochs_since_improve=3/20
2026-08-26 14:59:29 INFO  scripts.synthetic_model_comparison.training.training_pipeline | epoch 115/200 — train start (lr=0.0040103, batches=14)
2026-08-26 14:59:37 INFO  scripts.synthetic_model_comparison.training.training_pipeline | step 1600 | loss_box=0.7583 loss_cls=0.5128 loss_dfl=0.0174 loss_total=83.2023 lr=0.00398244
2026-08-26 14:59:42 INFO  scripts.synthetic_model_comparison.training.training_pipeline | epoch 115/200 — train done in 13.1s | avg loss_box=0.7332 loss_cls=0.4380 loss_dfl=0.0176 loss_total=76.7309
2026-08-26 14:59:42 INFO  scripts.synthetic_model_comparison.training.evaluation | evaluating on 4 batches
2026-08-26 14:59:48 INFO  scripts.synthetic_model_comparison.training.training_pipeline | epoch 115/200 — val mAP50=0.8859 mAP50_95=0.6164 (selection mAP50_95=0.6164)
2026-08-26 14:59:49 INFO  scripts.synthetic_model_comparison.training.evaluation | mlflow: logged val/mAP50=0.8859 val/mAP50_95=0.6164 (step=114)
2026-08-26 14:59:49 INFO  scripts.synthetic_model_comparison.training.evaluation | mlflow: logged val per-class AP table (12 classes)
2026-08-26 14:59:49 INFO  scripts.synthetic_model_comparison.training.training_pipeline | saved checkpoint: /home/debian/Master-Thesis/scripts/synthetic_model_comparison/training/model_exports/yolo26n-gpt-image-2-low-full-seed44-20260826-142128/last.pt
2026-08-26 14:59:50 INFO  scripts.synthetic_model_comparison.training.training_pipeline | epoch 115/200 done — next lr=0.00393237, epochs_since_improve=4/20
2026-08-26 14:59:50 INFO  scripts.synthetic_model_comparison.training.training_pipeline | epoch 116/200 — train start (lr=0.00393237, batches=14)
2026-08-26 15:00:02 INFO  scripts.synthetic_model_comparison.training.training_pipeline | epoch 116/200 — train done in 12.5s | avg loss_box=0.7295 loss_cls=0.4218 loss_dfl=0.0181 loss_total=75.7528
2026-08-26 15:00:02 INFO  scripts.synthetic_model_comparison.training.evaluation | evaluating on 4 batches
2026-08-26 15:00:08 INFO  scripts.synthetic_model_comparison.training.training_pipeline | epoch 116/200 — val mAP50=0.8941 mAP50_95=0.6217 (selection mAP50_95=0.6217)
2026-08-26 15:00:09 INFO  scripts.synthetic_model_comparison.training.evaluation | mlflow: logged val/mAP50=0.8941 val/mAP50_95=0.6217 (step=115)
2026-08-26 15:00:09 INFO  scripts.synthetic_model_comparison.training.evaluation | mlflow: logged val per-class AP table (12 classes)
2026-08-26 15:00:09 INFO  scripts.synthetic_model_comparison.training.training_pipeline | saved checkpoint: /home/debian/Master-Thesis/scripts/synthetic_model_comparison/training/model_exports/yolo26n-gpt-image-2-low-full-seed44-20260826-142128/last.pt
2026-08-26 15:00:10 INFO  scripts.synthetic_model_comparison.training.training_pipeline | epoch 116/200 done — next lr=0.00385471, epochs_since_improve=5/20
2026-08-26 15:00:10 INFO  scripts.synthetic_model_comparison.training.training_pipeline | epoch 117/200 — train start (lr=0.00385471, batches=14)
2026-08-26 15:00:21 INFO  scripts.synthetic_model_comparison.training.training_pipeline | epoch 117/200 — train done in 11.7s | avg loss_box=0.7287 loss_cls=0.4371 loss_dfl=0.0175 loss_total=76.6659
2026-08-26 15:00:21 INFO  scripts.synthetic_model_comparison.training.evaluation | evaluating on 4 batches
2026-08-26 15:00:27 INFO  scripts.synthetic_model_comparison.training.training_pipeline | epoch 117/200 — val mAP50=0.8839 mAP50_95=0.6219 (selection mAP50_95=0.6219)
2026-08-26 15:00:28 INFO  scripts.synthetic_model_comparison.training.evaluation | mlflow: logged val/mAP50=0.8839 val/mAP50_95=0.6219 (step=116)
2026-08-26 15:00:28 INFO  scripts.synthetic_model_comparison.training.evaluation | mlflow: logged val per-class AP table (12 classes)
2026-08-26 15:00:28 INFO  scripts.synthetic_model_comparison.training.training_pipeline | saved checkpoint: /home/debian/Master-Thesis/scripts/synthetic_model_comparison/training/model_exports/yolo26n-gpt-image-2-low-full-seed44-20260826-142128/last.pt
2026-08-26 15:00:29 INFO  scripts.synthetic_model_comparison.training.training_pipeline | epoch 117/200 done — next lr=0.00377735, epochs_since_improve=6/20
2026-08-26 15:00:29 INFO  scripts.synthetic_model_comparison.training.training_pipeline | epoch 118/200 — train start (lr=0.00377735, batches=14)
2026-08-26 15:00:40 INFO  scripts.synthetic_model_comparison.training.training_pipeline | step 1650 | loss_box=0.8373 loss_cls=0.3977 loss_dfl=0.0219 loss_total=81.0964 lr=0.00370579
2026-08-26 15:00:42 INFO  scripts.synthetic_model_comparison.training.training_pipeline | epoch 118/200 — train done in 13.5s | avg loss_box=0.7082 loss_cls=0.4164 loss_dfl=0.0177 loss_total=74.0852
2026-08-26 15:00:42 INFO  scripts.synthetic_model_comparison.training.evaluation | evaluating on 4 batches
2026-08-26 15:00:48 INFO  scripts.synthetic_model_comparison.training.training_pipeline | epoch 118/200 — val mAP50=0.8681 mAP50_95=0.6128 (selection mAP50_95=0.6128)
2026-08-26 15:00:49 INFO  scripts.synthetic_model_comparison.training.evaluation | mlflow: logged val/mAP50=0.8681 val/mAP50_95=0.6128 (step=117)
2026-08-26 15:00:49 INFO  scripts.synthetic_model_comparison.training.evaluation | mlflow: logged val per-class AP table (12 classes)
2026-08-26 15:00:49 INFO  scripts.synthetic_model_comparison.training.training_pipeline | saved checkpoint: /home/debian/Master-Thesis/scripts/synthetic_model_comparison/training/model_exports/yolo26n-gpt-image-2-low-full-seed44-20260826-142128/last.pt
2026-08-26 15:00:50 INFO  scripts.synthetic_model_comparison.training.training_pipeline | epoch 118/200 done — next lr=0.0037003, epochs_since_improve=7/20
2026-08-26 15:00:50 INFO  scripts.synthetic_model_comparison.training.training_pipeline | epoch 119/200 — train start (lr=0.0037003, batches=14)
2026-08-26 15:01:00 INFO  scripts.synthetic_model_comparison.training.training_pipeline | epoch 119/200 — train done in 10.8s | avg loss_box=0.7178 loss_cls=0.4377 loss_dfl=0.0180 loss_total=75.3830
2026-08-26 15:01:00 INFO  scripts.synthetic_model_comparison.training.evaluation | evaluating on 4 batches
2026-08-26 15:01:06 INFO  scripts.synthetic_model_comparison.training.training_pipeline | epoch 119/200 — val mAP50=0.8938 mAP50_95=0.6292 (selection mAP50_95=0.6292)
2026-08-26 15:01:07 INFO  scripts.synthetic_model_comparison.training.evaluation | mlflow: logged val/mAP50=0.8938 val/mAP50_95=0.6292 (step=118)
2026-08-26 15:01:08 INFO  scripts.synthetic_model_comparison.training.evaluation | mlflow: logged val per-class AP table (12 classes)
2026-08-26 15:01:08 INFO  scripts.synthetic_model_comparison.training.training_pipeline | saved checkpoint: /home/debian/Master-Thesis/scripts/synthetic_model_comparison/training/model_exports/yolo26n-gpt-image-2-low-full-seed44-20260826-142128/best.pt
2026-08-26 15:01:08 INFO  scripts.synthetic_model_comparison.training.training_pipeline | new best mAP50_95=0.6292 at epoch 119
2026-08-26 15:01:08 INFO  scripts.synthetic_model_comparison.training.training_pipeline | saved checkpoint: /home/debian/Master-Thesis/scripts/synthetic_model_comparison/training/model_exports/yolo26n-gpt-image-2-low-full-seed44-20260826-142128/last.pt
2026-08-26 15:01:08 INFO  scripts.synthetic_model_comparison.training.training_pipeline | epoch 119/200 done — next lr=0.00362357, epochs_since_improve=0/20
2026-08-26 15:01:08 INFO  scripts.synthetic_model_comparison.training.training_pipeline | epoch 120/200 — train start (lr=0.00362357, batches=14)
2026-08-26 15:01:19 INFO  scripts.synthetic_model_comparison.training.training_pipeline | epoch 120/200 — train done in 11.2s | avg loss_box=0.7229 loss_cls=0.4314 loss_dfl=0.0179 loss_total=75.5701
2026-08-26 15:01:19 INFO  scripts.synthetic_model_comparison.training.evaluation | evaluating on 4 batches
2026-08-26 15:01:25 INFO  scripts.synthetic_model_comparison.training.training_pipeline | epoch 120/200 — val mAP50=0.8716 mAP50_95=0.6110 (selection mAP50_95=0.6110)
2026-08-26 15:01:26 INFO  scripts.synthetic_model_comparison.training.evaluation | mlflow: logged val/mAP50=0.8716 val/mAP50_95=0.6110 (step=119)
2026-08-26 15:01:26 INFO  scripts.synthetic_model_comparison.training.evaluation | mlflow: logged val per-class AP table (12 classes)
2026-08-26 15:01:27 INFO  scripts.synthetic_model_comparison.training.training_pipeline | saved checkpoint: /home/debian/Master-Thesis/scripts/synthetic_model_comparison/training/model_exports/yolo26n-gpt-image-2-low-full-seed44-20260826-142128/last.pt
2026-08-26 15:01:27 INFO  scripts.synthetic_model_comparison.training.training_pipeline | epoch 120/200 done — next lr=0.0035472, epochs_since_improve=1/20
2026-08-26 15:01:27 INFO  scripts.synthetic_model_comparison.training.training_pipeline | epoch 121/200 — train start (lr=0.0035472, batches=14)
2026-08-26 15:01:38 INFO  scripts.synthetic_model_comparison.training.training_pipeline | epoch 121/200 — train done in 11.6s | avg loss_box=0.6914 loss_cls=0.4274 loss_dfl=0.0170 loss_total=73.0255
2026-08-26 15:01:38 INFO  scripts.synthetic_model_comparison.training.evaluation | evaluating on 4 batches
2026-08-26 15:01:44 INFO  scripts.synthetic_model_comparison.training.training_pipeline | epoch 121/200 — val mAP50=0.8824 mAP50_95=0.6196 (selection mAP50_95=0.6196)
2026-08-26 15:01:45 INFO  scripts.synthetic_model_comparison.training.evaluation | mlflow: logged val/mAP50=0.8824 val/mAP50_95=0.6196 (step=120)
2026-08-26 15:01:45 INFO  scripts.synthetic_model_comparison.training.evaluation | mlflow: logged val per-class AP table (12 classes)
2026-08-26 15:01:45 INFO  scripts.synthetic_model_comparison.training.training_pipeline | saved checkpoint: /home/debian/Master-Thesis/scripts/synthetic_model_comparison/training/model_exports/yolo26n-gpt-image-2-low-full-seed44-20260826-142128/last.pt
2026-08-26 15:01:46 INFO  scripts.synthetic_model_comparison.training.training_pipeline | epoch 121/200 done — next lr=0.0034712, epochs_since_improve=2/20
2026-08-26 15:01:46 INFO  scripts.synthetic_model_comparison.training.training_pipeline | epoch 122/200 — train start (lr=0.0034712, batches=14)
2026-08-26 15:01:55 INFO  scripts.synthetic_model_comparison.training.training_pipeline | step 1700 | loss_box=0.6569 loss_cls=0.3669 loss_dfl=0.0151 loss_total=68.7168 lr=0.00343335
2026-08-26 15:01:59 INFO  scripts.synthetic_model_comparison.training.training_pipeline | epoch 122/200 — train done in 13.4s | avg loss_box=0.6753 loss_cls=0.4189 loss_dfl=0.0163 loss_total=71.6836
2026-08-26 15:01:59 INFO  scripts.synthetic_model_comparison.training.evaluation | evaluating on 4 batches
2026-08-26 15:02:05 INFO  scripts.synthetic_model_comparison.training.training_pipeline | epoch 122/200 — val mAP50=0.8695 mAP50_95=0.6059 (selection mAP50_95=0.6059)
2026-08-26 15:02:06 INFO  scripts.synthetic_model_comparison.training.evaluation | mlflow: logged val/mAP50=0.8695 val/mAP50_95=0.6059 (step=121)
2026-08-26 15:02:06 INFO  scripts.synthetic_model_comparison.training.evaluation | mlflow: logged val per-class AP table (12 classes)
2026-08-26 15:02:06 INFO  scripts.synthetic_model_comparison.training.training_pipeline | saved checkpoint: /home/debian/Master-Thesis/scripts/synthetic_model_comparison/training/model_exports/yolo26n-gpt-image-2-low-full-seed44-20260826-142128/last.pt
2026-08-26 15:02:07 INFO  scripts.synthetic_model_comparison.training.training_pipeline | epoch 122/200 done — next lr=0.00339559, epochs_since_improve=3/20
2026-08-26 15:02:07 INFO  scripts.synthetic_model_comparison.training.training_pipeline | epoch 123/200 — train start (lr=0.00339559, batches=14)
2026-08-26 15:02:18 INFO  scripts.synthetic_model_comparison.training.training_pipeline | epoch 123/200 — train done in 11.3s | avg loss_box=0.7123 loss_cls=0.4209 loss_dfl=0.0173 loss_total=74.0396
2026-08-26 15:02:18 INFO  scripts.synthetic_model_comparison.training.evaluation | evaluating on 4 batches
2026-08-26 15:02:24 INFO  scripts.synthetic_model_comparison.training.training_pipeline | epoch 123/200 — val mAP50=0.8820 mAP50_95=0.6204 (selection mAP50_95=0.6204)
2026-08-26 15:02:25 INFO  scripts.synthetic_model_comparison.training.evaluation | mlflow: logged val/mAP50=0.8820 val/mAP50_95=0.6204 (step=122)
2026-08-26 15:02:25 INFO  scripts.synthetic_model_comparison.training.evaluation | mlflow: logged val per-class AP table (12 classes)
2026-08-26 15:02:25 INFO  scripts.synthetic_model_comparison.training.training_pipeline | saved checkpoint: /home/debian/Master-Thesis/scripts/synthetic_model_comparison/training/model_exports/yolo26n-gpt-image-2-low-full-seed44-20260826-142128/last.pt
2026-08-26 15:02:25 INFO  scripts.synthetic_model_comparison.training.training_pipeline | epoch 123/200 done — next lr=0.00332039, epochs_since_improve=4/20
2026-08-26 15:02:25 INFO  scripts.synthetic_model_comparison.training.training_pipeline | epoch 124/200 — train start (lr=0.00332039, batches=14)
2026-08-26 15:02:37 INFO  scripts.synthetic_model_comparison.training.training_pipeline | epoch 124/200 — train done in 11.1s | avg loss_box=0.6675 loss_cls=0.3827 loss_dfl=0.0157 loss_total=69.6672
2026-08-26 15:02:37 INFO  scripts.synthetic_model_comparison.training.evaluation | evaluating on 4 batches
2026-08-26 15:02:43 INFO  scripts.synthetic_model_comparison.training.training_pipeline | epoch 124/200 — val mAP50=0.8959 mAP50_95=0.6255 (selection mAP50_95=0.6255)
2026-08-26 15:02:44 INFO  scripts.synthetic_model_comparison.training.evaluation | mlflow: logged val/mAP50=0.8959 val/mAP50_95=0.6255 (step=123)
2026-08-26 15:02:44 INFO  scripts.synthetic_model_comparison.training.evaluation | mlflow: logged val per-class AP table (12 classes)
2026-08-26 15:02:45 INFO  scripts.synthetic_model_comparison.training.training_pipeline | saved checkpoint: /home/debian/Master-Thesis/scripts/synthetic_model_comparison/training/model_exports/yolo26n-gpt-image-2-low-full-seed44-20260826-142128/last.pt
2026-08-26 15:02:45 INFO  scripts.synthetic_model_comparison.training.training_pipeline | epoch 124/200 done — next lr=0.00324562, epochs_since_improve=5/20
2026-08-26 15:02:45 INFO  scripts.synthetic_model_comparison.training.training_pipeline | epoch 125/200 — train start (lr=0.00324562, batches=14)
2026-08-26 15:02:56 INFO  scripts.synthetic_model_comparison.training.training_pipeline | epoch 125/200 — train done in 11.2s | avg loss_box=0.6571 loss_cls=0.3972 loss_dfl=0.0159 loss_total=69.4675
2026-08-26 15:02:56 INFO  scripts.synthetic_model_comparison.training.evaluation | evaluating on 4 batches
2026-08-26 15:03:02 INFO  scripts.synthetic_model_comparison.training.training_pipeline | epoch 125/200 — val mAP50=0.9058 mAP50_95=0.6283 (selection mAP50_95=0.6283)
2026-08-26 15:03:03 INFO  scripts.synthetic_model_comparison.training.evaluation | mlflow: logged val/mAP50=0.9058 val/mAP50_95=0.6283 (step=124)
2026-08-26 15:03:03 INFO  scripts.synthetic_model_comparison.training.evaluation | mlflow: logged val per-class AP table (12 classes)
2026-08-26 15:03:03 INFO  scripts.synthetic_model_comparison.training.training_pipeline | saved checkpoint: /home/debian/Master-Thesis/scripts/synthetic_model_comparison/training/model_exports/yolo26n-gpt-image-2-low-full-seed44-20260826-142128/last.pt
2026-08-26 15:03:04 INFO  scripts.synthetic_model_comparison.training.training_pipeline | epoch 125/200 done — next lr=0.0031713, epochs_since_improve=6/20
2026-08-26 15:03:04 INFO  scripts.synthetic_model_comparison.training.training_pipeline | epoch 126/200 — train start (lr=0.0031713, batches=14)
2026-08-26 15:03:10 INFO  scripts.synthetic_model_comparison.training.training_pipeline | step 1750 | loss_box=0.7516 loss_cls=0.4191 loss_dfl=0.0192 loss_total=77.4156 lr=0.00316601
2026-08-26 15:03:17 INFO  scripts.synthetic_model_comparison.training.training_pipeline | epoch 126/200 — train done in 13.0s | avg loss_box=0.6582 loss_cls=0.3936 loss_dfl=0.0160 loss_total=69.3418
2026-08-26 15:03:17 INFO  scripts.synthetic_model_comparison.training.evaluation | evaluating on 4 batches
2026-08-26 15:03:24 INFO  scripts.synthetic_model_comparison.training.training_pipeline | epoch 126/200 — val mAP50=0.9008 mAP50_95=0.6293 (selection mAP50_95=0.6293)
2026-08-26 15:03:24 INFO  scripts.synthetic_model_comparison.training.evaluation | mlflow: logged val/mAP50=0.9008 val/mAP50_95=0.6293 (step=125)
2026-08-26 15:03:25 INFO  scripts.synthetic_model_comparison.training.evaluation | mlflow: logged val per-class AP table (12 classes)
2026-08-26 15:03:25 INFO  scripts.synthetic_model_comparison.training.training_pipeline | saved checkpoint: /home/debian/Master-Thesis/scripts/synthetic_model_comparison/training/model_exports/yolo26n-gpt-image-2-low-full-seed44-20260826-142128/last.pt
2026-08-26 15:03:25 INFO  scripts.synthetic_model_comparison.training.training_pipeline | epoch 126/200 done — next lr=0.00309744, epochs_since_improve=7/20
2026-08-26 15:03:25 INFO  scripts.synthetic_model_comparison.training.training_pipeline | epoch 127/200 — train start (lr=0.00309744, batches=14)
2026-08-26 15:03:37 INFO  scripts.synthetic_model_comparison.training.training_pipeline | epoch 127/200 — train done in 11.3s | avg loss_box=0.6532 loss_cls=0.3807 loss_dfl=0.0159 loss_total=68.2449
2026-08-26 15:03:37 INFO  scripts.synthetic_model_comparison.training.evaluation | evaluating on 4 batches
2026-08-26 15:03:42 INFO  scripts.synthetic_model_comparison.training.training_pipeline | epoch 127/200 — val mAP50=0.9117 mAP50_95=0.6317 (selection mAP50_95=0.6317)
2026-08-26 15:03:43 INFO  scripts.synthetic_model_comparison.training.evaluation | mlflow: logged val/mAP50=0.9117 val/mAP50_95=0.6317 (step=126)
2026-08-26 15:03:44 INFO  scripts.synthetic_model_comparison.training.evaluation | mlflow: logged val per-class AP table (12 classes)
2026-08-26 15:03:44 INFO  scripts.synthetic_model_comparison.training.training_pipeline | saved checkpoint: /home/debian/Master-Thesis/scripts/synthetic_model_comparison/training/model_exports/yolo26n-gpt-image-2-low-full-seed44-20260826-142128/best.pt
2026-08-26 15:03:44 INFO  scripts.synthetic_model_comparison.training.training_pipeline | new best mAP50_95=0.6317 at epoch 127
2026-08-26 15:03:44 INFO  scripts.synthetic_model_comparison.training.training_pipeline | saved checkpoint: /home/debian/Master-Thesis/scripts/synthetic_model_comparison/training/model_exports/yolo26n-gpt-image-2-low-full-seed44-20260826-142128/last.pt
2026-08-26 15:03:44 INFO  scripts.synthetic_model_comparison.training.training_pipeline | epoch 127/200 done — next lr=0.00302407, epochs_since_improve=0/20
2026-08-26 15:03:44 INFO  scripts.synthetic_model_comparison.training.training_pipeline | epoch 128/200 — train start (lr=0.00302407, batches=14)
2026-08-26 15:03:55 INFO  scripts.synthetic_model_comparison.training.training_pipeline | epoch 128/200 — train done in 11.2s | avg loss_box=0.6452 loss_cls=0.3913 loss_dfl=0.0159 loss_total=68.2480
2026-08-26 15:03:55 INFO  scripts.synthetic_model_comparison.training.evaluation | evaluating on 4 batches
2026-08-26 15:04:01 INFO  scripts.synthetic_model_comparison.training.training_pipeline | epoch 128/200 — val mAP50=0.9028 mAP50_95=0.6340 (selection mAP50_95=0.6340)
2026-08-26 15:04:02 INFO  scripts.synthetic_model_comparison.training.evaluation | mlflow: logged val/mAP50=0.9028 val/mAP50_95=0.6340 (step=127)
2026-08-26 15:04:03 INFO  scripts.synthetic_model_comparison.training.evaluation | mlflow: logged val per-class AP table (12 classes)
2026-08-26 15:04:03 INFO  scripts.synthetic_model_comparison.training.training_pipeline | saved checkpoint: /home/debian/Master-Thesis/scripts/synthetic_model_comparison/training/model_exports/yolo26n-gpt-image-2-low-full-seed44-20260826-142128/best.pt
2026-08-26 15:04:03 INFO  scripts.synthetic_model_comparison.training.training_pipeline | new best mAP50_95=0.6340 at epoch 128
2026-08-26 15:04:03 INFO  scripts.synthetic_model_comparison.training.training_pipeline | saved checkpoint: /home/debian/Master-Thesis/scripts/synthetic_model_comparison/training/model_exports/yolo26n-gpt-image-2-low-full-seed44-20260826-142128/last.pt
2026-08-26 15:04:03 INFO  scripts.synthetic_model_comparison.training.training_pipeline | epoch 128/200 done — next lr=0.0029512, epochs_since_improve=0/20
2026-08-26 15:04:03 INFO  scripts.synthetic_model_comparison.training.training_pipeline | epoch 129/200 — train start (lr=0.0029512, batches=14)
2026-08-26 15:04:12 INFO  scripts.synthetic_model_comparison.training.training_pipeline | step 1800 | loss_box=0.5994 loss_cls=0.3177 loss_dfl=0.0144 loss_total=60.8806 lr=0.00290463
2026-08-26 15:04:16 INFO  scripts.synthetic_model_comparison.training.training_pipeline | epoch 129/200 — train done in 12.5s | avg loss_box=0.6261 loss_cls=0.3732 loss_dfl=0.0153 loss_total=65.8858
2026-08-26 15:04:16 INFO  scripts.synthetic_model_comparison.training.evaluation | evaluating on 4 batches
2026-08-26 15:04:22 INFO  scripts.synthetic_model_comparison.training.training_pipeline | epoch 129/200 — val mAP50=0.8984 mAP50_95=0.6506 (selection mAP50_95=0.6506)
2026-08-26 15:04:22 INFO  scripts.synthetic_model_comparison.training.evaluation | mlflow: logged val/mAP50=0.8984 val/mAP50_95=0.6506 (step=128)
2026-08-26 15:04:23 INFO  scripts.synthetic_model_comparison.training.evaluation | mlflow: logged val per-class AP table (12 classes)
2026-08-26 15:04:23 INFO  scripts.synthetic_model_comparison.training.training_pipeline | saved checkpoint: /home/debian/Master-Thesis/scripts/synthetic_model_comparison/training/model_exports/yolo26n-gpt-image-2-low-full-seed44-20260826-142128/best.pt
2026-08-26 15:04:23 INFO  scripts.synthetic_model_comparison.training.training_pipeline | new best mAP50_95=0.6506 at epoch 129
2026-08-26 15:04:23 INFO  scripts.synthetic_model_comparison.training.training_pipeline | saved checkpoint: /home/debian/Master-Thesis/scripts/synthetic_model_comparison/training/model_exports/yolo26n-gpt-image-2-low-full-seed44-20260826-142128/last.pt
2026-08-26 15:04:23 INFO  scripts.synthetic_model_comparison.training.training_pipeline | epoch 129/200 done — next lr=0.00287885, epochs_since_improve=0/20
2026-08-26 15:04:23 INFO  scripts.synthetic_model_comparison.training.training_pipeline | epoch 130/200 — train start (lr=0.00287885, batches=14)
2026-08-26 15:04:35 INFO  scripts.synthetic_model_comparison.training.training_pipeline | epoch 130/200 — train done in 11.3s | avg loss_box=0.6313 loss_cls=0.3839 loss_dfl=0.0155 loss_total=66.7807
2026-08-26 15:04:35 INFO  scripts.synthetic_model_comparison.training.evaluation | evaluating on 4 batches
2026-08-26 15:04:41 INFO  scripts.synthetic_model_comparison.training.training_pipeline | epoch 130/200 — val mAP50=0.8712 mAP50_95=0.5947 (selection mAP50_95=0.5947)
2026-08-26 15:04:41 INFO  scripts.synthetic_model_comparison.training.evaluation | mlflow: logged val/mAP50=0.8712 val/mAP50_95=0.5947 (step=129)
2026-08-26 15:04:42 INFO  scripts.synthetic_model_comparison.training.evaluation | mlflow: logged val per-class AP table (12 classes)
2026-08-26 15:04:42 INFO  scripts.synthetic_model_comparison.training.training_pipeline | saved checkpoint: /home/debian/Master-Thesis/scripts/synthetic_model_comparison/training/model_exports/yolo26n-gpt-image-2-low-full-seed44-20260826-142128/last.pt
2026-08-26 15:04:42 INFO  scripts.synthetic_model_comparison.training.training_pipeline | epoch 130/200 done — next lr=0.00280704, epochs_since_improve=1/20
2026-08-26 15:04:42 INFO  scripts.synthetic_model_comparison.training.training_pipeline | epoch 131/200 — train start (lr=0.00280704, batches=14)
2026-08-26 15:04:53 INFO  scripts.synthetic_model_comparison.training.training_pipeline | epoch 131/200 — train done in 11.0s | avg loss_box=0.6449 loss_cls=0.3867 loss_dfl=0.0156 loss_total=67.8165
2026-08-26 15:04:53 INFO  scripts.synthetic_model_comparison.training.evaluation | evaluating on 4 batches
2026-08-26 15:04:59 INFO  scripts.synthetic_model_comparison.training.training_pipeline | epoch 131/200 — val mAP50=0.8999 mAP50_95=0.6319 (selection mAP50_95=0.6319)
2026-08-26 15:05:00 INFO  scripts.synthetic_model_comparison.training.evaluation | mlflow: logged val/mAP50=0.8999 val/mAP50_95=0.6319 (step=130)
2026-08-26 15:05:00 INFO  scripts.synthetic_model_comparison.training.evaluation | mlflow: logged val per-class AP table (12 classes)
2026-08-26 15:05:00 INFO  scripts.synthetic_model_comparison.training.training_pipeline | saved checkpoint: /home/debian/Master-Thesis/scripts/synthetic_model_comparison/training/model_exports/yolo26n-gpt-image-2-low-full-seed44-20260826-142128/last.pt
2026-08-26 15:05:01 INFO  scripts.synthetic_model_comparison.training.training_pipeline | epoch 131/200 done — next lr=0.0027358, epochs_since_improve=2/20
2026-08-26 15:05:01 INFO  scripts.synthetic_model_comparison.training.training_pipeline | epoch 132/200 — train start (lr=0.0027358, batches=14)
2026-08-26 15:05:12 INFO  scripts.synthetic_model_comparison.training.training_pipeline | epoch 132/200 — train done in 11.2s | avg loss_box=0.6051 loss_cls=0.3666 loss_dfl=0.0145 loss_total=64.3317
2026-08-26 15:05:12 INFO  scripts.synthetic_model_comparison.training.evaluation | evaluating on 4 batches
2026-08-26 15:05:18 INFO  scripts.synthetic_model_comparison.training.training_pipeline | epoch 132/200 — val mAP50=0.9110 mAP50_95=0.6569 (selection mAP50_95=0.6569)
2026-08-26 15:05:19 INFO  scripts.synthetic_model_comparison.training.evaluation | mlflow: logged val/mAP50=0.9110 val/mAP50_95=0.6569 (step=131)
2026-08-26 15:05:19 INFO  scripts.synthetic_model_comparison.training.evaluation | mlflow: logged val per-class AP table (12 classes)
2026-08-26 15:05:20 INFO  scripts.synthetic_model_comparison.training.training_pipeline | saved checkpoint: /home/debian/Master-Thesis/scripts/synthetic_model_comparison/training/model_exports/yolo26n-gpt-image-2-low-full-seed44-20260826-142128/best.pt
2026-08-26 15:05:20 INFO  scripts.synthetic_model_comparison.training.training_pipeline | new best mAP50_95=0.6569 at epoch 132
2026-08-26 15:05:20 INFO  scripts.synthetic_model_comparison.training.training_pipeline | saved checkpoint: /home/debian/Master-Thesis/scripts/synthetic_model_comparison/training/model_exports/yolo26n-gpt-image-2-low-full-seed44-20260826-142128/last.pt
2026-08-26 15:05:20 INFO  scripts.synthetic_model_comparison.training.training_pipeline | epoch 132/200 done — next lr=0.00266513, epochs_since_improve=0/20
2026-08-26 15:05:20 INFO  scripts.synthetic_model_comparison.training.training_pipeline | epoch 133/200 — train start (lr=0.00266513, batches=14)
2026-08-26 15:05:27 INFO  scripts.synthetic_model_comparison.training.training_pipeline | step 1850 | loss_box=0.5819 loss_cls=0.3470 loss_dfl=0.0143 loss_total=61.3921 lr=0.00265006
2026-08-26 15:05:33 INFO  scripts.synthetic_model_comparison.training.training_pipeline | epoch 133/200 — train done in 12.8s | avg loss_box=0.6223 loss_cls=0.3367 loss_dfl=0.0151 loss_total=63.8970
2026-08-26 15:05:33 INFO  scripts.synthetic_model_comparison.training.evaluation | evaluating on 4 batches
2026-08-26 15:05:39 INFO  scripts.synthetic_model_comparison.training.training_pipeline | epoch 133/200 — val mAP50=0.8789 mAP50_95=0.6343 (selection mAP50_95=0.6343)
2026-08-26 15:05:40 INFO  scripts.synthetic_model_comparison.training.evaluation | mlflow: logged val/mAP50=0.8789 val/mAP50_95=0.6343 (step=132)
2026-08-26 15:05:40 INFO  scripts.synthetic_model_comparison.training.evaluation | mlflow: logged val per-class AP table (12 classes)
2026-08-26 15:05:40 INFO  scripts.synthetic_model_comparison.training.training_pipeline | saved checkpoint: /home/debian/Master-Thesis/scripts/synthetic_model_comparison/training/model_exports/yolo26n-gpt-image-2-low-full-seed44-20260826-142128/last.pt
2026-08-26 15:05:41 INFO  scripts.synthetic_model_comparison.training.training_pipeline | epoch 133/200 done — next lr=0.00259505, epochs_since_improve=1/20
2026-08-26 15:05:41 INFO  scripts.synthetic_model_comparison.training.training_pipeline | epoch 134/200 — train start (lr=0.00259505, batches=14)
2026-08-26 15:05:52 INFO  scripts.synthetic_model_comparison.training.training_pipeline | epoch 134/200 — train done in 11.3s | avg loss_box=0.6094 loss_cls=0.3628 loss_dfl=0.0155 loss_total=64.1882
2026-08-26 15:05:52 INFO  scripts.synthetic_model_comparison.training.evaluation | evaluating on 4 batches
2026-08-26 15:05:59 INFO  scripts.synthetic_model_comparison.training.training_pipeline | epoch 134/200 — val mAP50=0.8951 mAP50_95=0.6491 (selection mAP50_95=0.6491)
2026-08-26 15:06:00 INFO  scripts.synthetic_model_comparison.training.evaluation | mlflow: logged val/mAP50=0.8951 val/mAP50_95=0.6491 (step=133)
2026-08-26 15:06:00 INFO  scripts.synthetic_model_comparison.training.evaluation | mlflow: logged val per-class AP table (12 classes)
2026-08-26 15:06:00 INFO  scripts.synthetic_model_comparison.training.training_pipeline | saved checkpoint: /home/debian/Master-Thesis/scripts/synthetic_model_comparison/training/model_exports/yolo26n-gpt-image-2-low-full-seed44-20260826-142128/last.pt
2026-08-26 15:06:00 INFO  scripts.synthetic_model_comparison.training.training_pipeline | epoch 134/200 done — next lr=0.00252559, epochs_since_improve=2/20
2026-08-26 15:06:01 INFO  scripts.synthetic_model_comparison.training.training_pipeline | epoch 135/200 — train start (lr=0.00252559, batches=14)
2026-08-26 15:06:12 INFO  scripts.synthetic_model_comparison.training.training_pipeline | epoch 135/200 — train done in 11.3s | avg loss_box=0.6166 loss_cls=0.3578 loss_dfl=0.0147 loss_total=64.0139
2026-08-26 15:06:12 INFO  scripts.synthetic_model_comparison.training.evaluation | evaluating on 4 batches
2026-08-26 15:06:18 INFO  scripts.synthetic_model_comparison.training.training_pipeline | epoch 135/200 — val mAP50=0.8997 mAP50_95=0.6431 (selection mAP50_95=0.6431)
2026-08-26 15:06:18 INFO  scripts.synthetic_model_comparison.training.evaluation | mlflow: logged val/mAP50=0.8997 val/mAP50_95=0.6431 (step=134)
2026-08-26 15:06:19 INFO  scripts.synthetic_model_comparison.training.evaluation | mlflow: logged val per-class AP table (12 classes)
2026-08-26 15:06:19 INFO  scripts.synthetic_model_comparison.training.training_pipeline | saved checkpoint: /home/debian/Master-Thesis/scripts/synthetic_model_comparison/training/model_exports/yolo26n-gpt-image-2-low-full-seed44-20260826-142128/last.pt
2026-08-26 15:06:19 INFO  scripts.synthetic_model_comparison.training.training_pipeline | epoch 135/200 done — next lr=0.00245676, epochs_since_improve=3/20
2026-08-26 15:06:19 INFO  scripts.synthetic_model_comparison.training.training_pipeline | epoch 136/200 — train start (lr=0.00245676, batches=14)
2026-08-26 15:06:29 INFO  scripts.synthetic_model_comparison.training.training_pipeline | step 1900 | loss_box=0.5225 loss_cls=0.3077 loss_dfl=0.0132 loss_total=56.2372 lr=0.00240313
2026-08-26 15:06:32 INFO  scripts.synthetic_model_comparison.training.training_pipeline | epoch 136/200 — train done in 12.4s | avg loss_box=0.6027 loss_cls=0.3524 loss_dfl=0.0151 loss_total=63.3857
2026-08-26 15:06:32 INFO  scripts.synthetic_model_comparison.training.evaluation | evaluating on 4 batches
2026-08-26 15:06:38 INFO  scripts.synthetic_model_comparison.training.training_pipeline | epoch 136/200 — val mAP50=0.8826 mAP50_95=0.6345 (selection mAP50_95=0.6345)
2026-08-26 15:06:38 INFO  scripts.synthetic_model_comparison.training.evaluation | mlflow: logged val/mAP50=0.8826 val/mAP50_95=0.6345 (step=135)
2026-08-26 15:06:39 INFO  scripts.synthetic_model_comparison.training.evaluation | mlflow: logged val per-class AP table (12 classes)
2026-08-26 15:06:39 INFO  scripts.synthetic_model_comparison.training.training_pipeline | saved checkpoint: /home/debian/Master-Thesis/scripts/synthetic_model_comparison/training/model_exports/yolo26n-gpt-image-2-low-full-seed44-20260826-142128/last.pt
2026-08-26 15:06:39 INFO  scripts.synthetic_model_comparison.training.training_pipeline | epoch 136/200 done — next lr=0.00238857, epochs_since_improve=4/20
2026-08-26 15:06:39 INFO  scripts.synthetic_model_comparison.training.training_pipeline | epoch 137/200 — train start (lr=0.00238857, batches=14)
2026-08-26 15:06:50 INFO  scripts.synthetic_model_comparison.training.training_pipeline | epoch 137/200 — train done in 10.8s | avg loss_box=0.6168 loss_cls=0.3465 loss_dfl=0.0151 loss_total=63.8347
2026-08-26 15:06:50 INFO  scripts.synthetic_model_comparison.training.evaluation | evaluating on 4 batches
2026-08-26 15:06:56 INFO  scripts.synthetic_model_comparison.training.training_pipeline | epoch 137/200 — val mAP50=0.9065 mAP50_95=0.6491 (selection mAP50_95=0.6491)
2026-08-26 15:06:57 INFO  scripts.synthetic_model_comparison.training.evaluation | mlflow: logged val/mAP50=0.9065 val/mAP50_95=0.6491 (step=136)
2026-08-26 15:06:57 INFO  scripts.synthetic_model_comparison.training.evaluation | mlflow: logged val per-class AP table (12 classes)
2026-08-26 15:06:57 INFO  scripts.synthetic_model_comparison.training.training_pipeline | saved checkpoint: /home/debian/Master-Thesis/scripts/synthetic_model_comparison/training/model_exports/yolo26n-gpt-image-2-low-full-seed44-20260826-142128/last.pt
2026-08-26 15:06:58 INFO  scripts.synthetic_model_comparison.training.training_pipeline | epoch 137/200 done — next lr=0.00232106, epochs_since_improve=5/20
2026-08-26 15:06:58 INFO  scripts.synthetic_model_comparison.training.training_pipeline | epoch 138/200 — train start (lr=0.00232106, batches=14)
2026-08-26 15:07:09 INFO  scripts.synthetic_model_comparison.training.training_pipeline | epoch 138/200 — train done in 11.7s | avg loss_box=0.6200 loss_cls=0.3693 loss_dfl=0.0150 loss_total=64.4635
2026-08-26 15:07:09 INFO  scripts.synthetic_model_comparison.training.evaluation | evaluating on 4 batches
2026-08-26 15:07:17 INFO  scripts.synthetic_model_comparison.training.training_pipeline | epoch 138/200 — val mAP50=0.8926 mAP50_95=0.6359 (selection mAP50_95=0.6359)
2026-08-26 15:07:18 INFO  scripts.synthetic_model_comparison.training.evaluation | mlflow: logged val/mAP50=0.8926 val/mAP50_95=0.6359 (step=137)
2026-08-26 15:07:18 INFO  scripts.synthetic_model_comparison.training.evaluation | mlflow: logged val per-class AP table (12 classes)
2026-08-26 15:07:18 INFO  scripts.synthetic_model_comparison.training.training_pipeline | saved checkpoint: /home/debian/Master-Thesis/scripts/synthetic_model_comparison/training/model_exports/yolo26n-gpt-image-2-low-full-seed44-20260826-142128/last.pt
2026-08-26 15:07:19 INFO  scripts.synthetic_model_comparison.training.training_pipeline | epoch 138/200 done — next lr=0.00225422, epochs_since_improve=6/20
2026-08-26 15:07:19 INFO  scripts.synthetic_model_comparison.training.training_pipeline | epoch 139/200 — train start (lr=0.00225422, batches=14)
2026-08-26 15:07:30 INFO  scripts.synthetic_model_comparison.training.training_pipeline | epoch 139/200 — train done in 11.6s | avg loss_box=0.5839 loss_cls=0.3371 loss_dfl=0.0145 loss_total=61.2589
2026-08-26 15:07:30 INFO  scripts.synthetic_model_comparison.training.evaluation | evaluating on 4 batches
2026-08-26 15:07:36 INFO  scripts.synthetic_model_comparison.training.training_pipeline | epoch 139/200 — val mAP50=0.8964 mAP50_95=0.6303 (selection mAP50_95=0.6303)
2026-08-26 15:07:37 INFO  scripts.synthetic_model_comparison.training.evaluation | mlflow: logged val/mAP50=0.8964 val/mAP50_95=0.6303 (step=138)
2026-08-26 15:07:37 INFO  scripts.synthetic_model_comparison.training.evaluation | mlflow: logged val per-class AP table (12 classes)
2026-08-26 15:07:38 INFO  scripts.synthetic_model_comparison.training.training_pipeline | saved checkpoint: /home/debian/Master-Thesis/scripts/synthetic_model_comparison/training/model_exports/yolo26n-gpt-image-2-low-full-seed44-20260826-142128/last.pt
2026-08-26 15:07:38 INFO  scripts.synthetic_model_comparison.training.training_pipeline | epoch 139/200 done — next lr=0.00218808, epochs_since_improve=7/20
2026-08-26 15:07:38 INFO  scripts.synthetic_model_comparison.training.training_pipeline | epoch 140/200 — train start (lr=0.00218808, batches=14)
2026-08-26 15:07:46 INFO  scripts.synthetic_model_comparison.training.training_pipeline | step 1950 | loss_box=0.6113 loss_cls=0.3448 loss_dfl=0.0139 loss_total=61.8589 lr=0.00216464
2026-08-26 15:07:51 INFO  scripts.synthetic_model_comparison.training.training_pipeline | epoch 140/200 — train done in 13.1s | avg loss_box=0.6057 loss_cls=0.3335 loss_dfl=0.0147 loss_total=62.1808
2026-08-26 15:07:51 INFO  scripts.synthetic_model_comparison.training.evaluation | evaluating on 4 batches
2026-08-26 15:07:57 INFO  scripts.synthetic_model_comparison.training.training_pipeline | epoch 140/200 — val mAP50=0.9055 mAP50_95=0.6481 (selection mAP50_95=0.6481)
2026-08-26 15:07:58 INFO  scripts.synthetic_model_comparison.training.evaluation | mlflow: logged val/mAP50=0.9055 val/mAP50_95=0.6481 (step=139)
2026-08-26 15:07:58 INFO  scripts.synthetic_model_comparison.training.evaluation | mlflow: logged val per-class AP table (12 classes)
2026-08-26 15:07:58 INFO  scripts.synthetic_model_comparison.training.training_pipeline | saved checkpoint: /home/debian/Master-Thesis/scripts/synthetic_model_comparison/training/model_exports/yolo26n-gpt-image-2-low-full-seed44-20260826-142128/last.pt
2026-08-26 15:07:59 INFO  scripts.synthetic_model_comparison.training.training_pipeline | epoch 140/200 done — next lr=0.00212266, epochs_since_improve=8/20
2026-08-26 15:07:59 INFO  scripts.synthetic_model_comparison.training.training_pipeline | epoch 141/200 — train start (lr=0.00212266, batches=14)
2026-08-26 15:08:10 INFO  scripts.synthetic_model_comparison.training.training_pipeline | epoch 141/200 — train done in 11.2s | avg loss_box=0.5825 loss_cls=0.3359 loss_dfl=0.0145 loss_total=60.9488
2026-08-26 15:08:10 INFO  scripts.synthetic_model_comparison.training.evaluation | evaluating on 4 batches
2026-08-26 15:08:16 INFO  scripts.synthetic_model_comparison.training.training_pipeline | epoch 141/200 — val mAP50=0.9146 mAP50_95=0.6542 (selection mAP50_95=0.6542)
2026-08-26 15:08:16 INFO  scripts.synthetic_model_comparison.training.evaluation | mlflow: logged val/mAP50=0.9146 val/mAP50_95=0.6542 (step=140)
2026-08-26 15:08:17 INFO  scripts.synthetic_model_comparison.training.evaluation | mlflow: logged val per-class AP table (12 classes)
2026-08-26 15:08:17 INFO  scripts.synthetic_model_comparison.training.training_pipeline | saved checkpoint: /home/debian/Master-Thesis/scripts/synthetic_model_comparison/training/model_exports/yolo26n-gpt-image-2-low-full-seed44-20260826-142128/last.pt
2026-08-26 15:08:17 INFO  scripts.synthetic_model_comparison.training.training_pipeline | epoch 141/200 done — next lr=0.00205798, epochs_since_improve=9/20
2026-08-26 15:08:17 INFO  scripts.synthetic_model_comparison.training.training_pipeline | epoch 142/200 — train start (lr=0.00205798, batches=14)
2026-08-26 15:08:28 INFO  scripts.synthetic_model_comparison.training.training_pipeline | epoch 142/200 — train done in 10.8s | avg loss_box=0.5689 loss_cls=0.3331 loss_dfl=0.0135 loss_total=59.8211
2026-08-26 15:08:28 INFO  scripts.synthetic_model_comparison.training.evaluation | evaluating on 4 batches
2026-08-26 15:08:34 INFO  scripts.synthetic_model_comparison.training.training_pipeline | epoch 142/200 — val mAP50=0.8984 mAP50_95=0.6376 (selection mAP50_95=0.6376)
2026-08-26 15:08:35 INFO  scripts.synthetic_model_comparison.training.evaluation | mlflow: logged val/mAP50=0.8984 val/mAP50_95=0.6376 (step=141)
2026-08-26 15:08:35 INFO  scripts.synthetic_model_comparison.training.evaluation | mlflow: logged val per-class AP table (12 classes)
2026-08-26 15:08:35 INFO  scripts.synthetic_model_comparison.training.training_pipeline | saved checkpoint: /home/debian/Master-Thesis/scripts/synthetic_model_comparison/training/model_exports/yolo26n-gpt-image-2-low-full-seed44-20260826-142128/last.pt
2026-08-26 15:08:36 INFO  scripts.synthetic_model_comparison.training.training_pipeline | epoch 142/200 done — next lr=0.00199404, epochs_since_improve=10/20
2026-08-26 15:08:36 INFO  scripts.synthetic_model_comparison.training.training_pipeline | epoch 143/200 — train start (lr=0.00199404, batches=14)
2026-08-26 15:08:47 INFO  scripts.synthetic_model_comparison.training.training_pipeline | step 2000 | loss_box=0.5685 loss_cls=0.3159 loss_dfl=0.0147 loss_total=59.2806 lr=0.00193535
2026-08-26 15:08:49 INFO  scripts.synthetic_model_comparison.training.training_pipeline | epoch 143/200 — train done in 13.1s | avg loss_box=0.5996 loss_cls=0.3230 loss_dfl=0.0146 loss_total=61.4685
2026-08-26 15:08:49 INFO  scripts.synthetic_model_comparison.training.evaluation | evaluating on 4 batches
2026-08-26 15:08:55 INFO  scripts.synthetic_model_comparison.training.training_pipeline | epoch 143/200 — val mAP50=0.9007 mAP50_95=0.6456 (selection mAP50_95=0.6456)
2026-08-26 15:08:55 INFO  scripts.synthetic_model_comparison.training.evaluation | mlflow: logged val/mAP50=0.9007 val/mAP50_95=0.6456 (step=142)
2026-08-26 15:08:56 INFO  scripts.synthetic_model_comparison.training.evaluation | mlflow: logged val per-class AP table (12 classes)
2026-08-26 15:08:56 INFO  scripts.synthetic_model_comparison.training.training_pipeline | saved checkpoint: /home/debian/Master-Thesis/scripts/synthetic_model_comparison/training/model_exports/yolo26n-gpt-image-2-low-full-seed44-20260826-142128/last.pt
2026-08-26 15:08:56 INFO  scripts.synthetic_model_comparison.training.training_pipeline | epoch 143/200 done — next lr=0.00193087, epochs_since_improve=11/20
2026-08-26 15:08:56 INFO  scripts.synthetic_model_comparison.training.training_pipeline | epoch 144/200 — train start (lr=0.00193087, batches=14)
2026-08-26 15:09:07 INFO  scripts.synthetic_model_comparison.training.training_pipeline | epoch 144/200 — train done in 10.7s | avg loss_box=0.5877 loss_cls=0.3363 loss_dfl=0.0143 loss_total=60.9903
2026-08-26 15:09:07 INFO  scripts.synthetic_model_comparison.training.evaluation | evaluating on 4 batches
2026-08-26 15:09:13 INFO  scripts.synthetic_model_comparison.training.training_pipeline | epoch 144/200 — val mAP50=0.9170 mAP50_95=0.6647 (selection mAP50_95=0.6647)
2026-08-26 15:09:14 INFO  scripts.synthetic_model_comparison.training.evaluation | mlflow: logged val/mAP50=0.9170 val/mAP50_95=0.6647 (step=143)
2026-08-26 15:09:14 INFO  scripts.synthetic_model_comparison.training.evaluation | mlflow: logged val per-class AP table (12 classes)
2026-08-26 15:09:14 INFO  scripts.synthetic_model_comparison.training.training_pipeline | saved checkpoint: /home/debian/Master-Thesis/scripts/synthetic_model_comparison/training/model_exports/yolo26n-gpt-image-2-low-full-seed44-20260826-142128/best.pt
2026-08-26 15:09:14 INFO  scripts.synthetic_model_comparison.training.training_pipeline | new best mAP50_95=0.6647 at epoch 144
2026-08-26 15:09:14 INFO  scripts.synthetic_model_comparison.training.training_pipeline | saved checkpoint: /home/debian/Master-Thesis/scripts/synthetic_model_comparison/training/model_exports/yolo26n-gpt-image-2-low-full-seed44-20260826-142128/last.pt
2026-08-26 15:09:15 INFO  scripts.synthetic_model_comparison.training.training_pipeline | epoch 144/200 done — next lr=0.00186848, epochs_since_improve=0/20
2026-08-26 15:09:15 INFO  scripts.synthetic_model_comparison.training.training_pipeline | epoch 145/200 — train start (lr=0.00186848, batches=14)
2026-08-26 15:09:27 INFO  scripts.synthetic_model_comparison.training.training_pipeline | epoch 145/200 — train done in 12.0s | avg loss_box=0.5618 loss_cls=0.3152 loss_dfl=0.0138 loss_total=58.4290
2026-08-26 15:09:27 INFO  scripts.synthetic_model_comparison.training.evaluation | evaluating on 4 batches
2026-08-26 15:09:33 INFO  scripts.synthetic_model_comparison.training.training_pipeline | epoch 145/200 — val mAP50=0.8888 mAP50_95=0.6390 (selection mAP50_95=0.6390)
2026-08-26 15:09:33 INFO  scripts.synthetic_model_comparison.training.evaluation | mlflow: logged val/mAP50=0.8888 val/mAP50_95=0.6390 (step=144)
2026-08-26 15:09:34 INFO  scripts.synthetic_model_comparison.training.evaluation | mlflow: logged val per-class AP table (12 classes)
2026-08-26 15:09:34 INFO  scripts.synthetic_model_comparison.training.training_pipeline | saved checkpoint: /home/debian/Master-Thesis/scripts/synthetic_model_comparison/training/model_exports/yolo26n-gpt-image-2-low-full-seed44-20260826-142128/last.pt
2026-08-26 15:09:34 INFO  scripts.synthetic_model_comparison.training.training_pipeline | epoch 145/200 done — next lr=0.00180688, epochs_since_improve=1/20
2026-08-26 15:09:34 INFO  scripts.synthetic_model_comparison.training.training_pipeline | epoch 146/200 — train start (lr=0.00180688, batches=14)
2026-08-26 15:09:46 INFO  scripts.synthetic_model_comparison.training.training_pipeline | epoch 146/200 — train done in 11.4s | avg loss_box=0.5690 loss_cls=0.3170 loss_dfl=0.0137 loss_total=58.8265
2026-08-26 15:09:46 INFO  scripts.synthetic_model_comparison.training.evaluation | evaluating on 4 batches
2026-08-26 15:09:52 INFO  scripts.synthetic_model_comparison.training.training_pipeline | epoch 146/200 — val mAP50=0.9198 mAP50_95=0.6596 (selection mAP50_95=0.6596)
2026-08-26 15:09:52 INFO  scripts.synthetic_model_comparison.training.evaluation | mlflow: logged val/mAP50=0.9198 val/mAP50_95=0.6596 (step=145)
2026-08-26 15:09:53 INFO  scripts.synthetic_model_comparison.training.evaluation | mlflow: logged val per-class AP table (12 classes)
2026-08-26 15:09:53 INFO  scripts.synthetic_model_comparison.training.training_pipeline | saved checkpoint: /home/debian/Master-Thesis/scripts/synthetic_model_comparison/training/model_exports/yolo26n-gpt-image-2-low-full-seed44-20260826-142128/last.pt
2026-08-26 15:09:53 INFO  scripts.synthetic_model_comparison.training.training_pipeline | epoch 146/200 done — next lr=0.00174611, epochs_since_improve=2/20
2026-08-26 15:09:53 INFO  scripts.synthetic_model_comparison.training.training_pipeline | epoch 147/200 — train start (lr=0.00174611, batches=14)
2026-08-26 15:10:02 INFO  scripts.synthetic_model_comparison.training.training_pipeline | step 2050 | loss_box=0.4733 loss_cls=0.2674 loss_dfl=0.0111 loss_total=50.9266 lr=0.00171603
2026-08-26 15:10:07 INFO  scripts.synthetic_model_comparison.training.training_pipeline | epoch 147/200 — train done in 13.4s | avg loss_box=0.5811 loss_cls=0.3057 loss_dfl=0.0142 loss_total=59.2696
2026-08-26 15:10:07 INFO  scripts.synthetic_model_comparison.training.evaluation | evaluating on 4 batches
2026-08-26 15:10:13 INFO  scripts.synthetic_model_comparison.training.training_pipeline | epoch 147/200 — val mAP50=0.9120 mAP50_95=0.6551 (selection mAP50_95=0.6551)
2026-08-26 15:10:13 INFO  scripts.synthetic_model_comparison.training.evaluation | mlflow: logged val/mAP50=0.9120 val/mAP50_95=0.6551 (step=146)
2026-08-26 15:10:14 INFO  scripts.synthetic_model_comparison.training.evaluation | mlflow: logged val per-class AP table (12 classes)
2026-08-26 15:10:14 INFO  scripts.synthetic_model_comparison.training.training_pipeline | saved checkpoint: /home/debian/Master-Thesis/scripts/synthetic_model_comparison/training/model_exports/yolo26n-gpt-image-2-low-full-seed44-20260826-142128/last.pt
2026-08-26 15:10:14 INFO  scripts.synthetic_model_comparison.training.training_pipeline | epoch 147/200 done — next lr=0.00168616, epochs_since_improve=3/20
2026-08-26 15:10:14 INFO  scripts.synthetic_model_comparison.training.training_pipeline | epoch 148/200 — train start (lr=0.00168616, batches=14)
2026-08-26 15:10:25 INFO  scripts.synthetic_model_comparison.training.training_pipeline | epoch 148/200 — train done in 11.0s | avg loss_box=0.5488 loss_cls=0.2992 loss_dfl=0.0134 loss_total=56.3855
2026-08-26 15:10:25 INFO  scripts.synthetic_model_comparison.training.evaluation | evaluating on 4 batches
2026-08-26 15:10:31 INFO  scripts.synthetic_model_comparison.training.training_pipeline | epoch 148/200 — val mAP50=0.9113 mAP50_95=0.6549 (selection mAP50_95=0.6549)
2026-08-26 15:10:32 INFO  scripts.synthetic_model_comparison.training.evaluation | mlflow: logged val/mAP50=0.9113 val/mAP50_95=0.6549 (step=147)
2026-08-26 15:10:32 INFO  scripts.synthetic_model_comparison.training.evaluation | mlflow: logged val per-class AP table (12 classes)
2026-08-26 15:10:32 INFO  scripts.synthetic_model_comparison.training.training_pipeline | saved checkpoint: /home/debian/Master-Thesis/scripts/synthetic_model_comparison/training/model_exports/yolo26n-gpt-image-2-low-full-seed44-20260826-142128/last.pt
2026-08-26 15:10:33 INFO  scripts.synthetic_model_comparison.training.training_pipeline | epoch 148/200 done — next lr=0.00162705, epochs_since_improve=4/20
2026-08-26 15:10:33 INFO  scripts.synthetic_model_comparison.training.training_pipeline | epoch 149/200 — train start (lr=0.00162705, batches=14)
2026-08-26 15:10:44 INFO  scripts.synthetic_model_comparison.training.training_pipeline | epoch 149/200 — train done in 11.1s | avg loss_box=0.5432 loss_cls=0.2874 loss_dfl=0.0130 loss_total=55.5965
2026-08-26 15:10:44 INFO  scripts.synthetic_model_comparison.training.evaluation | evaluating on 4 batches
2026-08-26 15:10:50 INFO  scripts.synthetic_model_comparison.training.training_pipeline | epoch 149/200 — val mAP50=0.9210 mAP50_95=0.6566 (selection mAP50_95=0.6566)
2026-08-26 15:10:50 INFO  scripts.synthetic_model_comparison.training.evaluation | mlflow: logged val/mAP50=0.9210 val/mAP50_95=0.6566 (step=148)
2026-08-26 15:10:51 INFO  scripts.synthetic_model_comparison.training.evaluation | mlflow: logged val per-class AP table (12 classes)
2026-08-26 15:10:51 INFO  scripts.synthetic_model_comparison.training.training_pipeline | saved checkpoint: /home/debian/Master-Thesis/scripts/synthetic_model_comparison/training/model_exports/yolo26n-gpt-image-2-low-full-seed44-20260826-142128/last.pt
2026-08-26 15:10:51 INFO  scripts.synthetic_model_comparison.training.training_pipeline | epoch 149/200 done — next lr=0.0015688, epochs_since_improve=5/20
2026-08-26 15:10:51 INFO  scripts.synthetic_model_comparison.training.training_pipeline | epoch 150/200 — train start (lr=0.0015688, batches=14)
2026-08-26 15:11:02 INFO  scripts.synthetic_model_comparison.training.training_pipeline | epoch 150/200 — train done in 11.2s | avg loss_box=0.5450 loss_cls=0.3140 loss_dfl=0.0129 loss_total=56.9966
2026-08-26 15:11:02 INFO  scripts.synthetic_model_comparison.training.evaluation | evaluating on 4 batches
2026-08-26 15:11:08 INFO  scripts.synthetic_model_comparison.training.training_pipeline | epoch 150/200 — val mAP50=0.9037 mAP50_95=0.6579 (selection mAP50_95=0.6579)
2026-08-26 15:11:09 INFO  scripts.synthetic_model_comparison.training.evaluation | mlflow: logged val/mAP50=0.9037 val/mAP50_95=0.6579 (step=149)
2026-08-26 15:11:09 INFO  scripts.synthetic_model_comparison.training.evaluation | mlflow: logged val per-class AP table (12 classes)
2026-08-26 15:11:10 INFO  scripts.synthetic_model_comparison.training.training_pipeline | saved checkpoint: /home/debian/Master-Thesis/scripts/synthetic_model_comparison/training/model_exports/yolo26n-gpt-image-2-low-full-seed44-20260826-142128/last.pt
2026-08-26 15:11:10 INFO  scripts.synthetic_model_comparison.training.training_pipeline | epoch 150/200 done — next lr=0.00151143, epochs_since_improve=6/20
2026-08-26 15:11:10 INFO  scripts.synthetic_model_comparison.training.training_pipeline | epoch 151/200 — train start (lr=0.00151143, batches=14)
2026-08-26 15:11:15 INFO  scripts.synthetic_model_comparison.training.training_pipeline | step 2100 | loss_box=0.4392 loss_cls=0.3046 loss_dfl=0.0109 loss_total=49.5660 lr=0.00150736
2026-08-26 15:11:22 INFO  scripts.synthetic_model_comparison.training.training_pipeline | epoch 151/200 — train done in 12.2s | avg loss_box=0.5204 loss_cls=0.2942 loss_dfl=0.0124 loss_total=54.5442
2026-08-26 15:11:22 INFO  scripts.synthetic_model_comparison.training.evaluation | evaluating on 4 batches
2026-08-26 15:11:28 INFO  scripts.synthetic_model_comparison.training.training_pipeline | epoch 151/200 — val mAP50=0.9185 mAP50_95=0.6585 (selection mAP50_95=0.6585)
2026-08-26 15:11:29 INFO  scripts.synthetic_model_comparison.training.evaluation | mlflow: logged val/mAP50=0.9185 val/mAP50_95=0.6585 (step=150)
2026-08-26 15:11:29 INFO  scripts.synthetic_model_comparison.training.evaluation | mlflow: logged val per-class AP table (12 classes)
2026-08-26 15:11:29 INFO  scripts.synthetic_model_comparison.training.training_pipeline | saved checkpoint: /home/debian/Master-Thesis/scripts/synthetic_model_comparison/training/model_exports/yolo26n-gpt-image-2-low-full-seed44-20260826-142128/last.pt
2026-08-26 15:11:30 INFO  scripts.synthetic_model_comparison.training.training_pipeline | epoch 151/200 done — next lr=0.00145494, epochs_since_improve=7/20
2026-08-26 15:11:30 INFO  scripts.synthetic_model_comparison.training.training_pipeline | epoch 152/200 — train start (lr=0.00145494, batches=14)
2026-08-26 15:11:41 INFO  scripts.synthetic_model_comparison.training.training_pipeline | epoch 152/200 — train done in 11.3s | avg loss_box=0.5310 loss_cls=0.2807 loss_dfl=0.0129 loss_total=54.3914
2026-08-26 15:11:41 INFO  scripts.synthetic_model_comparison.training.evaluation | evaluating on 4 batches
2026-08-26 15:11:47 INFO  scripts.synthetic_model_comparison.training.training_pipeline | epoch 152/200 — val mAP50=0.9309 mAP50_95=0.6688 (selection mAP50_95=0.6688)
2026-08-26 15:11:48 INFO  scripts.synthetic_model_comparison.training.evaluation | mlflow: logged val/mAP50=0.9309 val/mAP50_95=0.6688 (step=151)
2026-08-26 15:11:48 INFO  scripts.synthetic_model_comparison.training.evaluation | mlflow: logged val per-class AP table (12 classes)
2026-08-26 15:11:48 INFO  scripts.synthetic_model_comparison.training.training_pipeline | saved checkpoint: /home/debian/Master-Thesis/scripts/synthetic_model_comparison/training/model_exports/yolo26n-gpt-image-2-low-full-seed44-20260826-142128/best.pt
2026-08-26 15:11:48 INFO  scripts.synthetic_model_comparison.training.training_pipeline | new best mAP50_95=0.6688 at epoch 152
2026-08-26 15:11:48 INFO  scripts.synthetic_model_comparison.training.training_pipeline | saved checkpoint: /home/debian/Master-Thesis/scripts/synthetic_model_comparison/training/model_exports/yolo26n-gpt-image-2-low-full-seed44-20260826-142128/last.pt
2026-08-26 15:11:49 INFO  scripts.synthetic_model_comparison.training.training_pipeline | epoch 152/200 done — next lr=0.00139936, epochs_since_improve=0/20
2026-08-26 15:11:49 INFO  scripts.synthetic_model_comparison.training.training_pipeline | epoch 153/200 — train start (lr=0.00139936, batches=14)
2026-08-26 15:12:00 INFO  scripts.synthetic_model_comparison.training.training_pipeline | epoch 153/200 — train done in 11.5s | avg loss_box=0.5214 loss_cls=0.2897 loss_dfl=0.0127 loss_total=54.2914
2026-08-26 15:12:00 INFO  scripts.synthetic_model_comparison.training.evaluation | evaluating on 4 batches
2026-08-26 15:12:08 INFO  scripts.synthetic_model_comparison.training.training_pipeline | epoch 153/200 — val mAP50=0.9320 mAP50_95=0.6703 (selection mAP50_95=0.6703)
2026-08-26 15:12:09 INFO  scripts.synthetic_model_comparison.training.evaluation | mlflow: logged val/mAP50=0.9320 val/mAP50_95=0.6703 (step=152)
2026-08-26 15:12:09 INFO  scripts.synthetic_model_comparison.training.evaluation | mlflow: logged val per-class AP table (12 classes)
2026-08-26 15:12:09 INFO  scripts.synthetic_model_comparison.training.training_pipeline | saved checkpoint: /home/debian/Master-Thesis/scripts/synthetic_model_comparison/training/model_exports/yolo26n-gpt-image-2-low-full-seed44-20260826-142128/best.pt
2026-08-26 15:12:09 INFO  scripts.synthetic_model_comparison.training.training_pipeline | new best mAP50_95=0.6703 at epoch 153
2026-08-26 15:12:10 INFO  scripts.synthetic_model_comparison.training.training_pipeline | saved checkpoint: /home/debian/Master-Thesis/scripts/synthetic_model_comparison/training/model_exports/yolo26n-gpt-image-2-low-full-seed44-20260826-142128/last.pt
2026-08-26 15:12:10 INFO  scripts.synthetic_model_comparison.training.training_pipeline | epoch 153/200 done — next lr=0.0013447, epochs_since_improve=0/20
2026-08-26 15:12:10 INFO  scripts.synthetic_model_comparison.training.training_pipeline | epoch 154/200 — train start (lr=0.0013447, batches=14)
2026-08-26 15:12:19 INFO  scripts.synthetic_model_comparison.training.training_pipeline | step 2150 | loss_box=0.4599 loss_cls=0.2725 loss_dfl=0.0116 loss_total=49.3212 lr=0.00131004
2026-08-26 15:12:23 INFO  scripts.synthetic_model_comparison.training.training_pipeline | epoch 154/200 — train done in 13.0s | avg loss_box=0.5315 loss_cls=0.2902 loss_dfl=0.0133 loss_total=54.9371
2026-08-26 15:12:23 INFO  scripts.synthetic_model_comparison.training.evaluation | evaluating on 4 batches
2026-08-26 15:12:29 INFO  scripts.synthetic_model_comparison.training.training_pipeline | epoch 154/200 — val mAP50=0.9159 mAP50_95=0.6552 (selection mAP50_95=0.6552)
2026-08-26 15:12:29 INFO  scripts.synthetic_model_comparison.training.evaluation | mlflow: logged val/mAP50=0.9159 val/mAP50_95=0.6552 (step=153)
2026-08-26 15:12:30 INFO  scripts.synthetic_model_comparison.training.evaluation | mlflow: logged val per-class AP table (12 classes)
2026-08-26 15:12:30 INFO  scripts.synthetic_model_comparison.training.training_pipeline | saved checkpoint: /home/debian/Master-Thesis/scripts/synthetic_model_comparison/training/model_exports/yolo26n-gpt-image-2-low-full-seed44-20260826-142128/last.pt
2026-08-26 15:12:30 INFO  scripts.synthetic_model_comparison.training.training_pipeline | epoch 154/200 done — next lr=0.00129096, epochs_since_improve=1/20
2026-08-26 15:12:30 INFO  scripts.synthetic_model_comparison.training.training_pipeline | epoch 155/200 — train start (lr=0.00129096, batches=14)
2026-08-26 15:12:41 INFO  scripts.synthetic_model_comparison.training.training_pipeline | epoch 155/200 — train done in 10.9s | avg loss_box=0.5152 loss_cls=0.2878 loss_dfl=0.0126 loss_total=53.4802
2026-08-26 15:12:41 INFO  scripts.synthetic_model_comparison.training.evaluation | evaluating on 4 batches
2026-08-26 15:12:47 INFO  scripts.synthetic_model_comparison.training.training_pipeline | epoch 155/200 — val mAP50=0.9092 mAP50_95=0.6607 (selection mAP50_95=0.6607)
2026-08-26 15:12:48 INFO  scripts.synthetic_model_comparison.training.evaluation | mlflow: logged val/mAP50=0.9092 val/mAP50_95=0.6607 (step=154)
2026-08-26 15:12:48 INFO  scripts.synthetic_model_comparison.training.evaluation | mlflow: logged val per-class AP table (12 classes)
2026-08-26 15:12:48 INFO  scripts.synthetic_model_comparison.training.training_pipeline | saved checkpoint: /home/debian/Master-Thesis/scripts/synthetic_model_comparison/training/model_exports/yolo26n-gpt-image-2-low-full-seed44-20260826-142128/last.pt
2026-08-26 15:12:49 INFO  scripts.synthetic_model_comparison.training.training_pipeline | epoch 155/200 done — next lr=0.00123817, epochs_since_improve=2/20
2026-08-26 15:12:49 INFO  scripts.synthetic_model_comparison.training.training_pipeline | epoch 156/200 — train start (lr=0.00123817, batches=14)
2026-08-26 15:13:00 INFO  scripts.synthetic_model_comparison.training.training_pipeline | epoch 156/200 — train done in 11.2s | avg loss_box=0.5233 loss_cls=0.2707 loss_dfl=0.0128 loss_total=53.2307
2026-08-26 15:13:00 INFO  scripts.synthetic_model_comparison.training.evaluation | evaluating on 4 batches
2026-08-26 15:13:06 INFO  scripts.synthetic_model_comparison.training.training_pipeline | epoch 156/200 — val mAP50=0.8995 mAP50_95=0.6577 (selection mAP50_95=0.6577)
2026-08-26 15:13:07 INFO  scripts.synthetic_model_comparison.training.evaluation | mlflow: logged val/mAP50=0.8995 val/mAP50_95=0.6577 (step=155)
2026-08-26 15:13:07 INFO  scripts.synthetic_model_comparison.training.evaluation | mlflow: logged val per-class AP table (12 classes)
2026-08-26 15:13:07 INFO  scripts.synthetic_model_comparison.training.training_pipeline | saved checkpoint: /home/debian/Master-Thesis/scripts/synthetic_model_comparison/training/model_exports/yolo26n-gpt-image-2-low-full-seed44-20260826-142128/last.pt
2026-08-26 15:13:08 INFO  scripts.synthetic_model_comparison.training.training_pipeline | epoch 156/200 done — next lr=0.00118634, epochs_since_improve=3/20
2026-08-26 15:13:08 INFO  scripts.synthetic_model_comparison.training.training_pipeline | epoch 157/200 — train start (lr=0.00118634, batches=14)
2026-08-26 15:13:19 INFO  scripts.synthetic_model_comparison.training.training_pipeline | epoch 157/200 — train done in 11.1s | avg loss_box=0.5198 loss_cls=0.2910 loss_dfl=0.0124 loss_total=54.0263
2026-08-26 15:13:19 INFO  scripts.synthetic_model_comparison.training.evaluation | evaluating on 4 batches
2026-08-26 15:13:25 INFO  scripts.synthetic_model_comparison.training.training_pipeline | epoch 157/200 — val mAP50=0.9010 mAP50_95=0.6590 (selection mAP50_95=0.6590)
2026-08-26 15:13:26 INFO  scripts.synthetic_model_comparison.training.evaluation | mlflow: logged val/mAP50=0.9010 val/mAP50_95=0.6590 (step=156)
2026-08-26 15:13:26 INFO  scripts.synthetic_model_comparison.training.evaluation | mlflow: logged val per-class AP table (12 classes)
2026-08-26 15:13:26 INFO  scripts.synthetic_model_comparison.training.training_pipeline | saved checkpoint: /home/debian/Master-Thesis/scripts/synthetic_model_comparison/training/model_exports/yolo26n-gpt-image-2-low-full-seed44-20260826-142128/last.pt
2026-08-26 15:13:26 INFO  scripts.synthetic_model_comparison.training.training_pipeline | epoch 157/200 done — next lr=0.00113548, epochs_since_improve=4/20
2026-08-26 15:13:26 INFO  scripts.synthetic_model_comparison.training.training_pipeline | epoch 158/200 — train start (lr=0.00113548, batches=14)
2026-08-26 15:13:33 INFO  scripts.synthetic_model_comparison.training.training_pipeline | step 2200 | loss_box=0.4750 loss_cls=0.2134 loss_dfl=0.0107 loss_total=47.0001 lr=0.00112471
2026-08-26 15:13:38 INFO  scripts.synthetic_model_comparison.training.training_pipeline | epoch 158/200 — train done in 12.1s | avg loss_box=0.5224 loss_cls=0.2823 loss_dfl=0.0127 loss_total=53.6402
2026-08-26 15:13:38 INFO  scripts.synthetic_model_comparison.training.evaluation | evaluating on 4 batches
2026-08-26 15:13:44 INFO  scripts.synthetic_model_comparison.training.training_pipeline | epoch 158/200 — val mAP50=0.9201 mAP50_95=0.6714 (selection mAP50_95=0.6714)
2026-08-26 15:13:45 INFO  scripts.synthetic_model_comparison.training.evaluation | mlflow: logged val/mAP50=0.9201 val/mAP50_95=0.6714 (step=157)
2026-08-26 15:13:45 INFO  scripts.synthetic_model_comparison.training.evaluation | mlflow: logged val per-class AP table (12 classes)
2026-08-26 15:13:46 INFO  scripts.synthetic_model_comparison.training.training_pipeline | saved checkpoint: /home/debian/Master-Thesis/scripts/synthetic_model_comparison/training/model_exports/yolo26n-gpt-image-2-low-full-seed44-20260826-142128/best.pt
2026-08-26 15:13:46 INFO  scripts.synthetic_model_comparison.training.training_pipeline | new best mAP50_95=0.6714 at epoch 158
2026-08-26 15:13:46 INFO  scripts.synthetic_model_comparison.training.training_pipeline | saved checkpoint: /home/debian/Master-Thesis/scripts/synthetic_model_comparison/training/model_exports/yolo26n-gpt-image-2-low-full-seed44-20260826-142128/last.pt
2026-08-26 15:13:46 INFO  scripts.synthetic_model_comparison.training.training_pipeline | epoch 158/200 done — next lr=0.0010856, epochs_since_improve=0/20
2026-08-26 15:13:46 INFO  scripts.synthetic_model_comparison.training.training_pipeline | epoch 159/200 — train start (lr=0.0010856, batches=14)
2026-08-26 15:13:57 INFO  scripts.synthetic_model_comparison.training.training_pipeline | epoch 159/200 — train done in 10.7s | avg loss_box=0.4946 loss_cls=0.2649 loss_dfl=0.0121 loss_total=51.1314
2026-08-26 15:13:57 INFO  scripts.synthetic_model_comparison.training.evaluation | evaluating on 4 batches
2026-08-26 15:14:03 INFO  scripts.synthetic_model_comparison.training.training_pipeline | epoch 159/200 — val mAP50=0.9257 mAP50_95=0.6712 (selection mAP50_95=0.6712)
2026-08-26 15:14:04 INFO  scripts.synthetic_model_comparison.training.evaluation | mlflow: logged val/mAP50=0.9257 val/mAP50_95=0.6712 (step=158)
2026-08-26 15:14:04 INFO  scripts.synthetic_model_comparison.training.evaluation | mlflow: logged val per-class AP table (12 classes)
2026-08-26 15:14:05 INFO  scripts.synthetic_model_comparison.training.training_pipeline | saved checkpoint: /home/debian/Master-Thesis/scripts/synthetic_model_comparison/training/model_exports/yolo26n-gpt-image-2-low-full-seed44-20260826-142128/last.pt
2026-08-26 15:14:05 INFO  scripts.synthetic_model_comparison.training.training_pipeline | epoch 159/200 done — next lr=0.00103672, epochs_since_improve=1/20
2026-08-26 15:14:05 INFO  scripts.synthetic_model_comparison.training.training_pipeline | epoch 160/200 — train start (lr=0.00103672, batches=14)
2026-08-26 15:14:17 INFO  scripts.synthetic_model_comparison.training.training_pipeline | epoch 160/200 — train done in 11.8s | avg loss_box=0.5157 loss_cls=0.2694 loss_dfl=0.0125 loss_total=52.6800
2026-08-26 15:14:17 INFO  scripts.synthetic_model_comparison.training.evaluation | evaluating on 4 batches
2026-08-26 15:14:23 INFO  scripts.synthetic_model_comparison.training.training_pipeline | epoch 160/200 — val mAP50=0.9282 mAP50_95=0.6666 (selection mAP50_95=0.6666)
2026-08-26 15:14:23 INFO  scripts.synthetic_model_comparison.training.evaluation | mlflow: logged val/mAP50=0.9282 val/mAP50_95=0.6666 (step=159)
2026-08-26 15:14:24 INFO  scripts.synthetic_model_comparison.training.evaluation | mlflow: logged val per-class AP table (12 classes)
2026-08-26 15:14:24 INFO  scripts.synthetic_model_comparison.training.training_pipeline | saved checkpoint: /home/debian/Master-Thesis/scripts/synthetic_model_comparison/training/model_exports/yolo26n-gpt-image-2-low-full-seed44-20260826-142128/last.pt
2026-08-26 15:14:24 INFO  scripts.synthetic_model_comparison.training.training_pipeline | epoch 160/200 done — next lr=0.000988851, epochs_since_improve=2/20
2026-08-26 15:14:24 INFO  scripts.synthetic_model_comparison.training.training_pipeline | epoch 161/200 — train start (lr=0.000988851, batches=14)
2026-08-26 15:14:35 INFO  scripts.synthetic_model_comparison.training.training_pipeline | step 2250 | loss_box=0.5476 loss_cls=0.2343 loss_dfl=0.0144 loss_total=52.6421 lr=0.000951955
2026-08-26 15:14:37 INFO  scripts.synthetic_model_comparison.training.training_pipeline | epoch 161/200 — train done in 13.0s | avg loss_box=0.4987 loss_cls=0.2777 loss_dfl=0.0120 loss_total=51.8703
2026-08-26 15:14:37 INFO  scripts.synthetic_model_comparison.training.evaluation | evaluating on 4 batches
2026-08-26 15:14:43 INFO  scripts.synthetic_model_comparison.training.training_pipeline | epoch 161/200 — val mAP50=0.9305 mAP50_95=0.6688 (selection mAP50_95=0.6688)
2026-08-26 15:14:44 INFO  scripts.synthetic_model_comparison.training.evaluation | mlflow: logged val/mAP50=0.9305 val/mAP50_95=0.6688 (step=160)
2026-08-26 15:14:44 INFO  scripts.synthetic_model_comparison.training.evaluation | mlflow: logged val per-class AP table (12 classes)
2026-08-26 15:14:45 INFO  scripts.synthetic_model_comparison.training.training_pipeline | saved checkpoint: /home/debian/Master-Thesis/scripts/synthetic_model_comparison/training/model_exports/yolo26n-gpt-image-2-low-full-seed44-20260826-142128/last.pt
2026-08-26 15:14:45 INFO  scripts.synthetic_model_comparison.training.training_pipeline | epoch 161/200 done — next lr=0.000942002, epochs_since_improve=3/20
2026-08-26 15:14:45 INFO  scripts.synthetic_model_comparison.training.training_pipeline | epoch 162/200 — train start (lr=0.000942002, batches=14)
2026-08-26 15:14:56 INFO  scripts.synthetic_model_comparison.training.training_pipeline | epoch 162/200 — train done in 11.1s | avg loss_box=0.5074 loss_cls=0.2783 loss_dfl=0.0122 loss_total=52.3336
2026-08-26 15:14:56 INFO  scripts.synthetic_model_comparison.training.evaluation | evaluating on 4 batches
2026-08-26 15:15:04 INFO  scripts.synthetic_model_comparison.training.training_pipeline | epoch 162/200 — val mAP50=0.9295 mAP50_95=0.6755 (selection mAP50_95=0.6755)
2026-08-26 15:15:05 INFO  scripts.synthetic_model_comparison.training.evaluation | mlflow: logged val/mAP50=0.9295 val/mAP50_95=0.6755 (step=161)
2026-08-26 15:15:05 INFO  scripts.synthetic_model_comparison.training.evaluation | mlflow: logged val per-class AP table (12 classes)
2026-08-26 15:15:05 INFO  scripts.synthetic_model_comparison.training.training_pipeline | saved checkpoint: /home/debian/Master-Thesis/scripts/synthetic_model_comparison/training/model_exports/yolo26n-gpt-image-2-low-full-seed44-20260826-142128/best.pt
2026-08-26 15:15:05 INFO  scripts.synthetic_model_comparison.training.training_pipeline | new best mAP50_95=0.6755 at epoch 162
2026-08-26 15:15:05 INFO  scripts.synthetic_model_comparison.training.training_pipeline | saved checkpoint: /home/debian/Master-Thesis/scripts/synthetic_model_comparison/training/model_exports/yolo26n-gpt-image-2-low-full-seed44-20260826-142128/last.pt
2026-08-26 15:15:06 INFO  scripts.synthetic_model_comparison.training.training_pipeline | epoch 162/200 done — next lr=0.000896186, epochs_since_improve=0/20
2026-08-26 15:15:06 INFO  scripts.synthetic_model_comparison.training.training_pipeline | epoch 163/200 — train start (lr=0.000896186, batches=14)
2026-08-26 15:15:17 INFO  scripts.synthetic_model_comparison.training.training_pipeline | epoch 163/200 — train done in 11.1s | avg loss_box=0.4867 loss_cls=0.2532 loss_dfl=0.0117 loss_total=49.8961
2026-08-26 15:15:17 INFO  scripts.synthetic_model_comparison.training.evaluation | evaluating on 4 batches
2026-08-26 15:15:22 INFO  scripts.synthetic_model_comparison.training.training_pipeline | epoch 163/200 — val mAP50=0.9291 mAP50_95=0.6757 (selection mAP50_95=0.6757)
2026-08-26 15:15:23 INFO  scripts.synthetic_model_comparison.training.evaluation | mlflow: logged val/mAP50=0.9291 val/mAP50_95=0.6757 (step=162)
2026-08-26 15:15:24 INFO  scripts.synthetic_model_comparison.training.evaluation | mlflow: logged val per-class AP table (12 classes)
2026-08-26 15:15:24 INFO  scripts.synthetic_model_comparison.training.training_pipeline | saved checkpoint: /home/debian/Master-Thesis/scripts/synthetic_model_comparison/training/model_exports/yolo26n-gpt-image-2-low-full-seed44-20260826-142128/last.pt
2026-08-26 15:15:24 INFO  scripts.synthetic_model_comparison.training.training_pipeline | epoch 163/200 done — next lr=0.000851414, epochs_since_improve=1/20
2026-08-26 15:15:24 INFO  scripts.synthetic_model_comparison.training.training_pipeline | epoch 164/200 — train start (lr=0.000851414, batches=14)
2026-08-26 15:15:35 INFO  scripts.synthetic_model_comparison.training.training_pipeline | epoch 164/200 — train done in 11.2s | avg loss_box=0.5046 loss_cls=0.2571 loss_dfl=0.0123 loss_total=50.9020
2026-08-26 15:15:35 INFO  scripts.synthetic_model_comparison.training.evaluation | evaluating on 4 batches
2026-08-26 15:15:41 INFO  scripts.synthetic_model_comparison.training.training_pipeline | epoch 164/200 — val mAP50=0.9204 mAP50_95=0.6702 (selection mAP50_95=0.6702)
2026-08-26 15:15:42 INFO  scripts.synthetic_model_comparison.training.evaluation | mlflow: logged val/mAP50=0.9204 val/mAP50_95=0.6702 (step=163)
2026-08-26 15:15:42 INFO  scripts.synthetic_model_comparison.training.evaluation | mlflow: logged val per-class AP table (12 classes)
2026-08-26 15:15:42 INFO  scripts.synthetic_model_comparison.training.training_pipeline | saved checkpoint: /home/debian/Master-Thesis/scripts/synthetic_model_comparison/training/model_exports/yolo26n-gpt-image-2-low-full-seed44-20260826-142128/last.pt
2026-08-26 15:15:43 INFO  scripts.synthetic_model_comparison.training.training_pipeline | epoch 164/200 done — next lr=0.000807699, epochs_since_improve=2/20
2026-08-26 15:15:43 INFO  scripts.synthetic_model_comparison.training.training_pipeline | epoch 165/200 — train start (lr=0.000807699, batches=14)
2026-08-26 15:15:51 INFO  scripts.synthetic_model_comparison.training.training_pipeline | step 2300 | loss_box=0.5265 loss_cls=0.2895 loss_dfl=0.0109 loss_total=53.6653 lr=0.000792345
2026-08-26 15:15:56 INFO  scripts.synthetic_model_comparison.training.training_pipeline | epoch 165/200 — train done in 13.0s | avg loss_box=0.4888 loss_cls=0.2587 loss_dfl=0.0121 loss_total=50.1751
2026-08-26 15:15:56 INFO  scripts.synthetic_model_comparison.training.evaluation | evaluating on 4 batches
2026-08-26 15:16:02 INFO  scripts.synthetic_model_comparison.training.training_pipeline | epoch 165/200 — val mAP50=0.9257 mAP50_95=0.6708 (selection mAP50_95=0.6708)
2026-08-26 15:16:02 INFO  scripts.synthetic_model_comparison.training.evaluation | mlflow: logged val/mAP50=0.9257 val/mAP50_95=0.6708 (step=164)
2026-08-26 15:16:03 INFO  scripts.synthetic_model_comparison.training.evaluation | mlflow: logged val per-class AP table (12 classes)
2026-08-26 15:16:03 INFO  scripts.synthetic_model_comparison.training.training_pipeline | saved checkpoint: /home/debian/Master-Thesis/scripts/synthetic_model_comparison/training/model_exports/yolo26n-gpt-image-2-low-full-seed44-20260826-142128/last.pt
2026-08-26 15:16:03 INFO  scripts.synthetic_model_comparison.training.training_pipeline | epoch 165/200 done — next lr=0.000765051, epochs_since_improve=3/20
2026-08-26 15:16:03 INFO  scripts.synthetic_model_comparison.training.training_pipeline | epoch 166/200 — train start (lr=0.000765051, batches=14)
2026-08-26 15:16:14 INFO  scripts.synthetic_model_comparison.training.training_pipeline | epoch 166/200 — train done in 10.8s | avg loss_box=0.4592 loss_cls=0.2411 loss_dfl=0.0114 loss_total=47.2914
2026-08-26 15:16:14 INFO  scripts.synthetic_model_comparison.training.evaluation | evaluating on 4 batches
2026-08-26 15:16:20 INFO  scripts.synthetic_model_comparison.training.training_pipeline | epoch 166/200 — val mAP50=0.9221 mAP50_95=0.6724 (selection mAP50_95=0.6724)
2026-08-26 15:16:21 INFO  scripts.synthetic_model_comparison.training.evaluation | mlflow: logged val/mAP50=0.9221 val/mAP50_95=0.6724 (step=165)
2026-08-26 15:16:21 INFO  scripts.synthetic_model_comparison.training.evaluation | mlflow: logged val per-class AP table (12 classes)
2026-08-26 15:16:21 INFO  scripts.synthetic_model_comparison.training.training_pipeline | saved checkpoint: /home/debian/Master-Thesis/scripts/synthetic_model_comparison/training/model_exports/yolo26n-gpt-image-2-low-full-seed44-20260826-142128/last.pt
2026-08-26 15:16:22 INFO  scripts.synthetic_model_comparison.training.training_pipeline | epoch 166/200 done — next lr=0.000723482, epochs_since_improve=4/20
2026-08-26 15:16:22 INFO  scripts.synthetic_model_comparison.training.training_pipeline | epoch 167/200 — train start (lr=0.000723482, batches=14)
2026-08-26 15:16:33 INFO  scripts.synthetic_model_comparison.training.training_pipeline | epoch 167/200 — train done in 11.7s | avg loss_box=0.4646 loss_cls=0.2364 loss_dfl=0.0111 loss_total=47.3204
2026-08-26 15:16:33 INFO  scripts.synthetic_model_comparison.training.evaluation | evaluating on 4 batches
2026-08-26 15:16:39 INFO  scripts.synthetic_model_comparison.training.training_pipeline | epoch 167/200 — val mAP50=0.9111 mAP50_95=0.6691 (selection mAP50_95=0.6691)
2026-08-26 15:16:40 INFO  scripts.synthetic_model_comparison.training.evaluation | mlflow: logged val/mAP50=0.9111 val/mAP50_95=0.6691 (step=166)
2026-08-26 15:16:40 INFO  scripts.synthetic_model_comparison.training.evaluation | mlflow: logged val per-class AP table (12 classes)
2026-08-26 15:16:40 INFO  scripts.synthetic_model_comparison.training.training_pipeline | saved checkpoint: /home/debian/Master-Thesis/scripts/synthetic_model_comparison/training/model_exports/yolo26n-gpt-image-2-low-full-seed44-20260826-142128/last.pt
2026-08-26 15:16:41 INFO  scripts.synthetic_model_comparison.training.training_pipeline | epoch 167/200 done — next lr=0.000683001, epochs_since_improve=5/20
2026-08-26 15:16:41 INFO  scripts.synthetic_model_comparison.training.training_pipeline | epoch 168/200 — train start (lr=0.000683001, batches=14)
2026-08-26 15:16:52 INFO  scripts.synthetic_model_comparison.training.training_pipeline | step 2350 | loss_box=0.4518 loss_cls=0.2866 loss_dfl=0.0108 loss_total=48.5780 lr=0.000646396
2026-08-26 15:16:54 INFO  scripts.synthetic_model_comparison.training.training_pipeline | epoch 168/200 — train done in 12.8s | avg loss_box=0.4496 loss_cls=0.2510 loss_dfl=0.0110 loss_total=47.0321
2026-08-26 15:16:54 INFO  scripts.synthetic_model_comparison.training.evaluation | evaluating on 4 batches
2026-08-26 15:16:59 INFO  scripts.synthetic_model_comparison.training.training_pipeline | epoch 168/200 — val mAP50=0.9175 mAP50_95=0.6683 (selection mAP50_95=0.6683)
2026-08-26 15:17:00 INFO  scripts.synthetic_model_comparison.training.evaluation | mlflow: logged val/mAP50=0.9175 val/mAP50_95=0.6683 (step=167)
2026-08-26 15:17:00 INFO  scripts.synthetic_model_comparison.training.evaluation | mlflow: logged val per-class AP table (12 classes)
2026-08-26 15:17:01 INFO  scripts.synthetic_model_comparison.training.training_pipeline | saved checkpoint: /home/debian/Master-Thesis/scripts/synthetic_model_comparison/training/model_exports/yolo26n-gpt-image-2-low-full-seed44-20260826-142128/last.pt
2026-08-26 15:17:01 INFO  scripts.synthetic_model_comparison.training.training_pipeline | epoch 168/200 done — next lr=0.00064362, epochs_since_improve=6/20
2026-08-26 15:17:01 INFO  scripts.synthetic_model_comparison.training.training_pipeline | epoch 169/200 — train start (lr=0.00064362, batches=14)
2026-08-26 15:17:12 INFO  scripts.synthetic_model_comparison.training.training_pipeline | epoch 169/200 — train done in 11.1s | avg loss_box=0.4761 loss_cls=0.2494 loss_dfl=0.0115 loss_total=48.7344
2026-08-26 15:17:12 INFO  scripts.synthetic_model_comparison.training.evaluation | evaluating on 4 batches
2026-08-26 15:17:18 INFO  scripts.synthetic_model_comparison.training.training_pipeline | epoch 169/200 — val mAP50=0.9152 mAP50_95=0.6620 (selection mAP50_95=0.6620)
2026-08-26 15:17:19 INFO  scripts.synthetic_model_comparison.training.evaluation | mlflow: logged val/mAP50=0.9152 val/mAP50_95=0.6620 (step=168)
2026-08-26 15:17:19 INFO  scripts.synthetic_model_comparison.training.evaluation | mlflow: logged val per-class AP table (12 classes)
2026-08-26 15:17:19 INFO  scripts.synthetic_model_comparison.training.training_pipeline | saved checkpoint: /home/debian/Master-Thesis/scripts/synthetic_model_comparison/training/model_exports/yolo26n-gpt-image-2-low-full-seed44-20260826-142128/last.pt
2026-08-26 15:17:20 INFO  scripts.synthetic_model_comparison.training.training_pipeline | epoch 169/200 done — next lr=0.000605347, epochs_since_improve=7/20
2026-08-26 15:17:20 INFO  scripts.synthetic_model_comparison.training.training_pipeline | epoch 170/200 — train start (lr=0.000605347, batches=14)
2026-08-26 15:17:31 INFO  scripts.synthetic_model_comparison.training.training_pipeline | epoch 170/200 — train done in 11.8s | avg loss_box=0.4753 loss_cls=0.2295 loss_dfl=0.0117 loss_total=47.7392
2026-08-26 15:17:31 INFO  scripts.synthetic_model_comparison.training.evaluation | evaluating on 4 batches
2026-08-26 15:17:37 INFO  scripts.synthetic_model_comparison.training.training_pipeline | epoch 170/200 — val mAP50=0.9239 mAP50_95=0.6705 (selection mAP50_95=0.6705)
2026-08-26 15:17:38 INFO  scripts.synthetic_model_comparison.training.evaluation | mlflow: logged val/mAP50=0.9239 val/mAP50_95=0.6705 (step=169)
2026-08-26 15:17:38 INFO  scripts.synthetic_model_comparison.training.evaluation | mlflow: logged val per-class AP table (12 classes)
2026-08-26 15:17:39 INFO  scripts.synthetic_model_comparison.training.training_pipeline | saved checkpoint: /home/debian/Master-Thesis/scripts/synthetic_model_comparison/training/model_exports/yolo26n-gpt-image-2-low-full-seed44-20260826-142128/last.pt
2026-08-26 15:17:39 INFO  scripts.synthetic_model_comparison.training.training_pipeline | epoch 170/200 done — next lr=0.000568194, epochs_since_improve=8/20
2026-08-26 15:17:39 INFO  scripts.synthetic_model_comparison.training.training_pipeline | epoch 171/200 — train start (lr=0.000568194, batches=14)
2026-08-26 15:17:50 INFO  scripts.synthetic_model_comparison.training.training_pipeline | epoch 171/200 — train done in 11.1s | avg loss_box=0.4543 loss_cls=0.2462 loss_dfl=0.0112 loss_total=47.2176
2026-08-26 15:17:50 INFO  scripts.synthetic_model_comparison.training.evaluation | evaluating on 4 batches
2026-08-26 15:17:56 INFO  scripts.synthetic_model_comparison.training.training_pipeline | epoch 171/200 — val mAP50=0.9247 mAP50_95=0.6749 (selection mAP50_95=0.6749)
2026-08-26 15:17:57 INFO  scripts.synthetic_model_comparison.training.evaluation | mlflow: logged val/mAP50=0.9247 val/mAP50_95=0.6749 (step=170)
2026-08-26 15:17:57 INFO  scripts.synthetic_model_comparison.training.evaluation | mlflow: logged val per-class AP table (12 classes)
2026-08-26 15:17:57 INFO  scripts.synthetic_model_comparison.training.training_pipeline | saved checkpoint: /home/debian/Master-Thesis/scripts/synthetic_model_comparison/training/model_exports/yolo26n-gpt-image-2-low-full-seed44-20260826-142128/last.pt
2026-08-26 15:17:58 INFO  scripts.synthetic_model_comparison.training.training_pipeline | epoch 171/200 done — next lr=0.000532169, epochs_since_improve=9/20
2026-08-26 15:17:58 INFO  scripts.synthetic_model_comparison.training.training_pipeline | epoch 172/200 — train start (lr=0.000532169, batches=14)
2026-08-26 15:18:06 INFO  scripts.synthetic_model_comparison.training.training_pipeline | step 2400 | loss_box=0.4701 loss_cls=0.2354 loss_dfl=0.0109 loss_total=47.8388 lr=0.000514582
2026-08-26 15:18:11 INFO  scripts.synthetic_model_comparison.training.training_pipeline | epoch 172/200 — train done in 13.1s | avg loss_box=0.4511 loss_cls=0.2425 loss_dfl=0.0108 loss_total=46.5967
2026-08-26 15:18:11 INFO  scripts.synthetic_model_comparison.training.evaluation | evaluating on 4 batches
2026-08-26 15:18:17 INFO  scripts.synthetic_model_comparison.training.training_pipeline | epoch 172/200 — val mAP50=0.9230 mAP50_95=0.6760 (selection mAP50_95=0.6760)
2026-08-26 15:18:17 INFO  scripts.synthetic_model_comparison.training.evaluation | mlflow: logged val/mAP50=0.9230 val/mAP50_95=0.6760 (step=171)
2026-08-26 15:18:18 INFO  scripts.synthetic_model_comparison.training.evaluation | mlflow: logged val per-class AP table (12 classes)
2026-08-26 15:18:18 INFO  scripts.synthetic_model_comparison.training.training_pipeline | saved checkpoint: /home/debian/Master-Thesis/scripts/synthetic_model_comparison/training/model_exports/yolo26n-gpt-image-2-low-full-seed44-20260826-142128/last.pt
2026-08-26 15:18:18 INFO  scripts.synthetic_model_comparison.training.training_pipeline | epoch 172/200 done — next lr=0.000497281, epochs_since_improve=10/20
2026-08-26 15:18:18 INFO  scripts.synthetic_model_comparison.training.training_pipeline | epoch 173/200 — train start (lr=0.000497281, batches=14)
2026-08-26 15:18:29 INFO  scripts.synthetic_model_comparison.training.training_pipeline | epoch 173/200 — train done in 11.3s | avg loss_box=0.4497 loss_cls=0.2261 loss_dfl=0.0110 loss_total=45.6864
2026-08-26 15:18:30 INFO  scripts.synthetic_model_comparison.training.evaluation | evaluating on 4 batches
2026-08-26 15:18:35 INFO  scripts.synthetic_model_comparison.training.training_pipeline | epoch 173/200 — val mAP50=0.9253 mAP50_95=0.6708 (selection mAP50_95=0.6708)
2026-08-26 15:18:36 INFO  scripts.synthetic_model_comparison.training.evaluation | mlflow: logged val/mAP50=0.9253 val/mAP50_95=0.6708 (step=172)
2026-08-26 15:18:36 INFO  scripts.synthetic_model_comparison.training.evaluation | mlflow: logged val per-class AP table (12 classes)
2026-08-26 15:18:37 INFO  scripts.synthetic_model_comparison.training.training_pipeline | saved checkpoint: /home/debian/Master-Thesis/scripts/synthetic_model_comparison/training/model_exports/yolo26n-gpt-image-2-low-full-seed44-20260826-142128/last.pt
2026-08-26 15:18:37 INFO  scripts.synthetic_model_comparison.training.training_pipeline | epoch 173/200 done — next lr=0.000463539, epochs_since_improve=11/20
2026-08-26 15:18:37 INFO  scripts.synthetic_model_comparison.training.training_pipeline | epoch 174/200 — train start (lr=0.000463539, batches=14)
2026-08-26 15:18:48 INFO  scripts.synthetic_model_comparison.training.training_pipeline | epoch 174/200 — train done in 11.5s | avg loss_box=0.4589 loss_cls=0.2324 loss_dfl=0.0108 loss_total=46.4779
2026-08-26 15:18:48 INFO  scripts.synthetic_model_comparison.training.evaluation | evaluating on 4 batches
2026-08-26 15:18:54 INFO  scripts.synthetic_model_comparison.training.training_pipeline | epoch 174/200 — val mAP50=0.9314 mAP50_95=0.6768 (selection mAP50_95=0.6768)
2026-08-26 15:18:55 INFO  scripts.synthetic_model_comparison.training.evaluation | mlflow: logged val/mAP50=0.9314 val/mAP50_95=0.6768 (step=173)
2026-08-26 15:18:55 INFO  scripts.synthetic_model_comparison.training.evaluation | mlflow: logged val per-class AP table (12 classes)
2026-08-26 15:18:56 INFO  scripts.synthetic_model_comparison.training.training_pipeline | saved checkpoint: /home/debian/Master-Thesis/scripts/synthetic_model_comparison/training/model_exports/yolo26n-gpt-image-2-low-full-seed44-20260826-142128/best.pt
2026-08-26 15:18:56 INFO  scripts.synthetic_model_comparison.training.training_pipeline | new best mAP50_95=0.6768 at epoch 174
2026-08-26 15:18:56 INFO  scripts.synthetic_model_comparison.training.training_pipeline | saved checkpoint: /home/debian/Master-Thesis/scripts/synthetic_model_comparison/training/model_exports/yolo26n-gpt-image-2-low-full-seed44-20260826-142128/last.pt
2026-08-26 15:18:56 INFO  scripts.synthetic_model_comparison.training.training_pipeline | epoch 174/200 done — next lr=0.000430953, epochs_since_improve=0/20
2026-08-26 15:18:56 INFO  scripts.synthetic_model_comparison.training.training_pipeline | epoch 175/200 — train start (lr=0.000430953, batches=14)
2026-08-26 15:19:07 INFO  scripts.synthetic_model_comparison.training.training_pipeline | epoch 175/200 — train done in 11.2s | avg loss_box=0.4413 loss_cls=0.2380 loss_dfl=0.0108 loss_total=45.7765
2026-08-26 15:19:07 INFO  scripts.synthetic_model_comparison.training.evaluation | evaluating on 4 batches
2026-08-26 15:19:13 INFO  scripts.synthetic_model_comparison.training.training_pipeline | epoch 175/200 — val mAP50=0.9299 mAP50_95=0.6748 (selection mAP50_95=0.6748)
2026-08-26 15:19:14 INFO  scripts.synthetic_model_comparison.training.evaluation | mlflow: logged val/mAP50=0.9299 val/mAP50_95=0.6748 (step=174)
2026-08-26 15:19:14 INFO  scripts.synthetic_model_comparison.training.evaluation | mlflow: logged val per-class AP table (12 classes)
2026-08-26 15:19:14 INFO  scripts.synthetic_model_comparison.training.training_pipeline | saved checkpoint: /home/debian/Master-Thesis/scripts/synthetic_model_comparison/training/model_exports/yolo26n-gpt-image-2-low-full-seed44-20260826-142128/last.pt
2026-08-26 15:19:15 INFO  scripts.synthetic_model_comparison.training.training_pipeline | epoch 175/200 done — next lr=0.00039953, epochs_since_improve=1/20
2026-08-26 15:19:15 INFO  scripts.synthetic_model_comparison.training.training_pipeline | epoch 176/200 — train start (lr=0.00039953, batches=14)
2026-08-26 15:19:21 INFO  scripts.synthetic_model_comparison.training.training_pipeline | step 2450 | loss_box=0.3927 loss_cls=0.2336 loss_dfl=0.0095 loss_total=42.3143 lr=0.00039733
2026-08-26 15:19:28 INFO  scripts.synthetic_model_comparison.training.training_pipeline | epoch 176/200 — train done in 12.8s | avg loss_box=0.4368 loss_cls=0.2229 loss_dfl=0.0106 loss_total=44.5467
2026-08-26 15:19:28 INFO  scripts.synthetic_model_comparison.training.evaluation | evaluating on 4 batches
2026-08-26 15:19:34 INFO  scripts.synthetic_model_comparison.training.training_pipeline | epoch 176/200 — val mAP50=0.9273 mAP50_95=0.6727 (selection mAP50_95=0.6727)
2026-08-26 15:19:34 INFO  scripts.synthetic_model_comparison.training.evaluation | mlflow: logged val/mAP50=0.9273 val/mAP50_95=0.6727 (step=175)
2026-08-26 15:19:35 INFO  scripts.synthetic_model_comparison.training.evaluation | mlflow: logged val per-class AP table (12 classes)
2026-08-26 15:19:35 INFO  scripts.synthetic_model_comparison.training.training_pipeline | saved checkpoint: /home/debian/Master-Thesis/scripts/synthetic_model_comparison/training/model_exports/yolo26n-gpt-image-2-low-full-seed44-20260826-142128/last.pt
2026-08-26 15:19:35 INFO  scripts.synthetic_model_comparison.training.training_pipeline | epoch 176/200 done — next lr=0.000369277, epochs_since_improve=2/20
2026-08-26 15:19:35 INFO  scripts.synthetic_model_comparison.training.training_pipeline | epoch 177/200 — train start (lr=0.000369277, batches=14)
2026-08-26 15:19:47 INFO  scripts.synthetic_model_comparison.training.training_pipeline | epoch 177/200 — train done in 11.6s | avg loss_box=0.4530 loss_cls=0.2293 loss_dfl=0.0109 loss_total=45.9366
2026-08-26 15:19:47 INFO  scripts.synthetic_model_comparison.training.evaluation | evaluating on 4 batches
2026-08-26 15:19:53 INFO  scripts.synthetic_model_comparison.training.training_pipeline | epoch 177/200 — val mAP50=0.9314 mAP50_95=0.6779 (selection mAP50_95=0.6779)
2026-08-26 15:19:54 INFO  scripts.synthetic_model_comparison.training.evaluation | mlflow: logged val/mAP50=0.9314 val/mAP50_95=0.6779 (step=176)
2026-08-26 15:19:54 INFO  scripts.synthetic_model_comparison.training.evaluation | mlflow: logged val per-class AP table (12 classes)
2026-08-26 15:19:54 INFO  scripts.synthetic_model_comparison.training.training_pipeline | saved checkpoint: /home/debian/Master-Thesis/scripts/synthetic_model_comparison/training/model_exports/yolo26n-gpt-image-2-low-full-seed44-20260826-142128/best.pt
2026-08-26 15:19:54 INFO  scripts.synthetic_model_comparison.training.training_pipeline | new best mAP50_95=0.6779 at epoch 177
2026-08-26 15:19:54 INFO  scripts.synthetic_model_comparison.training.training_pipeline | saved checkpoint: /home/debian/Master-Thesis/scripts/synthetic_model_comparison/training/model_exports/yolo26n-gpt-image-2-low-full-seed44-20260826-142128/last.pt
2026-08-26 15:19:55 INFO  scripts.synthetic_model_comparison.training.training_pipeline | epoch 177/200 done — next lr=0.000340204, epochs_since_improve=0/20
2026-08-26 15:19:55 INFO  scripts.synthetic_model_comparison.training.training_pipeline | epoch 178/200 — train start (lr=0.000340204, batches=14)
2026-08-26 15:20:06 INFO  scripts.synthetic_model_comparison.training.training_pipeline | epoch 178/200 — train done in 11.0s | avg loss_box=0.4484 loss_cls=0.2281 loss_dfl=0.0108 loss_total=45.5437
2026-08-26 15:20:06 INFO  scripts.synthetic_model_comparison.training.evaluation | evaluating on 4 batches
2026-08-26 15:20:11 INFO  scripts.synthetic_model_comparison.training.training_pipeline | epoch 178/200 — val mAP50=0.9323 mAP50_95=0.6765 (selection mAP50_95=0.6765)
2026-08-26 15:20:12 INFO  scripts.synthetic_model_comparison.training.evaluation | mlflow: logged val/mAP50=0.9323 val/mAP50_95=0.6765 (step=177)
2026-08-26 15:20:12 INFO  scripts.synthetic_model_comparison.training.evaluation | mlflow: logged val per-class AP table (12 classes)
2026-08-26 15:20:12 INFO  scripts.synthetic_model_comparison.training.training_pipeline | saved checkpoint: /home/debian/Master-Thesis/scripts/synthetic_model_comparison/training/model_exports/yolo26n-gpt-image-2-low-full-seed44-20260826-142128/last.pt
2026-08-26 15:20:13 INFO  scripts.synthetic_model_comparison.training.training_pipeline | epoch 178/200 done — next lr=0.000312317, epochs_since_improve=1/20
2026-08-26 15:20:13 INFO  scripts.synthetic_model_comparison.training.training_pipeline | epoch 179/200 — train start (lr=0.000312317, batches=14)
2026-08-26 15:20:23 INFO  scripts.synthetic_model_comparison.training.training_pipeline | step 2500 | loss_box=0.4558 loss_cls=0.2574 loss_dfl=0.0122 loss_total=47.7872 lr=0.00029502
2026-08-26 15:20:27 INFO  scripts.synthetic_model_comparison.training.training_pipeline | epoch 179/200 — train done in 14.0s | avg loss_box=0.4753 loss_cls=0.2457 loss_dfl=0.0119 loss_total=48.0659
2026-08-26 15:20:27 INFO  scripts.synthetic_model_comparison.training.evaluation | evaluating on 4 batches
2026-08-26 15:20:35 INFO  scripts.synthetic_model_comparison.training.training_pipeline | epoch 179/200 — val mAP50=0.9296 mAP50_95=0.6766 (selection mAP50_95=0.6766)
2026-08-26 15:20:35 INFO  scripts.synthetic_model_comparison.training.evaluation | mlflow: logged val/mAP50=0.9296 val/mAP50_95=0.6766 (step=178)
2026-08-26 15:20:36 INFO  scripts.synthetic_model_comparison.training.evaluation | mlflow: logged val per-class AP table (12 classes)
2026-08-26 15:20:36 INFO  scripts.synthetic_model_comparison.training.training_pipeline | saved checkpoint: /home/debian/Master-Thesis/scripts/synthetic_model_comparison/training/model_exports/yolo26n-gpt-image-2-low-full-seed44-20260826-142128/last.pt
2026-08-26 15:20:36 INFO  scripts.synthetic_model_comparison.training.training_pipeline | epoch 179/200 done — next lr=0.000285624, epochs_since_improve=2/20
2026-08-26 15:20:36 INFO  scripts.synthetic_model_comparison.training.training_pipeline | epoch 180/200 — train start (lr=0.000285624, batches=14)
2026-08-26 15:20:48 INFO  scripts.synthetic_model_comparison.training.training_pipeline | epoch 180/200 — train done in 11.3s | avg loss_box=0.4330 loss_cls=0.2259 loss_dfl=0.0103 loss_total=44.3331
2026-08-26 15:20:48 INFO  scripts.synthetic_model_comparison.training.evaluation | evaluating on 4 batches
2026-08-26 15:20:54 INFO  scripts.synthetic_model_comparison.training.training_pipeline | epoch 180/200 — val mAP50=0.9286 mAP50_95=0.6758 (selection mAP50_95=0.6758)
2026-08-26 15:20:54 INFO  scripts.synthetic_model_comparison.training.evaluation | mlflow: logged val/mAP50=0.9286 val/mAP50_95=0.6758 (step=179)
2026-08-26 15:20:55 INFO  scripts.synthetic_model_comparison.training.evaluation | mlflow: logged val per-class AP table (12 classes)
2026-08-26 15:20:55 INFO  scripts.synthetic_model_comparison.training.training_pipeline | saved checkpoint: /home/debian/Master-Thesis/scripts/synthetic_model_comparison/training/model_exports/yolo26n-gpt-image-2-low-full-seed44-20260826-142128/last.pt
2026-08-26 15:20:55 INFO  scripts.synthetic_model_comparison.training.training_pipeline | epoch 180/200 done — next lr=0.000260131, epochs_since_improve=3/20
2026-08-26 15:20:55 INFO  scripts.synthetic_model_comparison.training.training_pipeline | epoch 181/200 — train start (lr=0.000260131, batches=14)
2026-08-26 15:21:06 INFO  scripts.synthetic_model_comparison.training.training_pipeline | epoch 181/200 — train done in 11.0s | avg loss_box=0.4332 loss_cls=0.2361 loss_dfl=0.0106 loss_total=44.9314
2026-08-26 15:21:06 INFO  scripts.synthetic_model_comparison.training.evaluation | evaluating on 4 batches
2026-08-26 15:21:12 INFO  scripts.synthetic_model_comparison.training.training_pipeline | epoch 181/200 — val mAP50=0.9293 mAP50_95=0.6766 (selection mAP50_95=0.6766)
2026-08-26 15:21:13 INFO  scripts.synthetic_model_comparison.training.evaluation | mlflow: logged val/mAP50=0.9293 val/mAP50_95=0.6766 (step=180)
2026-08-26 15:21:13 INFO  scripts.synthetic_model_comparison.training.evaluation | mlflow: logged val per-class AP table (12 classes)
2026-08-26 15:21:13 INFO  scripts.synthetic_model_comparison.training.training_pipeline | saved checkpoint: /home/debian/Master-Thesis/scripts/synthetic_model_comparison/training/model_exports/yolo26n-gpt-image-2-low-full-seed44-20260826-142128/last.pt
2026-08-26 15:21:14 INFO  scripts.synthetic_model_comparison.training.training_pipeline | epoch 181/200 done — next lr=0.000235844, epochs_since_improve=4/20
2026-08-26 15:21:14 INFO  scripts.synthetic_model_comparison.training.training_pipeline | epoch 182/200 — train start (lr=0.000235844, batches=14)
2026-08-26 15:21:25 INFO  scripts.synthetic_model_comparison.training.training_pipeline | epoch 182/200 — train done in 11.0s | avg loss_box=0.4384 loss_cls=0.2322 loss_dfl=0.0105 loss_total=45.0664
2026-08-26 15:21:25 INFO  scripts.synthetic_model_comparison.training.evaluation | evaluating on 4 batches
2026-08-26 15:21:30 INFO  scripts.synthetic_model_comparison.training.training_pipeline | epoch 182/200 — val mAP50=0.9318 mAP50_95=0.6806 (selection mAP50_95=0.6806)
2026-08-26 15:21:31 INFO  scripts.synthetic_model_comparison.training.evaluation | mlflow: logged val/mAP50=0.9318 val/mAP50_95=0.6806 (step=181)
2026-08-26 15:21:31 INFO  scripts.synthetic_model_comparison.training.evaluation | mlflow: logged val per-class AP table (12 classes)
2026-08-26 15:21:32 INFO  scripts.synthetic_model_comparison.training.training_pipeline | saved checkpoint: /home/debian/Master-Thesis/scripts/synthetic_model_comparison/training/model_exports/yolo26n-gpt-image-2-low-full-seed44-20260826-142128/best.pt
2026-08-26 15:21:32 INFO  scripts.synthetic_model_comparison.training.training_pipeline | new best mAP50_95=0.6806 at epoch 182
2026-08-26 15:21:32 INFO  scripts.synthetic_model_comparison.training.training_pipeline | saved checkpoint: /home/debian/Master-Thesis/scripts/synthetic_model_comparison/training/model_exports/yolo26n-gpt-image-2-low-full-seed44-20260826-142128/last.pt
2026-08-26 15:21:32 INFO  scripts.synthetic_model_comparison.training.training_pipeline | epoch 182/200 done — next lr=0.00021277, epochs_since_improve=0/20
2026-08-26 15:21:32 INFO  scripts.synthetic_model_comparison.training.training_pipeline | epoch 183/200 — train start (lr=0.00021277, batches=14)
2026-08-26 15:21:39 INFO  scripts.synthetic_model_comparison.training.training_pipeline | step 2550 | loss_box=0.4103 loss_cls=0.2107 loss_dfl=0.0103 loss_total=41.9342 lr=0.000207984
2026-08-26 15:21:45 INFO  scripts.synthetic_model_comparison.training.training_pipeline | epoch 183/200 — train done in 12.6s | avg loss_box=0.4383 loss_cls=0.2249 loss_dfl=0.0105 loss_total=44.5600
2026-08-26 15:21:45 INFO  scripts.synthetic_model_comparison.training.evaluation | evaluating on 4 batches
2026-08-26 15:21:51 INFO  scripts.synthetic_model_comparison.training.training_pipeline | epoch 183/200 — val mAP50=0.9281 mAP50_95=0.6795 (selection mAP50_95=0.6795)
2026-08-26 15:21:51 INFO  scripts.synthetic_model_comparison.training.evaluation | mlflow: logged val/mAP50=0.9281 val/mAP50_95=0.6795 (step=182)
2026-08-26 15:21:52 INFO  scripts.synthetic_model_comparison.training.evaluation | mlflow: logged val per-class AP table (12 classes)
2026-08-26 15:21:52 INFO  scripts.synthetic_model_comparison.training.training_pipeline | saved checkpoint: /home/debian/Master-Thesis/scripts/synthetic_model_comparison/training/model_exports/yolo26n-gpt-image-2-low-full-seed44-20260826-142128/last.pt
2026-08-26 15:21:52 INFO  scripts.synthetic_model_comparison.training.training_pipeline | epoch 183/200 done — next lr=0.000190915, epochs_since_improve=1/20
2026-08-26 15:21:52 INFO  scripts.synthetic_model_comparison.training.training_pipeline | epoch 184/200 — train start (lr=0.000190915, batches=14)
2026-08-26 15:22:03 INFO  scripts.synthetic_model_comparison.training.training_pipeline | epoch 184/200 — train done in 11.2s | avg loss_box=0.4339 loss_cls=0.2252 loss_dfl=0.0106 loss_total=44.3335
2026-08-26 15:22:03 INFO  scripts.synthetic_model_comparison.training.evaluation | evaluating on 4 batches
2026-08-26 15:22:09 INFO  scripts.synthetic_model_comparison.training.training_pipeline | epoch 184/200 — val mAP50=0.9276 mAP50_95=0.6757 (selection mAP50_95=0.6757)
2026-08-26 15:22:10 INFO  scripts.synthetic_model_comparison.training.evaluation | mlflow: logged val/mAP50=0.9276 val/mAP50_95=0.6757 (step=183)
2026-08-26 15:22:11 INFO  scripts.synthetic_model_comparison.training.evaluation | mlflow: logged val per-class AP table (12 classes)
2026-08-26 15:22:11 INFO  scripts.synthetic_model_comparison.training.training_pipeline | saved checkpoint: /home/debian/Master-Thesis/scripts/synthetic_model_comparison/training/model_exports/yolo26n-gpt-image-2-low-full-seed44-20260826-142128/last.pt
2026-08-26 15:22:11 INFO  scripts.synthetic_model_comparison.training.training_pipeline | epoch 184/200 done — next lr=0.000170284, epochs_since_improve=2/20
2026-08-26 15:22:11 INFO  scripts.synthetic_model_comparison.training.training_pipeline | epoch 185/200 — train start (lr=0.000170284, batches=14)
2026-08-26 15:22:22 INFO  scripts.synthetic_model_comparison.training.training_pipeline | epoch 185/200 — train done in 11.3s | avg loss_box=0.4268 loss_cls=0.2220 loss_dfl=0.0103 loss_total=43.6301
2026-08-26 15:22:22 INFO  scripts.synthetic_model_comparison.training.evaluation | evaluating on 4 batches
2026-08-26 15:22:28 INFO  scripts.synthetic_model_comparison.training.training_pipeline | epoch 185/200 — val mAP50=0.9273 mAP50_95=0.6762 (selection mAP50_95=0.6762)
2026-08-26 15:22:29 INFO  scripts.synthetic_model_comparison.training.evaluation | mlflow: logged val/mAP50=0.9273 val/mAP50_95=0.6762 (step=184)
2026-08-26 15:22:29 INFO  scripts.synthetic_model_comparison.training.evaluation | mlflow: logged val per-class AP table (12 classes)
2026-08-26 15:22:30 INFO  scripts.synthetic_model_comparison.training.training_pipeline | saved checkpoint: /home/debian/Master-Thesis/scripts/synthetic_model_comparison/training/model_exports/yolo26n-gpt-image-2-low-full-seed44-20260826-142128/last.pt
2026-08-26 15:22:30 INFO  scripts.synthetic_model_comparison.training.training_pipeline | epoch 185/200 done — next lr=0.000150883, epochs_since_improve=3/20
2026-08-26 15:22:30 INFO  scripts.synthetic_model_comparison.training.training_pipeline | epoch 186/200 — train start (lr=0.000150883, batches=14)
2026-08-26 15:22:40 INFO  scripts.synthetic_model_comparison.training.training_pipeline | step 2600 | loss_box=0.4416 loss_cls=0.2815 loss_dfl=0.0108 loss_total=47.5425 lr=0.000136504
2026-08-26 15:22:43 INFO  scripts.synthetic_model_comparison.training.training_pipeline | epoch 186/200 — train done in 12.8s | avg loss_box=0.4251 loss_cls=0.2228 loss_dfl=0.0104 loss_total=43.5318
2026-08-26 15:22:43 INFO  scripts.synthetic_model_comparison.training.evaluation | evaluating on 4 batches
2026-08-26 15:22:49 INFO  scripts.synthetic_model_comparison.training.training_pipeline | epoch 186/200 — val mAP50=0.9342 mAP50_95=0.6807 (selection mAP50_95=0.6807)
2026-08-26 15:22:50 INFO  scripts.synthetic_model_comparison.training.evaluation | mlflow: logged val/mAP50=0.9342 val/mAP50_95=0.6807 (step=185)
2026-08-26 15:22:50 INFO  scripts.synthetic_model_comparison.training.evaluation | mlflow: logged val per-class AP table (12 classes)
2026-08-26 15:22:50 INFO  scripts.synthetic_model_comparison.training.training_pipeline | saved checkpoint: /home/debian/Master-Thesis/scripts/synthetic_model_comparison/training/model_exports/yolo26n-gpt-image-2-low-full-seed44-20260826-142128/last.pt
2026-08-26 15:22:51 INFO  scripts.synthetic_model_comparison.training.training_pipeline | epoch 186/200 done — next lr=0.000132716, epochs_since_improve=4/20
2026-08-26 15:22:51 INFO  scripts.synthetic_model_comparison.training.training_pipeline | epoch 187/200 — train start (lr=0.000132716, batches=14)
2026-08-26 15:23:02 INFO  scripts.synthetic_model_comparison.training.training_pipeline | epoch 187/200 — train done in 11.4s | avg loss_box=0.4144 loss_cls=0.2366 loss_dfl=0.0102 loss_total=43.6174
2026-08-26 15:23:02 INFO  scripts.synthetic_model_comparison.training.evaluation | evaluating on 4 batches
2026-08-26 15:23:08 INFO  scripts.synthetic_model_comparison.training.training_pipeline | epoch 187/200 — val mAP50=0.9345 mAP50_95=0.6793 (selection mAP50_95=0.6793)
2026-08-26 15:23:09 INFO  scripts.synthetic_model_comparison.training.evaluation | mlflow: logged val/mAP50=0.9345 val/mAP50_95=0.6793 (step=186)
2026-08-26 15:23:09 INFO  scripts.synthetic_model_comparison.training.evaluation | mlflow: logged val per-class AP table (12 classes)
2026-08-26 15:23:09 INFO  scripts.synthetic_model_comparison.training.training_pipeline | saved checkpoint: /home/debian/Master-Thesis/scripts/synthetic_model_comparison/training/model_exports/yolo26n-gpt-image-2-low-full-seed44-20260826-142128/last.pt
2026-08-26 15:23:09 INFO  scripts.synthetic_model_comparison.training.training_pipeline | epoch 187/200 done — next lr=0.000115788, epochs_since_improve=5/20
2026-08-26 15:23:09 INFO  scripts.synthetic_model_comparison.training.training_pipeline | epoch 188/200 — train start (lr=0.000115788, batches=14)
2026-08-26 15:23:21 INFO  scripts.synthetic_model_comparison.training.training_pipeline | epoch 188/200 — train done in 11.2s | avg loss_box=0.4194 loss_cls=0.2216 loss_dfl=0.0103 loss_total=43.1375
2026-08-26 15:23:21 INFO  scripts.synthetic_model_comparison.training.evaluation | evaluating on 4 batches
2026-08-26 15:23:27 INFO  scripts.synthetic_model_comparison.training.training_pipeline | epoch 188/200 — val mAP50=0.9345 mAP50_95=0.6839 (selection mAP50_95=0.6839)
2026-08-26 15:23:27 INFO  scripts.synthetic_model_comparison.training.evaluation | mlflow: logged val/mAP50=0.9345 val/mAP50_95=0.6839 (step=187)
2026-08-26 15:23:28 INFO  scripts.synthetic_model_comparison.training.evaluation | mlflow: logged val per-class AP table (12 classes)
2026-08-26 15:23:28 INFO  scripts.synthetic_model_comparison.training.training_pipeline | saved checkpoint: /home/debian/Master-Thesis/scripts/synthetic_model_comparison/training/model_exports/yolo26n-gpt-image-2-low-full-seed44-20260826-142128/best.pt
2026-08-26 15:23:28 INFO  scripts.synthetic_model_comparison.training.training_pipeline | new best mAP50_95=0.6839 at epoch 188
2026-08-26 15:23:28 INFO  scripts.synthetic_model_comparison.training.training_pipeline | saved checkpoint: /home/debian/Master-Thesis/scripts/synthetic_model_comparison/training/model_exports/yolo26n-gpt-image-2-low-full-seed44-20260826-142128/last.pt
2026-08-26 15:23:28 INFO  scripts.synthetic_model_comparison.training.training_pipeline | epoch 188/200 done — next lr=0.000100103, epochs_since_improve=0/20
2026-08-26 15:23:28 INFO  scripts.synthetic_model_comparison.training.training_pipeline | epoch 189/200 — train start (lr=0.000100103, batches=14)
2026-08-26 15:23:39 INFO  scripts.synthetic_model_comparison.training.training_pipeline | epoch 189/200 — train done in 11.2s | avg loss_box=0.4293 loss_cls=0.2123 loss_dfl=0.0108 loss_total=43.1681
2026-08-26 15:23:39 INFO  scripts.synthetic_model_comparison.training.evaluation | evaluating on 4 batches
2026-08-26 15:23:47 INFO  scripts.synthetic_model_comparison.training.training_pipeline | epoch 189/200 — val mAP50=0.9341 mAP50_95=0.6832 (selection mAP50_95=0.6832)
2026-08-26 15:23:48 INFO  scripts.synthetic_model_comparison.training.evaluation | mlflow: logged val/mAP50=0.9341 val/mAP50_95=0.6832 (step=188)
2026-08-26 15:23:48 INFO  scripts.synthetic_model_comparison.training.evaluation | mlflow: logged val per-class AP table (12 classes)
2026-08-26 15:23:48 INFO  scripts.synthetic_model_comparison.training.training_pipeline | saved checkpoint: /home/debian/Master-Thesis/scripts/synthetic_model_comparison/training/model_exports/yolo26n-gpt-image-2-low-full-seed44-20260826-142128/last.pt
2026-08-26 15:23:49 INFO  scripts.synthetic_model_comparison.training.training_pipeline | epoch 189/200 done — next lr=8.56659e-05, epochs_since_improve=1/20
2026-08-26 15:23:49 INFO  scripts.synthetic_model_comparison.training.training_pipeline | epoch 190/200 — train start (lr=8.56659e-05, batches=14)
2026-08-26 15:23:56 INFO  scripts.synthetic_model_comparison.training.training_pipeline | step 2650 | loss_box=0.4467 loss_cls=0.2038 loss_dfl=0.0103 loss_total=43.7147 lr=8.08127e-05
2026-08-26 15:24:01 INFO  scripts.synthetic_model_comparison.training.training_pipeline | epoch 190/200 — train done in 12.5s | avg loss_box=0.4251 loss_cls=0.2194 loss_dfl=0.0103 loss_total=43.2594
2026-08-26 15:24:01 INFO  scripts.synthetic_model_comparison.training.evaluation | evaluating on 4 batches
2026-08-26 15:24:07 INFO  scripts.synthetic_model_comparison.training.training_pipeline | epoch 190/200 — val mAP50=0.9361 mAP50_95=0.6839 (selection mAP50_95=0.6839)
2026-08-26 15:24:08 INFO  scripts.synthetic_model_comparison.training.evaluation | mlflow: logged val/mAP50=0.9361 val/mAP50_95=0.6839 (step=189)
2026-08-26 15:24:08 INFO  scripts.synthetic_model_comparison.training.evaluation | mlflow: logged val per-class AP table (12 classes)
2026-08-26 15:24:08 INFO  scripts.synthetic_model_comparison.training.training_pipeline | saved checkpoint: /home/debian/Master-Thesis/scripts/synthetic_model_comparison/training/model_exports/yolo26n-gpt-image-2-low-full-seed44-20260826-142128/last.pt
2026-08-26 15:24:09 INFO  scripts.synthetic_model_comparison.training.training_pipeline | epoch 190/200 done — next lr=7.24797e-05, epochs_since_improve=2/20
2026-08-26 15:24:09 INFO  scripts.synthetic_model_comparison.training.training_pipeline | epoch 191/200 — train start (lr=7.24797e-05, batches=14)
2026-08-26 15:24:20 INFO  scripts.synthetic_model_comparison.training.training_pipeline | epoch 191/200 — train done in 10.8s | avg loss_box=0.4016 loss_cls=0.2146 loss_dfl=0.0099 loss_total=41.4197
2026-08-26 15:24:20 INFO  scripts.synthetic_model_comparison.training.evaluation | evaluating on 4 batches
2026-08-26 15:24:27 INFO  scripts.synthetic_model_comparison.training.training_pipeline | epoch 191/200 — val mAP50=0.9363 mAP50_95=0.6856 (selection mAP50_95=0.6856)
2026-08-26 15:24:27 INFO  scripts.synthetic_model_comparison.training.evaluation | mlflow: logged val/mAP50=0.9363 val/mAP50_95=0.6856 (step=190)
2026-08-26 15:24:28 INFO  scripts.synthetic_model_comparison.training.evaluation | mlflow: logged val per-class AP table (12 classes)
2026-08-26 15:24:28 INFO  scripts.synthetic_model_comparison.training.training_pipeline | saved checkpoint: /home/debian/Master-Thesis/scripts/synthetic_model_comparison/training/model_exports/yolo26n-gpt-image-2-low-full-seed44-20260826-142128/best.pt
2026-08-26 15:24:28 INFO  scripts.synthetic_model_comparison.training.training_pipeline | new best mAP50_95=0.6856 at epoch 191
2026-08-26 15:24:28 INFO  scripts.synthetic_model_comparison.training.training_pipeline | saved checkpoint: /home/debian/Master-Thesis/scripts/synthetic_model_comparison/training/model_exports/yolo26n-gpt-image-2-low-full-seed44-20260826-142128/last.pt
2026-08-26 15:24:28 INFO  scripts.synthetic_model_comparison.training.training_pipeline | epoch 191/200 done — next lr=6.05479e-05, epochs_since_improve=0/20
2026-08-26 15:24:28 INFO  scripts.synthetic_model_comparison.training.training_pipeline | epoch 192/200 — train start (lr=6.05479e-05, batches=14)
2026-08-26 15:24:39 INFO  scripts.synthetic_model_comparison.training.training_pipeline | epoch 192/200 — train done in 10.8s | avg loss_box=0.4267 loss_cls=0.2228 loss_dfl=0.0102 loss_total=43.4094
2026-08-26 15:24:39 INFO  scripts.synthetic_model_comparison.training.evaluation | evaluating on 4 batches
2026-08-26 15:24:45 INFO  scripts.synthetic_model_comparison.training.training_pipeline | epoch 192/200 — val mAP50=0.9339 mAP50_95=0.6826 (selection mAP50_95=0.6826)
2026-08-26 15:24:46 INFO  scripts.synthetic_model_comparison.training.evaluation | mlflow: logged val/mAP50=0.9339 val/mAP50_95=0.6826 (step=191)
2026-08-26 15:24:46 INFO  scripts.synthetic_model_comparison.training.evaluation | mlflow: logged val per-class AP table (12 classes)
2026-08-26 15:24:46 INFO  scripts.synthetic_model_comparison.training.training_pipeline | saved checkpoint: /home/debian/Master-Thesis/scripts/synthetic_model_comparison/training/model_exports/yolo26n-gpt-image-2-low-full-seed44-20260826-142128/last.pt
2026-08-26 15:24:46 INFO  scripts.synthetic_model_comparison.training.training_pipeline | epoch 192/200 done — next lr=4.98735e-05, epochs_since_improve=1/20
2026-08-26 15:24:46 INFO  scripts.synthetic_model_comparison.training.training_pipeline | epoch 193/200 — train start (lr=4.98735e-05, batches=14)
2026-08-26 15:24:57 INFO  scripts.synthetic_model_comparison.training.training_pipeline | step 2700 | loss_box=0.4196 loss_cls=0.2558 loss_dfl=0.0099 loss_total=45.0198 lr=4.10898e-05
2026-08-26 15:24:59 INFO  scripts.synthetic_model_comparison.training.training_pipeline | epoch 193/200 — train done in 12.7s | avg loss_box=0.4173 loss_cls=0.2150 loss_dfl=0.0102 loss_total=42.3989
2026-08-26 15:24:59 INFO  scripts.synthetic_model_comparison.training.evaluation | evaluating on 4 batches
2026-08-26 15:25:05 INFO  scripts.synthetic_model_comparison.training.training_pipeline | epoch 193/200 — val mAP50=0.9329 mAP50_95=0.6803 (selection mAP50_95=0.6803)
2026-08-26 15:25:06 INFO  scripts.synthetic_model_comparison.training.evaluation | mlflow: logged val/mAP50=0.9329 val/mAP50_95=0.6803 (step=192)
2026-08-26 15:25:06 INFO  scripts.synthetic_model_comparison.training.evaluation | mlflow: logged val per-class AP table (12 classes)
2026-08-26 15:25:07 INFO  scripts.synthetic_model_comparison.training.training_pipeline | saved checkpoint: /home/debian/Master-Thesis/scripts/synthetic_model_comparison/training/model_exports/yolo26n-gpt-image-2-low-full-seed44-20260826-142128/last.pt
2026-08-26 15:25:07 INFO  scripts.synthetic_model_comparison.training.training_pipeline | epoch 193/200 done — next lr=4.04592e-05, epochs_since_improve=2/20
2026-08-26 15:25:07 INFO  scripts.synthetic_model_comparison.training.training_pipeline | epoch 194/200 — train start (lr=4.04592e-05, batches=14)
2026-08-26 15:25:19 INFO  scripts.synthetic_model_comparison.training.training_pipeline | epoch 194/200 — train done in 12.0s | avg loss_box=0.4206 loss_cls=0.2109 loss_dfl=0.0099 loss_total=42.3227
2026-08-26 15:25:19 INFO  scripts.synthetic_model_comparison.training.evaluation | evaluating on 4 batches
2026-08-26 15:25:27 INFO  scripts.synthetic_model_comparison.training.training_pipeline | epoch 194/200 — val mAP50=0.9319 mAP50_95=0.6824 (selection mAP50_95=0.6824)
2026-08-26 15:25:28 INFO  scripts.synthetic_model_comparison.training.evaluation | mlflow: logged val/mAP50=0.9319 val/mAP50_95=0.6824 (step=193)
2026-08-26 15:25:28 INFO  scripts.synthetic_model_comparison.training.evaluation | mlflow: logged val per-class AP table (12 classes)
2026-08-26 15:25:28 INFO  scripts.synthetic_model_comparison.training.training_pipeline | saved checkpoint: /home/debian/Master-Thesis/scripts/synthetic_model_comparison/training/model_exports/yolo26n-gpt-image-2-low-full-seed44-20260826-142128/last.pt
2026-08-26 15:25:28 INFO  scripts.synthetic_model_comparison.training.training_pipeline | epoch 194/200 done — next lr=3.23074e-05, epochs_since_improve=3/20
2026-08-26 15:25:28 INFO  scripts.synthetic_model_comparison.training.training_pipeline | epoch 195/200 — train start (lr=3.23074e-05, batches=14)
2026-08-26 15:25:40 INFO  scripts.synthetic_model_comparison.training.training_pipeline | epoch 195/200 — train done in 11.6s | avg loss_box=0.4174 loss_cls=0.2109 loss_dfl=0.0101 loss_total=42.1236
2026-08-26 15:25:40 INFO  scripts.synthetic_model_comparison.training.evaluation | evaluating on 4 batches
2026-08-26 15:25:46 INFO  scripts.synthetic_model_comparison.training.training_pipeline | epoch 195/200 — val mAP50=0.9322 mAP50_95=0.6821 (selection mAP50_95=0.6821)
2026-08-26 15:25:47 INFO  scripts.synthetic_model_comparison.training.evaluation | mlflow: logged val/mAP50=0.9322 val/mAP50_95=0.6821 (step=194)
2026-08-26 15:25:47 INFO  scripts.synthetic_model_comparison.training.evaluation | mlflow: logged val per-class AP table (12 classes)
2026-08-26 15:25:47 INFO  scripts.synthetic_model_comparison.training.training_pipeline | saved checkpoint: /home/debian/Master-Thesis/scripts/synthetic_model_comparison/training/model_exports/yolo26n-gpt-image-2-low-full-seed44-20260826-142128/last.pt
2026-08-26 15:25:48 INFO  scripts.synthetic_model_comparison.training.training_pipeline | epoch 195/200 done — next lr=2.54202e-05, epochs_since_improve=4/20
2026-08-26 15:25:48 INFO  scripts.synthetic_model_comparison.training.training_pipeline | epoch 196/200 — train start (lr=2.54202e-05, batches=14)
2026-08-26 15:25:59 INFO  scripts.synthetic_model_comparison.training.training_pipeline | epoch 196/200 — train done in 11.5s | avg loss_box=0.4199 loss_cls=0.2154 loss_dfl=0.0101 loss_total=42.5104
2026-08-26 15:25:59 INFO  scripts.synthetic_model_comparison.training.evaluation | evaluating on 4 batches
2026-08-26 15:26:05 INFO  scripts.synthetic_model_comparison.training.training_pipeline | epoch 196/200 — val mAP50=0.9320 mAP50_95=0.6811 (selection mAP50_95=0.6811)
2026-08-26 15:26:06 INFO  scripts.synthetic_model_comparison.training.evaluation | mlflow: logged val/mAP50=0.9320 val/mAP50_95=0.6811 (step=195)
2026-08-26 15:26:06 INFO  scripts.synthetic_model_comparison.training.evaluation | mlflow: logged val per-class AP table (12 classes)
2026-08-26 15:26:06 INFO  scripts.synthetic_model_comparison.training.training_pipeline | saved checkpoint: /home/debian/Master-Thesis/scripts/synthetic_model_comparison/training/model_exports/yolo26n-gpt-image-2-low-full-seed44-20260826-142128/last.pt
2026-08-26 15:26:07 INFO  scripts.synthetic_model_comparison.training.training_pipeline | epoch 196/200 done — next lr=1.97994e-05, epochs_since_improve=5/20
2026-08-26 15:26:07 INFO  scripts.synthetic_model_comparison.training.training_pipeline | epoch 197/200 — train start (lr=1.97994e-05, batches=14)
2026-08-26 15:26:16 INFO  scripts.synthetic_model_comparison.training.training_pipeline | step 2750 | loss_box=0.4021 loss_cls=0.1962 loss_dfl=0.0103 loss_total=40.1665 lr=1.74643e-05
2026-08-26 15:26:20 INFO  scripts.synthetic_model_comparison.training.training_pipeline | epoch 197/200 — train done in 13.2s | avg loss_box=0.4166 loss_cls=0.2153 loss_dfl=0.0101 loss_total=42.2491
2026-08-26 15:26:20 INFO  scripts.synthetic_model_comparison.training.evaluation | evaluating on 4 batches
2026-08-26 15:26:26 INFO  scripts.synthetic_model_comparison.training.training_pipeline | epoch 197/200 — val mAP50=0.9326 mAP50_95=0.6827 (selection mAP50_95=0.6827)
2026-08-26 15:26:26 INFO  scripts.synthetic_model_comparison.training.evaluation | mlflow: logged val/mAP50=0.9326 val/mAP50_95=0.6827 (step=196)
2026-08-26 15:26:27 INFO  scripts.synthetic_model_comparison.training.evaluation | mlflow: logged val per-class AP table (12 classes)
2026-08-26 15:26:27 INFO  scripts.synthetic_model_comparison.training.training_pipeline | saved checkpoint: /home/debian/Master-Thesis/scripts/synthetic_model_comparison/training/model_exports/yolo26n-gpt-image-2-low-full-seed44-20260826-142128/last.pt
2026-08-26 15:26:27 INFO  scripts.synthetic_model_comparison.training.training_pipeline | epoch 197/200 done — next lr=1.54463e-05, epochs_since_improve=6/20
2026-08-26 15:26:27 INFO  scripts.synthetic_model_comparison.training.training_pipeline | epoch 198/200 — train start (lr=1.54463e-05, batches=14)
2026-08-26 15:26:38 INFO  scripts.synthetic_model_comparison.training.training_pipeline | epoch 198/200 — train done in 11.0s | avg loss_box=0.4227 loss_cls=0.2286 loss_dfl=0.0101 loss_total=43.3223
2026-08-26 15:26:38 INFO  scripts.synthetic_model_comparison.training.evaluation | evaluating on 4 batches
2026-08-26 15:26:44 INFO  scripts.synthetic_model_comparison.training.training_pipeline | epoch 198/200 — val mAP50=0.9326 mAP50_95=0.6821 (selection mAP50_95=0.6821)
2026-08-26 15:26:45 INFO  scripts.synthetic_model_comparison.training.evaluation | mlflow: logged val/mAP50=0.9326 val/mAP50_95=0.6821 (step=197)
2026-08-26 15:26:45 INFO  scripts.synthetic_model_comparison.training.evaluation | mlflow: logged val per-class AP table (12 classes)
2026-08-26 15:26:45 INFO  scripts.synthetic_model_comparison.training.training_pipeline | saved checkpoint: /home/debian/Master-Thesis/scripts/synthetic_model_comparison/training/model_exports/yolo26n-gpt-image-2-low-full-seed44-20260826-142128/last.pt
2026-08-26 15:26:46 INFO  scripts.synthetic_model_comparison.training.training_pipeline | epoch 198/200 done — next lr=1.23622e-05, epochs_since_improve=7/20
2026-08-26 15:26:46 INFO  scripts.synthetic_model_comparison.training.training_pipeline | epoch 199/200 — train start (lr=1.23622e-05, batches=14)
2026-08-26 15:26:56 INFO  scripts.synthetic_model_comparison.training.training_pipeline | epoch 199/200 — train done in 10.5s | avg loss_box=0.4177 loss_cls=0.2129 loss_dfl=0.0102 loss_total=42.0372
2026-08-26 15:26:56 INFO  scripts.synthetic_model_comparison.training.evaluation | evaluating on 4 batches
2026-08-26 15:27:02 INFO  scripts.synthetic_model_comparison.training.training_pipeline | epoch 199/200 — val mAP50=0.9329 mAP50_95=0.6821 (selection mAP50_95=0.6821)
2026-08-26 15:27:03 INFO  scripts.synthetic_model_comparison.training.evaluation | mlflow: logged val/mAP50=0.9329 val/mAP50_95=0.6821 (step=198)
2026-08-26 15:27:03 INFO  scripts.synthetic_model_comparison.training.evaluation | mlflow: logged val per-class AP table (12 classes)
2026-08-26 15:27:03 INFO  scripts.synthetic_model_comparison.training.training_pipeline | saved checkpoint: /home/debian/Master-Thesis/scripts/synthetic_model_comparison/training/model_exports/yolo26n-gpt-image-2-low-full-seed44-20260826-142128/last.pt
2026-08-26 15:27:04 INFO  scripts.synthetic_model_comparison.training.training_pipeline | epoch 199/200 done — next lr=1.05476e-05, epochs_since_improve=8/20
2026-08-26 15:27:04 INFO  scripts.synthetic_model_comparison.training.training_pipeline | epoch 200/200 — train start (lr=1.05476e-05, batches=14)
2026-08-26 15:27:15 INFO  scripts.synthetic_model_comparison.training.training_pipeline | epoch 200/200 — train done in 11.0s | avg loss_box=0.4267 loss_cls=0.2162 loss_dfl=0.0102 loss_total=42.8532
2026-08-26 15:27:15 INFO  scripts.synthetic_model_comparison.training.evaluation | evaluating on 4 batches
2026-08-26 15:27:21 INFO  scripts.synthetic_model_comparison.training.training_pipeline | epoch 200/200 — val mAP50=0.9338 mAP50_95=0.6836 (selection mAP50_95=0.6836)
2026-08-26 15:27:22 INFO  scripts.synthetic_model_comparison.training.evaluation | mlflow: logged val/mAP50=0.9338 val/mAP50_95=0.6836 (step=199)
2026-08-26 15:27:22 INFO  scripts.synthetic_model_comparison.training.evaluation | mlflow: logged val per-class AP table (12 classes)
2026-08-26 15:27:22 INFO  scripts.synthetic_model_comparison.training.training_pipeline | saved checkpoint: /home/debian/Master-Thesis/scripts/synthetic_model_comparison/training/model_exports/yolo26n-gpt-image-2-low-full-seed44-20260826-142128/last.pt
2026-08-26 15:27:22 INFO  scripts.synthetic_model_comparison.training.training_pipeline | epoch 200/200 done — next lr=1.00032e-05, epochs_since_improve=9/20
2026-08-26 15:27:23 INFO  scripts.synthetic_model_comparison.training.training_pipeline | saved checkpoint: /home/debian/Master-Thesis/scripts/synthetic_model_comparison/training/model_exports/yolo26n-gpt-image-2-low-full-seed44-20260826-142128/last.pt
2026-08-26 15:27:23 INFO  scripts.synthetic_model_comparison.training.training_pipeline | training finished — loading best.pt for final test evaluation
2026-08-26 15:27:23 INFO  scripts.synthetic_model_comparison.training.training_pipeline | loaded best.pt (mAP50_95=0.6856 @ epoch 190)
2026-08-26 15:27:23 INFO  scripts.synthetic_model_comparison.training.evaluation | evaluating on 153 batches
2026-08-26 15:30:38 INFO  scripts.synthetic_model_comparison.training.training_pipeline | test mAP50=0.2478 mAP50_95=0.1430
2026-08-26 15:30:39 INFO  scripts.synthetic_model_comparison.training.evaluation | mlflow: logged test/mAP50=0.2478 test/mAP50_95=0.1430 (step=None)
2026-08-26 15:30:39 INFO  scripts.synthetic_model_comparison.training.evaluation | mlflow: logged test per-class AP table (12 classes)
2026-08-26 15:30:48 INFO  scripts.synthetic_model_comparison.training.training_pipeline | uploaded checkpoints to MLflow
2026-08-26 15:30:48 INFO  __main__ | === post-training full evaluation (limit=None) ===
2026-08-26 15:30:48 INFO  scripts.synthetic_model_comparison.training.eval_suite.run_evaluation | === evaluation (real-only) ===
2026-08-26 15:30:48 INFO  scripts.synthetic_model_comparison.training.eval_suite.run_evaluation | checkpoint=/home/debian/Master-Thesis/scripts/synthetic_model_comparison/training/model_exports/yolo26n-gpt-image-2-low-full-seed44-20260826-142128/best.pt device=cuda output_dir=/home/debian/Master-Thesis/scripts/synthetic_model_comparison/training/model_exports/yolo26n-gpt-image-2-low-full-seed44-20260826-142128/evaluation
2026-08-26 15:30:48 INFO  scripts.synthetic_model_comparison.training.eval_suite.run_evaluation | real_ann=/home/debian/Master-Thesis/data/synthetic_model_comparison/test/annotations_test.json max_det=100
2026-08-26 15:30:48 INFO  scripts.synthetic_model_comparison.training.dataset | dataset annotations_test.json: 9742 images, 9742 annotations, 12 classes
2026-08-26 15:30:48 INFO  scripts.synthetic_model_comparison.training.eval_suite.predict | loading checkpoint: /home/debian/Master-Thesis/scripts/synthetic_model_comparison/training/model_exports/yolo26n-gpt-image-2-low-full-seed44-20260826-142128/best.pt
2026-08-26 15:30:49 INFO  scripts.synthetic_model_comparison.training.yolo26n_model | no pretrained weights — training from random initialization
2026-08-26 15:30:49 INFO  scripts.synthetic_model_comparison.training.yolo26n_model | model: yolo26n, nc=12, params=2.51M, device=cuda
2026-08-26 15:30:49 INFO  scripts.synthetic_model_comparison.training.eval_suite.predict | checkpoint format: training dict (state_dict under 'model' key)
2026-08-26 15:30:49 INFO  scripts.synthetic_model_comparison.training.eval_suite.predict | loaded 708/708 keys from checkpoint (skipped 0 shape-mismatched / missing)
2026-08-26 15:30:49 INFO  scripts.synthetic_model_comparison.training.eval_suite.predict | running inference: 9742 images, batch=64, max_det=100 (NMS-free: conf/iou thresholds unused)
2026-08-26 15:34:56 INFO  scripts.synthetic_model_comparison.training.eval_suite.predict | inference complete: 974200 predictions over 9742 images
2026-08-26 15:35:07 INFO  scripts.synthetic_model_comparison.training.eval_suite.predict | predictions written to /home/debian/Master-Thesis/scripts/synthetic_model_comparison/training/model_exports/yolo26n-gpt-image-2-low-full-seed44-20260826-142128/evaluation/predictions_real.json
2026-08-26 15:35:07 INFO  scripts.synthetic_model_comparison.training.eval_suite.scoring | loading GT index from /home/debian/Master-Thesis/data/synthetic_model_comparison/test/annotations_test.json
2026-08-26 15:35:07 INFO  scripts.synthetic_model_comparison.training.eval_suite.scoring | GT index: 9742 images, 12 categories, 9742 annotated images
2026-08-26 15:35:07 INFO  scripts.synthetic_model_comparison.training.eval_suite.report | headline: real-test mAP (fine)
2026-08-26 15:36:48 INFO  scripts.synthetic_model_comparison.training.eval_suite.report | per-class AP table
2026-08-26 15:36:48 INFO  scripts.synthetic_model_comparison.training.eval_suite.report | within-look-alike-group confusion
2026-08-26 15:36:52 INFO  scripts.synthetic_model_comparison.training.eval_suite.report | wrote markdown report: /home/debian/Master-Thesis/scripts/synthetic_model_comparison/training/model_exports/yolo26n-gpt-image-2-low-full-seed44-20260826-142128/evaluation/evaluation_report.md
2026-08-26 15:36:52 INFO  scripts.synthetic_model_comparison.training.eval_suite.report | wrote CSV artifacts: /home/debian/Master-Thesis/scripts/synthetic_model_comparison/training/model_exports/yolo26n-gpt-image-2-low-full-seed44-20260826-142128/evaluation/eval_per_class.csv, /home/debian/Master-Thesis/scripts/synthetic_model_comparison/training/model_exports/yolo26n-gpt-image-2-low-full-seed44-20260826-142128/evaluation/eval_confusion_pairs.csv
2026-08-26 15:36:52 INFO  scripts.synthetic_model_comparison.training.eval_suite.report | wrote JSON report: /home/debian/Master-Thesis/scripts/synthetic_model_comparison/training/model_exports/yolo26n-gpt-image-2-low-full-seed44-20260826-142128/evaluation/evaluation_report.json
2026-08-26 15:36:56 INFO  scripts.synthetic_model_comparison.training.eval_suite.report | logged eval scalars to MLflow under 'eval/'
2026-08-26 15:36:57 INFO  scripts.synthetic_model_comparison.training.eval_suite.run_evaluation | evaluation complete — report at /home/debian/Master-Thesis/scripts/synthetic_model_comparison/training/model_exports/yolo26n-gpt-image-2-low-full-seed44-20260826-142128/evaluation/evaluation_report.md
2026-08-26 15:36:58 INFO  __main__ | uploaded log artifact: /home/debian/Master-Thesis/scripts/synthetic_model_comparison/training/model_exports/yolo26n-gpt-image-2-low-full-seed44-20260826-142128/yolo26n-gpt-image-2-low-full-seed44-20260826-142128.log
