2026-08-07 03:27:34 INFO  __main__ | === yolo26n synthetic-model-comparison training run ===
2026-08-07 03:27:34 INFO  __main__ | run_name=yolo26n-gpt-image-2-medium-full-seed42-20260807-032734 experiment=yolo26n-synthetic-model-comparison
2026-08-07 03:27:34 INFO  __main__ | mlflow tracking_uri=http://hetzner.taile550ef.ts.net:5000/
2026-08-07 03:27:34 INFO  __main__ | run dir: /home/debian/Master-Thesis/scripts/synthetic_model_comparison/training/model_exports/yolo26n-gpt-image-2-medium-full-seed42-20260807-032734
2026-08-07 03:27:34 INFO  __main__ | log file: /home/debian/Master-Thesis/scripts/synthetic_model_comparison/training/model_exports/yolo26n-gpt-image-2-medium-full-seed42-20260807-032734/yolo26n-gpt-image-2-medium-full-seed42-20260807-032734.log
2026-08-07 03:27:35 INFO  __main__ | generator=gpt-image-2-medium prompt_regime=full seed=42 device=cuda epochs=200 smoke=False
2026-08-07 03:27:35 INFO  scripts.synthetic_model_comparison.training.split_dataset | split annotations.json: 1200 images -> 960 train / 240 val (val_fraction=0.20, seed=42)
2026-08-07 03:27:35 INFO  scripts.synthetic_model_comparison.training.split_dataset |   american black bear       train= 80  val= 20
2026-08-07 03:27:35 INFO  scripts.synthetic_model_comparison.training.split_dataset |   aye-aye                   train= 80  val= 20
2026-08-07 03:27:35 INFO  scripts.synthetic_model_comparison.training.split_dataset |   grevy's zebra             train= 80  val= 20
2026-08-07 03:27:35 INFO  scripts.synthetic_model_comparison.training.split_dataset |   kinkajou                  train= 82  val= 20
2026-08-07 03:27:35 INFO  scripts.synthetic_model_comparison.training.split_dataset |   lion                      train= 80  val= 20
2026-08-07 03:27:35 INFO  scripts.synthetic_model_comparison.training.split_dataset |   mountain zebra            train= 80  val= 20
2026-08-07 03:27:35 INFO  scripts.synthetic_model_comparison.training.split_dataset |   pangolin family           train= 79  val= 20
2026-08-07 03:27:35 INFO  scripts.synthetic_model_comparison.training.split_dataset |   plains zebra              train= 80  val= 20
2026-08-07 03:27:35 INFO  scripts.synthetic_model_comparison.training.split_dataset |   red fox                   train= 80  val= 20
2026-08-07 03:27:35 INFO  scripts.synthetic_model_comparison.training.split_dataset |   ringtail                  train= 81  val= 20
2026-08-07 03:27:35 INFO  scripts.synthetic_model_comparison.training.split_dataset |   saiga                     train= 80  val= 20
2026-08-07 03:27:35 INFO  scripts.synthetic_model_comparison.training.split_dataset |   water deer                train= 80  val= 20
2026-08-07 03:27:35 INFO  scripts.synthetic_model_comparison.training.dataset | dataset annotations_val_split.json: 240 images, 240 annotations, 12 classes
2026-08-07 03:27:35 INFO  scripts.synthetic_model_comparison.training.dataset | dataset annotations_test.json: 9742 images, 9742 annotations, 12 classes
2026-08-07 03:27:35 INFO  scripts.synthetic_model_comparison.training.dataset | dataset annotations_train_split.json: 960 images, 962 annotations, 12 classes
2026-08-07 03:27:35 INFO  scripts.synthetic_model_comparison.training.yolo26n_model | no pretrained weights — training from random initialization
2026-08-07 03:27:35 INFO  scripts.synthetic_model_comparison.training.yolo26n_model | model: yolo26n, nc=12, params=2.51M, device=cuda
2026-08-07 03:27:35 INFO  scripts.synthetic_model_comparison.training.optim | optimizer=SGD lr=0.001 | param groups: g0(BN,no-decay)=114 g1(conv,decay=0.0005)=126 g2(bias,no-decay)=126
2026-08-07 03:27:35 INFO  scripts.synthetic_model_comparison.training.optim | scheduler: OneCycleLR(max_lr=0.01, total_steps=3000, pct_start=0.015, div_factor=10, final_div_factor=100) — stepped per batch
2026-08-07 03:27:36 INFO  __main__ | run config:
2026-08-07 03:27:36 INFO  __main__ |   ANNOTATIONS_TEST = /home/debian/Master-Thesis/data/synthetic_model_comparison/test/annotations_test.json
2026-08-07 03:27:36 INFO  __main__ |   AUG_CLOSE_MOSAIC = 0
2026-08-07 03:27:36 INFO  __main__ |   AUG_COPY_PASTE = 0.0
2026-08-07 03:27:36 INFO  __main__ |   AUG_DEGREES = 0.0
2026-08-07 03:27:36 INFO  __main__ |   AUG_FLIPUD = 0.0
2026-08-07 03:27:36 INFO  __main__ |   AUG_HFLIP = True
2026-08-07 03:27:36 INFO  __main__ |   AUG_HSV = True
2026-08-07 03:27:36 INFO  __main__ |   AUG_HSV_H = 0.015
2026-08-07 03:27:36 INFO  __main__ |   AUG_HSV_S = 0.7
2026-08-07 03:27:36 INFO  __main__ |   AUG_HSV_V = 0.4
2026-08-07 03:27:36 INFO  __main__ |   AUG_MIXUP = 0.0
2026-08-07 03:27:36 INFO  __main__ |   AUG_MOSAIC = 0.0
2026-08-07 03:27:36 INFO  __main__ |   AUG_PERSPECTIVE = 0.0
2026-08-07 03:27:36 INFO  __main__ |   AUG_SCALE = 0.5
2026-08-07 03:27:36 INFO  __main__ |   AUG_SHEAR = 0.0
2026-08-07 03:27:36 INFO  __main__ |   AUG_TRANSLATE = 0.1
2026-08-07 03:27:36 INFO  __main__ |   BATCH_SIZE = 64
2026-08-07 03:27:36 INFO  __main__ |   DATA_ROOT = /home/debian/Master-Thesis/data
2026-08-07 03:27:36 INFO  __main__ |   EARLY_STOP = True
2026-08-07 03:27:36 INFO  __main__ |   EARLY_STOP_MIN_DELTA = 0.001
2026-08-07 03:27:36 INFO  __main__ |   EARLY_STOP_PATIENCE = 20
2026-08-07 03:27:36 INFO  __main__ |   EPOCH_COUNT = 200
2026-08-07 03:27:36 INFO  __main__ |   EVAL_CONF_THRES = 0.001
2026-08-07 03:27:36 INFO  __main__ |   EVAL_IOU_THRES = 0.6
2026-08-07 03:27:36 INFO  __main__ |   EVAL_MAX_DET = 100
2026-08-07 03:27:36 INFO  __main__ |   EXPERIMENT_DATA_ROOT = /home/debian/Master-Thesis/data/synthetic_model_comparison
2026-08-07 03:27:36 INFO  __main__ |   HYP_BOX = 7.5
2026-08-07 03:27:36 INFO  __main__ |   HYP_CLS = 0.5
2026-08-07 03:27:36 INFO  __main__ |   HYP_DFL = 1.5
2026-08-07 03:27:36 INFO  __main__ |   IMAGE_ROOT = /home/debian/Master-Thesis
2026-08-07 03:27:36 INFO  __main__ |   IMAGE_SIZE = 640
2026-08-07 03:27:36 INFO  __main__ |   LEARNING_RATE = 0.001
2026-08-07 03:27:36 INFO  __main__ |   MLFLOW_EXPERIMENT_DEFAULT = yolo26n-synthetic-model-comparison
2026-08-07 03:27:36 INFO  __main__ |   MLFLOW_LOG_EVERY_N_STEPS = 50
2026-08-07 03:27:36 INFO  __main__ |   MODEL_CONFIG = yolo26n.yaml
2026-08-07 03:27:36 INFO  __main__ |   MOMENTUM = 0.937
2026-08-07 03:27:36 INFO  __main__ |   NESTEROV = True
2026-08-07 03:27:36 INFO  __main__ |   NUM_CLASSES = 12
2026-08-07 03:27:36 INFO  __main__ |   NUM_WORKERS = 8
2026-08-07 03:27:36 INFO  __main__ |   ONE_CYCLE_DIV_FACTOR = 10.0
2026-08-07 03:27:36 INFO  __main__ |   ONE_CYCLE_FINAL_DIV_FACTOR = 100.0
2026-08-07 03:27:36 INFO  __main__ |   ONE_CYCLE_MAX_LR = 0.01
2026-08-07 03:27:36 INFO  __main__ |   ONE_CYCLE_PCT_START = 0.015
2026-08-07 03:27:36 INFO  __main__ |   OPTIMIZER = SGD
2026-08-07 03:27:36 INFO  __main__ |   OUTPUT_DIR = /home/debian/Master-Thesis/scripts/synthetic_model_comparison/training/model_exports
2026-08-07 03:27:36 INFO  __main__ |   PRETRAINED_WEIGHTS = /home/debian/Master-Thesis/weights/yolo26n.pt
2026-08-07 03:27:36 INFO  __main__ |   REPO_ROOT = /home/debian/Master-Thesis
2026-08-07 03:27:36 INFO  __main__ |   SEED = 42
2026-08-07 03:27:36 INFO  __main__ |   SELECTION_METRIC = mAP50_95
2026-08-07 03:27:36 INFO  __main__ |   SPLIT_SEED = 42
2026-08-07 03:27:36 INFO  __main__ |   TRAIN_ROOT = /home/debian/Master-Thesis/data/synthetic_model_comparison/train
2026-08-07 03:27:36 INFO  __main__ |   USE_AMP = True
2026-08-07 03:27:36 INFO  __main__ |   USE_EMA = True
2026-08-07 03:27:36 INFO  __main__ |   VAL_FRACTION = 0.2
2026-08-07 03:27:36 INFO  __main__ |   WARMUP_EPOCHS = 3
2026-08-07 03:27:36 INFO  __main__ |   WEIGHT_DECAY = 0.0005
2026-08-07 03:27:36 INFO  __main__ |   dataset_size_test = 9742
2026-08-07 03:27:36 INFO  __main__ |   dataset_size_train = 960
2026-08-07 03:27:36 INFO  __main__ |   dataset_size_val = 240
2026-08-07 03:27:36 INFO  __main__ |   device = cuda
2026-08-07 03:27:36 INFO  __main__ |   epochs_actual = 200
2026-08-07 03:27:36 INFO  __main__ |   generator = gpt-image-2-medium
2026-08-07 03:27:36 INFO  __main__ |   git_sha = c7ea21c01efa95aa5c50b481ac8a7f1a2e02f37c
2026-08-07 03:27:36 INFO  __main__ |   prompt_regime = full
2026-08-07 03:27:36 INFO  __main__ |   resume_from = 
2026-08-07 03:27:36 INFO  __main__ |   run_seed = 42
2026-08-07 03:27:36 INFO  __main__ |   smoke = False
2026-08-07 03:27:36 INFO  __main__ |   weights_path = /home/debian/Master-Thesis/weights/yolo26n.pt
2026-08-07 03:27:36 INFO  scripts.synthetic_model_comparison.training.training_pipeline | output dir: /home/debian/Master-Thesis/scripts/synthetic_model_comparison/training/model_exports/yolo26n-gpt-image-2-medium-full-seed42-20260807-032734 | selection_metric=mAP50_95 early_stop=True(patience=20, min_delta=0.001) ema=True amp=True
2026-08-07 03:27:36 INFO  scripts.synthetic_model_comparison.training.training_pipeline | starting training: ceiling=200 epochs | train_batches=15 val_batches=4 test_batches=153 | device=cuda
2026-08-07 03:27:36 INFO  scripts.synthetic_model_comparison.training.training_pipeline | epoch 1/200 — train start (lr=0.001, batches=15)
2026-08-07 03:27:58 INFO  scripts.synthetic_model_comparison.training.training_pipeline | epoch 1/200 — train done in 22.2s | avg loss_box=4.4945 loss_cls=35.7721 loss_dfl=0.1333 loss_total=1345.6084
2026-08-07 03:27:58 INFO  scripts.synthetic_model_comparison.training.evaluation | evaluating on 4 batches
2026-08-07 03:28:04 INFO  scripts.synthetic_model_comparison.training.training_pipeline | epoch 1/200 — val mAP50=0.0000 mAP50_95=0.0000 (selection mAP50_95=0.0000)
2026-08-07 03:28:04 INFO  scripts.synthetic_model_comparison.training.evaluation | mlflow: logged val/mAP50=0.0000 val/mAP50_95=0.0000 (step=0)
2026-08-07 03:28:05 INFO  scripts.synthetic_model_comparison.training.evaluation | mlflow: logged val per-class AP table (12 classes)
2026-08-07 03:28:05 INFO  scripts.synthetic_model_comparison.training.training_pipeline | saved checkpoint: /home/debian/Master-Thesis/scripts/synthetic_model_comparison/training/model_exports/yolo26n-gpt-image-2-medium-full-seed42-20260807-032734/best.pt
2026-08-07 03:28:05 INFO  scripts.synthetic_model_comparison.training.training_pipeline | new best mAP50_95=0.0000 at epoch 1
2026-08-07 03:28:05 INFO  scripts.synthetic_model_comparison.training.training_pipeline | saved checkpoint: /home/debian/Master-Thesis/scripts/synthetic_model_comparison/training/model_exports/yolo26n-gpt-image-2-medium-full-seed42-20260807-032734/last.pt
2026-08-07 03:28:06 INFO  scripts.synthetic_model_comparison.training.training_pipeline | epoch 1/200 done — next lr=0.00334338, epochs_since_improve=0/20
2026-08-07 03:28:06 INFO  scripts.synthetic_model_comparison.training.training_pipeline | epoch 2/200 — train start (lr=0.00334338, batches=15)
2026-08-07 03:28:17 INFO  scripts.synthetic_model_comparison.training.training_pipeline | epoch 2/200 — train done in 11.8s | avg loss_box=4.4584 loss_cls=33.9718 loss_dfl=0.1313 loss_total=1306.9355
2026-08-07 03:28:17 INFO  scripts.synthetic_model_comparison.training.evaluation | evaluating on 4 batches
2026-08-07 03:28:22 INFO  scripts.synthetic_model_comparison.training.training_pipeline | epoch 2/200 — val mAP50=0.0000 mAP50_95=0.0000 (selection mAP50_95=0.0000)
2026-08-07 03:28:23 INFO  scripts.synthetic_model_comparison.training.evaluation | mlflow: logged val/mAP50=0.0000 val/mAP50_95=0.0000 (step=1)
2026-08-07 03:28:23 INFO  scripts.synthetic_model_comparison.training.evaluation | mlflow: logged val per-class AP table (12 classes)
2026-08-07 03:28:23 INFO  scripts.synthetic_model_comparison.training.training_pipeline | saved checkpoint: /home/debian/Master-Thesis/scripts/synthetic_model_comparison/training/model_exports/yolo26n-gpt-image-2-medium-full-seed42-20260807-032734/last.pt
2026-08-07 03:28:23 INFO  scripts.synthetic_model_comparison.training.training_pipeline | epoch 2/200 done — next lr=0.00793288, epochs_since_improve=0/20
2026-08-07 03:28:23 INFO  scripts.synthetic_model_comparison.training.training_pipeline | epoch 3/200 — train start (lr=0.00793288, batches=15)
2026-08-07 03:28:35 INFO  scripts.synthetic_model_comparison.training.training_pipeline | epoch 3/200 — train done in 11.6s | avg loss_box=4.4158 loss_cls=31.1951 loss_dfl=0.1314 loss_total=1241.1361
2026-08-07 03:28:35 INFO  scripts.synthetic_model_comparison.training.evaluation | evaluating on 4 batches
2026-08-07 03:28:40 INFO  scripts.synthetic_model_comparison.training.training_pipeline | epoch 3/200 — val mAP50=0.0000 mAP50_95=0.0000 (selection mAP50_95=0.0000)
2026-08-07 03:28:41 INFO  scripts.synthetic_model_comparison.training.evaluation | mlflow: logged val/mAP50=0.0000 val/mAP50_95=0.0000 (step=2)
2026-08-07 03:28:41 INFO  scripts.synthetic_model_comparison.training.evaluation | mlflow: logged val per-class AP table (12 classes)
2026-08-07 03:28:41 INFO  scripts.synthetic_model_comparison.training.training_pipeline | saved checkpoint: /home/debian/Master-Thesis/scripts/synthetic_model_comparison/training/model_exports/yolo26n-gpt-image-2-medium-full-seed42-20260807-032734/last.pt
2026-08-07 03:28:41 INFO  scripts.synthetic_model_comparison.training.training_pipeline | epoch 3/200 done — next lr=0.01, epochs_since_improve=0/20
2026-08-07 03:28:41 INFO  scripts.synthetic_model_comparison.training.training_pipeline | epoch 4/200 — train start (lr=0.01, batches=15)
2026-08-07 03:28:50 INFO  scripts.synthetic_model_comparison.training.training_pipeline | step 50 | loss_box=4.0747 loss_cls=26.4162 loss_dfl=0.1143 loss_total=1088.1467 lr=0.00999986
2026-08-07 03:28:55 INFO  scripts.synthetic_model_comparison.training.training_pipeline | epoch 4/200 — train done in 13.5s | avg loss_box=4.2502 loss_cls=27.9502 loss_dfl=0.1278 loss_total=1130.7397
2026-08-07 03:28:55 INFO  scripts.synthetic_model_comparison.training.evaluation | evaluating on 4 batches
2026-08-07 03:28:59 INFO  scripts.synthetic_model_comparison.training.training_pipeline | epoch 4/200 — val mAP50=0.0000 mAP50_95=0.0000 (selection mAP50_95=0.0000)
2026-08-07 03:29:00 INFO  scripts.synthetic_model_comparison.training.evaluation | mlflow: logged val/mAP50=0.0000 val/mAP50_95=0.0000 (step=3)
2026-08-07 03:29:00 INFO  scripts.synthetic_model_comparison.training.evaluation | mlflow: logged val per-class AP table (12 classes)
2026-08-07 03:29:01 INFO  scripts.synthetic_model_comparison.training.training_pipeline | saved checkpoint: /home/debian/Master-Thesis/scripts/synthetic_model_comparison/training/model_exports/yolo26n-gpt-image-2-medium-full-seed42-20260807-032734/last.pt
2026-08-07 03:29:01 INFO  scripts.synthetic_model_comparison.training.training_pipeline | epoch 4/200 done — next lr=0.00999928, epochs_since_improve=1/20
2026-08-07 03:29:01 INFO  scripts.synthetic_model_comparison.training.training_pipeline | epoch 5/200 — train start (lr=0.00999928, batches=15)
2026-08-07 03:29:13 INFO  scripts.synthetic_model_comparison.training.training_pipeline | epoch 5/200 — train done in 11.8s | avg loss_box=3.7765 loss_cls=20.6675 loss_dfl=0.1147 loss_total=919.7248
2026-08-07 03:29:13 INFO  scripts.synthetic_model_comparison.training.evaluation | evaluating on 4 batches
2026-08-07 03:29:18 INFO  scripts.synthetic_model_comparison.training.training_pipeline | epoch 5/200 — val mAP50=0.0000 mAP50_95=0.0000 (selection mAP50_95=0.0000)
2026-08-07 03:29:18 INFO  scripts.synthetic_model_comparison.training.evaluation | mlflow: logged val/mAP50=0.0000 val/mAP50_95=0.0000 (step=4)
2026-08-07 03:29:18 INFO  scripts.synthetic_model_comparison.training.evaluation | mlflow: logged val per-class AP table (12 classes)
2026-08-07 03:29:19 INFO  scripts.synthetic_model_comparison.training.training_pipeline | saved checkpoint: /home/debian/Master-Thesis/scripts/synthetic_model_comparison/training/model_exports/yolo26n-gpt-image-2-medium-full-seed42-20260807-032734/last.pt
2026-08-07 03:29:19 INFO  scripts.synthetic_model_comparison.training.training_pipeline | epoch 5/200 done — next lr=0.00999729, epochs_since_improve=2/20
2026-08-07 03:29:19 INFO  scripts.synthetic_model_comparison.training.training_pipeline | epoch 6/200 — train start (lr=0.00999729, batches=15)
2026-08-07 03:29:31 INFO  scripts.synthetic_model_comparison.training.training_pipeline | epoch 6/200 — train done in 11.9s | avg loss_box=3.2702 loss_cls=14.1974 loss_dfl=0.1006 loss_total=723.6565
2026-08-07 03:29:31 INFO  scripts.synthetic_model_comparison.training.evaluation | evaluating on 4 batches
2026-08-07 03:29:36 INFO  scripts.synthetic_model_comparison.training.training_pipeline | epoch 6/200 — val mAP50=0.0000 mAP50_95=0.0000 (selection mAP50_95=0.0000)
2026-08-07 03:29:37 INFO  scripts.synthetic_model_comparison.training.evaluation | mlflow: logged val/mAP50=0.0000 val/mAP50_95=0.0000 (step=5)
2026-08-07 03:29:37 INFO  scripts.synthetic_model_comparison.training.evaluation | mlflow: logged val per-class AP table (12 classes)
2026-08-07 03:29:37 INFO  scripts.synthetic_model_comparison.training.training_pipeline | saved checkpoint: /home/debian/Master-Thesis/scripts/synthetic_model_comparison/training/model_exports/yolo26n-gpt-image-2-medium-full-seed42-20260807-032734/last.pt
2026-08-07 03:29:37 INFO  scripts.synthetic_model_comparison.training.training_pipeline | epoch 6/200 done — next lr=0.00999403, epochs_since_improve=3/20
2026-08-07 03:29:37 INFO  scripts.synthetic_model_comparison.training.training_pipeline | epoch 7/200 — train start (lr=0.00999403, batches=15)
2026-08-07 03:29:48 INFO  scripts.synthetic_model_comparison.training.training_pipeline | step 100 | loss_box=2.6897 loss_cls=9.8216 loss_dfl=0.0826 loss_total=577.6274 lr=0.00999083
2026-08-07 03:29:51 INFO  scripts.synthetic_model_comparison.training.training_pipeline | epoch 7/200 — train done in 13.4s | avg loss_box=2.9261 loss_cls=10.4397 loss_dfl=0.0921 loss_total=598.1253
2026-08-07 03:29:51 INFO  scripts.synthetic_model_comparison.training.evaluation | evaluating on 4 batches
2026-08-07 03:29:56 INFO  scripts.synthetic_model_comparison.training.training_pipeline | epoch 7/200 — val mAP50=0.0058 mAP50_95=0.0018 (selection mAP50_95=0.0018)
2026-08-07 03:29:56 INFO  scripts.synthetic_model_comparison.training.evaluation | mlflow: logged val/mAP50=0.0058 val/mAP50_95=0.0018 (step=6)
2026-08-07 03:29:57 INFO  scripts.synthetic_model_comparison.training.evaluation | mlflow: logged val per-class AP table (12 classes)
2026-08-07 03:29:57 INFO  scripts.synthetic_model_comparison.training.training_pipeline | saved checkpoint: /home/debian/Master-Thesis/scripts/synthetic_model_comparison/training/model_exports/yolo26n-gpt-image-2-medium-full-seed42-20260807-032734/best.pt
2026-08-07 03:29:57 INFO  scripts.synthetic_model_comparison.training.training_pipeline | new best mAP50_95=0.0018 at epoch 7
2026-08-07 03:29:57 INFO  scripts.synthetic_model_comparison.training.training_pipeline | saved checkpoint: /home/debian/Master-Thesis/scripts/synthetic_model_comparison/training/model_exports/yolo26n-gpt-image-2-medium-full-seed42-20260807-032734/last.pt
2026-08-07 03:29:57 INFO  scripts.synthetic_model_comparison.training.training_pipeline | epoch 7/200 done — next lr=0.0099895, epochs_since_improve=0/20
2026-08-07 03:29:57 INFO  scripts.synthetic_model_comparison.training.training_pipeline | epoch 8/200 — train start (lr=0.0099895, batches=15)
2026-08-07 03:30:09 INFO  scripts.synthetic_model_comparison.training.training_pipeline | epoch 8/200 — train done in 11.5s | avg loss_box=2.7035 loss_cls=8.1938 loss_dfl=0.0843 loss_total=521.5897
2026-08-07 03:30:09 INFO  scripts.synthetic_model_comparison.training.evaluation | evaluating on 4 batches
2026-08-07 03:30:14 INFO  scripts.synthetic_model_comparison.training.training_pipeline | epoch 8/200 — val mAP50=0.0374 mAP50_95=0.0083 (selection mAP50_95=0.0083)
2026-08-07 03:30:15 INFO  scripts.synthetic_model_comparison.training.evaluation | mlflow: logged val/mAP50=0.0374 val/mAP50_95=0.0083 (step=7)
2026-08-07 03:30:15 INFO  scripts.synthetic_model_comparison.training.evaluation | mlflow: logged val per-class AP table (12 classes)
2026-08-07 03:30:15 INFO  scripts.synthetic_model_comparison.training.training_pipeline | saved checkpoint: /home/debian/Master-Thesis/scripts/synthetic_model_comparison/training/model_exports/yolo26n-gpt-image-2-medium-full-seed42-20260807-032734/best.pt
2026-08-07 03:30:15 INFO  scripts.synthetic_model_comparison.training.training_pipeline | new best mAP50_95=0.0083 at epoch 8
2026-08-07 03:30:16 INFO  scripts.synthetic_model_comparison.training.training_pipeline | saved checkpoint: /home/debian/Master-Thesis/scripts/synthetic_model_comparison/training/model_exports/yolo26n-gpt-image-2-medium-full-seed42-20260807-032734/last.pt
2026-08-07 03:30:16 INFO  scripts.synthetic_model_comparison.training.training_pipeline | epoch 8/200 done — next lr=0.0099837, epochs_since_improve=0/20
2026-08-07 03:30:16 INFO  scripts.synthetic_model_comparison.training.training_pipeline | epoch 9/200 — train start (lr=0.0099837, batches=15)
2026-08-07 03:30:28 INFO  scripts.synthetic_model_comparison.training.training_pipeline | epoch 9/200 — train done in 12.1s | avg loss_box=2.5081 loss_cls=6.6608 loss_dfl=0.0752 loss_total=462.8663
2026-08-07 03:30:28 INFO  scripts.synthetic_model_comparison.training.evaluation | evaluating on 4 batches
2026-08-07 03:30:33 INFO  scripts.synthetic_model_comparison.training.training_pipeline | epoch 9/200 — val mAP50=0.0303 mAP50_95=0.0091 (selection mAP50_95=0.0091)
2026-08-07 03:30:34 INFO  scripts.synthetic_model_comparison.training.evaluation | mlflow: logged val/mAP50=0.0303 val/mAP50_95=0.0091 (step=8)
2026-08-07 03:30:34 INFO  scripts.synthetic_model_comparison.training.evaluation | mlflow: logged val per-class AP table (12 classes)
2026-08-07 03:30:34 INFO  scripts.synthetic_model_comparison.training.training_pipeline | saved checkpoint: /home/debian/Master-Thesis/scripts/synthetic_model_comparison/training/model_exports/yolo26n-gpt-image-2-medium-full-seed42-20260807-032734/last.pt
2026-08-07 03:30:35 INFO  scripts.synthetic_model_comparison.training.training_pipeline | epoch 9/200 done — next lr=0.00997664, epochs_since_improve=1/20
2026-08-07 03:30:35 INFO  scripts.synthetic_model_comparison.training.training_pipeline | epoch 10/200 — train start (lr=0.00997664, batches=15)
2026-08-07 03:30:47 INFO  scripts.synthetic_model_comparison.training.training_pipeline | epoch 10/200 — train done in 12.0s | avg loss_box=2.4090 loss_cls=5.6669 loss_dfl=0.0723 loss_total=423.6612
2026-08-07 03:30:47 INFO  scripts.synthetic_model_comparison.training.evaluation | evaluating on 4 batches
2026-08-07 03:30:52 INFO  scripts.synthetic_model_comparison.training.training_pipeline | epoch 10/200 — val mAP50=0.0432 mAP50_95=0.0104 (selection mAP50_95=0.0104)
2026-08-07 03:30:53 INFO  scripts.synthetic_model_comparison.training.evaluation | mlflow: logged val/mAP50=0.0432 val/mAP50_95=0.0104 (step=9)
2026-08-07 03:30:53 INFO  scripts.synthetic_model_comparison.training.evaluation | mlflow: logged val per-class AP table (12 classes)
2026-08-07 03:30:53 INFO  scripts.synthetic_model_comparison.training.training_pipeline | saved checkpoint: /home/debian/Master-Thesis/scripts/synthetic_model_comparison/training/model_exports/yolo26n-gpt-image-2-medium-full-seed42-20260807-032734/best.pt
2026-08-07 03:30:53 INFO  scripts.synthetic_model_comparison.training.training_pipeline | new best mAP50_95=0.0104 at epoch 10
2026-08-07 03:30:54 INFO  scripts.synthetic_model_comparison.training.training_pipeline | saved checkpoint: /home/debian/Master-Thesis/scripts/synthetic_model_comparison/training/model_exports/yolo26n-gpt-image-2-medium-full-seed42-20260807-032734/last.pt
2026-08-07 03:30:54 INFO  scripts.synthetic_model_comparison.training.training_pipeline | epoch 10/200 done — next lr=0.00996832, epochs_since_improve=0/20
2026-08-07 03:30:54 INFO  scripts.synthetic_model_comparison.training.training_pipeline | epoch 11/200 — train start (lr=0.00996832, batches=15)
2026-08-07 03:31:00 INFO  scripts.synthetic_model_comparison.training.training_pipeline | step 150 | loss_box=2.1719 loss_cls=5.2590 loss_dfl=0.0607 loss_total=407.0253 lr=0.00996772
2026-08-07 03:31:07 INFO  scripts.synthetic_model_comparison.training.training_pipeline | epoch 11/200 — train done in 12.9s | avg loss_box=2.2064 loss_cls=4.9204 loss_dfl=0.0642 loss_total=388.4907
2026-08-07 03:31:07 INFO  scripts.synthetic_model_comparison.training.evaluation | evaluating on 4 batches
2026-08-07 03:31:12 INFO  scripts.synthetic_model_comparison.training.training_pipeline | epoch 11/200 — val mAP50=0.0667 mAP50_95=0.0167 (selection mAP50_95=0.0167)
2026-08-07 03:31:13 INFO  scripts.synthetic_model_comparison.training.evaluation | mlflow: logged val/mAP50=0.0667 val/mAP50_95=0.0167 (step=10)
2026-08-07 03:31:13 INFO  scripts.synthetic_model_comparison.training.evaluation | mlflow: logged val per-class AP table (12 classes)
2026-08-07 03:31:13 INFO  scripts.synthetic_model_comparison.training.training_pipeline | saved checkpoint: /home/debian/Master-Thesis/scripts/synthetic_model_comparison/training/model_exports/yolo26n-gpt-image-2-medium-full-seed42-20260807-032734/best.pt
2026-08-07 03:31:13 INFO  scripts.synthetic_model_comparison.training.training_pipeline | new best mAP50_95=0.0167 at epoch 11
2026-08-07 03:31:13 INFO  scripts.synthetic_model_comparison.training.training_pipeline | saved checkpoint: /home/debian/Master-Thesis/scripts/synthetic_model_comparison/training/model_exports/yolo26n-gpt-image-2-medium-full-seed42-20260807-032734/last.pt
2026-08-07 03:31:14 INFO  scripts.synthetic_model_comparison.training.training_pipeline | epoch 11/200 done — next lr=0.00995873, epochs_since_improve=0/20
2026-08-07 03:31:14 INFO  scripts.synthetic_model_comparison.training.training_pipeline | epoch 12/200 — train start (lr=0.00995873, batches=15)
2026-08-07 03:31:25 INFO  scripts.synthetic_model_comparison.training.training_pipeline | epoch 12/200 — train done in 11.8s | avg loss_box=2.1591 loss_cls=4.4639 loss_dfl=0.0628 loss_total=361.9901
2026-08-07 03:31:25 INFO  scripts.synthetic_model_comparison.training.evaluation | evaluating on 4 batches
2026-08-07 03:31:31 INFO  scripts.synthetic_model_comparison.training.training_pipeline | epoch 12/200 — val mAP50=0.0313 mAP50_95=0.0097 (selection mAP50_95=0.0097)
2026-08-07 03:31:32 INFO  scripts.synthetic_model_comparison.training.evaluation | mlflow: logged val/mAP50=0.0313 val/mAP50_95=0.0097 (step=11)
2026-08-07 03:31:32 INFO  scripts.synthetic_model_comparison.training.evaluation | mlflow: logged val per-class AP table (12 classes)
2026-08-07 03:31:32 INFO  scripts.synthetic_model_comparison.training.training_pipeline | saved checkpoint: /home/debian/Master-Thesis/scripts/synthetic_model_comparison/training/model_exports/yolo26n-gpt-image-2-medium-full-seed42-20260807-032734/last.pt
2026-08-07 03:31:32 INFO  scripts.synthetic_model_comparison.training.training_pipeline | epoch 12/200 done — next lr=0.00994788, epochs_since_improve=1/20
2026-08-07 03:31:32 INFO  scripts.synthetic_model_comparison.training.training_pipeline | epoch 13/200 — train start (lr=0.00994788, batches=15)
2026-08-07 03:31:44 INFO  scripts.synthetic_model_comparison.training.training_pipeline | epoch 13/200 — train done in 11.6s | avg loss_box=2.0907 loss_cls=4.1489 loss_dfl=0.0598 loss_total=346.8957
2026-08-07 03:31:44 INFO  scripts.synthetic_model_comparison.training.evaluation | evaluating on 4 batches
2026-08-07 03:31:49 INFO  scripts.synthetic_model_comparison.training.training_pipeline | epoch 13/200 — val mAP50=0.0908 mAP50_95=0.0283 (selection mAP50_95=0.0283)
2026-08-07 03:31:50 INFO  scripts.synthetic_model_comparison.training.evaluation | mlflow: logged val/mAP50=0.0908 val/mAP50_95=0.0283 (step=12)
2026-08-07 03:31:50 INFO  scripts.synthetic_model_comparison.training.evaluation | mlflow: logged val per-class AP table (12 classes)
2026-08-07 03:31:51 INFO  scripts.synthetic_model_comparison.training.training_pipeline | saved checkpoint: /home/debian/Master-Thesis/scripts/synthetic_model_comparison/training/model_exports/yolo26n-gpt-image-2-medium-full-seed42-20260807-032734/best.pt
2026-08-07 03:31:51 INFO  scripts.synthetic_model_comparison.training.training_pipeline | new best mAP50_95=0.0283 at epoch 13
2026-08-07 03:31:51 INFO  scripts.synthetic_model_comparison.training.training_pipeline | saved checkpoint: /home/debian/Master-Thesis/scripts/synthetic_model_comparison/training/model_exports/yolo26n-gpt-image-2-medium-full-seed42-20260807-032734/last.pt
2026-08-07 03:31:51 INFO  scripts.synthetic_model_comparison.training.training_pipeline | epoch 13/200 done — next lr=0.00993577, epochs_since_improve=0/20
2026-08-07 03:31:51 INFO  scripts.synthetic_model_comparison.training.training_pipeline | epoch 14/200 — train start (lr=0.00993577, batches=15)
2026-08-07 03:31:59 INFO  scripts.synthetic_model_comparison.training.training_pipeline | step 200 | loss_box=2.1920 loss_cls=3.9713 loss_dfl=0.0622 loss_total=345.1707 lr=0.00993058
2026-08-07 03:32:04 INFO  scripts.synthetic_model_comparison.training.training_pipeline | epoch 14/200 — train done in 13.4s | avg loss_box=2.0171 loss_cls=3.8140 loss_dfl=0.0568 loss_total=329.0270
2026-08-07 03:32:04 INFO  scripts.synthetic_model_comparison.training.evaluation | evaluating on 4 batches
2026-08-07 03:32:10 INFO  scripts.synthetic_model_comparison.training.training_pipeline | epoch 14/200 — val mAP50=0.0840 mAP50_95=0.0283 (selection mAP50_95=0.0283)
2026-08-07 03:32:10 INFO  scripts.synthetic_model_comparison.training.evaluation | mlflow: logged val/mAP50=0.0840 val/mAP50_95=0.0283 (step=13)
2026-08-07 03:32:11 INFO  scripts.synthetic_model_comparison.training.evaluation | mlflow: logged val per-class AP table (12 classes)
2026-08-07 03:32:11 INFO  scripts.synthetic_model_comparison.training.training_pipeline | saved checkpoint: /home/debian/Master-Thesis/scripts/synthetic_model_comparison/training/model_exports/yolo26n-gpt-image-2-medium-full-seed42-20260807-032734/last.pt
2026-08-07 03:32:11 INFO  scripts.synthetic_model_comparison.training.training_pipeline | epoch 14/200 done — next lr=0.00992241, epochs_since_improve=1/20
2026-08-07 03:32:11 INFO  scripts.synthetic_model_comparison.training.training_pipeline | epoch 15/200 — train start (lr=0.00992241, batches=15)
2026-08-07 03:32:22 INFO  scripts.synthetic_model_comparison.training.training_pipeline | epoch 15/200 — train done in 11.2s | avg loss_box=1.9553 loss_cls=3.5747 loss_dfl=0.0557 loss_total=312.1013
2026-08-07 03:32:22 INFO  scripts.synthetic_model_comparison.training.evaluation | evaluating on 4 batches
2026-08-07 03:32:28 INFO  scripts.synthetic_model_comparison.training.training_pipeline | epoch 15/200 — val mAP50=0.0724 mAP50_95=0.0209 (selection mAP50_95=0.0209)
2026-08-07 03:32:29 INFO  scripts.synthetic_model_comparison.training.evaluation | mlflow: logged val/mAP50=0.0724 val/mAP50_95=0.0209 (step=14)
2026-08-07 03:32:29 INFO  scripts.synthetic_model_comparison.training.evaluation | mlflow: logged val per-class AP table (12 classes)
2026-08-07 03:32:29 INFO  scripts.synthetic_model_comparison.training.training_pipeline | saved checkpoint: /home/debian/Master-Thesis/scripts/synthetic_model_comparison/training/model_exports/yolo26n-gpt-image-2-medium-full-seed42-20260807-032734/last.pt
2026-08-07 03:32:29 INFO  scripts.synthetic_model_comparison.training.training_pipeline | epoch 15/200 done — next lr=0.00990781, epochs_since_improve=2/20
2026-08-07 03:32:29 INFO  scripts.synthetic_model_comparison.training.training_pipeline | epoch 16/200 — train start (lr=0.00990781, batches=15)
2026-08-07 03:32:41 INFO  scripts.synthetic_model_comparison.training.training_pipeline | epoch 16/200 — train done in 11.7s | avg loss_box=1.9181 loss_cls=3.4454 loss_dfl=0.0546 loss_total=307.2313
2026-08-07 03:32:41 INFO  scripts.synthetic_model_comparison.training.evaluation | evaluating on 4 batches
2026-08-07 03:32:47 INFO  scripts.synthetic_model_comparison.training.training_pipeline | epoch 16/200 — val mAP50=0.2011 mAP50_95=0.0742 (selection mAP50_95=0.0742)
2026-08-07 03:32:47 INFO  scripts.synthetic_model_comparison.training.evaluation | mlflow: logged val/mAP50=0.2011 val/mAP50_95=0.0742 (step=15)
2026-08-07 03:32:48 INFO  scripts.synthetic_model_comparison.training.evaluation | mlflow: logged val per-class AP table (12 classes)
2026-08-07 03:32:48 INFO  scripts.synthetic_model_comparison.training.training_pipeline | saved checkpoint: /home/debian/Master-Thesis/scripts/synthetic_model_comparison/training/model_exports/yolo26n-gpt-image-2-medium-full-seed42-20260807-032734/best.pt
2026-08-07 03:32:48 INFO  scripts.synthetic_model_comparison.training.training_pipeline | new best mAP50_95=0.0742 at epoch 16
2026-08-07 03:32:48 INFO  scripts.synthetic_model_comparison.training.training_pipeline | saved checkpoint: /home/debian/Master-Thesis/scripts/synthetic_model_comparison/training/model_exports/yolo26n-gpt-image-2-medium-full-seed42-20260807-032734/last.pt
2026-08-07 03:32:48 INFO  scripts.synthetic_model_comparison.training.training_pipeline | epoch 16/200 done — next lr=0.00989195, epochs_since_improve=0/20
2026-08-07 03:32:48 INFO  scripts.synthetic_model_comparison.training.training_pipeline | epoch 17/200 — train start (lr=0.00989195, batches=15)
2026-08-07 03:32:59 INFO  scripts.synthetic_model_comparison.training.training_pipeline | step 250 | loss_box=1.9418 loss_cls=3.2493 loss_dfl=0.0527 loss_total=309.6936 lr=0.00987953
2026-08-07 03:33:01 INFO  scripts.synthetic_model_comparison.training.training_pipeline | epoch 17/200 — train done in 13.0s | avg loss_box=1.8823 loss_cls=3.2193 loss_dfl=0.0526 loss_total=295.1578
2026-08-07 03:33:01 INFO  scripts.synthetic_model_comparison.training.evaluation | evaluating on 4 batches
2026-08-07 03:33:07 INFO  scripts.synthetic_model_comparison.training.training_pipeline | epoch 17/200 — val mAP50=0.2019 mAP50_95=0.0733 (selection mAP50_95=0.0733)
2026-08-07 03:33:08 INFO  scripts.synthetic_model_comparison.training.evaluation | mlflow: logged val/mAP50=0.2019 val/mAP50_95=0.0733 (step=16)
2026-08-07 03:33:08 INFO  scripts.synthetic_model_comparison.training.evaluation | mlflow: logged val per-class AP table (12 classes)
2026-08-07 03:33:08 INFO  scripts.synthetic_model_comparison.training.training_pipeline | saved checkpoint: /home/debian/Master-Thesis/scripts/synthetic_model_comparison/training/model_exports/yolo26n-gpt-image-2-medium-full-seed42-20260807-032734/last.pt
2026-08-07 03:33:09 INFO  scripts.synthetic_model_comparison.training.training_pipeline | epoch 17/200 done — next lr=0.00987485, epochs_since_improve=1/20
2026-08-07 03:33:09 INFO  scripts.synthetic_model_comparison.training.training_pipeline | epoch 18/200 — train start (lr=0.00987485, batches=15)
2026-08-07 03:33:20 INFO  scripts.synthetic_model_comparison.training.training_pipeline | epoch 18/200 — train done in 11.6s | avg loss_box=1.8062 loss_cls=3.0962 loss_dfl=0.0504 loss_total=283.6626
2026-08-07 03:33:20 INFO  scripts.synthetic_model_comparison.training.evaluation | evaluating on 4 batches
2026-08-07 03:33:26 INFO  scripts.synthetic_model_comparison.training.training_pipeline | epoch 18/200 — val mAP50=0.2707 mAP50_95=0.0891 (selection mAP50_95=0.0891)
2026-08-07 03:33:26 INFO  scripts.synthetic_model_comparison.training.evaluation | mlflow: logged val/mAP50=0.2707 val/mAP50_95=0.0891 (step=17)
2026-08-07 03:33:27 INFO  scripts.synthetic_model_comparison.training.evaluation | mlflow: logged val per-class AP table (12 classes)
2026-08-07 03:33:27 INFO  scripts.synthetic_model_comparison.training.training_pipeline | saved checkpoint: /home/debian/Master-Thesis/scripts/synthetic_model_comparison/training/model_exports/yolo26n-gpt-image-2-medium-full-seed42-20260807-032734/best.pt
2026-08-07 03:33:27 INFO  scripts.synthetic_model_comparison.training.training_pipeline | new best mAP50_95=0.0891 at epoch 18
2026-08-07 03:33:27 INFO  scripts.synthetic_model_comparison.training.training_pipeline | saved checkpoint: /home/debian/Master-Thesis/scripts/synthetic_model_comparison/training/model_exports/yolo26n-gpt-image-2-medium-full-seed42-20260807-032734/last.pt
2026-08-07 03:33:27 INFO  scripts.synthetic_model_comparison.training.training_pipeline | epoch 18/200 done — next lr=0.00985651, epochs_since_improve=0/20
2026-08-07 03:33:27 INFO  scripts.synthetic_model_comparison.training.training_pipeline | epoch 19/200 — train start (lr=0.00985651, batches=15)
2026-08-07 03:33:39 INFO  scripts.synthetic_model_comparison.training.training_pipeline | epoch 19/200 — train done in 11.9s | avg loss_box=1.7930 loss_cls=2.9362 loss_dfl=0.0495 loss_total=273.2380
2026-08-07 03:33:39 INFO  scripts.synthetic_model_comparison.training.evaluation | evaluating on 4 batches
2026-08-07 03:33:45 INFO  scripts.synthetic_model_comparison.training.training_pipeline | epoch 19/200 — val mAP50=0.1656 mAP50_95=0.0526 (selection mAP50_95=0.0526)
2026-08-07 03:33:45 INFO  scripts.synthetic_model_comparison.training.evaluation | mlflow: logged val/mAP50=0.1656 val/mAP50_95=0.0526 (step=18)
2026-08-07 03:33:46 INFO  scripts.synthetic_model_comparison.training.evaluation | mlflow: logged val per-class AP table (12 classes)
2026-08-07 03:33:46 INFO  scripts.synthetic_model_comparison.training.training_pipeline | saved checkpoint: /home/debian/Master-Thesis/scripts/synthetic_model_comparison/training/model_exports/yolo26n-gpt-image-2-medium-full-seed42-20260807-032734/last.pt
2026-08-07 03:33:46 INFO  scripts.synthetic_model_comparison.training.training_pipeline | epoch 19/200 done — next lr=0.00983694, epochs_since_improve=1/20
2026-08-07 03:33:46 INFO  scripts.synthetic_model_comparison.training.training_pipeline | epoch 20/200 — train start (lr=0.00983694, batches=15)
2026-08-07 03:33:58 INFO  scripts.synthetic_model_comparison.training.training_pipeline | epoch 20/200 — train done in 11.5s | avg loss_box=1.7722 loss_cls=2.7940 loss_dfl=0.0491 loss_total=264.9499
2026-08-07 03:33:58 INFO  scripts.synthetic_model_comparison.training.evaluation | evaluating on 4 batches
2026-08-07 03:34:04 INFO  scripts.synthetic_model_comparison.training.training_pipeline | epoch 20/200 — val mAP50=0.2150 mAP50_95=0.0768 (selection mAP50_95=0.0768)
2026-08-07 03:34:04 INFO  scripts.synthetic_model_comparison.training.evaluation | mlflow: logged val/mAP50=0.2150 val/mAP50_95=0.0768 (step=19)
2026-08-07 03:34:04 INFO  scripts.synthetic_model_comparison.training.evaluation | mlflow: logged val per-class AP table (12 classes)
2026-08-07 03:34:05 INFO  scripts.synthetic_model_comparison.training.training_pipeline | saved checkpoint: /home/debian/Master-Thesis/scripts/synthetic_model_comparison/training/model_exports/yolo26n-gpt-image-2-medium-full-seed42-20260807-032734/last.pt
2026-08-07 03:34:05 INFO  scripts.synthetic_model_comparison.training.training_pipeline | epoch 20/200 done — next lr=0.00981614, epochs_since_improve=2/20
2026-08-07 03:34:05 INFO  scripts.synthetic_model_comparison.training.training_pipeline | epoch 21/200 — train start (lr=0.00981614, batches=15)
2026-08-07 03:34:11 INFO  scripts.synthetic_model_comparison.training.training_pipeline | step 300 | loss_box=1.7834 loss_cls=3.0940 loss_dfl=0.0466 loss_total=277.3597 lr=0.00981471
2026-08-07 03:34:18 INFO  scripts.synthetic_model_comparison.training.training_pipeline | epoch 21/200 — train done in 12.8s | avg loss_box=1.7589 loss_cls=2.6922 loss_dfl=0.0478 loss_total=257.7582
2026-08-07 03:34:18 INFO  scripts.synthetic_model_comparison.training.evaluation | evaluating on 4 batches
2026-08-07 03:34:23 INFO  scripts.synthetic_model_comparison.training.training_pipeline | epoch 21/200 — val mAP50=0.2903 mAP50_95=0.1167 (selection mAP50_95=0.1167)
2026-08-07 03:34:24 INFO  scripts.synthetic_model_comparison.training.evaluation | mlflow: logged val/mAP50=0.2903 val/mAP50_95=0.1167 (step=20)
2026-08-07 03:34:24 INFO  scripts.synthetic_model_comparison.training.evaluation | mlflow: logged val per-class AP table (12 classes)
2026-08-07 03:34:24 INFO  scripts.synthetic_model_comparison.training.training_pipeline | saved checkpoint: /home/debian/Master-Thesis/scripts/synthetic_model_comparison/training/model_exports/yolo26n-gpt-image-2-medium-full-seed42-20260807-032734/best.pt
2026-08-07 03:34:24 INFO  scripts.synthetic_model_comparison.training.training_pipeline | new best mAP50_95=0.1167 at epoch 21
2026-08-07 03:34:25 INFO  scripts.synthetic_model_comparison.training.training_pipeline | saved checkpoint: /home/debian/Master-Thesis/scripts/synthetic_model_comparison/training/model_exports/yolo26n-gpt-image-2-medium-full-seed42-20260807-032734/last.pt
2026-08-07 03:34:25 INFO  scripts.synthetic_model_comparison.training.training_pipeline | epoch 21/200 done — next lr=0.00979412, epochs_since_improve=0/20
2026-08-07 03:34:25 INFO  scripts.synthetic_model_comparison.training.training_pipeline | epoch 22/200 — train start (lr=0.00979412, batches=15)
2026-08-07 03:34:36 INFO  scripts.synthetic_model_comparison.training.training_pipeline | epoch 22/200 — train done in 11.2s | avg loss_box=1.6743 loss_cls=2.5439 loss_dfl=0.0465 loss_total=246.0941
2026-08-07 03:34:36 INFO  scripts.synthetic_model_comparison.training.evaluation | evaluating on 4 batches
2026-08-07 03:34:42 INFO  scripts.synthetic_model_comparison.training.training_pipeline | epoch 22/200 — val mAP50=0.3381 mAP50_95=0.1365 (selection mAP50_95=0.1365)
2026-08-07 03:34:42 INFO  scripts.synthetic_model_comparison.training.evaluation | mlflow: logged val/mAP50=0.3381 val/mAP50_95=0.1365 (step=21)
2026-08-07 03:34:43 INFO  scripts.synthetic_model_comparison.training.evaluation | mlflow: logged val per-class AP table (12 classes)
2026-08-07 03:34:43 INFO  scripts.synthetic_model_comparison.training.training_pipeline | saved checkpoint: /home/debian/Master-Thesis/scripts/synthetic_model_comparison/training/model_exports/yolo26n-gpt-image-2-medium-full-seed42-20260807-032734/best.pt
2026-08-07 03:34:43 INFO  scripts.synthetic_model_comparison.training.training_pipeline | new best mAP50_95=0.1365 at epoch 22
2026-08-07 03:34:43 INFO  scripts.synthetic_model_comparison.training.training_pipeline | saved checkpoint: /home/debian/Master-Thesis/scripts/synthetic_model_comparison/training/model_exports/yolo26n-gpt-image-2-medium-full-seed42-20260807-032734/last.pt
2026-08-07 03:34:43 INFO  scripts.synthetic_model_comparison.training.training_pipeline | epoch 22/200 done — next lr=0.00977087, epochs_since_improve=0/20
2026-08-07 03:34:43 INFO  scripts.synthetic_model_comparison.training.training_pipeline | epoch 23/200 — train start (lr=0.00977087, batches=15)
2026-08-07 03:34:55 INFO  scripts.synthetic_model_comparison.training.training_pipeline | epoch 23/200 — train done in 11.4s | avg loss_box=1.6298 loss_cls=2.5060 loss_dfl=0.0444 loss_total=241.7181
2026-08-07 03:34:55 INFO  scripts.synthetic_model_comparison.training.evaluation | evaluating on 4 batches
2026-08-07 03:35:01 INFO  scripts.synthetic_model_comparison.training.training_pipeline | epoch 23/200 — val mAP50=0.3124 mAP50_95=0.1266 (selection mAP50_95=0.1266)
2026-08-07 03:35:01 INFO  scripts.synthetic_model_comparison.training.evaluation | mlflow: logged val/mAP50=0.3124 val/mAP50_95=0.1266 (step=22)
2026-08-07 03:35:01 INFO  scripts.synthetic_model_comparison.training.evaluation | mlflow: logged val per-class AP table (12 classes)
2026-08-07 03:35:02 INFO  scripts.synthetic_model_comparison.training.training_pipeline | saved checkpoint: /home/debian/Master-Thesis/scripts/synthetic_model_comparison/training/model_exports/yolo26n-gpt-image-2-medium-full-seed42-20260807-032734/last.pt
2026-08-07 03:35:02 INFO  scripts.synthetic_model_comparison.training.training_pipeline | epoch 23/200 done — next lr=0.00974642, epochs_since_improve=1/20
2026-08-07 03:35:02 INFO  scripts.synthetic_model_comparison.training.training_pipeline | epoch 24/200 — train start (lr=0.00974642, batches=15)
2026-08-07 03:35:10 INFO  scripts.synthetic_model_comparison.training.training_pipeline | step 350 | loss_box=1.7044 loss_cls=2.6227 loss_dfl=0.0468 loss_total=264.2825 lr=0.0097363
2026-08-07 03:35:15 INFO  scripts.synthetic_model_comparison.training.training_pipeline | epoch 24/200 — train done in 13.1s | avg loss_box=1.6419 loss_cls=2.4105 loss_dfl=0.0448 loss_total=239.5122
2026-08-07 03:35:15 INFO  scripts.synthetic_model_comparison.training.evaluation | evaluating on 4 batches
2026-08-07 03:35:21 INFO  scripts.synthetic_model_comparison.training.training_pipeline | epoch 24/200 — val mAP50=0.3672 mAP50_95=0.1714 (selection mAP50_95=0.1714)
2026-08-07 03:35:21 INFO  scripts.synthetic_model_comparison.training.evaluation | mlflow: logged val/mAP50=0.3672 val/mAP50_95=0.1714 (step=23)
2026-08-07 03:35:22 INFO  scripts.synthetic_model_comparison.training.evaluation | mlflow: logged val per-class AP table (12 classes)
2026-08-07 03:35:22 INFO  scripts.synthetic_model_comparison.training.training_pipeline | saved checkpoint: /home/debian/Master-Thesis/scripts/synthetic_model_comparison/training/model_exports/yolo26n-gpt-image-2-medium-full-seed42-20260807-032734/best.pt
2026-08-07 03:35:22 INFO  scripts.synthetic_model_comparison.training.training_pipeline | new best mAP50_95=0.1714 at epoch 24
2026-08-07 03:35:22 INFO  scripts.synthetic_model_comparison.training.training_pipeline | saved checkpoint: /home/debian/Master-Thesis/scripts/synthetic_model_comparison/training/model_exports/yolo26n-gpt-image-2-medium-full-seed42-20260807-032734/last.pt
2026-08-07 03:35:22 INFO  scripts.synthetic_model_comparison.training.training_pipeline | epoch 24/200 done — next lr=0.00972076, epochs_since_improve=0/20
2026-08-07 03:35:22 INFO  scripts.synthetic_model_comparison.training.training_pipeline | epoch 25/200 — train start (lr=0.00972076, batches=15)
2026-08-07 03:35:33 INFO  scripts.synthetic_model_comparison.training.training_pipeline | epoch 25/200 — train done in 11.2s | avg loss_box=1.6390 loss_cls=2.3177 loss_dfl=0.0446 loss_total=232.5747
2026-08-07 03:35:34 INFO  scripts.synthetic_model_comparison.training.evaluation | evaluating on 4 batches
2026-08-07 03:35:39 INFO  scripts.synthetic_model_comparison.training.training_pipeline | epoch 25/200 — val mAP50=0.3971 mAP50_95=0.1835 (selection mAP50_95=0.1835)
2026-08-07 03:35:40 INFO  scripts.synthetic_model_comparison.training.evaluation | mlflow: logged val/mAP50=0.3971 val/mAP50_95=0.1835 (step=24)
2026-08-07 03:35:40 INFO  scripts.synthetic_model_comparison.training.evaluation | mlflow: logged val per-class AP table (12 classes)
2026-08-07 03:35:40 INFO  scripts.synthetic_model_comparison.training.training_pipeline | saved checkpoint: /home/debian/Master-Thesis/scripts/synthetic_model_comparison/training/model_exports/yolo26n-gpt-image-2-medium-full-seed42-20260807-032734/best.pt
2026-08-07 03:35:40 INFO  scripts.synthetic_model_comparison.training.training_pipeline | new best mAP50_95=0.1835 at epoch 25
2026-08-07 03:35:40 INFO  scripts.synthetic_model_comparison.training.training_pipeline | saved checkpoint: /home/debian/Master-Thesis/scripts/synthetic_model_comparison/training/model_exports/yolo26n-gpt-image-2-medium-full-seed42-20260807-032734/last.pt
2026-08-07 03:35:41 INFO  scripts.synthetic_model_comparison.training.training_pipeline | epoch 25/200 done — next lr=0.0096939, epochs_since_improve=0/20
2026-08-07 03:35:41 INFO  scripts.synthetic_model_comparison.training.training_pipeline | epoch 26/200 — train start (lr=0.0096939, batches=15)
2026-08-07 03:35:52 INFO  scripts.synthetic_model_comparison.training.training_pipeline | epoch 26/200 — train done in 11.9s | avg loss_box=1.5733 loss_cls=2.2797 loss_dfl=0.0418 loss_total=225.9081
2026-08-07 03:35:52 INFO  scripts.synthetic_model_comparison.training.evaluation | evaluating on 4 batches
2026-08-07 03:35:58 INFO  scripts.synthetic_model_comparison.training.training_pipeline | epoch 26/200 — val mAP50=0.3848 mAP50_95=0.1573 (selection mAP50_95=0.1573)
2026-08-07 03:35:59 INFO  scripts.synthetic_model_comparison.training.evaluation | mlflow: logged val/mAP50=0.3848 val/mAP50_95=0.1573 (step=25)
2026-08-07 03:35:59 INFO  scripts.synthetic_model_comparison.training.evaluation | mlflow: logged val per-class AP table (12 classes)
2026-08-07 03:35:59 INFO  scripts.synthetic_model_comparison.training.training_pipeline | saved checkpoint: /home/debian/Master-Thesis/scripts/synthetic_model_comparison/training/model_exports/yolo26n-gpt-image-2-medium-full-seed42-20260807-032734/last.pt
2026-08-07 03:36:00 INFO  scripts.synthetic_model_comparison.training.training_pipeline | epoch 26/200 done — next lr=0.00966585, epochs_since_improve=1/20
2026-08-07 03:36:00 INFO  scripts.synthetic_model_comparison.training.training_pipeline | epoch 27/200 — train start (lr=0.00966585, batches=15)
2026-08-07 03:36:10 INFO  scripts.synthetic_model_comparison.training.training_pipeline | step 400 | loss_box=1.3850 loss_cls=1.9623 loss_dfl=0.0392 loss_total=196.4530 lr=0.00964453
2026-08-07 03:36:13 INFO  scripts.synthetic_model_comparison.training.training_pipeline | epoch 27/200 — train done in 13.0s | avg loss_box=1.5874 loss_cls=2.1957 loss_dfl=0.0431 loss_total=224.8708
2026-08-07 03:36:13 INFO  scripts.synthetic_model_comparison.training.evaluation | evaluating on 4 batches
2026-08-07 03:36:18 INFO  scripts.synthetic_model_comparison.training.training_pipeline | epoch 27/200 — val mAP50=0.3799 mAP50_95=0.1736 (selection mAP50_95=0.1736)
2026-08-07 03:36:19 INFO  scripts.synthetic_model_comparison.training.evaluation | mlflow: logged val/mAP50=0.3799 val/mAP50_95=0.1736 (step=26)
2026-08-07 03:36:19 INFO  scripts.synthetic_model_comparison.training.evaluation | mlflow: logged val per-class AP table (12 classes)
2026-08-07 03:36:20 INFO  scripts.synthetic_model_comparison.training.training_pipeline | saved checkpoint: /home/debian/Master-Thesis/scripts/synthetic_model_comparison/training/model_exports/yolo26n-gpt-image-2-medium-full-seed42-20260807-032734/last.pt
2026-08-07 03:36:20 INFO  scripts.synthetic_model_comparison.training.training_pipeline | epoch 27/200 done — next lr=0.00963661, epochs_since_improve=2/20
2026-08-07 03:36:20 INFO  scripts.synthetic_model_comparison.training.training_pipeline | epoch 28/200 — train start (lr=0.00963661, batches=15)
2026-08-07 03:36:31 INFO  scripts.synthetic_model_comparison.training.training_pipeline | epoch 28/200 — train done in 11.3s | avg loss_box=1.5279 loss_cls=2.1398 loss_dfl=0.0412 loss_total=217.6299
2026-08-07 03:36:31 INFO  scripts.synthetic_model_comparison.training.evaluation | evaluating on 4 batches
2026-08-07 03:36:37 INFO  scripts.synthetic_model_comparison.training.training_pipeline | epoch 28/200 — val mAP50=0.4694 mAP50_95=0.2328 (selection mAP50_95=0.2328)
2026-08-07 03:36:38 INFO  scripts.synthetic_model_comparison.training.evaluation | mlflow: logged val/mAP50=0.4694 val/mAP50_95=0.2328 (step=27)
2026-08-07 03:36:38 INFO  scripts.synthetic_model_comparison.training.evaluation | mlflow: logged val per-class AP table (12 classes)
2026-08-07 03:36:38 INFO  scripts.synthetic_model_comparison.training.training_pipeline | saved checkpoint: /home/debian/Master-Thesis/scripts/synthetic_model_comparison/training/model_exports/yolo26n-gpt-image-2-medium-full-seed42-20260807-032734/best.pt
2026-08-07 03:36:38 INFO  scripts.synthetic_model_comparison.training.training_pipeline | new best mAP50_95=0.2328 at epoch 28
2026-08-07 03:36:38 INFO  scripts.synthetic_model_comparison.training.training_pipeline | saved checkpoint: /home/debian/Master-Thesis/scripts/synthetic_model_comparison/training/model_exports/yolo26n-gpt-image-2-medium-full-seed42-20260807-032734/last.pt
2026-08-07 03:36:38 INFO  scripts.synthetic_model_comparison.training.training_pipeline | epoch 28/200 done — next lr=0.0096062, epochs_since_improve=0/20
2026-08-07 03:36:38 INFO  scripts.synthetic_model_comparison.training.training_pipeline | epoch 29/200 — train start (lr=0.0096062, batches=15)
2026-08-07 03:36:50 INFO  scripts.synthetic_model_comparison.training.training_pipeline | epoch 29/200 — train done in 11.9s | avg loss_box=1.5429 loss_cls=2.0154 loss_dfl=0.0428 loss_total=210.7065
2026-08-07 03:36:50 INFO  scripts.synthetic_model_comparison.training.evaluation | evaluating on 4 batches
2026-08-07 03:36:56 INFO  scripts.synthetic_model_comparison.training.training_pipeline | epoch 29/200 — val mAP50=0.4775 mAP50_95=0.2471 (selection mAP50_95=0.2471)
2026-08-07 03:36:57 INFO  scripts.synthetic_model_comparison.training.evaluation | mlflow: logged val/mAP50=0.4775 val/mAP50_95=0.2471 (step=28)
2026-08-07 03:36:57 INFO  scripts.synthetic_model_comparison.training.evaluation | mlflow: logged val per-class AP table (12 classes)
2026-08-07 03:36:57 INFO  scripts.synthetic_model_comparison.training.training_pipeline | saved checkpoint: /home/debian/Master-Thesis/scripts/synthetic_model_comparison/training/model_exports/yolo26n-gpt-image-2-medium-full-seed42-20260807-032734/best.pt
2026-08-07 03:36:57 INFO  scripts.synthetic_model_comparison.training.training_pipeline | new best mAP50_95=0.2471 at epoch 29
2026-08-07 03:36:57 INFO  scripts.synthetic_model_comparison.training.training_pipeline | saved checkpoint: /home/debian/Master-Thesis/scripts/synthetic_model_comparison/training/model_exports/yolo26n-gpt-image-2-medium-full-seed42-20260807-032734/last.pt
2026-08-07 03:36:58 INFO  scripts.synthetic_model_comparison.training.training_pipeline | epoch 29/200 done — next lr=0.00957462, epochs_since_improve=0/20
2026-08-07 03:36:58 INFO  scripts.synthetic_model_comparison.training.training_pipeline | epoch 30/200 — train start (lr=0.00957462, batches=15)
2026-08-07 03:37:09 INFO  scripts.synthetic_model_comparison.training.training_pipeline | epoch 30/200 — train done in 11.6s | avg loss_box=1.5067 loss_cls=1.9546 loss_dfl=0.0406 loss_total=205.8080
2026-08-07 03:37:09 INFO  scripts.synthetic_model_comparison.training.evaluation | evaluating on 4 batches
2026-08-07 03:37:15 INFO  scripts.synthetic_model_comparison.training.training_pipeline | epoch 30/200 — val mAP50=0.4162 mAP50_95=0.2009 (selection mAP50_95=0.2009)
2026-08-07 03:37:16 INFO  scripts.synthetic_model_comparison.training.evaluation | mlflow: logged val/mAP50=0.4162 val/mAP50_95=0.2009 (step=29)
2026-08-07 03:37:16 INFO  scripts.synthetic_model_comparison.training.evaluation | mlflow: logged val per-class AP table (12 classes)
2026-08-07 03:37:16 INFO  scripts.synthetic_model_comparison.training.training_pipeline | saved checkpoint: /home/debian/Master-Thesis/scripts/synthetic_model_comparison/training/model_exports/yolo26n-gpt-image-2-medium-full-seed42-20260807-032734/last.pt
2026-08-07 03:37:17 INFO  scripts.synthetic_model_comparison.training.training_pipeline | epoch 30/200 done — next lr=0.00954187, epochs_since_improve=1/20
2026-08-07 03:37:17 INFO  scripts.synthetic_model_comparison.training.training_pipeline | epoch 31/200 — train start (lr=0.00954187, batches=15)
2026-08-07 03:37:23 INFO  scripts.synthetic_model_comparison.training.training_pipeline | step 450 | loss_box=1.5531 loss_cls=1.7936 loss_dfl=0.0403 loss_total=196.5192 lr=0.00953965
2026-08-07 03:37:30 INFO  scripts.synthetic_model_comparison.training.training_pipeline | epoch 31/200 — train done in 13.0s | avg loss_box=1.5163 loss_cls=1.9055 loss_dfl=0.0408 loss_total=204.4273
2026-08-07 03:37:30 INFO  scripts.synthetic_model_comparison.training.evaluation | evaluating on 4 batches
2026-08-07 03:37:35 INFO  scripts.synthetic_model_comparison.training.training_pipeline | epoch 31/200 — val mAP50=0.4667 mAP50_95=0.2528 (selection mAP50_95=0.2528)
2026-08-07 03:37:36 INFO  scripts.synthetic_model_comparison.training.evaluation | mlflow: logged val/mAP50=0.4667 val/mAP50_95=0.2528 (step=30)
2026-08-07 03:37:36 INFO  scripts.synthetic_model_comparison.training.evaluation | mlflow: logged val per-class AP table (12 classes)
2026-08-07 03:37:37 INFO  scripts.synthetic_model_comparison.training.training_pipeline | saved checkpoint: /home/debian/Master-Thesis/scripts/synthetic_model_comparison/training/model_exports/yolo26n-gpt-image-2-medium-full-seed42-20260807-032734/best.pt
2026-08-07 03:37:37 INFO  scripts.synthetic_model_comparison.training.training_pipeline | new best mAP50_95=0.2528 at epoch 31
2026-08-07 03:37:37 INFO  scripts.synthetic_model_comparison.training.training_pipeline | saved checkpoint: /home/debian/Master-Thesis/scripts/synthetic_model_comparison/training/model_exports/yolo26n-gpt-image-2-medium-full-seed42-20260807-032734/last.pt
2026-08-07 03:37:37 INFO  scripts.synthetic_model_comparison.training.training_pipeline | epoch 31/200 done — next lr=0.00950797, epochs_since_improve=0/20
2026-08-07 03:37:37 INFO  scripts.synthetic_model_comparison.training.training_pipeline | epoch 32/200 — train start (lr=0.00950797, batches=15)
2026-08-07 03:37:49 INFO  scripts.synthetic_model_comparison.training.training_pipeline | epoch 32/200 — train done in 11.9s | avg loss_box=1.4903 loss_cls=1.8439 loss_dfl=0.0399 loss_total=199.7799
2026-08-07 03:37:49 INFO  scripts.synthetic_model_comparison.training.evaluation | evaluating on 4 batches
2026-08-07 03:37:55 INFO  scripts.synthetic_model_comparison.training.training_pipeline | epoch 32/200 — val mAP50=0.3858 mAP50_95=0.1928 (selection mAP50_95=0.1928)
2026-08-07 03:37:55 INFO  scripts.synthetic_model_comparison.training.evaluation | mlflow: logged val/mAP50=0.3858 val/mAP50_95=0.1928 (step=31)
2026-08-07 03:37:56 INFO  scripts.synthetic_model_comparison.training.evaluation | mlflow: logged val per-class AP table (12 classes)
2026-08-07 03:37:56 INFO  scripts.synthetic_model_comparison.training.training_pipeline | saved checkpoint: /home/debian/Master-Thesis/scripts/synthetic_model_comparison/training/model_exports/yolo26n-gpt-image-2-medium-full-seed42-20260807-032734/last.pt
2026-08-07 03:37:56 INFO  scripts.synthetic_model_comparison.training.training_pipeline | epoch 32/200 done — next lr=0.00947292, epochs_since_improve=1/20
2026-08-07 03:37:56 INFO  scripts.synthetic_model_comparison.training.training_pipeline | epoch 33/200 — train start (lr=0.00947292, batches=15)
2026-08-07 03:38:08 INFO  scripts.synthetic_model_comparison.training.training_pipeline | epoch 33/200 — train done in 11.3s | avg loss_box=1.4831 loss_cls=1.7772 loss_dfl=0.0403 loss_total=193.9970
2026-08-07 03:38:08 INFO  scripts.synthetic_model_comparison.training.evaluation | evaluating on 4 batches
2026-08-07 03:38:13 INFO  scripts.synthetic_model_comparison.training.training_pipeline | epoch 33/200 — val mAP50=0.5216 mAP50_95=0.2492 (selection mAP50_95=0.2492)
2026-08-07 03:38:14 INFO  scripts.synthetic_model_comparison.training.evaluation | mlflow: logged val/mAP50=0.5216 val/mAP50_95=0.2492 (step=32)
2026-08-07 03:38:14 INFO  scripts.synthetic_model_comparison.training.evaluation | mlflow: logged val per-class AP table (12 classes)
2026-08-07 03:38:14 INFO  scripts.synthetic_model_comparison.training.training_pipeline | saved checkpoint: /home/debian/Master-Thesis/scripts/synthetic_model_comparison/training/model_exports/yolo26n-gpt-image-2-medium-full-seed42-20260807-032734/last.pt
2026-08-07 03:38:15 INFO  scripts.synthetic_model_comparison.training.training_pipeline | epoch 33/200 done — next lr=0.00943674, epochs_since_improve=2/20
2026-08-07 03:38:15 INFO  scripts.synthetic_model_comparison.training.training_pipeline | epoch 34/200 — train start (lr=0.00943674, batches=15)
2026-08-07 03:38:23 INFO  scripts.synthetic_model_comparison.training.training_pipeline | step 500 | loss_box=1.5430 loss_cls=1.9582 loss_dfl=0.0412 loss_total=210.1275 lr=0.00942195
2026-08-07 03:38:28 INFO  scripts.synthetic_model_comparison.training.training_pipeline | epoch 34/200 — train done in 13.6s | avg loss_box=1.5037 loss_cls=1.7715 loss_dfl=0.0415 loss_total=195.5036
2026-08-07 03:38:28 INFO  scripts.synthetic_model_comparison.training.evaluation | evaluating on 4 batches
2026-08-07 03:38:34 INFO  scripts.synthetic_model_comparison.training.training_pipeline | epoch 34/200 — val mAP50=0.5497 mAP50_95=0.2916 (selection mAP50_95=0.2916)
2026-08-07 03:38:35 INFO  scripts.synthetic_model_comparison.training.evaluation | mlflow: logged val/mAP50=0.5497 val/mAP50_95=0.2916 (step=33)
2026-08-07 03:38:35 INFO  scripts.synthetic_model_comparison.training.evaluation | mlflow: logged val per-class AP table (12 classes)
2026-08-07 03:38:35 INFO  scripts.synthetic_model_comparison.training.training_pipeline | saved checkpoint: /home/debian/Master-Thesis/scripts/synthetic_model_comparison/training/model_exports/yolo26n-gpt-image-2-medium-full-seed42-20260807-032734/best.pt
2026-08-07 03:38:35 INFO  scripts.synthetic_model_comparison.training.training_pipeline | new best mAP50_95=0.2916 at epoch 34
2026-08-07 03:38:35 INFO  scripts.synthetic_model_comparison.training.training_pipeline | saved checkpoint: /home/debian/Master-Thesis/scripts/synthetic_model_comparison/training/model_exports/yolo26n-gpt-image-2-medium-full-seed42-20260807-032734/last.pt
2026-08-07 03:38:36 INFO  scripts.synthetic_model_comparison.training.training_pipeline | epoch 34/200 done — next lr=0.00939943, epochs_since_improve=0/20
2026-08-07 03:38:36 INFO  scripts.synthetic_model_comparison.training.training_pipeline | epoch 35/200 — train start (lr=0.00939943, batches=15)
2026-08-07 03:38:48 INFO  scripts.synthetic_model_comparison.training.training_pipeline | epoch 35/200 — train done in 12.1s | avg loss_box=1.4448 loss_cls=1.6757 loss_dfl=0.0388 loss_total=187.4125
2026-08-07 03:38:48 INFO  scripts.synthetic_model_comparison.training.evaluation | evaluating on 4 batches
2026-08-07 03:38:54 INFO  scripts.synthetic_model_comparison.training.training_pipeline | epoch 35/200 — val mAP50=0.5817 mAP50_95=0.3454 (selection mAP50_95=0.3454)
2026-08-07 03:38:54 INFO  scripts.synthetic_model_comparison.training.evaluation | mlflow: logged val/mAP50=0.5817 val/mAP50_95=0.3454 (step=34)
2026-08-07 03:38:55 INFO  scripts.synthetic_model_comparison.training.evaluation | mlflow: logged val per-class AP table (12 classes)
2026-08-07 03:38:55 INFO  scripts.synthetic_model_comparison.training.training_pipeline | saved checkpoint: /home/debian/Master-Thesis/scripts/synthetic_model_comparison/training/model_exports/yolo26n-gpt-image-2-medium-full-seed42-20260807-032734/best.pt
2026-08-07 03:38:55 INFO  scripts.synthetic_model_comparison.training.training_pipeline | new best mAP50_95=0.3454 at epoch 35
2026-08-07 03:38:55 INFO  scripts.synthetic_model_comparison.training.training_pipeline | saved checkpoint: /home/debian/Master-Thesis/scripts/synthetic_model_comparison/training/model_exports/yolo26n-gpt-image-2-medium-full-seed42-20260807-032734/last.pt
2026-08-07 03:38:55 INFO  scripts.synthetic_model_comparison.training.training_pipeline | epoch 35/200 done — next lr=0.00936101, epochs_since_improve=0/20
2026-08-07 03:38:55 INFO  scripts.synthetic_model_comparison.training.training_pipeline | epoch 36/200 — train start (lr=0.00936101, batches=15)
2026-08-07 03:39:07 INFO  scripts.synthetic_model_comparison.training.training_pipeline | epoch 36/200 — train done in 11.5s | avg loss_box=1.4578 loss_cls=1.6482 loss_dfl=0.0384 loss_total=185.6033
2026-08-07 03:39:07 INFO  scripts.synthetic_model_comparison.training.evaluation | evaluating on 4 batches
2026-08-07 03:39:13 INFO  scripts.synthetic_model_comparison.training.training_pipeline | epoch 36/200 — val mAP50=0.4461 mAP50_95=0.2132 (selection mAP50_95=0.2132)
2026-08-07 03:39:13 INFO  scripts.synthetic_model_comparison.training.evaluation | mlflow: logged val/mAP50=0.4461 val/mAP50_95=0.2132 (step=35)
2026-08-07 03:39:14 INFO  scripts.synthetic_model_comparison.training.evaluation | mlflow: logged val per-class AP table (12 classes)
2026-08-07 03:39:14 INFO  scripts.synthetic_model_comparison.training.training_pipeline | saved checkpoint: /home/debian/Master-Thesis/scripts/synthetic_model_comparison/training/model_exports/yolo26n-gpt-image-2-medium-full-seed42-20260807-032734/last.pt
2026-08-07 03:39:14 INFO  scripts.synthetic_model_comparison.training.training_pipeline | epoch 36/200 done — next lr=0.00932147, epochs_since_improve=1/20
2026-08-07 03:39:14 INFO  scripts.synthetic_model_comparison.training.training_pipeline | epoch 37/200 — train start (lr=0.00932147, batches=15)
2026-08-07 03:39:24 INFO  scripts.synthetic_model_comparison.training.training_pipeline | step 550 | loss_box=1.5002 loss_cls=1.6069 loss_dfl=0.0427 loss_total=185.1090 lr=0.00929178
2026-08-07 03:39:27 INFO  scripts.synthetic_model_comparison.training.training_pipeline | epoch 37/200 — train done in 13.1s | avg loss_box=1.4571 loss_cls=1.6158 loss_dfl=0.0391 loss_total=183.6744
2026-08-07 03:39:27 INFO  scripts.synthetic_model_comparison.training.evaluation | evaluating on 4 batches
2026-08-07 03:39:33 INFO  scripts.synthetic_model_comparison.training.training_pipeline | epoch 37/200 — val mAP50=0.5456 mAP50_95=0.3126 (selection mAP50_95=0.3126)
2026-08-07 03:39:34 INFO  scripts.synthetic_model_comparison.training.evaluation | mlflow: logged val/mAP50=0.5456 val/mAP50_95=0.3126 (step=36)
2026-08-07 03:39:34 INFO  scripts.synthetic_model_comparison.training.evaluation | mlflow: logged val per-class AP table (12 classes)
2026-08-07 03:39:35 INFO  scripts.synthetic_model_comparison.training.training_pipeline | saved checkpoint: /home/debian/Master-Thesis/scripts/synthetic_model_comparison/training/model_exports/yolo26n-gpt-image-2-medium-full-seed42-20260807-032734/last.pt
2026-08-07 03:39:35 INFO  scripts.synthetic_model_comparison.training.training_pipeline | epoch 37/200 done — next lr=0.00928084, epochs_since_improve=2/20
2026-08-07 03:39:35 INFO  scripts.synthetic_model_comparison.training.training_pipeline | epoch 38/200 — train start (lr=0.00928084, batches=15)
2026-08-07 03:39:46 INFO  scripts.synthetic_model_comparison.training.training_pipeline | epoch 38/200 — train done in 11.4s | avg loss_box=1.4263 loss_cls=1.5835 loss_dfl=0.0388 loss_total=179.7599
2026-08-07 03:39:46 INFO  scripts.synthetic_model_comparison.training.evaluation | evaluating on 4 batches
2026-08-07 03:39:52 INFO  scripts.synthetic_model_comparison.training.training_pipeline | epoch 38/200 — val mAP50=0.5621 mAP50_95=0.3084 (selection mAP50_95=0.3084)
2026-08-07 03:39:53 INFO  scripts.synthetic_model_comparison.training.evaluation | mlflow: logged val/mAP50=0.5621 val/mAP50_95=0.3084 (step=37)
2026-08-07 03:39:53 INFO  scripts.synthetic_model_comparison.training.evaluation | mlflow: logged val per-class AP table (12 classes)
2026-08-07 03:39:53 INFO  scripts.synthetic_model_comparison.training.training_pipeline | saved checkpoint: /home/debian/Master-Thesis/scripts/synthetic_model_comparison/training/model_exports/yolo26n-gpt-image-2-medium-full-seed42-20260807-032734/last.pt
2026-08-07 03:39:53 INFO  scripts.synthetic_model_comparison.training.training_pipeline | epoch 38/200 done — next lr=0.00923912, epochs_since_improve=3/20
2026-08-07 03:39:53 INFO  scripts.synthetic_model_comparison.training.training_pipeline | epoch 39/200 — train start (lr=0.00923912, batches=15)
2026-08-07 03:40:05 INFO  scripts.synthetic_model_comparison.training.training_pipeline | epoch 39/200 — train done in 11.7s | avg loss_box=1.4201 loss_cls=1.5423 loss_dfl=0.0386 loss_total=177.7449
2026-08-07 03:40:05 INFO  scripts.synthetic_model_comparison.training.evaluation | evaluating on 4 batches
2026-08-07 03:40:11 INFO  scripts.synthetic_model_comparison.training.training_pipeline | epoch 39/200 — val mAP50=0.5908 mAP50_95=0.3260 (selection mAP50_95=0.3260)
2026-08-07 03:40:12 INFO  scripts.synthetic_model_comparison.training.evaluation | mlflow: logged val/mAP50=0.5908 val/mAP50_95=0.3260 (step=38)
2026-08-07 03:40:12 INFO  scripts.synthetic_model_comparison.training.evaluation | mlflow: logged val per-class AP table (12 classes)
2026-08-07 03:40:12 INFO  scripts.synthetic_model_comparison.training.training_pipeline | saved checkpoint: /home/debian/Master-Thesis/scripts/synthetic_model_comparison/training/model_exports/yolo26n-gpt-image-2-medium-full-seed42-20260807-032734/last.pt
2026-08-07 03:40:12 INFO  scripts.synthetic_model_comparison.training.training_pipeline | epoch 39/200 done — next lr=0.00919633, epochs_since_improve=4/20
2026-08-07 03:40:12 INFO  scripts.synthetic_model_comparison.training.training_pipeline | epoch 40/200 — train start (lr=0.00919633, batches=15)
2026-08-07 03:40:24 INFO  scripts.synthetic_model_comparison.training.training_pipeline | epoch 40/200 — train done in 11.5s | avg loss_box=1.4120 loss_cls=1.4748 loss_dfl=0.0373 loss_total=175.3027
2026-08-07 03:40:24 INFO  scripts.synthetic_model_comparison.training.evaluation | evaluating on 4 batches
2026-08-07 03:40:30 INFO  scripts.synthetic_model_comparison.training.training_pipeline | epoch 40/200 — val mAP50=0.5114 mAP50_95=0.2667 (selection mAP50_95=0.2667)
2026-08-07 03:40:30 INFO  scripts.synthetic_model_comparison.training.evaluation | mlflow: logged val/mAP50=0.5114 val/mAP50_95=0.2667 (step=39)
2026-08-07 03:40:31 INFO  scripts.synthetic_model_comparison.training.evaluation | mlflow: logged val per-class AP table (12 classes)
2026-08-07 03:40:31 INFO  scripts.synthetic_model_comparison.training.training_pipeline | saved checkpoint: /home/debian/Master-Thesis/scripts/synthetic_model_comparison/training/model_exports/yolo26n-gpt-image-2-medium-full-seed42-20260807-032734/last.pt
2026-08-07 03:40:31 INFO  scripts.synthetic_model_comparison.training.training_pipeline | epoch 40/200 done — next lr=0.00915247, epochs_since_improve=5/20
2026-08-07 03:40:31 INFO  scripts.synthetic_model_comparison.training.training_pipeline | epoch 41/200 — train start (lr=0.00915247, batches=15)
2026-08-07 03:40:37 INFO  scripts.synthetic_model_comparison.training.training_pipeline | step 600 | loss_box=1.3740 loss_cls=1.4420 loss_dfl=0.0349 loss_total=170.8456 lr=0.0091495
2026-08-07 03:40:44 INFO  scripts.synthetic_model_comparison.training.training_pipeline | epoch 41/200 — train done in 13.1s | avg loss_box=1.3861 loss_cls=1.4217 loss_dfl=0.0371 loss_total=170.9472
2026-08-07 03:40:44 INFO  scripts.synthetic_model_comparison.training.evaluation | evaluating on 4 batches
2026-08-07 03:40:50 INFO  scripts.synthetic_model_comparison.training.training_pipeline | epoch 41/200 — val mAP50=0.4211 mAP50_95=0.2237 (selection mAP50_95=0.2237)
2026-08-07 03:40:51 INFO  scripts.synthetic_model_comparison.training.evaluation | mlflow: logged val/mAP50=0.4211 val/mAP50_95=0.2237 (step=40)
2026-08-07 03:40:51 INFO  scripts.synthetic_model_comparison.training.evaluation | mlflow: logged val per-class AP table (12 classes)
2026-08-07 03:40:51 INFO  scripts.synthetic_model_comparison.training.training_pipeline | saved checkpoint: /home/debian/Master-Thesis/scripts/synthetic_model_comparison/training/model_exports/yolo26n-gpt-image-2-medium-full-seed42-20260807-032734/last.pt
2026-08-07 03:40:51 INFO  scripts.synthetic_model_comparison.training.training_pipeline | epoch 41/200 done — next lr=0.00910755, epochs_since_improve=6/20
2026-08-07 03:40:51 INFO  scripts.synthetic_model_comparison.training.training_pipeline | epoch 42/200 — train start (lr=0.00910755, batches=15)
2026-08-07 03:41:03 INFO  scripts.synthetic_model_comparison.training.training_pipeline | epoch 42/200 — train done in 11.9s | avg loss_box=1.3960 loss_cls=1.3887 loss_dfl=0.0376 loss_total=170.2066
2026-08-07 03:41:03 INFO  scripts.synthetic_model_comparison.training.evaluation | evaluating on 4 batches
2026-08-07 03:41:09 INFO  scripts.synthetic_model_comparison.training.training_pipeline | epoch 42/200 — val mAP50=0.5463 mAP50_95=0.2464 (selection mAP50_95=0.2464)
2026-08-07 03:41:10 INFO  scripts.synthetic_model_comparison.training.evaluation | mlflow: logged val/mAP50=0.5463 val/mAP50_95=0.2464 (step=41)
2026-08-07 03:41:10 INFO  scripts.synthetic_model_comparison.training.evaluation | mlflow: logged val per-class AP table (12 classes)
2026-08-07 03:41:10 INFO  scripts.synthetic_model_comparison.training.training_pipeline | saved checkpoint: /home/debian/Master-Thesis/scripts/synthetic_model_comparison/training/model_exports/yolo26n-gpt-image-2-medium-full-seed42-20260807-032734/last.pt
2026-08-07 03:41:10 INFO  scripts.synthetic_model_comparison.training.training_pipeline | epoch 42/200 done — next lr=0.00906159, epochs_since_improve=7/20
2026-08-07 03:41:11 INFO  scripts.synthetic_model_comparison.training.training_pipeline | epoch 43/200 — train start (lr=0.00906159, batches=15)
2026-08-07 03:41:22 INFO  scripts.synthetic_model_comparison.training.training_pipeline | epoch 43/200 — train done in 11.7s | avg loss_box=1.3744 loss_cls=1.3793 loss_dfl=0.0363 loss_total=167.3530
2026-08-07 03:41:22 INFO  scripts.synthetic_model_comparison.training.evaluation | evaluating on 4 batches
2026-08-07 03:41:28 INFO  scripts.synthetic_model_comparison.training.training_pipeline | epoch 43/200 — val mAP50=0.5897 mAP50_95=0.3208 (selection mAP50_95=0.3208)
2026-08-07 03:41:29 INFO  scripts.synthetic_model_comparison.training.evaluation | mlflow: logged val/mAP50=0.5897 val/mAP50_95=0.3208 (step=42)
2026-08-07 03:41:29 INFO  scripts.synthetic_model_comparison.training.evaluation | mlflow: logged val per-class AP table (12 classes)
2026-08-07 03:41:29 INFO  scripts.synthetic_model_comparison.training.training_pipeline | saved checkpoint: /home/debian/Master-Thesis/scripts/synthetic_model_comparison/training/model_exports/yolo26n-gpt-image-2-medium-full-seed42-20260807-032734/last.pt
2026-08-07 03:41:29 INFO  scripts.synthetic_model_comparison.training.training_pipeline | epoch 43/200 done — next lr=0.0090146, epochs_since_improve=8/20
2026-08-07 03:41:29 INFO  scripts.synthetic_model_comparison.training.training_pipeline | epoch 44/200 — train start (lr=0.0090146, batches=15)
2026-08-07 03:41:37 INFO  scripts.synthetic_model_comparison.training.training_pipeline | step 650 | loss_box=1.3391 loss_cls=1.3759 loss_dfl=0.0370 loss_total=165.3258 lr=0.00899552
2026-08-07 03:41:42 INFO  scripts.synthetic_model_comparison.training.training_pipeline | epoch 44/200 — train done in 13.0s | avg loss_box=1.3701 loss_cls=1.3159 loss_dfl=0.0365 loss_total=162.7578
2026-08-07 03:41:42 INFO  scripts.synthetic_model_comparison.training.evaluation | evaluating on 4 batches
2026-08-07 03:41:48 INFO  scripts.synthetic_model_comparison.training.training_pipeline | epoch 44/200 — val mAP50=0.6444 mAP50_95=0.3575 (selection mAP50_95=0.3575)
2026-08-07 03:41:49 INFO  scripts.synthetic_model_comparison.training.evaluation | mlflow: logged val/mAP50=0.6444 val/mAP50_95=0.3575 (step=43)
2026-08-07 03:41:49 INFO  scripts.synthetic_model_comparison.training.evaluation | mlflow: logged val per-class AP table (12 classes)
2026-08-07 03:41:49 INFO  scripts.synthetic_model_comparison.training.training_pipeline | saved checkpoint: /home/debian/Master-Thesis/scripts/synthetic_model_comparison/training/model_exports/yolo26n-gpt-image-2-medium-full-seed42-20260807-032734/best.pt
2026-08-07 03:41:49 INFO  scripts.synthetic_model_comparison.training.training_pipeline | new best mAP50_95=0.3575 at epoch 44
2026-08-07 03:41:49 INFO  scripts.synthetic_model_comparison.training.training_pipeline | saved checkpoint: /home/debian/Master-Thesis/scripts/synthetic_model_comparison/training/model_exports/yolo26n-gpt-image-2-medium-full-seed42-20260807-032734/last.pt
2026-08-07 03:41:50 INFO  scripts.synthetic_model_comparison.training.training_pipeline | epoch 44/200 done — next lr=0.00896659, epochs_since_improve=0/20
2026-08-07 03:41:50 INFO  scripts.synthetic_model_comparison.training.training_pipeline | epoch 45/200 — train start (lr=0.00896659, batches=15)
2026-08-07 03:42:01 INFO  scripts.synthetic_model_comparison.training.training_pipeline | epoch 45/200 — train done in 11.7s | avg loss_box=1.3259 loss_cls=1.3466 loss_dfl=0.0348 loss_total=161.3343
2026-08-07 03:42:01 INFO  scripts.synthetic_model_comparison.training.evaluation | evaluating on 4 batches
2026-08-07 03:42:07 INFO  scripts.synthetic_model_comparison.training.training_pipeline | epoch 45/200 — val mAP50=0.6454 mAP50_95=0.3873 (selection mAP50_95=0.3873)
2026-08-07 03:42:08 INFO  scripts.synthetic_model_comparison.training.evaluation | mlflow: logged val/mAP50=0.6454 val/mAP50_95=0.3873 (step=44)
2026-08-07 03:42:08 INFO  scripts.synthetic_model_comparison.training.evaluation | mlflow: logged val per-class AP table (12 classes)
2026-08-07 03:42:08 INFO  scripts.synthetic_model_comparison.training.training_pipeline | saved checkpoint: /home/debian/Master-Thesis/scripts/synthetic_model_comparison/training/model_exports/yolo26n-gpt-image-2-medium-full-seed42-20260807-032734/best.pt
2026-08-07 03:42:08 INFO  scripts.synthetic_model_comparison.training.training_pipeline | new best mAP50_95=0.3873 at epoch 45
2026-08-07 03:42:09 INFO  scripts.synthetic_model_comparison.training.training_pipeline | saved checkpoint: /home/debian/Master-Thesis/scripts/synthetic_model_comparison/training/model_exports/yolo26n-gpt-image-2-medium-full-seed42-20260807-032734/last.pt
2026-08-07 03:42:09 INFO  scripts.synthetic_model_comparison.training.training_pipeline | epoch 45/200 done — next lr=0.00891757, epochs_since_improve=0/20
2026-08-07 03:42:09 INFO  scripts.synthetic_model_comparison.training.training_pipeline | epoch 46/200 — train start (lr=0.00891757, batches=15)
2026-08-07 03:42:20 INFO  scripts.synthetic_model_comparison.training.training_pipeline | epoch 46/200 — train done in 11.4s | avg loss_box=1.3260 loss_cls=1.2801 loss_dfl=0.0358 loss_total=161.0462
2026-08-07 03:42:20 INFO  scripts.synthetic_model_comparison.training.evaluation | evaluating on 4 batches
2026-08-07 03:42:26 INFO  scripts.synthetic_model_comparison.training.training_pipeline | epoch 46/200 — val mAP50=0.5599 mAP50_95=0.3333 (selection mAP50_95=0.3333)
2026-08-07 03:42:27 INFO  scripts.synthetic_model_comparison.training.evaluation | mlflow: logged val/mAP50=0.5599 val/mAP50_95=0.3333 (step=45)
2026-08-07 03:42:27 INFO  scripts.synthetic_model_comparison.training.evaluation | mlflow: logged val per-class AP table (12 classes)
2026-08-07 03:42:27 INFO  scripts.synthetic_model_comparison.training.training_pipeline | saved checkpoint: /home/debian/Master-Thesis/scripts/synthetic_model_comparison/training/model_exports/yolo26n-gpt-image-2-medium-full-seed42-20260807-032734/last.pt
2026-08-07 03:42:28 INFO  scripts.synthetic_model_comparison.training.training_pipeline | epoch 46/200 done — next lr=0.00886756, epochs_since_improve=1/20
2026-08-07 03:42:28 INFO  scripts.synthetic_model_comparison.training.training_pipeline | epoch 47/200 — train start (lr=0.00886756, batches=15)
2026-08-07 03:42:38 INFO  scripts.synthetic_model_comparison.training.training_pipeline | step 700 | loss_box=1.2581 loss_cls=1.0716 loss_dfl=0.0341 loss_total=143.7179 lr=0.00883025
2026-08-07 03:42:41 INFO  scripts.synthetic_model_comparison.training.training_pipeline | epoch 47/200 — train done in 13.5s | avg loss_box=1.3750 loss_cls=1.2592 loss_dfl=0.0362 loss_total=161.0134
2026-08-07 03:42:41 INFO  scripts.synthetic_model_comparison.training.evaluation | evaluating on 4 batches
2026-08-07 03:42:47 INFO  scripts.synthetic_model_comparison.training.training_pipeline | epoch 47/200 — val mAP50=0.6970 mAP50_95=0.4336 (selection mAP50_95=0.4336)
2026-08-07 03:42:48 INFO  scripts.synthetic_model_comparison.training.evaluation | mlflow: logged val/mAP50=0.6970 val/mAP50_95=0.4336 (step=46)
2026-08-07 03:42:48 INFO  scripts.synthetic_model_comparison.training.evaluation | mlflow: logged val per-class AP table (12 classes)
2026-08-07 03:42:48 INFO  scripts.synthetic_model_comparison.training.training_pipeline | saved checkpoint: /home/debian/Master-Thesis/scripts/synthetic_model_comparison/training/model_exports/yolo26n-gpt-image-2-medium-full-seed42-20260807-032734/best.pt
2026-08-07 03:42:48 INFO  scripts.synthetic_model_comparison.training.training_pipeline | new best mAP50_95=0.4336 at epoch 47
2026-08-07 03:42:48 INFO  scripts.synthetic_model_comparison.training.training_pipeline | saved checkpoint: /home/debian/Master-Thesis/scripts/synthetic_model_comparison/training/model_exports/yolo26n-gpt-image-2-medium-full-seed42-20260807-032734/last.pt
2026-08-07 03:42:49 INFO  scripts.synthetic_model_comparison.training.training_pipeline | epoch 47/200 done — next lr=0.00881656, epochs_since_improve=0/20
2026-08-07 03:42:49 INFO  scripts.synthetic_model_comparison.training.training_pipeline | epoch 48/200 — train start (lr=0.00881656, batches=15)
2026-08-07 03:43:00 INFO  scripts.synthetic_model_comparison.training.training_pipeline | epoch 48/200 — train done in 11.5s | avg loss_box=1.2698 loss_cls=1.2130 loss_dfl=0.0333 loss_total=150.5956
2026-08-07 03:43:00 INFO  scripts.synthetic_model_comparison.training.evaluation | evaluating on 4 batches
2026-08-07 03:43:06 INFO  scripts.synthetic_model_comparison.training.training_pipeline | epoch 48/200 — val mAP50=0.6533 mAP50_95=0.3908 (selection mAP50_95=0.3908)
2026-08-07 03:43:06 INFO  scripts.synthetic_model_comparison.training.evaluation | mlflow: logged val/mAP50=0.6533 val/mAP50_95=0.3908 (step=47)
2026-08-07 03:43:07 INFO  scripts.synthetic_model_comparison.training.evaluation | mlflow: logged val per-class AP table (12 classes)
2026-08-07 03:43:07 INFO  scripts.synthetic_model_comparison.training.training_pipeline | saved checkpoint: /home/debian/Master-Thesis/scripts/synthetic_model_comparison/training/model_exports/yolo26n-gpt-image-2-medium-full-seed42-20260807-032734/last.pt
2026-08-07 03:43:07 INFO  scripts.synthetic_model_comparison.training.training_pipeline | epoch 48/200 done — next lr=0.00876459, epochs_since_improve=1/20
2026-08-07 03:43:07 INFO  scripts.synthetic_model_comparison.training.training_pipeline | epoch 49/200 — train start (lr=0.00876459, batches=15)
2026-08-07 03:43:19 INFO  scripts.synthetic_model_comparison.training.training_pipeline | epoch 49/200 — train done in 11.7s | avg loss_box=1.2451 loss_cls=1.1982 loss_dfl=0.0326 loss_total=150.1405
2026-08-07 03:43:19 INFO  scripts.synthetic_model_comparison.training.evaluation | evaluating on 4 batches
2026-08-07 03:43:25 INFO  scripts.synthetic_model_comparison.training.training_pipeline | epoch 49/200 — val mAP50=0.5909 mAP50_95=0.3440 (selection mAP50_95=0.3440)
2026-08-07 03:43:25 INFO  scripts.synthetic_model_comparison.training.evaluation | mlflow: logged val/mAP50=0.5909 val/mAP50_95=0.3440 (step=48)
2026-08-07 03:43:26 INFO  scripts.synthetic_model_comparison.training.evaluation | mlflow: logged val per-class AP table (12 classes)
2026-08-07 03:43:26 INFO  scripts.synthetic_model_comparison.training.training_pipeline | saved checkpoint: /home/debian/Master-Thesis/scripts/synthetic_model_comparison/training/model_exports/yolo26n-gpt-image-2-medium-full-seed42-20260807-032734/last.pt
2026-08-07 03:43:26 INFO  scripts.synthetic_model_comparison.training.training_pipeline | epoch 49/200 done — next lr=0.00871167, epochs_since_improve=2/20
2026-08-07 03:43:26 INFO  scripts.synthetic_model_comparison.training.training_pipeline | epoch 50/200 — train start (lr=0.00871167, batches=15)
2026-08-07 03:43:38 INFO  scripts.synthetic_model_comparison.training.training_pipeline | epoch 50/200 — train done in 11.5s | avg loss_box=1.3248 loss_cls=1.2033 loss_dfl=0.0343 loss_total=154.7355
2026-08-07 03:43:38 INFO  scripts.synthetic_model_comparison.training.evaluation | evaluating on 4 batches
2026-08-07 03:43:43 INFO  scripts.synthetic_model_comparison.training.training_pipeline | epoch 50/200 — val mAP50=0.7234 mAP50_95=0.4567 (selection mAP50_95=0.4567)
2026-08-07 03:43:44 INFO  scripts.synthetic_model_comparison.training.evaluation | mlflow: logged val/mAP50=0.7234 val/mAP50_95=0.4567 (step=49)
2026-08-07 03:43:44 INFO  scripts.synthetic_model_comparison.training.evaluation | mlflow: logged val per-class AP table (12 classes)
2026-08-07 03:43:45 INFO  scripts.synthetic_model_comparison.training.training_pipeline | saved checkpoint: /home/debian/Master-Thesis/scripts/synthetic_model_comparison/training/model_exports/yolo26n-gpt-image-2-medium-full-seed42-20260807-032734/best.pt
2026-08-07 03:43:45 INFO  scripts.synthetic_model_comparison.training.training_pipeline | new best mAP50_95=0.4567 at epoch 50
2026-08-07 03:43:45 INFO  scripts.synthetic_model_comparison.training.training_pipeline | saved checkpoint: /home/debian/Master-Thesis/scripts/synthetic_model_comparison/training/model_exports/yolo26n-gpt-image-2-medium-full-seed42-20260807-032734/last.pt
2026-08-07 03:43:45 INFO  scripts.synthetic_model_comparison.training.training_pipeline | epoch 50/200 done — next lr=0.00865781, epochs_since_improve=0/20
2026-08-07 03:43:45 INFO  scripts.synthetic_model_comparison.training.training_pipeline | epoch 51/200 — train start (lr=0.00865781, batches=15)
2026-08-07 03:43:51 INFO  scripts.synthetic_model_comparison.training.training_pipeline | step 750 | loss_box=1.2303 loss_cls=1.0453 loss_dfl=0.0304 loss_total=141.6172 lr=0.00865419
2026-08-07 03:43:58 INFO  scripts.synthetic_model_comparison.training.training_pipeline | epoch 51/200 — train done in 12.7s | avg loss_box=1.2589 loss_cls=1.1397 loss_dfl=0.0335 loss_total=148.3094
2026-08-07 03:43:58 INFO  scripts.synthetic_model_comparison.training.evaluation | evaluating on 4 batches
2026-08-07 03:44:04 INFO  scripts.synthetic_model_comparison.training.training_pipeline | epoch 51/200 — val mAP50=0.6770 mAP50_95=0.4088 (selection mAP50_95=0.4088)
2026-08-07 03:44:04 INFO  scripts.synthetic_model_comparison.training.evaluation | mlflow: logged val/mAP50=0.6770 val/mAP50_95=0.4088 (step=50)
2026-08-07 03:44:05 INFO  scripts.synthetic_model_comparison.training.evaluation | mlflow: logged val per-class AP table (12 classes)
2026-08-07 03:44:05 INFO  scripts.synthetic_model_comparison.training.training_pipeline | saved checkpoint: /home/debian/Master-Thesis/scripts/synthetic_model_comparison/training/model_exports/yolo26n-gpt-image-2-medium-full-seed42-20260807-032734/last.pt
2026-08-07 03:44:05 INFO  scripts.synthetic_model_comparison.training.training_pipeline | epoch 51/200 done — next lr=0.00860302, epochs_since_improve=1/20
2026-08-07 03:44:05 INFO  scripts.synthetic_model_comparison.training.training_pipeline | epoch 52/200 — train start (lr=0.00860302, batches=15)
2026-08-07 03:44:17 INFO  scripts.synthetic_model_comparison.training.training_pipeline | epoch 52/200 — train done in 11.7s | avg loss_box=1.2459 loss_cls=1.1119 loss_dfl=0.0325 loss_total=144.2135
2026-08-07 03:44:17 INFO  scripts.synthetic_model_comparison.training.evaluation | evaluating on 4 batches
2026-08-07 03:44:23 INFO  scripts.synthetic_model_comparison.training.training_pipeline | epoch 52/200 — val mAP50=0.6478 mAP50_95=0.4046 (selection mAP50_95=0.4046)
2026-08-07 03:44:23 INFO  scripts.synthetic_model_comparison.training.evaluation | mlflow: logged val/mAP50=0.6478 val/mAP50_95=0.4046 (step=51)
2026-08-07 03:44:23 INFO  scripts.synthetic_model_comparison.training.evaluation | mlflow: logged val per-class AP table (12 classes)
2026-08-07 03:44:24 INFO  scripts.synthetic_model_comparison.training.training_pipeline | saved checkpoint: /home/debian/Master-Thesis/scripts/synthetic_model_comparison/training/model_exports/yolo26n-gpt-image-2-medium-full-seed42-20260807-032734/last.pt
2026-08-07 03:44:24 INFO  scripts.synthetic_model_comparison.training.training_pipeline | epoch 52/200 done — next lr=0.00854731, epochs_since_improve=2/20
2026-08-07 03:44:24 INFO  scripts.synthetic_model_comparison.training.training_pipeline | epoch 53/200 — train start (lr=0.00854731, batches=15)
2026-08-07 03:44:36 INFO  scripts.synthetic_model_comparison.training.training_pipeline | epoch 53/200 — train done in 11.7s | avg loss_box=1.2421 loss_cls=1.1194 loss_dfl=0.0324 loss_total=145.5142
2026-08-07 03:44:36 INFO  scripts.synthetic_model_comparison.training.evaluation | evaluating on 4 batches
2026-08-07 03:44:42 INFO  scripts.synthetic_model_comparison.training.training_pipeline | epoch 53/200 — val mAP50=0.7304 mAP50_95=0.4625 (selection mAP50_95=0.4625)
2026-08-07 03:44:42 INFO  scripts.synthetic_model_comparison.training.evaluation | mlflow: logged val/mAP50=0.7304 val/mAP50_95=0.4625 (step=52)
2026-08-07 03:44:43 INFO  scripts.synthetic_model_comparison.training.evaluation | mlflow: logged val per-class AP table (12 classes)
2026-08-07 03:44:43 INFO  scripts.synthetic_model_comparison.training.training_pipeline | saved checkpoint: /home/debian/Master-Thesis/scripts/synthetic_model_comparison/training/model_exports/yolo26n-gpt-image-2-medium-full-seed42-20260807-032734/best.pt
2026-08-07 03:44:43 INFO  scripts.synthetic_model_comparison.training.training_pipeline | new best mAP50_95=0.4625 at epoch 53
2026-08-07 03:44:43 INFO  scripts.synthetic_model_comparison.training.training_pipeline | saved checkpoint: /home/debian/Master-Thesis/scripts/synthetic_model_comparison/training/model_exports/yolo26n-gpt-image-2-medium-full-seed42-20260807-032734/last.pt
2026-08-07 03:44:43 INFO  scripts.synthetic_model_comparison.training.training_pipeline | epoch 53/200 done — next lr=0.0084907, epochs_since_improve=0/20
2026-08-07 03:44:43 INFO  scripts.synthetic_model_comparison.training.training_pipeline | epoch 54/200 — train start (lr=0.0084907, batches=15)
2026-08-07 03:44:52 INFO  scripts.synthetic_model_comparison.training.training_pipeline | step 800 | loss_box=1.2856 loss_cls=1.0122 loss_dfl=0.0350 loss_total=141.0352 lr=0.00846781
2026-08-07 03:44:57 INFO  scripts.synthetic_model_comparison.training.training_pipeline | epoch 54/200 — train done in 13.6s | avg loss_box=1.2444 loss_cls=1.0793 loss_dfl=0.0329 loss_total=144.2708
2026-08-07 03:44:57 INFO  scripts.synthetic_model_comparison.training.evaluation | evaluating on 4 batches
2026-08-07 03:45:03 INFO  scripts.synthetic_model_comparison.training.training_pipeline | epoch 54/200 — val mAP50=0.6657 mAP50_95=0.3982 (selection mAP50_95=0.3982)
2026-08-07 03:45:03 INFO  scripts.synthetic_model_comparison.training.evaluation | mlflow: logged val/mAP50=0.6657 val/mAP50_95=0.3982 (step=53)
2026-08-07 03:45:04 INFO  scripts.synthetic_model_comparison.training.evaluation | mlflow: logged val per-class AP table (12 classes)
2026-08-07 03:45:04 INFO  scripts.synthetic_model_comparison.training.training_pipeline | saved checkpoint: /home/debian/Master-Thesis/scripts/synthetic_model_comparison/training/model_exports/yolo26n-gpt-image-2-medium-full-seed42-20260807-032734/last.pt
2026-08-07 03:45:04 INFO  scripts.synthetic_model_comparison.training.training_pipeline | epoch 54/200 done — next lr=0.00843321, epochs_since_improve=1/20
2026-08-07 03:45:04 INFO  scripts.synthetic_model_comparison.training.training_pipeline | epoch 55/200 — train start (lr=0.00843321, batches=15)
2026-08-07 03:45:16 INFO  scripts.synthetic_model_comparison.training.training_pipeline | epoch 55/200 — train done in 11.5s | avg loss_box=1.2416 loss_cls=1.0179 loss_dfl=0.0318 loss_total=138.6748
2026-08-07 03:45:16 INFO  scripts.synthetic_model_comparison.training.evaluation | evaluating on 4 batches
2026-08-07 03:45:22 INFO  scripts.synthetic_model_comparison.training.training_pipeline | epoch 55/200 — val mAP50=0.6887 mAP50_95=0.3871 (selection mAP50_95=0.3871)
2026-08-07 03:45:22 INFO  scripts.synthetic_model_comparison.training.evaluation | mlflow: logged val/mAP50=0.6887 val/mAP50_95=0.3871 (step=54)
2026-08-07 03:45:23 INFO  scripts.synthetic_model_comparison.training.evaluation | mlflow: logged val per-class AP table (12 classes)
2026-08-07 03:45:23 INFO  scripts.synthetic_model_comparison.training.training_pipeline | saved checkpoint: /home/debian/Master-Thesis/scripts/synthetic_model_comparison/training/model_exports/yolo26n-gpt-image-2-medium-full-seed42-20260807-032734/last.pt
2026-08-07 03:45:23 INFO  scripts.synthetic_model_comparison.training.training_pipeline | epoch 55/200 done — next lr=0.00837484, epochs_since_improve=2/20
2026-08-07 03:45:23 INFO  scripts.synthetic_model_comparison.training.training_pipeline | epoch 56/200 — train start (lr=0.00837484, batches=15)
2026-08-07 03:45:35 INFO  scripts.synthetic_model_comparison.training.training_pipeline | epoch 56/200 — train done in 11.9s | avg loss_box=1.2312 loss_cls=1.0382 loss_dfl=0.0318 loss_total=139.4524
2026-08-07 03:45:35 INFO  scripts.synthetic_model_comparison.training.evaluation | evaluating on 4 batches
2026-08-07 03:45:40 INFO  scripts.synthetic_model_comparison.training.training_pipeline | epoch 56/200 — val mAP50=0.7113 mAP50_95=0.4131 (selection mAP50_95=0.4131)
2026-08-07 03:45:41 INFO  scripts.synthetic_model_comparison.training.evaluation | mlflow: logged val/mAP50=0.7113 val/mAP50_95=0.4131 (step=55)
2026-08-07 03:45:41 INFO  scripts.synthetic_model_comparison.training.evaluation | mlflow: logged val per-class AP table (12 classes)
2026-08-07 03:45:42 INFO  scripts.synthetic_model_comparison.training.training_pipeline | saved checkpoint: /home/debian/Master-Thesis/scripts/synthetic_model_comparison/training/model_exports/yolo26n-gpt-image-2-medium-full-seed42-20260807-032734/last.pt
2026-08-07 03:45:42 INFO  scripts.synthetic_model_comparison.training.training_pipeline | epoch 56/200 done — next lr=0.00831562, epochs_since_improve=3/20
2026-08-07 03:45:42 INFO  scripts.synthetic_model_comparison.training.training_pipeline | epoch 57/200 — train start (lr=0.00831562, batches=15)
2026-08-07 03:45:52 INFO  scripts.synthetic_model_comparison.training.training_pipeline | step 850 | loss_box=1.2240 loss_cls=1.0872 loss_dfl=0.0281 loss_total=146.6997 lr=0.00827165
2026-08-07 03:45:55 INFO  scripts.synthetic_model_comparison.training.training_pipeline | epoch 57/200 — train done in 13.0s | avg loss_box=1.2226 loss_cls=1.0182 loss_dfl=0.0316 loss_total=138.5360
2026-08-07 03:45:55 INFO  scripts.synthetic_model_comparison.training.evaluation | evaluating on 4 batches
2026-08-07 03:46:01 INFO  scripts.synthetic_model_comparison.training.training_pipeline | epoch 57/200 — val mAP50=0.7282 mAP50_95=0.4561 (selection mAP50_95=0.4561)
2026-08-07 03:46:02 INFO  scripts.synthetic_model_comparison.training.evaluation | mlflow: logged val/mAP50=0.7282 val/mAP50_95=0.4561 (step=56)
2026-08-07 03:46:02 INFO  scripts.synthetic_model_comparison.training.evaluation | mlflow: logged val per-class AP table (12 classes)
2026-08-07 03:46:02 INFO  scripts.synthetic_model_comparison.training.training_pipeline | saved checkpoint: /home/debian/Master-Thesis/scripts/synthetic_model_comparison/training/model_exports/yolo26n-gpt-image-2-medium-full-seed42-20260807-032734/last.pt
2026-08-07 03:46:02 INFO  scripts.synthetic_model_comparison.training.training_pipeline | epoch 57/200 done — next lr=0.00825555, epochs_since_improve=4/20
2026-08-07 03:46:02 INFO  scripts.synthetic_model_comparison.training.training_pipeline | epoch 58/200 — train start (lr=0.00825555, batches=15)
2026-08-07 03:46:14 INFO  scripts.synthetic_model_comparison.training.training_pipeline | epoch 58/200 — train done in 11.7s | avg loss_box=1.1747 loss_cls=0.9887 loss_dfl=0.0310 loss_total=132.7068
2026-08-07 03:46:14 INFO  scripts.synthetic_model_comparison.training.evaluation | evaluating on 4 batches
2026-08-07 03:46:20 INFO  scripts.synthetic_model_comparison.training.training_pipeline | epoch 58/200 — val mAP50=0.6978 mAP50_95=0.4235 (selection mAP50_95=0.4235)
2026-08-07 03:46:20 INFO  scripts.synthetic_model_comparison.training.evaluation | mlflow: logged val/mAP50=0.6978 val/mAP50_95=0.4235 (step=57)
2026-08-07 03:46:21 INFO  scripts.synthetic_model_comparison.training.evaluation | mlflow: logged val per-class AP table (12 classes)
2026-08-07 03:46:21 INFO  scripts.synthetic_model_comparison.training.training_pipeline | saved checkpoint: /home/debian/Master-Thesis/scripts/synthetic_model_comparison/training/model_exports/yolo26n-gpt-image-2-medium-full-seed42-20260807-032734/last.pt
2026-08-07 03:46:21 INFO  scripts.synthetic_model_comparison.training.training_pipeline | epoch 58/200 done — next lr=0.00819466, epochs_since_improve=5/20
2026-08-07 03:46:21 INFO  scripts.synthetic_model_comparison.training.training_pipeline | epoch 59/200 — train start (lr=0.00819466, batches=15)
2026-08-07 03:46:34 INFO  scripts.synthetic_model_comparison.training.training_pipeline | epoch 59/200 — train done in 12.6s | avg loss_box=1.1757 loss_cls=0.9758 loss_dfl=0.0312 loss_total=133.8407
2026-08-07 03:46:34 INFO  scripts.synthetic_model_comparison.training.evaluation | evaluating on 4 batches
2026-08-07 03:46:40 INFO  scripts.synthetic_model_comparison.training.training_pipeline | epoch 59/200 — val mAP50=0.7508 mAP50_95=0.4763 (selection mAP50_95=0.4763)
2026-08-07 03:46:40 INFO  scripts.synthetic_model_comparison.training.evaluation | mlflow: logged val/mAP50=0.7508 val/mAP50_95=0.4763 (step=58)
2026-08-07 03:46:41 INFO  scripts.synthetic_model_comparison.training.evaluation | mlflow: logged val per-class AP table (12 classes)
2026-08-07 03:46:41 INFO  scripts.synthetic_model_comparison.training.training_pipeline | saved checkpoint: /home/debian/Master-Thesis/scripts/synthetic_model_comparison/training/model_exports/yolo26n-gpt-image-2-medium-full-seed42-20260807-032734/best.pt
2026-08-07 03:46:41 INFO  scripts.synthetic_model_comparison.training.training_pipeline | new best mAP50_95=0.4763 at epoch 59
2026-08-07 03:46:41 INFO  scripts.synthetic_model_comparison.training.training_pipeline | saved checkpoint: /home/debian/Master-Thesis/scripts/synthetic_model_comparison/training/model_exports/yolo26n-gpt-image-2-medium-full-seed42-20260807-032734/last.pt
2026-08-07 03:46:41 INFO  scripts.synthetic_model_comparison.training.training_pipeline | epoch 59/200 done — next lr=0.00813295, epochs_since_improve=0/20
2026-08-07 03:46:41 INFO  scripts.synthetic_model_comparison.training.training_pipeline | epoch 60/200 — train start (lr=0.00813295, batches=15)
2026-08-07 03:46:54 INFO  scripts.synthetic_model_comparison.training.training_pipeline | epoch 60/200 — train done in 12.3s | avg loss_box=1.1698 loss_cls=0.9394 loss_dfl=0.0304 loss_total=130.3783
2026-08-07 03:46:54 INFO  scripts.synthetic_model_comparison.training.evaluation | evaluating on 4 batches
2026-08-07 03:46:59 INFO  scripts.synthetic_model_comparison.training.training_pipeline | epoch 60/200 — val mAP50=0.7634 mAP50_95=0.5037 (selection mAP50_95=0.5037)
2026-08-07 03:47:00 INFO  scripts.synthetic_model_comparison.training.evaluation | mlflow: logged val/mAP50=0.7634 val/mAP50_95=0.5037 (step=59)
2026-08-07 03:47:00 INFO  scripts.synthetic_model_comparison.training.evaluation | mlflow: logged val per-class AP table (12 classes)
2026-08-07 03:47:00 INFO  scripts.synthetic_model_comparison.training.training_pipeline | saved checkpoint: /home/debian/Master-Thesis/scripts/synthetic_model_comparison/training/model_exports/yolo26n-gpt-image-2-medium-full-seed42-20260807-032734/best.pt
2026-08-07 03:47:00 INFO  scripts.synthetic_model_comparison.training.training_pipeline | new best mAP50_95=0.5037 at epoch 60
2026-08-07 03:47:00 INFO  scripts.synthetic_model_comparison.training.training_pipeline | saved checkpoint: /home/debian/Master-Thesis/scripts/synthetic_model_comparison/training/model_exports/yolo26n-gpt-image-2-medium-full-seed42-20260807-032734/last.pt
2026-08-07 03:47:01 INFO  scripts.synthetic_model_comparison.training.training_pipeline | epoch 60/200 done — next lr=0.00807046, epochs_since_improve=0/20
2026-08-07 03:47:01 INFO  scripts.synthetic_model_comparison.training.training_pipeline | epoch 61/200 — train start (lr=0.00807046, batches=15)
2026-08-07 03:47:07 INFO  scripts.synthetic_model_comparison.training.training_pipeline | step 900 | loss_box=1.1184 loss_cls=0.9648 loss_dfl=0.0276 loss_total=132.6238 lr=0.00806626
2026-08-07 03:47:14 INFO  scripts.synthetic_model_comparison.training.training_pipeline | epoch 61/200 — train done in 13.0s | avg loss_box=1.1221 loss_cls=0.9529 loss_dfl=0.0292 loss_total=129.5513
2026-08-07 03:47:14 INFO  scripts.synthetic_model_comparison.training.evaluation | evaluating on 4 batches
2026-08-07 03:47:20 INFO  scripts.synthetic_model_comparison.training.training_pipeline | epoch 61/200 — val mAP50=0.7168 mAP50_95=0.4565 (selection mAP50_95=0.4565)
2026-08-07 03:47:20 INFO  scripts.synthetic_model_comparison.training.evaluation | mlflow: logged val/mAP50=0.7168 val/mAP50_95=0.4565 (step=60)
2026-08-07 03:47:21 INFO  scripts.synthetic_model_comparison.training.evaluation | mlflow: logged val per-class AP table (12 classes)
2026-08-07 03:47:21 INFO  scripts.synthetic_model_comparison.training.training_pipeline | saved checkpoint: /home/debian/Master-Thesis/scripts/synthetic_model_comparison/training/model_exports/yolo26n-gpt-image-2-medium-full-seed42-20260807-032734/last.pt
2026-08-07 03:47:21 INFO  scripts.synthetic_model_comparison.training.training_pipeline | epoch 61/200 done — next lr=0.00800718, epochs_since_improve=1/20
2026-08-07 03:47:21 INFO  scripts.synthetic_model_comparison.training.training_pipeline | epoch 62/200 — train start (lr=0.00800718, batches=15)
2026-08-07 03:47:33 INFO  scripts.synthetic_model_comparison.training.training_pipeline | epoch 62/200 — train done in 11.9s | avg loss_box=1.1681 loss_cls=0.9325 loss_dfl=0.0313 loss_total=131.4135
2026-08-07 03:47:33 INFO  scripts.synthetic_model_comparison.training.evaluation | evaluating on 4 batches
2026-08-07 03:47:39 INFO  scripts.synthetic_model_comparison.training.training_pipeline | epoch 62/200 — val mAP50=0.7397 mAP50_95=0.4707 (selection mAP50_95=0.4707)
2026-08-07 03:47:39 INFO  scripts.synthetic_model_comparison.training.evaluation | mlflow: logged val/mAP50=0.7397 val/mAP50_95=0.4707 (step=61)
2026-08-07 03:47:40 INFO  scripts.synthetic_model_comparison.training.evaluation | mlflow: logged val per-class AP table (12 classes)
2026-08-07 03:47:40 INFO  scripts.synthetic_model_comparison.training.training_pipeline | saved checkpoint: /home/debian/Master-Thesis/scripts/synthetic_model_comparison/training/model_exports/yolo26n-gpt-image-2-medium-full-seed42-20260807-032734/last.pt
2026-08-07 03:47:40 INFO  scripts.synthetic_model_comparison.training.training_pipeline | epoch 62/200 done — next lr=0.00794314, epochs_since_improve=2/20
2026-08-07 03:47:40 INFO  scripts.synthetic_model_comparison.training.training_pipeline | epoch 63/200 — train start (lr=0.00794314, batches=15)
2026-08-07 03:47:52 INFO  scripts.synthetic_model_comparison.training.training_pipeline | epoch 63/200 — train done in 11.7s | avg loss_box=1.1542 loss_cls=0.8816 loss_dfl=0.0300 loss_total=127.2528
2026-08-07 03:47:52 INFO  scripts.synthetic_model_comparison.training.evaluation | evaluating on 4 batches
2026-08-07 03:47:58 INFO  scripts.synthetic_model_comparison.training.training_pipeline | epoch 63/200 — val mAP50=0.7576 mAP50_95=0.4940 (selection mAP50_95=0.4940)
2026-08-07 03:47:58 INFO  scripts.synthetic_model_comparison.training.evaluation | mlflow: logged val/mAP50=0.7576 val/mAP50_95=0.4940 (step=62)
2026-08-07 03:47:59 INFO  scripts.synthetic_model_comparison.training.evaluation | mlflow: logged val per-class AP table (12 classes)
2026-08-07 03:47:59 INFO  scripts.synthetic_model_comparison.training.training_pipeline | saved checkpoint: /home/debian/Master-Thesis/scripts/synthetic_model_comparison/training/model_exports/yolo26n-gpt-image-2-medium-full-seed42-20260807-032734/last.pt
2026-08-07 03:47:59 INFO  scripts.synthetic_model_comparison.training.training_pipeline | epoch 63/200 done — next lr=0.00787835, epochs_since_improve=3/20
2026-08-07 03:47:59 INFO  scripts.synthetic_model_comparison.training.training_pipeline | epoch 64/200 — train start (lr=0.00787835, batches=15)
2026-08-07 03:48:08 INFO  scripts.synthetic_model_comparison.training.training_pipeline | step 950 | loss_box=1.0457 loss_cls=0.8853 loss_dfl=0.0256 loss_total=123.1621 lr=0.00785222
2026-08-07 03:48:12 INFO  scripts.synthetic_model_comparison.training.training_pipeline | epoch 64/200 — train done in 13.3s | avg loss_box=1.1447 loss_cls=0.8962 loss_dfl=0.0294 loss_total=128.4332
2026-08-07 03:48:12 INFO  scripts.synthetic_model_comparison.training.evaluation | evaluating on 4 batches
2026-08-07 03:48:18 INFO  scripts.synthetic_model_comparison.training.training_pipeline | epoch 64/200 — val mAP50=0.7476 mAP50_95=0.4930 (selection mAP50_95=0.4930)
2026-08-07 03:48:19 INFO  scripts.synthetic_model_comparison.training.evaluation | mlflow: logged val/mAP50=0.7476 val/mAP50_95=0.4930 (step=63)
2026-08-07 03:48:19 INFO  scripts.synthetic_model_comparison.training.evaluation | mlflow: logged val per-class AP table (12 classes)
2026-08-07 03:48:19 INFO  scripts.synthetic_model_comparison.training.training_pipeline | saved checkpoint: /home/debian/Master-Thesis/scripts/synthetic_model_comparison/training/model_exports/yolo26n-gpt-image-2-medium-full-seed42-20260807-032734/last.pt
2026-08-07 03:48:19 INFO  scripts.synthetic_model_comparison.training.training_pipeline | epoch 64/200 done — next lr=0.00781283, epochs_since_improve=4/20
2026-08-07 03:48:19 INFO  scripts.synthetic_model_comparison.training.training_pipeline | epoch 65/200 — train start (lr=0.00781283, batches=15)
2026-08-07 03:48:32 INFO  scripts.synthetic_model_comparison.training.training_pipeline | epoch 65/200 — train done in 12.9s | avg loss_box=1.1135 loss_cls=0.8636 loss_dfl=0.0287 loss_total=123.7187
2026-08-07 03:48:32 INFO  scripts.synthetic_model_comparison.training.evaluation | evaluating on 4 batches
2026-08-07 03:48:38 INFO  scripts.synthetic_model_comparison.training.training_pipeline | epoch 65/200 — val mAP50=0.7706 mAP50_95=0.4990 (selection mAP50_95=0.4990)
2026-08-07 03:48:39 INFO  scripts.synthetic_model_comparison.training.evaluation | mlflow: logged val/mAP50=0.7706 val/mAP50_95=0.4990 (step=64)
2026-08-07 03:48:39 INFO  scripts.synthetic_model_comparison.training.evaluation | mlflow: logged val per-class AP table (12 classes)
2026-08-07 03:48:39 INFO  scripts.synthetic_model_comparison.training.training_pipeline | saved checkpoint: /home/debian/Master-Thesis/scripts/synthetic_model_comparison/training/model_exports/yolo26n-gpt-image-2-medium-full-seed42-20260807-032734/last.pt
2026-08-07 03:48:40 INFO  scripts.synthetic_model_comparison.training.training_pipeline | epoch 65/200 done — next lr=0.00774659, epochs_since_improve=5/20
2026-08-07 03:48:40 INFO  scripts.synthetic_model_comparison.training.training_pipeline | epoch 66/200 — train start (lr=0.00774659, batches=15)
2026-08-07 03:48:52 INFO  scripts.synthetic_model_comparison.training.training_pipeline | epoch 66/200 — train done in 12.0s | avg loss_box=1.1009 loss_cls=0.8099 loss_dfl=0.0281 loss_total=121.2579
2026-08-07 03:48:52 INFO  scripts.synthetic_model_comparison.training.evaluation | evaluating on 4 batches
2026-08-07 03:48:58 INFO  scripts.synthetic_model_comparison.training.training_pipeline | epoch 66/200 — val mAP50=0.8021 mAP50_95=0.5347 (selection mAP50_95=0.5347)
2026-08-07 03:48:58 INFO  scripts.synthetic_model_comparison.training.evaluation | mlflow: logged val/mAP50=0.8021 val/mAP50_95=0.5347 (step=65)
2026-08-07 03:48:59 INFO  scripts.synthetic_model_comparison.training.evaluation | mlflow: logged val per-class AP table (12 classes)
2026-08-07 03:48:59 INFO  scripts.synthetic_model_comparison.training.training_pipeline | saved checkpoint: /home/debian/Master-Thesis/scripts/synthetic_model_comparison/training/model_exports/yolo26n-gpt-image-2-medium-full-seed42-20260807-032734/best.pt
2026-08-07 03:48:59 INFO  scripts.synthetic_model_comparison.training.training_pipeline | new best mAP50_95=0.5347 at epoch 66
2026-08-07 03:48:59 INFO  scripts.synthetic_model_comparison.training.training_pipeline | saved checkpoint: /home/debian/Master-Thesis/scripts/synthetic_model_comparison/training/model_exports/yolo26n-gpt-image-2-medium-full-seed42-20260807-032734/last.pt
2026-08-07 03:48:59 INFO  scripts.synthetic_model_comparison.training.training_pipeline | epoch 66/200 done — next lr=0.00767966, epochs_since_improve=0/20
2026-08-07 03:48:59 INFO  scripts.synthetic_model_comparison.training.training_pipeline | epoch 67/200 — train start (lr=0.00767966, batches=15)
2026-08-07 03:49:09 INFO  scripts.synthetic_model_comparison.training.training_pipeline | step 1000 | loss_box=0.9720 loss_cls=0.8006 loss_dfl=0.0273 loss_total=110.9669 lr=0.00763015
2026-08-07 03:49:12 INFO  scripts.synthetic_model_comparison.training.training_pipeline | epoch 67/200 — train done in 13.1s | avg loss_box=1.1190 loss_cls=0.8224 loss_dfl=0.0290 loss_total=122.4903
2026-08-07 03:49:12 INFO  scripts.synthetic_model_comparison.training.evaluation | evaluating on 4 batches
2026-08-07 03:49:18 INFO  scripts.synthetic_model_comparison.training.training_pipeline | epoch 67/200 — val mAP50=0.7476 mAP50_95=0.4761 (selection mAP50_95=0.4761)
2026-08-07 03:49:19 INFO  scripts.synthetic_model_comparison.training.evaluation | mlflow: logged val/mAP50=0.7476 val/mAP50_95=0.4761 (step=66)
2026-08-07 03:49:19 INFO  scripts.synthetic_model_comparison.training.evaluation | mlflow: logged val per-class AP table (12 classes)
2026-08-07 03:49:19 INFO  scripts.synthetic_model_comparison.training.training_pipeline | saved checkpoint: /home/debian/Master-Thesis/scripts/synthetic_model_comparison/training/model_exports/yolo26n-gpt-image-2-medium-full-seed42-20260807-032734/last.pt
2026-08-07 03:49:20 INFO  scripts.synthetic_model_comparison.training.training_pipeline | epoch 67/200 done — next lr=0.00761205, epochs_since_improve=1/20
2026-08-07 03:49:20 INFO  scripts.synthetic_model_comparison.training.training_pipeline | epoch 68/200 — train start (lr=0.00761205, batches=15)
2026-08-07 03:49:32 INFO  scripts.synthetic_model_comparison.training.training_pipeline | epoch 68/200 — train done in 12.0s | avg loss_box=1.0946 loss_cls=0.8188 loss_dfl=0.0283 loss_total=120.6498
2026-08-07 03:49:32 INFO  scripts.synthetic_model_comparison.training.evaluation | evaluating on 4 batches
2026-08-07 03:49:38 INFO  scripts.synthetic_model_comparison.training.training_pipeline | epoch 68/200 — val mAP50=0.6729 mAP50_95=0.4131 (selection mAP50_95=0.4131)
2026-08-07 03:49:38 INFO  scripts.synthetic_model_comparison.training.evaluation | mlflow: logged val/mAP50=0.6729 val/mAP50_95=0.4131 (step=67)
2026-08-07 03:49:38 INFO  scripts.synthetic_model_comparison.training.evaluation | mlflow: logged val per-class AP table (12 classes)
2026-08-07 03:49:39 INFO  scripts.synthetic_model_comparison.training.training_pipeline | saved checkpoint: /home/debian/Master-Thesis/scripts/synthetic_model_comparison/training/model_exports/yolo26n-gpt-image-2-medium-full-seed42-20260807-032734/last.pt
2026-08-07 03:49:39 INFO  scripts.synthetic_model_comparison.training.training_pipeline | epoch 68/200 done — next lr=0.00754378, epochs_since_improve=2/20
2026-08-07 03:49:39 INFO  scripts.synthetic_model_comparison.training.training_pipeline | epoch 69/200 — train start (lr=0.00754378, batches=15)
2026-08-07 03:49:50 INFO  scripts.synthetic_model_comparison.training.training_pipeline | epoch 69/200 — train done in 11.3s | avg loss_box=1.0508 loss_cls=0.8197 loss_dfl=0.0272 loss_total=118.4170
2026-08-07 03:49:50 INFO  scripts.synthetic_model_comparison.training.evaluation | evaluating on 4 batches
2026-08-07 03:49:56 INFO  scripts.synthetic_model_comparison.training.training_pipeline | epoch 69/200 — val mAP50=0.7480 mAP50_95=0.4730 (selection mAP50_95=0.4730)
2026-08-07 03:49:57 INFO  scripts.synthetic_model_comparison.training.evaluation | mlflow: logged val/mAP50=0.7480 val/mAP50_95=0.4730 (step=68)
2026-08-07 03:49:57 INFO  scripts.synthetic_model_comparison.training.evaluation | mlflow: logged val per-class AP table (12 classes)
2026-08-07 03:49:57 INFO  scripts.synthetic_model_comparison.training.training_pipeline | saved checkpoint: /home/debian/Master-Thesis/scripts/synthetic_model_comparison/training/model_exports/yolo26n-gpt-image-2-medium-full-seed42-20260807-032734/last.pt
2026-08-07 03:49:58 INFO  scripts.synthetic_model_comparison.training.training_pipeline | epoch 69/200 done — next lr=0.00747486, epochs_since_improve=3/20
2026-08-07 03:49:58 INFO  scripts.synthetic_model_comparison.training.training_pipeline | epoch 70/200 — train start (lr=0.00747486, batches=15)
2026-08-07 03:50:09 INFO  scripts.synthetic_model_comparison.training.training_pipeline | epoch 70/200 — train done in 11.5s | avg loss_box=1.0845 loss_cls=0.8244 loss_dfl=0.0282 loss_total=119.5232
2026-08-07 03:50:09 INFO  scripts.synthetic_model_comparison.training.evaluation | evaluating on 4 batches
2026-08-07 03:50:15 INFO  scripts.synthetic_model_comparison.training.training_pipeline | epoch 70/200 — val mAP50=0.7087 mAP50_95=0.4365 (selection mAP50_95=0.4365)
2026-08-07 03:50:15 INFO  scripts.synthetic_model_comparison.training.evaluation | mlflow: logged val/mAP50=0.7087 val/mAP50_95=0.4365 (step=69)
2026-08-07 03:50:16 INFO  scripts.synthetic_model_comparison.training.evaluation | mlflow: logged val per-class AP table (12 classes)
2026-08-07 03:50:16 INFO  scripts.synthetic_model_comparison.training.training_pipeline | saved checkpoint: /home/debian/Master-Thesis/scripts/synthetic_model_comparison/training/model_exports/yolo26n-gpt-image-2-medium-full-seed42-20260807-032734/last.pt
2026-08-07 03:50:16 INFO  scripts.synthetic_model_comparison.training.training_pipeline | epoch 70/200 done — next lr=0.00740531, epochs_since_improve=4/20
2026-08-07 03:50:16 INFO  scripts.synthetic_model_comparison.training.training_pipeline | epoch 71/200 — train start (lr=0.00740531, batches=15)
2026-08-07 03:50:22 INFO  scripts.synthetic_model_comparison.training.training_pipeline | step 1050 | loss_box=1.2227 loss_cls=0.7633 loss_dfl=0.0320 loss_total=125.7048 lr=0.00740065
2026-08-07 03:50:29 INFO  scripts.synthetic_model_comparison.training.training_pipeline | epoch 71/200 — train done in 12.8s | avg loss_box=1.0845 loss_cls=0.7666 loss_dfl=0.0279 loss_total=116.8332
2026-08-07 03:50:29 INFO  scripts.synthetic_model_comparison.training.evaluation | evaluating on 4 batches
2026-08-07 03:50:35 INFO  scripts.synthetic_model_comparison.training.training_pipeline | epoch 71/200 — val mAP50=0.6958 mAP50_95=0.4510 (selection mAP50_95=0.4510)
2026-08-07 03:50:36 INFO  scripts.synthetic_model_comparison.training.evaluation | mlflow: logged val/mAP50=0.6958 val/mAP50_95=0.4510 (step=70)
2026-08-07 03:50:36 INFO  scripts.synthetic_model_comparison.training.evaluation | mlflow: logged val per-class AP table (12 classes)
2026-08-07 03:50:36 INFO  scripts.synthetic_model_comparison.training.training_pipeline | saved checkpoint: /home/debian/Master-Thesis/scripts/synthetic_model_comparison/training/model_exports/yolo26n-gpt-image-2-medium-full-seed42-20260807-032734/last.pt
2026-08-07 03:50:36 INFO  scripts.synthetic_model_comparison.training.training_pipeline | epoch 71/200 done — next lr=0.00733515, epochs_since_improve=5/20
2026-08-07 03:50:36 INFO  scripts.synthetic_model_comparison.training.training_pipeline | epoch 72/200 — train start (lr=0.00733515, batches=15)
2026-08-07 03:50:48 INFO  scripts.synthetic_model_comparison.training.training_pipeline | epoch 72/200 — train done in 11.2s | avg loss_box=1.0804 loss_cls=0.7823 loss_dfl=0.0287 loss_total=117.7090
2026-08-07 03:50:48 INFO  scripts.synthetic_model_comparison.training.evaluation | evaluating on 4 batches
2026-08-07 03:50:53 INFO  scripts.synthetic_model_comparison.training.training_pipeline | epoch 72/200 — val mAP50=0.6996 mAP50_95=0.4473 (selection mAP50_95=0.4473)
2026-08-07 03:50:54 INFO  scripts.synthetic_model_comparison.training.evaluation | mlflow: logged val/mAP50=0.6996 val/mAP50_95=0.4473 (step=71)
2026-08-07 03:50:54 INFO  scripts.synthetic_model_comparison.training.evaluation | mlflow: logged val per-class AP table (12 classes)
2026-08-07 03:50:55 INFO  scripts.synthetic_model_comparison.training.training_pipeline | saved checkpoint: /home/debian/Master-Thesis/scripts/synthetic_model_comparison/training/model_exports/yolo26n-gpt-image-2-medium-full-seed42-20260807-032734/last.pt
2026-08-07 03:50:55 INFO  scripts.synthetic_model_comparison.training.training_pipeline | epoch 72/200 done — next lr=0.0072644, epochs_since_improve=6/20
2026-08-07 03:50:55 INFO  scripts.synthetic_model_comparison.training.training_pipeline | epoch 73/200 — train start (lr=0.0072644, batches=15)
2026-08-07 03:51:07 INFO  scripts.synthetic_model_comparison.training.training_pipeline | epoch 73/200 — train done in 12.0s | avg loss_box=1.0279 loss_cls=0.7952 loss_dfl=0.0265 loss_total=114.7205
2026-08-07 03:51:07 INFO  scripts.synthetic_model_comparison.training.evaluation | evaluating on 4 batches
2026-08-07 03:51:13 INFO  scripts.synthetic_model_comparison.training.training_pipeline | epoch 73/200 — val mAP50=0.8111 mAP50_95=0.5452 (selection mAP50_95=0.5452)
2026-08-07 03:51:13 INFO  scripts.synthetic_model_comparison.training.evaluation | mlflow: logged val/mAP50=0.8111 val/mAP50_95=0.5452 (step=72)
2026-08-07 03:51:14 INFO  scripts.synthetic_model_comparison.training.evaluation | mlflow: logged val per-class AP table (12 classes)
2026-08-07 03:51:14 INFO  scripts.synthetic_model_comparison.training.training_pipeline | saved checkpoint: /home/debian/Master-Thesis/scripts/synthetic_model_comparison/training/model_exports/yolo26n-gpt-image-2-medium-full-seed42-20260807-032734/best.pt
2026-08-07 03:51:14 INFO  scripts.synthetic_model_comparison.training.training_pipeline | new best mAP50_95=0.5452 at epoch 73
2026-08-07 03:51:14 INFO  scripts.synthetic_model_comparison.training.training_pipeline | saved checkpoint: /home/debian/Master-Thesis/scripts/synthetic_model_comparison/training/model_exports/yolo26n-gpt-image-2-medium-full-seed42-20260807-032734/last.pt
2026-08-07 03:51:14 INFO  scripts.synthetic_model_comparison.training.training_pipeline | epoch 73/200 done — next lr=0.00719307, epochs_since_improve=0/20
2026-08-07 03:51:14 INFO  scripts.synthetic_model_comparison.training.training_pipeline | epoch 74/200 — train start (lr=0.00719307, batches=15)
2026-08-07 03:51:23 INFO  scripts.synthetic_model_comparison.training.training_pipeline | step 1100 | loss_box=1.0470 loss_cls=0.7959 loss_dfl=0.0267 loss_total=116.0394 lr=0.00716439
2026-08-07 03:51:28 INFO  scripts.synthetic_model_comparison.training.training_pipeline | epoch 74/200 — train done in 13.5s | avg loss_box=1.0404 loss_cls=0.7612 loss_dfl=0.0269 loss_total=114.4208
2026-08-07 03:51:28 INFO  scripts.synthetic_model_comparison.training.evaluation | evaluating on 4 batches
2026-08-07 03:51:33 INFO  scripts.synthetic_model_comparison.training.training_pipeline | epoch 74/200 — val mAP50=0.7738 mAP50_95=0.4800 (selection mAP50_95=0.4800)
2026-08-07 03:51:34 INFO  scripts.synthetic_model_comparison.training.evaluation | mlflow: logged val/mAP50=0.7738 val/mAP50_95=0.4800 (step=73)
2026-08-07 03:51:34 INFO  scripts.synthetic_model_comparison.training.evaluation | mlflow: logged val per-class AP table (12 classes)
2026-08-07 03:51:35 INFO  scripts.synthetic_model_comparison.training.training_pipeline | saved checkpoint: /home/debian/Master-Thesis/scripts/synthetic_model_comparison/training/model_exports/yolo26n-gpt-image-2-medium-full-seed42-20260807-032734/last.pt
2026-08-07 03:51:35 INFO  scripts.synthetic_model_comparison.training.training_pipeline | epoch 74/200 done — next lr=0.00712119, epochs_since_improve=1/20
2026-08-07 03:51:35 INFO  scripts.synthetic_model_comparison.training.training_pipeline | epoch 75/200 — train start (lr=0.00712119, batches=15)
2026-08-07 03:51:47 INFO  scripts.synthetic_model_comparison.training.training_pipeline | epoch 75/200 — train done in 11.8s | avg loss_box=0.9835 loss_cls=0.7081 loss_dfl=0.0256 loss_total=108.1764
2026-08-07 03:51:47 INFO  scripts.synthetic_model_comparison.training.evaluation | evaluating on 4 batches
2026-08-07 03:51:52 INFO  scripts.synthetic_model_comparison.training.training_pipeline | epoch 75/200 — val mAP50=0.7585 mAP50_95=0.5029 (selection mAP50_95=0.5029)
2026-08-07 03:51:53 INFO  scripts.synthetic_model_comparison.training.evaluation | mlflow: logged val/mAP50=0.7585 val/mAP50_95=0.5029 (step=74)
2026-08-07 03:51:53 INFO  scripts.synthetic_model_comparison.training.evaluation | mlflow: logged val per-class AP table (12 classes)
2026-08-07 03:51:53 INFO  scripts.synthetic_model_comparison.training.training_pipeline | saved checkpoint: /home/debian/Master-Thesis/scripts/synthetic_model_comparison/training/model_exports/yolo26n-gpt-image-2-medium-full-seed42-20260807-032734/last.pt
2026-08-07 03:51:54 INFO  scripts.synthetic_model_comparison.training.training_pipeline | epoch 75/200 done — next lr=0.00704877, epochs_since_improve=2/20
2026-08-07 03:51:54 INFO  scripts.synthetic_model_comparison.training.training_pipeline | epoch 76/200 — train start (lr=0.00704877, batches=15)
2026-08-07 03:52:05 INFO  scripts.synthetic_model_comparison.training.training_pipeline | epoch 76/200 — train done in 11.6s | avg loss_box=0.9729 loss_cls=0.7041 loss_dfl=0.0251 loss_total=107.3608
2026-08-07 03:52:05 INFO  scripts.synthetic_model_comparison.training.evaluation | evaluating on 4 batches
2026-08-07 03:52:11 INFO  scripts.synthetic_model_comparison.training.training_pipeline | epoch 76/200 — val mAP50=0.7247 mAP50_95=0.4630 (selection mAP50_95=0.4630)
2026-08-07 03:52:12 INFO  scripts.synthetic_model_comparison.training.evaluation | mlflow: logged val/mAP50=0.7247 val/mAP50_95=0.4630 (step=75)
2026-08-07 03:52:12 INFO  scripts.synthetic_model_comparison.training.evaluation | mlflow: logged val per-class AP table (12 classes)
2026-08-07 03:52:12 INFO  scripts.synthetic_model_comparison.training.training_pipeline | saved checkpoint: /home/debian/Master-Thesis/scripts/synthetic_model_comparison/training/model_exports/yolo26n-gpt-image-2-medium-full-seed42-20260807-032734/last.pt
2026-08-07 03:52:13 INFO  scripts.synthetic_model_comparison.training.training_pipeline | epoch 76/200 done — next lr=0.00697583, epochs_since_improve=3/20
2026-08-07 03:52:13 INFO  scripts.synthetic_model_comparison.training.training_pipeline | epoch 77/200 — train start (lr=0.00697583, batches=15)
2026-08-07 03:52:23 INFO  scripts.synthetic_model_comparison.training.training_pipeline | step 1150 | loss_box=0.9610 loss_cls=0.7189 loss_dfl=0.0257 loss_total=105.6570 lr=0.00692202
2026-08-07 03:52:26 INFO  scripts.synthetic_model_comparison.training.training_pipeline | epoch 77/200 — train done in 13.4s | avg loss_box=1.0292 loss_cls=0.7322 loss_dfl=0.0266 loss_total=110.6038
2026-08-07 03:52:26 INFO  scripts.synthetic_model_comparison.training.evaluation | evaluating on 4 batches
2026-08-07 03:52:32 INFO  scripts.synthetic_model_comparison.training.training_pipeline | epoch 77/200 — val mAP50=0.7883 mAP50_95=0.5398 (selection mAP50_95=0.5398)
2026-08-07 03:52:32 INFO  scripts.synthetic_model_comparison.training.evaluation | mlflow: logged val/mAP50=0.7883 val/mAP50_95=0.5398 (step=76)
2026-08-07 03:52:33 INFO  scripts.synthetic_model_comparison.training.evaluation | mlflow: logged val per-class AP table (12 classes)
2026-08-07 03:52:33 INFO  scripts.synthetic_model_comparison.training.training_pipeline | saved checkpoint: /home/debian/Master-Thesis/scripts/synthetic_model_comparison/training/model_exports/yolo26n-gpt-image-2-medium-full-seed42-20260807-032734/last.pt
2026-08-07 03:52:33 INFO  scripts.synthetic_model_comparison.training.training_pipeline | epoch 77/200 done — next lr=0.00690239, epochs_since_improve=4/20
2026-08-07 03:52:33 INFO  scripts.synthetic_model_comparison.training.training_pipeline | epoch 78/200 — train start (lr=0.00690239, batches=15)
2026-08-07 03:52:44 INFO  scripts.synthetic_model_comparison.training.training_pipeline | epoch 78/200 — train done in 11.2s | avg loss_box=0.9993 loss_cls=0.7496 loss_dfl=0.0256 loss_total=109.5060
2026-08-07 03:52:44 INFO  scripts.synthetic_model_comparison.training.evaluation | evaluating on 4 batches
2026-08-07 03:52:50 INFO  scripts.synthetic_model_comparison.training.training_pipeline | epoch 78/200 — val mAP50=0.7413 mAP50_95=0.5020 (selection mAP50_95=0.5020)
2026-08-07 03:52:51 INFO  scripts.synthetic_model_comparison.training.evaluation | mlflow: logged val/mAP50=0.7413 val/mAP50_95=0.5020 (step=77)
2026-08-07 03:52:51 INFO  scripts.synthetic_model_comparison.training.evaluation | mlflow: logged val per-class AP table (12 classes)
2026-08-07 03:52:51 INFO  scripts.synthetic_model_comparison.training.training_pipeline | saved checkpoint: /home/debian/Master-Thesis/scripts/synthetic_model_comparison/training/model_exports/yolo26n-gpt-image-2-medium-full-seed42-20260807-032734/last.pt
2026-08-07 03:52:52 INFO  scripts.synthetic_model_comparison.training.training_pipeline | epoch 78/200 done — next lr=0.00682847, epochs_since_improve=5/20
2026-08-07 03:52:52 INFO  scripts.synthetic_model_comparison.training.training_pipeline | epoch 79/200 — train start (lr=0.00682847, batches=15)
2026-08-07 03:53:04 INFO  scripts.synthetic_model_comparison.training.training_pipeline | epoch 79/200 — train done in 12.0s | avg loss_box=0.9852 loss_cls=0.6825 loss_dfl=0.0256 loss_total=106.1414
2026-08-07 03:53:04 INFO  scripts.synthetic_model_comparison.training.evaluation | evaluating on 4 batches
2026-08-07 03:53:10 INFO  scripts.synthetic_model_comparison.training.training_pipeline | epoch 79/200 — val mAP50=0.7455 mAP50_95=0.4812 (selection mAP50_95=0.4812)
2026-08-07 03:53:10 INFO  scripts.synthetic_model_comparison.training.evaluation | mlflow: logged val/mAP50=0.7455 val/mAP50_95=0.4812 (step=78)
2026-08-07 03:53:11 INFO  scripts.synthetic_model_comparison.training.evaluation | mlflow: logged val per-class AP table (12 classes)
2026-08-07 03:53:11 INFO  scripts.synthetic_model_comparison.training.training_pipeline | saved checkpoint: /home/debian/Master-Thesis/scripts/synthetic_model_comparison/training/model_exports/yolo26n-gpt-image-2-medium-full-seed42-20260807-032734/last.pt
2026-08-07 03:53:11 INFO  scripts.synthetic_model_comparison.training.training_pipeline | epoch 79/200 done — next lr=0.00675408, epochs_since_improve=6/20
2026-08-07 03:53:11 INFO  scripts.synthetic_model_comparison.training.training_pipeline | epoch 80/200 — train start (lr=0.00675408, batches=15)
2026-08-07 03:53:23 INFO  scripts.synthetic_model_comparison.training.training_pipeline | epoch 80/200 — train done in 11.6s | avg loss_box=0.9971 loss_cls=0.6918 loss_dfl=0.0254 loss_total=107.6933
2026-08-07 03:53:23 INFO  scripts.synthetic_model_comparison.training.evaluation | evaluating on 4 batches
2026-08-07 03:53:28 INFO  scripts.synthetic_model_comparison.training.training_pipeline | epoch 80/200 — val mAP50=0.7926 mAP50_95=0.5367 (selection mAP50_95=0.5367)
2026-08-07 03:53:29 INFO  scripts.synthetic_model_comparison.training.evaluation | mlflow: logged val/mAP50=0.7926 val/mAP50_95=0.5367 (step=79)
2026-08-07 03:53:29 INFO  scripts.synthetic_model_comparison.training.evaluation | mlflow: logged val per-class AP table (12 classes)
2026-08-07 03:53:29 INFO  scripts.synthetic_model_comparison.training.training_pipeline | saved checkpoint: /home/debian/Master-Thesis/scripts/synthetic_model_comparison/training/model_exports/yolo26n-gpt-image-2-medium-full-seed42-20260807-032734/last.pt
2026-08-07 03:53:30 INFO  scripts.synthetic_model_comparison.training.training_pipeline | epoch 80/200 done — next lr=0.00667925, epochs_since_improve=7/20
2026-08-07 03:53:30 INFO  scripts.synthetic_model_comparison.training.training_pipeline | epoch 81/200 — train start (lr=0.00667925, batches=15)
2026-08-07 03:53:35 INFO  scripts.synthetic_model_comparison.training.training_pipeline | step 1200 | loss_box=0.9111 loss_cls=0.5930 loss_dfl=0.0248 loss_total=96.7795 lr=0.00667424
2026-08-07 03:53:42 INFO  scripts.synthetic_model_comparison.training.training_pipeline | epoch 81/200 — train done in 12.5s | avg loss_box=0.9605 loss_cls=0.7183 loss_dfl=0.0251 loss_total=106.5883
2026-08-07 03:53:42 INFO  scripts.synthetic_model_comparison.training.evaluation | evaluating on 4 batches
2026-08-07 03:53:48 INFO  scripts.synthetic_model_comparison.training.training_pipeline | epoch 81/200 — val mAP50=0.7886 mAP50_95=0.5164 (selection mAP50_95=0.5164)
2026-08-07 03:53:49 INFO  scripts.synthetic_model_comparison.training.evaluation | mlflow: logged val/mAP50=0.7886 val/mAP50_95=0.5164 (step=80)
2026-08-07 03:53:49 INFO  scripts.synthetic_model_comparison.training.evaluation | mlflow: logged val per-class AP table (12 classes)
2026-08-07 03:53:49 INFO  scripts.synthetic_model_comparison.training.training_pipeline | saved checkpoint: /home/debian/Master-Thesis/scripts/synthetic_model_comparison/training/model_exports/yolo26n-gpt-image-2-medium-full-seed42-20260807-032734/last.pt
2026-08-07 03:53:50 INFO  scripts.synthetic_model_comparison.training.training_pipeline | epoch 81/200 done — next lr=0.00660399, epochs_since_improve=8/20
2026-08-07 03:53:50 INFO  scripts.synthetic_model_comparison.training.training_pipeline | epoch 82/200 — train start (lr=0.00660399, batches=15)
2026-08-07 03:54:02 INFO  scripts.synthetic_model_comparison.training.training_pipeline | epoch 82/200 — train done in 12.1s | avg loss_box=0.9563 loss_cls=0.6837 loss_dfl=0.0243 loss_total=104.0770
2026-08-07 03:54:02 INFO  scripts.synthetic_model_comparison.training.evaluation | evaluating on 4 batches
2026-08-07 03:54:08 INFO  scripts.synthetic_model_comparison.training.training_pipeline | epoch 82/200 — val mAP50=0.8162 mAP50_95=0.5694 (selection mAP50_95=0.5694)
2026-08-07 03:54:08 INFO  scripts.synthetic_model_comparison.training.evaluation | mlflow: logged val/mAP50=0.8162 val/mAP50_95=0.5694 (step=81)
2026-08-07 03:54:09 INFO  scripts.synthetic_model_comparison.training.evaluation | mlflow: logged val per-class AP table (12 classes)
2026-08-07 03:54:09 INFO  scripts.synthetic_model_comparison.training.training_pipeline | saved checkpoint: /home/debian/Master-Thesis/scripts/synthetic_model_comparison/training/model_exports/yolo26n-gpt-image-2-medium-full-seed42-20260807-032734/best.pt
2026-08-07 03:54:09 INFO  scripts.synthetic_model_comparison.training.training_pipeline | new best mAP50_95=0.5694 at epoch 82
2026-08-07 03:54:09 INFO  scripts.synthetic_model_comparison.training.training_pipeline | saved checkpoint: /home/debian/Master-Thesis/scripts/synthetic_model_comparison/training/model_exports/yolo26n-gpt-image-2-medium-full-seed42-20260807-032734/last.pt
2026-08-07 03:54:09 INFO  scripts.synthetic_model_comparison.training.training_pipeline | epoch 82/200 done — next lr=0.00652832, epochs_since_improve=0/20
2026-08-07 03:54:09 INFO  scripts.synthetic_model_comparison.training.training_pipeline | epoch 83/200 — train start (lr=0.00652832, batches=15)
2026-08-07 03:54:20 INFO  scripts.synthetic_model_comparison.training.training_pipeline | epoch 83/200 — train done in 11.2s | avg loss_box=0.9461 loss_cls=0.6727 loss_dfl=0.0239 loss_total=102.1439
2026-08-07 03:54:20 INFO  scripts.synthetic_model_comparison.training.evaluation | evaluating on 4 batches
2026-08-07 03:54:26 INFO  scripts.synthetic_model_comparison.training.training_pipeline | epoch 83/200 — val mAP50=0.8379 mAP50_95=0.5710 (selection mAP50_95=0.5710)
2026-08-07 03:54:27 INFO  scripts.synthetic_model_comparison.training.evaluation | mlflow: logged val/mAP50=0.8379 val/mAP50_95=0.5710 (step=82)
2026-08-07 03:54:27 INFO  scripts.synthetic_model_comparison.training.evaluation | mlflow: logged val per-class AP table (12 classes)
2026-08-07 03:54:27 INFO  scripts.synthetic_model_comparison.training.training_pipeline | saved checkpoint: /home/debian/Master-Thesis/scripts/synthetic_model_comparison/training/model_exports/yolo26n-gpt-image-2-medium-full-seed42-20260807-032734/best.pt
2026-08-07 03:54:27 INFO  scripts.synthetic_model_comparison.training.training_pipeline | new best mAP50_95=0.5710 at epoch 83
2026-08-07 03:54:28 INFO  scripts.synthetic_model_comparison.training.training_pipeline | saved checkpoint: /home/debian/Master-Thesis/scripts/synthetic_model_comparison/training/model_exports/yolo26n-gpt-image-2-medium-full-seed42-20260807-032734/last.pt
2026-08-07 03:54:28 INFO  scripts.synthetic_model_comparison.training.training_pipeline | epoch 83/200 done — next lr=0.00645227, epochs_since_improve=0/20
2026-08-07 03:54:28 INFO  scripts.synthetic_model_comparison.training.training_pipeline | epoch 84/200 — train start (lr=0.00645227, batches=15)
2026-08-07 03:54:36 INFO  scripts.synthetic_model_comparison.training.training_pipeline | step 1250 | loss_box=0.9799 loss_cls=0.7787 loss_dfl=0.0220 loss_total=111.8056 lr=0.00642175
2026-08-07 03:54:41 INFO  scripts.synthetic_model_comparison.training.training_pipeline | epoch 84/200 — train done in 13.0s | avg loss_box=0.9583 loss_cls=0.6822 loss_dfl=0.0248 loss_total=104.4847
2026-08-07 03:54:41 INFO  scripts.synthetic_model_comparison.training.evaluation | evaluating on 4 batches
2026-08-07 03:54:47 INFO  scripts.synthetic_model_comparison.training.training_pipeline | epoch 84/200 — val mAP50=0.7482 mAP50_95=0.4734 (selection mAP50_95=0.4734)
2026-08-07 03:54:47 INFO  scripts.synthetic_model_comparison.training.evaluation | mlflow: logged val/mAP50=0.7482 val/mAP50_95=0.4734 (step=83)
2026-08-07 03:54:47 INFO  scripts.synthetic_model_comparison.training.evaluation | mlflow: logged val per-class AP table (12 classes)
2026-08-07 03:54:48 INFO  scripts.synthetic_model_comparison.training.training_pipeline | saved checkpoint: /home/debian/Master-Thesis/scripts/synthetic_model_comparison/training/model_exports/yolo26n-gpt-image-2-medium-full-seed42-20260807-032734/last.pt
2026-08-07 03:54:48 INFO  scripts.synthetic_model_comparison.training.training_pipeline | epoch 84/200 done — next lr=0.00637585, epochs_since_improve=1/20
2026-08-07 03:54:48 INFO  scripts.synthetic_model_comparison.training.training_pipeline | epoch 85/200 — train start (lr=0.00637585, batches=15)
2026-08-07 03:55:00 INFO  scripts.synthetic_model_comparison.training.training_pipeline | epoch 85/200 — train done in 11.8s | avg loss_box=0.9353 loss_cls=0.6785 loss_dfl=0.0235 loss_total=101.9520
2026-08-07 03:55:00 INFO  scripts.synthetic_model_comparison.training.evaluation | evaluating on 4 batches
2026-08-07 03:55:06 INFO  scripts.synthetic_model_comparison.training.training_pipeline | epoch 85/200 — val mAP50=0.8237 mAP50_95=0.5631 (selection mAP50_95=0.5631)
2026-08-07 03:55:06 INFO  scripts.synthetic_model_comparison.training.evaluation | mlflow: logged val/mAP50=0.8237 val/mAP50_95=0.5631 (step=84)
2026-08-07 03:55:07 INFO  scripts.synthetic_model_comparison.training.evaluation | mlflow: logged val per-class AP table (12 classes)
2026-08-07 03:55:07 INFO  scripts.synthetic_model_comparison.training.training_pipeline | saved checkpoint: /home/debian/Master-Thesis/scripts/synthetic_model_comparison/training/model_exports/yolo26n-gpt-image-2-medium-full-seed42-20260807-032734/last.pt
2026-08-07 03:55:07 INFO  scripts.synthetic_model_comparison.training.training_pipeline | epoch 85/200 done — next lr=0.00629908, epochs_since_improve=2/20
2026-08-07 03:55:07 INFO  scripts.synthetic_model_comparison.training.training_pipeline | epoch 86/200 — train start (lr=0.00629908, batches=15)
2026-08-07 03:55:19 INFO  scripts.synthetic_model_comparison.training.training_pipeline | epoch 86/200 — train done in 12.1s | avg loss_box=0.9598 loss_cls=0.6507 loss_dfl=0.0243 loss_total=102.3108
2026-08-07 03:55:19 INFO  scripts.synthetic_model_comparison.training.evaluation | evaluating on 4 batches
2026-08-07 03:55:25 INFO  scripts.synthetic_model_comparison.training.training_pipeline | epoch 86/200 — val mAP50=0.8299 mAP50_95=0.5847 (selection mAP50_95=0.5847)
2026-08-07 03:55:26 INFO  scripts.synthetic_model_comparison.training.evaluation | mlflow: logged val/mAP50=0.8299 val/mAP50_95=0.5847 (step=85)
2026-08-07 03:55:26 INFO  scripts.synthetic_model_comparison.training.evaluation | mlflow: logged val per-class AP table (12 classes)
2026-08-07 03:55:26 INFO  scripts.synthetic_model_comparison.training.training_pipeline | saved checkpoint: /home/debian/Master-Thesis/scripts/synthetic_model_comparison/training/model_exports/yolo26n-gpt-image-2-medium-full-seed42-20260807-032734/best.pt
2026-08-07 03:55:26 INFO  scripts.synthetic_model_comparison.training.training_pipeline | new best mAP50_95=0.5847 at epoch 86
2026-08-07 03:55:26 INFO  scripts.synthetic_model_comparison.training.training_pipeline | saved checkpoint: /home/debian/Master-Thesis/scripts/synthetic_model_comparison/training/model_exports/yolo26n-gpt-image-2-medium-full-seed42-20260807-032734/last.pt
2026-08-07 03:55:27 INFO  scripts.synthetic_model_comparison.training.training_pipeline | epoch 86/200 done — next lr=0.00622199, epochs_since_improve=0/20
2026-08-07 03:55:27 INFO  scripts.synthetic_model_comparison.training.training_pipeline | epoch 87/200 — train start (lr=0.00622199, batches=15)
2026-08-07 03:55:37 INFO  scripts.synthetic_model_comparison.training.training_pipeline | step 1300 | loss_box=0.8682 loss_cls=0.5854 loss_dfl=0.0224 loss_total=91.3396 lr=0.00616525
2026-08-07 03:55:40 INFO  scripts.synthetic_model_comparison.training.training_pipeline | epoch 87/200 — train done in 13.0s | avg loss_box=0.9410 loss_cls=0.6438 loss_dfl=0.0239 loss_total=100.6441
2026-08-07 03:55:40 INFO  scripts.synthetic_model_comparison.training.evaluation | evaluating on 4 batches
2026-08-07 03:55:46 INFO  scripts.synthetic_model_comparison.training.training_pipeline | epoch 87/200 — val mAP50=0.8099 mAP50_95=0.5736 (selection mAP50_95=0.5736)
2026-08-07 03:55:46 INFO  scripts.synthetic_model_comparison.training.evaluation | mlflow: logged val/mAP50=0.8099 val/mAP50_95=0.5736 (step=86)
2026-08-07 03:55:46 INFO  scripts.synthetic_model_comparison.training.evaluation | mlflow: logged val per-class AP table (12 classes)
2026-08-07 03:55:47 INFO  scripts.synthetic_model_comparison.training.training_pipeline | saved checkpoint: /home/debian/Master-Thesis/scripts/synthetic_model_comparison/training/model_exports/yolo26n-gpt-image-2-medium-full-seed42-20260807-032734/last.pt
2026-08-07 03:55:47 INFO  scripts.synthetic_model_comparison.training.training_pipeline | epoch 87/200 done — next lr=0.00614458, epochs_since_improve=1/20
2026-08-07 03:55:47 INFO  scripts.synthetic_model_comparison.training.training_pipeline | epoch 88/200 — train start (lr=0.00614458, batches=15)
2026-08-07 03:55:58 INFO  scripts.synthetic_model_comparison.training.training_pipeline | epoch 88/200 — train done in 11.4s | avg loss_box=0.9158 loss_cls=0.6316 loss_dfl=0.0231 loss_total=98.0431
2026-08-07 03:55:58 INFO  scripts.synthetic_model_comparison.training.evaluation | evaluating on 4 batches
2026-08-07 03:56:04 INFO  scripts.synthetic_model_comparison.training.training_pipeline | epoch 88/200 — val mAP50=0.7921 mAP50_95=0.5127 (selection mAP50_95=0.5127)
2026-08-07 03:56:05 INFO  scripts.synthetic_model_comparison.training.evaluation | mlflow: logged val/mAP50=0.7921 val/mAP50_95=0.5127 (step=87)
2026-08-07 03:56:05 INFO  scripts.synthetic_model_comparison.training.evaluation | mlflow: logged val per-class AP table (12 classes)
2026-08-07 03:56:05 INFO  scripts.synthetic_model_comparison.training.training_pipeline | saved checkpoint: /home/debian/Master-Thesis/scripts/synthetic_model_comparison/training/model_exports/yolo26n-gpt-image-2-medium-full-seed42-20260807-032734/last.pt
2026-08-07 03:56:06 INFO  scripts.synthetic_model_comparison.training.training_pipeline | epoch 88/200 done — next lr=0.00606688, epochs_since_improve=2/20
2026-08-07 03:56:06 INFO  scripts.synthetic_model_comparison.training.training_pipeline | epoch 89/200 — train start (lr=0.00606688, batches=15)
2026-08-07 03:56:18 INFO  scripts.synthetic_model_comparison.training.training_pipeline | epoch 89/200 — train done in 12.1s | avg loss_box=0.8915 loss_cls=0.5969 loss_dfl=0.0225 loss_total=96.2015
2026-08-07 03:56:18 INFO  scripts.synthetic_model_comparison.training.evaluation | evaluating on 4 batches
2026-08-07 03:56:23 INFO  scripts.synthetic_model_comparison.training.training_pipeline | epoch 89/200 — val mAP50=0.8374 mAP50_95=0.5742 (selection mAP50_95=0.5742)
2026-08-07 03:56:24 INFO  scripts.synthetic_model_comparison.training.evaluation | mlflow: logged val/mAP50=0.8374 val/mAP50_95=0.5742 (step=88)
2026-08-07 03:56:24 INFO  scripts.synthetic_model_comparison.training.evaluation | mlflow: logged val per-class AP table (12 classes)
2026-08-07 03:56:25 INFO  scripts.synthetic_model_comparison.training.training_pipeline | saved checkpoint: /home/debian/Master-Thesis/scripts/synthetic_model_comparison/training/model_exports/yolo26n-gpt-image-2-medium-full-seed42-20260807-032734/last.pt
2026-08-07 03:56:25 INFO  scripts.synthetic_model_comparison.training.training_pipeline | epoch 89/200 done — next lr=0.00598891, epochs_since_improve=3/20
2026-08-07 03:56:25 INFO  scripts.synthetic_model_comparison.training.training_pipeline | epoch 90/200 — train start (lr=0.00598891, batches=15)
2026-08-07 03:56:36 INFO  scripts.synthetic_model_comparison.training.training_pipeline | epoch 90/200 — train done in 11.6s | avg loss_box=0.8871 loss_cls=0.6407 loss_dfl=0.0225 loss_total=96.3805
2026-08-07 03:56:36 INFO  scripts.synthetic_model_comparison.training.evaluation | evaluating on 4 batches
2026-08-07 03:56:42 INFO  scripts.synthetic_model_comparison.training.training_pipeline | epoch 90/200 — val mAP50=0.7800 mAP50_95=0.5504 (selection mAP50_95=0.5504)
2026-08-07 03:56:43 INFO  scripts.synthetic_model_comparison.training.evaluation | mlflow: logged val/mAP50=0.7800 val/mAP50_95=0.5504 (step=89)
2026-08-07 03:56:43 INFO  scripts.synthetic_model_comparison.training.evaluation | mlflow: logged val per-class AP table (12 classes)
2026-08-07 03:56:43 INFO  scripts.synthetic_model_comparison.training.training_pipeline | saved checkpoint: /home/debian/Master-Thesis/scripts/synthetic_model_comparison/training/model_exports/yolo26n-gpt-image-2-medium-full-seed42-20260807-032734/last.pt
2026-08-07 03:56:44 INFO  scripts.synthetic_model_comparison.training.training_pipeline | epoch 90/200 done — next lr=0.0059107, epochs_since_improve=4/20
2026-08-07 03:56:44 INFO  scripts.synthetic_model_comparison.training.training_pipeline | epoch 91/200 — train start (lr=0.0059107, batches=15)
2026-08-07 03:56:50 INFO  scripts.synthetic_model_comparison.training.training_pipeline | step 1350 | loss_box=0.8817 loss_cls=0.6324 loss_dfl=0.0215 loss_total=93.5744 lr=0.00590547
2026-08-07 03:56:57 INFO  scripts.synthetic_model_comparison.training.training_pipeline | epoch 91/200 — train done in 12.9s | avg loss_box=0.8918 loss_cls=0.6124 loss_dfl=0.0229 loss_total=95.3944
2026-08-07 03:56:57 INFO  scripts.synthetic_model_comparison.training.evaluation | evaluating on 4 batches
2026-08-07 03:57:03 INFO  scripts.synthetic_model_comparison.training.training_pipeline | epoch 91/200 — val mAP50=0.8194 mAP50_95=0.5697 (selection mAP50_95=0.5697)
2026-08-07 03:57:03 INFO  scripts.synthetic_model_comparison.training.evaluation | mlflow: logged val/mAP50=0.8194 val/mAP50_95=0.5697 (step=90)
2026-08-07 03:57:03 INFO  scripts.synthetic_model_comparison.training.evaluation | mlflow: logged val per-class AP table (12 classes)
2026-08-07 03:57:04 INFO  scripts.synthetic_model_comparison.training.training_pipeline | saved checkpoint: /home/debian/Master-Thesis/scripts/synthetic_model_comparison/training/model_exports/yolo26n-gpt-image-2-medium-full-seed42-20260807-032734/last.pt
2026-08-07 03:57:04 INFO  scripts.synthetic_model_comparison.training.training_pipeline | epoch 91/200 done — next lr=0.00583225, epochs_since_improve=5/20
2026-08-07 03:57:04 INFO  scripts.synthetic_model_comparison.training.training_pipeline | epoch 92/200 — train start (lr=0.00583225, batches=15)
2026-08-07 03:57:15 INFO  scripts.synthetic_model_comparison.training.training_pipeline | epoch 92/200 — train done in 11.2s | avg loss_box=0.8895 loss_cls=0.6208 loss_dfl=0.0223 loss_total=96.5234
2026-08-07 03:57:15 INFO  scripts.synthetic_model_comparison.training.evaluation | evaluating on 4 batches
2026-08-07 03:57:21 INFO  scripts.synthetic_model_comparison.training.training_pipeline | epoch 92/200 — val mAP50=0.8111 mAP50_95=0.5763 (selection mAP50_95=0.5763)
2026-08-07 03:57:22 INFO  scripts.synthetic_model_comparison.training.evaluation | mlflow: logged val/mAP50=0.8111 val/mAP50_95=0.5763 (step=91)
2026-08-07 03:57:22 INFO  scripts.synthetic_model_comparison.training.evaluation | mlflow: logged val per-class AP table (12 classes)
2026-08-07 03:57:22 INFO  scripts.synthetic_model_comparison.training.training_pipeline | saved checkpoint: /home/debian/Master-Thesis/scripts/synthetic_model_comparison/training/model_exports/yolo26n-gpt-image-2-medium-full-seed42-20260807-032734/last.pt
2026-08-07 03:57:23 INFO  scripts.synthetic_model_comparison.training.training_pipeline | epoch 92/200 done — next lr=0.00575359, epochs_since_improve=6/20
2026-08-07 03:57:23 INFO  scripts.synthetic_model_comparison.training.training_pipeline | epoch 93/200 — train start (lr=0.00575359, batches=15)
2026-08-07 03:57:34 INFO  scripts.synthetic_model_comparison.training.training_pipeline | epoch 93/200 — train done in 11.4s | avg loss_box=0.8659 loss_cls=0.5937 loss_dfl=0.0224 loss_total=92.9735
2026-08-07 03:57:34 INFO  scripts.synthetic_model_comparison.training.evaluation | evaluating on 4 batches
2026-08-07 03:57:40 INFO  scripts.synthetic_model_comparison.training.training_pipeline | epoch 93/200 — val mAP50=0.8196 mAP50_95=0.5803 (selection mAP50_95=0.5803)
2026-08-07 03:57:40 INFO  scripts.synthetic_model_comparison.training.evaluation | mlflow: logged val/mAP50=0.8196 val/mAP50_95=0.5803 (step=92)
2026-08-07 03:57:41 INFO  scripts.synthetic_model_comparison.training.evaluation | mlflow: logged val per-class AP table (12 classes)
2026-08-07 03:57:41 INFO  scripts.synthetic_model_comparison.training.training_pipeline | saved checkpoint: /home/debian/Master-Thesis/scripts/synthetic_model_comparison/training/model_exports/yolo26n-gpt-image-2-medium-full-seed42-20260807-032734/last.pt
2026-08-07 03:57:41 INFO  scripts.synthetic_model_comparison.training.training_pipeline | epoch 93/200 done — next lr=0.00567474, epochs_since_improve=7/20
2026-08-07 03:57:41 INFO  scripts.synthetic_model_comparison.training.training_pipeline | epoch 94/200 — train start (lr=0.00567474, batches=15)
2026-08-07 03:57:50 INFO  scripts.synthetic_model_comparison.training.training_pipeline | step 1400 | loss_box=0.8946 loss_cls=0.5314 loss_dfl=0.0233 loss_total=92.5804 lr=0.00564316
2026-08-07 03:57:55 INFO  scripts.synthetic_model_comparison.training.training_pipeline | epoch 94/200 — train done in 13.4s | avg loss_box=0.8487 loss_cls=0.5753 loss_dfl=0.0213 loss_total=91.3836
2026-08-07 03:57:55 INFO  scripts.synthetic_model_comparison.training.evaluation | evaluating on 4 batches
2026-08-07 03:58:00 INFO  scripts.synthetic_model_comparison.training.training_pipeline | epoch 94/200 — val mAP50=0.8179 mAP50_95=0.5729 (selection mAP50_95=0.5729)
2026-08-07 03:58:01 INFO  scripts.synthetic_model_comparison.training.evaluation | mlflow: logged val/mAP50=0.8179 val/mAP50_95=0.5729 (step=93)
2026-08-07 03:58:01 INFO  scripts.synthetic_model_comparison.training.evaluation | mlflow: logged val per-class AP table (12 classes)
2026-08-07 03:58:02 INFO  scripts.synthetic_model_comparison.training.training_pipeline | saved checkpoint: /home/debian/Master-Thesis/scripts/synthetic_model_comparison/training/model_exports/yolo26n-gpt-image-2-medium-full-seed42-20260807-032734/last.pt
2026-08-07 03:58:02 INFO  scripts.synthetic_model_comparison.training.training_pipeline | epoch 94/200 done — next lr=0.00559572, epochs_since_improve=8/20
2026-08-07 03:58:02 INFO  scripts.synthetic_model_comparison.training.training_pipeline | epoch 95/200 — train start (lr=0.00559572, batches=15)
2026-08-07 03:58:14 INFO  scripts.synthetic_model_comparison.training.training_pipeline | epoch 95/200 — train done in 11.9s | avg loss_box=0.8672 loss_cls=0.5867 loss_dfl=0.0221 loss_total=92.7942
2026-08-07 03:58:14 INFO  scripts.synthetic_model_comparison.training.evaluation | evaluating on 4 batches
2026-08-07 03:58:20 INFO  scripts.synthetic_model_comparison.training.training_pipeline | epoch 95/200 — val mAP50=0.8296 mAP50_95=0.5910 (selection mAP50_95=0.5910)
2026-08-07 03:58:20 INFO  scripts.synthetic_model_comparison.training.evaluation | mlflow: logged val/mAP50=0.8296 val/mAP50_95=0.5910 (step=94)
2026-08-07 03:58:21 INFO  scripts.synthetic_model_comparison.training.evaluation | mlflow: logged val per-class AP table (12 classes)
2026-08-07 03:58:21 INFO  scripts.synthetic_model_comparison.training.training_pipeline | saved checkpoint: /home/debian/Master-Thesis/scripts/synthetic_model_comparison/training/model_exports/yolo26n-gpt-image-2-medium-full-seed42-20260807-032734/best.pt
2026-08-07 03:58:21 INFO  scripts.synthetic_model_comparison.training.training_pipeline | new best mAP50_95=0.5910 at epoch 95
2026-08-07 03:58:21 INFO  scripts.synthetic_model_comparison.training.training_pipeline | saved checkpoint: /home/debian/Master-Thesis/scripts/synthetic_model_comparison/training/model_exports/yolo26n-gpt-image-2-medium-full-seed42-20260807-032734/last.pt
2026-08-07 03:58:21 INFO  scripts.synthetic_model_comparison.training.training_pipeline | epoch 95/200 done — next lr=0.00551656, epochs_since_improve=0/20
2026-08-07 03:58:21 INFO  scripts.synthetic_model_comparison.training.training_pipeline | epoch 96/200 — train start (lr=0.00551656, batches=15)
2026-08-07 03:58:32 INFO  scripts.synthetic_model_comparison.training.training_pipeline | epoch 96/200 — train done in 11.4s | avg loss_box=0.8302 loss_cls=0.5282 loss_dfl=0.0210 loss_total=87.9130
2026-08-07 03:58:32 INFO  scripts.synthetic_model_comparison.training.evaluation | evaluating on 4 batches
2026-08-07 03:58:38 INFO  scripts.synthetic_model_comparison.training.training_pipeline | epoch 96/200 — val mAP50=0.8520 mAP50_95=0.6130 (selection mAP50_95=0.6130)
2026-08-07 03:58:39 INFO  scripts.synthetic_model_comparison.training.evaluation | mlflow: logged val/mAP50=0.8520 val/mAP50_95=0.6130 (step=95)
2026-08-07 03:58:39 INFO  scripts.synthetic_model_comparison.training.evaluation | mlflow: logged val per-class AP table (12 classes)
2026-08-07 03:58:39 INFO  scripts.synthetic_model_comparison.training.training_pipeline | saved checkpoint: /home/debian/Master-Thesis/scripts/synthetic_model_comparison/training/model_exports/yolo26n-gpt-image-2-medium-full-seed42-20260807-032734/best.pt
2026-08-07 03:58:39 INFO  scripts.synthetic_model_comparison.training.training_pipeline | new best mAP50_95=0.6130 at epoch 96
2026-08-07 03:58:40 INFO  scripts.synthetic_model_comparison.training.training_pipeline | saved checkpoint: /home/debian/Master-Thesis/scripts/synthetic_model_comparison/training/model_exports/yolo26n-gpt-image-2-medium-full-seed42-20260807-032734/last.pt
2026-08-07 03:58:40 INFO  scripts.synthetic_model_comparison.training.training_pipeline | epoch 96/200 done — next lr=0.00543726, epochs_since_improve=0/20
2026-08-07 03:58:40 INFO  scripts.synthetic_model_comparison.training.training_pipeline | epoch 97/200 — train start (lr=0.00543726, batches=15)
2026-08-07 03:58:50 INFO  scripts.synthetic_model_comparison.training.training_pipeline | step 1450 | loss_box=0.8283 loss_cls=0.6720 loss_dfl=0.0231 loss_total=94.0368 lr=0.00537903
2026-08-07 03:58:53 INFO  scripts.synthetic_model_comparison.training.training_pipeline | epoch 97/200 — train done in 12.8s | avg loss_box=0.8286 loss_cls=0.5531 loss_dfl=0.0209 loss_total=89.0174
2026-08-07 03:58:53 INFO  scripts.synthetic_model_comparison.training.evaluation | evaluating on 4 batches
2026-08-07 03:58:59 INFO  scripts.synthetic_model_comparison.training.training_pipeline | epoch 97/200 — val mAP50=0.8263 mAP50_95=0.5674 (selection mAP50_95=0.5674)
2026-08-07 03:58:59 INFO  scripts.synthetic_model_comparison.training.evaluation | mlflow: logged val/mAP50=0.8263 val/mAP50_95=0.5674 (step=96)
2026-08-07 03:59:00 INFO  scripts.synthetic_model_comparison.training.evaluation | mlflow: logged val per-class AP table (12 classes)
2026-08-07 03:59:00 INFO  scripts.synthetic_model_comparison.training.training_pipeline | saved checkpoint: /home/debian/Master-Thesis/scripts/synthetic_model_comparison/training/model_exports/yolo26n-gpt-image-2-medium-full-seed42-20260807-032734/last.pt
2026-08-07 03:59:00 INFO  scripts.synthetic_model_comparison.training.training_pipeline | epoch 97/200 done — next lr=0.00535785, epochs_since_improve=1/20
2026-08-07 03:59:00 INFO  scripts.synthetic_model_comparison.training.training_pipeline | epoch 98/200 — train start (lr=0.00535785, batches=15)
2026-08-07 03:59:12 INFO  scripts.synthetic_model_comparison.training.training_pipeline | epoch 98/200 — train done in 12.1s | avg loss_box=0.8400 loss_cls=0.5543 loss_dfl=0.0212 loss_total=89.8894
2026-08-07 03:59:12 INFO  scripts.synthetic_model_comparison.training.evaluation | evaluating on 4 batches
2026-08-07 03:59:18 INFO  scripts.synthetic_model_comparison.training.training_pipeline | epoch 98/200 — val mAP50=0.8536 mAP50_95=0.5981 (selection mAP50_95=0.5981)
2026-08-07 03:59:18 INFO  scripts.synthetic_model_comparison.training.evaluation | mlflow: logged val/mAP50=0.8536 val/mAP50_95=0.5981 (step=97)
2026-08-07 03:59:19 INFO  scripts.synthetic_model_comparison.training.evaluation | mlflow: logged val per-class AP table (12 classes)
2026-08-07 03:59:19 INFO  scripts.synthetic_model_comparison.training.training_pipeline | saved checkpoint: /home/debian/Master-Thesis/scripts/synthetic_model_comparison/training/model_exports/yolo26n-gpt-image-2-medium-full-seed42-20260807-032734/last.pt
2026-08-07 03:59:19 INFO  scripts.synthetic_model_comparison.training.training_pipeline | epoch 98/200 done — next lr=0.00527835, epochs_since_improve=2/20
2026-08-07 03:59:19 INFO  scripts.synthetic_model_comparison.training.training_pipeline | epoch 99/200 — train start (lr=0.00527835, batches=15)
2026-08-07 03:59:31 INFO  scripts.synthetic_model_comparison.training.training_pipeline | epoch 99/200 — train done in 11.6s | avg loss_box=0.8217 loss_cls=0.5699 loss_dfl=0.0203 loss_total=88.9663
2026-08-07 03:59:31 INFO  scripts.synthetic_model_comparison.training.evaluation | evaluating on 4 batches
2026-08-07 03:59:37 INFO  scripts.synthetic_model_comparison.training.training_pipeline | epoch 99/200 — val mAP50=0.8394 mAP50_95=0.5813 (selection mAP50_95=0.5813)
2026-08-07 03:59:37 INFO  scripts.synthetic_model_comparison.training.evaluation | mlflow: logged val/mAP50=0.8394 val/mAP50_95=0.5813 (step=98)
2026-08-07 03:59:38 INFO  scripts.synthetic_model_comparison.training.evaluation | mlflow: logged val per-class AP table (12 classes)
2026-08-07 03:59:38 INFO  scripts.synthetic_model_comparison.training.training_pipeline | saved checkpoint: /home/debian/Master-Thesis/scripts/synthetic_model_comparison/training/model_exports/yolo26n-gpt-image-2-medium-full-seed42-20260807-032734/last.pt
2026-08-07 03:59:38 INFO  scripts.synthetic_model_comparison.training.training_pipeline | epoch 99/200 done — next lr=0.00519878, epochs_since_improve=3/20
2026-08-07 03:59:38 INFO  scripts.synthetic_model_comparison.training.training_pipeline | epoch 100/200 — train start (lr=0.00519878, batches=15)
2026-08-07 03:59:50 INFO  scripts.synthetic_model_comparison.training.training_pipeline | epoch 100/200 — train done in 11.6s | avg loss_box=0.8288 loss_cls=0.5473 loss_dfl=0.0208 loss_total=88.4918
2026-08-07 03:59:50 INFO  scripts.synthetic_model_comparison.training.evaluation | evaluating on 4 batches
2026-08-07 03:59:56 INFO  scripts.synthetic_model_comparison.training.training_pipeline | epoch 100/200 — val mAP50=0.8656 mAP50_95=0.6248 (selection mAP50_95=0.6248)
2026-08-07 03:59:56 INFO  scripts.synthetic_model_comparison.training.evaluation | mlflow: logged val/mAP50=0.8656 val/mAP50_95=0.6248 (step=99)
2026-08-07 03:59:57 INFO  scripts.synthetic_model_comparison.training.evaluation | mlflow: logged val per-class AP table (12 classes)
2026-08-07 03:59:57 INFO  scripts.synthetic_model_comparison.training.training_pipeline | saved checkpoint: /home/debian/Master-Thesis/scripts/synthetic_model_comparison/training/model_exports/yolo26n-gpt-image-2-medium-full-seed42-20260807-032734/best.pt
2026-08-07 03:59:57 INFO  scripts.synthetic_model_comparison.training.training_pipeline | new best mAP50_95=0.6248 at epoch 100
2026-08-07 03:59:57 INFO  scripts.synthetic_model_comparison.training.training_pipeline | saved checkpoint: /home/debian/Master-Thesis/scripts/synthetic_model_comparison/training/model_exports/yolo26n-gpt-image-2-medium-full-seed42-20260807-032734/last.pt
2026-08-07 03:59:57 INFO  scripts.synthetic_model_comparison.training.training_pipeline | epoch 100/200 done — next lr=0.00511916, epochs_since_improve=0/20
2026-08-07 03:59:57 INFO  scripts.synthetic_model_comparison.training.training_pipeline | epoch 101/200 — train start (lr=0.00511916, batches=15)
2026-08-07 04:00:03 INFO  scripts.synthetic_model_comparison.training.training_pipeline | step 1500 | loss_box=0.7839 loss_cls=0.5955 loss_dfl=0.0193 loss_total=86.5217 lr=0.00511385
2026-08-07 04:00:10 INFO  scripts.synthetic_model_comparison.training.training_pipeline | epoch 101/200 — train done in 12.7s | avg loss_box=0.8012 loss_cls=0.5347 loss_dfl=0.0198 loss_total=85.8063
2026-08-07 04:00:10 INFO  scripts.synthetic_model_comparison.training.evaluation | evaluating on 4 batches
2026-08-07 04:00:16 INFO  scripts.synthetic_model_comparison.training.training_pipeline | epoch 101/200 — val mAP50=0.8648 mAP50_95=0.6194 (selection mAP50_95=0.6194)
2026-08-07 04:00:17 INFO  scripts.synthetic_model_comparison.training.evaluation | mlflow: logged val/mAP50=0.8648 val/mAP50_95=0.6194 (step=100)
2026-08-07 04:00:17 INFO  scripts.synthetic_model_comparison.training.evaluation | mlflow: logged val per-class AP table (12 classes)
2026-08-07 04:00:17 INFO  scripts.synthetic_model_comparison.training.training_pipeline | saved checkpoint: /home/debian/Master-Thesis/scripts/synthetic_model_comparison/training/model_exports/yolo26n-gpt-image-2-medium-full-seed42-20260807-032734/last.pt
2026-08-07 04:00:17 INFO  scripts.synthetic_model_comparison.training.training_pipeline | epoch 101/200 done — next lr=0.00503952, epochs_since_improve=1/20
2026-08-07 04:00:17 INFO  scripts.synthetic_model_comparison.training.training_pipeline | epoch 102/200 — train start (lr=0.00503952, batches=15)
2026-08-07 04:00:29 INFO  scripts.synthetic_model_comparison.training.training_pipeline | epoch 102/200 — train done in 11.6s | avg loss_box=0.7848 loss_cls=0.4861 loss_dfl=0.0195 loss_total=82.7432
2026-08-07 04:00:29 INFO  scripts.synthetic_model_comparison.training.evaluation | evaluating on 4 batches
2026-08-07 04:00:35 INFO  scripts.synthetic_model_comparison.training.training_pipeline | epoch 102/200 — val mAP50=0.8498 mAP50_95=0.6118 (selection mAP50_95=0.6118)
2026-08-07 04:00:36 INFO  scripts.synthetic_model_comparison.training.evaluation | mlflow: logged val/mAP50=0.8498 val/mAP50_95=0.6118 (step=101)
2026-08-07 04:00:36 INFO  scripts.synthetic_model_comparison.training.evaluation | mlflow: logged val per-class AP table (12 classes)
2026-08-07 04:00:36 INFO  scripts.synthetic_model_comparison.training.training_pipeline | saved checkpoint: /home/debian/Master-Thesis/scripts/synthetic_model_comparison/training/model_exports/yolo26n-gpt-image-2-medium-full-seed42-20260807-032734/last.pt
2026-08-07 04:00:36 INFO  scripts.synthetic_model_comparison.training.training_pipeline | epoch 102/200 done — next lr=0.00495986, epochs_since_improve=2/20
2026-08-07 04:00:36 INFO  scripts.synthetic_model_comparison.training.training_pipeline | epoch 103/200 — train start (lr=0.00495986, batches=15)
2026-08-07 04:00:48 INFO  scripts.synthetic_model_comparison.training.training_pipeline | epoch 103/200 — train done in 11.3s | avg loss_box=0.8078 loss_cls=0.5251 loss_dfl=0.0204 loss_total=85.7101
2026-08-07 04:00:48 INFO  scripts.synthetic_model_comparison.training.evaluation | evaluating on 4 batches
2026-08-07 04:00:53 INFO  scripts.synthetic_model_comparison.training.training_pipeline | epoch 103/200 — val mAP50=0.8328 mAP50_95=0.6016 (selection mAP50_95=0.6016)
2026-08-07 04:00:54 INFO  scripts.synthetic_model_comparison.training.evaluation | mlflow: logged val/mAP50=0.8328 val/mAP50_95=0.6016 (step=102)
2026-08-07 04:00:54 INFO  scripts.synthetic_model_comparison.training.evaluation | mlflow: logged val per-class AP table (12 classes)
2026-08-07 04:00:54 INFO  scripts.synthetic_model_comparison.training.training_pipeline | saved checkpoint: /home/debian/Master-Thesis/scripts/synthetic_model_comparison/training/model_exports/yolo26n-gpt-image-2-medium-full-seed42-20260807-032734/last.pt
2026-08-07 04:00:55 INFO  scripts.synthetic_model_comparison.training.training_pipeline | epoch 103/200 done — next lr=0.00488022, epochs_since_improve=3/20
2026-08-07 04:00:55 INFO  scripts.synthetic_model_comparison.training.training_pipeline | epoch 104/200 — train start (lr=0.00488022, batches=15)
2026-08-07 04:01:03 INFO  scripts.synthetic_model_comparison.training.training_pipeline | step 1550 | loss_box=0.9548 loss_cls=0.5192 loss_dfl=0.0252 loss_total=92.4018 lr=0.00484837
2026-08-07 04:01:08 INFO  scripts.synthetic_model_comparison.training.training_pipeline | epoch 104/200 — train done in 13.2s | avg loss_box=0.8224 loss_cls=0.5092 loss_dfl=0.0206 loss_total=85.2689
2026-08-07 04:01:08 INFO  scripts.synthetic_model_comparison.training.evaluation | evaluating on 4 batches
2026-08-07 04:01:14 INFO  scripts.synthetic_model_comparison.training.training_pipeline | epoch 104/200 — val mAP50=0.8364 mAP50_95=0.5922 (selection mAP50_95=0.5922)
2026-08-07 04:01:14 INFO  scripts.synthetic_model_comparison.training.evaluation | mlflow: logged val/mAP50=0.8364 val/mAP50_95=0.5922 (step=103)
2026-08-07 04:01:15 INFO  scripts.synthetic_model_comparison.training.evaluation | mlflow: logged val per-class AP table (12 classes)
2026-08-07 04:01:15 INFO  scripts.synthetic_model_comparison.training.training_pipeline | saved checkpoint: /home/debian/Master-Thesis/scripts/synthetic_model_comparison/training/model_exports/yolo26n-gpt-image-2-medium-full-seed42-20260807-032734/last.pt
2026-08-07 04:01:15 INFO  scripts.synthetic_model_comparison.training.training_pipeline | epoch 104/200 done — next lr=0.00480061, epochs_since_improve=4/20
2026-08-07 04:01:15 INFO  scripts.synthetic_model_comparison.training.training_pipeline | epoch 105/200 — train start (lr=0.00480061, batches=15)
2026-08-07 04:01:27 INFO  scripts.synthetic_model_comparison.training.training_pipeline | epoch 105/200 — train done in 11.9s | avg loss_box=0.7611 loss_cls=0.5068 loss_dfl=0.0188 loss_total=81.2178
2026-08-07 04:01:27 INFO  scripts.synthetic_model_comparison.training.evaluation | evaluating on 4 batches
2026-08-07 04:01:33 INFO  scripts.synthetic_model_comparison.training.training_pipeline | epoch 105/200 — val mAP50=0.8687 mAP50_95=0.6187 (selection mAP50_95=0.6187)
2026-08-07 04:01:34 INFO  scripts.synthetic_model_comparison.training.evaluation | mlflow: logged val/mAP50=0.8687 val/mAP50_95=0.6187 (step=104)
2026-08-07 04:01:34 INFO  scripts.synthetic_model_comparison.training.evaluation | mlflow: logged val per-class AP table (12 classes)
2026-08-07 04:01:34 INFO  scripts.synthetic_model_comparison.training.training_pipeline | saved checkpoint: /home/debian/Master-Thesis/scripts/synthetic_model_comparison/training/model_exports/yolo26n-gpt-image-2-medium-full-seed42-20260807-032734/last.pt
2026-08-07 04:01:34 INFO  scripts.synthetic_model_comparison.training.training_pipeline | epoch 105/200 done — next lr=0.00472105, epochs_since_improve=5/20
2026-08-07 04:01:34 INFO  scripts.synthetic_model_comparison.training.training_pipeline | epoch 106/200 — train start (lr=0.00472105, batches=15)
2026-08-07 04:01:46 INFO  scripts.synthetic_model_comparison.training.training_pipeline | epoch 106/200 — train done in 11.8s | avg loss_box=0.7610 loss_cls=0.4912 loss_dfl=0.0191 loss_total=81.0296
2026-08-07 04:01:46 INFO  scripts.synthetic_model_comparison.training.evaluation | evaluating on 4 batches
2026-08-07 04:01:52 INFO  scripts.synthetic_model_comparison.training.training_pipeline | epoch 106/200 — val mAP50=0.8581 mAP50_95=0.6162 (selection mAP50_95=0.6162)
2026-08-07 04:01:53 INFO  scripts.synthetic_model_comparison.training.evaluation | mlflow: logged val/mAP50=0.8581 val/mAP50_95=0.6162 (step=105)
2026-08-07 04:01:53 INFO  scripts.synthetic_model_comparison.training.evaluation | mlflow: logged val per-class AP table (12 classes)
2026-08-07 04:01:53 INFO  scripts.synthetic_model_comparison.training.training_pipeline | saved checkpoint: /home/debian/Master-Thesis/scripts/synthetic_model_comparison/training/model_exports/yolo26n-gpt-image-2-medium-full-seed42-20260807-032734/last.pt
2026-08-07 04:01:53 INFO  scripts.synthetic_model_comparison.training.training_pipeline | epoch 106/200 done — next lr=0.00464156, epochs_since_improve=6/20
2026-08-07 04:01:53 INFO  scripts.synthetic_model_comparison.training.training_pipeline | epoch 107/200 — train start (lr=0.00464156, batches=15)
2026-08-07 04:02:03 INFO  scripts.synthetic_model_comparison.training.training_pipeline | step 1600 | loss_box=0.6137 loss_cls=0.4484 loss_dfl=0.0142 loss_total=70.1612 lr=0.00458333
2026-08-07 04:02:06 INFO  scripts.synthetic_model_comparison.training.training_pipeline | epoch 107/200 — train done in 12.7s | avg loss_box=0.7626 loss_cls=0.5113 loss_dfl=0.0191 loss_total=82.0957
2026-08-07 04:02:06 INFO  scripts.synthetic_model_comparison.training.evaluation | evaluating on 4 batches
2026-08-07 04:02:12 INFO  scripts.synthetic_model_comparison.training.training_pipeline | epoch 107/200 — val mAP50=0.8367 mAP50_95=0.6000 (selection mAP50_95=0.6000)
2026-08-07 04:02:13 INFO  scripts.synthetic_model_comparison.training.evaluation | mlflow: logged val/mAP50=0.8367 val/mAP50_95=0.6000 (step=106)
2026-08-07 04:02:13 INFO  scripts.synthetic_model_comparison.training.evaluation | mlflow: logged val per-class AP table (12 classes)
2026-08-07 04:02:13 INFO  scripts.synthetic_model_comparison.training.training_pipeline | saved checkpoint: /home/debian/Master-Thesis/scripts/synthetic_model_comparison/training/model_exports/yolo26n-gpt-image-2-medium-full-seed42-20260807-032734/last.pt
2026-08-07 04:02:13 INFO  scripts.synthetic_model_comparison.training.training_pipeline | epoch 107/200 done — next lr=0.00456216, epochs_since_improve=7/20
2026-08-07 04:02:13 INFO  scripts.synthetic_model_comparison.training.training_pipeline | epoch 108/200 — train start (lr=0.00456216, batches=15)
2026-08-07 04:02:25 INFO  scripts.synthetic_model_comparison.training.training_pipeline | epoch 108/200 — train done in 11.3s | avg loss_box=0.7826 loss_cls=0.5355 loss_dfl=0.0204 loss_total=83.7881
2026-08-07 04:02:25 INFO  scripts.synthetic_model_comparison.training.evaluation | evaluating on 4 batches
2026-08-07 04:02:31 INFO  scripts.synthetic_model_comparison.training.training_pipeline | epoch 108/200 — val mAP50=0.8565 mAP50_95=0.5952 (selection mAP50_95=0.5952)
2026-08-07 04:02:31 INFO  scripts.synthetic_model_comparison.training.evaluation | mlflow: logged val/mAP50=0.8565 val/mAP50_95=0.5952 (step=107)
2026-08-07 04:02:32 INFO  scripts.synthetic_model_comparison.training.evaluation | mlflow: logged val per-class AP table (12 classes)
2026-08-07 04:02:32 INFO  scripts.synthetic_model_comparison.training.training_pipeline | saved checkpoint: /home/debian/Master-Thesis/scripts/synthetic_model_comparison/training/model_exports/yolo26n-gpt-image-2-medium-full-seed42-20260807-032734/last.pt
2026-08-07 04:02:32 INFO  scripts.synthetic_model_comparison.training.training_pipeline | epoch 108/200 done — next lr=0.00448288, epochs_since_improve=8/20
2026-08-07 04:02:32 INFO  scripts.synthetic_model_comparison.training.training_pipeline | epoch 109/200 — train start (lr=0.00448288, batches=15)
2026-08-07 04:02:44 INFO  scripts.synthetic_model_comparison.training.training_pipeline | epoch 109/200 — train done in 11.6s | avg loss_box=0.7706 loss_cls=0.4943 loss_dfl=0.0191 loss_total=81.7174
2026-08-07 04:02:44 INFO  scripts.synthetic_model_comparison.training.evaluation | evaluating on 4 batches
2026-08-07 04:02:50 INFO  scripts.synthetic_model_comparison.training.training_pipeline | epoch 109/200 — val mAP50=0.8362 mAP50_95=0.5980 (selection mAP50_95=0.5980)
2026-08-07 04:02:50 INFO  scripts.synthetic_model_comparison.training.evaluation | mlflow: logged val/mAP50=0.8362 val/mAP50_95=0.5980 (step=108)
2026-08-07 04:02:50 INFO  scripts.synthetic_model_comparison.training.evaluation | mlflow: logged val per-class AP table (12 classes)
2026-08-07 04:02:51 INFO  scripts.synthetic_model_comparison.training.training_pipeline | saved checkpoint: /home/debian/Master-Thesis/scripts/synthetic_model_comparison/training/model_exports/yolo26n-gpt-image-2-medium-full-seed42-20260807-032734/last.pt
2026-08-07 04:02:51 INFO  scripts.synthetic_model_comparison.training.training_pipeline | epoch 109/200 done — next lr=0.00440373, epochs_since_improve=9/20
2026-08-07 04:02:51 INFO  scripts.synthetic_model_comparison.training.training_pipeline | epoch 110/200 — train start (lr=0.00440373, batches=15)
2026-08-07 04:03:03 INFO  scripts.synthetic_model_comparison.training.training_pipeline | epoch 110/200 — train done in 11.6s | avg loss_box=0.7446 loss_cls=0.4923 loss_dfl=0.0183 loss_total=79.2746
2026-08-07 04:03:03 INFO  scripts.synthetic_model_comparison.training.evaluation | evaluating on 4 batches
2026-08-07 04:03:08 INFO  scripts.synthetic_model_comparison.training.training_pipeline | epoch 110/200 — val mAP50=0.8553 mAP50_95=0.6225 (selection mAP50_95=0.6225)
2026-08-07 04:03:09 INFO  scripts.synthetic_model_comparison.training.evaluation | mlflow: logged val/mAP50=0.8553 val/mAP50_95=0.6225 (step=109)
2026-08-07 04:03:09 INFO  scripts.synthetic_model_comparison.training.evaluation | mlflow: logged val per-class AP table (12 classes)
2026-08-07 04:03:10 INFO  scripts.synthetic_model_comparison.training.training_pipeline | saved checkpoint: /home/debian/Master-Thesis/scripts/synthetic_model_comparison/training/model_exports/yolo26n-gpt-image-2-medium-full-seed42-20260807-032734/last.pt
2026-08-07 04:03:10 INFO  scripts.synthetic_model_comparison.training.training_pipeline | epoch 110/200 done — next lr=0.00432473, epochs_since_improve=10/20
2026-08-07 04:03:10 INFO  scripts.synthetic_model_comparison.training.training_pipeline | epoch 111/200 — train start (lr=0.00432473, batches=15)
2026-08-07 04:03:15 INFO  scripts.synthetic_model_comparison.training.training_pipeline | step 1650 | loss_box=0.6720 loss_cls=0.4948 loss_dfl=0.0160 loss_total=74.7883 lr=0.00431947
2026-08-07 04:03:23 INFO  scripts.synthetic_model_comparison.training.training_pipeline | epoch 111/200 — train done in 12.7s | avg loss_box=0.7402 loss_cls=0.4632 loss_dfl=0.0188 loss_total=78.1441
2026-08-07 04:03:23 INFO  scripts.synthetic_model_comparison.training.evaluation | evaluating on 4 batches
2026-08-07 04:03:29 INFO  scripts.synthetic_model_comparison.training.training_pipeline | epoch 111/200 — val mAP50=0.8716 mAP50_95=0.6204 (selection mAP50_95=0.6204)
2026-08-07 04:03:29 INFO  scripts.synthetic_model_comparison.training.evaluation | mlflow: logged val/mAP50=0.8716 val/mAP50_95=0.6204 (step=110)
2026-08-07 04:03:29 INFO  scripts.synthetic_model_comparison.training.evaluation | mlflow: logged val per-class AP table (12 classes)
2026-08-07 04:03:30 INFO  scripts.synthetic_model_comparison.training.training_pipeline | saved checkpoint: /home/debian/Master-Thesis/scripts/synthetic_model_comparison/training/model_exports/yolo26n-gpt-image-2-medium-full-seed42-20260807-032734/last.pt
2026-08-07 04:03:30 INFO  scripts.synthetic_model_comparison.training.training_pipeline | epoch 111/200 done — next lr=0.00424591, epochs_since_improve=11/20
2026-08-07 04:03:30 INFO  scripts.synthetic_model_comparison.training.training_pipeline | epoch 112/200 — train start (lr=0.00424591, batches=15)
2026-08-07 04:03:41 INFO  scripts.synthetic_model_comparison.training.training_pipeline | epoch 112/200 — train done in 11.4s | avg loss_box=0.7275 loss_cls=0.4654 loss_dfl=0.0184 loss_total=77.5486
2026-08-07 04:03:41 INFO  scripts.synthetic_model_comparison.training.evaluation | evaluating on 4 batches
2026-08-07 04:03:47 INFO  scripts.synthetic_model_comparison.training.training_pipeline | epoch 112/200 — val mAP50=0.8447 mAP50_95=0.6123 (selection mAP50_95=0.6123)
2026-08-07 04:03:48 INFO  scripts.synthetic_model_comparison.training.evaluation | mlflow: logged val/mAP50=0.8447 val/mAP50_95=0.6123 (step=111)
2026-08-07 04:03:48 INFO  scripts.synthetic_model_comparison.training.evaluation | mlflow: logged val per-class AP table (12 classes)
2026-08-07 04:03:48 INFO  scripts.synthetic_model_comparison.training.training_pipeline | saved checkpoint: /home/debian/Master-Thesis/scripts/synthetic_model_comparison/training/model_exports/yolo26n-gpt-image-2-medium-full-seed42-20260807-032734/last.pt
2026-08-07 04:03:48 INFO  scripts.synthetic_model_comparison.training.training_pipeline | epoch 112/200 done — next lr=0.00416728, epochs_since_improve=12/20
2026-08-07 04:03:48 INFO  scripts.synthetic_model_comparison.training.training_pipeline | epoch 113/200 — train start (lr=0.00416728, batches=15)
2026-08-07 04:04:00 INFO  scripts.synthetic_model_comparison.training.training_pipeline | epoch 113/200 — train done in 11.8s | avg loss_box=0.7111 loss_cls=0.4581 loss_dfl=0.0180 loss_total=76.0829
2026-08-07 04:04:00 INFO  scripts.synthetic_model_comparison.training.evaluation | evaluating on 4 batches
2026-08-07 04:04:06 INFO  scripts.synthetic_model_comparison.training.training_pipeline | epoch 113/200 — val mAP50=0.8766 mAP50_95=0.6321 (selection mAP50_95=0.6321)
2026-08-07 04:04:07 INFO  scripts.synthetic_model_comparison.training.evaluation | mlflow: logged val/mAP50=0.8766 val/mAP50_95=0.6321 (step=112)
2026-08-07 04:04:07 INFO  scripts.synthetic_model_comparison.training.evaluation | mlflow: logged val per-class AP table (12 classes)
2026-08-07 04:04:07 INFO  scripts.synthetic_model_comparison.training.training_pipeline | saved checkpoint: /home/debian/Master-Thesis/scripts/synthetic_model_comparison/training/model_exports/yolo26n-gpt-image-2-medium-full-seed42-20260807-032734/best.pt
2026-08-07 04:04:07 INFO  scripts.synthetic_model_comparison.training.training_pipeline | new best mAP50_95=0.6321 at epoch 113
2026-08-07 04:04:07 INFO  scripts.synthetic_model_comparison.training.training_pipeline | saved checkpoint: /home/debian/Master-Thesis/scripts/synthetic_model_comparison/training/model_exports/yolo26n-gpt-image-2-medium-full-seed42-20260807-032734/last.pt
2026-08-07 04:04:08 INFO  scripts.synthetic_model_comparison.training.training_pipeline | epoch 113/200 done — next lr=0.00408886, epochs_since_improve=0/20
2026-08-07 04:04:08 INFO  scripts.synthetic_model_comparison.training.training_pipeline | epoch 114/200 — train start (lr=0.00408886, batches=15)
2026-08-07 04:04:16 INFO  scripts.synthetic_model_comparison.training.training_pipeline | step 1700 | loss_box=0.6536 loss_cls=0.4312 loss_dfl=0.0170 loss_total=70.9114 lr=0.00405756
2026-08-07 04:04:21 INFO  scripts.synthetic_model_comparison.training.training_pipeline | epoch 114/200 — train done in 13.4s | avg loss_box=0.7051 loss_cls=0.4420 loss_dfl=0.0176 loss_total=75.0213
2026-08-07 04:04:21 INFO  scripts.synthetic_model_comparison.training.evaluation | evaluating on 4 batches
2026-08-07 04:04:27 INFO  scripts.synthetic_model_comparison.training.training_pipeline | epoch 114/200 — val mAP50=0.8642 mAP50_95=0.6214 (selection mAP50_95=0.6214)
2026-08-07 04:04:28 INFO  scripts.synthetic_model_comparison.training.evaluation | mlflow: logged val/mAP50=0.8642 val/mAP50_95=0.6214 (step=113)
2026-08-07 04:04:28 INFO  scripts.synthetic_model_comparison.training.evaluation | mlflow: logged val per-class AP table (12 classes)
2026-08-07 04:04:28 INFO  scripts.synthetic_model_comparison.training.training_pipeline | saved checkpoint: /home/debian/Master-Thesis/scripts/synthetic_model_comparison/training/model_exports/yolo26n-gpt-image-2-medium-full-seed42-20260807-032734/last.pt
2026-08-07 04:04:28 INFO  scripts.synthetic_model_comparison.training.training_pipeline | epoch 114/200 done — next lr=0.00401067, epochs_since_improve=1/20
2026-08-07 04:04:28 INFO  scripts.synthetic_model_comparison.training.training_pipeline | epoch 115/200 — train start (lr=0.00401067, batches=15)
2026-08-07 04:04:40 INFO  scripts.synthetic_model_comparison.training.training_pipeline | epoch 115/200 — train done in 11.4s | avg loss_box=0.7145 loss_cls=0.4290 loss_dfl=0.0176 loss_total=74.6961
2026-08-07 04:04:40 INFO  scripts.synthetic_model_comparison.training.evaluation | evaluating on 4 batches
2026-08-07 04:04:46 INFO  scripts.synthetic_model_comparison.training.training_pipeline | epoch 115/200 — val mAP50=0.8966 mAP50_95=0.6372 (selection mAP50_95=0.6372)
2026-08-07 04:04:46 INFO  scripts.synthetic_model_comparison.training.evaluation | mlflow: logged val/mAP50=0.8966 val/mAP50_95=0.6372 (step=114)
2026-08-07 04:04:47 INFO  scripts.synthetic_model_comparison.training.evaluation | mlflow: logged val per-class AP table (12 classes)
2026-08-07 04:04:47 INFO  scripts.synthetic_model_comparison.training.training_pipeline | saved checkpoint: /home/debian/Master-Thesis/scripts/synthetic_model_comparison/training/model_exports/yolo26n-gpt-image-2-medium-full-seed42-20260807-032734/best.pt
2026-08-07 04:04:47 INFO  scripts.synthetic_model_comparison.training.training_pipeline | new best mAP50_95=0.6372 at epoch 115
2026-08-07 04:04:47 INFO  scripts.synthetic_model_comparison.training.training_pipeline | saved checkpoint: /home/debian/Master-Thesis/scripts/synthetic_model_comparison/training/model_exports/yolo26n-gpt-image-2-medium-full-seed42-20260807-032734/last.pt
2026-08-07 04:04:47 INFO  scripts.synthetic_model_comparison.training.training_pipeline | epoch 115/200 done — next lr=0.00393274, epochs_since_improve=0/20
2026-08-07 04:04:47 INFO  scripts.synthetic_model_comparison.training.training_pipeline | epoch 116/200 — train start (lr=0.00393274, batches=15)
2026-08-07 04:04:59 INFO  scripts.synthetic_model_comparison.training.training_pipeline | epoch 116/200 — train done in 11.6s | avg loss_box=0.7107 loss_cls=0.4501 loss_dfl=0.0175 loss_total=75.4742
2026-08-07 04:04:59 INFO  scripts.synthetic_model_comparison.training.evaluation | evaluating on 4 batches
2026-08-07 04:05:05 INFO  scripts.synthetic_model_comparison.training.training_pipeline | epoch 116/200 — val mAP50=0.8617 mAP50_95=0.6234 (selection mAP50_95=0.6234)
2026-08-07 04:05:06 INFO  scripts.synthetic_model_comparison.training.evaluation | mlflow: logged val/mAP50=0.8617 val/mAP50_95=0.6234 (step=115)
2026-08-07 04:05:06 INFO  scripts.synthetic_model_comparison.training.evaluation | mlflow: logged val per-class AP table (12 classes)
2026-08-07 04:05:06 INFO  scripts.synthetic_model_comparison.training.training_pipeline | saved checkpoint: /home/debian/Master-Thesis/scripts/synthetic_model_comparison/training/model_exports/yolo26n-gpt-image-2-medium-full-seed42-20260807-032734/last.pt
2026-08-07 04:05:06 INFO  scripts.synthetic_model_comparison.training.training_pipeline | epoch 116/200 done — next lr=0.00385508, epochs_since_improve=1/20
2026-08-07 04:05:06 INFO  scripts.synthetic_model_comparison.training.training_pipeline | epoch 117/200 — train start (lr=0.00385508, batches=15)
2026-08-07 04:05:17 INFO  scripts.synthetic_model_comparison.training.training_pipeline | step 1750 | loss_box=0.7817 loss_cls=0.4304 loss_dfl=0.0180 loss_total=77.1468 lr=0.00379832
2026-08-07 04:05:20 INFO  scripts.synthetic_model_comparison.training.training_pipeline | epoch 117/200 — train done in 13.7s | avg loss_box=0.7177 loss_cls=0.4288 loss_dfl=0.0176 loss_total=74.5498
2026-08-07 04:05:20 INFO  scripts.synthetic_model_comparison.training.evaluation | evaluating on 4 batches
2026-08-07 04:05:26 INFO  scripts.synthetic_model_comparison.training.training_pipeline | epoch 117/200 — val mAP50=0.8741 mAP50_95=0.6369 (selection mAP50_95=0.6369)
2026-08-07 04:05:26 INFO  scripts.synthetic_model_comparison.training.evaluation | mlflow: logged val/mAP50=0.8741 val/mAP50_95=0.6369 (step=116)
2026-08-07 04:05:27 INFO  scripts.synthetic_model_comparison.training.evaluation | mlflow: logged val per-class AP table (12 classes)
2026-08-07 04:05:27 INFO  scripts.synthetic_model_comparison.training.training_pipeline | saved checkpoint: /home/debian/Master-Thesis/scripts/synthetic_model_comparison/training/model_exports/yolo26n-gpt-image-2-medium-full-seed42-20260807-032734/last.pt
2026-08-07 04:05:27 INFO  scripts.synthetic_model_comparison.training.training_pipeline | epoch 117/200 done — next lr=0.00377772, epochs_since_improve=2/20
2026-08-07 04:05:27 INFO  scripts.synthetic_model_comparison.training.training_pipeline | epoch 118/200 — train start (lr=0.00377772, batches=15)
2026-08-07 04:05:39 INFO  scripts.synthetic_model_comparison.training.training_pipeline | epoch 118/200 — train done in 11.5s | avg loss_box=0.6701 loss_cls=0.4169 loss_dfl=0.0170 loss_total=70.8994
2026-08-07 04:05:39 INFO  scripts.synthetic_model_comparison.training.evaluation | evaluating on 4 batches
2026-08-07 04:05:45 INFO  scripts.synthetic_model_comparison.training.training_pipeline | epoch 118/200 — val mAP50=0.8813 mAP50_95=0.6356 (selection mAP50_95=0.6356)
2026-08-07 04:05:45 INFO  scripts.synthetic_model_comparison.training.evaluation | mlflow: logged val/mAP50=0.8813 val/mAP50_95=0.6356 (step=117)
2026-08-07 04:05:46 INFO  scripts.synthetic_model_comparison.training.evaluation | mlflow: logged val per-class AP table (12 classes)
2026-08-07 04:05:46 INFO  scripts.synthetic_model_comparison.training.training_pipeline | saved checkpoint: /home/debian/Master-Thesis/scripts/synthetic_model_comparison/training/model_exports/yolo26n-gpt-image-2-medium-full-seed42-20260807-032734/last.pt
2026-08-07 04:05:46 INFO  scripts.synthetic_model_comparison.training.training_pipeline | epoch 118/200 done — next lr=0.00370066, epochs_since_improve=3/20
2026-08-07 04:05:46 INFO  scripts.synthetic_model_comparison.training.training_pipeline | epoch 119/200 — train start (lr=0.00370066, batches=15)
2026-08-07 04:05:58 INFO  scripts.synthetic_model_comparison.training.training_pipeline | epoch 119/200 — train done in 12.0s | avg loss_box=0.6786 loss_cls=0.4142 loss_dfl=0.0171 loss_total=71.5520
2026-08-07 04:05:58 INFO  scripts.synthetic_model_comparison.training.evaluation | evaluating on 4 batches
2026-08-07 04:06:04 INFO  scripts.synthetic_model_comparison.training.training_pipeline | epoch 119/200 — val mAP50=0.8684 mAP50_95=0.6189 (selection mAP50_95=0.6189)
2026-08-07 04:06:05 INFO  scripts.synthetic_model_comparison.training.evaluation | mlflow: logged val/mAP50=0.8684 val/mAP50_95=0.6189 (step=118)
2026-08-07 04:06:05 INFO  scripts.synthetic_model_comparison.training.evaluation | mlflow: logged val per-class AP table (12 classes)
2026-08-07 04:06:05 INFO  scripts.synthetic_model_comparison.training.training_pipeline | saved checkpoint: /home/debian/Master-Thesis/scripts/synthetic_model_comparison/training/model_exports/yolo26n-gpt-image-2-medium-full-seed42-20260807-032734/last.pt
2026-08-07 04:06:05 INFO  scripts.synthetic_model_comparison.training.training_pipeline | epoch 119/200 done — next lr=0.00362394, epochs_since_improve=4/20
2026-08-07 04:06:05 INFO  scripts.synthetic_model_comparison.training.training_pipeline | epoch 120/200 — train start (lr=0.00362394, batches=15)
2026-08-07 04:06:17 INFO  scripts.synthetic_model_comparison.training.training_pipeline | epoch 120/200 — train done in 12.0s | avg loss_box=0.6675 loss_cls=0.4248 loss_dfl=0.0167 loss_total=71.4247
2026-08-07 04:06:17 INFO  scripts.synthetic_model_comparison.training.evaluation | evaluating on 4 batches
2026-08-07 04:06:23 INFO  scripts.synthetic_model_comparison.training.training_pipeline | epoch 120/200 — val mAP50=0.8841 mAP50_95=0.6319 (selection mAP50_95=0.6319)
2026-08-07 04:06:24 INFO  scripts.synthetic_model_comparison.training.evaluation | mlflow: logged val/mAP50=0.8841 val/mAP50_95=0.6319 (step=119)
2026-08-07 04:06:24 INFO  scripts.synthetic_model_comparison.training.evaluation | mlflow: logged val per-class AP table (12 classes)
2026-08-07 04:06:24 INFO  scripts.synthetic_model_comparison.training.training_pipeline | saved checkpoint: /home/debian/Master-Thesis/scripts/synthetic_model_comparison/training/model_exports/yolo26n-gpt-image-2-medium-full-seed42-20260807-032734/last.pt
2026-08-07 04:06:25 INFO  scripts.synthetic_model_comparison.training.training_pipeline | epoch 120/200 done — next lr=0.00354757, epochs_since_improve=5/20
2026-08-07 04:06:25 INFO  scripts.synthetic_model_comparison.training.training_pipeline | epoch 121/200 — train start (lr=0.00354757, batches=15)
2026-08-07 04:06:30 INFO  scripts.synthetic_model_comparison.training.training_pipeline | step 1800 | loss_box=0.6595 loss_cls=0.4784 loss_dfl=0.0167 loss_total=73.3182 lr=0.00354249
2026-08-07 04:06:37 INFO  scripts.synthetic_model_comparison.training.training_pipeline | epoch 121/200 — train done in 12.4s | avg loss_box=0.6656 loss_cls=0.4020 loss_dfl=0.0168 loss_total=70.2170
2026-08-07 04:06:37 INFO  scripts.synthetic_model_comparison.training.evaluation | evaluating on 4 batches
2026-08-07 04:06:43 INFO  scripts.synthetic_model_comparison.training.training_pipeline | epoch 121/200 — val mAP50=0.8583 mAP50_95=0.6231 (selection mAP50_95=0.6231)
2026-08-07 04:06:43 INFO  scripts.synthetic_model_comparison.training.evaluation | mlflow: logged val/mAP50=0.8583 val/mAP50_95=0.6231 (step=120)
2026-08-07 04:06:44 INFO  scripts.synthetic_model_comparison.training.evaluation | mlflow: logged val per-class AP table (12 classes)
2026-08-07 04:06:44 INFO  scripts.synthetic_model_comparison.training.training_pipeline | saved checkpoint: /home/debian/Master-Thesis/scripts/synthetic_model_comparison/training/model_exports/yolo26n-gpt-image-2-medium-full-seed42-20260807-032734/last.pt
2026-08-07 04:06:44 INFO  scripts.synthetic_model_comparison.training.training_pipeline | epoch 121/200 done — next lr=0.00347156, epochs_since_improve=6/20
2026-08-07 04:06:44 INFO  scripts.synthetic_model_comparison.training.training_pipeline | epoch 122/200 — train start (lr=0.00347156, batches=15)
2026-08-07 04:06:56 INFO  scripts.synthetic_model_comparison.training.training_pipeline | epoch 122/200 — train done in 12.2s | avg loss_box=0.6604 loss_cls=0.3998 loss_dfl=0.0163 loss_total=69.6775
2026-08-07 04:06:56 INFO  scripts.synthetic_model_comparison.training.evaluation | evaluating on 4 batches
2026-08-07 04:07:02 INFO  scripts.synthetic_model_comparison.training.training_pipeline | epoch 122/200 — val mAP50=0.8819 mAP50_95=0.6502 (selection mAP50_95=0.6502)
2026-08-07 04:07:03 INFO  scripts.synthetic_model_comparison.training.evaluation | mlflow: logged val/mAP50=0.8819 val/mAP50_95=0.6502 (step=121)
2026-08-07 04:07:03 INFO  scripts.synthetic_model_comparison.training.evaluation | mlflow: logged val per-class AP table (12 classes)
2026-08-07 04:07:03 INFO  scripts.synthetic_model_comparison.training.training_pipeline | saved checkpoint: /home/debian/Master-Thesis/scripts/synthetic_model_comparison/training/model_exports/yolo26n-gpt-image-2-medium-full-seed42-20260807-032734/best.pt
2026-08-07 04:07:03 INFO  scripts.synthetic_model_comparison.training.training_pipeline | new best mAP50_95=0.6502 at epoch 122
2026-08-07 04:07:04 INFO  scripts.synthetic_model_comparison.training.training_pipeline | saved checkpoint: /home/debian/Master-Thesis/scripts/synthetic_model_comparison/training/model_exports/yolo26n-gpt-image-2-medium-full-seed42-20260807-032734/last.pt
2026-08-07 04:07:04 INFO  scripts.synthetic_model_comparison.training.training_pipeline | epoch 122/200 done — next lr=0.00339595, epochs_since_improve=0/20
2026-08-07 04:07:04 INFO  scripts.synthetic_model_comparison.training.training_pipeline | epoch 123/200 — train start (lr=0.00339595, batches=15)
2026-08-07 04:07:16 INFO  scripts.synthetic_model_comparison.training.training_pipeline | epoch 123/200 — train done in 11.6s | avg loss_box=0.6287 loss_cls=0.4024 loss_dfl=0.0154 loss_total=67.5140
2026-08-07 04:07:16 INFO  scripts.synthetic_model_comparison.training.evaluation | evaluating on 4 batches
2026-08-07 04:07:22 INFO  scripts.synthetic_model_comparison.training.training_pipeline | epoch 123/200 — val mAP50=0.8872 mAP50_95=0.6482 (selection mAP50_95=0.6482)
2026-08-07 04:07:22 INFO  scripts.synthetic_model_comparison.training.evaluation | mlflow: logged val/mAP50=0.8872 val/mAP50_95=0.6482 (step=122)
2026-08-07 04:07:22 INFO  scripts.synthetic_model_comparison.training.evaluation | mlflow: logged val per-class AP table (12 classes)
2026-08-07 04:07:23 INFO  scripts.synthetic_model_comparison.training.training_pipeline | saved checkpoint: /home/debian/Master-Thesis/scripts/synthetic_model_comparison/training/model_exports/yolo26n-gpt-image-2-medium-full-seed42-20260807-032734/last.pt
2026-08-07 04:07:23 INFO  scripts.synthetic_model_comparison.training.training_pipeline | epoch 123/200 done — next lr=0.00332075, epochs_since_improve=1/20
2026-08-07 04:07:23 INFO  scripts.synthetic_model_comparison.training.training_pipeline | epoch 124/200 — train start (lr=0.00332075, batches=15)
2026-08-07 04:07:31 INFO  scripts.synthetic_model_comparison.training.training_pipeline | step 1850 | loss_box=0.6988 loss_cls=0.3789 loss_dfl=0.0164 loss_total=68.7658 lr=0.00329079
2026-08-07 04:07:36 INFO  scripts.synthetic_model_comparison.training.training_pipeline | epoch 124/200 — train done in 13.0s | avg loss_box=0.6459 loss_cls=0.3805 loss_dfl=0.0156 loss_total=67.4862
2026-08-07 04:07:36 INFO  scripts.synthetic_model_comparison.training.evaluation | evaluating on 4 batches
2026-08-07 04:07:42 INFO  scripts.synthetic_model_comparison.training.training_pipeline | epoch 124/200 — val mAP50=0.8893 mAP50_95=0.6566 (selection mAP50_95=0.6566)
2026-08-07 04:07:43 INFO  scripts.synthetic_model_comparison.training.evaluation | mlflow: logged val/mAP50=0.8893 val/mAP50_95=0.6566 (step=123)
2026-08-07 04:07:43 INFO  scripts.synthetic_model_comparison.training.evaluation | mlflow: logged val per-class AP table (12 classes)
2026-08-07 04:07:43 INFO  scripts.synthetic_model_comparison.training.training_pipeline | saved checkpoint: /home/debian/Master-Thesis/scripts/synthetic_model_comparison/training/model_exports/yolo26n-gpt-image-2-medium-full-seed42-20260807-032734/best.pt
2026-08-07 04:07:43 INFO  scripts.synthetic_model_comparison.training.training_pipeline | new best mAP50_95=0.6566 at epoch 124
2026-08-07 04:07:43 INFO  scripts.synthetic_model_comparison.training.training_pipeline | saved checkpoint: /home/debian/Master-Thesis/scripts/synthetic_model_comparison/training/model_exports/yolo26n-gpt-image-2-medium-full-seed42-20260807-032734/last.pt
2026-08-07 04:07:43 INFO  scripts.synthetic_model_comparison.training.training_pipeline | epoch 124/200 done — next lr=0.00324598, epochs_since_improve=0/20
2026-08-07 04:07:43 INFO  scripts.synthetic_model_comparison.training.training_pipeline | epoch 125/200 — train start (lr=0.00324598, batches=15)
2026-08-07 04:07:55 INFO  scripts.synthetic_model_comparison.training.training_pipeline | epoch 125/200 — train done in 11.2s | avg loss_box=0.6525 loss_cls=0.3924 loss_dfl=0.0160 loss_total=68.5721
2026-08-07 04:07:55 INFO  scripts.synthetic_model_comparison.training.evaluation | evaluating on 4 batches
2026-08-07 04:08:01 INFO  scripts.synthetic_model_comparison.training.training_pipeline | epoch 125/200 — val mAP50=0.8858 mAP50_95=0.6625 (selection mAP50_95=0.6625)
2026-08-07 04:08:01 INFO  scripts.synthetic_model_comparison.training.evaluation | mlflow: logged val/mAP50=0.8858 val/mAP50_95=0.6625 (step=124)
2026-08-07 04:08:02 INFO  scripts.synthetic_model_comparison.training.evaluation | mlflow: logged val per-class AP table (12 classes)
2026-08-07 04:08:02 INFO  scripts.synthetic_model_comparison.training.training_pipeline | saved checkpoint: /home/debian/Master-Thesis/scripts/synthetic_model_comparison/training/model_exports/yolo26n-gpt-image-2-medium-full-seed42-20260807-032734/best.pt
2026-08-07 04:08:02 INFO  scripts.synthetic_model_comparison.training.training_pipeline | new best mAP50_95=0.6625 at epoch 125
2026-08-07 04:08:02 INFO  scripts.synthetic_model_comparison.training.training_pipeline | saved checkpoint: /home/debian/Master-Thesis/scripts/synthetic_model_comparison/training/model_exports/yolo26n-gpt-image-2-medium-full-seed42-20260807-032734/last.pt
2026-08-07 04:08:02 INFO  scripts.synthetic_model_comparison.training.training_pipeline | epoch 125/200 done — next lr=0.00317165, epochs_since_improve=0/20
2026-08-07 04:08:02 INFO  scripts.synthetic_model_comparison.training.training_pipeline | epoch 126/200 — train start (lr=0.00317165, batches=15)
2026-08-07 04:08:13 INFO  scripts.synthetic_model_comparison.training.training_pipeline | epoch 126/200 — train done in 10.9s | avg loss_box=0.6355 loss_cls=0.3835 loss_dfl=0.0157 loss_total=67.1087
2026-08-07 04:08:13 INFO  scripts.synthetic_model_comparison.training.evaluation | evaluating on 4 batches
2026-08-07 04:08:19 INFO  scripts.synthetic_model_comparison.training.training_pipeline | epoch 126/200 — val mAP50=0.8775 mAP50_95=0.6470 (selection mAP50_95=0.6470)
2026-08-07 04:08:20 INFO  scripts.synthetic_model_comparison.training.evaluation | mlflow: logged val/mAP50=0.8775 val/mAP50_95=0.6470 (step=125)
2026-08-07 04:08:20 INFO  scripts.synthetic_model_comparison.training.evaluation | mlflow: logged val per-class AP table (12 classes)
2026-08-07 04:08:20 INFO  scripts.synthetic_model_comparison.training.training_pipeline | saved checkpoint: /home/debian/Master-Thesis/scripts/synthetic_model_comparison/training/model_exports/yolo26n-gpt-image-2-medium-full-seed42-20260807-032734/last.pt
2026-08-07 04:08:20 INFO  scripts.synthetic_model_comparison.training.training_pipeline | epoch 126/200 done — next lr=0.00309779, epochs_since_improve=1/20
2026-08-07 04:08:20 INFO  scripts.synthetic_model_comparison.training.training_pipeline | epoch 127/200 — train start (lr=0.00309779, batches=15)
2026-08-07 04:08:31 INFO  scripts.synthetic_model_comparison.training.training_pipeline | step 1900 | loss_box=0.6342 loss_cls=0.2880 loss_dfl=0.0150 loss_total=63.1584 lr=0.00304393
2026-08-07 04:08:34 INFO  scripts.synthetic_model_comparison.training.training_pipeline | epoch 127/200 — train done in 13.2s | avg loss_box=0.6526 loss_cls=0.3889 loss_dfl=0.0163 loss_total=68.1290
2026-08-07 04:08:34 INFO  scripts.synthetic_model_comparison.training.evaluation | evaluating on 4 batches
2026-08-07 04:08:39 INFO  scripts.synthetic_model_comparison.training.training_pipeline | epoch 127/200 — val mAP50=0.8760 mAP50_95=0.6525 (selection mAP50_95=0.6525)
2026-08-07 04:08:40 INFO  scripts.synthetic_model_comparison.training.evaluation | mlflow: logged val/mAP50=0.8760 val/mAP50_95=0.6525 (step=126)
2026-08-07 04:08:40 INFO  scripts.synthetic_model_comparison.training.evaluation | mlflow: logged val per-class AP table (12 classes)
2026-08-07 04:08:41 INFO  scripts.synthetic_model_comparison.training.training_pipeline | saved checkpoint: /home/debian/Master-Thesis/scripts/synthetic_model_comparison/training/model_exports/yolo26n-gpt-image-2-medium-full-seed42-20260807-032734/last.pt
2026-08-07 04:08:41 INFO  scripts.synthetic_model_comparison.training.training_pipeline | epoch 127/200 done — next lr=0.00302441, epochs_since_improve=2/20
2026-08-07 04:08:41 INFO  scripts.synthetic_model_comparison.training.training_pipeline | epoch 128/200 — train start (lr=0.00302441, batches=15)
2026-08-07 04:08:52 INFO  scripts.synthetic_model_comparison.training.training_pipeline | epoch 128/200 — train done in 11.6s | avg loss_box=0.6238 loss_cls=0.4070 loss_dfl=0.0158 loss_total=67.4057
2026-08-07 04:08:52 INFO  scripts.synthetic_model_comparison.training.evaluation | evaluating on 4 batches
2026-08-07 04:08:58 INFO  scripts.synthetic_model_comparison.training.training_pipeline | epoch 128/200 — val mAP50=0.8765 mAP50_95=0.6445 (selection mAP50_95=0.6445)
2026-08-07 04:08:59 INFO  scripts.synthetic_model_comparison.training.evaluation | mlflow: logged val/mAP50=0.8765 val/mAP50_95=0.6445 (step=127)
2026-08-07 04:08:59 INFO  scripts.synthetic_model_comparison.training.evaluation | mlflow: logged val per-class AP table (12 classes)
2026-08-07 04:08:59 INFO  scripts.synthetic_model_comparison.training.training_pipeline | saved checkpoint: /home/debian/Master-Thesis/scripts/synthetic_model_comparison/training/model_exports/yolo26n-gpt-image-2-medium-full-seed42-20260807-032734/last.pt
2026-08-07 04:09:00 INFO  scripts.synthetic_model_comparison.training.training_pipeline | epoch 128/200 done — next lr=0.00295154, epochs_since_improve=3/20
2026-08-07 04:09:00 INFO  scripts.synthetic_model_comparison.training.training_pipeline | epoch 129/200 — train start (lr=0.00295154, batches=15)
2026-08-07 04:09:11 INFO  scripts.synthetic_model_comparison.training.training_pipeline | epoch 129/200 — train done in 11.7s | avg loss_box=0.6282 loss_cls=0.3916 loss_dfl=0.0155 loss_total=66.4881
2026-08-07 04:09:11 INFO  scripts.synthetic_model_comparison.training.evaluation | evaluating on 4 batches
2026-08-07 04:09:17 INFO  scripts.synthetic_model_comparison.training.training_pipeline | epoch 129/200 — val mAP50=0.8692 mAP50_95=0.6387 (selection mAP50_95=0.6387)
2026-08-07 04:09:18 INFO  scripts.synthetic_model_comparison.training.evaluation | mlflow: logged val/mAP50=0.8692 val/mAP50_95=0.6387 (step=128)
2026-08-07 04:09:18 INFO  scripts.synthetic_model_comparison.training.evaluation | mlflow: logged val per-class AP table (12 classes)
2026-08-07 04:09:18 INFO  scripts.synthetic_model_comparison.training.training_pipeline | saved checkpoint: /home/debian/Master-Thesis/scripts/synthetic_model_comparison/training/model_exports/yolo26n-gpt-image-2-medium-full-seed42-20260807-032734/last.pt
2026-08-07 04:09:19 INFO  scripts.synthetic_model_comparison.training.training_pipeline | epoch 129/200 done — next lr=0.00287919, epochs_since_improve=4/20
2026-08-07 04:09:19 INFO  scripts.synthetic_model_comparison.training.training_pipeline | epoch 130/200 — train start (lr=0.00287919, batches=15)
2026-08-07 04:09:30 INFO  scripts.synthetic_model_comparison.training.training_pipeline | epoch 130/200 — train done in 11.3s | avg loss_box=0.6247 loss_cls=0.3922 loss_dfl=0.0155 loss_total=66.7045
2026-08-07 04:09:30 INFO  scripts.synthetic_model_comparison.training.evaluation | evaluating on 4 batches
2026-08-07 04:09:36 INFO  scripts.synthetic_model_comparison.training.training_pipeline | epoch 130/200 — val mAP50=0.8898 mAP50_95=0.6544 (selection mAP50_95=0.6544)
2026-08-07 04:09:37 INFO  scripts.synthetic_model_comparison.training.evaluation | mlflow: logged val/mAP50=0.8898 val/mAP50_95=0.6544 (step=129)
2026-08-07 04:09:37 INFO  scripts.synthetic_model_comparison.training.evaluation | mlflow: logged val per-class AP table (12 classes)
2026-08-07 04:09:37 INFO  scripts.synthetic_model_comparison.training.training_pipeline | saved checkpoint: /home/debian/Master-Thesis/scripts/synthetic_model_comparison/training/model_exports/yolo26n-gpt-image-2-medium-full-seed42-20260807-032734/last.pt
2026-08-07 04:09:37 INFO  scripts.synthetic_model_comparison.training.training_pipeline | epoch 130/200 done — next lr=0.00280738, epochs_since_improve=5/20
2026-08-07 04:09:37 INFO  scripts.synthetic_model_comparison.training.training_pipeline | epoch 131/200 — train start (lr=0.00280738, batches=15)
2026-08-07 04:09:43 INFO  scripts.synthetic_model_comparison.training.training_pipeline | step 1950 | loss_box=0.5841 loss_cls=0.3524 loss_dfl=0.0147 loss_total=61.4684 lr=0.00280262
2026-08-07 04:09:50 INFO  scripts.synthetic_model_comparison.training.training_pipeline | epoch 131/200 — train done in 12.9s | avg loss_box=0.6025 loss_cls=0.3672 loss_dfl=0.0146 loss_total=63.7437
2026-08-07 04:09:50 INFO  scripts.synthetic_model_comparison.training.evaluation | evaluating on 4 batches
2026-08-07 04:09:56 INFO  scripts.synthetic_model_comparison.training.training_pipeline | epoch 131/200 — val mAP50=0.8855 mAP50_95=0.6495 (selection mAP50_95=0.6495)
2026-08-07 04:09:57 INFO  scripts.synthetic_model_comparison.training.evaluation | mlflow: logged val/mAP50=0.8855 val/mAP50_95=0.6495 (step=130)
2026-08-07 04:09:57 INFO  scripts.synthetic_model_comparison.training.evaluation | mlflow: logged val per-class AP table (12 classes)
2026-08-07 04:09:57 INFO  scripts.synthetic_model_comparison.training.training_pipeline | saved checkpoint: /home/debian/Master-Thesis/scripts/synthetic_model_comparison/training/model_exports/yolo26n-gpt-image-2-medium-full-seed42-20260807-032734/last.pt
2026-08-07 04:09:57 INFO  scripts.synthetic_model_comparison.training.training_pipeline | epoch 131/200 done — next lr=0.00273613, epochs_since_improve=6/20
2026-08-07 04:09:58 INFO  scripts.synthetic_model_comparison.training.training_pipeline | epoch 132/200 — train start (lr=0.00273613, batches=15)
2026-08-07 04:10:09 INFO  scripts.synthetic_model_comparison.training.training_pipeline | epoch 132/200 — train done in 11.2s | avg loss_box=0.6126 loss_cls=0.3531 loss_dfl=0.0149 loss_total=63.8033
2026-08-07 04:10:09 INFO  scripts.synthetic_model_comparison.training.evaluation | evaluating on 4 batches
2026-08-07 04:10:15 INFO  scripts.synthetic_model_comparison.training.training_pipeline | epoch 132/200 — val mAP50=0.8864 mAP50_95=0.6425 (selection mAP50_95=0.6425)
2026-08-07 04:10:15 INFO  scripts.synthetic_model_comparison.training.evaluation | mlflow: logged val/mAP50=0.8864 val/mAP50_95=0.6425 (step=131)
2026-08-07 04:10:16 INFO  scripts.synthetic_model_comparison.training.evaluation | mlflow: logged val per-class AP table (12 classes)
2026-08-07 04:10:16 INFO  scripts.synthetic_model_comparison.training.training_pipeline | saved checkpoint: /home/debian/Master-Thesis/scripts/synthetic_model_comparison/training/model_exports/yolo26n-gpt-image-2-medium-full-seed42-20260807-032734/last.pt
2026-08-07 04:10:16 INFO  scripts.synthetic_model_comparison.training.training_pipeline | epoch 132/200 done — next lr=0.00266546, epochs_since_improve=7/20
2026-08-07 04:10:16 INFO  scripts.synthetic_model_comparison.training.training_pipeline | epoch 133/200 — train start (lr=0.00266546, batches=15)
2026-08-07 04:10:27 INFO  scripts.synthetic_model_comparison.training.training_pipeline | epoch 133/200 — train done in 11.2s | avg loss_box=0.5955 loss_cls=0.3433 loss_dfl=0.0147 loss_total=62.4066
2026-08-07 04:10:27 INFO  scripts.synthetic_model_comparison.training.evaluation | evaluating on 4 batches
2026-08-07 04:10:33 INFO  scripts.synthetic_model_comparison.training.training_pipeline | epoch 133/200 — val mAP50=0.8814 mAP50_95=0.6400 (selection mAP50_95=0.6400)
2026-08-07 04:10:34 INFO  scripts.synthetic_model_comparison.training.evaluation | mlflow: logged val/mAP50=0.8814 val/mAP50_95=0.6400 (step=132)
2026-08-07 04:10:34 INFO  scripts.synthetic_model_comparison.training.evaluation | mlflow: logged val per-class AP table (12 classes)
2026-08-07 04:10:34 INFO  scripts.synthetic_model_comparison.training.training_pipeline | saved checkpoint: /home/debian/Master-Thesis/scripts/synthetic_model_comparison/training/model_exports/yolo26n-gpt-image-2-medium-full-seed42-20260807-032734/last.pt
2026-08-07 04:10:35 INFO  scripts.synthetic_model_comparison.training.training_pipeline | epoch 133/200 done — next lr=0.00259538, epochs_since_improve=8/20
2026-08-07 04:10:35 INFO  scripts.synthetic_model_comparison.training.training_pipeline | epoch 134/200 — train start (lr=0.00259538, batches=15)
2026-08-07 04:10:43 INFO  scripts.synthetic_model_comparison.training.training_pipeline | step 2000 | loss_box=0.5939 loss_cls=0.3659 loss_dfl=0.0153 loss_total=64.2197 lr=0.00256752
2026-08-07 04:10:48 INFO  scripts.synthetic_model_comparison.training.training_pipeline | epoch 134/200 — train done in 13.2s | avg loss_box=0.5724 loss_cls=0.3504 loss_dfl=0.0143 loss_total=61.4923
2026-08-07 04:10:48 INFO  scripts.synthetic_model_comparison.training.evaluation | evaluating on 4 batches
2026-08-07 04:10:54 INFO  scripts.synthetic_model_comparison.training.training_pipeline | epoch 134/200 — val mAP50=0.8866 mAP50_95=0.6594 (selection mAP50_95=0.6594)
2026-08-07 04:10:54 INFO  scripts.synthetic_model_comparison.training.evaluation | mlflow: logged val/mAP50=0.8866 val/mAP50_95=0.6594 (step=133)
2026-08-07 04:10:55 INFO  scripts.synthetic_model_comparison.training.evaluation | mlflow: logged val per-class AP table (12 classes)
2026-08-07 04:10:55 INFO  scripts.synthetic_model_comparison.training.training_pipeline | saved checkpoint: /home/debian/Master-Thesis/scripts/synthetic_model_comparison/training/model_exports/yolo26n-gpt-image-2-medium-full-seed42-20260807-032734/last.pt
2026-08-07 04:10:55 INFO  scripts.synthetic_model_comparison.training.training_pipeline | epoch 134/200 done — next lr=0.00252592, epochs_since_improve=9/20
2026-08-07 04:10:55 INFO  scripts.synthetic_model_comparison.training.training_pipeline | epoch 135/200 — train start (lr=0.00252592, batches=15)
2026-08-07 04:11:07 INFO  scripts.synthetic_model_comparison.training.training_pipeline | epoch 135/200 — train done in 12.0s | avg loss_box=0.5802 loss_cls=0.3558 loss_dfl=0.0140 loss_total=61.9183
2026-08-07 04:11:07 INFO  scripts.synthetic_model_comparison.training.evaluation | evaluating on 4 batches
2026-08-07 04:11:13 INFO  scripts.synthetic_model_comparison.training.training_pipeline | epoch 135/200 — val mAP50=0.8834 mAP50_95=0.6623 (selection mAP50_95=0.6623)
2026-08-07 04:11:14 INFO  scripts.synthetic_model_comparison.training.evaluation | mlflow: logged val/mAP50=0.8834 val/mAP50_95=0.6623 (step=134)
2026-08-07 04:11:14 INFO  scripts.synthetic_model_comparison.training.evaluation | mlflow: logged val per-class AP table (12 classes)
2026-08-07 04:11:14 INFO  scripts.synthetic_model_comparison.training.training_pipeline | saved checkpoint: /home/debian/Master-Thesis/scripts/synthetic_model_comparison/training/model_exports/yolo26n-gpt-image-2-medium-full-seed42-20260807-032734/last.pt
2026-08-07 04:11:14 INFO  scripts.synthetic_model_comparison.training.training_pipeline | epoch 135/200 done — next lr=0.00245708, epochs_since_improve=10/20
2026-08-07 04:11:14 INFO  scripts.synthetic_model_comparison.training.training_pipeline | epoch 136/200 — train start (lr=0.00245708, batches=15)
2026-08-07 04:11:26 INFO  scripts.synthetic_model_comparison.training.training_pipeline | epoch 136/200 — train done in 11.8s | avg loss_box=0.6089 loss_cls=0.3399 loss_dfl=0.0150 loss_total=62.5979
2026-08-07 04:11:26 INFO  scripts.synthetic_model_comparison.training.evaluation | evaluating on 4 batches
2026-08-07 04:11:32 INFO  scripts.synthetic_model_comparison.training.training_pipeline | epoch 136/200 — val mAP50=0.9036 mAP50_95=0.6775 (selection mAP50_95=0.6775)
2026-08-07 04:11:33 INFO  scripts.synthetic_model_comparison.training.evaluation | mlflow: logged val/mAP50=0.9036 val/mAP50_95=0.6775 (step=135)
2026-08-07 04:11:33 INFO  scripts.synthetic_model_comparison.training.evaluation | mlflow: logged val per-class AP table (12 classes)
2026-08-07 04:11:33 INFO  scripts.synthetic_model_comparison.training.training_pipeline | saved checkpoint: /home/debian/Master-Thesis/scripts/synthetic_model_comparison/training/model_exports/yolo26n-gpt-image-2-medium-full-seed42-20260807-032734/best.pt
2026-08-07 04:11:33 INFO  scripts.synthetic_model_comparison.training.training_pipeline | new best mAP50_95=0.6775 at epoch 136
2026-08-07 04:11:33 INFO  scripts.synthetic_model_comparison.training.training_pipeline | saved checkpoint: /home/debian/Master-Thesis/scripts/synthetic_model_comparison/training/model_exports/yolo26n-gpt-image-2-medium-full-seed42-20260807-032734/last.pt
2026-08-07 04:11:34 INFO  scripts.synthetic_model_comparison.training.training_pipeline | epoch 136/200 done — next lr=0.0023889, epochs_since_improve=0/20
2026-08-07 04:11:34 INFO  scripts.synthetic_model_comparison.training.training_pipeline | epoch 137/200 — train start (lr=0.0023889, batches=15)
2026-08-07 04:11:44 INFO  scripts.synthetic_model_comparison.training.training_pipeline | step 2050 | loss_box=0.6194 loss_cls=0.3284 loss_dfl=0.0149 loss_total=62.8790 lr=0.00233931
2026-08-07 04:11:47 INFO  scripts.synthetic_model_comparison.training.training_pipeline | epoch 137/200 — train done in 13.3s | avg loss_box=0.5986 loss_cls=0.3336 loss_dfl=0.0147 loss_total=61.8594
2026-08-07 04:11:47 INFO  scripts.synthetic_model_comparison.training.evaluation | evaluating on 4 batches
2026-08-07 04:11:53 INFO  scripts.synthetic_model_comparison.training.training_pipeline | epoch 137/200 — val mAP50=0.8963 mAP50_95=0.6616 (selection mAP50_95=0.6616)
2026-08-07 04:11:54 INFO  scripts.synthetic_model_comparison.training.evaluation | mlflow: logged val/mAP50=0.8963 val/mAP50_95=0.6616 (step=136)
2026-08-07 04:11:54 INFO  scripts.synthetic_model_comparison.training.evaluation | mlflow: logged val per-class AP table (12 classes)
2026-08-07 04:11:54 INFO  scripts.synthetic_model_comparison.training.training_pipeline | saved checkpoint: /home/debian/Master-Thesis/scripts/synthetic_model_comparison/training/model_exports/yolo26n-gpt-image-2-medium-full-seed42-20260807-032734/last.pt
2026-08-07 04:11:54 INFO  scripts.synthetic_model_comparison.training.training_pipeline | epoch 137/200 done — next lr=0.00232138, epochs_since_improve=1/20
2026-08-07 04:11:54 INFO  scripts.synthetic_model_comparison.training.training_pipeline | epoch 138/200 — train start (lr=0.00232138, batches=15)
2026-08-07 04:12:06 INFO  scripts.synthetic_model_comparison.training.training_pipeline | epoch 138/200 — train done in 11.6s | avg loss_box=0.5625 loss_cls=0.3402 loss_dfl=0.0136 loss_total=59.6872
2026-08-07 04:12:06 INFO  scripts.synthetic_model_comparison.training.evaluation | evaluating on 4 batches
2026-08-07 04:12:12 INFO  scripts.synthetic_model_comparison.training.training_pipeline | epoch 138/200 — val mAP50=0.8943 mAP50_95=0.6638 (selection mAP50_95=0.6638)
2026-08-07 04:12:12 INFO  scripts.synthetic_model_comparison.training.evaluation | mlflow: logged val/mAP50=0.8943 val/mAP50_95=0.6638 (step=137)
2026-08-07 04:12:13 INFO  scripts.synthetic_model_comparison.training.evaluation | mlflow: logged val per-class AP table (12 classes)
2026-08-07 04:12:13 INFO  scripts.synthetic_model_comparison.training.training_pipeline | saved checkpoint: /home/debian/Master-Thesis/scripts/synthetic_model_comparison/training/model_exports/yolo26n-gpt-image-2-medium-full-seed42-20260807-032734/last.pt
2026-08-07 04:12:13 INFO  scripts.synthetic_model_comparison.training.training_pipeline | epoch 138/200 done — next lr=0.00225454, epochs_since_improve=2/20
2026-08-07 04:12:13 INFO  scripts.synthetic_model_comparison.training.training_pipeline | epoch 139/200 — train start (lr=0.00225454, batches=15)
2026-08-07 04:12:25 INFO  scripts.synthetic_model_comparison.training.training_pipeline | epoch 139/200 — train done in 11.7s | avg loss_box=0.5618 loss_cls=0.3510 loss_dfl=0.0142 loss_total=60.1191
2026-08-07 04:12:25 INFO  scripts.synthetic_model_comparison.training.evaluation | evaluating on 4 batches
2026-08-07 04:12:31 INFO  scripts.synthetic_model_comparison.training.training_pipeline | epoch 139/200 — val mAP50=0.8890 mAP50_95=0.6534 (selection mAP50_95=0.6534)
2026-08-07 04:12:31 INFO  scripts.synthetic_model_comparison.training.evaluation | mlflow: logged val/mAP50=0.8890 val/mAP50_95=0.6534 (step=138)
2026-08-07 04:12:32 INFO  scripts.synthetic_model_comparison.training.evaluation | mlflow: logged val per-class AP table (12 classes)
2026-08-07 04:12:32 INFO  scripts.synthetic_model_comparison.training.training_pipeline | saved checkpoint: /home/debian/Master-Thesis/scripts/synthetic_model_comparison/training/model_exports/yolo26n-gpt-image-2-medium-full-seed42-20260807-032734/last.pt
2026-08-07 04:12:32 INFO  scripts.synthetic_model_comparison.training.training_pipeline | epoch 139/200 done — next lr=0.0021884, epochs_since_improve=3/20
2026-08-07 04:12:32 INFO  scripts.synthetic_model_comparison.training.training_pipeline | epoch 140/200 — train start (lr=0.0021884, batches=15)
2026-08-07 04:12:44 INFO  scripts.synthetic_model_comparison.training.training_pipeline | epoch 140/200 — train done in 11.4s | avg loss_box=0.5507 loss_cls=0.3305 loss_dfl=0.0135 loss_total=58.4406
2026-08-07 04:12:44 INFO  scripts.synthetic_model_comparison.training.evaluation | evaluating on 4 batches
2026-08-07 04:12:49 INFO  scripts.synthetic_model_comparison.training.training_pipeline | epoch 140/200 — val mAP50=0.8994 mAP50_95=0.6787 (selection mAP50_95=0.6787)
2026-08-07 04:12:50 INFO  scripts.synthetic_model_comparison.training.evaluation | mlflow: logged val/mAP50=0.8994 val/mAP50_95=0.6787 (step=139)
2026-08-07 04:12:50 INFO  scripts.synthetic_model_comparison.training.evaluation | mlflow: logged val per-class AP table (12 classes)
2026-08-07 04:12:50 INFO  scripts.synthetic_model_comparison.training.training_pipeline | saved checkpoint: /home/debian/Master-Thesis/scripts/synthetic_model_comparison/training/model_exports/yolo26n-gpt-image-2-medium-full-seed42-20260807-032734/best.pt
2026-08-07 04:12:50 INFO  scripts.synthetic_model_comparison.training.training_pipeline | new best mAP50_95=0.6787 at epoch 140
2026-08-07 04:12:50 INFO  scripts.synthetic_model_comparison.training.training_pipeline | saved checkpoint: /home/debian/Master-Thesis/scripts/synthetic_model_comparison/training/model_exports/yolo26n-gpt-image-2-medium-full-seed42-20260807-032734/last.pt
2026-08-07 04:12:51 INFO  scripts.synthetic_model_comparison.training.training_pipeline | epoch 140/200 done — next lr=0.00212297, epochs_since_improve=0/20
2026-08-07 04:12:51 INFO  scripts.synthetic_model_comparison.training.training_pipeline | epoch 141/200 — train start (lr=0.00212297, batches=15)
2026-08-07 04:12:56 INFO  scripts.synthetic_model_comparison.training.training_pipeline | step 2100 | loss_box=0.5193 loss_cls=0.3950 loss_dfl=0.0139 loss_total=59.3164 lr=0.00211864
2026-08-07 04:13:03 INFO  scripts.synthetic_model_comparison.training.training_pipeline | epoch 141/200 — train done in 12.3s | avg loss_box=0.5494 loss_cls=0.3540 loss_dfl=0.0135 loss_total=59.5024
2026-08-07 04:13:03 INFO  scripts.synthetic_model_comparison.training.evaluation | evaluating on 4 batches
2026-08-07 04:13:09 INFO  scripts.synthetic_model_comparison.training.training_pipeline | epoch 141/200 — val mAP50=0.8978 mAP50_95=0.6727 (selection mAP50_95=0.6727)
2026-08-07 04:13:10 INFO  scripts.synthetic_model_comparison.training.evaluation | mlflow: logged val/mAP50=0.8978 val/mAP50_95=0.6727 (step=140)
2026-08-07 04:13:10 INFO  scripts.synthetic_model_comparison.training.evaluation | mlflow: logged val per-class AP table (12 classes)
2026-08-07 04:13:10 INFO  scripts.synthetic_model_comparison.training.training_pipeline | saved checkpoint: /home/debian/Master-Thesis/scripts/synthetic_model_comparison/training/model_exports/yolo26n-gpt-image-2-medium-full-seed42-20260807-032734/last.pt
2026-08-07 04:13:10 INFO  scripts.synthetic_model_comparison.training.training_pipeline | epoch 141/200 done — next lr=0.00205828, epochs_since_improve=1/20
2026-08-07 04:13:10 INFO  scripts.synthetic_model_comparison.training.training_pipeline | epoch 142/200 — train start (lr=0.00205828, batches=15)
2026-08-07 04:13:22 INFO  scripts.synthetic_model_comparison.training.training_pipeline | epoch 142/200 — train done in 11.8s | avg loss_box=0.5485 loss_cls=0.3404 loss_dfl=0.0131 loss_total=58.4761
2026-08-07 04:13:22 INFO  scripts.synthetic_model_comparison.training.evaluation | evaluating on 4 batches
2026-08-07 04:13:28 INFO  scripts.synthetic_model_comparison.training.training_pipeline | epoch 142/200 — val mAP50=0.9077 mAP50_95=0.6762 (selection mAP50_95=0.6762)
2026-08-07 04:13:29 INFO  scripts.synthetic_model_comparison.training.evaluation | mlflow: logged val/mAP50=0.9077 val/mAP50_95=0.6762 (step=141)
2026-08-07 04:13:29 INFO  scripts.synthetic_model_comparison.training.evaluation | mlflow: logged val per-class AP table (12 classes)
2026-08-07 04:13:29 INFO  scripts.synthetic_model_comparison.training.training_pipeline | saved checkpoint: /home/debian/Master-Thesis/scripts/synthetic_model_comparison/training/model_exports/yolo26n-gpt-image-2-medium-full-seed42-20260807-032734/last.pt
2026-08-07 04:13:30 INFO  scripts.synthetic_model_comparison.training.training_pipeline | epoch 142/200 done — next lr=0.00199434, epochs_since_improve=2/20
2026-08-07 04:13:30 INFO  scripts.synthetic_model_comparison.training.training_pipeline | epoch 143/200 — train start (lr=0.00199434, batches=15)
2026-08-07 04:13:42 INFO  scripts.synthetic_model_comparison.training.training_pipeline | epoch 143/200 — train done in 12.0s | avg loss_box=0.5624 loss_cls=0.3145 loss_dfl=0.0141 loss_total=58.3565
2026-08-07 04:13:42 INFO  scripts.synthetic_model_comparison.training.evaluation | evaluating on 4 batches
2026-08-07 04:13:47 INFO  scripts.synthetic_model_comparison.training.training_pipeline | epoch 143/200 — val mAP50=0.9055 mAP50_95=0.6719 (selection mAP50_95=0.6719)
2026-08-07 04:13:48 INFO  scripts.synthetic_model_comparison.training.evaluation | mlflow: logged val/mAP50=0.9055 val/mAP50_95=0.6719 (step=142)
2026-08-07 04:13:48 INFO  scripts.synthetic_model_comparison.training.evaluation | mlflow: logged val per-class AP table (12 classes)
2026-08-07 04:13:49 INFO  scripts.synthetic_model_comparison.training.training_pipeline | saved checkpoint: /home/debian/Master-Thesis/scripts/synthetic_model_comparison/training/model_exports/yolo26n-gpt-image-2-medium-full-seed42-20260807-032734/last.pt
2026-08-07 04:13:49 INFO  scripts.synthetic_model_comparison.training.training_pipeline | epoch 143/200 done — next lr=0.00193117, epochs_since_improve=3/20
2026-08-07 04:13:49 INFO  scripts.synthetic_model_comparison.training.training_pipeline | epoch 144/200 — train start (lr=0.00193117, batches=15)
2026-08-07 04:13:57 INFO  scripts.synthetic_model_comparison.training.training_pipeline | step 2150 | loss_box=0.5188 loss_cls=0.3085 loss_dfl=0.0127 loss_total=55.1251 lr=0.00190611
2026-08-07 04:14:02 INFO  scripts.synthetic_model_comparison.training.training_pipeline | epoch 144/200 — train done in 13.0s | avg loss_box=0.5379 loss_cls=0.3065 loss_dfl=0.0134 loss_total=56.4065
2026-08-07 04:14:02 INFO  scripts.synthetic_model_comparison.training.evaluation | evaluating on 4 batches
2026-08-07 04:14:08 INFO  scripts.synthetic_model_comparison.training.training_pipeline | epoch 144/200 — val mAP50=0.9088 mAP50_95=0.6720 (selection mAP50_95=0.6720)
2026-08-07 04:14:08 INFO  scripts.synthetic_model_comparison.training.evaluation | mlflow: logged val/mAP50=0.9088 val/mAP50_95=0.6720 (step=143)
2026-08-07 04:14:09 INFO  scripts.synthetic_model_comparison.training.evaluation | mlflow: logged val per-class AP table (12 classes)
2026-08-07 04:14:09 INFO  scripts.synthetic_model_comparison.training.training_pipeline | saved checkpoint: /home/debian/Master-Thesis/scripts/synthetic_model_comparison/training/model_exports/yolo26n-gpt-image-2-medium-full-seed42-20260807-032734/last.pt
2026-08-07 04:14:09 INFO  scripts.synthetic_model_comparison.training.training_pipeline | epoch 144/200 done — next lr=0.00186877, epochs_since_improve=4/20
2026-08-07 04:14:09 INFO  scripts.synthetic_model_comparison.training.training_pipeline | epoch 145/200 — train start (lr=0.00186877, batches=15)
2026-08-07 04:14:21 INFO  scripts.synthetic_model_comparison.training.training_pipeline | epoch 145/200 — train done in 11.8s | avg loss_box=0.5178 loss_cls=0.2990 loss_dfl=0.0126 loss_total=54.7901
2026-08-07 04:14:21 INFO  scripts.synthetic_model_comparison.training.evaluation | evaluating on 4 batches
2026-08-07 04:14:27 INFO  scripts.synthetic_model_comparison.training.training_pipeline | epoch 145/200 — val mAP50=0.9085 mAP50_95=0.6743 (selection mAP50_95=0.6743)
2026-08-07 04:14:27 INFO  scripts.synthetic_model_comparison.training.evaluation | mlflow: logged val/mAP50=0.9085 val/mAP50_95=0.6743 (step=144)
2026-08-07 04:14:28 INFO  scripts.synthetic_model_comparison.training.evaluation | mlflow: logged val per-class AP table (12 classes)
2026-08-07 04:14:28 INFO  scripts.synthetic_model_comparison.training.training_pipeline | saved checkpoint: /home/debian/Master-Thesis/scripts/synthetic_model_comparison/training/model_exports/yolo26n-gpt-image-2-medium-full-seed42-20260807-032734/last.pt
2026-08-07 04:14:28 INFO  scripts.synthetic_model_comparison.training.training_pipeline | epoch 145/200 done — next lr=0.00180718, epochs_since_improve=5/20
2026-08-07 04:14:28 INFO  scripts.synthetic_model_comparison.training.training_pipeline | epoch 146/200 — train start (lr=0.00180718, batches=15)
2026-08-07 04:14:40 INFO  scripts.synthetic_model_comparison.training.training_pipeline | epoch 146/200 — train done in 11.6s | avg loss_box=0.5537 loss_cls=0.3198 loss_dfl=0.0136 loss_total=57.7944
2026-08-07 04:14:40 INFO  scripts.synthetic_model_comparison.training.evaluation | evaluating on 4 batches
2026-08-07 04:14:46 INFO  scripts.synthetic_model_comparison.training.training_pipeline | epoch 146/200 — val mAP50=0.8698 mAP50_95=0.6429 (selection mAP50_95=0.6429)
2026-08-07 04:14:46 INFO  scripts.synthetic_model_comparison.training.evaluation | mlflow: logged val/mAP50=0.8698 val/mAP50_95=0.6429 (step=145)
2026-08-07 04:14:47 INFO  scripts.synthetic_model_comparison.training.evaluation | mlflow: logged val per-class AP table (12 classes)
2026-08-07 04:14:47 INFO  scripts.synthetic_model_comparison.training.training_pipeline | saved checkpoint: /home/debian/Master-Thesis/scripts/synthetic_model_comparison/training/model_exports/yolo26n-gpt-image-2-medium-full-seed42-20260807-032734/last.pt
2026-08-07 04:14:47 INFO  scripts.synthetic_model_comparison.training.training_pipeline | epoch 146/200 done — next lr=0.00174639, epochs_since_improve=6/20
2026-08-07 04:14:47 INFO  scripts.synthetic_model_comparison.training.training_pipeline | epoch 147/200 — train start (lr=0.00174639, batches=15)
2026-08-07 04:14:58 INFO  scripts.synthetic_model_comparison.training.training_pipeline | step 2200 | loss_box=0.5313 loss_cls=0.2918 loss_dfl=0.0137 loss_total=54.2613 lr=0.00170234
2026-08-07 04:15:00 INFO  scripts.synthetic_model_comparison.training.training_pipeline | epoch 147/200 — train done in 13.4s | avg loss_box=0.5646 loss_cls=0.3250 loss_dfl=0.0136 loss_total=58.3271
2026-08-07 04:15:00 INFO  scripts.synthetic_model_comparison.training.evaluation | evaluating on 4 batches
2026-08-07 04:15:06 INFO  scripts.synthetic_model_comparison.training.training_pipeline | epoch 147/200 — val mAP50=0.9123 mAP50_95=0.6831 (selection mAP50_95=0.6831)
2026-08-07 04:15:07 INFO  scripts.synthetic_model_comparison.training.evaluation | mlflow: logged val/mAP50=0.9123 val/mAP50_95=0.6831 (step=146)
2026-08-07 04:15:07 INFO  scripts.synthetic_model_comparison.training.evaluation | mlflow: logged val per-class AP table (12 classes)
2026-08-07 04:15:07 INFO  scripts.synthetic_model_comparison.training.training_pipeline | saved checkpoint: /home/debian/Master-Thesis/scripts/synthetic_model_comparison/training/model_exports/yolo26n-gpt-image-2-medium-full-seed42-20260807-032734/best.pt
2026-08-07 04:15:07 INFO  scripts.synthetic_model_comparison.training.training_pipeline | new best mAP50_95=0.6831 at epoch 147
2026-08-07 04:15:08 INFO  scripts.synthetic_model_comparison.training.training_pipeline | saved checkpoint: /home/debian/Master-Thesis/scripts/synthetic_model_comparison/training/model_exports/yolo26n-gpt-image-2-medium-full-seed42-20260807-032734/last.pt
2026-08-07 04:15:08 INFO  scripts.synthetic_model_comparison.training.training_pipeline | epoch 147/200 done — next lr=0.00168644, epochs_since_improve=0/20
2026-08-07 04:15:08 INFO  scripts.synthetic_model_comparison.training.training_pipeline | epoch 148/200 — train start (lr=0.00168644, batches=15)
2026-08-07 04:15:20 INFO  scripts.synthetic_model_comparison.training.training_pipeline | epoch 148/200 — train done in 11.9s | avg loss_box=0.5166 loss_cls=0.3201 loss_dfl=0.0128 loss_total=55.3118
2026-08-07 04:15:20 INFO  scripts.synthetic_model_comparison.training.evaluation | evaluating on 4 batches
2026-08-07 04:15:26 INFO  scripts.synthetic_model_comparison.training.training_pipeline | epoch 148/200 — val mAP50=0.9096 mAP50_95=0.6863 (selection mAP50_95=0.6863)
2026-08-07 04:15:26 INFO  scripts.synthetic_model_comparison.training.evaluation | mlflow: logged val/mAP50=0.9096 val/mAP50_95=0.6863 (step=147)
2026-08-07 04:15:27 INFO  scripts.synthetic_model_comparison.training.evaluation | mlflow: logged val per-class AP table (12 classes)
2026-08-07 04:15:27 INFO  scripts.synthetic_model_comparison.training.training_pipeline | saved checkpoint: /home/debian/Master-Thesis/scripts/synthetic_model_comparison/training/model_exports/yolo26n-gpt-image-2-medium-full-seed42-20260807-032734/best.pt
2026-08-07 04:15:27 INFO  scripts.synthetic_model_comparison.training.training_pipeline | new best mAP50_95=0.6863 at epoch 148
2026-08-07 04:15:27 INFO  scripts.synthetic_model_comparison.training.training_pipeline | saved checkpoint: /home/debian/Master-Thesis/scripts/synthetic_model_comparison/training/model_exports/yolo26n-gpt-image-2-medium-full-seed42-20260807-032734/last.pt
2026-08-07 04:15:27 INFO  scripts.synthetic_model_comparison.training.training_pipeline | epoch 148/200 done — next lr=0.00162733, epochs_since_improve=0/20
2026-08-07 04:15:27 INFO  scripts.synthetic_model_comparison.training.training_pipeline | epoch 149/200 — train start (lr=0.00162733, batches=15)
2026-08-07 04:15:39 INFO  scripts.synthetic_model_comparison.training.training_pipeline | epoch 149/200 — train done in 12.0s | avg loss_box=0.5225 loss_cls=0.3121 loss_dfl=0.0128 loss_total=55.5416
2026-08-07 04:15:39 INFO  scripts.synthetic_model_comparison.training.evaluation | evaluating on 4 batches
2026-08-07 04:15:45 INFO  scripts.synthetic_model_comparison.training.training_pipeline | epoch 149/200 — val mAP50=0.9113 mAP50_95=0.6884 (selection mAP50_95=0.6884)
2026-08-07 04:15:46 INFO  scripts.synthetic_model_comparison.training.evaluation | mlflow: logged val/mAP50=0.9113 val/mAP50_95=0.6884 (step=148)
2026-08-07 04:15:46 INFO  scripts.synthetic_model_comparison.training.evaluation | mlflow: logged val per-class AP table (12 classes)
2026-08-07 04:15:46 INFO  scripts.synthetic_model_comparison.training.training_pipeline | saved checkpoint: /home/debian/Master-Thesis/scripts/synthetic_model_comparison/training/model_exports/yolo26n-gpt-image-2-medium-full-seed42-20260807-032734/best.pt
2026-08-07 04:15:46 INFO  scripts.synthetic_model_comparison.training.training_pipeline | new best mAP50_95=0.6884 at epoch 149
2026-08-07 04:15:46 INFO  scripts.synthetic_model_comparison.training.training_pipeline | saved checkpoint: /home/debian/Master-Thesis/scripts/synthetic_model_comparison/training/model_exports/yolo26n-gpt-image-2-medium-full-seed42-20260807-032734/last.pt
2026-08-07 04:15:47 INFO  scripts.synthetic_model_comparison.training.training_pipeline | epoch 149/200 done — next lr=0.00156908, epochs_since_improve=0/20
2026-08-07 04:15:47 INFO  scripts.synthetic_model_comparison.training.training_pipeline | epoch 150/200 — train start (lr=0.00156908, batches=15)
2026-08-07 04:15:59 INFO  scripts.synthetic_model_comparison.training.training_pipeline | epoch 150/200 — train done in 12.1s | avg loss_box=0.5188 loss_cls=0.3121 loss_dfl=0.0126 loss_total=55.0119
2026-08-07 04:15:59 INFO  scripts.synthetic_model_comparison.training.evaluation | evaluating on 4 batches
2026-08-07 04:16:04 INFO  scripts.synthetic_model_comparison.training.training_pipeline | epoch 150/200 — val mAP50=0.8972 mAP50_95=0.6792 (selection mAP50_95=0.6792)
2026-08-07 04:16:05 INFO  scripts.synthetic_model_comparison.training.evaluation | mlflow: logged val/mAP50=0.8972 val/mAP50_95=0.6792 (step=149)
2026-08-07 04:16:05 INFO  scripts.synthetic_model_comparison.training.evaluation | mlflow: logged val per-class AP table (12 classes)
2026-08-07 04:16:05 INFO  scripts.synthetic_model_comparison.training.training_pipeline | saved checkpoint: /home/debian/Master-Thesis/scripts/synthetic_model_comparison/training/model_exports/yolo26n-gpt-image-2-medium-full-seed42-20260807-032734/last.pt
2026-08-07 04:16:06 INFO  scripts.synthetic_model_comparison.training.training_pipeline | epoch 150/200 done — next lr=0.0015117, epochs_since_improve=1/20
2026-08-07 04:16:06 INFO  scripts.synthetic_model_comparison.training.training_pipeline | epoch 151/200 — train start (lr=0.0015117, batches=15)
2026-08-07 04:16:12 INFO  scripts.synthetic_model_comparison.training.training_pipeline | step 2250 | loss_box=0.4793 loss_cls=0.2518 loss_dfl=0.0114 loss_total=49.4704 lr=0.00150791
2026-08-07 04:16:19 INFO  scripts.synthetic_model_comparison.training.training_pipeline | epoch 151/200 — train done in 13.3s | avg loss_box=0.5105 loss_cls=0.3138 loss_dfl=0.0126 loss_total=54.6739
2026-08-07 04:16:19 INFO  scripts.synthetic_model_comparison.training.evaluation | evaluating on 4 batches
2026-08-07 04:16:25 INFO  scripts.synthetic_model_comparison.training.training_pipeline | epoch 151/200 — val mAP50=0.9109 mAP50_95=0.6854 (selection mAP50_95=0.6854)
2026-08-07 04:16:26 INFO  scripts.synthetic_model_comparison.training.evaluation | mlflow: logged val/mAP50=0.9109 val/mAP50_95=0.6854 (step=150)
2026-08-07 04:16:26 INFO  scripts.synthetic_model_comparison.training.evaluation | mlflow: logged val per-class AP table (12 classes)
2026-08-07 04:16:26 INFO  scripts.synthetic_model_comparison.training.training_pipeline | saved checkpoint: /home/debian/Master-Thesis/scripts/synthetic_model_comparison/training/model_exports/yolo26n-gpt-image-2-medium-full-seed42-20260807-032734/last.pt
2026-08-07 04:16:26 INFO  scripts.synthetic_model_comparison.training.training_pipeline | epoch 151/200 done — next lr=0.00145521, epochs_since_improve=2/20
2026-08-07 04:16:26 INFO  scripts.synthetic_model_comparison.training.training_pipeline | epoch 152/200 — train start (lr=0.00145521, batches=15)
2026-08-07 04:16:38 INFO  scripts.synthetic_model_comparison.training.training_pipeline | epoch 152/200 — train done in 11.8s | avg loss_box=0.5143 loss_cls=0.3037 loss_dfl=0.0126 loss_total=54.4388
2026-08-07 04:16:38 INFO  scripts.synthetic_model_comparison.training.evaluation | evaluating on 4 batches
2026-08-07 04:16:44 INFO  scripts.synthetic_model_comparison.training.training_pipeline | epoch 152/200 — val mAP50=0.9130 mAP50_95=0.6817 (selection mAP50_95=0.6817)
2026-08-07 04:16:45 INFO  scripts.synthetic_model_comparison.training.evaluation | mlflow: logged val/mAP50=0.9130 val/mAP50_95=0.6817 (step=151)
2026-08-07 04:16:45 INFO  scripts.synthetic_model_comparison.training.evaluation | mlflow: logged val per-class AP table (12 classes)
2026-08-07 04:16:45 INFO  scripts.synthetic_model_comparison.training.training_pipeline | saved checkpoint: /home/debian/Master-Thesis/scripts/synthetic_model_comparison/training/model_exports/yolo26n-gpt-image-2-medium-full-seed42-20260807-032734/last.pt
2026-08-07 04:16:46 INFO  scripts.synthetic_model_comparison.training.training_pipeline | epoch 152/200 done — next lr=0.00139962, epochs_since_improve=3/20
2026-08-07 04:16:46 INFO  scripts.synthetic_model_comparison.training.training_pipeline | epoch 153/200 — train start (lr=0.00139962, batches=15)
2026-08-07 04:16:57 INFO  scripts.synthetic_model_comparison.training.training_pipeline | epoch 153/200 — train done in 11.7s | avg loss_box=0.4873 loss_cls=0.2753 loss_dfl=0.0119 loss_total=51.2306
2026-08-07 04:16:57 INFO  scripts.synthetic_model_comparison.training.evaluation | evaluating on 4 batches
2026-08-07 04:17:03 INFO  scripts.synthetic_model_comparison.training.training_pipeline | epoch 153/200 — val mAP50=0.9115 mAP50_95=0.6815 (selection mAP50_95=0.6815)
2026-08-07 04:17:04 INFO  scripts.synthetic_model_comparison.training.evaluation | mlflow: logged val/mAP50=0.9115 val/mAP50_95=0.6815 (step=152)
2026-08-07 04:17:04 INFO  scripts.synthetic_model_comparison.training.evaluation | mlflow: logged val per-class AP table (12 classes)
2026-08-07 04:17:04 INFO  scripts.synthetic_model_comparison.training.training_pipeline | saved checkpoint: /home/debian/Master-Thesis/scripts/synthetic_model_comparison/training/model_exports/yolo26n-gpt-image-2-medium-full-seed42-20260807-032734/last.pt
2026-08-07 04:17:04 INFO  scripts.synthetic_model_comparison.training.training_pipeline | epoch 153/200 done — next lr=0.00134495, epochs_since_improve=4/20
2026-08-07 04:17:04 INFO  scripts.synthetic_model_comparison.training.training_pipeline | epoch 154/200 — train start (lr=0.00134495, batches=15)
2026-08-07 04:17:13 INFO  scripts.synthetic_model_comparison.training.training_pipeline | step 2300 | loss_box=0.5004 loss_cls=0.2610 loss_dfl=0.0116 loss_total=51.2589 lr=0.00132335
2026-08-07 04:17:18 INFO  scripts.synthetic_model_comparison.training.training_pipeline | epoch 154/200 — train done in 13.2s | avg loss_box=0.5001 loss_cls=0.2957 loss_dfl=0.0124 loss_total=52.8356
2026-08-07 04:17:18 INFO  scripts.synthetic_model_comparison.training.evaluation | evaluating on 4 batches
2026-08-07 04:17:24 INFO  scripts.synthetic_model_comparison.training.training_pipeline | epoch 154/200 — val mAP50=0.9116 mAP50_95=0.6897 (selection mAP50_95=0.6897)
2026-08-07 04:17:24 INFO  scripts.synthetic_model_comparison.training.evaluation | mlflow: logged val/mAP50=0.9116 val/mAP50_95=0.6897 (step=153)
2026-08-07 04:17:24 INFO  scripts.synthetic_model_comparison.training.evaluation | mlflow: logged val per-class AP table (12 classes)
2026-08-07 04:17:25 INFO  scripts.synthetic_model_comparison.training.training_pipeline | saved checkpoint: /home/debian/Master-Thesis/scripts/synthetic_model_comparison/training/model_exports/yolo26n-gpt-image-2-medium-full-seed42-20260807-032734/best.pt
2026-08-07 04:17:25 INFO  scripts.synthetic_model_comparison.training.training_pipeline | new best mAP50_95=0.6897 at epoch 154
2026-08-07 04:17:25 INFO  scripts.synthetic_model_comparison.training.training_pipeline | saved checkpoint: /home/debian/Master-Thesis/scripts/synthetic_model_comparison/training/model_exports/yolo26n-gpt-image-2-medium-full-seed42-20260807-032734/last.pt
2026-08-07 04:17:25 INFO  scripts.synthetic_model_comparison.training.training_pipeline | epoch 154/200 done — next lr=0.00129122, epochs_since_improve=0/20
2026-08-07 04:17:25 INFO  scripts.synthetic_model_comparison.training.training_pipeline | epoch 155/200 — train start (lr=0.00129122, batches=15)
2026-08-07 04:17:36 INFO  scripts.synthetic_model_comparison.training.training_pipeline | epoch 155/200 — train done in 11.2s | avg loss_box=0.4982 loss_cls=0.2965 loss_dfl=0.0122 loss_total=52.7568
2026-08-07 04:17:36 INFO  scripts.synthetic_model_comparison.training.evaluation | evaluating on 4 batches
2026-08-07 04:17:42 INFO  scripts.synthetic_model_comparison.training.training_pipeline | epoch 155/200 — val mAP50=0.9105 mAP50_95=0.6873 (selection mAP50_95=0.6873)
2026-08-07 04:17:43 INFO  scripts.synthetic_model_comparison.training.evaluation | mlflow: logged val/mAP50=0.9105 val/mAP50_95=0.6873 (step=154)
2026-08-07 04:17:43 INFO  scripts.synthetic_model_comparison.training.evaluation | mlflow: logged val per-class AP table (12 classes)
2026-08-07 04:17:43 INFO  scripts.synthetic_model_comparison.training.training_pipeline | saved checkpoint: /home/debian/Master-Thesis/scripts/synthetic_model_comparison/training/model_exports/yolo26n-gpt-image-2-medium-full-seed42-20260807-032734/last.pt
2026-08-07 04:17:44 INFO  scripts.synthetic_model_comparison.training.training_pipeline | epoch 155/200 done — next lr=0.00123842, epochs_since_improve=1/20
2026-08-07 04:17:44 INFO  scripts.synthetic_model_comparison.training.training_pipeline | epoch 156/200 — train start (lr=0.00123842, batches=15)
2026-08-07 04:17:55 INFO  scripts.synthetic_model_comparison.training.training_pipeline | epoch 156/200 — train done in 11.7s | avg loss_box=0.4803 loss_cls=0.2784 loss_dfl=0.0116 loss_total=50.8986
2026-08-07 04:17:55 INFO  scripts.synthetic_model_comparison.training.evaluation | evaluating on 4 batches
2026-08-07 04:18:01 INFO  scripts.synthetic_model_comparison.training.training_pipeline | epoch 156/200 — val mAP50=0.9164 mAP50_95=0.6841 (selection mAP50_95=0.6841)
2026-08-07 04:18:02 INFO  scripts.synthetic_model_comparison.training.evaluation | mlflow: logged val/mAP50=0.9164 val/mAP50_95=0.6841 (step=155)
2026-08-07 04:18:02 INFO  scripts.synthetic_model_comparison.training.evaluation | mlflow: logged val per-class AP table (12 classes)
2026-08-07 04:18:02 INFO  scripts.synthetic_model_comparison.training.training_pipeline | saved checkpoint: /home/debian/Master-Thesis/scripts/synthetic_model_comparison/training/model_exports/yolo26n-gpt-image-2-medium-full-seed42-20260807-032734/last.pt
2026-08-07 04:18:03 INFO  scripts.synthetic_model_comparison.training.training_pipeline | epoch 156/200 done — next lr=0.00118658, epochs_since_improve=2/20
2026-08-07 04:18:03 INFO  scripts.synthetic_model_comparison.training.training_pipeline | epoch 157/200 — train start (lr=0.00118658, batches=15)
2026-08-07 04:18:13 INFO  scripts.synthetic_model_comparison.training.training_pipeline | step 2350 | loss_box=0.4370 loss_cls=0.2377 loss_dfl=0.0112 loss_total=46.1956 lr=0.00114919
2026-08-07 04:18:15 INFO  scripts.synthetic_model_comparison.training.training_pipeline | epoch 157/200 — train done in 12.9s | avg loss_box=0.4926 loss_cls=0.3059 loss_dfl=0.0120 loss_total=53.0179
2026-08-07 04:18:15 INFO  scripts.synthetic_model_comparison.training.evaluation | evaluating on 4 batches
2026-08-07 04:18:21 INFO  scripts.synthetic_model_comparison.training.training_pipeline | epoch 157/200 — val mAP50=0.9084 mAP50_95=0.6782 (selection mAP50_95=0.6782)
2026-08-07 04:18:22 INFO  scripts.synthetic_model_comparison.training.evaluation | mlflow: logged val/mAP50=0.9084 val/mAP50_95=0.6782 (step=156)
2026-08-07 04:18:22 INFO  scripts.synthetic_model_comparison.training.evaluation | mlflow: logged val per-class AP table (12 classes)
2026-08-07 04:18:22 INFO  scripts.synthetic_model_comparison.training.training_pipeline | saved checkpoint: /home/debian/Master-Thesis/scripts/synthetic_model_comparison/training/model_exports/yolo26n-gpt-image-2-medium-full-seed42-20260807-032734/last.pt
2026-08-07 04:18:23 INFO  scripts.synthetic_model_comparison.training.training_pipeline | epoch 157/200 done — next lr=0.00113572, epochs_since_improve=3/20
2026-08-07 04:18:23 INFO  scripts.synthetic_model_comparison.training.training_pipeline | epoch 158/200 — train start (lr=0.00113572, batches=15)
2026-08-07 04:18:34 INFO  scripts.synthetic_model_comparison.training.training_pipeline | epoch 158/200 — train done in 11.4s | avg loss_box=0.4753 loss_cls=0.2772 loss_dfl=0.0115 loss_total=50.2791
2026-08-07 04:18:34 INFO  scripts.synthetic_model_comparison.training.evaluation | evaluating on 4 batches
2026-08-07 04:18:40 INFO  scripts.synthetic_model_comparison.training.training_pipeline | epoch 158/200 — val mAP50=0.9093 mAP50_95=0.6754 (selection mAP50_95=0.6754)
2026-08-07 04:18:41 INFO  scripts.synthetic_model_comparison.training.evaluation | mlflow: logged val/mAP50=0.9093 val/mAP50_95=0.6754 (step=157)
2026-08-07 04:18:41 INFO  scripts.synthetic_model_comparison.training.evaluation | mlflow: logged val per-class AP table (12 classes)
2026-08-07 04:18:41 INFO  scripts.synthetic_model_comparison.training.training_pipeline | saved checkpoint: /home/debian/Master-Thesis/scripts/synthetic_model_comparison/training/model_exports/yolo26n-gpt-image-2-medium-full-seed42-20260807-032734/last.pt
2026-08-07 04:18:41 INFO  scripts.synthetic_model_comparison.training.training_pipeline | epoch 158/200 done — next lr=0.00108584, epochs_since_improve=4/20
2026-08-07 04:18:41 INFO  scripts.synthetic_model_comparison.training.training_pipeline | epoch 159/200 — train start (lr=0.00108584, batches=15)
2026-08-07 04:18:53 INFO  scripts.synthetic_model_comparison.training.training_pipeline | epoch 159/200 — train done in 11.2s | avg loss_box=0.5016 loss_cls=0.2855 loss_dfl=0.0121 loss_total=52.5308
2026-08-07 04:18:53 INFO  scripts.synthetic_model_comparison.training.evaluation | evaluating on 4 batches
2026-08-07 04:18:58 INFO  scripts.synthetic_model_comparison.training.training_pipeline | epoch 159/200 — val mAP50=0.9151 mAP50_95=0.6859 (selection mAP50_95=0.6859)
2026-08-07 04:18:59 INFO  scripts.synthetic_model_comparison.training.evaluation | mlflow: logged val/mAP50=0.9151 val/mAP50_95=0.6859 (step=158)
2026-08-07 04:18:59 INFO  scripts.synthetic_model_comparison.training.evaluation | mlflow: logged val per-class AP table (12 classes)
2026-08-07 04:19:00 INFO  scripts.synthetic_model_comparison.training.training_pipeline | saved checkpoint: /home/debian/Master-Thesis/scripts/synthetic_model_comparison/training/model_exports/yolo26n-gpt-image-2-medium-full-seed42-20260807-032734/last.pt
2026-08-07 04:19:00 INFO  scripts.synthetic_model_comparison.training.training_pipeline | epoch 159/200 done — next lr=0.00103695, epochs_since_improve=5/20
2026-08-07 04:19:00 INFO  scripts.synthetic_model_comparison.training.training_pipeline | epoch 160/200 — train start (lr=0.00103695, batches=15)
2026-08-07 04:19:12 INFO  scripts.synthetic_model_comparison.training.training_pipeline | epoch 160/200 — train done in 12.0s | avg loss_box=0.4861 loss_cls=0.2794 loss_dfl=0.0121 loss_total=51.0549
2026-08-07 04:19:12 INFO  scripts.synthetic_model_comparison.training.evaluation | evaluating on 4 batches
2026-08-07 04:19:18 INFO  scripts.synthetic_model_comparison.training.training_pipeline | epoch 160/200 — val mAP50=0.9065 mAP50_95=0.6801 (selection mAP50_95=0.6801)
2026-08-07 04:19:18 INFO  scripts.synthetic_model_comparison.training.evaluation | mlflow: logged val/mAP50=0.9065 val/mAP50_95=0.6801 (step=159)
2026-08-07 04:19:19 INFO  scripts.synthetic_model_comparison.training.evaluation | mlflow: logged val per-class AP table (12 classes)
2026-08-07 04:19:19 INFO  scripts.synthetic_model_comparison.training.training_pipeline | saved checkpoint: /home/debian/Master-Thesis/scripts/synthetic_model_comparison/training/model_exports/yolo26n-gpt-image-2-medium-full-seed42-20260807-032734/last.pt
2026-08-07 04:19:19 INFO  scripts.synthetic_model_comparison.training.training_pipeline | epoch 160/200 done — next lr=0.000989077, epochs_since_improve=6/20
2026-08-07 04:19:19 INFO  scripts.synthetic_model_comparison.training.training_pipeline | epoch 161/200 — train start (lr=0.000989077, batches=15)
2026-08-07 04:19:25 INFO  scripts.synthetic_model_comparison.training.training_pipeline | step 2400 | loss_box=0.4298 loss_cls=0.2602 loss_dfl=0.0104 loss_total=46.3769 lr=0.000985921
2026-08-07 04:19:32 INFO  scripts.synthetic_model_comparison.training.training_pipeline | epoch 161/200 — train done in 13.1s | avg loss_box=0.4710 loss_cls=0.2626 loss_dfl=0.0113 loss_total=49.2571
2026-08-07 04:19:32 INFO  scripts.synthetic_model_comparison.training.evaluation | evaluating on 4 batches
2026-08-07 04:19:38 INFO  scripts.synthetic_model_comparison.training.training_pipeline | epoch 161/200 — val mAP50=0.9139 mAP50_95=0.6799 (selection mAP50_95=0.6799)
2026-08-07 04:19:39 INFO  scripts.synthetic_model_comparison.training.evaluation | mlflow: logged val/mAP50=0.9139 val/mAP50_95=0.6799 (step=160)
2026-08-07 04:19:39 INFO  scripts.synthetic_model_comparison.training.evaluation | mlflow: logged val per-class AP table (12 classes)
2026-08-07 04:19:39 INFO  scripts.synthetic_model_comparison.training.training_pipeline | saved checkpoint: /home/debian/Master-Thesis/scripts/synthetic_model_comparison/training/model_exports/yolo26n-gpt-image-2-medium-full-seed42-20260807-032734/last.pt
2026-08-07 04:19:39 INFO  scripts.synthetic_model_comparison.training.training_pipeline | epoch 161/200 done — next lr=0.000942223, epochs_since_improve=7/20
2026-08-07 04:19:39 INFO  scripts.synthetic_model_comparison.training.training_pipeline | epoch 162/200 — train start (lr=0.000942223, batches=15)
2026-08-07 04:19:51 INFO  scripts.synthetic_model_comparison.training.training_pipeline | epoch 162/200 — train done in 11.3s | avg loss_box=0.4667 loss_cls=0.2667 loss_dfl=0.0116 loss_total=49.1731
2026-08-07 04:19:51 INFO  scripts.synthetic_model_comparison.training.evaluation | evaluating on 4 batches
2026-08-07 04:19:57 INFO  scripts.synthetic_model_comparison.training.training_pipeline | epoch 162/200 — val mAP50=0.9182 mAP50_95=0.6863 (selection mAP50_95=0.6863)
2026-08-07 04:19:57 INFO  scripts.synthetic_model_comparison.training.evaluation | mlflow: logged val/mAP50=0.9182 val/mAP50_95=0.6863 (step=161)
2026-08-07 04:19:58 INFO  scripts.synthetic_model_comparison.training.evaluation | mlflow: logged val per-class AP table (12 classes)
2026-08-07 04:19:58 INFO  scripts.synthetic_model_comparison.training.training_pipeline | saved checkpoint: /home/debian/Master-Thesis/scripts/synthetic_model_comparison/training/model_exports/yolo26n-gpt-image-2-medium-full-seed42-20260807-032734/last.pt
2026-08-07 04:19:58 INFO  scripts.synthetic_model_comparison.training.training_pipeline | epoch 162/200 done — next lr=0.000896401, epochs_since_improve=8/20
2026-08-07 04:19:58 INFO  scripts.synthetic_model_comparison.training.training_pipeline | epoch 163/200 — train start (lr=0.000896401, batches=15)
2026-08-07 04:20:10 INFO  scripts.synthetic_model_comparison.training.training_pipeline | epoch 163/200 — train done in 11.5s | avg loss_box=0.4618 loss_cls=0.2644 loss_dfl=0.0114 loss_total=48.7165
2026-08-07 04:20:10 INFO  scripts.synthetic_model_comparison.training.evaluation | evaluating on 4 batches
2026-08-07 04:20:15 INFO  scripts.synthetic_model_comparison.training.training_pipeline | epoch 163/200 — val mAP50=0.9207 mAP50_95=0.6947 (selection mAP50_95=0.6947)
2026-08-07 04:20:16 INFO  scripts.synthetic_model_comparison.training.evaluation | mlflow: logged val/mAP50=0.9207 val/mAP50_95=0.6947 (step=162)
2026-08-07 04:20:16 INFO  scripts.synthetic_model_comparison.training.evaluation | mlflow: logged val per-class AP table (12 classes)
2026-08-07 04:20:17 INFO  scripts.synthetic_model_comparison.training.training_pipeline | saved checkpoint: /home/debian/Master-Thesis/scripts/synthetic_model_comparison/training/model_exports/yolo26n-gpt-image-2-medium-full-seed42-20260807-032734/best.pt
2026-08-07 04:20:17 INFO  scripts.synthetic_model_comparison.training.training_pipeline | new best mAP50_95=0.6947 at epoch 163
2026-08-07 04:20:17 INFO  scripts.synthetic_model_comparison.training.training_pipeline | saved checkpoint: /home/debian/Master-Thesis/scripts/synthetic_model_comparison/training/model_exports/yolo26n-gpt-image-2-medium-full-seed42-20260807-032734/last.pt
2026-08-07 04:20:17 INFO  scripts.synthetic_model_comparison.training.training_pipeline | epoch 163/200 done — next lr=0.000851625, epochs_since_improve=0/20
2026-08-07 04:20:17 INFO  scripts.synthetic_model_comparison.training.training_pipeline | epoch 164/200 — train start (lr=0.000851625, batches=15)
2026-08-07 04:20:25 INFO  scripts.synthetic_model_comparison.training.training_pipeline | step 2450 | loss_box=0.4685 loss_cls=0.3097 loss_dfl=0.0125 loss_total=51.4101 lr=0.000834009
2026-08-07 04:20:30 INFO  scripts.synthetic_model_comparison.training.training_pipeline | epoch 164/200 — train done in 13.2s | avg loss_box=0.4656 loss_cls=0.2823 loss_dfl=0.0116 loss_total=49.9147
2026-08-07 04:20:30 INFO  scripts.synthetic_model_comparison.training.evaluation | evaluating on 4 batches
2026-08-07 04:20:36 INFO  scripts.synthetic_model_comparison.training.training_pipeline | epoch 164/200 — val mAP50=0.9258 mAP50_95=0.6998 (selection mAP50_95=0.6998)
2026-08-07 04:20:37 INFO  scripts.synthetic_model_comparison.training.evaluation | mlflow: logged val/mAP50=0.9258 val/mAP50_95=0.6998 (step=163)
2026-08-07 04:20:37 INFO  scripts.synthetic_model_comparison.training.evaluation | mlflow: logged val per-class AP table (12 classes)
2026-08-07 04:20:37 INFO  scripts.synthetic_model_comparison.training.training_pipeline | saved checkpoint: /home/debian/Master-Thesis/scripts/synthetic_model_comparison/training/model_exports/yolo26n-gpt-image-2-medium-full-seed42-20260807-032734/best.pt
2026-08-07 04:20:37 INFO  scripts.synthetic_model_comparison.training.training_pipeline | new best mAP50_95=0.6998 at epoch 164
2026-08-07 04:20:37 INFO  scripts.synthetic_model_comparison.training.training_pipeline | saved checkpoint: /home/debian/Master-Thesis/scripts/synthetic_model_comparison/training/model_exports/yolo26n-gpt-image-2-medium-full-seed42-20260807-032734/last.pt
2026-08-07 04:20:38 INFO  scripts.synthetic_model_comparison.training.training_pipeline | epoch 164/200 done — next lr=0.000807905, epochs_since_improve=0/20
2026-08-07 04:20:38 INFO  scripts.synthetic_model_comparison.training.training_pipeline | epoch 165/200 — train start (lr=0.000807905, batches=15)
2026-08-07 04:20:49 INFO  scripts.synthetic_model_comparison.training.training_pipeline | epoch 165/200 — train done in 11.4s | avg loss_box=0.4657 loss_cls=0.2700 loss_dfl=0.0116 loss_total=49.1190
2026-08-07 04:20:49 INFO  scripts.synthetic_model_comparison.training.evaluation | evaluating on 4 batches
2026-08-07 04:20:55 INFO  scripts.synthetic_model_comparison.training.training_pipeline | epoch 165/200 — val mAP50=0.9204 mAP50_95=0.7001 (selection mAP50_95=0.7001)
2026-08-07 04:20:56 INFO  scripts.synthetic_model_comparison.training.evaluation | mlflow: logged val/mAP50=0.9204 val/mAP50_95=0.7001 (step=164)
2026-08-07 04:20:56 INFO  scripts.synthetic_model_comparison.training.evaluation | mlflow: logged val per-class AP table (12 classes)
2026-08-07 04:20:56 INFO  scripts.synthetic_model_comparison.training.training_pipeline | saved checkpoint: /home/debian/Master-Thesis/scripts/synthetic_model_comparison/training/model_exports/yolo26n-gpt-image-2-medium-full-seed42-20260807-032734/last.pt
2026-08-07 04:20:56 INFO  scripts.synthetic_model_comparison.training.training_pipeline | epoch 165/200 done — next lr=0.000765252, epochs_since_improve=1/20
2026-08-07 04:20:56 INFO  scripts.synthetic_model_comparison.training.training_pipeline | epoch 166/200 — train start (lr=0.000765252, batches=15)
2026-08-07 04:21:08 INFO  scripts.synthetic_model_comparison.training.training_pipeline | epoch 166/200 — train done in 11.8s | avg loss_box=0.4359 loss_cls=0.2531 loss_dfl=0.0108 loss_total=46.4067
2026-08-07 04:21:08 INFO  scripts.synthetic_model_comparison.training.evaluation | evaluating on 4 batches
2026-08-07 04:21:14 INFO  scripts.synthetic_model_comparison.training.training_pipeline | epoch 166/200 — val mAP50=0.9229 mAP50_95=0.7019 (selection mAP50_95=0.7019)
2026-08-07 04:21:15 INFO  scripts.synthetic_model_comparison.training.evaluation | mlflow: logged val/mAP50=0.9229 val/mAP50_95=0.7019 (step=165)
2026-08-07 04:21:15 INFO  scripts.synthetic_model_comparison.training.evaluation | mlflow: logged val per-class AP table (12 classes)
2026-08-07 04:21:15 INFO  scripts.synthetic_model_comparison.training.training_pipeline | saved checkpoint: /home/debian/Master-Thesis/scripts/synthetic_model_comparison/training/model_exports/yolo26n-gpt-image-2-medium-full-seed42-20260807-032734/best.pt
2026-08-07 04:21:15 INFO  scripts.synthetic_model_comparison.training.training_pipeline | new best mAP50_95=0.7019 at epoch 166
2026-08-07 04:21:15 INFO  scripts.synthetic_model_comparison.training.training_pipeline | saved checkpoint: /home/debian/Master-Thesis/scripts/synthetic_model_comparison/training/model_exports/yolo26n-gpt-image-2-medium-full-seed42-20260807-032734/last.pt
2026-08-07 04:21:16 INFO  scripts.synthetic_model_comparison.training.training_pipeline | epoch 166/200 done — next lr=0.000723677, epochs_since_improve=0/20
2026-08-07 04:21:16 INFO  scripts.synthetic_model_comparison.training.training_pipeline | epoch 167/200 — train start (lr=0.000723677, batches=15)
2026-08-07 04:21:26 INFO  scripts.synthetic_model_comparison.training.training_pipeline | step 2500 | loss_box=0.5244 loss_cls=0.2825 loss_dfl=0.0124 loss_total=53.5726 lr=0.000693881
2026-08-07 04:21:29 INFO  scripts.synthetic_model_comparison.training.training_pipeline | epoch 167/200 — train done in 13.1s | avg loss_box=0.4464 loss_cls=0.2655 loss_dfl=0.0106 loss_total=47.5695
2026-08-07 04:21:29 INFO  scripts.synthetic_model_comparison.training.evaluation | evaluating on 4 batches
2026-08-07 04:21:34 INFO  scripts.synthetic_model_comparison.training.training_pipeline | epoch 167/200 — val mAP50=0.9236 mAP50_95=0.6940 (selection mAP50_95=0.6940)
2026-08-07 04:21:35 INFO  scripts.synthetic_model_comparison.training.evaluation | mlflow: logged val/mAP50=0.9236 val/mAP50_95=0.6940 (step=166)
2026-08-07 04:21:35 INFO  scripts.synthetic_model_comparison.training.evaluation | mlflow: logged val per-class AP table (12 classes)
2026-08-07 04:21:36 INFO  scripts.synthetic_model_comparison.training.training_pipeline | saved checkpoint: /home/debian/Master-Thesis/scripts/synthetic_model_comparison/training/model_exports/yolo26n-gpt-image-2-medium-full-seed42-20260807-032734/last.pt
2026-08-07 04:21:36 INFO  scripts.synthetic_model_comparison.training.training_pipeline | epoch 167/200 done — next lr=0.000683191, epochs_since_improve=1/20
2026-08-07 04:21:36 INFO  scripts.synthetic_model_comparison.training.training_pipeline | epoch 168/200 — train start (lr=0.000683191, batches=15)
2026-08-07 04:21:47 INFO  scripts.synthetic_model_comparison.training.training_pipeline | epoch 168/200 — train done in 11.4s | avg loss_box=0.4490 loss_cls=0.2624 loss_dfl=0.0112 loss_total=47.7449
2026-08-07 04:21:47 INFO  scripts.synthetic_model_comparison.training.evaluation | evaluating on 4 batches
2026-08-07 04:21:53 INFO  scripts.synthetic_model_comparison.training.training_pipeline | epoch 168/200 — val mAP50=0.9185 mAP50_95=0.6968 (selection mAP50_95=0.6968)
2026-08-07 04:21:54 INFO  scripts.synthetic_model_comparison.training.evaluation | mlflow: logged val/mAP50=0.9185 val/mAP50_95=0.6968 (step=167)
2026-08-07 04:21:54 INFO  scripts.synthetic_model_comparison.training.evaluation | mlflow: logged val per-class AP table (12 classes)
2026-08-07 04:21:54 INFO  scripts.synthetic_model_comparison.training.training_pipeline | saved checkpoint: /home/debian/Master-Thesis/scripts/synthetic_model_comparison/training/model_exports/yolo26n-gpt-image-2-medium-full-seed42-20260807-032734/last.pt
2026-08-07 04:21:55 INFO  scripts.synthetic_model_comparison.training.training_pipeline | epoch 168/200 done — next lr=0.000643805, epochs_since_improve=2/20
2026-08-07 04:21:55 INFO  scripts.synthetic_model_comparison.training.training_pipeline | epoch 169/200 — train start (lr=0.000643805, batches=15)
2026-08-07 04:22:06 INFO  scripts.synthetic_model_comparison.training.training_pipeline | epoch 169/200 — train done in 11.2s | avg loss_box=0.4478 loss_cls=0.2537 loss_dfl=0.0111 loss_total=47.1063
2026-08-07 04:22:06 INFO  scripts.synthetic_model_comparison.training.evaluation | evaluating on 4 batches
2026-08-07 04:22:12 INFO  scripts.synthetic_model_comparison.training.training_pipeline | epoch 169/200 — val mAP50=0.9135 mAP50_95=0.6858 (selection mAP50_95=0.6858)
2026-08-07 04:22:12 INFO  scripts.synthetic_model_comparison.training.evaluation | mlflow: logged val/mAP50=0.9135 val/mAP50_95=0.6858 (step=168)
2026-08-07 04:22:13 INFO  scripts.synthetic_model_comparison.training.evaluation | mlflow: logged val per-class AP table (12 classes)
2026-08-07 04:22:13 INFO  scripts.synthetic_model_comparison.training.training_pipeline | saved checkpoint: /home/debian/Master-Thesis/scripts/synthetic_model_comparison/training/model_exports/yolo26n-gpt-image-2-medium-full-seed42-20260807-032734/last.pt
2026-08-07 04:22:13 INFO  scripts.synthetic_model_comparison.training.training_pipeline | epoch 169/200 done — next lr=0.000605527, epochs_since_improve=3/20
2026-08-07 04:22:13 INFO  scripts.synthetic_model_comparison.training.training_pipeline | epoch 170/200 — train start (lr=0.000605527, batches=15)
2026-08-07 04:22:25 INFO  scripts.synthetic_model_comparison.training.training_pipeline | epoch 170/200 — train done in 11.6s | avg loss_box=0.4491 loss_cls=0.2618 loss_dfl=0.0111 loss_total=47.5298
2026-08-07 04:22:25 INFO  scripts.synthetic_model_comparison.training.evaluation | evaluating on 4 batches
2026-08-07 04:22:30 INFO  scripts.synthetic_model_comparison.training.training_pipeline | epoch 170/200 — val mAP50=0.9139 mAP50_95=0.6942 (selection mAP50_95=0.6942)
2026-08-07 04:22:31 INFO  scripts.synthetic_model_comparison.training.evaluation | mlflow: logged val/mAP50=0.9139 val/mAP50_95=0.6942 (step=169)
2026-08-07 04:22:31 INFO  scripts.synthetic_model_comparison.training.evaluation | mlflow: logged val per-class AP table (12 classes)
2026-08-07 04:22:32 INFO  scripts.synthetic_model_comparison.training.training_pipeline | saved checkpoint: /home/debian/Master-Thesis/scripts/synthetic_model_comparison/training/model_exports/yolo26n-gpt-image-2-medium-full-seed42-20260807-032734/last.pt
2026-08-07 04:22:32 INFO  scripts.synthetic_model_comparison.training.training_pipeline | epoch 170/200 done — next lr=0.000568368, epochs_since_improve=4/20
2026-08-07 04:22:32 INFO  scripts.synthetic_model_comparison.training.training_pipeline | epoch 171/200 — train start (lr=0.000568368, batches=15)
2026-08-07 04:22:38 INFO  scripts.synthetic_model_comparison.training.training_pipeline | step 2550 | loss_box=0.3977 loss_cls=0.2246 loss_dfl=0.0096 loss_total=42.0728 lr=0.000565931
2026-08-07 04:22:45 INFO  scripts.synthetic_model_comparison.training.training_pipeline | epoch 171/200 — train done in 12.9s | avg loss_box=0.4451 loss_cls=0.2572 loss_dfl=0.0110 loss_total=47.0327
2026-08-07 04:22:45 INFO  scripts.synthetic_model_comparison.training.evaluation | evaluating on 4 batches
2026-08-07 04:22:51 INFO  scripts.synthetic_model_comparison.training.training_pipeline | epoch 171/200 — val mAP50=0.9149 mAP50_95=0.6940 (selection mAP50_95=0.6940)
2026-08-07 04:22:51 INFO  scripts.synthetic_model_comparison.training.evaluation | mlflow: logged val/mAP50=0.9149 val/mAP50_95=0.6940 (step=170)
2026-08-07 04:22:52 INFO  scripts.synthetic_model_comparison.training.evaluation | mlflow: logged val per-class AP table (12 classes)
2026-08-07 04:22:52 INFO  scripts.synthetic_model_comparison.training.training_pipeline | saved checkpoint: /home/debian/Master-Thesis/scripts/synthetic_model_comparison/training/model_exports/yolo26n-gpt-image-2-medium-full-seed42-20260807-032734/last.pt
2026-08-07 04:22:52 INFO  scripts.synthetic_model_comparison.training.training_pipeline | epoch 171/200 done — next lr=0.000532337, epochs_since_improve=5/20
2026-08-07 04:22:52 INFO  scripts.synthetic_model_comparison.training.training_pipeline | epoch 172/200 — train start (lr=0.000532337, batches=15)
2026-08-07 04:23:04 INFO  scripts.synthetic_model_comparison.training.training_pipeline | epoch 172/200 — train done in 11.7s | avg loss_box=0.4429 loss_cls=0.2584 loss_dfl=0.0109 loss_total=46.9061
2026-08-07 04:23:04 INFO  scripts.synthetic_model_comparison.training.evaluation | evaluating on 4 batches
2026-08-07 04:23:09 INFO  scripts.synthetic_model_comparison.training.training_pipeline | epoch 172/200 — val mAP50=0.9156 mAP50_95=0.6949 (selection mAP50_95=0.6949)
2026-08-07 04:23:10 INFO  scripts.synthetic_model_comparison.training.evaluation | mlflow: logged val/mAP50=0.9156 val/mAP50_95=0.6949 (step=171)
2026-08-07 04:23:10 INFO  scripts.synthetic_model_comparison.training.evaluation | mlflow: logged val per-class AP table (12 classes)
2026-08-07 04:23:11 INFO  scripts.synthetic_model_comparison.training.training_pipeline | saved checkpoint: /home/debian/Master-Thesis/scripts/synthetic_model_comparison/training/model_exports/yolo26n-gpt-image-2-medium-full-seed42-20260807-032734/last.pt
2026-08-07 04:23:11 INFO  scripts.synthetic_model_comparison.training.training_pipeline | epoch 172/200 done — next lr=0.000497444, epochs_since_improve=6/20
2026-08-07 04:23:11 INFO  scripts.synthetic_model_comparison.training.training_pipeline | epoch 173/200 — train start (lr=0.000497444, batches=15)
2026-08-07 04:23:22 INFO  scripts.synthetic_model_comparison.training.training_pipeline | epoch 173/200 — train done in 11.5s | avg loss_box=0.4376 loss_cls=0.2582 loss_dfl=0.0108 loss_total=46.5488
2026-08-07 04:23:22 INFO  scripts.synthetic_model_comparison.training.evaluation | evaluating on 4 batches
2026-08-07 04:23:28 INFO  scripts.synthetic_model_comparison.training.training_pipeline | epoch 173/200 — val mAP50=0.9193 mAP50_95=0.7011 (selection mAP50_95=0.7011)
2026-08-07 04:23:29 INFO  scripts.synthetic_model_comparison.training.evaluation | mlflow: logged val/mAP50=0.9193 val/mAP50_95=0.7011 (step=172)
2026-08-07 04:23:29 INFO  scripts.synthetic_model_comparison.training.evaluation | mlflow: logged val per-class AP table (12 classes)
2026-08-07 04:23:29 INFO  scripts.synthetic_model_comparison.training.training_pipeline | saved checkpoint: /home/debian/Master-Thesis/scripts/synthetic_model_comparison/training/model_exports/yolo26n-gpt-image-2-medium-full-seed42-20260807-032734/last.pt
2026-08-07 04:23:30 INFO  scripts.synthetic_model_comparison.training.training_pipeline | epoch 173/200 done — next lr=0.000463697, epochs_since_improve=7/20
2026-08-07 04:23:30 INFO  scripts.synthetic_model_comparison.training.training_pipeline | epoch 174/200 — train start (lr=0.000463697, batches=15)
2026-08-07 04:23:38 INFO  scripts.synthetic_model_comparison.training.training_pipeline | step 2600 | loss_box=0.4165 loss_cls=0.2630 loss_dfl=0.0098 loss_total=45.0726 lr=0.000450521
2026-08-07 04:23:43 INFO  scripts.synthetic_model_comparison.training.training_pipeline | epoch 174/200 — train done in 13.4s | avg loss_box=0.4541 loss_cls=0.2467 loss_dfl=0.0111 loss_total=46.8810
2026-08-07 04:23:43 INFO  scripts.synthetic_model_comparison.training.evaluation | evaluating on 4 batches
2026-08-07 04:23:49 INFO  scripts.synthetic_model_comparison.training.training_pipeline | epoch 174/200 — val mAP50=0.9225 mAP50_95=0.7019 (selection mAP50_95=0.7019)
2026-08-07 04:23:50 INFO  scripts.synthetic_model_comparison.training.evaluation | mlflow: logged val/mAP50=0.9225 val/mAP50_95=0.7019 (step=173)
2026-08-07 04:23:50 INFO  scripts.synthetic_model_comparison.training.evaluation | mlflow: logged val per-class AP table (12 classes)
2026-08-07 04:23:50 INFO  scripts.synthetic_model_comparison.training.training_pipeline | saved checkpoint: /home/debian/Master-Thesis/scripts/synthetic_model_comparison/training/model_exports/yolo26n-gpt-image-2-medium-full-seed42-20260807-032734/last.pt
2026-08-07 04:23:51 INFO  scripts.synthetic_model_comparison.training.training_pipeline | epoch 174/200 done — next lr=0.000431105, epochs_since_improve=8/20
2026-08-07 04:23:51 INFO  scripts.synthetic_model_comparison.training.training_pipeline | epoch 175/200 — train start (lr=0.000431105, batches=15)
2026-08-07 04:24:02 INFO  scripts.synthetic_model_comparison.training.training_pipeline | epoch 175/200 — train done in 11.9s | avg loss_box=0.4342 loss_cls=0.2440 loss_dfl=0.0109 loss_total=45.4920
2026-08-07 04:24:02 INFO  scripts.synthetic_model_comparison.training.evaluation | evaluating on 4 batches
2026-08-07 04:24:08 INFO  scripts.synthetic_model_comparison.training.training_pipeline | epoch 175/200 — val mAP50=0.9140 mAP50_95=0.6966 (selection mAP50_95=0.6966)
2026-08-07 04:24:09 INFO  scripts.synthetic_model_comparison.training.evaluation | mlflow: logged val/mAP50=0.9140 val/mAP50_95=0.6966 (step=174)
2026-08-07 04:24:09 INFO  scripts.synthetic_model_comparison.training.evaluation | mlflow: logged val per-class AP table (12 classes)
2026-08-07 04:24:09 INFO  scripts.synthetic_model_comparison.training.training_pipeline | saved checkpoint: /home/debian/Master-Thesis/scripts/synthetic_model_comparison/training/model_exports/yolo26n-gpt-image-2-medium-full-seed42-20260807-032734/last.pt
2026-08-07 04:24:10 INFO  scripts.synthetic_model_comparison.training.training_pipeline | epoch 175/200 done — next lr=0.000399676, epochs_since_improve=9/20
2026-08-07 04:24:10 INFO  scripts.synthetic_model_comparison.training.training_pipeline | epoch 176/200 — train start (lr=0.000399676, batches=15)
2026-08-07 04:24:22 INFO  scripts.synthetic_model_comparison.training.training_pipeline | epoch 176/200 — train done in 12.0s | avg loss_box=0.4248 loss_cls=0.2496 loss_dfl=0.0103 loss_total=45.1194
2026-08-07 04:24:22 INFO  scripts.synthetic_model_comparison.training.evaluation | evaluating on 4 batches
2026-08-07 04:24:28 INFO  scripts.synthetic_model_comparison.training.training_pipeline | epoch 176/200 — val mAP50=0.9156 mAP50_95=0.6976 (selection mAP50_95=0.6976)
2026-08-07 04:24:28 INFO  scripts.synthetic_model_comparison.training.evaluation | mlflow: logged val/mAP50=0.9156 val/mAP50_95=0.6976 (step=175)
2026-08-07 04:24:29 INFO  scripts.synthetic_model_comparison.training.evaluation | mlflow: logged val per-class AP table (12 classes)
2026-08-07 04:24:29 INFO  scripts.synthetic_model_comparison.training.training_pipeline | saved checkpoint: /home/debian/Master-Thesis/scripts/synthetic_model_comparison/training/model_exports/yolo26n-gpt-image-2-medium-full-seed42-20260807-032734/last.pt
2026-08-07 04:24:29 INFO  scripts.synthetic_model_comparison.training.training_pipeline | epoch 176/200 done — next lr=0.000369419, epochs_since_improve=10/20
2026-08-07 04:24:29 INFO  scripts.synthetic_model_comparison.training.training_pipeline | epoch 177/200 — train start (lr=0.000369419, batches=15)
2026-08-07 04:24:39 INFO  scripts.synthetic_model_comparison.training.training_pipeline | step 2650 | loss_box=0.4373 loss_cls=0.2181 loss_dfl=0.0108 loss_total=44.7840 lr=0.000347979
2026-08-07 04:24:42 INFO  scripts.synthetic_model_comparison.training.training_pipeline | epoch 177/200 — train done in 13.3s | avg loss_box=0.4270 loss_cls=0.2468 loss_dfl=0.0103 loss_total=45.0762
2026-08-07 04:24:42 INFO  scripts.synthetic_model_comparison.training.evaluation | evaluating on 4 batches
2026-08-07 04:24:48 INFO  scripts.synthetic_model_comparison.training.training_pipeline | epoch 177/200 — val mAP50=0.9163 mAP50_95=0.6990 (selection mAP50_95=0.6990)
2026-08-07 04:24:49 INFO  scripts.synthetic_model_comparison.training.evaluation | mlflow: logged val/mAP50=0.9163 val/mAP50_95=0.6990 (step=176)
2026-08-07 04:24:49 INFO  scripts.synthetic_model_comparison.training.evaluation | mlflow: logged val per-class AP table (12 classes)
2026-08-07 04:24:49 INFO  scripts.synthetic_model_comparison.training.training_pipeline | saved checkpoint: /home/debian/Master-Thesis/scripts/synthetic_model_comparison/training/model_exports/yolo26n-gpt-image-2-medium-full-seed42-20260807-032734/last.pt
2026-08-07 04:24:50 INFO  scripts.synthetic_model_comparison.training.training_pipeline | epoch 177/200 done — next lr=0.00034034, epochs_since_improve=11/20
2026-08-07 04:24:50 INFO  scripts.synthetic_model_comparison.training.training_pipeline | epoch 178/200 — train start (lr=0.00034034, batches=15)
2026-08-07 04:25:02 INFO  scripts.synthetic_model_comparison.training.training_pipeline | epoch 178/200 — train done in 12.0s | avg loss_box=0.4219 loss_cls=0.2441 loss_dfl=0.0105 loss_total=44.6475
2026-08-07 04:25:02 INFO  scripts.synthetic_model_comparison.training.evaluation | evaluating on 4 batches
2026-08-07 04:25:07 INFO  scripts.synthetic_model_comparison.training.training_pipeline | epoch 178/200 — val mAP50=0.9131 mAP50_95=0.6955 (selection mAP50_95=0.6955)
2026-08-07 04:25:08 INFO  scripts.synthetic_model_comparison.training.evaluation | mlflow: logged val/mAP50=0.9131 val/mAP50_95=0.6955 (step=177)
2026-08-07 04:25:08 INFO  scripts.synthetic_model_comparison.training.evaluation | mlflow: logged val per-class AP table (12 classes)
2026-08-07 04:25:09 INFO  scripts.synthetic_model_comparison.training.training_pipeline | saved checkpoint: /home/debian/Master-Thesis/scripts/synthetic_model_comparison/training/model_exports/yolo26n-gpt-image-2-medium-full-seed42-20260807-032734/last.pt
2026-08-07 04:25:09 INFO  scripts.synthetic_model_comparison.training.training_pipeline | epoch 178/200 done — next lr=0.000312447, epochs_since_improve=12/20
2026-08-07 04:25:09 INFO  scripts.synthetic_model_comparison.training.training_pipeline | epoch 179/200 — train start (lr=0.000312447, batches=15)
2026-08-07 04:25:21 INFO  scripts.synthetic_model_comparison.training.training_pipeline | epoch 179/200 — train done in 12.0s | avg loss_box=0.4056 loss_cls=0.2361 loss_dfl=0.0100 loss_total=43.1671
2026-08-07 04:25:21 INFO  scripts.synthetic_model_comparison.training.evaluation | evaluating on 4 batches
2026-08-07 04:25:27 INFO  scripts.synthetic_model_comparison.training.training_pipeline | epoch 179/200 — val mAP50=0.9105 mAP50_95=0.6915 (selection mAP50_95=0.6915)
2026-08-07 04:25:27 INFO  scripts.synthetic_model_comparison.training.evaluation | mlflow: logged val/mAP50=0.9105 val/mAP50_95=0.6915 (step=178)
2026-08-07 04:25:28 INFO  scripts.synthetic_model_comparison.training.evaluation | mlflow: logged val per-class AP table (12 classes)
2026-08-07 04:25:28 INFO  scripts.synthetic_model_comparison.training.training_pipeline | saved checkpoint: /home/debian/Master-Thesis/scripts/synthetic_model_comparison/training/model_exports/yolo26n-gpt-image-2-medium-full-seed42-20260807-032734/last.pt
2026-08-07 04:25:28 INFO  scripts.synthetic_model_comparison.training.training_pipeline | epoch 179/200 done — next lr=0.000285748, epochs_since_improve=13/20
2026-08-07 04:25:28 INFO  scripts.synthetic_model_comparison.training.training_pipeline | epoch 180/200 — train start (lr=0.000285748, batches=15)
2026-08-07 04:25:39 INFO  scripts.synthetic_model_comparison.training.training_pipeline | epoch 180/200 — train done in 11.2s | avg loss_box=0.4115 loss_cls=0.2392 loss_dfl=0.0099 loss_total=43.7999
2026-08-07 04:25:39 INFO  scripts.synthetic_model_comparison.training.evaluation | evaluating on 4 batches
2026-08-07 04:25:45 INFO  scripts.synthetic_model_comparison.training.training_pipeline | epoch 180/200 — val mAP50=0.9145 mAP50_95=0.6959 (selection mAP50_95=0.6959)
2026-08-07 04:25:46 INFO  scripts.synthetic_model_comparison.training.evaluation | mlflow: logged val/mAP50=0.9145 val/mAP50_95=0.6959 (step=179)
2026-08-07 04:25:46 INFO  scripts.synthetic_model_comparison.training.evaluation | mlflow: logged val per-class AP table (12 classes)
2026-08-07 04:25:46 INFO  scripts.synthetic_model_comparison.training.training_pipeline | saved checkpoint: /home/debian/Master-Thesis/scripts/synthetic_model_comparison/training/model_exports/yolo26n-gpt-image-2-medium-full-seed42-20260807-032734/last.pt
2026-08-07 04:25:47 INFO  scripts.synthetic_model_comparison.training.training_pipeline | epoch 180/200 done — next lr=0.000260249, epochs_since_improve=14/20
2026-08-07 04:25:47 INFO  scripts.synthetic_model_comparison.training.training_pipeline | epoch 181/200 — train start (lr=0.000260249, batches=15)
2026-08-07 04:25:53 INFO  scripts.synthetic_model_comparison.training.training_pipeline | step 2700 | loss_box=0.4272 loss_cls=0.2512 loss_dfl=0.0103 loss_total=45.2697 lr=0.000258592
2026-08-07 04:26:00 INFO  scripts.synthetic_model_comparison.training.training_pipeline | epoch 181/200 — train done in 13.4s | avg loss_box=0.4250 loss_cls=0.2368 loss_dfl=0.0104 loss_total=44.3513
2026-08-07 04:26:00 INFO  scripts.synthetic_model_comparison.training.evaluation | evaluating on 4 batches
2026-08-07 04:26:06 INFO  scripts.synthetic_model_comparison.training.training_pipeline | epoch 181/200 — val mAP50=0.9145 mAP50_95=0.6963 (selection mAP50_95=0.6963)
2026-08-07 04:26:07 INFO  scripts.synthetic_model_comparison.training.evaluation | mlflow: logged val/mAP50=0.9145 val/mAP50_95=0.6963 (step=180)
2026-08-07 04:26:07 INFO  scripts.synthetic_model_comparison.training.evaluation | mlflow: logged val per-class AP table (12 classes)
2026-08-07 04:26:07 INFO  scripts.synthetic_model_comparison.training.training_pipeline | saved checkpoint: /home/debian/Master-Thesis/scripts/synthetic_model_comparison/training/model_exports/yolo26n-gpt-image-2-medium-full-seed42-20260807-032734/last.pt
2026-08-07 04:26:07 INFO  scripts.synthetic_model_comparison.training.training_pipeline | epoch 181/200 done — next lr=0.000235957, epochs_since_improve=15/20
2026-08-07 04:26:07 INFO  scripts.synthetic_model_comparison.training.training_pipeline | epoch 182/200 — train start (lr=0.000235957, batches=15)
2026-08-07 04:26:19 INFO  scripts.synthetic_model_comparison.training.training_pipeline | epoch 182/200 — train done in 12.0s | avg loss_box=0.4199 loss_cls=0.2587 loss_dfl=0.0103 loss_total=45.1681
2026-08-07 04:26:19 INFO  scripts.synthetic_model_comparison.training.evaluation | evaluating on 4 batches
2026-08-07 04:26:25 INFO  scripts.synthetic_model_comparison.training.training_pipeline | epoch 182/200 — val mAP50=0.9186 mAP50_95=0.6991 (selection mAP50_95=0.6991)
2026-08-07 04:26:26 INFO  scripts.synthetic_model_comparison.training.evaluation | mlflow: logged val/mAP50=0.9186 val/mAP50_95=0.6991 (step=181)
2026-08-07 04:26:26 INFO  scripts.synthetic_model_comparison.training.evaluation | mlflow: logged val per-class AP table (12 classes)
2026-08-07 04:26:26 INFO  scripts.synthetic_model_comparison.training.training_pipeline | saved checkpoint: /home/debian/Master-Thesis/scripts/synthetic_model_comparison/training/model_exports/yolo26n-gpt-image-2-medium-full-seed42-20260807-032734/last.pt
2026-08-07 04:26:26 INFO  scripts.synthetic_model_comparison.training.training_pipeline | epoch 182/200 done — next lr=0.000212877, epochs_since_improve=16/20
2026-08-07 04:26:26 INFO  scripts.synthetic_model_comparison.training.training_pipeline | epoch 183/200 — train start (lr=0.000212877, batches=15)
2026-08-07 04:26:38 INFO  scripts.synthetic_model_comparison.training.training_pipeline | epoch 183/200 — train done in 11.7s | avg loss_box=0.4217 loss_cls=0.2342 loss_dfl=0.0103 loss_total=44.0064
2026-08-07 04:26:38 INFO  scripts.synthetic_model_comparison.training.evaluation | evaluating on 4 batches
2026-08-07 04:26:44 INFO  scripts.synthetic_model_comparison.training.training_pipeline | epoch 183/200 — val mAP50=0.9166 mAP50_95=0.6968 (selection mAP50_95=0.6968)
2026-08-07 04:26:45 INFO  scripts.synthetic_model_comparison.training.evaluation | mlflow: logged val/mAP50=0.9166 val/mAP50_95=0.6968 (step=182)
2026-08-07 04:26:45 INFO  scripts.synthetic_model_comparison.training.evaluation | mlflow: logged val per-class AP table (12 classes)
2026-08-07 04:26:45 INFO  scripts.synthetic_model_comparison.training.training_pipeline | saved checkpoint: /home/debian/Master-Thesis/scripts/synthetic_model_comparison/training/model_exports/yolo26n-gpt-image-2-medium-full-seed42-20260807-032734/last.pt
2026-08-07 04:26:45 INFO  scripts.synthetic_model_comparison.training.training_pipeline | epoch 183/200 done — next lr=0.000191016, epochs_since_improve=17/20
2026-08-07 04:26:45 INFO  scripts.synthetic_model_comparison.training.training_pipeline | epoch 184/200 — train start (lr=0.000191016, batches=15)
2026-08-07 04:26:54 INFO  scripts.synthetic_model_comparison.training.training_pipeline | step 2750 | loss_box=0.4446 loss_cls=0.2238 loss_dfl=0.0113 loss_total=44.7927 lr=0.000182614
2026-08-07 04:26:59 INFO  scripts.synthetic_model_comparison.training.training_pipeline | epoch 184/200 — train done in 13.4s | avg loss_box=0.4203 loss_cls=0.2493 loss_dfl=0.0104 loss_total=44.6817
2026-08-07 04:26:59 INFO  scripts.synthetic_model_comparison.training.evaluation | evaluating on 4 batches
2026-08-07 04:27:05 INFO  scripts.synthetic_model_comparison.training.training_pipeline | epoch 184/200 — val mAP50=0.9187 mAP50_95=0.6976 (selection mAP50_95=0.6976)
2026-08-07 04:27:05 INFO  scripts.synthetic_model_comparison.training.evaluation | mlflow: logged val/mAP50=0.9187 val/mAP50_95=0.6976 (step=183)
2026-08-07 04:27:06 INFO  scripts.synthetic_model_comparison.training.evaluation | mlflow: logged val per-class AP table (12 classes)
2026-08-07 04:27:06 INFO  scripts.synthetic_model_comparison.training.training_pipeline | saved checkpoint: /home/debian/Master-Thesis/scripts/synthetic_model_comparison/training/model_exports/yolo26n-gpt-image-2-medium-full-seed42-20260807-032734/last.pt
2026-08-07 04:27:06 INFO  scripts.synthetic_model_comparison.training.training_pipeline | epoch 184/200 done — next lr=0.000170379, epochs_since_improve=18/20
2026-08-07 04:27:06 INFO  scripts.synthetic_model_comparison.training.training_pipeline | epoch 185/200 — train start (lr=0.000170379, batches=15)
2026-08-07 04:27:18 INFO  scripts.synthetic_model_comparison.training.training_pipeline | epoch 185/200 — train done in 11.7s | avg loss_box=0.4226 loss_cls=0.2277 loss_dfl=0.0104 loss_total=43.5902
2026-08-07 04:27:18 INFO  scripts.synthetic_model_comparison.training.evaluation | evaluating on 4 batches
2026-08-07 04:27:24 INFO  scripts.synthetic_model_comparison.training.training_pipeline | epoch 185/200 — val mAP50=0.9169 mAP50_95=0.6991 (selection mAP50_95=0.6991)
2026-08-07 04:27:25 INFO  scripts.synthetic_model_comparison.training.evaluation | mlflow: logged val/mAP50=0.9169 val/mAP50_95=0.6991 (step=184)
2026-08-07 04:27:25 INFO  scripts.synthetic_model_comparison.training.evaluation | mlflow: logged val per-class AP table (12 classes)
2026-08-07 04:27:25 INFO  scripts.synthetic_model_comparison.training.training_pipeline | saved checkpoint: /home/debian/Master-Thesis/scripts/synthetic_model_comparison/training/model_exports/yolo26n-gpt-image-2-medium-full-seed42-20260807-032734/last.pt
2026-08-07 04:27:26 INFO  scripts.synthetic_model_comparison.training.training_pipeline | epoch 185/200 done — next lr=0.000150972, epochs_since_improve=19/20
2026-08-07 04:27:26 INFO  scripts.synthetic_model_comparison.training.training_pipeline | epoch 186/200 — train start (lr=0.000150972, batches=15)
2026-08-07 04:27:37 INFO  scripts.synthetic_model_comparison.training.training_pipeline | epoch 186/200 — train done in 11.7s | avg loss_box=0.4134 loss_cls=0.2389 loss_dfl=0.0100 loss_total=43.5929
2026-08-07 04:27:37 INFO  scripts.synthetic_model_comparison.training.evaluation | evaluating on 4 batches
2026-08-07 04:27:43 INFO  scripts.synthetic_model_comparison.training.training_pipeline | epoch 186/200 — val mAP50=0.9152 mAP50_95=0.6984 (selection mAP50_95=0.6984)
2026-08-07 04:27:44 INFO  scripts.synthetic_model_comparison.training.evaluation | mlflow: logged val/mAP50=0.9152 val/mAP50_95=0.6984 (step=185)
2026-08-07 04:27:44 INFO  scripts.synthetic_model_comparison.training.evaluation | mlflow: logged val per-class AP table (12 classes)
2026-08-07 04:27:44 INFO  scripts.synthetic_model_comparison.training.training_pipeline | saved checkpoint: /home/debian/Master-Thesis/scripts/synthetic_model_comparison/training/model_exports/yolo26n-gpt-image-2-medium-full-seed42-20260807-032734/last.pt
2026-08-07 04:27:44 INFO  scripts.synthetic_model_comparison.training.training_pipeline | epoch 186/200 done — next lr=0.000132799, epochs_since_improve=20/20
2026-08-07 04:27:44 INFO  scripts.synthetic_model_comparison.training.training_pipeline | early stopping at epoch 186 — no mAP50_95 improvement (>0.001) for 20 epochs
2026-08-07 04:27:45 INFO  scripts.synthetic_model_comparison.training.training_pipeline | saved checkpoint: /home/debian/Master-Thesis/scripts/synthetic_model_comparison/training/model_exports/yolo26n-gpt-image-2-medium-full-seed42-20260807-032734/last.pt
2026-08-07 04:27:45 INFO  scripts.synthetic_model_comparison.training.training_pipeline | training finished — loading best.pt for final test evaluation
2026-08-07 04:27:45 INFO  scripts.synthetic_model_comparison.training.training_pipeline | loaded best.pt (mAP50_95=0.7019 @ epoch 165)
2026-08-07 04:27:45 INFO  scripts.synthetic_model_comparison.training.evaluation | evaluating on 153 batches
2026-08-07 04:31:03 INFO  scripts.synthetic_model_comparison.training.training_pipeline | test mAP50=0.2206 mAP50_95=0.1372
2026-08-07 04:31:04 INFO  scripts.synthetic_model_comparison.training.evaluation | mlflow: logged test/mAP50=0.2206 test/mAP50_95=0.1372 (step=None)
2026-08-07 04:31:04 INFO  scripts.synthetic_model_comparison.training.evaluation | mlflow: logged test per-class AP table (12 classes)
2026-08-07 04:31:13 INFO  scripts.synthetic_model_comparison.training.training_pipeline | uploaded checkpoints to MLflow
2026-08-07 04:31:13 INFO  __main__ | === post-training full evaluation (limit=None) ===
2026-08-07 04:31:13 INFO  scripts.synthetic_model_comparison.training.eval_suite.run_evaluation | === evaluation (real-only) ===
2026-08-07 04:31:13 INFO  scripts.synthetic_model_comparison.training.eval_suite.run_evaluation | checkpoint=/home/debian/Master-Thesis/scripts/synthetic_model_comparison/training/model_exports/yolo26n-gpt-image-2-medium-full-seed42-20260807-032734/best.pt device=cuda output_dir=/home/debian/Master-Thesis/scripts/synthetic_model_comparison/training/model_exports/yolo26n-gpt-image-2-medium-full-seed42-20260807-032734/evaluation
2026-08-07 04:31:13 INFO  scripts.synthetic_model_comparison.training.eval_suite.run_evaluation | real_ann=/home/debian/Master-Thesis/data/synthetic_model_comparison/test/annotations_test.json max_det=100
2026-08-07 04:31:13 INFO  scripts.synthetic_model_comparison.training.dataset | dataset annotations_test.json: 9742 images, 9742 annotations, 12 classes
2026-08-07 04:31:13 INFO  scripts.synthetic_model_comparison.training.eval_suite.predict | loading checkpoint: /home/debian/Master-Thesis/scripts/synthetic_model_comparison/training/model_exports/yolo26n-gpt-image-2-medium-full-seed42-20260807-032734/best.pt
2026-08-07 04:31:14 INFO  scripts.synthetic_model_comparison.training.yolo26n_model | no pretrained weights — training from random initialization
2026-08-07 04:31:14 INFO  scripts.synthetic_model_comparison.training.yolo26n_model | model: yolo26n, nc=12, params=2.51M, device=cuda
2026-08-07 04:31:14 INFO  scripts.synthetic_model_comparison.training.eval_suite.predict | checkpoint format: training dict (state_dict under 'model' key)
2026-08-07 04:31:14 INFO  scripts.synthetic_model_comparison.training.eval_suite.predict | loaded 708/708 keys from checkpoint (skipped 0 shape-mismatched / missing)
2026-08-07 04:31:14 INFO  scripts.synthetic_model_comparison.training.eval_suite.predict | running inference: 9742 images, batch=64, max_det=100 (NMS-free: conf/iou thresholds unused)
2026-08-07 04:35:21 INFO  scripts.synthetic_model_comparison.training.eval_suite.predict | inference complete: 974200 predictions over 9742 images
2026-08-07 04:35:35 INFO  scripts.synthetic_model_comparison.training.eval_suite.predict | predictions written to /home/debian/Master-Thesis/scripts/synthetic_model_comparison/training/model_exports/yolo26n-gpt-image-2-medium-full-seed42-20260807-032734/evaluation/predictions_real.json
2026-08-07 04:35:35 INFO  scripts.synthetic_model_comparison.training.eval_suite.scoring | loading GT index from /home/debian/Master-Thesis/data/synthetic_model_comparison/test/annotations_test.json
2026-08-07 04:35:35 INFO  scripts.synthetic_model_comparison.training.eval_suite.scoring | GT index: 9742 images, 12 categories, 9742 annotated images
2026-08-07 04:35:35 INFO  scripts.synthetic_model_comparison.training.eval_suite.report | headline: real-test mAP (fine)
2026-08-07 04:37:19 INFO  scripts.synthetic_model_comparison.training.eval_suite.report | per-class AP table
2026-08-07 04:37:19 INFO  scripts.synthetic_model_comparison.training.eval_suite.report | within-look-alike-group confusion
2026-08-07 04:37:22 INFO  scripts.synthetic_model_comparison.training.eval_suite.report | wrote markdown report: /home/debian/Master-Thesis/scripts/synthetic_model_comparison/training/model_exports/yolo26n-gpt-image-2-medium-full-seed42-20260807-032734/evaluation/evaluation_report.md
2026-08-07 04:37:22 INFO  scripts.synthetic_model_comparison.training.eval_suite.report | wrote CSV artifacts: /home/debian/Master-Thesis/scripts/synthetic_model_comparison/training/model_exports/yolo26n-gpt-image-2-medium-full-seed42-20260807-032734/evaluation/eval_per_class.csv, /home/debian/Master-Thesis/scripts/synthetic_model_comparison/training/model_exports/yolo26n-gpt-image-2-medium-full-seed42-20260807-032734/evaluation/eval_confusion_pairs.csv
2026-08-07 04:37:22 INFO  scripts.synthetic_model_comparison.training.eval_suite.report | wrote JSON report: /home/debian/Master-Thesis/scripts/synthetic_model_comparison/training/model_exports/yolo26n-gpt-image-2-medium-full-seed42-20260807-032734/evaluation/evaluation_report.json
2026-08-07 04:37:26 INFO  scripts.synthetic_model_comparison.training.eval_suite.report | logged eval scalars to MLflow under 'eval/'
2026-08-07 04:37:27 INFO  scripts.synthetic_model_comparison.training.eval_suite.run_evaluation | evaluation complete — report at /home/debian/Master-Thesis/scripts/synthetic_model_comparison/training/model_exports/yolo26n-gpt-image-2-medium-full-seed42-20260807-032734/evaluation/evaluation_report.md
2026-08-07 04:37:28 INFO  __main__ | uploaded log artifact: /home/debian/Master-Thesis/scripts/synthetic_model_comparison/training/model_exports/yolo26n-gpt-image-2-medium-full-seed42-20260807-032734/yolo26n-gpt-image-2-medium-full-seed42-20260807-032734.log
