2026-09-09 23:10:35 INFO  __main__ | === teacher_finetune (SpeciesNet classifier) training run ===
2026-09-09 23:10:35 INFO  __main__ | run_name=teacher-finetune-ff0.75-bs64-20260909-231034 experiment=teacher-finetune-speciesnet225
2026-09-09 23:10:35 INFO  __main__ | mlflow tracking_uri=http://hetzner.taile550ef.ts.net:5000/
2026-09-09 23:10:35 INFO  __main__ | run dir: /app/scripts/training/teacher_finetune/model_exports/teacher-finetune-ff0.75-bs64-20260909-231034
2026-09-09 23:10:35 INFO  __main__ | log file: /app/scripts/training/teacher_finetune/model_exports/teacher-finetune-ff0.75-bs64-20260909-231034/teacher-finetune-ff0.75-bs64-20260909-231034.log
2026-09-09 23:10:36 INFO  __main__ | seed=42 device=cuda epochs=100 smoke=False
2026-09-09 23:10:37 INFO  absl | Loading model from /root/.cache/kagglehub/models/google/speciesnet/pyTorch/v4.0.3a/1/always_crop_99710272_22x8_v12_epoch_00148.pt.
2026-09-09 23:10:38 INFO  absl | Loaded SpeciesNetClassifier in 1.13 seconds on CUDA.
2026-09-09 23:10:38 INFO  scripts.training.teacher_finetune.teacher_model | froze 367/490 parameter tensors (fraction=0.75), 123 trainable
2026-09-09 23:10:38 INFO  scripts.training.teacher_finetune.teacher_model | model: speciesnet-classifier, nc=2498, params=52.71M (28.18M trainable), device=cuda
2026-09-09 23:10:40 INFO  scripts.training.teacher_finetune.dataset | dataset [annotations_train.json, annotations_train.json]: 197969 crops, 225 classes (merged)
2026-09-09 23:10:40 INFO  scripts.training.teacher_finetune.dataset | dataset [annotations_val.json, annotations_val.json]: 22274 crops, 225 classes (merged)
2026-09-09 23:10:42 INFO  scripts.training.teacher_finetune.dataset | dataset [annotations_test.json]: 92094 crops, 225 classes (merged)
2026-09-09 23:10:42 INFO  scripts.training.teacher_finetune.teacher_model | optimizer=AdamW lr=0.0001 weight_decay=0.0001 | trainable params=123
2026-09-09 23:10:42 INFO  scripts.training.teacher_finetune.teacher_model | scheduler: OneCycleLR(max_lr=0.0003, total_steps=309300, pct_start=0.03, div_factor=10, final_div_factor=100) — stepped per batch
2026-09-09 23:10:42 INFO  absl | Loading model from /root/.cache/kagglehub/models/google/speciesnet/pyTorch/v4.0.3a/1/always_crop_99710272_22x8_v12_epoch_00148.pt.
2026-09-09 23:10:43 INFO  absl | Loaded SpeciesNetClassifier in 0.79 seconds on CUDA.
2026-09-09 23:10:43 WARNING scripts.training.teacher_finetune.loss | 11 idx_225 classes have an EMPTY leaf group (no matching SpeciesNet leaf class) — samples with these labels are excluded from the loss (ignore_index-style), not treated as NaN. idx_225 set: [27, 74, 79, 120, 126, 164, 182, 188, 191, 212, 223]. See this module's docstring for the full class list/framing.
2026-09-09 23:10:43 INFO  scripts.training.teacher_finetune.loss | GroupedCrossEntropyLoss: 171 single-member groups (plain CE fast path), 43 multi-member groups (grouped CE), 11 empty (ignored)
2026-09-09 23:10:43 INFO  __main__ | run config:
2026-09-09 23:10:43 INFO  __main__ |   ANNOTATIONS_TEST = /app/data/real/annotations_test.json
2026-09-09 23:10:43 INFO  __main__ |   ANNOTATIONS_TRAIN = /app/data/real/annotations_train.json
2026-09-09 23:10:43 INFO  __main__ |   ANNOTATIONS_TRAIN_SYNTH = /app/data/synthetic/annotations_train.json
2026-09-09 23:10:43 INFO  __main__ |   ANNOTATIONS_VAL = /app/data/real/annotations_val.json
2026-09-09 23:10:43 INFO  __main__ |   ANNOTATIONS_VAL_SYNTH = /app/data/synthetic/annotations_val.json
2026-09-09 23:10:43 INFO  __main__ |   BATCH_SIZE = 64
2026-09-09 23:10:43 INFO  __main__ |   CLASSES_225_PATH = /app/reports/classes_225.csv
2026-09-09 23:10:43 INFO  __main__ |   DATA_ROOT = /app/data
2026-09-09 23:10:43 INFO  __main__ |   EARLY_STOP = True
2026-09-09 23:10:43 INFO  __main__ |   EARLY_STOP_MIN_DELTA = 0.001
2026-09-09 23:10:43 INFO  __main__ |   EARLY_STOP_PATIENCE = 15
2026-09-09 23:10:43 INFO  __main__ |   EPOCH_COUNT = 100
2026-09-09 23:10:43 INFO  __main__ |   FREEZE_PARAM_FRACTION = 0.75
2026-09-09 23:10:43 INFO  __main__ |   IMAGE_ROOT = /app
2026-09-09 23:10:43 INFO  __main__ |   IMAGE_SIZE = 480
2026-09-09 23:10:43 INFO  __main__ |   LEARNING_RATE = 0.0001
2026-09-09 23:10:43 INFO  __main__ |   MLFLOW_EXPERIMENT_DEFAULT = teacher-finetune-speciesnet225
2026-09-09 23:10:43 INFO  __main__ |   MLFLOW_LOG_EVERY_N_STEPS = 50
2026-09-09 23:10:43 INFO  __main__ |   NUM_CLASSES_225 = 225
2026-09-09 23:10:43 INFO  __main__ |   NUM_CLASSES_LEAF = 2498
2026-09-09 23:10:43 INFO  __main__ |   NUM_WORKERS = 8
2026-09-09 23:10:43 INFO  __main__ |   ONE_CYCLE_DIV_FACTOR = 10.0
2026-09-09 23:10:43 INFO  __main__ |   ONE_CYCLE_FINAL_DIV_FACTOR = 100.0
2026-09-09 23:10:43 INFO  __main__ |   ONE_CYCLE_MAX_LR = 0.0003
2026-09-09 23:10:43 INFO  __main__ |   ONE_CYCLE_PCT_START = 0.03
2026-09-09 23:10:43 INFO  __main__ |   OPTIMIZER = AdamW
2026-09-09 23:10:43 INFO  __main__ |   OUTPUT_DIR = /app/scripts/training/teacher_finetune/model_exports
2026-09-09 23:10:43 INFO  __main__ |   REPO_ROOT = /app
2026-09-09 23:10:43 INFO  __main__ |   SEED = 42
2026-09-09 23:10:43 INFO  __main__ |   SELECTION_METRIC = f1_macro
2026-09-09 23:10:43 INFO  __main__ |   TAXONOMY_PATH = /app/resources/speciesnet_taxonomy_release.txt
2026-09-09 23:10:43 INFO  __main__ |   USE_AMP = True
2026-09-09 23:10:43 INFO  __main__ |   USE_EMA = True
2026-09-09 23:10:43 INFO  __main__ |   WARMUP_EPOCHS = 3
2026-09-09 23:10:43 INFO  __main__ |   WEIGHT_DECAY = 0.0001
2026-09-09 23:10:43 INFO  __main__ |   dataset_size_test = 92094
2026-09-09 23:10:43 INFO  __main__ |   dataset_size_train = 197969
2026-09-09 23:10:43 INFO  __main__ |   dataset_size_val = 22274
2026-09-09 23:10:43 INFO  __main__ |   device = cuda
2026-09-09 23:10:43 INFO  __main__ |   epochs_actual = 100
2026-09-09 23:10:43 INFO  __main__ |   git_sha = 
2026-09-09 23:10:43 INFO  __main__ |   resume_from = 
2026-09-09 23:10:43 INFO  __main__ |   smoke = False
2026-09-09 23:10:43 INFO  scripts.training.teacher_finetune.training_pipeline | output dir: /app/scripts/training/teacher_finetune/model_exports/teacher-finetune-ff0.75-bs64-20260909-231034 | selection_metric=f1_macro early_stop=True(patience=15, min_delta=0.001) ema=True amp=True
2026-09-09 23:10:43 INFO  scripts.training.teacher_finetune.training_pipeline | starting training: ceiling=100 epochs | train_batches=3093 val_batches=349 test_batches=1439 | device=cuda
2026-09-09 23:10:43 INFO  scripts.training.teacher_finetune.training_pipeline | epoch 1/100 — train start (lr=3e-05, batches=3093)
2026-09-09 23:11:57 INFO  scripts.training.teacher_finetune.training_pipeline | step 50 | loss_grouped_ce=1.2559 lr=3.00201e-05
2026-09-09 23:12:43 INFO  scripts.training.teacher_finetune.training_pipeline | step 100 | loss_grouped_ce=0.8431 lr=3.00789e-05
2026-09-09 23:13:28 INFO  scripts.training.teacher_finetune.training_pipeline | step 150 | loss_grouped_ce=1.2072 lr=3.01764e-05
2026-09-09 23:14:12 INFO  scripts.training.teacher_finetune.training_pipeline | step 200 | loss_grouped_ce=0.6230 lr=3.03125e-05
2026-09-09 23:14:57 INFO  scripts.training.teacher_finetune.training_pipeline | step 250 | loss_grouped_ce=0.4395 lr=3.04873e-05
2026-09-09 23:15:42 INFO  scripts.training.teacher_finetune.training_pipeline | step 300 | loss_grouped_ce=0.9244 lr=3.07006e-05
2026-09-09 23:16:31 INFO  scripts.training.teacher_finetune.training_pipeline | step 350 | loss_grouped_ce=0.4067 lr=3.09524e-05
2026-09-09 23:17:22 INFO  scripts.training.teacher_finetune.training_pipeline | step 400 | loss_grouped_ce=0.3850 lr=3.12426e-05
2026-09-09 23:18:13 INFO  scripts.training.teacher_finetune.training_pipeline | step 450 | loss_grouped_ce=0.8818 lr=3.15711e-05
2026-09-09 23:19:02 INFO  scripts.training.teacher_finetune.training_pipeline | step 500 | loss_grouped_ce=0.6499 lr=3.19379e-05
2026-09-09 23:19:51 INFO  scripts.training.teacher_finetune.training_pipeline | step 550 | loss_grouped_ce=0.8773 lr=3.23428e-05
2026-09-09 23:20:43 INFO  scripts.training.teacher_finetune.training_pipeline | step 600 | loss_grouped_ce=0.3379 lr=3.27858e-05
2026-09-09 23:21:28 INFO  scripts.training.teacher_finetune.training_pipeline | step 650 | loss_grouped_ce=0.4815 lr=3.32666e-05
2026-09-09 23:22:12 INFO  scripts.training.teacher_finetune.training_pipeline | step 700 | loss_grouped_ce=0.4351 lr=3.37852e-05
2026-09-09 23:23:04 INFO  scripts.training.teacher_finetune.training_pipeline | step 750 | loss_grouped_ce=0.3074 lr=3.43414e-05
2026-09-09 23:23:40 INFO  scripts.training.teacher_finetune.training_pipeline | step 800 | loss_grouped_ce=0.1618 lr=3.49351e-05
2026-09-09 23:24:19 INFO  scripts.training.teacher_finetune.training_pipeline | step 850 | loss_grouped_ce=0.6719 lr=3.5566e-05
2026-09-09 23:25:05 INFO  scripts.training.teacher_finetune.training_pipeline | step 900 | loss_grouped_ce=0.3207 lr=3.62341e-05
2026-09-09 23:25:51 INFO  scripts.training.teacher_finetune.training_pipeline | step 950 | loss_grouped_ce=0.9309 lr=3.6939e-05
2026-09-09 23:26:43 INFO  scripts.training.teacher_finetune.training_pipeline | step 1000 | loss_grouped_ce=0.6211 lr=3.76807e-05
2026-09-09 23:27:32 INFO  scripts.training.teacher_finetune.training_pipeline | step 1050 | loss_grouped_ce=0.3689 lr=3.84589e-05
2026-09-09 23:28:20 INFO  scripts.training.teacher_finetune.training_pipeline | step 1100 | loss_grouped_ce=0.3776 lr=3.92733e-05
2026-09-09 23:29:07 INFO  scripts.training.teacher_finetune.training_pipeline | step 1150 | loss_grouped_ce=0.3087 lr=4.01237e-05
2026-09-09 23:29:48 INFO  scripts.training.teacher_finetune.training_pipeline | step 1200 | loss_grouped_ce=0.3417 lr=4.101e-05
2026-09-09 23:30:37 INFO  scripts.training.teacher_finetune.training_pipeline | step 1250 | loss_grouped_ce=0.3931 lr=4.19318e-05
2026-09-09 23:31:21 INFO  scripts.training.teacher_finetune.training_pipeline | step 1300 | loss_grouped_ce=0.5351 lr=4.28889e-05
2026-09-09 23:32:10 INFO  scripts.training.teacher_finetune.training_pipeline | step 1350 | loss_grouped_ce=0.4106 lr=4.38809e-05
2026-09-09 23:33:02 INFO  scripts.training.teacher_finetune.training_pipeline | step 1400 | loss_grouped_ce=0.5083 lr=4.49077e-05
2026-09-09 23:33:45 INFO  scripts.training.teacher_finetune.training_pipeline | step 1450 | loss_grouped_ce=0.2873 lr=4.59689e-05
2026-09-09 23:34:37 INFO  scripts.training.teacher_finetune.training_pipeline | step 1500 | loss_grouped_ce=0.3037 lr=4.70642e-05
2026-09-09 23:35:21 INFO  scripts.training.teacher_finetune.training_pipeline | step 1550 | loss_grouped_ce=0.5710 lr=4.81934e-05
2026-09-09 23:36:19 INFO  scripts.training.teacher_finetune.training_pipeline | step 1600 | loss_grouped_ce=0.3182 lr=4.9356e-05
2026-09-09 23:37:01 INFO  scripts.training.teacher_finetune.training_pipeline | step 1650 | loss_grouped_ce=0.7996 lr=5.05517e-05
2026-09-09 23:37:47 INFO  scripts.training.teacher_finetune.training_pipeline | step 1700 | loss_grouped_ce=0.2181 lr=5.17803e-05
2026-09-09 23:38:37 INFO  scripts.training.teacher_finetune.training_pipeline | step 1750 | loss_grouped_ce=0.4997 lr=5.30413e-05
2026-09-09 23:39:21 INFO  scripts.training.teacher_finetune.training_pipeline | step 1800 | loss_grouped_ce=0.3945 lr=5.43344e-05
2026-09-09 23:40:14 INFO  scripts.training.teacher_finetune.training_pipeline | step 1850 | loss_grouped_ce=0.4376 lr=5.56592e-05
2026-09-09 23:40:58 INFO  scripts.training.teacher_finetune.training_pipeline | step 1900 | loss_grouped_ce=0.5675 lr=5.70154e-05
2026-09-09 23:41:41 INFO  scripts.training.teacher_finetune.training_pipeline | step 1950 | loss_grouped_ce=0.5349 lr=5.84025e-05
2026-09-09 23:42:33 INFO  scripts.training.teacher_finetune.training_pipeline | step 2000 | loss_grouped_ce=0.3306 lr=5.98202e-05
2026-09-09 23:43:20 INFO  scripts.training.teacher_finetune.training_pipeline | step 2050 | loss_grouped_ce=0.7101 lr=6.1268e-05
2026-09-09 23:44:02 INFO  scripts.training.teacher_finetune.training_pipeline | step 2100 | loss_grouped_ce=0.2146 lr=6.27456e-05
2026-09-09 23:44:43 INFO  scripts.training.teacher_finetune.training_pipeline | step 2150 | loss_grouped_ce=0.4001 lr=6.42524e-05
2026-09-09 23:45:30 INFO  scripts.training.teacher_finetune.training_pipeline | step 2200 | loss_grouped_ce=0.4055 lr=6.57881e-05
2026-09-09 23:46:13 INFO  scripts.training.teacher_finetune.training_pipeline | step 2250 | loss_grouped_ce=0.6662 lr=6.73523e-05
2026-09-09 23:47:03 INFO  scripts.training.teacher_finetune.training_pipeline | step 2300 | loss_grouped_ce=0.5347 lr=6.89445e-05
2026-09-09 23:47:52 INFO  scripts.training.teacher_finetune.training_pipeline | step 2350 | loss_grouped_ce=0.2004 lr=7.05642e-05
2026-09-09 23:48:39 INFO  scripts.training.teacher_finetune.training_pipeline | step 2400 | loss_grouped_ce=0.1693 lr=7.22109e-05
2026-09-09 23:49:24 INFO  scripts.training.teacher_finetune.training_pipeline | step 2450 | loss_grouped_ce=0.7012 lr=7.38843e-05
2026-09-09 23:50:02 INFO  scripts.training.teacher_finetune.training_pipeline | step 2500 | loss_grouped_ce=0.2443 lr=7.55838e-05
2026-09-09 23:50:46 INFO  scripts.training.teacher_finetune.training_pipeline | step 2550 | loss_grouped_ce=0.5372 lr=7.73089e-05
2026-09-09 23:51:36 INFO  scripts.training.teacher_finetune.training_pipeline | step 2600 | loss_grouped_ce=0.2250 lr=7.90591e-05
2026-09-09 23:52:22 INFO  scripts.training.teacher_finetune.training_pipeline | step 2650 | loss_grouped_ce=0.2487 lr=8.0834e-05
2026-09-09 23:53:08 INFO  scripts.training.teacher_finetune.training_pipeline | step 2700 | loss_grouped_ce=0.3491 lr=8.2633e-05
2026-09-09 23:53:58 INFO  scripts.training.teacher_finetune.training_pipeline | step 2750 | loss_grouped_ce=0.5986 lr=8.44556e-05
2026-09-09 23:54:44 INFO  scripts.training.teacher_finetune.training_pipeline | step 2800 | loss_grouped_ce=0.3750 lr=8.63013e-05
2026-09-09 23:55:34 INFO  scripts.training.teacher_finetune.training_pipeline | step 2850 | loss_grouped_ce=0.5834 lr=8.81695e-05
2026-09-09 23:56:19 INFO  scripts.training.teacher_finetune.training_pipeline | step 2900 | loss_grouped_ce=0.3248 lr=9.00598e-05
2026-09-09 23:57:08 INFO  scripts.training.teacher_finetune.training_pipeline | step 2950 | loss_grouped_ce=0.4411 lr=9.19715e-05
2026-09-09 23:57:59 INFO  scripts.training.teacher_finetune.training_pipeline | step 3000 | loss_grouped_ce=0.3023 lr=9.39042e-05
2026-09-09 23:58:48 INFO  scripts.training.teacher_finetune.training_pipeline | step 3050 | loss_grouped_ce=0.2691 lr=9.58573e-05
2026-09-09 23:59:24 INFO  scripts.training.teacher_finetune.training_pipeline | epoch 1/100 — train done in 2921.2s | avg loss_grouped_ce=0.4556 | skipped=0/3093 batches (non-finite)
2026-09-09 23:59:24 INFO  scripts.training.teacher_finetune.evaluate | evaluating on 349 batches
2026-09-10 00:08:29 INFO  scripts.training.teacher_finetune.training_pipeline | epoch 1/100 — val accuracy_top1=0.7721 f1_macro=0.7710 f1_micro=0.7721 (selection f1_macro=0.7710)
2026-09-10 00:08:30 INFO  scripts.training.teacher_finetune.evaluate | mlflow: logged val/accuracy_top1=0.7721 val/f1_macro=0.7710 val/f1_micro=0.7721 (step=0, n=22274)
2026-09-10 00:08:31 INFO  scripts.training.teacher_finetune.evaluate | mlflow: logged val per-source accuracy table (7 sources)
2026-09-10 00:08:33 INFO  scripts.training.teacher_finetune.training_pipeline | saved checkpoint: /app/scripts/training/teacher_finetune/model_exports/teacher-finetune-ff0.75-bs64-20260909-231034/best.pt
2026-09-10 00:08:33 INFO  scripts.training.teacher_finetune.training_pipeline | new best f1_macro=0.7710 at epoch 1
2026-09-10 00:08:35 INFO  scripts.training.teacher_finetune.training_pipeline | saved checkpoint: /app/scripts/training/teacher_finetune/model_exports/teacher-finetune-ff0.75-bs64-20260909-231034/last.pt
2026-09-10 00:08:35 INFO  scripts.training.teacher_finetune.training_pipeline | epoch 1/100 done — next lr=9.75132e-05, epochs_since_improve=0/15
2026-09-10 00:08:35 INFO  scripts.training.teacher_finetune.training_pipeline | epoch 2/100 — train start (lr=9.75132e-05, batches=3093)
2026-09-10 00:09:30 INFO  scripts.training.teacher_finetune.training_pipeline | step 3100 | loss_grouped_ce=0.5244 lr=9.78302e-05
2026-09-10 00:10:22 INFO  scripts.training.teacher_finetune.training_pipeline | step 3150 | loss_grouped_ce=0.3038 lr=9.98223e-05
2026-09-10 00:11:09 INFO  scripts.training.teacher_finetune.training_pipeline | step 3200 | loss_grouped_ce=0.2394 lr=0.000101833
2026-09-10 00:12:07 INFO  scripts.training.teacher_finetune.training_pipeline | step 3250 | loss_grouped_ce=0.3079 lr=0.000103862
2026-09-10 00:13:04 INFO  scripts.training.teacher_finetune.training_pipeline | step 3300 | loss_grouped_ce=0.4649 lr=0.000105908
2026-09-10 00:13:54 INFO  scripts.training.teacher_finetune.training_pipeline | step 3350 | loss_grouped_ce=0.2245 lr=0.000107972
2026-09-10 00:14:41 INFO  scripts.training.teacher_finetune.training_pipeline | step 3400 | loss_grouped_ce=0.5938 lr=0.000110052
2026-09-10 00:15:31 INFO  scripts.training.teacher_finetune.training_pipeline | step 3450 | loss_grouped_ce=0.1169 lr=0.000112147
2026-09-10 00:16:18 INFO  scripts.training.teacher_finetune.training_pipeline | step 3500 | loss_grouped_ce=0.5485 lr=0.000114258
2026-09-10 00:17:05 INFO  scripts.training.teacher_finetune.training_pipeline | step 3550 | loss_grouped_ce=0.1773 lr=0.000116383
2026-09-10 00:17:55 INFO  scripts.training.teacher_finetune.training_pipeline | step 3600 | loss_grouped_ce=0.3399 lr=0.000118522
2026-09-10 00:18:37 INFO  scripts.training.teacher_finetune.training_pipeline | step 3650 | loss_grouped_ce=0.2658 lr=0.000120674
2026-09-10 00:19:26 INFO  scripts.training.teacher_finetune.training_pipeline | step 3700 | loss_grouped_ce=0.2762 lr=0.00012284
2026-09-10 00:20:18 INFO  scripts.training.teacher_finetune.training_pipeline | step 3750 | loss_grouped_ce=0.2656 lr=0.000125017
2026-09-10 00:21:03 INFO  scripts.training.teacher_finetune.training_pipeline | step 3800 | loss_grouped_ce=0.2652 lr=0.000127205
2026-09-10 00:21:51 INFO  scripts.training.teacher_finetune.training_pipeline | step 3850 | loss_grouped_ce=0.1980 lr=0.000129405
2026-09-10 00:22:34 INFO  scripts.training.teacher_finetune.training_pipeline | step 3900 | loss_grouped_ce=0.2440 lr=0.000131615
2026-09-10 00:23:21 INFO  scripts.training.teacher_finetune.training_pipeline | step 3950 | loss_grouped_ce=0.3926 lr=0.000133834
2026-09-10 00:24:02 INFO  scripts.training.teacher_finetune.training_pipeline | step 4000 | loss_grouped_ce=0.3717 lr=0.000136062
2026-09-10 00:24:45 INFO  scripts.training.teacher_finetune.training_pipeline | step 4050 | loss_grouped_ce=0.2065 lr=0.000138299
2026-09-10 00:25:28 INFO  scripts.training.teacher_finetune.training_pipeline | step 4100 | loss_grouped_ce=0.3987 lr=0.000140543
2026-09-10 00:26:11 INFO  scripts.training.teacher_finetune.training_pipeline | step 4150 | loss_grouped_ce=0.4370 lr=0.000142794
2026-09-10 00:26:55 INFO  scripts.training.teacher_finetune.training_pipeline | step 4200 | loss_grouped_ce=0.3101 lr=0.000145052
2026-09-10 00:27:45 INFO  scripts.training.teacher_finetune.training_pipeline | step 4250 | loss_grouped_ce=0.7641 lr=0.000147315
2026-09-10 00:28:28 INFO  scripts.training.teacher_finetune.training_pipeline | step 4300 | loss_grouped_ce=0.4608 lr=0.000149583
2026-09-10 00:29:15 INFO  scripts.training.teacher_finetune.training_pipeline | step 4350 | loss_grouped_ce=0.6239 lr=0.000151856
2026-09-10 00:30:04 INFO  scripts.training.teacher_finetune.training_pipeline | step 4400 | loss_grouped_ce=0.7524 lr=0.000154132
2026-09-10 00:30:51 INFO  scripts.training.teacher_finetune.training_pipeline | step 4450 | loss_grouped_ce=0.3153 lr=0.000156412
2026-09-10 00:31:39 INFO  scripts.training.teacher_finetune.training_pipeline | step 4500 | loss_grouped_ce=0.1557 lr=0.000158694
2026-09-10 00:32:26 INFO  scripts.training.teacher_finetune.training_pipeline | step 4550 | loss_grouped_ce=0.3911 lr=0.000160978
2026-09-10 00:33:16 INFO  scripts.training.teacher_finetune.training_pipeline | step 4600 | loss_grouped_ce=0.2838 lr=0.000163263
2026-09-10 00:34:01 INFO  scripts.training.teacher_finetune.training_pipeline | step 4650 | loss_grouped_ce=0.3076 lr=0.000165549
2026-09-10 00:34:48 INFO  scripts.training.teacher_finetune.training_pipeline | step 4700 | loss_grouped_ce=0.9618 lr=0.000167834
2026-09-10 00:35:37 INFO  scripts.training.teacher_finetune.training_pipeline | step 4750 | loss_grouped_ce=0.2198 lr=0.000170119
2026-09-10 00:36:22 INFO  scripts.training.teacher_finetune.training_pipeline | step 4800 | loss_grouped_ce=0.2218 lr=0.000172402
2026-09-10 00:37:05 INFO  scripts.training.teacher_finetune.training_pipeline | step 4850 | loss_grouped_ce=0.6497 lr=0.000174683
2026-09-10 00:37:52 INFO  scripts.training.teacher_finetune.training_pipeline | step 4900 | loss_grouped_ce=0.2826 lr=0.000176961
2026-09-10 00:38:38 INFO  scripts.training.teacher_finetune.training_pipeline | step 4950 | loss_grouped_ce=0.6626 lr=0.000179236
2026-09-10 00:39:24 INFO  scripts.training.teacher_finetune.training_pipeline | step 5000 | loss_grouped_ce=0.3199 lr=0.000181506
2026-09-10 00:40:11 INFO  scripts.training.teacher_finetune.training_pipeline | step 5050 | loss_grouped_ce=0.5123 lr=0.000183772
2026-09-10 00:40:56 INFO  scripts.training.teacher_finetune.training_pipeline | step 5100 | loss_grouped_ce=0.6913 lr=0.000186033
2026-09-10 00:41:41 INFO  scripts.training.teacher_finetune.training_pipeline | step 5150 | loss_grouped_ce=0.4261 lr=0.000188287
2026-09-10 00:42:39 INFO  scripts.training.teacher_finetune.training_pipeline | step 5200 | loss_grouped_ce=0.2040 lr=0.000190535
2026-09-10 00:43:27 INFO  scripts.training.teacher_finetune.training_pipeline | step 5250 | loss_grouped_ce=0.5206 lr=0.000192776
2026-09-10 00:44:17 INFO  scripts.training.teacher_finetune.training_pipeline | step 5300 | loss_grouped_ce=0.4911 lr=0.000195008
2026-09-10 00:44:59 INFO  scripts.training.teacher_finetune.training_pipeline | step 5350 | loss_grouped_ce=0.4526 lr=0.000197232
2026-09-10 00:45:42 INFO  scripts.training.teacher_finetune.training_pipeline | step 5400 | loss_grouped_ce=0.4197 lr=0.000199447
2026-09-10 00:46:29 INFO  scripts.training.teacher_finetune.training_pipeline | step 5450 | loss_grouped_ce=0.5119 lr=0.000201652
2026-09-10 00:47:16 INFO  scripts.training.teacher_finetune.training_pipeline | step 5500 | loss_grouped_ce=0.1425 lr=0.000203847
2026-09-10 00:47:58 INFO  scripts.training.teacher_finetune.training_pipeline | step 5550 | loss_grouped_ce=0.8977 lr=0.00020603
2026-09-10 00:48:47 INFO  scripts.training.teacher_finetune.training_pipeline | step 5600 | loss_grouped_ce=0.3193 lr=0.000208201
2026-09-10 00:49:34 INFO  scripts.training.teacher_finetune.training_pipeline | step 5650 | loss_grouped_ce=0.5212 lr=0.00021036
2026-09-10 00:50:19 INFO  scripts.training.teacher_finetune.training_pipeline | step 5700 | loss_grouped_ce=0.3258 lr=0.000212507
2026-09-10 00:51:08 INFO  scripts.training.teacher_finetune.training_pipeline | step 5750 | loss_grouped_ce=0.3271 lr=0.000214639
2026-09-10 00:51:53 INFO  scripts.training.teacher_finetune.training_pipeline | step 5800 | loss_grouped_ce=0.6546 lr=0.000216757
2026-09-10 00:52:44 INFO  scripts.training.teacher_finetune.training_pipeline | step 5850 | loss_grouped_ce=0.4604 lr=0.000218861
2026-09-10 00:53:28 INFO  scripts.training.teacher_finetune.training_pipeline | step 5900 | loss_grouped_ce=0.5385 lr=0.000220949
2026-09-10 00:54:13 INFO  scripts.training.teacher_finetune.training_pipeline | step 5950 | loss_grouped_ce=0.4781 lr=0.000223021
2026-09-10 00:55:01 INFO  scripts.training.teacher_finetune.training_pipeline | step 6000 | loss_grouped_ce=0.2686 lr=0.000225076
2026-09-10 00:55:45 INFO  scripts.training.teacher_finetune.training_pipeline | step 6050 | loss_grouped_ce=0.8463 lr=0.000227114
2026-09-10 00:56:33 INFO  scripts.training.teacher_finetune.training_pipeline | step 6100 | loss_grouped_ce=0.3926 lr=0.000229134
2026-09-10 00:57:20 INFO  scripts.training.teacher_finetune.training_pipeline | step 6150 | loss_grouped_ce=0.2913 lr=0.000231136
2026-09-10 00:57:47 INFO  scripts.training.teacher_finetune.training_pipeline | epoch 2/100 — train done in 2952.2s | avg loss_grouped_ce=0.3979 | skipped=0/3093 batches (non-finite)
2026-09-10 00:57:47 INFO  scripts.training.teacher_finetune.evaluate | evaluating on 349 batches
2026-09-10 01:06:16 INFO  scripts.training.teacher_finetune.training_pipeline | epoch 2/100 — val accuracy_top1=0.7912 f1_macro=0.7974 f1_micro=0.7912 (selection f1_macro=0.7974)
2026-09-10 01:06:17 INFO  scripts.training.teacher_finetune.evaluate | mlflow: logged val/accuracy_top1=0.7912 val/f1_macro=0.7974 val/f1_micro=0.7912 (step=1, n=22274)
2026-09-10 01:06:17 INFO  scripts.training.teacher_finetune.evaluate | mlflow: logged val per-source accuracy table (7 sources)
2026-09-10 01:06:19 INFO  scripts.training.teacher_finetune.training_pipeline | saved checkpoint: /app/scripts/training/teacher_finetune/model_exports/teacher-finetune-ff0.75-bs64-20260909-231034/best.pt
2026-09-10 01:06:19 INFO  scripts.training.teacher_finetune.training_pipeline | new best f1_macro=0.7974 at epoch 2
2026-09-10 01:06:23 INFO  scripts.training.teacher_finetune.training_pipeline | saved checkpoint: /app/scripts/training/teacher_finetune/model_exports/teacher-finetune-ff0.75-bs64-20260909-231034/last.pt
2026-09-10 01:06:23 INFO  scripts.training.teacher_finetune.training_pipeline | epoch 2/100 done — next lr=0.000232526, epochs_since_improve=0/15
2026-09-10 01:06:23 INFO  scripts.training.teacher_finetune.training_pipeline | epoch 3/100 — train start (lr=0.000232526, batches=3093)
2026-09-10 01:06:51 INFO  scripts.training.teacher_finetune.training_pipeline | step 6200 | loss_grouped_ce=0.4161 lr=0.000233119
2026-09-10 01:07:55 INFO  scripts.training.teacher_finetune.training_pipeline | step 6250 | loss_grouped_ce=0.3984 lr=0.000235083
2026-09-10 01:08:44 INFO  scripts.training.teacher_finetune.training_pipeline | step 6300 | loss_grouped_ce=0.4172 lr=0.000237026
2026-09-10 01:09:34 INFO  scripts.training.teacher_finetune.training_pipeline | step 6350 | loss_grouped_ce=0.3695 lr=0.000238949
2026-09-10 01:10:25 INFO  scripts.training.teacher_finetune.training_pipeline | step 6400 | loss_grouped_ce=0.1068 lr=0.00024085
2026-09-10 01:11:23 INFO  scripts.training.teacher_finetune.training_pipeline | step 6450 | loss_grouped_ce=0.2433 lr=0.00024273
2026-09-10 01:12:13 INFO  scripts.training.teacher_finetune.training_pipeline | step 6500 | loss_grouped_ce=0.2721 lr=0.000244588
2026-09-10 01:13:02 INFO  scripts.training.teacher_finetune.training_pipeline | step 6550 | loss_grouped_ce=0.3168 lr=0.000246422
2026-09-10 01:13:49 INFO  scripts.training.teacher_finetune.training_pipeline | step 6600 | loss_grouped_ce=0.6648 lr=0.000248234
2026-09-10 01:14:29 INFO  scripts.training.teacher_finetune.training_pipeline | step 6650 | loss_grouped_ce=0.2583 lr=0.000250021
2026-09-10 01:15:15 INFO  scripts.training.teacher_finetune.training_pipeline | step 6700 | loss_grouped_ce=0.4393 lr=0.000251784
2026-09-10 01:16:00 INFO  scripts.training.teacher_finetune.training_pipeline | step 6750 | loss_grouped_ce=0.2739 lr=0.000253522
2026-09-10 01:16:41 INFO  scripts.training.teacher_finetune.training_pipeline | step 6800 | loss_grouped_ce=0.4442 lr=0.000255235
2026-09-10 01:17:28 INFO  scripts.training.teacher_finetune.training_pipeline | step 6850 | loss_grouped_ce=0.3827 lr=0.000256922
2026-09-10 01:18:17 INFO  scripts.training.teacher_finetune.training_pipeline | step 6900 | loss_grouped_ce=0.3759 lr=0.000258583
2026-09-10 01:19:07 INFO  scripts.training.teacher_finetune.training_pipeline | step 6950 | loss_grouped_ce=0.4209 lr=0.000260217
2026-09-10 01:19:57 INFO  scripts.training.teacher_finetune.training_pipeline | step 7000 | loss_grouped_ce=0.5885 lr=0.000261823
2026-09-10 01:20:39 INFO  scripts.training.teacher_finetune.training_pipeline | step 7050 | loss_grouped_ce=0.2937 lr=0.000263402
2026-09-10 01:21:30 INFO  scripts.training.teacher_finetune.training_pipeline | step 7100 | loss_grouped_ce=0.3289 lr=0.000264953
2026-09-10 01:22:14 INFO  scripts.training.teacher_finetune.training_pipeline | step 7150 | loss_grouped_ce=0.2281 lr=0.000266475
2026-09-10 01:23:07 INFO  scripts.training.teacher_finetune.training_pipeline | step 7200 | loss_grouped_ce=0.2165 lr=0.000267967
2026-09-10 01:23:50 INFO  scripts.training.teacher_finetune.training_pipeline | step 7250 | loss_grouped_ce=0.4738 lr=0.000269431
2026-09-10 01:24:34 INFO  scripts.training.teacher_finetune.training_pipeline | step 7300 | loss_grouped_ce=0.6415 lr=0.000270864
2026-09-10 01:25:16 INFO  scripts.training.teacher_finetune.training_pipeline | step 7350 | loss_grouped_ce=0.2594 lr=0.000272267
2026-09-10 01:26:05 INFO  scripts.training.teacher_finetune.training_pipeline | step 7400 | loss_grouped_ce=0.4075 lr=0.000273639
2026-09-10 01:26:50 INFO  scripts.training.teacher_finetune.training_pipeline | step 7450 | loss_grouped_ce=0.2449 lr=0.000274981
2026-09-10 01:27:37 INFO  scripts.training.teacher_finetune.training_pipeline | step 7500 | loss_grouped_ce=0.2170 lr=0.00027629
2026-09-10 01:28:22 INFO  scripts.training.teacher_finetune.training_pipeline | step 7550 | loss_grouped_ce=0.2991 lr=0.000277568
2026-09-10 01:29:06 INFO  scripts.training.teacher_finetune.training_pipeline | step 7600 | loss_grouped_ce=0.2993 lr=0.000278813
2026-09-10 01:29:51 INFO  scripts.training.teacher_finetune.training_pipeline | step 7650 | loss_grouped_ce=0.2193 lr=0.000280026
2026-09-10 01:30:36 INFO  scripts.training.teacher_finetune.training_pipeline | step 7700 | loss_grouped_ce=0.5384 lr=0.000281206
2026-09-10 01:31:20 INFO  scripts.training.teacher_finetune.training_pipeline | step 7750 | loss_grouped_ce=0.4711 lr=0.000282353
2026-09-10 01:32:06 INFO  scripts.training.teacher_finetune.training_pipeline | step 7800 | loss_grouped_ce=0.2266 lr=0.000283466
2026-09-10 01:32:53 INFO  scripts.training.teacher_finetune.training_pipeline | step 7850 | loss_grouped_ce=0.3161 lr=0.000284545
2026-09-10 01:33:37 INFO  scripts.training.teacher_finetune.training_pipeline | step 7900 | loss_grouped_ce=0.4133 lr=0.000285589
2026-09-10 01:34:22 INFO  scripts.training.teacher_finetune.training_pipeline | step 7950 | loss_grouped_ce=0.1720 lr=0.0002866
2026-09-10 01:35:14 INFO  scripts.training.teacher_finetune.training_pipeline | step 8000 | loss_grouped_ce=0.3007 lr=0.000287575
2026-09-10 01:35:57 INFO  scripts.training.teacher_finetune.training_pipeline | step 8050 | loss_grouped_ce=0.2574 lr=0.000288515
2026-09-10 01:36:42 INFO  scripts.training.teacher_finetune.training_pipeline | step 8100 | loss_grouped_ce=0.3399 lr=0.00028942
2026-09-10 01:37:29 INFO  scripts.training.teacher_finetune.training_pipeline | step 8150 | loss_grouped_ce=0.4185 lr=0.000290289
2026-09-10 01:38:15 INFO  scripts.training.teacher_finetune.training_pipeline | step 8200 | loss_grouped_ce=0.3117 lr=0.000291122
2026-09-10 01:38:59 INFO  scripts.training.teacher_finetune.training_pipeline | step 8250 | loss_grouped_ce=0.4552 lr=0.000291919
2026-09-10 01:39:43 INFO  scripts.training.teacher_finetune.training_pipeline | step 8300 | loss_grouped_ce=0.3363 lr=0.00029268
2026-09-10 01:40:28 INFO  scripts.training.teacher_finetune.training_pipeline | step 8350 | loss_grouped_ce=0.2015 lr=0.000293404
2026-09-10 01:41:17 INFO  scripts.training.teacher_finetune.training_pipeline | step 8400 | loss_grouped_ce=0.4423 lr=0.000294091
2026-09-10 01:42:02 INFO  scripts.training.teacher_finetune.training_pipeline | step 8450 | loss_grouped_ce=0.2227 lr=0.000294741
2026-09-10 01:42:48 INFO  scripts.training.teacher_finetune.training_pipeline | step 8500 | loss_grouped_ce=0.4456 lr=0.000295355
2026-09-10 01:43:27 INFO  scripts.training.teacher_finetune.training_pipeline | step 8550 | loss_grouped_ce=0.2659 lr=0.00029593
2026-09-10 01:44:11 INFO  scripts.training.teacher_finetune.training_pipeline | step 8600 | loss_grouped_ce=0.2609 lr=0.000296468
2026-09-10 01:44:56 INFO  scripts.training.teacher_finetune.training_pipeline | step 8650 | loss_grouped_ce=0.5974 lr=0.000296969
2026-09-10 01:45:44 INFO  scripts.training.teacher_finetune.training_pipeline | step 8700 | loss_grouped_ce=0.2843 lr=0.000297432
2026-09-10 01:46:28 INFO  scripts.training.teacher_finetune.training_pipeline | step 8750 | loss_grouped_ce=0.2268 lr=0.000297856
2026-09-10 01:47:14 INFO  scripts.training.teacher_finetune.training_pipeline | step 8800 | loss_grouped_ce=0.4182 lr=0.000298243
2026-09-10 01:47:59 INFO  scripts.training.teacher_finetune.training_pipeline | step 8850 | loss_grouped_ce=0.4257 lr=0.000298591
2026-09-10 01:48:46 INFO  scripts.training.teacher_finetune.training_pipeline | step 8900 | loss_grouped_ce=0.6242 lr=0.000298902
2026-09-10 01:49:31 INFO  scripts.training.teacher_finetune.training_pipeline | step 8950 | loss_grouped_ce=0.0896 lr=0.000299173
2026-09-10 01:50:15 INFO  scripts.training.teacher_finetune.training_pipeline | step 9000 | loss_grouped_ce=0.1951 lr=0.000299407
2026-09-10 01:50:59 INFO  scripts.training.teacher_finetune.training_pipeline | step 9050 | loss_grouped_ce=0.2661 lr=0.000299601
2026-09-10 01:51:45 INFO  scripts.training.teacher_finetune.training_pipeline | step 9100 | loss_grouped_ce=0.5083 lr=0.000299758
2026-09-10 01:52:31 INFO  scripts.training.teacher_finetune.training_pipeline | step 9150 | loss_grouped_ce=0.3771 lr=0.000299875
2026-09-10 01:53:13 INFO  scripts.training.teacher_finetune.training_pipeline | step 9200 | loss_grouped_ce=0.2260 lr=0.000299954
2026-09-10 01:54:02 INFO  scripts.training.teacher_finetune.training_pipeline | step 9250 | loss_grouped_ce=0.2513 lr=0.000299994
2026-09-10 01:54:24 INFO  scripts.training.teacher_finetune.training_pipeline | epoch 3/100 — train done in 2880.9s | avg loss_grouped_ce=0.3613 | skipped=0/3093 batches (non-finite)
2026-09-10 01:54:24 INFO  scripts.training.teacher_finetune.evaluate | evaluating on 349 batches
2026-09-10 02:02:55 INFO  scripts.training.teacher_finetune.training_pipeline | epoch 3/100 — val accuracy_top1=0.8087 f1_macro=0.8150 f1_micro=0.8087 (selection f1_macro=0.8150)
2026-09-10 02:02:57 INFO  scripts.training.teacher_finetune.evaluate | mlflow: logged val/accuracy_top1=0.8087 val/f1_macro=0.8150 val/f1_micro=0.8087 (step=2, n=22274)
2026-09-10 02:02:57 INFO  scripts.training.teacher_finetune.evaluate | mlflow: logged val per-source accuracy table (7 sources)
2026-09-10 02:02:58 INFO  scripts.training.teacher_finetune.training_pipeline | saved checkpoint: /app/scripts/training/teacher_finetune/model_exports/teacher-finetune-ff0.75-bs64-20260909-231034/best.pt
2026-09-10 02:02:58 INFO  scripts.training.teacher_finetune.training_pipeline | new best f1_macro=0.8150 at epoch 3
2026-09-10 02:03:01 INFO  scripts.training.teacher_finetune.training_pipeline | saved checkpoint: /app/scripts/training/teacher_finetune/model_exports/teacher-finetune-ff0.75-bs64-20260909-231034/last.pt
2026-09-10 02:03:02 INFO  scripts.training.teacher_finetune.training_pipeline | epoch 3/100 done — next lr=0.0003, epochs_since_improve=0/15
2026-09-10 02:03:02 INFO  scripts.training.teacher_finetune.training_pipeline | epoch 4/100 — train start (lr=0.0003, batches=3093)
2026-09-10 02:03:50 INFO  scripts.training.teacher_finetune.training_pipeline | step 9300 | loss_grouped_ce=0.1706 lr=0.0003
2026-09-10 02:04:46 INFO  scripts.training.teacher_finetune.training_pipeline | step 9350 | loss_grouped_ce=0.2743 lr=0.0003
2026-09-10 02:05:36 INFO  scripts.training.teacher_finetune.training_pipeline | step 9400 | loss_grouped_ce=0.3744 lr=0.0003
2026-09-10 02:06:26 INFO  scripts.training.teacher_finetune.training_pipeline | step 9450 | loss_grouped_ce=0.0655 lr=0.0003
2026-09-10 02:07:17 INFO  scripts.training.teacher_finetune.training_pipeline | step 9500 | loss_grouped_ce=0.1955 lr=0.0003
2026-09-10 02:08:04 INFO  scripts.training.teacher_finetune.training_pipeline | step 9550 | loss_grouped_ce=0.2112 lr=0.000299999
2026-09-10 02:08:49 INFO  scripts.training.teacher_finetune.training_pipeline | step 9600 | loss_grouped_ce=0.3232 lr=0.000299999
2026-09-10 02:09:36 INFO  scripts.training.teacher_finetune.training_pipeline | step 9650 | loss_grouped_ce=0.1883 lr=0.000299999
2026-09-10 02:10:29 INFO  scripts.training.teacher_finetune.training_pipeline | step 9700 | loss_grouped_ce=0.4403 lr=0.000299999
2026-09-10 02:11:18 INFO  scripts.training.teacher_finetune.training_pipeline | step 9750 | loss_grouped_ce=0.1125 lr=0.000299998
2026-09-10 02:11:55 INFO  scripts.training.teacher_finetune.training_pipeline | step 9800 | loss_grouped_ce=0.2594 lr=0.000299998
2026-09-10 02:12:43 INFO  scripts.training.teacher_finetune.training_pipeline | step 9850 | loss_grouped_ce=0.2381 lr=0.000299997
2026-09-10 02:13:28 INFO  scripts.training.teacher_finetune.training_pipeline | step 9900 | loss_grouped_ce=0.2678 lr=0.000299997
2026-09-10 02:14:15 INFO  scripts.training.teacher_finetune.training_pipeline | step 9950 | loss_grouped_ce=0.5294 lr=0.000299996
2026-09-10 02:15:06 INFO  scripts.training.teacher_finetune.training_pipeline | step 10000 | loss_grouped_ce=0.1756 lr=0.000299996
2026-09-10 02:15:49 INFO  scripts.training.teacher_finetune.training_pipeline | step 10050 | loss_grouped_ce=0.1605 lr=0.000299995
2026-09-10 02:16:28 INFO  scripts.training.teacher_finetune.training_pipeline | step 10100 | loss_grouped_ce=0.1121 lr=0.000299994
2026-09-10 02:17:14 INFO  scripts.training.teacher_finetune.training_pipeline | step 10150 | loss_grouped_ce=0.3752 lr=0.000299994
2026-09-10 02:17:57 INFO  scripts.training.teacher_finetune.training_pipeline | step 10200 | loss_grouped_ce=0.1044 lr=0.000299993
2026-09-10 02:18:47 INFO  scripts.training.teacher_finetune.training_pipeline | step 10250 | loss_grouped_ce=0.2696 lr=0.000299992
2026-09-10 02:19:34 INFO  scripts.training.teacher_finetune.training_pipeline | step 10300 | loss_grouped_ce=0.2876 lr=0.000299991
2026-09-10 02:20:19 INFO  scripts.training.teacher_finetune.training_pipeline | step 10350 | loss_grouped_ce=0.2354 lr=0.000299991
2026-09-10 02:21:01 INFO  scripts.training.teacher_finetune.training_pipeline | step 10400 | loss_grouped_ce=0.1799 lr=0.00029999
2026-09-10 02:21:42 INFO  scripts.training.teacher_finetune.training_pipeline | step 10450 | loss_grouped_ce=0.3831 lr=0.000299989
2026-09-10 02:22:24 INFO  scripts.training.teacher_finetune.training_pipeline | step 10500 | loss_grouped_ce=0.4015 lr=0.000299988
2026-09-10 02:23:04 INFO  scripts.training.teacher_finetune.training_pipeline | step 10550 | loss_grouped_ce=0.1924 lr=0.000299987
2026-09-10 02:23:51 INFO  scripts.training.teacher_finetune.training_pipeline | step 10600 | loss_grouped_ce=0.7896 lr=0.000299986
2026-09-10 02:24:35 INFO  scripts.training.teacher_finetune.training_pipeline | step 10650 | loss_grouped_ce=0.2034 lr=0.000299985
2026-09-10 02:25:10 INFO  scripts.training.teacher_finetune.training_pipeline | step 10700 | loss_grouped_ce=0.3141 lr=0.000299983
2026-09-10 02:25:56 INFO  scripts.training.teacher_finetune.training_pipeline | step 10750 | loss_grouped_ce=0.3578 lr=0.000299982
2026-09-10 02:26:46 INFO  scripts.training.teacher_finetune.training_pipeline | step 10800 | loss_grouped_ce=0.1514 lr=0.000299981
2026-09-10 02:27:30 INFO  scripts.training.teacher_finetune.training_pipeline | step 10850 | loss_grouped_ce=0.3564 lr=0.00029998
2026-09-10 02:28:16 INFO  scripts.training.teacher_finetune.training_pipeline | step 10900 | loss_grouped_ce=0.0617 lr=0.000299978
2026-09-10 02:29:00 INFO  scripts.training.teacher_finetune.training_pipeline | step 10950 | loss_grouped_ce=0.2843 lr=0.000299977
2026-09-10 02:29:47 INFO  scripts.training.teacher_finetune.training_pipeline | step 11000 | loss_grouped_ce=1.0165 lr=0.000299976
2026-09-10 02:30:28 INFO  scripts.training.teacher_finetune.training_pipeline | step 11050 | loss_grouped_ce=0.2122 lr=0.000299974
2026-09-10 02:31:15 INFO  scripts.training.teacher_finetune.training_pipeline | step 11100 | loss_grouped_ce=0.2970 lr=0.000299973
2026-09-10 02:32:04 INFO  scripts.training.teacher_finetune.training_pipeline | step 11150 | loss_grouped_ce=0.2702 lr=0.000299971
2026-09-10 02:32:47 INFO  scripts.training.teacher_finetune.training_pipeline | step 11200 | loss_grouped_ce=0.2304 lr=0.00029997
2026-09-10 02:33:35 INFO  scripts.training.teacher_finetune.training_pipeline | step 11250 | loss_grouped_ce=0.0801 lr=0.000299968
2026-09-10 02:34:21 INFO  scripts.training.teacher_finetune.training_pipeline | step 11300 | loss_grouped_ce=0.5514 lr=0.000299966
2026-09-10 02:35:06 INFO  scripts.training.teacher_finetune.training_pipeline | step 11350 | loss_grouped_ce=0.3891 lr=0.000299965
2026-09-10 02:35:51 INFO  scripts.training.teacher_finetune.training_pipeline | step 11400 | loss_grouped_ce=0.3974 lr=0.000299963
2026-09-10 02:36:37 INFO  scripts.training.teacher_finetune.training_pipeline | step 11450 | loss_grouped_ce=0.2289 lr=0.000299961
2026-09-10 02:37:25 INFO  scripts.training.teacher_finetune.training_pipeline | step 11500 | loss_grouped_ce=0.3403 lr=0.000299959
2026-09-10 02:38:12 INFO  scripts.training.teacher_finetune.training_pipeline | step 11550 | loss_grouped_ce=0.5548 lr=0.000299958
2026-09-10 02:38:56 INFO  scripts.training.teacher_finetune.training_pipeline | step 11600 | loss_grouped_ce=0.1404 lr=0.000299956
2026-09-10 02:39:39 INFO  scripts.training.teacher_finetune.training_pipeline | step 11650 | loss_grouped_ce=0.2252 lr=0.000299954
2026-09-10 02:40:21 INFO  scripts.training.teacher_finetune.training_pipeline | step 11700 | loss_grouped_ce=0.2562 lr=0.000299952
2026-09-10 02:41:06 INFO  scripts.training.teacher_finetune.training_pipeline | step 11750 | loss_grouped_ce=0.5118 lr=0.00029995
2026-09-10 02:41:52 INFO  scripts.training.teacher_finetune.training_pipeline | step 11800 | loss_grouped_ce=0.1503 lr=0.000299948
2026-09-10 02:42:40 INFO  scripts.training.teacher_finetune.training_pipeline | step 11850 | loss_grouped_ce=0.6302 lr=0.000299946
2026-09-10 02:43:24 INFO  scripts.training.teacher_finetune.training_pipeline | step 11900 | loss_grouped_ce=0.1211 lr=0.000299943
2026-09-10 02:44:10 INFO  scripts.training.teacher_finetune.training_pipeline | step 11950 | loss_grouped_ce=0.2066 lr=0.000299941
2026-09-10 02:44:56 INFO  scripts.training.teacher_finetune.training_pipeline | step 12000 | loss_grouped_ce=0.2510 lr=0.000299939
2026-09-10 02:45:40 INFO  scripts.training.teacher_finetune.training_pipeline | step 12050 | loss_grouped_ce=0.1570 lr=0.000299937
2026-09-10 02:46:26 INFO  scripts.training.teacher_finetune.training_pipeline | step 12100 | loss_grouped_ce=0.4107 lr=0.000299935
2026-09-10 02:47:10 INFO  scripts.training.teacher_finetune.training_pipeline | step 12150 | loss_grouped_ce=0.3104 lr=0.000299932
2026-09-10 02:47:57 INFO  scripts.training.teacher_finetune.training_pipeline | step 12200 | loss_grouped_ce=0.1290 lr=0.00029993
2026-09-10 02:48:41 INFO  scripts.training.teacher_finetune.training_pipeline | step 12250 | loss_grouped_ce=0.2990 lr=0.000299927
2026-09-10 02:49:20 INFO  scripts.training.teacher_finetune.training_pipeline | step 12300 | loss_grouped_ce=0.3507 lr=0.000299925
2026-09-10 02:50:06 INFO  scripts.training.teacher_finetune.training_pipeline | step 12350 | loss_grouped_ce=0.2657 lr=0.000299922
2026-09-10 02:50:24 INFO  scripts.training.teacher_finetune.training_pipeline | epoch 4/100 — train done in 2842.1s | avg loss_grouped_ce=0.2789 | skipped=0/3093 batches (non-finite)
2026-09-10 02:50:24 INFO  scripts.training.teacher_finetune.evaluate | evaluating on 349 batches
2026-09-10 02:58:27 INFO  scripts.training.teacher_finetune.training_pipeline | epoch 4/100 — val accuracy_top1=0.8166 f1_macro=0.8224 f1_micro=0.8166 (selection f1_macro=0.8224)
2026-09-10 02:58:28 INFO  scripts.training.teacher_finetune.evaluate | mlflow: logged val/accuracy_top1=0.8166 val/f1_macro=0.8224 val/f1_micro=0.8166 (step=3, n=22274)
2026-09-10 02:58:28 INFO  scripts.training.teacher_finetune.evaluate | mlflow: logged val per-source accuracy table (7 sources)
2026-09-10 02:58:30 INFO  scripts.training.teacher_finetune.training_pipeline | saved checkpoint: /app/scripts/training/teacher_finetune/model_exports/teacher-finetune-ff0.75-bs64-20260909-231034/best.pt
2026-09-10 02:58:30 INFO  scripts.training.teacher_finetune.training_pipeline | new best f1_macro=0.8224 at epoch 4
2026-09-10 02:58:32 INFO  scripts.training.teacher_finetune.training_pipeline | saved checkpoint: /app/scripts/training/teacher_finetune/model_exports/teacher-finetune-ff0.75-bs64-20260909-231034/last.pt
2026-09-10 02:58:32 INFO  scripts.training.teacher_finetune.training_pipeline | epoch 4/100 done — next lr=0.000299921, epochs_since_improve=0/15
2026-09-10 02:58:32 INFO  scripts.training.teacher_finetune.training_pipeline | epoch 5/100 — train start (lr=0.000299921, batches=3093)
2026-09-10 02:59:08 INFO  scripts.training.teacher_finetune.training_pipeline | step 12400 | loss_grouped_ce=0.1981 lr=0.00029992
2026-09-10 02:59:52 INFO  scripts.training.teacher_finetune.training_pipeline | step 12450 | loss_grouped_ce=0.2960 lr=0.000299917
2026-09-10 03:00:41 INFO  scripts.training.teacher_finetune.training_pipeline | step 12500 | loss_grouped_ce=0.1755 lr=0.000299915
2026-09-10 03:01:33 INFO  scripts.training.teacher_finetune.training_pipeline | step 12550 | loss_grouped_ce=0.2062 lr=0.000299912
2026-09-10 03:02:31 INFO  scripts.training.teacher_finetune.training_pipeline | step 12600 | loss_grouped_ce=0.0751 lr=0.000299909
2026-09-10 03:03:16 INFO  scripts.training.teacher_finetune.training_pipeline | step 12650 | loss_grouped_ce=0.2713 lr=0.000299907
2026-09-10 03:04:07 INFO  scripts.training.teacher_finetune.training_pipeline | step 12700 | loss_grouped_ce=0.1565 lr=0.000299904
2026-09-10 03:04:47 INFO  scripts.training.teacher_finetune.training_pipeline | step 12750 | loss_grouped_ce=0.1692 lr=0.000299901
2026-09-10 03:05:41 INFO  scripts.training.teacher_finetune.training_pipeline | step 12800 | loss_grouped_ce=0.1599 lr=0.000299898
2026-09-10 03:06:23 INFO  scripts.training.teacher_finetune.training_pipeline | step 12850 | loss_grouped_ce=0.2758 lr=0.000299895
2026-09-10 03:07:13 INFO  scripts.training.teacher_finetune.training_pipeline | step 12900 | loss_grouped_ce=0.1234 lr=0.000299892
2026-09-10 03:08:06 INFO  scripts.training.teacher_finetune.training_pipeline | step 12950 | loss_grouped_ce=0.1207 lr=0.000299889
2026-09-10 03:08:52 INFO  scripts.training.teacher_finetune.training_pipeline | step 13000 | loss_grouped_ce=0.2900 lr=0.000299886
2026-09-10 03:09:37 INFO  scripts.training.teacher_finetune.training_pipeline | step 13050 | loss_grouped_ce=0.2489 lr=0.000299883
2026-09-10 03:10:27 INFO  scripts.training.teacher_finetune.training_pipeline | step 13100 | loss_grouped_ce=0.0833 lr=0.00029988
2026-09-10 03:11:17 INFO  scripts.training.teacher_finetune.training_pipeline | step 13150 | loss_grouped_ce=0.1435 lr=0.000299877
2026-09-10 03:12:00 INFO  scripts.training.teacher_finetune.training_pipeline | step 13200 | loss_grouped_ce=0.0893 lr=0.000299874
2026-09-10 03:12:53 INFO  scripts.training.teacher_finetune.training_pipeline | step 13250 | loss_grouped_ce=0.2202 lr=0.00029987
2026-09-10 03:13:40 INFO  scripts.training.teacher_finetune.training_pipeline | step 13300 | loss_grouped_ce=0.2993 lr=0.000299867
2026-09-10 03:14:23 INFO  scripts.training.teacher_finetune.training_pipeline | step 13350 | loss_grouped_ce=0.1808 lr=0.000299864
2026-09-10 03:15:11 INFO  scripts.training.teacher_finetune.training_pipeline | step 13400 | loss_grouped_ce=0.1479 lr=0.00029986
2026-09-10 03:16:00 INFO  scripts.training.teacher_finetune.training_pipeline | step 13450 | loss_grouped_ce=0.2240 lr=0.000299857
2026-09-10 03:16:46 INFO  scripts.training.teacher_finetune.training_pipeline | step 13500 | loss_grouped_ce=0.2624 lr=0.000299854
2026-09-10 03:17:40 INFO  scripts.training.teacher_finetune.training_pipeline | step 13550 | loss_grouped_ce=0.2890 lr=0.00029985
2026-09-10 03:18:25 INFO  scripts.training.teacher_finetune.training_pipeline | step 13600 | loss_grouped_ce=0.5087 lr=0.000299846
2026-09-10 03:19:12 INFO  scripts.training.teacher_finetune.training_pipeline | step 13650 | loss_grouped_ce=0.2636 lr=0.000299843
2026-09-10 03:19:59 INFO  scripts.training.teacher_finetune.training_pipeline | step 13700 | loss_grouped_ce=0.2380 lr=0.000299839
2026-09-10 03:20:44 INFO  scripts.training.teacher_finetune.training_pipeline | step 13750 | loss_grouped_ce=0.2187 lr=0.000299836
2026-09-10 03:21:35 INFO  scripts.training.teacher_finetune.training_pipeline | step 13800 | loss_grouped_ce=0.0917 lr=0.000299832
2026-09-10 03:22:24 INFO  scripts.training.teacher_finetune.training_pipeline | step 13850 | loss_grouped_ce=0.1664 lr=0.000299828
2026-09-10 03:23:12 INFO  scripts.training.teacher_finetune.training_pipeline | step 13900 | loss_grouped_ce=0.2515 lr=0.000299824
2026-09-10 03:23:59 INFO  scripts.training.teacher_finetune.training_pipeline | step 13950 | loss_grouped_ce=0.3198 lr=0.000299821
2026-09-10 03:24:43 INFO  scripts.training.teacher_finetune.training_pipeline | step 14000 | loss_grouped_ce=0.3106 lr=0.000299817
2026-09-10 03:25:34 INFO  scripts.training.teacher_finetune.training_pipeline | step 14050 | loss_grouped_ce=0.1424 lr=0.000299813
2026-09-10 03:26:27 INFO  scripts.training.teacher_finetune.training_pipeline | step 14100 | loss_grouped_ce=0.0956 lr=0.000299809
2026-09-10 03:27:12 INFO  scripts.training.teacher_finetune.training_pipeline | step 14150 | loss_grouped_ce=0.1003 lr=0.000299805
2026-09-10 03:27:54 INFO  scripts.training.teacher_finetune.training_pipeline | step 14200 | loss_grouped_ce=0.2043 lr=0.000299801
2026-09-10 03:28:41 INFO  scripts.training.teacher_finetune.training_pipeline | step 14250 | loss_grouped_ce=0.1636 lr=0.000299797
2026-09-10 03:29:24 INFO  scripts.training.teacher_finetune.training_pipeline | step 14300 | loss_grouped_ce=0.1803 lr=0.000299793
2026-09-10 03:30:10 INFO  scripts.training.teacher_finetune.training_pipeline | step 14350 | loss_grouped_ce=0.3321 lr=0.000299789
2026-09-10 03:31:00 INFO  scripts.training.teacher_finetune.training_pipeline | step 14400 | loss_grouped_ce=0.2228 lr=0.000299784
2026-09-10 03:31:44 INFO  scripts.training.teacher_finetune.training_pipeline | step 14450 | loss_grouped_ce=0.1456 lr=0.00029978
2026-09-10 03:32:31 INFO  scripts.training.teacher_finetune.training_pipeline | step 14500 | loss_grouped_ce=0.3146 lr=0.000299776
2026-09-10 03:33:17 INFO  scripts.training.teacher_finetune.training_pipeline | step 14550 | loss_grouped_ce=0.1153 lr=0.000299772
2026-09-10 03:34:05 INFO  scripts.training.teacher_finetune.training_pipeline | step 14600 | loss_grouped_ce=0.0636 lr=0.000299767
2026-09-10 03:34:51 INFO  scripts.training.teacher_finetune.training_pipeline | step 14650 | loss_grouped_ce=0.3673 lr=0.000299763
2026-09-10 03:35:42 INFO  scripts.training.teacher_finetune.training_pipeline | step 14700 | loss_grouped_ce=0.2405 lr=0.000299758
2026-09-10 03:36:32 INFO  scripts.training.teacher_finetune.training_pipeline | step 14750 | loss_grouped_ce=0.3325 lr=0.000299754
2026-09-10 03:37:17 INFO  scripts.training.teacher_finetune.training_pipeline | step 14800 | loss_grouped_ce=0.4489 lr=0.000299749
2026-09-10 03:38:11 INFO  scripts.training.teacher_finetune.training_pipeline | step 14850 | loss_grouped_ce=0.3744 lr=0.000299745
2026-09-10 03:38:56 INFO  scripts.training.teacher_finetune.training_pipeline | step 14900 | loss_grouped_ce=0.1296 lr=0.00029974
2026-09-10 03:39:40 INFO  scripts.training.teacher_finetune.training_pipeline | step 14950 | loss_grouped_ce=0.1055 lr=0.000299736
2026-09-10 03:40:26 INFO  scripts.training.teacher_finetune.training_pipeline | step 15000 | loss_grouped_ce=0.2576 lr=0.000299731
2026-09-10 03:41:12 INFO  scripts.training.teacher_finetune.training_pipeline | step 15050 | loss_grouped_ce=0.2983 lr=0.000299726
2026-09-10 03:41:57 INFO  scripts.training.teacher_finetune.training_pipeline | step 15100 | loss_grouped_ce=0.6220 lr=0.000299722
2026-09-10 03:42:47 INFO  scripts.training.teacher_finetune.training_pipeline | step 15150 | loss_grouped_ce=0.2755 lr=0.000299717
2026-09-10 03:43:37 INFO  scripts.training.teacher_finetune.training_pipeline | step 15200 | loss_grouped_ce=0.3751 lr=0.000299712
2026-09-10 03:44:20 INFO  scripts.training.teacher_finetune.training_pipeline | step 15250 | loss_grouped_ce=0.0710 lr=0.000299707
2026-09-10 03:45:11 INFO  scripts.training.teacher_finetune.training_pipeline | step 15300 | loss_grouped_ce=0.2215 lr=0.000299702
2026-09-10 03:45:56 INFO  scripts.training.teacher_finetune.training_pipeline | step 15350 | loss_grouped_ce=0.0465 lr=0.000299697
2026-09-10 03:46:43 INFO  scripts.training.teacher_finetune.training_pipeline | step 15400 | loss_grouped_ce=0.3703 lr=0.000299692
2026-09-10 03:47:25 INFO  scripts.training.teacher_finetune.training_pipeline | step 15450 | loss_grouped_ce=0.2352 lr=0.000299687
2026-09-10 03:47:40 INFO  scripts.training.teacher_finetune.training_pipeline | epoch 5/100 — train done in 2947.6s | avg loss_grouped_ce=0.2126 | skipped=0/3093 batches (non-finite)
2026-09-10 03:47:40 INFO  scripts.training.teacher_finetune.evaluate | evaluating on 349 batches
2026-09-10 03:56:20 INFO  scripts.training.teacher_finetune.training_pipeline | epoch 5/100 — val accuracy_top1=0.8235 f1_macro=0.8294 f1_micro=0.8235 (selection f1_macro=0.8294)
2026-09-10 03:56:21 INFO  scripts.training.teacher_finetune.evaluate | mlflow: logged val/accuracy_top1=0.8235 val/f1_macro=0.8294 val/f1_micro=0.8235 (step=4, n=22274)
2026-09-10 03:56:21 INFO  scripts.training.teacher_finetune.evaluate | mlflow: logged val per-source accuracy table (7 sources)
2026-09-10 03:56:24 INFO  scripts.training.teacher_finetune.training_pipeline | saved checkpoint: /app/scripts/training/teacher_finetune/model_exports/teacher-finetune-ff0.75-bs64-20260909-231034/best.pt
2026-09-10 03:56:24 INFO  scripts.training.teacher_finetune.training_pipeline | new best f1_macro=0.8294 at epoch 5
2026-09-10 03:56:28 INFO  scripts.training.teacher_finetune.training_pipeline | saved checkpoint: /app/scripts/training/teacher_finetune/model_exports/teacher-finetune-ff0.75-bs64-20260909-231034/last.pt
2026-09-10 03:56:28 INFO  scripts.training.teacher_finetune.training_pipeline | epoch 5/100 done — next lr=0.000299686, epochs_since_improve=0/15
2026-09-10 03:56:28 INFO  scripts.training.teacher_finetune.training_pipeline | epoch 6/100 — train start (lr=0.000299686, batches=3093)
2026-09-10 03:57:16 INFO  scripts.training.teacher_finetune.training_pipeline | step 15500 | loss_grouped_ce=0.1683 lr=0.000299682
2026-09-10 03:57:59 INFO  scripts.training.teacher_finetune.training_pipeline | step 15550 | loss_grouped_ce=0.1008 lr=0.000299677
2026-09-10 03:58:48 INFO  scripts.training.teacher_finetune.training_pipeline | step 15600 | loss_grouped_ce=0.0149 lr=0.000299672
2026-09-10 03:59:27 INFO  scripts.training.teacher_finetune.training_pipeline | step 15650 | loss_grouped_ce=0.1121 lr=0.000299666
2026-09-10 04:00:13 INFO  scripts.training.teacher_finetune.training_pipeline | step 15700 | loss_grouped_ce=0.2522 lr=0.000299661
2026-09-10 04:01:00 INFO  scripts.training.teacher_finetune.training_pipeline | step 15750 | loss_grouped_ce=0.0507 lr=0.000299656
2026-09-10 04:01:45 INFO  scripts.training.teacher_finetune.training_pipeline | step 15800 | loss_grouped_ce=0.0430 lr=0.000299651
2026-09-10 04:02:31 INFO  scripts.training.teacher_finetune.training_pipeline | step 15850 | loss_grouped_ce=0.2325 lr=0.000299645
2026-09-10 04:03:21 INFO  scripts.training.teacher_finetune.training_pipeline | step 15900 | loss_grouped_ce=0.1502 lr=0.00029964
2026-09-10 04:04:11 INFO  scripts.training.teacher_finetune.training_pipeline | step 15950 | loss_grouped_ce=0.1960 lr=0.000299634
2026-09-10 04:05:07 INFO  scripts.training.teacher_finetune.training_pipeline | step 16000 | loss_grouped_ce=0.0934 lr=0.000299629
2026-09-10 04:05:56 INFO  scripts.training.teacher_finetune.training_pipeline | step 16050 | loss_grouped_ce=0.2092 lr=0.000299623
2026-09-10 04:06:45 INFO  scripts.training.teacher_finetune.training_pipeline | step 16100 | loss_grouped_ce=0.3739 lr=0.000299618
2026-09-10 04:07:39 INFO  scripts.training.teacher_finetune.training_pipeline | step 16150 | loss_grouped_ce=0.1457 lr=0.000299612
2026-09-10 04:08:33 INFO  scripts.training.teacher_finetune.training_pipeline | step 16200 | loss_grouped_ce=0.2876 lr=0.000299606
2026-09-10 04:09:24 INFO  scripts.training.teacher_finetune.training_pipeline | step 16250 | loss_grouped_ce=0.0637 lr=0.000299601
2026-09-10 04:10:11 INFO  scripts.training.teacher_finetune.training_pipeline | step 16300 | loss_grouped_ce=0.1476 lr=0.000299595
2026-09-10 04:10:56 INFO  scripts.training.teacher_finetune.training_pipeline | step 16350 | loss_grouped_ce=0.0970 lr=0.000299589
2026-09-10 04:11:38 INFO  scripts.training.teacher_finetune.training_pipeline | step 16400 | loss_grouped_ce=0.0706 lr=0.000299583
2026-09-10 04:12:26 INFO  scripts.training.teacher_finetune.training_pipeline | step 16450 | loss_grouped_ce=0.0645 lr=0.000299578
2026-09-10 04:13:10 INFO  scripts.training.teacher_finetune.training_pipeline | step 16500 | loss_grouped_ce=0.1786 lr=0.000299572
2026-09-10 04:14:04 INFO  scripts.training.teacher_finetune.training_pipeline | step 16550 | loss_grouped_ce=0.2085 lr=0.000299566
2026-09-10 04:14:53 INFO  scripts.training.teacher_finetune.training_pipeline | step 16600 | loss_grouped_ce=0.3938 lr=0.00029956
2026-09-10 04:15:34 INFO  scripts.training.teacher_finetune.training_pipeline | step 16650 | loss_grouped_ce=0.1774 lr=0.000299554
2026-09-10 04:16:22 INFO  scripts.training.teacher_finetune.training_pipeline | step 16700 | loss_grouped_ce=0.1756 lr=0.000299548
2026-09-10 04:17:08 INFO  scripts.training.teacher_finetune.training_pipeline | step 16750 | loss_grouped_ce=0.2124 lr=0.000299541
2026-09-10 04:17:53 INFO  scripts.training.teacher_finetune.training_pipeline | step 16800 | loss_grouped_ce=0.2898 lr=0.000299535
2026-09-10 04:18:48 INFO  scripts.training.teacher_finetune.training_pipeline | step 16850 | loss_grouped_ce=0.0714 lr=0.000299529
2026-09-10 04:19:39 INFO  scripts.training.teacher_finetune.training_pipeline | step 16900 | loss_grouped_ce=0.1000 lr=0.000299523
2026-09-10 04:20:30 INFO  scripts.training.teacher_finetune.training_pipeline | step 16950 | loss_grouped_ce=0.1301 lr=0.000299517
2026-09-10 04:21:17 INFO  scripts.training.teacher_finetune.training_pipeline | step 17000 | loss_grouped_ce=0.2995 lr=0.00029951
2026-09-10 04:22:11 INFO  scripts.training.teacher_finetune.training_pipeline | step 17050 | loss_grouped_ce=0.0671 lr=0.000299504
2026-09-10 04:22:58 INFO  scripts.training.teacher_finetune.training_pipeline | step 17100 | loss_grouped_ce=0.1353 lr=0.000299498
2026-09-10 04:23:45 INFO  scripts.training.teacher_finetune.training_pipeline | step 17150 | loss_grouped_ce=0.1710 lr=0.000299491
2026-09-10 04:24:35 INFO  scripts.training.teacher_finetune.training_pipeline | step 17200 | loss_grouped_ce=0.2380 lr=0.000299485
2026-09-10 04:25:21 INFO  scripts.training.teacher_finetune.training_pipeline | step 17250 | loss_grouped_ce=0.1870 lr=0.000299478
2026-09-10 04:26:08 INFO  scripts.training.teacher_finetune.training_pipeline | step 17300 | loss_grouped_ce=0.0770 lr=0.000299472
2026-09-10 04:26:53 INFO  scripts.training.teacher_finetune.training_pipeline | step 17350 | loss_grouped_ce=0.0918 lr=0.000299465
2026-09-10 04:27:42 INFO  scripts.training.teacher_finetune.training_pipeline | step 17400 | loss_grouped_ce=0.0837 lr=0.000299458
2026-09-10 04:28:26 INFO  scripts.training.teacher_finetune.training_pipeline | step 17450 | loss_grouped_ce=0.2203 lr=0.000299452
2026-09-10 04:29:10 INFO  scripts.training.teacher_finetune.training_pipeline | step 17500 | loss_grouped_ce=0.2979 lr=0.000299445
2026-09-10 04:29:56 INFO  scripts.training.teacher_finetune.training_pipeline | step 17550 | loss_grouped_ce=0.2949 lr=0.000299438
2026-09-10 04:30:45 INFO  scripts.training.teacher_finetune.training_pipeline | step 17600 | loss_grouped_ce=0.1112 lr=0.000299431
2026-09-10 04:31:34 INFO  scripts.training.teacher_finetune.training_pipeline | step 17650 | loss_grouped_ce=0.1781 lr=0.000299424
2026-09-10 04:32:26 INFO  scripts.training.teacher_finetune.training_pipeline | step 17700 | loss_grouped_ce=0.0959 lr=0.000299418
2026-09-10 04:33:12 INFO  scripts.training.teacher_finetune.training_pipeline | step 17750 | loss_grouped_ce=0.2676 lr=0.000299411
2026-09-10 04:33:58 INFO  scripts.training.teacher_finetune.training_pipeline | step 17800 | loss_grouped_ce=0.1388 lr=0.000299404
2026-09-10 04:34:41 INFO  scripts.training.teacher_finetune.training_pipeline | step 17850 | loss_grouped_ce=0.4144 lr=0.000299397
2026-09-10 04:35:29 INFO  scripts.training.teacher_finetune.training_pipeline | step 17900 | loss_grouped_ce=0.2802 lr=0.00029939
2026-09-10 04:36:19 INFO  scripts.training.teacher_finetune.training_pipeline | step 17950 | loss_grouped_ce=0.1159 lr=0.000299382
2026-09-10 04:37:00 INFO  scripts.training.teacher_finetune.training_pipeline | step 18000 | loss_grouped_ce=0.3148 lr=0.000299375
2026-09-10 04:38:00 INFO  scripts.training.teacher_finetune.training_pipeline | step 18050 | loss_grouped_ce=0.2194 lr=0.000299368
2026-09-10 04:38:47 INFO  scripts.training.teacher_finetune.training_pipeline | step 18100 | loss_grouped_ce=0.4319 lr=0.000299361
2026-09-10 04:39:32 INFO  scripts.training.teacher_finetune.training_pipeline | step 18150 | loss_grouped_ce=0.3634 lr=0.000299354
2026-09-10 04:40:20 INFO  scripts.training.teacher_finetune.training_pipeline | step 18200 | loss_grouped_ce=0.1541 lr=0.000299346
2026-09-10 04:41:07 INFO  scripts.training.teacher_finetune.training_pipeline | step 18250 | loss_grouped_ce=0.3536 lr=0.000299339
2026-09-10 04:41:52 INFO  scripts.training.teacher_finetune.training_pipeline | step 18300 | loss_grouped_ce=0.0367 lr=0.000299332
2026-09-10 04:42:40 INFO  scripts.training.teacher_finetune.training_pipeline | step 18350 | loss_grouped_ce=0.0811 lr=0.000299324
2026-09-10 04:43:28 INFO  scripts.training.teacher_finetune.training_pipeline | step 18400 | loss_grouped_ce=0.0692 lr=0.000299317
2026-09-10 04:44:22 INFO  scripts.training.teacher_finetune.training_pipeline | step 18450 | loss_grouped_ce=0.1357 lr=0.000299309
2026-09-10 04:45:09 INFO  scripts.training.teacher_finetune.training_pipeline | step 18500 | loss_grouped_ce=0.1695 lr=0.000299302
2026-09-10 04:45:54 INFO  scripts.training.teacher_finetune.training_pipeline | step 18550 | loss_grouped_ce=0.1416 lr=0.000299294
2026-09-10 04:45:58 INFO  scripts.training.teacher_finetune.training_pipeline | epoch 6/100 — train done in 2969.7s | avg loss_grouped_ce=0.1704 | skipped=0/3093 batches (non-finite)
2026-09-10 04:45:58 INFO  scripts.training.teacher_finetune.evaluate | evaluating on 349 batches
2026-09-10 04:52:59 INFO  scripts.training.teacher_finetune.training_pipeline | epoch 6/100 — val accuracy_top1=0.8241 f1_macro=0.8303 f1_micro=0.8241 (selection f1_macro=0.8303)
2026-09-10 04:53:00 INFO  scripts.training.teacher_finetune.evaluate | mlflow: logged val/accuracy_top1=0.8241 val/f1_macro=0.8303 val/f1_micro=0.8241 (step=5, n=22274)
2026-09-10 04:53:01 INFO  scripts.training.teacher_finetune.evaluate | mlflow: logged val per-source accuracy table (7 sources)
2026-09-10 04:53:02 INFO  scripts.training.teacher_finetune.training_pipeline | saved checkpoint: /app/scripts/training/teacher_finetune/model_exports/teacher-finetune-ff0.75-bs64-20260909-231034/last.pt
2026-09-10 04:53:02 INFO  scripts.training.teacher_finetune.training_pipeline | epoch 6/100 done — next lr=0.000299293, epochs_since_improve=1/15
2026-09-10 04:53:02 INFO  scripts.training.teacher_finetune.training_pipeline | epoch 7/100 — train start (lr=0.000299293, batches=3093)
2026-09-10 04:53:56 INFO  scripts.training.teacher_finetune.training_pipeline | step 18600 | loss_grouped_ce=0.0928 lr=0.000299287
2026-09-10 04:54:45 INFO  scripts.training.teacher_finetune.training_pipeline | step 18650 | loss_grouped_ce=0.0347 lr=0.000299279
2026-09-10 04:55:32 INFO  scripts.training.teacher_finetune.training_pipeline | step 18700 | loss_grouped_ce=0.0329 lr=0.000299271
2026-09-10 04:56:20 INFO  scripts.training.teacher_finetune.training_pipeline | step 18750 | loss_grouped_ce=0.0364 lr=0.000299263
2026-09-10 04:57:08 INFO  scripts.training.teacher_finetune.training_pipeline | step 18800 | loss_grouped_ce=0.1148 lr=0.000299256
2026-09-10 04:57:56 INFO  scripts.training.teacher_finetune.training_pipeline | step 18850 | loss_grouped_ce=0.1007 lr=0.000299248
2026-09-10 04:58:43 INFO  scripts.training.teacher_finetune.training_pipeline | step 18900 | loss_grouped_ce=0.0785 lr=0.00029924
2026-09-10 04:59:31 INFO  scripts.training.teacher_finetune.training_pipeline | step 18950 | loss_grouped_ce=0.1535 lr=0.000299232
2026-09-10 05:00:20 INFO  scripts.training.teacher_finetune.training_pipeline | step 19000 | loss_grouped_ce=0.1005 lr=0.000299224
2026-09-10 05:01:11 INFO  scripts.training.teacher_finetune.training_pipeline | step 19050 | loss_grouped_ce=0.0644 lr=0.000299216
2026-09-10 05:02:01 INFO  scripts.training.teacher_finetune.training_pipeline | step 19100 | loss_grouped_ce=0.1000 lr=0.000299208
2026-09-10 05:02:54 INFO  scripts.training.teacher_finetune.training_pipeline | step 19150 | loss_grouped_ce=0.0703 lr=0.0002992
2026-09-10 05:03:51 INFO  scripts.training.teacher_finetune.training_pipeline | step 19200 | loss_grouped_ce=0.1028 lr=0.000299192
2026-09-10 05:04:40 INFO  scripts.training.teacher_finetune.training_pipeline | step 19250 | loss_grouped_ce=0.1007 lr=0.000299184
2026-09-10 05:05:30 INFO  scripts.training.teacher_finetune.training_pipeline | step 19300 | loss_grouped_ce=0.0306 lr=0.000299175
2026-09-10 05:06:21 INFO  scripts.training.teacher_finetune.training_pipeline | step 19350 | loss_grouped_ce=0.0502 lr=0.000299167
2026-09-10 05:07:10 INFO  scripts.training.teacher_finetune.training_pipeline | step 19400 | loss_grouped_ce=0.0705 lr=0.000299159
2026-09-10 05:08:03 INFO  scripts.training.teacher_finetune.training_pipeline | step 19450 | loss_grouped_ce=0.0383 lr=0.000299151
2026-09-10 05:08:52 INFO  scripts.training.teacher_finetune.training_pipeline | step 19500 | loss_grouped_ce=0.0406 lr=0.000299142
2026-09-10 05:09:36 INFO  scripts.training.teacher_finetune.training_pipeline | step 19550 | loss_grouped_ce=0.0368 lr=0.000299134
2026-09-10 05:10:20 INFO  scripts.training.teacher_finetune.training_pipeline | step 19600 | loss_grouped_ce=0.0751 lr=0.000299125
2026-09-10 05:11:08 INFO  scripts.training.teacher_finetune.training_pipeline | step 19650 | loss_grouped_ce=0.0814 lr=0.000299117
2026-09-10 05:11:53 INFO  scripts.training.teacher_finetune.training_pipeline | step 19700 | loss_grouped_ce=0.3526 lr=0.000299108
2026-09-10 05:12:40 INFO  scripts.training.teacher_finetune.training_pipeline | step 19750 | loss_grouped_ce=0.0241 lr=0.0002991
2026-09-10 05:13:23 INFO  scripts.training.teacher_finetune.training_pipeline | step 19800 | loss_grouped_ce=0.1044 lr=0.000299091
2026-09-10 05:14:14 INFO  scripts.training.teacher_finetune.training_pipeline | step 19850 | loss_grouped_ce=0.1242 lr=0.000299083
2026-09-10 05:14:55 INFO  scripts.training.teacher_finetune.training_pipeline | step 19900 | loss_grouped_ce=0.0933 lr=0.000299074
2026-09-10 05:15:44 INFO  scripts.training.teacher_finetune.training_pipeline | step 19950 | loss_grouped_ce=0.3222 lr=0.000299065
2026-09-10 05:16:35 INFO  scripts.training.teacher_finetune.training_pipeline | step 20000 | loss_grouped_ce=0.2007 lr=0.000299056
2026-09-10 05:17:26 INFO  scripts.training.teacher_finetune.training_pipeline | step 20050 | loss_grouped_ce=0.3403 lr=0.000299048
2026-09-10 05:18:16 INFO  scripts.training.teacher_finetune.training_pipeline | step 20100 | loss_grouped_ce=0.0569 lr=0.000299039
2026-09-10 05:19:03 INFO  scripts.training.teacher_finetune.training_pipeline | step 20150 | loss_grouped_ce=0.1066 lr=0.00029903
2026-09-10 05:19:53 INFO  scripts.training.teacher_finetune.training_pipeline | step 20200 | loss_grouped_ce=0.1485 lr=0.000299021
2026-09-10 05:20:41 INFO  scripts.training.teacher_finetune.training_pipeline | step 20250 | loss_grouped_ce=0.3100 lr=0.000299012
2026-09-10 05:21:29 INFO  scripts.training.teacher_finetune.training_pipeline | step 20300 | loss_grouped_ce=0.2479 lr=0.000299003
2026-09-10 05:22:12 INFO  scripts.training.teacher_finetune.training_pipeline | step 20350 | loss_grouped_ce=0.1117 lr=0.000298994
2026-09-10 05:23:10 INFO  scripts.training.teacher_finetune.training_pipeline | step 20400 | loss_grouped_ce=0.3371 lr=0.000298985
2026-09-10 05:23:57 INFO  scripts.training.teacher_finetune.training_pipeline | step 20450 | loss_grouped_ce=0.1333 lr=0.000298976
2026-09-10 05:24:44 INFO  scripts.training.teacher_finetune.training_pipeline | step 20500 | loss_grouped_ce=0.1221 lr=0.000298966
2026-09-10 05:25:33 INFO  scripts.training.teacher_finetune.training_pipeline | step 20550 | loss_grouped_ce=0.1415 lr=0.000298957
2026-09-10 05:26:25 INFO  scripts.training.teacher_finetune.training_pipeline | step 20600 | loss_grouped_ce=0.1930 lr=0.000298948
2026-09-10 05:27:08 INFO  scripts.training.teacher_finetune.training_pipeline | step 20650 | loss_grouped_ce=0.1865 lr=0.000298939
2026-09-10 05:27:54 INFO  scripts.training.teacher_finetune.training_pipeline | step 20700 | loss_grouped_ce=0.0428 lr=0.000298929
2026-09-10 05:28:44 INFO  scripts.training.teacher_finetune.training_pipeline | step 20750 | loss_grouped_ce=0.1548 lr=0.00029892
2026-09-10 05:29:31 INFO  scripts.training.teacher_finetune.training_pipeline | step 20800 | loss_grouped_ce=0.2069 lr=0.00029891
2026-09-10 05:30:21 INFO  scripts.training.teacher_finetune.training_pipeline | step 20850 | loss_grouped_ce=0.0563 lr=0.000298901
2026-09-10 05:31:07 INFO  scripts.training.teacher_finetune.training_pipeline | step 20900 | loss_grouped_ce=0.2973 lr=0.000298892
2026-09-10 05:31:46 INFO  scripts.training.teacher_finetune.training_pipeline | step 20950 | loss_grouped_ce=0.0650 lr=0.000298882
2026-09-10 05:32:37 INFO  scripts.training.teacher_finetune.training_pipeline | step 21000 | loss_grouped_ce=0.2468 lr=0.000298872
2026-09-10 05:33:29 INFO  scripts.training.teacher_finetune.training_pipeline | step 21050 | loss_grouped_ce=0.0671 lr=0.000298863
2026-09-10 05:34:14 INFO  scripts.training.teacher_finetune.training_pipeline | step 21100 | loss_grouped_ce=0.0836 lr=0.000298853
2026-09-10 05:35:01 INFO  scripts.training.teacher_finetune.training_pipeline | step 21150 | loss_grouped_ce=0.1696 lr=0.000298843
2026-09-10 05:35:51 INFO  scripts.training.teacher_finetune.training_pipeline | step 21200 | loss_grouped_ce=0.1764 lr=0.000298834
2026-09-10 05:36:34 INFO  scripts.training.teacher_finetune.training_pipeline | step 21250 | loss_grouped_ce=0.0911 lr=0.000298824
2026-09-10 05:37:26 INFO  scripts.training.teacher_finetune.training_pipeline | step 21300 | loss_grouped_ce=0.1777 lr=0.000298814
2026-09-10 05:38:14 INFO  scripts.training.teacher_finetune.training_pipeline | step 21350 | loss_grouped_ce=0.1742 lr=0.000298804
2026-09-10 05:39:04 INFO  scripts.training.teacher_finetune.training_pipeline | step 21400 | loss_grouped_ce=0.1636 lr=0.000298794
2026-09-10 05:39:52 INFO  scripts.training.teacher_finetune.training_pipeline | step 21450 | loss_grouped_ce=0.1924 lr=0.000298784
2026-09-10 05:40:39 INFO  scripts.training.teacher_finetune.training_pipeline | step 21500 | loss_grouped_ce=0.1614 lr=0.000298774
2026-09-10 05:41:25 INFO  scripts.training.teacher_finetune.training_pipeline | step 21550 | loss_grouped_ce=0.0975 lr=0.000298764
2026-09-10 05:42:10 INFO  scripts.training.teacher_finetune.training_pipeline | step 21600 | loss_grouped_ce=0.1376 lr=0.000298754
2026-09-10 05:42:59 INFO  scripts.training.teacher_finetune.training_pipeline | step 21650 | loss_grouped_ce=0.1845 lr=0.000298744
2026-09-10 05:42:59 INFO  scripts.training.teacher_finetune.training_pipeline | epoch 7/100 — train done in 2997.1s | avg loss_grouped_ce=0.1390 | skipped=0/3093 batches (non-finite)
2026-09-10 05:42:59 INFO  scripts.training.teacher_finetune.evaluate | evaluating on 349 batches
2026-09-10 05:51:43 INFO  scripts.training.teacher_finetune.training_pipeline | epoch 7/100 — val accuracy_top1=0.8253 f1_macro=0.8312 f1_micro=0.8253 (selection f1_macro=0.8312)
2026-09-10 05:51:44 INFO  scripts.training.teacher_finetune.evaluate | mlflow: logged val/accuracy_top1=0.8253 val/f1_macro=0.8312 val/f1_micro=0.8253 (step=6, n=22274)
2026-09-10 05:51:44 INFO  scripts.training.teacher_finetune.evaluate | mlflow: logged val per-source accuracy table (7 sources)
2026-09-10 05:51:47 INFO  scripts.training.teacher_finetune.training_pipeline | saved checkpoint: /app/scripts/training/teacher_finetune/model_exports/teacher-finetune-ff0.75-bs64-20260909-231034/best.pt
2026-09-10 05:51:47 INFO  scripts.training.teacher_finetune.training_pipeline | new best f1_macro=0.8312 at epoch 7
2026-09-10 05:51:50 INFO  scripts.training.teacher_finetune.training_pipeline | saved checkpoint: /app/scripts/training/teacher_finetune/model_exports/teacher-finetune-ff0.75-bs64-20260909-231034/last.pt
2026-09-10 05:51:50 INFO  scripts.training.teacher_finetune.training_pipeline | epoch 7/100 done — next lr=0.000298744, epochs_since_improve=0/15
2026-09-10 05:51:50 INFO  scripts.training.teacher_finetune.training_pipeline | epoch 8/100 — train start (lr=0.000298744, batches=3093)
2026-09-10 05:52:54 INFO  scripts.training.teacher_finetune.training_pipeline | step 21700 | loss_grouped_ce=0.1236 lr=0.000298734
2026-09-10 05:53:40 INFO  scripts.training.teacher_finetune.training_pipeline | step 21750 | loss_grouped_ce=0.0371 lr=0.000298724
2026-09-10 05:54:19 INFO  scripts.training.teacher_finetune.training_pipeline | step 21800 | loss_grouped_ce=0.0234 lr=0.000298713
2026-09-10 05:55:08 INFO  scripts.training.teacher_finetune.training_pipeline | step 21850 | loss_grouped_ce=0.2139 lr=0.000298703
2026-09-10 05:56:04 INFO  scripts.training.teacher_finetune.training_pipeline | step 21900 | loss_grouped_ce=0.0898 lr=0.000298693
2026-09-10 05:56:51 INFO  scripts.training.teacher_finetune.training_pipeline | step 21950 | loss_grouped_ce=0.0190 lr=0.000298683
2026-09-10 05:57:31 INFO  scripts.training.teacher_finetune.training_pipeline | step 22000 | loss_grouped_ce=0.1795 lr=0.000298672
2026-09-10 05:58:16 INFO  scripts.training.teacher_finetune.training_pipeline | step 22050 | loss_grouped_ce=0.0606 lr=0.000298662
2026-09-10 05:58:55 INFO  scripts.training.teacher_finetune.training_pipeline | step 22100 | loss_grouped_ce=0.0705 lr=0.000298651
2026-09-10 05:59:38 INFO  scripts.training.teacher_finetune.training_pipeline | step 22150 | loss_grouped_ce=0.0981 lr=0.000298641
2026-09-10 06:00:24 INFO  scripts.training.teacher_finetune.training_pipeline | step 22200 | loss_grouped_ce=0.0899 lr=0.00029863
2026-09-10 06:01:12 INFO  scripts.training.teacher_finetune.training_pipeline | step 22250 | loss_grouped_ce=0.0870 lr=0.00029862
2026-09-10 06:01:58 INFO  scripts.training.teacher_finetune.training_pipeline | step 22300 | loss_grouped_ce=0.0990 lr=0.000298609
2026-09-10 06:02:48 INFO  scripts.training.teacher_finetune.training_pipeline | step 22350 | loss_grouped_ce=0.0657 lr=0.000298598
2026-09-10 06:03:41 INFO  scripts.training.teacher_finetune.training_pipeline | step 22400 | loss_grouped_ce=0.0052 lr=0.000298587
2026-09-10 06:04:31 INFO  scripts.training.teacher_finetune.training_pipeline | step 22450 | loss_grouped_ce=0.2139 lr=0.000298577
2026-09-10 06:05:24 INFO  scripts.training.teacher_finetune.training_pipeline | step 22500 | loss_grouped_ce=0.0155 lr=0.000298566
2026-09-10 06:06:43 INFO  scripts.training.teacher_finetune.training_pipeline | step 22550 | loss_grouped_ce=0.0911 lr=0.000298555
2026-09-10 06:07:43 INFO  scripts.training.teacher_finetune.training_pipeline | step 22600 | loss_grouped_ce=0.0335 lr=0.000298544
2026-09-10 06:08:42 INFO  scripts.training.teacher_finetune.training_pipeline | step 22650 | loss_grouped_ce=0.0244 lr=0.000298533
2026-09-10 06:09:34 INFO  scripts.training.teacher_finetune.training_pipeline | step 22700 | loss_grouped_ce=0.2058 lr=0.000298522
2026-09-10 06:10:20 INFO  scripts.training.teacher_finetune.training_pipeline | step 22750 | loss_grouped_ce=0.1625 lr=0.000298511
2026-09-10 06:11:15 INFO  scripts.training.teacher_finetune.training_pipeline | step 22800 | loss_grouped_ce=2.1640 lr=0.0002985
2026-09-10 06:12:05 INFO  scripts.training.teacher_finetune.training_pipeline | step 22850 | loss_grouped_ce=0.0746 lr=0.000298489
2026-09-10 06:12:57 INFO  scripts.training.teacher_finetune.training_pipeline | step 22900 | loss_grouped_ce=0.1473 lr=0.000298478
2026-09-10 06:13:53 INFO  scripts.training.teacher_finetune.training_pipeline | step 22950 | loss_grouped_ce=0.0779 lr=0.000298467
2026-09-10 06:14:43 INFO  scripts.training.teacher_finetune.training_pipeline | step 23000 | loss_grouped_ce=0.3068 lr=0.000298456
2026-09-10 06:15:31 INFO  scripts.training.teacher_finetune.training_pipeline | step 23050 | loss_grouped_ce=0.1915 lr=0.000298444
2026-09-10 06:16:30 INFO  scripts.training.teacher_finetune.training_pipeline | step 23100 | loss_grouped_ce=0.0602 lr=0.000298433
2026-09-10 06:17:18 INFO  scripts.training.teacher_finetune.training_pipeline | step 23150 | loss_grouped_ce=0.1730 lr=0.000298422
2026-09-10 06:18:11 INFO  scripts.training.teacher_finetune.training_pipeline | step 23200 | loss_grouped_ce=0.0777 lr=0.00029841
2026-09-10 06:18:59 INFO  scripts.training.teacher_finetune.training_pipeline | step 23250 | loss_grouped_ce=0.2598 lr=0.000298399
2026-09-10 06:19:50 INFO  scripts.training.teacher_finetune.training_pipeline | step 23300 | loss_grouped_ce=0.0255 lr=0.000298387
2026-09-10 06:20:43 INFO  scripts.training.teacher_finetune.training_pipeline | step 23350 | loss_grouped_ce=0.0502 lr=0.000298376
2026-09-10 06:21:32 INFO  scripts.training.teacher_finetune.training_pipeline | step 23400 | loss_grouped_ce=0.1643 lr=0.000298364
2026-09-10 06:22:31 INFO  scripts.training.teacher_finetune.training_pipeline | step 23450 | loss_grouped_ce=0.1167 lr=0.000298353
2026-09-10 06:23:20 INFO  scripts.training.teacher_finetune.training_pipeline | step 23500 | loss_grouped_ce=0.0584 lr=0.000298341
2026-09-10 06:24:14 INFO  scripts.training.teacher_finetune.training_pipeline | step 23550 | loss_grouped_ce=0.1596 lr=0.00029833
2026-09-10 06:25:01 INFO  scripts.training.teacher_finetune.training_pipeline | step 23600 | loss_grouped_ce=0.0668 lr=0.000298318
2026-09-10 06:25:56 INFO  scripts.training.teacher_finetune.training_pipeline | step 23650 | loss_grouped_ce=0.1198 lr=0.000298306
2026-09-10 06:26:42 INFO  scripts.training.teacher_finetune.training_pipeline | step 23700 | loss_grouped_ce=0.1143 lr=0.000298294
2026-09-10 06:27:38 INFO  scripts.training.teacher_finetune.training_pipeline | step 23750 | loss_grouped_ce=0.0971 lr=0.000298282
2026-09-10 06:28:27 INFO  scripts.training.teacher_finetune.training_pipeline | step 23800 | loss_grouped_ce=0.1459 lr=0.000298271
2026-09-10 06:29:21 INFO  scripts.training.teacher_finetune.training_pipeline | step 23850 | loss_grouped_ce=0.1131 lr=0.000298259
2026-09-10 06:30:08 INFO  scripts.training.teacher_finetune.training_pipeline | step 23900 | loss_grouped_ce=0.3164 lr=0.000298247
2026-09-10 06:30:59 INFO  scripts.training.teacher_finetune.training_pipeline | step 23950 | loss_grouped_ce=0.1048 lr=0.000298235
2026-09-10 06:31:54 INFO  scripts.training.teacher_finetune.training_pipeline | step 24000 | loss_grouped_ce=0.1660 lr=0.000298223
2026-09-10 06:32:43 INFO  scripts.training.teacher_finetune.training_pipeline | step 24050 | loss_grouped_ce=0.1719 lr=0.000298211
2026-09-10 06:33:42 INFO  scripts.training.teacher_finetune.training_pipeline | step 24100 | loss_grouped_ce=0.0574 lr=0.000298199
2026-09-10 06:34:43 INFO  scripts.training.teacher_finetune.training_pipeline | step 24150 | loss_grouped_ce=0.1533 lr=0.000298186
2026-09-10 06:35:37 INFO  scripts.training.teacher_finetune.training_pipeline | step 24200 | loss_grouped_ce=0.0965 lr=0.000298174
2026-09-10 06:36:31 INFO  scripts.training.teacher_finetune.training_pipeline | step 24250 | loss_grouped_ce=0.0649 lr=0.000298162
2026-09-10 06:37:28 INFO  scripts.training.teacher_finetune.training_pipeline | step 24300 | loss_grouped_ce=0.0445 lr=0.00029815
2026-09-10 06:38:19 INFO  scripts.training.teacher_finetune.training_pipeline | step 24350 | loss_grouped_ce=0.0536 lr=0.000298137
2026-09-10 06:39:16 INFO  scripts.training.teacher_finetune.training_pipeline | step 24400 | loss_grouped_ce=0.2113 lr=0.000298125
2026-09-10 06:40:18 INFO  scripts.training.teacher_finetune.training_pipeline | step 24450 | loss_grouped_ce=0.0790 lr=0.000298113
2026-09-10 06:41:08 INFO  scripts.training.teacher_finetune.training_pipeline | step 24500 | loss_grouped_ce=0.0453 lr=0.0002981
2026-09-10 06:41:57 INFO  scripts.training.teacher_finetune.training_pipeline | step 24550 | loss_grouped_ce=0.2366 lr=0.000298088
2026-09-10 06:42:48 INFO  scripts.training.teacher_finetune.training_pipeline | step 24600 | loss_grouped_ce=0.0353 lr=0.000298075
2026-09-10 06:43:41 INFO  scripts.training.teacher_finetune.training_pipeline | step 24650 | loss_grouped_ce=0.1216 lr=0.000298063
2026-09-10 06:44:22 INFO  scripts.training.teacher_finetune.training_pipeline | step 24700 | loss_grouped_ce=0.1296 lr=0.00029805
2026-09-10 06:45:00 INFO  scripts.training.teacher_finetune.training_pipeline | epoch 8/100 — train done in 3189.8s | avg loss_grouped_ce=0.1194 | skipped=0/3093 batches (non-finite)
2026-09-10 06:45:00 INFO  scripts.training.teacher_finetune.evaluate | evaluating on 349 batches
2026-09-10 06:53:57 INFO  scripts.training.teacher_finetune.training_pipeline | epoch 8/100 — val accuracy_top1=0.8242 f1_macro=0.8303 f1_micro=0.8242 (selection f1_macro=0.8303)
2026-09-10 06:53:58 INFO  scripts.training.teacher_finetune.evaluate | mlflow: logged val/accuracy_top1=0.8242 val/f1_macro=0.8303 val/f1_micro=0.8242 (step=7, n=22274)
2026-09-10 06:53:58 INFO  scripts.training.teacher_finetune.evaluate | mlflow: logged val per-source accuracy table (7 sources)
2026-09-10 06:54:02 INFO  scripts.training.teacher_finetune.training_pipeline | saved checkpoint: /app/scripts/training/teacher_finetune/model_exports/teacher-finetune-ff0.75-bs64-20260909-231034/last.pt
2026-09-10 06:54:02 INFO  scripts.training.teacher_finetune.training_pipeline | epoch 8/100 done — next lr=0.000298039, epochs_since_improve=1/15
2026-09-10 06:54:02 INFO  scripts.training.teacher_finetune.training_pipeline | epoch 9/100 — train start (lr=0.000298039, batches=3093)
2026-09-10 06:54:24 INFO  scripts.training.teacher_finetune.training_pipeline | step 24750 | loss_grouped_ce=0.1304 lr=0.000298037
2026-09-10 06:55:26 INFO  scripts.training.teacher_finetune.training_pipeline | step 24800 | loss_grouped_ce=0.0060 lr=0.000298025
2026-09-10 06:56:21 INFO  scripts.training.teacher_finetune.training_pipeline | step 24850 | loss_grouped_ce=0.0148 lr=0.000298012
2026-09-10 06:57:16 INFO  scripts.training.teacher_finetune.training_pipeline | step 24900 | loss_grouped_ce=0.1273 lr=0.000297999
2026-09-10 06:58:09 INFO  scripts.training.teacher_finetune.training_pipeline | step 24950 | loss_grouped_ce=0.0685 lr=0.000297986
2026-09-10 06:59:06 INFO  scripts.training.teacher_finetune.training_pipeline | step 25000 | loss_grouped_ce=0.0967 lr=0.000297974
2026-09-10 06:59:52 INFO  scripts.training.teacher_finetune.training_pipeline | step 25050 | loss_grouped_ce=0.1104 lr=0.000297961
2026-09-10 07:00:45 INFO  scripts.training.teacher_finetune.training_pipeline | step 25100 | loss_grouped_ce=0.1004 lr=0.000297948
2026-09-10 07:01:37 INFO  scripts.training.teacher_finetune.training_pipeline | step 25150 | loss_grouped_ce=0.0103 lr=0.000297935
2026-09-10 07:02:29 INFO  scripts.training.teacher_finetune.training_pipeline | step 25200 | loss_grouped_ce=0.1652 lr=0.000297922
2026-09-10 07:03:23 INFO  scripts.training.teacher_finetune.training_pipeline | step 25250 | loss_grouped_ce=0.0969 lr=0.000297909
2026-09-10 07:04:27 INFO  scripts.training.teacher_finetune.training_pipeline | step 25300 | loss_grouped_ce=0.0218 lr=0.000297896
2026-09-10 07:05:22 INFO  scripts.training.teacher_finetune.training_pipeline | step 25350 | loss_grouped_ce=0.3319 lr=0.000297883
2026-09-10 07:06:16 INFO  scripts.training.teacher_finetune.training_pipeline | step 25400 | loss_grouped_ce=0.2490 lr=0.000297869
2026-09-10 07:07:04 INFO  scripts.training.teacher_finetune.training_pipeline | step 25450 | loss_grouped_ce=0.0685 lr=0.000297856
2026-09-10 07:07:57 INFO  scripts.training.teacher_finetune.training_pipeline | step 25500 | loss_grouped_ce=0.0693 lr=0.000297843
2026-09-10 07:08:52 INFO  scripts.training.teacher_finetune.training_pipeline | step 25550 | loss_grouped_ce=0.1826 lr=0.00029783
2026-09-10 07:09:52 INFO  scripts.training.teacher_finetune.training_pipeline | step 25600 | loss_grouped_ce=0.0091 lr=0.000297816
2026-09-10 07:10:47 INFO  scripts.training.teacher_finetune.training_pipeline | step 25650 | loss_grouped_ce=0.0716 lr=0.000297803
2026-09-10 07:11:37 INFO  scripts.training.teacher_finetune.training_pipeline | step 25700 | loss_grouped_ce=0.1103 lr=0.00029779
2026-09-10 07:12:24 INFO  scripts.training.teacher_finetune.training_pipeline | step 25750 | loss_grouped_ce=0.0656 lr=0.000297776
2026-09-10 07:13:14 INFO  scripts.training.teacher_finetune.training_pipeline | step 25800 | loss_grouped_ce=0.0123 lr=0.000297763
2026-09-10 07:14:14 INFO  scripts.training.teacher_finetune.training_pipeline | step 25850 | loss_grouped_ce=0.0608 lr=0.000297749
2026-09-10 07:15:04 INFO  scripts.training.teacher_finetune.training_pipeline | step 25900 | loss_grouped_ce=0.0141 lr=0.000297736
2026-09-10 07:15:56 INFO  scripts.training.teacher_finetune.training_pipeline | step 25950 | loss_grouped_ce=0.0316 lr=0.000297722
2026-09-10 07:16:43 INFO  scripts.training.teacher_finetune.training_pipeline | step 26000 | loss_grouped_ce=0.0628 lr=0.000297708
2026-09-10 07:17:40 INFO  scripts.training.teacher_finetune.training_pipeline | step 26050 | loss_grouped_ce=0.2049 lr=0.000297695
2026-09-10 07:18:39 INFO  scripts.training.teacher_finetune.training_pipeline | step 26100 | loss_grouped_ce=0.0124 lr=0.000297681
2026-09-10 07:19:29 INFO  scripts.training.teacher_finetune.training_pipeline | step 26150 | loss_grouped_ce=0.0846 lr=0.000297667
2026-09-10 07:20:20 INFO  scripts.training.teacher_finetune.training_pipeline | step 26200 | loss_grouped_ce=0.0813 lr=0.000297653
2026-09-10 07:21:10 INFO  scripts.training.teacher_finetune.training_pipeline | step 26250 | loss_grouped_ce=0.1321 lr=0.00029764
2026-09-10 07:22:00 INFO  scripts.training.teacher_finetune.training_pipeline | step 26300 | loss_grouped_ce=0.0503 lr=0.000297626
2026-09-10 07:22:51 INFO  scripts.training.teacher_finetune.training_pipeline | step 26350 | loss_grouped_ce=0.0987 lr=0.000297612
2026-09-10 07:23:39 INFO  scripts.training.teacher_finetune.training_pipeline | step 26400 | loss_grouped_ce=0.1438 lr=0.000297598
2026-09-10 07:24:34 INFO  scripts.training.teacher_finetune.training_pipeline | step 26450 | loss_grouped_ce=0.1956 lr=0.000297584
2026-09-10 07:25:32 INFO  scripts.training.teacher_finetune.training_pipeline | step 26500 | loss_grouped_ce=0.1306 lr=0.00029757
2026-09-10 07:26:23 INFO  scripts.training.teacher_finetune.training_pipeline | step 26550 | loss_grouped_ce=0.1393 lr=0.000297556
2026-09-10 07:27:10 INFO  scripts.training.teacher_finetune.training_pipeline | step 26600 | loss_grouped_ce=0.0861 lr=0.000297541
2026-09-10 07:27:58 INFO  scripts.training.teacher_finetune.training_pipeline | step 26650 | loss_grouped_ce=0.2008 lr=0.000297527
2026-09-10 07:28:45 INFO  scripts.training.teacher_finetune.training_pipeline | step 26700 | loss_grouped_ce=0.1993 lr=0.000297513
2026-09-10 07:29:39 INFO  scripts.training.teacher_finetune.training_pipeline | step 26750 | loss_grouped_ce=0.1379 lr=0.000297499
2026-09-10 07:30:28 INFO  scripts.training.teacher_finetune.training_pipeline | step 26800 | loss_grouped_ce=0.1952 lr=0.000297485
2026-09-10 07:31:22 INFO  scripts.training.teacher_finetune.training_pipeline | step 26850 | loss_grouped_ce=0.0840 lr=0.00029747
2026-09-10 07:32:11 INFO  scripts.training.teacher_finetune.training_pipeline | step 26900 | loss_grouped_ce=0.0956 lr=0.000297456
2026-09-10 07:33:09 INFO  scripts.training.teacher_finetune.training_pipeline | step 26950 | loss_grouped_ce=0.0729 lr=0.000297441
2026-09-10 07:34:02 INFO  scripts.training.teacher_finetune.training_pipeline | step 27000 | loss_grouped_ce=0.2552 lr=0.000297427
2026-09-10 07:34:52 INFO  scripts.training.teacher_finetune.training_pipeline | step 27050 | loss_grouped_ce=0.1352 lr=0.000297412
2026-09-10 07:35:46 INFO  scripts.training.teacher_finetune.training_pipeline | step 27100 | loss_grouped_ce=0.2954 lr=0.000297398
2026-09-10 07:36:35 INFO  scripts.training.teacher_finetune.training_pipeline | step 27150 | loss_grouped_ce=0.1407 lr=0.000297383
2026-09-10 07:37:18 INFO  scripts.training.teacher_finetune.training_pipeline | step 27200 | loss_grouped_ce=0.1959 lr=0.000297369
2026-09-10 07:38:11 INFO  scripts.training.teacher_finetune.training_pipeline | step 27250 | loss_grouped_ce=0.0484 lr=0.000297354
2026-09-10 07:39:00 INFO  scripts.training.teacher_finetune.training_pipeline | step 27300 | loss_grouped_ce=0.0271 lr=0.000297339
2026-09-10 07:39:46 INFO  scripts.training.teacher_finetune.training_pipeline | step 27350 | loss_grouped_ce=0.1723 lr=0.000297325
2026-09-10 07:40:37 INFO  scripts.training.teacher_finetune.training_pipeline | step 27400 | loss_grouped_ce=0.1877 lr=0.00029731
2026-09-10 07:41:22 INFO  scripts.training.teacher_finetune.training_pipeline | step 27450 | loss_grouped_ce=0.0804 lr=0.000297295
2026-09-10 07:42:16 INFO  scripts.training.teacher_finetune.training_pipeline | step 27500 | loss_grouped_ce=0.2219 lr=0.00029728
2026-09-10 07:43:05 INFO  scripts.training.teacher_finetune.training_pipeline | step 27550 | loss_grouped_ce=0.0972 lr=0.000297265
2026-09-10 07:43:55 INFO  scripts.training.teacher_finetune.training_pipeline | step 27600 | loss_grouped_ce=0.1090 lr=0.00029725
2026-09-10 07:44:47 INFO  scripts.training.teacher_finetune.training_pipeline | step 27650 | loss_grouped_ce=0.0906 lr=0.000297235
2026-09-10 07:45:35 INFO  scripts.training.teacher_finetune.training_pipeline | step 27700 | loss_grouped_ce=0.0658 lr=0.00029722
2026-09-10 07:46:22 INFO  scripts.training.teacher_finetune.training_pipeline | step 27750 | loss_grouped_ce=0.1132 lr=0.000297205
2026-09-10 07:47:13 INFO  scripts.training.teacher_finetune.training_pipeline | step 27800 | loss_grouped_ce=0.1239 lr=0.00029719
2026-09-10 07:47:46 INFO  scripts.training.teacher_finetune.training_pipeline | epoch 9/100 — train done in 3224.4s | avg loss_grouped_ce=0.2139 | skipped=0/3093 batches (non-finite)
2026-09-10 07:47:46 INFO  scripts.training.teacher_finetune.evaluate | evaluating on 349 batches
2026-09-10 07:56:16 INFO  scripts.training.teacher_finetune.training_pipeline | epoch 9/100 — val accuracy_top1=0.8241 f1_macro=0.8303 f1_micro=0.8241 (selection f1_macro=0.8303)
2026-09-10 07:56:18 INFO  scripts.training.teacher_finetune.evaluate | mlflow: logged val/accuracy_top1=0.8241 val/f1_macro=0.8303 val/f1_micro=0.8241 (step=8, n=22274)
2026-09-10 07:56:18 INFO  scripts.training.teacher_finetune.evaluate | mlflow: logged val per-source accuracy table (7 sources)
2026-09-10 07:56:22 INFO  scripts.training.teacher_finetune.training_pipeline | saved checkpoint: /app/scripts/training/teacher_finetune/model_exports/teacher-finetune-ff0.75-bs64-20260909-231034/last.pt
2026-09-10 07:56:22 INFO  scripts.training.teacher_finetune.training_pipeline | epoch 9/100 done — next lr=0.000297179, epochs_since_improve=2/15
2026-09-10 07:56:22 INFO  scripts.training.teacher_finetune.training_pipeline | epoch 10/100 — train start (lr=0.000297179, batches=3093)
2026-09-10 07:56:54 INFO  scripts.training.teacher_finetune.training_pipeline | step 27850 | loss_grouped_ce=0.0013 lr=0.000297175
2026-09-10 07:57:48 INFO  scripts.training.teacher_finetune.training_pipeline | step 27900 | loss_grouped_ce=0.0304 lr=0.00029716
2026-09-10 07:58:38 INFO  scripts.training.teacher_finetune.training_pipeline | step 27950 | loss_grouped_ce=0.0261 lr=0.000297145
2026-09-10 07:59:29 INFO  scripts.training.teacher_finetune.training_pipeline | step 28000 | loss_grouped_ce=0.1920 lr=0.000297129
2026-09-10 08:00:19 INFO  scripts.training.teacher_finetune.training_pipeline | step 28050 | loss_grouped_ce=0.1979 lr=0.000297114
2026-09-10 08:01:12 INFO  scripts.training.teacher_finetune.training_pipeline | step 28100 | loss_grouped_ce=0.0311 lr=0.000297099
2026-09-10 08:01:59 INFO  scripts.training.teacher_finetune.training_pipeline | step 28150 | loss_grouped_ce=0.0985 lr=0.000297083
2026-09-10 08:02:54 INFO  scripts.training.teacher_finetune.training_pipeline | step 28200 | loss_grouped_ce=0.0704 lr=0.000297068
2026-09-10 08:03:50 INFO  scripts.training.teacher_finetune.training_pipeline | step 28250 | loss_grouped_ce=0.0649 lr=0.000297052
2026-09-10 08:04:47 INFO  scripts.training.teacher_finetune.training_pipeline | step 28300 | loss_grouped_ce=0.0228 lr=0.000297037
2026-09-10 08:05:50 INFO  scripts.training.teacher_finetune.training_pipeline | step 28350 | loss_grouped_ce=0.0953 lr=0.000297021
2026-09-10 08:06:37 INFO  scripts.training.teacher_finetune.training_pipeline | step 28400 | loss_grouped_ce=0.0205 lr=0.000297006
2026-09-10 08:07:41 INFO  scripts.training.teacher_finetune.training_pipeline | step 28450 | loss_grouped_ce=0.1139 lr=0.00029699
2026-09-10 08:08:35 INFO  scripts.training.teacher_finetune.training_pipeline | step 28500 | loss_grouped_ce=0.0994 lr=0.000296974
2026-09-10 08:09:25 INFO  scripts.training.teacher_finetune.training_pipeline | step 28550 | loss_grouped_ce=0.0268 lr=0.000296959
2026-09-10 08:10:26 INFO  scripts.training.teacher_finetune.training_pipeline | step 28600 | loss_grouped_ce=0.0975 lr=0.000296943
2026-09-10 08:11:14 INFO  scripts.training.teacher_finetune.training_pipeline | step 28650 | loss_grouped_ce=0.0219 lr=0.000296927
2026-09-10 08:12:00 INFO  scripts.training.teacher_finetune.training_pipeline | step 28700 | loss_grouped_ce=0.2063 lr=0.000296911
2026-09-10 08:12:49 INFO  scripts.training.teacher_finetune.training_pipeline | step 28750 | loss_grouped_ce=0.0345 lr=0.000296896
2026-09-10 08:13:37 INFO  scripts.training.teacher_finetune.training_pipeline | step 28800 | loss_grouped_ce=0.0195 lr=0.00029688
2026-09-10 08:14:22 INFO  scripts.training.teacher_finetune.training_pipeline | step 28850 | loss_grouped_ce=0.1043 lr=0.000296864
2026-09-10 08:15:07 INFO  scripts.training.teacher_finetune.training_pipeline | step 28900 | loss_grouped_ce=0.0427 lr=0.000296848
2026-09-10 08:15:53 INFO  scripts.training.teacher_finetune.training_pipeline | step 28950 | loss_grouped_ce=0.0792 lr=0.000296832
2026-09-10 08:16:36 INFO  scripts.training.teacher_finetune.training_pipeline | step 29000 | loss_grouped_ce=0.1370 lr=0.000296816
2026-09-10 08:17:28 INFO  scripts.training.teacher_finetune.training_pipeline | step 29050 | loss_grouped_ce=0.0403 lr=0.0002968
2026-09-10 08:18:18 INFO  scripts.training.teacher_finetune.training_pipeline | step 29100 | loss_grouped_ce=0.2059 lr=0.000296783
2026-09-10 08:19:05 INFO  scripts.training.teacher_finetune.training_pipeline | step 29150 | loss_grouped_ce=0.0725 lr=0.000296767
2026-09-10 08:19:57 INFO  scripts.training.teacher_finetune.training_pipeline | step 29200 | loss_grouped_ce=0.1026 lr=0.000296751
2026-09-10 08:20:46 INFO  scripts.training.teacher_finetune.training_pipeline | step 29250 | loss_grouped_ce=0.1248 lr=0.000296735
2026-09-10 08:21:34 INFO  scripts.training.teacher_finetune.training_pipeline | step 29300 | loss_grouped_ce=0.0958 lr=0.000296718
2026-09-10 08:22:19 INFO  scripts.training.teacher_finetune.training_pipeline | step 29350 | loss_grouped_ce=0.0180 lr=0.000296702
2026-09-10 08:23:07 INFO  scripts.training.teacher_finetune.training_pipeline | step 29400 | loss_grouped_ce=0.1093 lr=0.000296686
2026-09-10 08:23:55 INFO  scripts.training.teacher_finetune.training_pipeline | step 29450 | loss_grouped_ce=0.0687 lr=0.000296669
2026-09-10 08:24:39 INFO  scripts.training.teacher_finetune.training_pipeline | step 29500 | loss_grouped_ce=0.0324 lr=0.000296653
2026-09-10 08:25:30 INFO  scripts.training.teacher_finetune.training_pipeline | step 29550 | loss_grouped_ce=0.1494 lr=0.000296636
2026-09-10 08:26:20 INFO  scripts.training.teacher_finetune.training_pipeline | step 29600 | loss_grouped_ce=0.0907 lr=0.00029662
2026-09-10 08:27:12 INFO  scripts.training.teacher_finetune.training_pipeline | step 29650 | loss_grouped_ce=0.0284 lr=0.000296603
2026-09-10 08:28:02 INFO  scripts.training.teacher_finetune.training_pipeline | step 29700 | loss_grouped_ce=0.0930 lr=0.000296586
2026-09-10 08:28:45 INFO  scripts.training.teacher_finetune.training_pipeline | step 29750 | loss_grouped_ce=0.0422 lr=0.00029657
2026-09-10 08:29:36 INFO  scripts.training.teacher_finetune.training_pipeline | step 29800 | loss_grouped_ce=0.1578 lr=0.000296553
2026-09-10 08:30:24 INFO  scripts.training.teacher_finetune.training_pipeline | step 29850 | loss_grouped_ce=0.2082 lr=0.000296536
2026-09-10 08:31:11 INFO  scripts.training.teacher_finetune.training_pipeline | step 29900 | loss_grouped_ce=0.1496 lr=0.00029652
2026-09-10 08:32:01 INFO  scripts.training.teacher_finetune.training_pipeline | step 29950 | loss_grouped_ce=0.0805 lr=0.000296503
2026-09-10 08:32:50 INFO  scripts.training.teacher_finetune.training_pipeline | step 30000 | loss_grouped_ce=0.0338 lr=0.000296486
2026-09-10 08:33:41 INFO  scripts.training.teacher_finetune.training_pipeline | step 30050 | loss_grouped_ce=0.1054 lr=0.000296469
2026-09-10 08:34:27 INFO  scripts.training.teacher_finetune.training_pipeline | step 30100 | loss_grouped_ce=0.0734 lr=0.000296452
2026-09-10 08:35:13 INFO  scripts.training.teacher_finetune.training_pipeline | step 30150 | loss_grouped_ce=0.0278 lr=0.000296435
2026-09-10 08:36:00 INFO  scripts.training.teacher_finetune.training_pipeline | step 30200 | loss_grouped_ce=0.0385 lr=0.000296418
2026-09-10 08:36:51 INFO  scripts.training.teacher_finetune.training_pipeline | step 30250 | loss_grouped_ce=0.0203 lr=0.000296401
2026-09-10 08:37:41 INFO  scripts.training.teacher_finetune.training_pipeline | step 30300 | loss_grouped_ce=0.1739 lr=0.000296384
2026-09-10 08:38:27 INFO  scripts.training.teacher_finetune.training_pipeline | step 30350 | loss_grouped_ce=0.0997 lr=0.000296367
2026-09-10 08:39:21 INFO  scripts.training.teacher_finetune.training_pipeline | step 30400 | loss_grouped_ce=0.0469 lr=0.000296349
2026-09-10 08:40:12 INFO  scripts.training.teacher_finetune.training_pipeline | step 30450 | loss_grouped_ce=0.2025 lr=0.000296332
2026-09-10 08:41:03 INFO  scripts.training.teacher_finetune.training_pipeline | step 30500 | loss_grouped_ce=0.0784 lr=0.000296315
2026-09-10 08:41:54 INFO  scripts.training.teacher_finetune.training_pipeline | step 30550 | loss_grouped_ce=0.0273 lr=0.000296298
2026-09-10 08:42:49 INFO  scripts.training.teacher_finetune.training_pipeline | step 30600 | loss_grouped_ce=0.1394 lr=0.00029628
2026-09-10 08:43:40 INFO  scripts.training.teacher_finetune.training_pipeline | step 30650 | loss_grouped_ce=0.0182 lr=0.000296263
2026-09-10 08:44:29 INFO  scripts.training.teacher_finetune.training_pipeline | step 30700 | loss_grouped_ce=0.1689 lr=0.000296245
2026-09-10 08:45:22 INFO  scripts.training.teacher_finetune.training_pipeline | step 30750 | loss_grouped_ce=0.0732 lr=0.000296228
2026-09-10 08:46:14 INFO  scripts.training.teacher_finetune.training_pipeline | step 30800 | loss_grouped_ce=0.3189 lr=0.00029621
2026-09-10 08:47:00 INFO  scripts.training.teacher_finetune.training_pipeline | step 30850 | loss_grouped_ce=0.0571 lr=0.000296193
2026-09-10 08:47:53 INFO  scripts.training.teacher_finetune.training_pipeline | step 30900 | loss_grouped_ce=0.0578 lr=0.000296175
2026-09-10 08:48:18 INFO  scripts.training.teacher_finetune.training_pipeline | epoch 10/100 — train done in 3116.1s | avg loss_grouped_ce=0.0997 | skipped=0/3093 batches (non-finite)
2026-09-10 08:48:18 INFO  scripts.training.teacher_finetune.evaluate | evaluating on 349 batches
2026-09-10 08:56:42 INFO  scripts.training.teacher_finetune.training_pipeline | epoch 10/100 — val accuracy_top1=0.8240 f1_macro=0.8300 f1_micro=0.8240 (selection f1_macro=0.8300)
2026-09-10 08:56:43 INFO  scripts.training.teacher_finetune.evaluate | mlflow: logged val/accuracy_top1=0.8240 val/f1_macro=0.8300 val/f1_micro=0.8240 (step=9, n=22274)
2026-09-10 08:56:43 INFO  scripts.training.teacher_finetune.evaluate | mlflow: logged val per-source accuracy table (7 sources)
2026-09-10 08:56:45 INFO  scripts.training.teacher_finetune.training_pipeline | saved checkpoint: /app/scripts/training/teacher_finetune/model_exports/teacher-finetune-ff0.75-bs64-20260909-231034/last.pt
2026-09-10 08:56:45 INFO  scripts.training.teacher_finetune.training_pipeline | epoch 10/100 done — next lr=0.000296165, epochs_since_improve=3/15
2026-09-10 08:56:45 INFO  scripts.training.teacher_finetune.training_pipeline | epoch 11/100 — train start (lr=0.000296165, batches=3093)
2026-09-10 08:57:15 INFO  scripts.training.teacher_finetune.training_pipeline | step 30950 | loss_grouped_ce=0.0047 lr=0.000296158
2026-09-10 08:58:04 INFO  scripts.training.teacher_finetune.training_pipeline | step 31000 | loss_grouped_ce=0.0300 lr=0.00029614
2026-09-10 08:58:50 INFO  scripts.training.teacher_finetune.training_pipeline | step 31050 | loss_grouped_ce=0.0448 lr=0.000296122
2026-09-10 08:59:39 INFO  scripts.training.teacher_finetune.training_pipeline | step 31100 | loss_grouped_ce=0.0946 lr=0.000296105
2026-09-10 09:00:26 INFO  scripts.training.teacher_finetune.training_pipeline | step 31150 | loss_grouped_ce=0.0497 lr=0.000296087
2026-09-10 09:01:20 INFO  scripts.training.teacher_finetune.training_pipeline | step 31200 | loss_grouped_ce=0.1058 lr=0.000296069
2026-09-10 09:02:12 INFO  scripts.training.teacher_finetune.training_pipeline | step 31250 | loss_grouped_ce=0.0242 lr=0.000296051
2026-09-10 09:03:03 INFO  scripts.training.teacher_finetune.training_pipeline | step 31300 | loss_grouped_ce=0.2261 lr=0.000296033
2026-09-10 09:03:45 INFO  scripts.training.teacher_finetune.training_pipeline | step 31350 | loss_grouped_ce=0.0080 lr=0.000296015
2026-09-10 09:04:37 INFO  scripts.training.teacher_finetune.training_pipeline | step 31400 | loss_grouped_ce=0.1469 lr=0.000295997
2026-09-10 09:05:32 INFO  scripts.training.teacher_finetune.training_pipeline | step 31450 | loss_grouped_ce=0.1123 lr=0.000295979
2026-09-10 09:06:21 INFO  scripts.training.teacher_finetune.training_pipeline | step 31500 | loss_grouped_ce=0.0262 lr=0.000295961
2026-09-10 09:07:08 INFO  scripts.training.teacher_finetune.training_pipeline | step 31550 | loss_grouped_ce=0.0031 lr=0.000295943
2026-09-10 09:08:06 INFO  scripts.training.teacher_finetune.training_pipeline | step 31600 | loss_grouped_ce=0.2325 lr=0.000295925
2026-09-10 09:08:50 INFO  scripts.training.teacher_finetune.training_pipeline | step 31650 | loss_grouped_ce=0.0814 lr=0.000295907
2026-09-10 09:09:47 INFO  scripts.training.teacher_finetune.training_pipeline | step 31700 | loss_grouped_ce=0.0084 lr=0.000295888
2026-09-10 09:10:38 INFO  scripts.training.teacher_finetune.training_pipeline | step 31750 | loss_grouped_ce=0.1567 lr=0.00029587
2026-09-10 09:11:43 INFO  scripts.training.teacher_finetune.training_pipeline | step 31800 | loss_grouped_ce=0.0317 lr=0.000295852
2026-09-10 09:12:38 INFO  scripts.training.teacher_finetune.training_pipeline | step 31850 | loss_grouped_ce=0.1131 lr=0.000295833
2026-09-10 09:13:41 INFO  scripts.training.teacher_finetune.training_pipeline | step 31900 | loss_grouped_ce=0.1067 lr=0.000295815
2026-09-10 09:14:41 INFO  scripts.training.teacher_finetune.training_pipeline | step 31950 | loss_grouped_ce=0.0380 lr=0.000295797
2026-09-10 09:15:37 INFO  scripts.training.teacher_finetune.training_pipeline | step 32000 | loss_grouped_ce=0.2065 lr=0.000295778
2026-09-10 09:16:34 INFO  scripts.training.teacher_finetune.training_pipeline | step 32050 | loss_grouped_ce=0.0774 lr=0.00029576
2026-09-10 09:17:31 INFO  scripts.training.teacher_finetune.training_pipeline | step 32100 | loss_grouped_ce=0.0747 lr=0.000295741
2026-09-10 09:18:24 INFO  scripts.training.teacher_finetune.training_pipeline | step 32150 | loss_grouped_ce=0.0966 lr=0.000295722
2026-09-10 09:19:21 INFO  scripts.training.teacher_finetune.training_pipeline | step 32200 | loss_grouped_ce=0.0879 lr=0.000295704
2026-09-10 09:20:11 INFO  scripts.training.teacher_finetune.training_pipeline | step 32250 | loss_grouped_ce=0.0839 lr=0.000295685
2026-09-10 09:21:07 INFO  scripts.training.teacher_finetune.training_pipeline | step 32300 | loss_grouped_ce=0.0504 lr=0.000295666
2026-09-10 09:21:54 INFO  scripts.training.teacher_finetune.training_pipeline | step 32350 | loss_grouped_ce=0.2405 lr=0.000295648
2026-09-10 09:22:57 INFO  scripts.training.teacher_finetune.training_pipeline | step 32400 | loss_grouped_ce=0.0465 lr=0.000295629
2026-09-10 09:23:45 INFO  scripts.training.teacher_finetune.training_pipeline | step 32450 | loss_grouped_ce=0.1567 lr=0.00029561
2026-09-10 09:24:42 INFO  scripts.training.teacher_finetune.training_pipeline | step 32500 | loss_grouped_ce=0.0122 lr=0.000295591
2026-09-10 09:25:41 INFO  scripts.training.teacher_finetune.training_pipeline | step 32550 | loss_grouped_ce=0.1082 lr=0.000295572
2026-09-10 09:26:25 INFO  scripts.training.teacher_finetune.training_pipeline | step 32600 | loss_grouped_ce=0.1776 lr=0.000295553
2026-09-10 09:27:25 INFO  scripts.training.teacher_finetune.training_pipeline | step 32650 | loss_grouped_ce=0.0144 lr=0.000295534
2026-09-10 09:28:21 INFO  scripts.training.teacher_finetune.training_pipeline | step 32700 | loss_grouped_ce=0.0126 lr=0.000295515
2026-09-10 09:29:09 INFO  scripts.training.teacher_finetune.training_pipeline | step 32750 | loss_grouped_ce=0.0511 lr=0.000295496
2026-09-10 09:30:03 INFO  scripts.training.teacher_finetune.training_pipeline | step 32800 | loss_grouped_ce=0.0755 lr=0.000295477
2026-09-10 09:31:02 INFO  scripts.training.teacher_finetune.training_pipeline | step 32850 | loss_grouped_ce=0.0926 lr=0.000295458
2026-09-10 09:31:59 INFO  scripts.training.teacher_finetune.training_pipeline | step 32900 | loss_grouped_ce=0.0459 lr=0.000295439
2026-09-10 09:32:55 INFO  scripts.training.teacher_finetune.training_pipeline | step 32950 | loss_grouped_ce=0.0181 lr=0.00029542
2026-09-10 09:33:49 INFO  scripts.training.teacher_finetune.training_pipeline | step 33000 | loss_grouped_ce=0.0600 lr=0.0002954
2026-09-10 09:34:51 INFO  scripts.training.teacher_finetune.training_pipeline | step 33050 | loss_grouped_ce=0.0246 lr=0.000295381
2026-09-10 09:35:59 INFO  scripts.training.teacher_finetune.training_pipeline | step 33100 | loss_grouped_ce=0.0268 lr=0.000295362
2026-09-10 09:37:02 INFO  scripts.training.teacher_finetune.training_pipeline | step 33150 | loss_grouped_ce=0.0401 lr=0.000295342
2026-09-10 09:38:06 INFO  scripts.training.teacher_finetune.training_pipeline | step 33200 | loss_grouped_ce=0.1644 lr=0.000295323
2026-09-10 09:38:52 INFO  scripts.training.teacher_finetune.training_pipeline | step 33250 | loss_grouped_ce=0.0599 lr=0.000295303
2026-09-10 09:39:48 INFO  scripts.training.teacher_finetune.training_pipeline | step 33300 | loss_grouped_ce=0.0909 lr=0.000295284
2026-09-10 09:40:38 INFO  scripts.training.teacher_finetune.training_pipeline | step 33350 | loss_grouped_ce=0.0891 lr=0.000295264
2026-09-10 09:41:33 INFO  scripts.training.teacher_finetune.training_pipeline | step 33400 | loss_grouped_ce=0.1366 lr=0.000295245
2026-09-10 09:42:35 INFO  scripts.training.teacher_finetune.training_pipeline | step 33450 | loss_grouped_ce=0.1740 lr=0.000295225
2026-09-10 09:43:31 INFO  scripts.training.teacher_finetune.training_pipeline | step 33500 | loss_grouped_ce=0.0284 lr=0.000295205
2026-09-10 09:44:21 INFO  scripts.training.teacher_finetune.training_pipeline | step 33550 | loss_grouped_ce=0.0096 lr=0.000295186
2026-09-10 09:45:20 INFO  scripts.training.teacher_finetune.training_pipeline | step 33600 | loss_grouped_ce=0.0531 lr=0.000295166
2026-09-10 09:46:14 INFO  scripts.training.teacher_finetune.training_pipeline | step 33650 | loss_grouped_ce=0.1400 lr=0.000295146
2026-09-10 09:47:07 INFO  scripts.training.teacher_finetune.training_pipeline | step 33700 | loss_grouped_ce=0.0327 lr=0.000295126
2026-09-10 09:48:06 INFO  scripts.training.teacher_finetune.training_pipeline | step 33750 | loss_grouped_ce=0.0277 lr=0.000295106
2026-09-10 09:49:00 INFO  scripts.training.teacher_finetune.training_pipeline | step 33800 | loss_grouped_ce=0.1659 lr=0.000295087
2026-09-10 09:49:52 INFO  scripts.training.teacher_finetune.training_pipeline | step 33850 | loss_grouped_ce=0.1618 lr=0.000295067
2026-09-10 09:50:55 INFO  scripts.training.teacher_finetune.training_pipeline | step 33900 | loss_grouped_ce=0.0994 lr=0.000295047
2026-09-10 09:51:43 INFO  scripts.training.teacher_finetune.training_pipeline | step 33950 | loss_grouped_ce=0.0828 lr=0.000295027
2026-09-10 09:52:35 INFO  scripts.training.teacher_finetune.training_pipeline | step 34000 | loss_grouped_ce=0.1868 lr=0.000295007
2026-09-10 09:52:57 INFO  scripts.training.teacher_finetune.training_pipeline | epoch 11/100 — train done in 3372.0s | avg loss_grouped_ce=0.0905 | skipped=0/3093 batches (non-finite)
2026-09-10 09:52:57 INFO  scripts.training.teacher_finetune.evaluate | evaluating on 349 batches
2026-09-10 10:01:00 INFO  scripts.training.teacher_finetune.training_pipeline | epoch 11/100 — val accuracy_top1=0.8241 f1_macro=0.8300 f1_micro=0.8241 (selection f1_macro=0.8300)
2026-09-10 10:01:01 INFO  scripts.training.teacher_finetune.evaluate | mlflow: logged val/accuracy_top1=0.8241 val/f1_macro=0.8300 val/f1_micro=0.8241 (step=10, n=22274)
2026-09-10 10:01:02 INFO  scripts.training.teacher_finetune.evaluate | mlflow: logged val per-source accuracy table (7 sources)
2026-09-10 10:01:04 INFO  scripts.training.teacher_finetune.training_pipeline | saved checkpoint: /app/scripts/training/teacher_finetune/model_exports/teacher-finetune-ff0.75-bs64-20260909-231034/last.pt
2026-09-10 10:01:04 INFO  scripts.training.teacher_finetune.training_pipeline | epoch 11/100 done — next lr=0.000294998, epochs_since_improve=4/15
2026-09-10 10:01:04 INFO  scripts.training.teacher_finetune.training_pipeline | epoch 12/100 — train start (lr=0.000294998, batches=3093)
2026-09-10 10:01:46 INFO  scripts.training.teacher_finetune.training_pipeline | step 34050 | loss_grouped_ce=0.0298 lr=0.000294986
2026-09-10 10:02:40 INFO  scripts.training.teacher_finetune.training_pipeline | step 34100 | loss_grouped_ce=0.0145 lr=0.000294966
2026-09-10 10:03:31 INFO  scripts.training.teacher_finetune.training_pipeline | step 34150 | loss_grouped_ce=0.0074 lr=0.000294946
2026-09-10 10:04:16 INFO  scripts.training.teacher_finetune.training_pipeline | step 34200 | loss_grouped_ce=0.0869 lr=0.000294926
2026-09-10 10:05:12 INFO  scripts.training.teacher_finetune.training_pipeline | step 34250 | loss_grouped_ce=0.0009 lr=0.000294906
2026-09-10 10:06:07 INFO  scripts.training.teacher_finetune.training_pipeline | step 34300 | loss_grouped_ce=0.0377 lr=0.000294885
2026-09-10 10:06:58 INFO  scripts.training.teacher_finetune.training_pipeline | step 34350 | loss_grouped_ce=0.0242 lr=0.000294865
2026-09-10 10:07:57 INFO  scripts.training.teacher_finetune.training_pipeline | step 34400 | loss_grouped_ce=0.1752 lr=0.000294845
2026-09-10 10:08:49 INFO  scripts.training.teacher_finetune.training_pipeline | step 34450 | loss_grouped_ce=0.0138 lr=0.000294824
2026-09-10 10:09:38 INFO  scripts.training.teacher_finetune.training_pipeline | step 34500 | loss_grouped_ce=0.0384 lr=0.000294804
2026-09-10 10:10:31 INFO  scripts.training.teacher_finetune.training_pipeline | step 34550 | loss_grouped_ce=0.0500 lr=0.000294783
2026-09-10 10:11:14 INFO  scripts.training.teacher_finetune.training_pipeline | step 34600 | loss_grouped_ce=0.0653 lr=0.000294763
2026-09-10 10:12:09 INFO  scripts.training.teacher_finetune.training_pipeline | step 34650 | loss_grouped_ce=0.1274 lr=0.000294742
2026-09-10 10:13:03 INFO  scripts.training.teacher_finetune.training_pipeline | step 34700 | loss_grouped_ce=0.0104 lr=0.000294722
2026-09-10 10:13:52 INFO  scripts.training.teacher_finetune.training_pipeline | step 34750 | loss_grouped_ce=0.0304 lr=0.000294701
2026-09-10 10:14:43 INFO  scripts.training.teacher_finetune.training_pipeline | step 34800 | loss_grouped_ce=0.0255 lr=0.00029468
2026-09-10 10:15:32 INFO  scripts.training.teacher_finetune.training_pipeline | step 34850 | loss_grouped_ce=0.0286 lr=0.000294659
2026-09-10 10:16:23 INFO  scripts.training.teacher_finetune.training_pipeline | step 34900 | loss_grouped_ce=0.2219 lr=0.000294639
2026-09-10 10:17:11 INFO  scripts.training.teacher_finetune.training_pipeline | step 34950 | loss_grouped_ce=0.0918 lr=0.000294618
2026-09-10 10:17:57 INFO  scripts.training.teacher_finetune.training_pipeline | step 35000 | loss_grouped_ce=0.0128 lr=0.000294597
2026-09-10 10:18:43 INFO  scripts.training.teacher_finetune.training_pipeline | step 35050 | loss_grouped_ce=0.0127 lr=0.000294576
2026-09-10 10:19:27 INFO  scripts.training.teacher_finetune.training_pipeline | step 35100 | loss_grouped_ce=0.0978 lr=0.000294555
2026-09-10 10:20:17 INFO  scripts.training.teacher_finetune.training_pipeline | step 35150 | loss_grouped_ce=0.0933 lr=0.000294534
2026-09-10 10:21:06 INFO  scripts.training.teacher_finetune.training_pipeline | step 35200 | loss_grouped_ce=0.2696 lr=0.000294513
2026-09-10 10:21:52 INFO  scripts.training.teacher_finetune.training_pipeline | step 35250 | loss_grouped_ce=0.0831 lr=0.000294492
2026-09-10 10:22:40 INFO  scripts.training.teacher_finetune.training_pipeline | step 35300 | loss_grouped_ce=0.0433 lr=0.000294471
2026-09-10 10:23:29 INFO  scripts.training.teacher_finetune.training_pipeline | step 35350 | loss_grouped_ce=0.1780 lr=0.00029445
2026-09-10 10:24:17 INFO  scripts.training.teacher_finetune.training_pipeline | step 35400 | loss_grouped_ce=0.0227 lr=0.000294429
2026-09-10 10:24:59 INFO  scripts.training.teacher_finetune.training_pipeline | step 35450 | loss_grouped_ce=0.0588 lr=0.000294407
2026-09-10 10:25:48 INFO  scripts.training.teacher_finetune.training_pipeline | step 35500 | loss_grouped_ce=0.2517 lr=0.000294386
2026-09-10 10:26:34 INFO  scripts.training.teacher_finetune.training_pipeline | step 35550 | loss_grouped_ce=0.0278 lr=0.000294365
2026-09-10 10:27:19 INFO  scripts.training.teacher_finetune.training_pipeline | step 35600 | loss_grouped_ce=0.0453 lr=0.000294344
2026-09-10 10:28:11 INFO  scripts.training.teacher_finetune.training_pipeline | step 35650 | loss_grouped_ce=0.0105 lr=0.000294322
2026-09-10 10:28:57 INFO  scripts.training.teacher_finetune.training_pipeline | step 35700 | loss_grouped_ce=0.1853 lr=0.000294301
2026-09-10 10:29:46 INFO  scripts.training.teacher_finetune.training_pipeline | step 35750 | loss_grouped_ce=0.0865 lr=0.000294279
2026-09-10 10:30:28 INFO  scripts.training.teacher_finetune.training_pipeline | step 35800 | loss_grouped_ce=0.2270 lr=0.000294258
2026-09-10 10:31:19 INFO  scripts.training.teacher_finetune.training_pipeline | step 35850 | loss_grouped_ce=0.0424 lr=0.000294236
2026-09-10 10:32:02 INFO  scripts.training.teacher_finetune.training_pipeline | step 35900 | loss_grouped_ce=0.0177 lr=0.000294215
2026-09-10 10:32:56 INFO  scripts.training.teacher_finetune.training_pipeline | step 35950 | loss_grouped_ce=0.0103 lr=0.000294193
2026-09-10 10:33:42 INFO  scripts.training.teacher_finetune.training_pipeline | step 36000 | loss_grouped_ce=0.0131 lr=0.000294171
2026-09-10 10:34:28 INFO  scripts.training.teacher_finetune.training_pipeline | step 36050 | loss_grouped_ce=0.1343 lr=0.00029415
2026-09-10 10:35:18 INFO  scripts.training.teacher_finetune.training_pipeline | step 36100 | loss_grouped_ce=0.0347 lr=0.000294128
2026-09-10 10:36:05 INFO  scripts.training.teacher_finetune.training_pipeline | step 36150 | loss_grouped_ce=0.0901 lr=0.000294106
2026-09-10 10:36:49 INFO  scripts.training.teacher_finetune.training_pipeline | step 36200 | loss_grouped_ce=0.0632 lr=0.000294084
2026-09-10 10:37:40 INFO  scripts.training.teacher_finetune.training_pipeline | step 36250 | loss_grouped_ce=0.0243 lr=0.000294063
2026-09-10 10:38:32 INFO  scripts.training.teacher_finetune.training_pipeline | step 36300 | loss_grouped_ce=0.0470 lr=0.000294041
2026-09-10 10:39:20 INFO  scripts.training.teacher_finetune.training_pipeline | step 36350 | loss_grouped_ce=0.0890 lr=0.000294019
2026-09-10 10:40:08 INFO  scripts.training.teacher_finetune.training_pipeline | step 36400 | loss_grouped_ce=0.0487 lr=0.000293997
2026-09-10 10:40:55 INFO  scripts.training.teacher_finetune.training_pipeline | step 36450 | loss_grouped_ce=0.2499 lr=0.000293975
2026-09-10 10:41:40 INFO  scripts.training.teacher_finetune.training_pipeline | step 36500 | loss_grouped_ce=0.0455 lr=0.000293953
2026-09-10 10:42:28 INFO  scripts.training.teacher_finetune.training_pipeline | step 36550 | loss_grouped_ce=0.1542 lr=0.000293931
2026-09-10 10:43:18 INFO  scripts.training.teacher_finetune.training_pipeline | step 36600 | loss_grouped_ce=0.0254 lr=0.000293909
2026-09-10 10:44:05 INFO  scripts.training.teacher_finetune.training_pipeline | step 36650 | loss_grouped_ce=0.1125 lr=0.000293886
2026-09-10 10:44:53 INFO  scripts.training.teacher_finetune.training_pipeline | step 36700 | loss_grouped_ce=0.2381 lr=0.000293864
2026-09-10 10:45:44 INFO  scripts.training.teacher_finetune.training_pipeline | step 36750 | loss_grouped_ce=0.0952 lr=0.000293842
2026-09-10 10:46:33 INFO  scripts.training.teacher_finetune.training_pipeline | step 36800 | loss_grouped_ce=0.0402 lr=0.00029382
2026-09-10 10:47:18 INFO  scripts.training.teacher_finetune.training_pipeline | step 36850 | loss_grouped_ce=0.2267 lr=0.000293797
2026-09-10 10:48:09 INFO  scripts.training.teacher_finetune.training_pipeline | step 36900 | loss_grouped_ce=0.0978 lr=0.000293775
2026-09-10 10:48:55 INFO  scripts.training.teacher_finetune.training_pipeline | step 36950 | loss_grouped_ce=0.0543 lr=0.000293753
2026-09-10 10:49:43 INFO  scripts.training.teacher_finetune.training_pipeline | step 37000 | loss_grouped_ce=0.0083 lr=0.00029373
2026-09-10 10:50:32 INFO  scripts.training.teacher_finetune.training_pipeline | step 37050 | loss_grouped_ce=0.2025 lr=0.000293708
2026-09-10 10:51:19 INFO  scripts.training.teacher_finetune.training_pipeline | step 37100 | loss_grouped_ce=0.0336 lr=0.000293685
2026-09-10 10:51:31 INFO  scripts.training.teacher_finetune.training_pipeline | epoch 12/100 — train done in 3026.4s | avg loss_grouped_ce=0.0799 | skipped=0/3093 batches (non-finite)
2026-09-10 10:51:31 INFO  scripts.training.teacher_finetune.evaluate | evaluating on 349 batches
2026-09-10 10:59:23 INFO  scripts.training.teacher_finetune.training_pipeline | epoch 12/100 — val accuracy_top1=0.8237 f1_macro=0.8308 f1_micro=0.8237 (selection f1_macro=0.8308)
2026-09-10 10:59:25 INFO  scripts.training.teacher_finetune.evaluate | mlflow: logged val/accuracy_top1=0.8237 val/f1_macro=0.8308 val/f1_micro=0.8237 (step=11, n=22274)
2026-09-10 10:59:25 INFO  scripts.training.teacher_finetune.evaluate | mlflow: logged val per-source accuracy table (7 sources)
2026-09-10 10:59:27 INFO  scripts.training.teacher_finetune.training_pipeline | saved checkpoint: /app/scripts/training/teacher_finetune/model_exports/teacher-finetune-ff0.75-bs64-20260909-231034/last.pt
2026-09-10 10:59:27 INFO  scripts.training.teacher_finetune.training_pipeline | epoch 12/100 done — next lr=0.000293678, epochs_since_improve=5/15
2026-09-10 10:59:27 INFO  scripts.training.teacher_finetune.training_pipeline | epoch 13/100 — train start (lr=0.000293678, batches=3093)
2026-09-10 11:00:10 INFO  scripts.training.teacher_finetune.training_pipeline | step 37150 | loss_grouped_ce=0.0037 lr=0.000293663
2026-09-10 11:01:07 INFO  scripts.training.teacher_finetune.training_pipeline | step 37200 | loss_grouped_ce=0.0333 lr=0.00029364
2026-09-10 11:01:52 INFO  scripts.training.teacher_finetune.training_pipeline | step 37250 | loss_grouped_ce=0.0015 lr=0.000293617
2026-09-10 11:02:44 INFO  scripts.training.teacher_finetune.training_pipeline | step 37300 | loss_grouped_ce=0.0366 lr=0.000293595
2026-09-10 11:03:35 INFO  scripts.training.teacher_finetune.training_pipeline | step 37350 | loss_grouped_ce=0.0374 lr=0.000293572
2026-09-10 11:04:27 INFO  scripts.training.teacher_finetune.training_pipeline | step 37400 | loss_grouped_ce=0.1177 lr=0.000293549
2026-09-10 11:05:20 INFO  scripts.training.teacher_finetune.training_pipeline | step 37450 | loss_grouped_ce=0.0161 lr=0.000293527
2026-09-10 11:06:07 INFO  scripts.training.teacher_finetune.training_pipeline | step 37500 | loss_grouped_ce=0.0018 lr=0.000293504
2026-09-10 11:06:56 INFO  scripts.training.teacher_finetune.training_pipeline | step 37550 | loss_grouped_ce=0.0257 lr=0.000293481
2026-09-10 11:07:49 INFO  scripts.training.teacher_finetune.training_pipeline | step 37600 | loss_grouped_ce=0.0747 lr=0.000293458
2026-09-10 11:08:39 INFO  scripts.training.teacher_finetune.training_pipeline | step 37650 | loss_grouped_ce=0.0134 lr=0.000293435
2026-09-10 11:09:34 INFO  scripts.training.teacher_finetune.training_pipeline | step 37700 | loss_grouped_ce=0.0165 lr=0.000293412
2026-09-10 11:10:27 INFO  scripts.training.teacher_finetune.training_pipeline | step 37750 | loss_grouped_ce=0.1681 lr=0.000293389
2026-09-10 11:11:13 INFO  scripts.training.teacher_finetune.training_pipeline | step 37800 | loss_grouped_ce=0.0472 lr=0.000293366
2026-09-10 11:11:59 INFO  scripts.training.teacher_finetune.training_pipeline | step 37850 | loss_grouped_ce=0.0807 lr=0.000293343
2026-09-10 11:12:46 INFO  scripts.training.teacher_finetune.training_pipeline | step 37900 | loss_grouped_ce=0.0322 lr=0.00029332
2026-09-10 11:13:35 INFO  scripts.training.teacher_finetune.training_pipeline | step 37950 | loss_grouped_ce=0.1040 lr=0.000293296
2026-09-10 11:14:22 INFO  scripts.training.teacher_finetune.training_pipeline | step 38000 | loss_grouped_ce=0.0790 lr=0.000293273
2026-09-10 11:15:11 INFO  scripts.training.teacher_finetune.training_pipeline | step 38050 | loss_grouped_ce=0.0393 lr=0.00029325
2026-09-10 11:15:56 INFO  scripts.training.teacher_finetune.training_pipeline | step 38100 | loss_grouped_ce=0.0866 lr=0.000293227
2026-09-10 11:16:40 INFO  scripts.training.teacher_finetune.training_pipeline | step 38150 | loss_grouped_ce=0.0205 lr=0.000293203
2026-09-10 11:17:26 INFO  scripts.training.teacher_finetune.training_pipeline | step 38200 | loss_grouped_ce=0.1017 lr=0.00029318
2026-09-10 11:18:11 INFO  scripts.training.teacher_finetune.training_pipeline | step 38250 | loss_grouped_ce=0.0321 lr=0.000293157
2026-09-10 11:19:01 INFO  scripts.training.teacher_finetune.training_pipeline | step 38300 | loss_grouped_ce=0.0657 lr=0.000293133
2026-09-10 11:19:49 INFO  scripts.training.teacher_finetune.training_pipeline | step 38350 | loss_grouped_ce=0.0220 lr=0.00029311
2026-09-10 11:20:34 INFO  scripts.training.teacher_finetune.training_pipeline | step 38400 | loss_grouped_ce=0.0361 lr=0.000293086
2026-09-10 11:21:16 INFO  scripts.training.teacher_finetune.training_pipeline | step 38450 | loss_grouped_ce=0.0841 lr=0.000293062
2026-09-10 11:22:08 INFO  scripts.training.teacher_finetune.training_pipeline | step 38500 | loss_grouped_ce=0.0511 lr=0.000293039
2026-09-10 11:22:59 INFO  scripts.training.teacher_finetune.training_pipeline | step 38550 | loss_grouped_ce=0.0137 lr=0.000293015
2026-09-10 11:23:49 INFO  scripts.training.teacher_finetune.training_pipeline | step 38600 | loss_grouped_ce=0.1543 lr=0.000292991
2026-09-10 11:24:38 INFO  scripts.training.teacher_finetune.training_pipeline | step 38650 | loss_grouped_ce=0.1123 lr=0.000292968
2026-09-10 11:25:31 INFO  scripts.training.teacher_finetune.training_pipeline | step 38700 | loss_grouped_ce=0.0578 lr=0.000292944
2026-09-10 11:26:16 INFO  scripts.training.teacher_finetune.training_pipeline | step 38750 | loss_grouped_ce=0.1631 lr=0.00029292
2026-09-10 11:27:02 INFO  scripts.training.teacher_finetune.training_pipeline | step 38800 | loss_grouped_ce=0.0771 lr=0.000292896
2026-09-10 11:27:51 INFO  scripts.training.teacher_finetune.training_pipeline | step 38850 | loss_grouped_ce=0.0740 lr=0.000292872
2026-09-10 11:28:39 INFO  scripts.training.teacher_finetune.training_pipeline | step 38900 | loss_grouped_ce=0.0079 lr=0.000292849
2026-09-10 11:29:28 INFO  scripts.training.teacher_finetune.training_pipeline | step 38950 | loss_grouped_ce=0.0797 lr=0.000292825
2026-09-10 11:30:14 INFO  scripts.training.teacher_finetune.training_pipeline | step 39000 | loss_grouped_ce=0.0623 lr=0.000292801
2026-09-10 11:30:59 INFO  scripts.training.teacher_finetune.training_pipeline | step 39050 | loss_grouped_ce=0.0613 lr=0.000292776
2026-09-10 11:31:48 INFO  scripts.training.teacher_finetune.training_pipeline | step 39100 | loss_grouped_ce=0.1832 lr=0.000292752
2026-09-10 11:32:41 INFO  scripts.training.teacher_finetune.training_pipeline | step 39150 | loss_grouped_ce=0.0458 lr=0.000292728
2026-09-10 11:33:28 INFO  scripts.training.teacher_finetune.training_pipeline | step 39200 | loss_grouped_ce=0.2295 lr=0.000292704
2026-09-10 11:34:16 INFO  scripts.training.teacher_finetune.training_pipeline | step 39250 | loss_grouped_ce=0.0145 lr=0.00029268
2026-09-10 11:35:02 INFO  scripts.training.teacher_finetune.training_pipeline | step 39300 | loss_grouped_ce=0.0402 lr=0.000292656
2026-09-10 11:35:51 INFO  scripts.training.teacher_finetune.training_pipeline | step 39350 | loss_grouped_ce=0.1108 lr=0.000292631
2026-09-10 11:36:34 INFO  scripts.training.teacher_finetune.training_pipeline | step 39400 | loss_grouped_ce=0.0092 lr=0.000292607
2026-09-10 11:37:18 INFO  scripts.training.teacher_finetune.training_pipeline | step 39450 | loss_grouped_ce=0.0667 lr=0.000292583
2026-09-10 11:38:03 INFO  scripts.training.teacher_finetune.training_pipeline | step 39500 | loss_grouped_ce=0.1292 lr=0.000292558
2026-09-10 11:38:48 INFO  scripts.training.teacher_finetune.training_pipeline | step 39550 | loss_grouped_ce=0.1340 lr=0.000292534
2026-09-10 11:39:33 INFO  scripts.training.teacher_finetune.training_pipeline | step 39600 | loss_grouped_ce=0.0858 lr=0.000292509
2026-09-10 11:40:19 INFO  scripts.training.teacher_finetune.training_pipeline | step 39650 | loss_grouped_ce=0.0684 lr=0.000292485
2026-09-10 11:41:02 INFO  scripts.training.teacher_finetune.training_pipeline | step 39700 | loss_grouped_ce=0.0473 lr=0.00029246
2026-09-10 11:41:51 INFO  scripts.training.teacher_finetune.training_pipeline | step 39750 | loss_grouped_ce=0.0856 lr=0.000292436
2026-09-10 11:42:44 INFO  scripts.training.teacher_finetune.training_pipeline | step 39800 | loss_grouped_ce=0.0958 lr=0.000292411
2026-09-10 11:43:33 INFO  scripts.training.teacher_finetune.training_pipeline | step 39850 | loss_grouped_ce=0.0678 lr=0.000292386
2026-09-10 11:44:16 INFO  scripts.training.teacher_finetune.training_pipeline | step 39900 | loss_grouped_ce=0.1124 lr=0.000292362
2026-09-10 11:44:58 INFO  scripts.training.teacher_finetune.training_pipeline | step 39950 | loss_grouped_ce=0.1661 lr=0.000292337
2026-09-10 11:45:42 INFO  scripts.training.teacher_finetune.training_pipeline | step 40000 | loss_grouped_ce=0.1411 lr=0.000292312
2026-09-10 11:46:26 INFO  scripts.training.teacher_finetune.training_pipeline | step 40050 | loss_grouped_ce=0.0593 lr=0.000292287
2026-09-10 11:47:11 INFO  scripts.training.teacher_finetune.training_pipeline | step 40100 | loss_grouped_ce=0.1469 lr=0.000292263
2026-09-10 11:47:58 INFO  scripts.training.teacher_finetune.training_pipeline | step 40150 | loss_grouped_ce=0.0666 lr=0.000292238
2026-09-10 11:48:43 INFO  scripts.training.teacher_finetune.training_pipeline | step 40200 | loss_grouped_ce=0.0515 lr=0.000292213
2026-09-10 11:48:49 INFO  scripts.training.teacher_finetune.training_pipeline | epoch 13/100 — train done in 2962.0s | avg loss_grouped_ce=0.0829 | skipped=0/3093 batches (non-finite)
2026-09-10 11:48:49 INFO  scripts.training.teacher_finetune.evaluate | evaluating on 349 batches
2026-09-10 11:57:08 INFO  scripts.training.teacher_finetune.training_pipeline | epoch 13/100 — val accuracy_top1=0.8221 f1_macro=0.8295 f1_micro=0.8221 (selection f1_macro=0.8295)
2026-09-10 11:57:09 INFO  scripts.training.teacher_finetune.evaluate | mlflow: logged val/accuracy_top1=0.8221 val/f1_macro=0.8295 val/f1_micro=0.8221 (step=12, n=22274)
2026-09-10 11:57:09 INFO  scripts.training.teacher_finetune.evaluate | mlflow: logged val per-source accuracy table (7 sources)
2026-09-10 11:57:11 INFO  scripts.training.teacher_finetune.training_pipeline | saved checkpoint: /app/scripts/training/teacher_finetune/model_exports/teacher-finetune-ff0.75-bs64-20260909-231034/last.pt
2026-09-10 11:57:11 INFO  scripts.training.teacher_finetune.training_pipeline | epoch 13/100 done — next lr=0.000292209, epochs_since_improve=6/15
2026-09-10 11:57:11 INFO  scripts.training.teacher_finetune.training_pipeline | epoch 14/100 — train start (lr=0.000292209, batches=3093)
2026-09-10 11:58:01 INFO  scripts.training.teacher_finetune.training_pipeline | step 40250 | loss_grouped_ce=0.0034 lr=0.000292188
2026-09-10 11:58:50 INFO  scripts.training.teacher_finetune.training_pipeline | step 40300 | loss_grouped_ce=0.0076 lr=0.000292163
2026-09-10 11:59:32 INFO  scripts.training.teacher_finetune.training_pipeline | step 40350 | loss_grouped_ce=0.0019 lr=0.000292138
2026-09-10 12:00:22 INFO  scripts.training.teacher_finetune.training_pipeline | step 40400 | loss_grouped_ce=0.0269 lr=0.000292113
2026-09-10 12:01:13 INFO  scripts.training.teacher_finetune.training_pipeline | step 40450 | loss_grouped_ce=0.3445 lr=0.000292087
2026-09-10 12:01:59 INFO  scripts.training.teacher_finetune.training_pipeline | step 40500 | loss_grouped_ce=0.0212 lr=0.000292062
2026-09-10 12:02:53 INFO  scripts.training.teacher_finetune.training_pipeline | step 40550 | loss_grouped_ce=0.0582 lr=0.000292037
2026-09-10 12:03:35 INFO  scripts.training.teacher_finetune.training_pipeline | step 40600 | loss_grouped_ce=0.0020 lr=0.000292012
2026-09-10 12:04:25 INFO  scripts.training.teacher_finetune.training_pipeline | step 40650 | loss_grouped_ce=0.0174 lr=0.000291986
2026-09-10 12:05:14 INFO  scripts.training.teacher_finetune.training_pipeline | step 40700 | loss_grouped_ce=0.0171 lr=0.000291961
2026-09-10 12:05:58 INFO  scripts.training.teacher_finetune.training_pipeline | step 40750 | loss_grouped_ce=0.1997 lr=0.000291936
2026-09-10 12:06:43 INFO  scripts.training.teacher_finetune.training_pipeline | step 40800 | loss_grouped_ce=0.0033 lr=0.00029191
2026-09-10 12:07:31 INFO  scripts.training.teacher_finetune.training_pipeline | step 40850 | loss_grouped_ce=0.0362 lr=0.000291885
2026-09-10 12:08:15 INFO  scripts.training.teacher_finetune.training_pipeline | step 40900 | loss_grouped_ce=0.0752 lr=0.000291859
2026-09-10 12:09:02 INFO  scripts.training.teacher_finetune.training_pipeline | step 40950 | loss_grouped_ce=0.0167 lr=0.000291834
2026-09-10 12:09:51 INFO  scripts.training.teacher_finetune.training_pipeline | step 41000 | loss_grouped_ce=0.0344 lr=0.000291808
2026-09-10 12:10:39 INFO  scripts.training.teacher_finetune.training_pipeline | step 41050 | loss_grouped_ce=0.0258 lr=0.000291783
2026-09-10 12:11:25 INFO  scripts.training.teacher_finetune.training_pipeline | step 41100 | loss_grouped_ce=0.0084 lr=0.000291757
2026-09-10 12:12:15 INFO  scripts.training.teacher_finetune.training_pipeline | step 41150 | loss_grouped_ce=0.0686 lr=0.000291731
2026-09-10 12:13:04 INFO  scripts.training.teacher_finetune.training_pipeline | step 41200 | loss_grouped_ce=0.0054 lr=0.000291706
2026-09-10 12:13:43 INFO  scripts.training.teacher_finetune.training_pipeline | step 41250 | loss_grouped_ce=0.0245 lr=0.00029168
2026-09-10 12:14:27 INFO  scripts.training.teacher_finetune.training_pipeline | step 41300 | loss_grouped_ce=0.1107 lr=0.000291654
2026-09-10 12:15:20 INFO  scripts.training.teacher_finetune.training_pipeline | step 41350 | loss_grouped_ce=0.0492 lr=0.000291628
2026-09-10 12:16:06 INFO  scripts.training.teacher_finetune.training_pipeline | step 41400 | loss_grouped_ce=0.1220 lr=0.000291602
2026-09-10 12:16:55 INFO  scripts.training.teacher_finetune.training_pipeline | step 41450 | loss_grouped_ce=0.0867 lr=0.000291576
2026-09-10 12:17:44 INFO  scripts.training.teacher_finetune.training_pipeline | step 41500 | loss_grouped_ce=0.1302 lr=0.000291551
2026-09-10 12:18:36 INFO  scripts.training.teacher_finetune.training_pipeline | step 41550 | loss_grouped_ce=0.0891 lr=0.000291525
2026-09-10 12:19:26 INFO  scripts.training.teacher_finetune.training_pipeline | step 41600 | loss_grouped_ce=0.0486 lr=0.000291498
2026-09-10 12:20:12 INFO  scripts.training.teacher_finetune.training_pipeline | step 41650 | loss_grouped_ce=0.0923 lr=0.000291472
2026-09-10 12:21:01 INFO  scripts.training.teacher_finetune.training_pipeline | step 41700 | loss_grouped_ce=0.0318 lr=0.000291446
2026-09-10 12:21:49 INFO  scripts.training.teacher_finetune.training_pipeline | step 41750 | loss_grouped_ce=0.1053 lr=0.00029142
2026-09-10 12:22:43 INFO  scripts.training.teacher_finetune.training_pipeline | step 41800 | loss_grouped_ce=0.0199 lr=0.000291394
2026-09-10 12:23:33 INFO  scripts.training.teacher_finetune.training_pipeline | step 41850 | loss_grouped_ce=0.0707 lr=0.000291368
2026-09-10 12:24:11 INFO  scripts.training.teacher_finetune.training_pipeline | step 41900 | loss_grouped_ce=0.0127 lr=0.000291341
2026-09-10 12:25:02 INFO  scripts.training.teacher_finetune.training_pipeline | step 41950 | loss_grouped_ce=0.0177 lr=0.000291315
2026-09-10 12:25:48 INFO  scripts.training.teacher_finetune.training_pipeline | step 42000 | loss_grouped_ce=0.0327 lr=0.000291289
2026-09-10 12:26:37 INFO  scripts.training.teacher_finetune.training_pipeline | step 42050 | loss_grouped_ce=0.0705 lr=0.000291262
2026-09-10 12:27:19 INFO  scripts.training.teacher_finetune.training_pipeline | step 42100 | loss_grouped_ce=0.0974 lr=0.000291236
2026-09-10 12:28:10 INFO  scripts.training.teacher_finetune.training_pipeline | step 42150 | loss_grouped_ce=0.0012 lr=0.00029121
2026-09-10 12:28:55 INFO  scripts.training.teacher_finetune.training_pipeline | step 42200 | loss_grouped_ce=0.0065 lr=0.000291183
2026-09-10 12:29:43 INFO  scripts.training.teacher_finetune.training_pipeline | step 42250 | loss_grouped_ce=0.0237 lr=0.000291157
2026-09-10 12:30:33 INFO  scripts.training.teacher_finetune.training_pipeline | step 42300 | loss_grouped_ce=0.1090 lr=0.00029113
2026-09-10 12:31:19 INFO  scripts.training.teacher_finetune.training_pipeline | step 42350 | loss_grouped_ce=0.0735 lr=0.000291103
2026-09-10 12:32:05 INFO  scripts.training.teacher_finetune.training_pipeline | step 42400 | loss_grouped_ce=0.1162 lr=0.000291077
2026-09-10 12:32:53 INFO  scripts.training.teacher_finetune.training_pipeline | step 42450 | loss_grouped_ce=0.1115 lr=0.00029105
2026-09-10 12:33:44 INFO  scripts.training.teacher_finetune.training_pipeline | step 42500 | loss_grouped_ce=0.0234 lr=0.000291023
2026-09-10 12:34:27 INFO  scripts.training.teacher_finetune.training_pipeline | step 42550 | loss_grouped_ce=0.1063 lr=0.000290997
2026-09-10 12:35:16 INFO  scripts.training.teacher_finetune.training_pipeline | step 42600 | loss_grouped_ce=0.1021 lr=0.00029097
2026-09-10 12:36:02 INFO  scripts.training.teacher_finetune.training_pipeline | step 42650 | loss_grouped_ce=0.0080 lr=0.000290943
2026-09-10 12:36:51 INFO  scripts.training.teacher_finetune.training_pipeline | step 42700 | loss_grouped_ce=0.0594 lr=0.000290916
2026-09-10 12:37:40 INFO  scripts.training.teacher_finetune.training_pipeline | step 42750 | loss_grouped_ce=0.1861 lr=0.000290889
2026-09-10 12:38:33 INFO  scripts.training.teacher_finetune.training_pipeline | step 42800 | loss_grouped_ce=0.1935 lr=0.000290862
2026-09-10 12:39:18 INFO  scripts.training.teacher_finetune.training_pipeline | step 42850 | loss_grouped_ce=0.0308 lr=0.000290835
2026-09-10 12:40:08 INFO  scripts.training.teacher_finetune.training_pipeline | step 42900 | loss_grouped_ce=0.1820 lr=0.000290808
2026-09-10 12:41:01 INFO  scripts.training.teacher_finetune.training_pipeline | step 42950 | loss_grouped_ce=0.0117 lr=0.000290781
2026-09-10 12:41:42 INFO  scripts.training.teacher_finetune.training_pipeline | step 43000 | loss_grouped_ce=0.0784 lr=0.000290754
2026-09-10 12:42:33 INFO  scripts.training.teacher_finetune.training_pipeline | step 43050 | loss_grouped_ce=0.1024 lr=0.000290727
2026-09-10 12:43:23 INFO  scripts.training.teacher_finetune.training_pipeline | step 43100 | loss_grouped_ce=0.0242 lr=0.0002907
2026-09-10 12:44:10 INFO  scripts.training.teacher_finetune.training_pipeline | step 43150 | loss_grouped_ce=0.3397 lr=0.000290672
2026-09-10 12:44:58 INFO  scripts.training.teacher_finetune.training_pipeline | step 43200 | loss_grouped_ce=0.1130 lr=0.000290645
2026-09-10 12:45:53 INFO  scripts.training.teacher_finetune.training_pipeline | step 43250 | loss_grouped_ce=0.0999 lr=0.000290618
2026-09-10 12:46:34 INFO  scripts.training.teacher_finetune.training_pipeline | step 43300 | loss_grouped_ce=0.0131 lr=0.00029059
2026-09-10 12:46:35 INFO  scripts.training.teacher_finetune.training_pipeline | epoch 14/100 — train done in 2964.2s | avg loss_grouped_ce=0.0705 | skipped=0/3093 batches (non-finite)
2026-09-10 12:46:35 INFO  scripts.training.teacher_finetune.evaluate | evaluating on 349 batches
2026-09-10 12:55:10 INFO  scripts.training.teacher_finetune.training_pipeline | epoch 14/100 — val accuracy_top1=0.8210 f1_macro=0.8278 f1_micro=0.8210 (selection f1_macro=0.8278)
2026-09-10 12:55:11 INFO  scripts.training.teacher_finetune.evaluate | mlflow: logged val/accuracy_top1=0.8210 val/f1_macro=0.8278 val/f1_micro=0.8210 (step=13, n=22274)
2026-09-10 12:55:11 INFO  scripts.training.teacher_finetune.evaluate | mlflow: logged val per-source accuracy table (7 sources)
2026-09-10 12:55:13 INFO  scripts.training.teacher_finetune.training_pipeline | saved checkpoint: /app/scripts/training/teacher_finetune/model_exports/teacher-finetune-ff0.75-bs64-20260909-231034/last.pt
2026-09-10 12:55:14 INFO  scripts.training.teacher_finetune.training_pipeline | epoch 14/100 done — next lr=0.00029059, epochs_since_improve=7/15
2026-09-10 12:55:14 INFO  scripts.training.teacher_finetune.training_pipeline | epoch 15/100 — train start (lr=0.00029059, batches=3093)
2026-09-10 12:56:11 INFO  scripts.training.teacher_finetune.training_pipeline | step 43350 | loss_grouped_ce=0.0593 lr=0.000290563
2026-09-10 12:57:00 INFO  scripts.training.teacher_finetune.training_pipeline | step 43400 | loss_grouped_ce=0.0258 lr=0.000290536
2026-09-10 12:57:58 INFO  scripts.training.teacher_finetune.training_pipeline | step 43450 | loss_grouped_ce=0.0187 lr=0.000290508
2026-09-10 12:58:42 INFO  scripts.training.teacher_finetune.training_pipeline | step 43500 | loss_grouped_ce=0.0617 lr=0.000290481
2026-09-10 12:59:26 INFO  scripts.training.teacher_finetune.training_pipeline | step 43550 | loss_grouped_ce=0.0442 lr=0.000290453
2026-09-10 13:00:10 INFO  scripts.training.teacher_finetune.training_pipeline | step 43600 | loss_grouped_ce=0.0031 lr=0.000290426
2026-09-10 13:01:02 INFO  scripts.training.teacher_finetune.training_pipeline | step 43650 | loss_grouped_ce=0.0109 lr=0.000290398
2026-09-10 13:01:44 INFO  scripts.training.teacher_finetune.training_pipeline | step 43700 | loss_grouped_ce=0.1478 lr=0.00029037
2026-09-10 13:02:43 INFO  scripts.training.teacher_finetune.training_pipeline | step 43750 | loss_grouped_ce=0.0422 lr=0.000290343
2026-09-10 13:03:30 INFO  scripts.training.teacher_finetune.training_pipeline | step 43800 | loss_grouped_ce=0.0267 lr=0.000290315
2026-09-10 13:04:20 INFO  scripts.training.teacher_finetune.training_pipeline | step 43850 | loss_grouped_ce=0.0266 lr=0.000290287
2026-09-10 13:05:06 INFO  scripts.training.teacher_finetune.training_pipeline | step 43900 | loss_grouped_ce=0.0131 lr=0.000290259
2026-09-10 13:05:57 INFO  scripts.training.teacher_finetune.training_pipeline | step 43950 | loss_grouped_ce=0.0565 lr=0.000290231
2026-09-10 13:06:42 INFO  scripts.training.teacher_finetune.training_pipeline | step 44000 | loss_grouped_ce=0.0435 lr=0.000290204
2026-09-10 13:07:33 INFO  scripts.training.teacher_finetune.training_pipeline | step 44050 | loss_grouped_ce=0.0679 lr=0.000290176
2026-09-10 13:08:20 INFO  scripts.training.teacher_finetune.training_pipeline | step 44100 | loss_grouped_ce=0.0325 lr=0.000290148
2026-09-10 13:09:12 INFO  scripts.training.teacher_finetune.training_pipeline | step 44150 | loss_grouped_ce=0.0168 lr=0.00029012
2026-09-10 13:09:58 INFO  scripts.training.teacher_finetune.training_pipeline | step 44200 | loss_grouped_ce=0.0620 lr=0.000290092
2026-09-10 13:10:46 INFO  scripts.training.teacher_finetune.training_pipeline | step 44250 | loss_grouped_ce=0.0148 lr=0.000290064
2026-09-10 13:11:44 INFO  scripts.training.teacher_finetune.training_pipeline | step 44300 | loss_grouped_ce=0.1365 lr=0.000290035
2026-09-10 13:12:36 INFO  scripts.training.teacher_finetune.training_pipeline | step 44350 | loss_grouped_ce=0.0277 lr=0.000290007
2026-09-10 13:13:24 INFO  scripts.training.teacher_finetune.training_pipeline | step 44400 | loss_grouped_ce=0.0124 lr=0.000289979
2026-09-10 13:14:19 INFO  scripts.training.teacher_finetune.training_pipeline | step 44450 | loss_grouped_ce=0.0603 lr=0.000289951
2026-09-10 13:15:06 INFO  scripts.training.teacher_finetune.training_pipeline | step 44500 | loss_grouped_ce=0.1383 lr=0.000289923
2026-09-10 13:15:55 INFO  scripts.training.teacher_finetune.training_pipeline | step 44550 | loss_grouped_ce=0.0161 lr=0.000289894
2026-09-10 13:16:35 INFO  scripts.training.teacher_finetune.training_pipeline | step 44600 | loss_grouped_ce=0.1533 lr=0.000289866
2026-09-10 13:17:21 INFO  scripts.training.teacher_finetune.training_pipeline | step 44650 | loss_grouped_ce=0.1089 lr=0.000289838
2026-09-10 13:18:06 INFO  scripts.training.teacher_finetune.training_pipeline | step 44700 | loss_grouped_ce=0.1248 lr=0.000289809
2026-09-10 13:18:53 INFO  scripts.training.teacher_finetune.training_pipeline | step 44750 | loss_grouped_ce=0.0496 lr=0.000289781
2026-09-10 13:19:39 INFO  scripts.training.teacher_finetune.training_pipeline | step 44800 | loss_grouped_ce=0.0244 lr=0.000289752
2026-09-10 13:20:26 INFO  scripts.training.teacher_finetune.training_pipeline | step 44850 | loss_grouped_ce=0.0430 lr=0.000289724
2026-09-10 13:21:11 INFO  scripts.training.teacher_finetune.training_pipeline | step 44900 | loss_grouped_ce=0.1113 lr=0.000289695
2026-09-10 13:21:53 INFO  scripts.training.teacher_finetune.training_pipeline | step 44950 | loss_grouped_ce=0.0022 lr=0.000289667
2026-09-10 13:22:44 INFO  scripts.training.teacher_finetune.training_pipeline | step 45000 | loss_grouped_ce=0.0390 lr=0.000289638
2026-09-10 13:23:27 INFO  scripts.training.teacher_finetune.training_pipeline | step 45050 | loss_grouped_ce=0.0146 lr=0.000289609
2026-09-10 13:24:16 INFO  scripts.training.teacher_finetune.training_pipeline | step 45100 | loss_grouped_ce=5.5385 lr=0.00028958
2026-09-10 13:25:01 INFO  scripts.training.teacher_finetune.training_pipeline | step 45150 | loss_grouped_ce=0.1204 lr=0.000289552
2026-09-10 13:25:45 INFO  scripts.training.teacher_finetune.training_pipeline | step 45200 | loss_grouped_ce=0.0915 lr=0.000289523
2026-09-10 13:26:28 INFO  scripts.training.teacher_finetune.training_pipeline | step 45250 | loss_grouped_ce=0.0762 lr=0.000289494
2026-09-10 13:27:10 INFO  scripts.training.teacher_finetune.training_pipeline | step 45300 | loss_grouped_ce=0.0020 lr=0.000289465
2026-09-10 13:27:59 INFO  scripts.training.teacher_finetune.training_pipeline | step 45350 | loss_grouped_ce=0.1134 lr=0.000289436
2026-09-10 13:28:42 INFO  scripts.training.teacher_finetune.training_pipeline | step 45400 | loss_grouped_ce=0.0972 lr=0.000289407
2026-09-10 13:29:32 INFO  scripts.training.teacher_finetune.training_pipeline | step 45450 | loss_grouped_ce=0.1279 lr=0.000289378
2026-09-10 13:30:12 INFO  scripts.training.teacher_finetune.training_pipeline | step 45500 | loss_grouped_ce=0.0880 lr=0.000289349
2026-09-10 13:31:06 INFO  scripts.training.teacher_finetune.training_pipeline | step 45550 | loss_grouped_ce=0.2203 lr=0.00028932
2026-09-10 13:31:49 INFO  scripts.training.teacher_finetune.training_pipeline | step 45600 | loss_grouped_ce=0.0364 lr=0.000289291
2026-09-10 13:32:37 INFO  scripts.training.teacher_finetune.training_pipeline | step 45650 | loss_grouped_ce=0.1942 lr=0.000289262
2026-09-10 13:33:23 INFO  scripts.training.teacher_finetune.training_pipeline | step 45700 | loss_grouped_ce=0.0611 lr=0.000289233
2026-09-10 13:34:07 INFO  scripts.training.teacher_finetune.training_pipeline | step 45750 | loss_grouped_ce=0.1106 lr=0.000289204
2026-09-10 13:34:50 INFO  scripts.training.teacher_finetune.training_pipeline | step 45800 | loss_grouped_ce=0.2159 lr=0.000289174
2026-09-10 13:35:38 INFO  scripts.training.teacher_finetune.training_pipeline | step 45850 | loss_grouped_ce=0.1744 lr=0.000289145
2026-09-10 13:36:20 INFO  scripts.training.teacher_finetune.training_pipeline | step 45900 | loss_grouped_ce=0.0028 lr=0.000289116
2026-09-10 13:37:01 INFO  scripts.training.teacher_finetune.training_pipeline | step 45950 | loss_grouped_ce=0.0437 lr=0.000289086
2026-09-10 13:37:47 INFO  scripts.training.teacher_finetune.training_pipeline | step 46000 | loss_grouped_ce=0.0871 lr=0.000289057
2026-09-10 13:38:33 INFO  scripts.training.teacher_finetune.training_pipeline | step 46050 | loss_grouped_ce=0.0515 lr=0.000289027
2026-09-10 13:39:18 INFO  scripts.training.teacher_finetune.training_pipeline | step 46100 | loss_grouped_ce=0.0540 lr=0.000288998
2026-09-10 13:40:08 INFO  scripts.training.teacher_finetune.training_pipeline | step 46150 | loss_grouped_ce=0.0145 lr=0.000288968
2026-09-10 13:40:56 INFO  scripts.training.teacher_finetune.training_pipeline | step 46200 | loss_grouped_ce=0.0918 lr=0.000288939
2026-09-10 13:41:45 INFO  scripts.training.teacher_finetune.training_pipeline | step 46250 | loss_grouped_ce=0.1204 lr=0.000288909
2026-09-10 13:42:31 INFO  scripts.training.teacher_finetune.training_pipeline | step 46300 | loss_grouped_ce=0.0648 lr=0.00028888
2026-09-10 13:43:17 INFO  scripts.training.teacher_finetune.training_pipeline | step 46350 | loss_grouped_ce=0.1711 lr=0.00028885
2026-09-10 13:43:54 INFO  scripts.training.teacher_finetune.training_pipeline | epoch 15/100 — train done in 2920.0s | avg loss_grouped_ce=0.0727 | skipped=0/3093 batches (non-finite)
2026-09-10 13:43:54 INFO  scripts.training.teacher_finetune.evaluate | evaluating on 349 batches
2026-09-10 13:52:02 INFO  scripts.training.teacher_finetune.training_pipeline | epoch 15/100 — val accuracy_top1=0.8220 f1_macro=0.8288 f1_micro=0.8220 (selection f1_macro=0.8288)
2026-09-10 13:52:03 INFO  scripts.training.teacher_finetune.evaluate | mlflow: logged val/accuracy_top1=0.8220 val/f1_macro=0.8288 val/f1_micro=0.8220 (step=14, n=22274)
2026-09-10 13:52:03 INFO  scripts.training.teacher_finetune.evaluate | mlflow: logged val per-source accuracy table (7 sources)
2026-09-10 13:52:05 INFO  scripts.training.teacher_finetune.training_pipeline | saved checkpoint: /app/scripts/training/teacher_finetune/model_exports/teacher-finetune-ff0.75-bs64-20260909-231034/last.pt
2026-09-10 13:52:06 INFO  scripts.training.teacher_finetune.training_pipeline | epoch 15/100 done — next lr=0.000288824, epochs_since_improve=8/15
2026-09-10 13:52:06 INFO  scripts.training.teacher_finetune.training_pipeline | epoch 16/100 — train start (lr=0.000288824, batches=3093)
2026-09-10 13:52:28 INFO  scripts.training.teacher_finetune.training_pipeline | step 46400 | loss_grouped_ce=0.0076 lr=0.00028882
2026-09-10 13:53:16 INFO  scripts.training.teacher_finetune.training_pipeline | step 46450 | loss_grouped_ce=0.0394 lr=0.00028879
2026-09-10 13:54:02 INFO  scripts.training.teacher_finetune.training_pipeline | step 46500 | loss_grouped_ce=0.0373 lr=0.000288761
2026-09-10 13:54:46 INFO  scripts.training.teacher_finetune.training_pipeline | step 46550 | loss_grouped_ce=0.0049 lr=0.000288731
2026-09-10 13:55:32 INFO  scripts.training.teacher_finetune.training_pipeline | step 46600 | loss_grouped_ce=0.0108 lr=0.000288701
2026-09-10 13:56:16 INFO  scripts.training.teacher_finetune.training_pipeline | step 46650 | loss_grouped_ce=0.0350 lr=0.000288671
2026-09-10 13:57:04 INFO  scripts.training.teacher_finetune.training_pipeline | step 46700 | loss_grouped_ce=0.0440 lr=0.000288641
2026-09-10 13:57:45 INFO  scripts.training.teacher_finetune.training_pipeline | step 46750 | loss_grouped_ce=0.0497 lr=0.000288611
2026-09-10 13:58:26 INFO  scripts.training.teacher_finetune.training_pipeline | step 46800 | loss_grouped_ce=0.0135 lr=0.000288581
2026-09-10 13:59:10 INFO  scripts.training.teacher_finetune.training_pipeline | step 46850 | loss_grouped_ce=0.0470 lr=0.000288551
2026-09-10 13:59:54 INFO  scripts.training.teacher_finetune.training_pipeline | step 46900 | loss_grouped_ce=0.0199 lr=0.000288521
2026-09-10 14:00:47 INFO  scripts.training.teacher_finetune.training_pipeline | step 46950 | loss_grouped_ce=0.0597 lr=0.000288491
2026-09-10 14:01:37 INFO  scripts.training.teacher_finetune.training_pipeline | step 47000 | loss_grouped_ce=0.0878 lr=0.000288461
2026-09-10 14:02:27 INFO  scripts.training.teacher_finetune.training_pipeline | step 47050 | loss_grouped_ce=0.0892 lr=0.00028843
2026-09-10 14:03:20 INFO  scripts.training.teacher_finetune.training_pipeline | step 47100 | loss_grouped_ce=0.1725 lr=0.0002884
2026-09-10 14:04:11 INFO  scripts.training.teacher_finetune.training_pipeline | step 47150 | loss_grouped_ce=0.0989 lr=0.00028837
2026-09-10 14:05:01 INFO  scripts.training.teacher_finetune.training_pipeline | step 47200 | loss_grouped_ce=0.0062 lr=0.00028834
2026-09-10 14:05:43 INFO  scripts.training.teacher_finetune.training_pipeline | step 47250 | loss_grouped_ce=0.0865 lr=0.000288309
2026-09-10 14:06:30 INFO  scripts.training.teacher_finetune.training_pipeline | step 47300 | loss_grouped_ce=0.0127 lr=0.000288279
2026-09-10 14:07:12 INFO  scripts.training.teacher_finetune.training_pipeline | step 47350 | loss_grouped_ce=0.0461 lr=0.000288248
2026-09-10 14:08:00 INFO  scripts.training.teacher_finetune.training_pipeline | step 47400 | loss_grouped_ce=0.0806 lr=0.000288218
2026-09-10 14:09:01 INFO  scripts.training.teacher_finetune.training_pipeline | step 47450 | loss_grouped_ce=0.0349 lr=0.000288187
2026-09-10 14:09:42 INFO  scripts.training.teacher_finetune.training_pipeline | step 47500 | loss_grouped_ce=0.2376 lr=0.000288157
2026-09-10 14:10:41 INFO  scripts.training.teacher_finetune.training_pipeline | step 47550 | loss_grouped_ce=0.0159 lr=0.000288126
2026-09-10 14:11:40 INFO  scripts.training.teacher_finetune.training_pipeline | step 47600 | loss_grouped_ce=0.0016 lr=0.000288096
2026-09-10 14:12:36 INFO  scripts.training.teacher_finetune.training_pipeline | step 47650 | loss_grouped_ce=0.0094 lr=0.000288065
2026-09-10 14:13:26 INFO  scripts.training.teacher_finetune.training_pipeline | step 47700 | loss_grouped_ce=0.2771 lr=0.000288034
2026-09-10 14:14:14 INFO  scripts.training.teacher_finetune.training_pipeline | step 47750 | loss_grouped_ce=0.0160 lr=0.000288004
2026-09-10 14:15:07 INFO  scripts.training.teacher_finetune.training_pipeline | step 47800 | loss_grouped_ce=0.0370 lr=0.000287973
2026-09-10 14:16:03 INFO  scripts.training.teacher_finetune.training_pipeline | step 47850 | loss_grouped_ce=0.0634 lr=0.000287942
2026-09-10 14:16:58 INFO  scripts.training.teacher_finetune.training_pipeline | step 47900 | loss_grouped_ce=0.0444 lr=0.000287911
2026-09-10 14:17:51 INFO  scripts.training.teacher_finetune.training_pipeline | step 47950 | loss_grouped_ce=0.1081 lr=0.00028788
2026-09-10 14:18:53 INFO  scripts.training.teacher_finetune.training_pipeline | step 48000 | loss_grouped_ce=0.0441 lr=0.000287849
2026-09-10 14:19:56 INFO  scripts.training.teacher_finetune.training_pipeline | step 48050 | loss_grouped_ce=0.1109 lr=0.000287818
2026-09-10 14:20:47 INFO  scripts.training.teacher_finetune.training_pipeline | step 48100 | loss_grouped_ce=0.1260 lr=0.000287787
2026-09-10 14:21:39 INFO  scripts.training.teacher_finetune.training_pipeline | step 48150 | loss_grouped_ce=0.0869 lr=0.000287756
2026-09-10 14:22:28 INFO  scripts.training.teacher_finetune.training_pipeline | step 48200 | loss_grouped_ce=0.0172 lr=0.000287725
2026-09-10 14:23:19 INFO  scripts.training.teacher_finetune.training_pipeline | step 48250 | loss_grouped_ce=0.0750 lr=0.000287694
2026-09-10 14:24:16 INFO  scripts.training.teacher_finetune.training_pipeline | step 48300 | loss_grouped_ce=0.0923 lr=0.000287663
2026-09-10 14:25:02 INFO  scripts.training.teacher_finetune.training_pipeline | step 48350 | loss_grouped_ce=0.1490 lr=0.000287632
2026-09-10 14:25:49 INFO  scripts.training.teacher_finetune.training_pipeline | step 48400 | loss_grouped_ce=0.0228 lr=0.0002876
2026-09-10 14:26:41 INFO  scripts.training.teacher_finetune.training_pipeline | step 48450 | loss_grouped_ce=0.1285 lr=0.000287569
2026-09-10 14:27:23 INFO  scripts.training.teacher_finetune.training_pipeline | step 48500 | loss_grouped_ce=0.0307 lr=0.000287538
2026-09-10 14:28:09 INFO  scripts.training.teacher_finetune.training_pipeline | step 48550 | loss_grouped_ce=0.0493 lr=0.000287507
2026-09-10 14:28:56 INFO  scripts.training.teacher_finetune.training_pipeline | step 48600 | loss_grouped_ce=0.0239 lr=0.000287475
2026-09-10 14:29:50 INFO  scripts.training.teacher_finetune.training_pipeline | step 48650 | loss_grouped_ce=0.0829 lr=0.000287444
2026-09-10 14:30:41 INFO  scripts.training.teacher_finetune.training_pipeline | step 48700 | loss_grouped_ce=0.0801 lr=0.000287412
2026-09-10 14:31:30 INFO  scripts.training.teacher_finetune.training_pipeline | step 48750 | loss_grouped_ce=0.1105 lr=0.000287381
2026-09-10 14:32:21 INFO  scripts.training.teacher_finetune.training_pipeline | step 48800 | loss_grouped_ce=0.0219 lr=0.000287349
2026-09-10 14:33:16 INFO  scripts.training.teacher_finetune.training_pipeline | step 48850 | loss_grouped_ce=0.0420 lr=0.000287318
2026-09-10 14:34:15 INFO  scripts.training.teacher_finetune.training_pipeline | step 48900 | loss_grouped_ce=0.0532 lr=0.000287286
2026-09-10 14:35:09 INFO  scripts.training.teacher_finetune.training_pipeline | step 48950 | loss_grouped_ce=0.0109 lr=0.000287254
2026-09-10 14:36:01 INFO  scripts.training.teacher_finetune.training_pipeline | step 49000 | loss_grouped_ce=0.0266 lr=0.000287223
2026-09-10 14:36:54 INFO  scripts.training.teacher_finetune.training_pipeline | step 49050 | loss_grouped_ce=0.0011 lr=0.000287191
2026-09-10 14:37:51 INFO  scripts.training.teacher_finetune.training_pipeline | step 49100 | loss_grouped_ce=0.0191 lr=0.000287159
2026-09-10 14:38:44 INFO  scripts.training.teacher_finetune.training_pipeline | step 49150 | loss_grouped_ce=0.1078 lr=0.000287128
2026-09-10 14:39:35 INFO  scripts.training.teacher_finetune.training_pipeline | step 49200 | loss_grouped_ce=0.0569 lr=0.000287096
2026-09-10 14:40:27 INFO  scripts.training.teacher_finetune.training_pipeline | step 49250 | loss_grouped_ce=0.0036 lr=0.000287064
2026-09-10 14:41:14 INFO  scripts.training.teacher_finetune.training_pipeline | step 49300 | loss_grouped_ce=0.0386 lr=0.000287032
2026-09-10 14:41:59 INFO  scripts.training.teacher_finetune.training_pipeline | step 49350 | loss_grouped_ce=0.0328 lr=0.000287
2026-09-10 14:42:50 INFO  scripts.training.teacher_finetune.training_pipeline | step 49400 | loss_grouped_ce=0.0220 lr=0.000286968
2026-09-10 14:43:37 INFO  scripts.training.teacher_finetune.training_pipeline | step 49450 | loss_grouped_ce=0.0111 lr=0.000286936
2026-09-10 14:44:10 INFO  scripts.training.teacher_finetune.training_pipeline | epoch 16/100 — train done in 3124.6s | avg loss_grouped_ce=0.0670 | skipped=0/3093 batches (non-finite)
2026-09-10 14:44:10 INFO  scripts.training.teacher_finetune.evaluate | evaluating on 349 batches
2026-09-10 14:52:12 INFO  scripts.training.teacher_finetune.training_pipeline | epoch 16/100 — val accuracy_top1=0.8218 f1_macro=0.8286 f1_micro=0.8218 (selection f1_macro=0.8286)
2026-09-10 14:52:13 INFO  scripts.training.teacher_finetune.evaluate | mlflow: logged val/accuracy_top1=0.8218 val/f1_macro=0.8286 val/f1_micro=0.8218 (step=15, n=22274)
2026-09-10 14:52:14 INFO  scripts.training.teacher_finetune.evaluate | mlflow: logged val per-source accuracy table (7 sources)
2026-09-10 14:52:16 INFO  scripts.training.teacher_finetune.training_pipeline | saved checkpoint: /app/scripts/training/teacher_finetune/model_exports/teacher-finetune-ff0.75-bs64-20260909-231034/last.pt
2026-09-10 14:52:16 INFO  scripts.training.teacher_finetune.training_pipeline | epoch 16/100 done — next lr=0.000286912, epochs_since_improve=9/15
2026-09-10 14:52:16 INFO  scripts.training.teacher_finetune.training_pipeline | epoch 17/100 — train start (lr=0.000286912, batches=3093)
2026-09-10 14:52:49 INFO  scripts.training.teacher_finetune.training_pipeline | step 49500 | loss_grouped_ce=0.0483 lr=0.000286904
2026-09-10 14:53:38 INFO  scripts.training.teacher_finetune.training_pipeline | step 49550 | loss_grouped_ce=0.0893 lr=0.000286872
2026-09-10 14:54:26 INFO  scripts.training.teacher_finetune.training_pipeline | step 49600 | loss_grouped_ce=0.0243 lr=0.00028684
2026-09-10 14:55:17 INFO  scripts.training.teacher_finetune.training_pipeline | step 49650 | loss_grouped_ce=0.0442 lr=0.000286807
2026-09-10 14:56:03 INFO  scripts.training.teacher_finetune.training_pipeline | step 49700 | loss_grouped_ce=0.0009 lr=0.000286775
2026-09-10 14:56:53 INFO  scripts.training.teacher_finetune.training_pipeline | step 49750 | loss_grouped_ce=0.0894 lr=0.000286743
2026-09-10 14:57:42 INFO  scripts.training.teacher_finetune.training_pipeline | step 49800 | loss_grouped_ce=0.2455 lr=0.000286711
2026-09-10 14:58:32 INFO  scripts.training.teacher_finetune.training_pipeline | step 49850 | loss_grouped_ce=0.0470 lr=0.000286678
2026-09-10 14:59:21 INFO  scripts.training.teacher_finetune.training_pipeline | step 49900 | loss_grouped_ce=0.0109 lr=0.000286646
2026-09-10 15:00:08 INFO  scripts.training.teacher_finetune.training_pipeline | step 49950 | loss_grouped_ce=0.0723 lr=0.000286614
2026-09-10 15:00:51 INFO  scripts.training.teacher_finetune.training_pipeline | step 50000 | loss_grouped_ce=0.0337 lr=0.000286581
2026-09-10 15:01:41 INFO  scripts.training.teacher_finetune.training_pipeline | step 50050 | loss_grouped_ce=0.1069 lr=0.000286549
2026-09-10 15:02:33 INFO  scripts.training.teacher_finetune.training_pipeline | step 50100 | loss_grouped_ce=0.0309 lr=0.000286516
2026-09-10 15:03:21 INFO  scripts.training.teacher_finetune.training_pipeline | step 50150 | loss_grouped_ce=0.0331 lr=0.000286484
2026-09-10 15:04:04 INFO  scripts.training.teacher_finetune.training_pipeline | step 50200 | loss_grouped_ce=0.0820 lr=0.000286451
2026-09-10 15:04:53 INFO  scripts.training.teacher_finetune.training_pipeline | step 50250 | loss_grouped_ce=0.0829 lr=0.000286419
2026-09-10 15:05:41 INFO  scripts.training.teacher_finetune.training_pipeline | step 50300 | loss_grouped_ce=0.1131 lr=0.000286386
2026-09-10 15:06:31 INFO  scripts.training.teacher_finetune.training_pipeline | step 50350 | loss_grouped_ce=0.0963 lr=0.000286353
2026-09-10 15:07:16 INFO  scripts.training.teacher_finetune.training_pipeline | step 50400 | loss_grouped_ce=0.1111 lr=0.00028632
2026-09-10 15:08:07 INFO  scripts.training.teacher_finetune.training_pipeline | step 50450 | loss_grouped_ce=0.0243 lr=0.000286288
2026-09-10 15:08:52 INFO  scripts.training.teacher_finetune.training_pipeline | step 50500 | loss_grouped_ce=0.0471 lr=0.000286255
2026-09-10 15:09:38 INFO  scripts.training.teacher_finetune.training_pipeline | step 50550 | loss_grouped_ce=0.1579 lr=0.000286222
2026-09-10 15:10:21 INFO  scripts.training.teacher_finetune.training_pipeline | step 50600 | loss_grouped_ce=0.1428 lr=0.000286189
2026-09-10 15:11:08 INFO  scripts.training.teacher_finetune.training_pipeline | step 50650 | loss_grouped_ce=0.0183 lr=0.000286156
2026-09-10 15:11:53 INFO  scripts.training.teacher_finetune.training_pipeline | step 50700 | loss_grouped_ce=0.0272 lr=0.000286123
2026-09-10 15:12:43 INFO  scripts.training.teacher_finetune.training_pipeline | step 50750 | loss_grouped_ce=0.1308 lr=0.00028609
2026-09-10 15:13:33 INFO  scripts.training.teacher_finetune.training_pipeline | step 50800 | loss_grouped_ce=0.1088 lr=0.000286057
2026-09-10 15:14:17 INFO  scripts.training.teacher_finetune.training_pipeline | step 50850 | loss_grouped_ce=0.0289 lr=0.000286024
2026-09-10 15:15:03 INFO  scripts.training.teacher_finetune.training_pipeline | step 50900 | loss_grouped_ce=0.1096 lr=0.000285991
2026-09-10 15:15:47 INFO  scripts.training.teacher_finetune.training_pipeline | step 50950 | loss_grouped_ce=0.0772 lr=0.000285958
2026-09-10 15:16:31 INFO  scripts.training.teacher_finetune.training_pipeline | step 51000 | loss_grouped_ce=0.0073 lr=0.000285925
2026-09-10 15:17:20 INFO  scripts.training.teacher_finetune.training_pipeline | step 51050 | loss_grouped_ce=0.1936 lr=0.000285892
2026-09-10 15:18:10 INFO  scripts.training.teacher_finetune.training_pipeline | step 51100 | loss_grouped_ce=0.0322 lr=0.000285858
2026-09-10 15:19:04 INFO  scripts.training.teacher_finetune.training_pipeline | step 51150 | loss_grouped_ce=0.0492 lr=0.000285825
2026-09-10 15:19:52 INFO  scripts.training.teacher_finetune.training_pipeline | step 51200 | loss_grouped_ce=0.0465 lr=0.000285792
2026-09-10 15:20:42 INFO  scripts.training.teacher_finetune.training_pipeline | step 51250 | loss_grouped_ce=0.0273 lr=0.000285758
2026-09-10 15:21:32 INFO  scripts.training.teacher_finetune.training_pipeline | step 51300 | loss_grouped_ce=0.0757 lr=0.000285725
2026-09-10 15:22:20 INFO  scripts.training.teacher_finetune.training_pipeline | step 51350 | loss_grouped_ce=0.0119 lr=0.000285691
2026-09-10 15:23:10 INFO  scripts.training.teacher_finetune.training_pipeline | step 51400 | loss_grouped_ce=0.0015 lr=0.000285658
2026-09-10 15:23:55 INFO  scripts.training.teacher_finetune.training_pipeline | step 51450 | loss_grouped_ce=0.0245 lr=0.000285625
2026-09-10 15:24:42 INFO  scripts.training.teacher_finetune.training_pipeline | step 51500 | loss_grouped_ce=0.0226 lr=0.000285591
2026-09-10 15:25:32 INFO  scripts.training.teacher_finetune.training_pipeline | step 51550 | loss_grouped_ce=0.0616 lr=0.000285557
2026-09-10 15:26:19 INFO  scripts.training.teacher_finetune.training_pipeline | step 51600 | loss_grouped_ce=0.2149 lr=0.000285524
2026-09-10 15:27:08 INFO  scripts.training.teacher_finetune.training_pipeline | step 51650 | loss_grouped_ce=0.1554 lr=0.00028549
2026-09-10 15:28:00 INFO  scripts.training.teacher_finetune.training_pipeline | step 51700 | loss_grouped_ce=0.0382 lr=0.000285456
2026-09-10 15:28:53 INFO  scripts.training.teacher_finetune.training_pipeline | step 51750 | loss_grouped_ce=0.0788 lr=0.000285423
2026-09-10 15:29:35 INFO  scripts.training.teacher_finetune.training_pipeline | step 51800 | loss_grouped_ce=0.0634 lr=0.000285389
2026-09-10 15:30:26 INFO  scripts.training.teacher_finetune.training_pipeline | step 51850 | loss_grouped_ce=0.0333 lr=0.000285355
2026-09-10 15:31:12 INFO  scripts.training.teacher_finetune.training_pipeline | step 51900 | loss_grouped_ce=0.0556 lr=0.000285321
2026-09-10 15:32:02 INFO  scripts.training.teacher_finetune.training_pipeline | step 51950 | loss_grouped_ce=0.0873 lr=0.000285287
2026-09-10 15:32:49 INFO  scripts.training.teacher_finetune.training_pipeline | step 52000 | loss_grouped_ce=0.1080 lr=0.000285253
2026-09-10 15:33:35 INFO  scripts.training.teacher_finetune.training_pipeline | step 52050 | loss_grouped_ce=0.1479 lr=0.000285219
2026-09-10 15:34:21 INFO  scripts.training.teacher_finetune.training_pipeline | step 52100 | loss_grouped_ce=0.0227 lr=0.000285185
2026-09-10 15:35:13 INFO  scripts.training.teacher_finetune.training_pipeline | step 52150 | loss_grouped_ce=0.1073 lr=0.000285151
2026-09-10 15:36:00 INFO  scripts.training.teacher_finetune.training_pipeline | step 52200 | loss_grouped_ce=0.1059 lr=0.000285117
2026-09-10 15:36:52 INFO  scripts.training.teacher_finetune.training_pipeline | step 52250 | loss_grouped_ce=0.2150 lr=0.000285083
2026-09-10 15:37:43 INFO  scripts.training.teacher_finetune.training_pipeline | step 52300 | loss_grouped_ce=0.0211 lr=0.000285049
2026-09-10 15:38:34 INFO  scripts.training.teacher_finetune.training_pipeline | step 52350 | loss_grouped_ce=0.1268 lr=0.000285015
2026-09-10 15:39:21 INFO  scripts.training.teacher_finetune.training_pipeline | step 52400 | loss_grouped_ce=0.0436 lr=0.000284981
2026-09-10 15:40:04 INFO  scripts.training.teacher_finetune.training_pipeline | step 52450 | loss_grouped_ce=0.0573 lr=0.000284946
2026-09-10 15:40:53 INFO  scripts.training.teacher_finetune.training_pipeline | step 52500 | loss_grouped_ce=0.0439 lr=0.000284912
2026-09-10 15:41:38 INFO  scripts.training.teacher_finetune.training_pipeline | step 52550 | loss_grouped_ce=0.0231 lr=0.000284878
2026-09-10 15:42:04 INFO  scripts.training.teacher_finetune.training_pipeline | epoch 17/100 — train done in 2988.1s | avg loss_grouped_ce=0.0619 | skipped=0/3093 batches (non-finite)
2026-09-10 15:42:04 INFO  scripts.training.teacher_finetune.evaluate | evaluating on 349 batches
2026-09-10 15:50:23 INFO  scripts.training.teacher_finetune.training_pipeline | epoch 17/100 — val accuracy_top1=0.8223 f1_macro=0.8289 f1_micro=0.8223 (selection f1_macro=0.8289)
2026-09-10 15:50:24 INFO  scripts.training.teacher_finetune.evaluate | mlflow: logged val/accuracy_top1=0.8223 val/f1_macro=0.8289 val/f1_micro=0.8223 (step=16, n=22274)
2026-09-10 15:50:24 INFO  scripts.training.teacher_finetune.evaluate | mlflow: logged val per-source accuracy table (7 sources)
2026-09-10 15:50:26 INFO  scripts.training.teacher_finetune.training_pipeline | saved checkpoint: /app/scripts/training/teacher_finetune/model_exports/teacher-finetune-ff0.75-bs64-20260909-231034/last.pt
2026-09-10 15:50:27 INFO  scripts.training.teacher_finetune.training_pipeline | epoch 17/100 done — next lr=0.000284857, epochs_since_improve=10/15
2026-09-10 15:50:27 INFO  scripts.training.teacher_finetune.training_pipeline | epoch 18/100 — train start (lr=0.000284857, batches=3093)
2026-09-10 15:50:57 INFO  scripts.training.teacher_finetune.training_pipeline | step 52600 | loss_grouped_ce=0.0040 lr=0.000284843
2026-09-10 15:51:48 INFO  scripts.training.teacher_finetune.training_pipeline | step 52650 | loss_grouped_ce=0.0636 lr=0.000284809
2026-09-10 15:52:37 INFO  scripts.training.teacher_finetune.training_pipeline | step 52700 | loss_grouped_ce=0.0117 lr=0.000284775
2026-09-10 15:53:26 INFO  scripts.training.teacher_finetune.training_pipeline | step 52750 | loss_grouped_ce=0.0127 lr=0.00028474
2026-09-10 15:54:10 INFO  scripts.training.teacher_finetune.training_pipeline | step 52800 | loss_grouped_ce=0.0110 lr=0.000284706
2026-09-10 15:55:02 INFO  scripts.training.teacher_finetune.training_pipeline | step 52850 | loss_grouped_ce=0.1594 lr=0.000284671
2026-09-10 15:55:49 INFO  scripts.training.teacher_finetune.training_pipeline | step 52900 | loss_grouped_ce=0.0215 lr=0.000284637
2026-09-10 15:56:34 INFO  scripts.training.teacher_finetune.training_pipeline | step 52950 | loss_grouped_ce=0.0234 lr=0.000284602
2026-09-10 15:57:19 INFO  scripts.training.teacher_finetune.training_pipeline | step 53000 | loss_grouped_ce=0.0054 lr=0.000284567
2026-09-10 15:58:07 INFO  scripts.training.teacher_finetune.training_pipeline | step 53050 | loss_grouped_ce=0.0679 lr=0.000284533
2026-09-10 15:58:56 INFO  scripts.training.teacher_finetune.training_pipeline | step 53100 | loss_grouped_ce=0.0032 lr=0.000284498
2026-09-10 15:59:43 INFO  scripts.training.teacher_finetune.training_pipeline | step 53150 | loss_grouped_ce=0.0859 lr=0.000284463
2026-09-10 16:00:30 INFO  scripts.training.teacher_finetune.training_pipeline | step 53200 | loss_grouped_ce=0.0613 lr=0.000284428
2026-09-10 16:01:26 INFO  scripts.training.teacher_finetune.training_pipeline | step 53250 | loss_grouped_ce=0.0079 lr=0.000284393
2026-09-10 16:02:21 INFO  scripts.training.teacher_finetune.training_pipeline | step 53300 | loss_grouped_ce=0.0101 lr=0.000284359
2026-09-10 16:03:19 INFO  scripts.training.teacher_finetune.training_pipeline | step 53350 | loss_grouped_ce=0.0026 lr=0.000284324
2026-09-10 16:04:13 INFO  scripts.training.teacher_finetune.training_pipeline | step 53400 | loss_grouped_ce=0.0330 lr=0.000284289
2026-09-10 16:05:01 INFO  scripts.training.teacher_finetune.training_pipeline | step 53450 | loss_grouped_ce=0.0231 lr=0.000284254
2026-09-10 16:05:56 INFO  scripts.training.teacher_finetune.training_pipeline | step 53500 | loss_grouped_ce=0.0146 lr=0.000284219
2026-09-10 16:06:53 INFO  scripts.training.teacher_finetune.training_pipeline | step 53550 | loss_grouped_ce=0.0186 lr=0.000284184
2026-09-10 16:07:45 INFO  scripts.training.teacher_finetune.training_pipeline | step 53600 | loss_grouped_ce=0.1051 lr=0.000284148
2026-09-10 16:08:36 INFO  scripts.training.teacher_finetune.training_pipeline | step 53650 | loss_grouped_ce=0.0666 lr=0.000284113
2026-09-10 16:09:31 INFO  scripts.training.teacher_finetune.training_pipeline | step 53700 | loss_grouped_ce=0.2457 lr=0.000284078
2026-09-10 16:10:16 INFO  scripts.training.teacher_finetune.training_pipeline | step 53750 | loss_grouped_ce=0.0691 lr=0.000284043
2026-09-10 16:11:02 INFO  scripts.training.teacher_finetune.training_pipeline | step 53800 | loss_grouped_ce=0.0394 lr=0.000284008
2026-09-10 16:11:56 INFO  scripts.training.teacher_finetune.training_pipeline | step 53850 | loss_grouped_ce=0.1322 lr=0.000283972
2026-09-10 16:12:45 INFO  scripts.training.teacher_finetune.training_pipeline | step 53900 | loss_grouped_ce=0.0323 lr=0.000283937
2026-09-10 16:13:33 INFO  scripts.training.teacher_finetune.training_pipeline | step 53950 | loss_grouped_ce=0.0080 lr=0.000283902
2026-09-10 16:14:14 INFO  scripts.training.teacher_finetune.training_pipeline | step 54000 | loss_grouped_ce=0.0508 lr=0.000283866
2026-09-10 16:15:00 INFO  scripts.training.teacher_finetune.training_pipeline | step 54050 | loss_grouped_ce=0.0143 lr=0.000283831
2026-09-10 16:15:52 INFO  scripts.training.teacher_finetune.training_pipeline | step 54100 | loss_grouped_ce=0.0175 lr=0.000283795
2026-09-10 16:16:37 INFO  scripts.training.teacher_finetune.training_pipeline | step 54150 | loss_grouped_ce=0.0090 lr=0.00028376
2026-09-10 16:17:31 INFO  scripts.training.teacher_finetune.training_pipeline | step 54200 | loss_grouped_ce=0.1357 lr=0.000283724
2026-09-10 16:18:23 INFO  scripts.training.teacher_finetune.training_pipeline | step 54250 | loss_grouped_ce=0.1246 lr=0.000283689
2026-09-10 16:19:09 INFO  scripts.training.teacher_finetune.training_pipeline | step 54300 | loss_grouped_ce=0.0039 lr=0.000283653
2026-09-10 16:19:54 INFO  scripts.training.teacher_finetune.training_pipeline | step 54350 | loss_grouped_ce=0.0831 lr=0.000283618
2026-09-10 16:20:39 INFO  scripts.training.teacher_finetune.training_pipeline | step 54400 | loss_grouped_ce=0.0300 lr=0.000283582
2026-09-10 16:21:26 INFO  scripts.training.teacher_finetune.training_pipeline | step 54450 | loss_grouped_ce=0.0965 lr=0.000283546
2026-09-10 16:22:09 INFO  scripts.training.teacher_finetune.training_pipeline | step 54500 | loss_grouped_ce=0.1845 lr=0.00028351
2026-09-10 16:22:56 INFO  scripts.training.teacher_finetune.training_pipeline | step 54550 | loss_grouped_ce=0.1036 lr=0.000283475
2026-09-10 16:23:49 INFO  scripts.training.teacher_finetune.training_pipeline | step 54600 | loss_grouped_ce=0.0655 lr=0.000283439
2026-09-10 16:24:34 INFO  scripts.training.teacher_finetune.training_pipeline | step 54650 | loss_grouped_ce=0.0022 lr=0.000283403
2026-09-10 16:25:18 INFO  scripts.training.teacher_finetune.training_pipeline | step 54700 | loss_grouped_ce=0.1918 lr=0.000283367
2026-09-10 16:26:11 INFO  scripts.training.teacher_finetune.training_pipeline | step 54750 | loss_grouped_ce=0.0784 lr=0.000283331
2026-09-10 16:26:59 INFO  scripts.training.teacher_finetune.training_pipeline | step 54800 | loss_grouped_ce=0.1061 lr=0.000283295
2026-09-10 16:27:42 INFO  scripts.training.teacher_finetune.training_pipeline | step 54850 | loss_grouped_ce=0.0118 lr=0.000283259
2026-09-10 16:28:34 INFO  scripts.training.teacher_finetune.training_pipeline | step 54900 | loss_grouped_ce=0.0028 lr=0.000283223
2026-09-10 16:29:23 INFO  scripts.training.teacher_finetune.training_pipeline | step 54950 | loss_grouped_ce=0.0426 lr=0.000283187
2026-09-10 16:30:10 INFO  scripts.training.teacher_finetune.training_pipeline | step 55000 | loss_grouped_ce=0.0376 lr=0.000283151
2026-09-10 16:30:59 INFO  scripts.training.teacher_finetune.training_pipeline | step 55050 | loss_grouped_ce=0.0481 lr=0.000283115
2026-09-10 16:31:54 INFO  scripts.training.teacher_finetune.training_pipeline | step 55100 | loss_grouped_ce=0.0358 lr=0.000283078
2026-09-10 16:32:43 INFO  scripts.training.teacher_finetune.training_pipeline | step 55150 | loss_grouped_ce=0.0512 lr=0.000283042
2026-09-10 16:33:29 INFO  scripts.training.teacher_finetune.training_pipeline | step 55200 | loss_grouped_ce=0.0828 lr=0.000283006
2026-09-10 16:34:13 INFO  scripts.training.teacher_finetune.training_pipeline | step 55250 | loss_grouped_ce=0.0574 lr=0.00028297
2026-09-10 16:34:58 INFO  scripts.training.teacher_finetune.training_pipeline | step 55300 | loss_grouped_ce=0.0470 lr=0.000282933
2026-09-10 16:35:48 INFO  scripts.training.teacher_finetune.training_pipeline | step 55350 | loss_grouped_ce=0.0483 lr=0.000282897
2026-09-10 16:36:36 INFO  scripts.training.teacher_finetune.training_pipeline | step 55400 | loss_grouped_ce=0.1281 lr=0.00028286
2026-09-10 16:37:21 INFO  scripts.training.teacher_finetune.training_pipeline | step 55450 | loss_grouped_ce=0.1657 lr=0.000282824
2026-09-10 16:38:14 INFO  scripts.training.teacher_finetune.training_pipeline | step 55500 | loss_grouped_ce=0.0615 lr=0.000282787
2026-09-10 16:39:02 INFO  scripts.training.teacher_finetune.training_pipeline | step 55550 | loss_grouped_ce=0.1063 lr=0.000282751
2026-09-10 16:39:46 INFO  scripts.training.teacher_finetune.training_pipeline | step 55600 | loss_grouped_ce=0.0674 lr=0.000282714
2026-09-10 16:40:29 INFO  scripts.training.teacher_finetune.training_pipeline | step 55650 | loss_grouped_ce=0.1541 lr=0.000282678
2026-09-10 16:40:49 INFO  scripts.training.teacher_finetune.training_pipeline | epoch 18/100 — train done in 3022.3s | avg loss_grouped_ce=0.0587 | skipped=0/3093 batches (non-finite)
2026-09-10 16:40:49 INFO  scripts.training.teacher_finetune.evaluate | evaluating on 349 batches
2026-09-10 16:48:39 INFO  scripts.training.teacher_finetune.training_pipeline | epoch 18/100 — val accuracy_top1=0.8210 f1_macro=0.8281 f1_micro=0.8210 (selection f1_macro=0.8281)
2026-09-10 16:48:40 INFO  scripts.training.teacher_finetune.evaluate | mlflow: logged val/accuracy_top1=0.8210 val/f1_macro=0.8281 val/f1_micro=0.8210 (step=17, n=22274)
2026-09-10 16:48:40 INFO  scripts.training.teacher_finetune.evaluate | mlflow: logged val per-source accuracy table (7 sources)
2026-09-10 16:48:42 INFO  scripts.training.teacher_finetune.training_pipeline | saved checkpoint: /app/scripts/training/teacher_finetune/model_exports/teacher-finetune-ff0.75-bs64-20260909-231034/last.pt
2026-09-10 16:48:43 INFO  scripts.training.teacher_finetune.training_pipeline | epoch 18/100 done — next lr=0.000282661, epochs_since_improve=11/15
2026-09-10 16:48:43 INFO  scripts.training.teacher_finetune.training_pipeline | epoch 19/100 — train start (lr=0.000282661, batches=3093)
2026-09-10 16:49:23 INFO  scripts.training.teacher_finetune.training_pipeline | step 55700 | loss_grouped_ce=0.0034 lr=0.000282641
2026-09-10 16:50:21 INFO  scripts.training.teacher_finetune.training_pipeline | step 55750 | loss_grouped_ce=0.0344 lr=0.000282604
2026-09-10 16:51:02 INFO  scripts.training.teacher_finetune.training_pipeline | step 55800 | loss_grouped_ce=0.0369 lr=0.000282568
2026-09-10 16:51:50 INFO  scripts.training.teacher_finetune.training_pipeline | step 55850 | loss_grouped_ce=0.0024 lr=0.000282531
2026-09-10 16:52:33 INFO  scripts.training.teacher_finetune.training_pipeline | step 55900 | loss_grouped_ce=0.0274 lr=0.000282494
2026-09-10 16:53:21 INFO  scripts.training.teacher_finetune.training_pipeline | step 55950 | loss_grouped_ce=0.0307 lr=0.000282457
2026-09-10 16:54:07 INFO  scripts.training.teacher_finetune.training_pipeline | step 56000 | loss_grouped_ce=0.0204 lr=0.000282421
2026-09-10 16:54:50 INFO  scripts.training.teacher_finetune.training_pipeline | step 56050 | loss_grouped_ce=0.1070 lr=0.000282384
2026-09-10 16:55:33 INFO  scripts.training.teacher_finetune.training_pipeline | step 56100 | loss_grouped_ce=0.0024 lr=0.000282347
2026-09-10 16:56:15 INFO  scripts.training.teacher_finetune.training_pipeline | step 56150 | loss_grouped_ce=0.0223 lr=0.00028231
2026-09-10 16:56:58 INFO  scripts.training.teacher_finetune.training_pipeline | step 56200 | loss_grouped_ce=0.0234 lr=0.000282273
2026-09-10 16:57:40 INFO  scripts.training.teacher_finetune.training_pipeline | step 56250 | loss_grouped_ce=0.0081 lr=0.000282236
2026-09-10 16:58:34 INFO  scripts.training.teacher_finetune.training_pipeline | step 56300 | loss_grouped_ce=0.1188 lr=0.000282199
2026-09-10 16:59:20 INFO  scripts.training.teacher_finetune.training_pipeline | step 56350 | loss_grouped_ce=0.0084 lr=0.000282162
2026-09-10 17:00:08 INFO  scripts.training.teacher_finetune.training_pipeline | step 56400 | loss_grouped_ce=0.0010 lr=0.000282124
2026-09-10 17:00:52 INFO  scripts.training.teacher_finetune.training_pipeline | step 56450 | loss_grouped_ce=0.0018 lr=0.000282087
2026-09-10 17:01:36 INFO  scripts.training.teacher_finetune.training_pipeline | step 56500 | loss_grouped_ce=0.0599 lr=0.00028205
2026-09-10 17:02:29 INFO  scripts.training.teacher_finetune.training_pipeline | step 56550 | loss_grouped_ce=0.0123 lr=0.000282013
2026-09-10 17:03:20 INFO  scripts.training.teacher_finetune.training_pipeline | step 56600 | loss_grouped_ce=0.0060 lr=0.000281976
2026-09-10 17:04:13 INFO  scripts.training.teacher_finetune.training_pipeline | step 56650 | loss_grouped_ce=0.0657 lr=0.000281938
2026-09-10 17:05:06 INFO  scripts.training.teacher_finetune.training_pipeline | step 56700 | loss_grouped_ce=0.0257 lr=0.000281901
2026-09-10 17:05:54 INFO  scripts.training.teacher_finetune.training_pipeline | step 56750 | loss_grouped_ce=0.0522 lr=0.000281863
2026-09-10 17:06:37 INFO  scripts.training.teacher_finetune.training_pipeline | step 56800 | loss_grouped_ce=0.0175 lr=0.000281826
2026-09-10 17:07:38 INFO  scripts.training.teacher_finetune.training_pipeline | step 56850 | loss_grouped_ce=0.0757 lr=0.000281789
2026-09-10 17:08:28 INFO  scripts.training.teacher_finetune.training_pipeline | step 56900 | loss_grouped_ce=0.1335 lr=0.000281751
2026-09-10 17:09:14 INFO  scripts.training.teacher_finetune.training_pipeline | step 56950 | loss_grouped_ce=0.0663 lr=0.000281713
2026-09-10 17:10:02 INFO  scripts.training.teacher_finetune.training_pipeline | step 57000 | loss_grouped_ce=0.0054 lr=0.000281676
2026-09-10 17:10:50 INFO  scripts.training.teacher_finetune.training_pipeline | step 57050 | loss_grouped_ce=0.0131 lr=0.000281638
2026-09-10 17:11:39 INFO  scripts.training.teacher_finetune.training_pipeline | step 57100 | loss_grouped_ce=0.0433 lr=0.000281601
2026-09-10 17:12:27 INFO  scripts.training.teacher_finetune.training_pipeline | step 57150 | loss_grouped_ce=0.1002 lr=0.000281563
2026-09-10 17:13:15 INFO  scripts.training.teacher_finetune.training_pipeline | step 57200 | loss_grouped_ce=0.0835 lr=0.000281525
2026-09-10 17:14:01 INFO  scripts.training.teacher_finetune.training_pipeline | step 57250 | loss_grouped_ce=0.0074 lr=0.000281487
2026-09-10 17:14:48 INFO  scripts.training.teacher_finetune.training_pipeline | step 57300 | loss_grouped_ce=0.1404 lr=0.00028145
2026-09-10 17:15:33 INFO  scripts.training.teacher_finetune.training_pipeline | step 57350 | loss_grouped_ce=0.0083 lr=0.000281412
2026-09-10 17:16:21 INFO  scripts.training.teacher_finetune.training_pipeline | step 57400 | loss_grouped_ce=0.1001 lr=0.000281374
2026-09-10 17:17:10 INFO  scripts.training.teacher_finetune.training_pipeline | step 57450 | loss_grouped_ce=0.1375 lr=0.000281336
2026-09-10 17:18:04 INFO  scripts.training.teacher_finetune.training_pipeline | step 57500 | loss_grouped_ce=0.0196 lr=0.000281298
2026-09-10 17:18:55 INFO  scripts.training.teacher_finetune.training_pipeline | step 57550 | loss_grouped_ce=0.0019 lr=0.00028126
2026-09-10 17:19:40 INFO  scripts.training.teacher_finetune.training_pipeline | step 57600 | loss_grouped_ce=0.0156 lr=0.000281222
2026-09-10 17:20:24 INFO  scripts.training.teacher_finetune.training_pipeline | step 57650 | loss_grouped_ce=0.0646 lr=0.000281184
2026-09-10 17:21:09 INFO  scripts.training.teacher_finetune.training_pipeline | step 57700 | loss_grouped_ce=0.0156 lr=0.000281146
2026-09-10 17:21:45 INFO  scripts.training.teacher_finetune.training_pipeline | step 57750 | loss_grouped_ce=0.1204 lr=0.000281108
2026-09-10 17:22:33 INFO  scripts.training.teacher_finetune.training_pipeline | step 57800 | loss_grouped_ce=0.0158 lr=0.00028107
2026-09-10 17:23:21 INFO  scripts.training.teacher_finetune.training_pipeline | step 57850 | loss_grouped_ce=0.0179 lr=0.000281032
2026-09-10 17:24:04 INFO  scripts.training.teacher_finetune.training_pipeline | step 57900 | loss_grouped_ce=0.0229 lr=0.000280993
2026-09-10 17:24:50 INFO  scripts.training.teacher_finetune.training_pipeline | step 57950 | loss_grouped_ce=0.0633 lr=0.000280955
2026-09-10 17:25:36 INFO  scripts.training.teacher_finetune.training_pipeline | step 58000 | loss_grouped_ce=0.0623 lr=0.000280917
2026-09-10 17:26:23 INFO  scripts.training.teacher_finetune.training_pipeline | step 58050 | loss_grouped_ce=0.0104 lr=0.000280879
2026-09-10 17:27:07 INFO  scripts.training.teacher_finetune.training_pipeline | step 58100 | loss_grouped_ce=0.0060 lr=0.00028084
2026-09-10 17:27:56 INFO  scripts.training.teacher_finetune.training_pipeline | step 58150 | loss_grouped_ce=0.0336 lr=0.000280802
2026-09-10 17:28:26 WARNING scripts.training.teacher_finetune.training_pipeline | epoch 19 step 58187: non-finite loss/logits — skipped batch, restored BN buffers (1 skipped so far this epoch)
2026-09-10 17:28:41 INFO  scripts.training.teacher_finetune.training_pipeline | step 58200 | loss_grouped_ce=0.0708 lr=0.000280763
2026-09-10 17:29:27 INFO  scripts.training.teacher_finetune.training_pipeline | step 58250 | loss_grouped_ce=0.0211 lr=0.000280725
2026-09-10 17:30:09 INFO  scripts.training.teacher_finetune.training_pipeline | step 58300 | loss_grouped_ce=0.0201 lr=0.000280686
2026-09-10 17:31:02 INFO  scripts.training.teacher_finetune.training_pipeline | step 58350 | loss_grouped_ce=0.0376 lr=0.000280648
2026-09-10 17:31:47 INFO  scripts.training.teacher_finetune.training_pipeline | step 58400 | loss_grouped_ce=0.0937 lr=0.000280609
2026-09-10 17:32:34 INFO  scripts.training.teacher_finetune.training_pipeline | step 58450 | loss_grouped_ce=0.0540 lr=0.000280571
2026-09-10 17:33:20 INFO  scripts.training.teacher_finetune.training_pipeline | step 58500 | loss_grouped_ce=0.0131 lr=0.000280532
2026-09-10 17:34:03 INFO  scripts.training.teacher_finetune.training_pipeline | step 58550 | loss_grouped_ce=0.0954 lr=0.000280493
2026-09-10 17:34:49 INFO  scripts.training.teacher_finetune.training_pipeline | step 58600 | loss_grouped_ce=0.0368 lr=0.000280454
2026-09-10 17:35:28 INFO  scripts.training.teacher_finetune.training_pipeline | step 58650 | loss_grouped_ce=0.0231 lr=0.000280416
2026-09-10 17:36:17 INFO  scripts.training.teacher_finetune.training_pipeline | step 58700 | loss_grouped_ce=0.0441 lr=0.000280377
2026-09-10 17:37:04 INFO  scripts.training.teacher_finetune.training_pipeline | step 58750 | loss_grouped_ce=0.0631 lr=0.000280338
2026-09-10 17:37:16 INFO  scripts.training.teacher_finetune.training_pipeline | epoch 19/100 — train done in 2913.8s | avg loss_grouped_ce=0.0545 | skipped=1/3093 batches (non-finite)
2026-09-10 17:37:16 INFO  scripts.training.teacher_finetune.evaluate | evaluating on 349 batches
2026-09-10 17:44:21 INFO  scripts.training.teacher_finetune.training_pipeline | epoch 19/100 — val accuracy_top1=0.8208 f1_macro=0.8283 f1_micro=0.8208 (selection f1_macro=0.8283)
2026-09-10 17:44:21 INFO  scripts.training.teacher_finetune.evaluate | mlflow: logged val/accuracy_top1=0.8208 val/f1_macro=0.8283 val/f1_micro=0.8208 (step=18, n=22274)
2026-09-10 17:44:22 INFO  scripts.training.teacher_finetune.evaluate | mlflow: logged val per-source accuracy table (7 sources)
2026-09-10 17:44:23 INFO  scripts.training.teacher_finetune.training_pipeline | saved checkpoint: /app/scripts/training/teacher_finetune/model_exports/teacher-finetune-ff0.75-bs64-20260909-231034/last.pt
2026-09-10 17:44:24 INFO  scripts.training.teacher_finetune.training_pipeline | epoch 19/100 done — next lr=0.000280326, epochs_since_improve=12/15
2026-09-10 17:44:24 INFO  scripts.training.teacher_finetune.training_pipeline | epoch 20/100 — train start (lr=0.000280326, batches=3093)
2026-09-10 17:45:02 INFO  scripts.training.teacher_finetune.training_pipeline | step 58800 | loss_grouped_ce=0.0789 lr=0.000280299
2026-09-10 17:45:50 INFO  scripts.training.teacher_finetune.training_pipeline | step 58850 | loss_grouped_ce=0.0090 lr=0.00028026
2026-09-10 17:46:36 INFO  scripts.training.teacher_finetune.training_pipeline | step 58900 | loss_grouped_ce=0.0624 lr=0.000280221
2026-09-10 17:47:21 INFO  scripts.training.teacher_finetune.training_pipeline | step 58950 | loss_grouped_ce=0.0070 lr=0.000280182
2026-09-10 17:48:05 INFO  scripts.training.teacher_finetune.training_pipeline | step 59000 | loss_grouped_ce=0.0322 lr=0.000280143
2026-09-10 17:48:50 INFO  scripts.training.teacher_finetune.training_pipeline | step 59050 | loss_grouped_ce=0.1103 lr=0.000280104
2026-09-10 17:49:37 INFO  scripts.training.teacher_finetune.training_pipeline | step 59100 | loss_grouped_ce=0.1337 lr=0.000280065
2026-09-10 17:50:28 INFO  scripts.training.teacher_finetune.training_pipeline | step 59150 | loss_grouped_ce=0.0163 lr=0.000280026
2026-09-10 17:51:14 INFO  scripts.training.teacher_finetune.training_pipeline | step 59200 | loss_grouped_ce=0.0141 lr=0.000279987
2026-09-10 17:51:58 INFO  scripts.training.teacher_finetune.training_pipeline | step 59250 | loss_grouped_ce=0.0554 lr=0.000279948
2026-09-10 17:52:39 INFO  scripts.training.teacher_finetune.training_pipeline | step 59300 | loss_grouped_ce=0.0595 lr=0.000279909
2026-09-10 17:53:19 INFO  scripts.training.teacher_finetune.training_pipeline | step 59350 | loss_grouped_ce=0.0389 lr=0.000279869
2026-09-10 17:54:01 INFO  scripts.training.teacher_finetune.training_pipeline | step 59400 | loss_grouped_ce=0.3311 lr=0.00027983
2026-09-10 17:54:40 INFO  scripts.training.teacher_finetune.training_pipeline | step 59450 | loss_grouped_ce=0.0288 lr=0.000279791
2026-09-10 17:55:27 INFO  scripts.training.teacher_finetune.training_pipeline | step 59500 | loss_grouped_ce=0.0763 lr=0.000279751
2026-09-10 17:56:08 INFO  scripts.training.teacher_finetune.training_pipeline | step 59550 | loss_grouped_ce=0.0182 lr=0.000279712
2026-09-10 17:56:49 INFO  scripts.training.teacher_finetune.training_pipeline | step 59600 | loss_grouped_ce=0.0005 lr=0.000279673
2026-09-10 17:57:34 INFO  scripts.training.teacher_finetune.training_pipeline | step 59650 | loss_grouped_ce=0.0220 lr=0.000279633
2026-09-10 17:58:18 INFO  scripts.training.teacher_finetune.training_pipeline | step 59700 | loss_grouped_ce=0.0407 lr=0.000279594
2026-09-10 17:59:03 INFO  scripts.training.teacher_finetune.training_pipeline | step 59750 | loss_grouped_ce=0.0159 lr=0.000279554
2026-09-10 17:59:49 INFO  scripts.training.teacher_finetune.training_pipeline | step 59800 | loss_grouped_ce=0.0939 lr=0.000279514
2026-09-10 18:00:47 INFO  scripts.training.teacher_finetune.training_pipeline | step 59850 | loss_grouped_ce=0.0097 lr=0.000279475
2026-09-10 18:01:46 INFO  scripts.training.teacher_finetune.training_pipeline | step 59900 | loss_grouped_ce=0.0117 lr=0.000279435
2026-09-10 18:02:40 INFO  scripts.training.teacher_finetune.training_pipeline | step 59950 | loss_grouped_ce=0.0048 lr=0.000279395
2026-09-10 18:03:31 INFO  scripts.training.teacher_finetune.training_pipeline | step 60000 | loss_grouped_ce=0.0100 lr=0.000279356
2026-09-10 18:04:26 INFO  scripts.training.teacher_finetune.training_pipeline | step 60050 | loss_grouped_ce=0.0147 lr=0.000279316
2026-09-10 18:05:13 INFO  scripts.training.teacher_finetune.training_pipeline | step 60100 | loss_grouped_ce=0.0345 lr=0.000279276
2026-09-10 18:06:07 INFO  scripts.training.teacher_finetune.training_pipeline | step 60150 | loss_grouped_ce=0.0082 lr=0.000279236
2026-09-10 18:06:54 INFO  scripts.training.teacher_finetune.training_pipeline | step 60200 | loss_grouped_ce=0.0128 lr=0.000279197
2026-09-10 18:07:44 INFO  scripts.training.teacher_finetune.training_pipeline | step 60250 | loss_grouped_ce=0.0862 lr=0.000279157
2026-09-10 18:08:37 INFO  scripts.training.teacher_finetune.training_pipeline | step 60300 | loss_grouped_ce=0.0021 lr=0.000279117
2026-09-10 18:09:26 INFO  scripts.training.teacher_finetune.training_pipeline | step 60350 | loss_grouped_ce=0.1382 lr=0.000279077
2026-09-10 18:10:15 INFO  scripts.training.teacher_finetune.training_pipeline | step 60400 | loss_grouped_ce=0.0482 lr=0.000279037
2026-09-10 18:11:04 INFO  scripts.training.teacher_finetune.training_pipeline | step 60450 | loss_grouped_ce=0.0421 lr=0.000278997
2026-09-10 18:11:55 INFO  scripts.training.teacher_finetune.training_pipeline | step 60500 | loss_grouped_ce=0.1212 lr=0.000278957
2026-09-10 18:12:45 INFO  scripts.training.teacher_finetune.training_pipeline | step 60550 | loss_grouped_ce=0.0023 lr=0.000278916
2026-09-10 18:13:33 INFO  scripts.training.teacher_finetune.training_pipeline | step 60600 | loss_grouped_ce=0.0394 lr=0.000278876
2026-09-10 18:14:22 INFO  scripts.training.teacher_finetune.training_pipeline | step 60650 | loss_grouped_ce=0.0082 lr=0.000278836
2026-09-10 18:15:07 INFO  scripts.training.teacher_finetune.training_pipeline | step 60700 | loss_grouped_ce=0.0329 lr=0.000278796
2026-09-10 18:15:52 INFO  scripts.training.teacher_finetune.training_pipeline | step 60750 | loss_grouped_ce=0.0604 lr=0.000278756
2026-09-10 18:16:39 INFO  scripts.training.teacher_finetune.training_pipeline | step 60800 | loss_grouped_ce=0.0323 lr=0.000278715
2026-09-10 18:17:27 INFO  scripts.training.teacher_finetune.training_pipeline | step 60850 | loss_grouped_ce=0.1382 lr=0.000278675
2026-09-10 18:18:16 INFO  scripts.training.teacher_finetune.training_pipeline | step 60900 | loss_grouped_ce=0.0740 lr=0.000278635
2026-09-10 18:19:09 INFO  scripts.training.teacher_finetune.training_pipeline | step 60950 | loss_grouped_ce=0.0052 lr=0.000278594
2026-09-10 18:19:56 INFO  scripts.training.teacher_finetune.training_pipeline | step 61000 | loss_grouped_ce=0.0359 lr=0.000278554
2026-09-10 18:20:46 INFO  scripts.training.teacher_finetune.training_pipeline | step 61050 | loss_grouped_ce=0.0502 lr=0.000278513
2026-09-10 18:21:34 INFO  scripts.training.teacher_finetune.training_pipeline | step 61100 | loss_grouped_ce=0.0691 lr=0.000278473
2026-09-10 18:22:19 INFO  scripts.training.teacher_finetune.training_pipeline | step 61150 | loss_grouped_ce=0.1046 lr=0.000278432
2026-09-10 18:23:06 INFO  scripts.training.teacher_finetune.training_pipeline | step 61200 | loss_grouped_ce=0.0429 lr=0.000278392
2026-09-10 18:23:50 INFO  scripts.training.teacher_finetune.training_pipeline | step 61250 | loss_grouped_ce=0.0059 lr=0.000278351
2026-09-10 18:24:28 INFO  scripts.training.teacher_finetune.training_pipeline | step 61300 | loss_grouped_ce=0.0164 lr=0.000278311
2026-09-10 18:25:14 INFO  scripts.training.teacher_finetune.training_pipeline | step 61350 | loss_grouped_ce=0.0733 lr=0.00027827
2026-09-10 18:26:02 INFO  scripts.training.teacher_finetune.training_pipeline | step 61400 | loss_grouped_ce=0.1258 lr=0.000278229
2026-09-10 18:26:41 INFO  scripts.training.teacher_finetune.training_pipeline | step 61450 | loss_grouped_ce=0.0552 lr=0.000278188
2026-09-10 18:27:25 INFO  scripts.training.teacher_finetune.training_pipeline | step 61500 | loss_grouped_ce=0.0624 lr=0.000278148
2026-09-10 18:28:11 INFO  scripts.training.teacher_finetune.training_pipeline | step 61550 | loss_grouped_ce=0.0607 lr=0.000278107
2026-09-10 18:28:58 INFO  scripts.training.teacher_finetune.training_pipeline | step 61600 | loss_grouped_ce=0.2901 lr=0.000278066
2026-09-10 18:29:36 INFO  scripts.training.teacher_finetune.training_pipeline | step 61650 | loss_grouped_ce=0.0399 lr=0.000278025
2026-09-10 18:30:21 INFO  scripts.training.teacher_finetune.training_pipeline | step 61700 | loss_grouped_ce=0.0084 lr=0.000277984
2026-09-10 18:31:07 INFO  scripts.training.teacher_finetune.training_pipeline | step 61750 | loss_grouped_ce=0.1709 lr=0.000277943
2026-09-10 18:31:47 INFO  scripts.training.teacher_finetune.training_pipeline | step 61800 | loss_grouped_ce=0.0204 lr=0.000277902
2026-09-10 18:32:33 INFO  scripts.training.teacher_finetune.training_pipeline | step 61850 | loss_grouped_ce=0.0373 lr=0.000277861
2026-09-10 18:32:40 INFO  scripts.training.teacher_finetune.training_pipeline | epoch 20/100 — train done in 2895.9s | avg loss_grouped_ce=0.0589 | skipped=0/3093 batches (non-finite)
2026-09-10 18:32:40 INFO  scripts.training.teacher_finetune.evaluate | evaluating on 349 batches
2026-09-10 18:40:46 INFO  scripts.training.teacher_finetune.training_pipeline | epoch 20/100 — val accuracy_top1=0.8210 f1_macro=0.8276 f1_micro=0.8210 (selection f1_macro=0.8276)
2026-09-10 18:40:47 INFO  scripts.training.teacher_finetune.evaluate | mlflow: logged val/accuracy_top1=0.8210 val/f1_macro=0.8276 val/f1_micro=0.8210 (step=19, n=22274)
2026-09-10 18:40:48 INFO  scripts.training.teacher_finetune.evaluate | mlflow: logged val per-source accuracy table (7 sources)
2026-09-10 18:40:49 INFO  scripts.training.teacher_finetune.training_pipeline | saved checkpoint: /app/scripts/training/teacher_finetune/model_exports/teacher-finetune-ff0.75-bs64-20260909-231034/last.pt
2026-09-10 18:40:50 INFO  scripts.training.teacher_finetune.training_pipeline | epoch 20/100 done — next lr=0.000277855, epochs_since_improve=13/15
2026-09-10 18:40:50 INFO  scripts.training.teacher_finetune.training_pipeline | epoch 21/100 — train start (lr=0.000277855, batches=3093)
2026-09-10 18:41:41 INFO  scripts.training.teacher_finetune.training_pipeline | step 61900 | loss_grouped_ce=0.0065 lr=0.00027782
2026-09-10 18:42:24 INFO  scripts.training.teacher_finetune.training_pipeline | step 61950 | loss_grouped_ce=0.0174 lr=0.000277779
2026-09-10 18:43:06 INFO  scripts.training.teacher_finetune.training_pipeline | step 62000 | loss_grouped_ce=0.0780 lr=0.000277738
2026-09-10 18:43:50 INFO  scripts.training.teacher_finetune.training_pipeline | step 62050 | loss_grouped_ce=0.0052 lr=0.000277697
2026-09-10 18:44:29 INFO  scripts.training.teacher_finetune.training_pipeline | step 62100 | loss_grouped_ce=0.0516 lr=0.000277656
2026-09-10 18:45:09 INFO  scripts.training.teacher_finetune.training_pipeline | step 62150 | loss_grouped_ce=0.0211 lr=0.000277614
2026-09-10 18:45:55 INFO  scripts.training.teacher_finetune.training_pipeline | step 62200 | loss_grouped_ce=0.0029 lr=0.000277573
2026-09-10 18:46:38 INFO  scripts.training.teacher_finetune.training_pipeline | step 62250 | loss_grouped_ce=0.0015 lr=0.000277532
2026-09-10 18:47:15 INFO  scripts.training.teacher_finetune.training_pipeline | step 62300 | loss_grouped_ce=0.0040 lr=0.00027749
2026-09-10 18:48:00 INFO  scripts.training.teacher_finetune.training_pipeline | step 62350 | loss_grouped_ce=0.0453 lr=0.000277449
2026-09-10 18:48:46 INFO  scripts.training.teacher_finetune.training_pipeline | step 62400 | loss_grouped_ce=0.0380 lr=0.000277408
2026-09-10 18:49:26 INFO  scripts.training.teacher_finetune.training_pipeline | step 62450 | loss_grouped_ce=0.0703 lr=0.000277366
2026-09-10 18:50:11 INFO  scripts.training.teacher_finetune.training_pipeline | step 62500 | loss_grouped_ce=0.0282 lr=0.000277325
2026-09-10 18:50:56 INFO  scripts.training.teacher_finetune.training_pipeline | step 62550 | loss_grouped_ce=0.0337 lr=0.000277283
2026-09-10 18:51:41 INFO  scripts.training.teacher_finetune.training_pipeline | step 62600 | loss_grouped_ce=0.1190 lr=0.000277242
2026-09-10 18:52:25 INFO  scripts.training.teacher_finetune.training_pipeline | step 62650 | loss_grouped_ce=0.1733 lr=0.0002772
2026-09-10 18:53:08 INFO  scripts.training.teacher_finetune.training_pipeline | step 62700 | loss_grouped_ce=0.1314 lr=0.000277159
2026-09-10 18:53:51 INFO  scripts.training.teacher_finetune.training_pipeline | step 62750 | loss_grouped_ce=0.0292 lr=0.000277117
2026-09-10 18:54:30 INFO  scripts.training.teacher_finetune.training_pipeline | step 62800 | loss_grouped_ce=0.0158 lr=0.000277075
2026-09-10 18:55:18 INFO  scripts.training.teacher_finetune.training_pipeline | step 62850 | loss_grouped_ce=0.0472 lr=0.000277033
2026-09-10 18:56:04 INFO  scripts.training.teacher_finetune.training_pipeline | step 62900 | loss_grouped_ce=0.0152 lr=0.000276992
2026-09-10 18:56:50 INFO  scripts.training.teacher_finetune.training_pipeline | step 62950 | loss_grouped_ce=0.1726 lr=0.00027695
2026-09-10 18:57:31 INFO  scripts.training.teacher_finetune.training_pipeline | step 63000 | loss_grouped_ce=0.6480 lr=0.000276908
2026-09-10 18:58:14 INFO  scripts.training.teacher_finetune.training_pipeline | step 63050 | loss_grouped_ce=0.0095 lr=0.000276866
2026-09-10 18:59:01 INFO  scripts.training.teacher_finetune.training_pipeline | step 63100 | loss_grouped_ce=0.0461 lr=0.000276824
2026-09-10 18:59:43 INFO  scripts.training.teacher_finetune.training_pipeline | step 63150 | loss_grouped_ce=0.0343 lr=0.000276782
2026-09-10 19:00:25 INFO  scripts.training.teacher_finetune.training_pipeline | step 63200 | loss_grouped_ce=0.0378 lr=0.00027674
2026-09-10 19:01:14 INFO  scripts.training.teacher_finetune.training_pipeline | step 63250 | loss_grouped_ce=0.0948 lr=0.000276698
2026-09-10 19:01:57 INFO  scripts.training.teacher_finetune.training_pipeline | step 63300 | loss_grouped_ce=0.0669 lr=0.000276656
2026-09-10 19:02:45 INFO  scripts.training.teacher_finetune.training_pipeline | step 63350 | loss_grouped_ce=0.0356 lr=0.000276614
2026-09-10 19:03:32 INFO  scripts.training.teacher_finetune.training_pipeline | step 63400 | loss_grouped_ce=0.0517 lr=0.000276572
2026-09-10 19:04:20 INFO  scripts.training.teacher_finetune.training_pipeline | step 63450 | loss_grouped_ce=0.0401 lr=0.00027653
2026-09-10 19:05:08 INFO  scripts.training.teacher_finetune.training_pipeline | step 63500 | loss_grouped_ce=0.0271 lr=0.000276488
2026-09-10 19:05:53 INFO  scripts.training.teacher_finetune.training_pipeline | step 63550 | loss_grouped_ce=0.0139 lr=0.000276446
2026-09-10 19:06:40 INFO  scripts.training.teacher_finetune.training_pipeline | step 63600 | loss_grouped_ce=0.0791 lr=0.000276403
2026-09-10 19:07:23 INFO  scripts.training.teacher_finetune.training_pipeline | step 63650 | loss_grouped_ce=0.0539 lr=0.000276361
2026-09-10 19:08:10 INFO  scripts.training.teacher_finetune.training_pipeline | step 63700 | loss_grouped_ce=0.1354 lr=0.000276319
2026-09-10 19:08:58 INFO  scripts.training.teacher_finetune.training_pipeline | step 63750 | loss_grouped_ce=0.0037 lr=0.000276277
2026-09-10 19:09:46 INFO  scripts.training.teacher_finetune.training_pipeline | step 63800 | loss_grouped_ce=0.1874 lr=0.000276234
2026-09-10 19:10:33 INFO  scripts.training.teacher_finetune.training_pipeline | step 63850 | loss_grouped_ce=0.0111 lr=0.000276192
2026-09-10 19:11:19 INFO  scripts.training.teacher_finetune.training_pipeline | step 63900 | loss_grouped_ce=0.0253 lr=0.000276149
2026-09-10 19:12:04 INFO  scripts.training.teacher_finetune.training_pipeline | step 63950 | loss_grouped_ce=0.0023 lr=0.000276107
2026-09-10 19:12:51 INFO  scripts.training.teacher_finetune.training_pipeline | step 64000 | loss_grouped_ce=0.1067 lr=0.000276064
2026-09-10 19:13:37 INFO  scripts.training.teacher_finetune.training_pipeline | step 64050 | loss_grouped_ce=0.0872 lr=0.000276022
2026-09-10 19:14:24 INFO  scripts.training.teacher_finetune.training_pipeline | step 64100 | loss_grouped_ce=0.0723 lr=0.000275979
2026-09-10 19:15:08 INFO  scripts.training.teacher_finetune.training_pipeline | step 64150 | loss_grouped_ce=0.0002 lr=0.000275936
2026-09-10 19:15:55 INFO  scripts.training.teacher_finetune.training_pipeline | step 64200 | loss_grouped_ce=0.1068 lr=0.000275894
2026-09-10 19:16:37 INFO  scripts.training.teacher_finetune.training_pipeline | step 64250 | loss_grouped_ce=0.0759 lr=0.000275851
2026-09-10 19:17:23 INFO  scripts.training.teacher_finetune.training_pipeline | step 64300 | loss_grouped_ce=0.1199 lr=0.000275808
2026-09-10 19:18:15 INFO  scripts.training.teacher_finetune.training_pipeline | step 64350 | loss_grouped_ce=0.1514 lr=0.000275766
2026-09-10 19:18:55 INFO  scripts.training.teacher_finetune.training_pipeline | step 64400 | loss_grouped_ce=0.0167 lr=0.000275723
2026-09-10 19:19:38 INFO  scripts.training.teacher_finetune.training_pipeline | step 64450 | loss_grouped_ce=0.0641 lr=0.00027568
2026-09-10 19:20:30 INFO  scripts.training.teacher_finetune.training_pipeline | step 64500 | loss_grouped_ce=0.0303 lr=0.000275637
2026-09-10 19:21:11 INFO  scripts.training.teacher_finetune.training_pipeline | step 64550 | loss_grouped_ce=0.1681 lr=0.000275594
2026-09-10 19:21:54 INFO  scripts.training.teacher_finetune.training_pipeline | step 64600 | loss_grouped_ce=0.0034 lr=0.000275551
2026-09-10 19:22:40 INFO  scripts.training.teacher_finetune.training_pipeline | step 64650 | loss_grouped_ce=0.0251 lr=0.000275508
2026-09-10 19:23:29 INFO  scripts.training.teacher_finetune.training_pipeline | step 64700 | loss_grouped_ce=0.1609 lr=0.000275465
2026-09-10 19:24:08 INFO  scripts.training.teacher_finetune.training_pipeline | step 64750 | loss_grouped_ce=0.0115 lr=0.000275422
2026-09-10 19:24:50 INFO  scripts.training.teacher_finetune.training_pipeline | step 64800 | loss_grouped_ce=0.0009 lr=0.000275379
2026-09-10 19:25:40 INFO  scripts.training.teacher_finetune.training_pipeline | step 64850 | loss_grouped_ce=0.0109 lr=0.000275336
2026-09-10 19:26:18 INFO  scripts.training.teacher_finetune.training_pipeline | step 64900 | loss_grouped_ce=0.0640 lr=0.000275293
2026-09-10 19:27:03 INFO  scripts.training.teacher_finetune.training_pipeline | step 64950 | loss_grouped_ce=0.0881 lr=0.00027525
2026-09-10 19:27:04 INFO  scripts.training.teacher_finetune.training_pipeline | epoch 21/100 — train done in 2774.4s | avg loss_grouped_ce=0.0576 | skipped=0/3093 batches (non-finite)
2026-09-10 19:27:04 INFO  scripts.training.teacher_finetune.evaluate | evaluating on 349 batches
2026-09-10 19:35:06 INFO  scripts.training.teacher_finetune.training_pipeline | epoch 21/100 — val accuracy_top1=0.8217 f1_macro=0.8296 f1_micro=0.8217 (selection f1_macro=0.8296)
2026-09-10 19:35:07 INFO  scripts.training.teacher_finetune.evaluate | mlflow: logged val/accuracy_top1=0.8217 val/f1_macro=0.8296 val/f1_micro=0.8217 (step=20, n=22274)
2026-09-10 19:35:08 INFO  scripts.training.teacher_finetune.evaluate | mlflow: logged val per-source accuracy table (7 sources)
2026-09-10 19:35:09 INFO  scripts.training.teacher_finetune.training_pipeline | saved checkpoint: /app/scripts/training/teacher_finetune/model_exports/teacher-finetune-ff0.75-bs64-20260909-231034/last.pt
2026-09-10 19:35:10 INFO  scripts.training.teacher_finetune.training_pipeline | epoch 21/100 done — next lr=0.000275249, epochs_since_improve=14/15
2026-09-10 19:35:10 INFO  scripts.training.teacher_finetune.training_pipeline | epoch 22/100 — train start (lr=0.000275249, batches=3093)
2026-09-10 19:35:59 INFO  scripts.training.teacher_finetune.training_pipeline | step 65000 | loss_grouped_ce=0.2046 lr=0.000275207
2026-09-10 19:36:42 INFO  scripts.training.teacher_finetune.training_pipeline | step 65050 | loss_grouped_ce=0.0128 lr=0.000275163
2026-09-10 19:37:25 INFO  scripts.training.teacher_finetune.training_pipeline | step 65100 | loss_grouped_ce=0.0278 lr=0.00027512
2026-09-10 19:38:10 INFO  scripts.training.teacher_finetune.training_pipeline | step 65150 | loss_grouped_ce=0.0127 lr=0.000275077
2026-09-10 19:38:51 INFO  scripts.training.teacher_finetune.training_pipeline | step 65200 | loss_grouped_ce=0.0381 lr=0.000275033
2026-09-10 19:39:37 INFO  scripts.training.teacher_finetune.training_pipeline | step 65250 | loss_grouped_ce=0.0047 lr=0.00027499
2026-09-10 19:40:21 INFO  scripts.training.teacher_finetune.training_pipeline | step 65300 | loss_grouped_ce=0.0013 lr=0.000274947
2026-09-10 19:41:01 INFO  scripts.training.teacher_finetune.training_pipeline | step 65350 | loss_grouped_ce=0.0377 lr=0.000274903
2026-09-10 19:41:43 INFO  scripts.training.teacher_finetune.training_pipeline | step 65400 | loss_grouped_ce=0.1835 lr=0.00027486
2026-09-10 19:42:21 INFO  scripts.training.teacher_finetune.training_pipeline | step 65450 | loss_grouped_ce=0.1419 lr=0.000274816
2026-09-10 19:43:09 INFO  scripts.training.teacher_finetune.training_pipeline | step 65500 | loss_grouped_ce=0.0044 lr=0.000274773
2026-09-10 19:43:50 INFO  scripts.training.teacher_finetune.training_pipeline | step 65550 | loss_grouped_ce=0.0344 lr=0.000274729
2026-09-10 19:44:36 INFO  scripts.training.teacher_finetune.training_pipeline | step 65600 | loss_grouped_ce=0.0161 lr=0.000274685
2026-09-10 19:45:19 INFO  scripts.training.teacher_finetune.training_pipeline | step 65650 | loss_grouped_ce=0.0323 lr=0.000274642
2026-09-10 19:46:03 INFO  scripts.training.teacher_finetune.training_pipeline | step 65700 | loss_grouped_ce=0.0016 lr=0.000274598
2026-09-10 19:46:50 INFO  scripts.training.teacher_finetune.training_pipeline | step 65750 | loss_grouped_ce=0.0352 lr=0.000274554
2026-09-10 19:47:34 INFO  scripts.training.teacher_finetune.training_pipeline | step 65800 | loss_grouped_ce=0.0452 lr=0.000274511
2026-09-10 19:48:18 INFO  scripts.training.teacher_finetune.training_pipeline | step 65850 | loss_grouped_ce=0.0939 lr=0.000274467
2026-09-10 19:48:59 INFO  scripts.training.teacher_finetune.training_pipeline | step 65900 | loss_grouped_ce=0.0432 lr=0.000274423
2026-09-10 19:49:40 INFO  scripts.training.teacher_finetune.training_pipeline | step 65950 | loss_grouped_ce=0.0167 lr=0.000274379
2026-09-10 19:50:26 INFO  scripts.training.teacher_finetune.training_pipeline | step 66000 | loss_grouped_ce=0.0190 lr=0.000274335
2026-09-10 19:51:11 INFO  scripts.training.teacher_finetune.training_pipeline | step 66050 | loss_grouped_ce=0.0624 lr=0.000274291
2026-09-10 19:51:52 INFO  scripts.training.teacher_finetune.training_pipeline | step 66100 | loss_grouped_ce=0.0525 lr=0.000274247
2026-09-10 19:52:35 INFO  scripts.training.teacher_finetune.training_pipeline | step 66150 | loss_grouped_ce=0.0119 lr=0.000274203
2026-09-10 19:53:19 INFO  scripts.training.teacher_finetune.training_pipeline | step 66200 | loss_grouped_ce=0.0139 lr=0.000274159
2026-09-10 19:54:04 INFO  scripts.training.teacher_finetune.training_pipeline | step 66250 | loss_grouped_ce=0.0014 lr=0.000274115
2026-09-10 19:54:42 INFO  scripts.training.teacher_finetune.training_pipeline | step 66300 | loss_grouped_ce=0.1610 lr=0.000274071
2026-09-10 19:55:24 INFO  scripts.training.teacher_finetune.training_pipeline | step 66350 | loss_grouped_ce=0.0163 lr=0.000274027
2026-09-10 19:56:02 INFO  scripts.training.teacher_finetune.training_pipeline | step 66400 | loss_grouped_ce=0.0102 lr=0.000273983
2026-09-10 19:56:46 INFO  scripts.training.teacher_finetune.training_pipeline | step 66450 | loss_grouped_ce=0.0020 lr=0.000273939
2026-09-10 19:57:31 INFO  scripts.training.teacher_finetune.training_pipeline | step 66500 | loss_grouped_ce=0.0898 lr=0.000273895
2026-09-10 19:58:15 INFO  scripts.training.teacher_finetune.training_pipeline | step 66550 | loss_grouped_ce=0.0040 lr=0.00027385
2026-09-10 19:58:55 INFO  scripts.training.teacher_finetune.training_pipeline | step 66600 | loss_grouped_ce=0.0640 lr=0.000273806
2026-09-10 19:59:40 INFO  scripts.training.teacher_finetune.training_pipeline | step 66650 | loss_grouped_ce=0.0255 lr=0.000273762
2026-09-10 20:00:25 INFO  scripts.training.teacher_finetune.training_pipeline | step 66700 | loss_grouped_ce=0.0206 lr=0.000273717
2026-09-10 20:01:12 INFO  scripts.training.teacher_finetune.training_pipeline | step 66750 | loss_grouped_ce=0.0031 lr=0.000273673
2026-09-10 20:01:57 INFO  scripts.training.teacher_finetune.training_pipeline | step 66800 | loss_grouped_ce=0.0324 lr=0.000273628
2026-09-10 20:02:39 INFO  scripts.training.teacher_finetune.training_pipeline | step 66850 | loss_grouped_ce=0.0545 lr=0.000273584
2026-09-10 20:03:24 INFO  scripts.training.teacher_finetune.training_pipeline | step 66900 | loss_grouped_ce=0.0404 lr=0.000273539
2026-09-10 20:04:16 INFO  scripts.training.teacher_finetune.training_pipeline | step 66950 | loss_grouped_ce=0.1092 lr=0.000273495
2026-09-10 20:04:59 INFO  scripts.training.teacher_finetune.training_pipeline | step 67000 | loss_grouped_ce=0.0819 lr=0.00027345
2026-09-10 20:05:47 INFO  scripts.training.teacher_finetune.training_pipeline | step 67050 | loss_grouped_ce=0.0747 lr=0.000273406
2026-09-10 20:06:25 INFO  scripts.training.teacher_finetune.training_pipeline | step 67100 | loss_grouped_ce=0.0168 lr=0.000273361
2026-09-10 20:07:16 INFO  scripts.training.teacher_finetune.training_pipeline | step 67150 | loss_grouped_ce=0.0260 lr=0.000273316
2026-09-10 20:08:00 INFO  scripts.training.teacher_finetune.training_pipeline | step 67200 | loss_grouped_ce=0.0247 lr=0.000273272
2026-09-10 20:08:43 INFO  scripts.training.teacher_finetune.training_pipeline | step 67250 | loss_grouped_ce=0.0285 lr=0.000273227
2026-09-10 20:09:32 INFO  scripts.training.teacher_finetune.training_pipeline | step 67300 | loss_grouped_ce=0.0028 lr=0.000273182
2026-09-10 20:10:18 INFO  scripts.training.teacher_finetune.training_pipeline | step 67350 | loss_grouped_ce=0.0620 lr=0.000273137
2026-09-10 20:11:01 INFO  scripts.training.teacher_finetune.training_pipeline | step 67400 | loss_grouped_ce=0.0175 lr=0.000273093
2026-09-10 20:11:40 INFO  scripts.training.teacher_finetune.training_pipeline | step 67450 | loss_grouped_ce=0.0043 lr=0.000273048
2026-09-10 20:12:22 INFO  scripts.training.teacher_finetune.training_pipeline | step 67500 | loss_grouped_ce=0.0910 lr=0.000273003
2026-09-10 20:13:09 INFO  scripts.training.teacher_finetune.training_pipeline | step 67550 | loss_grouped_ce=0.0092 lr=0.000272958
2026-09-10 20:13:48 INFO  scripts.training.teacher_finetune.training_pipeline | step 67600 | loss_grouped_ce=0.0293 lr=0.000272913
2026-09-10 20:14:33 INFO  scripts.training.teacher_finetune.training_pipeline | step 67650 | loss_grouped_ce=0.0173 lr=0.000272868
2026-09-10 20:15:16 INFO  scripts.training.teacher_finetune.training_pipeline | step 67700 | loss_grouped_ce=0.0145 lr=0.000272823
2026-09-10 20:16:01 INFO  scripts.training.teacher_finetune.training_pipeline | step 67750 | loss_grouped_ce=0.0521 lr=0.000272778
2026-09-10 20:16:45 INFO  scripts.training.teacher_finetune.training_pipeline | step 67800 | loss_grouped_ce=0.0511 lr=0.000272733
2026-09-10 20:17:25 INFO  scripts.training.teacher_finetune.training_pipeline | step 67850 | loss_grouped_ce=0.0066 lr=0.000272688
2026-09-10 20:18:10 INFO  scripts.training.teacher_finetune.training_pipeline | step 67900 | loss_grouped_ce=0.1025 lr=0.000272642
2026-09-10 20:18:56 INFO  scripts.training.teacher_finetune.training_pipeline | step 67950 | loss_grouped_ce=0.0783 lr=0.000272597
2026-09-10 20:19:40 INFO  scripts.training.teacher_finetune.training_pipeline | step 68000 | loss_grouped_ce=0.0622 lr=0.000272552
2026-09-10 20:20:18 INFO  scripts.training.teacher_finetune.training_pipeline | epoch 22/100 — train done in 2708.7s | avg loss_grouped_ce=0.0522 | skipped=0/3093 batches (non-finite)
2026-09-10 20:20:18 INFO  scripts.training.teacher_finetune.evaluate | evaluating on 349 batches
2026-09-10 20:27:24 INFO  scripts.training.teacher_finetune.training_pipeline | epoch 22/100 — val accuracy_top1=0.8216 f1_macro=0.8295 f1_micro=0.8216 (selection f1_macro=0.8295)
2026-09-10 20:27:25 INFO  scripts.training.teacher_finetune.evaluate | mlflow: logged val/accuracy_top1=0.8216 val/f1_macro=0.8295 val/f1_micro=0.8216 (step=21, n=22274)
2026-09-10 20:27:26 INFO  scripts.training.teacher_finetune.evaluate | mlflow: logged val per-source accuracy table (7 sources)
2026-09-10 20:27:28 INFO  scripts.training.teacher_finetune.training_pipeline | saved checkpoint: /app/scripts/training/teacher_finetune/model_exports/teacher-finetune-ff0.75-bs64-20260909-231034/last.pt
2026-09-10 20:27:28 INFO  scripts.training.teacher_finetune.training_pipeline | epoch 22/100 done — next lr=0.000272512, epochs_since_improve=15/15
2026-09-10 20:27:28 INFO  scripts.training.teacher_finetune.training_pipeline | early stopping at epoch 22 — no f1_macro improvement (>0.001) for 15 epochs
2026-09-10 20:27:30 INFO  scripts.training.teacher_finetune.training_pipeline | saved checkpoint: /app/scripts/training/teacher_finetune/model_exports/teacher-finetune-ff0.75-bs64-20260909-231034/last.pt
2026-09-10 20:27:30 INFO  scripts.training.teacher_finetune.training_pipeline | training finished — loading best.pt for final test evaluation
2026-09-10 20:27:31 INFO  scripts.training.teacher_finetune.training_pipeline | loaded best.pt (f1_macro=0.8312 @ epoch 6)
2026-09-10 20:27:31 INFO  scripts.training.teacher_finetune.evaluate | evaluating on 1439 batches
2026-09-10 21:03:16 INFO  scripts.training.teacher_finetune.training_pipeline | test accuracy_top1=0.7058 f1_macro=0.6220 f1_micro=0.7058
2026-09-10 21:03:17 INFO  scripts.training.teacher_finetune.evaluate | mlflow: logged test/accuracy_top1=0.7058 test/f1_macro=0.6220 test/f1_micro=0.7058 (step=None, n=92094)
2026-09-10 21:03:17 INFO  scripts.training.teacher_finetune.evaluate | mlflow: logged test per-source accuracy table (6 sources)
2026-09-10 21:17:51 INFO  scripts.training.teacher_finetune.training_pipeline | uploaded checkpoints to MLflow
2026-09-10 21:17:51 INFO  __main__ | uploaded log artifact: /app/scripts/training/teacher_finetune/model_exports/teacher-finetune-ff0.75-bs64-20260909-231034/teacher-finetune-ff0.75-bs64-20260909-231034.log
