filepath,source,split,expected_class,detection_idx,bbox_norm,megadetector_conf,pred_common,pred_scientific,pred_top1_score,match_level,verdict
data/gbif/images/aardvark/gbif_aardvark_00036.jpg,gbif,,aardvark,1,"[0.7057999968528748, 0.4135962699074298, 0.5884000062942505, 0.8220031261444092]",0.221069,domestic cattle,bos taurus,0.987448,class,flag
data/gbif/images/african_buffalo/gbif_african_buffalo_00025.jpg,gbif,,african_buffalo,4,"[0.6108000241219997, 0.6803721636533737, 0.0568000003695488, 0.1902761161327362]",0.378662,red deer,cervus elaphus,0.318435,order,flag
data/gbif/images/african_buffalo/gbif_african_buffalo_00026.jpg,gbif,,african_buffalo,2,"[0.5652000084519386, 0.28547855094075203, 0.19599999487400055, 0.0867086723446846]",0.315276,wild boar,sus scrofa,0.487582,order,flag
data/gbif/images/african_buffalo/gbif_african_buffalo_00128.jpg,gbif,,african_buffalo,7,"[0.16520000249147415, 0.3309330977499485, 0.15919999778270721, 0.08040804415941238]",0.480713,hylobatidae family,,0.326079,class,flag
data/gbif/images/african_elephant/gbif_african_elephant_00046.jpg,gbif,,african_elephant,3,"[0.6783999800682068, 0.46884361654520035, 0.6431999802589417, 0.7783103585243225]",0.478027,american bison,bison bison,0.424066,class,flag
data/gbif/images/african_wild_dog/gbif_african_wild_dog_00003.jpg,gbif,,african_wild_dog,1,"[0.29660001397132874, 0.35957446694374084, 0.5932000279426575, 0.23404255509376526]",0.28418,wild boar,sus scrofa,0.619847,class,flag
data/gbif/images/african_wild_dog/gbif_african_wild_dog_00081.jpg,gbif,,african_wild_dog,1,"[0.719400018453598, 0.47626666724681854, 0.5612000226974487, 0.683733344078064]",0.459717,mule deer,odocoileus hemionus,0.37586,class,flag
data/gbif/images/african_wild_dog/gbif_african_wild_dog_00086.jpg,gbif,,african_wild_dog,1,"[0.719400018453598, 0.47626666724681854, 0.5612000226974487, 0.683733344078064]",0.459717,mule deer,odocoileus hemionus,0.37586,class,flag
data/gbif/images/african_wild_dog/gbif_african_wild_dog_00099.jpg,gbif,,african_wild_dog,4,"[0.5083999894559383, 0.5837837755680084, 0.09920000284910202, 0.23663663864135742]",0.407361,domestic sheep,ovis aries,0.457388,class,flag
data/gbif/images/african_wild_dog/gbif_african_wild_dog_00132.jpg,gbif,,african_wild_dog,2,"[0.9390000216662884, 0.7839879021048546, 0.12200000137090683, 0.13232629001140594]",0.424805,domestic cattle,bos taurus,0.538074,class,flag
data/gbif/images/african_wild_dog/gbif_african_wild_dog_00152.jpg,gbif,,african_wild_dog,1,"[0.7026000022888184, 0.4858943670988083, 0.43959999084472656, 0.14345738291740417]",0.253906,wild boar,sus scrofa,0.606415,class,flag
data/gbif/images/african_wild_dog/gbif_african_wild_dog_00157.jpg,gbif,,african_wild_dog,2,"[0.7115999758243561, 0.5642257034778595, 0.17919999361038208, 0.4897959232330322]",0.217041,plains zebra,equus quagga,0.290539,class,uncertain
data/gbif/images/african_wild_dog/gbif_african_wild_dog_00171.jpg,gbif,,african_wild_dog,4,"[0.8921999856829643, 0.613869421184063, 0.20839999616146088, 0.1408526748418808]",0.34375,common wildebeest,connochaetes taurinus,0.381906,class,flag
data/gbif/images/african_wild_dog/gbif_african_wild_dog_00220.jpg,gbif,,african_wild_dog,1,"[0.4375999867916107, 0.48559998720884323, 0.20080000162124634, 0.10293333232402802]",0.370361,wild boar,sus scrofa,0.724015,class,flag
data/gbif/images/african_wild_dog/gbif_african_wild_dog_00220.jpg,gbif,,african_wild_dog,2,"[0.6449999660253525, 0.4882666692137718, 0.2651999890804291, 0.13813333213329315]",0.361328,red deer,cervus elaphus,0.267046,class,uncertain
data/gbif/images/american_badger/gbif_american_badger_00159.jpg,gbif,,american_badger,2,"[0.3716000020503998, 0.5519207715988159, 0.10559999942779541, 0.1830732226371765]",0.236572,woodchuck,marmota monax,0.327148,class,flag
data/gbif/images/american_bison/gbif_american_bison_00286.jpg,gbif,,american_bison,2,"[0.5189999975264072, 0.5061333402991295, 0.12280000001192093, 0.109866663813591]",0.476818,domestic cat,felis catus,0.358017,class,flag
data/gbif/images/american_black_bear/gbif_american_black_bear_00113.jpg,gbif,,american_black_bear,1,"[0.7177999913692474, 0.36634664237499237, 0.11959999799728394, 0.2556847035884857]",0.298828,wild boar,sus scrofa,0.331577,class,flag
data/gbif/images/asian_elephant/gbif_asian_elephant_00241.jpg,gbif,,asian_elephant,1,"[0.13120000064373016, 0.08736313667031936, 0.2624000012874603, 0.1738138645887375]",0.428711,white-tailed deer,odocoileus virginianus,0.485944,class,flag
data/gbif/images/asiatic_black_bear/gbif_asiatic_black_bear_00054.jpg,gbif,,asiatic_black_bear,1,"[0.2978000044822693, 0.4918657948728651, 0.5956000089645386, 0.9816980361938477]",0.33667,domestic dog,canis familiaris,0.786021,order,flag
data/gbif/images/asiatic_wild_ass/gbif_asiatic_wild_ass_00057.jpg,gbif,,asiatic_wild_ass,1,"[0.5315999984741211, 0.3414560668170452, 0.3447999954223633, 0.5782189965248108]",0.273304,domestic cattle,bos taurus,0.584101,class,flag
data/gbif/images/asiatic_wild_ass/gbif_asiatic_wild_ass_00065.jpg,gbif,,asiatic_wild_ass,2,"[0.4827999956905842, 0.457082848995924, 0.10000000149011612, 0.11464586108922958]",0.271973,domestic cattle,bos taurus,0.570408,class,flag
data/gbif/images/ateles_species/gbif_ateles_species_00035.jpg,gbif,,ateles_species,3,"[0.5414000079035759, 0.6679999977350235, 0.1348000019788742, 0.13920000195503235]",0.438232,domestic cattle,bos taurus,0.304532,class,flag
data/gbif/images/ateles_species/gbif_ateles_species_00091.jpg,gbif,,ateles_species,2,"[0.7221999987959862, 0.24474475160241127, 0.22599999606609344, 0.48708710074424744]",0.302734,southern pig-tailed macaque,macaca nemestrina,0.596531,order,flag
data/gbif/images/baboon_genus/gbif_baboon_genus_00039.jpg,gbif,,baboon_genus,2,"[0.9672000221908092, 0.3469387888908386, 0.06560000032186508, 0.6938775777816772]",0.269287,collared peccary,pecari tajacu,0.247337,class,uncertain
data/gbif/images/baboon_genus/gbif_baboon_genus_00094.jpg,gbif,,baboon_genus,1,"[0.49880000948905945, 0.4174399971961975, 0.9976000189781189, 0.834879994392395]",0.470989,common warthog,phacochoerus africanus,0.249265,class,uncertain
data/gbif/images/baboon_genus/gbif_baboon_genus_00250.jpg,gbif,,baboon_genus,1,"[0.7473999708890915, 0.7903770208358765, 0.20919999480247498, 0.41699492931365967]",0.210083,red deer,cervus elaphus,0.44003,class,flag
data/gbif/images/baboon_genus/gbif_baboon_genus_00268.jpg,gbif,,baboon_genus,2,"[0.39799998700618744, 0.2806122452020645, 0.13519999384880066, 0.23469388484954834]",0.342529,red deer,cervus elaphus,0.527722,class,flag
data/gbif/images/baboon_genus/gbif_baboon_genus_00269.jpg,gbif,,baboon_genus,5,"[0.8766000047326088, 0.11626505872118287, 0.2460000067949295, 0.23192770779132843]",0.236816,american bison,bison bison,0.250907,class,uncertain
data/gbif/images/baird's_tapir/gbif_baird's_tapir_00029.jpg,gbif,,baird's_tapir,1,"[0.2150000035762787, 0.5914666652679443, 0.4300000071525574, 0.42239999771118164]",0.438721,wild boar,sus scrofa,0.543792,class,flag
data/gbif/images/baird's_tapir/gbif_baird's_tapir_00033.jpg,gbif,,baird's_tapir,1,"[0.6840000152587891, 0.12545017793308944, 0.6320000290870667, 0.24969987571239471]",0.284146,domestic cattle,bos taurus,0.927398,class,flag
data/gbif/images/baird's_tapir/gbif_baird's_tapir_00094.jpg,gbif,,baird's_tapir,1,"[0.5776000022888184, 0.45840001106262207, 0.7784000039100647, 0.5392000079154968]",0.491455,domestic cattle,bos taurus,0.593045,class,flag
data/gbif/images/bat-eared_fox/gbif_bat-eared_fox_00085.jpg,gbif,,bat-eared_fox,1,"[0.45239999890327454, 0.42159999161958694, 0.3375999927520752, 0.15733332931995392]",0.293701,brush-tailed rock wallaby,petrogale penicillata,0.407611,class,flag
data/gbif/images/bat-eared_fox/gbif_bat-eared_fox_00136.jpg,gbif,,bat-eared_fox,1,"[0.7669999897480011, 0.5909333378076553, 0.4652000069618225, 0.4885333478450775]",0.316162,domestic cattle,bos taurus,0.524807,class,flag
data/gbif/images/bighorn_sheep/gbif_bighorn_sheep_00046.jpg,gbif,,bighorn_sheep,7,"[0.3724000006914139, 0.693877562880516, 0.13920000195503235, 0.2713085114955902]",0.258301,mule deer,odocoileus hemionus,0.258003,order,uncertain
data/gbif/images/bighorn_sheep/gbif_bighorn_sheep_00140.jpg,gbif,,bighorn_sheep,7,"[0.49220000952482224, 0.37085743248462677, 0.1316000074148178, 0.20831140875816345]",0.408936,mule deer,odocoileus hemionus,0.728024,order,flag
data/gbif/images/bighorn_sheep/gbif_bighorn_sheep_00182.jpg,gbif,,bighorn_sheep,1,"[0.8754000216722488, 0.6842666566371918, 0.2484000027179718, 0.581333339214325]",0.482666,white-tailed deer,odocoileus virginianus,0.214625,order,uncertain
data/gbif/images/bighorn_sheep/gbif_bighorn_sheep_00194.jpg,gbif,,bighorn_sheep,2,"[0.5979999899864197, 0.6008100770413876, 0.13359999656677246, 0.08325832337141037]",0.432129,red deer,cervus elaphus,0.924094,order,flag
data/gbif/images/blackbuck/gbif_blackbuck_00009.jpg,gbif,,blackbuck,2,"[0.4912000000476837, 0.6757563650608063, 0.30000001192092896, 0.4653662443161011]",0.393311,white-tailed deer,odocoileus virginianus,0.892655,no_match,flag
data/gbif/images/blackbuck/gbif_blackbuck_00114.jpg,gbif,,blackbuck,1,"[0.5072000101208687, 0.494133323431015, 0.2207999974489212, 0.6010666489601135]",0.256836,springbok,antidorcas marsupialis,0.193533,no_match,uncertain
data/gbif/images/blesbok/gbif_blesbok_00031.jpg,gbif,,blesbok,11,"[0.7307999841868877, 0.5320000126957893, 0.1111999973654747, 0.14346666634082794]",0.483887,mule deer,odocoileus hemionus,0.440967,order,flag
data/gbif/images/blesbok/gbif_blesbok_00034.jpg,gbif,,blesbok,2,"[0.45399999246001244, 0.1316736675798893, 0.07440000027418137, 0.1433713287115097]",0.44458,plains zebra,equus quagga,0.545992,class,flag
data/gbif/images/blesbok/gbif_blesbok_00230.jpg,gbif,,blesbok,1,"[0.40540000796318054, 0.5096000153571367, 0.27880001068115234, 0.9594666957855225]",0.223755,domestic horse,equus caballus,0.269215,class,uncertain
data/gbif/images/bornean_orangutan/gbif_bornean_orangutan_00211.jpg,gbif,,bornean_orangutan,1,"[0.5153999999165535, 0.6931561231613159, 0.2460000067949295, 0.2845022678375244]",0.285889,domestic cattle,bos taurus,0.154135,class,uncertain
data/gbif/images/brown_bear/gbif_brown_bear_00169.jpg,gbif,,brown_bear,2,"[0.7018000036478043, 0.4566456601023674, 0.27000001072883606, 0.202820286154747]",0.205933,hylobatidae family,,0.134262,class,uncertain
data/gbif/images/bushbuck/gbif_bushbuck_00210.jpg,gbif,,bushbuck,1,"[0.31120000034570694, 0.49727587401866913, 0.5600000023841858, 0.39821693301200867]",0.312256,white-tailed deer,odocoileus virginianus,0.829342,order,flag
data/gbif/images/callithrix_species/gbif_callithrix_species_00019.jpg,gbif,,callithrix_species,1,"[0.49880000948905945, 0.4927992820739746, 0.9976000189781189, 0.9855985641479492]",0.324106,eastern gray squirrel,sciurus carolinensis,0.168157,class,uncertain
data/gbif/images/callithrix_species/gbif_callithrix_species_00044.jpg,gbif,,callithrix_species,2,"[0.2118000015616417, 0.4978666752576828, 0.243599995970726, 0.25226667523384094]",0.476318,eastern gray squirrel,sciurus carolinensis,0.186658,class,uncertain
data/gbif/images/callithrix_species/gbif_callithrix_species_00080.jpg,gbif,,callithrix_species,1,"[0.47519998252391815, 0.3402666598558426, 0.35679998993873596, 0.42559999227523804]",0.458984,domestic cat,felis catus,0.146105,class,uncertain
data/gbif/images/callithrix_species/gbif_callithrix_species_00083.jpg,gbif,,callithrix_species,1,"[0.3937999904155731, 0.2996732145547867, 0.28519999980926514, 0.3202614486217499]",0.340332,eastern gray squirrel,sciurus carolinensis,0.130221,class,uncertain
data/gbif/images/callithrix_species/gbif_callithrix_species_00157.jpg,gbif,,callithrix_species,1,"[0.4879999905824661, 0.5631563067436218, 0.35359999537467957, 0.2676267623901367]",0.235474,domestic dog,canis familiaris,0.517382,class,flag
data/gbif/images/callithrix_species/gbif_callithrix_species_00160.jpg,gbif,,callithrix_species,2,"[0.5858000069856644, 0.41369207203388214, 0.33239999413490295, 0.4022376239299774]",0.349609,domestic cat,felis catus,0.635695,class,flag
data/gbif/images/callithrix_species/gbif_callithrix_species_00206.jpg,gbif,,callithrix_species,2,"[0.5336000025272369, 0.4221416488289833, 0.4544000029563904, 0.6727815866470337]",0.2694,ruwenzori sun squirrel,heliosciurus ruwenzorii,0.400757,class,flag
data/gbif/images/callithrix_species/gbif_callithrix_species_00287.jpg,gbif,,callithrix_species,1,"[0.4636000096797943, 0.2030000016093254, 0.24639999866485596, 0.32600000500679016]",0.357666,northern raccoon,procyon lotor,0.219728,class,uncertain
data/gbif/images/capybara/gbif_capybara_00020.jpg,gbif,,capybara,1,"[0.43459999561309814, 0.5938666835427284, 0.1972000002861023, 0.21066667139530182]",0.494141,nutria,myocastor coypus,0.952181,order,flag
data/gbif/images/capybara/gbif_capybara_00061.jpg,gbif,,capybara,1,"[0.30240000039339066, 0.509333323687315, 0.2280000001192093, 0.10453333705663681]",0.211792,nutria,myocastor coypus,0.962136,order,flag
data/gbif/images/capybara/gbif_capybara_00065.jpg,gbif,,capybara,6,"[0.5810000263154507, 0.5226666778326035, 0.12359999865293503, 0.13866665959358215]",0.299072,red fox,vulpes vulpes,0.087104,class,uncertain
data/gbif/images/capybara/gbif_capybara_00156.jpg,gbif,,capybara,2,"[0.03680000081658363, 0.4501333236694336, 0.07360000163316727, 0.41493332386016846]",0.255371,domestic horse,equus caballus,0.20796,class,uncertain
data/gbif/images/cebus_species/gbif_cebus_species_00080.jpg,gbif,,cebus_species,1,"[0.5812000036239624, 0.7994666397571564, 0.6151999831199646, 0.3903999924659729]",0.486335,sun bear,helarctos malayanus,0.088079,class,uncertain
data/gbif/images/cebus_species/gbif_cebus_species_00109.jpg,gbif,,cebus_species,2,"[0.5641999803483486, 0.8351999819278717, 0.12359999865293503, 0.3274666666984558]",0.3592,blue monkey,cercopithecus mitis,0.16382,order,uncertain
data/gbif/images/cebus_species/gbif_cebus_species_00113.jpg,gbif,,cebus_species,1,"[0.306999996304512, 0.5830777138471603, 0.3571999967098236, 0.4146216809749603]",0.417725,yellow-throated marten,martes flavigula,0.389261,class,flag
data/gbif/images/cebus_species/gbif_cebus_species_00126.jpg,gbif,,cebus_species,1,"[0.4974000155925751, 0.27466609328985214, 0.22200000286102295, 0.23912106454372406]",0.211914,yellow-throated marten,martes flavigula,0.548231,class,flag
data/gbif/images/cebus_species/gbif_cebus_species_00145.jpg,gbif,,cebus_species,2,"[0.4570000097155571, 0.5141056478023529, 0.1316000074148178, 0.3643457293510437]",0.29248,yellow-throated marten,martes flavigula,0.458282,class,flag
data/gbif/images/cebus_species/gbif_cebus_species_00237.jpg,gbif,,cebus_species,1,"[0.5303999930620193, 0.3728000149130821, 0.20960000157356262, 0.17706666886806488]",0.299316,stump-tailed macaque,macaca arctoides,0.127136,order,uncertain
data/gbif/images/cebus_species/gbif_cebus_species_00255.jpg,gbif,,cebus_species,1,"[0.5014000162482262, 0.3589266687631607, 0.23000000417232513, 0.23326247930526733]",0.36792,red-shanked douc langur,pygathrix nemaeus,0.151188,order,uncertain
data/gbif/images/cebus_species/gbif_cebus_species_00377.jpg,gbif,,cebus_species,1,"[0.5156000107526779, 0.45739999413490295, 0.30880001187324524, 0.33160001039505005]",0.463135,stump-tailed macaque,macaca arctoides,0.108906,order,uncertain
data/gbif/images/cebus_species/gbif_cebus_species_00390.jpg,gbif,,cebus_species,1,"[0.6256000101566315, 0.6332434117794037, 0.7440000176429749, 0.7263189554214478]",0.237915,blue monkey,cercopithecus mitis,0.46062,order,flag
data/gbif/images/cebus_species/gbif_cebus_species_00459.jpg,gbif,,cebus_species,1,"[0.4982000067830086, 0.5525052472949028, 0.1436000019311905, 0.12871287763118744]",0.366276,domestic cat,felis catus,0.377862,class,flag
data/gbif/images/cebus_species/gbif_cebus_species_00459.jpg,gbif,,cebus_species,2,"[0.5476000010967255, 0.5364536568522453, 0.13359999656677246, 0.13861386477947235]",0.290527,domestic cat,felis catus,0.846076,class,flag
data/gbif/images/cercopithecus_species/gbif_cercopithecus_species_00021.jpg,gbif,,cercopithecus_species,1,"[0.5896000042557716, 0.35898590087890625, 0.24879999458789825, 0.36093610525131226]",0.327393,emperor tamarin,saguinus imperator,0.076954,order,uncertain
data/gbif/images/cercopithecus_species/gbif_cercopithecus_species_00079.jpg,gbif,,cercopithecus_species,1,"[0.47939999401569366, 0.5566000044345856, 0.39640000462532043, 0.34119999408721924]",0.274414,yellow-throated marten,martes flavigula,0.375222,class,flag
data/gbif/images/cercopithecus_species/gbif_cercopithecus_species_00184.jpg,gbif,,cercopithecus_species,1,"[0.352400004863739, 0.32813945412635803, 0.25040000677108765, 0.3489663600921631]",0.325928,american black bear,ursus americanus,0.400635,class,flag
data/gbif/images/cercopithecus_species/gbif_cercopithecus_species_00396.jpg,gbif,,cercopithecus_species,2,"[0.7959999740123749, 0.2937731146812439, 0.14480000734329224, 0.384093701839447]",0.311523,white-tailed deer,odocoileus virginianus,0.640407,class,flag
data/gbif/images/cheetah/gbif_cheetah_00016.jpg,gbif,,cheetah,1,"[0.4644000055268407, 0.4544117599725723, 0.9232000112533569, 0.3544117510318756]",0.370117,domestic cattle,bos taurus,0.415851,class,flag
data/gbif/images/chimpanzee/gbif_chimpanzee_00091.jpg,gbif,,chimpanzee,2,"[0.4715999886393547, 0.7216556817293167, 0.14880000054836273, 0.1943611204624176]",0.299805,stump-tailed macaque,macaca arctoides,0.323725,order,flag
data/gbif/images/chimpanzee/gbif_chimpanzee_00109.jpg,gbif,,chimpanzee,1,"[0.16740000247955322, 0.4747899016365409, 0.33480000495910645, 0.9219687581062317]",0.365479,takin,budorcas taxicolor,0.287452,class,uncertain
data/gbif/images/chimpanzee/gbif_chimpanzee_00109.jpg,gbif,,chimpanzee,2,"[0.11219999939203262, 0.23109243903309107, 0.22439999878406525, 0.43697479367256165]",0.218872,canis species,canis,0.284243,class,uncertain
data/gbif/images/chimpanzee/gbif_chimpanzee_00152.jpg,gbif,,chimpanzee,1,"[0.22599999606609344, 0.4901197701692581, 0.2903999984264374, 0.5646706819534302]",0.491211,sumatran serow,capricornis sumatraensis,0.75022,class,flag
data/gbif/images/chimpanzee/gbif_chimpanzee_00152.jpg,gbif,,chimpanzee,2,"[0.4434000104665756, 0.5452095866203308, 0.26919999718666077, 0.4928143620491028]",0.238897,takin,budorcas taxicolor,0.372102,class,flag
data/gbif/images/chital/gbif_chital_00202.jpg,gbif,,chital,3,"[0.4878000020980835, 0.9081578254699707, 0.20440000295639038, 0.1836843490600586]",0.281006,domestic cattle,bos taurus,0.848495,order,flag
data/gbif/images/chital/gbif_chital_00222.jpg,gbif,,chital,3,"[0.311599999666214, 0.6506752073764801, 0.12319999933242798, 0.2622601389884949]",0.445312,eurasian red squirrel,sciurus vulgaris,0.864325,class,flag
data/gbif/images/collared_peccary/gbif_collared_peccary_00152.jpg,gbif,,collared_peccary,3,"[0.6394000053405762, 0.361968457698822, 0.32359999418258667, 0.2925240099430084]",0.385254,wild boar,sus scrofa,0.890098,order,flag
data/gbif/images/collared_peccary/gbif_collared_peccary_00276.jpg,gbif,,collared_peccary,1,"[0.6606000065803528, 0.7039999812841415, 0.6787999868392944, 0.46959999203681946]",0.466797,black agouti,dasyprocta fuliginosa,0.231464,class,uncertain
data/gbif/images/colobus_species/gbif_colobus_species_00049.jpg,gbif,,colobus_species,1,"[0.4044000208377838, 0.6560000032186508, 0.2896000146865845, 0.47786667943000793]",0.46582,common wildebeest,connochaetes taurinus,0.47634,class,flag
data/gbif/images/colobus_species/gbif_colobus_species_00092.jpg,gbif,,colobus_species,1,"[0.39960000663995743, 0.5534053593873978, 0.2280000001192093, 0.32433244585990906]",0.373229,domestic cattle,bos taurus,0.280016,class,uncertain
data/gbif/images/common_duiker/gbif_common_duiker_00035.jpg,gbif,,common_duiker,1,"[0.3845999985933304, 0.42213332653045654, 0.4027999937534332, 0.3973333239555359]",0.206909,white-tailed deer,odocoileus virginianus,0.363865,order,flag
data/gbif/images/common_eland/gbif_common_eland_00035.jpg,gbif,,common_eland,4,"[0.7359999865293503, 0.5425914712250233, 0.12160000205039978, 0.12057588249444962]",0.384033,common warthog,phacochoerus africanus,0.323735,order,flag
data/gbif/images/common_eland/gbif_common_eland_00035.jpg,gbif,,common_eland,5,"[0.036400001496076584, 0.5854829326272011, 0.07280000299215317, 0.14997000992298126]",0.284424,white-tailed deer,odocoileus virginianus,0.295023,order,uncertain
data/gbif/images/common_eland/gbif_common_eland_00087.jpg,gbif,,common_eland,2,"[0.41039998829364777, 0.9517999775707722, 0.2903999984264374, 0.09640000015497208]",0.45388,human,homo sapiens,0.892542,class,flag
data/gbif/images/common_fallow_deer/gbif_common_fallow_deer_00135.jpg,gbif,,common_fallow_deer,7,"[0.9643999859690666, 0.7658666372299194, 0.07119999825954437, 0.2741333246231079]",0.451904,domestic cattle,bos taurus,0.466109,order,flag
data/gbif/images/common_fallow_deer/gbif_common_fallow_deer_00135.jpg,gbif,,common_fallow_deer,8,"[0.8029999956488609, 0.7703999876976013, 0.1979999989271164, 0.1690666675567627]",0.431152,domestic cattle,bos taurus,0.599959,order,flag
data/gbif/images/common_fallow_deer/gbif_common_fallow_deer_00135.jpg,gbif,,common_fallow_deer,9,"[0.46220001578330994, 0.7205333113670349, 0.27480000257492065, 0.25279998779296875]",0.332031,domestic cattle,bos taurus,0.350463,order,flag
data/gbif/images/common_fallow_deer/gbif_common_fallow_deer_00225.jpg,gbif,,common_fallow_deer,3,"[0.5799999944865704, 0.44324323534965515, 0.11840000003576279, 0.17297297716140747]",0.391357,common wildebeest,connochaetes taurinus,0.468234,order,flag
data/gbif/images/common_fallow_deer/gbif_common_fallow_deer_00293.jpg,gbif,,common_fallow_deer,3,"[0.7132000103592873, 0.12596400687471032, 0.15760000050067902, 0.24850042164325714]",0.341309,domestic cattle,bos taurus,0.489142,order,flag
data/gbif/images/common_fallow_deer/gbif_common_fallow_deer_00293.jpg,gbif,,common_fallow_deer,4,"[0.29740000143647194, 0.48414739966392517, 0.5108000040054321, 0.6855184435844421]",0.260742,common wildebeest,connochaetes taurinus,0.476869,order,flag
data/gbif/images/common_wildebeest/gbif_common_wildebeest_00067.jpg,gbif,,common_wildebeest,8,"[0.4424000084400177, 0.5901333317160606, 0.06319999694824219, 0.18719999492168427]",0.379883,elk,cervus canadensis,0.911907,order,flag
data/gbif/images/common_wildebeest/gbif_common_wildebeest_00071.jpg,gbif,,common_wildebeest,14,"[0.8868000209331512, 0.37304922193288803, 0.14480000734329224, 0.13865546882152557]",0.267334,human,homo sapiens,0.456164,class,flag
data/gbif/images/common_wildebeest/gbif_common_wildebeest_00158.jpg,gbif,,common_wildebeest,2,"[0.2672000043094158, 0.50120048224926, 0.1111999973654747, 0.09483793377876282]",0.443115,human,homo sapiens,0.422888,class,flag
data/gbif/images/common_wildebeest/gbif_common_wildebeest_00234.jpg,gbif,,common_wildebeest,4,"[0.11199999693781137, 0.6644688993692398, 0.20559999346733093, 0.25347986817359924]",0.381219,przewalski's horse,equus ferus,0.234814,class,uncertain
data/gbif/images/common_wildebeest/gbif_common_wildebeest_00287.jpg,gbif,,common_wildebeest,2,"[0.6013999953866005, 0.6710945665836334, 0.17560000717639923, 0.158342182636261]",0.39502,white-tailed deer,odocoileus virginianus,0.266604,order,uncertain
data/gbif/images/domestic_cat/gbif_domestic_cat_00021.jpg,gbif,,domestic_cat,1,"[0.6566000133752823, 0.5458000004291534, 0.2556000053882599, 0.28519999980926514]",0.395996,coyote,canis latrans,0.223927,order,uncertain
data/gbif/images/domestic_cattle/gbif_domestic_cattle_00166.jpg,gbif,,domestic_cattle,3,"[0.7293999940156937, 0.4992887582629919, 0.4772000014781952, 0.9431009888648987]",0.379395,white-tailed deer,odocoileus virginianus,0.901552,order,flag
data/gbif/images/domestic_dog/gbif_domestic_dog_00145.jpg,gbif,,domestic_dog,1,"[0.6064000129699707, 0.4862000122666359, 0.1128000020980835, 0.1860000044107437]",0.255371,domestic cattle,bos taurus,0.628422,class,flag
data/gbif/images/domestic_donkey/gbif_domestic_donkey_00059.jpg,gbif,,domestic_donkey,2,"[0.2767999991774559, 0.5618666782975197, 0.10480000078678131, 0.18933333456516266]",0.407227,gemsbok,oryx gazella,0.120074,class,uncertain
data/gbif/images/domestic_donkey/gbif_domestic_donkey_00157.jpg,gbif,,domestic_donkey,2,"[0.07540000230073929, 0.2624475003685802, 0.15080000460147858, 0.5176964402198792]",0.36792,waterbuck,kobus ellipsiprymnus,0.298151,class,uncertain
data/gbif/images/domestic_donkey/gbif_domestic_donkey_00161.jpg,gbif,,domestic_donkey,4,"[0.47119998931884766, 0.6125333309173584, 0.3407999873161316, 0.5978666543960571]",0.290532,domestic cat,felis catus,0.258521,class,uncertain
data/gbif/images/domestic_donkey/gbif_domestic_donkey_00186.jpg,gbif,,domestic_donkey,1,"[0.4464000016450882, 0.52849430590868, 0.6367999911308289, 0.8518296480178833]",0.400927,domestic sheep,ovis aries,0.52214,class,flag
data/gbif/images/domestic_donkey/gbif_domestic_donkey_00211.jpg,gbif,,domestic_donkey,4,"[0.8084000125527382, 0.3773333355784416, 0.24240000545978546, 0.6234666705131531]",0.417984,domestic cattle,bos taurus,0.38952,class,flag
data/gbif/images/domestic_donkey/gbif_domestic_donkey_00211.jpg,gbif,,domestic_donkey,5,"[0.4455999881029129, 0.24880000203847885, 0.2800000011920929, 0.1701333373785019]",0.232918,domestic cattle,bos taurus,0.964031,class,flag
data/gbif/images/domestic_donkey/gbif_domestic_donkey_00219.jpg,gbif,,domestic_donkey,1,"[0.3724000006914139, 0.15637755393981934, 0.7360000014305115, 0.31275510787963867]",0.48584,domestic cattle,bos taurus,0.274124,class,uncertain
data/gbif/images/domestic_donkey/gbif_domestic_donkey_00235.jpg,gbif,,domestic_donkey,1,"[0.6773999929428101, 0.42053332924842834, 0.5379999876022339, 0.3173333406448364]",0.383545,domestic cattle,bos taurus,0.994862,class,flag
data/gbif/images/domestic_donkey/gbif_domestic_donkey_00286.jpg,gbif,,domestic_donkey,2,"[0.358800008893013, 0.5590079724788666, 0.42640000581741333, 0.5592930316925049]",0.379395,dromedary camel,camelus dromedarius,0.249254,class,uncertain
data/gbif/images/domestic_horse/gbif_domestic_horse_00022.jpg,gbif,,domestic_horse,6,"[0.8676000088453293, 0.7789333313703537, 0.10719999670982361, 0.09333333373069763]",0.291504,domestic cattle,bos taurus,0.793535,class,flag
data/gbif/images/domestic_horse/gbif_domestic_horse_00142.jpg,gbif,,domestic_horse,8,"[0.43699999898672104, 0.568706888705492, 0.2011999934911728, 0.06810680776834488]",0.234512,domestic cattle,bos taurus,0.598702,class,flag
data/gbif/images/domestic_horse/gbif_domestic_horse_00182.jpg,gbif,,domestic_horse,4,"[0.4268000088632107, 0.6248000115156174, 0.11999999731779099, 0.25226667523384094]",0.47998,elk,cervus canadensis,0.490923,class,flag
data/gbif/images/domestic_sheep/gbif_domestic_sheep_00148.jpg,gbif,,domestic_sheep,1,"[0.9523999989032745, 0.2884068340063095, 0.09520000219345093, 0.16856330633163452]",0.24939,domestic horse,equus caballus,0.46551,class,flag
data/gbif/images/domestic_sheep/gbif_domestic_sheep_00263.jpg,gbif,,domestic_sheep,1,"[0.5200000107288361, 0.5186074525117874, 0.17919999361038208, 0.462184876203537]",0.478516,red fox,vulpes vulpes,0.374695,class,flag
data/gbif/images/drill/gbif_drill_00014.jpg,gbif,,drill,5,"[0.1259999987669289, 0.5124466717243195, 0.24719999730587006, 0.49004268646240234]",0.435822,margarita island capuchin,sapajus apella,0.211491,order,uncertain
data/gbif/images/dromedary_camel/gbif_dromedary_camel_00107.jpg,gbif,,dromedary_camel,1,"[0.38680000737076625, 0.907032199203968, 0.7720000147819519, 0.1859356313943863]",0.248047,spotted hyaena,crocuta crocuta,0.56538,class,flag
data/gbif/images/dromedary_camel/gbif_dromedary_camel_00148.jpg,gbif,,dromedary_camel,1,"[0.8734000027179718, 0.45563140511512756, 0.2531999945640564, 0.4482366442680359]",0.200342,lion,panthera leo,0.260254,class,uncertain
data/gbif/images/dromedary_camel/gbif_dromedary_camel_00208.jpg,gbif,,dromedary_camel,3,"[0.7107999697327614, 0.49669867753982544, 0.07999999821186066, 0.15786314010620117]",0.340332,domestic cattle,bos taurus,0.353691,order,flag
data/gbif/images/eastern_fox_squirrel/gbif_eastern_fox_squirrel_00032.jpg,gbif,,eastern_fox_squirrel,1,"[0.6700000166893005, 0.5616000145673752, 0.6496000289916992, 0.7968000173568726]",0.390381,common wildebeest,connochaetes taurinus,0.284407,class,uncertain
data/gbif/images/eastern_gray_squirrel/gbif_eastern_gray_squirrel_00289.jpg,gbif,,eastern_gray_squirrel,1,"[0.38359999656677246, 0.7381713315844536, 0.23600000143051147, 0.22250638902187347]",0.454346,domestic cattle,bos taurus,0.574362,class,flag
data/gbif/images/eastern_grey_kangaroo/gbif_eastern_grey_kangaroo_00068.jpg,gbif,,eastern_grey_kangaroo,1,"[0.37640000879764557, 0.3671570122241974, 0.36160001158714294, 0.39027318358421326]",0.320801,red fox,vulpes vulpes,0.607949,class,flag
data/gbif/images/eastern_grey_kangaroo/gbif_eastern_grey_kangaroo_00082.jpg,gbif,,eastern_grey_kangaroo,1,"[0.7128000110387802, 0.3661464601755142, 0.31119999289512634, 0.4381752610206604]",0.416748,domestic cattle,bos taurus,0.507561,class,flag
data/gbif/images/eastern_grey_kangaroo/gbif_eastern_grey_kangaroo_00082.jpg,gbif,,eastern_grey_kangaroo,2,"[0.4875999987125397, 0.3457382917404175, 0.29919999837875366, 0.3901560604572296]",0.325928,domestic cattle,bos taurus,0.248913,class,uncertain
data/gbif/images/eastern_grey_kangaroo/gbif_eastern_grey_kangaroo_00202.jpg,gbif,,eastern_grey_kangaroo,1,"[0.7495999932289124, 0.939599983394146, 0.5008000135421753, 0.12080000340938568]",0.213763,domestic cattle,bos taurus,0.485343,class,flag
data/gbif/images/eastern_grey_kangaroo/gbif_eastern_grey_kangaroo_00265.jpg,gbif,,eastern_grey_kangaroo,4,"[0.44620000571012497, 0.513866662979126, 0.18039999902248383, 0.3909333348274231]",0.371582,domestic sheep,ovis aries,0.360431,class,flag
data/gbif/images/eastern_grey_kangaroo/gbif_eastern_grey_kangaroo_00287.jpg,gbif,,eastern_grey_kangaroo,1,"[0.42559999972581863, 0.24189675925299525, 0.7215999960899353, 0.4789915978908539]",0.400927,white-tailed deer,odocoileus virginianus,0.653768,class,flag
data/gbif/images/elk/gbif_elk_00049.jpg,gbif,,elk,5,"[0.7427999824285507, 0.3759772479534149, 0.31839999556541443, 0.3283582031726837]",0.263916,common wildebeest,connochaetes taurinus,0.889632,order,flag
data/gbif/images/elk/gbif_elk_00077.jpg,gbif,,elk,7,"[0.867799986153841, 0.48409363254904747, 0.12439999729394913, 0.11224489659070969]",0.410645,domestic cattle,bos taurus,0.424423,order,flag
data/gbif/images/eulemur_species/gbif_eulemur_species_00006.jpg,gbif,,eulemur_species,1,"[0.4177999943494797, 0.34058164060115814, 0.45719999074935913, 0.21051228046417236]",0.28418,maroon leaf monkey,presbytis rubicunda,0.275125,order,uncertain
data/gbif/images/eulemur_species/gbif_eulemur_species_00018.jpg,gbif,,eulemur_species,1,"[0.48000000417232513, 0.3332256078720093, 0.2632000148296356, 0.25468650460243225]",0.293701,black-and-gold howler monkey,alouatta caraya,0.212063,order,uncertain
data/gbif/images/eulemur_species/gbif_eulemur_species_00075.jpg,gbif,,eulemur_species,1,"[0.5627999901771545, 0.3604249805212021, 0.451200008392334, 0.279946893453598]",0.351318,south american coati,nasua nasua,0.105329,class,uncertain
data/gbif/images/eulemur_species/gbif_eulemur_species_00102.jpg,gbif,,eulemur_species,1,"[0.4300000071525574, 0.6410666704177856, 0.4832000136375427, 0.5173333287239075]",0.496582,chinese goral,naemorhedus griseus,0.201099,class,uncertain
data/gbif/images/eulemur_species/gbif_eulemur_species_00108.jpg,gbif,,eulemur_species,1,"[0.35040000081062317, 0.7242361605167389, 0.451200008392334, 0.5494562387466431]",0.347656,swamp wallaby,wallabia bicolor,0.380196,class,flag
data/gbif/images/eulemur_species/gbif_eulemur_species_00162.jpg,gbif,,eulemur_species,1,"[0.2750000059604645, 0.42316925525665283, 0.3084000051021576, 0.5258103013038635]",0.368408,emperor tamarin,saguinus imperator,0.378888,order,flag
data/gbif/images/eulemur_species/gbif_eulemur_species_00186.jpg,gbif,,eulemur_species,1,"[0.5002000145614147, 0.5204081535339355, 0.10440000146627426, 0.21128451824188232]",0.473145,white-nosed coati,nasua narica,0.459084,class,flag
data/gbif/images/eulemur_species/gbif_eulemur_species_00200.jpg,gbif,,eulemur_species,4,"[0.779600016772747, 0.7282309904694557, 0.13439999520778656, 0.17965169250965118]",0.479736,european rabbit,oryctolagus cuniculus,0.551838,class,flag
data/gbif/images/eulemur_species/gbif_eulemur_species_00244.jpg,gbif,,eulemur_species,1,"[0.7299999892711639, 0.6296518743038177, 0.5392000079154968, 0.7358943819999695]",0.218994,american bison,bison bison,0.215533,class,uncertain
data/gbif/images/eurasian_otter/gbif_eurasian_otter_00192.jpg,gbif,,eurasian_otter,3,"[0.8255999684333801, 0.5709333419799805, 0.23919999599456787, 0.15520000457763672]",0.225464,alpine ibex,capra ibex,0.18681,class,uncertain
data/gbif/images/eurasian_red_squirrel/gbif_eurasian_red_squirrel_00019.jpg,gbif,,eurasian_red_squirrel,1,"[0.625, 0.3261271268129349, 0.729200005531311, 0.4079822599887848]",0.305176,domestic cat,felis catus,0.494735,class,flag
data/gbif/images/eurasian_red_squirrel/gbif_eurasian_red_squirrel_00238.jpg,gbif,,eurasian_red_squirrel,1,"[0.3222000002861023, 0.39742051158100367, 0.6444000005722046, 0.790041983127594]",0.254883,american marten,martes americana,0.237122,class,uncertain
data/gbif/images/european_rabbit/gbif_european_rabbit_00111.jpg,gbif,,european_rabbit,1,"[0.7407999783754349, 0.15087759122252464, 0.12479999661445618, 0.18384338915348053]",0.266357,eurasian red squirrel,sciurus vulgaris,0.75375,class,flag
data/gbif/images/gemsbok/gbif_gemsbok_00224.jpg,gbif,,gemsbok,6,"[0.050200000405311584, 0.3797333389520645, 0.10040000081062317, 0.18453332781791687]",0.464861,pronghorn,antilocapra americana,0.557305,order,flag
data/gbif/images/gemsbok/gbif_gemsbok_00323.jpg,gbif,,gemsbok,5,"[0.16919999942183495, 0.4914666563272476, 0.11760000139474869, 0.14986667037010193]",0.391113,plains zebra,equus quagga,0.733488,class,flag
data/gbif/images/gemsbok/gbif_gemsbok_00323.jpg,gbif,,gemsbok,6,"[0.0430000014603138, 0.4863999933004379, 0.0860000029206276, 0.1706666648387909]",0.274524,plains zebra,equus quagga,0.584416,class,flag
data/gbif/images/gemsbok/gbif_gemsbok_00323.jpg,gbif,,gemsbok,8,"[0.7097999751567841, 0.5080000013113022, 0.09160000085830688, 0.1712000072002411]",0.201294,plains zebra,equus quagga,0.741837,class,flag
data/gbif/images/genet_genus/gbif_genet_genus_00156.jpg,gbif,,genet_genus,2,"[0.7702000215649605, 0.5397253632545471, 0.20679999887943268, 0.32712113857269287]",0.312256,serval,leptailurus serval,0.328004,order,flag
data/gbif/images/genet_genus/gbif_genet_genus_00209.jpg,gbif,,genet_genus,1,"[0.49479998648166656, 0.2568822056055069, 0.13519999384880066, 0.24103713035583496]",0.290283,wild boar,sus scrofa,0.837702,class,flag
data/gbif/images/giant_anteater/gbif_giant_anteater_00119.jpg,gbif,,giant_anteater,1,"[0.56700000166893, 0.3616642951965332, 0.3140000104904175, 0.16998577117919922]",0.363037,wild boar,sus scrofa,0.247311,class,uncertain
data/gbif/images/giant_anteater/gbif_giant_anteater_00138.jpg,gbif,,giant_anteater,1,"[0.30560000240802765, 0.3630063980817795, 0.1599999964237213, 0.31343284249305725]",0.29834,domestic cattle,bos taurus,0.460175,class,flag
data/gbif/images/giant_otter/gbif_giant_otter_00038.jpg,gbif,,giant_otter,3,"[0.4666000083088875, 0.516476932913065, 0.20679999887943268, 0.10305572301149368]",0.287842,nutria,myocastor coypus,0.267401,class,uncertain
data/gbif/images/giant_otter/gbif_giant_otter_00060.jpg,gbif,,giant_otter,1,"[0.4275999963283539, 0.5130666717886925, 0.17919999361038208, 0.13120000064373016]",0.436768,domestic cattle,bos taurus,0.905509,class,flag
data/gbif/images/giant_otter/gbif_giant_otter_00123.jpg,gbif,,giant_otter,1,"[0.4943999946117401, 0.4973333477973938, 0.323199987411499, 0.2149333357810974]",0.32251,nutria,myocastor coypus,0.365758,class,flag
data/gbif/images/giraffe/gbif_giraffe_00054.jpg,gbif,,giraffe,1,"[0.9404000081121922, 0.9552955366671085, 0.11919999867677689, 0.08940894156694412]",0.220996,human,homo sapiens,0.257022,class,uncertain
data/gbif/images/giraffe/gbif_giraffe_00060.jpg,gbif,,giraffe,1,"[0.2615999998524785, 0.5775793045759201, 0.5175999999046326, 0.19701412320137024]",0.460449,jaguar,panthera onca,0.893212,class,flag
data/gbif/images/golden_jackal/gbif_golden_jackal_00245.jpg,gbif,,golden_jackal,1,"[0.3781999871134758, 0.5508862137794495, 0.5827999711036682, 0.799885630607605]",0.305176,mule deer,odocoileus hemionus,0.516692,class,flag
data/gbif/images/gorilla_species/gbif_gorilla_species_00041.jpg,gbif,,gorilla_species,1,"[0.2525999993085861, 0.6171874850988388, 0.21639999747276306, 0.760817289352417]",0.410645,american bison,bison bison,0.833004,class,flag
data/gbif/images/gorilla_species/gbif_gorilla_species_00042.jpg,gbif,,gorilla_species,2,"[0.3084000051021576, 0.5631009489297867, 0.2184000015258789, 0.7896634340286255]",0.477794,giant anteater,myrmecophaga tridactyla,0.798279,class,flag
data/gbif/images/gorilla_species/gbif_gorilla_species_00044.jpg,gbif,,gorilla_species,2,"[0.3848000019788742, 0.10576923098415136, 0.1143999993801117, 0.18389423191547394]",0.468277,domestic goat,capra aegagrus hircus,0.619994,class,flag
data/gbif/images/gorilla_species/gbif_gorilla_species_00071.jpg,gbif,,gorilla_species,1,"[0.3117999894893728, 0.6983793675899506, 0.621999979019165, 0.5936374664306641]",0.407516,american black bear,ursus americanus,0.31978,class,flag
data/gbif/images/gorilla_species/gbif_gorilla_species_00079.jpg,gbif,,gorilla_species,1,"[0.8120000213384628, 0.33162650547455996, 0.3752000033855438, 0.6608433723449707]",0.281845,american black bear,ursus americanus,0.191693,class,uncertain
data/gbif/images/gorilla_species/gbif_gorilla_species_00085.jpg,gbif,,gorilla_species,1,"[0.888000026345253, 0.1527152757626027, 0.2231999933719635, 0.30483049154281616]",0.450928,american black bear,ursus americanus,0.904751,class,flag
data/gbif/images/gorilla_species/gbif_gorilla_species_00085.jpg,gbif,,gorilla_species,2,"[0.39419998973608017, 0.5666066445410252, 0.12039999663829803, 0.09210921078920364]",0.245483,southern pig-tailed macaque,macaca nemestrina,0.38623,order,flag
data/gbif/images/gorilla_species/gbif_gorilla_species_00095.jpg,gbif,,gorilla_species,1,"[0.45779999345541, 0.4062406262382865, 0.7107999920845032, 0.7830783128738403]",0.47998,blue monkey,cercopithecus mitis,0.4195,order,flag
data/gbif/images/gorilla_species/gbif_gorilla_species_00107.jpg,gbif,,gorilla_species,1,"[0.4138000011444092, 0.6353541314601898, 0.45399999618530273, 0.7184873819351196]",0.394043,american black bear,ursus americanus,0.261237,class,uncertain
data/gbif/images/gorilla_species/gbif_gorilla_species_00127.jpg,gbif,,gorilla_species,1,"[0.811800017952919, 0.33223288401495665, 0.37560001015663147, 0.6632652878761292]",0.372865,domestic cattle,bos taurus,0.633092,class,flag
data/gbif/images/grant's_gazelle/gbif_grant's_gazelle_00095.jpg,gbif,,grant's_gazelle,3,"[0.29580000042915344, 0.3893169015645981, 0.2468000054359436, 0.5197740197181702]",0.4021,white-tailed deer,odocoileus virginianus,0.791582,order,flag
data/gbif/images/greater_kudu/gbif_greater_kudu_00209.jpg,gbif,,greater_kudu,7,"[0.39959998428821564, 0.7363972514867783, 0.1703999936580658, 0.2588483989238739]",0.329346,pronghorn,antilocapra americana,0.314293,order,flag
data/gbif/images/greater_kudu/gbif_greater_kudu_00296.jpg,gbif,,greater_kudu,2,"[0.308399997651577, 0.3821333199739456, 0.15600000321865082, 0.10400000214576721]",0.467773,red deer,cervus elaphus,0.28052,order,uncertain
data/gbif/images/grey_wolf/gbif_grey_wolf_00017.jpg,gbif,,grey_wolf,1,"[0.6019999906420708, 0.6621333062648773, 0.2264000028371811, 0.12319999933242798]",0.255859,bobcat,lynx rufus,0.357986,order,flag
data/gbif/images/hartebeest/gbif_hartebeest_00055.jpg,gbif,,hartebeest,3,"[0.9706000182777643, 0.7794117778539658, 0.058800000697374344, 0.19387754797935486]",0.437286,human,homo sapiens,0.756483,class,flag
data/gbif/images/hartebeest/gbif_hartebeest_00113.jpg,gbif,,hartebeest,2,"[0.9672000221908092, 0.5519999861717224, 0.06560000032186508, 0.3306666612625122]",0.436035,pronghorn,antilocapra americana,0.129159,order,uncertain
data/gbif/images/hartebeest/gbif_hartebeest_00116.jpg,gbif,,hartebeest,2,"[0.31520000100135803, 0.47439999878406525, 0.3343999981880188, 0.5669333338737488]",0.368652,white-tailed deer,odocoileus virginianus,0.496383,order,flag
data/gbif/images/hippopotamus/gbif_hippopotamus_00003.jpg,gbif,,hippopotamus,1,"[0.3602000027894974, 0.6002400815486908, 0.49160000681877136, 0.18607443571090698]",0.420654,domestic cattle,bos taurus,0.50458,order,flag
data/gbif/images/hippopotamus/gbif_hippopotamus_00028.jpg,gbif,,hippopotamus,1,"[0.6207999885082245, 0.6191999986767769, 0.25679999589920044, 0.1685333400964737]",0.310791,domestic cattle,bos taurus,0.240488,order,uncertain
data/gbif/images/hippopotamus/gbif_hippopotamus_00045.jpg,gbif,,hippopotamus,4,"[0.5594000071287155, 0.49159663170576096, 0.8812000155448914, 0.21608643233776093]",0.38916,giant otter,pteronura brasiliensis,0.10199,class,uncertain
data/gbif/images/hippopotamus/gbif_hippopotamus_00141.jpg,gbif,,hippopotamus,1,"[0.6987999975681305, 0.7570485919713974, 0.6000000238418579, 0.2375524938106537]",0.239746,african elephant,loxodonta africana,0.533145,class,flag
data/gbif/images/hippopotamus/gbif_hippopotamus_00151.jpg,gbif,,hippopotamus,1,"[0.5921999886631966, 0.5812350064516068, 0.1923999935388565, 0.3423261344432831]",0.361816,human,homo sapiens,0.473851,class,flag
data/gbif/images/hippopotamus/gbif_hippopotamus_00173.jpg,gbif,,hippopotamus,3,"[0.6291999891400337, 0.6812725104391575, 0.19599999487400055, 0.10084033757448196]",0.371889,american beaver,castor canadensis,0.483211,class,flag
data/gbif/images/hippopotamus/gbif_hippopotamus_00213.jpg,gbif,,hippopotamus,1,"[0.4782000035047531, 0.6431572511792183, 0.33640000224113464, 0.12785114347934723]",0.301514,white-tailed deer,odocoileus virginianus,0.498606,order,flag
data/gbif/images/hippopotamus/gbif_hippopotamus_00220.jpg,gbif,,hippopotamus,1,"[0.5916000008583069, 0.41266506910324097, 0.37040001153945923, 0.21308523416519165]",0.388672,domestic cattle,bos taurus,0.69535,order,flag
data/gbif/images/hippopotamus/gbif_hippopotamus_00248.jpg,gbif,,hippopotamus,1,"[0.33880001306533813, 0.5190144628286362, 0.6776000261306763, 0.7712908387184143]",0.249023,domestic cattle,bos taurus,0.871888,order,flag
data/gbif/images/hoffmann's_two-toed_sloth/gbif_hoffmann's_two-toed_sloth_00066.jpg,gbif,,hoffmann's_two-toed_sloth,1,"[0.5298000015318394, 0.5, 0.9404000043869019, 1.0]",0.429885,human,homo sapiens,0.8048,class,flag
data/gbif/images/hoffmann's_two-toed_sloth/gbif_hoffmann's_two-toed_sloth_00068.jpg,gbif,,hoffmann's_two-toed_sloth,1,"[0.35920000344049186, 0.5421333312988281, 0.7152000069618225, 0.5519999861717224]",0.301758,domestic cattle,bos taurus,0.675324,class,flag
data/gbif/images/hoffmann's_two-toed_sloth/gbif_hoffmann's_two-toed_sloth_00139.jpg,gbif,,hoffmann's_two-toed_sloth,1,"[0.5624000057578087, 0.47813332825899124, 0.19439999759197235, 0.20000000298023224]",0.422852,central american agouti,dasyprocta punctata,0.566206,class,flag
data/gbif/images/hoffmann's_two-toed_sloth/gbif_hoffmann's_two-toed_sloth_00209.jpg,gbif,,hoffmann's_two-toed_sloth,1,"[0.4034000113606453, 0.34983497858047485, 0.6284000277519226, 0.6996699571609497]",0.447998,human,homo sapiens,0.41481,class,flag
data/gbif/images/howler_monkey_genus/gbif_howler_monkey_genus_00002.jpg,gbif,,howler_monkey_genus,1,"[0.4994000128644984, 0.509600967168808, 0.9980000257492065, 0.8085808753967285]",0.333252,blue monkey,cercopithecus mitis,0.264712,order,uncertain
data/gbif/images/howler_monkey_genus/gbif_howler_monkey_genus_00037.jpg,gbif,,howler_monkey_genus,1,"[0.5576000213623047, 0.5882666707038879, 0.2720000147819519, 0.3829333186149597]",0.46875,large-headed capuchin,sapajus macrocephalus,0.52472,order,flag
data/gbif/images/howler_monkey_genus/gbif_howler_monkey_genus_00056.jpg,gbif,,howler_monkey_genus,1,"[0.61319999396801, 0.7354666590690613, 0.7703999876976013, 0.5237333178520203]",0.448975,american black bear,ursus americanus,0.491574,class,flag
data/gbif/images/howler_monkey_genus/gbif_howler_monkey_genus_00060.jpg,gbif,,howler_monkey_genus,1,"[0.44019998610019684, 0.38900601118803024, 0.17399999499320984, 0.15030120313167572]",0.347656,large-headed capuchin,sapajus macrocephalus,0.139206,order,uncertain
data/gbif/images/howler_monkey_genus/gbif_howler_monkey_genus_00071.jpg,gbif,,howler_monkey_genus,1,"[0.32739999890327454, 0.47866666316986084, 0.27079999446868896, 0.3343999981880188]",0.244385,large-headed capuchin,sapajus macrocephalus,0.218953,order,uncertain
data/gbif/images/howler_monkey_genus/gbif_howler_monkey_genus_00101.jpg,gbif,,howler_monkey_genus,1,"[0.5906000062823296, 0.3023575693368912, 0.243599995970726, 0.15520629286766052]",0.253294,domestic cattle,bos taurus,0.66208,class,flag
data/gbif/images/howler_monkey_genus/gbif_howler_monkey_genus_00190.jpg,gbif,,howler_monkey_genus,1,"[0.28599999845027924, 0.610444188117981, 0.23440000414848328, 0.7082833051681519]",0.431396,large-headed capuchin,sapajus macrocephalus,0.611729,order,flag
data/gbif/images/howler_monkey_genus/gbif_howler_monkey_genus_00194.jpg,gbif,,howler_monkey_genus,1,"[0.6389999836683273, 0.22340425848960876, 0.38839998841285706, 0.37032049894332886]",0.250732,grey-cheeked mangabey,lophocebus albigena,0.221981,order,uncertain
data/gbif/images/howler_monkey_genus/gbif_howler_monkey_genus_00283.jpg,gbif,,howler_monkey_genus,1,"[0.5277999937534332, 0.6186666488647461, 0.20440000295639038, 0.3445333242416382]",0.216064,american black bear,ursus americanus,0.749393,class,flag
data/gbif/images/impala/gbif_impala_00002.jpg,gbif,,impala,9,"[0.02280000038444996, 0.5927371084690094, 0.04560000076889992, 0.2599039673805237]",0.262695,white-tailed deer,odocoileus virginianus,0.333081,order,flag
data/gbif/images/impala/gbif_impala_00057.jpg,gbif,,impala,2,"[0.6752000227570534, 0.6104000061750412, 0.2280000001192093, 0.35786667466163635]",0.393799,white-tailed deer,odocoileus virginianus,0.768205,order,flag
data/gbif/images/impala/gbif_impala_00097.jpg,gbif,,impala,3,"[0.9339999705553055, 0.8803239390254021, 0.13199999928474426, 0.2381523698568344]",0.359932,red deer,cervus elaphus,0.266595,order,uncertain
data/gbif/images/impala/gbif_impala_00140.jpg,gbif,,impala,1,"[0.46859999746084213, 0.7187218964099884, 0.1907999962568283, 0.14911490678787231]",0.211426,white-tailed deer,odocoileus virginianus,0.688094,order,flag
data/gbif/images/impala/gbif_impala_00161.jpg,gbif,,impala,3,"[0.8148000091314316, 0.5783078297972679, 0.36880001425743103, 0.21272127330303192]",0.487793,pronghorn,antilocapra americana,0.58348,order,flag
data/gbif/images/impala/gbif_impala_00161.jpg,gbif,,impala,4,"[0.7219999730587006, 0.4479448013007641, 0.14399999380111694, 0.07560756057500839]",0.225098,white-tailed deer,odocoileus virginianus,0.609289,order,flag
data/gbif/images/impala/gbif_impala_00161.jpg,gbif,,impala,5,"[0.5292000062763691, 0.4693969450891018, 0.10000000149011612, 0.10951095074415207]",0.213989,mule deer,odocoileus hemionus,0.407053,order,flag
data/gbif/images/impala/gbif_impala_00188.jpg,gbif,,impala,3,"[0.49620000272989273, 0.8035617843270302, 0.17880000174045563, 0.17701025307178497]",0.432129,white-tailed deer,odocoileus virginianus,0.302951,order,flag
data/gbif/images/impala/gbif_impala_00238.jpg,gbif,,impala,1,"[0.6253999918699265, 0.14690831303596497, 0.2596000134944916, 0.18464818596839905]",0.210468,white-tailed deer,odocoileus virginianus,0.972694,order,flag
data/gbif/images/japanese_macaque/gbif_japanese_macaque_00064.jpg,gbif,,japanese_macaque,1,"[0.4830000102519989, 0.5402666628360748, 0.22519999742507935, 0.36906665563583374]",0.429199,mule deer,odocoileus hemionus,0.720849,class,flag
data/gbif/images/japanese_macaque/gbif_japanese_macaque_00083.jpg,gbif,,japanese_macaque,2,"[0.7816000059247017, 0.4405333250761032, 0.1607999950647354, 0.3882666528224945]",0.254639,american black bear,ursus americanus,0.363149,class,flag
data/gbif/images/japanese_macaque/gbif_japanese_macaque_00131.jpg,gbif,,japanese_macaque,1,"[0.13999999381485395, 0.4575999975204468, 0.2791999876499176, 0.4447999894618988]",0.402344,northern chamois,rupicapra rupicapra,0.360397,class,flag
data/gbif/images/japanese_macaque/gbif_japanese_macaque_00132.jpg,gbif,,japanese_macaque,1,"[0.5789999961853027, 0.6669333279132843, 0.3483999967575073, 0.2917333245277405]",0.494141,human,homo sapiens,0.258478,order,uncertain
data/gbif/images/japanese_macaque/gbif_japanese_macaque_00151.jpg,gbif,,japanese_macaque,1,"[0.5002000033855438, 0.7841284275054932, 0.3140000104904175, 0.3111311197280884]",0.388672,american black bear,ursus americanus,0.771809,class,flag
data/gbif/images/kangaroo_family/gbif_kangaroo_family_00377.jpg,gbif,,kangaroo_family,1,"[0.5231999978423119, 0.6559224426746368, 0.1695999950170517, 0.22064989805221558]",0.466797,eastern gray squirrel,sciurus carolinensis,0.22034,no_match,uncertain
data/gbif/images/kangaroo_family/gbif_kangaroo_family_00533.jpg,gbif,,kangaroo_family,1,"[0.08420000225305557, 0.26261549443006516, 0.16840000450611115, 0.18834398686885834]",0.435547,domestic cattle,bos taurus,0.596316,no_match,flag
data/gbif/images/kangaroo_family/gbif_kangaroo_family_00676.jpg,gbif,,kangaroo_family,1,"[0.7768000215291977, 0.3330666646361351, 0.4456000030040741, 0.5317333340644836]",0.429199,domestic cattle,bos taurus,0.73264,no_match,flag
data/gbif/images/kangaroo_family/gbif_kangaroo_family_00712.jpg,gbif,,kangaroo_family,1,"[0.38439999520778656, 0.5209277495741844, 0.24079999327659607, 0.2207411378622055]",0.435303,american bison,bison bison,0.236299,no_match,uncertain
data/gbif/images/kangaroo_family/gbif_kangaroo_family_00878.jpg,gbif,,kangaroo_family,2,"[0.17500000513973646, 0.6405333429574966, 0.3492000102996826, 0.3466666638851166]",0.27417,domestic cattle,bos taurus,0.549332,no_match,flag
data/gbif/images/kangaroo_family/gbif_kangaroo_family_01118.jpg,gbif,,kangaroo_family,1,"[0.6422000080347061, 0.5556318759918213, 0.43880000710487366, 0.5226648449897766]",0.471436,blue monkey,cercopithecus mitis,0.509438,no_match,flag
data/gbif/images/kangaroo_family/gbif_kangaroo_family_01204.jpg,gbif,,kangaroo_family,1,"[0.42239999771118164, 0.7069792449474335, 0.8447999954223633, 0.5775173306465149]",0.397999,culpeo,lycalopex culpaeus,0.413424,no_match,flag
data/gbif/images/kangaroo_family/gbif_kangaroo_family_01431.jpg,gbif,,kangaroo_family,1,"[0.42739999294281006, 0.37611737102270126, 0.17239999771118164, 0.06587640941143036]",0.336994,rattus species,rattus,0.143233,no_match,uncertain
data/gbif/images/klipspringer/gbif_klipspringer_00012.jpg,gbif,,klipspringer,1,"[0.5886000096797943, 0.31651806831359863, 0.39079999923706055, 0.2745189964771271]",0.326416,mule deer,odocoileus hemionus,0.18434,order,uncertain
data/gbif/images/koala/gbif_koala_00242.jpg,gbif,,koala,1,"[0.4967999905347824, 0.2850666642189026, 0.4991999864578247, 0.3781333267688751]",0.24585,domestic cattle,bos taurus,0.793432,class,flag
data/gbif/images/koala/gbif_koala_00275.jpg,gbif,,koala,2,"[0.28679999709129333, 0.637333333492279, 0.376800000667572, 0.6272000074386597]",0.361084,emperor tamarin,saguinus imperator,0.196928,class,uncertain
data/gbif/images/leaf_monkeys_genus/gbif_leaf_monkeys_genus_00155.jpg,gbif,,leaf_monkeys_genus,3,"[0.3052000068128109, 0.5807999968528748, 0.09920000284910202, 0.30613332986831665]",0.419189,juruá red howler monkey,alouatta juara,0.35691,order,flag
data/gbif/images/leaf_monkeys_genus/gbif_leaf_monkeys_genus_00238.jpg,gbif,,leaf_monkeys_genus,1,"[0.4779999852180481, 0.7459577172994614, 0.29919999837875366, 0.4583333432674408]",0.272217,domestic cattle,bos taurus,0.378756,class,flag
data/gbif/images/leopard_cat/gbif_leopard_cat_00081.jpg,gbif,,leopard_cat,1,"[0.29100000858306885, 0.173769511282444, 0.303600013256073, 0.1974789947271347]",0.472168,spotted hyaena,crocuta crocuta,0.585872,order,flag
data/gbif/images/leopardus_species/gbif_leopardus_species_00097.jpg,gbif,,leopardus_species,1,"[0.5201999843120575, 0.23567357286810875, 0.4715999960899353, 0.10771077126264572]",0.324548,domestic cattle,bos taurus,0.202086,class,uncertain
data/gbif/images/lion/gbif_lion_00151.jpg,gbif,,lion,2,"[0.4450000077486038, 0.5850666612386703, 0.22679999470710754, 0.14933332800865173]",0.296242,elk,cervus canadensis,0.286691,class,uncertain
data/gbif/images/lion/gbif_lion_00246.jpg,gbif,,lion,2,"[0.9140000119805336, 0.8537170141935349, 0.1720000058412552, 0.2865707576274872]",0.464111,domestic cattle,bos taurus,0.201572,class,uncertain
data/gbif/images/llama_genus/gbif_llama_genus_00111.jpg,gbif,,llama_genus,1,"[0.21939999677124433, 0.5948379337787628, 0.43799999356269836, 0.8067227005958557]",0.394531,pronghorn,antilocapra americana,0.766214,order,flag
data/gbif/images/llama_genus/gbif_llama_genus_00458.jpg,gbif,,llama_genus,1,"[0.21939999677124433, 0.5948379337787628, 0.43799999356269836, 0.8067227005958557]",0.394531,pronghorn,antilocapra americana,0.766214,order,flag
data/gbif/images/macaque_species/gbif_macaque_species_00254.jpg,gbif,,macaque_species,2,"[0.16499999977531843, 0.7047079801559448, 0.32919999957084656, 0.583432674407959]",0.468262,mule deer,odocoileus hemionus,0.614019,class,flag
data/gbif/images/macaque_species/gbif_macaque_species_00314.jpg,gbif,,macaque_species,1,"[0.7943999916315079, 0.6961620524525642, 0.2800000011920929, 0.20362474024295807]",0.336426,human,homo sapiens,0.158391,order,uncertain
data/gbif/images/macaque_species/gbif_macaque_species_00855.jpg,gbif,,macaque_species,1,"[0.6099999770522118, 0.8004201799631119, 0.1736000031232834, 0.31272509694099426]",0.304199,domestic goat,capra aegagrus hircus,0.926271,class,flag
data/gbif/images/macaque_species/gbif_macaque_species_01169.jpg,gbif,,macaque_species,2,"[0.5865999981760979, 0.37935174256563187, 0.1379999965429306, 0.1596638709306717]",0.358398,tufted ground squirrel,rheithrosciurus macrotis,0.253397,class,uncertain
data/gbif/images/macaque_species/gbif_macaque_species_01302.jpg,gbif,,macaque_species,1,"[0.5377999991178513, 0.7292418628931046, 0.4068000018596649, 0.37906137108802795]",0.483446,human,homo sapiens,0.472555,order,flag
data/gbif/images/macaque_species/gbif_macaque_species_01315.jpg,gbif,,macaque_species,1,"[0.3919999897480011, 0.7355999797582626, 0.07760000228881836, 0.24160000681877136]",0.289795,large-headed capuchin,sapajus macrocephalus,0.386787,order,flag
data/gbif/images/macaque_species/gbif_macaque_species_01370.jpg,gbif,,macaque_species,3,"[0.28059999644756317, 0.23711790144443512, 0.057999998331069946, 0.21222707629203796]",0.445557,domestic dog,canis familiaris,0.432429,class,flag
data/gbif/images/macaque_species/gbif_macaque_species_01455.jpg,gbif,,macaque_species,2,"[0.5830000042915344, 0.6712473630905151, 0.3492000102996826, 0.6564481854438782]",0.494141,human,homo sapiens,0.247775,order,uncertain
data/gbif/images/macaque_species/gbif_macaque_species_01536.jpg,gbif,,macaque_species,4,"[0.49300001189112663, 0.4807923063635826, 0.0868000015616417, 0.1740696281194687]",0.388916,golden mantled ground squirrel,callospermophilus lateralis,0.368418,class,flag
data/gbif/images/macaque_species/gbif_macaque_species_01655.jpg,gbif,,macaque_species,1,"[0.5703999996185303, 0.7504499107599258, 0.8592000007629395, 0.4859028160572052]",0.272217,common wildebeest,connochaetes taurinus,0.364929,class,flag
data/gbif/images/macaque_species/gbif_macaque_species_01655.jpg,gbif,,macaque_species,2,"[0.7411999851465225, 0.2807438541203737, 0.266400009393692, 0.5206958651542664]",0.205566,domestic cattle,bos taurus,0.830319,class,flag
data/gbif/images/macaque_species/gbif_macaque_species_01685.jpg,gbif,,macaque_species,1,"[0.8837999999523163, 0.4021608744515106, 0.23240000009536743, 0.8031212687492371]",0.300634,coyote,canis latrans,0.277102,class,uncertain
data/gbif/images/macaque_species/gbif_macaque_species_01690.jpg,gbif,,macaque_species,3,"[0.6850000023841858, 0.6137113869190216, 0.6140000224113464, 0.7725772857666016]",0.460487,red deer,cervus elaphus,0.381298,class,flag
data/gbif/images/macaque_species/gbif_macaque_species_01744.jpg,gbif,,macaque_species,1,"[0.5534000024199486, 0.3025640994310379, 0.21879999339580536, 0.20968660712242126]",0.373535,coyote,canis latrans,0.147628,class,uncertain
data/gbif/images/macaque_species/gbif_macaque_species_01778.jpg,gbif,,macaque_species,1,"[0.3042000010609627, 0.5405162051320076, 0.4803999960422516, 0.9045618176460266]",0.393066,red deer,cervus elaphus,0.275865,class,uncertain
data/gbif/images/macaque_species/gbif_macaque_species_01789.jpg,gbif,,macaque_species,1,"[0.27560000121593475, 0.4567826986312866, 0.35440000891685486, 0.732292890548706]",0.390381,domestic cattle,bos taurus,0.70747,class,flag
data/gbif/images/macaque_species/gbif_macaque_species_01809.jpg,gbif,,macaque_species,1,"[0.6662000119686127, 0.5489195734262466, 0.3668000102043152, 0.47238895297050476]",0.376953,northern chamois,rupicapra rupicapra,0.358006,class,flag
data/gbif/images/martes_species/gbif_martes_species_00034.jpg,gbif,,martes_species,1,"[0.5194000005722046, 0.3401867300271988, 0.550000011920929, 0.35538339614868164]",0.312012,domestic cattle,bos taurus,0.959811,class,flag
data/gbif/images/martes_species/gbif_martes_species_00035.jpg,gbif,,martes_species,1,"[0.42180000245571136, 0.5517333298921585, 0.39079999923706055, 0.6757333278656006]",0.409668,red deer,cervus elaphus,0.26196,class,uncertain
data/gbif/images/meerkat/gbif_meerkat_00042.jpg,gbif,,meerkat,1,"[0.6441999971866608, 0.6185415834188461, 0.38679999113082886, 0.26969584822654724]",0.420654,common wallaroo,macropus robustus,0.274895,class,uncertain
data/gbif/images/meerkat/gbif_meerkat_00042.jpg,gbif,,meerkat,2,"[0.4252000004053116, 0.4030780494213104, 0.36880001425743103, 0.24257969856262207]",0.277832,american badger,taxidea taxus,0.136526,order,uncertain
data/gbif/images/meerkat/gbif_meerkat_00086.jpg,gbif,,meerkat,1,"[0.6050000190734863, 0.8538666665554047, 0.2003999948501587, 0.2847999930381775]",0.313721,mule deer,odocoileus hemionus,0.317882,class,flag
data/gbif/images/mule_deer/gbif_mule_deer_00180.jpg,gbif,,mule_deer,1,"[0.23259999603033066, 0.7759601473808289, 0.17880000174045563, 0.35704123973846436]",0.240147,human,homo sapiens,0.89094,class,flag
data/gbif/images/mule_deer/gbif_mule_deer_00209.jpg,gbif,,mule_deer,1,"[0.23340000212192535, 0.7752489298582077, 0.17960000038146973, 0.35846373438835144]",0.375149,human,homo sapiens,0.931984,class,flag
data/gbif/images/nilgai/gbif_nilgai_00180.jpg,gbif,,nilgai,1,"[0.3739999979734421, 0.2394239492714405, 0.3391999900341034, 0.38763877749443054]",0.456787,large-antlered muntjac,muntiacus vuquangensis,0.325376,order,flag
data/gbif/images/nilgai/gbif_nilgai_00241.jpg,gbif,,nilgai,1,"[0.5173999965190887, 0.5630252212285995, 0.3163999915122986, 0.866746723651886]",0.384033,red deer,cervus elaphus,0.973378,order,flag
data/gbif/images/north_american_river_otter/gbif_north_american_river_otter_00044.jpg,gbif,,north_american_river_otter,1,"[0.4943999946117401, 0.40336133539676666, 0.3375999927520752, 0.3433373272418976]",0.203979,domestic cattle,bos taurus,0.690334,class,flag
data/gbif/images/northern_chamois/gbif_northern_chamois_00066.jpg,gbif,,northern_chamois,1,"[0.36180000752210617, 0.4472000077366829, 0.5148000121116638, 0.6661333441734314]",0.312256,red deer,cervus elaphus,0.56402,order,flag
data/gbif/images/northern_chamois/gbif_northern_chamois_00163.jpg,gbif,,northern_chamois,1,"[0.36500000208616257, 0.48979590833187103, 0.23639999330043793, 0.5846338272094727]",0.301514,mule deer,odocoileus hemionus,0.710286,order,flag
data/gbif/images/nutria/gbif_nutria_00125.jpg,gbif,,nutria,3,"[0.48259998857975006, 0.7138572037220001, 0.3003999888896942, 0.2783443331718445]",0.397705,domestic cattle,bos taurus,0.877566,class,flag
data/gbif/images/nutria/gbif_nutria_00162.jpg,gbif,,nutria,2,"[0.3610000014305115, 0.7602883577346802, 0.23240000009536743, 0.1844397783279419]",0.499268,american black bear,ursus americanus,0.276461,class,uncertain
data/gbif/images/nyala/gbif_nyala_00121.jpg,gbif,,nyala,2,"[0.44680000841617584, 0.5527999922633171, 0.12160000205039978, 0.13813333213329315]",0.430176,white-tailed deer,odocoileus virginianus,0.963162,order,flag
data/gbif/images/nyala/gbif_nyala_00280.jpg,gbif,,nyala,1,"[0.6988000199198723, 0.394933320581913, 0.08560000360012054, 0.24906666576862335]",0.211426,white-tailed deer,odocoileus virginianus,0.576434,order,flag
data/gbif/images/plains_zebra/gbif_plains_zebra_00011.jpg,gbif,,plains_zebra,3,"[0.5017999950796366, 0.5222000107169151, 0.9923999905586243, 0.9556000232696533]",0.224815,human,homo sapiens,0.376315,class,flag
data/gbif/images/plains_zebra/gbif_plains_zebra_00100.jpg,gbif,,plains_zebra,3,"[0.9212000146508217, 0.2798440307378769, 0.15760000050067902, 0.3041391670703888]",0.378174,guenther's dik-dik,madoqua guentheri,0.304779,class,flag
data/gbif/images/plains_zebra/gbif_plains_zebra_00244.jpg,gbif,,plains_zebra,1,"[0.4173999950289726, 0.6179245263338089, 0.09239999949932098, 0.4150943458080292]",0.277452,domestic cattle,bos taurus,0.693922,class,flag
data/gbif/images/puma/gbif_puma_00119.jpg,gbif,,puma,1,"[0.20520000159740448, 0.526933342218399, 0.06319999694824219, 0.29546666145324707]",0.392822,domestic horse,equus caballus,0.27159,class,uncertain
data/gbif/images/puma/gbif_puma_00204.jpg,gbif,,puma,2,"[0.12720000743865967, 0.5530333518981934, 0.25440001487731934, 0.5797508955001831]",0.397073,european roe deer,capreolus capreolus,0.315376,class,flag
data/gbif/images/quokka/gbif_quokka_00007.jpg,gbif,,quokka,1,"[0.5997999981045723, 0.8299999833106995, 0.22759999334812164, 0.2752000093460083]",0.461426,northern raccoon,procyon lotor,0.625293,class,flag
data/gbif/images/quokka/gbif_quokka_00094.jpg,gbif,,quokka,1,"[0.2287999987602234, 0.5749333500862122, 0.4575999975204468, 0.6282666921615601]",0.209362,northern raccoon,procyon lotor,0.804427,class,flag
data/gbif/images/quokka/gbif_quokka_00096.jpg,gbif,,quokka,1,"[0.3945999890565872, 0.10320000036153942, 0.26919999718666077, 0.20426666736602783]",0.312012,woodchuck,marmota monax,0.143358,class,uncertain
data/gbif/images/quokka/gbif_quokka_00096.jpg,gbif,,quokka,2,"[0.4189999997615814, 0.3384000137448311, 0.3508000075817108, 0.5434666872024536]",0.309082,nutria,myocastor coypus,0.547755,class,flag
data/gbif/images/raccoon_dog/gbif_raccoon_dog_00148.jpg,gbif,,raccoon_dog,1,"[0.6728000044822693, 0.3042304217815399, 0.5631999969482422, 0.3162316083908081]",0.270508,brown bear,ursus arctos,0.602063,order,flag
data/gbif/images/raccoon_dog/gbif_raccoon_dog_00154.jpg,gbif,,raccoon_dog,1,"[0.30319999292260036, 0.48861171677708626, 0.6047999858856201, 0.9284164905548096]",0.383846,spotted hyaena,crocuta crocuta,0.715875,order,flag
data/gbif/images/raccoon_dog/gbif_raccoon_dog_00154.jpg,gbif,,raccoon_dog,2,"[0.20080000162124634, 0.12933839997276664, 0.4016000032424927, 0.25759220123291016]",0.278076,northern raccoon,procyon lotor,0.81498,order,flag
data/gbif/images/rattus_genus/gbif_rattus_genus_00091.jpg,gbif,,rattus_genus,2,"[0.4997999966144562, 0.162919282913208, 0.9995999932289124, 0.325838565826416]",0.236585,domestic cattle,bos taurus,0.205215,class,uncertain
data/gbif/images/rattus_genus/gbif_rattus_genus_00137.jpg,gbif,,rattus_genus,1,"[0.35199999809265137, 0.7887154668569565, 0.14399999380111694, 0.3313325345516205]",0.256592,domestic cattle,bos taurus,0.673867,class,flag
data/gbif/images/rattus_genus/gbif_rattus_genus_00276.jpg,gbif,,rattus_genus,1,"[0.3596000007528346, 0.8007999807596207, 0.7184000015258789, 0.3919999897480011]",0.421143,elk,cervus canadensis,0.724906,class,flag
data/gbif/images/red-necked_wallaby/gbif_red-necked_wallaby_00042.jpg,gbif,,red-necked_wallaby,1,"[0.4442000091075897, 0.7184655368328094, 0.1340000033378601, 0.24577373266220093]",0.223022,yellow-bellied marmot,marmota flaviventris,0.886359,class,flag
data/gbif/images/red_brocket/gbif_red_brocket_00043.jpg,gbif,,red_brocket,1,"[0.6302000023424625, 0.566792868077755, 0.10520000010728836, 0.21200649440288544]",0.395264,southern pig-tailed macaque,macaca nemestrina,0.302911,class,flag
data/gbif/images/red_deer/gbif_red_deer_00168.jpg,gbif,,red_deer,8,"[0.8889999762177467, 0.51739651709795, 0.133200004696846, 0.24655069410800934]",0.383057,common wildebeest,connochaetes taurinus,0.749607,order,flag
data/gbif/images/red_deer/gbif_red_deer_00182.jpg,gbif,,red_deer,6,"[0.21039999648928642, 0.7179487198591232, 0.06400000303983688, 0.23361822962760925]",0.233651,domestic cattle,bos taurus,0.450679,order,flag
data/gbif/images/red_deer/gbif_red_deer_00215.jpg,gbif,,red_deer,7,"[0.19599999487400055, 0.4763936400413513, 0.07039999961853027, 0.16894197463989258]",0.381836,wild boar,sus scrofa,0.158352,order,uncertain
data/gbif/images/red_squirrel/gbif_red_squirrel_00084.jpg,gbif,,red_squirrel,1,"[0.14919999614357948, 0.4549333304166794, 0.18799999356269836, 0.2933333218097687]",0.355957,glover's pika,ochotona gloveri,0.136214,class,uncertain
data/gbif/images/reedbuck_genus/gbif_reedbuck_genus_00065.jpg,gbif,,reedbuck_genus,1,"[0.35179999470710754, 0.7869981937110424, 0.24120000004768372, 0.10125824064016342]",0.238531,white-tailed deer,odocoileus virginianus,0.380237,order,flag
data/gbif/images/reedbuck_genus/gbif_reedbuck_genus_00065.jpg,gbif,,reedbuck_genus,2,"[0.4628000035881996, 0.5227681174874306, 0.14319999516010284, 0.07549430429935455]",0.204246,white-tailed deer,odocoileus virginianus,0.957586,order,flag
data/gbif/images/reindeer/gbif_reindeer_00133.jpg,gbif,,reindeer,3,"[0.48399999737739563, 0.509903259575367, 0.15839999914169312, 0.12805159389972687]",0.470229,domestic goat,capra aegagrus hircus,0.333236,order,flag
data/gbif/images/ring-tailed_lemur/gbif_ring-tailed_lemur_00008.jpg,gbif,,ring-tailed_lemur,1,"[0.4822000041604042, 0.4916666615754366, 0.9196000099182129, 0.9580246806144714]",0.214865,south american coati,nasua nasua,0.138959,class,uncertain
data/gbif/images/ring-tailed_lemur/gbif_ring-tailed_lemur_00043.jpg,gbif,,ring-tailed_lemur,2,"[0.3214000053703785, 0.7173970639705658, 0.5852000117301941, 0.28419655561447144]",0.233154,domestic cattle,bos taurus,0.388593,class,flag
data/gbif/images/ring-tailed_lemur/gbif_ring-tailed_lemur_00043.jpg,gbif,,ring-tailed_lemur,3,"[0.18240000307559967, 0.7873838245868683, 0.36480000615119934, 0.28924304246902466]",0.216309,mule deer,odocoileus hemionus,0.500962,class,flag
data/gbif/images/ring-tailed_lemur/gbif_ring-tailed_lemur_00075.jpg,gbif,,ring-tailed_lemur,1,"[0.3845999985933304, 0.6804962605237961, 0.43320000171661377, 0.4927961528301239]",0.235107,western gray kangaroo,macropus fuliginosus,0.185432,class,uncertain
data/gbif/images/ring-tailed_lemur/gbif_ring-tailed_lemur_00083.jpg,gbif,,ring-tailed_lemur,2,"[0.6528000235557556, 0.38718873262405396, 0.1128000020980835, 0.17551755905151367]",0.460938,common long-tailed macaque,macaca fascicularis,0.539378,order,flag
data/gbif/images/ring-tailed_lemur/gbif_ring-tailed_lemur_00084.jpg,gbif,,ring-tailed_lemur,3,"[0.8533999919891357, 0.6218666583299637, 0.29159998893737793, 0.41706666350364685]",0.45459,south american coati,nasua nasua,0.568347,class,flag
data/gbif/images/ring-tailed_lemur/gbif_ring-tailed_lemur_00087.jpg,gbif,,ring-tailed_lemur,1,"[0.4698000028729439, 0.5351812243461609, 0.1923999935388565, 0.5543709993362427]",0.408203,northern raccoon,procyon lotor,0.197504,class,uncertain
data/gbif/images/ring-tailed_lemur/gbif_ring-tailed_lemur_00099.jpg,gbif,,ring-tailed_lemur,1,"[0.3140000104904175, 0.5914816856384277, 0.3440000116825104, 0.5914816856384277]",0.403809,domestic sheep,ovis aries,0.264022,class,uncertain
data/gbif/images/ring-tailed_lemur/gbif_ring-tailed_lemur_00110.jpg,gbif,,ring-tailed_lemur,3,"[0.6711999848484993, 0.6457708328962326, 0.24560000002384186, 0.32333531975746155]",0.278564,domestic cat,felis catus,0.249932,class,uncertain
data/gbif/images/ring-tailed_lemur/gbif_ring-tailed_lemur_00120.jpg,gbif,,ring-tailed_lemur,1,"[0.30719999969005585, 0.4784279018640518, 0.2703999876976013, 0.51241135597229]",0.371094,ringtail,bassariscus astutus,0.519647,class,flag
data/gbif/images/ring-tailed_lemur/gbif_ring-tailed_lemur_00133.jpg,gbif,,ring-tailed_lemur,1,"[0.47939999401569366, 0.4776477664709091, 0.4171999990940094, 0.48664867877960205]",0.464844,south american coati,nasua nasua,0.874089,class,flag
data/gbif/images/ringtail/gbif_ringtail_00245.jpg,gbif,,ringtail,1,"[0.4167999988421798, 0.42587372101843357, 0.8167999982833862, 0.8179255723953247]",0.416016,coyote,canis latrans,0.667807,order,flag
data/gbif/images/rock_hyrax/gbif_rock_hyrax_00123.jpg,gbif,,rock_hyrax,1,"[0.5393999963998795, 0.17381590735749342, 0.7667999863624573, 0.34673815965652466]",0.232325,arizona black-tailed prairie dog,cynomys ludovicianus,0.778408,class,flag
data/gbif/images/rock_hyrax/gbif_rock_hyrax_00145.jpg,gbif,,rock_hyrax,1,"[0.7308000028133392, 0.3691476711537689, 0.5383999943733215, 0.7358943819999695]",0.229492,spotted hyaena,crocuta crocuta,0.447616,class,flag
data/gbif/images/rock_hyrax/gbif_rock_hyrax_00206.jpg,gbif,,rock_hyrax,2,"[0.16900000534951687, 0.5783686488866806, 0.27880001068115234, 0.3474610149860382]",0.343994,domestic cattle,bos taurus,0.553534,class,flag
data/gbif/images/sable_antelope/gbif_sable_antelope_00137.jpg,gbif,,sable_antelope,2,"[0.6569999940693378, 0.5371479913592339, 0.10360000282526016, 0.13960455358028412]",0.459229,white-tailed deer,odocoileus virginianus,0.673902,order,flag
data/gbif/images/sable_antelope/gbif_sable_antelope_00137.jpg,gbif,,sable_antelope,5,"[0.2483999989926815, 0.5242660194635391, 0.11999999731779099, 0.13660874962806702]",0.285645,red deer,cervus elaphus,0.326156,order,flag
data/gbif/images/sable_antelope/gbif_sable_antelope_00169.jpg,gbif,,sable_antelope,4,"[0.2931999936699867, 0.6988554894924164, 0.07680000364780426, 0.17024320363998413]",0.293701,domestic donkey,equus asinus,0.960659,class,flag
data/gbif/images/saguinus_species/gbif_saguinus_species_00025.jpg,gbif,,saguinus_species,1,"[0.4528000056743622, 0.33753375709056854, 0.2671999931335449, 0.400240033864975]",0.221313,black-and-gold howler monkey,alouatta caraya,0.240866,order,uncertain
data/gbif/images/saguinus_species/gbif_saguinus_species_00063.jpg,gbif,,saguinus_species,1,"[0.5271999835968018, 0.411623552441597, 0.40799999237060547, 0.29325512051582336]",0.452393,blue monkey,cercopithecus mitis,0.467138,order,flag
data/gbif/images/saguinus_species/gbif_saguinus_species_00077.jpg,gbif,,saguinus_species,1,"[0.6223999932408333, 0.46906666457653046, 0.14000000059604645, 0.40693333745002747]",0.216675,large-headed capuchin,sapajus macrocephalus,0.560404,order,flag
data/gbif/images/saimiri_species/gbif_saimiri_species_00018.jpg,gbif,,saimiri_species,1,"[0.4487999938428402, 0.4031999856233597, 0.10239999741315842, 0.2165333330631256]",0.237915,eastern fox squirrel,sciurus niger,0.454251,class,flag
data/gbif/images/saimiri_species/gbif_saimiri_species_00274.jpg,gbif,,saimiri_species,2,"[0.6941999942064285, 0.5396530330181122, 0.2547999918460846, 0.2763320803642273]",0.253906,nutria,myocastor coypus,0.182131,class,uncertain
data/gbif/images/saimiri_species/gbif_saimiri_species_00274.jpg,gbif,,saimiri_species,3,"[0.5662000104784966, 0.5059892535209656, 0.1907999962568283, 0.28004956245422363]",0.244507,stump-tailed macaque,macaca arctoides,0.802718,order,flag
data/gbif/images/sea_otter/gbif_sea_otter_00003.jpg,gbif,,sea_otter,2,"[0.11739999800920486, 0.6136059015989304, 0.23479999601840973, 0.18967828154563904]",0.440186,american beaver,castor canadensis,0.576071,no_match,flag
data/gbif/images/sea_otter/gbif_sea_otter_00003.jpg,gbif,,sea_otter,3,"[0.27960000187158585, 0.1883378028869629, 0.18240000307559967, 0.2372654229402542]",0.417725,nutria,myocastor coypus,0.259138,no_match,uncertain
data/gbif/images/sea_otter/gbif_sea_otter_00018.jpg,gbif,,sea_otter,1,"[0.2199999988079071, 0.7201559394598007, 0.2847999930381775, 0.36652669310569763]",0.29541,nutria,myocastor coypus,0.485162,no_match,flag
data/gbif/images/sea_otter/gbif_sea_otter_00020.jpg,gbif,,sea_otter,2,"[0.5219999924302101, 0.44385215640068054, 0.9287999868392944, 0.2778962254524231]",0.232178,nutria,myocastor coypus,0.335049,no_match,flag
data/gbif/images/sea_otter/gbif_sea_otter_00059.jpg,gbif,,sea_otter,1,"[0.5044000148773193, 0.4795057103037834, 0.4336000084877014, 0.20795659720897675]",0.490234,north american river otter,lontra canadensis,0.283856,no_match,uncertain
data/gbif/images/sea_otter/gbif_sea_otter_00077.jpg,gbif,,sea_otter,2,"[0.4423999935388565, 0.28727884590625763, 0.23440000414848328, 0.177759051322937]",0.360596,nutria,myocastor coypus,0.615552,no_match,flag
data/gbif/images/sea_otter/gbif_sea_otter_00127.jpg,gbif,,sea_otter,1,"[0.6740000247955322, 0.5652945265173912, 0.15520000457763672, 0.21220724284648895]",0.293213,nutria,myocastor coypus,0.759891,no_match,flag
data/gbif/images/sea_otter/gbif_sea_otter_00135.jpg,gbif,,sea_otter,1,"[0.43119999021291733, 0.46053560078144073, 0.18400000035762787, 0.21212121844291687]",0.393311,nutria,myocastor coypus,0.337897,no_match,flag
data/gbif/images/sea_otter/gbif_sea_otter_00155.jpg,gbif,,sea_otter,1,"[0.7164000272750854, 0.43213213235139847, 0.2752000093460083, 0.21201200783252716]",0.390869,giant otter,pteronura brasiliensis,0.311518,no_match,flag
data/gbif/images/sea_otter/gbif_sea_otter_00166.jpg,gbif,,sea_otter,1,"[0.7734000235795975, 0.2873774468898773, 0.45239999890327454, 0.29125815629959106]",0.499023,nutria,myocastor coypus,0.23441,no_match,uncertain
data/gbif/images/sea_otter/gbif_sea_otter_00166.jpg,gbif,,sea_otter,2,"[0.9350000023841858, 0.5808823630213737, 0.12999999523162842, 0.20588235557079315]",0.494873,nutria,myocastor coypus,0.439649,no_match,flag
data/gbif/images/sea_otter/gbif_sea_otter_00260.jpg,gbif,,sea_otter,1,"[0.22380000352859497, 0.49100178480148315, 0.290800005197525, 0.17816436290740967]",0.474609,nutria,myocastor coypus,0.211377,no_match,uncertain
data/gbif/images/sea_otter/gbif_sea_otter_00262.jpg,gbif,,sea_otter,1,"[0.6873999983072281, 0.461354099214077, 0.44519999623298645, 0.15338526666164398]",0.437988,giant otter,pteronura brasiliensis,0.174132,no_match,uncertain
data/gbif/images/sea_otter/gbif_sea_otter_00262.jpg,gbif,,sea_otter,2,"[0.4958000108599663, 0.4167165905237198, 0.09239999949932098, 0.11563810706138611]",0.338867,nutria,myocastor coypus,0.760683,no_match,flag
data/gbif/images/sea_otter/gbif_sea_otter_00262.jpg,gbif,,sea_otter,3,"[0.21039999648928642, 0.4469742402434349, 0.11999999731779099, 0.12582384049892426]",0.306641,nutria,myocastor coypus,0.358819,no_match,flag
data/gbif/images/sea_otter/gbif_sea_otter_00262.jpg,gbif,,sea_otter,4,"[0.5623999983072281, 0.4469742253422737, 0.25600001215934753, 0.16656680405139923]",0.263184,giant otter,pteronura brasiliensis,0.285117,no_match,uncertain
data/gbif/images/sea_otter/gbif_sea_otter_00262.jpg,gbif,,sea_otter,5,"[0.3590000048279762, 0.4784301817417145, 0.16439999639987946, 0.12162971496582031]",0.202759,nutria,myocastor coypus,0.385477,no_match,flag
data/gbif/images/sea_otter/gbif_sea_otter_00278.jpg,gbif,,sea_otter,1,"[0.2451999959303066, 0.564187154173851, 0.487199991941452, 0.30053988099098206]",0.383545,nutria,myocastor coypus,0.656802,no_match,flag
data/gbif/images/sea_otter/gbif_sea_otter_00285.jpg,gbif,,sea_otter,1,"[0.2946000024676323, 0.5574850216507912, 0.1404000073671341, 0.13173653185367584]",0.349609,nutria,myocastor coypus,0.401122,no_match,flag
data/gbif/images/sea_otter/gbif_sea_otter_00290.jpg,gbif,,sea_otter,1,"[0.5174000114202499, 0.5632873550057411, 0.7372000217437744, 0.16916616261005402]",0.303223,nutria,myocastor coypus,0.586276,no_match,flag
data/gbif/images/sloth_bear/gbif_sloth_bear_00030.jpg,gbif,,sloth_bear,1,"[0.6128000169992447, 0.5728000104427338, 0.31200000643730164, 0.36693334579467773]",0.33667,wild boar,sus scrofa,0.603484,class,flag
data/gbif/images/south_american_coati/gbif_south_american_coati_00049.jpg,gbif,,south_american_coati,1,"[0.45959998667240143, 0.5999399870634079, 0.3215999901294708, 0.46518608927726746]",0.205222,masked palm civet,paguma larvata,0.709564,order,flag
data/gbif/images/south_american_coati/gbif_south_american_coati_00088.jpg,gbif,,south_american_coati,2,"[0.34279999136924744, 0.3916891813278198, 0.23199999332427979, 0.13651365041732788]",0.251465,yellow-throated marten,martes flavigula,0.271853,order,uncertain
data/gbif/images/south_american_coati/gbif_south_american_coati_00275.jpg,gbif,,south_american_coati,4,"[0.6574000045657158, 0.6040000170469284, 0.11720000207424164, 0.0949999988079071]",0.429199,crab-eating fox,cerdocyon thous,0.19763,order,uncertain
data/gbif/images/spotted_hyaena/gbif_spotted_hyaena_00105.jpg,gbif,,spotted_hyaena,2,"[0.32279999554157257, 0.6950194984674454, 0.3991999924182892, 0.16771677136421204]",0.238647,bobcat,lynx rufus,0.212132,order,uncertain
data/gbif/images/springbok/gbif_springbok_00042.jpg,gbif,,springbok,1,"[0.576799999922514, 0.35696282982826233, 0.1111999973654747, 0.12413358688354492]",0.436768,white-tailed deer,odocoileus virginianus,0.568861,order,flag
data/gbif/images/springbok/gbif_springbok_00242.jpg,gbif,,springbok,5,"[0.16919999942183495, 0.4914666563272476, 0.11760000139474869, 0.14986667037010193]",0.391113,plains zebra,equus quagga,0.733513,class,flag
data/gbif/images/springbok/gbif_springbok_00242.jpg,gbif,,springbok,6,"[0.0430000014603138, 0.4863999933004379, 0.0860000029206276, 0.1706666648387909]",0.274524,plains zebra,equus quagga,0.585018,class,flag
data/gbif/images/springbok/gbif_springbok_00242.jpg,gbif,,springbok,8,"[0.7097999751567841, 0.5080000013113022, 0.09160000085830688, 0.1712000072002411]",0.201294,plains zebra,equus quagga,0.741892,class,flag
data/gbif/images/squirrel_family/gbif_squirrel_family_00154.jpg,gbif,,squirrel_family,1,"[0.4675999879837036, 0.5005656187422574, 0.9351999759674072, 0.9920814633369446]",0.340576,mouflon,ovis orientalis,0.094939,no_match,uncertain
data/gbif/images/squirrel_family/gbif_squirrel_family_00682.jpg,gbif,,squirrel_family,1,"[0.45239999890327454, 0.5, 0.4560000002384186, 1.0]",0.499512,domestic cattle,bos taurus,0.28729,no_match,uncertain
data/gbif/images/squirrel_family/gbif_squirrel_family_00711.jpg,gbif,,squirrel_family,1,"[0.41579999029636383, 0.6133333295583725, 0.6787999868392944, 0.7680000066757202]",0.493652,takin,budorcas taxicolor,0.560155,no_match,flag
data/gbif/images/squirrel_family/gbif_squirrel_family_00923.jpg,gbif,,squirrel_family,1,"[0.4431999921798706, 0.45313920825719833, 0.5519999861717224, 0.2393084615468979]",0.412598,mammal,,0.166124,no_match,uncertain
data/gbif/images/squirrel_family/gbif_squirrel_family_01013.jpg,gbif,,squirrel_family,1,"[0.3187999955553096, 0.3450666631106287, 0.6367999911308289, 0.6826666593551636]",0.293213,domestic cat,felis catus,0.20319,no_match,uncertain
data/gbif/images/squirrel_family/gbif_squirrel_family_01045.jpg,gbif,,squirrel_family,1,"[0.7095999866724014, 0.37279999256134033, 0.24480000138282776, 0.25679999589920044]",0.253174,domestic cattle,bos taurus,0.794212,no_match,flag
data/gbif/images/squirrel_family/gbif_squirrel_family_01302.jpg,gbif,,squirrel_family,1,"[0.6947999894618988, 0.4388122223317623, 0.4440000057220459, 0.8020395636558533]",0.425293,domestic cattle,bos taurus,0.155193,no_match,uncertain
data/gbif/images/thomson's_gazelle/gbif_thomson's_gazelle_00270.jpg,gbif,,thomson's_gazelle,3,"[0.022600000724196434, 0.34065281227231026, 0.04520000144839287, 0.6528189778327942]",0.242679,white-tailed deer,odocoileus virginianus,0.384116,order,flag
data/gbif/images/vervet_monkey/gbif_vervet_monkey_00055.jpg,gbif,,vervet_monkey,1,"[0.2980000078678131, 0.4482666669646278, 0.5960000157356262, 0.8944000005722046]",0.455078,domestic dog,canis familiaris,0.149234,class,uncertain
data/gbif/images/vervet_monkey/gbif_vervet_monkey_00231.jpg,gbif,,vervet_monkey,1,"[0.7415999919176102, 0.6152460873126984, 0.4343999922275543, 0.767106831073761]",0.396484,agile wallaby,macropus agilis,0.134854,class,uncertain
data/gbif/images/waterbuck/gbif_waterbuck_00027.jpg,gbif,,waterbuck,1,"[0.492799986153841, 0.38415366411209106, 0.10000000149011612, 0.13925570249557495]",0.260742,pronghorn,antilocapra americana,0.532527,order,flag
data/gbif/images/waterbuck/gbif_waterbuck_00106.jpg,gbif,,waterbuck,3,"[0.46619999781250954, 0.6278957352042198, 0.07720000296831131, 0.23552124202251434]",0.307129,red deer,cervus elaphus,0.1107,order,uncertain
data/gbif/images/waterbuck/gbif_waterbuck_00163.jpg,gbif,,waterbuck,4,"[0.7256000265479088, 0.29360000044107437, 0.18719999492168427, 0.24053333699703217]",0.257324,elk,cervus canadensis,0.372584,order,flag
data/gbif/images/waterbuck/gbif_waterbuck_00267.jpg,gbif,,waterbuck,1,"[0.3126000016927719, 0.4776119440793991, 0.37880000472068787, 0.37918516993522644]",0.414795,white-tailed deer,odocoileus virginianus,0.371208,order,flag
data/gbif/images/weasel_species/gbif_weasel_species_00036.jpg,gbif,,weasel_species,1,"[0.426800012588501, 0.6777718663215637, 0.853600025177002, 0.6391258239746094]",0.368844,human,homo sapiens,0.173054,class,uncertain
data/gbif/images/weasel_species/gbif_weasel_species_00094.jpg,gbif,,weasel_species,1,"[0.5918000042438507, 0.5272945463657379, 0.147599995136261, 0.22915416955947876]",0.48291,white-tailed deer,odocoileus virginianus,0.287148,class,uncertain
data/gbif/images/weasel_species/gbif_weasel_species_00144.jpg,gbif,,weasel_species,1,"[0.46859998628497124, 0.44091180711984634, 0.10440000146627426, 0.20875824987888336]",0.435059,domestic cat,felis catus,0.623227,order,flag
data/gbif/images/weasel_species/gbif_weasel_species_00405.jpg,gbif,,weasel_species,4,"[0.8822000026702881, 0.42426667734980583, 0.23559999465942383, 0.765333354473114]",0.249878,human,homo sapiens,0.697094,class,flag
data/gbif/images/weasel_species/gbif_weasel_species_00632.jpg,gbif,,weasel_species,1,"[0.39880000054836273, 0.4619760513305664, 0.3240000009536743, 0.28323352336883545]",0.256348,domestic cattle,bos taurus,0.289781,class,uncertain
data/gbif/images/western_gray_squirrel/gbif_western_gray_squirrel_00177.jpg,gbif,,western_gray_squirrel,1,"[0.5939999967813492, 0.5518372803926468, 0.2935999929904938, 0.3727034032344818]",0.38916,domestic cattle,bos taurus,0.268205,class,uncertain
data/gbif/images/western_gray_squirrel/gbif_western_gray_squirrel_00182.jpg,gbif,,western_gray_squirrel,1,"[0.42500001192092896, 0.346017062664032, 0.09160000085830688, 0.2567567527294159]",0.469009,vervet monkey,chlorocebus pygerythrus,0.424482,class,flag
data/gbif/images/white-nosed_coati/gbif_white-nosed_coati_00085.jpg,gbif,,white-nosed_coati,1,"[0.532600000500679, 0.5858343243598938, 0.44119998812675476, 0.4897959232330322]",0.396484,blue monkey,cercopithecus mitis,0.33599,class,flag
data/gbif/images/white-nosed_coati/gbif_white-nosed_coati_00104.jpg,gbif,,white-nosed_coati,2,"[0.3807999938726425, 0.3955662399530411, 0.6087999939918518, 0.4770299196243286]",0.297363,red fox,vulpes vulpes,0.472351,order,flag
data/gbif/images/wild_cat/gbif_wild_cat_00260.jpg,gbif,,wild_cat,1,"[0.6080000028014183, 0.12553342944011092, 0.15199999511241913, 0.24964438378810883]",0.202294,human,homo sapiens,0.754184,class,flag
data/gbif/images/wild_cat/gbif_wild_cat_00275.jpg,gbif,,wild_cat,1,"[0.3532000035047531, 0.5220000147819519, 0.41280001401901245, 0.30320000648498535]",0.237915,northern raccoon,procyon lotor,0.297784,order,uncertain
data/gbif/images/woodchuck/gbif_woodchuck_00050.jpg,gbif,,woodchuck,1,"[0.45899999141693115, 0.5455689877271652, 0.4659999907016754, 0.24924471974372864]",0.381104,domestic cattle,bos taurus,0.364926,class,flag
data/inaturalist/images/african_buffalo/inat_african_buffalo_00307.jpg,inaturalist,,african_buffalo,2,"[0.6889999806880951, 0.0810810774564743, 0.28200000524520874, 0.1621621549129486]",0.404924,red deer,cervus elaphus,0.228168,order,uncertain
data/inaturalist/images/african_buffalo/inat_african_buffalo_00365.jpg,inaturalist,,african_buffalo,4,"[0.22599999606609344, 0.5519999861717224, 0.10400000214576721, 0.35199999809265137]",0.315186,common warthog,phacochoerus africanus,0.468417,order,flag
data/inaturalist/images/african_buffalo/inat_african_buffalo_00417.jpg,inaturalist,,african_buffalo,2,"[0.2746666669845581, 0.23399999365210533, 0.2240000069141388, 0.07599999755620956]",0.475842,white-tailed deer,odocoileus virginianus,0.331892,order,flag
data/inaturalist/images/african_buffalo/inat_african_buffalo_00457.jpg,inaturalist,,african_buffalo,2,"[0.5640000104904175, 0.47066665440797806, 0.14399999380111694, 0.14666666090488434]",0.367252,wild boar,sus scrofa,0.54296,order,flag
data/inaturalist/images/african_buffalo/inat_african_buffalo_00719.jpg,inaturalist,,african_buffalo,5,"[0.23000000417232513, 0.5240000039339066, 0.13199999928474426, 0.10400000214576721]",0.331787,eastern fox squirrel,sciurus niger,0.417146,class,flag
data/inaturalist/images/african_buffalo/inat_african_buffalo_00776.jpg,inaturalist,,african_buffalo,4,"[0.48266665637493134, 0.5429999902844429, 0.1599999964237213, 0.15399999916553497]",0.333252,common warthog,phacochoerus africanus,0.270441,order,uncertain
data/inaturalist/images/african_buffalo/inat_african_buffalo_00928.jpg,inaturalist,,african_buffalo,8,"[0.5310000032186508, 0.5465425625443459, 0.17800000309944153, 0.18882979452610016]",0.481201,white-tailed deer,odocoileus virginianus,0.704585,order,flag
data/inaturalist/images/african_buffalo/inat_african_buffalo_01046.jpg,inaturalist,,african_buffalo,4,"[0.4840000122785568, 0.26923077553510666, 0.10400000214576721, 0.14529915153980255]",0.394287,human,homo sapiens,0.645961,class,flag
data/inaturalist/images/african_buffalo/inat_african_buffalo_01184.jpg,inaturalist,,african_buffalo,5,"[0.25200000405311584, 0.5587349310517311, 0.14800000190734863, 0.17771084606647491]",0.453613,domestic cat,felis catus,0.285265,class,uncertain
data/inaturalist/images/african_buffalo/inat_african_buffalo_01276.jpg,inaturalist,,african_buffalo,1,"[0.578000009059906, 0.6189759075641632, 0.5040000081062317, 0.33433735370635986]",0.431641,domestic horse,equus caballus,0.359107,class,flag
data/inaturalist/images/african_buffalo/inat_african_buffalo_01482.jpg,inaturalist,,african_buffalo,4,"[0.9279999807476997, 0.25199999660253525, 0.14000000059604645, 0.17866666615009308]",0.355295,white-tailed deer,odocoileus virginianus,0.338008,order,flag
data/inaturalist/images/african_elephant/inat_african_elephant_00158.jpg,inaturalist,,african_elephant,2,"[0.30900000035762787, 0.6399999707937241, 0.23800000548362732, 0.14933332800865173]",0.290283,domestic cattle,bos taurus,0.375077,class,flag
data/inaturalist/images/african_elephant/inat_african_elephant_00164.jpg,inaturalist,,african_elephant,10,"[0.5709999725222588, 0.47599998861551285, 0.0820000022649765, 0.1720000058412552]",0.427246,plains zebra,equus quagga,0.349537,class,flag
data/inaturalist/images/african_elephant/inat_african_elephant_00605.jpg,inaturalist,,african_elephant,1,"[0.3840000033378601, 0.7612612769007683, 0.14399999380111694, 0.16516517102718353]",0.266159,domestic cattle,bos taurus,0.704375,class,flag
data/inaturalist/images/african_elephant/inat_african_elephant_00716.jpg,inaturalist,,african_elephant,6,"[0.46700000017881393, 0.5146276503801346, 0.1420000046491623, 0.15159574151039124]",0.253174,domestic horse,equus caballus,0.569479,class,flag
data/inaturalist/images/african_elephant/inat_african_elephant_01006.jpg,inaturalist,,african_elephant,1,"[0.6573333069682121, 0.623000018298626, 0.18400000035762787, 0.1379999965429306]",0.369629,white-tailed deer,odocoileus virginianus,0.468429,class,flag
data/inaturalist/images/african_elephant/inat_african_elephant_01016.jpg,inaturalist,,african_elephant,2,"[0.06099999975413084, 0.12399999750778079, 0.10599999874830246, 0.24266666173934937]",0.440918,domestic sheep,ovis aries,0.801452,class,flag
data/inaturalist/images/african_elephant/inat_african_elephant_01135.jpg,inaturalist,,african_elephant,1,"[0.6259999945759773, 0.294294286519289, 0.14000000059604645, 0.4744744598865509]",0.4646,red deer,cervus elaphus,0.354467,class,flag
data/inaturalist/images/african_elephant/inat_african_elephant_01136.jpg,inaturalist,,african_elephant,5,"[0.7120000012218952, 0.42492492496967316, 0.10000000149011612, 0.4054054021835327]",0.389648,mule deer,odocoileus hemionus,0.312596,class,flag
data/inaturalist/images/african_elephant/inat_african_elephant_01285.jpg,inaturalist,,african_elephant,2,"[0.8580000326037407, 0.3733333349227905, 0.12800000607967377, 0.2720000147819519]",0.499512,human,homo sapiens,0.487231,class,flag
data/inaturalist/images/african_elephant/inat_african_elephant_01395.jpg,inaturalist,,african_elephant,6,"[0.7719999849796295, 0.36714285612106323, 0.3840000033378601, 0.25999999046325684]",0.351318,domestic cattle,bos taurus,0.789195,class,flag
data/inaturalist/images/african_elephant/inat_african_elephant_01667.jpg,inaturalist,,african_elephant,1,"[0.6680000126361847, 0.5679999887943268, 0.2919999957084656, 0.25999999046325684]",0.494629,domestic cattle,bos taurus,0.398297,class,flag
data/inaturalist/images/african_elephant/inat_african_elephant_01677.jpg,inaturalist,,african_elephant,1,"[0.9000000134110451, 0.42821781407110393, 0.20000000298023224, 0.8514851331710815]",0.343414,domestic cattle,bos taurus,0.556494,class,flag
data/inaturalist/images/african_elephant/inat_african_elephant_01718.jpg,inaturalist,,african_elephant,3,"[0.6630000323057175, 0.3534303531050682, 0.23800000548362732, 0.0665280669927597]",0.365056,white-tailed deer,odocoileus virginianus,0.475409,class,flag
data/inaturalist/images/african_elephant/inat_african_elephant_01817.jpg,inaturalist,,african_elephant,1,"[0.44999998807907104, 0.20533333718776703, 0.2879999876022339, 0.13866665959358215]",0.283553,domestic cattle,bos taurus,0.656462,class,flag
data/inaturalist/images/african_elephant/inat_african_elephant_01949.jpg,inaturalist,,african_elephant,1,"[0.5879999995231628, 0.173333331476897, 0.6159999966621399, 0.3413333296775818]",0.312591,human,homo sapiens,0.549326,class,flag
data/inaturalist/images/african_elephant/inat_african_elephant_02281.jpg,inaturalist,,african_elephant,2,"[0.770000021904707, 0.526234582066536, 0.1080000028014183, 0.1944444477558136]",0.497559,domestic cattle,bos taurus,0.475059,class,flag
data/inaturalist/images/african_elephant/inat_african_elephant_02894.jpg,inaturalist,,african_elephant,4,"[0.5310000106692314, 0.3258258178830147, 0.20200000703334808, 0.12912912666797638]",0.385742,human,homo sapiens,0.385196,class,flag
data/inaturalist/images/african_elephant/inat_african_elephant_02906.jpg,inaturalist,,african_elephant,4,"[0.4090000092983246, 0.5799999982118607, 0.1340000033378601, 0.3226666748523712]",0.310059,domestic cattle,bos taurus,0.513593,class,flag
data/inaturalist/images/african_elephant/inat_african_elephant_02909.jpg,inaturalist,,african_elephant,1,"[0.7409999966621399, 0.21199999749660492, 0.5180000066757202, 0.42399999499320984]",0.269043,domestic cattle,bos taurus,0.255188,class,uncertain
data/inaturalist/images/african_elephant/inat_african_elephant_03026.jpg,inaturalist,,african_elephant,1,"[0.6369999945163727, 0.2822822853922844, 0.44999998807907104, 0.18618617951869965]",0.382382,red deer,cervus elaphus,0.173247,class,uncertain
data/inaturalist/images/african_elephant/inat_african_elephant_03441.jpg,inaturalist,,african_elephant,1,"[0.21000000089406967, 0.597597599029541, 0.15600000321865082, 0.5105105042457581]",0.46875,red deer,cervus elaphus,0.445721,class,flag
data/inaturalist/images/african_wild_dog/inat_african_wild_dog_00146.jpg,inaturalist,,african_wild_dog,2,"[0.4130000025033951, 0.552763819694519, 0.34200000762939453, 0.6683416962623596]",0.206198,mule deer,odocoileus hemionus,0.825906,class,flag
data/inaturalist/images/african_wild_dog/inat_african_wild_dog_00168.jpg,inaturalist,,african_wild_dog,2,"[0.4619999900460243, 0.4864864945411682, 0.20000000298023224, 0.3003003001213074]",0.479014,wild boar,sus scrofa,0.207458,class,uncertain
data/inaturalist/images/african_wild_dog/inat_african_wild_dog_00215.jpg,inaturalist,,african_wild_dog,2,"[0.26100000366568565, 0.3839999884366989, 0.4020000100135803, 0.14933332800865173]",0.35376,domestic cattle,bos taurus,0.421147,class,flag
data/inaturalist/images/african_wild_dog/inat_african_wild_dog_00219.jpg,inaturalist,,african_wild_dog,1,"[0.3400000035762787, 0.26900000125169754, 0.46666666865348816, 0.44200000166893005]",0.231611,nutria,myocastor coypus,0.232324,class,uncertain
data/inaturalist/images/african_wild_dog/inat_african_wild_dog_00267.jpg,inaturalist,,african_wild_dog,3,"[0.35200000554323196, 0.1952662691473961, 0.14000000059604645, 0.17159762978553772]",0.336097,wild boar,sus scrofa,0.52258,class,flag
data/inaturalist/images/african_wild_dog/inat_african_wild_dog_00331.jpg,inaturalist,,african_wild_dog,2,"[0.2369999960064888, 0.5693333297967911, 0.1420000046491623, 0.12533333897590637]",0.206543,white-tailed deer,odocoileus virginianus,0.436122,class,flag
data/inaturalist/images/african_wild_dog/inat_african_wild_dog_00334.jpg,inaturalist,,african_wild_dog,1,"[0.26500000059604645, 0.7866666913032532, 0.22200000286102295, 0.2613333463668823]",0.388672,domestic cattle,bos taurus,0.493174,class,flag
data/inaturalist/images/african_wild_dog/inat_african_wild_dog_00341.jpg,inaturalist,,african_wild_dog,2,"[0.26600000262260437, 0.5973333418369293, 0.3720000088214874, 0.581333339214325]",0.335205,domestic cattle,bos taurus,0.430218,class,flag
data/inaturalist/images/african_wild_dog/inat_african_wild_dog_00343.jpg,inaturalist,,african_wild_dog,1,"[0.8670000284910202, 0.7272727489471436, 0.26600000262260437, 0.3957219123840332]",0.311768,red deer,cervus elaphus,0.308865,class,flag
data/inaturalist/images/african_wild_dog/inat_african_wild_dog_00401.jpg,inaturalist,,african_wild_dog,1,"[0.2760000005364418, 0.5345345214009285, 0.4000000059604645, 0.8348348140716553]",0.369629,spotted hyaena,crocuta crocuta,0.17226,order,uncertain
data/inaturalist/images/agouti_genus/inat_agouti_genus_00050.jpg,inaturalist,,agouti_genus,1,"[0.5429999902844429, 0.5684931501746178, 0.18199999630451202, 0.15068493783473969]",0.485352,red fox,vulpes vulpes,0.232131,class,uncertain
data/inaturalist/images/agouti_genus/inat_agouti_genus_00340.jpg,inaturalist,,agouti_genus,1,"[0.7213333249092102, 0.0689999982714653, 0.46133333444595337, 0.1379999965429306]",0.21138,human,homo sapiens,0.773361,class,flag
data/inaturalist/images/alpine_ibex/inat_alpine_ibex_00551.jpg,inaturalist,,alpine_ibex,4,"[0.5533333197236061, 0.471000000834465, 0.17866666615009308, 0.1459999978542328]",0.209839,white-tailed deer,odocoileus virginianus,0.678876,order,flag
data/inaturalist/images/alpine_ibex/inat_alpine_ibex_00759.jpg,inaturalist,,alpine_ibex,4,"[0.2460000030696392, 0.5305850952863693, 0.11999999731779099, 0.16223403811454773]",0.330566,red deer,cervus elaphus,0.355475,order,flag
data/inaturalist/images/alpine_ibex/inat_alpine_ibex_00821.jpg,inaturalist,,alpine_ibex,1,"[0.5, 0.5890000015497208, 1.0, 0.777999997138977]",0.221937,human,homo sapiens,0.546906,class,flag
data/inaturalist/images/american_badger/inat_american_badger_00601.jpg,inaturalist,,american_badger,1,"[0.6260000169277191, 0.6399999931454659, 0.2680000066757202, 0.24533332884311676]",0.473389,woodchuck,marmota monax,0.526016,class,flag
data/inaturalist/images/american_bison/inat_american_bison_00083.jpg,inaturalist,,american_bison,5,"[0.26500000059604645, 0.502666674554348, 0.23399999737739563, 0.15199999511241913]",0.442167,white-tailed deer,odocoileus virginianus,0.946231,order,flag
data/inaturalist/images/american_bison/inat_american_bison_00297.jpg,inaturalist,,american_bison,4,"[0.06199999898672104, 0.47599999606609344, 0.12399999797344208, 0.48266667127609253]",0.447021,wild boar,sus scrofa,0.338952,order,flag
data/inaturalist/images/american_bison/inat_american_bison_00321.jpg,inaturalist,,american_bison,3,"[0.2540000006556511, 0.32072829455137253, 0.20000000298023224, 0.23249299824237823]",0.23182,elk,cervus canadensis,0.164656,order,uncertain
data/inaturalist/images/american_bison/inat_american_bison_00344.jpg,inaturalist,,american_bison,12,"[0.5327456071972847, 0.39399999752640724, 0.21410579979419708, 0.08399999886751175]",0.373597,white-tailed deer,odocoileus virginianus,0.330049,order,flag
data/inaturalist/images/american_bison/inat_american_bison_00745.jpg,inaturalist,,american_bison,4,"[0.14400000125169754, 0.34933334589004517, 0.18400000035762787, 0.15466666221618652]",0.357422,arizona black-tailed prairie dog,cynomys ludovicianus,0.919235,class,flag
data/inaturalist/images/american_bison/inat_american_bison_00776.jpg,inaturalist,,american_bison,5,"[0.3879999965429306, 0.9106666818261147, 0.19200000166893005, 0.17866666615009308]",0.33592,white-tailed deer,odocoileus virginianus,0.398366,order,flag
data/inaturalist/images/american_bison/inat_american_bison_00832.jpg,inaturalist,,american_bison,3,"[0.03400000184774399, 0.6600000187754631, 0.06800000369548798, 0.18400000035762787]",0.38916,white-tailed deer,odocoileus virginianus,0.882864,order,flag
data/inaturalist/images/american_bison/inat_american_bison_00874.jpg,inaturalist,,american_bison,1,"[0.273333340883255, 0.7259999811649323, 0.109333336353302, 0.14399999380111694]",0.257199,domestic cat,felis catus,0.383513,class,flag
data/inaturalist/images/american_bison/inat_american_bison_01056.jpg,inaturalist,,american_bison,5,"[0.21500001102685928, 0.06738544255495071, 0.15800000727176666, 0.13477088510990143]",0.432373,african elephant,loxodonta africana,0.370371,class,flag
data/inaturalist/images/american_bison/inat_american_bison_01367.jpg,inaturalist,,american_bison,1,"[0.9259999990463257, 0.6261261403560638, 0.14800000190734863, 0.6936936974525452]",0.457581,white-tailed deer,odocoileus virginianus,0.463223,order,flag
data/inaturalist/images/american_bison/inat_american_bison_01786.jpg,inaturalist,,american_bison,4,"[0.7290000319480896, 0.11244019120931625, 0.3140000104904175, 0.2248803824186325]",0.395996,yellow-bellied marmot,marmota flaviventris,0.76094,class,flag
data/inaturalist/images/american_black_bear/inat_american_black_bear_00770.jpg,inaturalist,,american_black_bear,1,"[0.2600000035017729, 0.8630000054836273, 0.46000000834465027, 0.27399998903274536]",0.40918,domestic cattle,bos taurus,0.868115,class,flag
data/inaturalist/images/american_black_bear/inat_american_black_bear_03332.jpg,inaturalist,,american_black_bear,1,"[0.42900000512599945, 0.4026666730642319, 0.38199999928474426, 0.4480000138282776]",0.439697,blue monkey,cercopithecus mitis,0.26688,class,uncertain
data/inaturalist/images/asian_elephant/inat_asian_elephant_00389.jpg,inaturalist,,asian_elephant,1,"[0.42899999022483826, 0.2539893612265587, 0.21799999475479126, 0.24734042584896088]",0.234985,white-tailed deer,odocoileus virginianus,0.950961,class,flag
data/inaturalist/images/asian_elephant/inat_asian_elephant_00543.jpg,inaturalist,,asian_elephant,3,"[0.2160000056028366, 0.5186666622757912, 0.25600001215934753, 0.15733332931995392]",0.38208,domestic cattle,bos taurus,0.292394,class,uncertain
data/inaturalist/images/asian_elephant/inat_asian_elephant_00777.jpg,inaturalist,,asian_elephant,2,"[0.48899999260902405, 0.1146666631102562, 0.49799999594688416, 0.2293333262205124]",0.429199,wild boar,sus scrofa,0.212,class,uncertain
data/inaturalist/images/asiatic_wild_ass/inat_asiatic_wild_ass_00060.jpg,inaturalist,,asiatic_wild_ass,2,"[0.5370000153779984, 0.5480480492115021, 0.15000000596046448, 0.20720720291137695]",0.442871,domestic cattle,bos taurus,0.279629,class,uncertain
data/inaturalist/images/asiatic_wild_ass/inat_asiatic_wild_ass_00060.jpg,inaturalist,,asiatic_wild_ass,3,"[0.4219999872148037, 0.5405405312776566, 0.11999999731779099, 0.1621621549129486]",0.211304,pronghorn,antilocapra americana,0.119212,class,uncertain
data/inaturalist/images/ateles_species/inat_ateles_species_00208.jpg,inaturalist,,ateles_species,2,"[0.3978978991508484, 0.45399999618530273, 0.30930930376052856, 0.4560000002384186]",0.438965,grey-cheeked mangabey,lophocebus albigena,0.197367,order,uncertain
data/inaturalist/images/ateles_species/inat_ateles_species_00248.jpg,inaturalist,,ateles_species,1,"[0.5290000140666962, 0.5453333407640457, 0.25, 0.2800000011920929]",0.246582,american black bear,ursus americanus,0.525419,class,flag
data/inaturalist/images/ateles_species/inat_ateles_species_00409.jpg,inaturalist,,ateles_species,1,"[0.3100000023841858, 0.6786666661500931, 0.47600001096725464, 0.4560000002384186]",0.460938,southern plains gray langur,semnopithecus dussumieri,0.452555,order,flag
data/inaturalist/images/ateles_species/inat_ateles_species_00409.jpg,inaturalist,,ateles_species,2,"[0.289000004529953, 0.48666664958000183, 0.578000009059906, 0.6746666431427002]",0.417969,southern plains gray langur,semnopithecus dussumieri,0.505992,order,flag
data/inaturalist/images/ateles_species/inat_ateles_species_00421.jpg,inaturalist,,ateles_species,1,"[0.5020000040531158, 0.582666665315628, 0.7080000042915344, 0.8240000009536743]",0.306247,blue monkey,cercopithecus mitis,0.526274,order,flag
data/inaturalist/images/ateles_species/inat_ateles_species_00462.jpg,inaturalist,,ateles_species,1,"[0.46800000919029117, 0.4819999933242798, 0.9306666851043701, 0.9639999866485596]",0.379697,red-shanked douc langur,pygathrix nemaeus,0.14879,order,uncertain
data/inaturalist/images/ateles_species/inat_ateles_species_00569.jpg,inaturalist,,ateles_species,1,"[0.23599999397993088, 0.3829999938607216, 0.37599998712539673, 0.15399999916553497]",0.446533,domestic cattle,bos taurus,0.527716,class,flag
data/inaturalist/images/ateles_species/inat_ateles_species_00619.jpg,inaturalist,,ateles_species,1,"[0.3009999915957451, 0.24924925155937672, 0.3619999885559082, 0.4924924969673157]",0.33252,grey-cheeked mangabey,lophocebus albigena,0.778537,order,flag
data/inaturalist/images/ateles_species/inat_ateles_species_00655.jpg,inaturalist,,ateles_species,1,"[0.4502164423465729, 0.36900000274181366, 0.21645021438598633, 0.38600000739097595]",0.394043,domestic cattle,bos taurus,0.308204,class,flag
data/inaturalist/images/ateles_species/inat_ateles_species_00656.jpg,inaturalist,,ateles_species,1,"[0.3310000002384186, 0.4676724076271057, 0.34200000762939453, 0.45258620381355286]",0.464355,hatinh langur,trachypithecus hatinhensis,0.514718,order,flag
data/inaturalist/images/ateles_species/inat_ateles_species_00802.jpg,inaturalist,,ateles_species,2,"[0.6270000040531158, 0.5693333297967911, 0.4020000100135803, 0.4880000054836273]",0.225952,emperor tamarin,saguinus imperator,0.159632,order,uncertain
data/inaturalist/images/ateles_species/inat_ateles_species_00803.jpg,inaturalist,,ateles_species,1,"[0.6840000003576279, 0.5720000118017197, 0.3720000088214874, 0.42399999499320984]",0.258301,south american coati,nasua nasua,0.175173,class,uncertain
data/inaturalist/images/ateles_species/inat_ateles_species_00946.jpg,inaturalist,,ateles_species,1,"[0.46396395564079285, 0.3840000033378601, 0.3213213086128235, 0.2759999930858612]",0.236572,red squirrel,tamiasciurus hudsonicus,0.213497,class,uncertain
data/inaturalist/images/ateles_species/inat_ateles_species_01003.jpg,inaturalist,,ateles_species,1,"[0.3893333449959755, 0.3610000051558018, 0.24533332884311676, 0.6660000085830688]",0.378965,domestic cattle,bos taurus,0.776842,class,flag
data/inaturalist/images/ateles_species/inat_ateles_species_01144.jpg,inaturalist,,ateles_species,4,"[0.6710000038146973, 0.4773413836956024, 0.3700000047683716, 0.33836859464645386]",0.241821,northern plains gray langur,semnopithecus entellus,0.396362,order,flag
data/inaturalist/images/ateles_species/inat_ateles_species_01222.jpg,inaturalist,,ateles_species,1,"[0.44200000166893005, 0.664000004529953, 0.35600000619888306, 0.41600000858306885]",0.249756,eastern fox squirrel,sciurus niger,0.836928,class,flag
data/inaturalist/images/ateles_species/inat_ateles_species_01263.jpg,inaturalist,,ateles_species,1,"[0.4860000014305115, 0.6801801919937134, 0.5960000157356262, 0.3753753900527954]",0.348633,golden snub-nosed monkey,rhinopithecus roxellana,0.198188,order,uncertain
data/inaturalist/images/ateles_species/inat_ateles_species_01264.jpg,inaturalist,,ateles_species,1,"[0.6270000040531158, 0.3783783782273531, 0.27399998903274536, 0.7027027010917664]",0.254883,golden snub-nosed monkey,rhinopithecus roxellana,0.528152,order,flag
data/inaturalist/images/ateles_species/inat_ateles_species_01267.jpg,inaturalist,,ateles_species,1,"[0.5429999828338623, 0.7282282114028931, 0.421999990940094, 0.5255255103111267]",0.390137,maroon leaf monkey,presbytis rubicunda,0.224704,order,uncertain
data/inaturalist/images/ateles_species/inat_ateles_species_01271.jpg,inaturalist,,ateles_species,1,"[0.55799999833107, 0.744744747877121, 0.41200000047683716, 0.49849849939346313]",0.487793,maroon leaf monkey,presbytis rubicunda,0.179962,order,uncertain
data/inaturalist/images/ateles_species/inat_ateles_species_01271.jpg,inaturalist,,ateles_species,2,"[0.41099998354911804, 0.6591591686010361, 0.12999999523162842, 0.3333333432674408]",0.287354,human,homo sapiens,0.540303,order,flag
data/inaturalist/images/ateles_species/inat_ateles_species_01304.jpg,inaturalist,,ateles_species,1,"[0.8139999806880951, 0.6411411464214325, 0.328000009059906, 0.6816816926002502]",0.280762,domestic cattle,bos taurus,0.425078,class,flag
data/inaturalist/images/ateles_species/inat_ateles_species_01336.jpg,inaturalist,,ateles_species,2,"[0.3049999922513962, 0.18160919845104218, 0.4059999883174896, 0.36321839690208435]",0.284668,golden snub-nosed monkey,rhinopithecus roxellana,0.548266,order,flag
data/inaturalist/images/ateles_species/inat_ateles_species_01526.jpg,inaturalist,,ateles_species,2,"[0.6190000027418137, 0.5630630850791931, 0.27000001072883606, 0.3753753900527954]",0.323486,hatinh langur,trachypithecus hatinhensis,0.148708,order,uncertain
data/inaturalist/images/ateles_species/inat_ateles_species_01532.jpg,inaturalist,,ateles_species,2,"[0.6279999688267708, 0.7687687873840332, 0.19599999487400055, 0.40840840339660645]",0.250977,hatinh langur,trachypithecus hatinhensis,0.113255,order,uncertain
data/inaturalist/images/ateles_species/inat_ateles_species_01537.jpg,inaturalist,,ateles_species,1,"[0.36900000274181366, 0.7147147059440613, 0.4659999907016754, 0.4864864945411682]",0.421631,hatinh langur,trachypithecus hatinhensis,0.354464,order,flag
data/inaturalist/images/ateles_species/inat_ateles_species_01537.jpg,inaturalist,,ateles_species,2,"[0.47200000286102295, 0.3768768757581711, 0.18000000715255737, 0.24924924969673157]",0.386963,yellow-throated marten,martes flavigula,0.210269,class,uncertain
data/inaturalist/images/ateles_species/inat_ateles_species_01538.jpg,inaturalist,,ateles_species,1,"[0.4950000047683716, 0.5300300419330597, 0.28200000524520874, 0.8618618845939636]",0.393066,maroon leaf monkey,presbytis rubicunda,0.115011,order,uncertain
data/inaturalist/images/ateles_species/inat_ateles_species_01558.jpg,inaturalist,,ateles_species,1,"[0.3960000053048134, 0.5105105191469193, 0.2280000001192093, 0.5765765905380249]",0.464355,golden snub-nosed monkey,rhinopithecus roxellana,0.63799,order,flag
data/inaturalist/images/ateles_species/inat_ateles_species_01561.jpg,inaturalist,,ateles_species,2,"[0.5250000059604645, 0.41741740703582764, 0.27799999713897705, 0.7327327132225037]",0.232178,grey-cheeked mangabey,lophocebus albigena,0.340111,order,flag
data/inaturalist/images/ateles_species/inat_ateles_species_01563.jpg,inaturalist,,ateles_species,1,"[0.5020000040531158, 0.38288289308547974, 0.2639999985694885, 0.7657657861709595]",0.283203,bonnet macaque,macaca radiata,0.196755,order,uncertain
data/inaturalist/images/baboon_genus/inat_baboon_genus_00087.jpg,inaturalist,,baboon_genus,1,"[0.2620000019669533, 0.5287009179592133, 0.1720000058412552, 0.2598187327384949]",0.309082,white-tailed deer,odocoileus virginianus,0.400541,class,flag
data/inaturalist/images/baboon_genus/inat_baboon_genus_00347.jpg,inaturalist,,baboon_genus,1,"[0.5160000063478947, 0.4099099189043045, 0.08399999886751175, 0.2432432472705841]",0.481997,eastern gray squirrel,sciurus carolinensis,0.430032,class,flag
data/inaturalist/images/baboon_genus/inat_baboon_genus_00427.jpg,inaturalist,,baboon_genus,6,"[0.6270000040531158, 0.5706666633486748, 0.28200000524520874, 0.1066666692495346]",0.331869,white-tailed deer,odocoileus virginianus,0.188637,class,uncertain
data/inaturalist/images/baboon_genus/inat_baboon_genus_00427.jpg,inaturalist,,baboon_genus,7,"[0.6299999803304672, 0.6493333131074905, 0.30399999022483826, 0.25866666436195374]",0.265007,puma,puma concolor,0.213969,class,uncertain
data/inaturalist/images/baboon_genus/inat_baboon_genus_00533.jpg,inaturalist,,baboon_genus,3,"[0.502000018954277, 0.6366366297006607, 0.40400001406669617, 0.4564564526081085]",0.273682,margarita island capuchin,sapajus apella,0.272912,order,uncertain
data/inaturalist/images/baboon_genus/inat_baboon_genus_00534.jpg,inaturalist,,baboon_genus,3,"[0.37700000405311584, 0.5945945829153061, 0.12999999523162842, 0.36036035418510437]",0.224365,yellow-bellied marmot,marmota flaviventris,0.19505,class,uncertain
data/inaturalist/images/baboon_genus/inat_baboon_genus_00539.jpg,inaturalist,,baboon_genus,4,"[0.43699998408555984, 0.6186186000704765, 0.18199999630451202, 0.17417417466640472]",0.236206,eastern fox squirrel,sciurus niger,0.668267,class,flag
data/inaturalist/images/baboon_genus/inat_baboon_genus_00577.jpg,inaturalist,,baboon_genus,1,"[0.7729999721050262, 0.5080000124871731, 0.44999998807907104, 0.9626666903495789]",0.250122,coyote,canis latrans,0.336126,class,flag
data/inaturalist/images/baboon_genus/inat_baboon_genus_00646.jpg,inaturalist,,baboon_genus,2,"[0.3373333364725113, 0.5400000065565109, 0.2693333327770233, 0.18799999356269836]",0.367008,red fox,vulpes vulpes,0.525228,class,flag
data/inaturalist/images/baboon_genus/inat_baboon_genus_00900.jpg,inaturalist,,baboon_genus,1,"[0.25, 0.6310000121593475, 0.24712643027305603, 0.28200000524520874]",0.363037,wild boar,sus scrofa,0.340054,class,flag
data/inaturalist/images/baboon_genus/inat_baboon_genus_00944.jpg,inaturalist,,baboon_genus,1,"[0.375, 0.5479999929666519, 0.75, 0.8826666474342346]",0.434326,domestic cattle,bos taurus,0.115866,class,uncertain
data/inaturalist/images/baboon_genus/inat_baboon_genus_00945.jpg,inaturalist,,baboon_genus,1,"[0.4729999899864197, 0.7500000149011612, 0.39399999380111694, 0.4429824650287628]",0.328048,wild boar,sus scrofa,0.561497,class,flag
data/inaturalist/images/baboon_genus/inat_baboon_genus_00945.jpg,inaturalist,,baboon_genus,2,"[0.736999973654747, 0.4649122804403305, 0.3499999940395355, 0.5]",0.306885,wild boar,sus scrofa,0.315625,class,flag
data/inaturalist/images/baboon_genus/inat_baboon_genus_00946.jpg,inaturalist,,baboon_genus,1,"[0.49270832748152316, 0.44200000166893005, 0.981249988079071, 0.8840000033378601]",0.399121,domestic cattle,bos taurus,0.463801,class,flag
data/inaturalist/images/baboon_genus/inat_baboon_genus_00976.jpg,inaturalist,,baboon_genus,3,"[0.49800001084804535, 0.6133333444595337, 0.07199999690055847, 0.17599999904632568]",0.278049,white-tailed deer,odocoileus virginianus,0.342669,class,flag
data/inaturalist/images/baboon_genus/inat_baboon_genus_01019.jpg,inaturalist,,baboon_genus,1,"[0.7119999974966049, 0.35733333230018616, 0.2199999988079071, 0.40533334016799927]",0.240967,northern raccoon,procyon lotor,0.187742,class,uncertain
data/inaturalist/images/baboon_genus/inat_baboon_genus_01174.jpg,inaturalist,,baboon_genus,2,"[0.37299999594688416, 0.6924643814563751, 0.257999986410141, 0.3340122103691101]",0.283447,takin,budorcas taxicolor,0.314611,class,flag
data/inaturalist/images/baboon_genus/inat_baboon_genus_01391.jpg,inaturalist,,baboon_genus,2,"[0.4349999949336052, 0.4893333315849304, 0.16599999368190765, 0.2639999985694885]",0.461914,north american porcupine,erethizon dorsatum,0.426224,class,flag
data/inaturalist/images/baboon_genus/inat_baboon_genus_01412.jpg,inaturalist,,baboon_genus,2,"[0.873000018298626, 0.5301339328289032, 0.16599999368190765, 0.2522321343421936]",0.324707,douglas's squirrel,tamiasciurus douglasii,0.406979,class,flag
data/inaturalist/images/baboon_genus/inat_baboon_genus_01412.jpg,inaturalist,,baboon_genus,3,"[0.7640000283718109, 0.5279017984867096, 0.35600000619888306, 0.2790178656578064]",0.207275,brown bear,ursus arctos,0.13815,class,uncertain
data/inaturalist/images/baboon_genus/inat_baboon_genus_01756.jpg,inaturalist,,baboon_genus,1,"[0.23066666722297668, 0.6880000084638596, 0.3226666748523712, 0.2840000092983246]",0.435059,wild boar,sus scrofa,0.272039,class,uncertain
data/inaturalist/images/baboon_genus/inat_baboon_genus_01789.jpg,inaturalist,,baboon_genus,1,"[0.7020000293850899, 0.4699699729681015, 0.14000000059604645, 0.45945945382118225]",0.430092,common warthog,phacochoerus africanus,0.382254,class,flag
data/inaturalist/images/baboon_genus/inat_baboon_genus_01868.jpg,inaturalist,,baboon_genus,1,"[0.4440000131726265, 0.5199999958276749, 0.1679999977350235, 0.3466666638851166]",0.480225,douglas's squirrel,tamiasciurus douglasii,0.182564,class,uncertain
data/inaturalist/images/baboon_genus/inat_baboon_genus_01872.jpg,inaturalist,,baboon_genus,4,"[0.7639999762177467, 0.3753753751516342, 0.20000000298023224, 0.2522522509098053]",0.223022,wild boar,sus scrofa,0.118832,class,uncertain
data/inaturalist/images/baboon_genus/inat_baboon_genus_02156.jpg,inaturalist,,baboon_genus,1,"[0.346000000834465, 0.6006006002426147, 0.40400001406669617, 0.7867867946624756]",0.313477,domestic cattle,bos taurus,0.727281,class,flag
data/inaturalist/images/baboon_genus/inat_baboon_genus_02163.jpg,inaturalist,,baboon_genus,1,"[0.636000007390976, 0.6266666650772095, 0.35199999809265137, 0.656000018119812]",0.330078,common warthog,phacochoerus africanus,0.22825,class,uncertain
data/inaturalist/images/baboon_genus/inat_baboon_genus_02231.jpg,inaturalist,,baboon_genus,1,"[0.3240000084042549, 0.6419939547777176, 0.1120000034570694, 0.335347443819046]",0.402147,eastern gray squirrel,sciurus carolinensis,0.832984,class,flag
data/inaturalist/images/baboon_genus/inat_baboon_genus_02299.jpg,inaturalist,,baboon_genus,2,"[0.24000000208616257, 0.22969188168644905, 0.15600000321865082, 0.3473389446735382]",0.418985,coyote,canis latrans,0.522135,class,flag
data/inaturalist/images/baboon_genus/inat_baboon_genus_02299.jpg,inaturalist,,baboon_genus,3,"[0.1599999964237213, 0.34873950853943825, 0.3199999928474426, 0.5854341983795166]",0.265991,swamp wallaby,wallabia bicolor,0.709235,class,flag
data/inaturalist/images/baird's_tapir/inat_baird's_tapir_00054.jpg,inaturalist,,baird's_tapir,1,"[0.2199999988079071, 0.5919999927282333, 0.4399999976158142, 0.42133334279060364]",0.262939,wild boar,sus scrofa,0.746528,class,flag
data/inaturalist/images/beaver_genus/inat_beaver_genus_00098.jpg,inaturalist,,beaver_genus,1,"[0.2639999985694885, 0.6613333374261856, 0.527999997138977, 0.36800000071525574]",0.316341,capybara,hydrochoerus hydrochaeris,0.589443,order,flag
data/inaturalist/images/beaver_genus/inat_beaver_genus_00542.jpg,inaturalist,,beaver_genus,1,"[0.5013333410024643, 0.26300000748597085, 0.2666666805744171, 0.5220000147819519]",0.487061,red deer,cervus elaphus,0.374926,class,flag
data/inaturalist/images/beaver_genus/inat_beaver_genus_00813.jpg,inaturalist,,beaver_genus,1,"[0.2879999876022339, 0.5765765756368637, 0.5759999752044678, 0.13813814520835876]",0.362549,nutria,myocastor coypus,0.728899,order,flag
data/inaturalist/images/beaver_genus/inat_beaver_genus_00834.jpg,inaturalist,,beaver_genus,1,"[0.6800000071525574, 0.40666666626930237, 0.6399999856948853, 0.42399999499320984]",0.479736,nutria,myocastor coypus,0.574485,order,flag
data/inaturalist/images/beaver_genus/inat_beaver_genus_00905.jpg,inaturalist,,beaver_genus,1,"[0.39499999582767487, 0.46266666799783707, 0.23800000548362732, 0.21066667139530182]",0.357666,nutria,myocastor coypus,0.436099,order,flag
data/inaturalist/images/beaver_genus/inat_beaver_genus_01376.jpg,inaturalist,,beaver_genus,1,"[0.19699999690055847, 0.3973333239555359, 0.39399999380111694, 0.3253333270549774]",0.308594,nutria,myocastor coypus,0.468394,order,flag
data/inaturalist/images/beaver_genus/inat_beaver_genus_01853.jpg,inaturalist,,beaver_genus,1,"[0.18299999833106995, 0.5075074955821037, 0.25, 0.17417417466640472]",0.218628,nutria,myocastor coypus,0.547101,order,flag
data/inaturalist/images/beaver_genus/inat_beaver_genus_02400.jpg,inaturalist,,beaver_genus,1,"[0.20800000429153442, 0.6006005927920341, 0.41600000858306885, 0.17417417466640472]",0.366943,nutria,myocastor coypus,0.336082,order,flag
data/inaturalist/images/beaver_genus/inat_beaver_genus_02594.jpg,inaturalist,,beaver_genus,1,"[0.7820000052452087, 0.2800000011920929, 0.4359999895095825, 0.335999995470047]",0.440918,domestic horse,equus caballus,0.213069,class,uncertain
data/inaturalist/images/beaver_genus/inat_beaver_genus_02826.jpg,inaturalist,,beaver_genus,1,"[0.6419999971985817, 0.35585585981607437, 0.2280000001192093, 0.4954954981803894]",0.467529,nutria,myocastor coypus,0.652892,order,flag
data/inaturalist/images/beaver_genus/inat_beaver_genus_03029.jpg,inaturalist,,beaver_genus,1,"[0.30399999022483826, 0.46846846491098404, 0.6079999804496765, 0.12612612545490265]",0.237549,nutria,myocastor coypus,0.392737,order,flag
data/inaturalist/images/beaver_genus/inat_beaver_genus_03281.jpg,inaturalist,,beaver_genus,1,"[0.4750000089406967, 0.37387387454509735, 0.4059999883174896, 0.4654654562473297]",0.213379,nutria,myocastor coypus,0.466531,order,flag
data/inaturalist/images/beaver_genus/inat_beaver_genus_03389.jpg,inaturalist,,beaver_genus,1,"[0.8200000077486038, 0.24133333517238498, 0.335999995470047, 0.47733333706855774]",0.285993,black agouti,dasyprocta fuliginosa,0.145473,order,uncertain
data/inaturalist/images/bighorn_sheep/inat_bighorn_sheep_00194.jpg,inaturalist,,bighorn_sheep,1,"[0.07199999690055847, 0.8413333147764206, 0.14399999380111694, 0.31200000643730164]",0.428327,human,homo sapiens,0.422593,class,flag
data/inaturalist/images/bighorn_sheep/inat_bighorn_sheep_00435.jpg,inaturalist,,bighorn_sheep,5,"[0.42800000309944153, 0.7773333191871643, 0.25999999046325684, 0.40799999237060547]",0.270508,mule deer,odocoileus hemionus,0.490075,order,flag
data/inaturalist/images/bighorn_sheep/inat_bighorn_sheep_00675.jpg,inaturalist,,bighorn_sheep,11,"[0.7929999902844429, 0.7116788327693939, 0.09399999678134918, 0.15815085172653198]",0.457296,pronghorn,antilocapra americana,0.293875,order,uncertain
data/inaturalist/images/bighorn_sheep/inat_bighorn_sheep_00695.jpg,inaturalist,,bighorn_sheep,3,"[0.07000000029802322, 0.7597597390413284, 0.14000000059604645, 0.46846845746040344]",0.476318,pronghorn,antilocapra americana,0.362363,order,flag
data/inaturalist/images/bighorn_sheep/inat_bighorn_sheep_00720.jpg,inaturalist,,bighorn_sheep,1,"[0.4489999860525131, 0.6200000047683716, 0.4779999852180481, 0.5360000133514404]",0.311035,white-tailed deer,odocoileus virginianus,0.457796,order,flag
data/inaturalist/images/bighorn_sheep/inat_bighorn_sheep_00728.jpg,inaturalist,,bighorn_sheep,6,"[0.786000020802021, 0.6786786764860153, 0.14000000059604645, 0.4564564526081085]",0.237549,pronghorn,antilocapra americana,0.574767,order,flag
data/inaturalist/images/bighorn_sheep/inat_bighorn_sheep_00862.jpg,inaturalist,,bighorn_sheep,6,"[0.7840000167489052, 0.5079999938607216, 0.07999999821186066, 0.18933333456516266]",0.380917,mule deer,odocoileus hemionus,0.880832,order,flag
data/inaturalist/images/bighorn_sheep/inat_bighorn_sheep_00975.jpg,inaturalist,,bighorn_sheep,1,"[0.3830000013113022, 0.4414414316415787, 0.4059999883174896, 0.5465465188026428]",0.210815,reindeer,rangifer tarandus,0.532991,order,flag
data/inaturalist/images/bighorn_sheep/inat_bighorn_sheep_01238.jpg,inaturalist,,bighorn_sheep,4,"[0.5279999896883965, 0.544843040406704, 0.12399999797344208, 0.13901345431804657]",0.218018,mule deer,odocoileus hemionus,0.886379,order,flag
data/inaturalist/images/bighorn_sheep/inat_bighorn_sheep_01242.jpg,inaturalist,,bighorn_sheep,4,"[0.4429999887943268, 0.5866666585206985, 0.1899999976158142, 0.2933333218097687]",0.475342,mule deer,odocoileus hemionus,0.368338,order,flag
data/inaturalist/images/bighorn_sheep/inat_bighorn_sheep_01247.jpg,inaturalist,,bighorn_sheep,1,"[0.4970000088214874, 0.5586666613817215, 0.3140000104904175, 0.25866666436195374]",0.423096,mule deer,odocoileus hemionus,0.41152,order,flag
data/inaturalist/images/bighorn_sheep/inat_bighorn_sheep_01247.jpg,inaturalist,,bighorn_sheep,2,"[0.15600000321865082, 0.8080000281333923, 0.18400000035762787, 0.218666672706604]",0.308838,pronghorn,antilocapra americana,0.824695,order,flag
data/inaturalist/images/bighorn_sheep/inat_bighorn_sheep_01263.jpg,inaturalist,,bighorn_sheep,1,"[0.39900000020861626, 0.5026595667004585, 0.12200000137090683, 0.13829787075519562]",0.259277,pronghorn,antilocapra americana,0.435001,order,flag
data/inaturalist/images/bighorn_sheep/inat_bighorn_sheep_01302.jpg,inaturalist,,bighorn_sheep,2,"[0.2880000025033951, 0.6186666637659073, 0.17599999904632568, 0.1599999964237213]",0.333496,elk,cervus canadensis,0.303366,order,flag
data/inaturalist/images/bighorn_sheep/inat_bighorn_sheep_01322.jpg,inaturalist,,bighorn_sheep,1,"[0.6099999994039536, 0.5902777761220932, 0.4000000059604645, 0.39814814925193787]",0.38501,red deer,cervus elaphus,0.168927,order,uncertain
data/inaturalist/images/bighorn_sheep/inat_bighorn_sheep_01478.jpg,inaturalist,,bighorn_sheep,2,"[0.8319999873638153, 0.8133333176374435, 0.328000009059906, 0.36800000071525574]",0.492676,mule deer,odocoileus hemionus,0.529883,order,flag
data/inaturalist/images/bighorn_sheep/inat_bighorn_sheep_01683.jpg,inaturalist,,bighorn_sheep,5,"[0.22074468433856964, 0.4750000089406967, 0.19148936867713928, 0.23399999737739563]",0.421631,mule deer,odocoileus hemionus,0.403917,order,flag
data/inaturalist/images/bighorn_sheep/inat_bighorn_sheep_01709.jpg,inaturalist,,bighorn_sheep,1,"[0.5380000025033951, 0.5331262946128845, 0.7360000014305115, 0.7349896430969238]",0.424316,mule deer,odocoileus hemionus,0.969183,order,flag
data/inaturalist/images/bighorn_sheep/inat_bighorn_sheep_01709.jpg,inaturalist,,bighorn_sheep,2,"[0.3779999911785126, 0.6780538260936737, 0.7559999823570251, 0.6273291707038879]",0.388428,mule deer,odocoileus hemionus,0.978416,order,flag
data/inaturalist/images/bighorn_sheep/inat_bighorn_sheep_01711.jpg,inaturalist,,bighorn_sheep,1,"[0.4042316172271967, 0.46299999952316284, 0.7772828340530396, 0.6620000004768372]",0.322754,mule deer,odocoileus hemionus,0.88366,order,flag
data/inaturalist/images/bighorn_sheep/inat_bighorn_sheep_01752.jpg,inaturalist,,bighorn_sheep,2,"[0.5130000114440918, 0.8062499910593033, 0.3140000104904175, 0.2175000011920929]",0.491211,coyote,canis latrans,0.315466,class,flag
data/inaturalist/images/bighorn_sheep/inat_bighorn_sheep_01752.jpg,inaturalist,,bighorn_sheep,3,"[0.7839999794960022, 0.6162500083446503, 0.3799999952316284, 0.6175000071525574]",0.205444,pronghorn,antilocapra americana,0.551118,order,flag
data/inaturalist/images/bighorn_sheep/inat_bighorn_sheep_01831.jpg,inaturalist,,bighorn_sheep,1,"[0.4959999918937683, 0.16375000029802322, 0.5199999809265137, 0.23749999701976776]",0.216357,pronghorn,antilocapra americana,0.285192,order,uncertain
data/inaturalist/images/bighorn_sheep/inat_bighorn_sheep_02218.jpg,inaturalist,,bighorn_sheep,2,"[0.15199999511241913, 0.46133333444595337, 0.14399999380111694, 0.2613333463668823]",0.373047,white-tailed deer,odocoileus virginianus,0.709403,order,flag
data/inaturalist/images/bighorn_sheep/inat_bighorn_sheep_02358.jpg,inaturalist,,bighorn_sheep,3,"[0.09099999815225601, 0.439999982714653, 0.18199999630451202, 0.31466665863990784]",0.285645,red deer,cervus elaphus,0.277099,order,uncertain
data/inaturalist/images/bighorn_sheep/inat_bighorn_sheep_02572.jpg,inaturalist,,bighorn_sheep,4,"[0.23466666042804718, 0.35899999737739563, 0.14399999380111694, 0.10199999809265137]",0.472656,red deer,cervus elaphus,0.664365,order,flag
data/inaturalist/images/bighorn_sheep/inat_bighorn_sheep_02588.jpg,inaturalist,,bighorn_sheep,1,"[0.875, 0.6826666593551636, 0.25, 0.6133333444595337]",0.49707,white-tailed deer,odocoileus virginianus,0.368095,order,flag
data/inaturalist/images/bighorn_sheep/inat_bighorn_sheep_02666.jpg,inaturalist,,bighorn_sheep,1,"[0.10899999737739563, 0.34730539843440056, 0.21799999475479126, 0.688622772693634]",0.307711,red deer,cervus elaphus,0.181391,order,uncertain
data/inaturalist/images/bighorn_sheep/inat_bighorn_sheep_02715.jpg,inaturalist,,bighorn_sheep,1,"[0.36200001440010965, 0.5066666603088379, 0.7200000286102295, 0.7519999742507935]",0.356689,domestic dog,canis familiaris,0.263406,class,uncertain
data/inaturalist/images/bighorn_sheep/inat_bighorn_sheep_02772.jpg,inaturalist,,bighorn_sheep,5,"[0.4790000095963478, 0.4834834933280945, 0.1860000044107437, 0.3003003001213074]",0.484131,pronghorn,antilocapra americana,0.755061,order,flag
data/inaturalist/images/bighorn_sheep/inat_bighorn_sheep_02809.jpg,inaturalist,,bighorn_sheep,3,"[0.5850000083446503, 0.871999979019165, 0.21799999475479126, 0.218666672706604]",0.363525,mule deer,odocoileus hemionus,0.166876,order,uncertain
data/inaturalist/images/bighorn_sheep/inat_bighorn_sheep_02876.jpg,inaturalist,,bighorn_sheep,2,"[0.21000000089406967, 0.4774774760007858, 0.1720000058412552, 0.24624624848365784]",0.499023,wild boar,sus scrofa,0.128077,order,uncertain
data/inaturalist/images/black_wildebeest/inat_black_wildebeest_00157.jpg,inaturalist,,black_wildebeest,4,"[0.22200001031160355, 0.46000000089406967, 0.1720000058412552, 0.1626666635274887]",0.379395,white-tailed deer,odocoileus virginianus,0.223271,order,uncertain
data/inaturalist/images/blackbuck/inat_blackbuck_00035.jpg,inaturalist,,blackbuck,4,"[0.27399999648332596, 0.6291291266679764, 0.21199999749660492, 0.24924924969673157]",0.247681,white-tailed deer,odocoileus virginianus,0.212159,no_match,uncertain
data/inaturalist/images/blackbuck/inat_blackbuck_00064.jpg,inaturalist,,blackbuck,1,"[0.9469999931752682, 0.3341176472604275, 0.10599999874830246, 0.6070588231086731]",0.436279,white-tailed deer,odocoileus virginianus,0.226591,no_match,uncertain
data/inaturalist/images/blackbuck/inat_blackbuck_00067.jpg,inaturalist,,blackbuck,2,"[0.26999999955296516, 0.22822822630405426, 0.08399999886751175, 0.1501501500606537]",0.479004,thomson's gazelle,eudorcas thomsonii,0.464123,no_match,flag
data/inaturalist/images/blackbuck/inat_blackbuck_00067.jpg,inaturalist,,blackbuck,3,"[0.1680000051856041, 0.15465465188026428, 0.1120000034570694, 0.13513512909412384]",0.437042,grant's gazelle,nanger granti,0.394868,no_match,flag
data/inaturalist/images/blackbuck/inat_blackbuck_00067.jpg,inaturalist,,blackbuck,5,"[0.696999978274107, 0.19069068878889084, 0.12200000137090683, 0.15915915369987488]",0.261475,thomson's gazelle,eudorcas thomsonii,0.415266,no_match,flag
data/inaturalist/images/blackbuck/inat_blackbuck_00067.jpg,inaturalist,,blackbuck,6,"[0.5869999714195728, 0.18168167769908905, 0.11400000005960464, 0.18318317830562592]",0.217057,impala,aepyceros melampus,0.275908,no_match,uncertain
data/inaturalist/images/blackbuck/inat_blackbuck_00068.jpg,inaturalist,,blackbuck,3,"[0.44499998912215233, 0.32732731476426125, 0.10599999874830246, 0.10810811072587967]",0.286237,thomson's gazelle,eudorcas thomsonii,0.456006,no_match,flag
data/inaturalist/images/blackbuck/inat_blackbuck_00068.jpg,inaturalist,,blackbuck,4,"[0.2160000056028366, 0.32732731476426125, 0.13199999928474426, 0.10810811072587967]",0.257931,blesbok,damaliscus pygargus,0.162272,no_match,uncertain
data/inaturalist/images/blackbuck/inat_blackbuck_00070.jpg,inaturalist,,blackbuck,3,"[0.04699999839067459, 0.4924924820661545, 0.09399999678134918, 0.15615615248680115]",0.497559,grant's gazelle,nanger granti,0.183462,no_match,uncertain
data/inaturalist/images/blackbuck/inat_blackbuck_00070.jpg,inaturalist,,blackbuck,4,"[0.13699999824166298, 0.4474474526941776, 0.12200000137090683, 0.11411411315202713]",0.359619,common fallow deer,dama dama,0.485489,no_match,flag
data/inaturalist/images/blackbuck/inat_blackbuck_00070.jpg,inaturalist,,blackbuck,5,"[0.306999996304512, 0.490990974009037, 0.1459999978542328, 0.23723722994327545]",0.20752,grant's gazelle,nanger granti,0.443436,no_match,flag
data/inaturalist/images/blackbuck/inat_blackbuck_00074.jpg,inaturalist,,blackbuck,2,"[0.4546666592359543, 0.6459999978542328, 0.2693333327770233, 0.7039999961853027]",0.214355,white-tailed deer,odocoileus virginianus,0.43753,no_match,flag
data/inaturalist/images/blackbuck/inat_blackbuck_00324.jpg,inaturalist,,blackbuck,3,"[0.3700000047683716, 0.8663663417100906, 0.23199999332427979, 0.26726725697517395]",0.466797,white-tailed deer,odocoileus virginianus,0.404616,no_match,flag
data/inaturalist/images/blesbok/inat_blesbok_00218.jpg,inaturalist,,blesbok,6,"[0.4350000023841858, 0.5044910162687302, 0.12999999523162842, 0.200598806142807]",0.343018,white-tailed deer,odocoileus virginianus,0.418236,order,flag
data/inaturalist/images/blesbok/inat_blesbok_00527.jpg,inaturalist,,blesbok,7,"[0.6680000126361847, 0.5813704431056976, 0.35199999809265137, 0.3361884355545044]",0.483887,domestic horse,equus caballus,0.179958,class,uncertain
data/inaturalist/images/bobcat/inat_bobcat_00166.jpg,inaturalist,,bobcat,1,"[0.15600000321865082, 0.6126126199960709, 0.20000000298023224, 0.45045045018196106]",0.221313,eastern gray squirrel,sciurus carolinensis,0.440128,class,flag
data/inaturalist/images/bornean_orangutan/inat_bornean_orangutan_00095.jpg,inaturalist,,bornean_orangutan,1,"[0.3330000042915344, 0.30000001192092896, 0.39800000190734863, 0.3440000116825104]",0.476318,maroon leaf monkey,presbytis rubicunda,0.292683,order,uncertain
data/inaturalist/images/bornean_orangutan/inat_bornean_orangutan_00101.jpg,inaturalist,,bornean_orangutan,1,"[0.3179999962449074, 0.6141141355037689, 0.19599999487400055, 0.6636636853218079]",0.398536,maroon leaf monkey,presbytis rubicunda,0.383332,order,flag
data/inaturalist/images/bornean_orangutan/inat_bornean_orangutan_00106.jpg,inaturalist,,bornean_orangutan,1,"[0.7800000011920929, 0.5744680911302567, 0.4399999976158142, 0.8212766051292419]",0.256711,domestic cattle,bos taurus,0.357403,class,flag
data/inaturalist/images/bornean_orangutan/inat_bornean_orangutan_00292.jpg,inaturalist,,bornean_orangutan,2,"[0.48100000619888306, 0.7730000019073486, 0.9620000123977661, 0.45399999618530273]",0.33571,american bison,bison bison,0.323878,class,flag
data/inaturalist/images/bornean_orangutan/inat_bornean_orangutan_00306.jpg,inaturalist,,bornean_orangutan,1,"[0.47599999606609344, 0.6520000100135803, 0.2906666696071625, 0.25999999046325684]",0.447754,domestic cattle,bos taurus,0.483154,class,flag
data/inaturalist/images/brown-throated_sloth/inat_brown-throated_sloth_00345.jpg,inaturalist,,brown-throated_sloth,2,"[0.5560000091791153, 0.7553475797176361, 0.30399999022483826, 0.40374332666397095]",0.394775,black-and-gold howler monkey,alouatta caraya,0.080463,class,uncertain
data/inaturalist/images/brown-throated_sloth/inat_brown-throated_sloth_00346.jpg,inaturalist,,brown-throated_sloth,2,"[0.4171123057603836, 0.2740000067278743, 0.5828877091407776, 0.5360000133514404]",0.238159,olive baboon,papio anubis,0.479533,class,flag
data/inaturalist/images/brown-throated_sloth/inat_brown-throated_sloth_00860.jpg,inaturalist,,brown-throated_sloth,1,"[0.1379999965429306, 0.778554767370224, 0.23999999463558197, 0.43822842836380005]",0.383057,domestic goat,capra aegagrus hircus,0.860468,class,flag
data/inaturalist/images/brown-throated_sloth/inat_brown-throated_sloth_00860.jpg,inaturalist,,brown-throated_sloth,2,"[0.35999999940395355, 0.4568764604628086, 0.328000009059906, 0.8205128312110901]",0.381104,domestic goat,capra aegagrus hircus,0.373392,class,flag
data/inaturalist/images/brown-throated_sloth/inat_brown-throated_sloth_01056.jpg,inaturalist,,brown-throated_sloth,1,"[0.43700000643730164, 0.5030030012130737, 0.39800000190734863, 0.5195195078849792]",0.475586,macaque species,macaca,0.1724,class,uncertain
data/inaturalist/images/brown-throated_sloth/inat_brown-throated_sloth_01175.jpg,inaturalist,,brown-throated_sloth,2,"[0.19999999925494194, 0.3920000046491623, 0.3240000009536743, 0.3413333296775818]",0.353271,domestic cattle,bos taurus,0.835903,class,flag
data/inaturalist/images/brown-throated_sloth/inat_brown-throated_sloth_01575.jpg,inaturalist,,brown-throated_sloth,1,"[0.41100000124424696, 0.5240000113844872, 0.8100000023841858, 0.9413333535194397]",0.368228,sambar,rusa unicolor,0.160802,class,uncertain
data/inaturalist/images/brown_bear/inat_brown_bear_00428.jpg,inaturalist,,brown_bear,1,"[0.7000000290572643, 0.5373333171010017, 0.1080000028014183, 0.15733332931995392]",0.320801,domestic cattle,bos taurus,0.855066,class,flag
data/inaturalist/images/brown_bear/inat_brown_bear_00446.jpg,inaturalist,,brown_bear,1,"[0.7372372150421143, 0.4270000159740448, 0.5255255103111267, 0.28200000524520874]",0.377197,mule deer,odocoileus hemionus,0.356664,class,flag
data/inaturalist/images/brown_bear/inat_brown_bear_00447.jpg,inaturalist,,brown_bear,1,"[0.7312312126159668, 0.4610000178217888, 0.5315315127372742, 0.20200000703334808]",0.270264,red deer,cervus elaphus,0.330887,class,flag
data/inaturalist/images/brown_bear/inat_brown_bear_00834.jpg,inaturalist,,brown_bear,2,"[0.7220000252127647, 0.3123123049736023, 0.15199999511241913, 0.3243243098258972]",0.202881,red deer,cervus elaphus,0.362373,class,flag
data/inaturalist/images/brown_bear/inat_brown_bear_01800.jpg,inaturalist,,brown_bear,1,"[0.17000000178813934, 0.5253333449363708, 0.3400000035762787, 0.6880000233650208]",0.304932,domestic cattle,bos taurus,0.405676,class,flag
data/inaturalist/images/california_ground_squirrel/inat_california_ground_squirrel_01713.jpg,inaturalist,,california_ground_squirrel,1,"[0.5799999833106995, 0.5828313231468201, 0.37599998712539673, 0.5572289228439331]",0.258789,elk,cervus canadensis,0.27329,class,uncertain
data/inaturalist/images/callicebus_genus/inat_callicebus_genus_00018.jpg,inaturalist,,callicebus_genus,1,"[0.3478260934352875, 0.3540000021457672, 0.539130449295044, 0.42800000309944153]",0.288086,domestic cattle,bos taurus,0.131872,class,uncertain
data/inaturalist/images/callicebus_genus/inat_callicebus_genus_00019.jpg,inaturalist,,callicebus_genus,1,"[0.5050000101327896, 0.3687500059604645, 0.23800000548362732, 0.3774999976158142]",0.250244,domestic cattle,bos taurus,0.280801,class,uncertain
data/inaturalist/images/callicebus_genus/inat_callicebus_genus_00031.jpg,inaturalist,,callicebus_genus,1,"[0.37200000137090683, 0.3969999998807907, 0.1626666635274887, 0.4059999883174896]",0.368408,eastern fox squirrel,sciurus niger,0.47251,class,flag
data/inaturalist/images/callicebus_genus/inat_callicebus_genus_00031.jpg,inaturalist,,callicebus_genus,2,"[0.5199999958276749, 0.5149999931454659, 0.2133333384990692, 0.21400000154972076]",0.205933,golden snub-nosed monkey,rhinopithecus roxellana,0.376327,order,flag
data/inaturalist/images/callithrix_species/inat_callithrix_species_00001.jpg,inaturalist,,callithrix_species,3,"[0.21800000593066216, 0.30180180072784424, 0.3440000116825104, 0.35735735297203064]",0.316895,red-cheeked squirrel,dremomys rufigenis,0.335046,class,flag
data/inaturalist/images/callithrix_species/inat_callithrix_species_00001.jpg,inaturalist,,callithrix_species,4,"[0.5719999894499779, 0.35285285115242004, 0.21199999749660492, 0.4114114046096802]",0.284912,eastern gray squirrel,sciurus carolinensis,0.247459,class,uncertain
data/inaturalist/images/callithrix_species/inat_callithrix_species_00009.jpg,inaturalist,,callithrix_species,1,"[0.42553192377090454, 0.40700000524520874, 0.4095744788646698, 0.3140000104904175]",0.269287,margarita island capuchin,sapajus apella,0.171193,order,uncertain
data/inaturalist/images/callithrix_species/inat_callithrix_species_00094.jpg,inaturalist,,callithrix_species,1,"[0.7439999878406525, 0.7048968970775604, 0.47600001096725464, 0.5850515365600586]",0.480469,douglas's squirrel,tamiasciurus douglasii,0.135132,class,uncertain
data/inaturalist/images/callithrix_species/inat_callithrix_species_00154.jpg,inaturalist,,callithrix_species,1,"[0.4433962404727936, 0.2540000081062317, 0.5613207817077637, 0.40400001406669617]",0.25305,domestic cat,felis catus,0.450349,class,flag
data/inaturalist/images/callithrix_species/inat_callithrix_species_00161.jpg,inaturalist,,callithrix_species,1,"[0.28600000124424696, 0.5, 0.5600000023841858, 1.0]",0.205832,carruther's mountain squirrel,funisciurus carruthersi,0.256793,class,uncertain
data/inaturalist/images/callithrix_species/inat_callithrix_species_00246.jpg,inaturalist,,callithrix_species,1,"[0.38100001215934753, 0.6520000100135803, 0.27000001072883606, 0.5839999914169312]",0.329024,douglas's squirrel,tamiasciurus douglasii,0.877415,class,flag
data/inaturalist/images/callithrix_species/inat_callithrix_species_00249.jpg,inaturalist,,callithrix_species,1,"[0.39338235557079315, 0.3009999990463257, 0.2867647111415863, 0.32600000500679016]",0.316895,eastern gray squirrel,sciurus carolinensis,0.855202,class,flag
data/inaturalist/images/callithrix_species/inat_callithrix_species_00360.jpg,inaturalist,,callithrix_species,2,"[0.32266665995121, 0.4840000122785568, 0.4906666576862335, 0.24799999594688416]",0.21936,eastern gray squirrel,sciurus carolinensis,0.193782,class,uncertain
data/inaturalist/images/callithrix_species/inat_callithrix_species_00361.jpg,inaturalist,,callithrix_species,1,"[0.5053333342075348, 0.49900001287460327, 0.3386666774749756, 0.27799999713897705]",0.385254,milne-edwards' macaque,macaca thibetana,0.199914,order,uncertain
data/inaturalist/images/callithrix_species/inat_callithrix_species_00434.jpg,inaturalist,,callithrix_species,1,"[0.6260000169277191, 0.19452887028455734, 0.35600000619888306, 0.24924011528491974]",0.395264,douglas's squirrel,tamiasciurus douglasii,0.290064,class,uncertain
data/inaturalist/images/callithrix_species/inat_callithrix_species_00460.jpg,inaturalist,,callithrix_species,1,"[0.5020000040531158, 0.3880000114440918, 0.17599999904632568, 0.2639999985694885]",0.464355,primate,,0.149507,order,uncertain
data/inaturalist/images/callithrix_species/inat_callithrix_species_00529.jpg,inaturalist,,callithrix_species,2,"[0.20050125941634178, 0.2880000025033951, 0.2857142984867096, 0.23199999332427979]",0.486084,domestic cat,felis catus,0.976649,class,flag
data/inaturalist/images/callithrix_species/inat_callithrix_species_00529.jpg,inaturalist,,callithrix_species,3,"[0.2957393489778042, 0.2330000028014183, 0.4761904776096344, 0.33799999952316284]",0.38208,domestic cat,felis catus,0.14913,class,uncertain
data/inaturalist/images/callithrix_species/inat_callithrix_species_00533.jpg,inaturalist,,callithrix_species,2,"[0.6600000262260437, 0.35066667199134827, 0.20399999618530273, 0.30133333802223206]",0.267203,domestic cat,felis catus,0.445999,class,flag
data/inaturalist/images/callithrix_species/inat_callithrix_species_00558.jpg,inaturalist,,callithrix_species,1,"[0.5990000069141388, 0.4489489495754242, 0.33399999141693115, 0.45945945382118225]",0.477539,canada lynx,lynx canadensis,0.109964,class,uncertain
data/inaturalist/images/callithrix_species/inat_callithrix_species_00676.jpg,inaturalist,,callithrix_species,1,"[0.541999988257885, 0.335999995470047, 0.2160000056028366, 0.25200000405311584]",0.263184,eastern gray squirrel,sciurus carolinensis,0.803768,class,flag
data/inaturalist/images/callithrix_species/inat_callithrix_species_00683.jpg,inaturalist,,callithrix_species,1,"[0.5239999890327454, 0.43399999290704727, 0.14800000190734863, 0.20000000298023224]",0.37207,eastern gray squirrel,sciurus carolinensis,0.537586,class,flag
data/inaturalist/images/callithrix_species/inat_callithrix_species_00698.jpg,inaturalist,,callithrix_species,2,"[0.31599999219179153, 0.5173333138227463, 0.46399998664855957, 0.30399999022483826]",0.203247,eastern gray squirrel,sciurus carolinensis,0.44169,class,flag
data/inaturalist/images/callithrix_species/inat_callithrix_species_00699.jpg,inaturalist,,callithrix_species,1,"[0.5539999753236771, 0.6239999979734421, 0.10400000214576721, 0.41066667437553406]",0.256348,eastern gray squirrel,sciurus carolinensis,0.520401,class,flag
data/inaturalist/images/callithrix_species/inat_callithrix_species_00699.jpg,inaturalist,,callithrix_species,2,"[0.4400000125169754, 0.41333332657814026, 0.30799999833106995, 0.6079999804496765]",0.218384,ruwenzori sun squirrel,heliosciurus ruwenzorii,0.130197,class,uncertain
data/inaturalist/images/callithrix_species/inat_callithrix_species_00701.jpg,inaturalist,,callithrix_species,1,"[0.721999991685152, 0.41333332657814026, 0.10000000149011612, 0.36266666650772095]",0.44165,eastern gray squirrel,sciurus carolinensis,0.482152,class,flag
data/inaturalist/images/callithrix_species/inat_callithrix_species_00716.jpg,inaturalist,,callithrix_species,1,"[0.4564564377069473, 0.21900000423192978, 0.2642642557621002, 0.26600000262260437]",0.489746,blue monkey,cercopithecus mitis,0.127816,order,uncertain
data/inaturalist/images/callithrix_species/inat_callithrix_species_00791.jpg,inaturalist,,callithrix_species,1,"[0.7190000116825104, 0.5079999938607216, 0.49000000953674316, 0.2213333398103714]",0.227173,arizona black-tailed prairie dog,cynomys ludovicianus,0.186571,class,uncertain
data/inaturalist/images/callithrix_species/inat_callithrix_species_00793.jpg,inaturalist,,callithrix_species,1,"[0.125, 0.6319999992847443, 0.25, 0.2879999876022339]",0.428502,yellow-bellied marmot,marmota flaviventris,0.493867,class,flag
data/inaturalist/images/callithrix_species/inat_callithrix_species_00794.jpg,inaturalist,,callithrix_species,3,"[0.18200000375509262, 0.3773333430290222, 0.2680000066757202, 0.25333333015441895]",0.498535,eastern gray squirrel,sciurus carolinensis,0.433506,class,flag
data/inaturalist/images/callithrix_species/inat_callithrix_species_00795.jpg,inaturalist,,callithrix_species,3,"[0.19200000166893005, 0.41200000792741776, 0.23600000143051147, 0.18933333456516266]",0.464355,white-tailed antelope squirrel,ammospermophilus leucurus,0.211228,class,uncertain
data/inaturalist/images/callithrix_species/inat_callithrix_species_00796.jpg,inaturalist,,callithrix_species,2,"[0.5849999934434891, 0.41466666758060455, 0.33000001311302185, 0.4026666581630707]",0.392822,eastern gray squirrel,sciurus carolinensis,0.66137,class,flag
data/inaturalist/images/callithrix_species/inat_callithrix_species_00923.jpg,inaturalist,,callithrix_species,2,"[0.25352112017571926, 0.625, 0.4676056206226349, 0.7459999918937683]",0.425781,douglas's squirrel,tamiasciurus douglasii,0.443261,class,flag
data/inaturalist/images/callithrix_species/inat_callithrix_species_00923.jpg,inaturalist,,callithrix_species,3,"[0.1999999936670065, 0.44200001657009125, 0.36056336760520935, 0.2840000092983246]",0.239502,red fox,vulpes vulpes,0.551058,class,flag
data/inaturalist/images/callithrix_species/inat_callithrix_species_00974.jpg,inaturalist,,callithrix_species,1,"[0.48222748935222626, 0.38500000536441803, 0.36729857325553894, 0.2980000078678131]",0.499023,american bison,bison bison,0.37384,class,flag
data/inaturalist/images/callithrix_species/inat_callithrix_species_01008.jpg,inaturalist,,callithrix_species,1,"[0.48500000685453415, 0.3920000046491623, 0.20200000703334808, 0.2240000069141388]",0.229858,eastern gray squirrel,sciurus carolinensis,0.590239,class,flag
data/inaturalist/images/callithrix_species/inat_callithrix_species_01014.jpg,inaturalist,,callithrix_species,1,"[0.5600000023841858, 0.5906666666269302, 0.3799999952316284, 0.8133333325386047]",0.424316,eastern gray squirrel,sciurus carolinensis,0.357609,class,flag
data/inaturalist/images/callithrix_species/inat_callithrix_species_01029.jpg,inaturalist,,callithrix_species,1,"[0.3489999994635582, 0.21621621772646904, 0.20999999344348907, 0.342342346906662]",0.322998,vervet monkey,chlorocebus pygerythrus,0.201351,order,uncertain
data/inaturalist/images/callithrix_species/inat_callithrix_species_01030.jpg,inaturalist,,callithrix_species,1,"[0.12600000202655792, 0.24024023301899433, 0.25200000405311584, 0.4744744598865509]",0.315764,coyote,canis latrans,0.492629,class,flag
data/inaturalist/images/callithrix_species/inat_callithrix_species_01045.jpg,inaturalist,,callithrix_species,1,"[0.33799999952316284, 0.5525525659322739, 0.46799999475479126, 0.7687687873840332]",0.474121,ruwenzori sun squirrel,heliosciurus ruwenzorii,0.237771,class,uncertain
data/inaturalist/images/callithrix_species/inat_callithrix_species_01066.jpg,inaturalist,,callithrix_species,1,"[0.587087094783783, 0.2680000066757202, 0.2912912964820862, 0.25600001215934753]",0.260254,eastern gray squirrel,sciurus carolinensis,0.260251,class,uncertain
data/inaturalist/images/callithrix_species/inat_callithrix_species_01109.jpg,inaturalist,,callithrix_species,1,"[0.47200000286102295, 0.453000009059906, 0.14399999380111694, 0.27799999713897705]",0.221069,douglas's squirrel,tamiasciurus douglasii,0.206476,class,uncertain
data/inaturalist/images/callithrix_species/inat_callithrix_species_01150.jpg,inaturalist,,callithrix_species,1,"[0.568000003695488, 0.585999995470047, 0.41066667437553406, 0.6079999804496765]",0.316984,eastern gray squirrel,sciurus carolinensis,0.68739,class,flag
data/inaturalist/images/callithrix_species/inat_callithrix_species_01216.jpg,inaturalist,,callithrix_species,1,"[0.5259999930858612, 0.6366366446018219, 0.2919999957084656, 0.2942942976951599]",0.392334,south american coati,nasua nasua,0.563635,class,flag
data/inaturalist/images/callithrix_species/inat_callithrix_species_01290.jpg,inaturalist,,callithrix_species,1,"[0.19500000402331352, 0.39663460850715637, 0.34200000762939453, 0.48076921701431274]",0.200684,american badger,taxidea taxus,0.174447,class,uncertain
data/inaturalist/images/callithrix_species/inat_callithrix_species_01291.jpg,inaturalist,,callithrix_species,2,"[0.6764706075191498, 0.3500000089406967, 0.5518207550048828, 0.13199999928474426]",0.316984,south american coati,nasua nasua,0.600381,class,flag
data/inaturalist/images/callithrix_species/inat_callithrix_species_01301.jpg,inaturalist,,callithrix_species,2,"[0.2709999904036522, 0.6531531512737274, 0.16599999368190765, 0.38738739490509033]",0.232552,yellow-bellied marmot,marmota flaviventris,0.354698,class,flag
data/inaturalist/images/callithrix_species/inat_callithrix_species_01302.jpg,inaturalist,,callithrix_species,2,"[0.29100000113248825, 0.6321321278810501, 0.16599999368190765, 0.4654654562473297]",0.266846,yellow-bellied marmot,marmota flaviventris,0.259602,class,uncertain
data/inaturalist/images/callithrix_species/inat_callithrix_species_01377.jpg,inaturalist,,callithrix_species,1,"[0.45945945382118225, 0.28299999237060547, 0.31831830739974976, 0.257999986410141]",0.289307,eastern gray squirrel,sciurus carolinensis,0.477249,class,flag
data/inaturalist/images/callithrix_species/inat_callithrix_species_01406.jpg,inaturalist,,callithrix_species,1,"[0.4694148898124695, 0.33299998939037323, 0.332446813583374, 0.28999999165534973]",0.217651,yellow-bellied marmot,marmota flaviventris,0.257835,class,uncertain
data/inaturalist/images/callithrix_species/inat_callithrix_species_01445.jpg,inaturalist,,callithrix_species,1,"[0.4803030341863632, 0.48600000888109207, 0.28787878155708313, 0.2280000001192093]",0.2854,eastern gray squirrel,sciurus carolinensis,0.417166,class,flag
data/inaturalist/images/callithrix_species/inat_callithrix_species_01456.jpg,inaturalist,,callithrix_species,1,"[0.48404256999492645, 0.35499999672174454, 0.21276596188545227, 0.2460000067949295]",0.255371,eastern gray squirrel,sciurus carolinensis,0.882244,class,flag
data/inaturalist/images/callithrix_species/inat_callithrix_species_01499.jpg,inaturalist,,callithrix_species,1,"[0.4740000069141388, 0.42266666889190674, 0.20800000429153442, 0.4346666634082794]",0.46875,rodent,,0.380191,class,flag
data/inaturalist/images/callithrix_species/inat_callithrix_species_01517.jpg,inaturalist,,callithrix_species,2,"[0.7490000128746033, 0.48233693838119507, 0.28600001335144043, 0.35597825050354004]",0.327393,southern pig-tailed macaque,macaca nemestrina,0.557613,order,flag
data/inaturalist/images/capybara/inat_capybara_00010.jpg,inaturalist,,capybara,3,"[0.8439999781548977, 0.5759999826550484, 0.11999999731779099, 0.1120000034570694]",0.220337,woodchuck,marmota monax,0.226361,order,uncertain
data/inaturalist/images/capybara/inat_capybara_00210.jpg,inaturalist,,capybara,1,"[0.6079999953508377, 0.6479999721050262, 0.31200000643730164, 0.2773333191871643]",0.466797,red deer,cervus elaphus,0.36684,class,flag
data/inaturalist/images/capybara/inat_capybara_00210.jpg,inaturalist,,capybara,2,"[0.19699999690055847, 0.8933333456516266, 0.39399999380111694, 0.20800000429153442]",0.27534,red deer,cervus elaphus,0.690562,class,flag
data/inaturalist/images/capybara/inat_capybara_00229.jpg,inaturalist,,capybara,1,"[0.3319999873638153, 0.4444444328546524, 0.3319999873638153, 0.24024024605751038]",0.385742,mule deer,odocoileus hemionus,0.205201,class,uncertain
data/inaturalist/images/capybara/inat_capybara_00510.jpg,inaturalist,,capybara,2,"[0.6909999847412109, 0.745333343744278, 0.5099999904632568, 0.4933333396911621]",0.471191,domestic cattle,bos taurus,0.275336,class,uncertain
data/inaturalist/images/capybara/inat_capybara_00515.jpg,inaturalist,,capybara,2,"[0.5719999819993973, 0.5360000133514404, 0.36399999260902405, 0.19733333587646484]",0.360596,nutria,myocastor coypus,0.935479,order,flag
data/inaturalist/images/capybara/inat_capybara_00516.jpg,inaturalist,,capybara,3,"[0.1550000011920929, 0.3826666623353958, 0.3100000023841858, 0.2693333327770233]",0.220215,domestic goat,capra aegagrus hircus,0.49421,class,flag
data/inaturalist/images/capybara/inat_capybara_00535.jpg,inaturalist,,capybara,2,"[0.19733333587646484, 0.4860000014305115, 0.1706666648387909, 0.14399999380111694]",0.257199,white-tailed deer,odocoileus virginianus,0.902309,class,flag
data/inaturalist/images/capybara/inat_capybara_00585.jpg,inaturalist,,capybara,2,"[0.1289999932050705, 0.5199999958276749, 0.257999986410141, 0.2826666533946991]",0.337402,puku,kobus vardonii,0.375325,class,flag
data/inaturalist/images/capybara/inat_capybara_00680.jpg,inaturalist,,capybara,3,"[0.3570000007748604, 0.5716292187571526, 0.23000000417232513, 0.18820224702358246]",0.393066,mongolian marmot,marmota sibirica,0.268916,order,uncertain
data/inaturalist/images/capybara/inat_capybara_00681.jpg,inaturalist,,capybara,3,"[0.28699999302625656, 0.6523545682430267, 0.1979999989271164, 0.14681440591812134]",0.385986,arizona black-tailed prairie dog,cynomys ludovicianus,0.940243,order,flag
data/inaturalist/images/capybara/inat_capybara_00760.jpg,inaturalist,,capybara,1,"[0.5069999992847443, 0.5200000107288361, 0.7820000052452087, 0.2720000147819519]",0.286865,domestic cattle,bos taurus,0.90656,class,flag
data/inaturalist/images/capybara/inat_capybara_00773.jpg,inaturalist,,capybara,3,"[0.4179999977350235, 0.46400000154972076, 0.35600000619888306, 0.2133333384990692]",0.368896,north american river otter,lontra canadensis,0.363288,class,flag
data/inaturalist/images/capybara/inat_capybara_00796.jpg,inaturalist,,capybara,3,"[0.8960000276565552, 0.46933333575725555, 0.14800000190734863, 0.2826666533946991]",0.375977,domestic cattle,bos taurus,0.44961,class,flag
data/inaturalist/images/capybara/inat_capybara_00810.jpg,inaturalist,,capybara,3,"[0.7909999787807465, 0.5746666789054871, 0.27399998903274536, 0.47200000286102295]",0.481689,eastern fox squirrel,sciurus niger,0.345825,order,flag
data/inaturalist/images/capybara/inat_capybara_00847.jpg,inaturalist,,capybara,6,"[0.5530000105500221, 0.35600001364946365, 0.15800000727176666, 0.18933333456516266]",0.45874,sitatunga,tragelaphus spekii,0.472827,class,flag
data/inaturalist/images/capybara/inat_capybara_00862.jpg,inaturalist,,capybara,1,"[0.8959999978542328, 0.41333334892988205, 0.20800000429153442, 0.7200000286102295]",0.450195,sitatunga,tragelaphus spekii,0.184025,class,uncertain
data/inaturalist/images/capybara/inat_capybara_00963.jpg,inaturalist,,capybara,7,"[0.8230000287294388, 0.3786666691303253, 0.15000000596046448, 0.18666666746139526]",0.231454,white-tailed deer,odocoileus virginianus,0.408267,class,flag
data/inaturalist/images/capybara/inat_capybara_01055.jpg,inaturalist,,capybara,1,"[0.8370000272989273, 0.48948949575424194, 0.32600000500679016, 0.9789789915084839]",0.332601,white-tailed deer,odocoileus virginianus,0.838351,class,flag
data/inaturalist/images/capybara/inat_capybara_01082.jpg,inaturalist,,capybara,3,"[0.5709999948740005, 0.3571428507566452, 0.6859999895095825, 0.23404255509376526]",0.373535,domestic cattle,bos taurus,0.40626,class,flag
data/inaturalist/images/capybara/inat_capybara_01119.jpg,inaturalist,,capybara,3,"[0.5650000125169754, 0.4909909963607788, 0.23800000548362732, 0.19519519805908203]",0.222412,nutria,myocastor coypus,0.61185,order,flag
data/inaturalist/images/capybara/inat_capybara_01160.jpg,inaturalist,,capybara,2,"[0.8440000265836716, 0.47699999809265137, 0.31200000643730164, 0.421999990940094]",0.419189,guenther's dik-dik,madoqua guentheri,0.240356,class,uncertain
data/inaturalist/images/capybara/inat_capybara_01294.jpg,inaturalist,,capybara,1,"[0.6420000195503235, 0.11066666943952441, 0.7120000123977661, 0.2160000056028366]",0.227173,common warthog,phacochoerus africanus,0.94665,class,flag
data/inaturalist/images/capybara/inat_capybara_01312.jpg,inaturalist,,capybara,1,"[0.1459999978542328, 0.18918918259441853, 0.2919999957084656, 0.3723723590373993]",0.332601,domestic goat,capra aegagrus hircus,0.531743,class,flag
data/inaturalist/images/capybara/inat_capybara_01342.jpg,inaturalist,,capybara,1,"[0.5470000058412552, 0.635135143995285, 0.4059999883174896, 0.29729729890823364]",0.295898,nutria,myocastor coypus,0.21623,order,uncertain
data/inaturalist/images/capybara/inat_capybara_01430.jpg,inaturalist,,capybara,2,"[0.839000016450882, 0.47199998795986176, 0.2540000081062317, 0.2133333384990692]",0.406738,white-tailed deer,odocoileus virginianus,0.655562,class,flag
data/inaturalist/images/capybara/inat_capybara_01573.jpg,inaturalist,,capybara,2,"[0.11400000378489494, 0.07599999755620956, 0.164000004529953, 0.15199999511241913]",0.396291,white-tailed deer,odocoileus virginianus,0.45248,class,flag
data/inaturalist/images/capybara/inat_capybara_01670.jpg,inaturalist,,capybara,3,"[0.7879999727010727, 0.42042040824890137, 0.42399999499320984, 0.7447447180747986]",0.461914,red deer,cervus elaphus,0.427579,class,flag
data/inaturalist/images/caracal/inat_caracal_00083.jpg,inaturalist,,caracal,1,"[0.36800000071525574, 0.4320000112056732, 0.7360000014305115, 0.5440000295639038]",0.228038,domestic dog,canis familiaris,0.759606,order,flag
data/inaturalist/images/caracal/inat_caracal_00135.jpg,inaturalist,,caracal,1,"[0.2630000039935112, 0.5560000017285347, 0.15800000727176666, 0.14666666090488434]",0.373535,puku,kobus vardonii,0.42318,class,flag
data/inaturalist/images/cebus_species/inat_cebus_species_00129.jpg,inaturalist,,cebus_species,2,"[0.1680000089108944, 0.5406626313924789, 0.2720000147819519, 0.6054216623306274]",0.415771,blue monkey,cercopithecus mitis,0.291594,order,uncertain
data/inaturalist/images/cebus_species/inat_cebus_species_00129.jpg,inaturalist,,cebus_species,3,"[0.2160000056028366, 0.4412650614976883, 0.17599999904632568, 0.40060240030288696]",0.395996,l'hoest's monkey,allochrocebus lhoesti,0.281465,order,uncertain
data/inaturalist/images/cebus_species/inat_cebus_species_00132.jpg,inaturalist,,cebus_species,1,"[0.36499999463558197, 0.6079999953508377, 0.39800000190734863, 0.4533333480358124]",0.26123,yellow-throated marten,martes flavigula,0.825355,class,flag
data/inaturalist/images/cebus_species/inat_cebus_species_00414.jpg,inaturalist,,cebus_species,1,"[0.4842342138290405, 0.5719999969005585, 0.3198198080062866, 0.7839999794960022]",0.217163,angolan colobus,colobus angolensis,0.343872,order,flag
data/inaturalist/images/cebus_species/inat_cebus_species_00717.jpg,inaturalist,,cebus_species,1,"[0.5129999965429306, 0.81424580514431, 0.6019999980926514, 0.36033520102500916]",0.230488,southern pig-tailed macaque,macaca nemestrina,0.166815,order,uncertain
data/inaturalist/images/cebus_species/inat_cebus_species_00734.jpg,inaturalist,,cebus_species,1,"[0.29099999368190765, 0.48133334517478943, 0.33399999141693115, 0.6106666922569275]",0.416748,blue monkey,cercopithecus mitis,0.775304,order,flag
data/inaturalist/images/cebus_species/inat_cebus_species_00734.jpg,inaturalist,,cebus_species,2,"[0.30000001192092896, 0.3199999928474426, 0.3160000145435333, 0.2879999876022339]",0.206421,blue monkey,cercopithecus mitis,0.774557,order,flag
data/inaturalist/images/cebus_species/inat_cebus_species_00743.jpg,inaturalist,,cebus_species,2,"[0.4450000077486038, 0.3826666623353958, 0.23399999737739563, 0.6053333282470703]",0.231079,blue monkey,cercopithecus mitis,0.212718,order,uncertain
data/inaturalist/images/cebus_species/inat_cebus_species_00863.jpg,inaturalist,,cebus_species,1,"[0.5059999823570251, 0.46666667610406876, 0.2879999876022339, 0.23466666042804718]",0.418701,yellow-throated marten,martes flavigula,0.248689,class,uncertain
data/inaturalist/images/cebus_species/inat_cebus_species_00914.jpg,inaturalist,,cebus_species,1,"[0.48900001496076584, 0.533033013343811, 0.20200000703334808, 0.3213213086128235]",0.220825,stump-tailed macaque,macaca arctoides,0.171543,order,uncertain
data/inaturalist/images/cebus_species/inat_cebus_species_00951.jpg,inaturalist,,cebus_species,1,"[0.4000000059604645, 0.20570570975542068, 0.18000000715255737, 0.2852852940559387]",0.298584,domestic goat,capra aegagrus hircus,0.12221,class,uncertain
data/inaturalist/images/cebus_species/inat_cebus_species_01018.jpg,inaturalist,,cebus_species,1,"[0.4493333399295807, 0.49299999326467514, 0.23199999332427979, 0.1979999989271164]",0.365967,stump-tailed macaque,macaca arctoides,0.381661,order,flag
data/inaturalist/images/cebus_species/inat_cebus_species_01116.jpg,inaturalist,,cebus_species,1,"[0.4180000051856041, 0.4716981202363968, 0.2160000056028366, 0.4528301954269409]",0.28125,l'hoest's monkey,allochrocebus lhoesti,0.356113,order,flag
data/inaturalist/images/cebus_species/inat_cebus_species_01117.jpg,inaturalist,,cebus_species,1,"[0.3024691343307495, 0.5709999799728394, 0.604938268661499, 0.6179999709129333]",0.472656,blue monkey,cercopithecus mitis,0.353253,order,flag
data/inaturalist/images/cebus_species/inat_cebus_species_01135.jpg,inaturalist,,cebus_species,2,"[0.37699998915195465, 0.48000000417232513, 0.17800000309944153, 0.36800000071525574]",0.468994,yellow-throated marten,martes flavigula,0.431825,class,flag
data/inaturalist/images/cebus_species/inat_cebus_species_01163.jpg,inaturalist,,cebus_species,2,"[0.48399999737739563, 0.4350000023841858, 0.9679999947547913, 0.6620000004768372]",0.271484,hatinh langur,trachypithecus hatinhensis,0.111852,order,uncertain
data/inaturalist/images/cebus_species/inat_cebus_species_01381.jpg,inaturalist,,cebus_species,1,"[0.7140000313520432, 0.29733332991600037, 0.2840000092983246, 0.37066665291786194]",0.466616,angolan colobus,colobus angolensis,0.54353,order,flag
data/inaturalist/images/cercopithecus_species/inat_cercopithecus_species_00036.jpg,inaturalist,,cercopithecus_species,4,"[0.49400001019239426, 0.3893333375453949, 0.2160000056028366, 0.18666666746139526]",0.486328,common wildebeest,connochaetes taurinus,0.618316,class,flag
data/inaturalist/images/cercopithecus_species/inat_cercopithecus_species_00111.jpg,inaturalist,,cercopithecus_species,1,"[0.35362693667411804, 0.32899999618530273, 0.2512953281402588, 0.3540000021457672]",0.461914,domestic cattle,bos taurus,0.370132,class,flag
data/inaturalist/images/cercopithecus_species/inat_cercopithecus_species_00339.jpg,inaturalist,,cercopithecus_species,1,"[0.47999998927116394, 0.5613772347569466, 0.08799999952316284, 0.18263472616672516]",0.395508,eastern gray squirrel,sciurus carolinensis,0.449715,class,flag
data/inaturalist/images/cercopithecus_species/inat_cercopithecus_species_00656.jpg,inaturalist,,cercopithecus_species,1,"[0.3829999938607216, 0.782282292842865, 0.5379999876022339, 0.3933933973312378]",0.380127,eastern gray squirrel,sciurus carolinensis,0.501449,class,flag
data/inaturalist/images/cercopithecus_species/inat_cercopithecus_species_00980.jpg,inaturalist,,cercopithecus_species,1,"[0.45900000631809235, 0.41198045015335083, 0.7820000052452087, 0.5696821808815002]",0.440674,american black bear,ursus americanus,0.295903,class,uncertain
data/inaturalist/images/cercopithecus_species/inat_cercopithecus_species_01116.jpg,inaturalist,,cercopithecus_species,1,"[0.7327127754688263, 0.5180000066757202, 0.5292553305625916, 0.9480000138282776]",0.439541,domestic goat,capra aegagrus hircus,0.271037,class,uncertain
data/inaturalist/images/cercopithecus_species/inat_cercopithecus_species_01116.jpg,inaturalist,,cercopithecus_species,2,"[0.44281916320323944, 0.5309999883174896, 0.2739361822605133, 0.7739999890327454]",0.34651,southern tamandua,tamandua tetradactyla,0.034516,class,uncertain
data/inaturalist/images/cheetah/inat_cheetah_00646.jpg,inaturalist,,cheetah,3,"[0.6380000114440918, 0.08258258551359177, 0.14800000190734863, 0.16516517102718353]",0.216935,domestic cattle,bos taurus,0.449611,class,flag
data/inaturalist/images/chimpanzee/inat_chimpanzee_00071.jpg,inaturalist,,chimpanzee,1,"[0.3799999952316284, 0.6156156361103058, 0.2800000011920929, 0.37837839126586914]",0.262207,blue monkey,cercopithecus mitis,0.908371,order,flag
data/inaturalist/images/chimpanzee/inat_chimpanzee_00250.jpg,inaturalist,,chimpanzee,3,"[0.6549999937415123, 0.8432835638523102, 0.22599999606609344, 0.29552239179611206]",0.468018,common wildebeest,connochaetes taurinus,0.302506,class,flag
data/inaturalist/images/chipmunk_genus/inat_chipmunk_genus_00015.jpg,inaturalist,,chipmunk_genus,1,"[0.3409999867435545, 0.521333321928978, 0.6779999732971191, 0.37066665291786194]",0.228882,yellow-throated marten,martes flavigula,0.167137,class,uncertain
data/inaturalist/images/chipmunk_genus/inat_chipmunk_genus_00532.jpg,inaturalist,,chipmunk_genus,1,"[0.3346666693687439, 0.6439999714493752, 0.3173333406448364, 0.2280000001192093]",0.37207,yellow-throated marten,martes flavigula,0.061107,class,uncertain
data/inaturalist/images/chipmunk_genus/inat_chipmunk_genus_00948.jpg,inaturalist,,chipmunk_genus,1,"[0.6570000052452087, 0.28200000151991844, 0.6019999980926514, 0.4880000054836273]",0.210571,wild boar,sus scrofa,0.276656,class,uncertain
data/inaturalist/images/chipmunk_genus/inat_chipmunk_genus_01826.jpg,inaturalist,,chipmunk_genus,2,"[0.08900000154972076, 0.18721461109817028, 0.17800000309944153, 0.3287671208381653]",0.211914,wild boar,sus scrofa,0.202867,class,uncertain
data/inaturalist/images/chipmunk_genus/inat_chipmunk_genus_04258.jpg,inaturalist,,chipmunk_genus,1,"[0.5139534920454025, 0.4860000014305115, 0.44186046719551086, 0.2879999876022339]",0.369873,collared peccary,pecari tajacu,0.508015,class,flag
data/inaturalist/images/chipmunk_genus/inat_chipmunk_genus_05696.jpg,inaturalist,,chipmunk_genus,1,"[0.37733888626098633, 0.4439999982714653, 0.31392931938171387, 0.2160000056028366]",0.303223,golden snub-nosed monkey,rhinopithecus roxellana,0.096665,class,uncertain
data/inaturalist/images/chipmunk_genus/inat_chipmunk_genus_06543.jpg,inaturalist,,chipmunk_genus,1,"[0.5519999861717224, 0.5609999895095825, 0.8159999847412109, 0.5379999876022339]",0.227589,human,homo sapiens,0.563351,class,flag
data/inaturalist/images/chital/inat_chital_00219.jpg,inaturalist,,chital,3,"[0.5209999978542328, 0.5057803392410278, 0.28600001335144043, 0.41040462255477905]",0.4646,golden jackal,canis aureus,0.337838,class,flag
data/inaturalist/images/chital/inat_chital_00334.jpg,inaturalist,,chital,5,"[0.11300000175833702, 0.6126125901937485, 0.07800000160932541, 0.13813814520835876]",0.29834,impala,aepyceros melampus,0.439176,order,flag
data/inaturalist/images/chital/inat_chital_00486.jpg,inaturalist,,chital,2,"[0.8829999715089798, 0.5975976139307022, 0.23399999737739563, 0.4264264404773712]",0.311523,domestic cattle,bos taurus,0.500174,order,flag
data/inaturalist/images/collared_peccary/inat_collared_peccary_00099.jpg,inaturalist,,collared_peccary,1,"[0.45500001311302185, 0.5279999822378159, 0.25, 0.30399999022483826]",0.35791,wild boar,sus scrofa,0.776872,order,flag
data/inaturalist/images/collared_peccary/inat_collared_peccary_00167.jpg,inaturalist,,collared_peccary,2,"[0.623000018298626, 0.6226666569709778, 0.1379999965429306, 0.2639999985694885]",0.388672,wild boar,sus scrofa,0.482098,order,flag
data/inaturalist/images/collared_peccary/inat_collared_peccary_00792.jpg,inaturalist,,collared_peccary,2,"[0.33299999311566353, 0.19599999114871025, 0.11400000005960464, 0.1146666631102562]",0.256104,western gray squirrel,sciurus griseus,0.67955,class,flag
data/inaturalist/images/collared_peccary/inat_collared_peccary_00890.jpg,inaturalist,,collared_peccary,2,"[0.5490000024437904, 0.5346666797995567, 0.1860000044107437, 0.1733333319425583]",0.254639,wild boar,sus scrofa,0.301345,order,flag
data/inaturalist/images/collared_peccary/inat_collared_peccary_00966.jpg,inaturalist,,collared_peccary,1,"[0.5350000038743019, 0.6156156063079834, 0.20999999344348907, 0.6966966986656189]",0.275635,wild boar,sus scrofa,0.400199,order,flag
data/inaturalist/images/collared_peccary/inat_collared_peccary_01154.jpg,inaturalist,,collared_peccary,2,"[0.34699998795986176, 0.6520000025629997, 0.27399998903274536, 0.2266666740179062]",0.294778,domestic dog,canis familiaris,0.252192,class,uncertain
data/inaturalist/images/collared_peccary/inat_collared_peccary_01364.jpg,inaturalist,,collared_peccary,3,"[0.6840000078082085, 0.6733333095908165, 0.15600000321865082, 0.19466666877269745]",0.226807,wild boar,sus scrofa,0.911737,order,flag
data/inaturalist/images/colobus_species/inat_colobus_species_00006.jpg,inaturalist,,colobus_species,1,"[0.2759999930858612, 0.6010638475418091, 0.5519999861717224, 0.7765957713127136]",0.320975,domestic cattle,bos taurus,0.691759,class,flag
data/inaturalist/images/colobus_species/inat_colobus_species_00043.jpg,inaturalist,,colobus_species,1,"[0.23423422873020172, 0.7050000131130219, 0.46846845746040344, 0.5860000252723694]",0.243049,domestic cattle,bos taurus,0.287077,class,uncertain
data/inaturalist/images/colobus_species/inat_colobus_species_00067.jpg,inaturalist,,colobus_species,1,"[0.42266666889190674, 0.05900000035762787, 0.25333333015441895, 0.11800000071525574]",0.374714,human,homo sapiens,0.832387,order,flag
data/inaturalist/images/colobus_species/inat_colobus_species_00321.jpg,inaturalist,,colobus_species,1,"[0.45945945382118225, 0.30900000035762787, 0.5045045018196106, 0.38600000739097595]",0.497559,black giant squirrel,ratufa bicolor,0.149182,class,uncertain
data/inaturalist/images/colobus_species/inat_colobus_species_00365.jpg,inaturalist,,colobus_species,3,"[0.7439999729394913, 0.5419999957084656, 0.20266667008399963, 0.20399999618530273]",0.209961,domestic dog,canis familiaris,0.23499,class,uncertain
data/inaturalist/images/colobus_species/inat_colobus_species_00412.jpg,inaturalist,,colobus_species,1,"[0.45099999010562897, 0.4864864945411682, 0.23800000548362732, 0.5705705881118774]",0.370605,domestic cattle,bos taurus,0.320541,class,flag
data/inaturalist/images/colobus_species/inat_colobus_species_00469.jpg,inaturalist,,colobus_species,1,"[0.18533332599326968, 0.8910000026226044, 0.36533331871032715, 0.21799999475479126]",0.227039,human,homo sapiens,0.561813,order,flag
data/inaturalist/images/common_eland/inat_common_eland_00031.jpg,inaturalist,,common_eland,2,"[0.6729999929666519, 0.057057056576013565, 0.3179999887943268, 0.11411411315202713]",0.230112,white-tailed deer,odocoileus virginianus,0.681867,order,flag
data/inaturalist/images/common_eland/inat_common_eland_00136.jpg,inaturalist,,common_eland,3,"[0.6860000193119049, 0.7746666893362999, 0.20800000429153442, 0.15199999511241913]",0.411865,plains zebra,equus quagga,0.589952,class,flag
data/inaturalist/images/common_eland/inat_common_eland_00173.jpg,inaturalist,,common_eland,3,"[0.46300001442432404, 0.382666677236557, 0.11800000071525574, 0.109333336353302]",0.452637,plains zebra,equus quagga,0.458685,class,flag
data/inaturalist/images/common_eland/inat_common_eland_00408.jpg,inaturalist,,common_eland,8,"[0.19100000336766243, 0.5866666585206985, 0.07000000029802322, 0.20266667008399963]",0.211792,white-tailed deer,odocoileus virginianus,0.594655,order,flag
data/inaturalist/images/common_eland/inat_common_eland_00440.jpg,inaturalist,,common_eland,1,"[0.2499999925494194, 0.5920000076293945, 0.19599999487400055, 0.656000018119812]",0.27002,giraffe,giraffa camelopardalis,0.329322,order,flag
data/inaturalist/images/common_eland/inat_common_eland_00594.jpg,inaturalist,,common_eland,7,"[0.9399999938905239, 0.7078313082456589, 0.11999999731779099, 0.3674698770046234]",0.250854,white-tailed deer,odocoileus virginianus,0.394641,order,flag
data/inaturalist/images/common_eland/inat_common_eland_00723.jpg,inaturalist,,common_eland,3,"[0.27900000289082527, 0.598802387714386, 0.11400000005960464, 0.401197612285614]",0.244385,white-tailed deer,odocoileus virginianus,0.970318,order,flag
data/inaturalist/images/common_eland/inat_common_eland_00733.jpg,inaturalist,,common_eland,3,"[0.7280000001192093, 0.6156156212091446, 0.13199999928474426, 0.25825825333595276]",0.31543,white-tailed deer,odocoileus virginianus,0.566842,order,flag
data/inaturalist/images/common_fallow_deer/inat_common_fallow_deer_00249.jpg,inaturalist,,common_fallow_deer,2,"[0.6080000251531601, 0.437333345413208, 0.19200000166893005, 0.3306666612625122]",0.324707,arizona black-tailed prairie dog,cynomys ludovicianus,0.276412,class,uncertain
data/inaturalist/images/common_fallow_deer/inat_common_fallow_deer_00998.jpg,inaturalist,,common_fallow_deer,1,"[0.68299999833107, 0.5, 0.621999979019165, 0.20800000429153442]",0.417236,north american river otter,lontra canadensis,0.813363,class,flag
data/inaturalist/images/common_fallow_deer/inat_common_fallow_deer_01265.jpg,inaturalist,,common_fallow_deer,8,"[0.613999992609024, 0.48266665637493134, 0.25999999046325684, 0.30399999022483826]",0.436279,thomson's gazelle,eudorcas thomsonii,0.342278,order,flag
data/inaturalist/images/common_warthog/inat_common_warthog_00040.jpg,inaturalist,,common_warthog,2,"[0.6050000190734863, 0.4386666864156723, 0.4620000123977661, 0.3333333432674408]",0.431396,lion,panthera leo,0.219426,class,uncertain
data/inaturalist/images/common_warthog/inat_common_warthog_00042.jpg,inaturalist,,common_warthog,2,"[0.2540000006556511, 0.5733333379030228, 0.29600000381469727, 0.1599999964237213]",0.418945,domestic cattle,bos taurus,0.392481,order,flag
data/inaturalist/images/common_warthog/inat_common_warthog_00350.jpg,inaturalist,,common_warthog,2,"[0.3750000074505806, 0.45333331823349, 0.12600000202655792, 0.3306666612625122]",0.212299,domestic cattle,bos taurus,0.893998,order,flag
data/inaturalist/images/common_warthog/inat_common_warthog_00637.jpg,inaturalist,,common_warthog,1,"[0.526000015437603, 0.3786666691303253, 0.2160000056028366, 0.36800000071525574]",0.436768,domestic cattle,bos taurus,0.630701,order,flag
data/inaturalist/images/common_warthog/inat_common_warthog_01022.jpg,inaturalist,,common_warthog,3,"[0.8799999803304672, 0.5853333100676537, 0.13600000739097595, 0.15199999511241913]",0.429688,white-tailed deer,odocoileus virginianus,0.585676,order,flag
data/inaturalist/images/common_warthog/inat_common_warthog_01088.jpg,inaturalist,,common_warthog,2,"[0.8149999976158142, 0.6727528274059296, 0.3700000047683716, 0.648876428604126]",0.427037,domestic cattle,bos taurus,0.439915,order,flag
data/inaturalist/images/common_warthog/inat_common_warthog_01200.jpg,inaturalist,,common_warthog,2,"[0.4479999840259552, 0.5386666655540466, 0.2919999957084656, 0.20800000429153442]",0.395996,domestic cattle,bos taurus,0.931753,order,flag
data/inaturalist/images/common_warthog/inat_common_warthog_01445.jpg,inaturalist,,common_warthog,4,"[0.09400000050663948, 0.3813333436846733, 0.10400000214576721, 0.12800000607967377]",0.463623,sika deer,cervus nippon,0.404011,order,flag
data/inaturalist/images/common_warthog/inat_common_warthog_01493.jpg,inaturalist,,common_warthog,2,"[0.7432432696223259, 0.549000009894371, 0.16516517102718353, 0.32199999690055847]",0.230225,domestic dog,canis familiaris,0.55249,class,flag
data/inaturalist/images/common_wildebeest/inat_common_wildebeest_00102.jpg,inaturalist,,common_wildebeest,3,"[0.06700000166893005, 0.3596256747841835, 0.1340000033378601, 0.5053476095199585]",0.34668,dromedary camel,camelus dromedarius,0.313732,order,flag
data/inaturalist/images/common_wildebeest/inat_common_wildebeest_00110.jpg,inaturalist,,common_wildebeest,1,"[0.6830000057816505, 0.5794520527124405, 0.12600000202655792, 0.49589040875434875]",0.330078,giraffe,giraffa camelopardalis,0.421907,order,flag
data/inaturalist/images/common_wildebeest/inat_common_wildebeest_00250.jpg,inaturalist,,common_wildebeest,2,"[0.09799999743700027, 0.35333331674337387, 0.12399999797344208, 0.14133332669734955]",0.449975,plains zebra,equus quagga,0.397929,class,flag
data/inaturalist/images/common_wildebeest/inat_common_wildebeest_00250.jpg,inaturalist,,common_wildebeest,5,"[0.5020000152289867, 0.4026666581630707, 0.1080000028014183, 0.14399999380111694]",0.231567,plains zebra,equus quagga,0.744331,class,flag
data/inaturalist/images/common_wildebeest/inat_common_wildebeest_00294.jpg,inaturalist,,common_wildebeest,1,"[0.0860000029206276, 0.49333333875983953, 0.1720000058412552, 0.9760000109672546]",0.468277,white-tailed deer,odocoileus virginianus,0.424922,order,flag
data/inaturalist/images/common_wildebeest/inat_common_wildebeest_00497.jpg,inaturalist,,common_wildebeest,4,"[0.8720000237226486, 0.4909910038113594, 0.25600001215934753, 0.759759783744812]",0.244873,red deer,cervus elaphus,0.70081,order,flag
data/inaturalist/images/common_wildebeest/inat_common_wildebeest_00502.jpg,inaturalist,,common_wildebeest,5,"[0.7290000095963478, 0.46933333575725555, 0.15399999916553497, 0.1599999964237213]",0.345459,plains zebra,equus quagga,0.422686,class,flag
data/inaturalist/images/common_wildebeest/inat_common_wildebeest_00566.jpg,inaturalist,,common_wildebeest,11,"[0.7829999849200249, 0.6066666804254055, 0.10999999940395355, 0.11999999731779099]",0.474121,red deer,cervus elaphus,0.649451,order,flag
data/inaturalist/images/common_wildebeest/inat_common_wildebeest_00646.jpg,inaturalist,,common_wildebeest,5,"[0.07500000298023224, 0.24474474787712097, 0.15000000596046448, 0.2432432472705841]",0.495605,plains zebra,equus quagga,0.356972,class,flag
data/inaturalist/images/common_wildebeest/inat_common_wildebeest_00706.jpg,inaturalist,,common_wildebeest,9,"[0.7559999972581863, 0.5525525659322739, 0.1599999964237213, 0.33033034205436707]",0.207275,white-tailed deer,odocoileus virginianus,0.475274,order,flag
data/inaturalist/images/common_wildebeest/inat_common_wildebeest_00929.jpg,inaturalist,,common_wildebeest,2,"[0.16599999368190765, 0.37387388944625854, 0.3319999873638153, 0.19519519805908203]",0.471924,common warthog,phacochoerus africanus,0.599105,order,flag
data/inaturalist/images/common_wildebeest/inat_common_wildebeest_01029.jpg,inaturalist,,common_wildebeest,3,"[0.06199999898672104, 0.4973333477973938, 0.12399999797344208, 0.9946666955947876]",0.219097,red deer,cervus elaphus,0.36968,order,flag
data/inaturalist/images/common_wildebeest/inat_common_wildebeest_01035.jpg,inaturalist,,common_wildebeest,3,"[0.1719999983906746, 0.4880000054836273, 0.11599999666213989, 0.14399999380111694]",0.406982,plains zebra,equus quagga,0.390907,class,flag
data/inaturalist/images/common_wildebeest/inat_common_wildebeest_01035.jpg,inaturalist,,common_wildebeest,5,"[0.7089999988675117, 0.5306666567921638, 0.09399999678134918, 0.1120000034570694]",0.287598,plains zebra,equus quagga,0.645926,class,flag
data/inaturalist/images/common_wildebeest/inat_common_wildebeest_01085.jpg,inaturalist,,common_wildebeest,1,"[0.916999988257885, 0.38588589429855347, 0.16599999368190765, 0.7717717885971069]",0.47877,african elephant,loxodonta africana,0.914655,class,flag
data/inaturalist/images/common_wildebeest/inat_common_wildebeest_01095.jpg,inaturalist,,common_wildebeest,5,"[0.11800000071525574, 0.3614457845687866, 0.23600000143051147, 0.34939759969711304]",0.266602,domestic horse,equus caballus,0.324864,class,flag
data/inaturalist/images/common_wildebeest/inat_common_wildebeest_01230.jpg,inaturalist,,common_wildebeest,2,"[0.6049999892711639, 0.6688829660415649, 0.16200000047683716, 0.146276593208313]",0.356201,white-tailed deer,odocoileus virginianus,0.67366,order,flag
data/inaturalist/images/common_wombat/inat_common_wombat_00011.jpg,inaturalist,,common_wombat,1,"[0.4870000034570694, 0.5679999962449074, 0.2939999997615814, 0.24533332884311676]",0.390869,northern raccoon,procyon lotor,0.240456,class,uncertain
data/inaturalist/images/common_wombat/inat_common_wombat_00219.jpg,inaturalist,,common_wombat,2,"[0.11800000071525574, 0.36533331871032715, 0.23600000143051147, 0.7306666374206543]",0.331543,mule deer,odocoileus hemionus,0.400988,class,flag
data/inaturalist/images/common_wombat/inat_common_wombat_00427.jpg,inaturalist,,common_wombat,1,"[0.3980000168085098, 0.6936936676502228, 0.2840000092983246, 0.3243243098258972]",0.225586,american beaver,castor canadensis,0.333584,class,flag
data/inaturalist/images/common_wombat/inat_common_wombat_00428.jpg,inaturalist,,common_wombat,1,"[0.3499999940395355, 0.6996996700763702, 0.23199999332427979, 0.3123123049736023]",0.436279,eastern fox squirrel,sciurus niger,0.543055,class,flag
data/inaturalist/images/common_wombat/inat_common_wombat_00459.jpg,inaturalist,,common_wombat,1,"[0.4860000014305115, 0.523999996483326, 0.23600000143051147, 0.18933333456516266]",0.473877,nutria,myocastor coypus,0.88219,class,flag
data/inaturalist/images/cottontail_rabbits_genus/inat_cottontail_rabbits_genus_03508.jpg,inaturalist,,cottontail_rabbits_genus,1,"[0.4906666576862335, 0.5870000123977661, 0.981333315372467, 0.7580000162124634]",0.335693,human,homo sapiens,0.480428,class,flag
data/inaturalist/images/cottontail_rabbits_genus/inat_cottontail_rabbits_genus_07212.jpg,inaturalist,,cottontail_rabbits_genus,2,"[0.33400000631809235, 0.4020000025629997, 0.4320000112056732, 0.23999999463558197]",0.400391,domestic cat,felis catus,0.43719,class,flag
data/inaturalist/images/coyote/inat_coyote_01536.jpg,inaturalist,,coyote,1,"[0.4320000074803829, 0.5456621125340462, 0.09200000017881393, 0.15981735289096832]",0.27124,white-tailed deer,odocoileus virginianus,0.72159,class,flag
data/inaturalist/images/coyote/inat_coyote_03730.jpg,inaturalist,,coyote,1,"[0.18000000715255737, 0.542000025510788, 0.36000001430511475, 0.5440000295639038]",0.393607,human,homo sapiens,0.76922,class,flag
data/inaturalist/images/coyote/inat_coyote_04527.jpg,inaturalist,,coyote,1,"[0.5119999870657921, 0.35200001299381256, 0.09600000083446503, 0.2613333463668823]",0.273719,white-tailed deer,odocoileus virginianus,0.708607,class,flag
data/inaturalist/images/coyote/inat_coyote_05701.jpg,inaturalist,,coyote,1,"[0.3060000017285347, 0.5506666749715805, 0.4440000057220459, 0.2906666696071625]",0.401855,arizona black-tailed prairie dog,cynomys ludovicianus,0.894501,class,flag
data/inaturalist/images/coyote/inat_coyote_06319.jpg,inaturalist,,coyote,1,"[0.3310000002384186, 0.1411411389708519, 0.17399999499320984, 0.18618617951869965]",0.449731,arizona black-tailed prairie dog,cynomys ludovicianus,0.444582,class,flag
data/inaturalist/images/coyote/inat_coyote_06810.jpg,inaturalist,,coyote,1,"[0.0729999989271164, 0.470059871673584, 0.1459999978542328, 0.227544903755188]",0.302587,white-tailed deer,odocoileus virginianus,0.883726,class,flag
data/inaturalist/images/cricetidae_family/inat_cricetidae_family_00383.jpg,inaturalist,,cricetidae_family,1,"[0.49799998803064227, 0.4189999997615814, 0.9879999756813049, 0.8379999995231628]",0.40776,rattus species,rattus,0.312052,no_match,flag
data/inaturalist/images/cricetidae_family/inat_cricetidae_family_00651.jpg,inaturalist,,cricetidae_family,1,"[0.5, 0.3240000009536743, 1.0, 0.23733332753181458]",0.380545,mule deer,odocoileus hemionus,0.141351,no_match,uncertain
data/inaturalist/images/cricetidae_family/inat_cricetidae_family_00893.jpg,inaturalist,,cricetidae_family,1,"[0.3440000116825104, 0.3999999910593033, 0.2613333463668823, 0.2240000069141388]",0.424805,human,homo sapiens,0.144397,no_match,uncertain
data/inaturalist/images/cricetidae_family/inat_cricetidae_family_01017.jpg,inaturalist,,cricetidae_family,1,"[0.4053333252668381, 0.13599999994039536, 0.31466665863990784, 0.11599999666213989]",0.447291,human,homo sapiens,0.823666,no_match,flag
data/inaturalist/images/cricetidae_family/inat_cricetidae_family_01284.jpg,inaturalist,,cricetidae_family,1,"[0.7226666510105133, 0.24799999594688416, 0.5546666383743286, 0.4959999918937683]",0.499756,nutria,myocastor coypus,0.984265,no_match,flag
data/inaturalist/images/cricetidae_family/inat_cricetidae_family_01379.jpg,inaturalist,,cricetidae_family,2,"[0.49857550859451294, 0.340999998152256, 0.4729344844818115, 0.18199999630451202]",0.397705,northern raccoon,procyon lotor,0.611048,no_match,flag
data/inaturalist/images/cricetidae_family/inat_cricetidae_family_01567.jpg,inaturalist,,cricetidae_family,1,"[0.7119999825954437, 0.7946666777133942, 0.37599998712539673, 0.40533334016799927]",0.220327,plains zebra,equus quagga,0.474999,no_match,flag
data/inaturalist/images/cricetidae_family/inat_cricetidae_family_01643.jpg,inaturalist,,cricetidae_family,1,"[0.38600000739097595, 0.5453333258628845, 0.7720000147819519, 0.5040000081062317]",0.438965,domestic dog,canis familiaris,0.296654,no_match,uncertain
data/inaturalist/images/cricetidae_family/inat_cricetidae_family_02098.jpg,inaturalist,,cricetidae_family,1,"[0.3529999852180481, 0.5330330282449722, 0.5019999742507935, 0.3333333432674408]",0.222046,moupin pika,ochotona thibetana,0.09695,no_match,uncertain
data/inaturalist/images/cricetidae_family/inat_cricetidae_family_02152.jpg,inaturalist,,cricetidae_family,1,"[0.3826666623353958, 0.45099999010562897, 0.3866666555404663, 0.3499999940395355]",0.399219,rodent,,0.229933,no_match,uncertain
data/inaturalist/images/cricetidae_family/inat_cricetidae_family_02172.jpg,inaturalist,,cricetidae_family,3,"[0.5529999956488609, 0.2971491366624832, 0.20200000703334808, 0.3399122953414917]",0.26123,coyote,canis latrans,0.156384,no_match,uncertain
data/inaturalist/images/cricetidae_family/inat_cricetidae_family_02173.jpg,inaturalist,,cricetidae_family,1,"[0.7493887543678284, 0.4309999942779541, 0.5012224912643433, 0.4099999964237213]",0.392334,mule deer,odocoileus hemionus,0.34428,no_match,flag
data/inaturalist/images/cricetidae_family/inat_cricetidae_family_02185.jpg,inaturalist,,cricetidae_family,1,"[0.2679999992251396, 0.3800000101327896, 0.4026666581630707, 0.46000000834465027]",0.272217,eastern gray squirrel,sciurus carolinensis,0.261597,no_match,uncertain
data/inaturalist/images/cricetidae_family/inat_cricetidae_family_02603.jpg,inaturalist,,cricetidae_family,1,"[0.46000000089406967, 0.5080000162124634, 0.8240000009536743, 0.5786666870117188]",0.421501,brown rat,rattus norvegicus,0.340174,no_match,flag
data/inaturalist/images/cricetidae_family/inat_cricetidae_family_02663.jpg,inaturalist,,cricetidae_family,1,"[0.44099998846650124, 0.7468879967927933, 0.7979999780654907, 0.46473029255867004]",0.217163,domestic cattle,bos taurus,0.107495,no_match,uncertain
data/inaturalist/images/cricetidae_family/inat_cricetidae_family_02994.jpg,inaturalist,,cricetidae_family,1,"[0.7582547068595886, 0.589000016450882, 0.4787735939025879, 0.6700000166893005]",0.318274,human,homo sapiens,0.869232,no_match,flag
data/inaturalist/images/cricetidae_family/inat_cricetidae_family_03013.jpg,inaturalist,,cricetidae_family,1,"[0.6270000040531158, 0.5626666694879532, 0.5339999794960022, 0.4000000059604645]",0.208394,rattus species,rattus,0.288687,no_match,uncertain
data/inaturalist/images/cricetidae_family/inat_cricetidae_family_03018.jpg,inaturalist,,cricetidae_family,1,"[0.2459999993443489, 0.5760000050067902, 0.3240000009536743, 0.437333345413208]",0.460449,guenther's dik-dik,madoqua guentheri,0.119194,no_match,uncertain
data/inaturalist/images/cricetidae_family/inat_cricetidae_family_03038.jpg,inaturalist,,cricetidae_family,1,"[0.3760000020265579, 0.33899999409914017, 0.3199999928474426, 0.4659999907016754]",0.290771,domestic cattle,bos taurus,0.448096,no_match,flag
data/inaturalist/images/cricetidae_family/inat_cricetidae_family_03232.jpg,inaturalist,,cricetidae_family,1,"[0.41200000792741776, 0.32132131047546864, 0.2280000001192093, 0.6366366147994995]",0.276367,wolverine,gulo gulo,0.195823,no_match,uncertain
data/inaturalist/images/cricetidae_family/inat_cricetidae_family_03415.jpg,inaturalist,,cricetidae_family,1,"[0.4819999933242798, 0.33399999141693115, 0.4440000057220459, 0.30399999022483826]",0.226074,mammal,,0.197119,no_match,uncertain
data/inaturalist/images/cricetidae_family/inat_cricetidae_family_03492.jpg,inaturalist,,cricetidae_family,1,"[0.44472362450324, 0.2599999865051359, 0.8844221234321594, 0.515999972820282]",0.259395,human,homo sapiens,0.095638,no_match,uncertain
data/inaturalist/images/cricetidae_family/inat_cricetidae_family_03588.jpg,inaturalist,,cricetidae_family,1,"[0.47333334386348724, 0.43299999833106995, 0.42399999499320984, 0.43799999356269836]",0.208496,western gray squirrel,sciurus griseus,0.233623,no_match,uncertain
data/inaturalist/images/cricetidae_family/inat_cricetidae_family_03643.jpg,inaturalist,,cricetidae_family,1,"[0.5826666504144669, 0.4989999979734421, 0.8293333053588867, 0.34599998593330383]",0.204834,capybara,hydrochoerus hydrochaeris,0.220802,no_match,uncertain
data/inaturalist/images/cricetidae_family/inat_cricetidae_family_03782.jpg,inaturalist,,cricetidae_family,1,"[0.25099999411031604, 0.5099999904632568, 0.49399998784065247, 0.35199999809265137]",0.387695,capybara,hydrochoerus hydrochaeris,0.31275,no_match,flag
data/inaturalist/images/cricetidae_family/inat_cricetidae_family_03860.jpg,inaturalist,,cricetidae_family,1,"[0.19099999964237213, 0.41916167736053467, 0.38199999928474426, 0.8383233547210693]",0.226696,nutria,myocastor coypus,0.683675,no_match,flag
data/inaturalist/images/cricetidae_family/inat_cricetidae_family_04178.jpg,inaturalist,,cricetidae_family,1,"[0.5053333267569542, 0.3580000065267086, 0.15199999511241913, 0.11999999731779099]",0.436035,eastern gray squirrel,sciurus carolinensis,0.232317,no_match,uncertain
data/inaturalist/images/cricetidae_family/inat_cricetidae_family_04278.jpg,inaturalist,,cricetidae_family,1,"[0.3100000023841858, 0.42799998819828033, 0.30799999833106995, 0.25200000405311584]",0.368408,rodent,,0.214216,no_match,uncertain
data/inaturalist/images/cricetidae_family/inat_cricetidae_family_04437.jpg,inaturalist,,cricetidae_family,1,"[0.4690000042319298, 0.5015014857053757, 0.23000000417232513, 0.5285285115242004]",0.400635,rattus species,rattus,0.242344,no_match,uncertain
data/inaturalist/images/cricetidae_family/inat_cricetidae_family_04532.jpg,inaturalist,,cricetidae_family,1,"[0.38100000424310565, 0.4919999837875366, 0.7540000081062317, 0.6959999799728394]",0.323486,rodent,,0.145775,no_match,uncertain
data/inaturalist/images/cricetidae_family/inat_cricetidae_family_04988.jpg,inaturalist,,cricetidae_family,1,"[0.23900000751018524, 0.4399999976158142, 0.3140000104904175, 0.7039999961853027]",0.383057,procyonidae family,,0.078903,no_match,uncertain
data/inaturalist/images/cricetidae_family/inat_cricetidae_family_05032.jpg,inaturalist,,cricetidae_family,1,"[0.5930000096559525, 0.48290596902370453, 0.43799999356269836, 0.34472933411598206]",0.201782,mammal,,0.375104,no_match,flag
data/inaturalist/images/cricetidae_family/inat_cricetidae_family_05322.jpg,inaturalist,,cricetidae_family,1,"[0.14900000393390656, 0.6186186075210571, 0.2980000078678131, 0.7087087035179138]",0.226175,human,homo sapiens,0.843359,no_match,flag
data/inaturalist/images/cricetidae_family/inat_cricetidae_family_05556.jpg,inaturalist,,cricetidae_family,1,"[0.3699999898672104, 0.5293333381414413, 0.18799999356269836, 0.2693333327770233]",0.436768,rodent,,0.663439,no_match,flag
data/inaturalist/images/cricetidae_family/inat_cricetidae_family_05902.jpg,inaturalist,,cricetidae_family,1,"[0.3279999941587448, 0.45324675738811493, 0.40799999237060547, 0.4649350643157959]",0.338135,rodent,,0.268603,no_match,uncertain
data/inaturalist/images/cricetidae_family/inat_cricetidae_family_05961.jpg,inaturalist,,cricetidae_family,1,"[0.5146666765213013, 0.5420000106096268, 0.35199999809265137, 0.3400000035762787]",0.285889,domestic cattle,bos taurus,0.30377,no_match,flag
data/inaturalist/images/cricetidae_family/inat_cricetidae_family_06010.jpg,inaturalist,,cricetidae_family,1,"[0.3266666755080223, 0.5080000013113022, 0.21066667139530182, 0.2800000011920929]",0.274414,human,homo sapiens,0.649435,no_match,flag
data/inaturalist/images/domestic_cat/inat_domestic_cat_00281.jpg,inaturalist,,domestic_cat,1,"[0.12933333218097687, 0.12300000339746475, 0.25866666436195374, 0.2460000067949295]",0.291237,coyote,canis latrans,0.860114,order,flag
data/inaturalist/images/domestic_cat/inat_domestic_cat_00345.jpg,inaturalist,,domestic_cat,2,"[0.5879999846220016, 0.515000008046627, 0.3813333213329315, 0.8180000185966492]",0.200953,human,homo sapiens,0.568032,class,flag
data/inaturalist/images/domestic_cat/inat_domestic_cat_00356.jpg,inaturalist,,domestic_cat,2,"[0.8040000200271606, 0.6066666692495346, 0.23199999332427979, 0.2906666696071625]",0.38208,human,homo sapiens,0.450319,class,flag
data/inaturalist/images/domestic_cat/inat_domestic_cat_01278.jpg,inaturalist,,domestic_cat,1,"[0.3506666496396065, 0.44200000911951065, 0.14666666090488434, 0.1120000034570694]",0.337158,domestic cattle,bos taurus,0.188506,class,uncertain
data/inaturalist/images/domestic_cat/inat_domestic_cat_02970.jpg,inaturalist,,domestic_cat,1,"[0.4829999953508377, 0.541333332657814, 0.5740000009536743, 0.42133334279060364]",0.416016,canis species,canis,0.500097,order,flag
data/inaturalist/images/domestic_cat/inat_domestic_cat_02991.jpg,inaturalist,,domestic_cat,3,"[0.6790000200271606, 0.8266666755080223, 0.1940000057220459, 0.2293333262205124]",0.416057,red squirrel,tamiasciurus hudsonicus,0.333479,class,flag
data/inaturalist/images/domestic_cat/inat_domestic_cat_03201.jpg,inaturalist,,domestic_cat,1,"[0.7919999957084656, 0.8669999837875366, 0.41600000858306885, 0.10199999809265137]",0.294778,human,homo sapiens,0.529732,class,flag
data/inaturalist/images/domestic_cat/inat_domestic_cat_03231.jpg,inaturalist,,domestic_cat,1,"[0.42300000973045826, 0.1666666716337204, 0.8180000185966492, 0.3333333432674408]",0.387994,domestic goat,capra aegagrus hircus,0.4439,class,flag
data/inaturalist/images/domestic_cat/inat_domestic_cat_04136.jpg,inaturalist,,domestic_cat,4,"[0.7250000312924385, 0.5731382891535759, 0.15800000727176666, 0.2260638326406479]",0.204834,domestic dog,canis familiaris,0.391378,order,flag
data/inaturalist/images/domestic_cat/inat_domestic_cat_04169.jpg,inaturalist,,domestic_cat,2,"[0.40799999237060547, 0.44946806877851486, 0.14800000190734863, 0.15425531566143036]",0.299072,domestic cattle,bos taurus,0.379471,class,flag
data/inaturalist/images/domestic_cat/inat_domestic_cat_04221.jpg,inaturalist,,domestic_cat,1,"[0.4521276503801346, 0.6229999959468842, 0.3297872245311737, 0.4620000123977661]",0.214478,domestic dog,canis familiaris,0.237152,order,uncertain
data/inaturalist/images/domestic_cat/inat_domestic_cat_05015.jpg,inaturalist,,domestic_cat,1,"[0.49599999748170376, 0.5165165103971958, 0.9679999947547913, 0.9189189076423645]",0.297873,human,homo sapiens,0.439113,class,flag
data/inaturalist/images/domestic_cat/inat_domestic_cat_05386.jpg,inaturalist,,domestic_cat,1,"[0.6330000162124634, 0.3603603560477495, 0.734000027179718, 0.7147147059440613]",0.211902,domestic dog,canis familiaris,0.358569,order,flag
data/inaturalist/images/domestic_cat/inat_domestic_cat_05714.jpg,inaturalist,,domestic_cat,2,"[0.5039999969303608, 0.522999994456768, 0.10000000149011612, 0.1379999965429306]",0.418955,human,homo sapiens,0.637401,class,flag
data/inaturalist/images/domestic_cat/inat_domestic_cat_06070.jpg,inaturalist,,domestic_cat,2,"[0.5173333287239075, 0.4389999881386757, 0.20800000429153442, 0.15399999916553497]",0.214355,capra species,capra,0.349477,class,flag
data/inaturalist/images/domestic_cat/inat_domestic_cat_06352.jpg,inaturalist,,domestic_cat,2,"[0.17154255509376526, 0.6589999943971634, 0.3430851101875305, 0.23399999737739563]",0.319092,red fox,vulpes vulpes,0.241108,order,uncertain
data/inaturalist/images/domestic_cat/inat_domestic_cat_06353.jpg,inaturalist,,domestic_cat,2,"[0.17154255509376526, 0.6589999943971634, 0.3430851101875305, 0.23399999737739563]",0.319092,red fox,vulpes vulpes,0.241108,order,uncertain
data/inaturalist/images/domestic_cat/inat_domestic_cat_06831.jpg,inaturalist,,domestic_cat,2,"[0.517000000923872, 0.5675675570964813, 0.9580000042915344, 0.8228228092193604]",0.23611,woodchuck,marmota monax,0.914176,class,flag
data/inaturalist/images/domestic_cat/inat_domestic_cat_06833.jpg,inaturalist,,domestic_cat,1,"[0.8319999724626541, 0.6381381452083588, 0.335999995470047, 0.7117117047309875]",0.407317,common wildebeest,connochaetes taurinus,0.390029,class,flag
data/inaturalist/images/domestic_cat/inat_domestic_cat_06835.jpg,inaturalist,,domestic_cat,1,"[0.8950000181794167, 0.7207207083702087, 0.20999999344348907, 0.5345345139503479]",0.466081,california ground squirrel,otospermophilus beecheyi,0.173549,class,uncertain
data/inaturalist/images/domestic_cattle/inat_domestic_cattle_01024.jpg,inaturalist,,domestic_cattle,2,"[0.18266665935516357, 0.6639999896287918, 0.36533331871032715, 0.48399999737739563]",0.377197,elk,cervus canadensis,0.233443,order,uncertain
data/inaturalist/images/domestic_cattle/inat_domestic_cattle_01637.jpg,inaturalist,,domestic_cattle,8,"[0.6159999966621399, 0.5165165215730667, 0.36000001430511475, 0.342342346906662]",0.325684,red deer,cervus elaphus,0.386466,order,flag
data/inaturalist/images/domestic_cattle/inat_domestic_cattle_02493.jpg,inaturalist,,domestic_cattle,1,"[0.2919999957084656, 0.5209999829530716, 0.5839999914169312, 0.3779999911785126]",0.46582,white-tailed deer,odocoileus virginianus,0.652738,order,flag
data/inaturalist/images/domestic_cattle/inat_domestic_cattle_03034.jpg,inaturalist,,domestic_cattle,1,"[0.17000000178813934, 0.5420420467853546, 0.3400000035762787, 0.8918918967247009]",0.290283,giraffe,giraffa camelopardalis,0.284362,order,uncertain
data/inaturalist/images/domestic_cattle/inat_domestic_cattle_03036.jpg,inaturalist,,domestic_cattle,1,"[0.16899999976158142, 0.5240240171551704, 0.33799999952316284, 0.9159159064292908]",0.352539,giraffe,giraffa camelopardalis,0.195967,order,uncertain
data/inaturalist/images/domestic_dog/inat_domestic_dog_00316.jpg,inaturalist,,domestic_dog,1,"[0.5460000038146973, 0.43014705181121826, 0.2639999985694885, 0.33578431606292725]",0.392822,american marten,martes americana,0.578568,order,flag
data/inaturalist/images/domestic_dog/inat_domestic_dog_00866.jpg,inaturalist,,domestic_dog,1,"[0.5811170116066933, 0.5790000148117542, 0.18882979452610016, 0.11400000005960464]",0.452637,white-tailed deer,odocoileus virginianus,0.82363,class,flag
data/inaturalist/images/domestic_dog/inat_domestic_dog_01153.jpg,inaturalist,,domestic_dog,1,"[0.25600001215934753, 0.6996996998786926, 0.5120000243186951, 0.49849849939346313]",0.387919,lion,panthera leo,0.823467,order,flag
data/inaturalist/images/domestic_dog/inat_domestic_dog_01177.jpg,inaturalist,,domestic_dog,1,"[0.31700000911951065, 0.902402400970459, 0.4620000123977661, 0.18918919563293457]",0.447998,guenther's dik-dik,madoqua guentheri,0.363762,class,flag
data/inaturalist/images/domestic_dog/inat_domestic_dog_01177.jpg,inaturalist,,domestic_dog,2,"[0.1080000028014183, 0.8738739043474197, 0.2160000056028366, 0.24624624848365784]",0.284668,arizona black-tailed prairie dog,cynomys ludovicianus,0.213418,class,uncertain
data/inaturalist/images/domestic_dog/inat_domestic_dog_01179.jpg,inaturalist,,domestic_dog,1,"[0.3409999907016754, 0.9009009003639221, 0.44999998807907104, 0.1921921968460083]",0.490967,arizona black-tailed prairie dog,cynomys ludovicianus,0.275718,class,uncertain
data/inaturalist/images/domestic_dog/inat_domestic_dog_01179.jpg,inaturalist,,domestic_dog,2,"[0.11900000274181366, 0.8723723441362381, 0.23800000548362732, 0.24924924969673157]",0.409912,thomson's gazelle,eudorcas thomsonii,0.143509,class,uncertain
data/inaturalist/images/domestic_dog/inat_domestic_dog_02088.jpg,inaturalist,,domestic_dog,1,"[0.4906666725873947, 0.5939999967813492, 0.36800000071525574, 0.42399999499320984]",0.494629,human,homo sapiens,0.54629,class,flag
data/inaturalist/images/domestic_donkey/inat_domestic_donkey_00049.jpg,inaturalist,,domestic_donkey,3,"[0.8630000054836273, 0.5746666640043259, 0.27399998903274536, 0.8453333377838135]",0.32129,human,homo sapiens,0.672367,class,flag
data/inaturalist/images/domestic_donkey/inat_domestic_donkey_00056.jpg,inaturalist,,domestic_donkey,1,"[0.16099999845027924, 0.09730539098381996, 0.1340000033378601, 0.11077844351530075]",0.404053,arizona black-tailed prairie dog,cynomys ludovicianus,0.83155,class,flag
data/inaturalist/images/domestic_donkey/inat_domestic_donkey_00076.jpg,inaturalist,,domestic_donkey,1,"[0.25, 0.5898203551769257, 0.5, 0.7784430980682373]",0.229858,red deer,cervus elaphus,0.259761,class,uncertain
data/inaturalist/images/domestic_donkey/inat_domestic_donkey_00079.jpg,inaturalist,,domestic_donkey,1,"[0.39500001072883606, 0.1437125764787197, 0.38600000739097595, 0.28143712878227234]",0.380673,domestic sheep,ovis aries,0.385162,class,flag
data/inaturalist/images/domestic_donkey/inat_domestic_donkey_00122.jpg,inaturalist,,domestic_donkey,1,"[0.3240000084042549, 0.5400000214576721, 0.15600000321865082, 0.36000001430511475]",0.455566,domestic cattle,bos taurus,0.375959,class,flag
data/inaturalist/images/domestic_donkey/inat_domestic_donkey_00123.jpg,inaturalist,,domestic_donkey,1,"[0.0949999988079071, 0.20270270481705666, 0.1899999976158142, 0.2912912964820862]",0.29839,wild boar,sus scrofa,0.338376,class,flag
data/inaturalist/images/domestic_donkey/inat_domestic_donkey_00319.jpg,inaturalist,,domestic_donkey,2,"[0.843999981880188, 0.41599999368190765, 0.2680000066757202, 0.4959999918937683]",0.473145,domestic sheep,ovis aries,0.368787,class,flag
data/inaturalist/images/domestic_donkey/inat_domestic_donkey_00351.jpg,inaturalist,,domestic_donkey,1,"[0.6530000269412994, 0.2515060231089592, 0.2540000081062317, 0.21987952291965485]",0.342436,domestic cattle,bos taurus,0.453165,class,flag
data/inaturalist/images/domestic_donkey/inat_domestic_donkey_00351.jpg,inaturalist,,domestic_donkey,2,"[0.2710000053048134, 0.6566264927387238, 0.1979999989271164, 0.6746987700462341]",0.234261,mule deer,odocoileus hemionus,0.254401,class,uncertain
data/inaturalist/images/domestic_donkey/inat_domestic_donkey_00365.jpg,inaturalist,,domestic_donkey,2,"[0.6959999948740005, 0.4543209969997406, 0.3919999897480011, 0.6567901372909546]",0.275635,mule deer,odocoileus hemionus,0.561184,class,flag
data/inaturalist/images/domestic_donkey/inat_domestic_donkey_00510.jpg,inaturalist,,domestic_donkey,1,"[0.6949999928474426, 0.49333332432433963, 0.6060000061988831, 0.981333315372467]",0.305536,domestic cattle,bos taurus,0.356398,class,flag
data/inaturalist/images/domestic_donkey/inat_domestic_donkey_00580.jpg,inaturalist,,domestic_donkey,1,"[0.25066667050123215, 0.5590000003576279, 0.2613333463668823, 0.26600000262260437]",0.423828,blue sheep,pseudois nayaur,0.326266,class,flag
data/inaturalist/images/domestic_donkey/inat_domestic_donkey_00595.jpg,inaturalist,,domestic_donkey,2,"[0.761000007390976, 0.657657653093338, 0.4020000100135803, 0.5345345139503479]",0.292236,domestic cattle,bos taurus,0.203304,class,uncertain
data/inaturalist/images/domestic_donkey/inat_domestic_donkey_00994.jpg,inaturalist,,domestic_donkey,4,"[0.08399999886751175, 0.41600000113248825, 0.09600000083446503, 0.12800000607967377]",0.268555,red deer,cervus elaphus,0.422751,class,flag
data/inaturalist/images/domestic_donkey/inat_domestic_donkey_01004.jpg,inaturalist,,domestic_donkey,2,"[0.20900000631809235, 0.4834834784269333, 0.2460000067949295, 0.34834834933280945]",0.327393,domestic cattle,bos taurus,0.159269,class,uncertain
data/inaturalist/images/domestic_horse/inat_domestic_horse_00104.jpg,inaturalist,,domestic_horse,1,"[0.36200001090765, 0.559366762638092, 0.15199999511241913, 0.2955145239830017]",0.248657,elk,cervus canadensis,0.812392,class,flag
data/inaturalist/images/domestic_horse/inat_domestic_horse_00154.jpg,inaturalist,,domestic_horse,3,"[0.5879999920725822, 0.626888208091259, 0.15600000321865082, 0.18429003655910492]",0.352783,domestic cattle,bos taurus,0.920109,class,flag
data/inaturalist/images/domestic_horse/inat_domestic_horse_00316.jpg,inaturalist,,domestic_horse,4,"[0.28600001335144043, 0.6246246248483658, 0.25600001215934753, 0.34834834933280945]",0.377441,domestic cattle,bos taurus,0.674573,class,flag
data/inaturalist/images/domestic_horse/inat_domestic_horse_00338.jpg,inaturalist,,domestic_horse,6,"[0.6379999965429306, 0.3181818202137947, 0.4519999921321869, 0.24815724790096283]",0.387695,domestic cattle,bos taurus,0.575989,class,flag
data/inaturalist/images/domestic_horse/inat_domestic_horse_00341.jpg,inaturalist,,domestic_horse,1,"[0.06499999761581421, 0.4174107238650322, 0.12999999523162842, 0.6830357313156128]",0.48291,common wildebeest,connochaetes taurinus,0.627417,class,flag
data/inaturalist/images/domestic_horse/inat_domestic_horse_00344.jpg,inaturalist,,domestic_horse,3,"[0.42899999022483826, 0.4866666719317436, 0.1940000057220459, 0.2160000056028366]",0.499512,domestic cattle,bos taurus,0.867511,class,flag
data/inaturalist/images/domestic_horse/inat_domestic_horse_00344.jpg,inaturalist,,domestic_horse,4,"[0.3370000123977661, 0.510666660964489, 0.16200000047683716, 0.1733333319425583]",0.271729,domestic cattle,bos taurus,0.869881,class,flag
data/inaturalist/images/domestic_horse/inat_domestic_horse_00448.jpg,inaturalist,,domestic_horse,3,"[0.77631576359272, 0.5609999895095825, 0.44736841320991516, 0.3659999966621399]",0.210571,domestic cattle,bos taurus,0.800768,class,flag
data/inaturalist/images/domestic_horse/inat_domestic_horse_00537.jpg,inaturalist,,domestic_horse,1,"[0.830000028014183, 0.597597599029541, 0.3400000035762787, 0.3843843936920166]",0.400635,white-tailed deer,odocoileus virginianus,0.518426,class,flag
data/inaturalist/images/domestic_horse/inat_domestic_horse_00539.jpg,inaturalist,,domestic_horse,2,"[0.6679999828338623, 0.802666649222374, 0.6639999747276306, 0.36800000071525574]",0.322002,domestic cattle,bos taurus,0.873744,class,flag
data/inaturalist/images/domestic_horse/inat_domestic_horse_00655.jpg,inaturalist,,domestic_horse,2,"[0.4599999934434891, 0.6232719123363495, 0.164000004529953, 0.20506912469863892]",0.356934,domestic cattle,bos taurus,0.908237,class,flag
data/inaturalist/images/domestic_horse/inat_domestic_horse_00683.jpg,inaturalist,,domestic_horse,2,"[0.21800000220537186, 0.7087086886167526, 0.2280000001192093, 0.3543543517589569]",0.242554,domestic cattle,bos taurus,0.38409,class,flag
data/inaturalist/images/domestic_horse/inat_domestic_horse_00743.jpg,inaturalist,,domestic_horse,2,"[0.25700000673532486, 0.3400000035762787, 0.2980000078678131, 0.2184615433216095]",0.202393,domestic cattle,bos taurus,0.659005,class,flag
data/inaturalist/images/domestic_horse/inat_domestic_horse_00822.jpg,inaturalist,,domestic_horse,1,"[0.5219999998807907, 0.27299999445676804, 0.2199999988079071, 0.15399999916553497]",0.328613,domestic cattle,bos taurus,0.615289,class,flag
data/inaturalist/images/domestic_horse/inat_domestic_horse_00875.jpg,inaturalist,,domestic_horse,1,"[0.4529999978840351, 0.5613333359360695, 0.11400000005960464, 0.14666666090488434]",0.368483,domestic cattle,bos taurus,0.599571,class,flag
data/inaturalist/images/domestic_horse/inat_domestic_horse_01004.jpg,inaturalist,,domestic_horse,1,"[0.5019999966025352, 0.5166162997484207, 0.21199999749660492, 0.6827794313430786]",0.278282,white-tailed deer,odocoileus virginianus,0.678259,class,flag
data/inaturalist/images/domestic_horse/inat_domestic_horse_01107.jpg,inaturalist,,domestic_horse,1,"[0.4270000010728836, 0.7282282114028931, 0.28999999165534973, 0.5255255103111267]",0.39624,domestic cattle,bos taurus,0.614899,class,flag
data/inaturalist/images/domestic_horse/inat_domestic_horse_01136.jpg,inaturalist,,domestic_horse,4,"[0.3590000122785568, 0.5866666734218597, 0.1459999978542328, 0.18666666746139526]",0.234009,northern chamois,rupicapra rupicapra,0.290321,class,uncertain
data/inaturalist/images/domestic_horse/inat_domestic_horse_01181.jpg,inaturalist,,domestic_horse,6,"[0.5389999970793724, 0.5168067365884781, 0.1420000046491623, 0.2661064565181732]",0.248169,domestic cattle,bos taurus,0.791621,class,flag
data/inaturalist/images/domestic_horse/inat_domestic_horse_01193.jpg,inaturalist,,domestic_horse,1,"[0.4259999990463257, 0.7312312126159668, 0.2879999876022339, 0.5195195078849792]",0.476318,domestic cattle,bos taurus,0.403282,class,flag
data/inaturalist/images/domestic_sheep/inat_domestic_sheep_00022.jpg,inaturalist,,domestic_sheep,1,"[0.40700000524520874, 0.4506666660308838, 0.25, 0.5920000076293945]",0.483398,human,homo sapiens,0.914362,class,flag
data/inaturalist/images/domestic_sheep/inat_domestic_sheep_00059.jpg,inaturalist,,domestic_sheep,6,"[0.49000000953674316, 0.3933333456516266, 0.20399999618530273, 0.36000001430511475]",0.261475,domestic donkey,equus asinus,0.256199,class,uncertain
data/inaturalist/images/domestic_sheep/inat_domestic_sheep_00245.jpg,inaturalist,,domestic_sheep,2,"[0.47200000286102295, 0.1510574072599411, 0.08799999952316284, 0.3021148145198822]",0.232666,mule deer,odocoileus hemionus,0.499342,order,flag
data/inaturalist/images/domestic_sheep/inat_domestic_sheep_00607.jpg,inaturalist,,domestic_sheep,1,"[0.30666666477918625, 0.6860000044107437, 0.47999998927116394, 0.4000000059604645]",0.416748,human,homo sapiens,0.380238,class,flag
data/inaturalist/images/domestic_sheep/inat_domestic_sheep_00631.jpg,inaturalist,,domestic_sheep,5,"[0.5470000058412552, 0.06133333221077919, 0.23399999737739563, 0.12266666442155838]",0.488287,western gray squirrel,sciurus griseus,0.268213,class,uncertain
data/inaturalist/images/domestic_sheep/inat_domestic_sheep_00631.jpg,inaturalist,,domestic_sheep,7,"[0.6419999897480011, 0.11600000411272049, 0.18000000715255737, 0.12533333897590637]",0.350098,northern palawan tree squirrel,sundasciurus juvencus,0.40289,class,flag
data/inaturalist/images/domestic_sheep/inat_domestic_sheep_01046.jpg,inaturalist,,domestic_sheep,8,"[0.6120000034570694, 0.21171171218156815, 0.2759999930858612, 0.19519519805908203]",0.350171,common warthog,phacochoerus africanus,0.643484,order,flag
data/inaturalist/images/domestic_sheep/inat_domestic_sheep_01239.jpg,inaturalist,,domestic_sheep,7,"[0.17400000244379044, 0.5613333284854889, 0.14800000190734863, 0.30666667222976685]",0.262207,coyote,canis latrans,0.278375,class,uncertain
data/inaturalist/images/domestic_sheep/inat_domestic_sheep_01557.jpg,inaturalist,,domestic_sheep,25,"[0.56700000166893, 0.1263345181941986, 0.1340000033378601, 0.1743772178888321]",0.366211,human,homo sapiens,0.254503,class,uncertain
data/inaturalist/images/domestic_sheep/inat_domestic_sheep_01670.jpg,inaturalist,,domestic_sheep,2,"[0.316000010818243, 0.6516516655683517, 0.11999999731779099, 0.33033034205436707]",0.422852,mule deer,odocoileus hemionus,0.439983,order,flag
data/inaturalist/images/domestic_sheep/inat_domestic_sheep_01670.jpg,inaturalist,,domestic_sheep,3,"[0.5190000087022781, 0.5090090185403824, 0.17800000309944153, 0.42942944169044495]",0.279541,red fox,vulpes vulpes,0.322348,class,flag
data/inaturalist/images/domestic_water_buffalo/inat_domestic_water_buffalo_00071.jpg,inaturalist,,domestic_water_buffalo,3,"[0.10599999874830246, 0.6693333089351654, 0.21199999749660492, 0.2773333191871643]",0.202148,white-tailed deer,odocoileus virginianus,0.220226,order,uncertain
data/inaturalist/images/domestic_water_buffalo/inat_domestic_water_buffalo_00246.jpg,inaturalist,,domestic_water_buffalo,4,"[0.42100000381469727, 0.5525525435805321, 0.12999999523162842, 0.16816817224025726]",0.204956,human,homo sapiens,0.101745,class,uncertain
data/inaturalist/images/domestic_water_buffalo/inat_domestic_water_buffalo_00456.jpg,inaturalist,,domestic_water_buffalo,1,"[0.46300001442432404, 0.8273273557424545, 0.414000004529953, 0.33933934569358826]",0.499023,mule deer,odocoileus hemionus,0.24532,order,uncertain
data/inaturalist/images/domestic_water_buffalo/inat_domestic_water_buffalo_00723.jpg,inaturalist,,domestic_water_buffalo,2,"[0.2809999957680702, 0.44408946484327316, 0.4819999933242798, 0.1341852992773056]",0.390381,american beaver,castor canadensis,0.358774,class,flag
data/inaturalist/images/dromedary_camel/inat_dromedary_camel_00229.jpg,inaturalist,,dromedary_camel,4,"[0.40300001204013824, 0.7867867946624756, 0.2619999945163727, 0.37837839126586914]",0.203979,domestic cattle,bos taurus,0.797482,order,flag
data/inaturalist/images/dromedary_camel/inat_dromedary_camel_00254.jpg,inaturalist,,dromedary_camel,1,"[0.7930000275373459, 0.5773333311080933, 0.414000004529953, 0.8346666693687439]",0.446392,domestic cattle,bos taurus,0.941987,order,flag
data/inaturalist/images/eared_seals/inat_eared_seals_00112.jpg,inaturalist,,eared_seals,2,"[0.5990000069141388, 0.338666670024395, 0.5220000147819519, 0.5493333339691162]",0.451416,domestic cattle,bos taurus,0.39616,no_match,flag
data/inaturalist/images/eared_seals/inat_eared_seals_00156.jpg,inaturalist,,eared_seals,1,"[0.7980000078678131, 0.4399999976158142, 0.23600000143051147, 0.20800000429153442]",0.352065,domestic cattle,bos taurus,0.325488,no_match,flag
data/inaturalist/images/eared_seals/inat_eared_seals_00157.jpg,inaturalist,,eared_seals,10,"[0.8799999877810478, 0.3879999965429306, 0.23999999463558197, 0.25600001215934753]",0.439697,giant otter,pteronura brasiliensis,0.605444,no_match,flag
data/inaturalist/images/eared_seals/inat_eared_seals_00255.jpg,inaturalist,,eared_seals,4,"[0.7549999952316284, 0.4506666660308838, 0.49000000953674316, 0.746666669845581]",0.334309,lion,panthera leo,0.252285,no_match,uncertain
data/inaturalist/images/eared_seals/inat_eared_seals_00255.jpg,inaturalist,,eared_seals,7,"[0.3659999966621399, 0.5840000063180923, 0.7319999933242798, 0.800000011920929]",0.236206,lion,panthera leo,0.452135,no_match,flag
data/inaturalist/images/eared_seals/inat_eared_seals_00257.jpg,inaturalist,,eared_seals,1,"[0.3889999985694885, 0.2240000064484775, 0.777999997138977, 0.4426666796207428]",0.207071,domestic cattle,bos taurus,0.543461,no_match,flag
data/inaturalist/images/eared_seals/inat_eared_seals_00285.jpg,inaturalist,,eared_seals,5,"[0.5831099152565002, 0.5819999799132347, 0.222520112991333, 0.15199999511241913]",0.408691,golden mantled ground squirrel,callospermophilus lateralis,0.329941,no_match,flag
data/inaturalist/images/eared_seals/inat_eared_seals_00292.jpg,inaturalist,,eared_seals,3,"[0.7870000004768372, 0.35285285115242004, 0.4259999990463257, 0.4534534513950348]",0.24573,domestic cattle,bos taurus,0.353424,no_match,flag
data/inaturalist/images/eared_seals/inat_eared_seals_00362.jpg,inaturalist,,eared_seals,2,"[0.794999971985817, 0.7906666398048401, 0.4099999964237213, 0.40799999237060547]",0.467773,common wildebeest,connochaetes taurinus,0.430163,no_match,flag
data/inaturalist/images/eared_seals/inat_eared_seals_00439.jpg,inaturalist,,eared_seals,2,"[0.5219999924302101, 0.4320000074803829, 0.871999979019165, 0.8106666803359985]",0.418806,human,homo sapiens,0.279459,no_match,uncertain
data/inaturalist/images/eared_seals/inat_eared_seals_00536.jpg,inaturalist,,eared_seals,1,"[0.9189999997615814, 0.24533333629369736, 0.16200000047683716, 0.42133334279060364]",0.421219,human,homo sapiens,0.863291,no_match,flag
data/inaturalist/images/eared_seals/inat_eared_seals_00556.jpg,inaturalist,,eared_seals,1,"[0.49900001287460327, 0.4959999918937683, 0.9980000257492065, 0.9919999837875366]",0.463153,lion,panthera leo,0.867096,no_match,flag
data/inaturalist/images/eared_seals/inat_eared_seals_00581.jpg,inaturalist,,eared_seals,10,"[0.3840000182390213, 0.39639638364315033, 0.13600000739097595, 0.14414414763450623]",0.322998,domestic cattle,bos taurus,0.533688,no_match,flag
data/inaturalist/images/eared_seals/inat_eared_seals_00581.jpg,inaturalist,,eared_seals,12,"[0.7299999967217445, 0.315315306186676, 0.1720000058412552, 0.15615615248680115]",0.208618,domestic cattle,bos taurus,0.647014,no_match,flag
data/inaturalist/images/eared_seals/inat_eared_seals_00679.jpg,inaturalist,,eared_seals,5,"[0.27699999511241913, 0.46666665375232697, 0.3779999911785126, 0.6186666488647461]",0.473389,giant otter,pteronura brasiliensis,0.31558,no_match,flag
data/inaturalist/images/eared_seals/inat_eared_seals_00679.jpg,inaturalist,,eared_seals,6,"[0.11500000208616257, 0.3919999897480011, 0.23000000417232513, 0.29866665601730347]",0.409956,giant otter,pteronura brasiliensis,0.453824,no_match,flag
data/inaturalist/images/eared_seals/inat_eared_seals_00698.jpg,inaturalist,,eared_seals,5,"[0.589000016450882, 0.6711711883544922, 0.3140000104904175, 0.6516516804695129]",0.49707,wild goat,capra aegagrus,0.6148,no_match,flag
data/inaturalist/images/eared_seals/inat_eared_seals_00708.jpg,inaturalist,,eared_seals,1,"[0.13199999928474426, 0.5120120197534561, 0.2639999985694885, 0.24924924969673157]",0.310151,yellow-bellied marmot,marmota flaviventris,0.610231,no_match,flag
data/inaturalist/images/eared_seals/inat_eared_seals_00800.jpg,inaturalist,,eared_seals,1,"[0.41600000858306885, 0.3279999941587448, 0.42800000309944153, 0.1706666648387909]",0.245117,giant otter,pteronura brasiliensis,0.152886,no_match,uncertain
data/inaturalist/images/eared_seals/inat_eared_seals_00841.jpg,inaturalist,,eared_seals,21,"[0.15700000524520874, 0.6336336582899094, 0.20200000703334808, 0.1621621549129486]",0.263916,domestic cattle,bos taurus,0.659845,no_match,flag
data/inaturalist/images/eared_seals/inat_eared_seals_00901.jpg,inaturalist,,eared_seals,2,"[0.07532467693090439, 0.6449999734759331, 0.15064935386180878, 0.23000000417232513]",0.254758,nutria,myocastor coypus,0.311031,no_match,flag
data/inaturalist/images/eared_seals/inat_eared_seals_00907.jpg,inaturalist,,eared_seals,4,"[0.47199998795986176, 0.45945946872234344, 0.6359999775886536, 0.33033034205436707]",0.212402,giant otter,pteronura brasiliensis,0.109959,no_match,uncertain
data/inaturalist/images/eared_seals/inat_eared_seals_01081.jpg,inaturalist,,eared_seals,3,"[0.3009999990463257, 0.6404321044683456, 0.3700000047683716, 0.3055555522441864]",0.254634,domestic horse,equus caballus,0.574934,no_match,flag
data/inaturalist/images/eared_seals/inat_eared_seals_01199.jpg,inaturalist,,eared_seals,10,"[0.7780000269412994, 0.5690690651535988, 0.11599999666213989, 0.231231227517128]",0.378906,eastern fox squirrel,sciurus niger,0.264114,no_match,uncertain
data/inaturalist/images/eared_seals/inat_eared_seals_01200.jpg,inaturalist,,eared_seals,15,"[0.19899999350309372, 0.5450450330972672, 0.27399998903274536, 0.26726725697517395]",0.275146,domestic cattle,bos taurus,0.608868,no_match,flag
data/inaturalist/images/eared_seals/inat_eared_seals_01238.jpg,inaturalist,,eared_seals,4,"[0.5600000023841858, 0.05066666752099991, 0.2680000066757202, 0.10133333504199982]",0.475842,white-tailed deer,odocoileus virginianus,0.322617,no_match,flag
data/inaturalist/images/eared_seals/inat_eared_seals_01259.jpg,inaturalist,,eared_seals,1,"[0.7299999892711639, 0.5853333175182343, 0.2639999985694885, 0.5306666493415833]",0.44165,giant otter,pteronura brasiliensis,0.617556,no_match,flag
data/inaturalist/images/eared_seals/inat_eared_seals_01305.jpg,inaturalist,,eared_seals,3,"[0.6700000017881393, 0.47466666251420975, 0.36399999260902405, 0.24533332884311676]",0.279053,human,homo sapiens,0.641331,no_match,flag
data/inaturalist/images/eared_seals/inat_eared_seals_01374.jpg,inaturalist,,eared_seals,3,"[0.1720000058412552, 0.4054054021835327, 0.3440000116825104, 0.5345345139503479]",0.490234,domestic cattle,bos taurus,0.230489,no_match,uncertain
data/inaturalist/images/eared_seals/inat_eared_seals_01505.jpg,inaturalist,,eared_seals,8,"[0.6650000214576721, 0.3293333426117897, 0.3140000104904175, 0.15733332931995392]",0.361328,white-tailed antelope squirrel,ammospermophilus leucurus,0.221685,no_match,uncertain
data/inaturalist/images/eared_seals/inat_eared_seals_01527.jpg,inaturalist,,eared_seals,19,"[0.2760000005364418, 0.830666646361351, 0.3240000009536743, 0.13600000739097595]",0.36792,domestic cattle,bos taurus,0.556419,no_match,flag
data/inaturalist/images/eared_seals/inat_eared_seals_01581.jpg,inaturalist,,eared_seals,5,"[0.33400000631809235, 0.3453453481197357, 0.35600000619888306, 0.27627629041671753]",0.292439,domestic cattle,bos taurus,0.488406,no_match,flag
data/inaturalist/images/eared_seals/inat_eared_seals_01680.jpg,inaturalist,,eared_seals,2,"[0.4529999941587448, 0.6531531661748886, 0.15000000596046448, 0.15915915369987488]",0.455078,nutria,myocastor coypus,0.184162,no_match,uncertain
data/inaturalist/images/eared_seals/inat_eared_seals_01742.jpg,inaturalist,,eared_seals,2,"[0.37200000090524554, 0.9106666669249535, 0.7360000014305115, 0.1733333319425583]",0.381836,domestic cattle,bos taurus,0.552791,no_match,flag
data/inaturalist/images/eared_seals/inat_eared_seals_01742.jpg,inaturalist,,eared_seals,3,"[0.41600000858306885, 0.5493333339691162, 0.5440000295639038, 0.437333345413208]",0.336914,domestic cattle,bos taurus,0.503017,no_match,flag
data/inaturalist/images/eared_seals/inat_eared_seals_01742.jpg,inaturalist,,eared_seals,5,"[0.7479999959468842, 0.6333333253860474, 0.5040000081062317, 0.29600000381469727]",0.228882,domestic cattle,bos taurus,0.686384,no_match,flag
data/inaturalist/images/eared_seals/inat_eared_seals_01743.jpg,inaturalist,,eared_seals,4,"[0.44200000166893005, 0.5879999920725822, 0.3240000009536743, 0.2266666740179062]",0.240723,domestic cattle,bos taurus,0.262071,no_match,uncertain
data/inaturalist/images/eared_seals/inat_eared_seals_01744.jpg,inaturalist,,eared_seals,5,"[0.6750000268220901, 0.6000000312924385, 0.2980000078678131, 0.1120000034570694]",0.289062,domestic cattle,bos taurus,0.858114,no_match,flag
data/inaturalist/images/eared_seals/inat_eared_seals_01775.jpg,inaturalist,,eared_seals,2,"[0.7020000070333481, 0.5330330282449722, 0.2759999930858612, 0.3453453481197357]",0.480469,domestic cattle,bos taurus,0.134461,no_match,uncertain
data/inaturalist/images/eared_seals/inat_eared_seals_01849.jpg,inaturalist,,eared_seals,5,"[0.22599999979138374, 0.6813333407044411, 0.3959999978542328, 0.20000000298023224]",0.488281,domestic cattle,bos taurus,0.90779,no_match,flag
data/inaturalist/images/eared_seals/inat_eared_seals_01908.jpg,inaturalist,,eared_seals,2,"[0.2409999966621399, 0.4296407252550125, 0.4819999933242798, 0.200598806142807]",0.340088,north american river otter,lontra canadensis,0.300351,no_match,flag
data/inaturalist/images/eared_seals/inat_eared_seals_01908.jpg,inaturalist,,eared_seals,3,"[0.39100001007318497, 0.3997005894780159, 0.21400000154972076, 0.18263472616672516]",0.27306,american beaver,castor canadensis,0.441383,no_match,flag
data/inaturalist/images/eared_seals/inat_eared_seals_01909.jpg,inaturalist,,eared_seals,1,"[0.2630000114440918, 0.39189188182353973, 0.5260000228881836, 0.2432432472705841]",0.475342,american beaver,castor canadensis,0.411869,no_match,flag
data/inaturalist/images/eared_seals/inat_eared_seals_01909.jpg,inaturalist,,eared_seals,4,"[0.3959999978542328, 0.37387385964393616, 0.25999999046325684, 0.20720720291137695]",0.263055,american beaver,castor canadensis,0.374353,no_match,flag
data/inaturalist/images/eared_seals/inat_eared_seals_02005.jpg,inaturalist,,eared_seals,10,"[0.5560000091791153, 0.526666671037674, 0.36399999260902405, 0.13066667318344116]",0.471298,coyote,canis latrans,0.510175,no_match,flag
data/inaturalist/images/eared_seals/inat_eared_seals_02068.jpg,inaturalist,,eared_seals,4,"[0.3830000013113022, 0.4413333237171173, 0.3100000023841858, 0.5306666493415833]",0.425573,domestic cattle,bos taurus,0.757412,no_match,flag
data/inaturalist/images/eared_seals/inat_eared_seals_02080.jpg,inaturalist,,eared_seals,3,"[0.3630000054836273, 0.4444444328546524, 0.28600001335144043, 0.4744744598865509]",0.459424,human,homo sapiens,0.674103,no_match,flag
data/inaturalist/images/eared_seals/inat_eared_seals_02080.jpg,inaturalist,,eared_seals,5,"[0.41700001060962677, 0.3378378301858902, 0.17800000309944153, 0.2612612545490265]",0.210712,human,homo sapiens,0.622813,no_match,flag
data/inaturalist/images/eared_seals/inat_eared_seals_02186.jpg,inaturalist,,eared_seals,1,"[0.7879999727010727, 0.49719099700450897, 0.42399999499320984, 0.4101123511791229]",0.49634,red deer,cervus elaphus,0.197448,no_match,uncertain
data/inaturalist/images/eared_seals/inat_eared_seals_02186.jpg,inaturalist,,eared_seals,2,"[0.11100000143051147, 0.32584270904771984, 0.22200000286102295, 0.6460674405097961]",0.461463,human,homo sapiens,0.563915,no_match,flag
data/inaturalist/images/eared_seals/inat_eared_seals_02186.jpg,inaturalist,,eared_seals,3,"[0.3840000182390213, 0.49578650295734406, 0.6320000290870667, 0.8567415475845337]",0.421219,domestic horse,equus caballus,0.208521,no_match,uncertain
data/inaturalist/images/eared_seals/inat_eared_seals_02208.jpg,inaturalist,,eared_seals,3,"[0.34234235249459743, 0.34300000220537186, 0.6666666865348816, 0.5139999985694885]",0.20754,common eland,tragelaphus oryx,0.331224,no_match,flag
data/inaturalist/images/eared_seals/inat_eared_seals_02208.jpg,inaturalist,,eared_seals,4,"[0.16216215677559376, 0.46799999475479126, 0.2702702581882477, 0.2720000147819519]",0.200195,domestic cattle,bos taurus,0.177807,no_match,uncertain
data/inaturalist/images/eared_seals/inat_eared_seals_02308.jpg,inaturalist,,eared_seals,9,"[0.36200001090765, 0.5480480343103409, 0.2160000056028366, 0.15315315127372742]",0.279649,domestic cattle,bos taurus,0.702902,no_match,flag
data/inaturalist/images/eared_seals/inat_eared_seals_02344.jpg,inaturalist,,eared_seals,1,"[0.5130000114440918, 0.1941489428281784, 0.2540000081062317, 0.3882978856563568]",0.479248,giant otter,pteronura brasiliensis,0.492125,no_match,flag
data/inaturalist/images/eared_seals/inat_eared_seals_02361.jpg,inaturalist,,eared_seals,1,"[0.33909574151039124, 0.49300000071525574, 0.43882977962493896, 0.37400001287460327]",0.485107,puma,puma concolor,0.20246,no_match,uncertain
data/inaturalist/images/eared_seals/inat_eared_seals_02389.jpg,inaturalist,,eared_seals,2,"[0.431999996304512, 0.5420420244336128, 0.2800000011920929, 0.13513512909412384]",0.431885,north american river otter,lontra canadensis,0.308679,no_match,flag
data/inaturalist/images/eared_seals/inat_eared_seals_02407.jpg,inaturalist,,eared_seals,6,"[0.6939999982714653, 0.6826666593551636, 0.23999999463558197, 0.15466666221618652]",0.203247,coyote,canis latrans,0.197797,no_match,uncertain
data/inaturalist/images/eared_seals/inat_eared_seals_02409.jpg,inaturalist,,eared_seals,2,"[0.5340000092983246, 0.36533334851264954, 0.8920000195503235, 0.5440000295639038]",0.278672,north american river otter,lontra canadensis,0.389729,no_match,flag
data/inaturalist/images/eared_seals/inat_eared_seals_02414.jpg,inaturalist,,eared_seals,2,"[0.7000000178813934, 0.4909909963607788, 0.6000000238418579, 0.9819819927215576]",0.223426,common wildebeest,connochaetes taurinus,0.365355,no_match,flag
data/inaturalist/images/eared_seals/inat_eared_seals_02439.jpg,inaturalist,,eared_seals,1,"[0.5319999977946281, 0.17117117531597614, 0.9359999895095825, 0.3363363444805145]",0.226418,domestic cattle,bos taurus,0.685879,no_match,flag
data/inaturalist/images/eared_seals/inat_eared_seals_02501.jpg,inaturalist,,eared_seals,4,"[0.30000000447034836, 0.8399999886751175, 0.23999999463558197, 0.31466665863990784]",0.443604,thomson's gazelle,eudorcas thomsonii,0.237349,no_match,uncertain
data/inaturalist/images/eared_seals/inat_eared_seals_02501.jpg,inaturalist,,eared_seals,5,"[0.07500000298023224, 0.4386666566133499, 0.15000000596046448, 0.24799999594688416]",0.383789,human,homo sapiens,0.568368,no_match,flag
data/inaturalist/images/eared_seals/inat_eared_seals_02629.jpg,inaturalist,,eared_seals,6,"[0.6830000057816505, 0.8020000159740448, 0.15399999916553497, 0.23600000143051147]",0.373414,human,homo sapiens,0.56023,no_match,flag
data/inaturalist/images/eared_seals/inat_eared_seals_02629.jpg,inaturalist,,eared_seals,11,"[0.8020000159740448, 0.5689999908208847, 0.30000001192092896, 0.26600000262260437]",0.253294,human,homo sapiens,0.263813,no_match,uncertain
data/inaturalist/images/eared_seals/inat_eared_seals_02668.jpg,inaturalist,,eared_seals,2,"[0.1679999977350235, 0.6053333580493927, 0.335999995470047, 0.5226666927337646]",0.247314,domestic cattle,bos taurus,0.533719,no_match,flag
data/inaturalist/images/eared_seals/inat_eared_seals_02726.jpg,inaturalist,,eared_seals,8,"[0.460999995470047, 0.3258258253335953, 0.1899999976158142, 0.26726725697517395]",0.384521,yellow-bellied marmot,marmota flaviventris,0.258131,no_match,uncertain
data/inaturalist/images/eared_seals/inat_eared_seals_02726.jpg,inaturalist,,eared_seals,10,"[0.8139999881386757, 0.5525525510311127, 0.1720000058412552, 0.39039039611816406]",0.320156,human,homo sapiens,0.158031,no_match,uncertain
data/inaturalist/images/eared_seals/inat_eared_seals_02728.jpg,inaturalist,,eared_seals,9,"[0.0949999988079071, 0.4841269850730896, 0.1899999976158142, 0.1972789168357849]",0.356689,domestic cattle,bos taurus,0.382242,no_match,flag
data/inaturalist/images/eared_seals/inat_eared_seals_02791.jpg,inaturalist,,eared_seals,4,"[0.48582995869219303, 0.5050000175833702, 0.9149797558784485, 0.7940000295639038]",0.400048,common wildebeest,connochaetes taurinus,0.786319,no_match,flag
data/inaturalist/images/eared_seals/inat_eared_seals_02791.jpg,inaturalist,,eared_seals,8,"[0.2722672000527382, 0.23399999737739563, 0.39878541231155396, 0.164000004529953]",0.274414,domestic cattle,bos taurus,0.497703,no_match,flag
data/inaturalist/images/eared_seals/inat_eared_seals_02792.jpg,inaturalist,,eared_seals,5,"[0.5011363646481186, 0.710597813129425, 0.9977272748947144, 0.5570651888847351]",0.233651,lion,panthera leo,0.607285,no_match,flag
data/inaturalist/images/eared_seals/inat_eared_seals_02874.jpg,inaturalist,,eared_seals,4,"[0.46133334934711456, 0.6869999915361404, 0.5440000295639038, 0.4099999964237213]",0.413574,nutria,myocastor coypus,0.45212,no_match,flag
data/inaturalist/images/eared_seals/inat_eared_seals_02898.jpg,inaturalist,,eared_seals,12,"[0.35999999940395355, 0.30180180072784424, 0.29600000381469727, 0.15315315127372742]",0.250488,common wildebeest,connochaetes taurinus,0.450488,no_match,flag
data/inaturalist/images/eared_seals/inat_eared_seals_02912.jpg,inaturalist,,eared_seals,30,"[0.5690000057220459, 0.8493333458900452, 0.34200000762939453, 0.29600000381469727]",0.353027,coyote,canis latrans,0.376927,no_match,flag
data/inaturalist/images/eared_seals/inat_eared_seals_02950.jpg,inaturalist,,eared_seals,1,"[0.14499999582767487, 0.752000018954277, 0.28999999165534973, 0.3253333270549774]",0.46745,giant otter,pteronura brasiliensis,0.451792,no_match,flag
data/inaturalist/images/eared_seals/inat_eared_seals_02999.jpg,inaturalist,,eared_seals,8,"[0.1133333370089531, 0.546999990940094, 0.2266666740179062, 0.25]",0.491006,giant otter,pteronura brasiliensis,0.649536,no_match,flag
data/inaturalist/images/eared_seals/inat_eared_seals_02999.jpg,inaturalist,,eared_seals,10,"[0.15999999595806003, 0.8809999823570251, 0.31466665863990784, 0.22200000286102295]",0.420258,human,homo sapiens,0.584121,no_match,flag
data/inaturalist/images/eared_seals/inat_eared_seals_03026.jpg,inaturalist,,eared_seals,9,"[0.2630000114440918, 0.40133334696292877, 0.5260000228881836, 0.36000001430511475]",0.257812,domestic cattle,bos taurus,0.80405,no_match,flag
data/inaturalist/images/eared_seals/inat_eared_seals_03026.jpg,inaturalist,,eared_seals,10,"[0.5679999887943268, 0.1319999983534217, 0.6679999828338623, 0.25333333015441895]",0.251953,domestic cattle,bos taurus,0.575585,no_match,flag
data/inaturalist/images/eared_seals/inat_eared_seals_03090.jpg,inaturalist,,eared_seals,2,"[0.17466667294502258, 0.32500000298023224, 0.34933334589004517, 0.33399999141693115]",0.304199,giant otter,pteronura brasiliensis,0.558425,no_match,flag
data/inaturalist/images/eared_seals/inat_eared_seals_03144.jpg,inaturalist,,eared_seals,8,"[0.6380000114440918, 0.44749999791383743, 0.29600000381469727, 0.20999999344348907]",0.448486,north american river otter,lontra canadensis,0.47012,no_match,flag
data/inaturalist/images/eared_seals/inat_eared_seals_03280.jpg,inaturalist,,eared_seals,1,"[0.3347457507625222, 0.4349999949336052, 0.6638417840003967, 0.6579999923706055]",0.325928,giant otter,pteronura brasiliensis,0.788948,no_match,flag
data/inaturalist/images/eared_seals/inat_eared_seals_03311.jpg,inaturalist,,eared_seals,1,"[0.5, 0.7402402460575104, 1.0, 0.5195195078849792]",0.39,common wildebeest,connochaetes taurinus,0.717994,no_match,flag
data/inaturalist/images/eared_seals/inat_eared_seals_03620.jpg,inaturalist,,eared_seals,13,"[0.23499999940395355, 0.57357357442379, 0.1899999976158142, 0.15615615248680115]",0.250977,thomson's gazelle,eudorcas thomsonii,0.338237,no_match,flag
data/inaturalist/images/eared_seals/inat_eared_seals_03645.jpg,inaturalist,,eared_seals,4,"[0.7360000014305115, 0.20720721036195755, 0.5199999809265137, 0.39039039611816406]",0.429688,human,homo sapiens,0.321003,no_match,flag
data/inaturalist/images/eared_seals/inat_eared_seals_03767.jpg,inaturalist,,eared_seals,2,"[0.17800000309944153, 0.4413333381526172, 0.35600000619888306, 0.8773333430290222]",0.298098,giant otter,pteronura brasiliensis,0.471094,no_match,flag
data/inaturalist/images/eared_seals/inat_eared_seals_03923.jpg,inaturalist,,eared_seals,3,"[0.6549999937415123, 0.5173333436250687, 0.1979999989271164, 0.18133333325386047]",0.353281,human,homo sapiens,0.761314,no_match,flag
data/inaturalist/images/eared_seals/inat_eared_seals_03923.jpg,inaturalist,,eared_seals,4,"[0.5230000093579292, 0.37066665291786194, 0.18199999630451202, 0.14399999380111694]",0.235209,domestic cattle,bos taurus,0.781667,no_match,flag
data/inaturalist/images/eared_seals/inat_eared_seals_03928.jpg,inaturalist,,eared_seals,1,"[0.2370000034570694, 0.49399398267269135, 0.23800000548362732, 0.33933934569358826]",0.238281,domestic cattle,bos taurus,0.485189,no_match,flag
data/inaturalist/images/eared_seals/inat_eared_seals_04067.jpg,inaturalist,,eared_seals,2,"[0.23333333432674408, 0.4260000139474869, 0.2213333398103714, 0.2800000011920929]",0.474609,common wildebeest,connochaetes taurinus,0.596307,no_match,flag
data/inaturalist/images/eared_seals/inat_eared_seals_04082.jpg,inaturalist,,eared_seals,15,"[0.5269999988377094, 0.3986666724085808, 0.11400000005960464, 0.1626666635274887]",0.286377,domestic cattle,bos taurus,0.510649,no_match,flag
data/inaturalist/images/eared_seals/inat_eared_seals_04091.jpg,inaturalist,,eared_seals,2,"[0.43800000846385956, 0.33033032715320587, 0.656000018119812, 0.24024024605751038]",0.223755,american beaver,castor canadensis,0.205565,no_match,uncertain
data/inaturalist/images/eared_seals/inat_eared_seals_04112.jpg,inaturalist,,eared_seals,1,"[0.31866668118163943, 0.4729999899864197, 0.6320000290870667, 0.6859999895095825]",0.494387,human,homo sapiens,0.886184,no_match,flag
data/inaturalist/images/eared_seals/inat_eared_seals_04178.jpg,inaturalist,,eared_seals,1,"[0.3049999997019768, 0.5120000243186951, 0.414000004529953, 0.5226666927337646]",0.479492,domestic cattle,bos taurus,0.789107,no_match,flag
data/inaturalist/images/eared_seals/inat_eared_seals_04213.jpg,inaturalist,,eared_seals,5,"[0.7019999921321869, 0.47999998927116394, 0.5559999942779541, 0.48533332347869873]",0.207886,domestic cattle,bos taurus,0.276864,no_match,uncertain
data/inaturalist/images/eared_seals/inat_eared_seals_04215.jpg,inaturalist,,eared_seals,6,"[0.4649999961256981, 0.4453333243727684, 0.6859999895095825, 0.23999999463558197]",0.2859,common wildebeest,connochaetes taurinus,0.518288,no_match,flag
data/inaturalist/images/eared_seals/inat_eared_seals_04243.jpg,inaturalist,,eared_seals,1,"[0.17733333632349968, 0.4260000139474869, 0.3173333406448364, 0.2199999988079071]",0.400097,human,homo sapiens,0.411906,no_match,flag
data/inaturalist/images/eared_seals/inat_eared_seals_04254.jpg,inaturalist,,eared_seals,1,"[0.3630000054836273, 0.6479999870061874, 0.7260000109672546, 0.36800000071525574]",0.498292,domestic cattle,bos taurus,0.230395,no_match,uncertain
data/inaturalist/images/eared_seals/inat_eared_seals_04254.jpg,inaturalist,,eared_seals,4,"[0.5499999821186066, 0.4533333331346512, 0.5479999780654907, 0.4000000059604645]",0.210169,giant otter,pteronura brasiliensis,0.369633,no_match,flag
data/inaturalist/images/eared_seals/inat_eared_seals_04458.jpg,inaturalist,,eared_seals,5,"[0.22199999494478106, 0.4369369298219681, 0.4359999895095825, 0.33933934569358826]",0.242069,giant otter,pteronura brasiliensis,0.241714,no_match,uncertain
data/inaturalist/images/eared_seals/inat_eared_seals_04507.jpg,inaturalist,,eared_seals,3,"[0.6050000041723251, 0.5298507437109947, 0.1459999978542328, 0.19402985274791718]",0.489746,red deer,cervus elaphus,0.201317,no_match,uncertain
data/inaturalist/images/eared_seals/inat_eared_seals_04508.jpg,inaturalist,,eared_seals,2,"[0.4310000091791153, 0.6827485412359238, 0.3540000021457672, 0.48830410838127136]",0.220961,guenther's dik-dik,madoqua guentheri,0.38347,no_match,flag
data/inaturalist/images/eared_seals/inat_eared_seals_04530.jpg,inaturalist,,eared_seals,2,"[0.6069999933242798, 0.5013369098305702, 0.12999999523162842, 0.11497326195240021]",0.30127,nutria,myocastor coypus,0.219548,no_match,uncertain
data/inaturalist/images/eared_seals/inat_eared_seals_04549.jpg,inaturalist,,eared_seals,6,"[0.6690000295639038, 0.458666667342186, 0.1940000057220459, 0.3253333270549774]",0.222412,california ground squirrel,otospermophilus beecheyi,0.101033,no_match,uncertain
data/inaturalist/images/eared_seals/inat_eared_seals_04550.jpg,inaturalist,,eared_seals,2,"[0.5140000060200691, 0.5746666640043259, 0.20000000298023224, 0.24799999594688416]",0.486328,common wildebeest,connochaetes taurinus,0.570877,no_match,flag
data/inaturalist/images/eared_seals/inat_eared_seals_04557.jpg,inaturalist,,eared_seals,3,"[0.29976852238178253, 0.7639999911189079, 0.15509259700775146, 0.23999999463558197]",0.438965,domestic cattle,bos taurus,0.163419,no_match,uncertain
data/inaturalist/images/eared_seals/inat_eared_seals_04558.jpg,inaturalist,,eared_seals,5,"[0.5869999974966049, 0.7573333531618118, 0.23800000548362732, 0.2666666805744171]",0.378906,giant otter,pteronura brasiliensis,0.200472,no_match,uncertain
data/inaturalist/images/eared_seals/inat_eared_seals_04606.jpg,inaturalist,,eared_seals,2,"[0.5900000035762787, 0.5599999874830246, 0.4480000138282776, 0.335999995470047]",0.447266,giant otter,pteronura brasiliensis,0.499695,no_match,flag
data/inaturalist/images/eared_seals/inat_eared_seals_04611.jpg,inaturalist,,eared_seals,3,"[0.17900000512599945, 0.42933332920074463, 0.3580000102519989, 0.2720000147819519]",0.219116,domestic cattle,bos taurus,0.536089,no_match,flag
data/inaturalist/images/eared_seals/inat_eared_seals_04737.jpg,inaturalist,,eared_seals,2,"[0.7699999958276749, 0.16533333016559482, 0.25200000405311584, 0.3253333270549774]",0.283553,human,homo sapiens,0.424414,no_match,flag
data/inaturalist/images/eared_seals/inat_eared_seals_04788.jpg,inaturalist,,eared_seals,1,"[0.2759999930858612, 0.6126126199960709, 0.5519999861717224, 0.7567567825317383]",0.349927,giant otter,pteronura brasiliensis,0.674512,no_match,flag
data/inaturalist/images/eared_seals/inat_eared_seals_04789.jpg,inaturalist,,eared_seals,1,"[0.6909999847412109, 0.6966966986656189, 0.6179999709129333, 0.5885885953903198]",0.491211,american beaver,castor canadensis,0.175915,no_match,uncertain
data/inaturalist/images/eared_seals/inat_eared_seals_04820.jpg,inaturalist,,eared_seals,1,"[0.4310000017285347, 0.2552552595734596, 0.15399999916553497, 0.3843843936920166]",0.355225,eastern gray squirrel,sciurus carolinensis,0.222766,no_match,uncertain
data/inaturalist/images/eared_seals/inat_eared_seals_04820.jpg,inaturalist,,eared_seals,2,"[0.5240000039339066, 0.25825826078653336, 0.3400000035762787, 0.3843843936920166]",0.209473,human,homo sapiens,0.498681,no_match,flag
data/inaturalist/images/eared_seals/inat_eared_seals_04912.jpg,inaturalist,,eared_seals,2,"[0.8939999863505363, 0.26266665756702423, 0.21199999749660492, 0.37066665291786194]",0.402391,common wildebeest,connochaetes taurinus,0.477783,no_match,flag
data/inaturalist/images/eared_seals/inat_eared_seals_04957.jpg,inaturalist,,eared_seals,2,"[0.6629999801516533, 0.42800000309944153, 0.20200000703334808, 0.23199999332427979]",0.490479,human,homo sapiens,0.493224,no_match,flag
data/inaturalist/images/eared_seals/inat_eared_seals_04962.jpg,inaturalist,,eared_seals,1,"[0.37300000339746475, 0.33183182775974274, 0.2460000067949295, 0.3933933973312378]",0.467773,north american river otter,lontra canadensis,0.498952,no_match,flag
data/inaturalist/images/eared_seals/inat_eared_seals_04982.jpg,inaturalist,,eared_seals,3,"[0.164000004529953, 0.5900900810956955, 0.328000009059906, 0.25525525212287903]",0.215698,domestic cattle,bos taurus,0.391285,no_match,flag
data/inaturalist/images/eared_seals/inat_eared_seals_05006.jpg,inaturalist,,eared_seals,1,"[0.6820000112056732, 0.4984985049813986, 0.6320000290870667, 0.9789789915084839]",0.373901,hartebeest,alcelaphus buselaphus,0.321196,no_match,flag
data/inaturalist/images/eared_seals/inat_eared_seals_05006.jpg,inaturalist,,eared_seals,2,"[0.09200000017881393, 0.64714714884758, 0.18400000035762787, 0.5195195078849792]",0.240866,hartebeest,alcelaphus buselaphus,0.33644,no_match,flag
data/inaturalist/images/eared_seals/inat_eared_seals_05009.jpg,inaturalist,,eared_seals,1,"[0.14399999380111694, 0.591317355632782, 0.2879999876022339, 0.4341317415237427]",0.304485,domestic cattle,bos taurus,0.183903,no_match,uncertain
data/inaturalist/images/eared_seals/inat_eared_seals_05010.jpg,inaturalist,,eared_seals,1,"[0.14399999380111694, 0.5900900959968567, 0.2879999876022339, 0.4054054021835327]",0.459248,domestic cattle,bos taurus,0.303906,no_match,flag
data/inaturalist/images/eared_seals/inat_eared_seals_05011.jpg,inaturalist,,eared_seals,1,"[0.1599999964237213, 0.6171171218156815, 0.3199999928474426, 0.44144144654273987]",0.255978,domestic cattle,bos taurus,0.320704,no_match,flag
data/inaturalist/images/eared_seals/inat_eared_seals_05037.jpg,inaturalist,,eared_seals,1,"[0.3930000066757202, 0.7327327132225037, 0.4740000069141388, 0.5285285115242004]",0.482422,domestic cattle,bos taurus,0.633337,no_match,flag
data/inaturalist/images/eared_seals/inat_eared_seals_05048.jpg,inaturalist,,eared_seals,2,"[0.18400000035762787, 0.1931137703359127, 0.36800000071525574, 0.3802395164966583]",0.339922,domestic cattle,bos taurus,0.148423,no_match,uncertain
data/inaturalist/images/eared_seals/inat_eared_seals_05053.jpg,inaturalist,,eared_seals,3,"[0.26099999248981476, 0.3123123049736023, 0.17399999499320984, 0.2522522509098053]",0.286133,elk,cervus canadensis,0.303947,no_match,flag
data/inaturalist/images/eared_seals/inat_eared_seals_05063.jpg,inaturalist,,eared_seals,1,"[0.4880000203847885, 0.2859281376004219, 0.3440000116825104, 0.326347291469574]",0.418213,domestic cattle,bos taurus,0.495177,no_match,flag
data/inaturalist/images/eared_seals/inat_eared_seals_05063.jpg,inaturalist,,eared_seals,3,"[0.3330000003334135, 0.5658682733774185, 0.6620000004768372, 0.8502994179725647]",0.291707,domestic cattle,bos taurus,0.314975,no_match,flag
data/inaturalist/images/eared_seals/inat_eared_seals_05068.jpg,inaturalist,,eared_seals,2,"[0.8650000244379044, 0.4969970006495714, 0.27000001072883606, 0.9879879951477051]",0.418958,hartebeest,alcelaphus buselaphus,0.576138,no_match,flag
data/inaturalist/images/eared_seals/inat_eared_seals_05071.jpg,inaturalist,,eared_seals,2,"[0.4230000078678131, 0.6377245560288429, 0.3580000102519989, 0.24550898373126984]",0.466553,domestic cattle,bos taurus,0.789677,no_match,flag
data/inaturalist/images/eared_seals/inat_eared_seals_05172.jpg,inaturalist,,eared_seals,2,"[0.6049999743700027, 0.5870870724320412, 0.20600000023841858, 0.231231227517128]",0.34668,domestic cattle,bos taurus,0.90409,no_match,flag
data/inaturalist/images/eared_seals/inat_eared_seals_05235.jpg,inaturalist,,eared_seals,1,"[0.3059999942779541, 0.5525525659322739, 0.6119999885559082, 0.45045045018196106]",0.410156,human,homo sapiens,0.718507,no_match,flag
data/inaturalist/images/eared_seals/inat_eared_seals_05244.jpg,inaturalist,,eared_seals,1,"[0.3089999854564667, 0.21021020971238613, 0.6179999709129333, 0.402402400970459]",0.384334,domestic cattle,bos taurus,0.544872,no_match,flag
data/inaturalist/images/eared_seals/inat_eared_seals_05259.jpg,inaturalist,,eared_seals,1,"[0.21700000204145908, 0.21021020598709583, 0.414000004529953, 0.4144144058227539]",0.237317,common wildebeest,connochaetes taurinus,0.32745,no_match,flag
data/inaturalist/images/eared_seals/inat_eared_seals_05260.jpg,inaturalist,,eared_seals,1,"[0.22999999299645424, 0.20870870538055897, 0.41999998688697815, 0.4114114046096802]",0.250853,domestic cattle,bos taurus,0.334152,no_match,flag
data/inaturalist/images/eared_seals/inat_eared_seals_05329.jpg,inaturalist,,eared_seals,19,"[0.6410000026226044, 0.4933333247900009, 0.3700000047683716, 0.1706666648387909]",0.467773,common wildebeest,connochaetes taurinus,0.707383,no_match,flag
data/inaturalist/images/eared_seals/inat_eared_seals_05399.jpg,inaturalist,,eared_seals,2,"[0.5560000091791153, 0.45378151535987854, 0.6600000262260437, 0.4425770342350006]",0.204346,domestic cattle,bos taurus,0.414479,no_match,flag
data/inaturalist/images/eared_seals/inat_eared_seals_05496.jpg,inaturalist,,eared_seals,2,"[0.5679999887943268, 0.7379999756813049, 0.2773333191871643, 0.3240000009536743]",0.346754,domestic cattle,bos taurus,0.541828,no_match,flag
data/inaturalist/images/eared_seals/inat_eared_seals_05525.jpg,inaturalist,,eared_seals,1,"[0.8253333121538162, 0.227999996393919, 0.30133333802223206, 0.335999995470047]",0.271352,human,homo sapiens,0.783913,no_match,flag
data/inaturalist/images/eared_seals/inat_eared_seals_05581.jpg,inaturalist,,eared_seals,1,"[0.2789999954402447, 0.08799999952316284, 0.44999998807907104, 0.17599999904632568]",0.264648,domestic dog,canis familiaris,0.646315,no_match,flag
data/inaturalist/images/eared_seals/inat_eared_seals_05581.jpg,inaturalist,,eared_seals,3,"[0.25400000414811075, 0.47066665440797806, 0.5040000081062317, 0.8613333106040955]",0.216236,topi,damaliscus lunatus,0.537297,no_match,flag
data/inaturalist/images/eared_seals/inat_eared_seals_05586.jpg,inaturalist,,eared_seals,2,"[0.888000026345253, 0.30900000035762787, 0.2240000069141388, 0.28999999165534973]",0.328453,thomson's gazelle,eudorcas thomsonii,0.267185,no_match,uncertain
data/inaturalist/images/eared_seals/inat_eared_seals_05663.jpg,inaturalist,,eared_seals,1,"[0.40500000678002834, 0.56456458568573, 0.7860000133514404, 0.8528528809547424]",0.471707,mule deer,odocoileus hemionus,0.206882,no_match,uncertain
data/inaturalist/images/eared_seals/inat_eared_seals_05680.jpg,inaturalist,,eared_seals,24,"[0.7109999731183052, 0.47597596794366837, 0.09399999678134918, 0.22522522509098053]",0.342285,domestic dog,canis familiaris,0.231328,no_match,uncertain
data/inaturalist/images/eared_seals/inat_eared_seals_05680.jpg,inaturalist,,eared_seals,26,"[0.2800000011920929, 0.8168168216943741, 0.18000000715255737, 0.2522522509098053]",0.252686,lion,panthera leo,0.4859,no_match,flag
data/inaturalist/images/eared_seals/inat_eared_seals_05683.jpg,inaturalist,,eared_seals,1,"[0.2460000067949295, 0.5640000104904175, 0.492000013589859, 0.6159999966621399]",0.24695,common wildebeest,connochaetes taurinus,0.436541,no_match,flag
data/inaturalist/images/eared_seals/inat_eared_seals_05701.jpg,inaturalist,,eared_seals,6,"[0.6440000087022781, 0.4399399310350418, 0.3160000145435333, 0.33933934569358826]",0.298584,giant otter,pteronura brasiliensis,0.177896,no_match,uncertain
data/inaturalist/images/eared_seals/inat_eared_seals_05751.jpg,inaturalist,,eared_seals,1,"[0.30399999022483826, 0.4346666778437793, 0.6079999804496765, 0.8640000224113464]",0.256766,domestic cattle,bos taurus,0.870906,no_match,flag
data/inaturalist/images/eared_seals/inat_eared_seals_05788.jpg,inaturalist,,eared_seals,6,"[0.22599999606609344, 0.29866667091846466, 0.4519999921321869, 0.25066667795181274]",0.479736,common wildebeest,connochaetes taurinus,0.782823,no_match,flag
data/inaturalist/images/eared_seals/inat_eared_seals_05861.jpg,inaturalist,,eared_seals,20,"[0.09200000017881393, 0.35200001299381256, 0.18400000035762787, 0.2613333463668823]",0.240479,yellow-bellied marmot,marmota flaviventris,0.175576,no_match,uncertain
data/inaturalist/images/eared_seals/inat_eared_seals_05896.jpg,inaturalist,,eared_seals,1,"[0.5119999945163727, 0.4319999888539314, 0.6959999799728394, 0.23466666042804718]",0.214041,human,homo sapiens,0.703213,no_match,flag
data/inaturalist/images/eared_seals/inat_eared_seals_05899.jpg,inaturalist,,eared_seals,1,"[0.4220000058412552, 0.5093333423137665, 0.5040000081062317, 0.218666672706604]",0.202683,human,homo sapiens,0.425159,no_match,flag
data/inaturalist/images/eared_seals/inat_eared_seals_05914.jpg,inaturalist,,eared_seals,4,"[0.5230000019073486, 0.477011501789093, 0.7820000052452087, 0.36206895112991333]",0.328215,lion,panthera leo,0.388094,no_match,flag
data/inaturalist/images/eared_seals/inat_eared_seals_05971.jpg,inaturalist,,eared_seals,1,"[0.47600001096725464, 0.575999990105629, 0.8360000252723694, 0.46000000834465027]",0.44043,yellow-bellied marmot,marmota flaviventris,0.649715,no_match,flag
data/inaturalist/images/eared_seals/inat_eared_seals_05984.jpg,inaturalist,,eared_seals,4,"[0.2213333398103714, 0.5600000023841858, 0.4426666796207428, 0.3199999928474426]",0.251098,common wildebeest,connochaetes taurinus,0.330344,no_match,flag
data/inaturalist/images/eared_seals/inat_eared_seals_06106.jpg,inaturalist,,eared_seals,1,"[0.7739999741315842, 0.6741741597652435, 0.4519999921321869, 0.39939939975738525]",0.455832,common wildebeest,connochaetes taurinus,0.644208,no_match,flag
data/inaturalist/images/eared_seals/inat_eared_seals_06208.jpg,inaturalist,,eared_seals,2,"[0.888000026345253, 0.3460000120103359, 0.2240000069141388, 0.09200000017881393]",0.277588,arizona black-tailed prairie dog,cynomys ludovicianus,0.445816,no_match,flag
data/inaturalist/images/eared_seals/inat_eared_seals_06257.jpg,inaturalist,,eared_seals,2,"[0.3089999854564667, 0.157657653093338, 0.6179999709129333, 0.315315306186676]",0.443387,common wildebeest,connochaetes taurinus,0.570952,no_match,flag
data/inaturalist/images/eared_seals/inat_eared_seals_06274.jpg,inaturalist,,eared_seals,2,"[0.5830000042915344, 0.6879999935626984, 0.49000000953674316, 0.6079999804496765]",0.495605,domestic cattle,bos taurus,0.685022,no_match,flag
data/inaturalist/images/eared_seals/inat_eared_seals_06274.jpg,inaturalist,,eared_seals,4,"[0.3739999979734421, 0.4586666598916054, 0.5, 0.7839999794960022]",0.27439,domestic cattle,bos taurus,0.520775,no_match,flag
data/inaturalist/images/eared_seals/inat_eared_seals_06274.jpg,inaturalist,,eared_seals,5,"[0.2370000034570694, 0.6106666773557663, 0.23000000417232513, 0.42133334279060364]",0.268912,common wildebeest,connochaetes taurinus,0.453963,no_match,flag
data/inaturalist/images/eared_seals/inat_eared_seals_06284.jpg,inaturalist,,eared_seals,1,"[0.4309999863617122, 0.1867977543734014, 0.8539999723434448, 0.36235955357551575]",0.370613,giant otter,pteronura brasiliensis,0.375587,no_match,flag
data/inaturalist/images/eared_seals/inat_eared_seals_06284.jpg,inaturalist,,eared_seals,2,"[0.7359999865293503, 0.17696629534475505, 0.25600001215934753, 0.3483146131038666]",0.21106,human,homo sapiens,0.399707,no_match,flag
data/inaturalist/images/eared_seals/inat_eared_seals_06302.jpg,inaturalist,,eared_seals,1,"[0.1720000058412552, 0.5789999961853027, 0.3440000116825104, 0.3619999885559082]",0.446045,capra species,capra,0.124772,no_match,uncertain
data/inaturalist/images/eared_seals/inat_eared_seals_06302.jpg,inaturalist,,eared_seals,2,"[0.3840000033378601, 0.5130000114440918, 0.7680000066757202, 0.4860000014305115]",0.33374,giant otter,pteronura brasiliensis,0.822424,no_match,flag
data/inaturalist/images/eared_seals/inat_eared_seals_06349.jpg,inaturalist,,eared_seals,2,"[0.19700000388547778, 0.7493333145976067, 0.38600000739097595, 0.23999999463558197]",0.38501,domestic cattle,bos taurus,0.407946,no_match,flag
data/inaturalist/images/eared_seals/inat_eared_seals_06500.jpg,inaturalist,,eared_seals,2,"[0.27800000458955765, 0.35466666519641876, 0.19599999487400055, 0.4320000112056732]",0.386829,human,homo sapiens,0.608194,no_match,flag
data/inaturalist/images/eared_seals/inat_eared_seals_06545.jpg,inaturalist,,eared_seals,1,"[0.917333334684372, 0.08900000154972076, 0.1653333306312561, 0.17800000309944153]",0.456159,coyote,canis latrans,0.339905,no_match,flag
data/inaturalist/images/eared_seals/inat_eared_seals_06618.jpg,inaturalist,,eared_seals,4,"[0.5226666554808617, 0.6030000001192093, 0.1066666692495346, 0.15000000596046448]",0.471924,human,homo sapiens,0.500865,no_match,flag
data/inaturalist/images/eared_seals/inat_eared_seals_06673.jpg,inaturalist,,eared_seals,1,"[0.4879999980330467, 0.39400000125169754, 0.23999999463558197, 0.1720000058412552]",0.412109,human,homo sapiens,0.630233,no_match,flag
data/inaturalist/images/eared_seals/inat_eared_seals_06705.jpg,inaturalist,,eared_seals,5,"[0.22200000286102295, 0.6171171218156815, 0.4440000057220459, 0.44744744896888733]",0.214966,domestic cattle,bos taurus,0.339892,no_match,flag
data/inaturalist/images/eared_seals/inat_eared_seals_06739.jpg,inaturalist,,eared_seals,5,"[0.12800000607967377, 0.6726726591587067, 0.25600001215934753, 0.5465465188026428]",0.29201,domestic cattle,bos taurus,0.781677,no_match,flag
data/inaturalist/images/eared_seals/inat_eared_seals_06809.jpg,inaturalist,,eared_seals,2,"[0.37300000339746475, 0.6400000005960464, 0.15399999916553497, 0.25200000405311584]",0.359619,domestic cattle,bos taurus,0.239283,no_match,uncertain
data/inaturalist/images/eared_seals/inat_eared_seals_06812.jpg,inaturalist,,eared_seals,1,"[0.5310000032186508, 0.560000017285347, 0.8100000023841858, 0.40400001406669617]",0.499756,domestic cattle,bos taurus,0.354289,no_match,flag
data/inaturalist/images/eared_seals/inat_eared_seals_06841.jpg,inaturalist,,eared_seals,2,"[0.44200000166893005, 0.4946666657924652, 0.2879999876022339, 0.47200000286102295]",0.330322,domestic cattle,bos taurus,0.738154,no_match,flag
data/inaturalist/images/eared_seals/inat_eared_seals_06841.jpg,inaturalist,,eared_seals,3,"[0.38099999725818634, 0.6146666705608368, 0.5059999823570251, 0.7120000123977661]",0.250122,domestic cattle,bos taurus,0.585484,no_match,flag
data/inaturalist/images/eared_seals/inat_eared_seals_06952.jpg,inaturalist,,eared_seals,1,"[0.2760000005364418, 0.41141142696142197, 0.47200000286102295, 0.6546546816825867]",0.479746,lion,panthera leo,0.471796,no_match,flag
data/inaturalist/images/eared_seals/inat_eared_seals_06952.jpg,inaturalist,,eared_seals,3,"[0.27300000190734863, 0.7777777910232544, 0.5460000038146973, 0.42042040824890137]",0.342529,domestic cattle,bos taurus,0.624132,no_match,flag
data/inaturalist/images/eared_seals/inat_eared_seals_07027.jpg,inaturalist,,eared_seals,3,"[0.6700000017881393, 0.5015015006065369, 0.31200000643730164, 0.21021020412445068]",0.333495,human,homo sapiens,0.422162,no_match,flag
data/inaturalist/images/eared_seals/inat_eared_seals_07055.jpg,inaturalist,,eared_seals,7,"[0.3470000047236681, 0.5413333177566528, 0.6660000085830688, 0.5546666383743286]",0.242914,human,homo sapiens,0.330942,no_match,flag
data/inaturalist/images/eared_seals/inat_eared_seals_07079.jpg,inaturalist,,eared_seals,1,"[0.4739999920129776, 0.30666667222976685, 0.8119999766349792, 0.6133333444595337]",0.467057,lowland tapir,tapirus terrestris,0.497904,no_match,flag
data/inaturalist/images/eared_seals/inat_eared_seals_07088.jpg,inaturalist,,eared_seals,1,"[0.300000007962808, 0.6319999992847443, 0.5960000157356262, 0.7253333330154419]",0.497804,common wildebeest,connochaetes taurinus,0.370143,no_match,flag
data/inaturalist/images/eared_seals/inat_eared_seals_07088.jpg,inaturalist,,eared_seals,2,"[0.25, 0.33733333600685, 0.5, 0.6693333387374878]",0.27124,giant otter,pteronura brasiliensis,0.122891,no_match,uncertain
data/inaturalist/images/eared_seals/inat_eared_seals_07092.jpg,inaturalist,,eared_seals,1,"[0.3670000024139881, 0.29866665601730347, 0.6940000057220459, 0.5973333120346069]",0.48612,common wildebeest,connochaetes taurinus,0.327252,no_match,flag
data/inaturalist/images/eared_seals/inat_eared_seals_07116.jpg,inaturalist,,eared_seals,1,"[0.6060000061988831, 0.5180180110037327, 0.7160000205039978, 0.9219219088554382]",0.473158,giant otter,pteronura brasiliensis,0.212256,no_match,uncertain
data/inaturalist/images/eared_seals/inat_eared_seals_07117.jpg,inaturalist,,eared_seals,1,"[0.6030000001192093, 0.5330330282449722, 0.4699999988079071, 0.7237237095832825]",0.329185,domestic cattle,bos taurus,0.278879,no_match,uncertain
data/inaturalist/images/eared_seals/inat_eared_seals_07139.jpg,inaturalist,,eared_seals,1,"[0.8039999753236771, 0.4959999918937683, 0.3919999897480011, 0.9919999837875366]",0.484657,common wildebeest,connochaetes taurinus,0.649247,no_match,flag
data/inaturalist/images/eared_seals/inat_eared_seals_07139.jpg,inaturalist,,eared_seals,2,"[0.10999999940395355, 0.5189999938011169, 0.2199999988079071, 0.6779999732971191]",0.450023,lion,panthera leo,0.715403,no_match,flag
data/inaturalist/images/eared_seals/inat_eared_seals_07139.jpg,inaturalist,,eared_seals,4,"[0.3690000136848539, 0.16500000655651093, 0.734000027179718, 0.33000001311302185]",0.333498,common wildebeest,connochaetes taurinus,0.228553,no_match,uncertain
data/inaturalist/images/eared_seals/inat_eared_seals_07139.jpg,inaturalist,,eared_seals,6,"[0.4180000126361847, 0.32899999618530273, 0.6600000262260437, 0.28999999165534973]",0.204656,lion,panthera leo,0.652521,no_match,flag
data/inaturalist/images/eared_seals/inat_eared_seals_07232.jpg,inaturalist,,eared_seals,5,"[0.041999999433755875, 0.6501501649618149, 0.08399999886751175, 0.15915915369987488]",0.409912,domestic cat,felis catus,0.108758,no_match,uncertain
data/inaturalist/images/eared_seals/inat_eared_seals_07428.jpg,inaturalist,,eared_seals,2,"[0.3440000042319298, 0.4413333386182785, 0.5320000052452087, 0.2906666696071625]",0.495117,coyote,canis latrans,0.200311,no_match,uncertain
data/inaturalist/images/eared_seals/inat_eared_seals_07466.jpg,inaturalist,,eared_seals,2,"[0.5590000003576279, 0.5750750601291656, 0.3179999887943268, 0.2012012004852295]",0.294157,human,homo sapiens,0.666608,no_match,flag
data/inaturalist/images/eared_seals/inat_eared_seals_07502.jpg,inaturalist,,eared_seals,2,"[0.08399999886751175, 0.3439999967813492, 0.1679999977350235, 0.20399999618530273]",0.468262,human,homo sapiens,0.708296,no_match,flag
data/inaturalist/images/eared_seals/inat_eared_seals_07516.jpg,inaturalist,,eared_seals,3,"[0.07500000298023224, 0.15866666659712791, 0.15000000596046448, 0.2693333327770233]",0.210449,yellow-bellied marmot,marmota flaviventris,0.23048,no_match,uncertain
data/inaturalist/images/eared_seals/inat_eared_seals_07554.jpg,inaturalist,,eared_seals,2,"[0.42799998819828033, 0.5719999745488167, 0.30133333802223206, 0.14000000059604645]",0.413295,human,homo sapiens,0.517991,no_match,flag
data/inaturalist/images/eared_seals/inat_eared_seals_07554.jpg,inaturalist,,eared_seals,3,"[0.5, 0.4779999926686287, 0.2853333353996277, 0.20000000298023224]",0.403658,human,homo sapiens,0.737712,no_match,flag
data/inaturalist/images/eared_seals/inat_eared_seals_07600.jpg,inaturalist,,eared_seals,2,"[0.05999999865889549, 0.5675675570964813, 0.11999999731779099, 0.3123123049736023]",0.27184,domestic goat,capra aegagrus hircus,0.235713,no_match,uncertain
data/inaturalist/images/eared_seals/inat_eared_seals_07604.jpg,inaturalist,,eared_seals,2,"[0.42100000381469727, 0.15915915369987488, 0.8420000076293945, 0.31831830739974976]",0.33252,domestic cattle,bos taurus,0.405864,no_match,flag
data/inaturalist/images/eared_seals/inat_eared_seals_07644.jpg,inaturalist,,eared_seals,2,"[0.5173333138227463, 0.2589999958872795, 0.7413333058357239, 0.4059999883174896]",0.467529,human,homo sapiens,0.828838,no_match,flag
data/inaturalist/images/eared_seals/inat_eared_seals_07644.jpg,inaturalist,,eared_seals,4,"[0.4546666592359543, 0.12300000246614218, 0.6959999799728394, 0.23000000417232513]",0.362793,human,homo sapiens,0.917996,no_match,flag
data/inaturalist/images/eared_seals/inat_eared_seals_07644.jpg,inaturalist,,eared_seals,6,"[0.7600000202655792, 0.17500000074505806, 0.47466665506362915, 0.3100000023841858]",0.264648,human,homo sapiens,0.723402,no_match,flag
data/inaturalist/images/eared_seals/inat_eared_seals_07646.jpg,inaturalist,,eared_seals,1,"[0.21066667139530182, 0.5300000160932541, 0.42133334279060364, 0.2840000092983246]",0.360352,giant otter,pteronura brasiliensis,0.238893,no_match,uncertain
data/inaturalist/images/eared_seals/inat_eared_seals_07647.jpg,inaturalist,,eared_seals,1,"[0.36133334040641785, 0.19300000369548798, 0.7226666808128357, 0.38600000739097595]",0.324982,giant otter,pteronura brasiliensis,0.626091,no_match,flag
data/inaturalist/images/eared_seals/inat_eared_seals_07672.jpg,inaturalist,,eared_seals,6,"[0.40800000727176666, 0.5379999950528145, 0.36266666650772095, 0.1720000058412552]",0.392334,giant otter,pteronura brasiliensis,0.542623,no_match,flag
data/inaturalist/images/eared_seals/inat_eared_seals_07722.jpg,inaturalist,,eared_seals,3,"[0.5333333164453506, 0.49799999594688416, 0.9173333048820496, 0.9959999918937683]",0.213001,human,homo sapiens,0.538614,no_match,flag
data/inaturalist/images/eared_seals/inat_eared_seals_07733.jpg,inaturalist,,eared_seals,2,"[0.32599999010562897, 0.64714714884758, 0.41999998688697815, 0.2912912964820862]",0.365234,common wildebeest,connochaetes taurinus,0.471937,no_match,flag
data/inaturalist/images/eared_seals/inat_eared_seals_07733.jpg,inaturalist,,eared_seals,3,"[0.47300001233816147, 0.3933933973312378, 0.23000000417232513, 0.20420420169830322]",0.279053,domestic cattle,bos taurus,0.671478,no_match,flag
data/inaturalist/images/eared_seals/inat_eared_seals_07774.jpg,inaturalist,,eared_seals,3,"[0.5610000044107437, 0.36666665971279144, 0.32199999690055847, 0.4026666581630707]",0.357422,domestic cattle,bos taurus,0.590034,no_match,flag
data/inaturalist/images/eared_seals/inat_eared_seals_07792.jpg,inaturalist,,eared_seals,1,"[0.49900001287460327, 0.680180162191391, 0.9980000257492065, 0.5435435175895691]",0.413944,domestic horse,equus caballus,0.552286,no_match,flag
data/inaturalist/images/eared_seals/inat_eared_seals_07804.jpg,inaturalist,,eared_seals,1,"[0.531000018119812, 0.6936936974525452, 0.7940000295639038, 0.5945945978164673]",0.321045,giraffe,giraffa camelopardalis,0.945852,no_match,flag
data/inaturalist/images/eared_seals/inat_eared_seals_07824.jpg,inaturalist,,eared_seals,2,"[0.6050000041723251, 0.541916161775589, 0.28999999165534973, 0.6167664527893066]",0.407516,giant otter,pteronura brasiliensis,0.367252,no_match,flag
data/inaturalist/images/eared_seals/inat_eared_seals_07825.jpg,inaturalist,,eared_seals,1,"[0.4520000070333481, 0.7057057172060013, 0.46000000834465027, 0.43843844532966614]",0.415771,nutria,myocastor coypus,0.268024,no_match,uncertain
data/inaturalist/images/eared_seals/inat_eared_seals_07825.jpg,inaturalist,,eared_seals,2,"[0.6969999969005585, 0.5630630701780319, 0.6060000061988831, 0.6696696877479553]",0.304443,nutria,myocastor coypus,0.42694,no_match,flag
data/inaturalist/images/eared_seals/inat_eared_seals_07830.jpg,inaturalist,,eared_seals,1,"[0.49900001287460327, 0.5690690726041794, 0.9980000257492065, 0.7957957983016968]",0.246338,domestic cattle,bos taurus,0.868271,no_match,flag
data/inaturalist/images/eared_seals/inat_eared_seals_07868.jpg,inaturalist,,eared_seals,2,"[0.48399999737739563, 0.46846847236156464, 0.699999988079071, 0.49849849939346313]",0.289165,common wildebeest,connochaetes taurinus,0.17669,no_match,uncertain
data/inaturalist/images/eared_seals/inat_eared_seals_07899.jpg,inaturalist,,eared_seals,2,"[0.5, 0.5405405536293983, 1.0, 0.8528528809547424]",0.372683,common wildebeest,connochaetes taurinus,0.399135,no_match,flag
data/inaturalist/images/eared_seals/inat_eared_seals_07901.jpg,inaturalist,,eared_seals,1,"[0.12600000202655792, 0.851351335644722, 0.25200000405311584, 0.2432432472705841]",0.434788,human,homo sapiens,0.716393,no_match,flag
data/inaturalist/images/eared_seals/inat_eared_seals_07940.jpg,inaturalist,,eared_seals,1,"[0.26199999055825174, 0.44744744896888733, 0.5199999809265137, 0.6966966986656189]",0.368376,domestic cattle,bos taurus,0.556587,no_match,flag
data/inaturalist/images/eared_seals/inat_eared_seals_08044.jpg,inaturalist,,eared_seals,2,"[0.4029999931808561, 0.15465465374290943, 0.8019999861717224, 0.3033033013343811]",0.378418,human,homo sapiens,0.49093,no_match,flag
data/inaturalist/images/eared_seals/inat_eared_seals_08081.jpg,inaturalist,,eared_seals,6,"[0.23400000110268593, 0.13513512909412384, 0.3840000033378601, 0.2702702581882477]",0.41565,domestic cattle,bos taurus,0.316504,no_match,flag
data/inaturalist/images/eared_seals/inat_eared_seals_08081.jpg,inaturalist,,eared_seals,7,"[0.11100000143051147, 0.13963963277637959, 0.22200000286102295, 0.2732732594013214]",0.307597,domestic cattle,bos taurus,0.887658,no_match,flag
data/inaturalist/images/eared_seals/inat_eared_seals_08085.jpg,inaturalist,,eared_seals,1,"[0.23599999747239053, 0.6321321129798889, 0.46799999475479126, 0.717717707157135]",0.336262,domestic cattle,bos taurus,0.943809,no_match,flag
data/inaturalist/images/eared_seals/inat_eared_seals_08117.jpg,inaturalist,,eared_seals,1,"[0.613999992609024, 0.5480480566620827, 0.7559999823570251, 0.8738738894462585]",0.443691,human,homo sapiens,0.868573,no_match,flag
data/inaturalist/images/eared_seals/inat_eared_seals_08234.jpg,inaturalist,,eared_seals,2,"[0.7179999947547913, 0.3973333276808262, 0.5600000023841858, 0.671999990940094]",0.467545,lion,panthera leo,0.523796,no_match,flag
data/inaturalist/images/eared_seals/inat_eared_seals_08243.jpg,inaturalist,,eared_seals,5,"[0.5080000162124634, 0.4099099189043045, 0.29600000381469727, 0.2432432472705841]",0.329834,giant otter,pteronura brasiliensis,0.624385,no_match,flag
data/inaturalist/images/eared_seals/inat_eared_seals_08245.jpg,inaturalist,,eared_seals,3,"[0.6330000013113022, 0.5540540665388107, 0.2939999997615814, 0.35735735297203064]",0.338135,giant otter,pteronura brasiliensis,0.339891,no_match,flag
data/inaturalist/images/eared_seals/inat_eared_seals_08279.jpg,inaturalist,,eared_seals,6,"[0.5280000120401382, 0.7267267107963562, 0.9200000166893005, 0.5345345139503479]",0.304293,human,homo sapiens,0.484478,no_match,flag
data/inaturalist/images/eared_seals/inat_eared_seals_08281.jpg,inaturalist,,eared_seals,8,"[0.3930000141263008, 0.6373333409428596, 0.15399999916553497, 0.1120000034570694]",0.496094,domestic cattle,bos taurus,0.688044,no_match,flag
data/inaturalist/images/eared_seals/inat_eared_seals_08296.jpg,inaturalist,,eared_seals,1,"[0.3970000147819519, 0.4109756201505661, 0.28200000524520874, 0.3926829397678375]",0.290283,domestic cattle,bos taurus,0.43129,no_match,flag
data/inaturalist/images/eared_seals/inat_eared_seals_08341.jpg,inaturalist,,eared_seals,2,"[0.5290000140666962, 0.30480480194091797, 0.3700000047683716, 0.2612612545490265]",0.222656,giant otter,pteronura brasiliensis,0.508662,no_match,flag
data/inaturalist/images/eared_seals/inat_eared_seals_08411.jpg,inaturalist,,eared_seals,1,"[0.6559999883174896, 0.599397599697113, 0.41200000047683716, 0.7831325531005859]",0.466919,human,homo sapiens,0.542574,no_match,flag
data/inaturalist/images/eared_seals/inat_eared_seals_08412.jpg,inaturalist,,eared_seals,1,"[0.6559999883174896, 0.599397599697113, 0.41200000047683716, 0.7831325531005859]",0.466919,human,homo sapiens,0.542574,no_match,flag
data/inaturalist/images/eared_seals/inat_eared_seals_08414.jpg,inaturalist,,eared_seals,1,"[0.2590000033378601, 0.28915661573410034, 0.44600000977516174, 0.5783132314682007]",0.496582,giant otter,pteronura brasiliensis,0.233723,no_match,uncertain
data/inaturalist/images/eared_seals/inat_eared_seals_08418.jpg,inaturalist,,eared_seals,1,"[0.2590000033378601, 0.28915661573410034, 0.44600000977516174, 0.5783132314682007]",0.496582,giant otter,pteronura brasiliensis,0.233723,no_match,uncertain
data/inaturalist/images/eared_seals/inat_eared_seals_08450.jpg,inaturalist,,eared_seals,6,"[0.6059999987483025, 0.7921686917543411, 0.2160000056028366, 0.35542169213294983]",0.232495,human,homo sapiens,0.651999,no_match,flag
data/inaturalist/images/eared_seals/inat_eared_seals_08505.jpg,inaturalist,,eared_seals,4,"[0.20600000023841858, 0.5525525510311127, 0.41200000047683716, 0.3843843936920166]",0.236206,domestic cattle,bos taurus,0.523178,no_match,flag
data/inaturalist/images/eared_seals/inat_eared_seals_08520.jpg,inaturalist,,eared_seals,2,"[0.7200000137090683, 0.21171170473098755, 0.2199999988079071, 0.4234234094619751]",0.450439,common wildebeest,connochaetes taurinus,0.372537,no_match,flag
data/inaturalist/images/eared_seals/inat_eared_seals_08520.jpg,inaturalist,,eared_seals,3,"[0.10599999874830246, 0.38288289308547974, 0.21199999749660492, 0.3753753900527954]",0.418457,common wildebeest,connochaetes taurinus,0.465913,no_match,flag
data/inaturalist/images/eared_seals/inat_eared_seals_08524.jpg,inaturalist,,eared_seals,1,"[0.42799999564886093, 0.5890957415103912, 0.18400000035762787, 0.5079787373542786]",0.392693,human,homo sapiens,0.464412,no_match,flag
data/inaturalist/images/eared_seals/inat_eared_seals_08564.jpg,inaturalist,,eared_seals,1,"[0.2432432398200035, 0.2110000029206276, 0.3543543517589569, 0.10999999940395355]",0.33252,north american river otter,lontra canadensis,0.24384,no_match,uncertain
data/inaturalist/images/eared_seals/inat_eared_seals_08576.jpg,inaturalist,,eared_seals,1,"[0.40299998968839645, 0.5731382966041565, 0.16599999368190765, 0.5505319237709045]",0.447958,human,homo sapiens,0.253171,no_match,uncertain
data/inaturalist/images/eared_seals/inat_eared_seals_08663.jpg,inaturalist,,eared_seals,2,"[0.6809999942779541, 0.4069069027900696, 0.4020000100135803, 0.5255255103111267]",0.295953,human,homo sapiens,0.724025,no_match,flag
data/inaturalist/images/eared_seals/inat_eared_seals_08691.jpg,inaturalist,,eared_seals,13,"[0.2580000013113022, 0.40400000661611557, 0.29600000381469727, 0.15199999511241913]",0.341309,domestic cattle,bos taurus,0.763779,no_match,flag
data/inaturalist/images/eared_seals/inat_eared_seals_08866.jpg,inaturalist,,eared_seals,1,"[0.4020000100135803, 0.7387387454509735, 0.8040000200271606, 0.5045045018196106]",0.399337,lion,panthera leo,0.431219,no_match,flag
data/inaturalist/images/eared_seals/inat_eared_seals_08876.jpg,inaturalist,,eared_seals,1,"[0.7700000181794167, 0.31333333253860474, 0.2280000001192093, 0.445333331823349]",0.263184,wild boar,sus scrofa,0.404425,no_match,flag
data/inaturalist/images/eared_seals/inat_eared_seals_08924.jpg,inaturalist,,eared_seals,1,"[0.07900000363588333, 0.23573573119938374, 0.15800000727176666, 0.4654654562473297]",0.227587,capybara,hydrochoerus hydrochaeris,0.283291,no_match,uncertain
data/inaturalist/images/eared_seals/inat_eared_seals_08988.jpg,inaturalist,,eared_seals,2,"[0.11999999731779099, 0.5581039935350418, 0.18799999356269836, 0.22324159741401672]",0.345703,domestic cattle,bos taurus,0.22158,no_match,uncertain
data/inaturalist/images/eared_seals/inat_eared_seals_08990.jpg,inaturalist,,eared_seals,5,"[0.4659999907016754, 0.5090090185403824, 0.35199999809265137, 0.5915915966033936]",0.377197,domestic cattle,bos taurus,0.23516,no_match,uncertain
data/inaturalist/images/eared_seals/inat_eared_seals_08991.jpg,inaturalist,,eared_seals,5,"[0.7119999900460243, 0.5270270183682442, 0.20000000298023224, 0.231231227517128]",0.296143,domestic cat,felis catus,0.178229,no_match,uncertain
data/inaturalist/images/eared_seals/inat_eared_seals_09017.jpg,inaturalist,,eared_seals,2,"[0.5590000003576279, 0.5733333379030228, 0.2939999997615814, 0.2666666805744171]",0.283203,giant otter,pteronura brasiliensis,0.180048,no_match,uncertain
data/inaturalist/images/eared_seals/inat_eared_seals_09024.jpg,inaturalist,,eared_seals,1,"[0.18700000643730164, 0.5000000018626451, 0.37400001287460327, 0.9939939975738525]",0.377864,common wildebeest,connochaetes taurinus,0.229483,no_match,uncertain
data/inaturalist/images/eared_seals/inat_eared_seals_09037.jpg,inaturalist,,eared_seals,4,"[0.9399999938905239, 0.42942944169044495, 0.11999999731779099, 0.28828829526901245]",0.31,human,homo sapiens,0.581559,no_match,flag
data/inaturalist/images/eared_seals/inat_eared_seals_09066.jpg,inaturalist,,eared_seals,1,"[0.1509999930858612, 0.513513520359993, 0.3019999861717224, 0.24024024605751038]",0.410156,human,homo sapiens,0.887154,no_match,flag
data/inaturalist/images/eared_seals/inat_eared_seals_09077.jpg,inaturalist,,eared_seals,7,"[0.45399999618530273, 0.6349999979138374, 0.41999998688697815, 0.15800000727176666]",0.277344,domestic cattle,bos taurus,0.638841,no_match,flag
data/inaturalist/images/eared_seals/inat_eared_seals_09097.jpg,inaturalist,,eared_seals,6,"[0.4089999943971634, 0.34117647260427475, 0.39800000190734863, 0.2294117659330368]",0.347486,domestic horse,equus caballus,0.670924,no_match,flag
data/inaturalist/images/eared_seals/inat_eared_seals_09098.jpg,inaturalist,,eared_seals,3,"[0.45399999618530273, 0.45495495200157166, 0.42399999499320984, 0.41741740703582764]",0.389648,giant otter,pteronura brasiliensis,0.627065,no_match,flag
data/inaturalist/images/eared_seals/inat_eared_seals_09099.jpg,inaturalist,,eared_seals,10,"[0.2569999871775508, 0.5570570528507233, 0.5019999742507935, 0.3033033013343811]",0.217651,giant otter,pteronura brasiliensis,0.639914,no_match,flag
data/inaturalist/images/eared_seals/inat_eared_seals_09116.jpg,inaturalist,,eared_seals,6,"[0.24666666239500046, 0.4599999934434891, 0.14133332669734955, 0.19200000166893005]",0.207825,human,homo sapiens,0.520719,no_match,flag
data/inaturalist/images/eared_seals/inat_eared_seals_09211.jpg,inaturalist,,eared_seals,2,"[0.5760000050067902, 0.4253333304077387, 0.7080000042915344, 0.7919999957084656]",0.346172,human,homo sapiens,0.817294,no_match,flag
data/inaturalist/images/eared_seals/inat_eared_seals_09252.jpg,inaturalist,,eared_seals,1,"[0.6759999990463257, 0.1653333306312561, 0.6480000019073486, 0.3306666612625122]",0.479014,north american river otter,lontra canadensis,0.588989,no_match,flag
data/inaturalist/images/eared_seals/inat_eared_seals_09258.jpg,inaturalist,,eared_seals,2,"[0.22300000488758087, 0.42266666144132614, 0.44600000977516174, 0.1733333319425583]",0.222534,domestic cattle,bos taurus,0.45994,no_match,flag
data/inaturalist/images/eared_seals/inat_eared_seals_09329.jpg,inaturalist,,eared_seals,1,"[0.2939999997615814, 0.4879879951477051, 0.5879999995231628, 0.9759759902954102]",0.444279,african elephant,loxodonta africana,0.31306,no_match,flag
data/inaturalist/images/eared_seals/inat_eared_seals_09370.jpg,inaturalist,,eared_seals,2,"[0.3789999932050705, 0.16106443293392658, 0.34599998593330383, 0.26050421595573425]",0.373232,human,homo sapiens,0.504053,no_match,flag
data/inaturalist/images/eared_seals/inat_eared_seals_09370.jpg,inaturalist,,eared_seals,3,"[0.4059999883174896, 0.3235294297337532, 0.2919999957084656, 0.5014005899429321]",0.225899,human,homo sapiens,0.936359,no_match,flag
data/inaturalist/images/eared_seals/inat_eared_seals_09407.jpg,inaturalist,,eared_seals,1,"[0.3720000048633665, 0.3674698770046234, 0.7400000095367432, 0.7349397540092468]",0.337158,giant otter,pteronura brasiliensis,0.212955,no_match,uncertain
data/inaturalist/images/eared_seals/inat_eared_seals_09550.jpg,inaturalist,,eared_seals,1,"[0.3089999854564667, 0.1460000015795231, 0.6179999709129333, 0.20800000429153442]",0.426061,human,homo sapiens,0.260185,no_match,uncertain
data/inaturalist/images/eared_seals/inat_eared_seals_09566.jpg,inaturalist,,eared_seals,1,"[0.11999999731779099, 0.5270000025629997, 0.23999999463558197, 0.1420000046491623]",0.209004,north american river otter,lontra canadensis,0.292537,no_match,uncertain
data/inaturalist/images/eared_seals/inat_eared_seals_09673.jpg,inaturalist,,eared_seals,1,"[0.5509999990463257, 0.1379999965429306, 0.33799999952316284, 0.2759999930858612]",0.36774,red deer,cervus elaphus,0.504921,no_match,flag
data/inaturalist/images/eared_seals/inat_eared_seals_09698.jpg,inaturalist,,eared_seals,4,"[0.431999996304512, 0.7080000266432762, 0.30399999022483826, 0.19466666877269745]",0.207418,domestic horse,equus caballus,0.439045,no_match,flag
data/inaturalist/images/eared_seals/inat_eared_seals_09729.jpg,inaturalist,,eared_seals,1,"[0.3930000066757202, 0.4099099040031433, 0.7860000133514404, 0.4654654562473297]",0.268066,north american river otter,lontra canadensis,0.247638,no_match,uncertain
data/inaturalist/images/eared_seals/inat_eared_seals_09743.jpg,inaturalist,,eared_seals,1,"[0.5699999928474426, 0.5373333245515823, 0.8479999899864197, 0.41333332657814026]",0.430942,common wildebeest,connochaetes taurinus,0.447247,no_match,flag
data/inaturalist/images/eared_seals/inat_eared_seals_09811.jpg,inaturalist,,eared_seals,4,"[0.23600000143051147, 0.6959999948740005, 0.47200000286102295, 0.4586666524410248]",0.288086,common wildebeest,connochaetes taurinus,0.339987,no_match,flag
data/inaturalist/images/eastern_cottontail/inat_eastern_cottontail_00495.jpg,inaturalist,,eastern_cottontail,1,"[0.5, 0.5, 1.0, 1.0]",0.255352,human,homo sapiens,0.434403,class,flag
data/inaturalist/images/eastern_cottontail/inat_eastern_cottontail_00716.jpg,inaturalist,,eastern_cottontail,1,"[0.2786666676402092, 0.3219999894499779, 0.46666666865348816, 0.5759999752044678]",0.473633,woodchuck,marmota monax,0.265653,class,uncertain
data/inaturalist/images/eastern_cottontail/inat_eastern_cottontail_00718.jpg,inaturalist,,eastern_cottontail,1,"[0.7506666779518127, 0.5059999972581863, 0.4933333396911621, 0.5320000052452087]",0.38623,guenther's dik-dik,madoqua guentheri,0.265659,class,uncertain
data/inaturalist/images/eastern_cottontail/inat_eastern_cottontail_00718.jpg,inaturalist,,eastern_cottontail,2,"[0.5039999922737479, 0.6190000027418137, 0.9919999837875366, 0.7459999918937683]",0.237549,guenther's dik-dik,madoqua guentheri,0.181371,class,uncertain
data/inaturalist/images/eastern_cottontail/inat_eastern_cottontail_04350.jpg,inaturalist,,eastern_cottontail,1,"[0.23333333432674408, 0.6279999911785126, 0.2639999985694885, 0.4359999895095825]",0.444336,human,homo sapiens,0.57992,class,flag
data/inaturalist/images/eastern_cottontail/inat_eastern_cottontail_07293.jpg,inaturalist,,eastern_cottontail,1,"[0.21799999475479126, 0.5626666843891144, 0.4359999895095825, 0.6773333549499512]",0.213745,eastern gray squirrel,sciurus carolinensis,0.417915,class,flag
data/inaturalist/images/eastern_cottontail/inat_eastern_cottontail_07952.jpg,inaturalist,,eastern_cottontail,1,"[0.25999999046325684, 0.38346884911879897, 0.3319999873638153, 0.7615176439285278]",0.258057,eastern gray squirrel,sciurus carolinensis,0.523876,class,flag
data/inaturalist/images/eastern_cottontail/inat_eastern_cottontail_08635.jpg,inaturalist,,eastern_cottontail,1,"[0.7139999866485596, 0.5439999997615814, 0.3799999952316284, 0.5559999942779541]",0.343018,wild boar,sus scrofa,0.321075,class,flag
data/inaturalist/images/eastern_cottontail/inat_eastern_cottontail_10515.jpg,inaturalist,,eastern_cottontail,1,"[0.49599999096244574, 0.51299998909235, 0.981333315372467, 0.9739999771118164]",0.333929,domestic cattle,bos taurus,0.369697,class,flag
data/inaturalist/images/eastern_cottontail/inat_eastern_cottontail_11507.jpg,inaturalist,,eastern_cottontail,3,"[0.5, 0.4189999997615814, 1.0, 0.8379999995231628]",0.239629,human,homo sapiens,0.452697,class,flag
data/inaturalist/images/eastern_cottontail/inat_eastern_cottontail_11586.jpg,inaturalist,,eastern_cottontail,1,"[0.5066666454076767, 0.6330000013113022, 0.5546666383743286, 0.4099999964237213]",0.301758,domestic cattle,bos taurus,0.610055,class,flag
data/inaturalist/images/eastern_fox_squirrel/inat_eastern_fox_squirrel_00181.jpg,inaturalist,,eastern_fox_squirrel,1,"[0.9230000153183937, 0.3279999941587448, 0.15399999916553497, 0.40799999237060547]",0.470459,domestic cat,felis catus,0.69551,class,flag
data/inaturalist/images/eastern_fox_squirrel/inat_eastern_fox_squirrel_00318.jpg,inaturalist,,eastern_fox_squirrel,2,"[0.718999981880188, 0.7533333152532578, 0.5619999766349792, 0.4880000054836273]",0.487305,domestic goat,capra aegagrus hircus,0.452563,class,flag
data/inaturalist/images/eastern_fox_squirrel/inat_eastern_fox_squirrel_00370.jpg,inaturalist,,eastern_fox_squirrel,1,"[0.3959999978542328, 0.29045093059539795, 0.2879999876022339, 0.3156498670578003]",0.47168,grey fox,urocyon cinereoargenteus,0.756674,class,flag
data/inaturalist/images/eastern_fox_squirrel/inat_eastern_fox_squirrel_00628.jpg,inaturalist,,eastern_fox_squirrel,1,"[0.46200000843964517, 0.492000013589859, 0.9200000166893005, 0.984000027179718]",0.22231,grey fox,urocyon cinereoargenteus,0.850433,class,flag
data/inaturalist/images/eastern_fox_squirrel/inat_eastern_fox_squirrel_01877.jpg,inaturalist,,eastern_fox_squirrel,1,"[0.5820000022649765, 0.2132132202386856, 0.7960000038146973, 0.4264264404773712]",0.388672,culpeo,lycalopex culpaeus,0.414514,class,flag
data/inaturalist/images/eastern_fox_squirrel/inat_eastern_fox_squirrel_03321.jpg,inaturalist,,eastern_fox_squirrel,1,"[0.5399999842047691, 0.7726063579320908, 0.23999999463558197, 0.11968085169792175]",0.401023,human,homo sapiens,0.54523,class,flag
data/inaturalist/images/eastern_fox_squirrel/inat_eastern_fox_squirrel_03805.jpg,inaturalist,,eastern_fox_squirrel,1,"[0.6049999892711639, 0.5786666572093964, 0.28200000524520874, 0.4959999918937683]",0.203735,vervet monkey,chlorocebus pygerythrus,0.568017,class,flag
data/inaturalist/images/eastern_fox_squirrel/inat_eastern_fox_squirrel_03807.jpg,inaturalist,,eastern_fox_squirrel,1,"[0.4959999918937683, 0.6240000128746033, 0.46399998664855957, 0.30000001192092896]",0.366097,american marten,martes americana,0.292719,class,uncertain
data/inaturalist/images/eastern_fox_squirrel/inat_eastern_fox_squirrel_04066.jpg,inaturalist,,eastern_fox_squirrel,2,"[0.8670000284910202, 0.384308502310887, 0.26600000262260437, 0.7632978558540344]",0.210853,white-tailed deer,odocoileus virginianus,0.639751,class,flag
data/inaturalist/images/eastern_fox_squirrel/inat_eastern_fox_squirrel_04148.jpg,inaturalist,,eastern_fox_squirrel,1,"[0.6759999841451645, 0.581333339214325, 0.24799999594688416, 0.8320000171661377]",0.380127,grey fox,urocyon cinereoargenteus,0.132168,class,uncertain
data/inaturalist/images/eastern_fox_squirrel/inat_eastern_fox_squirrel_06229.jpg,inaturalist,,eastern_fox_squirrel,1,"[0.3869999945163727, 0.19733333541080356, 0.7739999890327454, 0.3893333375453949]",0.246216,domestic goat,capra aegagrus hircus,0.184443,class,uncertain
data/inaturalist/images/eastern_fox_squirrel/inat_eastern_fox_squirrel_06820.jpg,inaturalist,,eastern_fox_squirrel,1,"[0.7026666700839996, 0.5830000191926956, 0.5946666598320007, 0.734000027179718]",0.498047,human,homo sapiens,0.286315,class,uncertain
data/inaturalist/images/eastern_fox_squirrel/inat_eastern_fox_squirrel_06996.jpg,inaturalist,,eastern_fox_squirrel,1,"[0.4390000030398369, 0.5990000069141388, 0.16599999368190765, 0.4020000100135803]",0.325195,white-tailed deer,odocoileus virginianus,0.448662,class,flag
data/inaturalist/images/eastern_fox_squirrel/inat_eastern_fox_squirrel_06996.jpg,inaturalist,,eastern_fox_squirrel,2,"[0.4479999840259552, 0.49800000339746475, 0.14399999380111694, 0.19599999487400055]",0.223755,white-tailed deer,odocoileus virginianus,0.953393,class,flag
data/inaturalist/images/eastern_fox_squirrel/inat_eastern_fox_squirrel_07150.jpg,inaturalist,,eastern_fox_squirrel,1,"[0.7139999717473984, 0.5949197858572006, 0.3959999978542328, 0.4893048107624054]",0.223022,human,homo sapiens,0.659119,class,flag
data/inaturalist/images/eastern_fox_squirrel/inat_eastern_fox_squirrel_11014.jpg,inaturalist,,eastern_fox_squirrel,1,"[0.7920000106096268, 0.6089999973773956, 0.3720000088214874, 0.39399999380111694]",0.322998,domestic cattle,bos taurus,0.208759,class,uncertain
data/inaturalist/images/eastern_fox_squirrel/inat_eastern_fox_squirrel_11219.jpg,inaturalist,,eastern_fox_squirrel,1,"[0.680851086974144, 0.294000007212162, 0.3085106313228607, 0.20000000298023224]",0.256348,american bison,bison bison,0.152269,class,uncertain
data/inaturalist/images/eastern_fox_squirrel/inat_eastern_fox_squirrel_11367.jpg,inaturalist,,eastern_fox_squirrel,2,"[0.4390000104904175, 0.5765086263418198, 0.878000020980835, 0.8254310488700867]",0.462891,domestic dog,canis familiaris,0.305357,class,flag
data/inaturalist/images/eastern_gray_squirrel/inat_eastern_gray_squirrel_00340.jpg,inaturalist,,eastern_gray_squirrel,1,"[0.445333331823349, 0.6010000109672546, 0.5066666603088379, 0.6700000166893005]",0.232813,human,homo sapiens,0.48002,class,flag
data/inaturalist/images/eastern_gray_squirrel/inat_eastern_gray_squirrel_01300.jpg,inaturalist,,eastern_gray_squirrel,1,"[0.5, 0.14399999380111694, 1.0, 0.2879999876022339]",0.228014,human,homo sapiens,0.541285,class,flag
data/inaturalist/images/eastern_gray_squirrel/inat_eastern_gray_squirrel_01418.jpg,inaturalist,,eastern_gray_squirrel,1,"[0.31299999356269836, 0.35999999195337296, 0.3019999861717224, 0.2293333262205124]",0.281738,domestic dog,canis familiaris,0.470412,class,flag
data/inaturalist/images/eastern_gray_squirrel/inat_eastern_gray_squirrel_02257.jpg,inaturalist,,eastern_gray_squirrel,1,"[0.5426666811108589, 0.6420000046491623, 0.2213333398103714, 0.164000004529953]",0.215332,white-tailed deer,odocoileus virginianus,0.48948,class,flag
data/inaturalist/images/eastern_gray_squirrel/inat_eastern_gray_squirrel_02653.jpg,inaturalist,,eastern_gray_squirrel,1,"[0.4320000112056732, 0.5666666775941849, 0.23600000143051147, 0.35466668009757996]",0.387207,rodent,,0.213559,order,uncertain
data/inaturalist/images/eastern_gray_squirrel/inat_eastern_gray_squirrel_04342.jpg,inaturalist,,eastern_gray_squirrel,1,"[0.4950000047683716, 0.47866667807102203, 0.4300000071525574, 0.41333332657814026]",0.267691,human,homo sapiens,0.366799,class,flag
data/inaturalist/images/eastern_gray_squirrel/inat_eastern_gray_squirrel_07093.jpg,inaturalist,,eastern_gray_squirrel,1,"[0.10300000011920929, 0.31066667288541794, 0.20600000023841858, 0.17866666615009308]",0.346436,white-tailed deer,odocoileus virginianus,0.602579,class,flag
data/inaturalist/images/eastern_gray_squirrel/inat_eastern_gray_squirrel_07242.jpg,inaturalist,,eastern_gray_squirrel,1,"[0.2110000029206276, 0.47733335196971893, 0.20600000023841858, 0.41066667437553406]",0.255615,domestic cattle,bos taurus,0.174431,class,uncertain
data/inaturalist/images/eastern_gray_squirrel/inat_eastern_gray_squirrel_07904.jpg,inaturalist,,eastern_gray_squirrel,1,"[0.46133333444595337, 0.527999997138977, 0.35199999809265137, 0.35199999809265137]",0.220703,domestic cat,felis catus,0.778737,class,flag
data/inaturalist/images/eastern_gray_squirrel/inat_eastern_gray_squirrel_08455.jpg,inaturalist,,eastern_gray_squirrel,2,"[0.7379999905824661, 0.6006006002426147, 0.1599999964237213, 0.7867867946624756]",0.355051,white-tailed deer,odocoileus virginianus,0.576226,class,flag
data/inaturalist/images/eastern_gray_squirrel/inat_eastern_gray_squirrel_08711.jpg,inaturalist,,eastern_gray_squirrel,1,"[0.5543478429317474, 0.6229999959468842, 0.6925466060638428, 0.7459999918937683]",0.250244,white-tailed deer,odocoileus virginianus,0.490861,class,flag
data/inaturalist/images/eastern_gray_squirrel/inat_eastern_gray_squirrel_09080.jpg,inaturalist,,eastern_gray_squirrel,1,"[0.5066666752099991, 0.48099999129772186, 0.19200000166893005, 0.2939999997615814]",0.240112,white-tailed deer,odocoileus virginianus,0.618661,class,flag
data/inaturalist/images/eastern_gray_squirrel/inat_eastern_gray_squirrel_09661.jpg,inaturalist,,eastern_gray_squirrel,1,"[0.4373333379626274, 0.33799999952316284, 0.2293333262205124, 0.328000009059906]",0.466553,domestic cat,felis catus,0.462908,class,flag
data/inaturalist/images/eastern_gray_squirrel/inat_eastern_gray_squirrel_10138.jpg,inaturalist,,eastern_gray_squirrel,1,"[0.41200000047683716, 0.5598404109477997, 0.46000000834465027, 0.5558510422706604]",0.31543,american black bear,ursus americanus,0.676188,class,flag
data/inaturalist/images/eastern_gray_squirrel/inat_eastern_gray_squirrel_11001.jpg,inaturalist,,eastern_gray_squirrel,1,"[0.46133334934711456, 0.15100000402890146, 0.41066667437553406, 0.2980000078678131]",0.240234,wild boar,sus scrofa,0.718413,class,flag
data/inaturalist/images/eastern_gray_squirrel/inat_eastern_gray_squirrel_11833.jpg,inaturalist,,eastern_gray_squirrel,1,"[0.7810000032186508, 0.4300000071525574, 0.4339999854564667, 0.4440000057220459]",0.288086,common long-tailed macaque,macaca fascicularis,0.4428,class,flag
data/inaturalist/images/eastern_gray_squirrel/inat_eastern_gray_squirrel_12405.jpg,inaturalist,,eastern_gray_squirrel,1,"[0.3059999868273735, 0.6140000075101852, 0.5759999752044678, 0.25600001215934753]",0.394583,domestic cat,felis catus,0.764937,class,flag
data/inaturalist/images/eastern_gray_squirrel/inat_eastern_gray_squirrel_12581.jpg,inaturalist,,eastern_gray_squirrel,1,"[0.4790000021457672, 0.4946666657924652, 0.9580000042915344, 0.9893333315849304]",0.229958,african elephant,loxodonta africana,0.171082,class,uncertain
data/inaturalist/images/eastern_gray_squirrel/inat_eastern_gray_squirrel_12830.jpg,inaturalist,,eastern_gray_squirrel,1,"[0.6519999951124191, 0.486666664481163, 0.3319999873638153, 0.5306666493415833]",0.336426,vervet monkey,chlorocebus pygerythrus,0.262309,class,uncertain
data/inaturalist/images/eastern_gray_squirrel/inat_eastern_gray_squirrel_14248.jpg,inaturalist,,eastern_gray_squirrel,1,"[0.5620000064373016, 0.40133334696292877, 0.14399999380111694, 0.25866666436195374]",0.233398,domestic cattle,bos taurus,0.654509,class,flag
data/inaturalist/images/eastern_gray_squirrel/inat_eastern_gray_squirrel_15782.jpg,inaturalist,,eastern_gray_squirrel,1,"[0.6020000129938126, 0.6486486494541168, 0.7760000228881836, 0.6906906962394714]",0.388672,domestic cattle,bos taurus,0.214376,class,uncertain
data/inaturalist/images/eastern_gray_squirrel/inat_eastern_gray_squirrel_15848.jpg,inaturalist,,eastern_gray_squirrel,1,"[0.3210000058170408, 0.5, 0.6380000114440918, 1.0]",0.379024,grey fox,urocyon cinereoargenteus,0.253629,class,uncertain
data/inaturalist/images/eastern_gray_squirrel/inat_eastern_gray_squirrel_18680.jpg,inaturalist,,eastern_gray_squirrel,2,"[0.8319999724626541, 0.2693333327770233, 0.335999995470047, 0.36800000071525574]",0.433594,white-tailed deer,odocoileus virginianus,0.676055,class,flag
data/inaturalist/images/eastern_gray_squirrel/inat_eastern_gray_squirrel_18684.jpg,inaturalist,,eastern_gray_squirrel,2,"[0.4139999896287918, 0.6617647111415863, 0.30399999022483826, 0.6764705777168274]",0.488098,wild boar,sus scrofa,0.115522,class,uncertain
data/inaturalist/images/eastern_gray_squirrel/inat_eastern_gray_squirrel_19795.jpg,inaturalist,,eastern_gray_squirrel,1,"[0.6100000217556953, 0.4926289916038513, 0.14000000059604645, 0.2825552821159363]",0.462402,white-tailed deer,odocoileus virginianus,0.782463,class,flag
data/inaturalist/images/eastern_gray_squirrel/inat_eastern_gray_squirrel_20615.jpg,inaturalist,,eastern_gray_squirrel,1,"[0.3787500113248825, 0.49900001287460327, 0.39750000834465027, 0.28200000524520874]",0.292969,guenther's dik-dik,madoqua guentheri,0.191792,class,uncertain
data/inaturalist/images/eastern_gray_squirrel/inat_eastern_gray_squirrel_20644.jpg,inaturalist,,eastern_gray_squirrel,1,"[0.9269999712705612, 0.5, 0.1459999978542328, 1.0]",0.267446,human,homo sapiens,0.496677,class,flag
data/inaturalist/images/eastern_gray_squirrel/inat_eastern_gray_squirrel_20725.jpg,inaturalist,,eastern_gray_squirrel,1,"[0.6960000097751617, 0.684684693813324, 0.5960000157356262, 0.5945945978164673]",0.350098,tayra,eira barbara,0.13134,class,uncertain
data/inaturalist/images/eastern_gray_squirrel/inat_eastern_gray_squirrel_20945.jpg,inaturalist,,eastern_gray_squirrel,1,"[0.6799999922513962, 0.4339999854564667, 0.4320000112056732, 0.2919999957084656]",0.44751,fisher,pekania pennanti,0.289534,class,uncertain
data/inaturalist/images/eastern_gray_squirrel/inat_eastern_gray_squirrel_21471.jpg,inaturalist,,eastern_gray_squirrel,1,"[0.39899998903274536, 0.5370370298624039, 0.6539999842643738, 0.34472933411598206]",0.332635,coyote,canis latrans,0.141984,class,uncertain
data/inaturalist/images/eastern_gray_squirrel/inat_eastern_gray_squirrel_21480.jpg,inaturalist,,eastern_gray_squirrel,1,"[0.6579999923706055, 0.5190000087022781, 0.4959999918937683, 0.3540000021457672]",0.221313,domestic cattle,bos taurus,0.225612,class,uncertain
data/inaturalist/images/eastern_gray_squirrel/inat_eastern_gray_squirrel_22179.jpg,inaturalist,,eastern_gray_squirrel,1,"[0.4879999905824661, 0.458000011742115, 0.6293333172798157, 0.7440000176429749]",0.349927,guanaco,lama guanicoe,0.614547,class,flag
data/inaturalist/images/eastern_gray_squirrel/inat_eastern_gray_squirrel_23896.jpg,inaturalist,,eastern_gray_squirrel,1,"[0.3720000088214874, 0.5330330282449722, 0.5640000104904175, 0.4534534513950348]",0.200195,domestic cattle,bos taurus,0.717722,class,flag
data/inaturalist/images/eastern_gray_squirrel/inat_eastern_gray_squirrel_24350.jpg,inaturalist,,eastern_gray_squirrel,1,"[0.5850515365600586, 0.6219999939203262, 0.6134020686149597, 0.31200000643730164]",0.458984,white-tailed deer,odocoileus virginianus,0.492087,class,flag
data/inaturalist/images/eastern_gray_squirrel/inat_eastern_gray_squirrel_24350.jpg,inaturalist,,eastern_gray_squirrel,2,"[0.5670103132724762, 0.3919999897480011, 0.6546391844749451, 0.7839999794960022]",0.336406,domestic cattle,bos taurus,0.148743,class,uncertain
data/inaturalist/images/eastern_gray_squirrel/inat_eastern_gray_squirrel_24352.jpg,inaturalist,,eastern_gray_squirrel,1,"[0.707446813583374, 0.5989999920129776, 0.5744680762290955, 0.3179999887943268]",0.229213,domestic cattle,bos taurus,0.269016,class,uncertain
data/inaturalist/images/eastern_gray_squirrel/inat_eastern_gray_squirrel_24837.jpg,inaturalist,,eastern_gray_squirrel,1,"[0.24400000274181366, 0.21199999749660492, 0.4880000054836273, 0.42399999499320984]",0.264275,rodent,,0.409629,order,flag
data/inaturalist/images/eastern_gray_squirrel/inat_eastern_gray_squirrel_26061.jpg,inaturalist,,eastern_gray_squirrel,2,"[0.7479999884963036, 0.5146666616201401, 0.15199999511241913, 0.14933332800865173]",0.465088,white-tailed deer,odocoileus virginianus,0.4517,class,flag
data/inaturalist/images/eastern_gray_squirrel/inat_eastern_gray_squirrel_26558.jpg,inaturalist,,eastern_gray_squirrel,2,"[0.36400000751018524, 0.6349999904632568, 0.6840000152587891, 0.3019999861717224]",0.202026,domestic goat,capra aegagrus hircus,0.231486,class,uncertain
data/inaturalist/images/eastern_gray_squirrel/inat_eastern_gray_squirrel_26688.jpg,inaturalist,,eastern_gray_squirrel,1,"[0.16699999570846558, 0.4999999990686774, 0.33399999141693115, 0.9893333315849304]",0.319336,domestic cattle,bos taurus,0.083593,class,uncertain
data/inaturalist/images/eastern_gray_squirrel/inat_eastern_gray_squirrel_28128.jpg,inaturalist,,eastern_gray_squirrel,1,"[0.7786666452884674, 0.3439999967813492, 0.25066667795181274, 0.25999999046325684]",0.471924,vervet monkey,chlorocebus pygerythrus,0.824305,class,flag
data/inaturalist/images/eastern_gray_squirrel/inat_eastern_gray_squirrel_28628.jpg,inaturalist,,eastern_gray_squirrel,1,"[0.6860000193119049, 0.5990990996360779, 0.47600001096725464, 0.7837837934494019]",0.49707,domestic cat,felis catus,0.74713,class,flag
data/inaturalist/images/eastern_gray_squirrel/inat_eastern_gray_squirrel_28630.jpg,inaturalist,,eastern_gray_squirrel,1,"[0.7029999792575836, 0.5945945978164673, 0.593999981880188, 0.7867867946624756]",0.430176,domestic cat,felis catus,0.379877,class,flag
data/inaturalist/images/eastern_gray_squirrel/inat_eastern_gray_squirrel_28632.jpg,inaturalist,,eastern_gray_squirrel,1,"[0.6330000013113022, 0.5938189625740051, 0.3179999887943268, 0.6578366160392761]",0.277832,bobcat,lynx rufus,0.204146,class,uncertain
data/inaturalist/images/eastern_gray_squirrel/inat_eastern_gray_squirrel_29531.jpg,inaturalist,,eastern_gray_squirrel,1,"[0.22100000083446503, 0.6143292635679245, 0.33799999952316284, 0.47256097197532654]",0.296387,wolverine,gulo gulo,0.264485,class,uncertain
data/inaturalist/images/eastern_gray_squirrel/inat_eastern_gray_squirrel_31310.jpg,inaturalist,,eastern_gray_squirrel,1,"[0.19099999964237213, 0.5348837077617645, 0.38199999928474426, 0.7151162624359131]",0.279541,american black bear,ursus americanus,0.691866,class,flag
data/inaturalist/images/eastern_grey_kangaroo/inat_eastern_grey_kangaroo_00058.jpg,inaturalist,,eastern_grey_kangaroo,4,"[0.5119999945163727, 0.46933332085609436, 0.08799999952316284, 0.14399999380111694]",0.457031,white-tailed deer,odocoileus virginianus,0.662635,class,flag
data/inaturalist/images/eastern_grey_kangaroo/inat_eastern_grey_kangaroo_00467.jpg,inaturalist,,eastern_grey_kangaroo,3,"[0.6650000065565109, 0.42133332043886185, 0.3779999911785126, 0.24533332884311676]",0.356689,eastern gray squirrel,sciurus carolinensis,0.365585,class,flag
data/inaturalist/images/eastern_grey_kangaroo/inat_eastern_grey_kangaroo_00843.jpg,inaturalist,,eastern_grey_kangaroo,2,"[0.5533333346247673, 0.5940000042319298, 0.18400000035762787, 0.21199999749660492]",0.37085,domestic cattle,bos taurus,0.482468,class,flag
data/inaturalist/images/eastern_grey_kangaroo/inat_eastern_grey_kangaroo_00845.jpg,inaturalist,,eastern_grey_kangaroo,1,"[0.5129999965429306, 0.3840000033378601, 0.17800000309944153, 0.46799999475479126]",0.213501,mule deer,odocoileus hemionus,0.235206,class,uncertain
data/inaturalist/images/eastern_grey_kangaroo/inat_eastern_grey_kangaroo_00977.jpg,inaturalist,,eastern_grey_kangaroo,2,"[0.517999991774559, 0.5359999909996986, 0.19200000166893005, 0.23466666042804718]",0.255615,red squirrel,tamiasciurus hudsonicus,0.10725,class,uncertain
data/inaturalist/images/eastern_grey_kangaroo/inat_eastern_grey_kangaroo_01042.jpg,inaturalist,,eastern_grey_kangaroo,1,"[0.37199999392032623, 0.5879999995231628, 0.36800000071525574, 0.40799999237060547]",0.497559,white-tailed deer,odocoileus virginianus,0.679877,class,flag
data/inaturalist/images/eastern_grey_kangaroo/inat_eastern_grey_kangaroo_01164.jpg,inaturalist,,eastern_grey_kangaroo,1,"[0.47600001096725464, 0.6606606841087341, 0.11599999666213989, 0.1921921968460083]",0.48121,white-tailed deer,odocoileus virginianus,0.273217,class,uncertain
data/inaturalist/images/eastern_grey_kangaroo/inat_eastern_grey_kangaroo_01199.jpg,inaturalist,,eastern_grey_kangaroo,2,"[0.18200000375509262, 0.431999996304512, 0.164000004529953, 0.4959999918937683]",0.230478,white-tailed deer,odocoileus virginianus,0.241897,class,uncertain
data/inaturalist/images/eastern_grey_kangaroo/inat_eastern_grey_kangaroo_01378.jpg,inaturalist,,eastern_grey_kangaroo,1,"[0.27000000327825546, 0.5386666506528854, 0.15600000321865082, 0.6186666488647461]",0.327477,puma,puma concolor,0.562961,class,flag
data/inaturalist/images/eastern_grey_kangaroo/inat_eastern_grey_kangaroo_01576.jpg,inaturalist,,eastern_grey_kangaroo,2,"[0.3773333430290222, 0.357000008225441, 0.36000001430511475, 0.3700000047683716]",0.218994,coyote,canis latrans,0.402642,class,flag
data/inaturalist/images/eastern_grey_kangaroo/inat_eastern_grey_kangaroo_01600.jpg,inaturalist,,eastern_grey_kangaroo,2,"[0.745333306491375, 0.49400001764297485, 0.14133332669734955, 0.18000000715255737]",0.387939,white-tailed deer,odocoileus virginianus,0.543578,class,flag
data/inaturalist/images/eastern_grey_kangaroo/inat_eastern_grey_kangaroo_01745.jpg,inaturalist,,eastern_grey_kangaroo,1,"[0.47099999338388443, 0.5525525510311127, 0.1860000044107437, 0.42042040824890137]",0.221313,coyote,canis latrans,0.23244,class,uncertain
data/inaturalist/images/eastern_grey_kangaroo/inat_eastern_grey_kangaroo_01850.jpg,inaturalist,,eastern_grey_kangaroo,2,"[0.8309999704360962, 0.28293413296341896, 0.10199999809265137, 0.09880239516496658]",0.312103,white-tailed deer,odocoileus virginianus,0.354805,class,flag
data/inaturalist/images/eastern_grey_kangaroo/inat_eastern_grey_kangaroo_02064.jpg,inaturalist,,eastern_grey_kangaroo,1,"[0.5405405312776566, 0.5260000079870224, 0.3723723590373993, 0.25200000405311584]",0.225586,domestic cattle,bos taurus,0.718249,class,flag
data/inaturalist/images/eastern_grey_kangaroo/inat_eastern_grey_kangaroo_02090.jpg,inaturalist,,eastern_grey_kangaroo,1,"[0.34699998795986176, 0.6621621549129486, 0.4059999883174896, 0.29729729890823364]",0.205344,white-tailed deer,odocoileus virginianus,0.675139,class,flag
data/inaturalist/images/eastern_grey_kangaroo/inat_eastern_grey_kangaroo_02173.jpg,inaturalist,,eastern_grey_kangaroo,1,"[0.4599999859929085, 0.5900900885462761, 0.14000000059604645, 0.17717717587947845]",0.32251,domestic cattle,bos taurus,0.183383,class,uncertain
data/inaturalist/images/eastern_grey_kangaroo/inat_eastern_grey_kangaroo_02236.jpg,inaturalist,,eastern_grey_kangaroo,1,"[0.2369999960064888, 0.4959999918937683, 0.22599999606609344, 0.30000001192092896]",0.338135,sika deer,cervus nippon,0.432645,class,flag
data/inaturalist/images/eastern_grey_kangaroo/inat_eastern_grey_kangaroo_02365.jpg,inaturalist,,eastern_grey_kangaroo,1,"[0.3093922585248947, 0.41599999368190765, 0.2596684992313385, 0.42399999499320984]",0.454834,domestic cattle,bos taurus,0.525787,class,flag
data/inaturalist/images/eastern_grey_kangaroo/inat_eastern_grey_kangaroo_02395.jpg,inaturalist,,eastern_grey_kangaroo,4,"[0.11500000208616257, 0.5053333416581154, 0.23000000417232513, 0.17866666615009308]",0.221313,white-tailed deer,odocoileus virginianus,0.433409,class,flag
data/inaturalist/images/eastern_grey_kangaroo/inat_eastern_grey_kangaroo_02512.jpg,inaturalist,,eastern_grey_kangaroo,2,"[0.6540000066161156, 0.6880000233650208, 0.09600000083446503, 0.218666672706604]",0.439941,white-tailed deer,odocoileus virginianus,0.910545,class,flag
data/inaturalist/images/eastern_grey_kangaroo/inat_eastern_grey_kangaroo_02538.jpg,inaturalist,,eastern_grey_kangaroo,3,"[0.5269999876618385, 0.2746666669845581, 0.18199999630451202, 0.2133333384990692]",0.358398,white-tailed deer,odocoileus virginianus,0.643591,class,flag
data/inaturalist/images/eastern_grey_kangaroo/inat_eastern_grey_kangaroo_02538.jpg,inaturalist,,eastern_grey_kangaroo,6,"[0.5309999883174896, 0.12666666507720947, 0.16200000047683716, 0.08799999952316284]",0.290527,white-tailed deer,odocoileus virginianus,0.538334,class,flag
data/inaturalist/images/elephant_seal/inat_elephant_seal_00060.jpg,inaturalist,,elephant_seal,9,"[0.28200000524520874, 0.41591591387987137, 0.30799999833106995, 0.22522522509098053]",0.242188,giant otter,pteronura brasiliensis,0.139162,no_match,uncertain
data/inaturalist/images/elephant_seal/inat_elephant_seal_00080.jpg,inaturalist,,elephant_seal,2,"[0.7012012004852295, 0.6120000034570694, 0.5915915966033936, 0.46000000834465027]",0.390678,lion,panthera leo,0.410943,no_match,flag
data/inaturalist/images/elephant_seal/inat_elephant_seal_00080.jpg,inaturalist,,elephant_seal,3,"[0.22822822630405426, 0.625, 0.4564564526081085, 0.6700000166893005]",0.253538,common wildebeest,connochaetes taurinus,0.181456,no_match,uncertain
data/inaturalist/images/elephant_seal/inat_elephant_seal_00157.jpg,inaturalist,,elephant_seal,1,"[0.14800000190734863, 0.528999999165535, 0.29600000381469727, 0.3779999911785126]",0.472656,domestic cattle,bos taurus,0.387578,no_match,flag
data/inaturalist/images/elephant_seal/inat_elephant_seal_00278.jpg,inaturalist,,elephant_seal,2,"[0.7409999966621399, 0.21471472084522247, 0.5180000066757202, 0.42942944169044495]",0.227338,domestic cattle,bos taurus,0.311842,no_match,flag
data/inaturalist/images/elephant_seal/inat_elephant_seal_00329.jpg,inaturalist,,elephant_seal,1,"[0.4780000001192093, 0.5855855941772461, 0.5239999890327454, 0.31831830739974976]",0.318448,giant otter,pteronura brasiliensis,0.243529,no_match,uncertain
data/inaturalist/images/elephant_seal/inat_elephant_seal_00376.jpg,inaturalist,,elephant_seal,13,"[0.6449999809265137, 0.4973333477973938, 0.7099999785423279, 0.2746666669845581]",0.280273,common wildebeest,connochaetes taurinus,0.663986,no_match,flag
data/inaturalist/images/elephant_seal/inat_elephant_seal_00378.jpg,inaturalist,,elephant_seal,11,"[0.2869999965187162, 0.1600000001490116, 0.5699999928474426, 0.19733333587646484]",0.380371,coyote,canis latrans,0.273087,no_match,uncertain
data/inaturalist/images/elephant_seal/inat_elephant_seal_00383.jpg,inaturalist,,elephant_seal,8,"[0.3809999916702509, 0.7207207381725311, 0.7419999837875366, 0.3243243098258972]",0.281494,common wildebeest,connochaetes taurinus,0.300756,no_match,flag
data/inaturalist/images/elephant_seal/inat_elephant_seal_00393.jpg,inaturalist,,elephant_seal,6,"[0.5400000065565109, 0.46565933525562286, 0.7080000042915344, 0.5686812996864319]",0.306247,common wildebeest,connochaetes taurinus,0.344678,no_match,flag
data/inaturalist/images/elephant_seal/inat_elephant_seal_00421.jpg,inaturalist,,elephant_seal,3,"[0.49300000071525574, 0.6786786466836929, 0.28200000524520874, 0.25825825333595276]",0.42777,domestic cat,felis catus,0.537792,no_match,flag
data/inaturalist/images/elephant_seal/inat_elephant_seal_00508.jpg,inaturalist,,elephant_seal,2,"[0.08299999684095383, 0.636000007390976, 0.16599999368190765, 0.4440000057220459]",0.339355,human,homo sapiens,0.794224,no_match,flag
data/inaturalist/images/elephant_seal/inat_elephant_seal_00526.jpg,inaturalist,,elephant_seal,1,"[0.25600001215934753, 0.47297298163175583, 0.5120000243186951, 0.7657657861709595]",0.47174,lion,panthera leo,0.229307,no_match,uncertain
data/inaturalist/images/elephant_seal/inat_elephant_seal_00526.jpg,inaturalist,,elephant_seal,2,"[0.5800000131130219, 0.47597597539424896, 0.8320000171661377, 0.9039039015769958]",0.22298,lion,panthera leo,0.87183,no_match,flag
data/inaturalist/images/elephant_seal/inat_elephant_seal_00616.jpg,inaturalist,,elephant_seal,1,"[0.10499999672174454, 0.31600000709295273, 0.20999999344348907, 0.18933333456516266]",0.263184,domestic cattle,bos taurus,0.562802,no_match,flag
data/inaturalist/images/elephant_seal/inat_elephant_seal_00717.jpg,inaturalist,,elephant_seal,1,"[0.5149999931454659, 0.6506666541099548, 0.949999988079071, 0.6826666593551636]",0.399218,lion,panthera leo,0.868905,no_match,flag
data/inaturalist/images/elephant_seal/inat_elephant_seal_00736.jpg,inaturalist,,elephant_seal,3,"[0.4229999929666519, 0.6171171218156815, 0.4059999883174896, 0.4354354441165924]",0.476074,african buffalo,syncerus caffer,0.737889,no_match,flag
data/inaturalist/images/elephant_seal/inat_elephant_seal_00832.jpg,inaturalist,,elephant_seal,3,"[0.5840000063180923, 0.3558558523654938, 0.8320000171661377, 0.45945945382118225]",0.380917,lion,panthera leo,0.633631,no_match,flag
data/inaturalist/images/elephant_seal/inat_elephant_seal_00954.jpg,inaturalist,,elephant_seal,1,"[0.5130000151693821, 0.23394495248794556, 0.9700000286102295, 0.4128440320491791]",0.40898,lion,panthera leo,0.257448,no_match,uncertain
data/inaturalist/images/elephant_seal/inat_elephant_seal_00955.jpg,inaturalist,,elephant_seal,2,"[0.4059999883174896, 0.34073108062148094, 0.8119999766349792, 0.6396867036819458]",0.227295,african elephant,loxodonta africana,0.604861,no_match,flag
data/inaturalist/images/elephant_seal/inat_elephant_seal_00956.jpg,inaturalist,,elephant_seal,1,"[0.7720000296831131, 0.7333333194255829, 0.4560000002384186, 0.5173333287239075]",0.239891,common wildebeest,connochaetes taurinus,0.656289,no_match,flag
data/inaturalist/images/elephant_seal/inat_elephant_seal_00997.jpg,inaturalist,,elephant_seal,3,"[0.4530000011436641, 0.5704787075519562, 0.8980000019073486, 0.5877659320831299]",0.302831,coyote,canis latrans,0.311964,no_match,flag
data/inaturalist/images/elephant_seal/inat_elephant_seal_01006.jpg,inaturalist,,elephant_seal,4,"[0.23600000143051147, 0.16666667349636555, 0.47200000286102295, 0.32732734084129333]",0.357735,african elephant,loxodonta africana,0.630762,no_match,flag
data/inaturalist/images/elephant_seal/inat_elephant_seal_01017.jpg,inaturalist,,elephant_seal,1,"[0.20600000023841858, 0.34933333098888397, 0.41200000047683716, 0.335999995470047]",0.448023,przewalski's horse,equus ferus,0.253889,no_match,uncertain
data/inaturalist/images/elephant_seal/inat_elephant_seal_01063.jpg,inaturalist,,elephant_seal,5,"[0.6110000014305115, 0.36676645278930664, 0.7739999890327454, 0.30239519476890564]",0.332031,domestic cattle,bos taurus,0.837407,no_match,flag
data/inaturalist/images/elephant_seal/inat_elephant_seal_01063.jpg,inaturalist,,elephant_seal,6,"[0.4089999943971634, 0.3802395164966583, 0.3619999885559082, 0.227544903755188]",0.240601,domestic cattle,bos taurus,0.454063,no_match,flag
data/inaturalist/images/elephant_seal/inat_elephant_seal_01070.jpg,inaturalist,,elephant_seal,2,"[0.3310000002384186, 0.7559880167245865, 0.6620000004768372, 0.47604790329933167]",0.438232,african elephant,loxodonta africana,0.442276,no_match,flag
data/inaturalist/images/elephant_seal/inat_elephant_seal_01096.jpg,inaturalist,,elephant_seal,1,"[0.4690000116825104, 0.4453333169221878, 0.9380000233650208, 0.2826666533946991]",0.366211,lion,panthera leo,0.827708,no_match,flag
data/inaturalist/images/elephant_seal/inat_elephant_seal_01141.jpg,inaturalist,,elephant_seal,2,"[0.8370000272989273, 0.35199999809265137, 0.32600000500679016, 0.5066666603088379]",0.383846,domestic cattle,bos taurus,0.564112,no_match,flag
data/inaturalist/images/elephant_seal/inat_elephant_seal_01173.jpg,inaturalist,,elephant_seal,1,"[0.2290000021457672, 0.2612612582743168, 0.4580000042915344, 0.5105105042457581]",0.444014,human,homo sapiens,0.618035,no_match,flag
data/inaturalist/images/elephant_seal/inat_elephant_seal_01208.jpg,inaturalist,,elephant_seal,1,"[0.5, 0.28078078478574753, 1.0, 0.4834834933280945]",0.381894,domestic cattle,bos taurus,0.821179,no_match,flag
data/inaturalist/images/elephant_seal/inat_elephant_seal_01227.jpg,inaturalist,,elephant_seal,2,"[0.3739999979734421, 0.3078078106045723, 0.1599999964237213, 0.21921922266483307]",0.244385,domestic cattle,bos taurus,0.932312,no_match,flag
data/inaturalist/images/elephant_seal/inat_elephant_seal_01227.jpg,inaturalist,,elephant_seal,3,"[0.22099999338388443, 0.22972972691059113, 0.28999999165534973, 0.18918919563293457]",0.242313,domestic cattle,bos taurus,0.746252,no_match,flag
data/inaturalist/images/elephant_seal/inat_elephant_seal_01228.jpg,inaturalist,,elephant_seal,1,"[0.7529999762773514, 0.4324324447661638, 0.49399998784065247, 0.8588588833808899]",0.218277,lion,panthera leo,0.317215,no_match,flag
data/inaturalist/images/elephant_seal/inat_elephant_seal_01263.jpg,inaturalist,,elephant_seal,2,"[0.32100000977516174, 0.601333349943161, 0.37400001287460327, 0.30666667222976685]",0.458008,domestic cattle,bos taurus,0.544898,no_match,flag
data/inaturalist/images/elephant_seal/inat_elephant_seal_01263.jpg,inaturalist,,elephant_seal,3,"[0.1720000058412552, 0.5213333368301392, 0.3440000116825104, 0.25333333015441895]",0.443604,mongolian marmot,marmota sibirica,0.074328,no_match,uncertain
data/inaturalist/images/elephant_seal/inat_elephant_seal_01271.jpg,inaturalist,,elephant_seal,16,"[0.7329999953508377, 0.49399399757385254, 0.4740000069141388, 0.41741740703582764]",0.398438,lion,panthera leo,0.532624,no_match,flag
data/inaturalist/images/elephant_seal/inat_elephant_seal_01271.jpg,inaturalist,,elephant_seal,21,"[0.6180000007152557, 0.49399399757385254, 0.20800000429153442, 0.41741740703582764]",0.205322,human,homo sapiens,0.182877,no_match,uncertain
data/inaturalist/images/elephant_seal/inat_elephant_seal_01273.jpg,inaturalist,,elephant_seal,7,"[0.6420000195503235, 0.5975976064801216, 0.5360000133514404, 0.21621622145175934]",0.398193,coyote,canis latrans,0.369762,no_match,flag
data/inaturalist/images/elephant_seal/inat_elephant_seal_01274.jpg,inaturalist,,elephant_seal,11,"[0.11600000038743019, 0.115615613758564, 0.13199999928474426, 0.231231227517128]",0.431152,domestic cattle,bos taurus,0.2956,no_match,uncertain
data/inaturalist/images/elephant_seal/inat_elephant_seal_01323.jpg,inaturalist,,elephant_seal,3,"[0.4973333217203617, 0.7309999763965607, 0.871999979019165, 0.27399998903274536]",0.369141,domestic cattle,bos taurus,0.758512,no_match,flag
data/inaturalist/images/elephant_seal/inat_elephant_seal_01425.jpg,inaturalist,,elephant_seal,1,"[0.4870000034570694, 0.4432314336299896, 0.6380000114440918, 0.6157205104827881]",0.47877,domestic cattle,bos taurus,0.794114,no_match,flag
data/inaturalist/images/elephant_seal/inat_elephant_seal_01430.jpg,inaturalist,,elephant_seal,7,"[0.13866665959358215, 0.4959999918937683, 0.2773333191871643, 0.20399999618530273]",0.43753,giant otter,pteronura brasiliensis,0.608768,no_match,flag
data/inaturalist/images/elephant_seal/inat_elephant_seal_01438.jpg,inaturalist,,elephant_seal,1,"[0.5, 0.15466666221618652, 1.0, 0.30933332443237305]",0.295654,lion,panthera leo,0.633762,no_match,flag
data/inaturalist/images/elephant_seal/inat_elephant_seal_01454.jpg,inaturalist,,elephant_seal,2,"[0.3019999861717224, 0.24533332837745547, 0.6039999723434448, 0.48533332347869873]",0.491463,african elephant,loxodonta africana,0.337012,no_match,flag
data/inaturalist/images/elephant_seal/inat_elephant_seal_01463.jpg,inaturalist,,elephant_seal,1,"[0.3140000104904175, 0.3800000096671283, 0.628000020980835, 0.7546666860580444]",0.43387,lowland tapir,tapirus terrestris,0.197606,no_match,uncertain
data/inaturalist/images/elephant_seal/inat_elephant_seal_01548.jpg,inaturalist,,elephant_seal,2,"[0.5269999876618385, 0.36826348304748535, 0.9419999718666077, 0.7365269660949707]",0.296585,human,homo sapiens,0.437214,no_match,flag
data/inaturalist/images/elephant_seal/inat_elephant_seal_01653.jpg,inaturalist,,elephant_seal,4,"[0.6449999958276749, 0.5390390306711197, 0.4659999907016754, 0.4654654562473297]",0.20813,domestic sheep,ovis aries,0.728815,no_match,flag
data/inaturalist/images/elephant_seal/inat_elephant_seal_01663.jpg,inaturalist,,elephant_seal,3,"[0.45900001376867294, 0.30480480939149857, 0.8820000290870667, 0.44144144654273987]",0.246831,common wildebeest,connochaetes taurinus,0.481682,no_match,flag
data/inaturalist/images/elephant_seal/inat_elephant_seal_01664.jpg,inaturalist,,elephant_seal,2,"[0.45900001330301166, 0.30180178955197334, 0.9100000262260437, 0.5375375151634216]",0.400948,domestic sheep,ovis aries,0.515461,no_match,flag
data/inaturalist/images/elephant_seal/inat_elephant_seal_01748.jpg,inaturalist,,elephant_seal,6,"[0.5359999909996986, 0.48048046976327896, 0.8759999871253967, 0.21621622145175934]",0.447804,lion,panthera leo,0.534036,no_match,flag
data/inaturalist/images/elephant_seal/inat_elephant_seal_01748.jpg,inaturalist,,elephant_seal,7,"[0.7779999822378159, 0.3498498499393463, 0.4320000112056732, 0.3333333432674408]",0.309082,human,homo sapiens,0.48711,no_match,flag
data/inaturalist/images/elephant_seal/inat_elephant_seal_01780.jpg,inaturalist,,elephant_seal,1,"[0.4490000009536743, 0.4403669685125351, 0.75, 0.2874617874622345]",0.22522,coyote,canis latrans,0.288675,no_match,uncertain
data/inaturalist/images/elk/inat_elk_00094.jpg,inaturalist,,elk,2,"[0.36400000751018524, 0.7702702581882477, 0.4000000059604645, 0.29729729890823364]",0.435059,common wildebeest,connochaetes taurinus,0.756601,order,flag
data/inaturalist/images/elk/inat_elk_00267.jpg,inaturalist,,elk,13,"[0.4790000095963478, 0.8033032789826393, 0.09399999678134918, 0.12912912666797638]",0.328697,domestic dog,canis familiaris,0.283163,class,uncertain
data/inaturalist/images/elk/inat_elk_00562.jpg,inaturalist,,elk,1,"[0.5, 0.4946666657924652, 1.0, 0.9893333315849304]",0.328225,domestic cattle,bos taurus,0.530488,order,flag
data/inaturalist/images/elk/inat_elk_00562.jpg,inaturalist,,elk,2,"[0.492000013589859, 0.4519999921321869, 0.41200000047683716, 0.3973333239555359]",0.214554,domestic cattle,bos taurus,0.633689,order,flag
data/inaturalist/images/elk/inat_elk_01251.jpg,inaturalist,,elk,2,"[0.6066666543483734, 0.48399998992681503, 0.109333336353302, 0.09600000083446503]",0.453369,domestic horse,equus caballus,0.447769,class,flag
data/inaturalist/images/elk/inat_elk_01342.jpg,inaturalist,,elk,3,"[0.4129999876022339, 0.6689007878303528, 0.1899999976158142, 0.43163537979125977]",0.493164,domestic cattle,bos taurus,0.889616,order,flag
data/inaturalist/images/elk/inat_elk_02655.jpg,inaturalist,,elk,1,"[0.3529999852180481, 0.381381394341588, 0.5019999742507935, 0.7567567825317383]",0.291016,domestic cattle,bos taurus,0.207411,order,uncertain
data/inaturalist/images/elk/inat_elk_02912.jpg,inaturalist,,elk,1,"[0.626999981701374, 0.633633628487587, 0.06599999964237213, 0.3723723590373993]",0.332031,wild goat,capra aegagrus,0.247246,order,uncertain
data/inaturalist/images/elk/inat_elk_03778.jpg,inaturalist,,elk,7,"[0.8759999945759773, 0.6866666600108147, 0.1120000034570694, 0.14133332669734955]",0.468262,domestic cattle,bos taurus,0.387422,order,flag
data/inaturalist/images/elk/inat_elk_03781.jpg,inaturalist,,elk,10,"[0.14800000190734863, 0.6440000012516975, 0.13600000739097595, 0.1679999977350235]",0.21936,domestic cattle,bos taurus,0.615298,order,flag
data/inaturalist/images/elk/inat_elk_03876.jpg,inaturalist,,elk,1,"[0.3570000156760216, 0.42400000989437103, 0.1420000046491623, 0.5226666927337646]",0.361816,domestic cattle,bos taurus,0.500367,order,flag
data/inaturalist/images/elk/inat_elk_04539.jpg,inaturalist,,elk,10,"[0.8709999769926071, 0.549435019493103, 0.09000000357627869, 0.1384180784225464]",0.445095,domestic cattle,bos taurus,0.522584,order,flag
data/inaturalist/images/elk/inat_elk_04582.jpg,inaturalist,,elk,6,"[0.7520000152289867, 0.7897897735238075, 0.1080000028014183, 0.12612612545490265]",0.224731,pronghorn,antilocapra americana,0.468715,order,flag
data/inaturalist/images/elk/inat_elk_04583.jpg,inaturalist,,elk,5,"[0.5410000123083591, 0.7942942902445793, 0.09799999743700027, 0.18318317830562592]",0.297805,domestic cattle,bos taurus,0.480102,order,flag
data/inaturalist/images/elk/inat_elk_04942.jpg,inaturalist,,elk,1,"[0.5799999833106995, 0.7906666547060013, 0.8399999737739563, 0.41333332657814026]",0.252686,spotted hyaena,crocuta crocuta,0.546329,class,flag
data/inaturalist/images/elk/inat_elk_04979.jpg,inaturalist,,elk,3,"[0.31700000911951065, 0.6321321278810501, 0.1860000044107437, 0.24924924969673157]",0.449707,domestic cattle,bos taurus,0.477238,order,flag
data/inaturalist/images/elk/inat_elk_05100.jpg,inaturalist,,elk,1,"[0.5706666558980942, 0.5640000104904175, 0.8586666584014893, 0.800000011920929]",0.306885,domestic cattle,bos taurus,0.408658,order,flag
data/inaturalist/images/elk/inat_elk_05112.jpg,inaturalist,,elk,2,"[0.31199999153614044, 0.6456456333398819, 0.3319999873638153, 0.2702702581882477]",0.283691,domestic cattle,bos taurus,0.523537,order,flag
data/inaturalist/images/elk/inat_elk_05236.jpg,inaturalist,,elk,3,"[0.6000000014901161, 0.7666666507720947, 0.1720000058412552, 0.2746666669845581]",0.405762,domestic dog,canis familiaris,0.314183,class,flag
data/inaturalist/images/elk/inat_elk_05635.jpg,inaturalist,,elk,5,"[0.8010000288486481, 0.37199999392032623, 0.28200000524520874, 0.25333333015441895]",0.369873,domestic cattle,bos taurus,0.42772,order,flag
data/inaturalist/images/eulemur_species/inat_eulemur_species_00013.jpg,inaturalist,,eulemur_species,1,"[0.523517370223999, 0.392999991774559, 0.5071574449539185, 0.39399999380111694]",0.327637,south american coati,nasua nasua,0.220807,class,uncertain
data/inaturalist/images/eulemur_species/inat_eulemur_species_00053.jpg,inaturalist,,eulemur_species,2,"[0.5210210233926773, 0.2800000086426735, 0.2732732594013214, 0.20000000298023224]",0.407715,wild goat,capra aegagrus,0.146619,class,uncertain
data/inaturalist/images/eulemur_species/inat_eulemur_species_00107.jpg,inaturalist,,eulemur_species,2,"[0.2333333338610828, 0.7150000035762787, 0.46133333444595337, 0.4620000123977661]",0.485596,white-tailed deer,odocoileus virginianus,0.305519,class,flag
data/inaturalist/images/eulemur_species/inat_eulemur_species_00136.jpg,inaturalist,,eulemur_species,1,"[0.4814356565475464, 0.33299998939037323, 0.2599009871482849, 0.257999986410141]",0.349121,eastern fox squirrel,sciurus niger,0.102974,class,uncertain
data/inaturalist/images/eulemur_species/inat_eulemur_species_00206.jpg,inaturalist,,eulemur_species,2,"[0.6080000251531601, 0.25200000405311584, 0.19200000166893005, 0.2906666696071625]",0.439697,vervet monkey,chlorocebus pygerythrus,0.183043,order,uncertain
data/inaturalist/images/eulemur_species/inat_eulemur_species_00208.jpg,inaturalist,,eulemur_species,5,"[0.4179999977350235, 0.5399999916553497, 0.13199999928474426, 0.3173333406448364]",0.254883,wolverine,gulo gulo,0.093529,class,uncertain
data/inaturalist/images/eulemur_species/inat_eulemur_species_00326.jpg,inaturalist,,eulemur_species,1,"[0.5439999997615814, 0.7117117345333099, 0.7360000014305115, 0.5585585832595825]",0.37439,domestic cattle,bos taurus,0.557197,class,flag
data/inaturalist/images/eulemur_species/inat_eulemur_species_00333.jpg,inaturalist,,eulemur_species,1,"[0.32200000435113907, 0.6561561524868011, 0.47600001096725464, 0.5135135054588318]",0.464355,coyote,canis latrans,0.574082,class,flag
data/inaturalist/images/eulemur_species/inat_eulemur_species_00333.jpg,inaturalist,,eulemur_species,2,"[0.45499999821186066, 0.5360360443592072, 0.7459999918937683, 0.759759783744812]",0.306885,yellow-bellied marmot,marmota flaviventris,0.099893,class,uncertain
data/inaturalist/images/eulemur_species/inat_eulemur_species_00340.jpg,inaturalist,,eulemur_species,1,"[0.4982014447450638, 0.2930000051856041, 0.5, 0.4020000100135803]",0.453125,vervet monkey,chlorocebus pygerythrus,0.061954,order,uncertain
data/inaturalist/images/eulemur_species/inat_eulemur_species_00343.jpg,inaturalist,,eulemur_species,1,"[0.5585585683584213, 0.3189999908208847, 0.34834834933280945, 0.33399999141693115]",0.254883,asiatic golden cat,catopuma temminckii,0.043864,class,uncertain
data/inaturalist/images/eulemur_species/inat_eulemur_species_00351.jpg,inaturalist,,eulemur_species,1,"[0.6069999933242798, 0.5405405163764954, 0.27799999713897705, 0.5405405163764954]",0.358398,south american coati,nasua nasua,0.216485,class,uncertain
data/inaturalist/images/eulemur_species/inat_eulemur_species_00357.jpg,inaturalist,,eulemur_species,1,"[0.30400000140070915, 0.3978978991508484, 0.5320000052452087, 0.4654654562473297]",0.379883,purús red howler monkey,alouatta puruensis,0.182983,order,uncertain
data/inaturalist/images/eulemur_species/inat_eulemur_species_00357.jpg,inaturalist,,eulemur_species,2,"[0.47700000554323196, 0.3723723739385605, 0.1860000044107437, 0.39039039611816406]",0.259766,south american coati,nasua nasua,0.417908,class,flag
data/inaturalist/images/eulemur_species/inat_eulemur_species_00361.jpg,inaturalist,,eulemur_species,1,"[0.7780000269412994, 0.4627329111099243, 0.35600000619888306, 0.6211180090904236]",0.216553,douglas's squirrel,tamiasciurus douglasii,0.271894,class,uncertain
data/inaturalist/images/eulemur_species/inat_eulemur_species_00369.jpg,inaturalist,,eulemur_species,1,"[0.4831081032752991, 0.42500000400468707, 0.7162162065505981, 0.8420000076293945]",0.498292,dwarf red brocket,mazama rufina,0.126891,class,uncertain
data/inaturalist/images/eulemur_species/inat_eulemur_species_00373.jpg,inaturalist,,eulemur_species,1,"[0.15300000086426735, 0.19369369931519032, 0.23000000417232513, 0.38138139247894287]",0.204477,domestic goat,capra aegagrus hircus,0.135707,class,uncertain
data/inaturalist/images/eulemur_species/inat_eulemur_species_00373.jpg,inaturalist,,eulemur_species,2,"[0.306999996304512, 0.6186186373233795, 0.43799999356269836, 0.7507507801055908]",0.202475,spotted hyaena,crocuta crocuta,0.880742,class,flag
data/inaturalist/images/eulemur_species/inat_eulemur_species_00375.jpg,inaturalist,,eulemur_species,1,"[0.5000000018626451, 0.40800000727176666, 0.9939939975738525, 0.4480000138282776]",0.276855,grey fox,urocyon cinereoargenteus,0.403382,class,flag
data/inaturalist/images/eulemur_species/inat_eulemur_species_00399.jpg,inaturalist,,eulemur_species,1,"[0.3999999910593033, 0.3963963985443115, 0.2240000069141388, 0.4444444477558136]",0.338135,golden snub-nosed monkey,rhinopithecus roxellana,0.914584,order,flag
data/inaturalist/images/eulemur_species/inat_eulemur_species_00481.jpg,inaturalist,,eulemur_species,2,"[0.5619999915361404, 0.18618619441986084, 0.3720000088214874, 0.27627629041671753]",0.210938,hatinh langur,trachypithecus hatinhensis,0.226054,order,uncertain
data/inaturalist/images/eulemur_species/inat_eulemur_species_00489.jpg,inaturalist,,eulemur_species,1,"[0.36499999463558197, 0.3786666691303253, 0.17399999499320984, 0.30399999022483826]",0.444092,emperor tamarin,saguinus imperator,0.237409,order,uncertain
data/inaturalist/images/eulemur_species/inat_eulemur_species_00512.jpg,inaturalist,,eulemur_species,1,"[0.2787233963608742, 0.3149999976158142, 0.5234042406082153, 0.3700000047683716]",0.458496,asiatic golden cat,catopuma temminckii,0.271818,class,uncertain
data/inaturalist/images/eulemur_species/inat_eulemur_species_00556.jpg,inaturalist,,eulemur_species,1,"[0.3540000021457672, 0.4426666498184204, 0.29600000381469727, 0.3306666612625122]",0.249634,purús red howler monkey,alouatta puruensis,0.320179,order,flag
data/inaturalist/images/eulemur_species/inat_eulemur_species_00559.jpg,inaturalist,,eulemur_species,4,"[0.3049999997019768, 0.5306666791439056, 0.44200000166893005, 0.8640000224113464]",0.259521,vervet monkey,chlorocebus pygerythrus,0.348667,order,flag
data/inaturalist/images/eulemur_species/inat_eulemur_species_00560.jpg,inaturalist,,eulemur_species,1,"[0.32099999487400055, 0.3893333375453949, 0.28999999165534973, 0.36800000071525574]",0.225098,yellow-throated marten,martes flavigula,0.124525,class,uncertain
data/inaturalist/images/eulemur_species/inat_eulemur_species_00561.jpg,inaturalist,,eulemur_species,1,"[0.4880000129342079, 0.582666665315628, 0.20000000298023224, 0.37599998712539673]",0.344727,eastern fox squirrel,sciurus niger,0.908446,class,flag
data/inaturalist/images/eulemur_species/inat_eulemur_species_00562.jpg,inaturalist,,eulemur_species,1,"[0.369999997317791, 0.5255255252122879, 0.2160000056028366, 0.4324324429035187]",0.223267,south american coati,nasua nasua,0.085076,class,uncertain
data/inaturalist/images/eulemur_species/inat_eulemur_species_00590.jpg,inaturalist,,eulemur_species,2,"[0.5349999889731407, 0.5465465486049652, 0.17000000178813934, 0.4924924969673157]",0.429443,south american coati,nasua nasua,0.464354,class,flag
data/inaturalist/images/eulemur_species/inat_eulemur_species_00592.jpg,inaturalist,,eulemur_species,3,"[0.5860000103712082, 0.5420420467853546, 0.2199999988079071, 0.3753753900527954]",0.210449,eastern gray squirrel,sciurus carolinensis,0.142567,class,uncertain
data/inaturalist/images/eulemur_species/inat_eulemur_species_00602.jpg,inaturalist,,eulemur_species,1,"[0.5760000050067902, 0.6879999935626984, 0.3479999899864197, 0.527999997138977]",0.468994,common squirrel monkey,saimiri sciureus,0.479524,order,flag
data/inaturalist/images/eulemur_species/inat_eulemur_species_00605.jpg,inaturalist,,eulemur_species,1,"[0.2929999902844429, 0.4986666738986969, 0.34599998593330383, 0.29866665601730347]",0.218018,large-headed capuchin,sapajus macrocephalus,0.696572,order,flag
data/inaturalist/images/eulemur_species/inat_eulemur_species_00609.jpg,inaturalist,,eulemur_species,2,"[0.7453333586454391, 0.7199999913573265, 0.31200000643730164, 0.24400000274181366]",0.357178,eastern gray squirrel,sciurus carolinensis,0.37359,class,flag
data/inaturalist/images/eulemur_species/inat_eulemur_species_00609.jpg,inaturalist,,eulemur_species,3,"[0.7279999703168869, 0.4320000112056732, 0.30399999022483826, 0.5080000162124634]",0.355225,eastern gray squirrel,sciurus carolinensis,0.608736,class,flag
data/inaturalist/images/eulemur_species/inat_eulemur_species_00609.jpg,inaturalist,,eulemur_species,4,"[0.7693333551287651, 0.6310000009834766, 0.2266666740179062, 0.11400000005960464]",0.264648,eastern gray squirrel,sciurus carolinensis,0.866786,class,flag
data/inaturalist/images/eulemur_species/inat_eulemur_species_00611.jpg,inaturalist,,eulemur_species,1,"[0.1990000084042549, 0.54666668176651, 0.33000001311302185, 0.3946666717529297]",0.336426,eastern fox squirrel,sciurus niger,0.634719,class,flag
data/inaturalist/images/eulemur_species/inat_eulemur_species_00620.jpg,inaturalist,,eulemur_species,1,"[0.14100000262260437, 0.43093094415962696, 0.28200000524520874, 0.8558558821678162]",0.230966,olive baboon,papio anubis,0.151819,order,uncertain
data/inaturalist/images/eulemur_species/inat_eulemur_species_00646.jpg,inaturalist,,eulemur_species,1,"[0.4959999918937683, 0.3102409541606903, 0.5839999914169312, 0.6204819083213806]",0.492188,domestic cattle,bos taurus,0.619649,class,flag
data/inaturalist/images/eulemur_species/inat_eulemur_species_00656.jpg,inaturalist,,eulemur_species,1,"[0.5647590309381485, 0.35999999940395355, 0.4487951695919037, 0.2800000011920929]",0.412598,south american coati,nasua nasua,0.507575,class,flag
data/inaturalist/images/eulemur_species/inat_eulemur_species_00657.jpg,inaturalist,,eulemur_species,1,"[0.25, 0.6450000107288361, 0.5, 0.3140000104904175]",0.213989,red fox,vulpes vulpes,0.882966,class,flag
data/inaturalist/images/eulemur_species/inat_eulemur_species_00658.jpg,inaturalist,,eulemur_species,1,"[0.364457830786705, 0.7449999898672104, 0.4397590458393097, 0.414000004529953]",0.475586,spotted hyaena,crocuta crocuta,0.256465,class,uncertain
data/inaturalist/images/eurasian_badger/inat_eurasian_badger_00393.jpg,inaturalist,,eurasian_badger,1,"[0.1289999932050705, 0.1807610960677266, 0.257999986410141, 0.344608873128891]",0.210083,north american porcupine,erethizon dorsatum,0.926248,class,flag
data/inaturalist/images/eurasian_otter/inat_eurasian_otter_00454.jpg,inaturalist,,eurasian_otter,2,"[0.26600000262260437, 0.328000009059906, 0.2720000147819519, 0.25600001215934753]",0.318604,nutria,myocastor coypus,0.586259,class,flag
data/inaturalist/images/eurasian_otter/inat_eurasian_otter_00681.jpg,inaturalist,,eurasian_otter,1,"[0.414000004529953, 0.5095846652984619, 0.4399999976158142, 0.3993610143661499]",0.213745,capybara,hydrochoerus hydrochaeris,0.276151,class,uncertain
data/inaturalist/images/eurasian_red_squirrel/inat_eurasian_red_squirrel_00155.jpg,inaturalist,,eurasian_red_squirrel,1,"[0.42400000989437103, 0.5408163219690323, 0.47600001096725464, 0.2789115607738495]",0.218384,mule deer,odocoileus hemionus,0.173305,class,uncertain
data/inaturalist/images/eurasian_red_squirrel/inat_eurasian_red_squirrel_00348.jpg,inaturalist,,eurasian_red_squirrel,1,"[0.44600000232458115, 0.6106666773557663, 0.15600000321865082, 0.42133334279060364]",0.403564,white-tailed deer,odocoileus virginianus,0.665602,class,flag
data/inaturalist/images/eurasian_red_squirrel/inat_eurasian_red_squirrel_00413.jpg,inaturalist,,eurasian_red_squirrel,1,"[0.7499999850988388, 0.6500000059604645, 0.3319999873638153, 0.522857129573822]",0.413086,domestic cattle,bos taurus,0.525094,class,flag
data/inaturalist/images/eurasian_red_squirrel/inat_eurasian_red_squirrel_00421.jpg,inaturalist,,eurasian_red_squirrel,1,"[0.6493333578109741, 0.27299999445676804, 0.25333333015441895, 0.5099999904632568]",0.263428,southern pig-tailed macaque,macaca nemestrina,0.629102,class,flag
data/inaturalist/images/eurasian_red_squirrel/inat_eurasian_red_squirrel_00692.jpg,inaturalist,,eurasian_red_squirrel,1,"[0.4060000032186508, 0.4933333396911621, 0.2240000069141388, 0.35199999809265137]",0.208496,red fox,vulpes vulpes,0.141221,class,uncertain
data/inaturalist/images/eurasian_red_squirrel/inat_eurasian_red_squirrel_03511.jpg,inaturalist,,eurasian_red_squirrel,1,"[0.4359823390841484, 0.41499999165534973, 0.20971302688121796, 0.4099999964237213]",0.363525,white-tailed deer,odocoileus virginianus,0.794785,class,flag
data/inaturalist/images/eurasian_red_squirrel/inat_eurasian_red_squirrel_03957.jpg,inaturalist,,eurasian_red_squirrel,1,"[0.6340000033378601, 0.6014925390481949, 0.2680000066757202, 0.26567164063453674]",0.459473,white-tailed deer,odocoileus virginianus,0.872669,class,flag
data/inaturalist/images/eurasian_red_squirrel/inat_eurasian_red_squirrel_04061.jpg,inaturalist,,eurasian_red_squirrel,2,"[0.3109999969601631, 0.6137724369764328, 0.4259999990463257, 0.269461065530777]",0.333984,red fox,vulpes vulpes,0.180182,class,uncertain
data/inaturalist/images/eurasian_red_squirrel/inat_eurasian_red_squirrel_04273.jpg,inaturalist,,eurasian_red_squirrel,1,"[0.8790000155568123, 0.3558558523654938, 0.24199999868869781, 0.4534534513950348]",0.25148,white-tailed deer,odocoileus virginianus,0.506888,class,flag
data/inaturalist/images/eurasian_red_squirrel/inat_eurasian_red_squirrel_04899.jpg,inaturalist,,eurasian_red_squirrel,1,"[0.4490000009536743, 0.46533334255218506, 0.28600001335144043, 0.2853333353996277]",0.221191,central american agouti,dasyprocta punctata,0.490384,order,flag
data/inaturalist/images/eurasian_red_squirrel/inat_eurasian_red_squirrel_05532.jpg,inaturalist,,eurasian_red_squirrel,1,"[0.5406626313924789, 0.5259999930858612, 0.2680722773075104, 0.2879999876022339]",0.464355,american marten,martes americana,0.145767,class,uncertain
data/inaturalist/images/eurasian_red_squirrel/inat_eurasian_red_squirrel_05860.jpg,inaturalist,,eurasian_red_squirrel,1,"[0.8519999906420708, 0.5816618949174881, 0.23999999463558197, 0.7621776461601257]",0.374023,domestic cattle,bos taurus,0.501397,class,flag
data/inaturalist/images/eurasian_red_squirrel/inat_eurasian_red_squirrel_06535.jpg,inaturalist,,eurasian_red_squirrel,1,"[0.6890000104904175, 0.26133332774043083, 0.33399999141693115, 0.46933332085609436]",0.233887,domestic cattle,bos taurus,0.95645,class,flag
data/inaturalist/images/eurasian_red_squirrel/inat_eurasian_red_squirrel_07720.jpg,inaturalist,,eurasian_red_squirrel,4,"[0.8489999696612358, 0.1810000017285347, 0.16599999368190765, 0.17000000178813934]",0.229492,domestic cattle,bos taurus,0.349535,class,flag
data/inaturalist/images/eurasian_red_squirrel/inat_eurasian_red_squirrel_08176.jpg,inaturalist,,eurasian_red_squirrel,1,"[0.47300001978874207, 0.45373135805130005, 0.3140000104904175, 0.6507462859153748]",0.368652,milne-edwards' macaque,macaca thibetana,0.278336,class,uncertain
data/inaturalist/images/eurasian_red_squirrel/inat_eurasian_red_squirrel_08278.jpg,inaturalist,,eurasian_red_squirrel,1,"[0.3439999967813492, 0.5315315276384354, 0.36800000071525574, 0.3723723590373993]",0.297119,black-rumped agouti,dasyprocta prymnolopha,0.199056,order,uncertain
data/inaturalist/images/eurasian_red_squirrel/inat_eurasian_red_squirrel_08333.jpg,inaturalist,,eurasian_red_squirrel,1,"[0.30400000512599945, 0.41100000590085983, 0.35600000619888306, 0.6660000085830688]",0.343262,domestic goat,capra aegagrus hircus,0.476286,class,flag
data/inaturalist/images/eurasian_red_squirrel/inat_eurasian_red_squirrel_08958.jpg,inaturalist,,eurasian_red_squirrel,1,"[0.5030000060796738, 0.4064171016216278, 0.43799999356269836, 0.5935828685760498]",0.282959,american marten,martes americana,0.941477,class,flag
data/inaturalist/images/eurasian_red_squirrel/inat_eurasian_red_squirrel_09567.jpg,inaturalist,,eurasian_red_squirrel,1,"[0.6410000026226044, 0.5585585683584213, 0.7179999947547913, 0.8708708882331848]",0.265869,domestic cattle,bos taurus,0.246386,class,uncertain
data/inaturalist/images/eurasian_red_squirrel/inat_eurasian_red_squirrel_09880.jpg,inaturalist,,eurasian_red_squirrel,1,"[0.455999992787838, 0.40299999713897705, 0.24400000274181366, 0.3179999887943268]",0.428711,american marten,martes americana,0.328505,class,flag
data/inaturalist/images/european_bison/inat_european_bison_00066.jpg,inaturalist,,european_bison,1,"[0.4715302288532257, 0.47699999809265137, 0.41637009382247925, 0.2540000081062317]",0.265137,domestic cat,felis catus,0.739575,class,flag
data/inaturalist/images/european_hare/inat_european_hare_00248.jpg,inaturalist,,european_hare,1,"[0.23333333432674408, 0.7300000190734863, 0.46666666865348816, 0.5400000214576721]",0.348951,human,homo sapiens,0.510861,class,flag
data/inaturalist/images/european_hare/inat_european_hare_01729.jpg,inaturalist,,european_hare,1,"[0.48899998515844345, 0.5285285115242004, 0.10999999940395355, 0.42042040824890137]",0.45752,white-tailed deer,odocoileus virginianus,0.292587,class,uncertain
data/inaturalist/images/european_hare/inat_european_hare_02134.jpg,inaturalist,,european_hare,2,"[0.37199999392032623, 0.589005246758461, 0.2879999876022339, 0.2565445005893707]",0.245605,long-tailed weasel,mustela frenata,0.216923,class,uncertain
data/inaturalist/images/european_hare/inat_european_hare_02536.jpg,inaturalist,,european_hare,1,"[0.40300000458955765, 0.7359999865293503, 0.12600000202655792, 0.1706666648387909]",0.219971,white-tailed deer,odocoileus virginianus,0.362748,class,flag
data/inaturalist/images/european_rabbit/inat_european_rabbit_00217.jpg,inaturalist,,european_rabbit,3,"[0.731999970972538, 0.5533333271741867, 0.07999999821186066, 0.12533333897590637]",0.426514,domestic cat,felis catus,0.305075,class,flag
data/inaturalist/images/european_rabbit/inat_european_rabbit_01205.jpg,inaturalist,,european_rabbit,1,"[0.08699999749660492, 0.4519519507884979, 0.17399999499320984, 0.9039039015769958]",0.299658,white-tailed deer,odocoileus virginianus,0.736526,class,flag
data/inaturalist/images/european_rabbit/inat_european_rabbit_01621.jpg,inaturalist,,european_rabbit,1,"[0.7906666398048401, 0.49400001764297485, 0.2746666669845581, 0.4440000057220459]",0.320068,domestic cattle,bos taurus,0.942377,class,flag
data/inaturalist/images/european_rabbit/inat_european_rabbit_03181.jpg,inaturalist,,european_rabbit,1,"[0.10599999874830246, 0.49300000071525574, 0.21199999749660492, 0.9860000014305115]",0.301803,mule deer,odocoileus hemionus,0.255845,class,uncertain
data/inaturalist/images/european_rabbit/inat_european_rabbit_03817.jpg,inaturalist,,european_rabbit,1,"[0.6979999840259552, 0.5800000131130219, 0.23600000143051147, 0.47200000286102295]",0.274658,eastern gray squirrel,sciurus carolinensis,0.178133,class,uncertain
data/inaturalist/images/european_rabbit/inat_european_rabbit_03955.jpg,inaturalist,,european_rabbit,1,"[0.25375375151634216, 0.7800000011920929, 0.5075075030326843, 0.4399999976158142]",0.409668,northern raccoon,procyon lotor,0.437744,class,flag
data/inaturalist/images/european_rabbit/inat_european_rabbit_04246.jpg,inaturalist,,european_rabbit,1,"[0.5229999870061874, 0.5493333488702774, 0.26600000262260437, 0.2666666805744171]",0.202393,woodchuck,marmota monax,0.216313,class,uncertain
data/inaturalist/images/european_rabbit/inat_european_rabbit_04373.jpg,inaturalist,,european_rabbit,1,"[0.8919999822974205, 0.3213333263993263, 0.2160000056028366, 0.5413333177566528]",0.422607,coyote,canis latrans,0.237665,class,uncertain
data/inaturalist/images/european_rabbit/inat_european_rabbit_04419.jpg,inaturalist,,european_rabbit,2,"[0.7419999837875366, 0.4819819778203964, 0.14800000190734863, 0.15315315127372742]",0.471436,eastern gray squirrel,sciurus carolinensis,0.297869,class,uncertain
data/inaturalist/images/european_rabbit/inat_european_rabbit_04484.jpg,inaturalist,,european_rabbit,1,"[0.5999999791383743, 0.171171173453331, 0.3319999873638153, 0.342342346906662]",0.342529,woodchuck,marmota monax,0.92248,class,flag
data/inaturalist/images/european_rabbit/inat_european_rabbit_04974.jpg,inaturalist,,european_rabbit,1,"[0.36933333426713943, 0.45900001376867294, 0.17866666615009308, 0.10999999940395355]",0.425085,douglas's squirrel,tamiasciurus douglasii,0.27745,class,uncertain
data/inaturalist/images/european_roe_deer/inat_european_roe_deer_02986.jpg,inaturalist,,european_roe_deer,1,"[0.6051502451300621, 0.6430000141263008, 0.15021459758281708, 0.21400000154972076]",0.392578,coyote,canis latrans,0.293006,class,uncertain
data/inaturalist/images/european_roe_deer/inat_european_roe_deer_06263.jpg,inaturalist,,european_roe_deer,1,"[0.4160000046249479, 0.6081081032752991, 0.828000009059906, 0.5915915966033936]",0.207275,guenther's dik-dik,madoqua guentheri,0.203809,order,uncertain
data/inaturalist/images/fossa/inat_fossa_00007.jpg,inaturalist,,fossa,1,"[0.37800001353025436, 0.17733334004878998, 0.6600000262260437, 0.35466668009757996]",0.206421,lion,panthera leo,0.590408,order,flag
data/inaturalist/images/gemsbok/inat_gemsbok_00329.jpg,inaturalist,,gemsbok,5,"[0.17599999904632568, 0.46000000834465027, 0.20399999618530273, 0.2720000147819519]",0.455078,domestic horse,equus caballus,0.272716,class,uncertain
data/inaturalist/images/gemsbok/inat_gemsbok_00635.jpg,inaturalist,,gemsbok,3,"[0.1719999983906746, 0.4880000054836273, 0.11599999666213989, 0.14399999380111694]",0.406982,plains zebra,equus quagga,0.391491,class,flag
data/inaturalist/images/gemsbok/inat_gemsbok_00635.jpg,inaturalist,,gemsbok,5,"[0.7089999988675117, 0.5306666567921638, 0.09399999678134918, 0.1120000034570694]",0.287598,plains zebra,equus quagga,0.645528,class,flag
data/inaturalist/images/genet_genus/inat_genet_genus_00744.jpg,inaturalist,,genet_genus,1,"[0.3580000102519989, 0.42342341132462025, 0.7160000205039978, 0.8408408164978027]",0.260742,serval,leptailurus serval,0.37871,order,flag
data/inaturalist/images/gerenuk/inat_gerenuk_00054.jpg,inaturalist,,gerenuk,2,"[0.42000000923871994, 0.7107557952404022, 0.12399999797344208, 0.23546510934829712]",0.335449,white-tailed deer,odocoileus virginianus,0.256256,order,uncertain
data/inaturalist/images/giant_anteater/inat_giant_anteater_00038.jpg,inaturalist,,giant_anteater,1,"[0.5600000023841858, 0.4599999934434891, 0.14800000190734863, 0.23733332753181458]",0.394775,vervet monkey,chlorocebus pygerythrus,0.280594,class,uncertain
data/inaturalist/images/giant_anteater/inat_giant_anteater_00097.jpg,inaturalist,,giant_anteater,1,"[0.625, 0.3506666566245258, 0.75, 0.6959999799728394]",0.35376,western gray squirrel,sciurus griseus,0.479519,class,flag
data/inaturalist/images/giant_anteater/inat_giant_anteater_00121.jpg,inaturalist,,giant_anteater,1,"[0.5659999996423721, 0.35943061858415604, 0.3160000145435333, 0.16370107233524323]",0.301758,domestic cattle,bos taurus,0.894795,class,flag
data/inaturalist/images/giant_otter/inat_giant_otter_00016.jpg,inaturalist,,giant_otter,1,"[0.7579999715089798, 0.7666666805744171, 0.48399999737739563, 0.46133333444595337]",0.393066,common wildebeest,connochaetes taurinus,0.334547,class,flag
data/inaturalist/images/giant_otter/inat_giant_otter_00019.jpg,inaturalist,,giant_otter,1,"[0.23499999940395355, 0.30000001192092896, 0.28999999165534973, 0.6000000238418579]",0.388672,nutria,myocastor coypus,0.266521,class,uncertain
data/inaturalist/images/giant_otter/inat_giant_otter_00060.jpg,inaturalist,,giant_otter,1,"[0.5930000022053719, 0.5303514450788498, 0.20999999344348907, 0.2555910646915436]",0.254639,american beaver,castor canadensis,0.110757,class,uncertain
data/inaturalist/images/giant_otter/inat_giant_otter_00142.jpg,inaturalist,,giant_otter,5,"[0.28599999845027924, 0.6106666550040245, 0.42399999499320984, 0.2293333262205124]",0.239263,nutria,myocastor coypus,0.644647,class,flag
data/inaturalist/images/giant_otter/inat_giant_otter_00143.jpg,inaturalist,,giant_otter,2,"[0.5290000140666962, 0.390666663646698, 0.5139999985694885, 0.46666666865348816]",0.473389,nutria,myocastor coypus,0.604985,class,flag
data/inaturalist/images/giant_otter/inat_giant_otter_00240.jpg,inaturalist,,giant_otter,2,"[0.6060000061988831, 0.6373333632946014, 0.5, 0.25066667795181274]",0.33374,american beaver,castor canadensis,0.425926,class,flag
data/inaturalist/images/giant_otter/inat_giant_otter_00357.jpg,inaturalist,,giant_otter,5,"[0.5690000057220459, 0.29279279708862305, 0.3140000104904175, 0.2012012004852295]",0.265869,common wildebeest,connochaetes taurinus,0.39178,class,flag
data/inaturalist/images/giraffe/inat_giraffe_00034.jpg,inaturalist,,giraffe,1,"[0.4830000102519989, 0.4976798149291426, 0.9660000205039978, 0.9907192587852478]",0.433838,domestic cattle,bos taurus,0.399443,order,flag
data/inaturalist/images/giraffe/inat_giraffe_00088.jpg,inaturalist,,giraffe,2,"[0.4089999981224537, 0.6246246099472046, 0.0860000029206276, 0.30630630254745483]",0.217651,white-tailed deer,odocoileus virginianus,0.942568,order,flag
data/inaturalist/images/glaucomys_species/inat_glaucomys_species_00229.jpg,inaturalist,,glaucomys_species,1,"[0.5999999940395355, 0.19099999219179153, 0.7946666479110718, 0.34599998593330383]",0.360596,mule deer,odocoileus hemionus,0.161313,class,uncertain
data/inaturalist/images/glaucomys_species/inat_glaucomys_species_00408.jpg,inaturalist,,glaucomys_species,1,"[0.4299999922513962, 0.643552303314209, 0.7279999852180481, 0.6934306621551514]",0.472412,domestic cattle,bos taurus,0.703336,class,flag
data/inaturalist/images/golden_jackal/inat_golden_jackal_00723.jpg,inaturalist,,golden_jackal,1,"[0.36800000816583633, 0.5371428579092026, 0.5640000104904175, 0.7714285850524902]",0.248047,bushbuck,tragelaphus scriptus,0.125289,class,uncertain
data/inaturalist/images/golden_jackal/inat_golden_jackal_00724.jpg,inaturalist,,golden_jackal,1,"[0.18200000328943133, 0.6257764101028442, 0.35600000619888306, 0.4751552939414978]",0.406006,bushbuck,tragelaphus scriptus,0.340452,class,flag
data/inaturalist/images/golden_mantled_ground_squirrel/inat_golden_mantled_ground_squirrel_02126.jpg,inaturalist,,golden_mantled_ground_squirrel,1,"[0.2933333208784461, 0.5779999792575836, 0.5759999752044678, 0.5199999809265137]",0.249756,red deer,cervus elaphus,0.262544,class,uncertain
data/inaturalist/images/gorilla_species/inat_gorilla_species_00039.jpg,inaturalist,,gorilla_species,1,"[0.7370000034570694, 0.3944954052567482, 0.38199999928474426, 0.60550457239151]",0.360596,domestic cattle,bos taurus,0.919225,class,flag
data/inaturalist/images/gorilla_species/inat_gorilla_species_00043.jpg,inaturalist,,gorilla_species,1,"[0.39100000262260437, 0.5285285264253616, 0.3540000021457672, 0.9069069027900696]",0.303223,takin,budorcas taxicolor,0.132153,class,uncertain
data/inaturalist/images/gorilla_species/inat_gorilla_species_00063.jpg,inaturalist,,gorilla_species,1,"[0.2839999943971634, 0.23273273557424545, 0.23199999332427979, 0.44144144654273987]",0.479492,domestic cattle,bos taurus,0.352505,class,flag
data/inaturalist/images/gorilla_species/inat_gorilla_species_00074.jpg,inaturalist,,gorilla_species,2,"[0.7706666365265846, 0.2900000065565109, 0.23466666042804718, 0.25200000405311584]",0.443115,american black bear,ursus americanus,0.69782,class,flag
data/inaturalist/images/gorilla_species/inat_gorilla_species_00163.jpg,inaturalist,,gorilla_species,1,"[0.4573333412408829, 0.43799999356269836, 0.30133333802223206, 0.30000001192092896]",0.222656,blue monkey,cercopithecus mitis,0.612444,order,flag
data/inaturalist/images/gorilla_species/inat_gorilla_species_00186.jpg,inaturalist,,gorilla_species,1,"[0.5700000002980232, 0.594311386346817, 0.1720000058412552, 0.36826348304748535]",0.256592,domestic cattle,bos taurus,0.397103,class,flag
data/inaturalist/images/gorilla_species/inat_gorilla_species_00211.jpg,inaturalist,,gorilla_species,1,"[0.7380000054836273, 0.283783795312047, 0.5120000243186951, 0.5615615844726562]",0.37085,stump-tailed macaque,macaca arctoides,0.244668,order,uncertain
data/inaturalist/images/gorilla_species/inat_gorilla_species_00212.jpg,inaturalist,,gorilla_species,1,"[0.3720000088214874, 0.7147147357463837, 0.46000000834465027, 0.56456458568573]",0.320312,american black bear,ursus americanus,0.226426,class,uncertain
data/inaturalist/images/gorilla_species/inat_gorilla_species_00285.jpg,inaturalist,,gorilla_species,1,"[0.7319999933242798, 0.7087087035179138, 0.5239999890327454, 0.5405405163764954]",0.251709,domestic cattle,bos taurus,0.462264,class,flag
data/inaturalist/images/gorilla_species/inat_gorilla_species_00290.jpg,inaturalist,,gorilla_species,1,"[0.5940000116825104, 0.7402402460575104, 0.2639999985694885, 0.5135135054588318]",0.320801,domestic cattle,bos taurus,0.44699,class,flag
data/inaturalist/images/gorilla_species/inat_gorilla_species_00307.jpg,inaturalist,,gorilla_species,1,"[0.4189999997615814, 0.14199395198374987, 0.3019999861717224, 0.2779456079006195]",0.459961,domestic cattle,bos taurus,0.46203,class,flag
data/inaturalist/images/gorilla_species/inat_gorilla_species_00397.jpg,inaturalist,,gorilla_species,2,"[0.6630000025033951, 0.8026666939258575, 0.4099999964237213, 0.3840000033378601]",0.333496,macaque species,macaca,0.591703,order,flag
data/inaturalist/images/grant's_gazelle/inat_grant's_gazelle_00002.jpg,inaturalist,,grant's_gazelle,1,"[0.9350000023841858, 0.41141141951084137, 0.12999999523162842, 0.14414414763450623]",0.473646,plains zebra,equus quagga,0.48604,class,flag
data/inaturalist/images/grant's_gazelle/inat_grant's_gazelle_00045.jpg,inaturalist,,grant's_gazelle,2,"[0.29500000178813934, 0.3843187689781189, 0.25, 0.5115681290626526]",0.428223,white-tailed deer,odocoileus virginianus,0.744313,order,flag
data/inaturalist/images/grant's_gazelle/inat_grant's_gazelle_00058.jpg,inaturalist,,grant's_gazelle,2,"[0.16899999976158142, 0.4744744822382927, 0.1459999978542328, 0.16816817224025726]",0.350098,white-tailed deer,odocoileus virginianus,0.706223,order,flag
data/inaturalist/images/grant's_gazelle/inat_grant's_gazelle_00066.jpg,inaturalist,,grant's_gazelle,2,"[0.7119999825954437, 0.4369369447231293, 0.3199999928474426, 0.27927929162979126]",0.47998,white-tailed deer,odocoileus virginianus,0.955688,order,flag
data/inaturalist/images/greater_kudu/inat_greater_kudu_00351.jpg,inaturalist,,greater_kudu,4,"[0.30300000309944153, 0.7386666387319565, 0.17800000309944153, 0.2826666533946991]",0.483643,white-tailed deer,odocoileus virginianus,0.941829,order,flag
data/inaturalist/images/greater_kudu/inat_greater_kudu_00399.jpg,inaturalist,,greater_kudu,1,"[0.6639999896287918, 0.33695653080940247, 0.42800000309944153, 0.34057971835136414]",0.203857,red deer,cervus elaphus,0.533491,order,flag
data/inaturalist/images/greater_kudu/inat_greater_kudu_00557.jpg,inaturalist,,greater_kudu,7,"[0.4749999865889549, 0.5280000045895576, 0.10999999940395355, 0.13333334028720856]",0.409424,white-tailed deer,odocoileus virginianus,0.376021,order,flag
data/inaturalist/images/greater_kudu/inat_greater_kudu_00650.jpg,inaturalist,,greater_kudu,1,"[0.3050000071525574, 0.5186666697263718, 0.2980000078678131, 0.42399999499320984]",0.385254,white-tailed deer,odocoileus virginianus,0.92128,order,flag
data/inaturalist/images/greater_kudu/inat_greater_kudu_00660.jpg,inaturalist,,greater_kudu,1,"[0.5890000015497208, 0.672672688961029, 0.15000000596046448, 0.48048049211502075]",0.334717,white-tailed deer,odocoileus virginianus,0.885761,order,flag
data/inaturalist/images/greater_kudu/inat_greater_kudu_00800.jpg,inaturalist,,greater_kudu,4,"[0.20899999514222145, 0.4880000203847885, 0.11400000005960464, 0.2666666805744171]",0.257324,mule deer,odocoileus hemionus,0.673929,order,flag
data/inaturalist/images/greater_kudu/inat_greater_kudu_01179.jpg,inaturalist,,greater_kudu,4,"[0.79100002348423, 0.4399399310350418, 0.4180000126361847, 0.33933934569358826]",0.281006,plains zebra,equus quagga,0.358038,class,flag
data/inaturalist/images/greater_kudu/inat_greater_kudu_01334.jpg,inaturalist,,greater_kudu,1,"[0.2929999977350235, 0.6786786615848541, 0.27799999713897705, 0.630630612373352]",0.403564,white-tailed deer,odocoileus virginianus,0.119225,order,uncertain
data/inaturalist/images/greater_kudu/inat_greater_kudu_01440.jpg,inaturalist,,greater_kudu,2,"[0.3710000142455101, 0.5560000166296959, 0.1420000046491623, 0.20533333718776703]",0.461914,white-tailed deer,odocoileus virginianus,0.636825,order,flag
data/inaturalist/images/grey_fox/inat_grey_fox_00722.jpg,inaturalist,,grey_fox,1,"[0.38599999994039536, 0.5053333267569542, 0.15199999511241913, 0.15199999511241913]",0.410156,eastern fox squirrel,sciurus niger,0.353589,class,flag
data/inaturalist/images/grey_fox/inat_grey_fox_00854.jpg,inaturalist,,grey_fox,1,"[0.5172872245311737, 0.526000015437603, 0.332446813583374, 0.24400000274181366]",0.208374,northern palawan tree squirrel,sundasciurus juvencus,0.210043,class,uncertain
data/inaturalist/images/grey_fox/inat_grey_fox_00918.jpg,inaturalist,,grey_fox,1,"[0.5173333287239075, 0.7520000040531158, 0.7839999794960022, 0.4959999918937683]",0.406321,human,homo sapiens,0.832274,class,flag
data/inaturalist/images/grey_fox/inat_grey_fox_01123.jpg,inaturalist,,grey_fox,1,"[0.47340425848960876, 0.22499999403953552, 0.35638296604156494, 0.44999998807907104]",0.370117,white-tailed deer,odocoileus virginianus,0.360427,class,flag
data/inaturalist/images/grey_fox/inat_grey_fox_01400.jpg,inaturalist,,grey_fox,2,"[0.6786666810512543, 0.3630000054836273, 0.2853333353996277, 0.4180000126361847]",0.241699,mule deer,odocoileus hemionus,0.5581,class,flag
data/inaturalist/images/grey_fox/inat_grey_fox_01463.jpg,inaturalist,,grey_fox,1,"[0.3973333383910358, 0.08100000023841858, 0.7893333435058594, 0.16200000047683716]",0.418213,yellow-bellied marmot,marmota flaviventris,0.257494,class,uncertain
data/inaturalist/images/grey_fox/inat_grey_fox_01464.jpg,inaturalist,,grey_fox,1,"[0.2759999930858612, 0.11733333021402359, 0.5519999861717224, 0.23466666042804718]",0.299316,yellow-bellied marmot,marmota flaviventris,0.573457,class,flag
data/inaturalist/images/hares_and_jackrabbits_genus/inat_hares_and_jackrabbits_genus_02240.jpg,inaturalist,,hares_and_jackrabbits_genus,1,"[0.08699999749660492, 0.5672269016504288, 0.17399999499320984, 0.4285714328289032]",0.227661,crab-eating mongoose,herpestes urva,0.440722,class,flag
data/inaturalist/images/hares_and_jackrabbits_genus/inat_hares_and_jackrabbits_genus_03017.jpg,inaturalist,,hares_and_jackrabbits_genus,4,"[0.6559999883174896, 0.4333333298563957, 0.14399999380111694, 0.15199999511241913]",0.258663,wild goat,capra aegagrus,0.158662,class,uncertain
data/inaturalist/images/hares_and_jackrabbits_genus/inat_hares_and_jackrabbits_genus_03693.jpg,inaturalist,,hares_and_jackrabbits_genus,1,"[0.4069149047136307, 0.2719999961555004, 0.5265957713127136, 0.4519999921321869]",0.225098,white-tailed deer,odocoileus virginianus,0.469986,class,flag
data/inaturalist/images/hartebeest/inat_hartebeest_00136.jpg,inaturalist,,hartebeest,4,"[0.14799999445676804, 0.40751445293426514, 0.14399999380111694, 0.5838150382041931]",0.204346,red deer,cervus elaphus,0.343545,order,flag
data/inaturalist/images/hedgehog_family/inat_hedgehog_family_00966.jpg,inaturalist,,hedgehog_family,1,"[0.7409999817609787, 0.5479999929666519, 0.3499999940395355, 0.37066665291786194]",0.442899,northern raccoon,procyon lotor,0.287165,no_match,uncertain
data/inaturalist/images/hedgehog_family/inat_hedgehog_family_01352.jpg,inaturalist,,hedgehog_family,1,"[0.29600000381469727, 0.6050000041723251, 0.3786666691303253, 0.38600000739097595]",0.220703,eastern gray squirrel,sciurus carolinensis,0.625491,no_match,flag
data/inaturalist/images/hedgehog_family/inat_hedgehog_family_01678.jpg,inaturalist,,hedgehog_family,1,"[0.26900000125169754, 0.5573333501815796, 0.3659999966621399, 0.6026666760444641]",0.478027,california ground squirrel,otospermophilus beecheyi,0.679002,no_match,flag
data/inaturalist/images/hedgehog_family/inat_hedgehog_family_02114.jpg,inaturalist,,hedgehog_family,1,"[0.622666671872139, 0.4230000078678131, 0.7546666860580444, 0.8460000157356262]",0.223755,north american porcupine,erethizon dorsatum,0.387171,no_match,flag
data/inaturalist/images/hedgehog_family/inat_hedgehog_family_02212.jpg,inaturalist,,hedgehog_family,1,"[0.5026666522026062, 0.5160000026226044, 0.25333333015441895, 0.18000000715255737]",0.220459,north american porcupine,erethizon dorsatum,0.186588,no_match,uncertain
data/inaturalist/images/hedgehog_family/inat_hedgehog_family_02437.jpg,inaturalist,,hedgehog_family,1,"[0.25333333015441895, 0.3830000013113022, 0.5066666603088379, 0.37400001287460327]",0.495605,north american porcupine,erethizon dorsatum,0.234497,no_match,uncertain
data/inaturalist/images/hedgehog_family/inat_hedgehog_family_02437.jpg,inaturalist,,hedgehog_family,2,"[0.5000000144354999, 0.44600000977516174, 0.9946666955947876, 0.5040000081062317]",0.216309,collared peccary,pecari tajacu,0.177798,no_match,uncertain
data/inaturalist/images/hedgehog_family/inat_hedgehog_family_02724.jpg,inaturalist,,hedgehog_family,1,"[0.4690000037662685, 0.4053191468119621, 0.9300000071525574, 0.6574468016624451]",0.361572,malayan porcupine,hystrix brachyura,0.473749,no_match,flag
data/inaturalist/images/hedgehog_family/inat_hedgehog_family_03369.jpg,inaturalist,,hedgehog_family,2,"[0.453000009059906, 0.49164677411317825, 0.1340000033378601, 0.11455847322940826]",0.364502,columbian ground squirrel,urocitellus columbianus,0.766935,no_match,flag
data/inaturalist/images/hippopotamus/inat_hippopotamus_00081.jpg,inaturalist,,hippopotamus,1,"[0.3880000114440918, 0.38532108813524246, 0.328000009059906, 0.18960244953632355]",0.366211,american beaver,castor canadensis,0.350864,class,flag
data/inaturalist/images/hippopotamus/inat_hippopotamus_00123.jpg,inaturalist,,hippopotamus,2,"[0.5339999794960022, 0.39723925292491913, 0.6919999718666077, 0.19938650727272034]",0.316895,nutria,myocastor coypus,0.220735,class,uncertain
data/inaturalist/images/hippopotamus/inat_hippopotamus_00137.jpg,inaturalist,,hippopotamus,3,"[0.4230000078678131, 0.7987987995147705, 0.5540000200271606, 0.21021020412445068]",0.366699,white-tailed deer,odocoileus virginianus,0.238038,order,uncertain
data/inaturalist/images/hippopotamus/inat_hippopotamus_00139.jpg,inaturalist,,hippopotamus,3,"[0.6869999766349792, 0.6021021157503128, 0.5899999737739563, 0.24924924969673157]",0.447998,human,homo sapiens,0.360248,class,flag
data/inaturalist/images/hippopotamus/inat_hippopotamus_00183.jpg,inaturalist,,hippopotamus,4,"[0.13899999856948853, 0.7762762829661369, 0.27799999713897705, 0.16516517102718353]",0.247803,domestic cattle,bos taurus,0.166746,order,uncertain
data/inaturalist/images/hippopotamus/inat_hippopotamus_00322.jpg,inaturalist,,hippopotamus,2,"[0.45222222805023193, 0.5070000141859055, 0.5400000214576721, 0.2939999997615814]",0.436279,domestic cattle,bos taurus,0.38106,order,flag
data/inaturalist/images/hippopotamus/inat_hippopotamus_00343.jpg,inaturalist,,hippopotamus,2,"[0.49900001287460327, 0.5405405387282372, 0.4580000042915344, 0.18618617951869965]",0.353516,white-tailed deer,odocoileus virginianus,0.904007,order,flag
data/inaturalist/images/hippopotamus/inat_hippopotamus_00380.jpg,inaturalist,,hippopotamus,4,"[0.6539999842643738, 0.3400000110268593, 0.6919999718666077, 0.2266666740179062]",0.287213,human,homo sapiens,0.448358,class,flag
data/inaturalist/images/hippopotamus/inat_hippopotamus_00556.jpg,inaturalist,,hippopotamus,4,"[0.41599999368190765, 0.5053333267569542, 0.2840000092983246, 0.20533333718776703]",0.247314,nutria,myocastor coypus,0.426395,class,flag
data/inaturalist/images/hippopotamus/inat_hippopotamus_00557.jpg,inaturalist,,hippopotamus,2,"[0.4269999861717224, 0.47066667675971985, 0.33799999952316284, 0.30666667222976685]",0.209106,nutria,myocastor coypus,0.214094,class,uncertain
data/inaturalist/images/hippopotamus/inat_hippopotamus_00597.jpg,inaturalist,,hippopotamus,1,"[0.4599999934434891, 0.42492492496967316, 0.4000000059604645, 0.24924924969673157]",0.44165,coyote,canis latrans,0.194802,class,uncertain
data/inaturalist/images/hippopotamus/inat_hippopotamus_00602.jpg,inaturalist,,hippopotamus,3,"[0.49299998581409454, 0.6951951831579208, 0.5339999794960022, 0.14714714884757996]",0.343338,coyote,canis latrans,0.35687,class,flag
data/inaturalist/images/hippopotamus/inat_hippopotamus_00646.jpg,inaturalist,,hippopotamus,1,"[0.7720000296831131, 0.5520000010728836, 0.4560000002384186, 0.2133333384990692]",0.443604,lowland tapir,tapirus terrestris,0.181771,class,uncertain
data/inaturalist/images/hippopotamus/inat_hippopotamus_00646.jpg,inaturalist,,hippopotamus,2,"[0.5470000058412552, 0.5560000166296959, 0.38600000739097595, 0.20533333718776703]",0.429688,lowland tapir,tapirus terrestris,0.333432,class,flag
data/inaturalist/images/hippopotamus/inat_hippopotamus_00652.jpg,inaturalist,,hippopotamus,1,"[0.5, 0.619999997317791, 1.0, 0.2266666740179062]",0.29834,domestic cattle,bos taurus,0.979321,order,flag
data/inaturalist/images/hippopotamus/inat_hippopotamus_00774.jpg,inaturalist,,hippopotamus,1,"[0.1860000044107437, 0.31081080436706543, 0.3720000088214874, 0.4234234094619751]",0.236694,domestic cattle,bos taurus,0.468786,order,flag
data/inaturalist/images/hippopotamus/inat_hippopotamus_00835.jpg,inaturalist,,hippopotamus,4,"[0.528999999165535, 0.3933333419263363, 0.23399999737739563, 0.11999999731779099]",0.42041,eastern fox squirrel,sciurus niger,0.163289,class,uncertain
data/inaturalist/images/hippopotamus/inat_hippopotamus_00859.jpg,inaturalist,,hippopotamus,2,"[0.11100000143051147, 0.2733333259820938, 0.22200000286102295, 0.3919999897480011]",0.289062,human,homo sapiens,0.395539,class,flag
data/inaturalist/images/hippopotamus/inat_hippopotamus_00860.jpg,inaturalist,,hippopotamus,3,"[0.1809999942779541, 0.42800000309944153, 0.3619999885559082, 0.3386666774749756]",0.273438,human,homo sapiens,0.601692,class,flag
data/inaturalist/images/hippopotamus/inat_hippopotamus_00865.jpg,inaturalist,,hippopotamus,3,"[0.7129999995231628, 0.6396396532654762, 0.5740000009536743, 0.1321321278810501]",0.445068,nutria,myocastor coypus,0.233094,class,uncertain
data/inaturalist/images/hippopotamus/inat_hippopotamus_00952.jpg,inaturalist,,hippopotamus,1,"[0.9499999769032001, 0.36676645278930664, 0.10000000149011612, 0.7335329055786133]",0.283556,human,homo sapiens,0.61295,class,flag
data/inaturalist/images/hippopotamus/inat_hippopotamus_00952.jpg,inaturalist,,hippopotamus,2,"[0.8949999958276749, 0.5449101775884628, 0.20600000023841858, 0.3772455155849457]",0.282195,human,homo sapiens,0.794965,class,flag
data/inaturalist/images/hippopotamus/inat_hippopotamus_01123.jpg,inaturalist,,hippopotamus,1,"[0.6960000097751617, 0.41733333468437195, 0.3840000033378601, 0.5040000081062317]",0.480225,domestic cattle,bos taurus,0.546097,order,flag
data/inaturalist/images/hoffmann's_two-toed_sloth/inat_hoffmann's_two-toed_sloth_00300.jpg,inaturalist,,hoffmann's_two-toed_sloth,1,"[0.5990000031888485, 0.36486485600471497, 0.07800000160932541, 0.18918919563293457]",0.271108,domestic cattle,bos taurus,0.614828,class,flag
data/inaturalist/images/hoffmann's_two-toed_sloth/inat_hoffmann's_two-toed_sloth_00480.jpg,inaturalist,,hoffmann's_two-toed_sloth,1,"[0.46700000762939453, 0.5373333394527435, 0.22200000286102295, 0.40799999237060547]",0.375244,olive baboon,papio anubis,0.366265,class,flag
data/inaturalist/images/hoffmann's_two-toed_sloth/inat_hoffmann's_two-toed_sloth_00579.jpg,inaturalist,,hoffmann's_two-toed_sloth,1,"[0.3400000035762787, 0.35900000110268593, 0.4986666738986969, 0.6620000004768372]",0.341797,domestic goat,capra aegagrus hircus,0.241861,class,uncertain
data/inaturalist/images/hoffmann's_two-toed_sloth/inat_hoffmann's_two-toed_sloth_00622.jpg,inaturalist,,hoffmann's_two-toed_sloth,1,"[0.6478060036897659, 0.3669999986886978, 0.3903002440929413, 0.34599998593330383]",0.335693,domestic goat,capra aegagrus hircus,0.202907,class,uncertain
data/inaturalist/images/hoffmann's_two-toed_sloth/inat_hoffmann's_two-toed_sloth_00636.jpg,inaturalist,,hoffmann's_two-toed_sloth,1,"[0.25599999725818634, 0.12666666507720947, 0.1599999964237213, 0.25333333015441895]",0.428955,white-tailed deer,odocoileus virginianus,0.662293,class,flag
data/inaturalist/images/howler_monkey_genus/inat_howler_monkey_genus_00170.jpg,inaturalist,,howler_monkey_genus,1,"[0.5070000141859055, 0.6026666760444641, 0.20600000023841858, 0.3733333349227905]",0.431641,golden snub-nosed monkey,rhinopithecus roxellana,0.415751,order,flag
data/inaturalist/images/howler_monkey_genus/inat_howler_monkey_genus_00246.jpg,inaturalist,,howler_monkey_genus,1,"[0.27000001072883606, 0.6636636555194855, 0.5400000214576721, 0.6366366147994995]",0.276611,hatinh langur,trachypithecus hatinhensis,0.265287,order,uncertain
data/inaturalist/images/howler_monkey_genus/inat_howler_monkey_genus_00478.jpg,inaturalist,,howler_monkey_genus,1,"[0.2939999997615814, 0.7160000205039978, 0.36800000071525574, 0.5573333501815796]",0.205566,hatinh langur,trachypithecus hatinhensis,0.323225,order,flag
data/inaturalist/images/howler_monkey_genus/inat_howler_monkey_genus_00487.jpg,inaturalist,,howler_monkey_genus,1,"[0.2939999997615814, 0.7160000205039978, 0.36800000071525574, 0.5573333501815796]",0.205566,hatinh langur,trachypithecus hatinhensis,0.323225,order,flag
data/inaturalist/images/howler_monkey_genus/inat_howler_monkey_genus_00536.jpg,inaturalist,,howler_monkey_genus,1,"[0.47200000286102295, 0.5600000023841858, 0.656000018119812, 0.6346666812896729]",0.403564,blue monkey,cercopithecus mitis,0.785496,order,flag
data/inaturalist/images/howler_monkey_genus/inat_howler_monkey_genus_00668.jpg,inaturalist,,howler_monkey_genus,2,"[0.1340000033378601, 0.3933933973312378, 0.2680000066757202, 0.27627629041671753]",0.341797,blue monkey,cercopithecus mitis,0.279246,order,uncertain
data/inaturalist/images/howler_monkey_genus/inat_howler_monkey_genus_00737.jpg,inaturalist,,howler_monkey_genus,1,"[0.5059999972581863, 0.5649652183055878, 0.46000000834465027, 0.4617169499397278]",0.282471,grey-cheeked mangabey,lophocebus albigena,0.228794,order,uncertain
data/inaturalist/images/howler_monkey_genus/inat_howler_monkey_genus_00847.jpg,inaturalist,,howler_monkey_genus,1,"[0.4910000041127205, 0.3997005969285965, 0.24199999868869781, 0.458083838224411]",0.410156,large-headed capuchin,sapajus macrocephalus,0.206597,order,uncertain
data/inaturalist/images/howler_monkey_genus/inat_howler_monkey_genus_00911.jpg,inaturalist,,howler_monkey_genus,1,"[0.6186186075210571, 0.37199999392032623, 0.4144144058227539, 0.42399999499320984]",0.371094,olive baboon,papio anubis,0.618981,order,flag
data/inaturalist/images/howler_monkey_genus/inat_howler_monkey_genus_00911.jpg,inaturalist,,howler_monkey_genus,2,"[0.44744743406772614, 0.38199999928474426, 0.2642642557621002, 0.41600000858306885]",0.300781,yellow-throated marten,martes flavigula,0.225509,class,uncertain
data/inaturalist/images/howler_monkey_genus/inat_howler_monkey_genus_00993.jpg,inaturalist,,howler_monkey_genus,2,"[0.4350000023841858, 0.6716867536306381, 0.49799999594688416, 0.35542169213294983]",0.260986,large-headed capuchin,sapajus macrocephalus,0.132136,order,uncertain
data/inaturalist/images/howler_monkey_genus/inat_howler_monkey_genus_01060.jpg,inaturalist,,howler_monkey_genus,1,"[0.20999999344348907, 0.596000000834465, 0.41999998688697815, 0.8026666641235352]",0.290527,american black bear,ursus americanus,0.579077,class,flag
data/inaturalist/images/howler_monkey_genus/inat_howler_monkey_genus_01105.jpg,inaturalist,,howler_monkey_genus,1,"[0.641000010073185, 0.31066665798425674, 0.20999999344348907, 0.3813333213329315]",0.338623,vervet monkey,chlorocebus pygerythrus,0.406399,order,flag
data/inaturalist/images/howler_monkey_genus/inat_howler_monkey_genus_01105.jpg,inaturalist,,howler_monkey_genus,2,"[0.4949999898672104, 0.5253333300352097, 0.5059999823570251, 0.7839999794960022]",0.317139,large-headed capuchin,sapajus macrocephalus,0.166019,order,uncertain
data/inaturalist/images/howler_monkey_genus/inat_howler_monkey_genus_01139.jpg,inaturalist,,howler_monkey_genus,1,"[0.5460000038146973, 0.5334101319313049, 0.7440000176429749, 0.8870967626571655]",0.380371,blue monkey,cercopithecus mitis,0.410607,order,flag
data/inaturalist/images/howler_monkey_genus/inat_howler_monkey_genus_01183.jpg,inaturalist,,howler_monkey_genus,1,"[0.17326731979846954, 0.17100000381469727, 0.3465346395969391, 0.34200000762939453]",0.474889,large-headed capuchin,sapajus macrocephalus,0.351775,order,flag
data/inaturalist/images/howler_monkey_genus/inat_howler_monkey_genus_01332.jpg,inaturalist,,howler_monkey_genus,3,"[0.17500000447034836, 0.5900900810956955, 0.21400000154972076, 0.2732732594013214]",0.499756,maroon leaf monkey,presbytis rubicunda,0.313875,order,flag
data/inaturalist/images/howler_monkey_genus/inat_howler_monkey_genus_01381.jpg,inaturalist,,howler_monkey_genus,1,"[0.5482180267572403, 0.32500000298023224, 0.42138364911079407, 0.26600000262260437]",0.473877,large-headed capuchin,sapajus macrocephalus,0.531806,order,flag
data/inaturalist/images/howler_monkey_genus/inat_howler_monkey_genus_01433.jpg,inaturalist,,howler_monkey_genus,1,"[0.6679999977350235, 0.4309309273958206, 0.2800000011920929, 0.5315315127372742]",0.446533,large-headed capuchin,sapajus macrocephalus,0.24076,order,uncertain
data/inaturalist/images/howler_monkey_genus/inat_howler_monkey_genus_01719.jpg,inaturalist,,howler_monkey_genus,1,"[0.6379999965429306, 0.4237288162112236, 0.3720000088214874, 0.6158192157745361]",0.273682,large-headed capuchin,sapajus macrocephalus,0.310918,order,flag
data/inaturalist/images/howler_monkey_genus/inat_howler_monkey_genus_01856.jpg,inaturalist,,howler_monkey_genus,1,"[0.5930000096559525, 0.522522509098053, 0.38199999928474426, 0.5105105042457581]",0.37085,sapajus species,sapajus,0.084259,order,uncertain
data/inaturalist/images/howler_monkey_genus/inat_howler_monkey_genus_01857.jpg,inaturalist,,howler_monkey_genus,1,"[0.5180000066757202, 0.6201201379299164, 0.36000001430511475, 0.3753753900527954]",0.483398,colombian white-throated capuchin,cebus capucinus,0.112678,order,uncertain
data/inaturalist/images/howler_monkey_genus/inat_howler_monkey_genus_01861.jpg,inaturalist,,howler_monkey_genus,1,"[0.1770000010728836, 0.31681680865585804, 0.3540000021457672, 0.6276276111602783]",0.361572,hatinh langur,trachypithecus hatinhensis,0.200764,order,uncertain
data/inaturalist/images/howler_monkey_genus/inat_howler_monkey_genus_01865.jpg,inaturalist,,howler_monkey_genus,1,"[0.8529999703168869, 0.6096096038818359, 0.2939999997615814, 0.40840840339660645]",0.208496,blue monkey,cercopithecus mitis,0.229153,order,uncertain
data/inaturalist/images/howler_monkey_genus/inat_howler_monkey_genus_01926.jpg,inaturalist,,howler_monkey_genus,2,"[0.46300000697374344, 0.5240240395069122, 0.1860000044107437, 0.48948949575424194]",0.243652,golden snub-nosed monkey,rhinopithecus roxellana,0.203407,order,uncertain
data/inaturalist/images/howler_monkey_genus/inat_howler_monkey_genus_02175.jpg,inaturalist,,howler_monkey_genus,1,"[0.5639999955892563, 0.5799999982118607, 0.2840000092983246, 0.37066665291786194]",0.20813,large-headed capuchin,sapajus macrocephalus,0.348787,order,flag
data/inaturalist/images/howler_monkey_genus/inat_howler_monkey_genus_02305.jpg,inaturalist,,howler_monkey_genus,1,"[0.44100000336766243, 0.4933333396911621, 0.11400000005960464, 0.20800000429153442]",0.41626,south american coati,nasua nasua,0.247145,class,uncertain
data/inaturalist/images/howler_monkey_genus/inat_howler_monkey_genus_02335.jpg,inaturalist,,howler_monkey_genus,2,"[0.6080000102519989, 0.46533334255218506, 0.5080000162124634, 0.9306666851043701]",0.235229,angolan colobus,colobus angolensis,0.132751,order,uncertain
data/inaturalist/images/howler_monkey_genus/inat_howler_monkey_genus_02409.jpg,inaturalist,,howler_monkey_genus,1,"[0.32599999755620956, 0.30133333802223206, 0.2160000056028366, 0.25600001215934753]",0.285889,domestic cattle,bos taurus,0.264166,class,uncertain
data/inaturalist/images/howler_monkey_genus/inat_howler_monkey_genus_02605.jpg,inaturalist,,howler_monkey_genus,1,"[0.5619999915361404, 0.3378378301858902, 0.4560000002384186, 0.5315315127372742]",0.36792,hatinh langur,trachypithecus hatinhensis,0.314222,order,flag
data/inaturalist/images/howler_monkey_genus/inat_howler_monkey_genus_02707.jpg,inaturalist,,howler_monkey_genus,2,"[0.2929999977350235, 0.41857142746448517, 0.27799999713897705, 0.3799999952316284]",0.399902,domestic cattle,bos taurus,0.321576,class,flag
data/inaturalist/images/howler_monkey_genus/inat_howler_monkey_genus_02970.jpg,inaturalist,,howler_monkey_genus,2,"[0.42499999701976776, 0.439939945936203, 0.20600000023841858, 0.2012012004852295]",0.307861,blue monkey,cercopithecus mitis,0.13846,order,uncertain
data/inaturalist/images/impala/inat_impala_00115.jpg,inaturalist,,impala,3,"[0.55799999833107, 0.6333333402872086, 0.2919999957084656, 0.3226666748523712]",0.300781,white-tailed deer,odocoileus virginianus,0.755553,order,flag
data/inaturalist/images/impala/inat_impala_00115.jpg,inaturalist,,impala,4,"[0.5660000145435333, 0.2199999913573265, 0.11599999666213989, 0.15199999511241913]",0.269775,white-tailed deer,odocoileus virginianus,0.777322,order,flag
data/inaturalist/images/impala/inat_impala_00196.jpg,inaturalist,,impala,2,"[0.47699758782982826, 0.3569999933242798, 0.10653752833604813, 0.1940000057220459]",0.213745,plains zebra,equus quagga,0.490148,class,flag
data/inaturalist/images/impala/inat_impala_00230.jpg,inaturalist,,impala,5,"[0.041999999433755875, 0.568000003695488, 0.08399999886751175, 0.36399999260902405]",0.290283,white-tailed deer,odocoileus virginianus,0.548497,order,flag
data/inaturalist/images/impala/inat_impala_00250.jpg,inaturalist,,impala,2,"[0.5239999853074551, 0.24624624848365784, 0.11999999731779099, 0.24624624848365784]",0.428711,white-tailed deer,odocoileus virginianus,0.278681,order,uncertain
data/inaturalist/images/impala/inat_impala_00252.jpg,inaturalist,,impala,6,"[0.6940000094473362, 0.4579579532146454, 0.08399999886751175, 0.44744744896888733]",0.449707,white-tailed deer,odocoileus virginianus,0.426866,order,flag
data/inaturalist/images/impala/inat_impala_00400.jpg,inaturalist,,impala,2,"[0.035999998450279236, 0.4144144207239151, 0.07199999690055847, 0.45045045018196106]",0.429199,white-tailed deer,odocoileus virginianus,0.460445,order,flag
data/inaturalist/images/impala/inat_impala_00467.jpg,inaturalist,,impala,7,"[0.48000000044703484, 0.47297296673059464, 0.1080000028014183, 0.13513512909412384]",0.443115,white-tailed deer,odocoileus virginianus,0.439142,order,flag
data/inaturalist/images/impala/inat_impala_00500.jpg,inaturalist,,impala,6,"[0.7019999772310257, 0.46533333510160446, 0.3440000116825104, 0.1733333319425583]",0.277588,white-tailed deer,odocoileus virginianus,0.33026,order,flag
data/inaturalist/images/impala/inat_impala_00593.jpg,inaturalist,,impala,6,"[0.24020618945360184, 0.3059999942779541, 0.17938144505023956, 0.11599999666213989]",0.343018,white-tailed deer,odocoileus virginianus,0.911357,order,flag
data/inaturalist/images/impala/inat_impala_00733.jpg,inaturalist,,impala,7,"[0.04600000008940697, 0.16579633951187134, 0.09200000017881393, 0.20104438066482544]",0.310547,white-tailed deer,odocoileus virginianus,0.339263,order,flag
data/inaturalist/images/impala/inat_impala_00785.jpg,inaturalist,,impala,2,"[0.4909456819295883, 0.4520000070333481, 0.6478873491287231, 0.6520000100135803]",0.204834,white-tailed deer,odocoileus virginianus,0.745155,order,flag
data/inaturalist/images/impala/inat_impala_00843.jpg,inaturalist,,impala,3,"[0.45400001108646393, 0.5320000052452087, 0.2240000069141388, 0.25333333015441895]",0.276855,white-tailed deer,odocoileus virginianus,0.374111,order,flag
data/inaturalist/images/impala/inat_impala_00948.jpg,inaturalist,,impala,1,"[0.705999992787838, 0.5630630776286125, 0.06800000369548798, 0.16516517102718353]",0.426025,white-tailed deer,odocoileus virginianus,0.313468,order,flag
data/inaturalist/images/impala/inat_impala_01260.jpg,inaturalist,,impala,8,"[0.3239999935030937, 0.6186186224222183, 0.12399999797344208, 0.24624624848365784]",0.408203,white-tailed deer,odocoileus virginianus,0.882281,order,flag
data/inaturalist/images/impala/inat_impala_01588.jpg,inaturalist,,impala,7,"[0.967999991029501, 0.4479999989271164, 0.06400000303983688, 0.35733333230018616]",0.453613,white-tailed deer,odocoileus virginianus,0.468998,order,flag
data/inaturalist/images/impala/inat_impala_01588.jpg,inaturalist,,impala,8,"[0.2879999987781048, 0.3239999935030937, 0.11999999731779099, 0.18933333456516266]",0.399902,pronghorn,antilocapra americana,0.242817,order,uncertain
data/inaturalist/images/impala/inat_impala_01618.jpg,inaturalist,,impala,2,"[0.722000002861023, 0.6506666839122772, 0.5559999942779541, 0.6026666760444641]",0.229492,white-tailed deer,odocoileus virginianus,0.781357,order,flag
data/inaturalist/images/impala/inat_impala_01858.jpg,inaturalist,,impala,6,"[0.2810000032186508, 0.4234234243631363, 0.1940000057220459, 0.13813814520835876]",0.27417,human,homo sapiens,0.441239,class,flag
data/inaturalist/images/japanese_macaque/inat_japanese_macaque_00139.jpg,inaturalist,,japanese_macaque,2,"[0.6189999878406525, 0.5959999933838844, 0.25, 0.20000000298023224]",0.203979,eastern gray squirrel,sciurus carolinensis,0.525045,class,flag
data/inaturalist/images/japanese_macaque/inat_japanese_macaque_00148.jpg,inaturalist,,japanese_macaque,2,"[0.3946666717529297, 0.42000000923871994, 0.15466666221618652, 0.12399999797344208]",0.457784,eastern fox squirrel,sciurus niger,0.715263,class,flag
data/inaturalist/images/japanese_macaque/inat_japanese_macaque_00162.jpg,inaturalist,,japanese_macaque,1,"[0.5619999915361404, 0.35795454680919647, 0.2240000069141388, 0.3693181872367859]",0.470215,domestic cattle,bos taurus,0.436949,class,flag
data/inaturalist/images/japanese_macaque/inat_japanese_macaque_00246.jpg,inaturalist,,japanese_macaque,1,"[0.14000000059604645, 0.46266666054725647, 0.2800000011920929, 0.4560000002384186]",0.33919,rock hyrax,procavia capensis,0.143561,class,uncertain
data/inaturalist/images/japanese_macaque/inat_japanese_macaque_00315.jpg,inaturalist,,japanese_macaque,1,"[0.46400000154972076, 0.6026666760444641, 0.31200000643730164, 0.3946666717529297]",0.355888,domestic cat,felis catus,0.329191,class,flag
data/inaturalist/images/japanese_macaque/inat_japanese_macaque_00316.jpg,inaturalist,,japanese_macaque,1,"[0.45000000298023224, 0.5853333175182343, 0.3160000145435333, 0.3866666555404663]",0.452439,domestic cat,felis catus,0.280099,class,uncertain
data/inaturalist/images/kangaroo_family/inat_kangaroo_family_00057.jpg,inaturalist,,kangaroo_family,1,"[0.19100000709295273, 0.5509999990463257, 0.15800000727176666, 0.21799999475479126]",0.467285,eurasian red squirrel,sciurus vulgaris,0.194536,no_match,uncertain
data/inaturalist/images/kangaroo_family/inat_kangaroo_family_00355.jpg,inaturalist,,kangaroo_family,1,"[0.30133333057165146, 0.1600000001490116, 0.35733333230018616, 0.2639999985694885]",0.343018,coyote,canis latrans,0.422726,no_match,flag
data/inaturalist/images/kangaroo_family/inat_kangaroo_family_00505.jpg,inaturalist,,kangaroo_family,1,"[0.4050000011920929, 0.656000018119812, 0.39399999380111694, 0.6880000233650208]",0.259033,european hare,lepus europaeus,0.136305,no_match,uncertain
data/inaturalist/images/kangaroo_family/inat_kangaroo_family_00532.jpg,inaturalist,,kangaroo_family,1,"[0.10700000077486038, 0.6293333470821381, 0.21400000154972076, 0.7253333330154419]",0.225964,lion,panthera leo,0.579229,no_match,flag
data/inaturalist/images/kangaroo_family/inat_kangaroo_family_00633.jpg,inaturalist,,kangaroo_family,1,"[0.7000000178813934, 0.6410000026226044, 0.5402985215187073, 0.5059999823570251]",0.212769,southern pig-tailed macaque,macaca nemestrina,0.703884,no_match,flag
data/inaturalist/images/kangaroo_family/inat_kangaroo_family_00825.jpg,inaturalist,,kangaroo_family,1,"[0.5499999970197678, 0.4309309273958206, 0.2800000011920929, 0.4714714586734772]",0.449463,white-tailed deer,odocoileus virginianus,0.559797,no_match,flag
data/inaturalist/images/kangaroo_family/inat_kangaroo_family_00876.jpg,inaturalist,,kangaroo_family,1,"[0.35899999737739563, 0.5246913582086563, 0.4339999854564667, 0.46666666865348816]",0.495858,white-tailed deer,odocoileus virginianus,0.785599,no_match,flag
data/inaturalist/images/kangaroo_family/inat_kangaroo_family_01019.jpg,inaturalist,,kangaroo_family,1,"[0.40596330910921097, 0.2849999964237213, 0.5642201900482178, 0.38199999928474426]",0.370117,blue monkey,cercopithecus mitis,0.231008,no_match,uncertain
data/inaturalist/images/kangaroo_family/inat_kangaroo_family_01032.jpg,inaturalist,,kangaroo_family,1,"[0.7049999758601189, 0.39504374563694, 0.1379999965429306, 0.23615160584449768]",0.481689,white-tailed deer,odocoileus virginianus,0.828502,no_match,flag
data/inaturalist/images/kangaroo_family/inat_kangaroo_family_01077.jpg,inaturalist,,kangaroo_family,1,"[0.4439999908208847, 0.46666665375232697, 0.30399999022483826, 0.46933332085609436]",0.244751,south american coati,nasua nasua,0.279996,no_match,uncertain
data/inaturalist/images/kangaroo_family/inat_kangaroo_family_01542.jpg,inaturalist,,kangaroo_family,1,"[0.33799999952316284, 0.667553186416626, 0.6759999990463257, 0.6542553305625916]",0.332113,coyote,canis latrans,0.653997,no_match,flag
data/inaturalist/images/kangaroo_family/inat_kangaroo_family_01547.jpg,inaturalist,,kangaroo_family,2,"[0.539000004529953, 0.5132978707551956, 0.1940000057220459, 0.3085106313228607]",0.325195,red fox,vulpes vulpes,0.134859,no_match,uncertain
data/inaturalist/images/kangaroo_family/inat_kangaroo_family_01551.jpg,inaturalist,,kangaroo_family,2,"[0.6050000190734863, 0.4893616884946823, 0.1940000057220459, 0.25531914830207825]",0.381592,arizona black-tailed prairie dog,cynomys ludovicianus,0.136111,no_match,uncertain
data/inaturalist/images/kangaroo_family/inat_kangaroo_family_01740.jpg,inaturalist,,kangaroo_family,1,"[0.3839999884366989, 0.6422872245311737, 0.5759999752044678, 0.5132978558540344]",0.207296,giraffe,giraffa camelopardalis,0.363701,no_match,flag
data/inaturalist/images/kangaroo_family/inat_kangaroo_family_01741.jpg,inaturalist,,kangaroo_family,1,"[0.39399998635053635, 0.58909572660923, 0.5759999752044678, 0.4973404109477997]",0.342285,giraffe,giraffa camelopardalis,0.317259,no_match,flag
data/inaturalist/images/kangaroo_family/inat_kangaroo_family_01890.jpg,inaturalist,,kangaroo_family,1,"[0.5680000148713589, 0.30527637898921967, 0.11999999731779099, 0.18341708183288574]",0.323902,thomson's gazelle,eudorcas thomsonii,0.358931,no_match,flag
data/inaturalist/images/kangaroo_family/inat_kangaroo_family_02275.jpg,inaturalist,,kangaroo_family,1,"[0.6850000023841858, 0.3880000114440918, 0.34200000762939453, 0.6000000238418579]",0.332357,domestic dog,canis familiaris,0.101538,no_match,uncertain
data/inaturalist/images/kangaroo_family/inat_kangaroo_family_02276.jpg,inaturalist,,kangaroo_family,1,"[0.6709999889135361, 0.40799999237060547, 0.33000001311302185, 0.5546666383743286]",0.299561,domestic dog,canis familiaris,0.107266,no_match,uncertain
data/inaturalist/images/kangaroo_family/inat_kangaroo_family_02278.jpg,inaturalist,,kangaroo_family,1,"[0.6466666609048843, 0.40699999034404755, 0.4346666634082794, 0.421999990940094]",0.206543,golden mantled ground squirrel,callospermophilus lateralis,0.223266,no_match,uncertain
data/inaturalist/images/kangaroo_family/inat_kangaroo_family_02375.jpg,inaturalist,,kangaroo_family,1,"[0.577127642929554, 0.4880000054836273, 0.10638298094272614, 0.14399999380111694]",0.207418,red fox,vulpes vulpes,0.170725,no_match,uncertain
data/inaturalist/images/kangaroo_family/inat_kangaroo_family_02512.jpg,inaturalist,,kangaroo_family,1,"[0.46800000965595245, 0.620120108127594, 0.18799999356269836, 0.3213213086128235]",0.276611,white-tailed deer,odocoileus virginianus,0.400276,no_match,flag
data/inaturalist/images/kangaroo_family/inat_kangaroo_family_02535.jpg,inaturalist,,kangaroo_family,1,"[0.4879999943077564, 0.6966966986656189, 0.10000000149011612, 0.19819819927215576]",0.249268,coyote,canis latrans,0.251231,no_match,uncertain
data/inaturalist/images/kangaroo_family/inat_kangaroo_family_02568.jpg,inaturalist,,kangaroo_family,1,"[0.4699999913573265, 0.6079999953508377, 0.12399999797344208, 0.2240000069141388]",0.206299,eastern fox squirrel,sciurus niger,0.18519,no_match,uncertain
data/inaturalist/images/kangaroo_family/inat_kangaroo_family_02798.jpg,inaturalist,,kangaroo_family,1,"[0.568000003695488, 0.517999991774559, 0.36399999260902405, 0.7279999852180481]",0.409668,canis species,canis,0.28245,no_match,uncertain
data/inaturalist/images/kangaroo_family/inat_kangaroo_family_02999.jpg,inaturalist,,kangaroo_family,1,"[0.45900001004338264, 0.7477477267384529, 0.11400000005960464, 0.21621622145175934]",0.380859,white-tailed deer,odocoileus virginianus,0.514291,no_match,flag
data/inaturalist/images/kangaroo_family/inat_kangaroo_family_03473.jpg,inaturalist,,kangaroo_family,1,"[0.12600000202655792, 0.6013333350419998, 0.25200000405311584, 0.7919999957084656]",0.242313,coyote,canis latrans,0.527992,no_match,flag
data/inaturalist/images/kangaroo_family/inat_kangaroo_family_03530.jpg,inaturalist,,kangaroo_family,1,"[0.5729999914765358, 0.33933932334184647, 0.21400000154972076, 0.5465465188026428]",0.258789,common warthog,phacochoerus africanus,0.495532,no_match,flag
data/inaturalist/images/kangaroo_family/inat_kangaroo_family_04131.jpg,inaturalist,,kangaroo_family,1,"[0.39499999582767487, 0.5720720589160919, 0.28999999165534973, 0.6036036014556885]",0.222304,macaque species,macaca,0.304148,no_match,flag
data/inaturalist/images/kangaroo_family/inat_kangaroo_family_04152.jpg,inaturalist,,kangaroo_family,1,"[0.42900000512599945, 0.6936936974525452, 0.17399999499320984, 0.4924924969673157]",0.31665,arizona black-tailed prairie dog,cynomys ludovicianus,0.123561,no_match,uncertain
data/inaturalist/images/kangaroo_family/inat_kangaroo_family_04205.jpg,inaturalist,,kangaroo_family,2,"[0.5830000042915344, 0.5826666802167892, 0.28200000524520874, 0.3226666748523712]",0.29834,white-tailed deer,odocoileus virginianus,0.918518,no_match,flag
data/inaturalist/images/kangaroo_family/inat_kangaroo_family_04205.jpg,inaturalist,,kangaroo_family,3,"[0.5270000025629997, 0.6466666534543037, 0.17000000178813934, 0.18933333456516266]",0.227783,white-tailed deer,odocoileus virginianus,0.406955,no_match,flag
data/inaturalist/images/kangaroo_family/inat_kangaroo_family_04741.jpg,inaturalist,,kangaroo_family,1,"[0.4619999974966049, 0.6413333043456078, 0.13600000739097595, 0.1733333319425583]",0.450684,red deer,cervus elaphus,0.080616,no_match,uncertain
data/inaturalist/images/kangaroo_family/inat_kangaroo_family_04925.jpg,inaturalist,,kangaroo_family,1,"[0.68299999833107, 0.6866666674613953, 0.16200000047683716, 0.29600000381469727]",0.376709,red deer,cervus elaphus,0.345985,no_match,flag
data/inaturalist/images/kangaroo_family/inat_kangaroo_family_05043.jpg,inaturalist,,kangaroo_family,1,"[0.22100000083446503, 0.1876876950263977, 0.44200000166893005, 0.3753753900527954]",0.417725,mule deer,odocoileus hemionus,0.45162,no_match,flag
data/inaturalist/images/kangaroo_family/inat_kangaroo_family_05045.jpg,inaturalist,,kangaroo_family,1,"[0.22100000083446503, 0.1876876950263977, 0.44200000166893005, 0.3753753900527954]",0.417725,mule deer,odocoileus hemionus,0.45162,no_match,flag
data/inaturalist/images/kinkajou/inat_kinkajou_00082.jpg,inaturalist,,kinkajou,1,"[0.6599999964237213, 0.46989966928958893, 0.3479999899864197, 0.5117056965827942]",0.337891,wild boar,sus scrofa,0.197386,class,uncertain
data/inaturalist/images/kinkajou/inat_kinkajou_00160.jpg,inaturalist,,kinkajou,1,"[0.27513226866722107, 0.5080000013113022, 0.38624337315559387, 0.2840000092983246]",0.40918,brush-tailed rock wallaby,petrogale penicillata,0.776127,class,flag
data/inaturalist/images/kinkajou/inat_kinkajou_00162.jpg,inaturalist,,kinkajou,1,"[0.7149999961256981, 0.38696809113025665, 0.22599999606609344, 0.332446813583374]",0.225098,bobcat,lynx rufus,0.170268,order,uncertain
data/inaturalist/images/klipspringer/inat_klipspringer_00174.jpg,inaturalist,,klipspringer,1,"[0.5000000149011612, 0.31455399096012115, 0.5680000185966492, 0.27699530124664307]",0.307129,mule deer,odocoileus hemionus,0.592914,order,flag
data/inaturalist/images/klipspringer/inat_klipspringer_00179.jpg,inaturalist,,klipspringer,1,"[0.7296748012304306, 0.3189999982714653, 0.3455284535884857, 0.4699999988079071]",0.26001,mule deer,odocoileus hemionus,0.650953,order,flag
data/inaturalist/images/klipspringer/inat_klipspringer_00277.jpg,inaturalist,,klipspringer,1,"[0.5409999936819077, 0.281333327293396, 0.44600000977516174, 0.3813333213329315]",0.264404,mule deer,odocoileus hemionus,0.351533,order,flag
data/inaturalist/images/klipspringer/inat_klipspringer_00332.jpg,inaturalist,,klipspringer,1,"[0.3449999988079071, 0.47733332216739655, 0.3779999911785126, 0.2826666533946991]",0.291016,mule deer,odocoileus hemionus,0.674151,order,flag
data/inaturalist/images/klipspringer/inat_klipspringer_00730.jpg,inaturalist,,klipspringer,1,"[0.5990990847349167, 0.5199999958276749, 0.2612612545490265, 0.3720000088214874]",0.406982,mule deer,odocoileus hemionus,0.705864,order,flag
data/inaturalist/images/klipspringer/inat_klipspringer_00731.jpg,inaturalist,,klipspringer,1,"[0.4279279336333275, 0.48399998992681503, 0.171171173453331, 0.23999999463558197]",0.41333,mule deer,odocoileus hemionus,0.740758,order,flag
data/inaturalist/images/koala/inat_koala_00151.jpg,inaturalist,,koala,1,"[0.4399999976158142, 0.3858858793973923, 0.23199999332427979, 0.5195195078849792]",0.394287,vervet monkey,chlorocebus pygerythrus,0.633575,class,flag
data/inaturalist/images/koala/inat_koala_00358.jpg,inaturalist,,koala,1,"[0.41100001335144043, 0.5506666749715805, 0.8220000267028809, 0.6586666703224182]",0.369873,red-fronted brown lemur,eulemur rufifrons,0.085688,class,uncertain
data/inaturalist/images/koala/inat_koala_00587.jpg,inaturalist,,koala,1,"[0.4439999908208847, 0.17466667294502258, 0.4519999921321869, 0.34933334589004517]",0.320068,domestic cattle,bos taurus,0.285032,class,uncertain
data/inaturalist/images/koala/inat_koala_00651.jpg,inaturalist,,koala,1,"[0.5709999948740005, 0.4609609544277191, 0.4180000126361847, 0.5255255103111267]",0.29541,american pika,ochotona princeps,0.416537,class,flag
data/inaturalist/images/koala/inat_koala_00653.jpg,inaturalist,,koala,1,"[0.6230000108480453, 0.5780780762434006, 0.4099999964237213, 0.45945945382118225]",0.228027,domestic dog,canis familiaris,0.253905,class,uncertain
data/inaturalist/images/koala/inat_koala_00735.jpg,inaturalist,,koala,1,"[0.5250000059604645, 0.29333333671092987, 0.27399998903274536, 0.4426666796207428]",0.492188,yellow-bellied marmot,marmota flaviventris,0.292398,class,uncertain
data/inaturalist/images/koala/inat_koala_00737.jpg,inaturalist,,koala,1,"[0.4190000146627426, 0.35333333909511566, 0.20600000023841858, 0.328000009059906]",0.263184,domestic sheep,ovis aries,0.208083,class,uncertain
data/inaturalist/images/koala/inat_koala_00867.jpg,inaturalist,,koala,1,"[0.46800000965595245, 0.4650000110268593, 0.6000000238418579, 0.21400000154972076]",0.279785,western gray squirrel,sciurus griseus,0.46181,class,flag
data/inaturalist/images/koala/inat_koala_00920.jpg,inaturalist,,koala,1,"[0.47772829234600067, 0.5599999874830246, 0.6213808655738831, 0.7799999713897705]",0.481934,domestic sheep,ovis aries,0.414325,class,flag
data/inaturalist/images/koala/inat_koala_01209.jpg,inaturalist,,koala,1,"[0.7349999994039536, 0.49600000586360693, 0.257999986410141, 0.9760000109672546]",0.481934,domestic dog,canis familiaris,0.479699,class,flag
data/inaturalist/images/koala/inat_koala_01410.jpg,inaturalist,,koala,2,"[0.5525525510311127, 0.3779999911785126, 0.37837839126586914, 0.25999999046325684]",0.279541,common long-tailed macaque,macaca fascicularis,0.125972,class,uncertain
data/inaturalist/images/koala/inat_koala_01473.jpg,inaturalist,,koala,1,"[0.5740000009536743, 0.6231231391429901, 0.2879999876022339, 0.3933933973312378]",0.248657,capybara,hydrochoerus hydrochaeris,0.237912,class,uncertain
data/inaturalist/images/koala/inat_koala_01485.jpg,inaturalist,,koala,1,"[0.2639999985694885, 0.5, 0.527999997138977, 1.0]",0.261195,sciuridae family,,0.048709,class,uncertain
data/inaturalist/images/koala/inat_koala_01520.jpg,inaturalist,,koala,1,"[0.4320000112056732, 0.5760000050067902, 0.8640000224113464, 0.8426666855812073]",0.476074,lion,panthera leo,0.417618,class,flag
data/inaturalist/images/koala/inat_koala_01601.jpg,inaturalist,,koala,1,"[0.4960000067949295, 0.2853333353996277, 0.5, 0.3733333349227905]",0.24585,reindeer,rangifer tarandus,0.150692,class,uncertain
data/inaturalist/images/koala/inat_koala_01605.jpg,inaturalist,,koala,1,"[0.5629999935626984, 0.24799999594688416, 0.38999998569488525, 0.2933333218097687]",0.467285,reindeer,rangifer tarandus,0.153658,class,uncertain
data/inaturalist/images/koala/inat_koala_01607.jpg,inaturalist,,koala,1,"[0.4489999860525131, 0.2733333259820938, 0.5019999742507935, 0.37066665291786194]",0.298096,domestic sheep,ovis aries,0.297726,class,uncertain
data/inaturalist/images/koala/inat_koala_01688.jpg,inaturalist,,koala,1,"[0.6200000047683716, 0.5373333245515823, 0.20399999618530273, 0.7599999904632568]",0.352783,common long-tailed macaque,macaca fascicularis,0.100612,class,uncertain
data/inaturalist/images/kob/inat_kob_00107.jpg,inaturalist,,kob,1,"[0.5619999915361404, 0.4324324280023575, 0.19200000166893005, 0.6006006002426147]",0.422607,white-tailed deer,odocoileus virginianus,0.39698,order,flag
data/inaturalist/images/leaf_monkeys_genus/inat_leaf_monkeys_genus_00236.jpg,inaturalist,,leaf_monkeys_genus,2,"[0.33483483642339706, 0.45099999755620956, 0.23723722994327545, 0.16599999368190765]",0.292884,domestic goat,capra aegagrus hircus,0.321181,class,flag
data/inaturalist/images/leaf_monkeys_genus/inat_leaf_monkeys_genus_00423.jpg,inaturalist,,leaf_monkeys_genus,2,"[0.4780000112950802, 0.47733333706855774, 0.11999999731779099, 0.2613333463668823]",0.259033,european roe deer,capreolus capreolus,0.21061,class,uncertain
data/inaturalist/images/leaf_monkeys_genus/inat_leaf_monkeys_genus_00437.jpg,inaturalist,,leaf_monkeys_genus,1,"[0.38499999791383743, 0.7365269362926483, 0.18199999630451202, 0.5209580659866333]",0.457784,human,homo sapiens,0.773666,order,flag
data/inaturalist/images/leopardus_species/inat_leopardus_species_00222.jpg,inaturalist,,leopardus_species,1,"[0.6509999930858612, 0.6173333376646042, 0.6980000138282776, 0.7546666860580444]",0.369873,spotted hyaena,crocuta crocuta,0.230572,order,uncertain
data/inaturalist/images/leopardus_species/inat_leopardus_species_00387.jpg,inaturalist,,leopardus_species,1,"[0.5186666548252106, 0.23199999704957008, 0.47200000286102295, 0.10000000149011612]",0.226452,western gray squirrel,sciurus griseus,0.473309,class,flag
data/inaturalist/images/lion/inat_lion_00092.jpg,inaturalist,,lion,1,"[0.6809999942779541, 0.728448249399662, 0.4020000100135803, 0.21551723778247833]",0.475098,white-tailed deer,odocoileus virginianus,0.195151,class,uncertain
data/inaturalist/images/lion/inat_lion_00580.jpg,inaturalist,,lion,1,"[0.9070000126957893, 0.5519999861717224, 0.1860000044107437, 0.29866665601730347]",0.429199,domestic cattle,bos taurus,0.973626,class,flag
data/inaturalist/images/lion/inat_lion_00620.jpg,inaturalist,,lion,1,"[0.41499999165534973, 0.6466666460037231, 0.3499999940395355, 0.5199999809265137]",0.260859,domestic cattle,bos taurus,0.50291,class,flag
data/inaturalist/images/lion/inat_lion_00679.jpg,inaturalist,,lion,1,"[0.37387388572096825, 0.6479999870061874, 0.6636636853218079, 0.335999995470047]",0.314941,plains zebra,equus quagga,0.812423,class,flag
data/inaturalist/images/lion/inat_lion_00733.jpg,inaturalist,,lion,10,"[0.7690000087022781, 0.5706666558980942, 0.23399999737739563, 0.1599999964237213]",0.490234,domestic dog,canis familiaris,0.384869,order,flag
data/inaturalist/images/lion/inat_lion_00800.jpg,inaturalist,,lion,2,"[0.4829999879002571, 0.6396396458148956, 0.18199999630451202, 0.5885885953903198]",0.355957,domestic dog,canis familiaris,0.298237,order,uncertain
data/inaturalist/images/lion/inat_lion_01498.jpg,inaturalist,,lion,4,"[0.930000014603138, 0.19369369931519032, 0.14000000059604645, 0.38138139247894287]",0.322108,pronghorn,antilocapra americana,0.481235,class,flag
data/inaturalist/images/lion/inat_lion_01500.jpg,inaturalist,,lion,2,"[0.7939999997615814, 0.8468468487262726, 0.41200000047683716, 0.28828829526901245]",0.431641,mule deer,odocoileus hemionus,0.152114,class,uncertain
data/inaturalist/images/lion/inat_lion_01530.jpg,inaturalist,,lion,2,"[0.5039999922737479, 0.5540540516376495, 0.9919999837875366, 0.5915915966033936]",0.223999,common wildebeest,connochaetes taurinus,0.551321,class,flag
data/inaturalist/images/lion/inat_lion_01613.jpg,inaturalist,,lion,2,"[0.6850000023841858, 0.5406976640224457, 0.6299999952316284, 0.7930232286453247]",0.244385,mule deer,odocoileus hemionus,0.646935,class,flag
data/inaturalist/images/lion/inat_lion_01637.jpg,inaturalist,,lion,1,"[0.6146666705608368, 0.6479999870061874, 0.5360000133514404, 0.25600001215934753]",0.429932,domestic cattle,bos taurus,0.688753,class,flag
data/inaturalist/images/lion/inat_lion_01730.jpg,inaturalist,,lion,1,"[0.6059999912977219, 0.48498499393463135, 0.24799999594688416, 0.3033033013343811]",0.4021,domestic dog,canis familiaris,0.829746,order,flag
data/inaturalist/images/lion/inat_lion_01735.jpg,inaturalist,,lion,3,"[0.15333332866430283, 0.3479999899864197, 0.23199999332427979, 0.08799999952316284]",0.303467,white-tailed deer,odocoileus virginianus,0.48375,class,flag
data/inaturalist/images/lion/inat_lion_01796.jpg,inaturalist,,lion,4,"[0.4840000122785568, 0.26923077553510666, 0.10400000214576721, 0.14529915153980255]",0.394287,human,homo sapiens,0.645723,class,flag
data/inaturalist/images/lion/inat_lion_01946.jpg,inaturalist,,lion,1,"[0.8370000272989273, 0.5946666747331619, 0.32600000500679016, 0.2933333218097687]",0.414062,arizona black-tailed prairie dog,cynomys ludovicianus,0.307164,class,flag
data/inaturalist/images/lion/inat_lion_01946.jpg,inaturalist,,lion,3,"[0.13899999856948853, 0.596000000834465, 0.27799999713897705, 0.47733333706855774]",0.251221,domestic cattle,bos taurus,0.223835,class,uncertain
data/inaturalist/images/lion/inat_lion_01947.jpg,inaturalist,,lion,1,"[0.1850000023841858, 0.4973333468660712, 0.3700000047683716, 0.984000027179718]",0.420038,thomson's gazelle,eudorcas thomsonii,0.551281,class,flag
data/inaturalist/images/lion/inat_lion_01972.jpg,inaturalist,,lion,14,"[0.6809999868273735, 0.6439999714493752, 0.16599999368190765, 0.17866666615009308]",0.376709,white-tailed deer,odocoileus virginianus,0.487166,class,flag
data/inaturalist/images/lion/inat_lion_01974.jpg,inaturalist,,lion,6,"[0.7439999952912331, 0.229333333671093, 0.2280000001192093, 0.23466666042804718]",0.266715,arizona black-tailed prairie dog,cynomys ludovicianus,0.752483,class,flag
data/inaturalist/images/lion/inat_lion_02091.jpg,inaturalist,,lion,1,"[0.47066666930913925, 0.4399999976158142, 0.19466666877269745, 0.11599999666213989]",0.209004,domestic cattle,bos taurus,0.539279,class,flag
data/inaturalist/images/lion/inat_lion_02370.jpg,inaturalist,,lion,2,"[0.5209999978542328, 0.48404254019260406, 0.1340000033378601, 0.3404255211353302]",0.34082,domestic cattle,bos taurus,0.911344,class,flag
data/inaturalist/images/lion/inat_lion_02399.jpg,inaturalist,,lion,4,"[0.6620000004768372, 0.4867021143436432, 0.671999990940094, 0.30319148302078247]",0.289795,domestic cattle,bos taurus,0.732801,class,flag
data/inaturalist/images/lion/inat_lion_02418.jpg,inaturalist,,lion,3,"[0.5470000021159649, 0.48399998992681503, 0.12200000137090683, 0.14133332669734955]",0.333984,white-tailed deer,odocoileus virginianus,0.1872,class,uncertain
data/inaturalist/images/lion/inat_lion_02480.jpg,inaturalist,,lion,1,"[0.3529999926686287, 0.2987987995147705, 0.18199999630451202, 0.15915915369987488]",0.26561,domestic cattle,bos taurus,0.878471,class,flag
data/inaturalist/images/lion/inat_lion_02686.jpg,inaturalist,,lion,2,"[0.3669999986886978, 0.6066066026687622, 0.26600000262260437, 0.1921921968460083]",0.493652,domestic cattle,bos taurus,0.447679,class,flag
data/inaturalist/images/lion/inat_lion_02710.jpg,inaturalist,,lion,2,"[0.30900000035762787, 0.47747746855020523, 0.17399999499320984, 0.12012012302875519]",0.409712,coyote,canis latrans,0.451956,order,flag
data/inaturalist/images/lion/inat_lion_02712.jpg,inaturalist,,lion,2,"[0.42899999767541885, 0.5210210122168064, 0.18199999630451202, 0.1111111119389534]",0.379209,coyote,canis latrans,0.18781,order,uncertain
data/inaturalist/images/llama_genus/inat_llama_genus_00043.jpg,inaturalist,,llama_genus,4,"[0.2580000087618828, 0.5099150240421295, 0.24400000274181366, 0.32861191034317017]",0.485107,springbok,antidorcas marsupialis,0.41693,order,flag
data/inaturalist/images/llama_genus/inat_llama_genus_00043.jpg,inaturalist,,llama_genus,5,"[0.0729999989271164, 0.5042492896318436, 0.1459999978542328, 0.4249291718006134]",0.437744,common duiker,sylvicapra grimmia,0.404949,order,flag
data/inaturalist/images/llama_genus/inat_llama_genus_00043.jpg,inaturalist,,llama_genus,6,"[0.10000000149011612, 0.3526912182569504, 0.09200000017881393, 0.11614730954170227]",0.236572,thomson's gazelle,eudorcas thomsonii,0.436393,order,flag
data/inaturalist/images/llama_genus/inat_llama_genus_00061.jpg,inaturalist,,llama_genus,2,"[0.4519999884068966, 0.40933334827423096, 0.09200000017881393, 0.29600000381469727]",0.48999,pronghorn,antilocapra americana,0.277532,order,uncertain
data/inaturalist/images/llama_genus/inat_llama_genus_00122.jpg,inaturalist,,llama_genus,2,"[0.3409999907016754, 0.49399398267269135, 0.3779999911785126, 0.44744744896888733]",0.461426,przewalski's horse,equus ferus,0.3276,class,flag
data/inaturalist/images/llama_genus/inat_llama_genus_00152.jpg,inaturalist,,llama_genus,1,"[0.5050000101327896, 0.37535014748573303, 0.3540000021457672, 0.30812326073646545]",0.22644,bovidae family,,0.118465,order,uncertain
data/inaturalist/images/llama_genus/inat_llama_genus_00186.jpg,inaturalist,,llama_genus,8,"[0.2719999961555004, 0.537537544965744, 0.11999999731779099, 0.282282292842865]",0.266357,domestic cattle,bos taurus,0.101638,order,uncertain
data/inaturalist/images/llama_genus/inat_llama_genus_00186.jpg,inaturalist,,llama_genus,9,"[0.5339999943971634, 0.4879879802465439, 0.07199999690055847, 0.14714714884757996]",0.216935,thomson's gazelle,eudorcas thomsonii,0.375129,order,flag
data/inaturalist/images/llama_genus/inat_llama_genus_00295.jpg,inaturalist,,llama_genus,1,"[0.5209999978542328, 0.5453333258628845, 0.1340000033378601, 0.3866666555404663]",0.490723,common fallow deer,dama dama,0.210885,order,uncertain
data/inaturalist/images/llama_genus/inat_llama_genus_00304.jpg,inaturalist,,llama_genus,2,"[0.39900000393390656, 0.47599998861551285, 0.11800000071525574, 0.18933333456516266]",0.422119,domestic cattle,bos taurus,0.556484,order,flag
data/inaturalist/images/llama_genus/inat_llama_genus_00360.jpg,inaturalist,,llama_genus,1,"[0.6740000247955322, 0.7112500071525574, 0.20399999618530273, 0.32249999046325684]",0.457275,springbok,antidorcas marsupialis,0.513348,order,flag
data/inaturalist/images/llama_genus/inat_llama_genus_00365.jpg,inaturalist,,llama_genus,12,"[0.6349999904632568, 0.42400000989437103, 0.12999999523162842, 0.14933332800865173]",0.43265,thomson's gazelle,eudorcas thomsonii,0.442328,order,flag
data/inaturalist/images/llama_genus/inat_llama_genus_00426.jpg,inaturalist,,llama_genus,2,"[0.5709999725222588, 0.6959999799728394, 0.1379999965429306, 0.3733333349227905]",0.314941,white-tailed deer,odocoileus virginianus,0.242528,order,uncertain
data/inaturalist/images/llama_genus/inat_llama_genus_00595.jpg,inaturalist,,llama_genus,3,"[0.563999991863966, 0.4546666666865349, 0.1080000028014183, 0.19466666877269745]",0.489258,pronghorn,antilocapra americana,0.571601,order,flag
data/inaturalist/images/llama_genus/inat_llama_genus_00600.jpg,inaturalist,,llama_genus,1,"[0.6612903326749802, 0.4870000034570694, 0.41532257199287415, 0.49799999594688416]",0.310547,white-tailed deer,odocoileus virginianus,0.406795,order,flag
data/inaturalist/images/llama_genus/inat_llama_genus_00601.jpg,inaturalist,,llama_genus,3,"[0.505000002682209, 0.6040816307067871, 0.24199999868869781, 0.18775510787963867]",0.281006,domestic cattle,bos taurus,0.872534,order,flag
data/inaturalist/images/llama_genus/inat_llama_genus_00788.jpg,inaturalist,,llama_genus,2,"[0.7820000052452087, 0.4320000112056732, 0.14800000190734863, 0.20800000429153442]",0.294922,white-tailed deer,odocoileus virginianus,0.497586,order,flag
data/inaturalist/images/llama_genus/inat_llama_genus_00817.jpg,inaturalist,,llama_genus,1,"[0.7569999992847443, 0.8039999753236771, 0.4860000014305115, 0.3919999897480011]",0.41142,mule deer,odocoileus hemionus,0.266482,order,uncertain
data/inaturalist/images/llama_genus/inat_llama_genus_00878.jpg,inaturalist,,llama_genus,1,"[0.36500000953674316, 0.23199999332427979, 0.7300000190734863, 0.46399998664855957]",0.495605,pampas deer,ozotoceros bezoarticus,0.555653,order,flag
data/inaturalist/images/llama_genus/inat_llama_genus_01026.jpg,inaturalist,,llama_genus,3,"[0.4840000122785568, 0.6013333275914192, 0.1599999964237213, 0.1679999977350235]",0.363836,puku,kobus vardonii,0.356903,order,flag
data/inaturalist/images/llama_genus/inat_llama_genus_01027.jpg,inaturalist,,llama_genus,2,"[0.25600000470876694, 0.6813333034515381, 0.2160000056028366, 0.25333333015441895]",0.444092,domestic cattle,bos taurus,0.318967,order,flag
data/inaturalist/images/llama_genus/inat_llama_genus_01030.jpg,inaturalist,,llama_genus,1,"[0.4260000139474869, 0.6186666786670685, 0.3400000035762787, 0.6666666865348816]",0.421875,common eland,tragelaphus oryx,0.127648,order,uncertain
data/inaturalist/images/llama_genus/inat_llama_genus_01047.jpg,inaturalist,,llama_genus,3,"[0.5739999935030937, 0.5757978558540344, 0.12800000607967377, 0.146276593208313]",0.409956,white-tailed deer,odocoileus virginianus,0.413149,order,flag
data/inaturalist/images/llama_genus/inat_llama_genus_01161.jpg,inaturalist,,llama_genus,1,"[0.5109999999403954, 0.4506666660308838, 0.20200000703334808, 0.1653333306312561]",0.369629,domestic sheep,ovis aries,0.291274,order,uncertain
data/inaturalist/images/llama_genus/inat_llama_genus_01369.jpg,inaturalist,,llama_genus,2,"[0.5320000052452087, 0.2638121619820595, 0.5400000214576721, 0.39502763748168945]",0.357178,pronghorn,antilocapra americana,0.409572,order,flag
data/inaturalist/images/llama_genus/inat_llama_genus_01384.jpg,inaturalist,,llama_genus,3,"[0.8790000155568123, 0.09066666662693024, 0.1860000044107437, 0.18133333325386047]",0.380859,thomson's gazelle,eudorcas thomsonii,0.756398,order,flag
data/inaturalist/images/llama_genus/inat_llama_genus_01558.jpg,inaturalist,,llama_genus,4,"[0.1210000030696392, 0.6140625029802322, 0.15800000727176666, 0.3531250059604645]",0.303955,pronghorn,antilocapra americana,0.525293,order,flag
data/inaturalist/images/llama_genus/inat_llama_genus_01567.jpg,inaturalist,,llama_genus,1,"[0.45900000631809235, 0.6021021008491516, 0.5180000066757202, 0.48948949575424194]",0.325439,impala,aepyceros melampus,0.315021,order,flag
data/inaturalist/images/lycalopex_species/inat_lycalopex_species_00773.jpg,inaturalist,,lycalopex_species,2,"[0.18000000715255737, 0.45195193588733673, 0.36000001430511475, 0.5435435175895691]",0.338702,red-necked wallaby,macropus rufogriseus,0.236348,class,uncertain
data/inaturalist/images/macaque_species/inat_macaque_species_00008.jpg,inaturalist,,macaque_species,2,"[0.127291239798069, 0.18299999833106995, 0.11201629042625427, 0.18199999630451202]",0.323328,white-tailed deer,odocoileus virginianus,0.737275,class,flag
data/inaturalist/images/macaque_species/inat_macaque_species_00120.jpg,inaturalist,,macaque_species,6,"[0.2897897884249687, 0.3869999945163727, 0.22522522509098053, 0.1940000057220459]",0.436554,eastern chipmunk,tamias striatus,0.322763,class,flag
data/inaturalist/images/macaque_species/inat_macaque_species_00376.jpg,inaturalist,,macaque_species,3,"[0.8229999765753746, 0.6830357015132904, 0.17000000178813934, 0.300595223903656]",0.246582,giant otter,pteronura brasiliensis,0.199704,class,uncertain
data/inaturalist/images/macaque_species/inat_macaque_species_00497.jpg,inaturalist,,macaque_species,2,"[0.32100000977516174, 0.5599999874830246, 0.32600000500679016, 0.47999998927116394]",0.440674,blue sheep,pseudois nayaur,0.382843,class,flag
data/inaturalist/images/macaque_species/inat_macaque_species_00648.jpg,inaturalist,,macaque_species,2,"[0.3329999968409538, 0.7453333362936974, 0.23000000417232513, 0.1733333319425583]",0.309326,canis species,canis,0.156452,class,uncertain
data/inaturalist/images/macaque_species/inat_macaque_species_00687.jpg,inaturalist,,macaque_species,1,"[0.43699998408555984, 0.67733334004879, 0.18199999630451202, 0.3466666638851166]",0.264702,human,homo sapiens,0.929515,order,flag
data/inaturalist/images/macaque_species/inat_macaque_species_00899.jpg,inaturalist,,macaque_species,9,"[0.6060000024735928, 0.47200000286102295, 0.09200000017881393, 0.2720000147819519]",0.312012,eastern gray squirrel,sciurus carolinensis,0.599265,class,flag
data/inaturalist/images/macaque_species/inat_macaque_species_00955.jpg,inaturalist,,macaque_species,1,"[0.3410000056028366, 0.5203349441289902, 0.3140000104904175, 0.41387560963630676]",0.381592,eastern gray squirrel,sciurus carolinensis,0.323583,class,flag
data/inaturalist/images/macaque_species/inat_macaque_species_00987.jpg,inaturalist,,macaque_species,1,"[0.3500000052154064, 0.4586666598916054, 0.1080000028014183, 0.23466666042804718]",0.488302,white-tailed deer,odocoileus virginianus,0.427165,class,flag
data/inaturalist/images/macaque_species/inat_macaque_species_01005.jpg,inaturalist,,macaque_species,1,"[0.42500001192092896, 0.6140109747648239, 0.27799999713897705, 0.7445054650306702]",0.371038,domestic cattle,bos taurus,0.718015,class,flag
data/inaturalist/images/macaque_species/inat_macaque_species_01034.jpg,inaturalist,,macaque_species,1,"[0.5320000201463699, 0.5060060024261475, 0.25600001215934753, 0.2912912964820862]",0.246582,golden mantled ground squirrel,callospermophilus lateralis,0.413704,class,flag
data/inaturalist/images/macaque_species/inat_macaque_species_01042.jpg,inaturalist,,macaque_species,1,"[0.3733333349227905, 0.7439999803900719, 0.47466665506362915, 0.24400000274181366]",0.210327,wolverine,gulo gulo,0.488377,class,flag
data/inaturalist/images/macaque_species/inat_macaque_species_01065.jpg,inaturalist,,macaque_species,1,"[0.5769999921321869, 0.4987744987010956, 0.34200000762939453, 0.7083333134651184]",0.499512,western gray squirrel,sciurus griseus,0.08423,class,uncertain
data/inaturalist/images/macaque_species/inat_macaque_species_01106.jpg,inaturalist,,macaque_species,1,"[0.5639013350009918, 0.6830000281333923, 0.20852017402648926, 0.1940000057220459]",0.431918,desert cottontail,sylvilagus audubonii,0.124459,class,uncertain
data/inaturalist/images/macaque_species/inat_macaque_species_01449.jpg,inaturalist,,macaque_species,1,"[0.5812356919050217, 0.5969999879598618, 0.28832951188087463, 0.44200000166893005]",0.411133,domestic cattle,bos taurus,0.299461,class,uncertain
data/inaturalist/images/macaque_species/inat_macaque_species_01469.jpg,inaturalist,,macaque_species,3,"[0.5779999941587448, 0.5778443142771721, 0.2800000011920929, 0.2215568870306015]",0.426549,domestic cat,felis catus,0.248678,class,uncertain
data/inaturalist/images/macaque_species/inat_macaque_species_01508.jpg,inaturalist,,macaque_species,2,"[0.6952054649591446, 0.3629999980330467, 0.3219178020954132, 0.4860000014305115]",0.28878,human,homo sapiens,0.484087,order,flag
data/inaturalist/images/macaque_species/inat_macaque_species_01534.jpg,inaturalist,,macaque_species,1,"[0.6160000115633011, 0.37387387454509735, 0.24799999594688416, 0.38738739490509033]",0.397461,domestic cattle,bos taurus,0.158468,class,uncertain
data/inaturalist/images/macaque_species/inat_macaque_species_01597.jpg,inaturalist,,macaque_species,1,"[0.4659999907016754, 0.4816754013299942, 0.4519999921321869, 0.5811518430709839]",0.336426,whiptail wallaby,macropus parryi,0.223824,class,uncertain
data/inaturalist/images/macaque_species/inat_macaque_species_01658.jpg,inaturalist,,macaque_species,1,"[0.15439672768115997, 0.7329999729990959, 0.20245398581027985, 0.23000000417232513]",0.487311,yellow-bellied marmot,marmota flaviventris,0.1668,class,uncertain
data/inaturalist/images/macaque_species/inat_macaque_species_01827.jpg,inaturalist,,macaque_species,2,"[0.5433789938688278, 0.622999981045723, 0.611872136592865, 0.4059999883174896]",0.410688,domestic dog,canis familiaris,0.352268,class,flag
data/inaturalist/images/macaque_species/inat_macaque_species_01840.jpg,inaturalist,,macaque_species,1,"[0.38199999928474426, 0.3733333349227905, 0.17599999904632568, 0.3893333375453949]",0.487305,eastern gray squirrel,sciurus carolinensis,0.722661,class,flag
data/inaturalist/images/macaque_species/inat_macaque_species_01855.jpg,inaturalist,,macaque_species,1,"[0.5220000073313713, 0.6831831783056259, 0.18400000035762787, 0.45945945382118225]",0.410889,red squirrel,tamiasciurus hudsonicus,0.51561,class,flag
data/inaturalist/images/macaque_species/inat_macaque_species_01968.jpg,inaturalist,,macaque_species,1,"[0.7210000082850456, 0.7098445743322372, 0.23000000417232513, 0.27979275584220886]",0.490727,coyote,canis latrans,0.413362,class,flag
data/inaturalist/images/macaque_species/inat_macaque_species_01988.jpg,inaturalist,,macaque_species,1,"[0.5659999996423721, 0.5690690577030182, 0.2199999988079071, 0.7237237095832825]",0.312103,eastern gray squirrel,sciurus carolinensis,0.517526,class,flag
data/inaturalist/images/macaque_species/inat_macaque_species_02509.jpg,inaturalist,,macaque_species,4,"[0.36799999326467514, 0.5675675570964813, 0.12399999797344208, 0.21021020412445068]",0.439697,red squirrel,tamiasciurus hudsonicus,0.170493,class,uncertain
data/inaturalist/images/macaque_species/inat_macaque_species_02736.jpg,inaturalist,,macaque_species,2,"[0.22699999809265137, 0.5506666898727417, 0.20999999344348907, 0.5786666870117188]",0.49585,human,homo sapiens,0.539008,order,flag
data/inaturalist/images/macaque_species/inat_macaque_species_03194.jpg,inaturalist,,macaque_species,1,"[0.22600000351667404, 0.6458333283662796, 0.23600000143051147, 0.4635416567325592]",0.409668,arizona black-tailed prairie dog,cynomys ludovicianus,0.371044,class,flag
data/inaturalist/images/macaque_species/inat_macaque_species_03720.jpg,inaturalist,,macaque_species,3,"[0.4780000075697899, 0.6646706461906433, 0.2160000056028366, 0.652694582939148]",0.231132,domestic cattle,bos taurus,0.222862,class,uncertain
data/inaturalist/images/macaque_species/inat_macaque_species_03850.jpg,inaturalist,,macaque_species,1,"[0.43400000035762787, 0.536036029458046, 0.18799999356269836, 0.7297297120094299]",0.424805,domestic goat,capra aegagrus hircus,0.184291,class,uncertain
data/inaturalist/images/macaque_species/inat_macaque_species_03850.jpg,inaturalist,,macaque_species,2,"[0.7119999825954437, 0.58258256316185, 0.41200000047683716, 0.5405405163764954]",0.31665,tayra,eira barbara,0.339831,class,flag
data/inaturalist/images/macaque_species/inat_macaque_species_03970.jpg,inaturalist,,macaque_species,1,"[0.21299999952316284, 0.7546666860580444, 0.3540000021457672, 0.35199999809265137]",0.40532,coyote,canis latrans,0.162963,class,uncertain
data/inaturalist/images/macaque_species/inat_macaque_species_03970.jpg,inaturalist,,macaque_species,2,"[0.5830000042915344, 0.7919999808073044, 0.4779999852180481, 0.3253333270549774]",0.210629,domestic dog,canis familiaris,0.365517,class,flag
data/inaturalist/images/macaque_species/inat_macaque_species_04008.jpg,inaturalist,,macaque_species,1,"[0.5319999977946281, 0.6533816605806351, 0.12800000607967377, 0.30193236470222473]",0.281006,white-tailed deer,odocoileus virginianus,0.580883,class,flag
data/inaturalist/images/macaque_species/inat_macaque_species_04055.jpg,inaturalist,,macaque_species,1,"[0.49900001287460327, 0.6077844351530075, 0.16200000047683716, 0.43113771080970764]",0.281601,human,homo sapiens,0.565679,order,flag
data/inaturalist/images/macaque_species/inat_macaque_species_04088.jpg,inaturalist,,macaque_species,2,"[0.2630000039935112, 0.6501501724123955, 0.15399999916553497, 0.17717717587947845]",0.461444,coyote,canis latrans,0.194852,class,uncertain
data/inaturalist/images/macaque_species/inat_macaque_species_04168.jpg,inaturalist,,macaque_species,1,"[0.47866667062044144, 0.468999981880188, 0.2213333398103714, 0.27399998903274536]",0.422119,white-tailed antelope squirrel,ammospermophilus leucurus,0.603081,class,flag
data/inaturalist/images/macaque_species/inat_macaque_species_04320.jpg,inaturalist,,macaque_species,1,"[0.5000000074505806, 0.5620000213384628, 0.21066667139530182, 0.3160000145435333]",0.389893,capybara,hydrochoerus hydrochaeris,0.110374,class,uncertain
data/inaturalist/images/macaque_species/inat_macaque_species_04378.jpg,inaturalist,,macaque_species,1,"[0.42899999767541885, 0.8393393456935883, 0.21400000154972076, 0.315315306186676]",0.436523,eastern gray squirrel,sciurus carolinensis,0.242965,class,uncertain
data/inaturalist/images/macaque_species/inat_macaque_species_04410.jpg,inaturalist,,macaque_species,2,"[0.18799999356269836, 0.4569999873638153, 0.23199999332427979, 0.1899999976158142]",0.383301,human,homo sapiens,0.417116,order,flag
data/inaturalist/images/macaque_species/inat_macaque_species_04439.jpg,inaturalist,,macaque_species,1,"[0.5029999911785126, 0.727393627166748, 0.6859999895095825, 0.5079787373542786]",0.435365,culpeo,lycalopex culpaeus,0.08429,class,uncertain
data/inaturalist/images/macaque_species/inat_macaque_species_04439.jpg,inaturalist,,macaque_species,2,"[0.5600000023841858, 0.4960106387734413, 0.5839999914169312, 0.8643617033958435]",0.214197,canis species,canis,0.106575,class,uncertain
data/inaturalist/images/macaque_species/inat_macaque_species_04440.jpg,inaturalist,,macaque_species,1,"[0.44599999487400055, 0.6928191483020782, 0.5479999780654907, 0.42819148302078247]",0.223427,coyote,canis latrans,0.338621,class,flag
data/inaturalist/images/macaque_species/inat_macaque_species_04481.jpg,inaturalist,,macaque_species,1,"[0.6746666729450226, 0.6469999849796295, 0.5493333339691162, 0.7059999704360962]",0.498292,domestic goat,capra aegagrus hircus,0.473892,class,flag
data/inaturalist/images/macaque_species/inat_macaque_species_04626.jpg,inaturalist,,macaque_species,1,"[0.5213333293795586, 0.8349999785423279, 0.1733333319425583, 0.22200000286102295]",0.460449,white-tailed deer,odocoileus virginianus,0.159887,class,uncertain
data/inaturalist/images/macaque_species/inat_macaque_species_04630.jpg,inaturalist,,macaque_species,2,"[0.5386666804552078, 0.7709999829530716, 0.2240000069141388, 0.20600000023841858]",0.230225,eastern gray squirrel,sciurus carolinensis,0.133701,class,uncertain
data/inaturalist/images/macaque_species/inat_macaque_species_04631.jpg,inaturalist,,macaque_species,1,"[0.5306666642427444, 0.7039999812841415, 0.14933332800865173, 0.2199999988079071]",0.463379,eastern gray squirrel,sciurus carolinensis,0.332282,class,flag
data/inaturalist/images/macaque_species/inat_macaque_species_04632.jpg,inaturalist,,macaque_species,2,"[0.5653333216905594, 0.5680000111460686, 0.1599999964237213, 0.18400000035762787]",0.295898,eastern gray squirrel,sciurus carolinensis,0.549663,class,flag
data/inaturalist/images/macaque_species/inat_macaque_species_04714.jpg,inaturalist,,macaque_species,1,"[0.6881068050861359, 0.25300000235438347, 0.6189320683479309, 0.38600000739097595]",0.314788,domestic cattle,bos taurus,0.246341,class,uncertain
data/inaturalist/images/macaque_species/inat_macaque_species_04883.jpg,inaturalist,,macaque_species,1,"[0.8829999715089798, 0.402402400970459, 0.23399999737739563, 0.804804801940918]",0.372865,coyote,canis latrans,0.332568,class,flag
data/inaturalist/images/macaque_species/inat_macaque_species_04883.jpg,inaturalist,,macaque_species,2,"[0.7849999964237213, 0.5375375300645828, 0.4300000071525574, 0.912912905216217]",0.233154,coyote,canis latrans,0.569827,class,flag
data/inaturalist/images/macaque_species/inat_macaque_species_05025.jpg,inaturalist,,macaque_species,2,"[0.38099999725818634, 0.6519999951124191, 0.15000000596046448, 0.3226666748523712]",0.243042,coyote,canis latrans,0.977385,class,flag
data/inaturalist/images/macaque_species/inat_macaque_species_05143.jpg,inaturalist,,macaque_species,2,"[0.4859999939799309, 0.718666672706604, 0.21199999749660492, 0.5306666493415833]",0.239746,white-tailed deer,odocoileus virginianus,0.197906,class,uncertain
data/inaturalist/images/macaque_species/inat_macaque_species_05198.jpg,inaturalist,,macaque_species,2,"[0.7090000212192535, 0.6726726591587067, 0.3659999966621399, 0.642642617225647]",0.475098,coyote,canis latrans,0.302306,class,flag
data/inaturalist/images/macaque_species/inat_macaque_species_05257.jpg,inaturalist,,macaque_species,1,"[0.5, 0.6706666648387909, 1.0, 0.6480000019073486]",0.242597,tiger,panthera tigris,0.804493,class,flag
data/inaturalist/images/macaque_species/inat_macaque_species_05675.jpg,inaturalist,,macaque_species,1,"[0.49200000963173807, 0.4919999982230365, 0.9800000190734863, 0.9786666631698608]",0.413747,puma,puma concolor,0.280833,class,uncertain
data/inaturalist/images/macaque_species/inat_macaque_species_06018.jpg,inaturalist,,macaque_species,2,"[0.3760000169277191, 0.6330000162124634, 0.5333333611488342, 0.4020000100135803]",0.27916,rodent,,0.174389,class,uncertain
data/inaturalist/images/macaque_species/inat_macaque_species_06151.jpg,inaturalist,,macaque_species,1,"[0.26499998569488525, 0.64714714884758, 0.5299999713897705, 0.6936936974525452]",0.490234,lion,panthera leo,0.696666,class,flag
data/inaturalist/images/macaque_species/inat_macaque_species_06174.jpg,inaturalist,,macaque_species,3,"[0.522999994456768, 0.5546666607260704, 0.10999999940395355, 0.2293333262205124]",0.211426,eastern gray squirrel,sciurus carolinensis,0.159378,class,uncertain
data/inaturalist/images/macaque_species/inat_macaque_species_06175.jpg,inaturalist,,macaque_species,3,"[0.4700000137090683, 0.6973333582282066, 0.6840000152587891, 0.19466666877269745]",0.325609,domestic cattle,bos taurus,0.836955,class,flag
data/inaturalist/images/macaque_species/inat_macaque_species_06177.jpg,inaturalist,,macaque_species,2,"[0.4190000146627426, 0.6946666836738586, 0.734000027179718, 0.29600000381469727]",0.432894,puma,puma concolor,0.283258,class,uncertain
data/inaturalist/images/macaque_species/inat_macaque_species_06280.jpg,inaturalist,,macaque_species,1,"[0.4830000028014183, 0.5333333164453506, 0.1420000046491623, 0.14933332800865173]",0.219971,american pika,ochotona princeps,0.234537,class,uncertain
data/inaturalist/images/macaque_species/inat_macaque_species_06409.jpg,inaturalist,,macaque_species,1,"[0.4790000095963478, 0.48948948085308075, 0.18199999630451202, 0.4324324429035187]",0.286133,american black bear,ursus americanus,0.772042,class,flag
data/inaturalist/images/macaque_species/inat_macaque_species_06435.jpg,inaturalist,,macaque_species,1,"[0.5799999982118607, 0.6006005853414536, 0.19200000166893005, 0.3723723590373993]",0.2854,sciuridae family,,0.434866,class,flag
data/inaturalist/images/macaque_species/inat_macaque_species_06526.jpg,inaturalist,,macaque_species,2,"[0.4853723496198654, 0.5439999997615814, 0.2845744788646698, 0.23199999332427979]",0.265007,human,homo sapiens,0.56866,order,flag
data/inaturalist/images/macaque_species/inat_macaque_species_06545.jpg,inaturalist,,macaque_species,2,"[0.370999988168478, 0.7365269660949707, 0.10599999874830246, 0.41916167736053467]",0.359131,mule deer,odocoileus hemionus,0.2932,class,uncertain
data/inaturalist/images/macaque_species/inat_macaque_species_06604.jpg,inaturalist,,macaque_species,1,"[0.501333340536803, 0.8759999722242355, 0.9973333477973938, 0.24799999594688416]",0.356271,african elephant,loxodonta africana,0.465451,class,flag
data/inaturalist/images/macaque_species/inat_macaque_species_06667.jpg,inaturalist,,macaque_species,1,"[0.30180179327726364, 0.23400000482797623, 0.23723722994327545, 0.2240000069141388]",0.400391,white-tailed antelope squirrel,ammospermophilus leucurus,0.591846,class,flag
data/inaturalist/images/macaque_species/inat_macaque_species_06777.jpg,inaturalist,,macaque_species,1,"[0.6179999932646751, 0.664000004529953, 0.2160000056028366, 0.29866665601730347]",0.413086,white-tailed deer,odocoileus virginianus,0.319745,class,flag
data/inaturalist/images/macaque_species/inat_macaque_species_06777.jpg,inaturalist,,macaque_species,2,"[0.6589999794960022, 0.625333346426487, 0.12999999523162842, 0.2213333398103714]",0.258057,white-tailed deer,odocoileus virginianus,0.881164,class,flag
data/inaturalist/images/macaque_species/inat_macaque_species_06841.jpg,inaturalist,,macaque_species,2,"[0.4819999933242798, 0.6239999979734421, 0.6399999856948853, 0.30399999022483826]",0.286305,pacific marten,martes caurina,0.090058,class,uncertain
data/inaturalist/images/martes_species/inat_martes_species_01456.jpg,inaturalist,,martes_species,1,"[0.34599998593330383, 0.5426666438579559, 0.6919999718666077, 0.5199999809265137]",0.220825,palawan stink-badger,mydaus marchei,0.612149,order,flag
data/inaturalist/images/martes_species/inat_martes_species_02170.jpg,inaturalist,,martes_species,1,"[0.42750000953674316, 0.406000018119812, 0.30000001192092896, 0.2720000147819519]",0.465332,yellow-bellied marmot,marmota flaviventris,0.330952,class,flag
data/inaturalist/images/martes_species/inat_martes_species_02241.jpg,inaturalist,,martes_species,1,"[0.7770000249147415, 0.15066666901111603, 0.44600000977516174, 0.30133333802223206]",0.274146,domestic cattle,bos taurus,0.205782,class,uncertain
data/inaturalist/images/martes_species/inat_martes_species_02349.jpg,inaturalist,,martes_species,1,"[0.18199999630451202, 0.15600000321865082, 0.36399999260902405, 0.31200000643730164]",0.211304,virginia opossum,didelphis virginiana,0.410083,class,flag
data/inaturalist/images/meerkat/inat_meerkat_00005.jpg,inaturalist,,meerkat,1,"[0.4859999939799309, 0.6231231093406677, 0.2160000056028366, 0.7417417168617249]",0.270264,vervet monkey,chlorocebus pygerythrus,0.282197,class,uncertain
data/inaturalist/images/meerkat/inat_meerkat_00031.jpg,inaturalist,,meerkat,2,"[0.5746666565537453, 0.5460000112652779, 0.15733332931995392, 0.2280000001192093]",0.449463,arizona black-tailed prairie dog,cynomys ludovicianus,0.486208,class,flag
data/inaturalist/images/meerkat/inat_meerkat_00071.jpg,inaturalist,,meerkat,1,"[0.647379919886589, 0.6190000027418137, 0.3820960819721222, 0.27000001072883606]",0.480469,wild goat,capra aegagrus,0.1715,class,uncertain
data/inaturalist/images/meerkat/inat_meerkat_00071.jpg,inaturalist,,meerkat,2,"[0.5316593870520592, 0.403999999165535, 0.15938864648342133, 0.24799999594688416]",0.291504,wild goat,capra aegagrus,0.139182,class,uncertain
data/inaturalist/images/meerkat/inat_meerkat_00088.jpg,inaturalist,,meerkat,3,"[0.5399999842047691, 0.5219999924302101, 0.1626666635274887, 0.1720000058412552]",0.48877,eastern fox squirrel,sciurus niger,0.369296,class,flag
data/inaturalist/images/meerkat/inat_meerkat_00134.jpg,inaturalist,,meerkat,1,"[0.4349999874830246, 0.5533333420753479, 0.6499999761581421, 0.8346666693687439]",0.484863,lion,panthera leo,0.350919,order,flag
data/inaturalist/images/meerkat/inat_meerkat_00138.jpg,inaturalist,,meerkat,2,"[0.4910000115633011, 0.35066666454076767, 0.20600000023841858, 0.18400000035762787]",0.208862,rock squirrel,otospermophilus variegatus,0.105494,class,uncertain
data/inaturalist/images/meerkat/inat_meerkat_00217.jpg,inaturalist,,meerkat,1,"[0.589000016450882, 0.6796406954526901, 0.28600001335144043, 0.31736525893211365]",0.427246,white-tailed antelope squirrel,ammospermophilus leucurus,0.161973,class,uncertain
data/inaturalist/images/meerkat/inat_meerkat_00300.jpg,inaturalist,,meerkat,3,"[0.47700000554323196, 0.6082316935062408, 0.1860000044107437, 0.7652438879013062]",0.39917,arizona black-tailed prairie dog,cynomys ludovicianus,0.247281,class,uncertain
data/inaturalist/images/mongoose_family/inat_mongoose_family_00172.jpg,inaturalist,,mongoose_family,1,"[0.4089999943971634, 0.6399999856948853, 0.27000001072883606, 0.36266666650772095]",0.447998,eastern gray squirrel,sciurus carolinensis,0.237074,no_match,uncertain
data/inaturalist/images/mongoose_family/inat_mongoose_family_00337.jpg,inaturalist,,mongoose_family,3,"[0.46400000154972076, 0.11261261254549026, 0.5040000081062317, 0.22522522509098053]",0.285889,procyonidae family,,0.144184,no_match,uncertain
data/inaturalist/images/mongoose_family/inat_mongoose_family_00530.jpg,inaturalist,,mongoose_family,6,"[0.6220000088214874, 0.40666666626930237, 0.18000000715255737, 0.09866666793823242]",0.216569,eastern fox squirrel,sciurus niger,0.463507,no_match,flag
data/inaturalist/images/mongoose_family/inat_mongoose_family_00728.jpg,inaturalist,,mongoose_family,2,"[0.5859999880194664, 0.4699699580669403, 0.21199999749660492, 0.2012012004852295]",0.427734,california ground squirrel,otospermophilus beecheyi,0.183548,no_match,uncertain
data/inaturalist/images/mongoose_family/inat_mongoose_family_00759.jpg,inaturalist,,mongoose_family,1,"[0.36399999260902405, 0.4621409922838211, 0.18000000715255737, 0.3185378611087799]",0.263184,eastern gray squirrel,sciurus carolinensis,0.344524,no_match,flag
data/inaturalist/images/mongoose_family/inat_mongoose_family_00872.jpg,inaturalist,,mongoose_family,1,"[0.5439999848604202, 0.5165165066719055, 0.2759999930858612, 0.402402400970459]",0.404053,fisher,pekania pennanti,0.203993,no_match,uncertain
data/inaturalist/images/mongoose_family/inat_mongoose_family_01008.jpg,inaturalist,,mongoose_family,9,"[0.41090425848960876, 0.5710000023245811, 0.353723406791687, 0.16599999368190765]",0.378174,rock squirrel,otospermophilus variegatus,0.132435,no_match,uncertain
data/inaturalist/images/mongoose_family/inat_mongoose_family_01027.jpg,inaturalist,,mongoose_family,2,"[0.4790000170469284, 0.3308823425322771, 0.44600000977516174, 0.6264705657958984]",0.227173,tayra,eira barbara,0.106141,no_match,uncertain
data/inaturalist/images/mongoose_family/inat_mongoose_family_01100.jpg,inaturalist,,mongoose_family,1,"[0.5319999903440475, 0.4013333171606064, 0.31200000643730164, 0.23733332753181458]",0.372559,woodchuck,marmota monax,0.106492,no_match,uncertain
data/inaturalist/images/mongoose_family/inat_mongoose_family_01169.jpg,inaturalist,,mongoose_family,1,"[0.44200000166893005, 0.5015015006065369, 0.3919999897480011, 0.39039039611816406]",0.30249,wild boar,sus scrofa,0.296394,no_match,uncertain
data/inaturalist/images/mongoose_family/inat_mongoose_family_01232.jpg,inaturalist,,mongoose_family,1,"[0.2809999883174896, 0.41891890950500965, 0.5619999766349792, 0.8318318128585815]",0.411377,dik-dik species,madoqua,0.17283,no_match,uncertain
data/inaturalist/images/mongoose_family/inat_mongoose_family_01299.jpg,inaturalist,,mongoose_family,1,"[0.3530000001192093, 0.6002949923276901, 0.23800000548362732, 0.2507374584674835]",0.211689,neotamias species,neotamias,0.134906,no_match,uncertain
data/inaturalist/images/mongoose_family/inat_mongoose_family_01411.jpg,inaturalist,,mongoose_family,8,"[0.367000013589859, 0.8373333066701889, 0.22200000286102295, 0.3253333270549774]",0.446341,california ground squirrel,otospermophilus beecheyi,0.41516,no_match,flag
data/inaturalist/images/mongoose_family/inat_mongoose_family_01414.jpg,inaturalist,,mongoose_family,1,"[0.5420000106096268, 0.6386666893959045, 0.3160000145435333, 0.2746666669845581]",0.277832,eastern fox squirrel,sciurus niger,0.292307,no_match,uncertain
data/inaturalist/images/mongoose_family/inat_mongoose_family_01423.jpg,inaturalist,,mongoose_family,1,"[0.17299999296665192, 0.6396396458148956, 0.34599998593330383, 0.7027027010917664]",0.486084,woodchuck,marmota monax,0.382781,no_match,flag
data/inaturalist/images/mongoose_family/inat_mongoose_family_01528.jpg,inaturalist,,mongoose_family,1,"[0.7020000070333481, 0.5315068513154984, 0.2759999930858612, 0.5698630213737488]",0.226807,woodchuck,marmota monax,0.478389,no_match,flag
data/inaturalist/images/mongoose_family/inat_mongoose_family_01690.jpg,inaturalist,,mongoose_family,1,"[0.3830000013113022, 0.4560000002384186, 0.3179999887943268, 0.2720000147819519]",0.266357,arizona black-tailed prairie dog,cynomys ludovicianus,0.419202,no_match,flag
data/inaturalist/images/mongoose_family/inat_mongoose_family_01691.jpg,inaturalist,,mongoose_family,1,"[0.3830000013113022, 0.4560000002384186, 0.3179999887943268, 0.2720000147819519]",0.266357,arizona black-tailed prairie dog,cynomys ludovicianus,0.419202,no_match,flag
data/inaturalist/images/mongoose_family/inat_mongoose_family_02099.jpg,inaturalist,,mongoose_family,1,"[0.31199999898672104, 0.5140624865889549, 0.4560000002384186, 0.7906249761581421]",0.200684,woodchuck,marmota monax,0.347197,no_match,flag
data/inaturalist/images/mongoose_family/inat_mongoose_family_02320.jpg,inaturalist,,mongoose_family,2,"[0.5120000094175339, 0.47866666316986084, 0.2840000092983246, 0.37599998712539673]",0.247681,red squirrel,tamiasciurus hudsonicus,0.511812,no_match,flag
data/inaturalist/images/mongoose_family/inat_mongoose_family_02442.jpg,inaturalist,,mongoose_family,1,"[0.5230000019073486, 0.5716463327407837, 0.27799999713897705, 0.38109755516052246]",0.290527,arizona black-tailed prairie dog,cynomys ludovicianus,0.242316,no_match,uncertain
data/inaturalist/images/moose/inat_moose_00303.jpg,inaturalist,,moose,1,"[0.36266666650772095, 0.6850000023841858, 0.2826666533946991, 0.5260000228881836]",0.45874,domestic cattle,bos taurus,0.293484,order,uncertain
data/inaturalist/images/moose/inat_moose_00517.jpg,inaturalist,,moose,2,"[0.3349999971687794, 0.5480480529367924, 0.11400000005960464, 0.11711711436510086]",0.437988,domestic cattle,bos taurus,0.338107,order,flag
data/inaturalist/images/moose/inat_moose_01437.jpg,inaturalist,,moose,2,"[0.6679999828338623, 0.2410000003874302, 0.653333306312561, 0.38199999928474426]",0.486816,domestic cattle,bos taurus,0.419575,order,flag
data/inaturalist/images/moose/inat_moose_02798.jpg,inaturalist,,moose,2,"[0.09399999678134918, 0.5425000116229057, 0.18799999356269836, 0.23499999940395355]",0.275146,domestic cattle,bos taurus,0.610541,order,flag
data/inaturalist/images/mountain_goat/inat_mountain_goat_00482.jpg,inaturalist,,mountain_goat,3,"[0.3840000033378601, 0.2749999985098839, 0.41600000858306885, 0.22599999606609344]",0.245117,eurasian red squirrel,sciurus vulgaris,0.215781,class,uncertain
data/inaturalist/images/mountain_goat/inat_mountain_goat_00568.jpg,inaturalist,,mountain_goat,3,"[0.13899999856948853, 0.5520000159740448, 0.1340000033378601, 0.3946666717529297]",0.368164,coyote,canis latrans,0.486051,class,flag
data/inaturalist/images/mule_deer/inat_mule_deer_01634.jpg,inaturalist,,mule_deer,1,"[0.6019999831914902, 0.4819819778203964, 0.19200000166893005, 0.6036036014556885]",0.472168,impala,aepyceros melampus,0.76474,order,flag
data/inaturalist/images/mule_deer/inat_mule_deer_01634.jpg,inaturalist,,mule_deer,2,"[0.443000003695488, 0.5255255252122879, 0.44600000977516174, 0.3543543517589569]",0.262207,hartebeest,alcelaphus buselaphus,0.247375,order,uncertain
data/inaturalist/images/mule_deer/inat_mule_deer_04270.jpg,inaturalist,,mule_deer,3,"[0.7859999760985374, 0.5773333609104156, 0.09600000083446503, 0.13066667318344116]",0.485352,domestic dog,canis familiaris,0.336409,class,flag
data/inaturalist/images/mule_deer/inat_mule_deer_05283.jpg,inaturalist,,mule_deer,1,"[0.5020000115036964, 0.6701807379722595, 0.1720000058412552, 0.6596385836601257]",0.449707,guenther's dik-dik,madoqua guentheri,0.365657,order,flag
data/inaturalist/images/mule_deer/inat_mule_deer_06938.jpg,inaturalist,,mule_deer,1,"[0.6089999973773956, 0.3760000169277191, 0.39399999380111694, 0.25066667795181274]",0.332031,eastern gray squirrel,sciurus carolinensis,0.173185,class,uncertain
data/inaturalist/images/mule_deer/inat_mule_deer_07055.jpg,inaturalist,,mule_deer,1,"[0.5190000161528587, 0.5346666797995567, 0.1420000046491623, 0.19466666877269745]",0.448975,human,homo sapiens,0.396522,class,flag
data/inaturalist/images/mule_deer/inat_mule_deer_08216.jpg,inaturalist,,mule_deer,3,"[0.48099999874830246, 0.47733333706855774, 0.10999999940395355, 0.20800000429153442]",0.4,black-tailed jackrabbit,lepus californicus,0.196833,class,uncertain
data/inaturalist/images/mule_deer/inat_mule_deer_09776.jpg,inaturalist,,mule_deer,3,"[0.3938053101301193, 0.47199999913573265, 0.41002950072288513, 0.11999999731779099]",0.44751,domestic cattle,bos taurus,0.488061,order,flag
data/inaturalist/images/mule_deer/inat_mule_deer_11375.jpg,inaturalist,,mule_deer,1,"[0.14499999582767487, 0.7426666617393494, 0.28999999165534973, 0.5040000081062317]",0.482926,domestic goat,capra aegagrus hircus,0.585068,order,flag
data/inaturalist/images/mule_deer/inat_mule_deer_17424.jpg,inaturalist,,mule_deer,3,"[0.4229999929666519, 0.6479217559099197, 0.3179999887943268, 0.40586796402931213]",0.454346,domestic cattle,bos taurus,0.517785,order,flag
data/inaturalist/images/mule_deer/inat_mule_deer_18406.jpg,inaturalist,,mule_deer,1,"[0.7070000171661377, 0.1321321278810501, 0.39800000190734863, 0.2642642557621002]",0.210083,woodchuck,marmota monax,0.395885,class,flag
data/inaturalist/images/mule_deer/inat_mule_deer_18530.jpg,inaturalist,,mule_deer,2,"[0.3930000066757202, 0.4879999905824661, 0.25, 0.20266667008399963]",0.431152,american bison,bison bison,0.604098,order,flag
data/inaturalist/images/muntjac_genus/inat_muntjac_genus_01221.jpg,inaturalist,,muntjac_genus,1,"[0.513333335518837, 0.453000009059906, 0.42399999499320984, 0.5460000038146973]",0.498292,domestic dog,canis familiaris,0.803264,class,flag
data/inaturalist/images/muridae_family/inat_muridae_family_00008.jpg,inaturalist,,muridae_family,1,"[0.49700000137090683, 0.46846845746040344, 0.1979999989271164, 0.20420420169830322]",0.285261,white-tailed deer,odocoileus virginianus,0.425831,no_match,flag
data/inaturalist/images/muridae_family/inat_muridae_family_00182.jpg,inaturalist,,muridae_family,1,"[0.6300000101327896, 0.584084078669548, 0.335999995470047, 0.4534534513950348]",0.359863,rodent,,0.134014,no_match,uncertain
data/inaturalist/images/muridae_family/inat_muridae_family_00285.jpg,inaturalist,,muridae_family,1,"[0.507999986410141, 0.40390390157699585, 0.4359999895095825, 0.36936935782432556]",0.241089,domestic cat,felis catus,0.564327,no_match,flag
data/inaturalist/images/muridae_family/inat_muridae_family_00298.jpg,inaturalist,,muridae_family,1,"[0.4980000015348196, 0.3993212580680847, 0.972000002861023, 0.7986425161361694]",0.260593,capybara,hydrochoerus hydrochaeris,0.292682,no_match,uncertain
data/inaturalist/images/muridae_family/inat_muridae_family_00398.jpg,inaturalist,,muridae_family,1,"[0.5610000044107437, 0.6143616884946823, 0.2619999945163727, 0.3404255211353302]",0.355225,kaluta,dasykaluta rosamondae,0.492047,no_match,flag
data/inaturalist/images/muridae_family/inat_muridae_family_00455.jpg,inaturalist,,muridae_family,1,"[0.34699999541044235, 0.603715181350708, 0.44999998807907104, 0.6377708911895752]",0.359268,human,homo sapiens,0.819982,no_match,flag
data/inaturalist/images/muridae_family/inat_muridae_family_00494.jpg,inaturalist,,muridae_family,1,"[0.6679999977350235, 0.5891238749027252, 0.36800000071525574, 0.5800604224205017]",0.232918,rodent,,0.636328,no_match,flag
data/inaturalist/images/muridae_family/inat_muridae_family_00500.jpg,inaturalist,,muridae_family,1,"[0.482999999076128, 0.23699422180652618, 0.8659999966621399, 0.47398844361305237]",0.316183,asiatic brush-tailed porcupine,atherurus macrourus,0.222286,no_match,uncertain
data/inaturalist/images/muridae_family/inat_muridae_family_00579.jpg,inaturalist,,muridae_family,1,"[0.4950000047683716, 0.5026666671037674, 0.2540000081062317, 0.25866666436195374]",0.260498,mammal,,0.231747,no_match,uncertain
data/inaturalist/images/muridae_family/inat_muridae_family_00603.jpg,inaturalist,,muridae_family,1,"[0.5140000134706497, 0.2613333463668823, 0.8920000195503235, 0.5226666927337646]",0.271707,red deer,cervus elaphus,0.260033,no_match,uncertain
data/inaturalist/images/muridae_family/inat_muridae_family_00637.jpg,inaturalist,,muridae_family,1,"[0.4179999977350235, 0.3963963985443115, 0.36800000071525574, 0.2942942976951599]",0.207275,mammal,,0.109985,no_match,uncertain
data/inaturalist/images/muridae_family/inat_muridae_family_00749.jpg,inaturalist,,muridae_family,2,"[0.3710000142455101, 0.5678191483020782, 0.23000000417232513, 0.417553186416626]",0.397999,rodent,,0.571481,no_match,flag
data/inaturalist/images/muridae_family/inat_muridae_family_00933.jpg,inaturalist,,muridae_family,1,"[0.6080000102519989, 0.4450000151991844, 0.3946666717529297, 0.23000000417232513]",0.237549,bobcat,lynx rufus,0.128813,no_match,uncertain
data/inaturalist/images/muridae_family/inat_muridae_family_00953.jpg,inaturalist,,muridae_family,1,"[0.39899999648332596, 0.41200000047683716, 0.15399999916553497, 0.24266666173934937]",0.24939,mammal,,0.386668,no_match,flag
data/inaturalist/images/muridae_family/inat_muridae_family_00975.jpg,inaturalist,,muridae_family,1,"[0.5226666778326035, 0.5900000035762787, 0.4000000059604645, 0.5640000104904175]",0.463623,sciuridae family,,0.275026,no_match,uncertain
data/inaturalist/images/muridae_family/inat_muridae_family_01046.jpg,inaturalist,,muridae_family,1,"[0.6599999964237213, 0.46266667544841766, 0.5, 0.47200000286102295]",0.241821,central american agouti,dasyprocta punctata,0.272436,no_match,uncertain
data/inaturalist/images/muridae_family/inat_muridae_family_01063.jpg,inaturalist,,muridae_family,1,"[0.653999999165535, 0.48704664409160614, 0.4880000054836273, 0.34196892380714417]",0.213013,rodent,,0.411932,no_match,flag
data/inaturalist/images/muridae_family/inat_muridae_family_01069.jpg,inaturalist,,muridae_family,5,"[0.25733333081007004, 0.6849999949336052, 0.2800000011920929, 0.10999999940395355]",0.493408,arizona black-tailed prairie dog,cynomys ludovicianus,0.440328,no_match,flag
data/inaturalist/images/muridae_family/inat_muridae_family_01171.jpg,inaturalist,,muridae_family,1,"[0.5689999908208847, 0.24400000274181366, 0.8579999804496765, 0.4880000054836273]",0.337561,bearded pig,sus barbatus,0.241105,no_match,uncertain
data/inaturalist/images/muridae_family/inat_muridae_family_01240.jpg,inaturalist,,muridae_family,1,"[0.4729999899864197, 0.431999996304512, 0.22200000286102295, 0.3253333270549774]",0.422852,moupin pika,ochotona thibetana,0.176464,no_match,uncertain
data/inaturalist/images/muridae_family/inat_muridae_family_01267.jpg,inaturalist,,muridae_family,1,"[0.291223406791687, 0.4359999969601631, 0.582446813583374, 0.19599999487400055]",0.212402,nutria,myocastor coypus,0.446983,no_match,flag
data/inaturalist/images/muridae_family/inat_muridae_family_01370.jpg,inaturalist,,muridae_family,1,"[0.5011111022904515, 0.23300000233575702, 0.9977777600288391, 0.4580000042915344]",0.369629,rodent,,0.10145,no_match,uncertain
data/inaturalist/images/muridae_family/inat_muridae_family_01673.jpg,inaturalist,,muridae_family,1,"[0.38199999928474426, 0.4266666769981384, 0.7639999985694885, 0.6986666917800903]",0.257535,american marten,martes americana,0.324499,no_match,flag
data/inaturalist/images/muridae_family/inat_muridae_family_01748.jpg,inaturalist,,muridae_family,1,"[0.5039999922737479, 0.5, 0.9919999837875366, 1.0]",0.488775,arizona black-tailed prairie dog,cynomys ludovicianus,0.348277,no_match,flag
data/inaturalist/images/muridae_family/inat_muridae_family_01799.jpg,inaturalist,,muridae_family,1,"[0.513333335518837, 0.40700000524520874, 0.2906666696071625, 0.33799999952316284]",0.26123,rodent,,0.16214,no_match,uncertain
data/inaturalist/images/muridae_family/inat_muridae_family_01800.jpg,inaturalist,,muridae_family,1,"[0.46800000965595245, 0.3630000054836273, 0.30133333802223206, 0.28200000524520874]",0.237183,mammal,,0.425856,no_match,flag
data/inaturalist/images/muridae_family/inat_muridae_family_01825.jpg,inaturalist,,muridae_family,1,"[0.41733334958553314, 0.3479999974370003, 0.2906666696071625, 0.2160000056028366]",0.215698,mule deer,odocoileus hemionus,0.351973,no_match,flag
data/inaturalist/images/muridae_family/inat_muridae_family_01851.jpg,inaturalist,,muridae_family,1,"[0.46533334255218506, 0.7970000207424164, 0.2853333353996277, 0.3019999861717224]",0.439941,rodent,,0.361803,no_match,flag
data/inaturalist/images/muridae_family/inat_muridae_family_02112.jpg,inaturalist,,muridae_family,1,"[0.35999999940395355, 0.27000000327825546, 0.35199999809265137, 0.29600000381469727]",0.297852,mammal,,0.574467,no_match,flag
data/inaturalist/images/muridae_family/inat_muridae_family_02112.jpg,inaturalist,,muridae_family,2,"[0.5149999856948853, 0.4859999939799309, 0.6539999842643738, 0.7279999852180481]",0.242069,mammal,,0.289971,no_match,uncertain
data/inaturalist/images/muridae_family/inat_muridae_family_02255.jpg,inaturalist,,muridae_family,1,"[0.3439999930560589, 0.6487935781478882, 0.5799999833106995, 0.5898123383522034]",0.418457,capra species,capra,0.259537,no_match,uncertain
data/inaturalist/images/muridae_family/inat_muridae_family_02527.jpg,inaturalist,,muridae_family,1,"[0.6469999849796295, 0.3293333277106285, 0.38999998569488525, 0.41866666078567505]",0.244751,capybara,hydrochoerus hydrochaeris,0.067985,no_match,uncertain
data/inaturalist/images/muridae_family/inat_muridae_family_02832.jpg,inaturalist,,muridae_family,1,"[0.5169999897480011, 0.4235294312238693, 0.5619999766349792, 0.5882353186607361]",0.204612,central american agouti,dasyprocta punctata,0.432739,no_match,flag
data/inaturalist/images/muridae_family/inat_muridae_family_02959.jpg,inaturalist,,muridae_family,1,"[0.6139999777078629, 0.45045045018196106, 0.2240000069141388, 0.4324324429035187]",0.225098,arizona black-tailed prairie dog,cynomys ludovicianus,0.878878,no_match,flag
data/inaturalist/images/muridae_family/inat_muridae_family_03147.jpg,inaturalist,,muridae_family,1,"[0.4100000113248825, 0.5555555671453476, 0.25200000405311584, 0.34834834933280945]",0.241455,rodent,,0.328583,no_match,flag
data/inaturalist/images/muridae_family/inat_muridae_family_03318.jpg,inaturalist,,muridae_family,2,"[0.08422459661960602, 0.2929999977350235, 0.16844919323921204, 0.4099999964237213]",0.328857,capybara,hydrochoerus hydrochaeris,0.487458,no_match,flag
data/inaturalist/images/muridae_family/inat_muridae_family_03602.jpg,inaturalist,,muridae_family,1,"[0.3630000129342079, 0.46000000834465027, 0.5540000200271606, 0.37599998712539673]",0.234985,golden mantled ground squirrel,callospermophilus lateralis,0.55594,no_match,flag
data/inaturalist/images/muridae_family/inat_muridae_family_03702.jpg,inaturalist,,muridae_family,1,"[0.4739999920129776, 0.6280000060796738, 0.6439999938011169, 0.4986666738986969]",0.378166,domestic cat,felis catus,0.158559,no_match,uncertain
data/inaturalist/images/muridae_family/inat_muridae_family_03803.jpg,inaturalist,,muridae_family,1,"[0.5269999951124191, 0.439999982714653, 0.26600000262260437, 0.3253333270549774]",0.423828,american pika,ochotona princeps,0.274557,no_match,uncertain
data/inaturalist/images/muridae_family/inat_muridae_family_03965.jpg,inaturalist,,muridae_family,1,"[0.335999995470047, 0.3109999969601631, 0.35733333230018616, 0.23000000417232513]",0.380127,rodent,,0.189823,no_match,uncertain
data/inaturalist/images/muskrat/inat_muskrat_00131.jpg,inaturalist,,muskrat,1,"[0.23000000417232513, 0.6066666543483734, 0.3160000145435333, 0.40799999237060547]",0.460938,nutria,myocastor coypus,0.741986,order,flag
data/inaturalist/images/muskrat/inat_muskrat_00199.jpg,inaturalist,,muskrat,1,"[0.46000000834465027, 0.46299999952316284, 0.41866666078567505, 0.2540000081062317]",0.354004,domestic cattle,bos taurus,0.370885,class,flag
data/inaturalist/images/muskrat/inat_muskrat_00616.jpg,inaturalist,,muskrat,1,"[0.12399999797344208, 0.23866666108369827, 0.24799999594688416, 0.3813333213329315]",0.486579,nutria,myocastor coypus,0.95332,order,flag
data/inaturalist/images/muskrat/inat_muskrat_00860.jpg,inaturalist,,muskrat,1,"[0.328000009059906, 0.5045045018196106, 0.656000018119812, 0.28828829526901245]",0.365234,wolverine,gulo gulo,0.093895,class,uncertain
data/inaturalist/images/muskrat/inat_muskrat_01097.jpg,inaturalist,,muskrat,2,"[0.24799999594688416, 0.4707520827651024, 0.4959999918937683, 0.20055709779262543]",0.358398,nutria,myocastor coypus,0.215893,order,uncertain
data/inaturalist/images/muskrat/inat_muskrat_01100.jpg,inaturalist,,muskrat,1,"[0.308999989181757, 0.4761904776096344, 0.5619999766349792, 0.2202380895614624]",0.319336,nutria,myocastor coypus,0.266471,order,uncertain
data/inaturalist/images/muskrat/inat_muskrat_01107.jpg,inaturalist,,muskrat,1,"[0.2930000126361847, 0.4654654711484909, 0.5860000252723694, 0.3363363444805145]",0.396779,american beaver,castor canadensis,0.52197,order,flag
data/inaturalist/images/muskrat/inat_muskrat_01367.jpg,inaturalist,,muskrat,1,"[0.323000006377697, 0.4763513654470444, 0.24199999868869781, 0.19594594836235046]",0.2771,nutria,myocastor coypus,0.822606,order,flag
data/inaturalist/images/muskrat/inat_muskrat_01419.jpg,inaturalist,,muskrat,1,"[0.3160000145435333, 0.5733333230018616, 0.6320000290870667, 0.47466665506362915]",0.244385,coyote,canis latrans,0.1051,class,uncertain
data/inaturalist/images/muskrat/inat_muskrat_01508.jpg,inaturalist,,muskrat,1,"[0.5969999879598618, 0.446666672360152, 0.38199999928474426, 0.8880000114440918]",0.237915,nutria,myocastor coypus,0.893531,order,flag
data/inaturalist/images/muskrat/inat_muskrat_01638.jpg,inaturalist,,muskrat,3,"[0.32900000363588333, 0.4893333241343498, 0.21400000154972076, 0.1733333319425583]",0.233765,yellow-bellied marmot,marmota flaviventris,0.540583,order,flag
data/inaturalist/images/muskrat/inat_muskrat_01763.jpg,inaturalist,,muskrat,1,"[0.40999998850747943, 0.5510510504245758, 0.8119999766349792, 0.29729729890823364]",0.373291,american beaver,castor canadensis,0.857157,order,flag
data/inaturalist/images/muskrat/inat_muskrat_01907.jpg,inaturalist,,muskrat,1,"[0.3620000034570694, 0.4579579681158066, 0.328000009059906, 0.1411411464214325]",0.27002,nutria,myocastor coypus,0.441679,order,flag
data/inaturalist/images/muskrat/inat_muskrat_02173.jpg,inaturalist,,muskrat,1,"[0.7149999886751175, 0.5250000059604645, 0.4099999964237213, 0.6200000047683716]",0.378174,nutria,myocastor coypus,0.850975,order,flag
data/inaturalist/images/muskrat/inat_muskrat_02336.jpg,inaturalist,,muskrat,2,"[0.5360000133514404, 0.6216216012835503, 0.800000011920929, 0.18018017709255219]",0.228516,nutria,myocastor coypus,0.245785,order,uncertain
data/inaturalist/images/muskrat/inat_muskrat_02521.jpg,inaturalist,,muskrat,1,"[0.43399999290704727, 0.5090090036392212, 0.20000000298023224, 0.2012012004852295]",0.438965,domestic cattle,bos taurus,0.436561,class,flag
data/inaturalist/images/muskrat/inat_muskrat_02855.jpg,inaturalist,,muskrat,1,"[0.3239999969955534, 0.5019999891519547, 0.6439999938011169, 0.25200000405311584]",0.258057,nutria,myocastor coypus,0.936749,order,flag
data/inaturalist/images/muskrat/inat_muskrat_03046.jpg,inaturalist,,muskrat,1,"[0.5269999951124191, 0.2586206868290901, 0.5699999928474426, 0.28912466764450073]",0.350098,domestic goat,capra aegagrus hircus,0.332953,class,flag
data/inaturalist/images/muskrat/inat_muskrat_03075.jpg,inaturalist,,muskrat,1,"[0.6540000140666962, 0.45945946127176285, 0.36000001430511475, 0.1321321278810501]",0.300049,nutria,myocastor coypus,0.44647,order,flag
data/inaturalist/images/muskrat/inat_muskrat_03203.jpg,inaturalist,,muskrat,1,"[0.6539999842643738, 0.5360000133514404, 0.40799999237060547, 0.4266666769981384]",0.356445,nutria,myocastor coypus,0.757917,order,flag
data/inaturalist/images/muskrat/inat_muskrat_03212.jpg,inaturalist,,muskrat,1,"[0.6089999973773956, 0.40666668117046356, 0.4819999933242798, 0.31200000643730164]",0.414307,nutria,myocastor coypus,0.56122,order,flag
data/inaturalist/images/muskrat/inat_muskrat_03398.jpg,inaturalist,,muskrat,1,"[0.37499999604187906, 0.41199998557567596, 0.7459999918937683, 0.5479999780654907]",0.31665,nutria,myocastor coypus,0.759921,order,flag
data/inaturalist/images/nilgai/inat_nilgai_00412.jpg,inaturalist,,nilgai,3,"[0.4519999846816063, 0.6771771982312202, 0.12399999797344208, 0.21921922266483307]",0.47168,white-tailed deer,odocoileus virginianus,0.628707,order,flag
data/inaturalist/images/north_american_porcupine/inat_north_american_porcupine_00127.jpg,inaturalist,,north_american_porcupine,1,"[0.6879999935626984, 0.375, 0.20800000429153442, 0.34433960914611816]",0.362061,american black bear,ursus americanus,0.258962,class,uncertain
data/inaturalist/images/north_american_river_otter/inat_north_american_river_otter_00056.jpg,inaturalist,,north_american_river_otter,1,"[0.8210000246763229, 0.606606587767601, 0.3580000102519989, 0.15615615248680115]",0.452637,nutria,myocastor coypus,0.467059,class,flag
data/inaturalist/images/north_american_river_otter/inat_north_american_river_otter_00228.jpg,inaturalist,,north_american_river_otter,2,"[0.30900000035762787, 0.6396396309137344, 0.4699999988079071, 0.2642642557621002]",0.477051,american black bear,ursus americanus,0.363456,order,flag
data/inaturalist/images/north_american_river_otter/inat_north_american_river_otter_00379.jpg,inaturalist,,north_american_river_otter,1,"[0.6720000058412552, 0.60628741979599, 0.41999998688697815, 0.3083832263946533]",0.433838,domestic cattle,bos taurus,0.147812,class,uncertain
data/inaturalist/images/north_american_river_otter/inat_north_american_river_otter_00469.jpg,inaturalist,,north_american_river_otter,1,"[0.674000009894371, 0.291291281580925, 0.40400001406669617, 0.21021020412445068]",0.264648,nutria,myocastor coypus,0.310586,class,flag
data/inaturalist/images/north_american_river_otter/inat_north_american_river_otter_00498.jpg,inaturalist,,north_american_river_otter,3,"[0.528999999165535, 0.48791541159152985, 0.3540000021457672, 0.317220538854599]",0.453369,nutria,myocastor coypus,0.282433,class,uncertain
data/inaturalist/images/north_american_river_otter/inat_north_american_river_otter_00557.jpg,inaturalist,,north_american_river_otter,1,"[0.31299999356269836, 0.36486485600471497, 0.6259999871253967, 0.26726725697517395]",0.385986,nutria,myocastor coypus,0.234459,class,uncertain
data/inaturalist/images/north_american_river_otter/inat_north_american_river_otter_00607.jpg,inaturalist,,north_american_river_otter,1,"[0.3930000066757202, 0.4580838233232498, 0.7860000133514404, 0.185628741979599]",0.251953,nutria,myocastor coypus,0.447965,class,flag
data/inaturalist/images/north_american_river_otter/inat_north_american_river_otter_00608.jpg,inaturalist,,north_american_river_otter,1,"[0.404999993275851, 0.4279279410839081, 0.8019999861717224, 0.18918919563293457]",0.283691,nutria,myocastor coypus,0.454009,class,flag
data/inaturalist/images/north_american_river_otter/inat_north_american_river_otter_00639.jpg,inaturalist,,north_american_river_otter,1,"[0.49999999604187906, 0.5420420542359352, 0.9959999918937683, 0.8558558821678162]",0.36377,nutria,myocastor coypus,0.244118,class,uncertain
data/inaturalist/images/north_american_river_otter/inat_north_american_river_otter_00647.jpg,inaturalist,,north_american_river_otter,1,"[0.550000011920929, 0.5150150060653687, 0.2919999957084656, 0.2852852940559387]",0.325281,nutria,myocastor coypus,0.721186,class,flag
data/inaturalist/images/north_american_river_otter/inat_north_american_river_otter_00648.jpg,inaturalist,,north_american_river_otter,1,"[0.5349999964237213, 0.4789789766073227, 0.7699999809265137, 0.3453453481197357]",0.485352,nutria,myocastor coypus,0.547391,class,flag
data/inaturalist/images/north_american_river_otter/inat_north_american_river_otter_00693.jpg,inaturalist,,north_american_river_otter,1,"[0.32899999618530273, 0.5, 0.32600000500679016, 0.29729729890823364]",0.428223,nutria,myocastor coypus,0.173175,class,uncertain
data/inaturalist/images/north_american_river_otter/inat_north_american_river_otter_00702.jpg,inaturalist,,north_american_river_otter,1,"[0.367000013589859, 0.6756756603717804, 0.4620000123977661, 0.42042040824890137]",0.374268,nutria,myocastor coypus,0.329955,class,flag
data/inaturalist/images/north_american_river_otter/inat_north_american_river_otter_00703.jpg,inaturalist,,north_american_river_otter,2,"[0.531000018119812, 0.45508983731269836, 0.28600001335144043, 0.5089820623397827]",0.355225,nutria,myocastor coypus,0.854328,class,flag
data/inaturalist/images/north_american_river_otter/inat_north_american_river_otter_00709.jpg,inaturalist,,north_american_river_otter,1,"[0.12600000202655792, 0.5540540516376495, 0.25200000405311584, 0.6276276111602783]",0.448975,domestic cattle,bos taurus,0.614736,class,flag
data/inaturalist/images/north_american_river_otter/inat_north_american_river_otter_00760.jpg,inaturalist,,north_american_river_otter,3,"[0.3889999985694885, 0.4359999895095825, 0.3019999861717224, 0.3973333239555359]",0.356934,eastern gray squirrel,sciurus carolinensis,0.629269,class,flag
data/inaturalist/images/north_american_river_otter/inat_north_american_river_otter_00762.jpg,inaturalist,,north_american_river_otter,1,"[0.33400001376867294, 0.4700598940253258, 0.6000000238418579, 0.17365269362926483]",0.246338,nutria,myocastor coypus,0.7835,class,flag
data/inaturalist/images/north_american_river_otter/inat_north_american_river_otter_00816.jpg,inaturalist,,north_american_river_otter,1,"[0.2639999985694885, 0.3243243172764778, 0.23199999332427979, 0.12012012302875519]",0.42334,american beaver,castor canadensis,0.174553,class,uncertain
data/inaturalist/images/north_american_river_otter/inat_north_american_river_otter_00883.jpg,inaturalist,,north_american_river_otter,1,"[0.69200000166893, 0.4686684012413025, 0.5519999861717224, 0.6031331419944763]",0.347168,domestic cattle,bos taurus,0.915922,class,flag
data/inaturalist/images/north_american_river_otter/inat_north_american_river_otter_00883.jpg,inaturalist,,north_american_river_otter,2,"[0.7439999729394913, 0.3302872031927109, 0.41999998688697815, 0.34725847840309143]",0.343506,domestic cattle,bos taurus,0.56165,class,flag
data/inaturalist/images/north_american_river_otter/inat_north_american_river_otter_00884.jpg,inaturalist,,north_american_river_otter,1,"[0.6979999840259552, 0.4039634019136429, 0.6039999723434448, 0.5152438879013062]",0.482422,domestic cattle,bos taurus,0.798406,class,flag
data/inaturalist/images/north_american_river_otter/inat_north_american_river_otter_00884.jpg,inaturalist,,north_american_river_otter,2,"[0.5129999965429306, 0.37042683362960815, 0.23800000548362732, 0.4359756112098694]",0.332764,domestic cattle,bos taurus,0.568749,class,flag
data/inaturalist/images/north_american_river_otter/inat_north_american_river_otter_01038.jpg,inaturalist,,north_american_river_otter,2,"[0.5720000118017197, 0.5434173792600632, 0.30799999833106995, 0.29131653904914856]",0.31543,american beaver,castor canadensis,0.406788,class,flag
data/inaturalist/images/north_american_river_otter/inat_north_american_river_otter_01093.jpg,inaturalist,,north_american_river_otter,1,"[0.5909999907016754, 0.5866666808724403, 0.3140000104904175, 0.10133333504199982]",0.258789,nutria,myocastor coypus,0.333377,class,flag
data/inaturalist/images/north_american_river_otter/inat_north_american_river_otter_01448.jpg,inaturalist,,north_american_river_otter,1,"[0.45899999141693115, 0.49433426558971405, 0.6259999871253967, 0.6997166872024536]",0.321777,nutria,myocastor coypus,0.619746,class,flag
data/inaturalist/images/north_american_river_otter/inat_north_american_river_otter_01619.jpg,inaturalist,,north_american_river_otter,1,"[0.4099999964237213, 0.3078078031539917, 0.4359999895095825, 0.4234234094619751]",0.331055,american beaver,castor canadensis,0.736958,class,flag
data/inaturalist/images/north_american_river_otter/inat_north_american_river_otter_01623.jpg,inaturalist,,north_american_river_otter,1,"[0.421999990940094, 0.2822822853922844, 0.4959999918937683, 0.33033034205436707]",0.38916,american beaver,castor canadensis,0.709464,class,flag
data/inaturalist/images/north_american_river_otter/inat_north_american_river_otter_01939.jpg,inaturalist,,north_american_river_otter,2,"[0.2669999971985817, 0.5026666522026062, 0.3659999966621399, 0.5413333177566528]",0.437256,nutria,myocastor coypus,0.723595,class,flag
data/inaturalist/images/north_american_river_otter/inat_north_american_river_otter_01947.jpg,inaturalist,,north_american_river_otter,2,"[0.4359999895095825, 0.3679775148630142, 0.6039999723434448, 0.5898876190185547]",0.2854,nutria,myocastor coypus,0.118266,class,uncertain
data/inaturalist/images/north_american_river_otter/inat_north_american_river_otter_02078.jpg,inaturalist,,north_american_river_otter,1,"[0.5370000004768372, 0.47289157658815384, 0.44999998807907104, 0.2269076257944107]",0.251221,nutria,myocastor coypus,0.742869,class,flag
data/inaturalist/images/north_american_river_otter/inat_north_american_river_otter_02178.jpg,inaturalist,,north_american_river_otter,2,"[0.5129999965429306, 0.5011389628052711, 0.8379999995231628, 0.14123006165027618]",0.411621,nutria,myocastor coypus,0.79973,class,flag
data/inaturalist/images/north_american_river_otter/inat_north_american_river_otter_02382.jpg,inaturalist,,north_american_river_otter,2,"[0.5740000009536743, 0.682666689157486, 0.47200000286102295, 0.5226666927337646]",0.205078,nutria,myocastor coypus,0.448918,class,flag
data/inaturalist/images/north_american_river_otter/inat_north_american_river_otter_02487.jpg,inaturalist,,north_american_river_otter,1,"[0.8009999766945839, 0.6801801845431328, 0.18199999630451202, 0.171171173453331]",0.489258,nutria,myocastor coypus,0.237664,class,uncertain
data/inaturalist/images/north_american_river_otter/inat_north_american_river_otter_02528.jpg,inaturalist,,north_american_river_otter,1,"[0.4230000078678131, 0.4203910678625107, 0.8460000157356262, 0.287709504365921]",0.392578,american beaver,castor canadensis,0.612981,class,flag
data/inaturalist/images/north_american_river_otter/inat_north_american_river_otter_02530.jpg,inaturalist,,north_american_river_otter,2,"[0.27300000190734863, 0.3811594173312187, 0.5460000038146973, 0.16521738469600677]",0.326904,american beaver,castor canadensis,0.33343,class,flag
data/inaturalist/images/north_american_river_otter/inat_north_american_river_otter_02554.jpg,inaturalist,,north_american_river_otter,2,"[0.5999999940395355, 0.5415549650788307, 0.5239999890327454, 0.15013404190540314]",0.204956,american beaver,castor canadensis,0.631563,class,flag
data/inaturalist/images/north_american_river_otter/inat_north_american_river_otter_02660.jpg,inaturalist,,north_american_river_otter,1,"[0.3049999922513962, 0.38588589429855347, 0.27399998903274536, 0.4954954981803894]",0.222656,american beaver,castor canadensis,0.784045,class,flag
data/inaturalist/images/north_american_river_otter/inat_north_american_river_otter_02662.jpg,inaturalist,,north_american_river_otter,1,"[0.2889999970793724, 0.45495495200157166, 0.2460000067949295, 0.4954954981803894]",0.409668,nutria,myocastor coypus,0.32527,class,flag
data/inaturalist/images/north_american_river_otter/inat_north_american_river_otter_02663.jpg,inaturalist,,north_american_river_otter,1,"[0.31599999964237213, 0.35735736042261124, 0.2759999930858612, 0.4864864945411682]",0.269287,american beaver,castor canadensis,0.570344,class,flag
data/inaturalist/images/north_american_river_otter/inat_north_american_river_otter_02668.jpg,inaturalist,,north_american_river_otter,1,"[0.36399999260902405, 0.45495495200157166, 0.30399999022483826, 0.38138139247894287]",0.219971,human,homo sapiens,0.353857,class,flag
data/inaturalist/images/north_american_river_otter/inat_north_american_river_otter_02810.jpg,inaturalist,,north_american_river_otter,1,"[0.622999981045723, 0.4414414316415787, 0.34599998593330383, 0.4744744598865509]",0.494629,american beaver,castor canadensis,0.239624,class,uncertain
data/inaturalist/images/northern_chamois/inat_northern_chamois_00416.jpg,inaturalist,,northern_chamois,1,"[0.2029999941587448, 0.6840000152587891, 0.4059999883174896, 0.6213333606719971]",0.414675,coyote,canis latrans,0.149169,class,uncertain
data/inaturalist/images/northern_chamois/inat_northern_chamois_01425.jpg,inaturalist,,northern_chamois,1,"[0.2590000107884407, 0.6326530575752258, 0.20200000703334808, 0.25]",0.403564,wild boar,sus scrofa,0.416495,order,flag
data/inaturalist/images/northern_raccoon/inat_northern_raccoon_00326.jpg,inaturalist,,northern_raccoon,1,"[0.5139999911189079, 0.8160000145435333, 0.24400000274181366, 0.36266666650772095]",0.359932,martes species,martes,0.118807,order,uncertain
data/inaturalist/images/northern_raccoon/inat_northern_raccoon_00565.jpg,inaturalist,,northern_raccoon,1,"[0.6706666648387909, 0.11299999803304672, 0.653333306312561, 0.22599999606609344]",0.457052,stump-tailed macaque,macaca arctoides,0.300485,class,flag
data/inaturalist/images/northern_raccoon/inat_northern_raccoon_00787.jpg,inaturalist,,northern_raccoon,2,"[0.7790000289678574, 0.43799999356269836, 0.44200000166893005, 0.8759999871253967]",0.421913,wolverine,gulo gulo,0.608339,order,flag
data/inaturalist/images/northern_raccoon/inat_northern_raccoon_01241.jpg,inaturalist,,northern_raccoon,1,"[0.13813814520835876, 0.42900000512599945, 0.27627629041671753, 0.414000004529953]",0.455078,coyote,canis latrans,0.835621,order,flag
data/inaturalist/images/northern_raccoon/inat_northern_raccoon_02153.jpg,inaturalist,,northern_raccoon,1,"[0.5029999911785126, 0.31831831485033035, 0.16200000047683716, 0.22822822630405426]",0.235474,white-tailed deer,odocoileus virginianus,0.354854,class,flag
data/inaturalist/images/northern_raccoon/inat_northern_raccoon_02785.jpg,inaturalist,,northern_raccoon,2,"[0.3050000071525574, 0.21200000494718552, 0.16200000047683716, 0.20533333718776703]",0.475121,white-tailed deer,odocoileus virginianus,0.449613,class,flag
data/inaturalist/images/northern_raccoon/inat_northern_raccoon_03328.jpg,inaturalist,,northern_raccoon,2,"[0.4813753664493561, 0.335999995470047, 0.3381088972091675, 0.5839999914169312]",0.294678,domestic cattle,bos taurus,0.423916,class,flag
data/inaturalist/images/northern_raccoon/inat_northern_raccoon_03879.jpg,inaturalist,,northern_raccoon,1,"[0.4449999928474426, 0.644144132733345, 0.10199999809265137, 0.24924924969673157]",0.419268,western gray squirrel,sciurus griseus,0.419921,class,flag
data/inaturalist/images/northern_raccoon/inat_northern_raccoon_04061.jpg,inaturalist,,northern_raccoon,1,"[0.7159999907016754, 0.20933333039283752, 0.5640000104904175, 0.41866666078567505]",0.259121,domestic cattle,bos taurus,0.711148,class,flag
data/inaturalist/images/northern_raccoon/inat_northern_raccoon_04532.jpg,inaturalist,,northern_raccoon,1,"[0.5434782654047012, 0.5269999913871288, 0.6770186424255371, 0.9459999799728394]",0.244751,domestic cattle,bos taurus,0.454342,class,flag
data/inaturalist/images/northern_raccoon/inat_northern_raccoon_04806.jpg,inaturalist,,northern_raccoon,2,"[0.5040000081062317, 0.46300001349300146, 0.3199999928474426, 0.9100000262260437]",0.431152,sumatran serow,capricornis sumatraensis,0.372215,class,flag
data/inaturalist/images/northern_raccoon/inat_northern_raccoon_05292.jpg,inaturalist,,northern_raccoon,1,"[0.10199999809265137, 0.5823045074939728, 0.20399999618530273, 0.6337448358535767]",0.201562,domestic cattle,bos taurus,0.407947,class,flag
data/inaturalist/images/northern_raccoon/inat_northern_raccoon_05304.jpg,inaturalist,,northern_raccoon,1,"[0.42500000447034836, 0.6759999953210354, 0.10999999940395355, 0.11999999731779099]",0.352023,eastern gray squirrel,sciurus carolinensis,0.354997,class,flag
data/inaturalist/images/northern_raccoon/inat_northern_raccoon_06627.jpg,inaturalist,,northern_raccoon,2,"[0.7039999961853027, 0.4413333386182785, 0.5559999942779541, 0.3333333432674408]",0.372439,domestic cat,felis catus,0.937684,order,flag
data/inaturalist/images/northern_raccoon/inat_northern_raccoon_06693.jpg,inaturalist,,northern_raccoon,1,"[0.44099999964237213, 0.7334095984697342, 0.4860000014305115, 0.42791762948036194]",0.412109,american black bear,ursus americanus,0.20235,order,uncertain
data/inaturalist/images/northern_raccoon/inat_northern_raccoon_06709.jpg,inaturalist,,northern_raccoon,1,"[0.5280000120401382, 0.5789999738335609, 0.2133333384990692, 0.12600000202655792]",0.286865,eastern gray squirrel,sciurus carolinensis,0.783351,class,flag
data/inaturalist/images/northern_raccoon/inat_northern_raccoon_06709.jpg,inaturalist,,northern_raccoon,2,"[0.6413333490490913, 0.6979999840259552, 0.14666666090488434, 0.20800000429153442]",0.216675,eastern gray squirrel,sciurus carolinensis,0.425839,class,flag
data/inaturalist/images/northern_raccoon/inat_northern_raccoon_07373.jpg,inaturalist,,northern_raccoon,2,"[0.3800000101327896, 0.08933333307504654, 0.13199999928474426, 0.17866666615009308]",0.491211,eastern fox squirrel,sciurus niger,0.419,class,flag
data/inaturalist/images/northern_raccoon/inat_northern_raccoon_07983.jpg,inaturalist,,northern_raccoon,1,"[0.4400000125169754, 0.3700000047683716, 0.4480000138282776, 0.25200000405311584]",0.282471,coyote,canis latrans,0.302156,order,flag
data/inaturalist/images/nutria/inat_nutria_00301.jpg,inaturalist,,nutria,2,"[0.6399999782443047, 0.6226666569709778, 0.15600000321865082, 0.29600000381469727]",0.446533,capybara,hydrochoerus hydrochaeris,0.500858,order,flag
data/inaturalist/images/nutria/inat_nutria_00613.jpg,inaturalist,,nutria,2,"[0.19699999690055847, 0.45157068222761154, 0.16599999368190765, 0.1439790576696396]",0.479034,woodchuck,marmota monax,0.416538,order,flag
data/inaturalist/images/nutria/inat_nutria_00673.jpg,inaturalist,,nutria,3,"[0.40299998968839645, 0.1706666722893715, 0.23000000417232513, 0.2133333384990692]",0.476318,capybara,hydrochoerus hydrochaeris,0.135863,order,uncertain
data/inaturalist/images/nutria/inat_nutria_00939.jpg,inaturalist,,nutria,1,"[0.4399999976158142, 0.48399998992681503, 0.37599998712539673, 0.2160000056028366]",0.225464,red deer,cervus elaphus,0.393412,class,flag
data/inaturalist/images/nutria/inat_nutria_01675.jpg,inaturalist,,nutria,1,"[0.3660000041127205, 0.2653333321213722, 0.492000013589859, 0.29600000381469727]",0.435303,capybara,hydrochoerus hydrochaeris,0.50363,order,flag
data/inaturalist/images/nutria/inat_nutria_01829.jpg,inaturalist,,nutria,2,"[0.3540000021457672, 0.5709999799728394, 0.23199999332427979, 0.12999999523162842]",0.383789,eurasian red squirrel,sciurus vulgaris,0.847579,order,flag
data/inaturalist/images/nutria/inat_nutria_02685.jpg,inaturalist,,nutria,1,"[0.5139999985694885, 0.5105105116963387, 0.2919999957084656, 0.22822822630405426]",0.42749,nine-banded armadillo,dasypus novemcinctus,0.268898,class,uncertain
data/inaturalist/images/nutria/inat_nutria_02814.jpg,inaturalist,,nutria,1,"[0.37300001084804535, 0.7477477490901947, 0.37400001287460327, 0.5045045018196106]",0.259395,domestic dog,canis familiaris,0.409904,class,flag
data/inaturalist/images/nutria/inat_nutria_03062.jpg,inaturalist,,nutria,1,"[0.2920000031590462, 0.6560000032186508, 0.3720000088214874, 0.3466666638851166]",0.280518,northern raccoon,procyon lotor,0.376733,class,flag
data/inaturalist/images/nyala/inat_nyala_00640.jpg,inaturalist,,nyala,1,"[0.6769999861717224, 0.5134730488061905, 0.44999998807907104, 0.5658682584762573]",0.40918,plains zebra,equus quagga,0.157994,class,uncertain
data/inaturalist/images/nyala/inat_nyala_00677.jpg,inaturalist,,nyala,2,"[0.666999988257885, 0.39716312289237976, 0.16599999368190765, 0.39007091522216797]",0.22168,white-tailed deer,odocoileus virginianus,0.864381,order,flag
data/inaturalist/images/nyala/inat_nyala_00740.jpg,inaturalist,,nyala,2,"[0.27300000190734863, 0.09066666476428509, 0.34200000762939453, 0.15466666221618652]",0.277832,white-tailed deer,odocoileus virginianus,0.532172,order,flag
data/inaturalist/images/old_world_porcupine_family/inat_old_world_porcupine_family_01439.jpg,inaturalist,,old_world_porcupine_family,1,"[0.49000000953674316, 0.4429429490119219, 0.9800000190734863, 0.879879891872406]",0.207995,muskrat,ondatra zibethicus,0.264633,no_match,uncertain
data/inaturalist/images/old_world_porcupine_family/inat_old_world_porcupine_family_01579.jpg,inaturalist,,old_world_porcupine_family,1,"[0.5690000057220459, 0.5510510429739952, 0.21799999475479126, 0.17717717587947845]",0.447342,american beaver,castor canadensis,0.34709,no_match,flag
data/inaturalist/images/old_world_porcupine_family/inat_old_world_porcupine_family_01579.jpg,inaturalist,,old_world_porcupine_family,2,"[0.5649999976158142, 0.5525525435805321, 0.593999981880188, 0.18018017709255219]",0.357561,american beaver,castor canadensis,0.197544,no_match,uncertain
data/inaturalist/images/old_world_porcupine_family/inat_old_world_porcupine_family_01579.jpg,inaturalist,,old_world_porcupine_family,3,"[0.35600000619888306, 0.5480480492115021, 0.2639999985694885, 0.18918919563293457]",0.314941,nutria,myocastor coypus,0.518153,no_match,flag
data/inaturalist/images/opossum_family/inat_opossum_family_00296.jpg,inaturalist,,opossum_family,1,"[0.35600000619888306, 0.5090000033378601, 0.2853333353996277, 0.4620000123977661]",0.341296,giant otter,pteronura brasiliensis,0.169234,no_match,uncertain
data/inaturalist/images/opossum_family/inat_opossum_family_00433.jpg,inaturalist,,opossum_family,1,"[0.25600001215934753, 0.19599999487400055, 0.5120000243186951, 0.3919999897480011]",0.210571,domestic goat,capra aegagrus hircus,0.362582,no_match,flag
data/inaturalist/images/opossum_family/inat_opossum_family_00434.jpg,inaturalist,,opossum_family,1,"[0.25600001215934753, 0.19599999487400055, 0.5120000243186951, 0.3919999897480011]",0.210571,domestic goat,capra aegagrus hircus,0.362582,no_match,flag
data/inaturalist/images/opossum_family/inat_opossum_family_00799.jpg,inaturalist,,opossum_family,1,"[0.3866666704416275, 0.2619999945163727, 0.335999995470047, 0.41999998688697815]",0.437744,coyote,canis latrans,0.457823,no_match,flag
data/inaturalist/images/opossum_family/inat_opossum_family_01238.jpg,inaturalist,,opossum_family,1,"[0.5213333368301392, 0.6679999828338623, 0.25333333015441895, 0.2879999876022339]",0.302734,eastern gray squirrel,sciurus carolinensis,0.343007,no_match,flag
data/inaturalist/images/opossum_family/inat_opossum_family_01329.jpg,inaturalist,,opossum_family,1,"[0.3973333239555359, 0.5849999934434891, 0.31466665863990784, 0.2619999945163727]",0.437988,human,homo sapiens,0.501154,no_match,flag
data/inaturalist/images/opossum_family/inat_opossum_family_01441.jpg,inaturalist,,opossum_family,1,"[0.4479999989271164, 0.342342346906662, 0.48399999737739563, 0.40840840339660645]",0.259033,blue monkey,cercopithecus mitis,0.552122,no_match,flag
data/inaturalist/images/opossum_family/inat_opossum_family_01621.jpg,inaturalist,,opossum_family,1,"[0.48000000417232513, 0.527999997138977, 0.3720000088214874, 0.5080000162124634]",0.237334,nutria,myocastor coypus,0.505398,no_match,flag
data/inaturalist/images/opossum_family/inat_opossum_family_01622.jpg,inaturalist,,opossum_family,2,"[0.48999999463558197, 0.5349999964237213, 0.25600001215934753, 0.39399999380111694]",0.447535,nutria,myocastor coypus,0.390328,no_match,flag
data/inaturalist/images/opossum_family/inat_opossum_family_01751.jpg,inaturalist,,opossum_family,1,"[0.6946666389703751, 0.43800000846385956, 0.37066665291786194, 0.3160000145435333]",0.290283,yellow-throated marten,martes flavigula,0.309153,no_match,flag
data/inaturalist/images/opossum_family/inat_opossum_family_02038.jpg,inaturalist,,opossum_family,1,"[0.41600000858306885, 0.5915915966033936, 0.23199999332427979, 0.5585585832595825]",0.471436,eastern gray squirrel,sciurus carolinensis,0.621807,no_match,flag
data/inaturalist/images/opossum_family/inat_opossum_family_02038.jpg,inaturalist,,opossum_family,2,"[0.6469999998807907, 0.5195195078849792, 0.32600000500679016, 0.5285285115242004]",0.390625,greater hog badger,arctonyx collaris,0.557036,no_match,flag
data/inaturalist/images/opossum_family/inat_opossum_family_03145.jpg,inaturalist,,opossum_family,1,"[0.3960000053048134, 0.3543543517589569, 0.20000000298023224, 0.2522522509098053]",0.251953,long-tailed weasel,mustela frenata,0.132201,no_match,uncertain
data/inaturalist/images/opossum_family/inat_opossum_family_03668.jpg,inaturalist,,opossum_family,2,"[0.49799998849630356, 0.5373333394527435, 0.7559999823570251, 0.7333333492279053]",0.265381,american badger,taxidea taxus,0.818091,no_match,flag
data/inaturalist/images/opossum_family/inat_opossum_family_04064.jpg,inaturalist,,opossum_family,1,"[0.49400001764297485, 0.5146666765213013, 0.4440000057220459, 0.40533334016799927]",0.38208,greater hog badger,arctonyx collaris,0.209149,no_match,uncertain
data/inaturalist/images/opossum_family/inat_opossum_family_04305.jpg,inaturalist,,opossum_family,2,"[0.390666663646698, 0.7119999825954437, 0.3226666748523712, 0.2720000147819519]",0.314236,fisher,pekania pennanti,0.431493,no_match,flag
data/inaturalist/images/opossum_family/inat_opossum_family_04375.jpg,inaturalist,,opossum_family,1,"[0.710666686296463, 0.5930000096559525, 0.5680000185966492, 0.4699999988079071]",0.30039,common warthog,phacochoerus africanus,0.806003,no_match,flag
data/inaturalist/images/opossum_family/inat_opossum_family_04483.jpg,inaturalist,,opossum_family,1,"[0.49700599908828735, 0.6099999994039536, 0.9940119981765747, 0.7599999904632568]",0.353902,lion,panthera leo,0.650672,no_match,flag
data/inaturalist/images/opossum_family/inat_opossum_family_04564.jpg,inaturalist,,opossum_family,1,"[0.38599999248981476, 0.1733333319425583, 0.699999988079071, 0.3466666638851166]",0.46167,olive baboon,papio anubis,0.247096,no_match,uncertain
data/inaturalist/images/opossum_family/inat_opossum_family_04635.jpg,inaturalist,,opossum_family,1,"[0.4533333331346512, 0.1459999978542328, 0.3253333270549774, 0.2919999957084656]",0.242188,coyote,canis latrans,0.883667,no_match,flag
data/inaturalist/images/pikas_genus/inat_pikas_genus_00115.jpg,inaturalist,,pikas_genus,1,"[0.28900000057183206, 0.3243243098258972, 0.5740000009536743, 0.6486486196517944]",0.431152,yellow-bellied marmot,marmota flaviventris,0.592966,class,flag
data/inaturalist/images/pikas_genus/inat_pikas_genus_00239.jpg,inaturalist,,pikas_genus,1,"[0.5029999911785126, 0.47866667807102203, 0.25, 0.2693333327770233]",0.264763,yellow-bellied marmot,marmota flaviventris,0.441125,class,flag
data/inaturalist/images/pikas_genus/inat_pikas_genus_00241.jpg,inaturalist,,pikas_genus,1,"[0.48999999463558197, 0.5080000143498182, 0.699999988079071, 0.984000027179718]",0.264404,coyote,canis latrans,0.178666,class,uncertain
data/inaturalist/images/pikas_genus/inat_pikas_genus_00539.jpg,inaturalist,,pikas_genus,1,"[0.5186567008495331, 0.38199999928474426, 0.9626865386962891, 0.7639999985694885]",0.45752,himalayan marmot,marmota himalayana,0.218384,class,uncertain
data/inaturalist/images/pikas_genus/inat_pikas_genus_00554.jpg,inaturalist,,pikas_genus,1,"[0.5174129381775856, 0.38199999928474426, 0.96517413854599, 0.7639999985694885]",0.466309,himalayan marmot,marmota himalayana,0.183377,class,uncertain
data/inaturalist/images/pikas_genus/inat_pikas_genus_00679.jpg,inaturalist,,pikas_genus,1,"[0.5589999854564667, 0.41733334958553314, 0.5659999847412109, 0.31200000643730164]",0.404541,mule deer,odocoileus hemionus,0.281371,class,uncertain
data/inaturalist/images/pikas_genus/inat_pikas_genus_00926.jpg,inaturalist,,pikas_genus,1,"[0.41499999165534973, 0.5251989364624023, 0.3140000104904175, 0.39257293939590454]",0.257812,western gray squirrel,sciurus griseus,0.609838,class,flag
data/inaturalist/images/plains_zebra/inat_plains_zebra_00585.jpg,inaturalist,,plains_zebra,3,"[0.1620000023394823, 0.5390173494815826, 0.29600000381469727, 0.36705201864242554]",0.226074,domestic cattle,bos taurus,0.379623,class,flag
data/inaturalist/images/plains_zebra/inat_plains_zebra_00974.jpg,inaturalist,,plains_zebra,1,"[0.5569230765104294, 0.7930000275373459, 0.8799999952316284, 0.414000004529953]",0.415039,lion,panthera leo,0.615834,class,flag
data/inaturalist/images/plains_zebra/inat_plains_zebra_01162.jpg,inaturalist,,plains_zebra,2,"[0.23900000005960464, 0.6608695685863495, 0.1860000044107437, 0.4115942120552063]",0.319824,pronghorn,antilocapra americana,0.279573,class,uncertain
data/inaturalist/images/plains_zebra/inat_plains_zebra_01300.jpg,inaturalist,,plains_zebra,5,"[0.5200000107288361, 0.5400000065565109, 0.20800000429153442, 0.13600000739097595]",0.44165,white-tailed deer,odocoileus virginianus,0.432326,class,flag
data/inaturalist/images/plains_zebra/inat_plains_zebra_01300.jpg,inaturalist,,plains_zebra,6,"[0.4650000110268593, 0.526666671037674, 0.15399999916553497, 0.09866666793823242]",0.295654,common wildebeest,connochaetes taurinus,0.325003,class,flag
data/inaturalist/images/plains_zebra/inat_plains_zebra_01444.jpg,inaturalist,,plains_zebra,1,"[0.8659999817609787, 0.5523690730333328, 0.24799999594688416, 0.45137158036231995]",0.258301,domestic cattle,bos taurus,0.284919,class,uncertain
data/inaturalist/images/plains_zebra/inat_plains_zebra_01688.jpg,inaturalist,,plains_zebra,2,"[0.5019999882206321, 0.5249999947845936, 0.9879999756813049, 0.949999988079071]",0.241927,human,homo sapiens,0.656135,class,flag
data/inaturalist/images/plains_zebra/inat_plains_zebra_02268.jpg,inaturalist,,plains_zebra,3,"[0.6120000183582306, 0.7845744863152504, 0.11599999666213989, 0.11702127754688263]",0.211548,common wildebeest,connochaetes taurinus,0.905051,class,flag
data/inaturalist/images/pronghorn/inat_pronghorn_00806.jpg,inaturalist,,pronghorn,3,"[0.3579999879002571, 0.21273712813854218, 0.14000000059604645, 0.2195121943950653]",0.453857,thomson's gazelle,eudorcas thomsonii,0.377085,order,flag
data/inaturalist/images/pronghorn/inat_pronghorn_00810.jpg,inaturalist,,pronghorn,2,"[0.07900000363588333, 0.846666693687439, 0.15800000727176666, 0.29600000381469727]",0.447266,guenther's dik-dik,madoqua guentheri,0.526607,order,flag
data/inaturalist/images/pronghorn/inat_pronghorn_01262.jpg,inaturalist,,pronghorn,3,"[0.039000000804662704, 0.4795081913471222, 0.07800000160932541, 0.2595628499984741]",0.23781,domestic cattle,bos taurus,0.660122,order,flag
data/inaturalist/images/pronghorn/inat_pronghorn_01455.jpg,inaturalist,,pronghorn,5,"[0.10500000044703484, 0.6280000135302544, 0.12600000202655792, 0.18400000035762787]",0.486572,mule deer,odocoileus hemionus,0.782362,order,flag
data/inaturalist/images/pronghorn/inat_pronghorn_01547.jpg,inaturalist,,pronghorn,1,"[0.5370000004768372, 0.6396396085619926, 0.10199999809265137, 0.18018017709255219]",0.256836,white-tailed deer,odocoileus virginianus,0.671487,order,flag
data/inaturalist/images/pronghorn/inat_pronghorn_01648.jpg,inaturalist,,pronghorn,2,"[0.59879519790411, 0.697999969124794, 0.16144578158855438, 0.36399999260902405]",0.425293,white-tailed deer,odocoileus virginianus,0.922062,order,flag
data/inaturalist/images/puma/inat_puma_01202.jpg,inaturalist,,puma,1,"[0.4130000025033951, 0.47333332896232605, 0.33799999952316284, 0.23199999332427979]",0.492442,white-tailed deer,odocoileus virginianus,0.973117,class,flag
data/inaturalist/images/puma/inat_puma_01203.jpg,inaturalist,,puma,2,"[0.17599999904632568, 0.6680000126361847, 0.35199999809265137, 0.24266666173934937]",0.213811,human,homo sapiens,0.63367,class,flag
data/inaturalist/images/puma/inat_puma_01497.jpg,inaturalist,,puma,1,"[0.2679999861866236, 0.5746445655822754, 0.515999972820282, 0.6232227683067322]",0.253662,domestic dog,canis familiaris,0.176941,order,uncertain
data/inaturalist/images/puma/inat_puma_01774.jpg,inaturalist,,puma,2,"[0.12584269046783447, 0.553047388792038, 0.25168538093566895, 0.5823927521705627]",0.37378,red deer,cervus elaphus,0.235912,class,uncertain
data/inaturalist/images/quokka/inat_quokka_00014.jpg,inaturalist,,quokka,1,"[0.4050000011920929, 0.48266667127609253, 0.4020000100135803, 0.6773333549499512]",0.442871,woodchuck,marmota monax,0.554866,class,flag
data/inaturalist/images/quokka/inat_quokka_00054.jpg,inaturalist,,quokka,1,"[0.8759999722242355, 0.7057057023048401, 0.24799999594688416, 0.5765765905380249]",0.442411,lion,panthera leo,0.16576,class,uncertain
data/inaturalist/images/quokka/inat_quokka_00087.jpg,inaturalist,,quokka,1,"[0.7139999940991402, 0.3123123198747635, 0.19599999487400055, 0.342342346906662]",0.432406,domestic cat,felis catus,0.669713,class,flag
data/inaturalist/images/quokka/inat_quokka_00137.jpg,inaturalist,,quokka,1,"[0.31200000643730164, 0.6891891658306122, 0.14800000190734863, 0.29729729890823364]",0.432129,northern raccoon,procyon lotor,0.390153,class,flag
data/inaturalist/images/quokka/inat_quokka_00152.jpg,inaturalist,,quokka,1,"[0.15800000727176666, 0.10499999672174454, 0.3160000145435333, 0.20999999344348907]",0.378468,northern raccoon,procyon lotor,0.913012,class,flag
data/inaturalist/images/quokka/inat_quokka_00158.jpg,inaturalist,,quokka,2,"[0.7380000054836273, 0.705333337187767, 0.5, 0.4560000002384186]",0.348877,nutria,myocastor coypus,0.548418,class,flag
data/inaturalist/images/raccoon_dog/inat_raccoon_dog_00304.jpg,inaturalist,,raccoon_dog,2,"[0.278999999165535, 0.4987500011920929, 0.4259999990463257, 0.7475000023841858]",0.233521,african buffalo,syncerus caffer,0.104386,class,uncertain
data/inaturalist/images/rattus_genus/inat_rattus_genus_00271.jpg,inaturalist,,rattus_genus,1,"[0.6319999992847443, 0.521000012755394, 0.30933332443237305, 0.3580000102519989]",0.29834,northern raccoon,procyon lotor,0.114453,class,uncertain
data/inaturalist/images/rattus_genus/inat_rattus_genus_00329.jpg,inaturalist,,rattus_genus,1,"[0.41866666078567505, 0.5779999941587448, 0.3413333296775818, 0.30799999833106995]",0.221069,black agouti,dasyprocta fuliginosa,0.151806,order,uncertain
data/inaturalist/images/rattus_genus/inat_rattus_genus_00645.jpg,inaturalist,,rattus_genus,1,"[0.35999999940395355, 0.5789999961853027, 0.4426666796207428, 0.6420000195503235]",0.42334,rodent,,0.328755,order,flag
data/inaturalist/images/rattus_genus/inat_rattus_genus_00700.jpg,inaturalist,,rattus_genus,1,"[0.5438066571950912, 0.3139999955892563, 0.42296072840690613, 0.30799999833106995]",0.306641,northern raccoon,procyon lotor,0.94014,class,flag
data/inaturalist/images/rattus_genus/inat_rattus_genus_00751.jpg,inaturalist,,rattus_genus,1,"[0.5920000001788139, 0.4202127680182457, 0.2160000056028366, 0.16489361226558685]",0.36317,muskrat,ondatra zibethicus,0.149893,order,uncertain
data/inaturalist/images/rattus_genus/inat_rattus_genus_00828.jpg,inaturalist,,rattus_genus,1,"[0.7259999811649323, 0.49000000953674316, 0.5479999780654907, 0.9800000190734863]",0.383358,domestic cattle,bos taurus,0.600654,class,flag
data/inaturalist/images/rattus_genus/inat_rattus_genus_00923.jpg,inaturalist,,rattus_genus,1,"[0.41333334147930145, 0.7419999986886978, 0.3253333270549774, 0.42800000309944153]",0.234985,sitatunga,tragelaphus spekii,0.168643,class,uncertain
data/inaturalist/images/rattus_genus/inat_rattus_genus_01171.jpg,inaturalist,,rattus_genus,1,"[0.47466668486595154, 0.3760000020265579, 0.4266666769981384, 0.3240000009536743]",0.46582,mammal,,0.11985,class,uncertain
data/inaturalist/images/rattus_genus/inat_rattus_genus_01297.jpg,inaturalist,,rattus_genus,1,"[0.47300001978874207, 0.47597599029541016, 0.3140000104904175, 0.3753753900527954]",0.364258,swamp rat,scapteromys tumidus,0.117218,order,uncertain
data/inaturalist/images/rattus_genus/inat_rattus_genus_01320.jpg,inaturalist,,rattus_genus,1,"[0.6059999912977219, 0.1666666716337204, 0.335999995470047, 0.3333333432674408]",0.288086,capybara,hydrochoerus hydrochaeris,0.136895,order,uncertain
data/inaturalist/images/rattus_genus/inat_rattus_genus_01479.jpg,inaturalist,,rattus_genus,1,"[0.6199999898672104, 0.6573333442211151, 0.36399999260902405, 0.34933334589004517]",0.230225,fisher,pekania pennanti,0.36172,class,flag
data/inaturalist/images/rattus_genus/inat_rattus_genus_01686.jpg,inaturalist,,rattus_genus,1,"[0.5830000042915344, 0.5255255401134491, 0.3700000047683716, 0.6546546816825867]",0.481445,swamp rat,scapteromys tumidus,0.39361,order,flag
data/inaturalist/images/rattus_genus/inat_rattus_genus_01715.jpg,inaturalist,,rattus_genus,1,"[0.5610000193119049, 0.4933333247900009, 0.28600001335144043, 0.4000000059604645]",0.388184,nutria,myocastor coypus,0.164111,order,uncertain
data/inaturalist/images/rattus_genus/inat_rattus_genus_01932.jpg,inaturalist,,rattus_genus,3,"[0.34200000017881393, 0.3999999910593033, 0.48399999737739563, 0.31466665863990784]",0.460938,swamp rat,scapteromys tumidus,0.217697,order,uncertain
data/inaturalist/images/rattus_genus/inat_rattus_genus_01932.jpg,inaturalist,,rattus_genus,4,"[0.4699999913573265, 0.2839999943971634, 0.2160000056028366, 0.08799999952316284]",0.262207,wild boar,sus scrofa,0.263455,class,uncertain
data/inaturalist/images/rattus_genus/inat_rattus_genus_02105.jpg,inaturalist,,rattus_genus,1,"[0.42799998819828033, 0.46536144614219666, 0.5479999780654907, 0.35843372344970703]",0.256836,virginia opossum,didelphis virginiana,0.867019,class,flag
data/inaturalist/images/rattus_genus/inat_rattus_genus_02183.jpg,inaturalist,,rattus_genus,1,"[0.5860000103712082, 0.533333346247673, 0.3160000145435333, 0.6240000128746033]",0.327148,rodent,,0.335747,order,flag
data/inaturalist/images/rattus_genus/inat_rattus_genus_02276.jpg,inaturalist,,rattus_genus,1,"[0.42266666144132614, 0.5080000013113022, 0.18400000035762787, 0.24799999594688416]",0.228404,domestic cat,felis catus,0.429546,class,flag
data/inaturalist/images/rattus_genus/inat_rattus_genus_02357.jpg,inaturalist,,rattus_genus,3,"[0.48499998450279236, 0.3768768683075905, 0.27799999713897705, 0.21921922266483307]",0.260371,central american agouti,dasyprocta punctata,0.134972,order,uncertain
data/inaturalist/images/rattus_genus/inat_rattus_genus_02413.jpg,inaturalist,,rattus_genus,2,"[0.46400000154972076, 0.4879880025982857, 0.19200000166893005, 0.2132132202386856]",0.201684,human,homo sapiens,0.560516,class,flag
data/inaturalist/images/rattus_genus/inat_rattus_genus_02470.jpg,inaturalist,,rattus_genus,1,"[0.31733333319425583, 0.5269999951124191, 0.40533334016799927, 0.621999979019165]",0.384521,virginia opossum,didelphis virginiana,0.203806,class,uncertain
data/inaturalist/images/rattus_genus/inat_rattus_genus_02486.jpg,inaturalist,,rattus_genus,1,"[0.3210000058170408, 0.5694863945245743, 0.6380000114440918, 0.3111782371997833]",0.407715,bobcat,lynx rufus,0.255923,class,uncertain
data/inaturalist/images/rattus_genus/inat_rattus_genus_02606.jpg,inaturalist,,rattus_genus,1,"[0.37700000405311584, 0.3799999952316284, 0.3580000102519989, 0.3813333213329315]",0.38208,mammal,,0.202492,class,uncertain
data/inaturalist/images/rattus_genus/inat_rattus_genus_02687.jpg,inaturalist,,rattus_genus,1,"[0.5869999825954437, 0.3440000116825104, 0.621999979019165, 0.4266666769981384]",0.483643,black agouti,dasyprocta fuliginosa,0.128906,order,uncertain
data/inaturalist/images/rattus_genus/inat_rattus_genus_02804.jpg,inaturalist,,rattus_genus,1,"[0.6780000030994415, 0.25466667115688324, 0.6399999856948853, 0.25866666436195374]",0.438232,human,homo sapiens,0.306136,class,flag
data/inaturalist/images/rattus_genus/inat_rattus_genus_02902.jpg,inaturalist,,rattus_genus,1,"[0.4530000016093254, 0.5030029863119125, 0.22599999606609344, 0.3633633553981781]",0.453857,eastern cottontail,sylvilagus floridanus,0.176901,class,uncertain
data/inaturalist/images/rattus_genus/inat_rattus_genus_03137.jpg,inaturalist,,rattus_genus,1,"[0.5599999874830246, 0.5230000019073486, 0.3253333270549774, 0.1940000057220459]",0.32251,mammal,,0.473291,class,flag
data/inaturalist/images/rattus_genus/inat_rattus_genus_03149.jpg,inaturalist,,rattus_genus,1,"[0.6550000011920929, 0.42370571196079254, 0.5099999904632568, 0.5749318599700928]",0.239263,rodent,,0.621686,order,flag
data/inaturalist/images/rattus_genus/inat_rattus_genus_03981.jpg,inaturalist,,rattus_genus,1,"[0.38646288216114044, 0.34800000488758087, 0.4410480260848999, 0.35600000619888306]",0.279541,rodent,,0.249065,order,uncertain
data/inaturalist/images/rattus_genus/inat_rattus_genus_04041.jpg,inaturalist,,rattus_genus,1,"[0.5090000033378601, 0.48803192377090454, 0.33399999141693115, 0.4069148898124695]",0.325281,gambian rat,cricetomys gambianus,0.341689,order,flag
data/inaturalist/images/rattus_genus/inat_rattus_genus_04268.jpg,inaturalist,,rattus_genus,1,"[0.5040000081062317, 0.4299999997019768, 0.25066667795181274, 0.7319999933242798]",0.435578,mule deer,odocoileus hemionus,0.35394,class,flag
data/inaturalist/images/rattus_genus/inat_rattus_genus_04277.jpg,inaturalist,,rattus_genus,1,"[0.5230000019073486, 0.335999995470047, 0.3659999966621399, 0.2933333218097687]",0.239746,mammal,,0.202364,class,uncertain
data/inaturalist/images/rattus_genus/inat_rattus_genus_04435.jpg,inaturalist,,rattus_genus,1,"[0.6150000169873238, 0.3959999978542328, 0.21400000154972076, 0.328000009059906]",0.218872,mammal,,0.350624,class,flag
data/inaturalist/images/rattus_genus/inat_rattus_genus_04548.jpg,inaturalist,,rattus_genus,1,"[0.4089999943971634, 0.3840000033378601, 0.33399999141693115, 0.3199999928474426]",0.203125,mammal,,0.095091,class,uncertain
data/inaturalist/images/rattus_genus/inat_rattus_genus_04709.jpg,inaturalist,,rattus_genus,1,"[0.35333333909511566, 0.5520000010728836, 0.31200000643730164, 0.3720000088214874]",0.283065,rodent,,0.514217,order,flag
data/inaturalist/images/rattus_genus/inat_rattus_genus_04712.jpg,inaturalist,,rattus_genus,1,"[0.35733333230018616, 0.5480000078678131, 0.30933332443237305, 0.37599998712539673]",0.239751,rodent,,0.510921,order,flag
data/inaturalist/images/rattus_genus/inat_rattus_genus_05032.jpg,inaturalist,,rattus_genus,1,"[0.48499998450279236, 0.5199999958276749, 0.5059999823570251, 0.4320000112056732]",0.412598,woodchuck,marmota monax,0.549004,order,flag
data/inaturalist/images/red_deer/inat_red_deer_00122.jpg,inaturalist,,red_deer,5,"[0.9040000289678574, 0.4466666579246521, 0.19200000166893005, 0.5093333125114441]",0.40625,domestic cattle,bos taurus,0.292627,order,uncertain
data/inaturalist/images/red_deer/inat_red_deer_00859.jpg,inaturalist,,red_deer,4,"[0.4729999899864197, 0.6306666508316994, 0.1899999976158142, 0.17866666615009308]",0.431396,puku,kobus vardonii,0.60151,order,flag
data/inaturalist/images/red_deer/inat_red_deer_01131.jpg,inaturalist,,red_deer,6,"[0.9349999949336052, 0.6586666703224182, 0.10999999940395355, 0.218666672706604]",0.496094,domestic cattle,bos taurus,0.600549,order,flag
data/inaturalist/images/red_deer/inat_red_deer_01131.jpg,inaturalist,,red_deer,8,"[0.5769999995827675, 0.6626666784286499, 0.12600000202655792, 0.29600000381469727]",0.212891,domestic cattle,bos taurus,0.264261,order,uncertain
data/inaturalist/images/red_fox/inat_red_fox_01665.jpg,inaturalist,,red_fox,1,"[0.4020000100135803, 0.4710920751094818, 0.11599999666213989, 0.1456102728843689]",0.434814,eastern fox squirrel,sciurus niger,0.558644,class,flag
data/inaturalist/images/red_fox/inat_red_fox_02906.jpg,inaturalist,,red_fox,1,"[0.46133333444595337, 0.778999999165535, 0.46933332085609436, 0.2619999945163727]",0.276682,human,homo sapiens,0.605256,class,flag
data/inaturalist/images/red_fox/inat_red_fox_03110.jpg,inaturalist,,red_fox,1,"[0.601000003516674, 0.4285714328289032, 0.16599999368190765, 0.1994609236717224]",0.366764,white-tailed deer,odocoileus virginianus,0.45754,class,flag
data/inaturalist/images/red_fox/inat_red_fox_03255.jpg,inaturalist,,red_fox,2,"[0.3660000115633011, 0.661602221429348, 0.5400000214576721, 0.2016574591398239]",0.300874,eastern fox squirrel,sciurus niger,0.321927,class,flag
data/inaturalist/images/red_fox/inat_red_fox_04056.jpg,inaturalist,,red_fox,1,"[0.4609999880194664, 0.5733333379030228, 0.22599999606609344, 0.30399999022483826]",0.446289,white-tailed deer,odocoileus virginianus,0.315684,class,flag
data/inaturalist/images/red_fox/inat_red_fox_04439.jpg,inaturalist,,red_fox,1,"[0.8149999976158142, 0.4571078419685364, 0.3700000047683716, 0.9142156839370728]",0.257568,domestic cattle,bos taurus,0.172222,class,uncertain
data/inaturalist/images/red_fox/inat_red_fox_04496.jpg,inaturalist,,red_fox,1,"[0.4270000085234642, 0.5585585683584213, 0.1379999965429306, 0.25825825333595276]",0.286377,domestic cattle,bos taurus,0.724075,class,flag
data/inaturalist/images/red_fox/inat_red_fox_04578.jpg,inaturalist,,red_fox,1,"[0.8190000057220459, 0.5864361524581909, 0.3619999885559082, 0.8271276354789734]",0.299805,mule deer,odocoileus hemionus,0.419085,class,flag
data/inaturalist/images/red_fox/inat_red_fox_04698.jpg,inaturalist,,red_fox,1,"[0.6160000115633011, 0.5690690577030182, 0.2840000092983246, 0.8198198080062866]",0.309082,red deer,cervus elaphus,0.231372,class,uncertain
data/inaturalist/images/red_fox/inat_red_fox_04836.jpg,inaturalist,,red_fox,1,"[0.32500000577419996, 0.48498497903347015, 0.6380000114440918, 0.5435435175895691]",0.421875,desert cottontail,sylvilagus audubonii,0.227968,class,uncertain
data/inaturalist/images/red_fox/inat_red_fox_04886.jpg,inaturalist,,red_fox,3,"[0.6509999819099903, 0.5586666688323021, 0.11400000005960464, 0.2160000056028366]",0.219971,white-tailed deer,odocoileus virginianus,0.479558,class,flag
data/inaturalist/images/red_fox/inat_red_fox_04933.jpg,inaturalist,,red_fox,1,"[0.32500000577419996, 0.48498497903347015, 0.6380000114440918, 0.5435435175895691]",0.421875,desert cottontail,sylvilagus audubonii,0.227968,class,uncertain
data/inaturalist/images/red_fox/inat_red_fox_05144.jpg,inaturalist,,red_fox,1,"[0.7230000160634518, 0.4000000059604645, 0.07800000160932541, 0.17599999904632568]",0.479492,eastern fox squirrel,sciurus niger,0.884867,class,flag
data/inaturalist/images/red_fox/inat_red_fox_05266.jpg,inaturalist,,red_fox,1,"[0.4560000002384186, 0.28378379344940186, 0.6439999938011169, 0.5675675868988037]",0.271729,desert cottontail,sylvilagus audubonii,0.307095,class,flag
data/inaturalist/images/red_fox/inat_red_fox_05343.jpg,inaturalist,,red_fox,1,"[0.3489999994635582, 0.5285285264253616, 0.16599999368190765, 0.462462455034256]",0.266602,red squirrel,tamiasciurus hudsonicus,0.33351,class,flag
data/inaturalist/images/red_fox/inat_red_fox_05767.jpg,inaturalist,,red_fox,1,"[0.4560000002384186, 0.28378379344940186, 0.6439999938011169, 0.5675675868988037]",0.271729,desert cottontail,sylvilagus audubonii,0.307095,class,flag
data/inaturalist/images/red_fox/inat_red_fox_05959.jpg,inaturalist,,red_fox,1,"[0.7250000089406967, 0.6906907111406326, 0.4339999854564667, 0.2702702581882477]",0.286865,spotted hyaena,crocuta crocuta,0.21313,order,uncertain
data/inaturalist/images/red_fox/inat_red_fox_05960.jpg,inaturalist,,red_fox,1,"[0.7020000070333481, 0.7522522509098053, 0.4880000054836273, 0.3033033013343811]",0.334473,spotted hyaena,crocuta crocuta,0.353057,order,flag
data/inaturalist/images/red_fox/inat_red_fox_05986.jpg,inaturalist,,red_fox,1,"[0.4560000002384186, 0.28378379344940186, 0.6439999938011169, 0.5675675868988037]",0.271729,desert cottontail,sylvilagus audubonii,0.307351,class,flag
data/inaturalist/images/red_fox/inat_red_fox_06401.jpg,inaturalist,,red_fox,1,"[0.5119999945163727, 0.5470000058412552, 0.4266666769981384, 0.17399999499320984]",0.215698,white-tailed deer,odocoileus virginianus,0.659402,class,flag
data/inaturalist/images/red_fox/inat_red_fox_06592.jpg,inaturalist,,red_fox,1,"[0.3149999976158142, 0.6936936676502228, 0.28999999165534973, 0.3123123049736023]",0.349854,domestic cat,felis catus,0.842673,order,flag
data/inaturalist/images/red_fox/inat_red_fox_06623.jpg,inaturalist,,red_fox,1,"[0.4729999899864197, 0.19369369000196457, 0.25, 0.23723722994327545]",0.45439,white-tailed deer,odocoileus virginianus,0.590687,class,flag
data/inaturalist/images/red_fox/inat_red_fox_06752.jpg,inaturalist,,red_fox,2,"[0.4129999950528145, 0.6081081181764603, 0.15399999916553497, 0.2612612545490265]",0.364258,wild boar,sus scrofa,0.595154,class,flag
data/inaturalist/images/red_fox/inat_red_fox_08060.jpg,inaturalist,,red_fox,1,"[0.5, 0.5, 1.0, 1.0]",0.286549,domestic cattle,bos taurus,0.322219,class,flag
data/inaturalist/images/red_fox/inat_red_fox_09316.jpg,inaturalist,,red_fox,1,"[0.3760000020265579, 0.7773333489894867, 0.47999998927116394, 0.4399999976158142]",0.345947,bobcat,lynx rufus,0.85627,order,flag
data/inaturalist/images/red_fox/inat_red_fox_09451.jpg,inaturalist,,red_fox,1,"[0.5149999968707561, 0.5040000081062317, 0.12200000137090683, 0.19733333587646484]",0.225098,european roe deer,capreolus capreolus,0.143651,class,uncertain
data/inaturalist/images/red_fox/inat_red_fox_09590.jpg,inaturalist,,red_fox,1,"[0.32999999821186066, 0.5876133069396019, 0.25999999046325684, 0.18429003655910492]",0.248657,golden mantled ground squirrel,callospermophilus lateralis,0.398276,class,flag
data/inaturalist/images/red_kangaroo/inat_red_kangaroo_00082.jpg,inaturalist,,red_kangaroo,1,"[0.5453333258628845, 0.7629999816417694, 0.36533331871032715, 0.2540000081062317]",0.471937,guenther's dik-dik,madoqua guentheri,0.406964,class,flag
data/inaturalist/images/red_kangaroo/inat_red_kangaroo_00082.jpg,inaturalist,,red_kangaroo,2,"[0.628000020980835, 0.5900000035762787, 0.7226666808128357, 0.3880000114440918]",0.430908,domestic cattle,bos taurus,0.639179,class,flag
data/inaturalist/images/red_kangaroo/inat_red_kangaroo_00281.jpg,inaturalist,,red_kangaroo,1,"[0.43000001460313797, 0.5239616632461548, 0.1120000034570694, 0.43450480699539185]",0.281738,vervet monkey,chlorocebus pygerythrus,0.204271,class,uncertain
data/inaturalist/images/red_panda/inat_red_panda_00017.jpg,inaturalist,,red_panda,1,"[0.46699999272823334, 0.5332326292991638, 0.34599998593330383, 0.6253776550292969]",0.32373,domestic cattle,bos taurus,0.945172,class,flag
data/inaturalist/images/red_squirrel/inat_red_squirrel_00387.jpg,inaturalist,,red_squirrel,1,"[0.7660000026226044, 0.1921921968460083, 0.3479999899864197, 0.3843843936920166]",0.33374,domestic cattle,bos taurus,0.925166,class,flag
data/inaturalist/images/red_squirrel/inat_red_squirrel_00541.jpg,inaturalist,,red_squirrel,1,"[0.3840000107884407, 0.5090090036392212, 0.1120000034570694, 0.20720720291137695]",0.307373,white-tailed deer,odocoileus virginianus,0.116578,class,uncertain
data/inaturalist/images/red_squirrel/inat_red_squirrel_02115.jpg,inaturalist,,red_squirrel,1,"[0.5509999841451645, 0.4879999905824661, 0.32199999690055847, 0.8373333215713501]",0.396973,european roe deer,capreolus capreolus,0.194273,class,uncertain
data/inaturalist/images/red_squirrel/inat_red_squirrel_04919.jpg,inaturalist,,red_squirrel,1,"[0.1469999998807907, 0.33375000953674316, 0.2939999997615814, 0.6675000190734863]",0.48519,ruddy mongoose,herpestes smithii,0.207847,class,uncertain
data/inaturalist/images/red_squirrel/inat_red_squirrel_05056.jpg,inaturalist,,red_squirrel,1,"[0.5226666629314423, 0.4390000104904175, 0.3199999928474426, 0.3700000047683716]",0.279297,domestic cattle,bos taurus,0.353726,class,flag
data/inaturalist/images/red_squirrel/inat_red_squirrel_05699.jpg,inaturalist,,red_squirrel,1,"[0.49297753535211086, 0.323999997228384, 0.9410112500190735, 0.5839999914169312]",0.323975,domestic cattle,bos taurus,0.23885,class,uncertain
data/inaturalist/images/red_squirrel/inat_red_squirrel_06032.jpg,inaturalist,,red_squirrel,1,"[0.26600000262260437, 0.4400000050663948, 0.3400000035762787, 0.1679999977350235]",0.289307,white-tailed deer,odocoileus virginianus,0.307915,class,flag
data/inaturalist/images/red_squirrel/inat_red_squirrel_06983.jpg,inaturalist,,red_squirrel,1,"[0.5179999992251396, 0.43843844532966614, 0.12800000607967377, 0.3243243098258972]",0.223267,common long-tailed macaque,macaca fascicularis,0.116255,class,uncertain
data/inaturalist/images/red_squirrel/inat_red_squirrel_07173.jpg,inaturalist,,red_squirrel,1,"[0.5080000013113022, 0.3266666680574417, 0.13199999928474426, 0.2746666669845581]",0.213013,elk,cervus canadensis,0.124304,class,uncertain
data/inaturalist/images/red_squirrel/inat_red_squirrel_07507.jpg,inaturalist,,red_squirrel,1,"[0.34700000286102295, 0.7600000202655792, 0.39800000190734863, 0.47466665506362915]",0.241699,domestic cattle,bos taurus,0.934789,class,flag
data/inaturalist/images/reedbuck_genus/inat_reedbuck_genus_00015.jpg,inaturalist,,reedbuck_genus,1,"[0.42100001126527786, 0.5426666811108589, 0.18199999630451202, 0.20000000298023224]",0.466553,mule deer,odocoileus hemionus,0.693645,order,flag
data/inaturalist/images/reedbuck_genus/inat_reedbuck_genus_00363.jpg,inaturalist,,reedbuck_genus,1,"[0.4339999854564667, 0.37268517166376114, 0.35199999809265137, 0.2222222238779068]",0.420166,white-tailed deer,odocoileus virginianus,0.555004,order,flag
data/inaturalist/images/reedbuck_genus/inat_reedbuck_genus_00366.jpg,inaturalist,,reedbuck_genus,1,"[0.4339999854564667, 0.37268517166376114, 0.35199999809265137, 0.2222222238779068]",0.420166,white-tailed deer,odocoileus virginianus,0.555004,order,flag
data/inaturalist/images/reindeer/inat_reindeer_00216.jpg,inaturalist,,reindeer,2,"[0.46400000900030136, 0.33933933079242706, 0.15600000321865082, 0.13813814520835876]",0.249756,domestic cattle,bos taurus,0.670076,order,flag
data/inaturalist/images/reindeer/inat_reindeer_00252.jpg,inaturalist,,reindeer,1,"[0.4579999968409538, 0.5974441021680832, 0.23999999463558197, 0.4792332351207733]",0.253418,pronghorn,antilocapra americana,0.852799,order,flag
data/inaturalist/images/reindeer/inat_reindeer_00253.jpg,inaturalist,,reindeer,2,"[0.5239999853074551, 0.6038338840007782, 0.09200000017881393, 0.3386581540107727]",0.43335,pronghorn,antilocapra americana,0.808222,order,flag
data/inaturalist/images/reindeer/inat_reindeer_00256.jpg,inaturalist,,reindeer,1,"[0.4310000017285347, 0.5974440723657608, 0.2460000067949295, 0.4728434383869171]",0.31665,pronghorn,antilocapra americana,0.869499,order,flag
data/inaturalist/images/reindeer/inat_reindeer_00436.jpg,inaturalist,,reindeer,2,"[0.5599999912083149, 0.6876876689493656, 0.10000000149011612, 0.10810811072587967]",0.259766,pronghorn,antilocapra americana,0.787824,order,flag
data/inaturalist/images/reindeer/inat_reindeer_00585.jpg,inaturalist,,reindeer,1,"[0.7627627402544022, 0.6060000061988831, 0.46846845746040344, 0.6240000128746033]",0.255371,domestic cattle,bos taurus,0.369783,order,flag
data/inaturalist/images/reindeer/inat_reindeer_00613.jpg,inaturalist,,reindeer,2,"[0.3930000029504299, 0.4769392069429159, 0.722000002861023, 0.9119496941566467]",0.48291,bighorn sheep,ovis canadensis,0.808103,order,flag
data/inaturalist/images/reindeer/inat_reindeer_00838.jpg,inaturalist,,reindeer,1,"[0.30799999833106995, 0.5925266891717911, 0.3479999899864197, 0.8007117509841919]",0.250244,domestic goat,capra aegagrus hircus,0.467697,order,flag
data/inaturalist/images/reindeer/inat_reindeer_01075.jpg,inaturalist,,reindeer,1,"[0.20000000298023224, 0.48900000751018524, 0.4000000059604645, 0.550000011920929]",0.489019,domestic cattle,bos taurus,0.300755,order,flag
data/inaturalist/images/reindeer/inat_reindeer_01217.jpg,inaturalist,,reindeer,1,"[0.4974999874830246, 0.4850000124424696, 0.8399999737739563, 0.9100000262260437]",0.276367,common eland,tragelaphus oryx,0.717607,order,flag
data/inaturalist/images/reindeer/inat_reindeer_01229.jpg,inaturalist,,reindeer,1,"[0.3589999934192747, 0.6441441476345062, 0.7139999866485596, 0.4234234094619751]",0.335938,domestic cattle,bos taurus,0.237464,order,uncertain
data/inaturalist/images/rhinoceros_family/inat_rhinoceros_family_00284.jpg,inaturalist,,rhinoceros_family,1,"[0.19499999284744263, 0.5835734903812408, 0.3019999861717224, 0.41786742210388184]",0.498535,domestic cattle,bos taurus,0.777451,no_match,flag
data/inaturalist/images/rhinoceros_family/inat_rhinoceros_family_00321.jpg,inaturalist,,rhinoceros_family,1,"[0.19099999964237213, 0.3123123198747635, 0.18199999630451202, 0.14414414763450623]",0.246704,white-tailed deer,odocoileus virginianus,0.244485,no_match,uncertain
data/inaturalist/images/rhinoceros_family/inat_rhinoceros_family_00717.jpg,inaturalist,,rhinoceros_family,1,"[0.26099999248981476, 0.636227548122406, 0.257999986410141, 0.559880256652832]",0.320312,asian elephant,elephas maximus,0.40551,no_match,flag
data/inaturalist/images/rhinoceros_family/inat_rhinoceros_family_01140.jpg,inaturalist,,rhinoceros_family,1,"[0.5099999904632568, 0.5613333508372307, 0.18000000715255737, 0.2266666740179062]",0.326416,african elephant,loxodonta africana,0.545089,no_match,flag
data/inaturalist/images/rhinoceros_family/inat_rhinoceros_family_01226.jpg,inaturalist,,rhinoceros_family,1,"[0.257999986410141, 0.42933332920074463, 0.515999972820282, 0.8586666584014893]",0.264893,asian elephant,elephas maximus,0.473123,no_match,flag
data/inaturalist/images/rhinoceros_family/inat_rhinoceros_family_01227.jpg,inaturalist,,rhinoceros_family,1,"[0.7579999715089798, 0.29866665601730347, 0.48399999737739563, 0.5973333120346069]",0.274036,domestic cattle,bos taurus,0.623925,no_match,flag
data/inaturalist/images/rhinoceros_family/inat_rhinoceros_family_01454.jpg,inaturalist,,rhinoceros_family,1,"[0.12933333218097687, 0.4610000103712082, 0.25866666436195374, 0.20600000023841858]",0.310059,wild boar,sus scrofa,0.330115,no_match,flag
data/inaturalist/images/rhinoceros_family/inat_rhinoceros_family_01463.jpg,inaturalist,,rhinoceros_family,1,"[0.7709999978542328, 0.21471472084522247, 0.4580000042915344, 0.42942944169044495]",0.416016,common wildebeest,connochaetes taurinus,0.949539,no_match,flag
data/inaturalist/images/rhinoceros_family/inat_rhinoceros_family_01464.jpg,inaturalist,,rhinoceros_family,1,"[0.738999992609024, 0.246246250346303, 0.5220000147819519, 0.4864864945411682]",0.474609,common wildebeest,connochaetes taurinus,0.675251,no_match,flag
data/inaturalist/images/rhinoceros_family/inat_rhinoceros_family_01539.jpg,inaturalist,,rhinoceros_family,1,"[0.4780000001192093, 0.5706666707992554, 0.6159999966621399, 0.5120000243186951]",0.429199,hippopotamus,hippopotamus amphibius,0.352919,no_match,flag
data/inaturalist/images/rhinoceros_family/inat_rhinoceros_family_01571.jpg,inaturalist,,rhinoceros_family,1,"[0.7447130084037781, 0.20200000703334808, 0.504531741142273, 0.40400001406669617]",0.493652,domestic cattle,bos taurus,0.653134,no_match,flag
data/inaturalist/images/rhinoceros_family/inat_rhinoceros_family_01594.jpg,inaturalist,,rhinoceros_family,1,"[0.8680000007152557, 0.5, 0.2639999985694885, 1.0]",0.313685,domestic cattle,bos taurus,0.321782,no_match,flag
data/inaturalist/images/rhinoceros_family/inat_rhinoceros_family_01600.jpg,inaturalist,,rhinoceros_family,1,"[0.19799999496899545, 0.6973293423652649, 0.3919999897480011, 0.27893173694610596]",0.390137,african elephant,loxodonta africana,0.881347,no_match,flag
data/inaturalist/images/rhinoceros_family/inat_rhinoceros_family_01711.jpg,inaturalist,,rhinoceros_family,1,"[0.278999999165535, 0.5068493187427521, 0.33799999952316284, 0.5890411138534546]",0.357422,hippopotamus,hippopotamus amphibius,0.437818,no_match,flag
data/inaturalist/images/rhinoceros_family/inat_rhinoceros_family_01720.jpg,inaturalist,,rhinoceros_family,1,"[0.14300000667572021, 0.35840708017349243, 0.28600001335144043, 0.2979350984096527]",0.259268,domestic cattle,bos taurus,0.495419,no_match,flag
data/inaturalist/images/rhinoceros_family/inat_rhinoceros_family_01814.jpg,inaturalist,,rhinoceros_family,1,"[0.30299999564886093, 0.5589123964309692, 0.21400000154972076, 0.3806646466255188]",0.354248,african elephant,loxodonta africana,0.143401,no_match,uncertain
data/inaturalist/images/ring-tailed_lemur/inat_ring-tailed_lemur_00024.jpg,inaturalist,,ring-tailed_lemur,1,"[0.44600000977516174, 0.6756756603717804, 0.5440000295639038, 0.642642617225647]",0.445312,vervet monkey,chlorocebus pygerythrus,0.813326,order,flag
data/inaturalist/images/ring-tailed_lemur/inat_ring-tailed_lemur_00035.jpg,inaturalist,,ring-tailed_lemur,1,"[0.33799999952316284, 0.47599999606609344, 0.3319999873638153, 0.35466668009757996]",0.469727,domestic goat,capra aegagrus hircus,0.437852,class,flag
data/inaturalist/images/ring-tailed_lemur/inat_ring-tailed_lemur_00066.jpg,inaturalist,,ring-tailed_lemur,1,"[0.28999999165534973, 0.4960000063292682, 0.5799999833106995, 0.9866666793823242]",0.481934,vervet monkey,chlorocebus pygerythrus,0.642382,order,flag
data/inaturalist/images/ring-tailed_lemur/inat_ring-tailed_lemur_00066.jpg,inaturalist,,ring-tailed_lemur,2,"[0.1469999998807907, 0.745333343744278, 0.2939999997615814, 0.4933333396911621]",0.216569,mule deer,odocoileus hemionus,0.206686,class,uncertain
data/inaturalist/images/ring-tailed_lemur/inat_ring-tailed_lemur_00068.jpg,inaturalist,,ring-tailed_lemur,1,"[0.22500000498257577, 0.5466666594147682, 0.44600000977516174, 0.8586666584014893]",0.305515,vervet monkey,chlorocebus pygerythrus,0.310151,order,flag
data/inaturalist/images/ring-tailed_lemur/inat_ring-tailed_lemur_00068.jpg,inaturalist,,ring-tailed_lemur,2,"[0.5190000087022781, 0.5026666652411222, 0.5580000281333923, 0.9786666631698608]",0.200464,vervet monkey,chlorocebus pygerythrus,0.753564,order,flag
data/inaturalist/images/ring-tailed_lemur/inat_ring-tailed_lemur_00097.jpg,inaturalist,,ring-tailed_lemur,2,"[0.528999999165535, 0.46666666865348816, 0.44200000166893005, 0.2613333463668823]",0.36084,south american coati,nasua nasua,0.539375,class,flag
data/inaturalist/images/ring-tailed_lemur/inat_ring-tailed_lemur_00097.jpg,inaturalist,,ring-tailed_lemur,3,"[0.7549999803304672, 0.2720000147819519, 0.23800000548362732, 0.5440000295639038]",0.269775,south american coati,nasua nasua,0.890293,class,flag
data/inaturalist/images/ring-tailed_lemur/inat_ring-tailed_lemur_00097.jpg,inaturalist,,ring-tailed_lemur,4,"[0.46000000834465027, 0.6706666946411133, 0.5440000295639038, 0.6320000290870667]",0.213745,vervet monkey,chlorocebus pygerythrus,0.635363,order,flag
data/inaturalist/images/ring-tailed_lemur/inat_ring-tailed_lemur_00132.jpg,inaturalist,,ring-tailed_lemur,1,"[0.5269999876618385, 0.3451957330107689, 0.24199999868869781, 0.5124555230140686]",0.4021,eastern gray squirrel,sciurus carolinensis,0.778696,class,flag
data/inaturalist/images/ring-tailed_lemur/inat_ring-tailed_lemur_00143.jpg,inaturalist,,ring-tailed_lemur,2,"[0.29999999329447746, 0.5302491039037704, 0.11999999731779099, 0.3629893362522125]",0.473633,domestic cat,felis catus,0.086428,class,uncertain
data/inaturalist/images/ring-tailed_lemur/inat_ring-tailed_lemur_00147.jpg,inaturalist,,ring-tailed_lemur,1,"[0.21400000154972076, 0.6666666865348816, 0.42800000309944153, 0.6546546816825867]",0.355713,blue sheep,pseudois nayaur,0.86812,class,flag
data/inaturalist/images/ring-tailed_lemur/inat_ring-tailed_lemur_00150.jpg,inaturalist,,ring-tailed_lemur,1,"[0.5629999935626984, 0.41741740703582764, 0.3700000047683716, 0.462462455034256]",0.257324,vervet monkey,chlorocebus pygerythrus,0.226849,order,uncertain
data/inaturalist/images/ring-tailed_lemur/inat_ring-tailed_lemur_00188.jpg,inaturalist,,ring-tailed_lemur,1,"[0.4739999920129776, 0.605855867266655, 0.42399999499320984, 0.3378378450870514]",0.222304,vervet monkey,chlorocebus pygerythrus,0.741218,order,flag
data/inaturalist/images/ring-tailed_lemur/inat_ring-tailed_lemur_00240.jpg,inaturalist,,ring-tailed_lemur,1,"[0.6639999896287918, 0.48542601615190506, 0.18799999356269836, 0.2130044847726822]",0.443848,common long-tailed macaque,macaca fascicularis,0.176939,order,uncertain
data/inaturalist/images/ring-tailed_lemur/inat_ring-tailed_lemur_00260.jpg,inaturalist,,ring-tailed_lemur,1,"[0.42000001668930054, 0.2853333353996277, 0.2720000147819519, 0.41066667437553406]",0.228516,domestic cat,felis catus,0.615481,class,flag
data/inaturalist/images/ring-tailed_lemur/inat_ring-tailed_lemur_00295.jpg,inaturalist,,ring-tailed_lemur,1,"[0.6822289228439331, 0.4829999953508377, 0.6295180916786194, 0.5059999823570251]",0.246828,wild goat,capra aegagrus,0.383919,class,flag
data/inaturalist/images/ring-tailed_lemur/inat_ring-tailed_lemur_00303.jpg,inaturalist,,ring-tailed_lemur,2,"[0.2329999953508377, 0.34789155423641205, 0.3499999940395355, 0.3102409541606903]",0.337402,mountain zebra,equus zebra,0.182109,class,uncertain
data/inaturalist/images/ring-tailed_lemur/inat_ring-tailed_lemur_00306.jpg,inaturalist,,ring-tailed_lemur,1,"[0.5240963846445084, 0.3279999941587448, 0.3012048304080963, 0.3319999873638153]",0.24292,capra species,capra,0.490969,class,flag
data/inaturalist/images/ring-tailed_lemur/inat_ring-tailed_lemur_00308.jpg,inaturalist,,ring-tailed_lemur,1,"[0.14900000393390656, 0.22740964591503143, 0.2980000078678131, 0.45481929183006287]",0.434082,wolverine,gulo gulo,0.142848,class,uncertain
data/inaturalist/images/ring-tailed_lemur/inat_ring-tailed_lemur_00319.jpg,inaturalist,,ring-tailed_lemur,1,"[0.5639999955892563, 0.6303030401468277, 0.3400000035762787, 0.4787878692150116]",0.47633,puma,puma concolor,0.420463,class,flag
data/inaturalist/images/ring-tailed_lemur/inat_ring-tailed_lemur_00323.jpg,inaturalist,,ring-tailed_lemur,2,"[0.45499999821186066, 0.5615615397691727, 0.3179999887943268, 0.4744744598865509]",0.366829,large indian civet,viverra zibetha,0.236964,class,uncertain
data/inaturalist/images/ringtail/inat_ringtail_00085.jpg,inaturalist,,ringtail,1,"[0.4466192051768303, 0.43800000846385956, 0.8505337834358215, 0.2199999988079071]",0.244873,greater hog badger,arctonyx collaris,0.280439,order,uncertain
data/inaturalist/images/ringtail/inat_ringtail_00275.jpg,inaturalist,,ringtail,1,"[0.44400000385940075, 0.5239726155996323, 0.8560000061988831, 0.6963470578193665]",0.431252,large indian civet,viverra zibetha,0.742045,order,flag
data/inaturalist/images/ringtail/inat_ringtail_00275.jpg,inaturalist,,ringtail,2,"[0.7719999849796295, 0.6426940560340881, 0.20800000429153442, 0.4497717022895813]",0.286969,large indian civet,viverra zibetha,0.362713,order,flag
data/inaturalist/images/ringtail/inat_ringtail_00603.jpg,inaturalist,,ringtail,1,"[0.6050000041723251, 0.3930000066757202, 0.23399999737739563, 0.38600000739097595]",0.20752,domestic cat,felis catus,0.657427,order,flag
data/inaturalist/images/ringtail/inat_ringtail_00638.jpg,inaturalist,,ringtail,1,"[0.4959999918937683, 0.4819999933242798, 0.9919999837875366, 0.9639999866485596]",0.496584,gaur,bos gaurus,0.132736,class,uncertain
data/inaturalist/images/roan_antelope/inat_roan_antelope_00043.jpg,inaturalist,,roan_antelope,1,"[0.22100000083446503, 0.6053333580493927, 0.21799999475479126, 0.5440000295639038]",0.476074,dromedary camel,camelus dromedarius,0.671488,order,flag
data/inaturalist/images/rock_hyrax/inat_rock_hyrax_00006.jpg,inaturalist,,rock_hyrax,1,"[0.1420000046491623, 0.624624639749527, 0.2840000092983246, 0.56456458568573]",0.428711,arizona black-tailed prairie dog,cynomys ludovicianus,0.853205,class,flag
data/inaturalist/images/rock_hyrax/inat_rock_hyrax_00728.jpg,inaturalist,,rock_hyrax,1,"[0.6289999932050705, 0.5780780762434006, 0.33000001311302185, 0.35735735297203064]",0.377197,white-tailed antelope squirrel,ammospermophilus leucurus,0.164758,class,uncertain
data/inaturalist/images/rock_hyrax/inat_rock_hyrax_00897.jpg,inaturalist,,rock_hyrax,1,"[0.12600000202655792, 0.14000000059604645, 0.25200000405311584, 0.2800000011920929]",0.206442,yellow-bellied marmot,marmota flaviventris,0.792914,class,flag
data/inaturalist/images/rock_hyrax/inat_rock_hyrax_00954.jpg,inaturalist,,rock_hyrax,3,"[0.5880000069737434, 0.5293159633874893, 0.14000000059604645, 0.27035829424858093]",0.321211,golden mantled ground squirrel,callospermophilus lateralis,0.410076,class,flag
data/inaturalist/images/rock_hyrax/inat_rock_hyrax_01091.jpg,inaturalist,,rock_hyrax,1,"[0.5030000088736415, 0.3678678572177887, 0.9940000176429749, 0.7357357144355774]",0.399414,spotted hyaena,crocuta crocuta,0.565719,class,flag
data/inaturalist/images/rock_hyrax/inat_rock_hyrax_01210.jpg,inaturalist,,rock_hyrax,1,"[0.7460000067949295, 0.48000000417232513, 0.4000000059604645, 0.4000000059604645]",0.259766,ruddy mongoose,herpestes smithii,0.097804,class,uncertain
data/inaturalist/images/sable_antelope/inat_sable_antelope_00070.jpg,inaturalist,,sable_antelope,7,"[0.5060000084340572, 0.36936938017606735, 0.11999999731779099, 0.18018017709255219]",0.27124,domestic horse,equus caballus,0.137647,class,uncertain
data/inaturalist/images/sable_antelope/inat_sable_antelope_00072.jpg,inaturalist,,sable_antelope,3,"[0.4229999929666519, 0.675675705075264, 0.17399999499320984, 0.24024024605751038]",0.473877,white-tailed deer,odocoileus virginianus,0.797859,order,flag
data/inaturalist/images/sable_antelope/inat_sable_antelope_00157.jpg,inaturalist,,sable_antelope,1,"[0.6280000060796738, 0.35131195932626724, 0.2840000092983246, 0.5393586158752441]",0.227417,red deer,cervus elaphus,0.345699,order,flag
data/inaturalist/images/sable_antelope/inat_sable_antelope_00256.jpg,inaturalist,,sable_antelope,4,"[0.47099999338388443, 0.5075075030326843, 0.18199999630451202, 0.20420420169830322]",0.487305,pronghorn,antilocapra americana,0.185843,order,uncertain
data/inaturalist/images/saguinus_species/inat_saguinus_species_00061.jpg,inaturalist,,saguinus_species,1,"[0.4519999921321869, 0.5550000071525574, 0.5306666493415833, 0.3619999885559082]",0.336914,eastern gray squirrel,sciurus carolinensis,0.531815,class,flag
data/inaturalist/images/saguinus_species/inat_saguinus_species_00063.jpg,inaturalist,,saguinus_species,1,"[0.3866666704416275, 0.26099999248981476, 0.20266667008399963, 0.33399999141693115]",0.251953,sika deer,cervus nippon,0.387871,class,flag
data/inaturalist/images/saguinus_species/inat_saguinus_species_00100.jpg,inaturalist,,saguinus_species,1,"[0.744000032544136, 0.4878854602575302, 0.3720000088214874, 0.2929515540599823]",0.435791,stump-tailed macaque,macaca arctoides,0.202495,order,uncertain
data/inaturalist/images/saguinus_species/inat_saguinus_species_00100.jpg,inaturalist,,saguinus_species,2,"[0.4440000057220459, 0.31057268381118774, 0.37599998712539673, 0.44052863121032715]",0.341797,chinese red pika,ochotona erythrotis,0.219419,class,uncertain
data/inaturalist/images/saguinus_species/inat_saguinus_species_00151.jpg,inaturalist,,saguinus_species,1,"[0.8523936420679092, 0.33399999141693115, 0.2952127754688263, 0.6679999828338623]",0.239687,domestic dog,canis familiaris,0.292935,class,uncertain
data/inaturalist/images/saguinus_species/inat_saguinus_species_00152.jpg,inaturalist,,saguinus_species,1,"[0.25930850952863693, 0.29600000381469727, 0.4069148898124695, 0.25200000405311584]",0.429199,southern pig-tailed macaque,macaca nemestrina,0.310184,order,flag
data/inaturalist/images/saguinus_species/inat_saguinus_species_00152.jpg,inaturalist,,saguinus_species,2,"[0.37234044075012207, 0.3670000024139881, 0.21808511018753052, 0.11400000005960464]",0.201172,common long-tailed macaque,macaca fascicularis,0.630839,order,flag
data/inaturalist/images/saguinus_species/inat_saguinus_species_00162.jpg,inaturalist,,saguinus_species,1,"[0.5932914316654205, 0.3830000013113022, 0.1802935004234314, 0.3499999940395355]",0.27002,vervet monkey,chlorocebus pygerythrus,0.319276,order,flag
data/inaturalist/images/saguinus_species/inat_saguinus_species_00192.jpg,inaturalist,,saguinus_species,1,"[0.505449578166008, 0.2809999883174896, 0.346049040555954, 0.27399998903274536]",0.213379,blue monkey,cercopithecus mitis,0.730018,order,flag
data/inaturalist/images/saguinus_species/inat_saguinus_species_00290.jpg,inaturalist,,saguinus_species,1,"[0.6530000045895576, 0.36416861414909363, 0.24199999868869781, 0.3067915737628937]",0.413574,domestic cat,felis catus,0.185325,class,uncertain
data/inaturalist/images/saguinus_species/inat_saguinus_species_00292.jpg,inaturalist,,saguinus_species,2,"[0.4789789691567421, 0.48100001364946365, 0.23723722994327545, 0.21400000154972076]",0.224365,yellow-bellied marmot,marmota flaviventris,0.434525,class,flag
data/inaturalist/images/saguinus_species/inat_saguinus_species_00338.jpg,inaturalist,,saguinus_species,1,"[0.5039999894797802, 0.41373802721500397, 0.1080000028014183, 0.2651757299900055]",0.448242,golden snub-nosed monkey,rhinopithecus roxellana,0.588624,order,flag
data/inaturalist/images/saguinus_species/inat_saguinus_species_00385.jpg,inaturalist,,saguinus_species,1,"[0.7299999892711639, 0.5419999957084656, 0.3479999899864197, 0.35199999809265137]",0.443115,golden mantled ground squirrel,callospermophilus lateralis,0.343172,class,flag
data/inaturalist/images/saguinus_species/inat_saguinus_species_00422.jpg,inaturalist,,saguinus_species,1,"[0.42899999022483826, 0.7022222280502319, 0.33399999141693115, 0.40888887643814087]",0.458984,black-and-gold howler monkey,alouatta caraya,0.43692,order,flag
data/inaturalist/images/saguinus_species/inat_saguinus_species_00462.jpg,inaturalist,,saguinus_species,2,"[0.6386666819453239, 0.4139999896287918, 0.2266666740179062, 0.2759999930858612]",0.246582,eastern gray squirrel,sciurus carolinensis,0.328231,class,flag
data/inaturalist/images/saguinus_species/inat_saguinus_species_00509.jpg,inaturalist,,saguinus_species,1,"[0.41741741448640823, 0.37400001287460327, 0.2222222238779068, 0.20399999618530273]",0.424805,common long-tailed macaque,macaca fascicularis,0.351079,order,flag
data/inaturalist/images/saguinus_species/inat_saguinus_species_00572.jpg,inaturalist,,saguinus_species,1,"[0.48999999463558197, 0.29411764442920685, 0.3319999873638153, 0.2729411721229553]",0.2854,vervet monkey,chlorocebus pygerythrus,0.410323,order,flag
data/inaturalist/images/saguinus_species/inat_saguinus_species_00586.jpg,inaturalist,,saguinus_species,1,"[0.38499998301267624, 0.27802690863609314, 0.5299999713897705, 0.5560538172721863]",0.20135,domestic goat,capra aegagrus hircus,0.113414,class,uncertain
data/inaturalist/images/saguinus_species/inat_saguinus_species_00596.jpg,inaturalist,,saguinus_species,1,"[0.6169999837875366, 0.6512455642223358, 0.33399999141693115, 0.5124555230140686]",0.400635,common long-tailed macaque,macaca fascicularis,0.239116,order,uncertain
data/inaturalist/images/saguinus_species/inat_saguinus_species_00596.jpg,inaturalist,,saguinus_species,2,"[0.6910000145435333, 0.7206405848264694, 0.1899999976158142, 0.38078293204307556]",0.355225,blue monkey,cercopithecus mitis,0.417028,order,flag
data/inaturalist/images/saguinus_species/inat_saguinus_species_00597.jpg,inaturalist,,saguinus_species,1,"[0.7370000034570694, 0.6352313160896301, 0.32600000500679016, 0.7295373678207397]",0.29248,blue monkey,cercopithecus mitis,0.784298,order,flag
data/inaturalist/images/saguinus_species/inat_saguinus_species_00617.jpg,inaturalist,,saguinus_species,1,"[0.38600000739097595, 0.39639638364315033, 0.23199999332427979, 0.522522509098053]",0.405518,purús red howler monkey,alouatta puruensis,0.625399,order,flag
data/inaturalist/images/saguinus_species/inat_saguinus_species_00761.jpg,inaturalist,,saguinus_species,1,"[0.536036029458046, 0.3140000030398369, 0.33933934569358826, 0.23999999463558197]",0.357178,blue monkey,cercopithecus mitis,0.209939,order,uncertain
data/inaturalist/images/saguinus_species/inat_saguinus_species_00798.jpg,inaturalist,,saguinus_species,2,"[0.5040000006556511, 0.4479999989271164, 0.8519999980926514, 0.47999998927116394]",0.484863,angolan colobus,colobus angolensis,0.153375,order,uncertain
data/inaturalist/images/saguinus_species/inat_saguinus_species_00838.jpg,inaturalist,,saguinus_species,3,"[0.6250000149011612, 0.19600000604987144, 0.26600000262260437, 0.328000009059906]",0.460449,vervet monkey,chlorocebus pygerythrus,0.281346,order,uncertain
data/inaturalist/images/saguinus_species/inat_saguinus_species_00853.jpg,inaturalist,,saguinus_species,1,"[0.27900001406669617, 0.30133333802223206, 0.5580000281333923, 0.6026666760444641]",0.259883,domestic goat,capra aegagrus hircus,0.246284,class,uncertain
data/inaturalist/images/saguinus_species/inat_saguinus_species_00888.jpg,inaturalist,,saguinus_species,1,"[0.4959999918937683, 0.26276276260614395, 0.20800000429153442, 0.33933934569358826]",0.350098,blue monkey,cercopithecus mitis,0.546946,order,flag
data/inaturalist/images/saguinus_species/inat_saguinus_species_00912.jpg,inaturalist,,saguinus_species,1,"[0.5787499845027924, 0.718999981880188, 0.5024999976158142, 0.5619999766349792]",0.39502,domestic cattle,bos taurus,0.193879,class,uncertain
data/inaturalist/images/saguinus_species/inat_saguinus_species_00964.jpg,inaturalist,,saguinus_species,1,"[0.5159999877214432, 0.36186186969280243, 0.19200000166893005, 0.3753753900527954]",0.362549,blue monkey,cercopithecus mitis,0.348368,order,flag
data/inaturalist/images/saguinus_species/inat_saguinus_species_01128.jpg,inaturalist,,saguinus_species,1,"[0.5189999938011169, 0.5159999877214432, 0.27399998903274536, 0.42399999499320984]",0.499512,southern pig-tailed macaque,macaca nemestrina,0.281189,order,uncertain
data/inaturalist/images/saguinus_species/inat_saguinus_species_01128.jpg,inaturalist,,saguinus_species,2,"[0.6480000019073486, 0.6519999802112579, 0.5320000052452087, 0.6959999799728394]",0.252441,blue monkey,cercopithecus mitis,0.352596,order,flag
data/inaturalist/images/saguinus_species/inat_saguinus_species_01136.jpg,inaturalist,,saguinus_species,1,"[0.5380281656980515, 0.2330000028014183, 0.304225355386734, 0.2540000081062317]",0.40918,eastern gray squirrel,sciurus carolinensis,0.188999,class,uncertain
data/inaturalist/images/saimiri_species/inat_saimiri_species_00066.jpg,inaturalist,,saimiri_species,2,"[0.721000000834465, 0.7059701457619667, 0.2939999997615814, 0.2238806039094925]",0.380127,coyote,canis latrans,0.826025,class,flag
data/inaturalist/images/saimiri_species/inat_saimiri_species_00066.jpg,inaturalist,,saimiri_species,4,"[0.569999985396862, 0.6805969998240471, 0.23999999463558197, 0.24477611482143402]",0.317871,eastern fox squirrel,sciurus niger,0.286075,class,uncertain
data/inaturalist/images/saimiri_species/inat_saimiri_species_00066.jpg,inaturalist,,saimiri_species,5,"[0.3489999882876873, 0.682089552283287, 0.621999979019165, 0.2537313401699066]",0.264146,coyote,canis latrans,0.323004,class,flag
data/inaturalist/images/saimiri_species/inat_saimiri_species_00068.jpg,inaturalist,,saimiri_species,1,"[0.7600000202655792, 0.7253731340169907, 0.328000009059906, 0.43582090735435486]",0.469009,red squirrel,tamiasciurus hudsonicus,0.268335,class,uncertain
data/inaturalist/images/saimiri_species/inat_saimiri_species_00068.jpg,inaturalist,,saimiri_species,2,"[0.3099999902769923, 0.6805970072746277, 0.6079999804496765, 0.22089552879333496]",0.212389,coyote,canis latrans,0.105746,class,uncertain
data/inaturalist/images/saimiri_species/inat_saimiri_species_00135.jpg,inaturalist,,saimiri_species,1,"[0.2880000025033951, 0.5773955881595612, 0.29600000381469727, 0.47174447774887085]",0.288818,red-shanked douc langur,pygathrix nemaeus,0.416089,order,flag
data/inaturalist/images/saimiri_species/inat_saimiri_species_00219.jpg,inaturalist,,saimiri_species,1,"[0.6660000085830688, 0.6632124334573746, 0.4959999918937683, 0.43523314595222473]",0.397561,eastern fox squirrel,sciurus niger,0.29767,class,uncertain
data/inaturalist/images/saimiri_species/inat_saimiri_species_00362.jpg,inaturalist,,saimiri_species,2,"[0.45799998939037323, 0.4010695219039917, 0.30799999833106995, 0.2192513346672058]",0.353037,eastern fox squirrel,sciurus niger,0.41555,class,flag
data/inaturalist/images/saimiri_species/inat_saimiri_species_00388.jpg,inaturalist,,saimiri_species,2,"[0.4309999942779541, 0.5214446932077408, 0.3019999861717224, 0.4063205420970917]",0.448267,southern pig-tailed macaque,macaca nemestrina,0.47455,order,flag
data/inaturalist/images/saimiri_species/inat_saimiri_species_00440.jpg,inaturalist,,saimiri_species,4,"[0.7119999825954437, 0.6073369681835175, 0.30000001192092896, 0.45923912525177]",0.330893,eastern gray squirrel,sciurus carolinensis,0.653863,class,flag
data/inaturalist/images/saimiri_species/inat_saimiri_species_00445.jpg,inaturalist,,saimiri_species,1,"[0.44999998807907104, 0.28057553619146347, 0.14399999380111694, 0.2158273309469223]",0.454878,human,homo sapiens,0.557517,order,flag
data/inaturalist/images/saimiri_species/inat_saimiri_species_00471.jpg,inaturalist,,saimiri_species,1,"[0.3049999922513962, 0.6088607609272003, 0.3019999861717224, 0.351898729801178]",0.440839,southern pig-tailed macaque,macaca nemestrina,0.525566,order,flag
data/inaturalist/images/saimiri_species/inat_saimiri_species_00501.jpg,inaturalist,,saimiri_species,1,"[0.786999985575676, 0.6361031532287598, 0.38600000739097595, 0.34957021474838257]",0.393669,eastern gray squirrel,sciurus carolinensis,0.78934,class,flag
data/inaturalist/images/saimiri_species/inat_saimiri_species_00508.jpg,inaturalist,,saimiri_species,1,"[0.15999999456107616, 0.5817694365978241, 0.2879999876022339, 0.4504021406173706]",0.466745,southern pig-tailed macaque,macaca nemestrina,0.441722,order,flag
data/inaturalist/images/saimiri_species/inat_saimiri_species_01080.jpg,inaturalist,,saimiri_species,1,"[0.5165165215730667, 0.4840000122785568, 0.2642642557621002, 0.25600001215934753]",0.293701,eastern fox squirrel,sciurus niger,0.368062,class,flag
data/inaturalist/images/saimiri_species/inat_saimiri_species_01188.jpg,inaturalist,,saimiri_species,1,"[0.6093333289027214, 0.35999999940395355, 0.18400000035762787, 0.25200000405311584]",0.417725,douglas's squirrel,tamiasciurus douglasii,0.710484,class,flag
data/inaturalist/images/saimiri_species/inat_saimiri_species_01243.jpg,inaturalist,,saimiri_species,1,"[0.39899999648332596, 0.7160000205039978, 0.15800000727176666, 0.5680000185966492]",0.329673,human,homo sapiens,0.320402,order,flag
data/inaturalist/images/saimiri_species/inat_saimiri_species_01247.jpg,inaturalist,,saimiri_species,1,"[0.4850000103469938, 0.3826666697859764, 0.9660000205039978, 0.6800000071525574]",0.396729,red-shanked douc langur,pygathrix nemaeus,0.645719,order,flag
data/inaturalist/images/saimiri_species/inat_saimiri_species_01247.jpg,inaturalist,,saimiri_species,2,"[0.6900000125169754, 0.5399999916553497, 0.13199999928474426, 0.30666667222976685]",0.286865,macaque species,macaca,0.358939,order,flag
data/inaturalist/images/saimiri_species/inat_saimiri_species_01247.jpg,inaturalist,,saimiri_species,3,"[0.747999981045723, 0.549333319067955, 0.2800000011920929, 0.3253333270549774]",0.239629,southern pig-tailed macaque,macaca nemestrina,0.845902,order,flag
data/inaturalist/images/saimiri_species/inat_saimiri_species_01251.jpg,inaturalist,,saimiri_species,2,"[0.3760000020265579, 0.6439999938011169, 0.335999995470047, 0.7066666483879089]",0.440674,human,homo sapiens,0.585508,order,flag
data/inaturalist/images/sambar/inat_sambar_00820.jpg,inaturalist,,sambar,3,"[0.284000001847744, 0.6126126423478127, 0.14000000059604645, 0.12012012302875519]",0.258789,domestic cattle,bos taurus,0.459452,order,flag
data/inaturalist/images/sea_otter/inat_sea_otter_00016.jpg,inaturalist,,sea_otter,3,"[0.30900000780820847, 0.36799999326467514, 0.1420000046491623, 0.12800000607967377]",0.240479,nutria,myocastor coypus,0.390157,no_match,flag
data/inaturalist/images/sea_otter/inat_sea_otter_00089.jpg,inaturalist,,sea_otter,1,"[0.2590000033378601, 0.4909909814596176, 0.3540000021457672, 0.3633633553981781]",0.391357,nutria,myocastor coypus,0.300649,no_match,flag
data/inaturalist/images/sea_otter/inat_sea_otter_00101.jpg,inaturalist,,sea_otter,1,"[0.6099999994039536, 0.4879999980330467, 0.48399999737739563, 0.23999999463558197]",0.393799,american beaver,castor canadensis,0.440797,no_match,flag
data/inaturalist/images/sea_otter/inat_sea_otter_00111.jpg,inaturalist,,sea_otter,1,"[0.7509999871253967, 0.35466668009757996, 0.3619999885559082, 0.2613333463668823]",0.482422,nutria,myocastor coypus,0.243095,no_match,uncertain
data/inaturalist/images/sea_otter/inat_sea_otter_00241.jpg,inaturalist,,sea_otter,1,"[0.8529999703168869, 0.5870870798826218, 0.2939999997615814, 0.4654654562473297]",0.218994,nutria,myocastor coypus,0.579503,no_match,flag
data/inaturalist/images/sea_otter/inat_sea_otter_00243.jpg,inaturalist,,sea_otter,1,"[0.45500001311302185, 0.4114114046096802, 0.3140000104904175, 0.21021020412445068]",0.256104,domestic cattle,bos taurus,0.366529,no_match,flag
data/inaturalist/images/sea_otter/inat_sea_otter_00261.jpg,inaturalist,,sea_otter,1,"[0.2939999958034605, 0.49249251186847687, 0.5839999914169312, 0.4264264404773712]",0.409424,north american river otter,lontra canadensis,0.197425,no_match,uncertain
data/inaturalist/images/sea_otter/inat_sea_otter_00272.jpg,inaturalist,,sea_otter,2,"[0.5789999961853027, 0.4416167587041855, 0.28600001335144043, 0.170658677816391]",0.260498,american beaver,castor canadensis,0.334523,no_match,flag
data/inaturalist/images/sea_otter/inat_sea_otter_00350.jpg,inaturalist,,sea_otter,3,"[0.6599999964237213, 0.5120120272040367, 0.47200000286102295, 0.171171173453331]",0.254639,nutria,myocastor coypus,0.28092,no_match,uncertain
data/inaturalist/images/sea_otter/inat_sea_otter_00352.jpg,inaturalist,,sea_otter,2,"[0.5240000039339066, 0.457957960665226, 0.7639999985694885, 0.231231227517128]",0.33252,domestic cattle,bos taurus,0.301651,no_match,flag
data/inaturalist/images/sea_otter/inat_sea_otter_00393.jpg,inaturalist,,sea_otter,1,"[0.4619999974966049, 0.490196093916893, 0.6759999990463257, 0.4257703125476837]",0.295654,north american river otter,lontra canadensis,0.42309,no_match,flag
data/inaturalist/images/sea_otter/inat_sea_otter_00411.jpg,inaturalist,,sea_otter,1,"[0.24899999797344208, 0.48498497158288956, 0.3179999887943268, 0.23723722994327545]",0.285109,nutria,myocastor coypus,0.44139,no_match,flag
data/inaturalist/images/sea_otter/inat_sea_otter_00413.jpg,inaturalist,,sea_otter,2,"[0.19300000369548798, 0.47297297418117523, 0.17000000178813934, 0.26726725697517395]",0.244998,north american river otter,lontra canadensis,0.335455,no_match,flag
data/inaturalist/images/sea_otter/inat_sea_otter_00426.jpg,inaturalist,,sea_otter,1,"[0.5190000087022781, 0.5105105116963387, 0.23800000548362732, 0.22822822630405426]",0.244998,nutria,myocastor coypus,0.495951,no_match,flag
data/inaturalist/images/sea_otter/inat_sea_otter_00485.jpg,inaturalist,,sea_otter,1,"[0.5450000017881393, 0.3840361535549164, 0.26600000262260437, 0.27409639954566956]",0.241821,north american river otter,lontra canadensis,0.182654,no_match,uncertain
data/inaturalist/images/sea_otter/inat_sea_otter_00486.jpg,inaturalist,,sea_otter,1,"[0.5169999971985817, 0.4367469847202301, 0.24199999868869781, 0.2650602459907532]",0.235474,north american river otter,lontra canadensis,0.298999,no_match,uncertain
data/inaturalist/images/sea_otter/inat_sea_otter_00503.jpg,inaturalist,,sea_otter,2,"[0.414000004529953, 0.33885541558265686, 0.828000009059906, 0.4909638464450836]",0.380673,north american river otter,lontra canadensis,0.200963,no_match,uncertain
data/inaturalist/images/sea_otter/inat_sea_otter_00534.jpg,inaturalist,,sea_otter,2,"[0.517999991774559, 0.4518072158098221, 0.3440000116825104, 0.28313252329826355]",0.47168,giant otter,pteronura brasiliensis,0.456167,no_match,flag
data/inaturalist/images/sea_otter/inat_sea_otter_00585.jpg,inaturalist,,sea_otter,1,"[0.7700000256299973, 0.2253333330154419, 0.46000000834465027, 0.21066667139530182]",0.476318,nutria,myocastor coypus,0.947227,no_match,flag
data/inaturalist/images/sea_otter/inat_sea_otter_00585.jpg,inaturalist,,sea_otter,2,"[0.1960000058170408, 0.23999999463558197, 0.3880000114440918, 0.17599999904632568]",0.276123,nutria,myocastor coypus,0.889558,no_match,flag
data/inaturalist/images/sea_otter/inat_sea_otter_00591.jpg,inaturalist,,sea_otter,2,"[0.4979999919887632, 0.6426426470279694, 0.9919999837875366, 0.6966966986656189]",0.349683,coyote,canis latrans,0.385558,no_match,flag
data/inaturalist/images/sea_otter/inat_sea_otter_00626.jpg,inaturalist,,sea_otter,3,"[0.6469999998807907, 0.3862275294959545, 0.17399999499320984, 0.11976047605276108]",0.329268,north american river otter,lontra canadensis,0.226478,no_match,uncertain
data/inaturalist/images/sea_otter/inat_sea_otter_00628.jpg,inaturalist,,sea_otter,1,"[0.33139535784721375, 0.448999997228384, 0.34302327036857605, 0.07800000160932541]",0.413128,nutria,myocastor coypus,0.51933,no_match,flag
data/inaturalist/images/sea_otter/inat_sea_otter_00707.jpg,inaturalist,,sea_otter,1,"[0.7519999891519547, 0.5240240395069122, 0.2800000011920929, 0.3753753900527954]",0.223999,north american river otter,lontra canadensis,0.339296,no_match,flag
data/inaturalist/images/sea_otter/inat_sea_otter_00741.jpg,inaturalist,,sea_otter,1,"[0.6760000213980675, 0.45945945382118225, 0.24400000274181366, 0.21021020412445068]",0.449463,nutria,myocastor coypus,0.278693,no_match,uncertain
data/inaturalist/images/sea_otter/inat_sea_otter_00762.jpg,inaturalist,,sea_otter,1,"[0.6579999923706055, 0.5915915966033936, 0.3799999952316284, 0.3003003001213074]",0.271973,nutria,myocastor coypus,0.27868,no_match,uncertain
data/inaturalist/images/sea_otter/inat_sea_otter_00768.jpg,inaturalist,,sea_otter,1,"[0.7160000056028366, 0.41291292011737823, 0.36800000071525574, 0.2612612545490265]",0.453857,nutria,myocastor coypus,0.734451,no_match,flag
data/inaturalist/images/sea_otter/inat_sea_otter_00775.jpg,inaturalist,,sea_otter,1,"[0.3293333197943866, 0.289000004529953, 0.653333306312561, 0.17399999499320984]",0.350098,nutria,myocastor coypus,0.227164,no_match,uncertain
data/inaturalist/images/sea_otter/inat_sea_otter_00850.jpg,inaturalist,,sea_otter,2,"[0.5259999930858612, 0.5765765681862831, 0.6959999799728394, 0.2222222238779068]",0.395752,nutria,myocastor coypus,0.189527,no_match,uncertain
data/inaturalist/images/sea_otter/inat_sea_otter_00857.jpg,inaturalist,,sea_otter,1,"[0.2679999992251396, 0.5390390455722809, 0.24400000274181366, 0.20720720291137695]",0.352783,nutria,myocastor coypus,0.490292,no_match,flag
data/inaturalist/images/sea_otter/inat_sea_otter_00862.jpg,inaturalist,,sea_otter,1,"[0.7099999785423279, 0.5135135054588318, 0.41600000858306885, 0.3843843936920166]",0.290283,nutria,myocastor coypus,0.542487,no_match,flag
data/inaturalist/images/sea_otter/inat_sea_otter_00865.jpg,inaturalist,,sea_otter,1,"[0.42100000381469727, 0.7867867797613144, 0.49799999594688416, 0.14414414763450623]",0.391846,nutria,myocastor coypus,0.593678,no_match,flag
data/inaturalist/images/sea_otter/inat_sea_otter_00872.jpg,inaturalist,,sea_otter,1,"[0.22300000488758087, 0.5255255401134491, 0.28600001335144043, 0.19819819927215576]",0.38501,nutria,myocastor coypus,0.685686,no_match,flag
data/inaturalist/images/sea_otter/inat_sea_otter_00874.jpg,inaturalist,,sea_otter,1,"[0.2770000100135803, 0.5045045018196106, 0.1940000057220459, 0.21021020412445068]",0.204712,nutria,myocastor coypus,0.430378,no_match,flag
data/inaturalist/images/sea_otter/inat_sea_otter_00877.jpg,inaturalist,,sea_otter,1,"[0.536999985575676, 0.43393392860889435, 0.2939999997615814, 0.3513513505458832]",0.472168,north american river otter,lontra canadensis,0.306151,no_match,flag
data/inaturalist/images/sea_otter/inat_sea_otter_00879.jpg,inaturalist,,sea_otter,1,"[0.6469999849796295, 0.3723723590373993, 0.2540000081062317, 0.21021020412445068]",0.240605,american beaver,castor canadensis,0.180299,no_match,uncertain
data/inaturalist/images/sea_otter/inat_sea_otter_00892.jpg,inaturalist,,sea_otter,1,"[0.29600000381469727, 0.6021021008491516, 0.3160000145435333, 0.3033033013343811]",0.252686,american beaver,castor canadensis,0.599293,no_match,flag
data/inaturalist/images/sea_otter/inat_sea_otter_00902.jpg,inaturalist,,sea_otter,1,"[0.7409999817609787, 0.486486479640007, 0.32199999690055847, 0.2642642557621002]",0.364258,nutria,myocastor coypus,0.360748,no_match,flag
data/inaturalist/images/sea_otter/inat_sea_otter_00928.jpg,inaturalist,,sea_otter,1,"[0.21200000494718552, 0.5090090036392212, 0.24400000274181366, 0.19519519805908203]",0.487067,nutria,myocastor coypus,0.509273,no_match,flag
data/inaturalist/images/sea_otter/inat_sea_otter_00993.jpg,inaturalist,,sea_otter,4,"[0.42500000447034836, 0.3003003001213074, 0.17000000178813934, 0.1621621549129486]",0.29459,nutria,myocastor coypus,0.549124,no_match,flag
data/inaturalist/images/sea_otter/inat_sea_otter_01023.jpg,inaturalist,,sea_otter,2,"[0.6600000262260437, 0.527607373893261, 0.14800000190734863, 0.17177914083003998]",0.264404,nutria,myocastor coypus,0.686137,no_match,flag
data/inaturalist/images/sea_otter/inat_sea_otter_01078.jpg,inaturalist,,sea_otter,1,"[0.34199999272823334, 0.35599999129772186, 0.18799999356269836, 0.13600000739097595]",0.419717,north american river otter,lontra canadensis,0.155579,no_match,uncertain
data/inaturalist/images/sea_otter/inat_sea_otter_01078.jpg,inaturalist,,sea_otter,2,"[0.653999999165535, 0.42666664719581604, 0.3160000145435333, 0.2879999876022339]",0.360596,north american river otter,lontra canadensis,0.839453,no_match,flag
data/inaturalist/images/sea_otter/inat_sea_otter_01078.jpg,inaturalist,,sea_otter,3,"[0.32199999690055847, 0.5359999984502792, 0.6439999938011169, 0.2240000069141388]",0.246948,north american river otter,lontra canadensis,0.601519,no_match,flag
data/inaturalist/images/sea_otter/inat_sea_otter_01078.jpg,inaturalist,,sea_otter,4,"[0.8389999866485596, 0.4386666715145111, 0.3059999942779541, 0.2853333353996277]",0.230957,north american river otter,lontra canadensis,0.609115,no_match,flag
data/inaturalist/images/sea_otter/inat_sea_otter_01091.jpg,inaturalist,,sea_otter,1,"[0.36100000888109207, 0.524024024605751, 0.18199999630451202, 0.14714714884757996]",0.227916,nutria,myocastor coypus,0.464585,no_match,flag
data/inaturalist/images/sea_otter/inat_sea_otter_01195.jpg,inaturalist,,sea_otter,1,"[0.40300001204013824, 0.47466666996479034, 0.4020000100135803, 0.35733333230018616]",0.346436,north american river otter,lontra canadensis,0.209964,no_match,uncertain
data/inaturalist/images/sea_otter/inat_sea_otter_01226.jpg,inaturalist,,sea_otter,1,"[0.710999995470047, 0.4834834635257721, 0.5099999904632568, 0.5465465188026428]",0.279053,nutria,myocastor coypus,0.456816,no_match,flag
data/inaturalist/images/sea_otter/inat_sea_otter_01228.jpg,inaturalist,,sea_otter,1,"[0.722000002861023, 0.33933934569358826, 0.2879999876022339, 0.402402400970459]",0.228516,american beaver,castor canadensis,0.588486,no_match,flag
data/inaturalist/images/sea_otter/inat_sea_otter_01237.jpg,inaturalist,,sea_otter,1,"[0.6589999794960022, 0.3258258327841759, 0.6779999732971191, 0.4834834933280945]",0.372314,nutria,myocastor coypus,0.865148,no_match,flag
data/inaturalist/images/sea_otter/inat_sea_otter_01237.jpg,inaturalist,,sea_otter,2,"[0.5320000052452087, 0.30480480194091797, 0.25999999046325684, 0.14714714884757996]",0.293558,nutria,myocastor coypus,0.39634,no_match,flag
data/inaturalist/images/sea_otter/inat_sea_otter_01243.jpg,inaturalist,,sea_otter,1,"[0.7799999862909317, 0.4579579532146454, 0.3160000145435333, 0.3753753900527954]",0.20166,domestic goat,capra aegagrus hircus,0.237262,no_match,uncertain
data/inaturalist/images/sea_otter/inat_sea_otter_01254.jpg,inaturalist,,sea_otter,1,"[0.2760000005364418, 0.5, 0.30799999833106995, 0.6756756901741028]",0.2323,american beaver,castor canadensis,0.926804,no_match,flag
data/inaturalist/images/sea_otter/inat_sea_otter_01273.jpg,inaturalist,,sea_otter,1,"[0.22100000083446503, 0.4924924895167351, 0.28200000524520874, 0.18018017709255219]",0.480469,north american river otter,lontra canadensis,0.175764,no_match,uncertain
data/inaturalist/images/sea_otter/inat_sea_otter_01283.jpg,inaturalist,,sea_otter,1,"[0.2110000029206276, 0.24774775095283985, 0.32600000500679016, 0.48948949575424194]",0.230591,lion,panthera leo,0.31314,no_match,flag
data/inaturalist/images/short-beaked_echidna/inat_short-beaked_echidna_00996.jpg,inaturalist,,short-beaked_echidna,1,"[0.5010000129695982, 0.617234468460083, 0.9980000257492065, 0.7414829730987549]",0.349091,domestic cattle,bos taurus,0.810998,class,flag
data/inaturalist/images/sika_deer/inat_sika_deer_00383.jpg,inaturalist,,sika_deer,3,"[0.9019999727606773, 0.4519519545137882, 0.15199999511241913, 0.11711711436510086]",0.204712,guenther's dik-dik,madoqua guentheri,0.516795,order,flag
data/inaturalist/images/sika_deer/inat_sika_deer_00394.jpg,inaturalist,,sika_deer,5,"[0.4320000112056732, 0.7700000256299973, 0.20399999618530273, 0.07199999690055847]",0.354004,blue sheep,pseudois nayaur,0.380372,order,flag
data/inaturalist/images/sika_deer/inat_sika_deer_00616.jpg,inaturalist,,sika_deer,1,"[0.7039999887347221, 0.42266666889190674, 0.21199999749660492, 0.4880000054836273]",0.223999,domestic cattle,bos taurus,0.263843,order,uncertain
data/inaturalist/images/sika_deer/inat_sika_deer_00719.jpg,inaturalist,,sika_deer,4,"[0.9230000153183937, 0.19866666151210666, 0.15399999916553497, 0.3919999897480011]",0.213501,guenther's dik-dik,madoqua guentheri,0.185913,order,uncertain
data/inaturalist/images/sika_deer/inat_sika_deer_00723.jpg,inaturalist,,sika_deer,3,"[0.4569999948143959, 0.5210210084915161, 0.24199999868869781, 0.2012012004852295]",0.446289,black-tailed jackrabbit,lepus californicus,0.243377,class,uncertain
data/inaturalist/images/sika_deer/inat_sika_deer_00767.jpg,inaturalist,,sika_deer,3,"[0.46699999272823334, 0.10133333504199982, 0.38199999928474426, 0.20266667008399963]",0.262207,thomson's gazelle,eudorcas thomsonii,0.210665,order,uncertain
data/inaturalist/images/sika_deer/inat_sika_deer_01102.jpg,inaturalist,,sika_deer,3,"[0.8019999712705612, 0.4050802141427994, 0.3959999978542328, 0.4839572310447693]",0.335938,domestic cattle,bos taurus,0.196658,order,uncertain
data/inaturalist/images/south_american_coati/inat_south_american_coati_00274.jpg,inaturalist,,south_american_coati,1,"[0.09399999678134918, 0.16816817224025726, 0.18799999356269836, 0.3363363444805145]",0.294189,red fox,vulpes vulpes,0.374508,order,flag
data/inaturalist/images/south_american_coati/inat_south_american_coati_00346.jpg,inaturalist,,south_american_coati,4,"[0.49299998581409454, 0.6306666731834412, 0.9419999718666077, 0.7120000123977661]",0.221069,coyote,canis latrans,0.349758,order,flag
data/inaturalist/images/south_american_coati/inat_south_american_coati_00453.jpg,inaturalist,,south_american_coati,2,"[0.08399999886751175, 0.2133333384990692, 0.1679999977350235, 0.25066667795181274]",0.355051,eastern gray squirrel,sciurus carolinensis,0.294801,class,uncertain
data/inaturalist/images/south_american_coati/inat_south_american_coati_00493.jpg,inaturalist,,south_american_coati,1,"[0.661999985575676, 0.264970064163208, 0.3319999873638153, 0.25449103116989136]",0.2854,collared peccary,pecari tajacu,0.454958,class,flag
data/inaturalist/images/spectacled_bear/inat_spectacled_bear_00197.jpg,inaturalist,,spectacled_bear,1,"[0.5039999922737479, 0.5190000049769878, 0.9919999837875366, 0.9620000123977661]",0.245605,domestic cattle,bos taurus,0.474738,class,flag
data/inaturalist/images/spotted_hyaena/inat_spotted_hyaena_00011.jpg,inaturalist,,spotted_hyaena,2,"[0.426999993622303, 0.5332446694374084, 0.18199999630451202, 0.43882977962493896]",0.411133,wild boar,sus scrofa,0.086163,class,uncertain
data/inaturalist/images/spotted_hyaena/inat_spotted_hyaena_00092.jpg,inaturalist,,spotted_hyaena,1,"[0.5069999881088734, 0.5669144839048386, 0.9739999771118164, 0.7695167064666748]",0.435334,cheetah,acinonyx jubatus,0.894825,order,flag
data/inaturalist/images/spotted_hyaena/inat_spotted_hyaena_00184.jpg,inaturalist,,spotted_hyaena,1,"[0.11299999803304672, 0.8693693429231644, 0.22599999606609344, 0.25525525212287903]",0.46582,california ground squirrel,otospermophilus beecheyi,0.43739,class,flag
data/inaturalist/images/spotted_hyaena/inat_spotted_hyaena_00184.jpg,inaturalist,,spotted_hyaena,2,"[0.660999983549118, 0.6651651561260223, 0.3019999861717224, 0.5915915966033936]",0.346436,vervet monkey,chlorocebus pygerythrus,0.259079,class,uncertain
data/inaturalist/images/spotted_hyaena/inat_spotted_hyaena_00194.jpg,inaturalist,,spotted_hyaena,2,"[0.3410000056028366, 0.57807806879282, 0.34200000762939453, 0.23723722994327545]",0.241333,american black bear,ursus americanus,0.639216,order,flag
data/inaturalist/images/spotted_hyaena/inat_spotted_hyaena_00258.jpg,inaturalist,,spotted_hyaena,3,"[0.8369999825954437, 0.3365079388022423, 0.1340000033378601, 0.18412698805332184]",0.293213,domestic cattle,bos taurus,0.677958,class,flag
data/inaturalist/images/spotted_hyaena/inat_spotted_hyaena_00270.jpg,inaturalist,,spotted_hyaena,1,"[0.470000009983778, 0.47597598284482956, 0.1080000028014183, 0.171171173453331]",0.243408,coyote,canis latrans,0.433753,order,flag
data/inaturalist/images/spotted_hyaena/inat_spotted_hyaena_00695.jpg,inaturalist,,spotted_hyaena,1,"[0.5110000148415565, 0.6036036014556885, 0.12600000202655792, 0.28828829526901245]",0.285156,domestic cattle,bos taurus,0.373484,class,flag
data/inaturalist/images/spotted_hyaena/inat_spotted_hyaena_00697.jpg,inaturalist,,spotted_hyaena,1,"[0.49799998849630356, 0.5540540665388107, 0.06800000369548798, 0.24924924969673157]",0.48291,eastern grey kangaroo,macropus giganteus,0.193505,class,uncertain
data/inaturalist/images/spotted_hyaena/inat_spotted_hyaena_01006.jpg,inaturalist,,spotted_hyaena,1,"[0.4320000037550926, 0.36133334785699844, 0.6240000128746033, 0.17866666615009308]",0.315918,bobcat,lynx rufus,0.46055,order,flag
data/inaturalist/images/springbok/inat_springbok_00022.jpg,inaturalist,,springbok,1,"[0.3370000049471855, 0.3399999961256981, 0.1860000044107437, 0.14133332669734955]",0.498292,white-tailed deer,odocoileus virginianus,0.756912,order,flag
data/inaturalist/images/springbok/inat_springbok_00316.jpg,inaturalist,,springbok,2,"[0.5819999724626541, 0.3548895940184593, 0.10400000214576721, 0.12933753430843353]",0.379883,pronghorn,antilocapra americana,0.393767,order,flag
data/inaturalist/images/springbok/inat_springbok_00329.jpg,inaturalist,,springbok,3,"[0.3110000044107437, 0.11260330863296986, 0.11800000071525574, 0.16322314739227295]",0.243167,white-tailed deer,odocoileus virginianus,0.378539,order,flag
data/inaturalist/images/springbok/inat_springbok_00419.jpg,inaturalist,,springbok,4,"[0.622999981045723, 0.46266667544841766, 0.15000000596046448, 0.4880000054836273]",0.275391,pronghorn,antilocapra americana,0.454912,order,flag
data/inaturalist/images/springbok/inat_springbok_00419.jpg,inaturalist,,springbok,6,"[0.1549999974668026, 0.5146666467189789, 0.20999999344348907, 0.5653333067893982]",0.235474,white-tailed deer,odocoileus virginianus,0.364226,order,flag
data/inaturalist/images/springbok/inat_springbok_00636.jpg,inaturalist,,springbok,3,"[0.1719999983906746, 0.4880000054836273, 0.11599999666213989, 0.14399999380111694]",0.406982,plains zebra,equus quagga,0.391491,class,flag
data/inaturalist/images/springbok/inat_springbok_00636.jpg,inaturalist,,springbok,5,"[0.7089999988675117, 0.5306666567921638, 0.09399999678134918, 0.1120000034570694]",0.287598,plains zebra,equus quagga,0.645528,class,flag
data/inaturalist/images/squirrel_family/inat_squirrel_family_00019.jpg,inaturalist,,squirrel_family,1,"[0.7099999785423279, 0.5501065999269485, 0.29600000381469727, 0.6908315420150757]",0.37207,guenther's dik-dik,madoqua guentheri,0.320052,no_match,flag
data/inaturalist/images/squirrel_family/inat_squirrel_family_01545.jpg,inaturalist,,squirrel_family,1,"[0.45374999940395355, 0.5119999796152115, 0.29249998927116394, 0.41999998688697815]",0.358154,rodent,,0.282991,no_match,uncertain
data/inaturalist/images/squirrel_family/inat_squirrel_family_01546.jpg,inaturalist,,squirrel_family,1,"[0.4903581142425537, 0.5, 0.26997244358062744, 0.3240000009536743]",0.251953,wild boar,sus scrofa,0.257939,no_match,uncertain
data/inaturalist/images/squirrel_family/inat_squirrel_family_01548.jpg,inaturalist,,squirrel_family,1,"[0.568000003695488, 0.48067010939121246, 0.2240000069141388, 0.5695876479148865]",0.316162,broad-striped vontsira,galidictis fasciata,0.279443,no_match,uncertain
data/inaturalist/images/squirrel_family/inat_squirrel_family_03170.jpg,inaturalist,,squirrel_family,1,"[0.5999999940395355, 0.5256756693124771, 0.328000009059906, 0.8081080913543701]",0.282227,white-tailed deer,odocoileus virginianus,0.543593,no_match,flag
data/inaturalist/images/squirrel_family/inat_squirrel_family_05494.jpg,inaturalist,,squirrel_family,1,"[0.23999999463558197, 0.3258258178830147, 0.25999999046325684, 0.23723722994327545]",0.347656,domestic sheep,ovis aries,0.354363,no_match,flag
data/inaturalist/images/squirrel_family/inat_squirrel_family_06029.jpg,inaturalist,,squirrel_family,1,"[0.6019999831914902, 0.5373333394527435, 0.19200000166893005, 0.4399999976158142]",0.385254,domestic cattle,bos taurus,0.403807,no_match,flag
data/inaturalist/images/squirrel_family/inat_squirrel_family_06114.jpg,inaturalist,,squirrel_family,1,"[0.4049999862909317, 0.5106666684150696, 0.6779999732971191, 0.3973333239555359]",0.253174,capybara,hydrochoerus hydrochaeris,0.286541,no_match,uncertain
data/inaturalist/images/squirrel_family/inat_squirrel_family_06409.jpg,inaturalist,,squirrel_family,1,"[0.47333334386348724, 0.9259999990463257, 0.5680000185966492, 0.14800000190734863]",0.45144,white-tailed deer,odocoileus virginianus,0.461251,no_match,flag
data/inaturalist/images/squirrel_family/inat_squirrel_family_07535.jpg,inaturalist,,squirrel_family,1,"[0.5129999965429306, 0.4909909814596176, 0.32199999690055847, 0.3453453481197357]",0.280518,rodent,,0.211312,no_match,uncertain
data/inaturalist/images/squirrel_family/inat_squirrel_family_07759.jpg,inaturalist,,squirrel_family,1,"[0.4310000166296959, 0.4924924857914448, 0.23000000417232513, 0.924924910068512]",0.483398,mule deer,odocoileus hemionus,0.275755,no_match,uncertain
data/inaturalist/images/squirrel_family/inat_squirrel_family_08274.jpg,inaturalist,,squirrel_family,1,"[0.33999999961815774, 0.5405027940869331, 0.6759999990463257, 0.9078212380409241]",0.267203,vervet monkey,chlorocebus pygerythrus,0.292994,no_match,uncertain
data/inaturalist/images/squirrel_family/inat_squirrel_family_08630.jpg,inaturalist,,squirrel_family,1,"[0.6069999858736992, 0.6266666799783707, 0.20200000703334808, 0.25600001215934753]",0.301783,red fox,vulpes vulpes,0.351654,no_match,flag
data/inaturalist/images/squirrel_family/inat_squirrel_family_08743.jpg,inaturalist,,squirrel_family,1,"[0.528999999165535, 0.46533332765102386, 0.32600000500679016, 0.2906666696071625]",0.237183,capybara,hydrochoerus hydrochaeris,0.056766,no_match,uncertain
data/inaturalist/images/squirrel_family/inat_squirrel_family_10326.jpg,inaturalist,,squirrel_family,1,"[0.7560000196099281, 0.26503340154886246, 0.20000000298023224, 0.320712685585022]",0.200562,white-tailed deer,odocoileus virginianus,0.1978,no_match,uncertain
data/inaturalist/images/squirrel_family/inat_squirrel_family_10454.jpg,inaturalist,,squirrel_family,1,"[0.4179999977350235, 0.5293333232402802, 0.41600000858306885, 0.41866666078567505]",0.278564,domestic cat,felis catus,0.744585,no_match,flag
data/inaturalist/images/squirrel_family/inat_squirrel_family_12030.jpg,inaturalist,,squirrel_family,1,"[0.4529999941587448, 0.4309309124946594, 0.3779999911785126, 0.3213213086128235]",0.225098,blue monkey,cercopithecus mitis,0.325366,no_match,flag
data/inaturalist/images/squirrel_family/inat_squirrel_family_12841.jpg,inaturalist,,squirrel_family,1,"[0.47599998861551285, 0.4144144132733345, 0.14000000059604645, 0.22822822630405426]",0.204468,domestic cattle,bos taurus,0.290796,no_match,uncertain
data/inaturalist/images/squirrel_family/inat_squirrel_family_13707.jpg,inaturalist,,squirrel_family,1,"[0.40081799030303955, 0.5710000097751617, 0.2781186103820801, 0.6660000085830688]",0.455811,domestic cattle,bos taurus,0.202997,no_match,uncertain
data/inaturalist/images/squirrel_family/inat_squirrel_family_14634.jpg,inaturalist,,squirrel_family,1,"[0.544000007212162, 0.4729729890823364, 0.2280000001192093, 0.27927929162979126]",0.346341,human,homo sapiens,0.827425,no_match,flag
data/inaturalist/images/squirrel_family/inat_squirrel_family_15703.jpg,inaturalist,,squirrel_family,1,"[0.4729999899864197, 0.4320000112056732, 0.25, 0.2613333463668823]",0.32959,domestic cattle,bos taurus,0.650942,no_match,flag
data/inaturalist/images/squirrel_family/inat_squirrel_family_16168.jpg,inaturalist,,squirrel_family,1,"[0.5050000101327896, 0.4986666589975357, 0.2619999945163727, 0.20266667008399963]",0.223022,rodent,,0.205079,no_match,uncertain
data/inaturalist/images/squirrel_family/inat_squirrel_family_17337.jpg,inaturalist,,squirrel_family,1,"[0.5370000153779984, 0.3840000033378601, 0.2980000078678131, 0.29600000381469727]",0.218628,red-shanked douc langur,pygathrix nemaeus,0.110798,no_match,uncertain
data/inaturalist/images/squirrel_family/inat_squirrel_family_18705.jpg,inaturalist,,squirrel_family,1,"[0.1889999955892563, 0.4740000069141388, 0.3779999911785126, 0.9480000138282776]",0.312103,small indian mongoose,urva auropunctata,0.147033,no_match,uncertain
data/inaturalist/images/squirrel_family/inat_squirrel_family_18735.jpg,inaturalist,,squirrel_family,2,"[0.6310000121593475, 0.6041666716337204, 0.6100000143051147, 0.28703704476356506]",0.496094,coyote,canis latrans,0.626073,no_match,flag
data/inaturalist/images/squirrel_family/inat_squirrel_family_19203.jpg,inaturalist,,squirrel_family,1,"[0.48300000629387796, 0.33468833565711975, 0.9620000123977661, 0.6693766713142395]",0.266097,small-toothed ferret badger,melogale moschata,0.16936,no_match,uncertain
data/inaturalist/images/squirrel_family/inat_squirrel_family_19688.jpg,inaturalist,,squirrel_family,1,"[0.5049999952316284, 0.5645645558834076, 0.25, 0.3963963985443115]",0.29834,central american agouti,dasyprocta punctata,0.567103,no_match,flag
data/inaturalist/images/squirrel_family/inat_squirrel_family_20425.jpg,inaturalist,,squirrel_family,1,"[0.3830000087618828, 0.7732732445001602, 0.22599999606609344, 0.44744744896888733]",0.246948,lion,panthera leo,0.267974,no_match,uncertain
data/inaturalist/images/squirrel_family/inat_squirrel_family_21514.jpg,inaturalist,,squirrel_family,2,"[0.09700000286102295, 0.47600001096725464, 0.1940000057220459, 0.5146666765213013]",0.228149,north american river otter,lontra canadensis,0.202538,no_match,uncertain
data/inaturalist/images/squirrel_family/inat_squirrel_family_21861.jpg,inaturalist,,squirrel_family,1,"[0.4840000122785568, 0.4529999941587448, 0.2800000011920929, 0.34599998593330383]",0.393311,fisher,pekania pennanti,0.707664,no_match,flag
data/inaturalist/images/squirrel_family/inat_squirrel_family_23155.jpg,inaturalist,,squirrel_family,1,"[0.6164658665657043, 0.18700000643730164, 0.24497991800308228, 0.23800000548362732]",0.202881,golden snub-nosed monkey,rhinopithecus roxellana,0.413835,no_match,flag
data/inaturalist/images/squirrel_family/inat_squirrel_family_23917.jpg,inaturalist,,squirrel_family,2,"[0.4189999923110008, 0.5820000022649765, 0.1979999989271164, 0.2840000092983246]",0.429932,wild goat,capra aegagrus,0.290115,no_match,uncertain
data/inaturalist/images/squirrel_family/inat_squirrel_family_24704.jpg,inaturalist,,squirrel_family,1,"[0.5130000114440918, 0.4346666783094406, 0.4259999990463257, 0.5440000295639038]",0.223755,blue monkey,cercopithecus mitis,0.320327,no_match,flag
data/inaturalist/images/squirrel_family/inat_squirrel_family_24998.jpg,inaturalist,,squirrel_family,1,"[0.3813333362340927, 0.32600000500679016, 0.3413333296775818, 0.30799999833106995]",0.248047,yellow-throated marten,martes flavigula,0.307404,no_match,flag
data/inaturalist/images/squirrel_family/inat_squirrel_family_25113.jpg,inaturalist,,squirrel_family,1,"[0.546999990940094, 0.27699999511241913, 0.27399998903274536, 0.3619999885559082]",0.331055,domestic cat,felis catus,0.191844,no_match,uncertain
data/inaturalist/images/squirrel_family/inat_squirrel_family_25308.jpg,inaturalist,,squirrel_family,1,"[0.41599999321624637, 0.6569999754428864, 0.8266666531562805, 0.6779999732971191]",0.401219,white-tailed deer,odocoileus virginianus,0.441108,no_match,flag
data/inaturalist/images/squirrel_family/inat_squirrel_family_28553.jpg,inaturalist,,squirrel_family,1,"[0.14000000059604645, 0.5199999958276749, 0.2800000011920929, 0.9449999928474426]",0.380359,domestic dog,canis familiaris,0.215886,no_match,uncertain
data/inaturalist/images/squirrel_family/inat_squirrel_family_28853.jpg,inaturalist,,squirrel_family,1,"[0.5020000040531158, 0.513513520359993, 0.2879999876022339, 0.24024024605751038]",0.259521,mule deer,odocoileus hemionus,0.176951,no_match,uncertain
data/inaturalist/images/squirrel_family/inat_squirrel_family_29591.jpg,inaturalist,,squirrel_family,1,"[0.4906666725873947, 0.3190000057220459, 0.42133334279060364, 0.28200000524520874]",0.218994,sitatunga,tragelaphus spekii,0.416262,no_match,flag
data/inaturalist/images/squirrel_family/inat_squirrel_family_29866.jpg,inaturalist,,squirrel_family,2,"[0.8089999705553055, 0.6321321129798889, 0.38199999928474426, 0.41741740703582764]",0.297852,domestic dog,canis familiaris,0.504413,no_match,flag
data/inaturalist/images/squirrel_family/inat_squirrel_family_29877.jpg,inaturalist,,squirrel_family,1,"[0.5460000187158585, 0.41066667437553406, 0.3440000116825104, 0.6773333549499512]",0.470703,american black bear,ursus americanus,0.594815,no_match,flag
data/inaturalist/images/squirrel_family/inat_squirrel_family_30307.jpg,inaturalist,,squirrel_family,1,"[0.42800000309944153, 0.3255814015865326, 0.3959999978542328, 0.27906978130340576]",0.446045,bobcat,lynx rufus,0.409855,no_match,flag
data/inaturalist/images/squirrel_family/inat_squirrel_family_30358.jpg,inaturalist,,squirrel_family,1,"[0.6120000183582306, 0.4946666802279651, 0.7760000228881836, 0.984000027179718]",0.204468,blue monkey,cercopithecus mitis,0.627641,no_match,flag
data/inaturalist/images/striped_skunk/inat_striped_skunk_00138.jpg,inaturalist,,striped_skunk,1,"[0.6339999884366989, 0.4324324280023575, 0.36399999260902405, 0.5345345139503479]",0.289795,wild boar,sus scrofa,0.569233,class,flag
data/inaturalist/images/striped_skunk/inat_striped_skunk_00558.jpg,inaturalist,,striped_skunk,1,"[0.414000004529953, 0.542042039334774, 0.6480000019073486, 0.9039039015769958]",0.414307,domestic cattle,bos taurus,0.453998,class,flag
data/inaturalist/images/striped_skunk/inat_striped_skunk_00786.jpg,inaturalist,,striped_skunk,1,"[0.2910000046249479, 0.2253333330154419, 0.578000009059906, 0.4506666660308838]",0.479004,american black bear,ursus americanus,0.457225,order,flag
data/inaturalist/images/striped_skunk/inat_striped_skunk_01856.jpg,inaturalist,,striped_skunk,1,"[0.6430000066757202, 0.5839999914169312, 0.37400001287460327, 0.2919999957084656]",0.226074,black agouti,dasyprocta fuliginosa,0.212199,class,uncertain
data/inaturalist/images/swamp_wallaby/inat_swamp_wallaby_00289.jpg,inaturalist,,swamp_wallaby,1,"[0.5640000179409981, 0.5409999936819077, 0.2213333398103714, 0.2619999945163727]",0.310059,eastern fox squirrel,sciurus niger,0.265336,class,uncertain
data/inaturalist/images/swamp_wallaby/inat_swamp_wallaby_00851.jpg,inaturalist,,swamp_wallaby,1,"[0.3090000113006681, 0.6146666556596756, 0.6140000224113464, 0.7706666588783264]",0.227173,woodchuck,marmota monax,0.431378,class,flag
data/inaturalist/images/swamp_wallaby/inat_swamp_wallaby_01034.jpg,inaturalist,,swamp_wallaby,1,"[0.17818574607372284, 0.4000000059604645, 0.3563714921474457, 0.14399999380111694]",0.467773,domestic cattle,bos taurus,0.444721,class,flag
data/inaturalist/images/thomson's_gazelle/inat_thomson's_gazelle_00172.jpg,inaturalist,,thomson's_gazelle,1,"[0.6880000084638596, 0.4524590075016022, 0.4000000059604645, 0.6098360419273376]",0.313232,cheetah,acinonyx jubatus,0.956055,class,flag
data/inaturalist/images/thomson's_gazelle/inat_thomson's_gazelle_00173.jpg,inaturalist,,thomson's_gazelle,1,"[0.7010000050067902, 0.48159510642290115, 0.3100000023841858, 0.7791411280632019]",0.370487,lion,panthera leo,0.432716,class,flag
data/inaturalist/images/tiger/inat_tiger_00154.jpg,inaturalist,,tiger,2,"[0.10999999940395355, 0.6981981918215752, 0.2199999988079071, 0.171171173453331]",0.447998,common wildebeest,connochaetes taurinus,0.149232,class,uncertain
data/inaturalist/images/vervet_monkey/inat_vervet_monkey_00268.jpg,inaturalist,,vervet_monkey,1,"[0.5119999945163727, 0.5386666655540466, 0.20399999618530273, 0.218666672706604]",0.339111,eastern gray squirrel,sciurus carolinensis,0.175579,class,uncertain
data/inaturalist/images/vervet_monkey/inat_vervet_monkey_00268.jpg,inaturalist,,vervet_monkey,2,"[0.42900000512599945, 0.5946666598320007, 0.3179999887943268, 0.3199999928474426]",0.325037,virginia opossum,didelphis virginiana,0.54548,class,flag
data/inaturalist/images/vervet_monkey/inat_vervet_monkey_00511.jpg,inaturalist,,vervet_monkey,1,"[0.3239999935030937, 0.4482029527425766, 0.2280000001192093, 0.4016913175582886]",0.450928,mule deer,odocoileus hemionus,0.34086,class,flag
data/inaturalist/images/vervet_monkey/inat_vervet_monkey_00512.jpg,inaturalist,,vervet_monkey,1,"[0.38599999248981476, 0.6226415187120438, 0.18799999356269836, 0.3396226465702057]",0.302002,mule deer,odocoileus hemionus,0.378825,class,flag
data/inaturalist/images/vervet_monkey/inat_vervet_monkey_00521.jpg,inaturalist,,vervet_monkey,1,"[0.5146666616201401, 0.5529999881982803, 0.2133333384990692, 0.17399999499320984]",0.4646,eastern gray squirrel,sciurus carolinensis,0.475989,class,flag
data/inaturalist/images/vervet_monkey/inat_vervet_monkey_00522.jpg,inaturalist,,vervet_monkey,1,"[0.5400000065565109, 0.5000000074505806, 0.24799999594688416, 0.20000000298023224]",0.484863,eastern gray squirrel,sciurus carolinensis,0.642375,class,flag
data/inaturalist/images/vervet_monkey/inat_vervet_monkey_00636.jpg,inaturalist,,vervet_monkey,1,"[0.5219999849796295, 0.5386666655540466, 0.11599999666213989, 0.2720000147819519]",0.485352,eastern gray squirrel,sciurus carolinensis,0.641207,class,flag
data/inaturalist/images/vervet_monkey/inat_vervet_monkey_00680.jpg,inaturalist,,vervet_monkey,2,"[0.5521472319960594, 0.7599999755620956, 0.8895705342292786, 0.47999998927116394]",0.208008,domestic cattle,bos taurus,0.542785,class,flag
data/inaturalist/images/vervet_monkey/inat_vervet_monkey_00907.jpg,inaturalist,,vervet_monkey,2,"[0.51299998909235, 0.49849848449230194, 0.15399999916553497, 0.15615615248680115]",0.375244,eastern gray squirrel,sciurus carolinensis,0.255097,class,uncertain
data/inaturalist/images/vervet_monkey/inat_vervet_monkey_01002.jpg,inaturalist,,vervet_monkey,2,"[0.502999983727932, 0.560060054063797, 0.1379999965429306, 0.29729729890823364]",0.201684,eastern gray squirrel,sciurus carolinensis,0.483461,class,flag
data/inaturalist/images/vervet_monkey/inat_vervet_monkey_01190.jpg,inaturalist,,vervet_monkey,2,"[0.32600000500679016, 0.8172484338283539, 0.20800000429153442, 0.13552361726760864]",0.246701,domestic cat,felis catus,0.283035,class,uncertain
data/inaturalist/images/vervet_monkey/inat_vervet_monkey_01311.jpg,inaturalist,,vervet_monkey,1,"[0.7300000190734863, 0.44610778614878654, 0.5400000214576721, 0.886227548122406]",0.446045,northern raccoon,procyon lotor,0.16964,class,uncertain
data/inaturalist/images/vervet_monkey/inat_vervet_monkey_01314.jpg,inaturalist,,vervet_monkey,1,"[0.7440000176429749, 0.284431129693985, 0.5120000243186951, 0.56886225938797]",0.458008,wild boar,sus scrofa,0.649108,class,flag
data/inaturalist/images/vervet_monkey/inat_vervet_monkey_01316.jpg,inaturalist,,vervet_monkey,2,"[0.47999999672174454, 0.6040000021457672, 0.7919999957084656, 0.5360000133514404]",0.203747,agile wallaby,macropus agilis,0.394519,class,flag
data/inaturalist/images/vervet_monkey/inat_vervet_monkey_01385.jpg,inaturalist,,vervet_monkey,1,"[0.5929999947547913, 0.30933333933353424, 0.28600001335144043, 0.3466666638851166]",0.309326,eastern gray squirrel,sciurus carolinensis,0.298396,class,uncertain
data/inaturalist/images/walrus/inat_walrus_00067.jpg,inaturalist,,walrus,1,"[0.13300000131130219, 0.5478723496198654, 0.26600000262260437, 0.783687949180603]",0.245366,common wildebeest,connochaetes taurinus,0.310715,no_match,flag
data/inaturalist/images/walrus/inat_walrus_00070.jpg,inaturalist,,walrus,1,"[0.13600000739097595, 0.40533334016799927, 0.2720000147819519, 0.29866665601730347]",0.265122,common warthog,phacochoerus africanus,0.449678,no_match,flag
data/inaturalist/images/walrus/inat_walrus_00139.jpg,inaturalist,,walrus,1,"[0.458000011742115, 0.6366366446018219, 0.7480000257492065, 0.6606606841087341]",0.484375,common wildebeest,connochaetes taurinus,0.32711,no_match,flag
data/inaturalist/images/walrus/inat_walrus_00140.jpg,inaturalist,,walrus,1,"[0.7709999978542328, 0.3813813775777817, 0.4580000042915344, 0.7147147059440613]",0.48121,african elephant,loxodonta africana,0.290302,no_match,uncertain
data/inaturalist/images/walrus/inat_walrus_00209.jpg,inaturalist,,walrus,3,"[0.46299999207258224, 0.4579579532146454, 0.17000000178813934, 0.2012012004852295]",0.418457,north american river otter,lontra canadensis,0.488992,no_match,flag
data/inaturalist/images/walrus/inat_walrus_00224.jpg,inaturalist,,walrus,2,"[0.4829999953508377, 0.4853333532810211, 0.3779999911785126, 0.4480000138282776]",0.317805,domestic cattle,bos taurus,0.289445,no_match,uncertain
data/inaturalist/images/walrus/inat_walrus_00225.jpg,inaturalist,,walrus,1,"[0.8210000246763229, 0.5173333287239075, 0.3580000102519989, 0.3946666717529297]",0.355539,african elephant,loxodonta africana,0.795466,no_match,flag
data/inaturalist/images/waterbuck/inat_waterbuck_00043.jpg,inaturalist,,waterbuck,1,"[0.9050000011920929, 0.47333332896232605, 0.1899999976158142, 0.3386666774749756]",0.420898,mule deer,odocoileus hemionus,0.356705,order,flag
data/inaturalist/images/waterbuck/inat_waterbuck_00274.jpg,inaturalist,,waterbuck,2,"[0.8479999750852585, 0.4624624699354172, 0.30399999022483826, 0.4324324429035187]",0.265137,honey badger,mellivora capensis,0.193714,class,uncertain
data/inaturalist/images/waterbuck/inat_waterbuck_00289.jpg,inaturalist,,waterbuck,4,"[0.17400000616908073, 0.5506666600704193, 0.2840000092983246, 0.46133333444595337]",0.291504,mule deer,odocoileus hemionus,0.254851,order,uncertain
data/inaturalist/images/waterbuck/inat_waterbuck_00297.jpg,inaturalist,,waterbuck,2,"[0.23499999940395355, 0.47066667675971985, 0.24199999868869781, 0.4399999976158142]",0.221558,wild boar,sus scrofa,0.423646,order,flag
data/inaturalist/images/waterbuck/inat_waterbuck_00358.jpg,inaturalist,,waterbuck,8,"[0.4266666769981384, 0.39100000262260437, 0.19733333587646484, 0.25]",0.228638,domestic dog,canis familiaris,0.360771,class,flag
data/inaturalist/images/waterbuck/inat_waterbuck_00442.jpg,inaturalist,,waterbuck,2,"[0.7520000040531158, 0.3843843787908554, 0.2720000147819519, 0.5105105042457581]",0.288086,lion,panthera leo,0.163764,class,uncertain
data/inaturalist/images/waterbuck/inat_waterbuck_00460.jpg,inaturalist,,waterbuck,3,"[0.44700000435113907, 0.4906666576862335, 0.15399999916553497, 0.15466666221618652]",0.470947,white-tailed deer,odocoileus virginianus,0.504671,order,flag
data/inaturalist/images/waterbuck/inat_waterbuck_00460.jpg,inaturalist,,waterbuck,4,"[0.2629999965429306, 0.48399998992681503, 0.09000000357627869, 0.1733333319425583]",0.258545,domestic horse,equus caballus,0.471812,class,flag
data/inaturalist/images/waterbuck/inat_waterbuck_00537.jpg,inaturalist,,waterbuck,1,"[0.18400000035762787, 0.469788521528244, 0.14000000059604645, 0.48036253452301025]",0.3396,white-tailed deer,odocoileus virginianus,0.68144,order,flag
data/inaturalist/images/waterbuck/inat_waterbuck_00863.jpg,inaturalist,,waterbuck,2,"[0.4959999993443489, 0.5040871798992157, 0.1679999977350235, 0.6430517435073853]",0.240112,white-tailed deer,odocoileus virginianus,0.939989,order,flag
data/inaturalist/images/waterbuck/inat_waterbuck_00917.jpg,inaturalist,,waterbuck,1,"[0.7909999787807465, 0.8266666680574417, 0.3019999861717224, 0.335999995470047]",0.448267,white-tailed deer,odocoileus virginianus,0.479755,order,flag
data/inaturalist/images/waterbuck/inat_waterbuck_01053.jpg,inaturalist,,waterbuck,3,"[0.09700000286102295, 0.5270270183682442, 0.1940000057220459, 0.21921922266483307]",0.284668,white-tailed deer,odocoileus virginianus,0.409148,order,flag
data/inaturalist/images/waterbuck/inat_waterbuck_01093.jpg,inaturalist,,waterbuck,1,"[0.05585106462240219, 0.482000008225441, 0.11170212924480438, 0.2840000092983246]",0.289307,white-tailed deer,odocoileus virginianus,0.813973,order,flag
data/inaturalist/images/waterbuck/inat_waterbuck_01119.jpg,inaturalist,,waterbuck,6,"[0.4649999886751175, 0.46800000220537186, 0.09000000357627869, 0.15733332931995392]",0.381104,common warthog,phacochoerus africanus,0.57556,order,flag
data/inaturalist/images/waterbuck/inat_waterbuck_01169.jpg,inaturalist,,waterbuck,1,"[0.34800000488758087, 0.27565982192754745, 0.164000004529953, 0.22873900830745697]",0.293314,white-tailed deer,odocoileus virginianus,0.355135,order,flag
data/inaturalist/images/waterbuck/inat_waterbuck_01186.jpg,inaturalist,,waterbuck,2,"[0.5700000151991844, 0.36266668140888214, 0.2160000056028366, 0.18133333325386047]",0.379883,white-tailed deer,odocoileus virginianus,0.549811,order,flag
data/inaturalist/images/weasel_species/inat_weasel_species_00206.jpg,inaturalist,,weasel_species,1,"[0.4609999880194664, 0.40867580473423004, 0.1379999965429306, 0.31963470578193665]",0.239746,domestic sheep,ovis aries,0.328816,class,flag
data/inaturalist/images/weasel_species/inat_weasel_species_00675.jpg,inaturalist,,weasel_species,1,"[0.48133333027362823, 0.5400000214576721, 0.6586666703224182, 0.4480000138282776]",0.324231,woodchuck,marmota monax,0.466792,class,flag
data/inaturalist/images/western_gray_squirrel/inat_western_gray_squirrel_01946.jpg,inaturalist,,western_gray_squirrel,1,"[0.43299999833106995, 0.23753665387630463, 0.39399999380111694, 0.2170087993144989]",0.428223,vervet monkey,chlorocebus pygerythrus,0.06652,class,uncertain
data/inaturalist/images/white-nosed_coati/inat_white-nosed_coati_00049.jpg,inaturalist,,white-nosed_coati,1,"[0.7390000224113464, 0.669333353638649, 0.45399999618530273, 0.2933333218097687]",0.210449,north american river otter,lontra canadensis,0.19612,order,uncertain
data/inaturalist/images/white-nosed_coati/inat_white-nosed_coati_00086.jpg,inaturalist,,white-nosed_coati,1,"[0.35066667199134827, 0.45499999821186066, 0.31200000643730164, 0.26600000262260437]",0.352539,yellow-bellied marmot,marmota flaviventris,0.740367,class,flag
data/inaturalist/images/white-nosed_coati/inat_white-nosed_coati_00096.jpg,inaturalist,,white-nosed_coati,2,"[0.6561561524868011, 0.5889999866485596, 0.4834834933280945, 0.38999998569488525]",0.264893,wild boar,sus scrofa,0.176415,class,uncertain
data/inaturalist/images/white-nosed_coati/inat_white-nosed_coati_00180.jpg,inaturalist,,white-nosed_coati,1,"[0.08299999684095383, 0.22972973808646202, 0.16599999368190765, 0.3753753900527954]",0.234627,northern chamois,rupicapra rupicapra,0.478073,class,flag
data/inaturalist/images/white-nosed_coati/inat_white-nosed_coati_00336.jpg,inaturalist,,white-nosed_coati,3,"[0.4750000089406967, 0.48048049211502075, 0.23800000548362732, 0.30630630254745483]",0.349121,eurasian red squirrel,sciurus vulgaris,0.250437,class,uncertain
data/inaturalist/images/white-nosed_coati/inat_white-nosed_coati_00740.jpg,inaturalist,,white-nosed_coati,3,"[0.4819999933242798, 0.375, 0.48399999737739563, 0.75]",0.487305,fisher,pekania pennanti,0.470929,order,flag
data/inaturalist/images/white-nosed_coati/inat_white-nosed_coati_00740.jpg,inaturalist,,white-nosed_coati,4,"[0.7689999938011169, 0.32228915579617023, 0.4620000123977661, 0.6385542154312134]",0.21936,tayra,eira barbara,0.324339,order,flag
data/inaturalist/images/white-nosed_coati/inat_white-nosed_coati_00788.jpg,inaturalist,,white-nosed_coati,1,"[0.357000008225441, 0.15038560470566154, 0.34200000762939453, 0.285347044467926]",0.317627,yellow-bellied marmot,marmota flaviventris,0.360057,class,flag
data/inaturalist/images/white-nosed_coati/inat_white-nosed_coati_00790.jpg,inaturalist,,white-nosed_coati,1,"[0.2839999943971634, 0.6412742510437965, 0.2800000011920929, 0.24653740227222443]",0.473389,capybara,hydrochoerus hydrochaeris,0.140786,class,uncertain
data/inaturalist/images/white-nosed_coati/inat_white-nosed_coati_00792.jpg,inaturalist,,white-nosed_coati,3,"[0.5690000168979168, 0.42800000309944153, 0.12200000137090683, 0.2746666669845581]",0.47583,california ground squirrel,otospermophilus beecheyi,0.264378,class,uncertain
data/inaturalist/images/white-nosed_coati/inat_white-nosed_coati_00945.jpg,inaturalist,,white-nosed_coati,2,"[0.6199999824166298, 0.6321321427822113, 0.20000000298023224, 0.27927929162979126]",0.381104,eastern fox squirrel,sciurus niger,0.102436,class,uncertain
data/inaturalist/images/white-nosed_coati/inat_white-nosed_coati_00971.jpg,inaturalist,,white-nosed_coati,1,"[0.6729999929666519, 0.4719438701868057, 0.2980000078678131, 0.21843686699867249]",0.40918,yellow-throated marten,martes flavigula,0.313215,order,flag
data/inaturalist/images/white-nosed_coati/inat_white-nosed_coati_01026.jpg,inaturalist,,white-nosed_coati,1,"[0.40299999713897705, 0.41842901706695557, 0.27799999713897705, 0.29909366369247437]",0.341553,wild boar,sus scrofa,0.287965,class,uncertain
data/inaturalist/images/white-nosed_coati/inat_white-nosed_coati_01197.jpg,inaturalist,,white-nosed_coati,1,"[0.5141025558114052, 0.4979999978095293, 0.8999999761581421, 0.9679999947547913]",0.396973,domestic cattle,bos taurus,0.807406,class,flag
data/inaturalist/images/white-nosed_coati/inat_white-nosed_coati_01364.jpg,inaturalist,,white-nosed_coati,3,"[0.2800000011920929, 0.6813333034515381, 0.13199999928474426, 0.25333333015441895]",0.404099,collared peccary,pecari tajacu,0.111097,class,uncertain
data/inaturalist/images/white-nosed_coati/inat_white-nosed_coati_01364.jpg,inaturalist,,white-nosed_coati,5,"[0.2709999941289425, 0.34933333098888397, 0.07800000160932541, 0.5493333339691162]",0.22328,northern palawan tree squirrel,sundasciurus juvencus,0.732132,class,flag
data/inaturalist/images/white-nosed_coati/inat_white-nosed_coati_01501.jpg,inaturalist,,white-nosed_coati,1,"[0.4359999895095825, 0.5904872417449951, 0.3240000009536743, 0.28074246644973755]",0.27002,tayra,eira barbara,0.550372,order,flag
data/inaturalist/images/white-nosed_coati/inat_white-nosed_coati_01515.jpg,inaturalist,,white-nosed_coati,2,"[0.3802395239472389, 0.396000012755394, 0.6107784509658813, 0.47600001096725464]",0.260986,red fox,vulpes vulpes,0.28273,order,uncertain
data/inaturalist/images/white-nosed_coati/inat_white-nosed_coati_01517.jpg,inaturalist,,white-nosed_coati,4,"[0.32200000435113907, 0.5885885804891586, 0.1679999977350235, 0.36636635661125183]",0.326989,margarita island capuchin,sapajus apella,0.395552,class,flag
data/inaturalist/images/white-nosed_coati/inat_white-nosed_coati_01582.jpg,inaturalist,,white-nosed_coati,3,"[0.2373333270661533, 0.31700000166893005, 0.46933332085609436, 0.4020000100135803]",0.246582,wild boar,sus scrofa,0.630786,class,flag
data/inaturalist/images/white-nosed_coati/inat_white-nosed_coati_01882.jpg,inaturalist,,white-nosed_coati,4,"[0.5640000030398369, 0.46000000834465027, 0.23999999463558197, 0.5146666765213013]",0.494146,arizona black-tailed prairie dog,cynomys ludovicianus,0.222934,class,uncertain
data/inaturalist/images/white-nosed_coati/inat_white-nosed_coati_01903.jpg,inaturalist,,white-nosed_coati,4,"[0.2373333270661533, 0.30000001192092896, 0.46933332085609436, 0.25600001215934753]",0.407715,wolverine,gulo gulo,0.274318,order,uncertain
data/inaturalist/images/white-nosed_coati/inat_white-nosed_coati_01903.jpg,inaturalist,,white-nosed_coati,5,"[0.396000012755394, 0.33399999141693115, 0.3440000116825104, 0.3479999899864197]",0.205444,wolverine,gulo gulo,0.163483,order,uncertain
data/inaturalist/images/white-nosed_coati/inat_white-nosed_coati_01993.jpg,inaturalist,,white-nosed_coati,2,"[0.597000002861023, 0.39678284525871277, 0.1940000057220459, 0.3860589861869812]",0.412598,eastern fox squirrel,sciurus niger,0.263807,class,uncertain
data/inaturalist/images/white-nosed_coati/inat_white-nosed_coati_02025.jpg,inaturalist,,white-nosed_coati,3,"[0.8499999940395355, 0.26336898608133197, 0.30000001192092896, 0.5213903784751892]",0.257199,southern pig-tailed macaque,macaca nemestrina,0.322928,class,flag
data/inaturalist/images/white-tailed_deer/inat_white-tailed_deer_00836.jpg,inaturalist,,white-tailed_deer,2,"[0.12399999797344208, 0.5280000045895576, 0.24799999594688416, 0.23466666042804718]",0.225098,eastern gray squirrel,sciurus carolinensis,0.637709,class,flag
data/inaturalist/images/white-tailed_deer/inat_white-tailed_deer_00982.jpg,inaturalist,,white-tailed_deer,1,"[0.5773333460092545, 0.42900001257658005, 0.2800000011920929, 0.17000000178813934]",0.335938,domestic cattle,bos taurus,0.280175,order,uncertain
data/inaturalist/images/white-tailed_deer/inat_white-tailed_deer_01556.jpg,inaturalist,,white-tailed_deer,1,"[0.511000007390976, 0.41733334213495255, 0.07400000095367432, 0.15733332931995392]",0.203369,guenther's dik-dik,madoqua guentheri,0.434013,order,flag
data/inaturalist/images/white-tailed_deer/inat_white-tailed_deer_02170.jpg,inaturalist,,white-tailed_deer,2,"[0.45173268020153046, 0.5509999990463257, 0.14108911156654358, 0.34200000762939453]",0.373779,domestic dog,canis familiaris,0.324711,class,flag
data/inaturalist/images/white-tailed_deer/inat_white-tailed_deer_02751.jpg,inaturalist,,white-tailed_deer,1,"[0.501333340536803, 0.7979999929666519, 0.9973333477973938, 0.4000000059604645]",0.321376,domestic cattle,bos taurus,0.701561,order,flag
data/inaturalist/images/white-tailed_deer/inat_white-tailed_deer_02895.jpg,inaturalist,,white-tailed_deer,1,"[0.5319999903440475, 0.5660000145435333, 0.7173333168029785, 0.4440000057220459]",0.266932,human,homo sapiens,0.487011,class,flag
data/inaturalist/images/white-tailed_deer/inat_white-tailed_deer_02899.jpg,inaturalist,,white-tailed_deer,2,"[0.4973333324305713, 0.5339999943971634, 0.9893333315849304, 0.9319999814033508]",0.400879,domestic cattle,bos taurus,0.631719,order,flag
data/inaturalist/images/white-tailed_deer/inat_white-tailed_deer_02910.jpg,inaturalist,,white-tailed_deer,1,"[0.5053333323448896, 0.5100000090897083, 0.9893333315849304, 0.9800000190734863]",0.29985,domestic cattle,bos taurus,0.857959,order,flag
data/inaturalist/images/white-tailed_deer/inat_white-tailed_deer_03346.jpg,inaturalist,,white-tailed_deer,4,"[0.4229999929666519, 0.5734071768820286, 0.1459999978542328, 0.09972298890352249]",0.397949,domestic cattle,bos taurus,0.716422,order,flag
data/inaturalist/images/white-tailed_deer/inat_white-tailed_deer_03412.jpg,inaturalist,,white-tailed_deer,1,"[0.4986666738986969, 0.492000013589859, 0.9973333477973938, 0.984000027179718]",0.371889,domestic cattle,bos taurus,0.874039,order,flag
data/inaturalist/images/white-tailed_deer/inat_white-tailed_deer_03413.jpg,inaturalist,,white-tailed_deer,2,"[0.4986666738986969, 0.5, 0.9973333477973938, 1.0]",0.423584,domestic cattle,bos taurus,0.802407,order,flag
data/inaturalist/images/white-tailed_deer/inat_white-tailed_deer_03682.jpg,inaturalist,,white-tailed_deer,1,"[0.5253333225846291, 0.14100000262260437, 0.9386666417121887, 0.28200000524520874]",0.284041,domestic cattle,bos taurus,0.662471,order,flag
data/inaturalist/images/white-tailed_deer/inat_white-tailed_deer_06424.jpg,inaturalist,,white-tailed_deer,1,"[0.4399999976158142, 0.5428571403026581, 0.23199999332427979, 0.37959182262420654]",0.347656,coyote,canis latrans,0.292979,class,uncertain
data/inaturalist/images/white-tailed_deer/inat_white-tailed_deer_06715.jpg,inaturalist,,white-tailed_deer,1,"[0.4440000057220459, 0.6750700324773788, 0.25999999046325684, 0.4257703125476837]",0.420693,impala,aepyceros melampus,0.832996,order,flag
data/inaturalist/images/white-tailed_deer/inat_white-tailed_deer_06912.jpg,inaturalist,,white-tailed_deer,1,"[0.30133333057165146, 0.3779999911785126, 0.12800000607967377, 0.18000000715255737]",0.451172,domestic cattle,bos taurus,0.430417,order,flag
data/inaturalist/images/white-tailed_deer/inat_white-tailed_deer_08863.jpg,inaturalist,,white-tailed_deer,3,"[0.8279999941587448, 0.5180180072784424, 0.2759999930858612, 0.5315315127372742]",0.250732,impala,aepyceros melampus,0.532705,order,flag
data/inaturalist/images/white-tailed_deer/inat_white-tailed_deer_09004.jpg,inaturalist,,white-tailed_deer,1,"[0.767999991774559, 0.6351351141929626, 0.19200000166893005, 0.5375375151634216]",0.337891,giraffe,giraffa camelopardalis,0.204088,order,uncertain
data/inaturalist/images/white-tailed_deer/inat_white-tailed_deer_09398.jpg,inaturalist,,white-tailed_deer,1,"[0.30601660907268524, 0.25, 0.2510373592376709, 0.2240000069141388]",0.46875,domestic dog,canis familiaris,0.165954,class,uncertain
data/inaturalist/images/white-tailed_deer/inat_white-tailed_deer_09462.jpg,inaturalist,,white-tailed_deer,3,"[0.8979999795556068, 0.4694148972630501, 0.1720000058412552, 0.18882979452610016]",0.328613,domestic cattle,bos taurus,0.502547,order,flag
data/inaturalist/images/white-tailed_deer/inat_white-tailed_deer_13212.jpg,inaturalist,,white-tailed_deer,1,"[0.1379999965429306, 0.12533333897590637, 0.2759999930858612, 0.25066667795181274]",0.289653,human,homo sapiens,0.949353,class,flag
data/inaturalist/images/white-tailed_deer/inat_white-tailed_deer_13212.jpg,inaturalist,,white-tailed_deer,2,"[0.2540000081062317, 0.20133332908153534, 0.5080000162124634, 0.4026666581630707]",0.286652,domestic dog,canis familiaris,0.3116,class,flag
data/inaturalist/images/white-tailed_deer/inat_white-tailed_deer_14054.jpg,inaturalist,,white-tailed_deer,2,"[0.21699999645352364, 0.8003003001213074, 0.0860000029206276, 0.3933933973312378]",0.244751,guenther's dik-dik,madoqua guentheri,0.331174,order,flag
data/inaturalist/images/white-tailed_deer/inat_white-tailed_deer_14549.jpg,inaturalist,,white-tailed_deer,2,"[0.49866665806621313, 0.5390000119805336, 0.981333315372467, 0.8500000238418579]",0.360116,domestic cattle,bos taurus,0.679959,order,flag
data/inaturalist/images/white-tailed_deer/inat_white-tailed_deer_14590.jpg,inaturalist,,white-tailed_deer,2,"[0.3109999932348728, 0.3866666555404663, 0.07000000029802322, 0.17599999904632568]",0.45998,puku,kobus vardonii,0.495442,order,flag
data/inaturalist/images/white-tailed_deer/inat_white-tailed_deer_16633.jpg,inaturalist,,white-tailed_deer,1,"[0.4989451467990875, 0.7759999930858612, 0.997890293598175, 0.4480000138282776]",0.208862,human,homo sapiens,0.504525,class,flag
data/inaturalist/images/white-tailed_deer/inat_white-tailed_deer_16789.jpg,inaturalist,,white-tailed_deer,1,"[0.6659999787807465, 0.4628712981939316, 0.20800000429153442, 0.7326732873916626]",0.244507,human,homo sapiens,0.780578,class,flag
data/inaturalist/images/white-tailed_deer/inat_white-tailed_deer_18587.jpg,inaturalist,,white-tailed_deer,4,"[0.20100000128149986, 0.46799999475479126, 0.10599999874830246, 0.109333336353302]",0.393066,domestic cattle,bos taurus,0.327124,order,flag
data/inaturalist/images/white-tailed_deer/inat_white-tailed_deer_18894.jpg,inaturalist,,white-tailed_deer,1,"[0.4099999964237213, 0.1066666692495346, 0.8199999928474426, 0.2133333384990692]",0.435578,arizona black-tailed prairie dog,cynomys ludovicianus,0.254233,class,uncertain
data/inaturalist/images/white-tailed_deer/inat_white-tailed_deer_19087.jpg,inaturalist,,white-tailed_deer,2,"[0.2980000004172325, 0.6039156466722488, 0.20000000298023224, 0.35240963101387024]",0.340088,common duiker,sylvicapra grimmia,0.228109,order,uncertain
data/inaturalist/images/white-tailed_deer/inat_white-tailed_deer_19309.jpg,inaturalist,,white-tailed_deer,1,"[0.7630000114440918, 0.7777778059244156, 0.3619999885559082, 0.43843844532966614]",0.48584,guenther's dik-dik,madoqua guentheri,0.743323,order,flag
data/inaturalist/images/white-tailed_deer/inat_white-tailed_deer_20160.jpg,inaturalist,,white-tailed_deer,1,"[0.753000020980835, 0.7402402460575104, 0.34200000762939453, 0.5135135054588318]",0.495121,domestic cattle,bos taurus,0.470142,order,flag
data/inaturalist/images/white-tailed_deer/inat_white-tailed_deer_22084.jpg,inaturalist,,white-tailed_deer,3,"[0.34499999694526196, 0.11499999836087227, 0.6299999952316284, 0.16599999368190765]",0.215698,thomson's gazelle,eudorcas thomsonii,0.345867,order,flag
data/inaturalist/images/white-tailed_deer/inat_white-tailed_deer_22731.jpg,inaturalist,,white-tailed_deer,1,"[0.41499999165534973, 0.5066666752099991, 0.49399998784065247, 0.18133333325386047]",0.297852,north american river otter,lontra canadensis,0.311208,class,flag
data/inaturalist/images/white-tailed_deer/inat_white-tailed_deer_23087.jpg,inaturalist,,white-tailed_deer,1,"[0.83399997651577, 0.47228915616869926, 0.3319999873638153, 0.9108433723449707]",0.454834,domestic cattle,bos taurus,0.484269,order,flag
data/inaturalist/images/white-tailed_deer/inat_white-tailed_deer_24540.jpg,inaturalist,,white-tailed_deer,1,"[0.7980000227689743, 0.781333327293396, 0.40400001406669617, 0.3733333349227905]",0.496094,guenther's dik-dik,madoqua guentheri,0.54029,order,flag
data/inaturalist/images/white-tailed_deer/inat_white-tailed_deer_24862.jpg,inaturalist,,white-tailed_deer,1,"[0.7130000293254852, 0.7426666617393494, 0.37400001287460327, 0.5146666765213013]",0.28125,impala,aepyceros melampus,0.787986,order,flag
data/inaturalist/images/white-tailed_deer/inat_white-tailed_deer_25529.jpg,inaturalist,,white-tailed_deer,1,"[0.45400001108646393, 0.2957957834005356, 0.164000004529953, 0.3213213086128235]",0.398438,impala,aepyceros melampus,0.527291,order,flag
data/inaturalist/images/white-tailed_deer/inat_white-tailed_deer_25865.jpg,inaturalist,,white-tailed_deer,1,"[0.8849999830126762, 0.4986666585318744, 0.23000000417232513, 0.9919999837875366]",0.240605,lion,panthera leo,0.396771,class,flag
data/inaturalist/images/wild_boar/inat_wild_boar_00093.jpg,inaturalist,,wild_boar,3,"[0.04500000178813934, 0.5866666734218597, 0.09000000357627869, 0.8213333487510681]",0.285261,domestic cattle,bos taurus,0.69985,order,flag
data/inaturalist/images/wild_boar/inat_wild_boar_00337.jpg,inaturalist,,wild_boar,1,"[0.10133333504199982, 0.732000008225441, 0.20266667008399963, 0.25200000405311584]",0.45022,domestic cattle,bos taurus,0.385129,order,flag
data/inaturalist/images/wild_boar/inat_wild_boar_00773.jpg,inaturalist,,wild_boar,1,"[0.8479999750852585, 0.3798798769712448, 0.30399999022483826, 0.5015015006065369]",0.343262,domestic cattle,bos taurus,0.273129,order,uncertain
data/inaturalist/images/wild_boar/inat_wild_boar_01120.jpg,inaturalist,,wild_boar,3,"[0.6790000051259995, 0.3849104940891266, 0.1459999978542328, 0.20204603672027588]",0.382382,domestic cattle,bos taurus,0.196539,order,uncertain
data/inaturalist/images/wild_boar/inat_wild_boar_01137.jpg,inaturalist,,wild_boar,2,"[0.3449999988079071, 0.6111111268401146, 0.22200000286102295, 0.15245477855205536]",0.449463,domestic cattle,bos taurus,0.468724,order,flag
data/inaturalist/images/wild_boar/inat_wild_boar_02593.jpg,inaturalist,,wild_boar,3,"[0.8340000063180923, 0.20467836409807205, 0.30799999833106995, 0.35087719559669495]",0.496582,lowland tapir,tapirus terrestris,0.197806,class,uncertain
data/inaturalist/images/woodchuck/inat_woodchuck_01490.jpg,inaturalist,,woodchuck,1,"[0.21299999952316284, 0.4264264404773712, 0.22200000286102295, 0.19819819927215576]",0.285889,white-tailed deer,odocoileus virginianus,0.722493,class,flag
data/inaturalist/images/woodchuck/inat_woodchuck_02153.jpg,inaturalist,,woodchuck,1,"[0.6370000094175339, 0.5573333501815796, 0.4180000126361847, 0.5333333611488342]",0.325928,nutria,myocastor coypus,0.77443,order,flag
data/inaturalist/images/woodchuck/inat_woodchuck_02153.jpg,inaturalist,,woodchuck,2,"[0.47800001315772533, 0.582666665315628, 0.8960000276565552, 0.5893333554267883]",0.317133,american badger,taxidea taxus,0.1821,class,uncertain
data/inaturalist/images/yak/inat_yak_00057.jpg,inaturalist,,yak,5,"[0.20100000500679016, 0.6546666622161865, 0.4020000100135803, 0.5680000185966492]",0.491699,hylobatidae family,,0.556698,class,flag
data/inaturalist/images/yak/inat_yak_00057.jpg,inaturalist,,yak,8,"[0.41100001335144043, 0.6946666836738586, 0.3100000023841858, 0.4933333396911621]",0.34082,hylobatidae family,,0.640056,class,flag
data/inaturalist/images/yak/inat_yak_00104.jpg,inaturalist,,yak,6,"[0.3760000020265579, 0.36533333361148834, 0.42399999499320984, 0.2613333463668823]",0.452393,hylobatidae family,,0.860684,class,flag
"data/wikimedia/images/aardwolf/Aardwolf,_Proteles_cristata,_at_Lion_and_Rhino_Reserve,_Gauteng,_South_Africa_(47987206577).jpg",wikimedia,,aardwolf,1,"[0.04907161742448807, 0.2599934972822666, 0.09814323484897614, 0.4536886513233185]",0.37317,crab-eating fox,cerdocyon thous,0.124054,order,uncertain
data/wikimedia/images/african_buffalo/Standing_out_in_the_herd.jpg,wikimedia,,african_buffalo,2,"[0.5389792621135712, 0.4517666734755039, 0.8098710179328918, 0.7930454015731812]",0.284112,african elephant,loxodonta africana,0.401373,class,flag
data/wikimedia/images/african_elephant/Elephants_of_Kenya_38.jpg,wikimedia,,african_elephant,2,"[0.020563935860991478, 0.4901670217514038, 0.041127871721982956, 0.2675107717514038]",0.310854,human,homo sapiens,0.578469,class,flag
data/wikimedia/images/african_elephant/Ol_Pejeta_(16934127158).jpg,wikimedia,,african_elephant,4,"[0.3394097238779068, 0.33449072763323784, 0.13252314925193787, 0.11516203731298447]",0.245117,human,homo sapiens,0.422574,class,flag
"data/wikimedia/images/african_elephant/Kruger_National_Park,_South_Africa_(14965481576).jpg",wikimedia,,african_elephant,3,"[0.4221380539238453, 0.5160984918475151, 0.11279461532831192, 0.13510100543498993]",0.478038,guenther's dik-dik,madoqua guentheri,0.453594,class,flag
data/wikimedia/images/african_wild_dog/Beautiful_Kruger_Wild_Dogs_(3743310775).jpg,wikimedia,,african_wild_dog,1,"[0.6740905046463013, 0.7155899107456207, 0.6494869589805603, 0.5519663095474243]",0.499756,spotted hyaena,crocuta crocuta,0.275914,order,uncertain
"data/wikimedia/images/african_wild_dog/Mosetlha,_Madikwe_Game_Reserve,_South_Africa_(39899446383).jpg",wikimedia,,african_wild_dog,1,"[0.7327150106430054, 0.4240603782236576, 0.5345699787139893, 0.7686383128166199]",0.395752,lion,panthera leo,0.453413,order,flag
"data/wikimedia/images/african_wild_dog/Mosetlha,_Madikwe_Game_Reserve,_South_Africa_(39899446383).jpg",wikimedia,,african_wild_dog,2,"[0.13743676245212555, 0.543592095375061, 0.2748735249042511, 0.42544668912887573]",0.356934,wild boar,sus scrofa,0.767507,class,flag
"data/wikimedia/images/african_wild_dog/Mosetlha,_Madikwe_Game_Reserve,_South_Africa_(46864116321).jpg",wikimedia,,african_wild_dog,1,"[0.7323266267776489, 0.5612800121307373, 0.5353467464447021, 0.5516800284385681]",0.355225,lion,panthera leo,0.708157,order,flag
data/wikimedia/images/african_wild_dog/Wild_dog_(7006905931).jpg,wikimedia,,african_wild_dog,1,"[0.08022388070821762, 0.7715941220521927, 0.16044776141643524, 0.29178372025489807]",0.272705,wild boar,sus scrofa,0.936587,class,flag
data/wikimedia/images/african_wild_dog/African_Hunting_Dogs_-_50875706886.jpg,wikimedia,,african_wild_dog,2,"[0.7300606220960617, 0.2680828645825386, 0.48344215750694275, 0.29529494047164917]",0.274658,domestic goat,capra aegagrus hircus,0.432633,class,flag
"data/wikimedia/images/african_wild_dog/Wildlife,_Madikwe_Game_Reserve,_South_Africa_(45977924745).jpg",wikimedia,,african_wild_dog,2,"[0.2678819378488697, 0.8716145604848862, 0.5347222089767456, 0.24791666865348816]",0.29551,domestic cattle,bos taurus,0.873412,class,flag
data/wikimedia/images/african_wild_dog/Pile_up_(8196476217).jpg,wikimedia,,african_wild_dog,2,"[0.8651583045721054, 0.0680147028178908, 0.26968345046043396, 0.13419117033481598]",0.411176,domestic cattle,bos taurus,0.229869,class,uncertain
data/wikimedia/images/african_wild_dog/Pile_up_(8196476217).jpg,wikimedia,,african_wild_dog,5,"[0.8422280848026276, 0.2317708283662796, 0.3155438303947449, 0.3581494987010956]",0.225952,domestic cattle,bos taurus,0.834645,class,flag
data/wikimedia/images/african_wild_dog/Wild_dog_2_1_(5637865730).jpg,wikimedia,,african_wild_dog,1,"[0.8974609375, 0.13469985127449036, 0.205078125, 0.2693997025489807]",0.498047,domestic cattle,bos taurus,0.350542,class,flag
data/wikimedia/images/african_wild_dog/African_Hunting_Dogs_-_50863042756.jpg,wikimedia,,african_wild_dog,2,"[0.12048037355998531, 0.5819830074906349, 0.2394111603498459, 0.13464505970478058]",0.223267,giant panda,ailuropoda melanoleuca,0.26348,order,uncertain
"data/wikimedia/images/african_wild_dog/Madikwe_Game_Reserve,_North_West,_South_Africa_(20517795285).jpg",wikimedia,,african_wild_dog,2,"[0.8439062535762787, 0.32119361287914217, 0.3121874928474426, 0.638627827167511]",0.490971,domestic cattle,bos taurus,0.711563,class,flag
data/wikimedia/images/african_wild_dog/African_wild_dog_(24546333179).jpg,wikimedia,,african_wild_dog,1,"[0.6069399267435074, 0.3867953543085605, 0.7861201167106628, 0.7680760025978088]",0.480469,ocelot,leopardus pardalis,0.223191,order,uncertain
data/wikimedia/images/african_wild_dog/Hyänenhund_(33231655528).jpg,wikimedia,,african_wild_dog,1,"[0.7197780609130859, 0.49792529665865004, 0.5604438185691833, 0.9896265268325806]",0.273193,domestic cattle,bos taurus,0.776532,class,flag
data/wikimedia/images/african_buffalo/Gunma_Safari_Park.jpg,wikimedia,,african_buffalo,4,"[0.07364004850387573, 0.6375868022441864, 0.14728009700775146, 0.3142361044883728]",0.465088,plains zebra,equus quagga,0.948126,class,flag
data/wikimedia/images/african_buffalo/Gunma_Safari_Park.jpg,wikimedia,,african_buffalo,5,"[0.1697048544883728, 0.6171874850988388, 0.3237847089767456, 0.2743055522441864]",0.200195,plains zebra,equus quagga,0.940957,class,flag
data/wikimedia/images/bornean_orangutan/Orangutan.jpg,wikimedia,,bornean_orangutan,1,"[0.14339151652529836, 0.5469283163547516, 0.2817955017089844, 0.7901023626327515]",0.259521,domestic goat,capra aegagrus hircus,0.352708,class,flag
data/wikimedia/images/collared_peccary/Javelina.jpg,wikimedia,,collared_peccary,2,"[0.2789999917149544, 0.09269663016311824, 0.3619999885559082, 0.17977528274059296]",0.464844,yellow-bellied marmot,marmota flaviventris,0.106127,class,uncertain
data/wikimedia/images/domestic_sheep/Borris_the_ram.jpg,wikimedia,,domestic_sheep,1,"[0.9185059294104576, 0.2601810097694397, 0.1629881113767624, 0.5203620195388794]",0.428955,mule deer,odocoileus hemionus,0.738689,order,flag
data/wikimedia/images/american_mink/DSC_0411_(8412577581).jpg,wikimedia,,american_mink,1,"[0.5553871244192123, 0.36481741070747375, 0.17560634016990662, 0.15308988094329834]",0.452393,domestic cattle,bos taurus,0.31323,class,flag
data/wikimedia/images/american_mink/DSC_0411_(8412577581).jpg,wikimedia,,american_mink,2,"[0.26014458388090134, 0.15098314732313156, 0.1667443960905075, 0.23033708333969116]",0.446045,domestic cattle,bos taurus,0.174003,class,uncertain
data/wikimedia/images/baboon_genus/Gähnendes_Weibchen_nachdenklich_wirkendes_Männchen_Mantelpaviane_2011.JPG,wikimedia,,baboon_genus,1,"[0.6750188171863556, 0.47124824300408363, 0.6477015614509583, 0.8562412261962891]",0.490234,lion,panthera leo,0.932112,class,flag
data/wikimedia/images/brown_bear/399_with_4_cubs_June_2020_near_Signal_Mountain_Lodge.jpg,wikimedia,,brown_bear,4,"[0.3271779417991638, 0.6850000023841858, 0.055615901947021484, 0.25117647647857666]",0.45752,chinese goral,naemorhedus griseus,0.163965,class,uncertain
data/wikimedia/images/capybara/Capybara_1d_(5512599534).jpg,wikimedia,,capybara,1,"[0.6550615429878235, 0.1794436873169616, 0.6898769736289978, 0.35549524426460266]",0.485147,white-lipped peccary,tayassu pecari,0.272583,class,uncertain
"data/wikimedia/images/cebus_species/Cebus_olivaceus_-Parque_del_Este,_Caracas,_Venezuela-8.jpg",wikimedia,,cebus_species,1,"[0.3956249952316284, 0.5613870769739151, 0.4637500047683716, 0.7647610306739807]",0.462402,vervet monkey,chlorocebus pygerythrus,0.28965,order,uncertain
"data/wikimedia/images/cebus_species/Cebus_olivaceus_-Parque_del_Este,_Caracas,_Venezuela-8.jpg",wikimedia,,cebus_species,3,"[0.5593750029802322, 0.6954076886177063, 0.4025000035762787, 0.47235238552093506]",0.253906,bonnet macaque,macaca radiata,0.132863,order,uncertain
data/wikimedia/images/chimpanzee/2004-03-27-Chimpanzee-eatin.jpg,wikimedia,,chimpanzee,1,"[0.42372047528624535, 0.6017915457487106, 0.11515747755765915, 0.18403908610343933]",0.230347,blue monkey,cercopithecus mitis,0.260988,order,uncertain
data/wikimedia/images/chimpanzee/Chimpanzé_de_Bossou_19.jpg,wikimedia,,chimpanzee,1,"[0.09928143738943618, 0.5393518358469009, 0.19808383285999298, 0.9131944179534912]",0.225586,domestic cattle,bos taurus,0.36992,class,flag
"data/wikimedia/images/chital/Chitra_Deers_at_Bangladesh_National_Zoo_(Axis_axis),(1).jpg",wikimedia,,chital,11,"[0.9695000108331442, 0.484499990940094, 0.061000000685453415, 0.2434999942779541]",0.496828,thomson's gazelle,eudorcas thomsonii,0.231188,order,uncertain
"data/wikimedia/images/chital/Chitra_Deers_at_Bangladesh_National_Zoo_(Axis_axis),(1).jpg",wikimedia,,chital,12,"[0.6214166395366192, 0.5668749883770943, 0.08749999850988388, 0.2082500010728836]",0.46167,wild goat,capra aegagrus,0.61387,order,flag
data/wikimedia/images/domestic_sheep/DSC_0367sheep_and_wool_2017_batch_2.jpg,wikimedia,,domestic_sheep,1,"[0.5886666774749756, 0.4258750006556511, 0.31066668033599854, 0.6142500042915344]",0.223446,human,homo sapiens,0.729756,class,flag
data/wikimedia/images/dromedary_camel/Beduinphoto.jpg,wikimedia,,dromedary_camel,1,"[0.8650000244379044, 0.6819887161254883, 0.27000001072883606, 0.6210131049156189]",0.404528,human,homo sapiens,0.868996,class,flag
data/wikimedia/images/eared_seals/2025-08-15_Saint_Paul_Island_Alaska_127.jpg,wikimedia,,eared_seals,2,"[0.23196517676115036, 0.5666912347078323, 0.20771144330501556, 0.14001473784446716]",0.499023,domestic cattle,bos taurus,0.847607,no_match,flag
data/wikimedia/images/eared_seals/2025-08-15_Saint_Paul_Island_Alaska_127.jpg,wikimedia,,eared_seals,3,"[0.3455638401210308, 0.5854826718568802, 0.10613598674535751, 0.11127486824989319]",0.391357,domestic cattle,bos taurus,0.788298,no_match,flag
data/wikimedia/images/eared_seals/2025-08-15_Saint_Paul_Island_Alaska_127.jpg,wikimedia,,eared_seals,5,"[0.26440712809562683, 0.5031319111585617, 0.2605721354484558, 0.2531318962574005]",0.316162,domestic cattle,bos taurus,0.837775,no_match,flag
data/wikimedia/images/eared_seals/Leucistic_Antarctic_Fur_Seal.jpg,wikimedia,,eared_seals,3,"[0.21850775368511677, 0.4026707112789154, 0.38323643803596497, 0.2084251046180725]",0.221069,domestic cattle,bos taurus,0.429086,no_match,flag
data/wikimedia/images/eared_seals/2021-02_Amsterdam_Island_-_Subantarctic_fur_seal_55.jpg,wikimedia,,eared_seals,1,"[0.2634698152542114, 0.13415948278270662, 0.5269396305084229, 0.265625]",0.352295,american black bear,ursus americanus,0.324512,no_match,flag
"data/wikimedia/images/eared_seals/Lobos_marinos_(Zalophus_californianus_wollebaeki),_Punta_Pitt,_isla_de_San_Cristóbal,_islas_Galápagos,_Ecuador,_2015-07-24,_DD_16.JPG",wikimedia,,eared_seals,1,"[0.8159400373697281, 0.7973051816225052, 0.36730244755744934, 0.39724698662757874]",0.255246,domestic cattle,bos taurus,0.347452,no_match,flag
"data/wikimedia/images/eared_seals/Lobo_marino_(Zalophus_californianus_wollebaeki),_isla_Lobos,_islas_Galápagos,_Ecuador,_2015-07-25,_DD_45.JPG",wikimedia,,eared_seals,1,"[0.15866713225841522, 0.4042644891887903, 0.31733426451683044, 0.7615676522254944]",0.421143,lion,panthera leo,0.474128,no_match,flag
data/wikimedia/images/eastern_grey_kangaroo/Buiobuione_-_kangaroo_at_kangaroos_island_4.jpg,wikimedia,,eastern_grey_kangaroo,1,"[0.5914754047989845, 0.41019417345523834, 0.20000000298023224, 0.3708737790584564]",0.418213,domestic cattle,bos taurus,0.645884,class,flag
"data/wikimedia/images/gorilla_species/Gorila_de_montaña_(Gorilla_beringei_beringei),_parque_nacional_de_la_Selva_Impenetrable_de_Bwindi,_Uganda,_2024-02-02,_DD_20.jpg",wikimedia,,gorilla_species,1,"[0.5207390561699867, 0.5516591146588326, 0.8936651349067688, 0.8966817259788513]",0.225598,domestic cattle,bos taurus,0.598193,class,flag
data/wikimedia/images/gorilla_species/GRL_MOUNTAIN_1.jpg,wikimedia,,gorilla_species,1,"[0.7020089030265808, 0.672656238079071, 0.39598214626312256, 0.6506696343421936]",0.291748,american black bear,ursus americanus,0.504507,class,flag
data/wikimedia/images/hedgehog_family/Hedgehog10.jpg,wikimedia,,hedgehog_family,1,"[0.574528768658638, 0.5090939253568649, 0.1941964328289032, 0.21263226866722107]",0.296387,north american porcupine,erethizon dorsatum,0.305271,no_match,flag
data/wikimedia/images/lion/Playing_with_Mum_(3689845202).jpg,wikimedia,,lion,3,"[0.6212500035762787, 0.21088860929012299, 0.7524999976158142, 0.22152690589427948]",0.228292,white-tailed deer,odocoileus virginianus,0.290708,class,uncertain
data/wikimedia/images/mongoose_family/Brown_mongoose_DM_DSCN8102.jpg,wikimedia,,mongoose_family,1,"[0.5135633796453476, 0.6409143507480621, 0.5570746660232544, 0.6099537014961243]",0.45752,south american coati,nasua nasua,0.56333,no_match,flag
data/wikimedia/images/moose/Gårdsjö_älgpark_2014_(14231336042).jpg,wikimedia,,moose,1,"[0.17244223807938397, 0.5, 0.34158414602279663, 1.0]",0.28878,giraffe,giraffa camelopardalis,0.301822,order,flag
data/wikimedia/images/muridae_family/Myszarka_polna.jpg,wikimedia,,muridae_family,1,"[0.2749060168862343, 0.44594594836235046, 0.4915413558483124, 0.44594594836235046]",0.299561,western mountain coati,nasuella olivacea,0.110286,no_match,uncertain
data/wikimedia/images/red_fox/Red_fox_bombay_hook_4.24.22_DSC_1130.jpg,wikimedia,,red_fox,1,"[0.518767960369587, 0.6169181019067764, 0.14565373957157135, 0.3001077473163605]",0.226318,brush-tailed rock wallaby,petrogale penicillata,0.639752,class,flag
data/wikimedia/images/red_panda/Red_Panda_-_53009192433.jpg,wikimedia,,red_panda,1,"[0.3415050208568573, 0.6344288736581802, 0.1923491358757019, 0.30334052443504333]",0.201782,domestic cattle,bos taurus,0.291119,class,uncertain
data/wikimedia/images/sea_otter/Sea_Otter_Pt_Lobos_State_Natural_Reserve_Monterey_CA_2017-04-11_11-43-29_(33513426443).jpg,wikimedia,,sea_otter,2,"[0.5269556045532227, 0.3642454072833061, 0.19027483463287354, 0.20380817353725433]",0.215698,nutria,myocastor coypus,0.259061,no_match,uncertain
data/wikimedia/images/squirrel_family/Callosciurus_erythraeus_thaiwanensis_(30473305410).jpg,wikimedia,,squirrel_family,1,"[0.4748038798570633, 0.40962566435337067, 0.25124791264533997, 0.2852049767971039]",0.366764,capybara,hydrochoerus hydrochaeris,0.475166,no_match,flag
"data/wikimedia/images/waterbuck/1979_04_-_50-5_-_akagera,_wasserbock.jpg",wikimedia,,waterbuck,4,"[0.7170079238712788, 0.579348161816597, 0.06770727783441544, 0.17910447716712952]",0.368408,human,homo sapiens,0.89459,class,flag
data/wikimedia/images/african_elephant/Elephant_(Loxodonta_africana)_baby_(11550246166).jpg,wikimedia,,african_elephant,2,"[0.21287499740719795, 0.6013333350419998, 0.3582499921321869, 0.3540000021457672]",0.359863,american bison,bison bison,0.803428,class,flag
data/wikimedia/images/asiatic_black_bear/Ours_lippu.JPG,wikimedia,,asiatic_black_bear,2,"[0.5349786952137947, 0.45761802792549133, 0.19282670319080353, 0.21459227800369263]",0.314697,domestic cattle,bos taurus,0.850694,class,flag
data/wikimedia/images/bornean_orangutan/Bornean_Orangutan_in_nest.jpg,wikimedia,,bornean_orangutan,1,"[0.3245312422513962, 0.3888627886772156, 0.39781248569488525, 0.36701127886772156]",0.201538,american bison,bison bison,0.412476,class,flag
data/wikimedia/images/brown_bear/Alaska_brown_bears_(5920419806).jpg,wikimedia,,brown_bear,1,"[0.4018624648451805, 0.467741921544075, 0.2249283641576767, 0.6430107355117798]",0.223755,red deer,cervus elaphus,0.398207,class,flag
data/wikimedia/images/callithrix_species/Callithrix_kuhlii_3.jpg,wikimedia,,callithrix_species,4,"[0.5346269682049751, 0.3128449469804764, 0.21545667946338654, 0.2543903589248657]",0.409424,domestic cattle,bos taurus,0.246735,class,uncertain
data/wikimedia/images/callithrix_species/Callithrix_kuhlii_3.jpg,wikimedia,,callithrix_species,5,"[0.45483439415693283, 0.29578524827957153, 0.2271662801504135, 0.2704465687274933]",0.333252,tufted ground squirrel,rheithrosciurus macrotis,0.63659,class,flag
"data/wikimedia/images/colobus_species/Colobo_rojo_de_Zanzíbar_(Piliocolobus_kirkii),_parque_nacional_de_la_Bahía_Jozani_Chwaka,_Zanzíbar,_Tanzania,_2024-06-02,_DD_22.jpg",wikimedia,,colobus_species,1,"[0.29203084111213684, 0.47622108459472656, 0.3850899636745453, 0.501028299331665]",0.330322,marsh deer,blastocerus dichotomus,0.128518,class,uncertain
data/wikimedia/images/common_fallow_deer/Damwild_in_der_Schönower_Heide.jpg,wikimedia,,common_fallow_deer,2,"[0.18085488304495811, 0.23208513110876083, 0.10021551698446274, 0.18130387365818024]",0.230478,domestic cattle,bos taurus,0.344261,order,flag
"data/wikimedia/images/cottontail_rabbits_genus/2025-08-23_08_44_28_Baby_Eastern_Cottontail_Rabbits_in_a_nest_in_a_yard_along_Aquetong_Lane_in_the_Mountainview_section_of_Ewing_Township,_Mercer_County,_New_Jersey.jpg",wikimedia,,cottontail_rabbits_genus,1,"[0.3639632984995842, 0.6846891343593597, 0.575644850730896, 0.6273148059844971]",0.214478,wild boar,sus scrofa,0.491335,class,flag
data/wikimedia/images/domestic_goat/2011._Донецк_0642.jpg,wikimedia,,domestic_goat,2,"[0.8375336080789566, 0.4027217626571655, 0.2442876398563385, 0.1854838728904724]",0.302587,domestic cat,felis catus,0.27633,class,uncertain
data/wikimedia/images/dromedary_camel/CamelCalf.jpg,wikimedia,,dromedary_camel,1,"[0.0634765625, 0.35058592760469764, 0.126953125, 0.6985676884651184]",0.337482,domestic cattle,bos taurus,0.812755,order,flag
data/wikimedia/images/dromedary_camel/CamelCalf.jpg,wikimedia,,dromedary_camel,3,"[0.143798828125, 0.35123698913957924, 0.28759765625, 0.6998698115348816]",0.20998,domestic cattle,bos taurus,0.544374,order,flag
data/wikimedia/images/eared_seals/Australian_fur_seal_(Arctocephalus_pusillus_doriferus)_juvenile_Bruny.jpg,wikimedia,,eared_seals,1,"[0.1577211155090481, 0.9004992768168449, 0.31437233090400696, 0.19567285478115082]",0.263055,domestic cattle,bos taurus,0.363142,no_match,flag
"data/wikimedia/images/eared_seals/Lobo_marino_sudamericano_(Otaria_flavescens),_Tierpark_Hellabrunn,_Múnich,_Alemania,_2012-06-17,_DD_02.JPG",wikimedia,,eared_seals,1,"[0.5675074011087418, 0.7623239196836948, 0.3382789194583893, 0.09741783887147903]",0.294534,north american river otter,lontra canadensis,0.312732,no_match,flag
"data/wikimedia/images/eared_seals/California,_San_Francisco,_Pier_39,_sea_lions.jpg",wikimedia,,eared_seals,7,"[0.1521267332136631, 0.2568359375, 0.2829861044883728, 0.1484375]",0.377197,common wildebeest,connochaetes taurinus,0.400474,no_match,flag
"data/wikimedia/images/eared_seals/California,_San_Francisco,_Pier_39,_sea_lions.jpg",wikimedia,,eared_seals,9,"[0.8562283143401146, 0.3621419370174408, 0.1803385466337204, 0.1728515625]",0.347168,domestic cattle,bos taurus,0.747805,no_match,flag
"data/wikimedia/images/eared_seals/California,_San_Francisco,_Pier_39,_sea_lions.jpg",wikimedia,,eared_seals,12,"[0.763346329331398, 0.3979492112994194, 0.2042100727558136, 0.1813151091337204]",0.300049,domestic cattle,bos taurus,0.438213,no_match,flag
"data/wikimedia/images/eared_seals/California,_San_Francisco,_Pier_39,_sea_lions.jpg",wikimedia,,eared_seals,13,"[0.13020833664631937, 0.3201497383415699, 0.2599826455116272, 0.1031901016831398]",0.29834,common wildebeest,connochaetes taurinus,0.268566,no_match,uncertain
"data/wikimedia/images/eared_seals/California,_San_Francisco,_Pier_39,_sea_lions.jpg",wikimedia,,eared_seals,14,"[0.2158203125, 0.4747721254825592, 0.2489149272441864, 0.1494140625]",0.294922,common wildebeest,connochaetes taurinus,0.641714,no_match,flag
"data/wikimedia/images/eared_seals/California,_San_Francisco,_Pier_39,_sea_lions.jpg",wikimedia,,eared_seals,15,"[0.0887586772441864, 0.1821289099752903, 0.1775173544883728, 0.1051432266831398]",0.276367,common wildebeest,connochaetes taurinus,0.553731,no_match,flag
"data/wikimedia/images/eared_seals/California,_San_Francisco,_Pier_39,_sea_lions.jpg",wikimedia,,eared_seals,16,"[0.2885199636220932, 0.1512044258415699, 0.1603732705116272, 0.0719401016831398]",0.269287,coyote,canis latrans,0.281231,no_match,uncertain
"data/wikimedia/images/eared_seals/California,_San_Francisco,_Pier_39,_sea_lions.jpg",wikimedia,,eared_seals,19,"[0.2075737863779068, 0.4192708320915699, 0.208984375, 0.1139322891831398]",0.20752,common wildebeest,connochaetes taurinus,0.434864,no_match,flag
data/wikimedia/images/eared_seals/Sea_lions_in_Glacier_Bay_NP_(b92010ae-1dd8-b71c-07d5-87f026ea5668).JPG,wikimedia,,eared_seals,10,"[0.8819813877344131, 0.8142499849200249, 0.15159574151039124, 0.15449999272823334]",0.433594,giant otter,pteronura brasiliensis,0.139006,no_match,uncertain
data/wikimedia/images/eared_seals/Sea_lions_in_Glacier_Bay_NP_(b92010ae-1dd8-b71c-07d5-87f026ea5668).JPG,wikimedia,,eared_seals,12,"[0.12632978707551956, 0.38374999910593033, 0.15359042584896088, 0.09149999916553497]",0.35083,lion,panthera leo,0.425198,no_match,flag
data/wikimedia/images/eared_seals/Sea_lions_in_Glacier_Bay_NP_(b92010ae-1dd8-b71c-07d5-87f026ea5668).JPG,wikimedia,,eared_seals,14,"[0.7378656715154648, 0.3760000094771385, 0.13530585169792175, 0.11900000274181366]",0.311523,wild boar,sus scrofa,0.211785,no_match,uncertain
data/wikimedia/images/african_wild_dog/2014-11-23_045_African_Wild_Dog_Lycaon_pictus_anagoria.JPG,wikimedia,,african_wild_dog,2,"[0.07333754003047943, 0.6079545542597771, 0.14667508006095886, 0.19191919267177582]",0.467773,greater hog badger,arctonyx collaris,0.101555,order,uncertain
data/wikimedia/images/african_wild_dog/2014-11-23_045_African_Wild_Dog_Lycaon_pictus_anagoria.JPG,wikimedia,,african_wild_dog,3,"[0.673611119389534, 0.5838068127632141, 0.2984006702899933, 0.3809974789619446]",0.442139,domestic cattle,bos taurus,0.671829,class,flag
data/wikimedia/images/eared_seals/Lobera_pta_choros.jpg,wikimedia,,eared_seals,2,"[0.6440397351980209, 0.42384105920791626, 0.41721853613853455, 0.42384105920791626]",0.473389,stump-tailed macaque,macaca arctoides,0.072022,no_match,uncertain
data/wikimedia/images/eared_seals/Lobera_pta_choros.jpg,wikimedia,,eared_seals,3,"[0.7889072895050049, 0.2704194262623787, 0.42218542098999023, 0.18763796985149384]",0.292969,domestic cattle,bos taurus,0.261484,no_match,uncertain
data/wikimedia/images/elephant_seal/Elephant_seal_p1070818.jpg,wikimedia,,elephant_seal,1,"[0.06761853396892548, 0.17840909212827682, 0.13523706793785095, 0.34090909361839294]",0.441423,african buffalo,syncerus caffer,0.182874,no_match,uncertain
data/wikimedia/images/giant_panda/Panda3.jpg,wikimedia,,giant_panda,1,"[0.38383838534355164, 0.4126983992755413, 0.5252525210380554, 0.7103174328804016]",0.395996,domestic cattle,bos taurus,0.85019,class,flag
data/wikimedia/images/koala/Cutest_Koala.jpg,wikimedia,,koala,1,"[0.16869764029979706, 0.6403654515743256, 0.3373952805995941, 0.7126246094703674]",0.296631,eastern grey kangaroo,macropus giganteus,0.828252,order,flag
data/wikimedia/images/macaque_species/Gibraltar001.jpg,wikimedia,,macaque_species,2,"[0.3895152062177658, 0.6273830235004425, 0.22209694981575012, 0.2911611795425415]",0.483643,neotamias species,neotamias,0.198102,class,uncertain
data/wikimedia/images/muntjac_genus/2011_Muntjak-4.jpg,wikimedia,,muntjac_genus,1,"[0.9032654464244843, 0.5871153920888901, 0.1934691071510315, 0.7196153998374939]",0.371826,domestic cattle,bos taurus,0.257211,order,uncertain
data/wikimedia/images/muridae_family/Acomys_russatus_130958899.jpg,wikimedia,,muridae_family,1,"[0.5, 0.396687010768801, 1.0, 0.7863993048667908]",0.346191,arizona black-tailed prairie dog,cynomys ludovicianus,0.632682,no_match,flag
data/wikimedia/images/muridae_family/A_Blossoming_Romance.jpg,wikimedia,,muridae_family,1,"[0.4850759357213974, 0.17237472161650658, 0.31314364075660706, 0.270712673664093]",0.226074,capybara,hydrochoerus hydrochaeris,0.94521,no_match,flag
data/wikimedia/images/muridae_family/Niviventer_confucianus_90911952.jpg,wikimedia,,muridae_family,2,"[0.3245442807674408, 0.373046875, 0.3470052182674408, 0.4453125]",0.349609,domestic goat,capra aegagrus hircus,0.812394,no_match,flag
data/wikimedia/images/plains_zebra/Equus_quagga_burchellii_(group).jpg,wikimedia,,plains_zebra,8,"[0.022181455045938492, 0.6473988592624664, 0.044362910091876984, 0.6331703066825867]",0.256467,giraffe,giraffa camelopardalis,0.408678,class,flag
data/wikimedia/images/saguinus_species/Little_monkey_(1).jpg,wikimedia,,saguinus_species,1,"[0.4966264069080353, 0.394649610389024, 0.9932528138160706, 0.7883522510528564]",0.283553,vervet monkey,chlorocebus pygerythrus,0.204683,order,uncertain
"data/wikimedia/images/tayra/A_irara_(Eira_barbara)_é_um_animal_mamífero_e_onívoro_da_família_dos_mustelídeos._Têm_um_aspecto_semelhante_às_martas,_fuinhas_ou_furão,_podendo_atingir_um_comprimento_de_60_cm_(não_incluin_-_panoramio_(3).jpg",wikimedia,,tayra,1,"[0.23250000178813934, 0.15166665974538773, 0.4650000035762787, 0.3019999861717224]",0.217545,domestic dog,canis familiaris,0.385467,order,flag
data/wikimedia/images/domestic_cat/IMGP1201_(51750607516).jpg,wikimedia,,domestic_cat,1,"[0.1997693032026291, 0.45858850912190974, 0.2686661183834076, 0.9148439764976501]",0.35317,coyote,canis latrans,0.298945,order,uncertain
data/wikimedia/images/domestic_dog/05078045_Patterdale_Terrier.jpg,wikimedia,,domestic_dog,1,"[0.7299999967217445, 0.06583333178423345, 0.162222221493721, 0.12833333015441895]",0.261335,domestic goat,capra aegagrus hircus,0.36404,class,flag
data/wikimedia/images/domestic_dog/Pointer_angielski_LM.jpg,wikimedia,,domestic_dog,1,"[0.21904761722544208, 0.49497636035084724, 0.43690475821495056, 0.881205677986145]",0.224352,domestic cattle,bos taurus,0.33889,class,flag
data/wikimedia/images/domestic_dog/Bichon_Frisé_puppies.jpg,wikimedia,,domestic_dog,3,"[0.7932974845170975, 0.6244778484106064, 0.22553816437721252, 0.460317462682724]",0.229004,domestic cat,felis catus,0.723325,order,flag
data/wikimedia/images/domestic_dog/Thai_Bangkaew_Dog_Puppies.jpg,wikimedia,,domestic_dog,2,"[0.2570175416767597, 0.5138888955116272, 0.44736841320991516, 0.6851851940155029]",0.423828,domestic cat,felis catus,0.705591,order,flag
"data/wikimedia/images/domestic_horse/Dülmen,_Merfeld,_Wildpferdebahn,_Dülmener_Wildpferde_--_2020_--_7146.jpg",wikimedia,,domestic_horse,8,"[0.5841291695833206, 0.5869713425636292, 0.15264514088630676, 0.26261937618255615]",0.203369,domestic cattle,bos taurus,0.759347,class,flag
"data/wikimedia/images/domestic_horse/Dülmen,_Merfeld,_Dülmener_Pferde_im_Merfelder_Bruch_--_2023_--_6874.jpg",wikimedia,,domestic_horse,3,"[0.06300268322229385, 0.4164019152522087, 0.1260053664445877, 0.21644161641597748]",0.431186,american black bear,ursus americanus,0.167431,class,uncertain
"data/wikimedia/images/domestic_horse/Dülmen,_Merfeld,_Dülmener_Wildpferde_in_der_Wildbahn_--_2023_--_7114.jpg",wikimedia,,domestic_horse,2,"[0.12453032657504082, 0.3533279746770859, 0.18572194874286652, 0.27348363399505615]",0.20813,red deer,cervus elaphus,0.937113,class,flag
data/wikimedia/images/domestic_horse/El_caballo_comiendo_en_zaraza.jpg,wikimedia,,domestic_horse,1,"[0.4095703214406967, 0.4359375014901161, 0.13320311903953552, 0.21145834028720856]",0.28838,domestic cattle,bos taurus,0.903298,class,flag
"data/wikimedia/images/domestic_horse/Dülmen,_Merfeld,_Dülmener_Pferde_im_Merfelder_Bruch_--_2022_--_1230.jpg",wikimedia,,domestic_horse,4,"[0.6726100966334343, 0.5635044574737549, 0.2308722585439682, 0.16897320747375488]",0.260986,red deer,cervus elaphus,0.991331,class,flag
"data/wikimedia/images/domestic_horse/Dülmen,_Merfeld,_Dülmener_Pferde_im_Merfelder_Bruch_--_2022_--_1060.jpg",wikimedia,,domestic_horse,7,"[0.8433645647019148, 0.49013321101665497, 0.05722742900252342, 0.25308337807655334]",0.459736,red deer,cervus elaphus,0.561574,class,flag
data/wikimedia/images/domestic_horse/Fish_Lake_Valley_Emergency_Wild_Horse_Gather_2013_(9674342540)_(2).jpg,wikimedia,,domestic_horse,5,"[0.0364583320915699, 0.49744151532649994, 0.0729166641831398, 0.5146198868751526]",0.225964,domestic cattle,bos taurus,0.916727,class,flag
"data/wikimedia/images/domestic_horse/Dülmen,_Merfeld,_Dülmener_Wildpferde_in_der_Wildbahn_--_2021_--_4256.jpg",wikimedia,,domestic_horse,1,"[0.11882442189380527, 0.11591082066297531, 0.2280212789773941, 0.23182164132595062]",0.29795,domestic goat,capra aegagrus hircus,0.389977,class,flag
data/wikimedia/images/domestic_horse/Chladnokrevník.jpg,wikimedia,,domestic_horse,1,"[0.17509157955646515, 0.8095703125, 0.3501831591129303, 0.380859375]",0.402391,domestic cattle,bos taurus,0.654593,class,flag
data/wikimedia/images/domestic_horse/Chladnokrevník.jpg,wikimedia,,domestic_horse,2,"[0.5523809641599655, 0.7744140625, 0.2608058750629425, 0.154296875]",0.307922,domestic cattle,bos taurus,0.761762,class,flag
data/wikimedia/images/domestic_horse/Budweiser_Clydesdales_Boston.jpg,wikimedia,,domestic_horse,2,"[0.8896628990769386, 0.48906204104423523, 0.2197752743959427, 0.8600539565086365]",0.304751,human,homo sapiens,0.821527,class,flag
data/wikimedia/images/domestic_horse/Kandachime_Shiriya_Higashidori_Aomori_prf_IMG_7837.jpg,wikimedia,,domestic_horse,5,"[0.1604558564722538, 0.5236372351646423, 0.11396526545286179, 0.23878437280654907]",0.222046,domestic cattle,bos taurus,0.931397,class,flag
"data/wikimedia/images/domestic_horse/Dülmen,_Merfeld,_Dülmener_Pferde_im_Merfelder_Bruch_--_2018_--_1631.jpg",wikimedia,,domestic_horse,2,"[0.7355654686689377, 0.6027901843190193, 0.10535714030265808, 0.2154017835855484]",0.339434,domestic cattle,bos taurus,0.914233,class,flag
data/wikimedia/images/american_mink/Fot.Andrew_Skowron_(49287614217).jpg,wikimedia,,american_mink,1,"[0.2770727537572384, 0.41943901777267456, 0.4543147087097168, 0.5557730197906494]",0.270752,nutria,myocastor coypus,0.43874,class,flag
data/wikimedia/images/asian_elephant/MANAS_NATIONAL_PARK.jpg,wikimedia,,asian_elephant,3,"[0.5203843303024769, 0.6861530095338821, 0.11619970947504044, 0.2887931168079376]",0.375732,american bison,bison bison,0.78187,class,flag
"data/wikimedia/images/baboon_genus/Baboon,_Bale_Mountains_National_Park_(5)_(28995149980).jpg",wikimedia,,baboon_genus,1,"[0.7076666504144669, 0.4141250103712082, 0.33266666531562805, 0.45375001430511475]",0.316406,red deer,cervus elaphus,0.367541,class,flag
data/wikimedia/images/baboon_genus/A_Baboon.jpg,wikimedia,,baboon_genus,1,"[0.4564102664589882, 0.24535256251692772, 0.22564102709293365, 0.38429486751556396]",0.46167,red deer,cervus elaphus,0.207102,class,uncertain
data/wikimedia/images/baboon_genus/Chacma_Baboons_(Papio_ursinus)_(53054204996).jpg,wikimedia,,baboon_genus,1,"[0.6230003833770752, 0.31020642817020416, 0.30179476737976074, 0.3205275237560272]",0.211304,giant anteater,myrmecophaga tridactyla,0.410114,class,flag
data/wikimedia/images/cheetah/Cheetah_with_impala.jpg,wikimedia,,cheetah,1,"[0.5926157534122467, 0.6899999976158142, 0.6495619416236877, 0.6166666746139526]",0.385254,impala,aepyceros melampus,0.909621,class,flag
data/wikimedia/images/common_wombat/Baby_wombats.JPG,wikimedia,,common_wombat,2,"[0.8645833134651184, 0.1707818964496255, 0.270061731338501, 0.33847737312316895]",0.352295,wild boar,sus scrofa,0.50985,class,flag
data/wikimedia/images/cricetidae_family/Deer_mouse.jpg,wikimedia,,cricetidae_family,1,"[0.431547611951828, 0.44973544776439667, 0.3154761791229248, 0.5925925970077515]",0.265137,rodent,,0.110845,no_match,uncertain
data/wikimedia/images/domestic_donkey/20110710_Kinderboerderij_Drongen_(0013).jpg,wikimedia,,domestic_donkey,1,"[0.7616666406393051, 0.6237499862909317, 0.47333332896232605, 0.7487499713897705]",0.246216,domestic cattle,bos taurus,0.978711,class,flag
data/wikimedia/images/domestic_donkey/A_group_of_donkeys.jpg,wikimedia,,domestic_donkey,1,"[0.7669526189565659, 0.4198835715651512, 0.2242647111415863, 0.24908088147640228]",0.273792,domestic cattle,bos taurus,0.450602,class,flag
data/wikimedia/images/domestic_donkey/A_group_of_donkeys.jpg,wikimedia,,domestic_donkey,2,"[0.9221813604235649, 0.4146752581000328, 0.1556372493505478, 0.24908088147640228]",0.252192,domestic cattle,bos taurus,0.85638,class,flag
data/wikimedia/images/domestic_donkey/A_group_of_donkeys.jpg,wikimedia,,domestic_donkey,3,"[0.558415025472641, 0.43474265933036804, 0.3235294222831726, 0.23835784196853638]",0.240853,domestic cattle,bos taurus,0.611528,class,flag
data/wikimedia/images/domestic_donkey/Down_on_the_farm_(Explored)_(5790438595).jpg,wikimedia,,domestic_donkey,1,"[0.07509881583973765, 0.6444591134786606, 0.1462450623512268, 0.3298152983188629]",0.20937,white-tailed deer,odocoileus virginianus,0.305753,class,flag
data/wikimedia/images/domestic_horse/Packing_demonstration_(15227114697).jpg,wikimedia,,domestic_horse,2,"[0.24421436339616776, 0.3273657187819481, 0.2679658830165863, 0.239556685090065]",0.224634,human,homo sapiens,0.997199,class,flag
data/wikimedia/images/domestic_horse/0F8A3142HT-N_(50857312272).jpg,wikimedia,,domestic_horse,4,"[0.5182748660445213, 0.5039747804403305, 0.08918128907680511, 0.4947916567325592]",0.443441,domestic cattle,bos taurus,0.397225,class,flag
data/wikimedia/images/eared_seals/Alaska_2007_056.jpg,wikimedia,,eared_seals,4,"[0.2996419332921505, 0.3517795205116272, 0.1038411483168602, 0.12109375]",0.402344,lion,panthera leo,0.913848,no_match,flag
data/wikimedia/images/eared_seals/Galapagos_sea_lion_2025-09-04_(54873297275).jpg,wikimedia,,eared_seals,1,"[0.5304948911070824, 0.4687923938035965, 0.23220054805278778, 0.2595464289188385]",0.463623,giant otter,pteronura brasiliensis,0.353341,no_match,flag
data/wikimedia/images/golden_jackal/Golden_jackal04415.jpg,wikimedia,,golden_jackal,1,"[0.2146666683256626, 0.6277500092983246, 0.09833333641290665, 0.15049999952316284]",0.365723,tammar wallaby,macropus eugenii,0.21947,class,uncertain
"data/wikimedia/images/gorilla_species/Gorila_de_montaña_(Gorilla_beringei_beringei),_parque_nacional_de_la_Selva_Impenetrable_de_Bwindi,_Uganda,_2024-02-02,_DD_37.jpg",wikimedia,,gorilla_species,1,"[0.6826688349246979, 0.32426323369145393, 0.6265256404876709, 0.546555757522583]",0.341064,spectacled bear,tremarctos ornatus,0.332512,class,flag
"data/wikimedia/images/gorilla_species/Gorila_de_montaña_(Gorilla_beringei_beringei),_parque_nacional_de_la_Selva_Impenetrable_de_Bwindi,_Uganda,_2024-02-02,_DD_46.jpg",wikimedia,,gorilla_species,1,"[0.538817286491394, 0.6668680906295776, 0.9205458760261536, 0.6638466715812683]",0.361816,american black bear,ursus americanus,0.532433,class,flag
"data/wikimedia/images/gorilla_species/Gorila_de_montaña_(Gorilla_beringei_beringei),_parque_nacional_de_la_Selva_Impenetrable_de_Bwindi,_Uganda,_2024-02-02,_DD_51.jpg",wikimedia,,gorilla_species,1,"[0.8227412700653076, 0.6392488330602646, 0.25230634212493896, 0.4469580352306366]",0.447021,sumatran serow,capricornis sumatraensis,0.193239,class,uncertain
"data/wikimedia/images/gorilla_species/Gorila_de_montaña_(Gorilla_beringei_beringei),_parque_nacional_de_la_Selva_Impenetrable_de_Bwindi,_Uganda,_2024-02-02,_DD_51.jpg",wikimedia,,gorilla_species,2,"[0.32083760201931, 0.6124533116817474, 0.38951531052589417, 0.6138809323310852]",0.334961,mountain tapir,tapirus pinchaque,0.347043,class,flag
"data/wikimedia/images/gorilla_species/Gorila_de_montaña_(Gorilla_beringei_beringei),_parque_nacional_de_la_Selva_Impenetrable_de_Bwindi,_Uganda,_2024-02-02,_DD_54.jpg",wikimedia,,gorilla_species,1,"[0.29887324571609497, 0.774139016866684, 0.20873239636421204, 0.30171138048171997]",0.452881,asiatic black bear,ursus thibetanus,0.333412,class,flag
"data/wikimedia/images/gorilla_species/Gorila_de_montaña_(Gorilla_beringei_beringei),_parque_nacional_de_la_Selva_Impenetrable_de_Bwindi,_Uganda,_2024-02-02,_DD_54.jpg",wikimedia,,gorilla_species,2,"[0.8114788606762886, 0.654341846704483, 0.24830986559391022, 0.4327065348625183]",0.430908,wild boar,sus scrofa,0.305568,class,flag
"data/wikimedia/images/gorilla_species/Gorila_de_montaña_(Gorilla_beringei_beringei),_parque_nacional_de_la_Selva_Impenetrable_de_Bwindi,_Uganda,_2024-02-02,_DD_58.jpg",wikimedia,,gorilla_species,1,"[0.7845128923654556, 0.589909166097641, 0.21541979908943176, 0.40040361881256104]",0.39624,wild boar,sus scrofa,0.679382,class,flag
data/wikimedia/images/gorilla_species/Gorilla_mother_and_baby_at_Volcans_National_Park.jpg,wikimedia,,gorilla_species,1,"[0.33799999207258224, 0.7284999787807465, 0.47999998927116394, 0.5389999747276306]",0.324707,american black bear,ursus americanus,0.952786,class,flag
data/wikimedia/images/gorilla_species/Gorilla_mother_and_baby_at_Volcans_National_Park.jpg,wikimedia,,gorilla_species,2,"[0.5409999936819077, 0.7274999916553497, 0.44200000166893005, 0.5389999747276306]",0.317139,american black bear,ursus americanus,0.871135,class,flag
"data/wikimedia/images/grey_wolf/'The_Saxons'_Tribute_to_King_Edward_by_Heywood_Hardy,_1872.jpg",wikimedia,,grey_wolf,4,"[0.3059171661734581, 0.7098298519849777, 0.15739645063877106, 0.3875236213207245]",0.214665,domestic cattle,bos taurus,0.396706,class,flag
data/wikimedia/images/hippopotamus/024_Hippopotamus_with_mouth_open_in_the_Serengeti_National_Park_Photo_by_Giles_Laurent.jpg,wikimedia,,hippopotamus,4,"[0.12673772443667985, 0.6731553748250008, 0.2525486648082733, 0.0886169821023941]",0.321045,domestic sheep,ovis aries,0.591918,order,flag
data/wikimedia/images/impala/Impala_(Aepyceros_melampus)_female_with_red-billed_oxpecker_Kruger.jpg,wikimedia,,impala,3,"[0.1352500021457672, 0.15174999833106995, 0.12483333051204681, 0.15649999678134918]",0.455566,human,homo sapiens,0.622095,class,flag
data/wikimedia/images/impala/Among_the_impalas_(16771150946).jpg,wikimedia,,impala,4,"[0.4810175597667694, 0.0667438292875886, 0.12474173307418823, 0.13040123879909515]",0.354217,human,homo sapiens,0.359349,class,flag
data/wikimedia/images/kangaroo_family/Brush-tailed-rock-wallaby-3.jpg,wikimedia,,kangaroo_family,1,"[0.80029296875, 0.7788628339767456, 0.2412109375, 0.32421875]",0.215332,common wildebeest,connochaetes taurinus,0.198366,no_match,uncertain
data/wikimedia/images/kangaroo_family/Wallaby_with_joey444.jpg,wikimedia,,kangaroo_family,1,"[0.6066666692495346, 0.7699999809265137, 0.28833332657814026, 0.30250000953674316]",0.387939,vervet monkey,chlorocebus pygerythrus,0.504919,no_match,flag
data/wikimedia/images/leaf_monkeys_genus/Gee's_golden_langur_-_Kakoijana_Reserve_Forest_2024-03-29_01.jpg,wikimedia,,leaf_monkeys_genus,2,"[0.5033613592386246, 0.510180339217186, 0.35332903265953064, 0.36222609877586365]",0.264404,domestic dog,canis familiaris,0.80619,class,flag
data/wikimedia/images/leaf_monkeys_genus/Gee's_golden_langur_-_Kakoijana_Reserve_Forest_2024-03-29_01.jpg,wikimedia,,leaf_monkeys_genus,3,"[0.6542340219020844, 0.65900719165802, 0.6915320158004761, 0.6699631810188293]",0.245117,domestic dog,canis familiaris,0.218194,class,uncertain
data/wikimedia/images/lion/Cub_chewing_on_a_piece_of_bark_with_mother_in_2009.jpg,wikimedia,,lion,2,"[0.07624530047178268, 0.2676553726196289, 0.15249060094356537, 0.3333333432674408]",0.373047,woodchuck,marmota monax,0.398198,class,flag
"data/wikimedia/images/lion/León_(Panthera_leo),_parque_nacional_Serengueti,_Tanzania,_2024-05-26,_DD_42.jpg",wikimedia,,lion,1,"[0.1178477270732401, 0.6159572005271912, 0.23538532853126526, 0.3796231746673584]",0.358643,white-tailed deer,odocoileus virginianus,0.742492,class,flag
data/wikimedia/images/llama_genus/Llama!_(2517163307).jpg,wikimedia,,llama_genus,2,"[0.3815104216337204, 0.40087890625, 0.2552083432674408, 0.1416015625]",0.351807,white-tailed deer,odocoileus virginianus,0.344918,order,flag
data/wikimedia/images/macaque_species/Formosan_Rock_Monkeys.jpg,wikimedia,,macaque_species,4,"[0.7116075716912746, 0.5348542407155037, 0.10939907282590866, 0.10899873077869415]",0.260254,human,homo sapiens,0.341484,order,flag
data/wikimedia/images/macaque_species/Barbary_Macaques_Gibraltar_02.jpg,wikimedia,,macaque_species,1,"[0.6109775900840759, 0.7692307680845261, 0.6466346383094788, 0.22788462042808533]",0.306641,lion,panthera leo,0.11502,class,uncertain
"data/wikimedia/images/muridae_family/Apodemus_sylvaticus_(dead),_hind_leg.jpg",wikimedia,,muridae_family,1,"[0.5625000149011612, 0.5368006080389023, 0.8655405640602112, 0.3811490833759308]",0.277561,domestic cattle,bos taurus,0.243724,no_match,uncertain
"data/wikimedia/images/plains_zebra/Bariadi,_Tanzania_-_panoramio_(26).jpg",wikimedia,,plains_zebra,2,"[0.22500000149011612, 0.37481260299682617, 0.3400000035762787, 0.32383808493614197]",0.40918,vervet monkey,chlorocebus pygerythrus,0.670408,class,flag
data/wikimedia/images/puma/Couguar_st-felicien.jpg,wikimedia,,puma,1,"[0.375, 0.38750000298023224, 0.3125, 0.2750000059604645]",0.248169,white-tailed deer,odocoileus virginianus,0.590667,class,flag
"data/wikimedia/images/red_deer/Bushy_Park,_Deer_Park_-_geograph.org.uk_-_1613664.jpg",wikimedia,,red_deer,2,"[0.390625, 0.6347962468862534, 0.609375, 0.46081504225730896]",0.368652,thomson's gazelle,eudorcas thomsonii,0.39519,order,flag
data/wikimedia/images/red_fox/Foxplayingwithkit04.jpg,wikimedia,,red_fox,2,"[0.1843501329421997, 0.5767326653003693, 0.27586206793785095, 0.4356435537338257]",0.363525,spotted hyaena,crocuta crocuta,0.442167,order,flag
data/wikimedia/images/reindeer/1930-31_kirovsk_2.jpg,wikimedia,,reindeer,1,"[0.8880967274308205, 0.6802265644073486, 0.22380657494068146, 0.5839340686798096]",0.457784,domestic cattle,bos taurus,0.607741,order,flag
data/wikimedia/images/reindeer/1930-31_kirovsk_2.jpg,wikimedia,,reindeer,2,"[0.7727836146950722, 0.684860959649086, 0.15933044254779816, 0.4222451150417328]",0.313568,domestic cattle,bos taurus,0.767092,order,flag
data/wikimedia/images/reindeer/1930-31_kirovsk_2.jpg,wikimedia,,reindeer,3,"[0.6776193529367447, 0.5525231659412384, 0.1153130829334259, 0.5818743705749512]",0.255024,domestic cattle,bos taurus,0.944947,order,flag
data/wikimedia/images/reindeer/205_Мирный._Зоопарк_«Живые_алмазы_Якутии».jpg,wikimedia,,reindeer,1,"[0.6640625, 0.35773319005966187, 0.668749988079071, 0.7154663801193237]",0.213013,domestic cattle,bos taurus,0.531807,order,flag
data/wikimedia/images/rhinoceros_family/Africa_Safari_005_(5260792026).jpg,wikimedia,,rhinoceros_family,1,"[0.2611111141741276, 0.5513888821005821, 0.47962963581085205, 0.8833333253860474]",0.443604,african elephant,loxodonta africana,0.918834,no_match,flag
data/wikimedia/images/ring-tailed_lemur/Anja_Park_2013_5.jpg,wikimedia,,ring-tailed_lemur,2,"[0.46455222368240356, 0.2870447039604187, 0.2985074520111084, 0.3191225230693817]",0.497559,brush-tailed rock wallaby,petrogale penicillata,0.329424,class,flag
data/wikimedia/images/ring-tailed_lemur/Katta_Lemur_catta_Wien_Tiergarten_Schönbrunn.jpg,wikimedia,,ring-tailed_lemur,1,"[0.42444129288196564, 0.49587656557559967, 0.22454771399497986, 0.7571162581443787]",0.352338,ringtail,bassariscus astutus,0.180641,class,uncertain
data/wikimedia/images/vervet_monkey/African_Monkey_in_the_Nairobi_Orphanage.jpg,wikimedia,,vervet_monkey,1,"[0.23424030095338821, 0.6791487373411655, 0.16621766984462738, 0.08063936978578568]",0.206543,domestic cattle,bos taurus,0.388079,class,flag
data/wikimedia/images/wild_boar/20191215_Świnia_na_ulicy_Puszkaru_1008_8662.jpg,wikimedia,,wild_boar,2,"[0.4104139655828476, 0.11003860854543746, 0.38227683305740356, 0.21853281557559967]",0.21723,domestic cattle,bos taurus,0.430468,order,flag
data/wikimedia/images/wild_boar/Animal_Cruelty_Iowa_Select_Farms_IS_2011-05-14_71_(5840757669).jpg,wikimedia,,wild_boar,2,"[0.09000000357627869, 0.531333327293396, 0.18000000715255737, 0.918666660785675]",0.203082,domestic cattle,bos taurus,0.796923,order,flag
"data/wikimedia/images/african_wild_dog/Wildlife,_Madikwe_Game_Reserve,_South_Africa_(46892564731).jpg",wikimedia,,african_wild_dog,2,"[0.7853856980800629, 0.6040322482585907, 0.42922860383987427, 0.6451612710952759]",0.312103,spotted hyaena,crocuta crocuta,0.232885,order,uncertain
"data/wikimedia/images/asian_elephant/Asian_elephant_(Elephas_maximus)_female_Permai_at_Perth_Zoo,_February_2023_42.jpg",wikimedia,,asian_elephant,1,"[0.5033700838685036, 0.37540850788354874, 0.14950980246067047, 0.2410130649805069]",0.475342,domestic cattle,bos taurus,0.252716,class,uncertain
data/wikimedia/images/baboon_genus/A_busy_Male_Baboon_taking_care_of_his_female_at_Uwinka_in_Nyungwe_National_Park_01.jpg,wikimedia,,baboon_genus,3,"[0.663899764418602, 0.6884343102574348, 0.2542317807674408, 0.14739049971103668]",0.288574,white-tailed antelope squirrel,ammospermophilus leucurus,0.251184,class,uncertain
data/wikimedia/images/baboon_genus/Baboons_trapped_up_tree_by_lions.jpg,wikimedia,,baboon_genus,1,"[0.20698925107717514, 0.49587222188711166, 0.2590295076370239, 0.8158650398254395]",0.309814,domestic cattle,bos taurus,0.703401,class,flag
data/wikimedia/images/baboon_genus/Hamadryas_baboon_(13968479133).jpg,wikimedia,,baboon_genus,1,"[0.4717615284025669, 0.7971238046884537, 0.8377408981323242, 0.4057524502277374]",0.204612,domestic goat,capra aegagrus hircus,0.888815,class,flag
data/wikimedia/images/baboon_genus/Papio_cynocephalus_320912868.jpg,wikimedia,,baboon_genus,1,"[0.515625, 0.5915751196444035, 0.1201171875, 0.11062271147966385]",0.268698,domestic goat,capra aegagrus hircus,0.435857,class,flag
data/wikimedia/images/blackbuck/Antelope_(3867968390).jpg,wikimedia,,blackbuck,1,"[0.4646892547607422, 0.07896505296230316, 0.3997175097465515, 0.15793010592460632]",0.365544,white-tailed deer,odocoileus virginianus,0.462888,no_match,flag
data/wikimedia/images/blesbok/Bontebok-7_-_Flickr_-_Ragnhild_&_Neil_Crawford.jpg,wikimedia,,blesbok,1,"[0.7118902504444122, 0.5943333208560944, 0.42743903398513794, 0.4860000014305115]",0.361084,domestic horse,equus caballus,0.357737,class,flag
data/wikimedia/images/brown_bear/Grizzly_bear_grizzly_and_wolf_discovery_center_7.24.23_DSC_7815.jpg,wikimedia,,brown_bear,1,"[0.17550383880734444, 0.0763347337488085, 0.09860844165086746, 0.15146970748901367]",0.250122,greater hog badger,arctonyx collaris,0.384155,order,flag
data/wikimedia/images/brown_bear/Grizzly_bear_grizzly_and_wolf_discovery_center_7.24.23_DSC_7793.jpg,wikimedia,,brown_bear,2,"[0.16241829842329025, 0.13385076075792313, 0.08518518507480621, 0.1473311483860016]",0.393311,greater hog badger,arctonyx collaris,0.742232,order,flag
data/wikimedia/images/brown_bear/Brown_bear_cubs_playing_in_water_(1).jpg,wikimedia,,brown_bear,1,"[0.5080952495336533, 0.447857141494751, 0.5628571510314941, 0.7214285731315613]",0.391846,domestic cattle,bos taurus,0.258982,class,uncertain
data/wikimedia/images/callithrix_species/Macaco_Sagui.jpg,wikimedia,,callithrix_species,1,"[0.41114456951618195, 0.5605616122484207, 0.2981927692890167, 0.28206202387809753]",0.383057,black-and-gold howler monkey,alouatta caraya,0.126719,order,uncertain
data/wikimedia/images/callithrix_species/Sagui-de-tufos-brancos_em_Pernambuco.jpg,wikimedia,,callithrix_species,2,"[0.4243333265185356, 0.40550001710653305, 0.1626666635274887, 0.2160000056028366]",0.28125,olive baboon,papio anubis,0.144353,order,uncertain
data/wikimedia/images/callithrix_species/Sagui-de-tufos-brancos_em_Pernambuco.jpg,wikimedia,,callithrix_species,3,"[0.4101666584610939, 0.5397500097751617, 0.19766665995121002, 0.5195000171661377]",0.208618,brown bear,ursus arctos,0.202473,class,uncertain
data/wikimedia/images/callithrix_species/Black-tufted_Marmoset?_(20949051975).jpg,wikimedia,,callithrix_species,1,"[0.6675862073898315, 0.7318166196346283, 0.5082758665084839, 0.5363667607307434]",0.480957,northern chamois,rupicapra rupicapra,0.089421,class,uncertain
data/wikimedia/images/chimpanzee/Chimp_Eden_Sanctuary_-_Charley_(5187391191).jpg,wikimedia,,chimpanzee,1,"[0.11893078684806824, 0.3964120263699442, 0.23786157369613647, 0.7920524477958679]",0.211689,american bison,bison bison,0.595896,class,flag
"data/wikimedia/images/chimpanzee/Chimpanzee,_Kibale,_Uganda_(15300403643).jpg",wikimedia,,chimpanzee,1,"[0.57470703125, 0.22812920762225986, 0.5634765625, 0.45087483525276184]",0.204712,giant anteater,myrmecophaga tridactyla,0.736367,class,flag
"data/wikimedia/images/chipmunk_genus/Bayside,_WI_53217,_USA_-_panoramio_(3).jpg",wikimedia,,chipmunk_genus,1,"[0.44354182481765747, 0.6469849050045013, 0.3265637755393982, 0.5477386713027954]",0.227783,african civet,civettictis civetta,0.101836,class,uncertain
data/wikimedia/images/common_fallow_deer/Dama_dama_in_Kreis_Kleve_PM22-01.jpg,wikimedia,,common_fallow_deer,1,"[0.26787159591913223, 0.17428889870643616, 0.18127866089344025, 0.19854991137981415]",0.231323,domestic cattle,bos taurus,0.32285,order,flag
"data/wikimedia/images/common_warthog/Facóqueros_comunes_(Phacochoerus_africanus),_reserva_natural_Masái_Mara,_Kenia,_2024-05-20,_DD_10.jpg",wikimedia,,common_warthog,2,"[0.6600750684738159, 0.5711192935705185, 0.4246535897254944, 0.3368694484233856]",0.201538,red deer,cervus elaphus,0.784529,order,flag
data/wikimedia/images/common_wildebeest/Stay_close_to_Mummy_dear_690V1620_-_Flickr_-_Lip_Kee.jpg,wikimedia,,common_wildebeest,3,"[0.5862499997019768, 0.20546875149011612, 0.16750000417232513, 0.10468749701976776]",0.246582,domestic horse,equus caballus,0.757695,class,flag
"data/wikimedia/images/common_wildebeest/Yellow-billed_Oxpecker_(Buphagus_africanus),_Masi_Mara.jpg",wikimedia,,common_wildebeest,1,"[0.5000000011641532, 0.7109375, 0.9975000023841858, 0.559374988079071]",0.30249,american black bear,ursus americanus,0.231423,class,uncertain
data/wikimedia/images/dhole/Dhole_or_Wild_dog_(57).jpg,wikimedia,,dhole,1,"[0.8031442761421204, 0.37340855598449707, 0.39293980598449707, 0.39265045523643494]",0.226929,domestic cattle,bos taurus,0.519396,class,flag
data/wikimedia/images/domestic_dog/Street_Dog_Pelotas.jpg,wikimedia,,domestic_dog,1,"[0.69873046875, 0.45482389628887177, 0.2548828125, 0.48085758090019226]",0.415812,white-tailed deer,odocoileus virginianus,0.145335,class,uncertain
data/wikimedia/images/domestic_dog/Thank_you_Look.jpg,wikimedia,,domestic_dog,5,"[0.46903935819864273, 0.5688657313585281, 0.09780092537403107, 0.1319444477558136]",0.273438,wild goat,capra aegagrus,0.516704,class,flag
data/wikimedia/images/domestic_donkey/Meanwood_donkey_2008.jpg,wikimedia,,domestic_donkey,1,"[0.04610907009919174, 0.8539623916149139, 0.09160539507865906, 0.29125815629959106]",0.320083,white-tailed deer,odocoileus virginianus,0.499984,class,flag
data/wikimedia/images/domestic_donkey/駅前にロバの花屋さんがいる街、ここは逗子です。_(5355911355).jpg,wikimedia,,domestic_donkey,1,"[0.2818627394735813, 0.5571895390748978, 0.491830050945282, 0.6633986830711365]",0.412195,domestic dog,canis familiaris,0.585859,class,flag
data/wikimedia/images/domestic_horse/Horses_(8273868440).jpg,wikimedia,,domestic_horse,2,"[0.3938044235110283, 0.6251018047332764, 0.1308392733335495, 0.14800488948822021]",0.255371,domestic cattle,bos taurus,0.486157,class,flag
"data/wikimedia/images/domestic_horse/Dülmen,_Merfeld,_Dülmener_Pferde_im_Merfelder_Bruch_--_2024_--_4016.jpg",wikimedia,,domestic_horse,2,"[0.14786063134670258, 0.3604115843772888, 0.29572126269340515, 0.3254806399345398]",0.409912,domestic goat,capra aegagrus hircus,0.73888,class,flag
"data/wikimedia/images/domestic_horse/Dülmen,_Merfeld,_Dülmener_Pferde_im_Merfelder_Bruch_--_2024_--_4016.jpg",wikimedia,,domestic_horse,3,"[0.3854486495256424, 0.3173571527004242, 0.19173136353492737, 0.3059842884540558]",0.35376,domestic goat,capra aegagrus hircus,0.510137,class,flag
data/wikimedia/images/domestic_horse/Horse_sex_in_nepal.jpg,wikimedia,,domestic_horse,2,"[0.4570312649011612, 0.6364583373069763, 0.23593750596046448, 0.6979166865348816]",0.380615,pronghorn,antilocapra americana,0.568805,class,flag
data/wikimedia/images/domestic_horse/Exmoor-Ponys_Moorlandschaft_Alperstedter_Ried_mit_Nachwuchs.jpg,wikimedia,,domestic_horse,3,"[0.4683593884110451, 0.7052083313465118, 0.10234375298023224, 0.26249998807907104]",0.4104,domestic cattle,bos taurus,0.593163,class,flag
data/wikimedia/images/domestic_horse/Exmoor-Ponys_Moorlandschaft_Alperstedter_Ried_mit_Nachwuchs.jpg,wikimedia,,domestic_horse,4,"[0.9343749731779099, 0.3375000134110451, 0.13124999403953552, 0.13333334028720856]",0.227306,common wildebeest,connochaetes taurinus,0.720775,class,flag
data/wikimedia/images/domestic_horse/Exmoor-Ponys_Moorlandschaft_Alperstedter_Ried_mit_Nachwuchs.jpg,wikimedia,,domestic_horse,5,"[0.7707031220197678, 0.39791666716337204, 0.4554687440395355, 0.23333333432674408]",0.202148,domestic cattle,bos taurus,0.834742,class,flag
data/wikimedia/images/domestic_horse/MINISTRO_DE_DEFENSA_PARTICIPÓ_DE_LA_GRAN_PARADA_Y_DESFILE_CÍVICO_MILITAR_2018_-_42814322195.jpg,wikimedia,,domestic_horse,3,"[0.078369140625, 0.5655677951872349, 0.14599609375, 0.10842490941286087]",0.299063,human,homo sapiens,0.994142,class,flag
"data/wikimedia/images/domestic_horse/Héron_garde-boeufs,_Le_Crotoy.jpg",wikimedia,,domestic_horse,1,"[0.3928571492433548, 0.4470720603130758, 0.3685714304447174, 0.8896396160125732]",0.258789,domestic cattle,bos taurus,0.719337,class,flag
data/wikimedia/images/domestic_horse/Khan_Tengri_87_(143)_База_в_Майда-Адыр.jpg,wikimedia,,domestic_horse,5,"[0.27906249463558197, 0.6315789669752121, 0.1393750011920929, 0.28654971718788147]",0.206543,domestic cattle,bos taurus,0.857083,class,flag
"data/wikimedia/images/domestic_horse/""Our_Dumb_Friends'_League.""_A_society_for_the_encouragement_of_kindness_to_animals._Blue_Cross_fund_for_wounded_horses_at_the_front_LCCN2003675375_(cropped).jpg",wikimedia,,domestic_horse,1,"[0.39378640055656433, 0.5690607577562332, 0.3961164951324463, 0.3051828444004059]",0.284995,human,homo sapiens,0.881265,class,flag
"data/wikimedia/images/domestic_horse/Dülmen,_Merfeld,_Dülmener_Pferde_im_Merfelder_Bruch_--_2024_--_4014.jpg",wikimedia,,domestic_horse,1,"[0.8760309517383575, 0.7472938150167465, 0.24725085496902466, 0.49664947390556335]",0.369692,domestic cattle,bos taurus,0.952202,class,flag
"data/wikimedia/images/domestic_horse/Dülmen,_Merfeld,_Dülmener_Pferde_im_Merfelder_Bruch_--_2024_--_4014.jpg",wikimedia,,domestic_horse,2,"[0.7876288592815399, 0.6163659989833832, 0.42474228143692017, 0.7559278607368469]",0.332764,domestic cattle,bos taurus,0.966686,class,flag
"data/wikimedia/images/domestic_horse/2016-366-217_Sniff,_Sniff,_Sniff_(28491453220).jpg",wikimedia,,domestic_horse,1,"[0.07794830203056335, 0.8433237671852112, 0.1558966040611267, 0.28894472122192383]",0.477074,domestic cattle,bos taurus,0.263033,class,uncertain
data/wikimedia/images/eared_seals/Callorhinus_ursinus_and_harem.jpg,wikimedia,,eared_seals,3,"[0.8194679021835327, 0.5379506498575211, 0.14146959781646729, 0.2511068880558014]",0.276855,giant otter,pteronura brasiliensis,0.186428,no_match,uncertain
data/wikimedia/images/eared_seals/Callorhinus_ursinus_and_harem.jpg,wikimedia,,eared_seals,4,"[0.11570945967105217, 0.4367488920688629, 0.2305743247270584, 0.35610371828079224]",0.259766,human,homo sapiens,0.365405,no_match,flag
data/wikimedia/images/eared_seals/Callorhinus_ursinus_and_harem.jpg,wikimedia,,eared_seals,5,"[0.7301520258188248, 0.5003162547945976, 0.11739864945411682, 0.16065780818462372]",0.237915,domestic cattle,bos taurus,0.319764,no_match,flag
data/wikimedia/images/eared_seals/California_sea_lions_in_La_Jolla_(70516).jpg,wikimedia,,eared_seals,2,"[0.8961588442325592, 0.7274193614721298, 0.2072482705116272, 0.4878136217594147]",0.350342,domestic cattle,bos taurus,0.627184,no_match,flag
"data/wikimedia/images/eared_seals/Leones_Marinos_en_Isla_Coronado,_Loreto,_Baja_california_Sur.jpg",wikimedia,,eared_seals,2,"[0.609987735748291, 0.5185865983366966, 0.22610294818878174, 0.169526144862175]",0.427002,domestic horse,equus caballus,0.421843,no_match,flag
"data/wikimedia/images/eastern_gray_squirrel/Eastern_gray_squirrel_(Sciurus_carolinensis)_eating_an_apple,_Boston_Common,_Boston,_Massachusetts,_US_(PPL1-Corrected)_julesvernex2.jpg",wikimedia,,eastern_gray_squirrel,1,"[0.5068509727716446, 0.4117221459746361, 0.2901442348957062, 0.21402154862880707]",0.422119,domestic cattle,bos taurus,0.178696,class,uncertain
data/wikimedia/images/elephant_seal/Elephant_Seals_of_Ano_Nuevo_-_Flickr_-_GregTheBusker_(1).jpg,wikimedia,,elephant_seal,7,"[0.6559244766831398, 0.4733072854578495, 0.2278645783662796, 0.0993923619389534]",0.482178,common wildebeest,connochaetes taurinus,0.430633,no_match,flag
data/wikimedia/images/elephant_seal/Elephant_Seals_of_Ano_Nuevo_-_Flickr_-_GregTheBusker_(1).jpg,wikimedia,,elephant_seal,9,"[0.619303397834301, 0.3995225578546524, 0.2399088591337204, 0.0985243022441864]",0.405518,domestic cattle,bos taurus,0.598506,no_match,flag
data/wikimedia/images/elephant_seal/Elephant_Seals_of_Ano_Nuevo_-_Flickr_-_GregTheBusker_(1).jpg,wikimedia,,elephant_seal,10,"[0.5206705629825592, 0.3003472238779068, 0.1943359375, 0.0694444477558136]",0.256836,lion,panthera leo,0.318568,no_match,flag
data/wikimedia/images/elephant_seal/Southern_Elephant_Seals_(5798491370).jpg,wikimedia,,elephant_seal,1,"[0.1571229100227356, 0.5578931123018265, 0.3142458200454712, 0.22205159068107605]",0.371582,domestic cattle,bos taurus,0.595767,no_match,flag
data/wikimedia/images/eulemur_species/Eulemur_collaris_001.jpg,wikimedia,,eulemur_species,4,"[0.5918859466910362, 0.46691176295280457, 0.18114034831523895, 0.2034313678741455]",0.283691,purús red howler monkey,alouatta puruensis,0.285354,order,uncertain
data/wikimedia/images/eulemur_species/Eulemur_collaris_001_edit.jpg,wikimedia,,eulemur_species,4,"[0.5929824635386467, 0.4644607827067375, 0.18421052396297455, 0.20588235557079315]",0.338623,emperor tamarin,saguinus imperator,0.388743,order,flag
data/wikimedia/images/eulemur_species/White-collared_brown_lemur.jpg,wikimedia,,eulemur_species,1,"[0.7281250357627869, 0.6986417770385742, 0.32875001430511475, 0.5857385396957397]",0.214233,domestic cattle,bos taurus,0.639254,class,flag
data/wikimedia/images/eulemur_species/Brown_lemur_with_offspring_in_tree_-_DPLA_-_eac6a4c0ac2cb03a73e4f96a28855222.jpg,wikimedia,,eulemur_species,2,"[0.2544191926717758, 0.5945692807435989, 0.24116161465644836, 0.32958802580833435]",0.23877,douglas's squirrel,tamiasciurus douglasii,0.300589,class,flag
data/wikimedia/images/eurasian_red_squirrel/Acrobat_(50532607887).jpg,wikimedia,,eurasian_red_squirrel,1,"[0.304749995470047, 0.7074829936027527, 0.3075000047683716, 0.426716148853302]",0.27832,red deer,cervus elaphus,0.315903,class,flag
data/wikimedia/images/eurasian_red_squirrel/By_a_tree_(41715242380).jpg,wikimedia,,eurasian_red_squirrel,1,"[0.481875017285347, 0.4679054021835327, 0.30541667342185974, 0.6682432293891907]",0.202393,mule deer,odocoileus hemionus,0.426887,class,flag
data/wikimedia/images/eurasian_red_squirrel/Eichhoernchen_G.jpg,wikimedia,,eurasian_red_squirrel,1,"[0.6206250041723251, 0.6662303507328033, 0.44624999165534973, 0.6675392389297485]",0.344238,american black bear,ursus americanus,0.334614,class,flag
data/wikimedia/images/eurasian_red_squirrel/'Belinda'_(34159321766).jpg,wikimedia,,eurasian_red_squirrel,1,"[0.5440751612186432, 0.5517615079879761, 0.2767341136932373, 0.5311653017997742]",0.469727,domestic goat,capra aegagrus hircus,0.517479,class,flag
data/wikimedia/images/giant_panda/Mei_Xiang_Female_Panda_Eating_Bamboo_While_Lying_Down_30.jpg,wikimedia,,giant_panda,1,"[0.2100833328149747, 0.5959999859333038, 0.41983333230018616, 0.4129999876022339]",0.450928,domestic dog,canis familiaris,0.553029,order,flag
data/wikimedia/images/giant_panda/Pandejo_en_Ĉengduo_(2014)_27.jpg,wikimedia,,giant_panda,1,"[0.2881433852016926, 0.6192810535430908, 0.12346813827753067, 0.16421568393707275]",0.459717,puma,puma concolor,0.08192,order,uncertain
data/wikimedia/images/giant_panda/Ailuropoda_melanoleuca_Zoo_Schönbrunn_2018_f.jpg,wikimedia,,giant_panda,2,"[0.8322321251034737, 0.521125003695488, 0.23874999582767487, 0.1837500035762787]",0.389893,american bison,bison bison,0.377031,class,flag
data/wikimedia/images/gorilla_species/GLR_mountain_ol.jpg,wikimedia,,gorilla_species,1,"[0.7503720223903656, 0.4827008886495605, 0.4992559552192688, 0.9631696343421936]",0.426025,american bison,bison bison,0.309738,class,flag
data/wikimedia/images/grey_wolf/Wolf_(7388314356).jpg,wikimedia,,grey_wolf,1,"[0.9600833393633366, 0.8498749956488609, 0.07983333617448807, 0.13224999606609344]",0.436798,domestic cattle,bos taurus,0.124505,class,uncertain
data/wikimedia/images/hedgehog_family/2024_Noerdlicher_Weissbrustigel_-_Erinaceus_roumanicus_-_by_2eight_-_9SC9339.jpg,wikimedia,,hedgehog_family,1,"[0.49169921875, 0.8010989278554916, 0.3837890625, 0.34505495429039]",0.42334,mule deer,odocoileus hemionus,0.280718,no_match,uncertain
data/wikimedia/images/hippopotamus/Hippo_Rolling_around_in_the_Water.jpg,wikimedia,,hippopotamus,1,"[0.38165510445833206, 0.5625000260770321, 0.12789352238178253, 0.1232638880610466]",0.321376,african elephant,loxodonta africana,0.948618,class,flag
data/wikimedia/images/japanese_macaque/Macaca_fuscata_grooming_in_Higashiyama_zoo_-_2.jpg,wikimedia,,japanese_macaque,1,"[0.30014296621084213, 0.516476035118103, 0.4675244987010956, 0.5345860719680786]",0.443359,domestic dog,canis familiaris,0.146777,class,uncertain
data/wikimedia/images/kangaroo_family/Klokan_nenápadný_-_Petrogale_mareeba_-_Mareeba_Rock-wallaby.jpg,wikimedia,,kangaroo_family,2,"[0.604761928319931, 0.676339253783226, 0.13452380895614624, 0.13124999403953552]",0.421875,yellow-bellied marmot,marmota flaviventris,0.448779,no_match,flag
data/wikimedia/images/kangaroo_family/20120219_Olmense_Zoo_(20).jpg,wikimedia,,kangaroo_family,3,"[0.6131250038743019, 0.35379569232463837, 0.11124999821186066, 0.26522961258888245]",0.343262,northern raccoon,procyon lotor,0.325645,no_match,flag
data/wikimedia/images/koala/CSIRO_ScienceImage_3475_Koala_Coolart_Victoria.jpg,wikimedia,,koala,1,"[0.5713595375418663, 0.3449594974517822, 0.2477448433637619, 0.39558956027030945]",0.463135,rock hyrax,procavia capensis,0.091396,class,uncertain
data/wikimedia/images/koala/CSIRO_ScienceImage_3475_Koala_Coolart_Victoria.jpg,wikimedia,,koala,2,"[0.43218427151441574, 0.2223222330212593, 0.16398195922374725, 0.23492349684238434]",0.310151,domestic sheep,ovis aries,0.690471,class,flag
data/wikimedia/images/koala/Koala_and_baby.jpg,wikimedia,,koala,1,"[0.3308333307504654, 0.45805492997169495, 0.4099999964237213, 0.4187082350254059]",0.497559,east african potto,perodicticus ibeanus,0.354235,class,flag
data/wikimedia/images/koala/Koala_and_baby.jpg,wikimedia,,koala,2,"[0.5425000041723251, 0.2973273992538452, 0.34833332896232605, 0.21752041578292847]",0.48584,vervet monkey,chlorocebus pygerythrus,0.604401,class,flag
data/wikimedia/images/koala/Koala_Perth_Zoo.jpg,wikimedia,,koala,1,"[0.6815104186534882, 0.7164062708616257, 0.6328125, 0.2796874940395355]",0.279541,domestic cattle,bos taurus,0.493964,class,flag
data/wikimedia/images/leaf_monkeys_genus/Presbytis_siamensis_311660309.jpg,wikimedia,,leaf_monkeys_genus,1,"[0.97021484375, 0.5967033058404922, 0.0595703125, 0.8051282167434692]",0.363237,human,homo sapiens,0.738879,order,flag
data/wikimedia/images/leaf_monkeys_genus/Grey_Langur_Suckling.jpg,wikimedia,,leaf_monkeys_genus,1,"[0.7746913433074951, 0.4344618171453476, 0.44984567165374756, 0.7364004850387573]",0.319824,domestic goat,capra aegagrus hircus,0.409362,class,flag
data/wikimedia/images/lion/Pannonian_Basin_early-mid_Holocene.jpg,wikimedia,,lion,8,"[0.4878906160593033, 0.3482620343565941, 0.13046875596046448, 0.09491978585720062]",0.38531,red deer,cervus elaphus,0.704999,class,flag
"data/wikimedia/images/lion/2024-08-30_12_02_42_Female_lion_sleeping_at_the_Philadelphia_Zoo_in_Philadelphia,_Pennsylvania.jpg",wikimedia,,lion,1,"[0.9489087015390396, 0.085648144595325, 0.102182537317276, 0.15410052239894867]",0.489516,domestic cattle,bos taurus,0.511759,class,flag
data/wikimedia/images/lion/Lion_Cub.jpg,wikimedia,,lion,2,"[0.1161221566144377, 0.7348485067486763, 0.2317708283662796, 0.22979797422885895]",0.30835,domestic cattle,bos taurus,0.964388,class,flag
"data/wikimedia/images/lion/Lion_cubs,_MalaMala_Game_Reserve_(51653473781).jpg",wikimedia,,lion,2,"[0.6054283231496811, 0.6335464715957642, 0.4791339933872223, 0.3266109228134155]",0.358956,domestic sheep,ovis aries,0.242663,class,uncertain
data/wikimedia/images/lion/Lion_Panthera_leo_in_Tanzania_4111_Nevit.jpg,wikimedia,,lion,1,"[0.0677083358168602, 0.6432748436927795, 0.1354166716337204, 0.25]",0.228882,domestic cattle,bos taurus,0.17205,class,uncertain
"data/wikimedia/images/lion/Lion,_Sabi_Sand_Game_Reserve_(40025960055).jpg",wikimedia,,lion,3,"[0.5074550807476044, 0.5309095866978168, 0.15706700086593628, 0.10757080465555191]",0.306641,coyote,canis latrans,0.489186,order,flag
data/wikimedia/images/llama_genus/Two_lamas.jpg,wikimedia,,llama_genus,2,"[0.7869955003261566, 0.5551771074533463, 0.3733183741569519, 0.35558584332466125]",0.204224,domestic goat,capra aegagrus hircus,0.470734,order,flag
data/wikimedia/images/macaque_species/Bonnet_macaques_with_young_ones_from_Aziyar_Anamalai_Tiger_Reserve_JEG7908.jpg,wikimedia,,macaque_species,1,"[0.21854707598686218, 0.5136335864663124, 0.43709415197372437, 0.951899528503418]",0.272705,domestic cattle,bos taurus,0.391265,class,flag
data/wikimedia/images/macaque_species/Bonnet_macaques_with_young_ones_from_Aziyar_Anamalai_Tiger_Reserve_JEG7901.jpg,wikimedia,,macaque_species,2,"[0.5562094114720821, 0.7366727739572525, 0.11323051899671555, 0.3606005012989044]",0.289062,domestic goat,capra aegagrus hircus,0.148176,class,uncertain
data/wikimedia/images/macaque_species/Macaca_leonina_245798102.jpg,wikimedia,,macaque_species,1,"[0.3035939410328865, 0.33740234375, 0.22005043923854828, 0.1591796875]",0.238281,virginia opossum,didelphis virginiana,0.149014,class,uncertain
data/wikimedia/images/macaque_species/Black_macaques_(8386351401).jpg,wikimedia,,macaque_species,1,"[0.4759794622659683, 0.6383426785469055, 0.5396454930305481, 0.5533707737922668]",0.304783,sun bear,helarctos malayanus,0.643748,class,flag
data/wikimedia/images/macaque_species/Macaca_tonkeana_groupe.jpg,wikimedia,,macaque_species,8,"[0.4371033012866974, 0.7055267542600632, 0.2752452492713928, 0.3350604474544525]",0.480469,common wildebeest,connochaetes taurinus,0.241931,class,uncertain
data/wikimedia/images/macaque_species/Macaca_tonkeana_groupe.jpg,wikimedia,,macaque_species,9,"[0.38228506594896317, 0.6234887838363647, 0.17137910425662994, 0.40069085359573364]",0.389648,virginia opossum,didelphis virginiana,0.118156,class,uncertain
data/wikimedia/images/macaque_species/Macaca_tonkeana_groupe.jpg,wikimedia,,macaque_species,11,"[0.38776686787605286, 0.5034542381763458, 0.1627236008644104, 0.16925734281539917]",0.359131,american black bear,ursus americanus,0.130349,class,uncertain
data/wikimedia/images/macaque_species/Macaca_tonkeana_groupe.jpg,wikimedia,,macaque_species,12,"[0.2914021871984005, 0.475820392370224, 0.08886324614286423, 0.2227979302406311]",0.282959,domestic goat,capra aegagrus hircus,0.25764,class,uncertain
data/wikimedia/images/meerkat/Meercat_pups._-_geograph.org.uk_-_844369.jpg,wikimedia,,meerkat,1,"[0.6703125238418579, 0.48749999701976776, 0.6468750238418579, 0.5833333134651184]",0.417725,woodchuck,marmota monax,0.252069,class,uncertain
data/wikimedia/images/muridae_family/Tokudaia_osimensis_Amami_1.jpg,wikimedia,,muridae_family,1,"[0.18500882387161255, 0.11605938174761832, 0.3700176477432251, 0.22941970825195312]",0.331213,northern raccoon,procyon lotor,0.489571,no_match,flag
data/wikimedia/images/old_world_porcupine_family/Hystrix_cristata_qtl1.jpg,wikimedia,,old_world_porcupine_family,1,"[0.3149888664484024, 0.06645451486110687, 0.280732125043869, 0.13290902972221375]",0.351318,white-lipped peccary,tayassu pecari,0.177779,no_match,uncertain
"data/wikimedia/images/plains_zebra/Maasai_Mara,_Kenya_(32792217877).jpg",wikimedia,,plains_zebra,1,"[0.40273669362068176, 0.2247631847858429, 0.6279585957527161, 0.27361297607421875]",0.217285,domestic cattle,bos taurus,0.185317,class,uncertain
data/wikimedia/images/raccoon_dog/Marderhunde.jpg,wikimedia,,raccoon_dog,1,"[0.29835115000605583, 0.4790419191122055, 0.5049019455909729, 0.572455108165741]",0.414795,north american porcupine,erethizon dorsatum,0.258777,class,uncertain
data/wikimedia/images/red-necked_wallaby/Bennettkänguru_mit_Jungen_(Tiergarten_Delitzsch).jpg,wikimedia,,red-necked_wallaby,1,"[0.5245535671710968, 0.5657349973917007, 0.38761645555496216, 0.20031055808067322]",0.342773,red deer,cervus elaphus,0.241741,class,uncertain
data/wikimedia/images/ring-tailed_lemur/MG-naturpark-lemuren-3.jpg,wikimedia,,ring-tailed_lemur,4,"[0.7221769690513611, 0.15600814670324326, 0.10722041130065918, 0.2362525463104248]",0.273548,domestic cat,felis catus,0.19936,class,uncertain
data/wikimedia/images/ring-tailed_lemur/MG-naturpark-lemuren-3.jpg,wikimedia,,ring-tailed_lemur,5,"[0.3262757882475853, 0.5344195514917374, 0.1275787204504013, 0.2541751563549042]",0.207174,vervet monkey,chlorocebus pygerythrus,0.788308,order,flag
data/wikimedia/images/ring-tailed_lemur/Ring-tailed_Lemurs_(Lemur_catta)_crossing_the_road_in_the_evening_(9613726131).jpg,wikimedia,,ring-tailed_lemur,3,"[0.40906211733818054, 0.4358789622783661, 0.16286438703536987, 0.33093178272247314]",0.240361,south american coati,nasua nasua,0.508833,class,flag
data/wikimedia/images/ring-tailed_lemur/Ring-tailed_Lemurs_(Lemur_catta)_(9620610539).jpg,wikimedia,,ring-tailed_lemur,1,"[0.27743604965507984, 0.5491071343421936, 0.5127872824668884, 0.6912593841552734]",0.401611,giant anteater,myrmecophaga tridactyla,0.491931,class,flag
data/wikimedia/images/ring-tailed_lemur/Лемуры_на_отдыхе.jpg,wikimedia,,ring-tailed_lemur,3,"[0.43263888359069824, 0.39726632833480835, 0.5106481313705444, 0.2942386865615845]",0.213379,whiptail wallaby,macropus parryi,0.132062,class,uncertain
data/wikimedia/images/saguinus_species/Saguinus_labiatus_13332416.jpg,wikimedia,,saguinus_species,1,"[0.5654296875, 0.5091145783662796, 0.166015625, 0.2643229067325592]",0.34375,maroon leaf monkey,presbytis rubicunda,0.105839,order,uncertain
"data/wikimedia/images/saimiri_species/Ecuadorian_Squirrel_Monkey,_Mocoa,_Putumayo,_Colombia_imported_from_iNaturalist_photo_167442353.jpg",wikimedia,,saimiri_species,1,"[0.2912280708551407, 0.5744068920612335, 0.3005847930908203, 0.4687275290489197]",0.378662,red-shanked douc langur,pygathrix nemaeus,0.319463,order,flag
"data/wikimedia/images/sea_otter/Sea_Otters_(Enhydra_lutris),_from_a_raft_of_about_15,_(8625968237).jpg",wikimedia,,sea_otter,1,"[0.3833065760554746, 0.20389985261135735, 0.7634028792381287, 0.40683677792549133]",0.371094,north american river otter,lontra canadensis,0.214481,no_match,uncertain
"data/wikimedia/images/sea_otter/Sea_Otters_(Enhydra_lutris),_from_a_raft_of_about_15,_(8625968237).jpg",wikimedia,,sea_otter,2,"[0.13113965094089508, 0.18560423469170928, 0.26227930188179016, 0.364467978477478]",0.250488,north american river otter,lontra canadensis,0.623255,no_match,flag
"data/wikimedia/images/sea_otter/Sea_Otters_(Enhydra_lutris),_from_a_raft_of_about_15,_(8625968237).jpg",wikimedia,,sea_otter,3,"[0.25601926445961, 0.10062589985318482, 0.24173355102539062, 0.19354838132858276]",0.214966,american beaver,castor canadensis,0.376064,no_match,flag
"data/wikimedia/images/sea_otter/Sea_Otters_(Enhydra_lutris),_from_a_raft_of_about_15,_(8625971289).jpg",wikimedia,,sea_otter,1,"[0.5815357863903046, 0.3540925234556198, 0.7981017827987671, 0.47330960631370544]",0.247314,nutria,myocastor coypus,0.37562,no_match,flag
"data/wikimedia/images/squirrel_family/5_Especie_de_ardilla_(Sciurus),_Henri_Pittier,_Venezuela.jpg",wikimedia,,squirrel_family,2,"[0.71337890625, 0.6888020634651184, 0.5732421875, 0.5130208134651184]",0.2771,domestic cattle,bos taurus,0.556998,no_match,flag
data/wikimedia/images/wild_boar/Sanglier_(3008139648).jpg,wikimedia,,wild_boar,1,"[0.3134371340274811, 0.6247884929180145, 0.4042675793170929, 0.259729266166687]",0.258057,domestic cattle,bos taurus,0.192373,order,uncertain
data/wikimedia/images/wild_boar/Cuccioli_di_cinghiale_tra_la_vegetazione.jpg,wikimedia,,wild_boar,3,"[0.5524691492319107, 0.667438268661499, 0.11188271641731262, 0.3364197611808777]",0.498047,domestic goat,capra aegagrus hircus,0.331983,order,flag
"data/wikimedia/images/wild_boar/Chlustina,_prasátka_(03).jpg",wikimedia,,wild_boar,4,"[0.7211322635412216, 0.46489283442497253, 0.25280269980430603, 0.18773096799850464]",0.269043,domestic dog,canis familiaris,0.186323,class,uncertain
data/openimages/images/sun_bear/oi_sun_bear_00197.jpg,openimages,,sun_bear,1,"[0.50439453125, 0.3843338191509247, 0.9912109375, 0.7686676383018494]",0.454412,common wildebeest,connochaetes taurinus,0.97777,class,flag
data/openimages/images/red_panda/oi_red_panda_00067.jpg,openimages,,red_panda,1,"[0.90234375, 0.7377873659133911, 0.1953125, 0.5129310488700867]",0.460693,domestic cattle,bos taurus,0.985778,class,flag
data/openimages/images/red_panda/oi_red_panda_00067.jpg,openimages,,red_panda,2,"[0.56494140625, 0.5574712455272675, 0.5693359375, 0.8563218116760254]",0.429199,domestic goat,capra aegagrus hircus,0.484797,class,flag
data/openimages/images/red_panda/oi_red_panda_00151.jpg,openimages,,red_panda,1,"[0.35986328125, 0.5, 0.6318359375, 0.96875]",0.252441,lion,panthera leo,0.098613,order,uncertain
data/openimages/images/red_panda/oi_red_panda_00209.jpg,openimages,,red_panda,1,"[0.17431640625, 0.5117187649011612, 0.3486328125, 0.3098958432674408]",0.394013,american black bear,ursus americanus,0.971448,order,flag
data/openimages/images/red_panda/oi_red_panda_00214.jpg,openimages,,red_panda,2,"[0.6962890625, 0.6764275133609772, 0.21875, 0.4919472932815552]",0.307373,human,homo sapiens,0.836974,class,flag
data/openimages/images/red_panda/oi_red_panda_00229.jpg,openimages,,red_panda,1,"[0.2431640625, 0.3642384186387062, 0.4453125, 0.503311276435852]",0.490483,northern raccoon,procyon lotor,0.3944,order,flag
data/openimages/images/grey_wolf/oi_grey_wolf_00076.jpg,openimages,,grey_wolf,1,"[0.62841796875, 0.49869792663957924, 0.7373046875, 0.9947916865348816]",0.244385,jaguar,panthera onca,0.572779,order,flag
data/openimages/images/grey_wolf/oi_grey_wolf_00303.jpg,openimages,,grey_wolf,1,"[0.794921875, 0.7233073115348816, 0.41015625, 0.31640625]",0.298926,lion,panthera leo,0.75215,order,flag
data/openimages/images/grey_wolf/oi_grey_wolf_00303.jpg,openimages,,grey_wolf,2,"[0.44189453125, 0.7760416641831398, 0.3369140625, 0.2083333283662796]",0.239634,domestic cattle,bos taurus,0.398271,class,flag
data/openimages/images/grey_wolf/oi_grey_wolf_00436.jpg,openimages,,grey_wolf,1,"[0.51171875, 0.41055719554424286, 0.5703125, 0.2668621838092804]",0.473633,domestic cattle,bos taurus,0.461649,class,flag
data/openimages/images/grey_wolf/oi_grey_wolf_00471.jpg,openimages,,grey_wolf,1,"[0.685546875, 0.3257686533033848, 0.626953125, 0.6163982152938843]",0.304199,southern pig-tailed macaque,macaca nemestrina,0.237048,class,uncertain
data/openimages/images/red_fox/oi_red_fox_00035.jpg,openimages,,red_fox,1,"[0.658203125, 0.7335285246372223, 0.130859375, 0.21961933374404907]",0.206787,red deer,cervus elaphus,0.490772,class,flag
data/openimages/images/red_fox/oi_red_fox_00183.jpg,openimages,,red_fox,1,"[0.2802734375, 0.7000000178813934, 0.55859375, 0.5852941274642944]",0.480469,pronghorn,antilocapra americana,0.667192,class,flag
data/openimages/images/red_fox/oi_red_fox_00475.jpg,openimages,,red_fox,1,"[0.49560546875, 0.4946492314338684, 0.9912109375, 0.9892984628677368]",0.283218,domestic cat,felis catus,0.732999,order,flag
data/openimages/images/lion/oi_lion_00056.jpg,openimages,,lion,1,"[0.2783203125, 0.5998650267720222, 0.5546875, 0.14979757368564606]",0.446777,domestic horse,equus caballus,0.32985,class,flag
data/openimages/images/lion/oi_lion_00133.jpg,openimages,,lion,1,"[0.88916015625, 0.8046874813735485, 0.1591796875, 0.0989583358168602]",0.204856,coyote,canis latrans,0.127185,order,uncertain
data/openimages/images/lion/oi_lion_00155.jpg,openimages,,lion,1,"[0.6845703125, 0.7116519212722778, 0.630859375, 0.51474928855896]",0.23938,white-tailed deer,odocoileus virginianus,0.550508,class,flag
data/openimages/images/lion/oi_lion_00233.jpg,openimages,,lion,1,"[0.076171875, 0.1640625, 0.15234375, 0.328125]",0.373353,domestic goat,capra aegagrus hircus,0.214234,class,uncertain
data/openimages/images/lion/oi_lion_00349.jpg,openimages,,lion,2,"[0.76708984375, 0.34992678463459015, 0.1806640625, 0.14641287922859192]",0.497072,domestic dog,canis familiaris,0.496578,order,flag
data/openimages/images/leopard/oi_leopard_00028.jpg,openimages,,leopard,1,"[0.06982421875, 0.26866763865109533, 0.1396484375, 0.5344070196151733]",0.271065,human,homo sapiens,0.523643,class,flag
data/openimages/images/tiger/oi_tiger_00092.jpg,openimages,,tiger,1,"[0.7042459547519684, 0.79296875, 0.5885797739028931, 0.4140625]",0.408736,plains zebra,equus quagga,0.929734,class,flag
data/openimages/images/tiger/oi_tiger_00108.jpg,openimages,,tiger,1,"[0.40966796875, 0.5455882549285889, 0.1142578125, 0.2764706015586853]",0.474854,domestic cattle,bos taurus,0.810632,class,flag
data/openimages/images/tiger/oi_tiger_00318.jpg,openimages,,tiger,1,"[0.80908203125, 0.6655672788619995, 0.3818359375, 0.3601583242416382]",0.21228,plains zebra,equus quagga,0.756213,class,flag
data/openimages/images/tiger/oi_tiger_00464.jpg,openimages,,tiger,1,"[0.27587890625, 0.4970238208770752, 0.2900390625, 0.4970238208770752]",0.379395,white-tailed deer,odocoileus virginianus,0.908128,class,flag
data/openimages/images/domestic_cat/oi_domestic_cat_00076.jpg,openimages,,domestic_cat,2,"[0.72021484375, 0.8300781100988388, 0.5595703125, 0.3372395932674408]",0.267203,human,homo sapiens,0.498152,class,flag
data/openimages/images/domestic_cat/oi_domestic_cat_00100.jpg,openimages,,domestic_cat,1,"[0.7262470424175262, 0.7330729067325592, 0.5451306700706482, 0.5208333134651184]",0.205896,mule deer,odocoileus hemionus,0.319571,class,flag
data/openimages/images/domestic_cat/oi_domestic_cat_00148.jpg,openimages,,domestic_cat,1,"[0.57666015625, 0.5518134534358978, 0.2646484375, 0.6373056769371033]",0.354665,coyote,canis latrans,0.747175,order,flag
data/openimages/images/domestic_cat/oi_domestic_cat_00151.jpg,openimages,,domestic_cat,1,"[0.56787109375, 0.6294117867946625, 0.5419921875, 0.5921568870544434]",0.228882,domestic sheep,ovis aries,0.62711,class,flag
data/openimages/images/domestic_cat/oi_domestic_cat_00329.jpg,openimages,,domestic_cat,1,"[0.673828125, 0.6592279821634293, 0.390625, 0.32931241393089294]",0.48877,domestic goat,capra aegagrus hircus,0.592394,class,flag
data/openimages/images/domestic_cat/oi_domestic_cat_00371.jpg,openimages,,domestic_cat,1,"[0.76416015625, 0.3779296875, 0.4716796875, 0.474609375]",0.461914,human,homo sapiens,0.664367,class,flag
data/openimages/images/sea_otter/oi_sea_otter_00013.jpg,openimages,,sea_otter,1,"[0.38232421875, 0.209370419383049, 0.7607421875, 0.418740838766098]",0.320068,north american river otter,lontra canadensis,0.582868,no_match,flag
data/openimages/images/sea_otter/oi_sea_otter_00013.jpg,openimages,,sea_otter,2,"[0.16796875, 0.18521229992620647, 0.333984375, 0.3645680844783783]",0.284668,north american river otter,lontra canadensis,0.665933,no_match,flag
data/openimages/images/sea_otter/oi_sea_otter_00013.jpg,openimages,,sea_otter,3,"[0.25439453125, 0.099560760660097, 0.2373046875, 0.19326500594615936]",0.234985,north american river otter,lontra canadensis,0.372777,no_match,flag
data/openimages/images/sea_otter/oi_sea_otter_00016.jpg,openimages,,sea_otter,1,"[0.32177734375, 0.5409955978393555, 0.4150390625, 0.2737920880317688]",0.454834,north american river otter,lontra canadensis,0.276524,no_match,uncertain
data/openimages/images/sea_otter/oi_sea_otter_00042.jpg,openimages,,sea_otter,1,"[0.2861328125, 0.5651537328958511, 0.30078125, 0.31625184416770935]",0.272461,north american river otter,lontra canadensis,0.30571,no_match,flag
data/openimages/images/sea_otter/oi_sea_otter_00048.jpg,openimages,,sea_otter,2,"[0.25732421875, 0.5255474373698235, 0.4111328125, 0.23357664048671722]",0.388428,nutria,myocastor coypus,0.196525,no_match,uncertain
data/openimages/images/sea_otter/oi_sea_otter_00048.jpg,openimages,,sea_otter,3,"[0.583984375, 0.33394160866737366, 0.515625, 0.2810218930244446]",0.37085,nutria,myocastor coypus,0.548391,no_match,flag
data/openimages/images/sea_otter/oi_sea_otter_00053.jpg,openimages,,sea_otter,3,"[0.75439453125, 0.2909226194024086, 0.4892578125, 0.4449404776096344]",0.406982,north american river otter,lontra canadensis,0.792629,no_match,flag
data/openimages/images/sea_otter/oi_sea_otter_00053.jpg,openimages,,sea_otter,4,"[0.4267578125, 0.3467261791229248, 0.578125, 0.5208333134651184]",0.30835,north american river otter,lontra canadensis,0.781603,no_match,flag
data/openimages/images/sea_otter/oi_sea_otter_00053.jpg,openimages,,sea_otter,6,"[0.56005859375, 0.3988095223903656, 0.3095703125, 0.300595223903656]",0.210957,north american river otter,lontra canadensis,0.498347,no_match,flag
data/openimages/images/sea_otter/oi_sea_otter_00060.jpg,openimages,,sea_otter,1,"[0.583984375, 0.45021960139274597, 0.345703125, 0.3030746579170227]",0.397461,north american river otter,lontra canadensis,0.470981,no_match,flag
data/openimages/images/sea_otter/oi_sea_otter_00072.jpg,openimages,,sea_otter,1,"[0.72998046875, 0.6429618559777737, 0.3017578125, 0.1158357784152031]",0.442139,american beaver,castor canadensis,0.191087,no_match,uncertain
data/openimages/images/sea_otter/oi_sea_otter_00091.jpg,openimages,,sea_otter,1,"[0.6650390625, 0.703125, 0.66796875, 0.5902777910232544]",0.210957,domestic cattle,bos taurus,0.520864,no_match,flag
data/openimages/images/sea_otter/oi_sea_otter_00095.jpg,openimages,,sea_otter,1,"[0.5986328125, 0.5600292831659317, 0.37109375, 0.43484625220298767]",0.398438,north american river otter,lontra canadensis,0.231657,no_match,uncertain
data/openimages/images/sea_otter/oi_sea_otter_00127.jpg,openimages,,sea_otter,2,"[0.28125, 0.4267578125, 0.412109375, 0.439453125]",0.319092,nutria,myocastor coypus,0.473953,no_match,flag
data/openimages/images/sea_otter/oi_sea_otter_00129.jpg,openimages,,sea_otter,1,"[0.4052734375, 0.5387993976473808, 0.287109375, 0.2166910618543625]",0.318604,american beaver,castor canadensis,0.274686,no_match,uncertain
data/openimages/images/sea_otter/oi_sea_otter_00129.jpg,openimages,,sea_otter,2,"[0.66943359375, 0.5893118679523468, 0.2587890625, 0.23572474718093872]",0.262207,nutria,myocastor coypus,0.408404,no_match,flag
data/openimages/images/sea_otter/oi_sea_otter_00158.jpg,openimages,,sea_otter,1,"[0.34423828125, 0.5395314693450928, 0.6806640625, 0.5812591314315796]",0.498535,north american river otter,lontra canadensis,0.805426,no_match,flag
data/openimages/images/sea_otter/oi_sea_otter_00158.jpg,openimages,,sea_otter,2,"[0.3896484375, 0.7423133254051208, 0.775390625, 0.46559298038482666]",0.324951,north american river otter,lontra canadensis,0.797615,no_match,flag
data/openimages/images/sea_otter/oi_sea_otter_00170.jpg,openimages,,sea_otter,1,"[0.5, 0.4978038076078519, 1.0, 0.9926793575286865]",0.373535,woodchuck,marmota monax,0.509507,no_match,flag
data/openimages/images/sea_otter/oi_sea_otter_00205.jpg,openimages,,sea_otter,1,"[0.68896484375, 0.6100260317325592, 0.6220703125, 0.55078125]",0.288818,domestic cattle,bos taurus,0.343752,no_match,flag
data/openimages/images/sea_otter/oi_sea_otter_00230.jpg,openimages,,sea_otter,1,"[0.38720703125, 0.3907380774617195, 0.2392578125, 0.558610737323761]",0.480469,giant otter,pteronura brasiliensis,0.539116,no_match,flag
data/openimages/images/sea_otter/oi_sea_otter_00256.jpg,openimages,,sea_otter,1,"[0.22998046875, 0.5185950398445129, 0.4599609375, 0.3429751992225647]",0.481445,takin,budorcas taxicolor,0.735151,no_match,flag
data/openimages/images/sea_otter/oi_sea_otter_00261.jpg,openimages,,sea_otter,1,"[0.5380859375, 0.6809453368186951, 0.814453125, 0.6292466521263123]",0.277344,north american river otter,lontra canadensis,0.366297,no_match,flag
data/openimages/images/sea_otter/oi_sea_otter_00271.jpg,openimages,,sea_otter,1,"[0.47509765625, 0.325174817815423, 0.5595703125, 0.6167832016944885]",0.271973,north american river otter,lontra canadensis,0.588932,no_match,flag
data/openimages/images/sea_otter/oi_sea_otter_00291.jpg,openimages,,sea_otter,1,"[0.5724999904632568, 0.7513333112001419, 0.5989999771118164, 0.15333333611488342]",0.234009,north american river otter,lontra canadensis,0.605825,no_match,flag
data/openimages/images/sea_otter/oi_sea_otter_00305.jpg,openimages,,sea_otter,1,"[0.61669921875, 0.41288432478904724, 0.4423828125, 0.2693997025489807]",0.453857,milne-edwards' macaque,macaca thibetana,0.270829,no_match,uncertain
data/openimages/images/sea_otter/oi_sea_otter_00305.jpg,openimages,,sea_otter,2,"[0.1318359375, 0.7459736578166485, 0.263671875, 0.10688140243291855]",0.276123,tufted deer,elaphodus cephalophus,0.224538,no_match,uncertain
data/openimages/images/sea_otter/oi_sea_otter_00305.jpg,openimages,,sea_otter,3,"[0.73974609375, 0.4172767102718353, 0.1943359375, 0.2430453896522522]",0.212769,milne-edwards' macaque,macaca thibetana,0.3186,no_match,flag
data/openimages/images/sea_otter/oi_sea_otter_00358.jpg,openimages,,sea_otter,1,"[0.70263671875, 0.36451612412929535, 0.3427734375, 0.26451611518859863]",0.282227,american beaver,castor canadensis,0.479741,no_match,flag
data/openimages/images/sea_otter/oi_sea_otter_00396.jpg,openimages,,sea_otter,2,"[0.244140625, 0.16840278275776654, 0.21484375, 0.3333333432674408]",0.259766,greater hog badger,arctonyx collaris,0.348856,no_match,flag
data/openimages/images/sea_otter/oi_sea_otter_00407.jpg,openimages,,sea_otter,1,"[0.31787109375, 0.399707168340683, 0.6240234375, 0.28989750146865845]",0.439209,north american river otter,lontra canadensis,0.652627,no_match,flag
data/openimages/images/sea_otter/oi_sea_otter_00427.jpg,openimages,,sea_otter,1,"[0.27099609375, 0.11639824544545263, 0.3330078125, 0.22986823320388794]",0.433382,elk,cervus canadensis,0.26879,no_match,uncertain
data/openimages/images/sea_otter/oi_sea_otter_00427.jpg,openimages,,sea_otter,3,"[0.16796875, 0.6412884294986725, 0.3359375, 0.7027818560600281]",0.363348,lion,panthera leo,0.60139,no_match,flag
data/openimages/images/sea_otter/oi_sea_otter_00425.jpg,openimages,,sea_otter,1,"[0.376953125, 0.4626647084951401, 0.75390625, 0.3250366151332855]",0.48291,north american river otter,lontra canadensis,0.919976,no_match,flag
data/openimages/images/sea_otter/oi_sea_otter_00475.jpg,openimages,,sea_otter,2,"[0.33642578125, 0.4639705717563629, 0.2177734375, 0.32499998807907104]",0.322754,nutria,myocastor coypus,0.688326,no_match,flag
data/openimages/images/sea_otter/oi_sea_otter_00480.jpg,openimages,,sea_otter,1,"[0.21142578125, 0.5232108384370804, 0.2490234375, 0.19535782933235168]",0.208862,nutria,myocastor coypus,0.770721,no_match,flag
data/openimages/images/northern_raccoon/oi_northern_raccoon_00001.jpg,openimages,,northern_raccoon,1,"[0.42578125, 0.49707174487411976, 0.6796875, 0.9765739440917969]",0.47755,yellow-bellied marmot,marmota flaviventris,0.184667,class,uncertain
data/openimages/images/northern_raccoon/oi_northern_raccoon_00001.jpg,openimages,,northern_raccoon,2,"[0.0751953125, 0.6105417311191559, 0.150390625, 0.6412884593009949]",0.348389,coyote,canis latrans,0.758331,order,flag
data/openimages/images/northern_raccoon/oi_northern_raccoon_00028.jpg,openimages,,northern_raccoon,1,"[0.46728515625, 0.5307466983795166, 0.3642578125, 0.4875549077987671]",0.445557,eastern fox squirrel,sciurus niger,0.594483,class,flag
data/openimages/images/northern_raccoon/oi_northern_raccoon_00028.jpg,openimages,,northern_raccoon,2,"[0.56103515625, 0.48243044316768646, 0.1767578125, 0.3879941403865814]",0.334797,eastern fox squirrel,sciurus niger,0.390321,class,flag
data/openimages/images/northern_raccoon/oi_northern_raccoon_00187.jpg,openimages,,northern_raccoon,2,"[0.748169869184494, 0.39306640625, 0.23133236169815063, 0.0849609375]",0.298584,large indian civet,viverra zibetha,0.376995,order,flag
data/openimages/images/northern_raccoon/oi_northern_raccoon_00227.jpg,openimages,,northern_raccoon,1,"[0.443359375, 0.73193359375, 0.8828125, 0.5361328125]",0.430942,domestic goat,capra aegagrus hircus,0.589853,class,flag
data/openimages/images/northern_raccoon/oi_northern_raccoon_00258.jpg,openimages,,northern_raccoon,1,"[0.4541015625, 0.3970588371157646, 0.39453125, 0.6117647290229797]",0.238647,domestic cat,felis catus,0.198207,order,uncertain
data/openimages/images/northern_raccoon/oi_northern_raccoon_00285.jpg,openimages,,northern_raccoon,1,"[0.623046875, 0.4571984335780144, 0.150390625, 0.24513618648052216]",0.252197,blue monkey,cercopithecus mitis,0.572866,class,flag
data/openimages/images/white-tailed_deer/oi_white-tailed_deer_00156.jpg,openimages,,white-tailed_deer,2,"[0.34912109375, 0.5195312425494194, 0.1181640625, 0.1666666716337204]",0.274414,harvey's duiker,cephalophus harveyi,0.658055,order,flag
data/openimages/images/white-tailed_deer/oi_white-tailed_deer_00202.jpg,openimages,,white-tailed_deer,5,"[0.09521484375, 0.5153284668922424, 0.0888671875, 0.20437955856323242]",0.481689,domestic cattle,bos taurus,0.342933,order,flag
data/openimages/images/white-tailed_deer/oi_white-tailed_deer_00202.jpg,openimages,,white-tailed_deer,8,"[0.2724609375, 0.5248175039887428, 0.0625, 0.20583941042423248]",0.451684,domestic cattle,bos taurus,0.604236,order,flag
data/openimages/images/white-tailed_deer/oi_white-tailed_deer_00202.jpg,openimages,,white-tailed_deer,9,"[0.15673828125, 0.5189781114459038, 0.0986328125, 0.18248175084590912]",0.446777,domestic cattle,bos taurus,0.301272,order,flag
data/openimages/images/white-tailed_deer/oi_white-tailed_deer_00202.jpg,openimages,,white-tailed_deer,10,"[0.2177734375, 0.4729927182197571, 0.072265625, 0.25401461124420166]",0.392334,domestic dog,canis familiaris,0.409276,class,flag
data/openimages/images/white-tailed_deer/oi_white-tailed_deer_00202.jpg,openimages,,white-tailed_deer,14,"[0.48486328125, 0.5357664301991463, 0.0966796875, 0.17518247663974762]",0.293945,domestic donkey,equus asinus,0.140189,class,uncertain
data/openimages/images/white-tailed_deer/oi_white-tailed_deer_00202.jpg,openimages,,white-tailed_deer,15,"[0.625, 0.508759118616581, 0.0625, 0.20000000298023224]",0.280137,bighorn sheep,ovis canadensis,0.300042,order,flag
data/openimages/images/white-tailed_deer/oi_white-tailed_deer_00202.jpg,openimages,,white-tailed_deer,16,"[0.5390625, 0.5160583928227425, 0.1171875, 0.20000000298023224]",0.269287,bighorn sheep,ovis canadensis,0.193087,order,uncertain
data/openimages/images/white-tailed_deer/oi_white-tailed_deer_00300.jpg,openimages,,white-tailed_deer,4,"[0.3818359375, 0.5870206356048584, 0.37890625, 0.5663716793060303]",0.419189,grevy's zebra,equus grevyi,0.257447,class,uncertain
data/openimages/images/white-tailed_deer/oi_white-tailed_deer_00313.jpg,openimages,,white-tailed_deer,1,"[0.21923828125, 0.6295572966337204, 0.2451171875, 0.4309895932674408]",0.356934,grant's gazelle,nanger granti,0.447513,order,flag
data/openimages/images/white-tailed_deer/oi_white-tailed_deer_00348.jpg,openimages,,white-tailed_deer,1,"[0.49755859375, 0.7174231261014938, 0.3720703125, 0.3279648721218109]",0.459473,common wildebeest,connochaetes taurinus,0.569399,order,flag
data/openimages/images/domestic_sheep/oi_domestic_sheep_00001.jpg,openimages,,domestic_sheep,1,"[0.82666015625, 0.5051244646310806, 0.3466796875, 0.6881405711174011]",0.445583,domestic dog,canis familiaris,0.597564,class,flag
data/openimages/images/domestic_sheep/oi_domestic_sheep_00043.jpg,openimages,,domestic_sheep,5,"[0.71728515625, 0.4140625, 0.3701171875, 0.4921875]",0.445557,white-tailed deer,odocoileus virginianus,0.465667,order,flag
data/openimages/images/domestic_sheep/oi_domestic_sheep_00057.jpg,openimages,,domestic_sheep,3,"[0.46142578125, 0.27159590274095535, 0.3212890625, 0.3587115705013275]",0.295998,human,homo sapiens,0.538048,class,flag
data/openimages/images/domestic_sheep/oi_domestic_sheep_00136.jpg,openimages,,domestic_sheep,6,"[0.9189453125, 0.5925562977790833, 0.16015625, 0.13907933235168457]",0.277588,fossa,cryptoprocta ferox,0.244561,class,uncertain
data/openimages/images/domestic_sheep/oi_domestic_sheep_00152.jpg,openimages,,domestic_sheep,1,"[0.24658203125, 0.14713541173841804, 0.4912109375, 0.2916666567325592]",0.280762,domestic dog,canis familiaris,0.658427,class,flag
data/openimages/images/domestic_sheep/oi_domestic_sheep_00184.jpg,openimages,,domestic_sheep,7,"[0.60546875, 0.4805447608232498, 0.255859375, 0.3488975465297699]",0.264648,american black bear,ursus americanus,0.527945,class,flag
data/openimages/images/domestic_sheep/oi_domestic_sheep_00243.jpg,openimages,,domestic_sheep,5,"[0.68994140625, 0.18667643517255783, 0.2685546875, 0.31771597266197205]",0.271973,domestic dog,canis familiaris,0.222906,class,uncertain
data/openimages/images/domestic_sheep/oi_domestic_sheep_00372.jpg,openimages,,domestic_sheep,7,"[0.3489583432674408, 0.3899739682674408, 0.3489583432674408, 0.16015625]",0.489502,human,homo sapiens,0.422358,class,flag
data/openimages/images/domestic_sheep/oi_domestic_sheep_00500.jpg,openimages,,domestic_sheep,11,"[0.78955078125, 0.20336391031742096, 0.1220703125, 0.1529051959514618]",0.34668,yellow-bellied marmot,marmota flaviventris,0.282094,class,uncertain
data/openimages/images/domestic_goat/oi_domestic_goat_00439.jpg,openimages,,domestic_goat,1,"[0.09130859375, 0.7664714753627777, 0.1826171875, 0.25329428911209106]",0.38653,human,homo sapiens,0.952452,class,flag
data/openimages/images/domestic_goat/oi_domestic_goat_00459.jpg,openimages,,domestic_goat,7,"[0.8798828125, 0.5904947966337204, 0.240234375, 0.3424479067325592]",0.411377,red deer,cervus elaphus,0.391156,order,flag
data/openimages/images/domestic_goat/oi_domestic_goat_00471.jpg,openimages,,domestic_goat,2,"[0.17041015625, 0.4452887549996376, 0.1201171875, 0.13880445063114166]",0.266617,domestic dog,canis familiaris,0.417026,class,flag
data/openimages/images/domestic_cattle/oi_domestic_cattle_00374.jpg,openimages,,domestic_cattle,3,"[0.9599609375, 0.6654411554336548, 0.080078125, 0.6573529243469238]",0.234585,human,homo sapiens,0.927845,class,flag
data/openimages/images/domestic_cattle/oi_domestic_cattle_00487.jpg,openimages,,domestic_cattle,3,"[0.8828125, 0.3597811236977577, 0.1171875, 0.12038303911685944]",0.360596,domestic dog,canis familiaris,0.346533,class,flag
data/openimages/images/hippopotamus/oi_hippopotamus_00021.jpg,openimages,,hippopotamus,8,"[0.73779296875, 0.0849194759503007, 0.2509765625, 0.16105417907238007]",0.475098,giant otter,pteronura brasiliensis,0.138398,class,uncertain
data/openimages/images/hippopotamus/oi_hippopotamus_00021.jpg,openimages,,hippopotamus,11,"[0.17578125, 0.7357247322797775, 0.349609375, 0.3235724866390228]",0.256836,domestic cattle,bos taurus,0.699311,order,flag
data/openimages/images/hippopotamus/oi_hippopotamus_00045.jpg,openimages,,hippopotamus,1,"[0.29541015625, 0.5600292980670929, 0.3837890625, 0.22693997621536255]",0.347656,giant otter,pteronura brasiliensis,0.686968,class,flag
data/openimages/images/hippopotamus/oi_hippopotamus_00070.jpg,openimages,,hippopotamus,1,"[0.2001953125, 0.5837209224700928, 0.28125, 0.18139535188674927]",0.476807,nutria,myocastor coypus,0.646782,class,flag
data/openimages/images/hippopotamus/oi_hippopotamus_00071.jpg,openimages,,hippopotamus,3,"[0.33935546875, 0.5440835207700729, 0.5673828125, 0.8839907050132751]",0.445639,domestic sheep,ovis aries,0.791058,order,flag
data/openimages/images/hippopotamus/oi_hippopotamus_00073.jpg,openimages,,hippopotamus,4,"[0.5126953125, 0.18359375, 0.818359375, 0.1979166716337204]",0.20388,domestic cattle,bos taurus,0.449671,order,flag
data/openimages/images/hippopotamus/oi_hippopotamus_00076.jpg,openimages,,hippopotamus,2,"[0.46630859375, 0.6544655859470367, 0.3154296875, 0.26354318857192993]",0.478516,human,homo sapiens,0.456205,class,flag
data/openimages/images/hippopotamus/oi_hippopotamus_00080.jpg,openimages,,hippopotamus,1,"[0.80712890625, 0.5830258280038834, 0.3857421875, 0.8191881775856018]",0.269756,common wildebeest,connochaetes taurinus,0.5261,order,flag
data/openimages/images/hippopotamus/oi_hippopotamus_00112.jpg,openimages,,hippopotamus,8,"[0.5029296875, 0.693359375, 0.376953125, 0.08203125]",0.268799,domestic cattle,bos taurus,0.583777,order,flag
data/openimages/images/hippopotamus/oi_hippopotamus_00133.jpg,openimages,,hippopotamus,1,"[0.76513671875, 0.23206442629452795, 0.4658203125, 0.4612005949020386]",0.431641,domestic cattle,bos taurus,0.58457,order,flag
data/openimages/images/hippopotamus/oi_hippopotamus_00137.jpg,openimages,,hippopotamus,2,"[0.109375, 0.5698529481887817, 0.15234375, 0.14852941036224365]",0.405273,human,homo sapiens,0.683227,class,flag
data/openimages/images/hippopotamus/oi_hippopotamus_00153.jpg,openimages,,hippopotamus,2,"[0.47314453125, 0.09773662744555622, 0.9365234375, 0.19341564178466797]",0.234419,domestic cattle,bos taurus,0.403613,order,flag
data/openimages/images/hippopotamus/oi_hippopotamus_00177.jpg,openimages,,hippopotamus,1,"[0.1494140625, 0.8484398052096367, 0.298828125, 0.13967309892177582]",0.305515,canis species,canis,0.562367,class,flag
data/openimages/images/hippopotamus/oi_hippopotamus_00307.jpg,openimages,,hippopotamus,3,"[0.4990234375, 0.5807291567325592, 0.998046875, 0.21875]",0.306396,domestic cattle,bos taurus,0.455013,order,flag
data/openimages/images/hippopotamus/oi_hippopotamus_00354.jpg,openimages,,hippopotamus,3,"[0.17236328125, 0.3868687003850937, 0.1455078125, 0.13535353541374207]",0.387207,domestic cattle,bos taurus,0.358268,order,flag
data/openimages/images/hippopotamus/oi_hippopotamus_00367.jpg,openimages,,hippopotamus,1,"[0.26318359375, 0.15367647260427475, 0.2861328125, 0.10147058963775635]",0.301025,human,homo sapiens,0.834691,class,flag
data/openimages/images/giraffe/oi_giraffe_00052.jpg,openimages,,giraffe,1,"[0.28271484375, 0.7795857824385166, 0.0869140625, 0.12130177766084671]",0.459717,domestic horse,equus caballus,0.170439,class,uncertain
data/openimages/images/giraffe/oi_giraffe_00248.jpg,openimages,,giraffe,2,"[0.4423828125, 0.7194010615348816, 0.548828125, 0.5221354365348816]",0.407227,domestic dog,canis familiaris,0.287979,class,uncertain
data/openimages/images/giraffe/oi_giraffe_00251.jpg,openimages,,giraffe,1,"[0.2705078125, 0.8797605857253075, 0.4296875, 0.23612622916698456]",0.248169,jaguar,panthera onca,0.591129,class,flag
data/openimages/images/giraffe/oi_giraffe_00365.jpg,openimages,,giraffe,1,"[0.09326171875, 0.4794419929385185, 0.1865234375, 0.9412628412246704]",0.38877,domestic cattle,bos taurus,0.639207,order,flag
data/openimages/images/wild_boar/oi_wild_boar_00134.jpg,openimages,,wild_boar,3,"[0.6240234375, 0.267935574054718, 0.560546875, 0.535871148109436]",0.261841,human,homo sapiens,0.711171,class,flag
data/openimages/images/wild_boar/oi_wild_boar_00133.jpg,openimages,,wild_boar,6,"[0.2666015625, 0.0501302070915699, 0.283203125, 0.1002604141831398]",0.450439,domestic goat,capra aegagrus hircus,0.255494,order,uncertain
data/openimages/images/wild_boar/oi_wild_boar_00159.jpg,openimages,,wild_boar,2,"[0.6953125, 0.12890625, 0.26953125, 0.2578125]",0.402588,domestic cattle,bos taurus,0.350909,order,flag
data/openimages/images/wild_boar/oi_wild_boar_00337.jpg,openimages,,wild_boar,1,"[0.75244140625, 0.3984374925494194, 0.3134765625, 0.2057291716337204]",0.34616,human,homo sapiens,0.862194,class,flag
data/openimages/images/domestic_horse/oi_domestic_horse_00124.jpg,openimages,,domestic_horse,5,"[0.6474609375, 0.1411411389708519, 0.072265625, 0.1621621549129486]",0.404297,domestic cattle,bos taurus,0.572988,class,flag
data/openimages/images/domestic_horse/oi_domestic_horse_00124.jpg,openimages,,domestic_horse,10,"[0.55126953125, 0.16291291266679764, 0.1181640625, 0.13063062727451324]",0.202782,domestic cattle,bos taurus,0.312644,class,flag
data/openimages/images/domestic_horse/oi_domestic_horse_00274.jpg,openimages,,domestic_horse,1,"[0.48828125, 0.774371862411499, 0.421875, 0.44723618030548096]",0.369629,domestic cattle,bos taurus,0.450177,class,flag
data/openimages/images/domestic_horse/oi_domestic_horse_00293.jpg,openimages,,domestic_horse,1,"[0.578125, 0.45126354694366455, 0.416015625, 0.7942238450050354]",0.489798,human,homo sapiens,0.860866,class,flag
data/openimages/images/domestic_horse/oi_domestic_horse_00367.jpg,openimages,,domestic_horse,1,"[0.78466796875, 0.5292825847864151, 0.1884765625, 0.7423133254051208]",0.451397,human,homo sapiens,0.790371,class,flag
data/openimages/images/domestic_donkey/oi_domestic_donkey_00100.jpg,openimages,,domestic_donkey,1,"[0.6875, 0.5219941288232803, 0.50390625, 0.6363636255264282]",0.480469,domestic cattle,bos taurus,0.519262,class,flag
data/openimages/images/domestic_donkey/oi_domestic_donkey_00131.jpg,openimages,,domestic_donkey,1,"[0.35693359375, 0.2792968824505806, 0.1201171875, 0.3138020932674408]",0.334634,human,homo sapiens,0.753427,class,flag
data/openimages/images/domestic_donkey/oi_domestic_donkey_00209.jpg,openimages,,domestic_donkey,3,"[0.50048828125, 0.707423560321331, 0.0615234375, 0.21251820027828217]",0.259839,domestic cattle,bos taurus,0.245957,class,uncertain
data/openimages/images/domestic_donkey/oi_domestic_donkey_00218.jpg,openimages,,domestic_donkey,1,"[0.17626953125, 0.6780432462692261, 0.3193359375, 0.20250284671783447]",0.296875,coyote,canis latrans,0.21911,class,uncertain
data/openimages/images/domestic_donkey/oi_domestic_donkey_00244.jpg,openimages,,domestic_donkey,1,"[0.3232421875, 0.2089843675494194, 0.25390625, 0.1341145783662796]",0.33439,domestic goat,capra aegagrus hircus,0.462034,class,flag
data/openimages/images/domestic_donkey/oi_domestic_donkey_00445.jpg,openimages,,domestic_donkey,1,"[0.85791015625, 0.6080729216337204, 0.2841796875, 0.7734375]",0.355225,hartebeest,alcelaphus buselaphus,0.389941,class,flag
data/openimages/images/plains_zebra/oi_plains_zebra_00045.jpg,openimages,,plains_zebra,1,"[0.76708984375, 0.8177083134651184, 0.4658203125, 0.3515625]",0.213397,thomson's gazelle,eudorcas thomsonii,0.343995,class,flag
data/openimages/images/squirrel_family/oi_squirrel_family_00148.jpg,openimages,,squirrel_family,1,"[0.4372842460870743, 0.4169921875, 0.5845800042152405, 0.37890625]",0.478027,kinkajou,potos flavus,0.106697,no_match,uncertain
data/openimages/images/squirrel_family/oi_squirrel_family_00233.jpg,openimages,,squirrel_family,1,"[0.470703125, 0.4646017774939537, 0.33984375, 0.752212405204773]",0.248047,european rabbit,oryctolagus cuniculus,0.470784,no_match,flag
data/openimages/images/red_kangaroo/oi_red_kangaroo_00042.jpg,openimages,,red_kangaroo,1,"[0.8759765625, 0.7270916551351547, 0.248046875, 0.2005312144756317]",0.28418,white-tailed deer,odocoileus virginianus,0.852868,class,flag
data/openimages/images/red_kangaroo/oi_red_kangaroo_00226.jpg,openimages,,red_kangaroo,1,"[0.5648855119943619, 0.57373046875, 0.2671755850315094, 0.1416015625]",0.224365,puma,puma concolor,0.399839,class,flag
data/openimages/images/red_kangaroo/oi_red_kangaroo_00239.jpg,openimages,,red_kangaroo,1,"[0.40576171875, 0.8367496281862259, 0.5146484375, 0.14787700772285461]",0.403564,lion,panthera leo,0.269007,class,uncertain
data/openimages/images/red_kangaroo/oi_red_kangaroo_00243.jpg,openimages,,red_kangaroo,1,"[0.2900390625, 0.6806167364120483, 0.1015625, 0.16005873680114746]",0.323242,domestic cat,felis catus,0.372853,class,flag
data/openimages/images/red_kangaroo/oi_red_kangaroo_00276.jpg,openimages,,red_kangaroo,1,"[0.3359375, 0.587890625, 0.6171875, 0.822265625]",0.322754,domestic sheep,ovis aries,0.15775,class,uncertain
data/openimages/images/red_kangaroo/oi_red_kangaroo_00330.jpg,openimages,,red_kangaroo,1,"[0.7333984375, 0.5078125093132257, 0.533203125, 0.9713541865348816]",0.273304,domestic dog,canis familiaris,0.184394,class,uncertain
data/openimages/images/red_kangaroo/oi_red_kangaroo_00420.jpg,openimages,,red_kangaroo,1,"[0.7041015625, 0.39671362191438675, 0.107421875, 0.18935836851596832]",0.232918,domestic goat,capra aegagrus hircus,0.206567,class,uncertain
data/openimages/images/koala/oi_koala_00016.jpg,openimages,,koala,1,"[0.23876953125, 0.5571010112762451, 0.4755859375, 0.8272327780723572]",0.475098,bighorn sheep,ovis canadensis,0.100748,class,uncertain
data/openimages/images/koala/oi_koala_00098.jpg,openimages,,koala,1,"[0.7265625, 0.4970717430114746, 0.544921875, 0.9941434860229492]",0.313079,douglas's squirrel,tamiasciurus douglasii,0.243375,class,uncertain
data/openimages/images/koala/oi_koala_00104.jpg,openimages,,koala,1,"[0.32666015625, 0.3014322817325592, 0.2197265625, 0.5013020634651184]",0.474609,island fox,urocyon littoralis,0.136825,class,uncertain
data/openimages/images/koala/oi_koala_00104.jpg,openimages,,koala,2,"[0.53076171875, 0.5188801996409893, 0.5888671875, 0.9388020634651184]",0.265251,domestic cattle,bos taurus,0.43712,class,flag
data/openimages/images/koala/oi_koala_00104.jpg,openimages,,koala,3,"[0.54052734375, 0.7858072966337204, 0.5615234375, 0.4153645932674408]",0.234009,human,homo sapiens,0.514422,class,flag
data/openimages/images/koala/oi_koala_00135.jpg,openimages,,koala,1,"[0.6890482604503632, 0.86279296875, 0.6219035387039185, 0.2744140625]",0.299316,mule deer,odocoileus hemionus,0.475703,class,flag
data/openimages/images/koala/oi_koala_00144.jpg,openimages,,koala,2,"[0.73974609375, 0.4277343638241291, 0.4541015625, 0.7903645634651184]",0.200684,eastern grey kangaroo,macropus giganteus,0.399843,order,flag
data/openimages/images/koala/oi_koala_00176.jpg,openimages,,koala,1,"[0.775390625, 0.5729166716337204, 0.447265625, 0.7682291865348816]",0.328125,domestic cat,felis catus,0.223816,class,uncertain
data/openimages/images/koala/oi_koala_00190.jpg,openimages,,koala,1,"[0.75341796875, 0.6788321286439896, 0.2666015625, 0.2890510857105255]",0.493164,coyote,canis latrans,0.352668,class,flag
data/openimages/images/koala/oi_koala_00190.jpg,openimages,,koala,2,"[0.6083984375, 0.5021897852420807, 0.10546875, 0.3328467011451721]",0.285505,domestic sheep,ovis aries,0.248563,class,uncertain
data/openimages/images/koala/oi_koala_00193.jpg,openimages,,koala,3,"[0.3333333358168602, 0.49658203125, 0.48249027132987976, 0.3076171875]",0.263672,domestic sheep,ovis aries,0.394987,class,flag
data/openimages/images/koala/oi_koala_00228.jpg,openimages,,koala,1,"[0.60791015625, 0.4992679366841912, 0.5029296875, 0.9897511005401611]",0.462891,guenther's dik-dik,madoqua guentheri,0.470561,class,flag
data/openimages/images/koala/oi_koala_00242.jpg,openimages,,koala,1,"[0.4193548411130905, 0.7080078125, 0.3812316656112671, 0.267578125]",0.450439,western tree hyrax,dendrohyrax dorsalis,0.26111,class,uncertain
data/openimages/images/koala/oi_koala_00254.jpg,openimages,,koala,2,"[0.76318359375, 0.2760416716337204, 0.1494140625, 0.3880208432674408]",0.41626,eastern gray squirrel,sciurus carolinensis,0.181605,class,uncertain
data/openimages/images/koala/oi_koala_00289.jpg,openimages,,koala,1,"[0.51318359375, 0.8111273497343063, 0.3603515625, 0.37481698393821716]",0.301366,domestic cattle,bos taurus,0.530475,class,flag
data/openimages/images/koala/oi_koala_00312.jpg,openimages,,koala,2,"[0.5826822817325592, 0.22021484375, 0.40234375, 0.4404296875]",0.318115,red-necked wallaby,macropus rufogriseus,0.310653,order,flag
data/openimages/images/asian_elephant/oi_asian_elephant_00416.jpg,openimages,,asian_elephant,4,"[0.2890625, 0.4677891582250595, 0.1484375, 0.13909223675727844]",0.417033,domestic cattle,bos taurus,0.245516,class,uncertain
data/openimages/images/european_rabbit/oi_european_rabbit_00001.jpg,openimages,,european_rabbit,1,"[0.28515625, 0.47900390625, 0.341796875, 0.6962890625]",0.36113,human,homo sapiens,0.902685,class,flag
data/openimages/images/european_rabbit/oi_european_rabbit_00058.jpg,openimages,,european_rabbit,1,"[0.56396484375, 0.42679738998413086, 0.2607421875, 0.4483660161495209]",0.267334,domestic cattle,bos taurus,0.33705,class,flag
data/openimages/images/european_rabbit/oi_european_rabbit_00117.jpg,openimages,,european_rabbit,1,"[0.654296875, 0.6321167945861816, 0.60546875, 0.7240875959396362]",0.362881,domestic dog,canis familiaris,0.533841,class,flag
data/openimages/images/european_rabbit/oi_european_rabbit_00344.jpg,openimages,,european_rabbit,1,"[0.4675036915577948, 0.2939453125, 0.9290989637374878, 0.587890625]",0.494629,domestic cat,felis catus,0.523528,class,flag
data/openimages/images/european_rabbit/oi_european_rabbit_00349.jpg,openimages,,european_rabbit,1,"[0.4990234375, 0.5195058584213257, 0.61328125, 0.7035110592842102]",0.442683,lion,panthera leo,0.646039,class,flag
data/openimages/images/european_rabbit/oi_european_rabbit_00394.jpg,openimages,,european_rabbit,1,"[0.33056640625, 0.2764706015586853, 0.4658203125, 0.5529412031173706]",0.231445,domestic dog,canis familiaris,0.177012,class,uncertain
data/openimages/images/european_rabbit/oi_european_rabbit_00397.jpg,openimages,,european_rabbit,2,"[0.4287109375, 0.234375, 0.84765625, 0.3671875]",0.413322,nutria,myocastor coypus,0.287959,class,uncertain
data/openimages/images/european_rabbit/oi_european_rabbit_00397.jpg,openimages,,european_rabbit,3,"[0.44384765625, 0.14453125, 0.8623046875, 0.15625]",0.201777,nutria,myocastor coypus,0.468993,class,flag
data/openimages/images/european_rabbit/oi_european_rabbit_00442.jpg,openimages,,european_rabbit,1,"[0.30243903025984764, 0.69482421875, 0.49024391174316406, 0.3525390625]",0.484375,wild boar,sus scrofa,0.345366,class,flag
data/openimages/images/european_rabbit/oi_european_rabbit_00444.jpg,openimages,,european_rabbit,2,"[0.68115234375, 0.39453125, 0.3037109375, 0.4973958432674408]",0.285889,north american porcupine,erethizon dorsatum,0.559886,class,flag
data/images_cv/images/american_mink/cv_american_mink_00219.jpg,images_cv,,american_mink,2,"[0.7770491689443588, 0.4359375089406967, 0.36721310019493103, 0.534375011920929]",0.366211,eurasian red squirrel,sciurus vulgaris,0.264885,class,uncertain
data/images_cv/images/american_mink/cv_american_mink_00399.jpg,images_cv,,american_mink,1,"[0.6887499988079071, 0.445993036031723, 0.5525000095367432, 0.891986072063446]",0.233765,arizona black-tailed prairie dog,cynomys ludovicianus,0.222157,class,uncertain
data/images_cv/images/american_mink/cv_american_mink_00598.jpg,images_cv,,american_mink,1,"[0.5809999853372574, 0.6017964035272598, 0.20600000023841858, 0.7784430980682373]",0.422232,eastern gray squirrel,sciurus carolinensis,0.288724,class,uncertain
data/images_cv/images/american_mink/cv_american_mink_00779.jpg,images_cv,,american_mink,1,"[0.27399999648332596, 0.40269462019205093, 0.35199999809265137, 0.6257485151290894]",0.27002,common wildebeest,connochaetes taurinus,0.158846,class,uncertain
data/images_cv/images/american_mink/cv_american_mink_01019.jpg,images_cv,,american_mink,1,"[0.38600000739097595, 0.4221556931734085, 0.25999999046325684, 0.38323354721069336]",0.31918,yellow-bellied marmot,marmota flaviventris,0.64323,class,flag
data/images_cv/images/american_mink/cv_american_mink_01056.jpg,images_cv,,american_mink,1,"[0.48500001430511475, 0.651197612285614, 0.5260000228881836, 0.6796407103538513]",0.28937,domestic cattle,bos taurus,0.218558,class,uncertain
data/images_cv/images/bornean_orangutan/cv_bornean_orangutan_00164.jpg,images_cv,,bornean_orangutan,3,"[0.23799999803304672, 0.346774198114872, 0.21199999749660492, 0.23655913770198822]",0.486179,eurasian red squirrel,sciurus vulgaris,0.163385,class,uncertain
data/images_cv/images/bornean_orangutan/cv_bornean_orangutan_00226.jpg,images_cv,,bornean_orangutan,1,"[0.1550000011920929, 0.6946666836738586, 0.3100000023841858, 0.6000000238418579]",0.228338,domestic cattle,bos taurus,0.446935,class,flag
data/images_cv/images/bornean_orangutan/cv_bornean_orangutan_00343.jpg,images_cv,,bornean_orangutan,1,"[0.36479590833187103, 0.7339999973773956, 0.4030612111091614, 0.5199999809265137]",0.203979,domestic cattle,bos taurus,0.148975,class,uncertain
data/images_cv/images/bornean_orangutan/cv_bornean_orangutan_00352.jpg,images_cv,,bornean_orangutan,1,"[0.2929999977350235, 0.8042168840765953, 0.3540000021457672, 0.23092369735240936]",0.222046,domestic cattle,bos taurus,0.731942,class,flag
data/images_cv/images/bornean_orangutan/cv_bornean_orangutan_00512.jpg,images_cv,,bornean_orangutan,1,"[0.27800000458955765, 0.6204985976219177, 0.42800000309944153, 0.7368420958518982]",0.387866,lion,panthera leo,0.458566,class,flag
data/images_cv/images/bornean_orangutan/cv_bornean_orangutan_00627.jpg,images_cv,,bornean_orangutan,1,"[0.08733880519866943, 0.5212500095367432, 0.17467761039733887, 0.7875000238418579]",0.291362,mule deer,odocoileus hemionus,0.192019,class,uncertain
data/images_cv/images/bornean_orangutan/cv_bornean_orangutan_00717.jpg,images_cv,,bornean_orangutan,1,"[0.637333333492279, 0.4259999841451645, 0.5440000295639038, 0.5479999780654907]",0.44934,domestic cattle,bos taurus,0.497707,class,flag
data/images_cv/images/bornean_orangutan/cv_bornean_orangutan_00724.jpg,images_cv,,bornean_orangutan,1,"[0.45900000911206007, 0.4653333416208625, 0.906000018119812, 0.9200000166893005]",0.331944,domestic horse,equus caballus,0.853703,class,flag
data/images_cv/images/bornean_orangutan/cv_bornean_orangutan_00790.jpg,images_cv,,bornean_orangutan,1,"[0.2809999883174896, 0.7533333450555801, 0.5619999766349792, 0.47733333706855774]",0.239761,domestic horse,equus caballus,0.397792,class,flag
data/images_cv/images/bornean_orangutan/cv_bornean_orangutan_00843.jpg,images_cv,,bornean_orangutan,1,"[0.3449999988079071, 0.2160000018775463, 0.12999999523162842, 0.36800000071525574]",0.373088,domestic cattle,bos taurus,0.399212,class,flag
data/images_cv/images/bornean_orangutan/cv_bornean_orangutan_00845.jpg,images_cv,,bornean_orangutan,3,"[0.8129999749362469, 0.46533334255218506, 0.12200000137090683, 0.36000001430511475]",0.290966,domestic cattle,bos taurus,0.196245,class,uncertain
data/images_cv/images/bornean_orangutan/cv_bornean_orangutan_00871.jpg,images_cv,,bornean_orangutan,1,"[0.32699998817406595, 0.42533332109451294, 0.6499999761581421, 0.37599998712539673]",0.249146,domestic cattle,bos taurus,0.510889,class,flag
data/images_cv/images/bornean_orangutan/cv_bornean_orangutan_01057.jpg,images_cv,,bornean_orangutan,1,"[0.6049999892711639, 0.8266666829586029, 0.4300000071525574, 0.3413333296775818]",0.370731,domestic cattle,bos taurus,0.52597,class,flag
data/images_cv/images/bornean_orangutan/cv_bornean_orangutan_01087.jpg,images_cv,,bornean_orangutan,1,"[0.3270000070333481, 0.6032934188842773, 0.3540000021457672, 0.78742516040802]",0.206787,common wildebeest,connochaetes taurinus,0.344556,class,flag
data/images_cv/images/bornean_orangutan/cv_bornean_orangutan_01177.jpg,images_cv,,bornean_orangutan,1,"[0.5000000144354999, 0.8059999942779541, 0.9946666955947876, 0.3880000114440918]",0.264634,lion,panthera leo,0.599292,class,flag
data/images_cv/images/common_wombat/cv_common_wombat_00281.jpg,images_cv,,common_wombat,2,"[0.3109999895095825, 0.3959999978542328, 0.621999979019165, 0.4986666738986969]",0.261963,domestic cat,felis catus,0.752798,class,flag
data/images_cv/images/common_wombat/cv_common_wombat_00311.jpg,images_cv,,common_wombat,1,"[0.7440000176429749, 0.45798320323228836, 0.5080000162124634, 0.7030812501907349]",0.311615,golden mantled ground squirrel,callospermophilus lateralis,0.211767,class,uncertain
data/images_cv/images/common_wombat/cv_common_wombat_00472.jpg,images_cv,,common_wombat,1,"[0.5140000134706497, 0.5040000043809414, 0.656000018119812, 0.9653333425521851]",0.31684,human,homo sapiens,0.893299,class,flag
data/images_cv/images/common_wombat/cv_common_wombat_00519.jpg,images_cv,,common_wombat,1,"[0.31499999365769327, 0.3111782521009445, 0.6259999871253967, 0.4531722068786621]",0.291118,brush-tailed rock wallaby,petrogale penicillata,0.184444,order,uncertain
data/images_cv/images/common_wombat/cv_common_wombat_00524.jpg,images_cv,,common_wombat,2,"[0.38199999928474426, 0.20533333672210574, 0.7639999985694885, 0.40533334016799927]",0.280762,lion,panthera leo,0.611284,class,flag
data/images_cv/images/common_wombat/cv_common_wombat_00570.jpg,images_cv,,common_wombat,1,"[0.35599999129772186, 0.6986666619777679, 0.5239999890327454, 0.5759999752044678]",0.29402,human,homo sapiens,0.986642,class,flag
data/images_cv/images/common_wombat/cv_common_wombat_00598.jpg,images_cv,,common_wombat,1,"[0.2720000147819519, 0.48498499393463135, 0.5440000295639038, 0.9699699878692627]",0.2163,arizona black-tailed prairie dog,cynomys ludovicianus,0.954462,class,flag
data/images_cv/images/dingo/cv_dingo_00236.jpg,images_cv,,dingo,3,"[0.07107231765985489, 0.16610455140471458, 0.14214463531970978, 0.23777402937412262]",0.426549,white-tailed deer,odocoileus virginianus,0.493536,class,flag
data/images_cv/images/dingo/cv_dingo_00413.jpg,images_cv,,dingo,2,"[0.32899999618530273, 0.6280000060796738, 0.25, 0.2693333327770233]",0.262323,domestic cat,felis catus,0.370485,order,flag
data/images_cv/images/dingo/cv_dingo_00718.jpg,images_cv,,dingo,1,"[0.38600000739097595, 0.18299999833106995, 0.14800000190734863, 0.17800000309944153]",0.471937,white-tailed deer,odocoileus virginianus,0.433463,class,flag
data/images_cv/images/dingo/cv_dingo_00935.jpg,images_cv,,dingo,3,"[0.721249982714653, 0.6008333414793015, 0.33500000834465027, 0.398333340883255]",0.259766,domestic cattle,bos taurus,0.983234,class,flag
data/images_cv/images/giant_panda/cv_giant_panda_00017.jpg,images_cv,,giant_panda,3,"[0.14765624701976776, 0.494699627161026, 0.2796874940395355, 0.4664310812950134]",0.434696,domestic dog,canis familiaris,0.344998,order,flag
data/images_cv/images/giant_panda/cv_giant_panda_00017.jpg,images_cv,,giant_panda,4,"[0.5593750029802322, 0.4505300372838974, 0.14687499403953552, 0.4558303952217102]",0.4094,striped skunk,mephitis mephitis,0.304341,order,flag
data/images_cv/images/giant_panda/cv_giant_panda_00021.jpg,images_cv,,giant_panda,1,"[0.6796874776482582, 0.3720657229423523, 0.24687500298023224, 0.43427228927612305]",0.222914,blue monkey,cercopithecus mitis,0.667351,class,flag
data/images_cv/images/giant_panda/cv_giant_panda_00063.jpg,images_cv,,giant_panda,1,"[0.4757785350084305, 0.5084134638309479, 0.7993079423904419, 0.7331730723381042]",0.498535,domestic cattle,bos taurus,0.45855,class,flag
data/images_cv/images/giant_panda/cv_giant_panda_00175.jpg,images_cv,,giant_panda,2,"[0.7000000029802322, 0.6265625059604645, 0.3531250059604645, 0.43437498807907104]",0.258057,domestic cattle,bos taurus,0.474084,class,flag
data/images_cv/images/giant_panda/cv_giant_panda_00235.jpg,images_cv,,giant_panda,1,"[0.28046874701976776, 0.7171361446380615, 0.4140625, 0.5469483733177185]",0.224256,common wildebeest,connochaetes taurinus,0.441299,class,flag
data/images_cv/images/giant_panda/cv_giant_panda_00329.jpg,images_cv,,giant_panda,1,"[0.3382812440395355, 0.40023474395275116, 0.30156248807907104, 0.35915493965148926]",0.480469,domestic goat,capra aegagrus hircus,0.178854,class,uncertain
data/images_cv/images/giant_panda/cv_giant_panda_00332.jpg,images_cv,,giant_panda,1,"[0.7062499672174454, 0.5050000101327896, 0.35749998688697815, 0.9125000238418579]",0.357666,yellow-throated marten,martes flavigula,0.624776,order,flag
data/images_cv/images/giant_panda/cv_giant_panda_00334.jpg,images_cv,,giant_panda,1,"[0.6078125089406967, 0.4958333447575569, 0.3062500059604645, 0.7472222447395325]",0.239746,human,homo sapiens,0.383401,class,flag
data/images_cv/images/giant_panda/cv_giant_panda_00413.jpg,images_cv,,giant_panda,1,"[0.5966666638851166, 0.6477777659893036, 0.8066666722297668, 0.699999988079071]",0.406006,common wildebeest,connochaetes taurinus,0.612483,class,flag
data/images_cv/images/giant_panda/cv_giant_panda_00425.jpg,images_cv,,giant_panda,1,"[0.8335714638233185, 0.43908628076314926, 0.3157142996788025, 0.6802030205726624]",0.306885,coyote,canis latrans,0.354451,order,flag
data/images_cv/images/giant_panda/cv_giant_panda_00496.jpg,images_cv,,giant_panda,2,"[0.24755859375, 0.3898678298573941, 0.4091796875, 0.7738619446754456]",0.398438,domestic cattle,bos taurus,0.556735,class,flag
data/images_cv/images/giant_panda/cv_giant_panda_00510.jpg,images_cv,,giant_panda,2,"[0.1992187440628186, 0.07656458020210266, 0.39531248807907104, 0.15312916040420532]",0.410932,domestic dog,canis familiaris,0.429186,order,flag
data/images_cv/images/giant_panda/cv_giant_panda_00617.jpg,images_cv,,giant_panda,3,"[0.7210937440395355, 0.5492957830429077, 0.557812511920929, 0.7230046987533569]",0.32959,yellow-throated marten,martes flavigula,0.141704,order,uncertain
data/images_cv/images/giant_panda/cv_giant_panda_00641.jpg,images_cv,,giant_panda,1,"[0.39921875298023224, 0.5152582079172134, 0.24843749403953552, 0.6737089157104492]",0.490234,domestic cattle,bos taurus,0.377108,class,flag
data/images_cv/images/gorilla_species/cv_gorilla_species_00061.jpg,images_cv,,gorilla_species,1,"[0.29900000244379044, 0.6051051020622253, 0.44200000166893005, 0.6336336135864258]",0.453791,common wildebeest,connochaetes taurinus,0.560293,class,flag
data/images_cv/images/gorilla_species/cv_gorilla_species_00145.jpg,images_cv,,gorilla_species,2,"[0.45099999010562897, 0.4533333480358124, 0.34599998593330383, 0.3946666717529297]",0.2708,domestic cattle,bos taurus,0.50054,class,flag
data/images_cv/images/gorilla_species/cv_gorilla_species_00171.jpg,images_cv,,gorilla_species,1,"[0.18000000715255737, 0.48670213110744953, 0.36000001430511475, 0.9468085169792175]",0.442989,blue monkey,cercopithecus mitis,0.229495,order,uncertain
data/images_cv/images/gorilla_species/cv_gorilla_species_00246.jpg,images_cv,,gorilla_species,1,"[0.2759999930858612, 0.6870000064373016, 0.5519999861717224, 0.6259999871253967]",0.405518,american black bear,ursus americanus,0.506946,class,flag
data/images_cv/images/gorilla_species/cv_gorilla_species_00328.jpg,images_cv,,gorilla_species,1,"[0.6949999928474426, 0.6093333512544632, 0.6060000061988831, 0.7760000228881836]",0.406982,domestic cattle,bos taurus,0.627883,class,flag
data/images_cv/images/gorilla_species/cv_gorilla_species_00372.jpg,images_cv,,gorilla_species,1,"[0.46500000543892384, 0.5568782985210419, 0.9020000100135803, 0.817460298538208]",0.219691,domestic dog,canis familiaris,0.497571,class,flag
data/images_cv/images/gorilla_species/cv_gorilla_species_00414.jpg,images_cv,,gorilla_species,1,"[0.4337797611951828, 0.7142857313156128, 0.4538690447807312, 0.5446428656578064]",0.397854,stump-tailed macaque,macaca arctoides,0.457106,order,flag
data/images_cv/images/gorilla_species/cv_gorilla_species_00422.jpg,images_cv,,gorilla_species,1,"[0.49999999068677425, 0.23999999463558197, 0.9735449552536011, 0.47999998927116394]",0.289426,domestic cattle,bos taurus,0.963801,class,flag
data/images_cv/images/gorilla_species/cv_gorilla_species_00428.jpg,images_cv,,gorilla_species,1,"[0.7090000212192535, 0.47066666139289737, 0.5820000171661377, 0.9359999895095825]",0.446045,domestic cattle,bos taurus,0.380142,class,flag
data/images_cv/images/gorilla_species/cv_gorilla_species_00455.jpg,images_cv,,gorilla_species,1,"[0.7024999856948853, 0.8319999873638153, 0.5899999737739563, 0.2720000147819519]",0.484153,blue monkey,cercopithecus mitis,0.527945,order,flag
data/images_cv/images/gorilla_species/cv_gorilla_species_00575.jpg,images_cv,,gorilla_species,1,"[0.7558044493198395, 0.40737052558688447, 0.48729854822158813, 0.8131474256515503]",0.337238,american bison,bison bison,0.411366,class,flag
data/images_cv/images/gorilla_species/cv_gorilla_species_00610.jpg,images_cv,,gorilla_species,1,"[0.40799999237060547, 0.7786666601896286, 0.8159999847412109, 0.4320000112056732]",0.438292,domestic cattle,bos taurus,0.39033,class,flag
data/images_cv/images/gorilla_species/cv_gorilla_species_00666.jpg,images_cv,,gorilla_species,1,"[0.16468749940395355, 0.7478912770748138, 0.3293749988079071, 0.4967197775840759]",0.32373,domestic cattle,bos taurus,0.809882,class,flag
data/images_cv/images/gorilla_species/cv_gorilla_species_00683.jpg,images_cv,,gorilla_species,1,"[0.4050000086426735, 0.5710000097751617, 0.2460000067949295, 0.5540000200271606]",0.203247,domestic cattle,bos taurus,0.909299,class,flag
data/images_cv/images/gorilla_species/cv_gorilla_species_00685.jpg,images_cv,,gorilla_species,1,"[0.7653125077486038, 0.8113799095153809, 0.3531250059604645, 0.3378136157989502]",0.212891,domestic cattle,bos taurus,0.49066,class,flag
data/images_cv/images/gorilla_species/cv_gorilla_species_00688.jpg,images_cv,,gorilla_species,1,"[0.6620000004768372, 0.7984000146389008, 0.5680000185966492, 0.3840000033378601]",0.239629,american black bear,ursus americanus,0.648169,class,flag
data/images_cv/images/gorilla_species/cv_gorilla_species_00758.jpg,images_cv,,gorilla_species,1,"[0.46894531697034836, 0.746631532907486, 0.24726562201976776, 0.4950205087661743]",0.416748,american bison,bison bison,0.888887,class,flag
data/images_cv/images/gorilla_species/cv_gorilla_species_00862.jpg,images_cv,,gorilla_species,1,"[0.17299999296665192, 0.454666658770293, 0.34599998593330383, 0.9039999842643738]",0.26127,thomson's gazelle,eudorcas thomsonii,0.291587,class,uncertain
data/images_cv/images/gorilla_species/cv_gorilla_species_00863.jpg,images_cv,,gorilla_species,1,"[0.1940000019967556, 0.5240000039339066, 0.2800000011920929, 0.37066665291786194]",0.411865,sika deer,cervus nippon,0.170457,class,uncertain
data/images_cv/images/gorilla_species/cv_gorilla_species_00950.jpg,images_cv,,gorilla_species,1,"[0.24300000071525574, 0.37199999392032623, 0.4860000014305115, 0.46133333444595337]",0.421143,blue monkey,cercopithecus mitis,0.422432,order,flag
data/images_cv/images/gorilla_species/cv_gorilla_species_00950.jpg,images_cv,,gorilla_species,2,"[0.46200000843964517, 0.30266666412353516, 0.9200000166893005, 0.6053333282470703]",0.276367,domestic cattle,bos taurus,0.837349,class,flag
data/images_cv/images/gorilla_species/cv_gorilla_species_00958.jpg,images_cv,,gorilla_species,1,"[0.6330000162124634, 0.46666667610406876, 0.7300000190734863, 0.800000011920929]",0.364812,domestic cattle,bos taurus,0.378244,class,flag
data/images_cv/images/gorilla_species/cv_gorilla_species_00976.jpg,images_cv,,gorilla_species,1,"[0.6370000094175339, 0.7060000002384186, 0.26600000262260437, 0.5040000081062317]",0.326257,american black bear,ursus americanus,0.154412,class,uncertain
data/images_cv/images/gorilla_species/cv_gorilla_species_01017.jpg,images_cv,,gorilla_species,1,"[0.32899999618530273, 0.5080000013113022, 0.3100000023841858, 0.562666654586792]",0.248169,american black bear,ursus americanus,0.504648,class,flag
data/images_cv/images/gorilla_species/cv_gorilla_species_01102.jpg,images_cv,,gorilla_species,1,"[0.4949999926611781, 0.5350140109658241, 0.9779999852180481, 0.8739495873451233]",0.368048,blue monkey,cercopithecus mitis,0.502442,order,flag
data/images_cv/images/gorilla_species/cv_gorilla_species_01141.jpg,images_cv,,gorilla_species,1,"[0.6403712183237076, 0.3240000084042549, 0.44083526730537415, 0.20000000298023224]",0.3582,blue monkey,cercopithecus mitis,0.264648,order,uncertain
data/images_cv/images/gorilla_species/cv_gorilla_species_01141.jpg,images_cv,,gorilla_species,2,"[0.6380510479211807, 0.5889999866485596, 0.45011600852012634, 0.5299999713897705]",0.290527,domestic cattle,bos taurus,0.958381,class,flag
data/images_cv/images/gorilla_species/cv_gorilla_species_01153.jpg,images_cv,,gorilla_species,1,"[0.3046875, 0.5247395746409893, 0.529296875, 0.9427083134651184]",0.252022,domestic cattle,bos taurus,0.309982,class,flag
data/images_cv/images/gorilla_species/cv_gorilla_species_01214.jpg,images_cv,,gorilla_species,2,"[0.596000000834465, 0.19969969987869263, 0.7120000123977661, 0.39939939975738525]",0.328697,domestic cattle,bos taurus,0.758419,class,flag
data/images_cv/images/gorilla_species/cv_gorilla_species_01280.jpg,images_cv,,gorilla_species,1,"[0.3087500035762787, 0.7183333337306976, 0.6175000071525574, 0.5633333325386047]",0.231454,american black bear,ursus americanus,0.448976,class,flag
data/images_cv/images/gorilla_species/cv_gorilla_species_01308.jpg,images_cv,,gorilla_species,1,"[0.2160000056028366, 0.6133333444595337, 0.4320000112056732, 0.5013333559036255]",0.309082,lion,panthera leo,0.356124,class,flag
data/images_cv/images/leopard/cv_leopard_01209.jpg,images_cv,,leopard,1,"[0.6081677675247192, 0.5170000120997429, 0.7262693047523499, 0.9660000205039978]",0.400635,giraffe,giraffa camelopardalis,0.444973,class,flag
data/images_cv/images/red_panda/cv_red_panda_00010.jpg,images_cv,,red_panda,1,"[0.173828125, 0.5110677182674408, 0.34765625, 0.30859375]",0.42183,american black bear,ursus americanus,0.947426,order,flag
data/images_cv/images/snow_leopard/cv_snow_leopard_00095.jpg,images_cv,,snow_leopard,1,"[0.21341463178396225, 0.786999985575676, 0.25609755516052246, 0.257999986410141]",0.231323,coyote,canis latrans,0.504093,order,flag
data/images_cv/images/snow_leopard/cv_snow_leopard_00731.jpg,images_cv,,snow_leopard,1,"[0.24400000274181366, 0.6739690601825714, 0.4880000054836273, 0.6469072103500366]",0.399902,domestic goat,capra aegagrus hircus,0.12429,class,uncertain
data/images_cv/images/snow_leopard/cv_snow_leopard_00966.jpg,images_cv,,snow_leopard,1,"[0.27799998922273517, 0.8033032864332199, 0.5479999780654907, 0.36936935782432556]",0.232439,domestic cattle,bos taurus,0.440305,class,flag
data/images_cv/images/snow_leopard/cv_snow_leopard_01223.jpg,images_cv,,snow_leopard,1,"[0.35249999165534973, 0.7662500292062759, 0.7049999833106995, 0.45750001072883606]",0.357317,domestic sheep,ovis aries,0.39241,class,flag
