2026-08-05 11:36:11 INFO  __main__ | === teacher_finetune (SpeciesNet classifier) training run ===
2026-08-05 11:36:11 INFO  __main__ | run_name=teacher-finetune-20260805-113610 experiment=teacher-finetune-speciesnet225
2026-08-05 11:36:11 INFO  __main__ | mlflow tracking_uri=http://hetzner.taile550ef.ts.net:5000/
2026-08-05 11:36:11 INFO  __main__ | run dir: /app/scripts/training/teacher_finetune/model_exports/teacher-finetune-20260805-113610
2026-08-05 11:36:11 INFO  __main__ | log file: /app/scripts/training/teacher_finetune/model_exports/teacher-finetune-20260805-113610/teacher-finetune-20260805-113610.log
2026-08-05 11:36:11 INFO  __main__ | seed=42 device=cuda epochs=100 smoke=False
2026-08-05 11:36:12 INFO  absl | Loading model from /root/.cache/kagglehub/models/google/speciesnet/pyTorch/v4.0.3a/1/always_crop_99710272_22x8_v12_epoch_00148.pt.
2026-08-05 11:36:13 INFO  absl | Loaded SpeciesNetClassifier in 0.96 seconds on CUDA.
2026-08-05 11:36:13 INFO  scripts.training.teacher_finetune.teacher_model | froze 245/490 parameter tensors (fraction=0.50), 245 trainable
2026-08-05 11:36:13 INFO  scripts.training.teacher_finetune.teacher_model | model: speciesnet-classifier, nc=2498, params=52.71M (43.55M trainable), device=cuda
2026-08-05 11:36:15 INFO  scripts.training.teacher_finetune.dataset | dataset annotations_train.json: 187705 crops, 225 classes
2026-08-05 11:36:15 INFO  scripts.training.teacher_finetune.dataset | dataset annotations_val.json: 19732 crops, 225 classes
2026-08-05 11:36:16 INFO  scripts.training.teacher_finetune.dataset | dataset annotations_test.json: 92094 crops, 225 classes
2026-08-05 11:36:16 INFO  scripts.training.teacher_finetune.teacher_model | optimizer=AdamW lr=0.0001 weight_decay=0.0001 | trainable params=245
2026-08-05 11:36:16 INFO  scripts.training.teacher_finetune.teacher_model | scheduler: OneCycleLR(max_lr=0.0003, total_steps=586500, pct_start=0.03, div_factor=10, final_div_factor=100) — stepped per batch
2026-08-05 11:36:16 INFO  absl | Loading model from /root/.cache/kagglehub/models/google/speciesnet/pyTorch/v4.0.3a/1/always_crop_99710272_22x8_v12_epoch_00148.pt.
2026-08-05 11:36:17 INFO  absl | Loaded SpeciesNetClassifier in 0.68 seconds on CUDA.
2026-08-05 11:36:17 WARNING scripts.training.teacher_finetune.loss | 11 idx_225 classes have an EMPTY leaf group (no matching SpeciesNet leaf class) — samples with these labels are excluded from the loss (ignore_index-style), not treated as NaN. idx_225 set: [27, 74, 79, 120, 126, 164, 182, 188, 191, 212, 223]. See this module's docstring for the full class list/framing.
2026-08-05 11:36:17 INFO  scripts.training.teacher_finetune.loss | GroupedCrossEntropyLoss: 171 single-member groups (plain CE fast path), 43 multi-member groups (grouped CE), 11 empty (ignored)
2026-08-05 11:36:17 INFO  __main__ | run config:
2026-08-05 11:36:17 INFO  __main__ |   ANNOTATIONS_TEST = /app/data/real/annotations_test.json
2026-08-05 11:36:17 INFO  __main__ |   ANNOTATIONS_TRAIN = /app/data/real/annotations_train.json
2026-08-05 11:36:17 INFO  __main__ |   ANNOTATIONS_VAL = /app/data/real/annotations_val.json
2026-08-05 11:36:17 INFO  __main__ |   BATCH_SIZE = 32
2026-08-05 11:36:17 INFO  __main__ |   CLASSES_225_PATH = /app/reports/classes_225.csv
2026-08-05 11:36:17 INFO  __main__ |   DATA_ROOT = /app/data
2026-08-05 11:36:17 INFO  __main__ |   EARLY_STOP = True
2026-08-05 11:36:17 INFO  __main__ |   EARLY_STOP_MIN_DELTA = 0.001
2026-08-05 11:36:17 INFO  __main__ |   EARLY_STOP_PATIENCE = 15
2026-08-05 11:36:17 INFO  __main__ |   EPOCH_COUNT = 100
2026-08-05 11:36:17 INFO  __main__ |   FREEZE_PARAM_FRACTION = 0.5
2026-08-05 11:36:17 INFO  __main__ |   IMAGE_ROOT = /app
2026-08-05 11:36:17 INFO  __main__ |   IMAGE_SIZE = 480
2026-08-05 11:36:17 INFO  __main__ |   LEARNING_RATE = 0.0001
2026-08-05 11:36:17 INFO  __main__ |   MLFLOW_EXPERIMENT_DEFAULT = teacher-finetune-speciesnet225
2026-08-05 11:36:17 INFO  __main__ |   MLFLOW_LOG_EVERY_N_STEPS = 50
2026-08-05 11:36:17 INFO  __main__ |   NUM_CLASSES_225 = 225
2026-08-05 11:36:17 INFO  __main__ |   NUM_CLASSES_LEAF = 2498
2026-08-05 11:36:17 INFO  __main__ |   NUM_WORKERS = 8
2026-08-05 11:36:17 INFO  __main__ |   ONE_CYCLE_DIV_FACTOR = 10.0
2026-08-05 11:36:17 INFO  __main__ |   ONE_CYCLE_FINAL_DIV_FACTOR = 100.0
2026-08-05 11:36:17 INFO  __main__ |   ONE_CYCLE_MAX_LR = 0.0003
2026-08-05 11:36:17 INFO  __main__ |   ONE_CYCLE_PCT_START = 0.03
2026-08-05 11:36:17 INFO  __main__ |   OPTIMIZER = AdamW
2026-08-05 11:36:17 INFO  __main__ |   OUTPUT_DIR = /app/scripts/training/teacher_finetune/model_exports
2026-08-05 11:36:17 INFO  __main__ |   REPO_ROOT = /app
2026-08-05 11:36:17 INFO  __main__ |   SEED = 42
2026-08-05 11:36:17 INFO  __main__ |   SELECTION_METRIC = f1_macro
2026-08-05 11:36:17 INFO  __main__ |   TAXONOMY_PATH = /app/resources/speciesnet_taxonomy_release.txt
2026-08-05 11:36:17 INFO  __main__ |   USE_AMP = True
2026-08-05 11:36:17 INFO  __main__ |   USE_EMA = True
2026-08-05 11:36:17 INFO  __main__ |   WARMUP_EPOCHS = 3
2026-08-05 11:36:17 INFO  __main__ |   WEIGHT_DECAY = 0.0001
2026-08-05 11:36:17 INFO  __main__ |   dataset_size_test = 92094
2026-08-05 11:36:17 INFO  __main__ |   dataset_size_train = 187705
2026-08-05 11:36:17 INFO  __main__ |   dataset_size_val = 19732
2026-08-05 11:36:17 INFO  __main__ |   device = cuda
2026-08-05 11:36:17 INFO  __main__ |   epochs_actual = 100
2026-08-05 11:36:17 INFO  __main__ |   git_sha = 
2026-08-05 11:36:17 INFO  __main__ |   resume_from = 
2026-08-05 11:36:17 INFO  __main__ |   smoke = False
2026-08-05 11:36:18 INFO  scripts.training.teacher_finetune.training_pipeline | output dir: /app/scripts/training/teacher_finetune/model_exports/teacher-finetune-20260805-113610 | selection_metric=f1_macro early_stop=True(patience=15, min_delta=0.001) ema=True amp=True
2026-08-05 11:36:18 INFO  scripts.training.teacher_finetune.training_pipeline | starting training: ceiling=100 epochs | train_batches=5865 val_batches=617 test_batches=2878 | device=cuda
2026-08-05 11:36:18 INFO  scripts.training.teacher_finetune.training_pipeline | epoch 1/100 — train start (lr=3e-05, batches=5865)
2026-08-05 11:37:00 INFO  scripts.training.teacher_finetune.training_pipeline | step 50 | loss_grouped_ce=1.1165 lr=3.00056e-05
2026-08-05 11:37:29 INFO  scripts.training.teacher_finetune.training_pipeline | step 100 | loss_grouped_ce=1.1865 lr=3.0022e-05
2026-08-05 11:37:57 INFO  scripts.training.teacher_finetune.training_pipeline | step 150 | loss_grouped_ce=0.9868 lr=3.00491e-05
2026-08-05 11:38:26 INFO  scripts.training.teacher_finetune.training_pipeline | step 200 | loss_grouped_ce=0.7679 lr=3.00869e-05
2026-08-05 11:38:42 INFO  scripts.training.teacher_finetune.training_pipeline | step 250 | loss_grouped_ce=0.4842 lr=3.01356e-05
2026-08-05 11:39:03 INFO  scripts.training.teacher_finetune.training_pipeline | step 300 | loss_grouped_ce=0.5422 lr=3.01949e-05
2026-08-05 11:39:28 INFO  scripts.training.teacher_finetune.training_pipeline | step 350 | loss_grouped_ce=0.8044 lr=3.02651e-05
2026-08-05 11:39:56 INFO  scripts.training.teacher_finetune.training_pipeline | step 400 | loss_grouped_ce=0.7281 lr=3.03459e-05
2026-08-05 11:40:25 INFO  scripts.training.teacher_finetune.training_pipeline | step 450 | loss_grouped_ce=0.6062 lr=3.04375e-05
2026-08-05 11:40:51 INFO  scripts.training.teacher_finetune.training_pipeline | step 500 | loss_grouped_ce=0.5306 lr=3.05398e-05
2026-08-05 11:41:14 INFO  scripts.training.teacher_finetune.training_pipeline | step 550 | loss_grouped_ce=1.1111 lr=3.06529e-05
2026-08-05 11:41:39 INFO  scripts.training.teacher_finetune.training_pipeline | step 600 | loss_grouped_ce=0.5106 lr=3.07766e-05
2026-08-05 11:42:07 INFO  scripts.training.teacher_finetune.training_pipeline | step 650 | loss_grouped_ce=0.1520 lr=3.09111e-05
2026-08-05 11:42:36 INFO  scripts.training.teacher_finetune.training_pipeline | step 700 | loss_grouped_ce=0.9546 lr=3.10562e-05
2026-08-05 11:43:02 INFO  scripts.training.teacher_finetune.training_pipeline | step 750 | loss_grouped_ce=0.6155 lr=3.1212e-05
2026-08-05 11:43:32 INFO  scripts.training.teacher_finetune.training_pipeline | step 800 | loss_grouped_ce=0.1493 lr=3.13785e-05
2026-08-05 11:44:00 INFO  scripts.training.teacher_finetune.training_pipeline | step 850 | loss_grouped_ce=0.2975 lr=3.15556e-05
2026-08-05 11:44:27 INFO  scripts.training.teacher_finetune.training_pipeline | step 900 | loss_grouped_ce=0.3906 lr=3.17434e-05
2026-08-05 11:44:58 INFO  scripts.training.teacher_finetune.training_pipeline | step 950 | loss_grouped_ce=0.4425 lr=3.19417e-05
2026-08-05 11:45:20 INFO  scripts.training.teacher_finetune.training_pipeline | step 1000 | loss_grouped_ce=0.4501 lr=3.21507e-05
2026-08-05 11:45:38 INFO  scripts.training.teacher_finetune.training_pipeline | step 1050 | loss_grouped_ce=0.3869 lr=3.23703e-05
2026-08-05 11:45:57 INFO  scripts.training.teacher_finetune.training_pipeline | step 1100 | loss_grouped_ce=0.3355 lr=3.26005e-05
2026-08-05 11:46:21 INFO  scripts.training.teacher_finetune.training_pipeline | step 1150 | loss_grouped_ce=0.9856 lr=3.28412e-05
2026-08-05 11:46:44 INFO  scripts.training.teacher_finetune.training_pipeline | step 1200 | loss_grouped_ce=0.3525 lr=3.30924e-05
2026-08-05 11:47:08 INFO  scripts.training.teacher_finetune.training_pipeline | step 1250 | loss_grouped_ce=0.5553 lr=3.33541e-05
2026-08-05 11:47:26 INFO  scripts.training.teacher_finetune.training_pipeline | step 1300 | loss_grouped_ce=0.5034 lr=3.36264e-05
2026-08-05 11:47:46 INFO  scripts.training.teacher_finetune.training_pipeline | step 1350 | loss_grouped_ce=0.5949 lr=3.39091e-05
2026-08-05 11:48:05 INFO  scripts.training.teacher_finetune.training_pipeline | step 1400 | loss_grouped_ce=0.8620 lr=3.42023e-05
2026-08-05 11:48:21 INFO  scripts.training.teacher_finetune.training_pipeline | step 1450 | loss_grouped_ce=0.1951 lr=3.45059e-05
2026-08-05 11:48:39 INFO  scripts.training.teacher_finetune.training_pipeline | step 1500 | loss_grouped_ce=0.4081 lr=3.48199e-05
2026-08-05 11:49:03 INFO  scripts.training.teacher_finetune.training_pipeline | step 1550 | loss_grouped_ce=0.2339 lr=3.51442e-05
2026-08-05 11:49:27 INFO  scripts.training.teacher_finetune.training_pipeline | step 1600 | loss_grouped_ce=0.7620 lr=3.54789e-05
2026-08-05 11:49:48 INFO  scripts.training.teacher_finetune.training_pipeline | step 1650 | loss_grouped_ce=0.3044 lr=3.5824e-05
2026-08-05 11:50:06 INFO  scripts.training.teacher_finetune.training_pipeline | step 1700 | loss_grouped_ce=0.4651 lr=3.61793e-05
2026-08-05 11:50:24 INFO  scripts.training.teacher_finetune.training_pipeline | step 1750 | loss_grouped_ce=0.6977 lr=3.65449e-05
2026-08-05 11:50:45 INFO  scripts.training.teacher_finetune.training_pipeline | step 1800 | loss_grouped_ce=0.5548 lr=3.69208e-05
2026-08-05 11:51:09 INFO  scripts.training.teacher_finetune.training_pipeline | step 1850 | loss_grouped_ce=0.4661 lr=3.73068e-05
2026-08-05 11:51:27 INFO  scripts.training.teacher_finetune.training_pipeline | step 1900 | loss_grouped_ce=0.5178 lr=3.77031e-05
2026-08-05 11:51:44 INFO  scripts.training.teacher_finetune.training_pipeline | step 1950 | loss_grouped_ce=0.3823 lr=3.81095e-05
2026-08-05 11:52:10 INFO  scripts.training.teacher_finetune.training_pipeline | step 2000 | loss_grouped_ce=0.6133 lr=3.8526e-05
2026-08-05 11:52:30 INFO  scripts.training.teacher_finetune.training_pipeline | step 2050 | loss_grouped_ce=0.4742 lr=3.89525e-05
2026-08-05 11:52:55 INFO  scripts.training.teacher_finetune.training_pipeline | step 2100 | loss_grouped_ce=0.1345 lr=3.93892e-05
2026-08-05 11:53:21 INFO  scripts.training.teacher_finetune.training_pipeline | step 2150 | loss_grouped_ce=0.9114 lr=3.98358e-05
2026-08-05 11:53:49 INFO  scripts.training.teacher_finetune.training_pipeline | step 2200 | loss_grouped_ce=0.1460 lr=4.02924e-05
2026-08-05 11:54:13 INFO  scripts.training.teacher_finetune.training_pipeline | step 2250 | loss_grouped_ce=0.5038 lr=4.0759e-05
2026-08-05 11:54:43 INFO  scripts.training.teacher_finetune.training_pipeline | step 2300 | loss_grouped_ce=0.6086 lr=4.12354e-05
2026-08-05 11:55:11 INFO  scripts.training.teacher_finetune.training_pipeline | step 2350 | loss_grouped_ce=0.5897 lr=4.17217e-05
2026-08-05 11:55:33 INFO  scripts.training.teacher_finetune.training_pipeline | step 2400 | loss_grouped_ce=0.3794 lr=4.22179e-05
2026-08-05 11:55:50 INFO  scripts.training.teacher_finetune.training_pipeline | step 2450 | loss_grouped_ce=0.4737 lr=4.27238e-05
2026-08-05 11:56:07 INFO  scripts.training.teacher_finetune.training_pipeline | step 2500 | loss_grouped_ce=0.6608 lr=4.32395e-05
2026-08-05 11:56:36 INFO  scripts.training.teacher_finetune.training_pipeline | step 2550 | loss_grouped_ce=0.2780 lr=4.37649e-05
2026-08-05 11:57:00 INFO  scripts.training.teacher_finetune.training_pipeline | step 2600 | loss_grouped_ce=0.3002 lr=4.42999e-05
2026-08-05 11:57:29 INFO  scripts.training.teacher_finetune.training_pipeline | step 2650 | loss_grouped_ce=0.5433 lr=4.48446e-05
2026-08-05 11:57:58 INFO  scripts.training.teacher_finetune.training_pipeline | step 2700 | loss_grouped_ce=0.2245 lr=4.53989e-05
2026-08-05 11:58:27 INFO  scripts.training.teacher_finetune.training_pipeline | step 2750 | loss_grouped_ce=0.2835 lr=4.59627e-05
2026-08-05 11:58:57 INFO  scripts.training.teacher_finetune.training_pipeline | step 2800 | loss_grouped_ce=0.1137 lr=4.65359e-05
2026-08-05 11:59:19 INFO  scripts.training.teacher_finetune.training_pipeline | step 2850 | loss_grouped_ce=0.4405 lr=4.71186e-05
2026-08-05 11:59:48 INFO  scripts.training.teacher_finetune.training_pipeline | step 2900 | loss_grouped_ce=0.4406 lr=4.77107e-05
2026-08-05 12:00:14 INFO  scripts.training.teacher_finetune.training_pipeline | step 2950 | loss_grouped_ce=1.0277 lr=4.83122e-05
2026-08-05 12:00:43 INFO  scripts.training.teacher_finetune.training_pipeline | step 3000 | loss_grouped_ce=0.1644 lr=4.8923e-05
2026-08-05 12:01:13 INFO  scripts.training.teacher_finetune.training_pipeline | step 3050 | loss_grouped_ce=0.3474 lr=4.9543e-05
2026-08-05 12:01:40 INFO  scripts.training.teacher_finetune.training_pipeline | step 3100 | loss_grouped_ce=0.2566 lr=5.01722e-05
2026-08-05 12:01:56 INFO  scripts.training.teacher_finetune.training_pipeline | step 3150 | loss_grouped_ce=0.2538 lr=5.08106e-05
2026-08-05 12:02:18 INFO  scripts.training.teacher_finetune.training_pipeline | step 3200 | loss_grouped_ce=0.6696 lr=5.1458e-05
2026-08-05 12:02:46 INFO  scripts.training.teacher_finetune.training_pipeline | step 3250 | loss_grouped_ce=0.2889 lr=5.21146e-05
2026-08-05 12:03:09 INFO  scripts.training.teacher_finetune.training_pipeline | step 3300 | loss_grouped_ce=0.4426 lr=5.27801e-05
2026-08-05 12:03:29 INFO  scripts.training.teacher_finetune.training_pipeline | step 3350 | loss_grouped_ce=0.7154 lr=5.34545e-05
2026-08-05 12:03:49 INFO  scripts.training.teacher_finetune.training_pipeline | step 3400 | loss_grouped_ce=0.2975 lr=5.41379e-05
2026-08-05 12:04:11 INFO  scripts.training.teacher_finetune.training_pipeline | step 3450 | loss_grouped_ce=0.4954 lr=5.48301e-05
2026-08-05 12:04:39 INFO  scripts.training.teacher_finetune.training_pipeline | step 3500 | loss_grouped_ce=0.3226 lr=5.55311e-05
2026-08-05 12:05:06 INFO  scripts.training.teacher_finetune.training_pipeline | step 3550 | loss_grouped_ce=0.7771 lr=5.62407e-05
2026-08-05 12:05:35 INFO  scripts.training.teacher_finetune.training_pipeline | step 3600 | loss_grouped_ce=0.3258 lr=5.69591e-05
2026-08-05 12:06:03 INFO  scripts.training.teacher_finetune.training_pipeline | step 3650 | loss_grouped_ce=0.3280 lr=5.76861e-05
2026-08-05 12:06:33 INFO  scripts.training.teacher_finetune.training_pipeline | step 3700 | loss_grouped_ce=0.1155 lr=5.84216e-05
2026-08-05 12:06:57 INFO  scripts.training.teacher_finetune.training_pipeline | step 3750 | loss_grouped_ce=0.7676 lr=5.91657e-05
2026-08-05 12:07:28 INFO  scripts.training.teacher_finetune.training_pipeline | step 3800 | loss_grouped_ce=0.6706 lr=5.99181e-05
2026-08-05 12:07:56 INFO  scripts.training.teacher_finetune.training_pipeline | step 3850 | loss_grouped_ce=0.3186 lr=6.0679e-05
2026-08-05 12:08:21 INFO  scripts.training.teacher_finetune.training_pipeline | step 3900 | loss_grouped_ce=0.3730 lr=6.14481e-05
2026-08-05 12:08:52 INFO  scripts.training.teacher_finetune.training_pipeline | step 3950 | loss_grouped_ce=0.1369 lr=6.22255e-05
2026-08-05 12:09:21 INFO  scripts.training.teacher_finetune.training_pipeline | step 4000 | loss_grouped_ce=0.2031 lr=6.30111e-05
2026-08-05 12:09:39 INFO  scripts.training.teacher_finetune.training_pipeline | step 4050 | loss_grouped_ce=1.0906 lr=6.38049e-05
2026-08-05 12:09:58 INFO  scripts.training.teacher_finetune.training_pipeline | step 4100 | loss_grouped_ce=0.2814 lr=6.46067e-05
2026-08-05 12:10:24 INFO  scripts.training.teacher_finetune.training_pipeline | step 4150 | loss_grouped_ce=0.6690 lr=6.54165e-05
2026-08-05 12:10:42 INFO  scripts.training.teacher_finetune.training_pipeline | step 4200 | loss_grouped_ce=0.3514 lr=6.62342e-05
2026-08-05 12:11:12 INFO  scripts.training.teacher_finetune.training_pipeline | step 4250 | loss_grouped_ce=0.2882 lr=6.70598e-05
2026-08-05 12:11:38 INFO  scripts.training.teacher_finetune.training_pipeline | step 4300 | loss_grouped_ce=0.4200 lr=6.78932e-05
2026-08-05 12:12:02 INFO  scripts.training.teacher_finetune.training_pipeline | step 4350 | loss_grouped_ce=0.1799 lr=6.87344e-05
2026-08-05 12:12:33 INFO  scripts.training.teacher_finetune.training_pipeline | step 4400 | loss_grouped_ce=0.2582 lr=6.95832e-05
2026-08-05 12:13:00 INFO  scripts.training.teacher_finetune.training_pipeline | step 4450 | loss_grouped_ce=0.4361 lr=7.04396e-05
2026-08-05 12:13:28 INFO  scripts.training.teacher_finetune.training_pipeline | step 4500 | loss_grouped_ce=0.6617 lr=7.13036e-05
2026-08-05 12:13:58 INFO  scripts.training.teacher_finetune.training_pipeline | step 4550 | loss_grouped_ce=0.6645 lr=7.21751e-05
2026-08-05 12:14:18 INFO  scripts.training.teacher_finetune.training_pipeline | step 4600 | loss_grouped_ce=0.5717 lr=7.30539e-05
2026-08-05 12:14:35 INFO  scripts.training.teacher_finetune.training_pipeline | step 4650 | loss_grouped_ce=0.2994 lr=7.39401e-05
2026-08-05 12:14:53 INFO  scripts.training.teacher_finetune.training_pipeline | step 4700 | loss_grouped_ce=0.4960 lr=7.48335e-05
2026-08-05 12:15:17 INFO  scripts.training.teacher_finetune.training_pipeline | step 4750 | loss_grouped_ce=0.6280 lr=7.57341e-05
2026-08-05 12:15:45 INFO  scripts.training.teacher_finetune.training_pipeline | step 4800 | loss_grouped_ce=1.0207 lr=7.66418e-05
2026-08-05 12:16:12 INFO  scripts.training.teacher_finetune.training_pipeline | step 4850 | loss_grouped_ce=0.6132 lr=7.75566e-05
2026-08-05 12:16:32 INFO  scripts.training.teacher_finetune.training_pipeline | step 4900 | loss_grouped_ce=0.5389 lr=7.84784e-05
2026-08-05 12:17:01 INFO  scripts.training.teacher_finetune.training_pipeline | step 4950 | loss_grouped_ce=0.0996 lr=7.9407e-05
2026-08-05 12:17:20 INFO  scripts.training.teacher_finetune.training_pipeline | step 5000 | loss_grouped_ce=0.2944 lr=8.03425e-05
2026-08-05 12:17:48 INFO  scripts.training.teacher_finetune.training_pipeline | step 5050 | loss_grouped_ce=0.5827 lr=8.12847e-05
2026-08-05 12:18:14 INFO  scripts.training.teacher_finetune.training_pipeline | step 5100 | loss_grouped_ce=0.4933 lr=8.22336e-05
2026-08-05 12:18:32 INFO  scripts.training.teacher_finetune.training_pipeline | step 5150 | loss_grouped_ce=0.2731 lr=8.3189e-05
2026-08-05 12:19:00 INFO  scripts.training.teacher_finetune.training_pipeline | step 5200 | loss_grouped_ce=0.4263 lr=8.4151e-05
2026-08-05 12:19:18 INFO  scripts.training.teacher_finetune.training_pipeline | step 5250 | loss_grouped_ce=0.2535 lr=8.51195e-05
2026-08-05 12:19:42 INFO  scripts.training.teacher_finetune.training_pipeline | step 5300 | loss_grouped_ce=0.4150 lr=8.60943e-05
2026-08-05 12:20:09 INFO  scripts.training.teacher_finetune.training_pipeline | step 5350 | loss_grouped_ce=0.7749 lr=8.70754e-05
2026-08-05 12:20:42 INFO  scripts.training.teacher_finetune.training_pipeline | step 5400 | loss_grouped_ce=0.8806 lr=8.80627e-05
2026-08-05 12:21:02 INFO  scripts.training.teacher_finetune.training_pipeline | step 5450 | loss_grouped_ce=0.3847 lr=8.90562e-05
2026-08-05 12:21:26 INFO  scripts.training.teacher_finetune.training_pipeline | step 5500 | loss_grouped_ce=0.2663 lr=9.00557e-05
2026-08-05 12:21:43 INFO  scripts.training.teacher_finetune.training_pipeline | step 5550 | loss_grouped_ce=0.3564 lr=9.10611e-05
2026-08-05 12:22:10 INFO  scripts.training.teacher_finetune.training_pipeline | step 5600 | loss_grouped_ce=0.3641 lr=9.20725e-05
2026-08-05 12:22:31 INFO  scripts.training.teacher_finetune.training_pipeline | step 5650 | loss_grouped_ce=0.4232 lr=9.30897e-05
2026-08-05 12:22:56 INFO  scripts.training.teacher_finetune.training_pipeline | step 5700 | loss_grouped_ce=0.2954 lr=9.41126e-05
2026-08-05 12:23:17 INFO  scripts.training.teacher_finetune.training_pipeline | step 5750 | loss_grouped_ce=0.8136 lr=9.51411e-05
2026-08-05 12:23:42 INFO  scripts.training.teacher_finetune.training_pipeline | step 5800 | loss_grouped_ce=0.4130 lr=9.61753e-05
2026-08-05 12:24:04 INFO  scripts.training.teacher_finetune.training_pipeline | step 5850 | loss_grouped_ce=0.3976 lr=9.72149e-05
2026-08-05 12:24:12 INFO  scripts.training.teacher_finetune.training_pipeline | epoch 1/100 — train done in 2874.1s | avg loss_grouped_ce=0.5318
2026-08-05 12:24:12 INFO  scripts.training.teacher_finetune.evaluate | evaluating on 617 batches
2026-08-05 12:30:00 INFO  scripts.training.teacher_finetune.training_pipeline | epoch 1/100 — val accuracy_top1=0.7502 f1_macro=0.7143 f1_micro=0.7502 (selection f1_macro=0.7143)
2026-08-05 12:30:01 INFO  scripts.training.teacher_finetune.evaluate | mlflow: logged val/accuracy_top1=0.7502 val/f1_macro=0.7143 val/f1_micro=0.7502 (step=0, n=19732)
2026-08-05 12:30:02 INFO  scripts.training.teacher_finetune.evaluate | mlflow: logged val per-source accuracy table (6 sources)
2026-08-05 12:30:03 INFO  scripts.training.teacher_finetune.training_pipeline | saved checkpoint: /app/scripts/training/teacher_finetune/model_exports/teacher-finetune-20260805-113610/best.pt
2026-08-05 12:30:03 INFO  scripts.training.teacher_finetune.training_pipeline | new best f1_macro=0.7143 at epoch 1
2026-08-05 12:30:05 INFO  scripts.training.teacher_finetune.training_pipeline | saved checkpoint: /app/scripts/training/teacher_finetune/model_exports/teacher-finetune-20260805-113610/last.pt
2026-08-05 12:30:05 INFO  scripts.training.teacher_finetune.training_pipeline | epoch 1/100 done — next lr=9.7507e-05, epochs_since_improve=0/15
2026-08-05 12:30:05 INFO  scripts.training.teacher_finetune.training_pipeline | epoch 2/100 — train start (lr=9.7507e-05, batches=5865)
2026-08-05 12:30:31 INFO  scripts.training.teacher_finetune.training_pipeline | step 5900 | loss_grouped_ce=0.2347 lr=9.82599e-05
2026-08-05 12:31:01 INFO  scripts.training.teacher_finetune.training_pipeline | step 5950 | loss_grouped_ce=0.8990 lr=9.93103e-05
2026-08-05 12:31:27 INFO  scripts.training.teacher_finetune.training_pipeline | step 6000 | loss_grouped_ce=0.7690 lr=0.000100366
2026-08-05 12:31:55 INFO  scripts.training.teacher_finetune.training_pipeline | step 6050 | loss_grouped_ce=0.6461 lr=0.000101427
2026-08-05 12:32:18 INFO  scripts.training.teacher_finetune.training_pipeline | step 6100 | loss_grouped_ce=0.7686 lr=0.000102492
2026-08-05 12:32:47 INFO  scripts.training.teacher_finetune.training_pipeline | step 6150 | loss_grouped_ce=0.7124 lr=0.000103563
2026-08-05 12:33:12 INFO  scripts.training.teacher_finetune.training_pipeline | step 6200 | loss_grouped_ce=0.5356 lr=0.000104639
2026-08-05 12:33:30 INFO  scripts.training.teacher_finetune.training_pipeline | step 6250 | loss_grouped_ce=0.3762 lr=0.000105719
2026-08-05 12:33:51 INFO  scripts.training.teacher_finetune.training_pipeline | step 6300 | loss_grouped_ce=0.6112 lr=0.000106804
2026-08-05 12:34:18 INFO  scripts.training.teacher_finetune.training_pipeline | step 6350 | loss_grouped_ce=0.3977 lr=0.000107894
2026-08-05 12:34:35 INFO  scripts.training.teacher_finetune.training_pipeline | step 6400 | loss_grouped_ce=0.3493 lr=0.000108989
2026-08-05 12:34:54 INFO  scripts.training.teacher_finetune.training_pipeline | step 6450 | loss_grouped_ce=0.6966 lr=0.000110088
2026-08-05 12:35:19 INFO  scripts.training.teacher_finetune.training_pipeline | step 6500 | loss_grouped_ce=0.3451 lr=0.000111191
2026-08-05 12:35:44 INFO  scripts.training.teacher_finetune.training_pipeline | step 6550 | loss_grouped_ce=0.4821 lr=0.000112298
2026-08-05 12:36:08 INFO  scripts.training.teacher_finetune.training_pipeline | step 6600 | loss_grouped_ce=0.3600 lr=0.00011341
2026-08-05 12:36:28 INFO  scripts.training.teacher_finetune.training_pipeline | step 6650 | loss_grouped_ce=0.8847 lr=0.000114526
2026-08-05 12:36:52 INFO  scripts.training.teacher_finetune.training_pipeline | step 6700 | loss_grouped_ce=1.1155 lr=0.000115646
2026-08-05 12:37:20 INFO  scripts.training.teacher_finetune.training_pipeline | step 6750 | loss_grouped_ce=0.4686 lr=0.00011677
2026-08-05 12:37:38 INFO  scripts.training.teacher_finetune.training_pipeline | step 6800 | loss_grouped_ce=0.4308 lr=0.000117897
2026-08-05 12:38:05 INFO  scripts.training.teacher_finetune.training_pipeline | step 6850 | loss_grouped_ce=0.5002 lr=0.000119029
2026-08-05 12:38:31 INFO  scripts.training.teacher_finetune.training_pipeline | step 6900 | loss_grouped_ce=0.2928 lr=0.000120164
2026-08-05 12:38:58 INFO  scripts.training.teacher_finetune.training_pipeline | step 6950 | loss_grouped_ce=0.7192 lr=0.000121302
2026-08-05 12:39:15 INFO  scripts.training.teacher_finetune.training_pipeline | step 7000 | loss_grouped_ce=0.4096 lr=0.000122445
2026-08-05 12:39:34 INFO  scripts.training.teacher_finetune.training_pipeline | step 7050 | loss_grouped_ce=0.8485 lr=0.00012359
2026-08-05 12:40:02 INFO  scripts.training.teacher_finetune.training_pipeline | step 7100 | loss_grouped_ce=0.7538 lr=0.000124739
2026-08-05 12:40:24 INFO  scripts.training.teacher_finetune.training_pipeline | step 7150 | loss_grouped_ce=1.1186 lr=0.000125891
2026-08-05 12:40:44 INFO  scripts.training.teacher_finetune.training_pipeline | step 7200 | loss_grouped_ce=0.3684 lr=0.000127046
2026-08-05 12:41:12 INFO  scripts.training.teacher_finetune.training_pipeline | step 7250 | loss_grouped_ce=0.4027 lr=0.000128204
2026-08-05 12:41:40 INFO  scripts.training.teacher_finetune.training_pipeline | step 7300 | loss_grouped_ce=0.3685 lr=0.000129365
2026-08-05 12:42:01 INFO  scripts.training.teacher_finetune.training_pipeline | step 7350 | loss_grouped_ce=0.8427 lr=0.000130529
2026-08-05 12:42:25 INFO  scripts.training.teacher_finetune.training_pipeline | step 7400 | loss_grouped_ce=0.5971 lr=0.000131696
2026-08-05 12:42:43 INFO  scripts.training.teacher_finetune.training_pipeline | step 7450 | loss_grouped_ce=0.1093 lr=0.000132865
2026-08-05 12:43:00 INFO  scripts.training.teacher_finetune.training_pipeline | step 7500 | loss_grouped_ce=1.0660 lr=0.000134037
2026-08-05 12:43:28 INFO  scripts.training.teacher_finetune.training_pipeline | step 7550 | loss_grouped_ce=1.0091 lr=0.000135212
2026-08-05 12:43:47 INFO  scripts.training.teacher_finetune.training_pipeline | step 7600 | loss_grouped_ce=0.3105 lr=0.000136388
2026-08-05 12:44:17 INFO  scripts.training.teacher_finetune.training_pipeline | step 7650 | loss_grouped_ce=0.7788 lr=0.000137567
2026-08-05 12:44:35 INFO  scripts.training.teacher_finetune.training_pipeline | step 7700 | loss_grouped_ce=0.2116 lr=0.000138749
2026-08-05 12:44:53 INFO  scripts.training.teacher_finetune.training_pipeline | step 7750 | loss_grouped_ce=0.3297 lr=0.000139932
2026-08-05 12:45:12 INFO  scripts.training.teacher_finetune.training_pipeline | step 7800 | loss_grouped_ce=0.1243 lr=0.000141117
2026-08-05 12:45:29 INFO  scripts.training.teacher_finetune.training_pipeline | step 7850 | loss_grouped_ce=0.5712 lr=0.000142304
2026-08-05 12:45:54 INFO  scripts.training.teacher_finetune.training_pipeline | step 7900 | loss_grouped_ce=0.6992 lr=0.000143493
2026-08-05 12:46:13 INFO  scripts.training.teacher_finetune.training_pipeline | step 7950 | loss_grouped_ce=0.2016 lr=0.000144684
2026-08-05 12:46:38 INFO  scripts.training.teacher_finetune.training_pipeline | step 8000 | loss_grouped_ce=0.7321 lr=0.000145876
2026-08-05 12:47:05 INFO  scripts.training.teacher_finetune.training_pipeline | step 8050 | loss_grouped_ce=0.7136 lr=0.00014707
2026-08-05 12:47:26 INFO  scripts.training.teacher_finetune.training_pipeline | step 8100 | loss_grouped_ce=0.5474 lr=0.000148266
2026-08-05 12:47:49 INFO  scripts.training.teacher_finetune.training_pipeline | step 8150 | loss_grouped_ce=0.6380 lr=0.000149462
2026-08-05 12:48:13 INFO  scripts.training.teacher_finetune.training_pipeline | step 8200 | loss_grouped_ce=0.4412 lr=0.00015066
2026-08-05 12:48:40 INFO  scripts.training.teacher_finetune.training_pipeline | step 8250 | loss_grouped_ce=0.1484 lr=0.000151859
2026-08-05 12:49:06 INFO  scripts.training.teacher_finetune.training_pipeline | step 8300 | loss_grouped_ce=0.3436 lr=0.000153059
2026-08-05 12:49:32 INFO  scripts.training.teacher_finetune.training_pipeline | step 8350 | loss_grouped_ce=0.7571 lr=0.00015426
2026-08-05 12:50:00 INFO  scripts.training.teacher_finetune.training_pipeline | step 8400 | loss_grouped_ce=0.3957 lr=0.000155462
2026-08-05 12:50:24 INFO  scripts.training.teacher_finetune.training_pipeline | step 8450 | loss_grouped_ce=0.9264 lr=0.000156665
2026-08-05 12:50:42 INFO  scripts.training.teacher_finetune.training_pipeline | step 8500 | loss_grouped_ce=0.8228 lr=0.000157868
2026-08-05 12:51:10 INFO  scripts.training.teacher_finetune.training_pipeline | step 8550 | loss_grouped_ce=0.2570 lr=0.000159072
2026-08-05 12:51:34 INFO  scripts.training.teacher_finetune.training_pipeline | step 8600 | loss_grouped_ce=0.6469 lr=0.000160276
2026-08-05 12:52:01 INFO  scripts.training.teacher_finetune.training_pipeline | step 8650 | loss_grouped_ce=0.5529 lr=0.000161481
2026-08-05 12:52:26 INFO  scripts.training.teacher_finetune.training_pipeline | step 8700 | loss_grouped_ce=0.2397 lr=0.000162686
2026-08-05 12:52:43 INFO  scripts.training.teacher_finetune.training_pipeline | step 8750 | loss_grouped_ce=0.8233 lr=0.000163891
2026-08-05 12:53:04 INFO  scripts.training.teacher_finetune.training_pipeline | step 8800 | loss_grouped_ce=0.6339 lr=0.000165096
2026-08-05 12:53:28 INFO  scripts.training.teacher_finetune.training_pipeline | step 8850 | loss_grouped_ce=0.7558 lr=0.000166302
2026-08-05 12:53:56 INFO  scripts.training.teacher_finetune.training_pipeline | step 8900 | loss_grouped_ce=0.3815 lr=0.000167507
2026-08-05 12:54:23 INFO  scripts.training.teacher_finetune.training_pipeline | step 8950 | loss_grouped_ce=0.5975 lr=0.000168712
2026-08-05 12:54:49 INFO  scripts.training.teacher_finetune.training_pipeline | step 9000 | loss_grouped_ce=1.2011 lr=0.000169916
2026-08-05 12:55:07 INFO  scripts.training.teacher_finetune.training_pipeline | step 9050 | loss_grouped_ce=0.4976 lr=0.000171121
2026-08-05 12:55:30 INFO  scripts.training.teacher_finetune.training_pipeline | step 9100 | loss_grouped_ce=0.3300 lr=0.000172325
2026-08-05 12:55:57 INFO  scripts.training.teacher_finetune.training_pipeline | step 9150 | loss_grouped_ce=0.4475 lr=0.000173528
2026-08-05 12:56:25 INFO  scripts.training.teacher_finetune.training_pipeline | step 9200 | loss_grouped_ce=0.6585 lr=0.00017473
2026-08-05 12:56:50 INFO  scripts.training.teacher_finetune.training_pipeline | step 9250 | loss_grouped_ce=0.5241 lr=0.000175932
2026-08-05 12:57:16 INFO  scripts.training.teacher_finetune.training_pipeline | step 9300 | loss_grouped_ce=0.2213 lr=0.000177133
2026-08-05 12:57:44 INFO  scripts.training.teacher_finetune.training_pipeline | step 9350 | loss_grouped_ce=0.5694 lr=0.000178333
2026-08-05 12:58:09 INFO  scripts.training.teacher_finetune.training_pipeline | step 9400 | loss_grouped_ce=0.3054 lr=0.000179532
2026-08-05 12:58:32 INFO  scripts.training.teacher_finetune.training_pipeline | step 9450 | loss_grouped_ce=0.8336 lr=0.000180729
2026-08-05 12:58:55 INFO  scripts.training.teacher_finetune.training_pipeline | step 9500 | loss_grouped_ce=0.3647 lr=0.000181926
2026-08-05 12:59:24 INFO  scripts.training.teacher_finetune.training_pipeline | step 9550 | loss_grouped_ce=0.3697 lr=0.000183121
2026-08-05 12:59:42 INFO  scripts.training.teacher_finetune.training_pipeline | step 9600 | loss_grouped_ce=0.7361 lr=0.000184314
2026-08-05 13:00:08 INFO  scripts.training.teacher_finetune.training_pipeline | step 9650 | loss_grouped_ce=0.6098 lr=0.000185507
2026-08-05 13:00:35 INFO  scripts.training.teacher_finetune.training_pipeline | step 9700 | loss_grouped_ce=0.3315 lr=0.000186697
2026-08-05 13:01:03 INFO  scripts.training.teacher_finetune.training_pipeline | step 9750 | loss_grouped_ce=0.4512 lr=0.000187886
2026-08-05 13:01:29 INFO  scripts.training.teacher_finetune.training_pipeline | step 9800 | loss_grouped_ce=0.4759 lr=0.000189073
2026-08-05 13:01:57 INFO  scripts.training.teacher_finetune.training_pipeline | step 9850 | loss_grouped_ce=0.3097 lr=0.000190258
2026-08-05 13:02:24 INFO  scripts.training.teacher_finetune.training_pipeline | step 9900 | loss_grouped_ce=0.7581 lr=0.000191441
2026-08-05 13:02:50 INFO  scripts.training.teacher_finetune.training_pipeline | step 9950 | loss_grouped_ce=0.5005 lr=0.000192621
2026-08-05 13:03:07 INFO  scripts.training.teacher_finetune.training_pipeline | step 10000 | loss_grouped_ce=0.7215 lr=0.0001938
2026-08-05 13:03:27 INFO  scripts.training.teacher_finetune.training_pipeline | step 10050 | loss_grouped_ce=0.9021 lr=0.000194977
2026-08-05 13:03:52 INFO  scripts.training.teacher_finetune.training_pipeline | step 10100 | loss_grouped_ce=0.5939 lr=0.000196151
2026-08-05 13:04:20 INFO  scripts.training.teacher_finetune.training_pipeline | step 10150 | loss_grouped_ce=0.9740 lr=0.000197322
2026-08-05 13:04:48 INFO  scripts.training.teacher_finetune.training_pipeline | step 10200 | loss_grouped_ce=0.4761 lr=0.000198491
2026-08-05 13:05:16 INFO  scripts.training.teacher_finetune.training_pipeline | step 10250 | loss_grouped_ce=0.4177 lr=0.000199657
2026-08-05 13:05:41 INFO  scripts.training.teacher_finetune.training_pipeline | step 10300 | loss_grouped_ce=0.5881 lr=0.000200821
2026-08-05 13:06:09 INFO  scripts.training.teacher_finetune.training_pipeline | step 10350 | loss_grouped_ce=0.6923 lr=0.000201981
2026-08-05 13:06:34 INFO  scripts.training.teacher_finetune.training_pipeline | step 10400 | loss_grouped_ce=0.1752 lr=0.000203139
2026-08-05 13:06:59 INFO  scripts.training.teacher_finetune.training_pipeline | step 10450 | loss_grouped_ce=0.6098 lr=0.000204294
2026-08-05 13:07:16 INFO  scripts.training.teacher_finetune.training_pipeline | step 10500 | loss_grouped_ce=1.0370 lr=0.000205445
2026-08-05 13:07:41 INFO  scripts.training.teacher_finetune.training_pipeline | step 10550 | loss_grouped_ce=0.6036 lr=0.000206593
2026-08-05 13:08:08 INFO  scripts.training.teacher_finetune.training_pipeline | step 10600 | loss_grouped_ce=0.4825 lr=0.000207738
2026-08-05 13:08:25 INFO  scripts.training.teacher_finetune.training_pipeline | step 10650 | loss_grouped_ce=0.4906 lr=0.00020888
2026-08-05 13:08:53 INFO  scripts.training.teacher_finetune.training_pipeline | step 10700 | loss_grouped_ce=0.9040 lr=0.000210018
2026-08-05 13:09:18 INFO  scripts.training.teacher_finetune.training_pipeline | step 10750 | loss_grouped_ce=0.4759 lr=0.000211153
2026-08-05 13:09:46 INFO  scripts.training.teacher_finetune.training_pipeline | step 10800 | loss_grouped_ce=0.7838 lr=0.000212283
2026-08-05 13:10:14 INFO  scripts.training.teacher_finetune.training_pipeline | step 10850 | loss_grouped_ce=0.4706 lr=0.00021341
2026-08-05 13:10:41 INFO  scripts.training.teacher_finetune.training_pipeline | step 10900 | loss_grouped_ce=0.8448 lr=0.000214534
2026-08-05 13:11:09 INFO  scripts.training.teacher_finetune.training_pipeline | step 10950 | loss_grouped_ce=0.5334 lr=0.000215653
2026-08-05 13:11:33 INFO  scripts.training.teacher_finetune.training_pipeline | step 11000 | loss_grouped_ce=1.0771 lr=0.000216768
2026-08-05 13:11:50 INFO  scripts.training.teacher_finetune.training_pipeline | step 11050 | loss_grouped_ce=0.9369 lr=0.000217879
2026-08-05 13:12:08 INFO  scripts.training.teacher_finetune.training_pipeline | step 11100 | loss_grouped_ce=0.5375 lr=0.000218986
2026-08-05 13:12:26 INFO  scripts.training.teacher_finetune.training_pipeline | step 11150 | loss_grouped_ce=0.9567 lr=0.000220088
2026-08-05 13:12:53 INFO  scripts.training.teacher_finetune.training_pipeline | step 11200 | loss_grouped_ce=0.6630 lr=0.000221187
2026-08-05 13:13:14 INFO  scripts.training.teacher_finetune.training_pipeline | step 11250 | loss_grouped_ce=1.0725 lr=0.00022228
2026-08-05 13:13:39 INFO  scripts.training.teacher_finetune.training_pipeline | step 11300 | loss_grouped_ce=0.9337 lr=0.000223369
2026-08-05 13:14:01 INFO  scripts.training.teacher_finetune.training_pipeline | step 11350 | loss_grouped_ce=0.7786 lr=0.000224454
2026-08-05 13:14:18 INFO  scripts.training.teacher_finetune.training_pipeline | step 11400 | loss_grouped_ce=0.6114 lr=0.000225534
2026-08-05 13:14:36 INFO  scripts.training.teacher_finetune.training_pipeline | step 11450 | loss_grouped_ce=0.3343 lr=0.000226609
2026-08-05 13:14:53 INFO  scripts.training.teacher_finetune.training_pipeline | step 11500 | loss_grouped_ce=0.4670 lr=0.000227679
2026-08-05 13:15:10 INFO  scripts.training.teacher_finetune.training_pipeline | step 11550 | loss_grouped_ce=0.9267 lr=0.000228744
2026-08-05 13:15:28 INFO  scripts.training.teacher_finetune.training_pipeline | step 11600 | loss_grouped_ce=0.7154 lr=0.000229803
2026-08-05 13:15:49 INFO  scripts.training.teacher_finetune.training_pipeline | step 11650 | loss_grouped_ce=0.2225 lr=0.000230858
2026-08-05 13:16:10 INFO  scripts.training.teacher_finetune.training_pipeline | step 11700 | loss_grouped_ce=0.4278 lr=0.000231908
2026-08-05 13:16:20 INFO  scripts.training.teacher_finetune.training_pipeline | epoch 2/100 — train done in 2774.8s | avg loss_grouped_ce=0.5960
2026-08-05 13:16:20 INFO  scripts.training.teacher_finetune.evaluate | evaluating on 617 batches
2026-08-05 13:22:35 INFO  scripts.training.teacher_finetune.training_pipeline | epoch 2/100 — val accuracy_top1=0.7710 f1_macro=0.7433 f1_micro=0.7710 (selection f1_macro=0.7433)
2026-08-05 13:22:36 INFO  scripts.training.teacher_finetune.evaluate | mlflow: logged val/accuracy_top1=0.7710 val/f1_macro=0.7433 val/f1_micro=0.7710 (step=1, n=19732)
2026-08-05 13:22:37 INFO  scripts.training.teacher_finetune.evaluate | mlflow: logged val per-source accuracy table (6 sources)
2026-08-05 13:22:39 INFO  scripts.training.teacher_finetune.training_pipeline | saved checkpoint: /app/scripts/training/teacher_finetune/model_exports/teacher-finetune-20260805-113610/best.pt
2026-08-05 13:22:39 INFO  scripts.training.teacher_finetune.training_pipeline | new best f1_macro=0.7433 at epoch 2
2026-08-05 13:22:40 INFO  scripts.training.teacher_finetune.training_pipeline | saved checkpoint: /app/scripts/training/teacher_finetune/model_exports/teacher-finetune-20260805-113610/last.pt
2026-08-05 13:22:40 INFO  scripts.training.teacher_finetune.training_pipeline | epoch 2/100 done — next lr=0.000232514, epochs_since_improve=0/15
2026-08-05 13:22:40 INFO  scripts.training.teacher_finetune.training_pipeline | epoch 3/100 — train start (lr=0.000232514, batches=5865)
2026-08-05 13:22:57 INFO  scripts.training.teacher_finetune.training_pipeline | step 11750 | loss_grouped_ce=0.5810 lr=0.000232952
2026-08-05 13:23:20 INFO  scripts.training.teacher_finetune.training_pipeline | step 11800 | loss_grouped_ce=0.1904 lr=0.000233991
2026-08-05 13:23:46 INFO  scripts.training.teacher_finetune.training_pipeline | step 11850 | loss_grouped_ce=0.5826 lr=0.000235024
2026-08-05 13:24:15 INFO  scripts.training.teacher_finetune.training_pipeline | step 11900 | loss_grouped_ce=0.6952 lr=0.000236051
2026-08-05 13:24:37 INFO  scripts.training.teacher_finetune.training_pipeline | step 11950 | loss_grouped_ce=0.4942 lr=0.000237073
2026-08-05 13:24:56 INFO  scripts.training.teacher_finetune.training_pipeline | step 12000 | loss_grouped_ce=0.7597 lr=0.00023809
2026-08-05 13:25:21 INFO  scripts.training.teacher_finetune.training_pipeline | step 12050 | loss_grouped_ce=0.4995 lr=0.0002391
2026-08-05 13:25:38 INFO  scripts.training.teacher_finetune.training_pipeline | step 12100 | loss_grouped_ce=0.4457 lr=0.000240105
2026-08-05 13:25:57 INFO  scripts.training.teacher_finetune.training_pipeline | step 12150 | loss_grouped_ce=0.5679 lr=0.000241103
2026-08-05 13:26:14 INFO  scripts.training.teacher_finetune.training_pipeline | step 12200 | loss_grouped_ce=0.3594 lr=0.000242096
2026-08-05 13:26:38 INFO  scripts.training.teacher_finetune.training_pipeline | step 12250 | loss_grouped_ce=0.8899 lr=0.000243082
2026-08-05 13:27:04 INFO  scripts.training.teacher_finetune.training_pipeline | step 12300 | loss_grouped_ce=0.5280 lr=0.000244062
2026-08-05 13:27:22 INFO  scripts.training.teacher_finetune.training_pipeline | step 12350 | loss_grouped_ce=0.5478 lr=0.000245036
2026-08-05 13:27:46 INFO  scripts.training.teacher_finetune.training_pipeline | step 12400 | loss_grouped_ce=0.5577 lr=0.000246003
2026-08-05 13:28:15 INFO  scripts.training.teacher_finetune.training_pipeline | step 12450 | loss_grouped_ce=1.3491 lr=0.000246964
2026-08-05 13:28:39 INFO  scripts.training.teacher_finetune.training_pipeline | step 12500 | loss_grouped_ce=0.7749 lr=0.000247919
2026-08-05 13:29:03 INFO  scripts.training.teacher_finetune.training_pipeline | step 12550 | loss_grouped_ce=0.8603 lr=0.000248867
2026-08-05 13:29:24 INFO  scripts.training.teacher_finetune.training_pipeline | step 12600 | loss_grouped_ce=0.5480 lr=0.000249808
2026-08-05 13:29:43 INFO  scripts.training.teacher_finetune.training_pipeline | step 12650 | loss_grouped_ce=0.6676 lr=0.000250742
2026-08-05 13:30:05 INFO  scripts.training.teacher_finetune.training_pipeline | step 12700 | loss_grouped_ce=0.3911 lr=0.00025167
2026-08-05 13:30:31 INFO  scripts.training.teacher_finetune.training_pipeline | step 12750 | loss_grouped_ce=0.6499 lr=0.00025259
2026-08-05 13:30:53 INFO  scripts.training.teacher_finetune.training_pipeline | step 12800 | loss_grouped_ce=0.3904 lr=0.000253504
2026-08-05 13:31:23 INFO  scripts.training.teacher_finetune.training_pipeline | step 12850 | loss_grouped_ce=0.2800 lr=0.00025441
2026-08-05 13:31:48 INFO  scripts.training.teacher_finetune.training_pipeline | step 12900 | loss_grouped_ce=0.2136 lr=0.00025531
2026-08-05 13:32:16 INFO  scripts.training.teacher_finetune.training_pipeline | step 12950 | loss_grouped_ce=1.0477 lr=0.000256202
2026-08-05 13:32:35 INFO  scripts.training.teacher_finetune.training_pipeline | step 13000 | loss_grouped_ce=0.6927 lr=0.000257087
2026-08-05 13:32:58 INFO  scripts.training.teacher_finetune.training_pipeline | step 13050 | loss_grouped_ce=0.3040 lr=0.000257965
2026-08-05 13:33:16 INFO  scripts.training.teacher_finetune.training_pipeline | step 13100 | loss_grouped_ce=1.2171 lr=0.000258835
2026-08-05 13:33:33 INFO  scripts.training.teacher_finetune.training_pipeline | step 13150 | loss_grouped_ce=0.6601 lr=0.000259698
2026-08-05 13:33:57 INFO  scripts.training.teacher_finetune.training_pipeline | step 13200 | loss_grouped_ce=0.5028 lr=0.000260553
2026-08-05 13:34:24 INFO  scripts.training.teacher_finetune.training_pipeline | step 13250 | loss_grouped_ce=0.1789 lr=0.000261401
2026-08-05 13:34:41 INFO  scripts.training.teacher_finetune.training_pipeline | step 13300 | loss_grouped_ce=1.2659 lr=0.000262241
2026-08-05 13:35:08 INFO  scripts.training.teacher_finetune.training_pipeline | step 13350 | loss_grouped_ce=0.3164 lr=0.000263073
2026-08-05 13:35:26 INFO  scripts.training.teacher_finetune.training_pipeline | step 13400 | loss_grouped_ce=1.0959 lr=0.000263897
2026-08-05 13:35:54 INFO  scripts.training.teacher_finetune.training_pipeline | step 13450 | loss_grouped_ce=0.6210 lr=0.000264714
2026-08-05 13:36:13 INFO  scripts.training.teacher_finetune.training_pipeline | step 13500 | loss_grouped_ce=0.5660 lr=0.000265522
2026-08-05 13:36:35 INFO  scripts.training.teacher_finetune.training_pipeline | step 13550 | loss_grouped_ce=0.4390 lr=0.000266323
2026-08-05 13:37:04 INFO  scripts.training.teacher_finetune.training_pipeline | step 13600 | loss_grouped_ce=0.3135 lr=0.000267115
2026-08-05 13:37:31 INFO  scripts.training.teacher_finetune.training_pipeline | step 13650 | loss_grouped_ce=0.4277 lr=0.000267899
2026-08-05 13:37:48 INFO  scripts.training.teacher_finetune.training_pipeline | step 13700 | loss_grouped_ce=1.4676 lr=0.000268676
2026-08-05 13:38:05 INFO  scripts.training.teacher_finetune.training_pipeline | step 13750 | loss_grouped_ce=0.8952 lr=0.000269443
2026-08-05 13:38:23 INFO  scripts.training.teacher_finetune.training_pipeline | step 13800 | loss_grouped_ce=0.6638 lr=0.000270203
2026-08-05 13:38:45 INFO  scripts.training.teacher_finetune.training_pipeline | step 13850 | loss_grouped_ce=0.4117 lr=0.000270954
2026-08-05 13:39:11 INFO  scripts.training.teacher_finetune.training_pipeline | step 13900 | loss_grouped_ce=1.3231 lr=0.000271697
2026-08-05 13:39:28 INFO  scripts.training.teacher_finetune.training_pipeline | step 13950 | loss_grouped_ce=0.7498 lr=0.000272431
2026-08-05 13:39:49 INFO  scripts.training.teacher_finetune.training_pipeline | step 14000 | loss_grouped_ce=0.5015 lr=0.000273156
2026-08-05 13:40:14 INFO  scripts.training.teacher_finetune.training_pipeline | step 14050 | loss_grouped_ce=0.2199 lr=0.000273873
2026-08-05 13:40:36 INFO  scripts.training.teacher_finetune.training_pipeline | step 14100 | loss_grouped_ce=0.7526 lr=0.000274582
2026-08-05 13:40:53 INFO  scripts.training.teacher_finetune.training_pipeline | step 14150 | loss_grouped_ce=0.3837 lr=0.000275281
2026-08-05 13:41:19 INFO  scripts.training.teacher_finetune.training_pipeline | step 14200 | loss_grouped_ce=0.4494 lr=0.000275972
2026-08-05 13:41:39 INFO  scripts.training.teacher_finetune.training_pipeline | step 14250 | loss_grouped_ce=0.4386 lr=0.000276654
2026-08-05 13:42:04 INFO  scripts.training.teacher_finetune.training_pipeline | step 14300 | loss_grouped_ce=0.8444 lr=0.000277327
2026-08-05 13:42:31 INFO  scripts.training.teacher_finetune.training_pipeline | step 14350 | loss_grouped_ce=0.5096 lr=0.000277991
2026-08-05 13:42:58 INFO  scripts.training.teacher_finetune.training_pipeline | step 14400 | loss_grouped_ce=0.7107 lr=0.000278646
2026-08-05 13:43:20 INFO  scripts.training.teacher_finetune.training_pipeline | step 14450 | loss_grouped_ce=0.5131 lr=0.000279292
2026-08-05 13:43:48 INFO  scripts.training.teacher_finetune.training_pipeline | step 14500 | loss_grouped_ce=0.8207 lr=0.000279929
2026-08-05 13:44:12 INFO  scripts.training.teacher_finetune.training_pipeline | step 14550 | loss_grouped_ce=0.6943 lr=0.000280557
2026-08-05 13:44:36 INFO  scripts.training.teacher_finetune.training_pipeline | step 14600 | loss_grouped_ce=0.9197 lr=0.000281175
2026-08-05 13:45:05 INFO  scripts.training.teacher_finetune.training_pipeline | step 14650 | loss_grouped_ce=0.6585 lr=0.000281785
2026-08-05 13:45:33 INFO  scripts.training.teacher_finetune.training_pipeline | step 14700 | loss_grouped_ce=0.1063 lr=0.000282385
2026-08-05 13:46:00 INFO  scripts.training.teacher_finetune.training_pipeline | step 14750 | loss_grouped_ce=0.3643 lr=0.000282975
2026-08-05 13:46:31 INFO  scripts.training.teacher_finetune.training_pipeline | step 14800 | loss_grouped_ce=0.3638 lr=0.000283556
2026-08-05 13:46:55 INFO  scripts.training.teacher_finetune.training_pipeline | step 14850 | loss_grouped_ce=0.3240 lr=0.000284128
2026-08-05 13:47:23 INFO  scripts.training.teacher_finetune.training_pipeline | step 14900 | loss_grouped_ce=0.6377 lr=0.00028469
2026-08-05 13:47:47 INFO  scripts.training.teacher_finetune.training_pipeline | step 14950 | loss_grouped_ce=0.1991 lr=0.000285243
2026-08-05 13:48:08 INFO  scripts.training.teacher_finetune.training_pipeline | step 15000 | loss_grouped_ce=0.5724 lr=0.000285786
2026-08-05 13:48:34 INFO  scripts.training.teacher_finetune.training_pipeline | step 15050 | loss_grouped_ce=0.5476 lr=0.00028632
2026-08-05 13:48:57 INFO  scripts.training.teacher_finetune.training_pipeline | step 15100 | loss_grouped_ce=0.6017 lr=0.000286844
2026-08-05 13:49:23 INFO  scripts.training.teacher_finetune.training_pipeline | step 15150 | loss_grouped_ce=0.9233 lr=0.000287358
2026-08-05 13:49:50 INFO  scripts.training.teacher_finetune.training_pipeline | step 15200 | loss_grouped_ce=0.4688 lr=0.000287862
2026-08-05 13:50:13 INFO  scripts.training.teacher_finetune.training_pipeline | step 15250 | loss_grouped_ce=0.2774 lr=0.000288357
2026-08-05 13:50:39 INFO  scripts.training.teacher_finetune.training_pipeline | step 15300 | loss_grouped_ce=0.3783 lr=0.000288841
2026-08-05 13:51:05 INFO  scripts.training.teacher_finetune.training_pipeline | step 15350 | loss_grouped_ce=1.0415 lr=0.000289316
2026-08-05 13:51:25 INFO  scripts.training.teacher_finetune.training_pipeline | step 15400 | loss_grouped_ce=0.8660 lr=0.000289781
2026-08-05 13:51:47 INFO  scripts.training.teacher_finetune.training_pipeline | step 15450 | loss_grouped_ce=0.3739 lr=0.000290236
2026-08-05 13:52:06 INFO  scripts.training.teacher_finetune.training_pipeline | step 15500 | loss_grouped_ce=0.8425 lr=0.000290681
2026-08-05 13:52:23 INFO  scripts.training.teacher_finetune.training_pipeline | step 15550 | loss_grouped_ce=0.6545 lr=0.000291116
2026-08-05 13:52:52 INFO  scripts.training.teacher_finetune.training_pipeline | step 15600 | loss_grouped_ce=0.7952 lr=0.000291541
2026-08-05 13:53:14 INFO  scripts.training.teacher_finetune.training_pipeline | step 15650 | loss_grouped_ce=0.4275 lr=0.000291956
2026-08-05 13:53:43 INFO  scripts.training.teacher_finetune.training_pipeline | step 15700 | loss_grouped_ce=0.6193 lr=0.000292361
2026-08-05 13:54:02 INFO  scripts.training.teacher_finetune.training_pipeline | step 15750 | loss_grouped_ce=1.2740 lr=0.000292756
2026-08-05 13:54:24 INFO  scripts.training.teacher_finetune.training_pipeline | step 15800 | loss_grouped_ce=0.6415 lr=0.00029314
2026-08-05 13:54:42 INFO  scripts.training.teacher_finetune.training_pipeline | step 15850 | loss_grouped_ce=1.0831 lr=0.000293514
2026-08-05 13:55:06 INFO  scripts.training.teacher_finetune.training_pipeline | step 15900 | loss_grouped_ce=0.8849 lr=0.000293878
2026-08-05 13:55:24 INFO  scripts.training.teacher_finetune.training_pipeline | step 15950 | loss_grouped_ce=0.7495 lr=0.000294232
2026-08-05 13:55:43 INFO  scripts.training.teacher_finetune.training_pipeline | step 16000 | loss_grouped_ce=0.3599 lr=0.000294575
2026-08-05 13:56:01 INFO  scripts.training.teacher_finetune.training_pipeline | step 16050 | loss_grouped_ce=1.0280 lr=0.000294908
2026-08-05 13:56:21 INFO  scripts.training.teacher_finetune.training_pipeline | step 16100 | loss_grouped_ce=0.6565 lr=0.000295231
2026-08-05 13:56:46 INFO  scripts.training.teacher_finetune.training_pipeline | step 16150 | loss_grouped_ce=0.6534 lr=0.000295543
2026-08-05 13:57:16 INFO  scripts.training.teacher_finetune.training_pipeline | step 16200 | loss_grouped_ce=0.8890 lr=0.000295845
2026-08-05 13:57:47 INFO  scripts.training.teacher_finetune.training_pipeline | step 16250 | loss_grouped_ce=1.1878 lr=0.000296137
2026-08-05 13:58:16 INFO  scripts.training.teacher_finetune.training_pipeline | step 16300 | loss_grouped_ce=0.6491 lr=0.000296418
2026-08-05 13:58:43 INFO  scripts.training.teacher_finetune.training_pipeline | step 16350 | loss_grouped_ce=0.7824 lr=0.000296688
2026-08-05 13:59:07 INFO  scripts.training.teacher_finetune.training_pipeline | step 16400 | loss_grouped_ce=0.3463 lr=0.000296949
2026-08-05 13:59:26 INFO  scripts.training.teacher_finetune.training_pipeline | step 16450 | loss_grouped_ce=0.6591 lr=0.000297198
2026-08-05 13:59:52 INFO  scripts.training.teacher_finetune.training_pipeline | step 16500 | loss_grouped_ce=0.8658 lr=0.000297437
2026-08-05 14:00:17 INFO  scripts.training.teacher_finetune.training_pipeline | step 16550 | loss_grouped_ce=0.5391 lr=0.000297666
2026-08-05 14:00:35 INFO  scripts.training.teacher_finetune.training_pipeline | step 16600 | loss_grouped_ce=0.7030 lr=0.000297883
2026-08-05 14:00:55 INFO  scripts.training.teacher_finetune.training_pipeline | step 16650 | loss_grouped_ce=0.3070 lr=0.000298091
2026-08-05 14:01:19 INFO  scripts.training.teacher_finetune.training_pipeline | step 16700 | loss_grouped_ce=0.3633 lr=0.000298287
2026-08-05 14:01:39 INFO  scripts.training.teacher_finetune.training_pipeline | step 16750 | loss_grouped_ce=0.5578 lr=0.000298473
2026-08-05 14:02:05 INFO  scripts.training.teacher_finetune.training_pipeline | step 16800 | loss_grouped_ce=0.5547 lr=0.000298649
2026-08-05 14:02:29 INFO  scripts.training.teacher_finetune.training_pipeline | step 16850 | loss_grouped_ce=0.8665 lr=0.000298814
2026-08-05 14:02:57 INFO  scripts.training.teacher_finetune.training_pipeline | step 16900 | loss_grouped_ce=0.8732 lr=0.000298968
2026-08-05 14:03:15 INFO  scripts.training.teacher_finetune.training_pipeline | step 16950 | loss_grouped_ce=0.9669 lr=0.000299111
2026-08-05 14:03:41 INFO  scripts.training.teacher_finetune.training_pipeline | step 17000 | loss_grouped_ce=0.9214 lr=0.000299244
2026-08-05 14:04:05 INFO  scripts.training.teacher_finetune.training_pipeline | step 17050 | loss_grouped_ce=1.1072 lr=0.000299366
2026-08-05 14:04:31 INFO  scripts.training.teacher_finetune.training_pipeline | step 17100 | loss_grouped_ce=0.3558 lr=0.000299477
2026-08-05 14:04:58 INFO  scripts.training.teacher_finetune.training_pipeline | step 17150 | loss_grouped_ce=0.7770 lr=0.000299578
2026-08-05 14:05:23 INFO  scripts.training.teacher_finetune.training_pipeline | step 17200 | loss_grouped_ce=0.4994 lr=0.000299668
2026-08-05 14:05:45 INFO  scripts.training.teacher_finetune.training_pipeline | step 17250 | loss_grouped_ce=0.4983 lr=0.000299747
2026-08-05 14:06:11 INFO  scripts.training.teacher_finetune.training_pipeline | step 17300 | loss_grouped_ce=0.5772 lr=0.000299815
2026-08-05 14:06:29 INFO  scripts.training.teacher_finetune.training_pipeline | step 17350 | loss_grouped_ce=0.5503 lr=0.000299873
2026-08-05 14:06:50 INFO  scripts.training.teacher_finetune.training_pipeline | step 17400 | loss_grouped_ce=0.5576 lr=0.00029992
2026-08-05 14:07:22 INFO  scripts.training.teacher_finetune.training_pipeline | step 17450 | loss_grouped_ce=1.1533 lr=0.000299956
2026-08-05 14:07:49 INFO  scripts.training.teacher_finetune.training_pipeline | step 17500 | loss_grouped_ce=0.4114 lr=0.000299981
2026-08-05 14:08:14 INFO  scripts.training.teacher_finetune.training_pipeline | step 17550 | loss_grouped_ce=0.4824 lr=0.000299996
2026-08-05 14:08:28 INFO  scripts.training.teacher_finetune.training_pipeline | epoch 3/100 — train done in 2747.9s | avg loss_grouped_ce=0.6218
2026-08-05 14:08:28 INFO  scripts.training.teacher_finetune.evaluate | evaluating on 617 batches
2026-08-05 14:14:52 INFO  scripts.training.teacher_finetune.training_pipeline | epoch 3/100 — val accuracy_top1=0.7795 f1_macro=0.7569 f1_micro=0.7795 (selection f1_macro=0.7569)
2026-08-05 14:14:53 INFO  scripts.training.teacher_finetune.evaluate | mlflow: logged val/accuracy_top1=0.7795 val/f1_macro=0.7569 val/f1_micro=0.7795 (step=2, n=19732)
2026-08-05 14:14:54 INFO  scripts.training.teacher_finetune.evaluate | mlflow: logged val per-source accuracy table (6 sources)
2026-08-05 14:14:57 INFO  scripts.training.teacher_finetune.training_pipeline | saved checkpoint: /app/scripts/training/teacher_finetune/model_exports/teacher-finetune-20260805-113610/best.pt
2026-08-05 14:14:57 INFO  scripts.training.teacher_finetune.training_pipeline | new best f1_macro=0.7569 at epoch 3
2026-08-05 14:15:00 INFO  scripts.training.teacher_finetune.training_pipeline | saved checkpoint: /app/scripts/training/teacher_finetune/model_exports/teacher-finetune-20260805-113610/last.pt
2026-08-05 14:15:01 INFO  scripts.training.teacher_finetune.training_pipeline | epoch 3/100 done — next lr=0.0003, epochs_since_improve=0/15
2026-08-05 14:15:01 INFO  scripts.training.teacher_finetune.training_pipeline | epoch 4/100 — train start (lr=0.0003, batches=5865)
2026-08-05 14:15:08 INFO  scripts.training.teacher_finetune.training_pipeline | step 17600 | loss_grouped_ce=0.3896 lr=0.0003
2026-08-05 14:15:36 INFO  scripts.training.teacher_finetune.training_pipeline | step 17650 | loss_grouped_ce=0.3900 lr=0.0003
2026-08-05 14:16:01 INFO  scripts.training.teacher_finetune.training_pipeline | step 17700 | loss_grouped_ce=0.4240 lr=0.0003
2026-08-05 14:16:30 INFO  scripts.training.teacher_finetune.training_pipeline | step 17750 | loss_grouped_ce=0.2799 lr=0.0003
2026-08-05 14:16:58 INFO  scripts.training.teacher_finetune.training_pipeline | step 17800 | loss_grouped_ce=0.1140 lr=0.0003
2026-08-05 14:17:15 INFO  scripts.training.teacher_finetune.training_pipeline | step 17850 | loss_grouped_ce=0.3006 lr=0.0003
2026-08-05 14:17:39 INFO  scripts.training.teacher_finetune.training_pipeline | step 17900 | loss_grouped_ce=0.7515 lr=0.0003
2026-08-05 14:18:09 INFO  scripts.training.teacher_finetune.training_pipeline | step 17950 | loss_grouped_ce=0.3148 lr=0.0003
2026-08-05 14:18:35 INFO  scripts.training.teacher_finetune.training_pipeline | step 18000 | loss_grouped_ce=0.1329 lr=0.0003
2026-08-05 14:19:06 INFO  scripts.training.teacher_finetune.training_pipeline | step 18050 | loss_grouped_ce=0.5473 lr=0.0003
2026-08-05 14:19:35 INFO  scripts.training.teacher_finetune.training_pipeline | step 18100 | loss_grouped_ce=0.5129 lr=0.000299999
2026-08-05 14:19:58 INFO  scripts.training.teacher_finetune.training_pipeline | step 18150 | loss_grouped_ce=0.2515 lr=0.000299999
2026-08-05 14:20:15 INFO  scripts.training.teacher_finetune.training_pipeline | step 18200 | loss_grouped_ce=0.5290 lr=0.000299999
2026-08-05 14:20:36 INFO  scripts.training.teacher_finetune.training_pipeline | step 18250 | loss_grouped_ce=0.2512 lr=0.000299999
2026-08-05 14:20:54 INFO  scripts.training.teacher_finetune.training_pipeline | step 18300 | loss_grouped_ce=0.3993 lr=0.000299999
2026-08-05 14:21:18 INFO  scripts.training.teacher_finetune.training_pipeline | step 18350 | loss_grouped_ce=0.4876 lr=0.000299999
2026-08-05 14:21:37 INFO  scripts.training.teacher_finetune.training_pipeline | step 18400 | loss_grouped_ce=0.3998 lr=0.000299999
2026-08-05 14:21:55 INFO  scripts.training.teacher_finetune.training_pipeline | step 18450 | loss_grouped_ce=0.4522 lr=0.000299998
2026-08-05 14:22:25 INFO  scripts.training.teacher_finetune.training_pipeline | step 18500 | loss_grouped_ce=0.5498 lr=0.000299998
2026-08-05 14:22:53 INFO  scripts.training.teacher_finetune.training_pipeline | step 18550 | loss_grouped_ce=0.9584 lr=0.000299998
2026-08-05 14:23:11 INFO  scripts.training.teacher_finetune.training_pipeline | step 18600 | loss_grouped_ce=0.3270 lr=0.000299998
2026-08-05 14:23:40 INFO  scripts.training.teacher_finetune.training_pipeline | step 18650 | loss_grouped_ce=0.4843 lr=0.000299997
2026-08-05 14:24:07 INFO  scripts.training.teacher_finetune.training_pipeline | step 18700 | loss_grouped_ce=0.6895 lr=0.000299997
2026-08-05 14:24:27 INFO  scripts.training.teacher_finetune.training_pipeline | step 18750 | loss_grouped_ce=0.4719 lr=0.000299997
2026-08-05 14:24:53 INFO  scripts.training.teacher_finetune.training_pipeline | step 18800 | loss_grouped_ce=0.3287 lr=0.000299997
2026-08-05 14:25:11 INFO  scripts.training.teacher_finetune.training_pipeline | step 18850 | loss_grouped_ce=0.6893 lr=0.000299996
2026-08-05 14:25:33 INFO  scripts.training.teacher_finetune.training_pipeline | step 18900 | loss_grouped_ce=0.8464 lr=0.000299996
2026-08-05 14:26:01 INFO  scripts.training.teacher_finetune.training_pipeline | step 18950 | loss_grouped_ce=0.3688 lr=0.000299996
2026-08-05 14:26:27 INFO  scripts.training.teacher_finetune.training_pipeline | step 19000 | loss_grouped_ce=0.4287 lr=0.000299995
2026-08-05 14:26:47 INFO  scripts.training.teacher_finetune.training_pipeline | step 19050 | loss_grouped_ce=1.0180 lr=0.000299995
2026-08-05 14:27:16 INFO  scripts.training.teacher_finetune.training_pipeline | step 19100 | loss_grouped_ce=0.3984 lr=0.000299995
2026-08-05 14:27:40 INFO  scripts.training.teacher_finetune.training_pipeline | step 19150 | loss_grouped_ce=0.4455 lr=0.000299994
2026-08-05 14:28:10 INFO  scripts.training.teacher_finetune.training_pipeline | step 19200 | loss_grouped_ce=0.6445 lr=0.000299994
2026-08-05 14:28:33 INFO  scripts.training.teacher_finetune.training_pipeline | step 19250 | loss_grouped_ce=0.6105 lr=0.000299994
2026-08-05 14:29:03 INFO  scripts.training.teacher_finetune.training_pipeline | step 19300 | loss_grouped_ce=0.4525 lr=0.000299993
2026-08-05 14:29:27 INFO  scripts.training.teacher_finetune.training_pipeline | step 19350 | loss_grouped_ce=0.4240 lr=0.000299993
2026-08-05 14:29:54 INFO  scripts.training.teacher_finetune.training_pipeline | step 19400 | loss_grouped_ce=0.3522 lr=0.000299993
2026-08-05 14:30:15 INFO  scripts.training.teacher_finetune.training_pipeline | step 19450 | loss_grouped_ce=0.1261 lr=0.000299992
2026-08-05 14:30:45 INFO  scripts.training.teacher_finetune.training_pipeline | step 19500 | loss_grouped_ce=0.4120 lr=0.000299992
2026-08-05 14:31:13 INFO  scripts.training.teacher_finetune.training_pipeline | step 19550 | loss_grouped_ce=0.6512 lr=0.000299991
2026-08-05 14:31:43 INFO  scripts.training.teacher_finetune.training_pipeline | step 19600 | loss_grouped_ce=0.6221 lr=0.000299991
2026-08-05 14:32:09 INFO  scripts.training.teacher_finetune.training_pipeline | step 19650 | loss_grouped_ce=0.6107 lr=0.00029999
2026-08-05 14:32:28 INFO  scripts.training.teacher_finetune.training_pipeline | step 19700 | loss_grouped_ce=0.2015 lr=0.00029999
2026-08-05 14:32:56 INFO  scripts.training.teacher_finetune.training_pipeline | step 19750 | loss_grouped_ce=0.4513 lr=0.000299989
2026-08-05 14:33:21 INFO  scripts.training.teacher_finetune.training_pipeline | step 19800 | loss_grouped_ce=0.4807 lr=0.000299989
2026-08-05 14:33:48 INFO  scripts.training.teacher_finetune.training_pipeline | step 19850 | loss_grouped_ce=0.3207 lr=0.000299988
2026-08-05 14:34:11 INFO  scripts.training.teacher_finetune.training_pipeline | step 19900 | loss_grouped_ce=0.6285 lr=0.000299988
2026-08-05 14:34:34 INFO  scripts.training.teacher_finetune.training_pipeline | step 19950 | loss_grouped_ce=0.7259 lr=0.000299987
2026-08-05 14:34:58 INFO  scripts.training.teacher_finetune.training_pipeline | step 20000 | loss_grouped_ce=0.3135 lr=0.000299987
2026-08-05 14:35:21 INFO  scripts.training.teacher_finetune.training_pipeline | step 20050 | loss_grouped_ce=0.7795 lr=0.000299986
2026-08-05 14:35:47 INFO  scripts.training.teacher_finetune.training_pipeline | step 20100 | loss_grouped_ce=0.4928 lr=0.000299986
2026-08-05 14:36:10 INFO  scripts.training.teacher_finetune.training_pipeline | step 20150 | loss_grouped_ce=0.7815 lr=0.000299985
2026-08-05 14:36:39 INFO  scripts.training.teacher_finetune.training_pipeline | step 20200 | loss_grouped_ce=1.0279 lr=0.000299984
2026-08-05 14:37:00 INFO  scripts.training.teacher_finetune.training_pipeline | step 20250 | loss_grouped_ce=0.7376 lr=0.000299984
2026-08-05 14:37:25 INFO  scripts.training.teacher_finetune.training_pipeline | step 20300 | loss_grouped_ce=0.7398 lr=0.000299983
2026-08-05 14:37:47 INFO  scripts.training.teacher_finetune.training_pipeline | step 20350 | loss_grouped_ce=0.3689 lr=0.000299983
2026-08-05 14:38:13 INFO  scripts.training.teacher_finetune.training_pipeline | step 20400 | loss_grouped_ce=0.1733 lr=0.000299982
2026-08-05 14:38:31 INFO  scripts.training.teacher_finetune.training_pipeline | step 20450 | loss_grouped_ce=0.8110 lr=0.000299981
2026-08-05 14:38:59 INFO  scripts.training.teacher_finetune.training_pipeline | step 20500 | loss_grouped_ce=0.2381 lr=0.000299981
2026-08-05 14:39:20 INFO  scripts.training.teacher_finetune.training_pipeline | step 20550 | loss_grouped_ce=0.4571 lr=0.00029998
2026-08-05 14:39:48 INFO  scripts.training.teacher_finetune.training_pipeline | step 20600 | loss_grouped_ce=0.6766 lr=0.000299979
2026-08-05 14:40:11 INFO  scripts.training.teacher_finetune.training_pipeline | step 20650 | loss_grouped_ce=0.2207 lr=0.000299979
2026-08-05 14:40:29 INFO  scripts.training.teacher_finetune.training_pipeline | step 20700 | loss_grouped_ce=0.7023 lr=0.000299978
2026-08-05 14:40:55 INFO  scripts.training.teacher_finetune.training_pipeline | step 20750 | loss_grouped_ce=0.3049 lr=0.000299977
2026-08-05 14:41:19 INFO  scripts.training.teacher_finetune.training_pipeline | step 20800 | loss_grouped_ce=0.7626 lr=0.000299977
2026-08-05 14:41:47 INFO  scripts.training.teacher_finetune.training_pipeline | step 20850 | loss_grouped_ce=0.4788 lr=0.000299976
2026-08-05 14:42:11 INFO  scripts.training.teacher_finetune.training_pipeline | step 20900 | loss_grouped_ce=0.5519 lr=0.000299975
2026-08-05 14:42:31 INFO  scripts.training.teacher_finetune.training_pipeline | step 20950 | loss_grouped_ce=0.4967 lr=0.000299974
2026-08-05 14:42:59 INFO  scripts.training.teacher_finetune.training_pipeline | step 21000 | loss_grouped_ce=0.5888 lr=0.000299973
2026-08-05 14:43:21 INFO  scripts.training.teacher_finetune.training_pipeline | step 21050 | loss_grouped_ce=0.7703 lr=0.000299973
2026-08-05 14:43:52 INFO  scripts.training.teacher_finetune.training_pipeline | step 21100 | loss_grouped_ce=0.6989 lr=0.000299972
2026-08-05 14:44:16 INFO  scripts.training.teacher_finetune.training_pipeline | step 21150 | loss_grouped_ce=0.4603 lr=0.000299971
2026-08-05 14:44:39 INFO  scripts.training.teacher_finetune.training_pipeline | step 21200 | loss_grouped_ce=0.8013 lr=0.00029997
2026-08-05 14:45:08 INFO  scripts.training.teacher_finetune.training_pipeline | step 21250 | loss_grouped_ce=0.1990 lr=0.000299969
2026-08-05 14:45:35 INFO  scripts.training.teacher_finetune.training_pipeline | step 21300 | loss_grouped_ce=0.2545 lr=0.000299969
2026-08-05 14:45:59 INFO  scripts.training.teacher_finetune.training_pipeline | step 21350 | loss_grouped_ce=0.7547 lr=0.000299968
2026-08-05 14:46:26 INFO  scripts.training.teacher_finetune.training_pipeline | step 21400 | loss_grouped_ce=0.4981 lr=0.000299967
2026-08-05 14:46:50 INFO  scripts.training.teacher_finetune.training_pipeline | step 21450 | loss_grouped_ce=0.8863 lr=0.000299966
2026-08-05 14:47:14 INFO  scripts.training.teacher_finetune.training_pipeline | step 21500 | loss_grouped_ce=0.8285 lr=0.000299965
2026-08-05 14:47:36 INFO  scripts.training.teacher_finetune.training_pipeline | step 21550 | loss_grouped_ce=0.3662 lr=0.000299964
2026-08-05 14:47:58 INFO  scripts.training.teacher_finetune.training_pipeline | step 21600 | loss_grouped_ce=0.6474 lr=0.000299963
2026-08-05 14:48:26 INFO  scripts.training.teacher_finetune.training_pipeline | step 21650 | loss_grouped_ce=1.2608 lr=0.000299962
2026-08-05 14:48:54 INFO  scripts.training.teacher_finetune.training_pipeline | step 21700 | loss_grouped_ce=0.7581 lr=0.000299961
2026-08-05 14:49:13 INFO  scripts.training.teacher_finetune.training_pipeline | step 21750 | loss_grouped_ce=0.9603 lr=0.000299961
2026-08-05 14:49:40 INFO  scripts.training.teacher_finetune.training_pipeline | step 21800 | loss_grouped_ce=0.5205 lr=0.00029996
2026-08-05 14:49:58 INFO  scripts.training.teacher_finetune.training_pipeline | step 21850 | loss_grouped_ce=0.8062 lr=0.000299959
2026-08-05 14:50:24 INFO  scripts.training.teacher_finetune.training_pipeline | step 21900 | loss_grouped_ce=0.8230 lr=0.000299958
2026-08-05 14:50:54 INFO  scripts.training.teacher_finetune.training_pipeline | step 21950 | loss_grouped_ce=0.2199 lr=0.000299957
2026-08-05 14:51:17 INFO  scripts.training.teacher_finetune.training_pipeline | step 22000 | loss_grouped_ce=0.3005 lr=0.000299956
2026-08-05 14:51:37 INFO  scripts.training.teacher_finetune.training_pipeline | step 22050 | loss_grouped_ce=0.9190 lr=0.000299955
2026-08-05 14:52:11 INFO  scripts.training.teacher_finetune.training_pipeline | step 22100 | loss_grouped_ce=0.2302 lr=0.000299954
2026-08-05 14:52:42 INFO  scripts.training.teacher_finetune.training_pipeline | step 22150 | loss_grouped_ce=0.7493 lr=0.000299953
2026-08-05 14:53:05 INFO  scripts.training.teacher_finetune.training_pipeline | step 22200 | loss_grouped_ce=0.5263 lr=0.000299952
2026-08-05 14:53:33 INFO  scripts.training.teacher_finetune.training_pipeline | step 22250 | loss_grouped_ce=0.2978 lr=0.00029995
2026-08-05 14:54:02 INFO  scripts.training.teacher_finetune.training_pipeline | step 22300 | loss_grouped_ce=0.1941 lr=0.000299949
2026-08-05 14:54:33 INFO  scripts.training.teacher_finetune.training_pipeline | step 22350 | loss_grouped_ce=0.2273 lr=0.000299948
2026-08-05 14:54:55 INFO  scripts.training.teacher_finetune.training_pipeline | step 22400 | loss_grouped_ce=0.3966 lr=0.000299947
2026-08-05 14:55:19 INFO  scripts.training.teacher_finetune.training_pipeline | step 22450 | loss_grouped_ce=0.5089 lr=0.000299946
2026-08-05 14:55:41 INFO  scripts.training.teacher_finetune.training_pipeline | step 22500 | loss_grouped_ce=0.4094 lr=0.000299945
2026-08-05 14:56:04 INFO  scripts.training.teacher_finetune.training_pipeline | step 22550 | loss_grouped_ce=0.8726 lr=0.000299944
2026-08-05 14:56:27 INFO  scripts.training.teacher_finetune.training_pipeline | step 22600 | loss_grouped_ce=0.3014 lr=0.000299943
2026-08-05 14:56:47 INFO  scripts.training.teacher_finetune.training_pipeline | step 22650 | loss_grouped_ce=0.7202 lr=0.000299942
2026-08-05 14:57:05 INFO  scripts.training.teacher_finetune.training_pipeline | step 22700 | loss_grouped_ce=0.5569 lr=0.00029994
2026-08-05 14:57:27 INFO  scripts.training.teacher_finetune.training_pipeline | step 22750 | loss_grouped_ce=0.4858 lr=0.000299939
2026-08-05 14:57:49 INFO  scripts.training.teacher_finetune.training_pipeline | step 22800 | loss_grouped_ce=0.3621 lr=0.000299938
2026-08-05 14:58:15 INFO  scripts.training.teacher_finetune.training_pipeline | step 22850 | loss_grouped_ce=0.8471 lr=0.000299937
2026-08-05 14:58:38 INFO  scripts.training.teacher_finetune.training_pipeline | step 22900 | loss_grouped_ce=0.4219 lr=0.000299936
2026-08-05 14:58:58 INFO  scripts.training.teacher_finetune.training_pipeline | step 22950 | loss_grouped_ce=0.3073 lr=0.000299934
2026-08-05 14:59:21 INFO  scripts.training.teacher_finetune.training_pipeline | step 23000 | loss_grouped_ce=0.6027 lr=0.000299933
2026-08-05 14:59:49 INFO  scripts.training.teacher_finetune.training_pipeline | step 23050 | loss_grouped_ce=0.6401 lr=0.000299932
2026-08-05 15:00:06 INFO  scripts.training.teacher_finetune.training_pipeline | step 23100 | loss_grouped_ce=0.5798 lr=0.000299931
2026-08-05 15:00:27 INFO  scripts.training.teacher_finetune.training_pipeline | step 23150 | loss_grouped_ce=0.7309 lr=0.000299929
2026-08-05 15:00:49 INFO  scripts.training.teacher_finetune.training_pipeline | step 23200 | loss_grouped_ce=0.8478 lr=0.000299928
2026-08-05 15:01:10 INFO  scripts.training.teacher_finetune.training_pipeline | step 23250 | loss_grouped_ce=0.5595 lr=0.000299927
2026-08-05 15:01:38 INFO  scripts.training.teacher_finetune.training_pipeline | step 23300 | loss_grouped_ce=0.2263 lr=0.000299926
2026-08-05 15:02:07 INFO  scripts.training.teacher_finetune.training_pipeline | step 23350 | loss_grouped_ce=0.3616 lr=0.000299924
2026-08-05 15:02:37 INFO  scripts.training.teacher_finetune.training_pipeline | step 23400 | loss_grouped_ce=1.4527 lr=0.000299923
2026-08-05 15:03:06 INFO  scripts.training.teacher_finetune.training_pipeline | step 23450 | loss_grouped_ce=0.9690 lr=0.000299922
2026-08-05 15:03:10 INFO  scripts.training.teacher_finetune.training_pipeline | epoch 4/100 — train done in 2889.9s | avg loss_grouped_ce=0.5295
2026-08-05 15:03:10 INFO  scripts.training.teacher_finetune.evaluate | evaluating on 617 batches
2026-08-05 15:09:08 INFO  scripts.training.teacher_finetune.training_pipeline | epoch 4/100 — val accuracy_top1=0.7837 f1_macro=0.7645 f1_micro=0.7837 (selection f1_macro=0.7645)
2026-08-05 15:09:09 INFO  scripts.training.teacher_finetune.evaluate | mlflow: logged val/accuracy_top1=0.7837 val/f1_macro=0.7645 val/f1_micro=0.7837 (step=3, n=19732)
2026-08-05 15:09:10 INFO  scripts.training.teacher_finetune.evaluate | mlflow: logged val per-source accuracy table (6 sources)
2026-08-05 15:09:12 INFO  scripts.training.teacher_finetune.training_pipeline | saved checkpoint: /app/scripts/training/teacher_finetune/model_exports/teacher-finetune-20260805-113610/best.pt
2026-08-05 15:09:12 INFO  scripts.training.teacher_finetune.training_pipeline | new best f1_macro=0.7645 at epoch 4
2026-08-05 15:09:13 INFO  scripts.training.teacher_finetune.training_pipeline | saved checkpoint: /app/scripts/training/teacher_finetune/model_exports/teacher-finetune-20260805-113610/last.pt
2026-08-05 15:09:14 INFO  scripts.training.teacher_finetune.training_pipeline | epoch 4/100 done — next lr=0.000299921, epochs_since_improve=0/15
2026-08-05 15:09:14 INFO  scripts.training.teacher_finetune.training_pipeline | epoch 5/100 — train start (lr=0.000299921, batches=5865)
2026-08-05 15:09:36 INFO  scripts.training.teacher_finetune.training_pipeline | step 23500 | loss_grouped_ce=0.2077 lr=0.00029992
2026-08-05 15:10:05 INFO  scripts.training.teacher_finetune.training_pipeline | step 23550 | loss_grouped_ce=0.2292 lr=0.000299919
2026-08-05 15:10:32 INFO  scripts.training.teacher_finetune.training_pipeline | step 23600 | loss_grouped_ce=0.0989 lr=0.000299918
2026-08-05 15:11:03 INFO  scripts.training.teacher_finetune.training_pipeline | step 23650 | loss_grouped_ce=0.4918 lr=0.000299916
2026-08-05 15:11:20 INFO  scripts.training.teacher_finetune.training_pipeline | step 23700 | loss_grouped_ce=0.6437 lr=0.000299915
2026-08-05 15:11:40 INFO  scripts.training.teacher_finetune.training_pipeline | step 23750 | loss_grouped_ce=0.3767 lr=0.000299913
2026-08-05 15:12:12 INFO  scripts.training.teacher_finetune.training_pipeline | step 23800 | loss_grouped_ce=0.2533 lr=0.000299912
2026-08-05 15:12:29 INFO  scripts.training.teacher_finetune.training_pipeline | step 23850 | loss_grouped_ce=0.1374 lr=0.000299911
2026-08-05 15:12:47 INFO  scripts.training.teacher_finetune.training_pipeline | step 23900 | loss_grouped_ce=0.2227 lr=0.000299909
2026-08-05 15:13:04 INFO  scripts.training.teacher_finetune.training_pipeline | step 23950 | loss_grouped_ce=0.4294 lr=0.000299908
2026-08-05 15:13:24 INFO  scripts.training.teacher_finetune.training_pipeline | step 24000 | loss_grouped_ce=0.1480 lr=0.000299906
2026-08-05 15:13:54 INFO  scripts.training.teacher_finetune.training_pipeline | step 24050 | loss_grouped_ce=0.3550 lr=0.000299905
2026-08-05 15:14:25 INFO  scripts.training.teacher_finetune.training_pipeline | step 24100 | loss_grouped_ce=0.3430 lr=0.000299903
2026-08-05 15:14:48 INFO  scripts.training.teacher_finetune.training_pipeline | step 24150 | loss_grouped_ce=0.0601 lr=0.000299902
2026-08-05 15:15:18 INFO  scripts.training.teacher_finetune.training_pipeline | step 24200 | loss_grouped_ce=0.7376 lr=0.0002999
2026-08-05 15:15:46 INFO  scripts.training.teacher_finetune.training_pipeline | step 24250 | loss_grouped_ce=0.4907 lr=0.000299899
2026-08-05 15:16:12 INFO  scripts.training.teacher_finetune.training_pipeline | step 24300 | loss_grouped_ce=0.6397 lr=0.000299897
2026-08-05 15:16:38 INFO  scripts.training.teacher_finetune.training_pipeline | step 24350 | loss_grouped_ce=0.5190 lr=0.000299896
2026-08-05 15:17:04 INFO  scripts.training.teacher_finetune.training_pipeline | step 24400 | loss_grouped_ce=0.2688 lr=0.000299894
2026-08-05 15:17:32 INFO  scripts.training.teacher_finetune.training_pipeline | step 24450 | loss_grouped_ce=0.6335 lr=0.000299893
2026-08-05 15:18:01 INFO  scripts.training.teacher_finetune.training_pipeline | step 24500 | loss_grouped_ce=0.2855 lr=0.000299891
2026-08-05 15:18:24 INFO  scripts.training.teacher_finetune.training_pipeline | step 24550 | loss_grouped_ce=0.4007 lr=0.000299889
2026-08-05 15:18:44 INFO  scripts.training.teacher_finetune.training_pipeline | step 24600 | loss_grouped_ce=0.3960 lr=0.000299888
2026-08-05 15:19:12 INFO  scripts.training.teacher_finetune.training_pipeline | step 24650 | loss_grouped_ce=0.4240 lr=0.000299886
2026-08-05 15:19:42 INFO  scripts.training.teacher_finetune.training_pipeline | step 24700 | loss_grouped_ce=0.3285 lr=0.000299885
2026-08-05 15:20:02 INFO  scripts.training.teacher_finetune.training_pipeline | step 24750 | loss_grouped_ce=0.9201 lr=0.000299883
2026-08-05 15:20:27 INFO  scripts.training.teacher_finetune.training_pipeline | step 24800 | loss_grouped_ce=0.3285 lr=0.000299881
2026-08-05 15:20:47 INFO  scripts.training.teacher_finetune.training_pipeline | step 24850 | loss_grouped_ce=0.3437 lr=0.00029988
2026-08-05 15:21:10 INFO  scripts.training.teacher_finetune.training_pipeline | step 24900 | loss_grouped_ce=0.4709 lr=0.000299878
2026-08-05 15:21:33 INFO  scripts.training.teacher_finetune.training_pipeline | step 24950 | loss_grouped_ce=0.4057 lr=0.000299876
2026-08-05 15:21:50 INFO  scripts.training.teacher_finetune.training_pipeline | step 25000 | loss_grouped_ce=0.6254 lr=0.000299875
2026-08-05 15:22:17 INFO  scripts.training.teacher_finetune.training_pipeline | step 25050 | loss_grouped_ce=0.6539 lr=0.000299873
2026-08-05 15:22:38 INFO  scripts.training.teacher_finetune.training_pipeline | step 25100 | loss_grouped_ce=0.8173 lr=0.000299871
2026-08-05 15:23:00 INFO  scripts.training.teacher_finetune.training_pipeline | step 25150 | loss_grouped_ce=0.7303 lr=0.00029987
2026-08-05 15:23:26 INFO  scripts.training.teacher_finetune.training_pipeline | step 25200 | loss_grouped_ce=0.4613 lr=0.000299868
2026-08-05 15:23:45 INFO  scripts.training.teacher_finetune.training_pipeline | step 25250 | loss_grouped_ce=0.3086 lr=0.000299866
2026-08-05 15:24:02 INFO  scripts.training.teacher_finetune.training_pipeline | step 25300 | loss_grouped_ce=0.4260 lr=0.000299864
2026-08-05 15:24:30 INFO  scripts.training.teacher_finetune.training_pipeline | step 25350 | loss_grouped_ce=0.3128 lr=0.000299863
2026-08-05 15:24:55 INFO  scripts.training.teacher_finetune.training_pipeline | step 25400 | loss_grouped_ce=0.2317 lr=0.000299861
2026-08-05 15:25:21 INFO  scripts.training.teacher_finetune.training_pipeline | step 25450 | loss_grouped_ce=0.7429 lr=0.000299859
2026-08-05 15:25:49 INFO  scripts.training.teacher_finetune.training_pipeline | step 25500 | loss_grouped_ce=0.0689 lr=0.000299857
2026-08-05 15:26:17 INFO  scripts.training.teacher_finetune.training_pipeline | step 25550 | loss_grouped_ce=0.5752 lr=0.000299855
2026-08-05 15:26:45 INFO  scripts.training.teacher_finetune.training_pipeline | step 25600 | loss_grouped_ce=0.5443 lr=0.000299854
2026-08-05 15:27:12 INFO  scripts.training.teacher_finetune.training_pipeline | step 25650 | loss_grouped_ce=0.8435 lr=0.000299852
2026-08-05 15:27:40 INFO  scripts.training.teacher_finetune.training_pipeline | step 25700 | loss_grouped_ce=0.4185 lr=0.00029985
2026-08-05 15:28:09 INFO  scripts.training.teacher_finetune.training_pipeline | step 25750 | loss_grouped_ce=0.1711 lr=0.000299848
2026-08-05 15:28:34 INFO  scripts.training.teacher_finetune.training_pipeline | step 25800 | loss_grouped_ce=0.6458 lr=0.000299846
2026-08-05 15:28:55 INFO  scripts.training.teacher_finetune.training_pipeline | step 25850 | loss_grouped_ce=7.0585 lr=0.000299844
2026-08-05 15:29:13 INFO  scripts.training.teacher_finetune.training_pipeline | step 25900 | loss_grouped_ce=0.6407 lr=0.000299842
2026-08-05 15:29:43 INFO  scripts.training.teacher_finetune.training_pipeline | step 25950 | loss_grouped_ce=0.4767 lr=0.00029984
2026-08-05 15:30:05 INFO  scripts.training.teacher_finetune.training_pipeline | step 26000 | loss_grouped_ce=0.3839 lr=0.000299839
2026-08-05 15:30:24 INFO  scripts.training.teacher_finetune.training_pipeline | step 26050 | loss_grouped_ce=0.1420 lr=0.000299837
2026-08-05 15:30:46 INFO  scripts.training.teacher_finetune.training_pipeline | step 26100 | loss_grouped_ce=0.4741 lr=0.000299835
2026-08-05 15:31:12 INFO  scripts.training.teacher_finetune.training_pipeline | step 26150 | loss_grouped_ce=0.1567 lr=0.000299833
2026-08-05 15:31:30 INFO  scripts.training.teacher_finetune.training_pipeline | step 26200 | loss_grouped_ce=0.9214 lr=0.000299831
2026-08-05 15:31:53 INFO  scripts.training.teacher_finetune.training_pipeline | step 26250 | loss_grouped_ce=0.2840 lr=0.000299829
2026-08-05 15:32:19 INFO  scripts.training.teacher_finetune.training_pipeline | step 26300 | loss_grouped_ce=0.2476 lr=0.000299827
2026-08-05 15:32:50 INFO  scripts.training.teacher_finetune.training_pipeline | step 26350 | loss_grouped_ce=0.4448 lr=0.000299825
2026-08-05 15:33:19 INFO  scripts.training.teacher_finetune.training_pipeline | step 26400 | loss_grouped_ce=0.1031 lr=0.000299823
2026-08-05 15:33:44 INFO  scripts.training.teacher_finetune.training_pipeline | step 26450 | loss_grouped_ce=0.4043 lr=0.000299821
2026-08-05 15:34:05 INFO  scripts.training.teacher_finetune.training_pipeline | step 26500 | loss_grouped_ce=0.3056 lr=0.000299819
2026-08-05 15:34:26 INFO  scripts.training.teacher_finetune.training_pipeline | step 26550 | loss_grouped_ce=0.2907 lr=0.000299817
2026-08-05 15:34:51 INFO  scripts.training.teacher_finetune.training_pipeline | step 26600 | loss_grouped_ce=0.3202 lr=0.000299815
2026-08-05 15:35:18 INFO  scripts.training.teacher_finetune.training_pipeline | step 26650 | loss_grouped_ce=0.3530 lr=0.000299813
2026-08-05 15:35:41 INFO  scripts.training.teacher_finetune.training_pipeline | step 26700 | loss_grouped_ce=0.2194 lr=0.000299811
2026-08-05 15:36:00 INFO  scripts.training.teacher_finetune.training_pipeline | step 26750 | loss_grouped_ce=0.3894 lr=0.000299808
2026-08-05 15:36:19 INFO  scripts.training.teacher_finetune.training_pipeline | step 26800 | loss_grouped_ce=0.6736 lr=0.000299806
2026-08-05 15:36:39 INFO  scripts.training.teacher_finetune.training_pipeline | step 26850 | loss_grouped_ce=0.2796 lr=0.000299804
2026-08-05 15:36:55 INFO  scripts.training.teacher_finetune.training_pipeline | step 26900 | loss_grouped_ce=0.3998 lr=0.000299802
2026-08-05 15:37:12 INFO  scripts.training.teacher_finetune.training_pipeline | step 26950 | loss_grouped_ce=0.3917 lr=0.0002998
2026-08-05 15:37:29 INFO  scripts.training.teacher_finetune.training_pipeline | step 27000 | loss_grouped_ce=0.3915 lr=0.000299798
2026-08-05 15:37:53 INFO  scripts.training.teacher_finetune.training_pipeline | step 27050 | loss_grouped_ce=0.3730 lr=0.000299796
2026-08-05 15:38:21 INFO  scripts.training.teacher_finetune.training_pipeline | step 27100 | loss_grouped_ce=0.4588 lr=0.000299794
2026-08-05 15:38:48 INFO  scripts.training.teacher_finetune.training_pipeline | step 27150 | loss_grouped_ce=0.3823 lr=0.000299791
2026-08-05 15:39:17 INFO  scripts.training.teacher_finetune.training_pipeline | step 27200 | loss_grouped_ce=0.6141 lr=0.000299789
2026-08-05 15:39:34 INFO  scripts.training.teacher_finetune.training_pipeline | step 27250 | loss_grouped_ce=0.2280 lr=0.000299787
2026-08-05 15:39:54 INFO  scripts.training.teacher_finetune.training_pipeline | step 27300 | loss_grouped_ce=0.2333 lr=0.000299785
2026-08-05 15:40:23 INFO  scripts.training.teacher_finetune.training_pipeline | step 27350 | loss_grouped_ce=0.5489 lr=0.000299783
2026-08-05 15:40:51 INFO  scripts.training.teacher_finetune.training_pipeline | step 27400 | loss_grouped_ce=0.5658 lr=0.00029978
2026-08-05 15:41:19 INFO  scripts.training.teacher_finetune.training_pipeline | step 27450 | loss_grouped_ce=0.6616 lr=0.000299778
2026-08-05 15:41:46 INFO  scripts.training.teacher_finetune.training_pipeline | step 27500 | loss_grouped_ce=0.1957 lr=0.000299776
2026-08-05 15:42:18 INFO  scripts.training.teacher_finetune.training_pipeline | step 27550 | loss_grouped_ce=1.1453 lr=0.000299774
2026-08-05 15:42:50 INFO  scripts.training.teacher_finetune.training_pipeline | step 27600 | loss_grouped_ce=0.6208 lr=0.000299771
2026-08-05 15:43:20 INFO  scripts.training.teacher_finetune.training_pipeline | step 27650 | loss_grouped_ce=0.4585 lr=0.000299769
2026-08-05 15:43:48 INFO  scripts.training.teacher_finetune.training_pipeline | step 27700 | loss_grouped_ce=0.2016 lr=0.000299767
2026-08-05 15:44:16 INFO  scripts.training.teacher_finetune.training_pipeline | step 27750 | loss_grouped_ce=0.4349 lr=0.000299764
2026-08-05 15:44:44 INFO  scripts.training.teacher_finetune.training_pipeline | step 27800 | loss_grouped_ce=0.5004 lr=0.000299762
2026-08-05 15:45:14 INFO  scripts.training.teacher_finetune.training_pipeline | step 27850 | loss_grouped_ce=0.2093 lr=0.00029976
2026-08-05 15:45:36 INFO  scripts.training.teacher_finetune.training_pipeline | step 27900 | loss_grouped_ce=0.4841 lr=0.000299757
2026-08-05 15:46:02 INFO  scripts.training.teacher_finetune.training_pipeline | step 27950 | loss_grouped_ce=1.0291 lr=0.000299755
2026-08-05 15:46:22 INFO  scripts.training.teacher_finetune.training_pipeline | step 28000 | loss_grouped_ce=0.1066 lr=0.000299753
2026-08-05 15:46:47 INFO  scripts.training.teacher_finetune.training_pipeline | step 28050 | loss_grouped_ce=0.3789 lr=0.00029975
2026-08-05 15:47:04 INFO  scripts.training.teacher_finetune.training_pipeline | step 28100 | loss_grouped_ce=0.3699 lr=0.000299748
2026-08-05 15:47:32 INFO  scripts.training.teacher_finetune.training_pipeline | step 28150 | loss_grouped_ce=0.3448 lr=0.000299745
2026-08-05 15:47:56 INFO  scripts.training.teacher_finetune.training_pipeline | step 28200 | loss_grouped_ce=0.3158 lr=0.000299743
2026-08-05 15:48:26 INFO  scripts.training.teacher_finetune.training_pipeline | step 28250 | loss_grouped_ce=0.4132 lr=0.000299741
2026-08-05 15:48:55 INFO  scripts.training.teacher_finetune.training_pipeline | step 28300 | loss_grouped_ce=0.6033 lr=0.000299738
2026-08-05 15:49:23 INFO  scripts.training.teacher_finetune.training_pipeline | step 28350 | loss_grouped_ce=0.1098 lr=0.000299736
2026-08-05 15:49:52 INFO  scripts.training.teacher_finetune.training_pipeline | step 28400 | loss_grouped_ce=0.6628 lr=0.000299733
2026-08-05 15:50:14 INFO  scripts.training.teacher_finetune.training_pipeline | step 28450 | loss_grouped_ce=0.3546 lr=0.000299731
2026-08-05 15:50:42 INFO  scripts.training.teacher_finetune.training_pipeline | step 28500 | loss_grouped_ce=0.4303 lr=0.000299728
2026-08-05 15:51:11 INFO  scripts.training.teacher_finetune.training_pipeline | step 28550 | loss_grouped_ce=0.7846 lr=0.000299726
2026-08-05 15:51:33 INFO  scripts.training.teacher_finetune.training_pipeline | step 28600 | loss_grouped_ce=0.3989 lr=0.000299723
2026-08-05 15:51:57 INFO  scripts.training.teacher_finetune.training_pipeline | step 28650 | loss_grouped_ce=0.4253 lr=0.000299721
2026-08-05 15:52:15 INFO  scripts.training.teacher_finetune.training_pipeline | step 28700 | loss_grouped_ce=0.5365 lr=0.000299718
2026-08-05 15:52:38 INFO  scripts.training.teacher_finetune.training_pipeline | step 28750 | loss_grouped_ce=0.1626 lr=0.000299716
2026-08-05 15:53:09 INFO  scripts.training.teacher_finetune.training_pipeline | step 28800 | loss_grouped_ce=0.4392 lr=0.000299713
2026-08-05 15:53:36 INFO  scripts.training.teacher_finetune.training_pipeline | step 28850 | loss_grouped_ce=0.6832 lr=0.000299711
2026-08-05 15:53:54 INFO  scripts.training.teacher_finetune.training_pipeline | step 28900 | loss_grouped_ce=0.3526 lr=0.000299708
2026-08-05 15:54:20 INFO  scripts.training.teacher_finetune.training_pipeline | step 28950 | loss_grouped_ce=0.3731 lr=0.000299705
2026-08-05 15:54:48 INFO  scripts.training.teacher_finetune.training_pipeline | step 29000 | loss_grouped_ce=0.4281 lr=0.000299703
2026-08-05 15:55:09 INFO  scripts.training.teacher_finetune.training_pipeline | step 29050 | loss_grouped_ce=0.6237 lr=0.0002997
2026-08-05 15:55:38 INFO  scripts.training.teacher_finetune.training_pipeline | step 29100 | loss_grouped_ce=0.7354 lr=0.000299698
2026-08-05 15:56:06 INFO  scripts.training.teacher_finetune.training_pipeline | step 29150 | loss_grouped_ce=0.8027 lr=0.000299695
2026-08-05 15:56:25 INFO  scripts.training.teacher_finetune.training_pipeline | step 29200 | loss_grouped_ce=0.4969 lr=0.000299692
2026-08-05 15:56:52 INFO  scripts.training.teacher_finetune.training_pipeline | step 29250 | loss_grouped_ce=0.1775 lr=0.00029969
2026-08-05 15:57:11 INFO  scripts.training.teacher_finetune.training_pipeline | step 29300 | loss_grouped_ce=0.4671 lr=0.000299687
2026-08-05 15:57:23 INFO  scripts.training.teacher_finetune.training_pipeline | epoch 5/100 — train done in 2889.5s | avg loss_grouped_ce=0.4587
2026-08-05 15:57:23 INFO  scripts.training.teacher_finetune.evaluate | evaluating on 617 batches
2026-08-05 16:03:28 INFO  scripts.training.teacher_finetune.training_pipeline | epoch 5/100 — val accuracy_top1=0.7839 f1_macro=0.7644 f1_micro=0.7839 (selection f1_macro=0.7644)
2026-08-05 16:03:29 INFO  scripts.training.teacher_finetune.evaluate | mlflow: logged val/accuracy_top1=0.7839 val/f1_macro=0.7644 val/f1_micro=0.7839 (step=4, n=19732)
2026-08-05 16:03:29 INFO  scripts.training.teacher_finetune.evaluate | mlflow: logged val per-source accuracy table (6 sources)
2026-08-05 16:03:31 INFO  scripts.training.teacher_finetune.training_pipeline | saved checkpoint: /app/scripts/training/teacher_finetune/model_exports/teacher-finetune-20260805-113610/last.pt
2026-08-05 16:03:31 INFO  scripts.training.teacher_finetune.training_pipeline | epoch 5/100 done — next lr=0.000299686, epochs_since_improve=1/15
2026-08-05 16:03:31 INFO  scripts.training.teacher_finetune.training_pipeline | epoch 6/100 — train start (lr=0.000299686, batches=5865)
2026-08-05 16:03:45 INFO  scripts.training.teacher_finetune.training_pipeline | step 29350 | loss_grouped_ce=0.4032 lr=0.000299684
2026-08-05 16:04:03 INFO  scripts.training.teacher_finetune.training_pipeline | step 29400 | loss_grouped_ce=0.2120 lr=0.000299682
2026-08-05 16:04:25 INFO  scripts.training.teacher_finetune.training_pipeline | step 29450 | loss_grouped_ce=0.3436 lr=0.000299679
2026-08-05 16:04:46 INFO  scripts.training.teacher_finetune.training_pipeline | step 29500 | loss_grouped_ce=0.3254 lr=0.000299676
2026-08-05 16:05:14 INFO  scripts.training.teacher_finetune.training_pipeline | step 29550 | loss_grouped_ce=0.2964 lr=0.000299673
2026-08-05 16:05:39 INFO  scripts.training.teacher_finetune.training_pipeline | step 29600 | loss_grouped_ce=0.5873 lr=0.000299671
2026-08-05 16:05:56 INFO  scripts.training.teacher_finetune.training_pipeline | step 29650 | loss_grouped_ce=0.3617 lr=0.000299668
2026-08-05 16:06:18 INFO  scripts.training.teacher_finetune.training_pipeline | step 29700 | loss_grouped_ce=0.7594 lr=0.000299665
2026-08-05 16:06:39 INFO  scripts.training.teacher_finetune.training_pipeline | step 29750 | loss_grouped_ce=0.1309 lr=0.000299662
2026-08-05 16:07:00 INFO  scripts.training.teacher_finetune.training_pipeline | step 29800 | loss_grouped_ce=0.4017 lr=0.00029966
2026-08-05 16:07:28 INFO  scripts.training.teacher_finetune.training_pipeline | step 29850 | loss_grouped_ce=0.2462 lr=0.000299657
2026-08-05 16:07:48 INFO  scripts.training.teacher_finetune.training_pipeline | step 29900 | loss_grouped_ce=0.3939 lr=0.000299654
2026-08-05 16:08:12 INFO  scripts.training.teacher_finetune.training_pipeline | step 29950 | loss_grouped_ce=0.3436 lr=0.000299651
2026-08-05 16:08:40 INFO  scripts.training.teacher_finetune.training_pipeline | step 30000 | loss_grouped_ce=0.4623 lr=0.000299648
2026-08-05 16:09:10 INFO  scripts.training.teacher_finetune.training_pipeline | step 30050 | loss_grouped_ce=0.2736 lr=0.000299646
2026-08-05 16:09:34 INFO  scripts.training.teacher_finetune.training_pipeline | step 30100 | loss_grouped_ce=0.7932 lr=0.000299643
2026-08-05 16:09:52 INFO  scripts.training.teacher_finetune.training_pipeline | step 30150 | loss_grouped_ce=0.4756 lr=0.00029964
2026-08-05 16:10:09 INFO  scripts.training.teacher_finetune.training_pipeline | step 30200 | loss_grouped_ce=0.6341 lr=0.000299637
2026-08-05 16:10:27 INFO  scripts.training.teacher_finetune.training_pipeline | step 30250 | loss_grouped_ce=0.3251 lr=0.000299634
2026-08-05 16:10:43 INFO  scripts.training.teacher_finetune.training_pipeline | step 30300 | loss_grouped_ce=0.1989 lr=0.000299631
2026-08-05 16:11:01 INFO  scripts.training.teacher_finetune.training_pipeline | step 30350 | loss_grouped_ce=0.6565 lr=0.000299628
2026-08-05 16:11:22 INFO  scripts.training.teacher_finetune.training_pipeline | step 30400 | loss_grouped_ce=1.2629 lr=0.000299625
2026-08-05 16:11:40 INFO  scripts.training.teacher_finetune.training_pipeline | step 30450 | loss_grouped_ce=0.5710 lr=0.000299622
2026-08-05 16:12:02 INFO  scripts.training.teacher_finetune.training_pipeline | step 30500 | loss_grouped_ce=0.1956 lr=0.00029962
2026-08-05 16:12:25 INFO  scripts.training.teacher_finetune.training_pipeline | step 30550 | loss_grouped_ce=0.5346 lr=0.000299617
2026-08-05 16:12:53 INFO  scripts.training.teacher_finetune.training_pipeline | step 30600 | loss_grouped_ce=0.9456 lr=0.000299614
2026-08-05 16:13:20 INFO  scripts.training.teacher_finetune.training_pipeline | step 30650 | loss_grouped_ce=0.1874 lr=0.000299611
2026-08-05 16:13:44 INFO  scripts.training.teacher_finetune.training_pipeline | step 30700 | loss_grouped_ce=0.2089 lr=0.000299608
2026-08-05 16:14:01 INFO  scripts.training.teacher_finetune.training_pipeline | step 30750 | loss_grouped_ce=0.2319 lr=0.000299605
2026-08-05 16:14:28 INFO  scripts.training.teacher_finetune.training_pipeline | step 30800 | loss_grouped_ce=0.3325 lr=0.000299602
2026-08-05 16:14:58 INFO  scripts.training.teacher_finetune.training_pipeline | step 30850 | loss_grouped_ce=0.7190 lr=0.000299599
2026-08-05 16:15:19 INFO  scripts.training.teacher_finetune.training_pipeline | step 30900 | loss_grouped_ce=0.4175 lr=0.000299596
2026-08-05 16:15:46 INFO  scripts.training.teacher_finetune.training_pipeline | step 30950 | loss_grouped_ce=0.1763 lr=0.000299593
2026-08-05 16:16:12 INFO  scripts.training.teacher_finetune.training_pipeline | step 31000 | loss_grouped_ce=0.3545 lr=0.00029959
2026-08-05 16:16:34 INFO  scripts.training.teacher_finetune.training_pipeline | step 31050 | loss_grouped_ce=0.2978 lr=0.000299586
2026-08-05 16:16:51 INFO  scripts.training.teacher_finetune.training_pipeline | step 31100 | loss_grouped_ce=0.5789 lr=0.000299583
2026-08-05 16:17:12 INFO  scripts.training.teacher_finetune.training_pipeline | step 31150 | loss_grouped_ce=1.1991 lr=0.00029958
2026-08-05 16:17:36 INFO  scripts.training.teacher_finetune.training_pipeline | step 31200 | loss_grouped_ce=0.3820 lr=0.000299577
2026-08-05 16:17:58 INFO  scripts.training.teacher_finetune.training_pipeline | step 31250 | loss_grouped_ce=0.3850 lr=0.000299574
2026-08-05 16:18:18 INFO  scripts.training.teacher_finetune.training_pipeline | step 31300 | loss_grouped_ce=0.2554 lr=0.000299571
2026-08-05 16:18:38 INFO  scripts.training.teacher_finetune.training_pipeline | step 31350 | loss_grouped_ce=0.2393 lr=0.000299568
2026-08-05 16:19:10 INFO  scripts.training.teacher_finetune.training_pipeline | step 31400 | loss_grouped_ce=0.2948 lr=0.000299565
2026-08-05 16:19:35 INFO  scripts.training.teacher_finetune.training_pipeline | step 31450 | loss_grouped_ce=0.2023 lr=0.000299561
2026-08-05 16:19:56 INFO  scripts.training.teacher_finetune.training_pipeline | step 31500 | loss_grouped_ce=0.3603 lr=0.000299558
2026-08-05 16:20:19 INFO  scripts.training.teacher_finetune.training_pipeline | step 31550 | loss_grouped_ce=0.1932 lr=0.000299555
2026-08-05 16:20:41 INFO  scripts.training.teacher_finetune.training_pipeline | step 31600 | loss_grouped_ce=0.1855 lr=0.000299552
2026-08-05 16:21:10 INFO  scripts.training.teacher_finetune.training_pipeline | step 31650 | loss_grouped_ce=0.9165 lr=0.000299549
2026-08-05 16:21:35 INFO  scripts.training.teacher_finetune.training_pipeline | step 31700 | loss_grouped_ce=0.4612 lr=0.000299546
2026-08-05 16:21:53 INFO  scripts.training.teacher_finetune.training_pipeline | step 31750 | loss_grouped_ce=0.5343 lr=0.000299542
2026-08-05 16:22:18 INFO  scripts.training.teacher_finetune.training_pipeline | step 31800 | loss_grouped_ce=0.4917 lr=0.000299539
2026-08-05 16:22:37 INFO  scripts.training.teacher_finetune.training_pipeline | step 31850 | loss_grouped_ce=0.1485 lr=0.000299536
2026-08-05 16:22:59 INFO  scripts.training.teacher_finetune.training_pipeline | step 31900 | loss_grouped_ce=0.4828 lr=0.000299533
2026-08-05 16:23:25 INFO  scripts.training.teacher_finetune.training_pipeline | step 31950 | loss_grouped_ce=1.0337 lr=0.000299529
2026-08-05 16:23:50 INFO  scripts.training.teacher_finetune.training_pipeline | step 32000 | loss_grouped_ce=0.1837 lr=0.000299526
2026-08-05 16:24:14 INFO  scripts.training.teacher_finetune.training_pipeline | step 32050 | loss_grouped_ce=0.2653 lr=0.000299523
2026-08-05 16:24:43 INFO  scripts.training.teacher_finetune.training_pipeline | step 32100 | loss_grouped_ce=0.1467 lr=0.000299519
2026-08-05 16:25:08 INFO  scripts.training.teacher_finetune.training_pipeline | step 32150 | loss_grouped_ce=0.1502 lr=0.000299516
2026-08-05 16:25:34 INFO  scripts.training.teacher_finetune.training_pipeline | step 32200 | loss_grouped_ce=0.4536 lr=0.000299513
2026-08-05 16:25:54 INFO  scripts.training.teacher_finetune.training_pipeline | step 32250 | loss_grouped_ce=0.4532 lr=0.000299509
2026-08-05 16:26:23 INFO  scripts.training.teacher_finetune.training_pipeline | step 32300 | loss_grouped_ce=0.3508 lr=0.000299506
2026-08-05 16:26:42 INFO  scripts.training.teacher_finetune.training_pipeline | step 32350 | loss_grouped_ce=0.1532 lr=0.000299503
2026-08-05 16:27:05 INFO  scripts.training.teacher_finetune.training_pipeline | step 32400 | loss_grouped_ce=0.1402 lr=0.000299499
2026-08-05 16:27:23 INFO  scripts.training.teacher_finetune.training_pipeline | step 32450 | loss_grouped_ce=1.0356 lr=0.000299496
2026-08-05 16:27:47 INFO  scripts.training.teacher_finetune.training_pipeline | step 32500 | loss_grouped_ce=0.5602 lr=0.000299493
2026-08-05 16:28:11 INFO  scripts.training.teacher_finetune.training_pipeline | step 32550 | loss_grouped_ce=0.2019 lr=0.000299489
2026-08-05 16:28:30 INFO  scripts.training.teacher_finetune.training_pipeline | step 32600 | loss_grouped_ce=0.2327 lr=0.000299486
2026-08-05 16:28:58 INFO  scripts.training.teacher_finetune.training_pipeline | step 32650 | loss_grouped_ce=0.3646 lr=0.000299482
2026-08-05 16:29:20 INFO  scripts.training.teacher_finetune.training_pipeline | step 32700 | loss_grouped_ce=0.3371 lr=0.000299479
2026-08-05 16:29:39 INFO  scripts.training.teacher_finetune.training_pipeline | step 32750 | loss_grouped_ce=0.1269 lr=0.000299475
2026-08-05 16:30:09 INFO  scripts.training.teacher_finetune.training_pipeline | step 32800 | loss_grouped_ce=0.4401 lr=0.000299472
2026-08-05 16:30:29 INFO  scripts.training.teacher_finetune.training_pipeline | step 32850 | loss_grouped_ce=0.4442 lr=0.000299468
2026-08-05 16:30:47 INFO  scripts.training.teacher_finetune.training_pipeline | step 32900 | loss_grouped_ce=0.1177 lr=0.000299465
2026-08-05 16:31:06 INFO  scripts.training.teacher_finetune.training_pipeline | step 32950 | loss_grouped_ce=0.6072 lr=0.000299461
2026-08-05 16:31:23 INFO  scripts.training.teacher_finetune.training_pipeline | step 33000 | loss_grouped_ce=0.4026 lr=0.000299458
2026-08-05 16:31:50 INFO  scripts.training.teacher_finetune.training_pipeline | step 33050 | loss_grouped_ce=0.4285 lr=0.000299454
2026-08-05 16:32:20 INFO  scripts.training.teacher_finetune.training_pipeline | step 33100 | loss_grouped_ce=0.8329 lr=0.000299451
2026-08-05 16:32:41 INFO  scripts.training.teacher_finetune.training_pipeline | step 33150 | loss_grouped_ce=0.0858 lr=0.000299447
2026-08-05 16:32:59 INFO  scripts.training.teacher_finetune.training_pipeline | step 33200 | loss_grouped_ce=0.2014 lr=0.000299444
2026-08-05 16:33:16 INFO  scripts.training.teacher_finetune.training_pipeline | step 33250 | loss_grouped_ce=0.5510 lr=0.00029944
2026-08-05 16:33:38 INFO  scripts.training.teacher_finetune.training_pipeline | step 33300 | loss_grouped_ce=0.1157 lr=0.000299437
2026-08-05 16:33:57 INFO  scripts.training.teacher_finetune.training_pipeline | step 33350 | loss_grouped_ce=0.3653 lr=0.000299433
2026-08-05 16:34:21 INFO  scripts.training.teacher_finetune.training_pipeline | step 33400 | loss_grouped_ce=0.3019 lr=0.000299429
2026-08-05 16:34:46 INFO  scripts.training.teacher_finetune.training_pipeline | step 33450 | loss_grouped_ce=0.2469 lr=0.000299426
2026-08-05 16:35:07 INFO  scripts.training.teacher_finetune.training_pipeline | step 33500 | loss_grouped_ce=0.2791 lr=0.000299422
2026-08-05 16:35:23 INFO  scripts.training.teacher_finetune.training_pipeline | step 33550 | loss_grouped_ce=0.2308 lr=0.000299419
2026-08-05 16:35:40 INFO  scripts.training.teacher_finetune.training_pipeline | step 33600 | loss_grouped_ce=0.5874 lr=0.000299415
2026-08-05 16:35:59 INFO  scripts.training.teacher_finetune.training_pipeline | step 33650 | loss_grouped_ce=0.3101 lr=0.000299411
2026-08-05 16:36:16 INFO  scripts.training.teacher_finetune.training_pipeline | step 33700 | loss_grouped_ce=0.5959 lr=0.000299408
2026-08-05 16:36:40 INFO  scripts.training.teacher_finetune.training_pipeline | step 33750 | loss_grouped_ce=0.3399 lr=0.000299404
2026-08-05 16:36:58 INFO  scripts.training.teacher_finetune.training_pipeline | step 33800 | loss_grouped_ce=0.2267 lr=0.0002994
2026-08-05 16:37:18 INFO  scripts.training.teacher_finetune.training_pipeline | step 33850 | loss_grouped_ce=0.9712 lr=0.000299397
2026-08-05 16:37:46 INFO  scripts.training.teacher_finetune.training_pipeline | step 33900 | loss_grouped_ce=0.7406 lr=0.000299393
2026-08-05 16:38:08 INFO  scripts.training.teacher_finetune.training_pipeline | step 33950 | loss_grouped_ce=0.6194 lr=0.000299389
2026-08-05 16:38:31 INFO  scripts.training.teacher_finetune.training_pipeline | step 34000 | loss_grouped_ce=0.4190 lr=0.000299385
2026-08-05 16:38:56 INFO  scripts.training.teacher_finetune.training_pipeline | step 34050 | loss_grouped_ce=0.2601 lr=0.000299382
2026-08-05 16:39:25 INFO  scripts.training.teacher_finetune.training_pipeline | step 34100 | loss_grouped_ce=0.4107 lr=0.000299378
2026-08-05 16:39:49 INFO  scripts.training.teacher_finetune.training_pipeline | step 34150 | loss_grouped_ce=0.1916 lr=0.000299374
2026-08-05 16:40:12 INFO  scripts.training.teacher_finetune.training_pipeline | step 34200 | loss_grouped_ce=0.4625 lr=0.00029937
2026-08-05 16:40:32 INFO  scripts.training.teacher_finetune.training_pipeline | step 34250 | loss_grouped_ce=0.7335 lr=0.000299367
2026-08-05 16:40:59 INFO  scripts.training.teacher_finetune.training_pipeline | step 34300 | loss_grouped_ce=0.5271 lr=0.000299363
2026-08-05 16:41:16 INFO  scripts.training.teacher_finetune.training_pipeline | step 34350 | loss_grouped_ce=0.3402 lr=0.000299359
2026-08-05 16:41:34 INFO  scripts.training.teacher_finetune.training_pipeline | step 34400 | loss_grouped_ce=0.1084 lr=0.000299355
2026-08-05 16:41:56 INFO  scripts.training.teacher_finetune.training_pipeline | step 34450 | loss_grouped_ce=0.2879 lr=0.000299351
2026-08-05 16:42:24 INFO  scripts.training.teacher_finetune.training_pipeline | step 34500 | loss_grouped_ce=0.6081 lr=0.000299347
2026-08-05 16:42:51 INFO  scripts.training.teacher_finetune.training_pipeline | step 34550 | loss_grouped_ce=0.3700 lr=0.000299344
2026-08-05 16:43:20 INFO  scripts.training.teacher_finetune.training_pipeline | step 34600 | loss_grouped_ce=0.3061 lr=0.00029934
2026-08-05 16:43:44 INFO  scripts.training.teacher_finetune.training_pipeline | step 34650 | loss_grouped_ce=0.2760 lr=0.000299336
2026-08-05 16:44:13 INFO  scripts.training.teacher_finetune.training_pipeline | step 34700 | loss_grouped_ce=0.3548 lr=0.000299332
2026-08-05 16:44:40 INFO  scripts.training.teacher_finetune.training_pipeline | step 34750 | loss_grouped_ce=0.5928 lr=0.000299328
2026-08-05 16:45:04 INFO  scripts.training.teacher_finetune.training_pipeline | step 34800 | loss_grouped_ce=0.7083 lr=0.000299324
2026-08-05 16:45:27 INFO  scripts.training.teacher_finetune.training_pipeline | step 34850 | loss_grouped_ce=0.5661 lr=0.00029932
2026-08-05 16:45:50 INFO  scripts.training.teacher_finetune.training_pipeline | step 34900 | loss_grouped_ce=0.3105 lr=0.000299316
2026-08-05 16:46:08 INFO  scripts.training.teacher_finetune.training_pipeline | step 34950 | loss_grouped_ce=0.5828 lr=0.000299312
2026-08-05 16:46:28 INFO  scripts.training.teacher_finetune.training_pipeline | step 35000 | loss_grouped_ce=0.4098 lr=0.000299308
2026-08-05 16:46:52 INFO  scripts.training.teacher_finetune.training_pipeline | step 35050 | loss_grouped_ce=0.3710 lr=0.000299304
2026-08-05 16:47:13 INFO  scripts.training.teacher_finetune.training_pipeline | step 35100 | loss_grouped_ce=0.3859 lr=0.0002993
2026-08-05 16:47:41 INFO  scripts.training.teacher_finetune.training_pipeline | step 35150 | loss_grouped_ce=0.6997 lr=0.000299296
2026-08-05 16:48:01 INFO  scripts.training.teacher_finetune.training_pipeline | epoch 6/100 — train done in 2669.5s | avg loss_grouped_ce=nan
2026-08-05 16:48:01 INFO  scripts.training.teacher_finetune.evaluate | evaluating on 617 batches
2026-08-05 16:53:22 INFO  scripts.training.teacher_finetune.training_pipeline | epoch 6/100 — val accuracy_top1=0.7840 f1_macro=0.7652 f1_micro=0.7840 (selection f1_macro=0.7652)
2026-08-05 16:53:23 INFO  scripts.training.teacher_finetune.evaluate | mlflow: logged val/accuracy_top1=0.7840 val/f1_macro=0.7652 val/f1_micro=0.7840 (step=5, n=19732)
2026-08-05 16:53:23 INFO  scripts.training.teacher_finetune.evaluate | mlflow: logged val per-source accuracy table (6 sources)
2026-08-05 16:53:26 INFO  scripts.training.teacher_finetune.training_pipeline | saved checkpoint: /app/scripts/training/teacher_finetune/model_exports/teacher-finetune-20260805-113610/last.pt
2026-08-05 16:53:26 INFO  scripts.training.teacher_finetune.training_pipeline | epoch 6/100 done — next lr=0.000299293, epochs_since_improve=2/15
2026-08-05 16:53:26 INFO  scripts.training.teacher_finetune.training_pipeline | epoch 7/100 — train start (lr=0.000299293, batches=5865)
2026-08-05 16:53:39 INFO  scripts.training.teacher_finetune.training_pipeline | step 35200 | loss_grouped_ce=0.7461 lr=0.000299292
2026-08-05 16:54:00 INFO  scripts.training.teacher_finetune.training_pipeline | step 35250 | loss_grouped_ce=0.1644 lr=0.000299288
2026-08-05 16:54:25 INFO  scripts.training.teacher_finetune.training_pipeline | step 35300 | loss_grouped_ce=0.0355 lr=0.000299284
2026-08-05 16:54:45 INFO  scripts.training.teacher_finetune.training_pipeline | step 35350 | loss_grouped_ce=0.6361 lr=0.00029928
2026-08-05 16:55:02 INFO  scripts.training.teacher_finetune.training_pipeline | step 35400 | loss_grouped_ce=0.3751 lr=0.000299276
2026-08-05 16:55:20 INFO  scripts.training.teacher_finetune.training_pipeline | step 35450 | loss_grouped_ce=0.2357 lr=0.000299272
2026-08-05 16:55:38 INFO  scripts.training.teacher_finetune.training_pipeline | step 35500 | loss_grouped_ce=0.9174 lr=0.000299268
2026-08-05 16:55:55 INFO  scripts.training.teacher_finetune.training_pipeline | step 35550 | loss_grouped_ce=0.5757 lr=0.000299264
2026-08-05 16:56:12 INFO  scripts.training.teacher_finetune.training_pipeline | step 35600 | loss_grouped_ce=0.1962 lr=0.00029926
2026-08-05 16:56:36 INFO  scripts.training.teacher_finetune.training_pipeline | step 35650 | loss_grouped_ce=0.1378 lr=0.000299256
2026-08-05 16:57:00 INFO  scripts.training.teacher_finetune.training_pipeline | step 35700 | loss_grouped_ce=0.1949 lr=0.000299252
2026-08-05 16:57:19 INFO  scripts.training.teacher_finetune.training_pipeline | step 35750 | loss_grouped_ce=0.4320 lr=0.000299247
2026-08-05 16:57:47 INFO  scripts.training.teacher_finetune.training_pipeline | step 35800 | loss_grouped_ce=0.2999 lr=0.000299243
2026-08-05 16:58:14 INFO  scripts.training.teacher_finetune.training_pipeline | step 35850 | loss_grouped_ce=0.2022 lr=0.000299239
2026-08-05 16:58:35 INFO  scripts.training.teacher_finetune.training_pipeline | step 35900 | loss_grouped_ce=2.3251 lr=0.000299235
2026-08-05 16:59:02 INFO  scripts.training.teacher_finetune.training_pipeline | step 35950 | loss_grouped_ce=0.2148 lr=0.000299231
2026-08-05 16:59:28 INFO  scripts.training.teacher_finetune.training_pipeline | step 36000 | loss_grouped_ce=0.3349 lr=0.000299227
2026-08-05 16:59:47 INFO  scripts.training.teacher_finetune.training_pipeline | step 36050 | loss_grouped_ce=0.1343 lr=0.000299222
2026-08-05 17:00:12 INFO  scripts.training.teacher_finetune.training_pipeline | step 36100 | loss_grouped_ce=0.7658 lr=0.000299218
2026-08-05 17:00:39 INFO  scripts.training.teacher_finetune.training_pipeline | step 36150 | loss_grouped_ce=0.3120 lr=0.000299214
2026-08-05 17:01:03 INFO  scripts.training.teacher_finetune.training_pipeline | step 36200 | loss_grouped_ce=0.1038 lr=0.00029921
2026-08-05 17:01:25 INFO  scripts.training.teacher_finetune.training_pipeline | step 36250 | loss_grouped_ce=0.1203 lr=0.000299205
2026-08-05 17:01:43 INFO  scripts.training.teacher_finetune.training_pipeline | step 36300 | loss_grouped_ce=0.4216 lr=0.000299201
2026-08-05 17:02:08 INFO  scripts.training.teacher_finetune.training_pipeline | step 36350 | loss_grouped_ce=0.3264 lr=0.000299197
2026-08-05 17:02:30 INFO  scripts.training.teacher_finetune.training_pipeline | step 36400 | loss_grouped_ce=0.3117 lr=0.000299193
2026-08-05 17:02:50 INFO  scripts.training.teacher_finetune.training_pipeline | step 36450 | loss_grouped_ce=0.3070 lr=0.000299188
2026-08-05 17:03:13 INFO  scripts.training.teacher_finetune.training_pipeline | step 36500 | loss_grouped_ce=0.7070 lr=0.000299184
2026-08-05 17:03:40 INFO  scripts.training.teacher_finetune.training_pipeline | step 36550 | loss_grouped_ce=0.2580 lr=0.00029918
2026-08-05 17:03:59 INFO  scripts.training.teacher_finetune.training_pipeline | step 36600 | loss_grouped_ce=0.1341 lr=0.000299175
2026-08-05 17:04:16 INFO  scripts.training.teacher_finetune.training_pipeline | step 36650 | loss_grouped_ce=0.3978 lr=0.000299171
2026-08-05 17:04:40 INFO  scripts.training.teacher_finetune.training_pipeline | step 36700 | loss_grouped_ce=0.1117 lr=0.000299167
2026-08-05 17:05:00 INFO  scripts.training.teacher_finetune.training_pipeline | step 36750 | loss_grouped_ce=0.2189 lr=0.000299162
2026-08-05 17:05:23 INFO  scripts.training.teacher_finetune.training_pipeline | step 36800 | loss_grouped_ce=0.2935 lr=0.000299158
2026-08-05 17:05:43 INFO  scripts.training.teacher_finetune.training_pipeline | step 36850 | loss_grouped_ce=0.3645 lr=0.000299154
2026-08-05 17:06:04 INFO  scripts.training.teacher_finetune.training_pipeline | step 36900 | loss_grouped_ce=0.0428 lr=0.000299149
2026-08-05 17:06:26 INFO  scripts.training.teacher_finetune.training_pipeline | step 36950 | loss_grouped_ce=0.4783 lr=0.000299145
2026-08-05 17:06:48 INFO  scripts.training.teacher_finetune.training_pipeline | step 37000 | loss_grouped_ce=0.3261 lr=0.00029914
2026-08-05 17:07:10 INFO  scripts.training.teacher_finetune.training_pipeline | step 37050 | loss_grouped_ce=0.2216 lr=0.000299136
2026-08-05 17:07:32 INFO  scripts.training.teacher_finetune.training_pipeline | step 37100 | loss_grouped_ce=0.7977 lr=0.000299131
2026-08-05 17:07:50 INFO  scripts.training.teacher_finetune.training_pipeline | step 37150 | loss_grouped_ce=0.4943 lr=0.000299127
2026-08-05 17:08:17 INFO  scripts.training.teacher_finetune.training_pipeline | step 37200 | loss_grouped_ce=0.3381 lr=0.000299123
2026-08-05 17:08:38 INFO  scripts.training.teacher_finetune.training_pipeline | step 37250 | loss_grouped_ce=0.3628 lr=0.000299118
2026-08-05 17:09:05 INFO  scripts.training.teacher_finetune.training_pipeline | step 37300 | loss_grouped_ce=0.6057 lr=0.000299114
2026-08-05 17:09:31 INFO  scripts.training.teacher_finetune.training_pipeline | step 37350 | loss_grouped_ce=0.6794 lr=0.000299109
2026-08-05 17:09:55 INFO  scripts.training.teacher_finetune.training_pipeline | step 37400 | loss_grouped_ce=0.4918 lr=0.000299105
2026-08-05 17:10:18 INFO  scripts.training.teacher_finetune.training_pipeline | step 37450 | loss_grouped_ce=0.4976 lr=0.0002991
2026-08-05 17:10:41 INFO  scripts.training.teacher_finetune.training_pipeline | step 37500 | loss_grouped_ce=1.5570 lr=0.000299095
2026-08-05 17:11:04 INFO  scripts.training.teacher_finetune.training_pipeline | step 37550 | loss_grouped_ce=0.2937 lr=0.000299091
2026-08-05 17:11:33 INFO  scripts.training.teacher_finetune.training_pipeline | step 37600 | loss_grouped_ce=0.5366 lr=0.000299086
2026-08-05 17:12:00 INFO  scripts.training.teacher_finetune.training_pipeline | step 37650 | loss_grouped_ce=0.6991 lr=0.000299082
2026-08-05 17:12:19 INFO  scripts.training.teacher_finetune.training_pipeline | step 37700 | loss_grouped_ce=0.1888 lr=0.000299077
2026-08-05 17:12:45 INFO  scripts.training.teacher_finetune.training_pipeline | step 37750 | loss_grouped_ce=0.4289 lr=0.000299073
2026-08-05 17:13:05 INFO  scripts.training.teacher_finetune.training_pipeline | step 37800 | loss_grouped_ce=0.3092 lr=0.000299068
2026-08-05 17:13:24 INFO  scripts.training.teacher_finetune.training_pipeline | step 37850 | loss_grouped_ce=0.5110 lr=0.000299063
2026-08-05 17:13:49 INFO  scripts.training.teacher_finetune.training_pipeline | step 37900 | loss_grouped_ce=0.2368 lr=0.000299059
2026-08-05 17:14:09 INFO  scripts.training.teacher_finetune.training_pipeline | step 37950 | loss_grouped_ce=0.5137 lr=0.000299054
2026-08-05 17:14:34 INFO  scripts.training.teacher_finetune.training_pipeline | step 38000 | loss_grouped_ce=0.5618 lr=0.00029905
2026-08-05 17:15:02 INFO  scripts.training.teacher_finetune.training_pipeline | step 38050 | loss_grouped_ce=0.4081 lr=0.000299045
2026-08-05 17:15:29 INFO  scripts.training.teacher_finetune.training_pipeline | step 38100 | loss_grouped_ce=0.4279 lr=0.00029904
2026-08-05 17:15:55 INFO  scripts.training.teacher_finetune.training_pipeline | step 38150 | loss_grouped_ce=0.6045 lr=0.000299036
2026-08-05 17:16:16 INFO  scripts.training.teacher_finetune.training_pipeline | step 38200 | loss_grouped_ce=0.3223 lr=0.000299031
2026-08-05 17:16:33 INFO  scripts.training.teacher_finetune.training_pipeline | step 38250 | loss_grouped_ce=0.1733 lr=0.000299026
2026-08-05 17:16:52 INFO  scripts.training.teacher_finetune.training_pipeline | step 38300 | loss_grouped_ce=0.3354 lr=0.000299021
2026-08-05 17:17:12 INFO  scripts.training.teacher_finetune.training_pipeline | step 38350 | loss_grouped_ce=0.3469 lr=0.000299017
2026-08-05 17:17:38 INFO  scripts.training.teacher_finetune.training_pipeline | step 38400 | loss_grouped_ce=0.3271 lr=0.000299012
2026-08-05 17:18:00 INFO  scripts.training.teacher_finetune.training_pipeline | step 38450 | loss_grouped_ce=0.1419 lr=0.000299007
2026-08-05 17:18:19 INFO  scripts.training.teacher_finetune.training_pipeline | step 38500 | loss_grouped_ce=0.1436 lr=0.000299002
2026-08-05 17:18:46 INFO  scripts.training.teacher_finetune.training_pipeline | step 38550 | loss_grouped_ce=0.2418 lr=0.000298998
2026-08-05 17:19:14 INFO  scripts.training.teacher_finetune.training_pipeline | step 38600 | loss_grouped_ce=0.3735 lr=0.000298993
2026-08-05 17:19:35 INFO  scripts.training.teacher_finetune.training_pipeline | step 38650 | loss_grouped_ce=0.5378 lr=0.000298988
2026-08-05 17:20:01 INFO  scripts.training.teacher_finetune.training_pipeline | step 38700 | loss_grouped_ce=0.2281 lr=0.000298983
2026-08-05 17:20:19 INFO  scripts.training.teacher_finetune.training_pipeline | step 38750 | loss_grouped_ce=0.1565 lr=0.000298978
2026-08-05 17:20:40 INFO  scripts.training.teacher_finetune.training_pipeline | step 38800 | loss_grouped_ce=0.3632 lr=0.000298974
2026-08-05 17:21:08 INFO  scripts.training.teacher_finetune.training_pipeline | step 38850 | loss_grouped_ce=0.1150 lr=0.000298969
2026-08-05 17:21:33 INFO  scripts.training.teacher_finetune.training_pipeline | step 38900 | loss_grouped_ce=0.0943 lr=0.000298964
2026-08-05 17:22:00 INFO  scripts.training.teacher_finetune.training_pipeline | step 38950 | loss_grouped_ce=0.4648 lr=0.000298959
2026-08-05 17:22:26 INFO  scripts.training.teacher_finetune.training_pipeline | step 39000 | loss_grouped_ce=0.3338 lr=0.000298954
2026-08-05 17:22:52 INFO  scripts.training.teacher_finetune.training_pipeline | step 39050 | loss_grouped_ce=0.9031 lr=0.000298949
2026-08-05 17:23:11 INFO  scripts.training.teacher_finetune.training_pipeline | step 39100 | loss_grouped_ce=0.4911 lr=0.000298944
2026-08-05 17:23:32 INFO  scripts.training.teacher_finetune.training_pipeline | step 39150 | loss_grouped_ce=0.4265 lr=0.000298939
2026-08-05 17:23:56 INFO  scripts.training.teacher_finetune.training_pipeline | step 39200 | loss_grouped_ce=0.7037 lr=0.000298935
2026-08-05 17:24:14 INFO  scripts.training.teacher_finetune.training_pipeline | step 39250 | loss_grouped_ce=0.4388 lr=0.00029893
2026-08-05 17:24:38 INFO  scripts.training.teacher_finetune.training_pipeline | step 39300 | loss_grouped_ce=0.3884 lr=0.000298925
2026-08-05 17:25:03 INFO  scripts.training.teacher_finetune.training_pipeline | step 39350 | loss_grouped_ce=1.0510 lr=0.00029892
2026-08-05 17:25:25 INFO  scripts.training.teacher_finetune.training_pipeline | step 39400 | loss_grouped_ce=0.4447 lr=0.000298915
2026-08-05 17:25:47 INFO  scripts.training.teacher_finetune.training_pipeline | step 39450 | loss_grouped_ce=0.4572 lr=0.00029891
2026-08-05 17:26:07 INFO  scripts.training.teacher_finetune.training_pipeline | step 39500 | loss_grouped_ce=0.2111 lr=0.000298905
2026-08-05 17:26:29 INFO  scripts.training.teacher_finetune.training_pipeline | step 39550 | loss_grouped_ce=0.2223 lr=0.0002989
2026-08-05 17:26:47 INFO  scripts.training.teacher_finetune.training_pipeline | step 39600 | loss_grouped_ce=1.7979 lr=0.000298895
2026-08-05 17:27:09 INFO  scripts.training.teacher_finetune.training_pipeline | step 39650 | loss_grouped_ce=0.5183 lr=0.00029889
2026-08-05 17:27:27 INFO  scripts.training.teacher_finetune.training_pipeline | step 39700 | loss_grouped_ce=0.3453 lr=0.000298885
2026-08-05 17:27:52 INFO  scripts.training.teacher_finetune.training_pipeline | step 39750 | loss_grouped_ce=0.2104 lr=0.00029888
2026-08-05 17:28:09 INFO  scripts.training.teacher_finetune.training_pipeline | step 39800 | loss_grouped_ce=0.3454 lr=0.000298875
2026-08-05 17:28:35 INFO  scripts.training.teacher_finetune.training_pipeline | step 39850 | loss_grouped_ce=0.2224 lr=0.00029887
2026-08-05 17:29:02 INFO  scripts.training.teacher_finetune.training_pipeline | step 39900 | loss_grouped_ce=0.1844 lr=0.000298865
2026-08-05 17:29:25 INFO  scripts.training.teacher_finetune.training_pipeline | step 39950 | loss_grouped_ce=0.3719 lr=0.000298859
2026-08-05 17:29:52 INFO  scripts.training.teacher_finetune.training_pipeline | step 40000 | loss_grouped_ce=0.3464 lr=0.000298854
2026-08-05 17:30:18 INFO  scripts.training.teacher_finetune.training_pipeline | step 40050 | loss_grouped_ce=0.3283 lr=0.000298849
2026-08-05 17:30:43 INFO  scripts.training.teacher_finetune.training_pipeline | step 40100 | loss_grouped_ce=0.2010 lr=0.000298844
2026-08-05 17:31:04 INFO  scripts.training.teacher_finetune.training_pipeline | step 40150 | loss_grouped_ce=0.3449 lr=0.000298839
2026-08-05 17:31:25 INFO  scripts.training.teacher_finetune.training_pipeline | step 40200 | loss_grouped_ce=0.4120 lr=0.000298834
2026-08-05 17:31:42 INFO  scripts.training.teacher_finetune.training_pipeline | step 40250 | loss_grouped_ce=0.4352 lr=0.000298829
2026-08-05 17:32:00 INFO  scripts.training.teacher_finetune.training_pipeline | step 40300 | loss_grouped_ce=0.2641 lr=0.000298823
2026-08-05 17:32:19 INFO  scripts.training.teacher_finetune.training_pipeline | step 40350 | loss_grouped_ce=0.5743 lr=0.000298818
2026-08-05 17:32:43 INFO  scripts.training.teacher_finetune.training_pipeline | step 40400 | loss_grouped_ce=0.2649 lr=0.000298813
2026-08-05 17:33:06 INFO  scripts.training.teacher_finetune.training_pipeline | step 40450 | loss_grouped_ce=0.1377 lr=0.000298808
2026-08-05 17:33:33 INFO  scripts.training.teacher_finetune.training_pipeline | step 40500 | loss_grouped_ce=0.1685 lr=0.000298803
2026-08-05 17:33:54 INFO  scripts.training.teacher_finetune.training_pipeline | step 40550 | loss_grouped_ce=0.1700 lr=0.000298797
2026-08-05 17:34:15 INFO  scripts.training.teacher_finetune.training_pipeline | step 40600 | loss_grouped_ce=0.5827 lr=0.000298792
2026-08-05 17:34:42 INFO  scripts.training.teacher_finetune.training_pipeline | step 40650 | loss_grouped_ce=0.3704 lr=0.000298787
2026-08-05 17:35:03 INFO  scripts.training.teacher_finetune.training_pipeline | step 40700 | loss_grouped_ce=0.3143 lr=0.000298782
2026-08-05 17:35:21 INFO  scripts.training.teacher_finetune.training_pipeline | step 40750 | loss_grouped_ce=0.4504 lr=0.000298776
2026-08-05 17:35:49 INFO  scripts.training.teacher_finetune.training_pipeline | step 40800 | loss_grouped_ce=0.3463 lr=0.000298771
2026-08-05 17:36:15 INFO  scripts.training.teacher_finetune.training_pipeline | step 40850 | loss_grouped_ce=1.7159 lr=0.000298766
2026-08-05 17:36:38 INFO  scripts.training.teacher_finetune.training_pipeline | step 40900 | loss_grouped_ce=0.2377 lr=0.000298761
2026-08-05 17:36:56 INFO  scripts.training.teacher_finetune.training_pipeline | step 40950 | loss_grouped_ce=0.1676 lr=0.000298755
2026-08-05 17:37:21 INFO  scripts.training.teacher_finetune.training_pipeline | step 41000 | loss_grouped_ce=0.4717 lr=0.00029875
2026-08-05 17:37:38 INFO  scripts.training.teacher_finetune.training_pipeline | step 41050 | loss_grouped_ce=0.2448 lr=0.000298745
2026-08-05 17:37:40 INFO  scripts.training.teacher_finetune.training_pipeline | epoch 7/100 — train done in 2653.4s | avg loss_grouped_ce=nan
2026-08-05 17:37:40 INFO  scripts.training.teacher_finetune.evaluate | evaluating on 617 batches
2026-08-05 17:43:12 INFO  scripts.training.teacher_finetune.training_pipeline | epoch 7/100 — val accuracy_top1=0.7814 f1_macro=0.7609 f1_micro=0.7814 (selection f1_macro=0.7609)
2026-08-05 17:43:13 INFO  scripts.training.teacher_finetune.evaluate | mlflow: logged val/accuracy_top1=0.7814 val/f1_macro=0.7609 val/f1_micro=0.7814 (step=6, n=19732)
2026-08-05 17:43:13 INFO  scripts.training.teacher_finetune.evaluate | mlflow: logged val per-source accuracy table (6 sources)
2026-08-05 17:43:15 INFO  scripts.training.teacher_finetune.training_pipeline | saved checkpoint: /app/scripts/training/teacher_finetune/model_exports/teacher-finetune-20260805-113610/last.pt
2026-08-05 17:43:15 INFO  scripts.training.teacher_finetune.training_pipeline | epoch 7/100 done — next lr=0.000298744, epochs_since_improve=3/15
2026-08-05 17:43:15 INFO  scripts.training.teacher_finetune.training_pipeline | epoch 8/100 — train start (lr=0.000298744, batches=5865)
2026-08-05 17:43:39 INFO  scripts.training.teacher_finetune.training_pipeline | step 41100 | loss_grouped_ce=0.4249 lr=0.000298739
2026-08-05 17:44:05 INFO  scripts.training.teacher_finetune.training_pipeline | step 41150 | loss_grouped_ce=0.3489 lr=0.000298734
2026-08-05 17:44:22 INFO  scripts.training.teacher_finetune.training_pipeline | step 41200 | loss_grouped_ce=0.2122 lr=0.000298729
2026-08-05 17:44:45 INFO  scripts.training.teacher_finetune.training_pipeline | step 41250 | loss_grouped_ce=0.0642 lr=0.000298723
2026-08-05 17:45:13 INFO  scripts.training.teacher_finetune.training_pipeline | step 41300 | loss_grouped_ce=0.2762 lr=0.000298718
2026-08-05 17:45:41 INFO  scripts.training.teacher_finetune.training_pipeline | step 41350 | loss_grouped_ce=0.6053 lr=0.000298712
2026-08-05 17:45:58 INFO  scripts.training.teacher_finetune.training_pipeline | step 41400 | loss_grouped_ce=0.1691 lr=0.000298707
2026-08-05 17:46:18 INFO  scripts.training.teacher_finetune.training_pipeline | step 41450 | loss_grouped_ce=0.0686 lr=0.000298701
2026-08-05 17:46:46 INFO  scripts.training.teacher_finetune.training_pipeline | step 41500 | loss_grouped_ce=0.2735 lr=0.000298696
2026-08-05 17:47:04 INFO  scripts.training.teacher_finetune.training_pipeline | step 41550 | loss_grouped_ce=0.3246 lr=0.000298691
2026-08-05 17:47:31 INFO  scripts.training.teacher_finetune.training_pipeline | step 41600 | loss_grouped_ce=0.9258 lr=0.000298685
2026-08-05 17:47:56 INFO  scripts.training.teacher_finetune.training_pipeline | step 41650 | loss_grouped_ce=0.3379 lr=0.00029868
2026-08-05 17:48:20 INFO  scripts.training.teacher_finetune.training_pipeline | step 41700 | loss_grouped_ce=0.1783 lr=0.000298674
2026-08-05 17:48:45 INFO  scripts.training.teacher_finetune.training_pipeline | step 41750 | loss_grouped_ce=0.2855 lr=0.000298669
2026-08-05 17:49:08 INFO  scripts.training.teacher_finetune.training_pipeline | step 41800 | loss_grouped_ce=0.1952 lr=0.000298663
2026-08-05 17:49:26 INFO  scripts.training.teacher_finetune.training_pipeline | step 41850 | loss_grouped_ce=0.2230 lr=0.000298658
2026-08-05 17:49:51 INFO  scripts.training.teacher_finetune.training_pipeline | step 41900 | loss_grouped_ce=0.5654 lr=0.000298652
2026-08-05 17:50:16 INFO  scripts.training.teacher_finetune.training_pipeline | step 41950 | loss_grouped_ce=0.3674 lr=0.000298647
2026-08-05 17:50:33 INFO  scripts.training.teacher_finetune.training_pipeline | step 42000 | loss_grouped_ce=0.5458 lr=0.000298641
2026-08-05 17:50:54 INFO  scripts.training.teacher_finetune.training_pipeline | step 42050 | loss_grouped_ce=0.1935 lr=0.000298635
2026-08-05 17:51:17 INFO  scripts.training.teacher_finetune.training_pipeline | step 42100 | loss_grouped_ce=0.4713 lr=0.00029863
2026-08-05 17:51:41 INFO  scripts.training.teacher_finetune.training_pipeline | step 42150 | loss_grouped_ce=0.4929 lr=0.000298624
2026-08-05 17:52:06 INFO  scripts.training.teacher_finetune.training_pipeline | step 42200 | loss_grouped_ce=0.4175 lr=0.000298619
2026-08-05 17:52:26 INFO  scripts.training.teacher_finetune.training_pipeline | step 42250 | loss_grouped_ce=0.5049 lr=0.000298613
2026-08-05 17:52:49 INFO  scripts.training.teacher_finetune.training_pipeline | step 42300 | loss_grouped_ce=0.2499 lr=0.000298607
2026-08-05 17:53:07 INFO  scripts.training.teacher_finetune.training_pipeline | step 42350 | loss_grouped_ce=0.5565 lr=0.000298602
2026-08-05 17:53:29 INFO  scripts.training.teacher_finetune.training_pipeline | step 42400 | loss_grouped_ce=0.1067 lr=0.000298596
2026-08-05 17:53:55 INFO  scripts.training.teacher_finetune.training_pipeline | step 42450 | loss_grouped_ce=0.0694 lr=0.000298591
2026-08-05 17:54:16 INFO  scripts.training.teacher_finetune.training_pipeline | step 42500 | loss_grouped_ce=0.1883 lr=0.000298585
2026-08-05 17:54:35 INFO  scripts.training.teacher_finetune.training_pipeline | step 42550 | loss_grouped_ce=0.4550 lr=0.000298579
2026-08-05 17:54:58 INFO  scripts.training.teacher_finetune.training_pipeline | step 42600 | loss_grouped_ce=0.3292 lr=0.000298573
2026-08-05 17:55:24 INFO  scripts.training.teacher_finetune.training_pipeline | step 42650 | loss_grouped_ce=0.3274 lr=0.000298568
2026-08-05 17:55:41 INFO  scripts.training.teacher_finetune.training_pipeline | step 42700 | loss_grouped_ce=0.0099 lr=0.000298562
2026-08-05 17:56:00 INFO  scripts.training.teacher_finetune.training_pipeline | step 42750 | loss_grouped_ce=0.1346 lr=0.000298556
2026-08-05 17:56:20 INFO  scripts.training.teacher_finetune.training_pipeline | step 42800 | loss_grouped_ce=0.1507 lr=0.000298551
2026-08-05 17:56:46 INFO  scripts.training.teacher_finetune.training_pipeline | step 42850 | loss_grouped_ce=0.2192 lr=0.000298545
2026-08-05 17:57:10 INFO  scripts.training.teacher_finetune.training_pipeline | step 42900 | loss_grouped_ce=0.2730 lr=0.000298539
2026-08-05 17:57:36 INFO  scripts.training.teacher_finetune.training_pipeline | step 42950 | loss_grouped_ce=1.2704 lr=0.000298533
2026-08-05 17:57:53 INFO  scripts.training.teacher_finetune.training_pipeline | step 43000 | loss_grouped_ce=1.0174 lr=0.000298528
2026-08-05 17:58:11 INFO  scripts.training.teacher_finetune.training_pipeline | step 43050 | loss_grouped_ce=1.2650 lr=0.000298522
2026-08-05 17:58:38 INFO  scripts.training.teacher_finetune.training_pipeline | step 43100 | loss_grouped_ce=0.3074 lr=0.000298516
2026-08-05 17:59:01 INFO  scripts.training.teacher_finetune.training_pipeline | step 43150 | loss_grouped_ce=0.2716 lr=0.00029851
2026-08-05 17:59:23 INFO  scripts.training.teacher_finetune.training_pipeline | step 43200 | loss_grouped_ce=0.3199 lr=0.000298504
2026-08-05 17:59:43 INFO  scripts.training.teacher_finetune.training_pipeline | step 43250 | loss_grouped_ce=0.5586 lr=0.000298498
2026-08-05 18:00:04 INFO  scripts.training.teacher_finetune.training_pipeline | step 43300 | loss_grouped_ce=0.1033 lr=0.000298493
2026-08-05 18:00:21 INFO  scripts.training.teacher_finetune.training_pipeline | step 43350 | loss_grouped_ce=0.6246 lr=0.000298487
2026-08-05 18:00:47 INFO  scripts.training.teacher_finetune.training_pipeline | step 43400 | loss_grouped_ce=0.1321 lr=0.000298481
2026-08-05 18:01:10 INFO  scripts.training.teacher_finetune.training_pipeline | step 43450 | loss_grouped_ce=0.4796 lr=0.000298475
2026-08-05 18:01:27 INFO  scripts.training.teacher_finetune.training_pipeline | step 43500 | loss_grouped_ce=0.2762 lr=0.000298469
2026-08-05 18:01:53 INFO  scripts.training.teacher_finetune.training_pipeline | step 43550 | loss_grouped_ce=0.1250 lr=0.000298463
2026-08-05 18:02:17 INFO  scripts.training.teacher_finetune.training_pipeline | step 43600 | loss_grouped_ce=0.4636 lr=0.000298457
2026-08-05 18:02:37 INFO  scripts.training.teacher_finetune.training_pipeline | step 43650 | loss_grouped_ce=0.2119 lr=0.000298451
2026-08-05 18:02:59 INFO  scripts.training.teacher_finetune.training_pipeline | step 43700 | loss_grouped_ce=0.5941 lr=0.000298445
2026-08-05 18:03:23 INFO  scripts.training.teacher_finetune.training_pipeline | step 43750 | loss_grouped_ce=0.3631 lr=0.000298439
2026-08-05 18:03:50 INFO  scripts.training.teacher_finetune.training_pipeline | step 43800 | loss_grouped_ce=0.5329 lr=0.000298434
2026-08-05 18:04:12 INFO  scripts.training.teacher_finetune.training_pipeline | step 43850 | loss_grouped_ce=0.2607 lr=0.000298428
2026-08-05 18:04:36 INFO  scripts.training.teacher_finetune.training_pipeline | step 43900 | loss_grouped_ce=0.1109 lr=0.000298422
2026-08-05 18:04:53 INFO  scripts.training.teacher_finetune.training_pipeline | step 43950 | loss_grouped_ce=0.3525 lr=0.000298416
2026-08-05 18:05:21 INFO  scripts.training.teacher_finetune.training_pipeline | step 44000 | loss_grouped_ce=0.1363 lr=0.00029841
2026-08-05 18:05:49 INFO  scripts.training.teacher_finetune.training_pipeline | step 44050 | loss_grouped_ce=0.2652 lr=0.000298404
2026-08-05 18:06:16 INFO  scripts.training.teacher_finetune.training_pipeline | step 44100 | loss_grouped_ce=0.1940 lr=0.000298398
2026-08-05 18:06:42 INFO  scripts.training.teacher_finetune.training_pipeline | step 44150 | loss_grouped_ce=0.2565 lr=0.000298391
2026-08-05 18:07:02 INFO  scripts.training.teacher_finetune.training_pipeline | step 44200 | loss_grouped_ce=0.3731 lr=0.000298385
2026-08-05 18:07:20 INFO  scripts.training.teacher_finetune.training_pipeline | step 44250 | loss_grouped_ce=0.3617 lr=0.000298379
2026-08-05 18:07:42 INFO  scripts.training.teacher_finetune.training_pipeline | step 44300 | loss_grouped_ce=0.4229 lr=0.000298373
2026-08-05 18:08:09 INFO  scripts.training.teacher_finetune.training_pipeline | step 44350 | loss_grouped_ce=0.4409 lr=0.000298367
2026-08-05 18:08:35 INFO  scripts.training.teacher_finetune.training_pipeline | step 44400 | loss_grouped_ce=0.2441 lr=0.000298361
2026-08-05 18:09:02 INFO  scripts.training.teacher_finetune.training_pipeline | step 44450 | loss_grouped_ce=0.2952 lr=0.000298355
2026-08-05 18:09:21 INFO  scripts.training.teacher_finetune.training_pipeline | step 44500 | loss_grouped_ce=0.3009 lr=0.000298349
2026-08-05 18:09:48 INFO  scripts.training.teacher_finetune.training_pipeline | step 44550 | loss_grouped_ce=0.2081 lr=0.000298343
2026-08-05 18:10:10 INFO  scripts.training.teacher_finetune.training_pipeline | step 44600 | loss_grouped_ce=0.4695 lr=0.000298337
2026-08-05 18:10:31 INFO  scripts.training.teacher_finetune.training_pipeline | step 44650 | loss_grouped_ce=0.1571 lr=0.00029833
2026-08-05 18:10:55 INFO  scripts.training.teacher_finetune.training_pipeline | step 44700 | loss_grouped_ce=0.3856 lr=0.000298324
2026-08-05 18:11:17 INFO  scripts.training.teacher_finetune.training_pipeline | step 44750 | loss_grouped_ce=0.3269 lr=0.000298318
2026-08-05 18:11:37 INFO  scripts.training.teacher_finetune.training_pipeline | step 44800 | loss_grouped_ce=0.2613 lr=0.000298312
2026-08-05 18:12:01 INFO  scripts.training.teacher_finetune.training_pipeline | step 44850 | loss_grouped_ce=0.4285 lr=0.000298306
2026-08-05 18:12:28 INFO  scripts.training.teacher_finetune.training_pipeline | step 44900 | loss_grouped_ce=0.3188 lr=0.0002983
2026-08-05 18:12:55 INFO  scripts.training.teacher_finetune.training_pipeline | step 44950 | loss_grouped_ce=0.1842 lr=0.000298293
2026-08-05 18:13:18 INFO  scripts.training.teacher_finetune.training_pipeline | step 45000 | loss_grouped_ce=0.2224 lr=0.000298287
2026-08-05 18:13:38 INFO  scripts.training.teacher_finetune.training_pipeline | step 45050 | loss_grouped_ce=0.5665 lr=0.000298281
2026-08-05 18:14:04 INFO  scripts.training.teacher_finetune.training_pipeline | step 45100 | loss_grouped_ce=0.2424 lr=0.000298275
2026-08-05 18:14:24 INFO  scripts.training.teacher_finetune.training_pipeline | step 45150 | loss_grouped_ce=0.4404 lr=0.000298268
2026-08-05 18:14:47 INFO  scripts.training.teacher_finetune.training_pipeline | step 45200 | loss_grouped_ce=0.2163 lr=0.000298262
2026-08-05 18:15:08 INFO  scripts.training.teacher_finetune.training_pipeline | step 45250 | loss_grouped_ce=0.4393 lr=0.000298256
2026-08-05 18:15:29 INFO  scripts.training.teacher_finetune.training_pipeline | step 45300 | loss_grouped_ce=0.1382 lr=0.000298249
2026-08-05 18:15:53 INFO  scripts.training.teacher_finetune.training_pipeline | step 45350 | loss_grouped_ce=0.5176 lr=0.000298243
2026-08-05 18:16:15 INFO  scripts.training.teacher_finetune.training_pipeline | step 45400 | loss_grouped_ce=0.1998 lr=0.000298237
2026-08-05 18:16:39 INFO  scripts.training.teacher_finetune.training_pipeline | step 45450 | loss_grouped_ce=0.3311 lr=0.00029823
2026-08-05 18:16:57 INFO  scripts.training.teacher_finetune.training_pipeline | step 45500 | loss_grouped_ce=0.1835 lr=0.000298224
2026-08-05 18:17:14 INFO  scripts.training.teacher_finetune.training_pipeline | step 45550 | loss_grouped_ce=0.2419 lr=0.000298218
2026-08-05 18:17:39 INFO  scripts.training.teacher_finetune.training_pipeline | step 45600 | loss_grouped_ce=0.3049 lr=0.000298211
2026-08-05 18:18:04 INFO  scripts.training.teacher_finetune.training_pipeline | step 45650 | loss_grouped_ce=0.2268 lr=0.000298205
2026-08-05 18:18:26 INFO  scripts.training.teacher_finetune.training_pipeline | step 45700 | loss_grouped_ce=0.2637 lr=0.000298199
2026-08-05 18:18:55 INFO  scripts.training.teacher_finetune.training_pipeline | step 45750 | loss_grouped_ce=0.4764 lr=0.000298192
2026-08-05 18:19:22 INFO  scripts.training.teacher_finetune.training_pipeline | step 45800 | loss_grouped_ce=0.8754 lr=0.000298186
2026-08-05 18:19:44 INFO  scripts.training.teacher_finetune.training_pipeline | step 45850 | loss_grouped_ce=0.7319 lr=0.000298179
2026-08-05 18:20:11 INFO  scripts.training.teacher_finetune.training_pipeline | step 45900 | loss_grouped_ce=0.4630 lr=0.000298173
2026-08-05 18:20:36 INFO  scripts.training.teacher_finetune.training_pipeline | step 45950 | loss_grouped_ce=0.5308 lr=0.000298167
2026-08-05 18:21:01 INFO  scripts.training.teacher_finetune.training_pipeline | step 46000 | loss_grouped_ce=0.4669 lr=0.00029816
2026-08-05 18:21:24 INFO  scripts.training.teacher_finetune.training_pipeline | step 46050 | loss_grouped_ce=0.4355 lr=0.000298154
2026-08-05 18:21:43 INFO  scripts.training.teacher_finetune.training_pipeline | step 46100 | loss_grouped_ce=0.5167 lr=0.000298147
2026-08-05 18:22:09 INFO  scripts.training.teacher_finetune.training_pipeline | step 46150 | loss_grouped_ce=0.5024 lr=0.000298141
2026-08-05 18:22:32 INFO  scripts.training.teacher_finetune.training_pipeline | step 46200 | loss_grouped_ce=0.1549 lr=0.000298134
2026-08-05 18:22:57 INFO  scripts.training.teacher_finetune.training_pipeline | step 46250 | loss_grouped_ce=0.3509 lr=0.000298128
2026-08-05 18:23:22 INFO  scripts.training.teacher_finetune.training_pipeline | step 46300 | loss_grouped_ce=0.3837 lr=0.000298121
2026-08-05 18:23:45 INFO  scripts.training.teacher_finetune.training_pipeline | step 46350 | loss_grouped_ce=1.2057 lr=0.000298115
2026-08-05 18:24:02 INFO  scripts.training.teacher_finetune.training_pipeline | step 46400 | loss_grouped_ce=0.7145 lr=0.000298108
2026-08-05 18:24:27 INFO  scripts.training.teacher_finetune.training_pipeline | step 46450 | loss_grouped_ce=0.6498 lr=0.000298101
2026-08-05 18:24:45 INFO  scripts.training.teacher_finetune.training_pipeline | step 46500 | loss_grouped_ce=0.1847 lr=0.000298095
2026-08-05 18:25:07 INFO  scripts.training.teacher_finetune.training_pipeline | step 46550 | loss_grouped_ce=0.0914 lr=0.000298088
2026-08-05 18:25:32 INFO  scripts.training.teacher_finetune.training_pipeline | step 46600 | loss_grouped_ce=0.6332 lr=0.000298082
2026-08-05 18:25:53 INFO  scripts.training.teacher_finetune.training_pipeline | step 46650 | loss_grouped_ce=0.3417 lr=0.000298075
2026-08-05 18:26:11 INFO  scripts.training.teacher_finetune.training_pipeline | step 46700 | loss_grouped_ce=0.3385 lr=0.000298068
2026-08-05 18:26:28 INFO  scripts.training.teacher_finetune.training_pipeline | step 46750 | loss_grouped_ce=0.6282 lr=0.000298062
2026-08-05 18:26:45 INFO  scripts.training.teacher_finetune.training_pipeline | step 46800 | loss_grouped_ce=0.4897 lr=0.000298055
2026-08-05 18:27:03 INFO  scripts.training.teacher_finetune.training_pipeline | step 46850 | loss_grouped_ce=0.2121 lr=0.000298049
2026-08-05 18:27:20 INFO  scripts.training.teacher_finetune.training_pipeline | step 46900 | loss_grouped_ce=0.3674 lr=0.000298042
2026-08-05 18:27:27 INFO  scripts.training.teacher_finetune.training_pipeline | epoch 8/100 — train done in 2651.5s | avg loss_grouped_ce=0.3706
2026-08-05 18:27:27 INFO  scripts.training.teacher_finetune.evaluate | evaluating on 617 batches
2026-08-05 18:32:41 INFO  scripts.training.teacher_finetune.training_pipeline | epoch 8/100 — val accuracy_top1=0.7802 f1_macro=0.7605 f1_micro=0.7802 (selection f1_macro=0.7605)
2026-08-05 18:32:42 INFO  scripts.training.teacher_finetune.evaluate | mlflow: logged val/accuracy_top1=0.7802 val/f1_macro=0.7605 val/f1_micro=0.7802 (step=7, n=19732)
2026-08-05 18:32:42 INFO  scripts.training.teacher_finetune.evaluate | mlflow: logged val per-source accuracy table (6 sources)
2026-08-05 18:32:44 INFO  scripts.training.teacher_finetune.training_pipeline | saved checkpoint: /app/scripts/training/teacher_finetune/model_exports/teacher-finetune-20260805-113610/last.pt
2026-08-05 18:32:44 INFO  scripts.training.teacher_finetune.training_pipeline | epoch 8/100 done — next lr=0.000298039, epochs_since_improve=4/15
2026-08-05 18:32:44 INFO  scripts.training.teacher_finetune.training_pipeline | epoch 9/100 — train start (lr=0.000298039, batches=5865)
2026-08-05 18:32:59 INFO  scripts.training.teacher_finetune.training_pipeline | step 46950 | loss_grouped_ce=0.3019 lr=0.000298035
2026-08-05 18:33:25 INFO  scripts.training.teacher_finetune.training_pipeline | step 47000 | loss_grouped_ce=0.3191 lr=0.000298029
2026-08-05 18:33:47 INFO  scripts.training.teacher_finetune.training_pipeline | step 47050 | loss_grouped_ce=0.1496 lr=0.000298022
2026-08-05 18:34:13 INFO  scripts.training.teacher_finetune.training_pipeline | step 47100 | loss_grouped_ce=0.4656 lr=0.000298015
2026-08-05 18:34:39 INFO  scripts.training.teacher_finetune.training_pipeline | step 47150 | loss_grouped_ce=0.2081 lr=0.000298008
2026-08-05 18:34:58 INFO  scripts.training.teacher_finetune.training_pipeline | step 47200 | loss_grouped_ce=0.3909 lr=0.000298002
2026-08-05 18:35:17 INFO  scripts.training.teacher_finetune.training_pipeline | step 47250 | loss_grouped_ce=0.5051 lr=0.000297995
2026-08-05 18:35:45 INFO  scripts.training.teacher_finetune.training_pipeline | step 47300 | loss_grouped_ce=0.2078 lr=0.000297988
2026-08-05 18:36:13 INFO  scripts.training.teacher_finetune.training_pipeline | step 47350 | loss_grouped_ce=0.2513 lr=0.000297981
2026-08-05 18:36:39 INFO  scripts.training.teacher_finetune.training_pipeline | step 47400 | loss_grouped_ce=0.3931 lr=0.000297975
2026-08-05 18:37:05 INFO  scripts.training.teacher_finetune.training_pipeline | step 47450 | loss_grouped_ce=0.4927 lr=0.000297968
2026-08-05 18:37:22 INFO  scripts.training.teacher_finetune.training_pipeline | step 47500 | loss_grouped_ce=0.3957 lr=0.000297961
2026-08-05 18:37:44 INFO  scripts.training.teacher_finetune.training_pipeline | step 47550 | loss_grouped_ce=0.2993 lr=0.000297954
2026-08-05 18:38:10 INFO  scripts.training.teacher_finetune.training_pipeline | step 47600 | loss_grouped_ce=0.4147 lr=0.000297947
2026-08-05 18:38:33 INFO  scripts.training.teacher_finetune.training_pipeline | step 47650 | loss_grouped_ce=0.1759 lr=0.000297941
2026-08-05 18:38:55 INFO  scripts.training.teacher_finetune.training_pipeline | step 47700 | loss_grouped_ce=0.0707 lr=0.000297934
2026-08-05 18:39:12 INFO  scripts.training.teacher_finetune.training_pipeline | step 47750 | loss_grouped_ce=0.1079 lr=0.000297927
2026-08-05 18:39:29 INFO  scripts.training.teacher_finetune.training_pipeline | step 47800 | loss_grouped_ce=0.5569 lr=0.00029792
2026-08-05 18:39:46 INFO  scripts.training.teacher_finetune.training_pipeline | step 47850 | loss_grouped_ce=0.2244 lr=0.000297913
2026-08-05 18:40:03 INFO  scripts.training.teacher_finetune.training_pipeline | step 47900 | loss_grouped_ce=0.5872 lr=0.000297906
2026-08-05 18:40:27 INFO  scripts.training.teacher_finetune.training_pipeline | step 47950 | loss_grouped_ce=0.4083 lr=0.000297899
2026-08-05 18:40:53 INFO  scripts.training.teacher_finetune.training_pipeline | step 48000 | loss_grouped_ce=0.1630 lr=0.000297892
2026-08-05 18:41:19 INFO  scripts.training.teacher_finetune.training_pipeline | step 48050 | loss_grouped_ce=0.9195 lr=0.000297886
2026-08-05 18:41:47 INFO  scripts.training.teacher_finetune.training_pipeline | step 48100 | loss_grouped_ce=0.1812 lr=0.000297879
2026-08-05 18:42:14 INFO  scripts.training.teacher_finetune.training_pipeline | step 48150 | loss_grouped_ce=0.2371 lr=0.000297872
2026-08-05 18:42:36 INFO  scripts.training.teacher_finetune.training_pipeline | step 48200 | loss_grouped_ce=0.1709 lr=0.000297865
2026-08-05 18:42:53 INFO  scripts.training.teacher_finetune.training_pipeline | step 48250 | loss_grouped_ce=0.3640 lr=0.000297858
2026-08-05 18:43:16 INFO  scripts.training.teacher_finetune.training_pipeline | step 48300 | loss_grouped_ce=0.1642 lr=0.000297851
2026-08-05 18:43:43 INFO  scripts.training.teacher_finetune.training_pipeline | step 48350 | loss_grouped_ce=0.4531 lr=0.000297844
2026-08-05 18:44:10 INFO  scripts.training.teacher_finetune.training_pipeline | step 48400 | loss_grouped_ce=0.1042 lr=0.000297837
2026-08-05 18:44:35 INFO  scripts.training.teacher_finetune.training_pipeline | step 48450 | loss_grouped_ce=0.1930 lr=0.00029783
2026-08-05 18:44:58 INFO  scripts.training.teacher_finetune.training_pipeline | step 48500 | loss_grouped_ce=0.2686 lr=0.000297823
2026-08-05 18:45:16 INFO  scripts.training.teacher_finetune.training_pipeline | step 48550 | loss_grouped_ce=0.2200 lr=0.000297816
2026-08-05 18:45:38 INFO  scripts.training.teacher_finetune.training_pipeline | step 48600 | loss_grouped_ce=0.4230 lr=0.000297809
2026-08-05 18:46:02 INFO  scripts.training.teacher_finetune.training_pipeline | step 48650 | loss_grouped_ce=0.8755 lr=0.000297802
2026-08-05 18:46:24 INFO  scripts.training.teacher_finetune.training_pipeline | step 48700 | loss_grouped_ce=0.2841 lr=0.000297795
2026-08-05 18:46:41 INFO  scripts.training.teacher_finetune.training_pipeline | step 48750 | loss_grouped_ce=0.5057 lr=0.000297787
2026-08-05 18:46:59 INFO  scripts.training.teacher_finetune.training_pipeline | step 48800 | loss_grouped_ce=0.7198 lr=0.00029778
2026-08-05 18:47:17 INFO  scripts.training.teacher_finetune.training_pipeline | step 48850 | loss_grouped_ce=1.1680 lr=0.000297773
2026-08-05 18:47:40 INFO  scripts.training.teacher_finetune.training_pipeline | step 48900 | loss_grouped_ce=0.6423 lr=0.000297766
2026-08-05 18:48:10 INFO  scripts.training.teacher_finetune.training_pipeline | step 48950 | loss_grouped_ce=0.7300 lr=0.000297759
2026-08-05 18:48:28 INFO  scripts.training.teacher_finetune.training_pipeline | step 49000 | loss_grouped_ce=0.8818 lr=0.000297752
2026-08-05 18:48:55 INFO  scripts.training.teacher_finetune.training_pipeline | step 49050 | loss_grouped_ce=0.5539 lr=0.000297745
2026-08-05 18:49:19 INFO  scripts.training.teacher_finetune.training_pipeline | step 49100 | loss_grouped_ce=0.4132 lr=0.000297738
2026-08-05 18:49:36 INFO  scripts.training.teacher_finetune.training_pipeline | step 49150 | loss_grouped_ce=0.8243 lr=0.00029773
2026-08-05 18:49:56 INFO  scripts.training.teacher_finetune.training_pipeline | step 49200 | loss_grouped_ce=0.5286 lr=0.000297723
2026-08-05 18:50:19 INFO  scripts.training.teacher_finetune.training_pipeline | step 49250 | loss_grouped_ce=0.8025 lr=0.000297716
2026-08-05 18:50:36 INFO  scripts.training.teacher_finetune.training_pipeline | step 49300 | loss_grouped_ce=0.7286 lr=0.000297709
2026-08-05 18:50:55 INFO  scripts.training.teacher_finetune.training_pipeline | step 49350 | loss_grouped_ce=0.2564 lr=0.000297702
2026-08-05 18:51:22 INFO  scripts.training.teacher_finetune.training_pipeline | step 49400 | loss_grouped_ce=0.4509 lr=0.000297694
2026-08-05 18:51:47 INFO  scripts.training.teacher_finetune.training_pipeline | step 49450 | loss_grouped_ce=0.5586 lr=0.000297687
2026-08-05 18:52:10 INFO  scripts.training.teacher_finetune.training_pipeline | step 49500 | loss_grouped_ce=0.5323 lr=0.00029768
2026-08-05 18:52:36 INFO  scripts.training.teacher_finetune.training_pipeline | step 49550 | loss_grouped_ce=0.5602 lr=0.000297673
2026-08-05 18:53:03 INFO  scripts.training.teacher_finetune.training_pipeline | step 49600 | loss_grouped_ce=0.6914 lr=0.000297665
2026-08-05 18:53:19 INFO  scripts.training.teacher_finetune.training_pipeline | step 49650 | loss_grouped_ce=nan lr=0.000297658
2026-08-05 18:53:38 INFO  scripts.training.teacher_finetune.training_pipeline | step 49700 | loss_grouped_ce=nan lr=0.000297651
2026-08-05 18:54:05 INFO  scripts.training.teacher_finetune.training_pipeline | step 49750 | loss_grouped_ce=nan lr=0.000297644
2026-08-05 18:54:26 INFO  scripts.training.teacher_finetune.training_pipeline | step 49800 | loss_grouped_ce=11.9930 lr=0.000297636
2026-08-05 18:54:53 INFO  scripts.training.teacher_finetune.training_pipeline | step 49850 | loss_grouped_ce=nan lr=0.000297629
2026-08-05 18:55:15 INFO  scripts.training.teacher_finetune.training_pipeline | step 49900 | loss_grouped_ce=nan lr=0.000297622
2026-08-05 18:55:37 INFO  scripts.training.teacher_finetune.training_pipeline | step 49950 | loss_grouped_ce=nan lr=0.000297614
2026-08-05 18:56:02 INFO  scripts.training.teacher_finetune.training_pipeline | step 50000 | loss_grouped_ce=nan lr=0.000297607
2026-08-05 18:56:21 INFO  scripts.training.teacher_finetune.training_pipeline | step 50050 | loss_grouped_ce=nan lr=0.0002976
2026-08-05 18:56:48 INFO  scripts.training.teacher_finetune.training_pipeline | step 50100 | loss_grouped_ce=nan lr=0.000297592
2026-08-05 18:57:09 INFO  scripts.training.teacher_finetune.training_pipeline | step 50150 | loss_grouped_ce=nan lr=0.000297585
2026-08-05 18:57:27 INFO  scripts.training.teacher_finetune.training_pipeline | step 50200 | loss_grouped_ce=nan lr=0.000297577
2026-08-05 18:57:52 INFO  scripts.training.teacher_finetune.training_pipeline | step 50250 | loss_grouped_ce=nan lr=0.00029757
2026-08-05 18:58:13 INFO  scripts.training.teacher_finetune.training_pipeline | step 50300 | loss_grouped_ce=nan lr=0.000297562
2026-08-05 18:58:39 INFO  scripts.training.teacher_finetune.training_pipeline | step 50350 | loss_grouped_ce=nan lr=0.000297555
2026-08-05 18:58:59 INFO  scripts.training.teacher_finetune.training_pipeline | step 50400 | loss_grouped_ce=nan lr=0.000297548
2026-08-05 18:59:27 INFO  scripts.training.teacher_finetune.training_pipeline | step 50450 | loss_grouped_ce=nan lr=0.00029754
2026-08-05 18:59:51 INFO  scripts.training.teacher_finetune.training_pipeline | step 50500 | loss_grouped_ce=nan lr=0.000297533
2026-08-05 19:00:10 INFO  scripts.training.teacher_finetune.training_pipeline | step 50550 | loss_grouped_ce=nan lr=0.000297525
2026-08-05 19:00:31 INFO  scripts.training.teacher_finetune.training_pipeline | step 50600 | loss_grouped_ce=nan lr=0.000297518
2026-08-05 19:00:51 INFO  scripts.training.teacher_finetune.training_pipeline | step 50650 | loss_grouped_ce=nan lr=0.00029751
2026-08-05 19:01:17 INFO  scripts.training.teacher_finetune.training_pipeline | step 50700 | loss_grouped_ce=nan lr=0.000297503
2026-08-05 19:01:44 INFO  scripts.training.teacher_finetune.training_pipeline | step 50750 | loss_grouped_ce=nan lr=0.000297495
2026-08-05 19:02:11 INFO  scripts.training.teacher_finetune.training_pipeline | step 50800 | loss_grouped_ce=nan lr=0.000297488
2026-08-05 19:02:31 INFO  scripts.training.teacher_finetune.training_pipeline | step 50850 | loss_grouped_ce=nan lr=0.00029748
2026-08-05 19:02:50 INFO  scripts.training.teacher_finetune.training_pipeline | step 50900 | loss_grouped_ce=nan lr=0.000297472
2026-08-05 19:03:10 INFO  scripts.training.teacher_finetune.training_pipeline | step 50950 | loss_grouped_ce=nan lr=0.000297465
2026-08-05 19:03:31 INFO  scripts.training.teacher_finetune.training_pipeline | step 51000 | loss_grouped_ce=nan lr=0.000297457
2026-08-05 19:03:54 INFO  scripts.training.teacher_finetune.training_pipeline | step 51050 | loss_grouped_ce=nan lr=0.00029745
2026-08-05 19:04:16 INFO  scripts.training.teacher_finetune.training_pipeline | step 51100 | loss_grouped_ce=nan lr=0.000297442
2026-08-05 19:04:35 INFO  scripts.training.teacher_finetune.training_pipeline | step 51150 | loss_grouped_ce=nan lr=0.000297435
2026-08-05 19:05:00 INFO  scripts.training.teacher_finetune.training_pipeline | step 51200 | loss_grouped_ce=nan lr=0.000297427
2026-08-05 19:05:19 INFO  scripts.training.teacher_finetune.training_pipeline | step 51250 | loss_grouped_ce=nan lr=0.000297419
2026-08-05 19:05:36 INFO  scripts.training.teacher_finetune.training_pipeline | step 51300 | loss_grouped_ce=nan lr=0.000297412
2026-08-05 19:05:52 INFO  scripts.training.teacher_finetune.training_pipeline | step 51350 | loss_grouped_ce=nan lr=0.000297404
2026-08-05 19:06:10 INFO  scripts.training.teacher_finetune.training_pipeline | step 51400 | loss_grouped_ce=nan lr=0.000297396
2026-08-05 19:06:34 INFO  scripts.training.teacher_finetune.training_pipeline | step 51450 | loss_grouped_ce=nan lr=0.000297389
2026-08-05 19:06:53 INFO  scripts.training.teacher_finetune.training_pipeline | step 51500 | loss_grouped_ce=nan lr=0.000297381
2026-08-05 19:07:10 INFO  scripts.training.teacher_finetune.training_pipeline | step 51550 | loss_grouped_ce=nan lr=0.000297373
2026-08-05 19:07:29 INFO  scripts.training.teacher_finetune.training_pipeline | step 51600 | loss_grouped_ce=nan lr=0.000297365
2026-08-05 19:07:50 INFO  scripts.training.teacher_finetune.training_pipeline | step 51650 | loss_grouped_ce=nan lr=0.000297358
2026-08-05 19:08:16 INFO  scripts.training.teacher_finetune.training_pipeline | step 51700 | loss_grouped_ce=nan lr=0.00029735
2026-08-05 19:08:38 INFO  scripts.training.teacher_finetune.training_pipeline | step 51750 | loss_grouped_ce=nan lr=0.000297342
2026-08-05 19:08:54 INFO  scripts.training.teacher_finetune.training_pipeline | step 51800 | loss_grouped_ce=nan lr=0.000297334
2026-08-05 19:09:16 INFO  scripts.training.teacher_finetune.training_pipeline | step 51850 | loss_grouped_ce=nan lr=0.000297327
2026-08-05 19:09:34 INFO  scripts.training.teacher_finetune.training_pipeline | step 51900 | loss_grouped_ce=nan lr=0.000297319
2026-08-05 19:09:53 INFO  scripts.training.teacher_finetune.training_pipeline | step 51950 | loss_grouped_ce=nan lr=0.000297311
2026-08-05 19:10:16 INFO  scripts.training.teacher_finetune.training_pipeline | step 52000 | loss_grouped_ce=nan lr=0.000297303
2026-08-05 19:10:43 INFO  scripts.training.teacher_finetune.training_pipeline | step 52050 | loss_grouped_ce=nan lr=0.000297295
2026-08-05 19:11:00 INFO  scripts.training.teacher_finetune.training_pipeline | step 52100 | loss_grouped_ce=nan lr=0.000297288
2026-08-05 19:11:24 INFO  scripts.training.teacher_finetune.training_pipeline | step 52150 | loss_grouped_ce=nan lr=0.00029728
2026-08-05 19:11:49 INFO  scripts.training.teacher_finetune.training_pipeline | step 52200 | loss_grouped_ce=nan lr=0.000297272
2026-08-05 19:12:10 INFO  scripts.training.teacher_finetune.training_pipeline | step 52250 | loss_grouped_ce=nan lr=0.000297264
2026-08-05 19:12:32 INFO  scripts.training.teacher_finetune.training_pipeline | step 52300 | loss_grouped_ce=nan lr=0.000297256
2026-08-05 19:12:55 INFO  scripts.training.teacher_finetune.training_pipeline | step 52350 | loss_grouped_ce=nan lr=0.000297248
2026-08-05 19:13:12 INFO  scripts.training.teacher_finetune.training_pipeline | step 52400 | loss_grouped_ce=nan lr=0.00029724
2026-08-05 19:13:30 INFO  scripts.training.teacher_finetune.training_pipeline | step 52450 | loss_grouped_ce=nan lr=0.000297233
2026-08-05 19:13:51 INFO  scripts.training.teacher_finetune.training_pipeline | step 52500 | loss_grouped_ce=nan lr=0.000297225
2026-08-05 19:14:09 INFO  scripts.training.teacher_finetune.training_pipeline | step 52550 | loss_grouped_ce=nan lr=0.000297217
2026-08-05 19:14:29 INFO  scripts.training.teacher_finetune.training_pipeline | step 52600 | loss_grouped_ce=nan lr=0.000297209
2026-08-05 19:14:54 INFO  scripts.training.teacher_finetune.training_pipeline | step 52650 | loss_grouped_ce=nan lr=0.000297201
2026-08-05 19:15:12 INFO  scripts.training.teacher_finetune.training_pipeline | step 52700 | loss_grouped_ce=nan lr=0.000297193
2026-08-05 19:15:28 INFO  scripts.training.teacher_finetune.training_pipeline | step 52750 | loss_grouped_ce=nan lr=0.000297185
2026-08-05 19:15:39 INFO  scripts.training.teacher_finetune.training_pipeline | epoch 9/100 — train done in 2574.5s | avg loss_grouped_ce=nan
2026-08-05 19:15:39 INFO  scripts.training.teacher_finetune.evaluate | evaluating on 617 batches
2026-08-05 19:19:33 INFO  scripts.training.teacher_finetune.training_pipeline | epoch 9/100 — val accuracy_top1=0.0000 f1_macro=0.0000 f1_micro=0.0000 (selection f1_macro=0.0000)
2026-08-05 19:19:34 INFO  scripts.training.teacher_finetune.evaluate | mlflow: logged val/accuracy_top1=0.0000 val/f1_macro=0.0000 val/f1_micro=0.0000 (step=8, n=19732)
2026-08-05 19:19:34 INFO  scripts.training.teacher_finetune.evaluate | mlflow: logged val per-source accuracy table (6 sources)
2026-08-05 19:19:37 INFO  scripts.training.teacher_finetune.training_pipeline | saved checkpoint: /app/scripts/training/teacher_finetune/model_exports/teacher-finetune-20260805-113610/last.pt
2026-08-05 19:19:38 INFO  scripts.training.teacher_finetune.training_pipeline | epoch 9/100 done — next lr=0.000297179, epochs_since_improve=5/15
2026-08-05 19:19:38 INFO  scripts.training.teacher_finetune.training_pipeline | epoch 10/100 — train start (lr=0.000297179, batches=5865)
2026-08-05 19:19:49 INFO  scripts.training.teacher_finetune.training_pipeline | step 52800 | loss_grouped_ce=nan lr=0.000297177
2026-08-05 19:20:16 INFO  scripts.training.teacher_finetune.training_pipeline | step 52850 | loss_grouped_ce=nan lr=0.000297169
2026-08-05 19:20:37 INFO  scripts.training.teacher_finetune.training_pipeline | step 52900 | loss_grouped_ce=nan lr=0.000297161
2026-08-05 19:20:54 INFO  scripts.training.teacher_finetune.training_pipeline | step 52950 | loss_grouped_ce=nan lr=0.000297153
2026-08-05 19:21:11 INFO  scripts.training.teacher_finetune.training_pipeline | step 53000 | loss_grouped_ce=nan lr=0.000297145
2026-08-05 19:21:28 INFO  scripts.training.teacher_finetune.training_pipeline | step 53050 | loss_grouped_ce=nan lr=0.000297137
2026-08-05 19:21:47 INFO  scripts.training.teacher_finetune.training_pipeline | step 53100 | loss_grouped_ce=nan lr=0.000297129
2026-08-05 19:22:04 INFO  scripts.training.teacher_finetune.training_pipeline | step 53150 | loss_grouped_ce=nan lr=0.000297121
2026-08-05 19:22:20 INFO  scripts.training.teacher_finetune.training_pipeline | step 53200 | loss_grouped_ce=nan lr=0.000297113
2026-08-05 19:22:37 INFO  scripts.training.teacher_finetune.training_pipeline | step 53250 | loss_grouped_ce=nan lr=0.000297104
2026-08-05 19:22:59 INFO  scripts.training.teacher_finetune.training_pipeline | step 53300 | loss_grouped_ce=nan lr=0.000297096
2026-08-05 19:23:16 INFO  scripts.training.teacher_finetune.training_pipeline | step 53350 | loss_grouped_ce=nan lr=0.000297088
2026-08-05 19:23:34 INFO  scripts.training.teacher_finetune.training_pipeline | step 53400 | loss_grouped_ce=nan lr=0.00029708
2026-08-05 19:23:51 INFO  scripts.training.teacher_finetune.training_pipeline | step 53450 | loss_grouped_ce=nan lr=0.000297072
2026-08-05 19:24:14 INFO  scripts.training.teacher_finetune.training_pipeline | step 53500 | loss_grouped_ce=nan lr=0.000297064
2026-08-05 19:24:40 INFO  scripts.training.teacher_finetune.training_pipeline | step 53550 | loss_grouped_ce=nan lr=0.000297056
2026-08-05 19:25:06 INFO  scripts.training.teacher_finetune.training_pipeline | step 53600 | loss_grouped_ce=nan lr=0.000297048
2026-08-05 19:25:27 INFO  scripts.training.teacher_finetune.training_pipeline | step 53650 | loss_grouped_ce=nan lr=0.000297039
2026-08-05 19:25:48 INFO  scripts.training.teacher_finetune.training_pipeline | step 53700 | loss_grouped_ce=nan lr=0.000297031
2026-08-05 19:26:05 INFO  scripts.training.teacher_finetune.training_pipeline | step 53750 | loss_grouped_ce=nan lr=0.000297023
2026-08-05 19:26:26 INFO  scripts.training.teacher_finetune.training_pipeline | step 53800 | loss_grouped_ce=nan lr=0.000297015
2026-08-05 19:26:43 INFO  scripts.training.teacher_finetune.training_pipeline | step 53850 | loss_grouped_ce=nan lr=0.000297006
2026-08-05 19:27:00 INFO  scripts.training.teacher_finetune.training_pipeline | step 53900 | loss_grouped_ce=nan lr=0.000296998
2026-08-05 19:27:21 INFO  scripts.training.teacher_finetune.training_pipeline | step 53950 | loss_grouped_ce=nan lr=0.00029699
2026-08-05 19:27:39 INFO  scripts.training.teacher_finetune.training_pipeline | step 54000 | loss_grouped_ce=nan lr=0.000296982
2026-08-05 19:28:05 INFO  scripts.training.teacher_finetune.training_pipeline | step 54050 | loss_grouped_ce=nan lr=0.000296973
2026-08-05 19:28:28 INFO  scripts.training.teacher_finetune.training_pipeline | step 54100 | loss_grouped_ce=nan lr=0.000296965
2026-08-05 19:28:44 INFO  scripts.training.teacher_finetune.training_pipeline | step 54150 | loss_grouped_ce=nan lr=0.000296957
2026-08-05 19:29:04 INFO  scripts.training.teacher_finetune.training_pipeline | step 54200 | loss_grouped_ce=nan lr=0.000296949
2026-08-05 19:29:22 INFO  scripts.training.teacher_finetune.training_pipeline | step 54250 | loss_grouped_ce=nan lr=0.00029694
2026-08-05 19:29:47 INFO  scripts.training.teacher_finetune.training_pipeline | step 54300 | loss_grouped_ce=nan lr=0.000296932
2026-08-05 19:30:06 INFO  scripts.training.teacher_finetune.training_pipeline | step 54350 | loss_grouped_ce=nan lr=0.000296924
2026-08-05 19:30:32 INFO  scripts.training.teacher_finetune.training_pipeline | step 54400 | loss_grouped_ce=nan lr=0.000296915
2026-08-05 19:30:55 INFO  scripts.training.teacher_finetune.training_pipeline | step 54450 | loss_grouped_ce=nan lr=0.000296907
2026-08-05 19:31:17 INFO  scripts.training.teacher_finetune.training_pipeline | step 54500 | loss_grouped_ce=nan lr=0.000296899
2026-08-05 19:31:41 INFO  scripts.training.teacher_finetune.training_pipeline | step 54550 | loss_grouped_ce=nan lr=0.00029689
2026-08-05 19:32:06 INFO  scripts.training.teacher_finetune.training_pipeline | step 54600 | loss_grouped_ce=nan lr=0.000296882
2026-08-05 19:32:28 INFO  scripts.training.teacher_finetune.training_pipeline | step 54650 | loss_grouped_ce=nan lr=0.000296873
2026-08-05 19:32:49 INFO  scripts.training.teacher_finetune.training_pipeline | step 54700 | loss_grouped_ce=nan lr=0.000296865
2026-08-05 19:33:14 INFO  scripts.training.teacher_finetune.training_pipeline | step 54750 | loss_grouped_ce=nan lr=0.000296857
2026-08-05 19:33:34 INFO  scripts.training.teacher_finetune.training_pipeline | step 54800 | loss_grouped_ce=nan lr=0.000296848
2026-08-05 19:33:55 INFO  scripts.training.teacher_finetune.training_pipeline | step 54850 | loss_grouped_ce=nan lr=0.00029684
2026-08-05 19:34:19 INFO  scripts.training.teacher_finetune.training_pipeline | step 54900 | loss_grouped_ce=nan lr=0.000296831
2026-08-05 19:34:37 INFO  scripts.training.teacher_finetune.training_pipeline | step 54950 | loss_grouped_ce=nan lr=0.000296823
2026-08-05 19:34:57 INFO  scripts.training.teacher_finetune.training_pipeline | step 55000 | loss_grouped_ce=nan lr=0.000296814
2026-08-05 19:35:20 INFO  scripts.training.teacher_finetune.training_pipeline | step 55050 | loss_grouped_ce=nan lr=0.000296806
2026-08-05 19:35:37 INFO  scripts.training.teacher_finetune.training_pipeline | step 55100 | loss_grouped_ce=nan lr=0.000296797
2026-08-05 19:35:58 INFO  scripts.training.teacher_finetune.training_pipeline | step 55150 | loss_grouped_ce=nan lr=0.000296789
2026-08-05 19:36:21 INFO  scripts.training.teacher_finetune.training_pipeline | step 55200 | loss_grouped_ce=nan lr=0.00029678
2026-08-05 19:36:39 INFO  scripts.training.teacher_finetune.training_pipeline | step 55250 | loss_grouped_ce=nan lr=0.000296772
2026-08-05 19:37:02 INFO  scripts.training.teacher_finetune.training_pipeline | step 55300 | loss_grouped_ce=nan lr=0.000296763
2026-08-05 19:37:23 INFO  scripts.training.teacher_finetune.training_pipeline | step 55350 | loss_grouped_ce=nan lr=0.000296755
2026-08-05 19:37:45 INFO  scripts.training.teacher_finetune.training_pipeline | step 55400 | loss_grouped_ce=nan lr=0.000296746
2026-08-05 19:38:07 INFO  scripts.training.teacher_finetune.training_pipeline | step 55450 | loss_grouped_ce=nan lr=0.000296737
2026-08-05 19:38:25 INFO  scripts.training.teacher_finetune.training_pipeline | step 55500 | loss_grouped_ce=nan lr=0.000296729
2026-08-05 19:38:50 INFO  scripts.training.teacher_finetune.training_pipeline | step 55550 | loss_grouped_ce=nan lr=0.00029672
2026-08-05 19:39:13 INFO  scripts.training.teacher_finetune.training_pipeline | step 55600 | loss_grouped_ce=nan lr=0.000296712
2026-08-05 19:39:33 INFO  scripts.training.teacher_finetune.training_pipeline | step 55650 | loss_grouped_ce=nan lr=0.000296703
2026-08-05 19:39:51 INFO  scripts.training.teacher_finetune.training_pipeline | step 55700 | loss_grouped_ce=nan lr=0.000296694
2026-08-05 19:40:14 INFO  scripts.training.teacher_finetune.training_pipeline | step 55750 | loss_grouped_ce=nan lr=0.000296686
2026-08-05 19:40:31 INFO  scripts.training.teacher_finetune.training_pipeline | step 55800 | loss_grouped_ce=nan lr=0.000296677
2026-08-05 19:40:54 INFO  scripts.training.teacher_finetune.training_pipeline | step 55850 | loss_grouped_ce=nan lr=0.000296668
2026-08-05 19:41:13 INFO  scripts.training.teacher_finetune.training_pipeline | step 55900 | loss_grouped_ce=nan lr=0.00029666
2026-08-05 19:41:40 INFO  scripts.training.teacher_finetune.training_pipeline | step 55950 | loss_grouped_ce=nan lr=0.000296651
2026-08-05 19:42:03 INFO  scripts.training.teacher_finetune.training_pipeline | step 56000 | loss_grouped_ce=nan lr=0.000296642
2026-08-05 19:42:26 INFO  scripts.training.teacher_finetune.training_pipeline | step 56050 | loss_grouped_ce=nan lr=0.000296634
2026-08-05 19:42:53 INFO  scripts.training.teacher_finetune.training_pipeline | step 56100 | loss_grouped_ce=nan lr=0.000296625
2026-08-05 19:43:19 INFO  scripts.training.teacher_finetune.training_pipeline | step 56150 | loss_grouped_ce=nan lr=0.000296616
2026-08-05 19:43:44 INFO  scripts.training.teacher_finetune.training_pipeline | step 56200 | loss_grouped_ce=nan lr=0.000296607
2026-08-05 19:44:09 INFO  scripts.training.teacher_finetune.training_pipeline | step 56250 | loss_grouped_ce=nan lr=0.000296599
2026-08-05 19:44:33 INFO  scripts.training.teacher_finetune.training_pipeline | step 56300 | loss_grouped_ce=nan lr=0.00029659
2026-08-05 19:44:59 INFO  scripts.training.teacher_finetune.training_pipeline | step 56350 | loss_grouped_ce=nan lr=0.000296581
2026-08-05 19:45:17 INFO  scripts.training.teacher_finetune.training_pipeline | step 56400 | loss_grouped_ce=nan lr=0.000296572
2026-08-05 19:45:44 INFO  scripts.training.teacher_finetune.training_pipeline | step 56450 | loss_grouped_ce=nan lr=0.000296563
2026-08-05 19:46:01 INFO  scripts.training.teacher_finetune.training_pipeline | step 56500 | loss_grouped_ce=nan lr=0.000296555
2026-08-05 19:46:18 INFO  scripts.training.teacher_finetune.training_pipeline | step 56550 | loss_grouped_ce=nan lr=0.000296546
2026-08-05 19:46:39 INFO  scripts.training.teacher_finetune.training_pipeline | step 56600 | loss_grouped_ce=nan lr=0.000296537
2026-08-05 19:47:05 INFO  scripts.training.teacher_finetune.training_pipeline | step 56650 | loss_grouped_ce=nan lr=0.000296528
2026-08-05 19:47:31 INFO  scripts.training.teacher_finetune.training_pipeline | step 56700 | loss_grouped_ce=nan lr=0.000296519
2026-08-05 19:47:54 INFO  scripts.training.teacher_finetune.training_pipeline | step 56750 | loss_grouped_ce=nan lr=0.00029651
2026-08-05 19:48:19 INFO  scripts.training.teacher_finetune.training_pipeline | step 56800 | loss_grouped_ce=nan lr=0.000296502
2026-08-05 19:48:46 INFO  scripts.training.teacher_finetune.training_pipeline | step 56850 | loss_grouped_ce=nan lr=0.000296493
2026-08-05 19:49:10 INFO  scripts.training.teacher_finetune.training_pipeline | step 56900 | loss_grouped_ce=nan lr=0.000296484
2026-08-05 19:49:32 INFO  scripts.training.teacher_finetune.training_pipeline | step 56950 | loss_grouped_ce=nan lr=0.000296475
2026-08-05 19:49:55 INFO  scripts.training.teacher_finetune.training_pipeline | step 57000 | loss_grouped_ce=nan lr=0.000296466
2026-08-05 19:50:19 INFO  scripts.training.teacher_finetune.training_pipeline | step 57050 | loss_grouped_ce=nan lr=0.000296457
2026-08-05 19:50:45 INFO  scripts.training.teacher_finetune.training_pipeline | step 57100 | loss_grouped_ce=nan lr=0.000296448
2026-08-05 19:51:08 INFO  scripts.training.teacher_finetune.training_pipeline | step 57150 | loss_grouped_ce=nan lr=0.000296439
2026-08-05 19:51:26 INFO  scripts.training.teacher_finetune.training_pipeline | step 57200 | loss_grouped_ce=nan lr=0.00029643
2026-08-05 19:51:53 INFO  scripts.training.teacher_finetune.training_pipeline | step 57250 | loss_grouped_ce=nan lr=0.000296421
2026-08-05 19:52:18 INFO  scripts.training.teacher_finetune.training_pipeline | step 57300 | loss_grouped_ce=nan lr=0.000296412
2026-08-05 19:52:41 INFO  scripts.training.teacher_finetune.training_pipeline | step 57350 | loss_grouped_ce=nan lr=0.000296403
2026-08-05 19:53:05 INFO  scripts.training.teacher_finetune.training_pipeline | step 57400 | loss_grouped_ce=nan lr=0.000296394
2026-08-05 19:53:22 INFO  scripts.training.teacher_finetune.training_pipeline | step 57450 | loss_grouped_ce=nan lr=0.000296385
2026-08-05 19:53:46 INFO  scripts.training.teacher_finetune.training_pipeline | step 57500 | loss_grouped_ce=nan lr=0.000296376
2026-08-05 19:54:13 INFO  scripts.training.teacher_finetune.training_pipeline | step 57550 | loss_grouped_ce=nan lr=0.000296367
2026-08-05 19:54:39 INFO  scripts.training.teacher_finetune.training_pipeline | step 57600 | loss_grouped_ce=nan lr=0.000296358
2026-08-05 19:55:06 INFO  scripts.training.teacher_finetune.training_pipeline | step 57650 | loss_grouped_ce=nan lr=0.000296349
2026-08-05 19:55:24 INFO  scripts.training.teacher_finetune.training_pipeline | step 57700 | loss_grouped_ce=nan lr=0.00029634
2026-08-05 19:55:49 INFO  scripts.training.teacher_finetune.training_pipeline | step 57750 | loss_grouped_ce=nan lr=0.000296331
2026-08-05 19:56:16 INFO  scripts.training.teacher_finetune.training_pipeline | step 57800 | loss_grouped_ce=nan lr=0.000296322
2026-08-05 19:56:42 INFO  scripts.training.teacher_finetune.training_pipeline | step 57850 | loss_grouped_ce=nan lr=0.000296312
2026-08-05 19:56:58 INFO  scripts.training.teacher_finetune.training_pipeline | step 57900 | loss_grouped_ce=nan lr=0.000296303
2026-08-05 19:57:20 INFO  scripts.training.teacher_finetune.training_pipeline | step 57950 | loss_grouped_ce=nan lr=0.000296294
2026-08-05 19:57:43 INFO  scripts.training.teacher_finetune.training_pipeline | step 58000 | loss_grouped_ce=nan lr=0.000296285
2026-08-05 19:58:01 INFO  scripts.training.teacher_finetune.training_pipeline | step 58050 | loss_grouped_ce=nan lr=0.000296276
2026-08-05 19:58:27 INFO  scripts.training.teacher_finetune.training_pipeline | step 58100 | loss_grouped_ce=nan lr=0.000296267
2026-08-05 19:58:52 INFO  scripts.training.teacher_finetune.training_pipeline | step 58150 | loss_grouped_ce=nan lr=0.000296257
2026-08-05 19:59:09 INFO  scripts.training.teacher_finetune.training_pipeline | step 58200 | loss_grouped_ce=nan lr=0.000296248
2026-08-05 19:59:28 INFO  scripts.training.teacher_finetune.training_pipeline | step 58250 | loss_grouped_ce=nan lr=0.000296239
2026-08-05 19:59:50 INFO  scripts.training.teacher_finetune.training_pipeline | step 58300 | loss_grouped_ce=nan lr=0.00029623
2026-08-05 20:00:09 INFO  scripts.training.teacher_finetune.training_pipeline | step 58350 | loss_grouped_ce=nan lr=0.000296221
2026-08-05 20:00:35 INFO  scripts.training.teacher_finetune.training_pipeline | step 58400 | loss_grouped_ce=nan lr=0.000296211
2026-08-05 20:01:00 INFO  scripts.training.teacher_finetune.training_pipeline | step 58450 | loss_grouped_ce=nan lr=0.000296202
2026-08-05 20:01:27 INFO  scripts.training.teacher_finetune.training_pipeline | step 58500 | loss_grouped_ce=nan lr=0.000296193
2026-08-05 20:01:45 INFO  scripts.training.teacher_finetune.training_pipeline | step 58550 | loss_grouped_ce=nan lr=0.000296184
2026-08-05 20:02:10 INFO  scripts.training.teacher_finetune.training_pipeline | step 58600 | loss_grouped_ce=nan lr=0.000296174
2026-08-05 20:02:29 INFO  scripts.training.teacher_finetune.training_pipeline | epoch 10/100 — train done in 2571.5s | avg loss_grouped_ce=nan
2026-08-05 20:02:29 INFO  scripts.training.teacher_finetune.evaluate | evaluating on 617 batches
2026-08-05 20:06:36 INFO  scripts.training.teacher_finetune.training_pipeline | epoch 10/100 — val accuracy_top1=0.0000 f1_macro=0.0000 f1_micro=0.0000 (selection f1_macro=0.0000)
2026-08-05 20:06:37 INFO  scripts.training.teacher_finetune.evaluate | mlflow: logged val/accuracy_top1=0.0000 val/f1_macro=0.0000 val/f1_micro=0.0000 (step=9, n=19732)
2026-08-05 20:06:37 INFO  scripts.training.teacher_finetune.evaluate | mlflow: logged val per-source accuracy table (6 sources)
2026-08-05 20:06:39 INFO  scripts.training.teacher_finetune.training_pipeline | saved checkpoint: /app/scripts/training/teacher_finetune/model_exports/teacher-finetune-20260805-113610/last.pt
2026-08-05 20:06:40 INFO  scripts.training.teacher_finetune.training_pipeline | epoch 10/100 done — next lr=0.000296165, epochs_since_improve=6/15
2026-08-05 20:06:40 INFO  scripts.training.teacher_finetune.training_pipeline | epoch 11/100 — train start (lr=0.000296165, batches=5865)
2026-08-05 20:06:45 INFO  scripts.training.teacher_finetune.training_pipeline | step 58650 | loss_grouped_ce=nan lr=0.000296165
2026-08-05 20:07:04 INFO  scripts.training.teacher_finetune.training_pipeline | step 58700 | loss_grouped_ce=nan lr=0.000296156
2026-08-05 20:07:31 INFO  scripts.training.teacher_finetune.training_pipeline | step 58750 | loss_grouped_ce=nan lr=0.000296146
2026-08-05 20:07:54 INFO  scripts.training.teacher_finetune.training_pipeline | step 58800 | loss_grouped_ce=nan lr=0.000296137
2026-08-05 20:08:14 INFO  scripts.training.teacher_finetune.training_pipeline | step 58850 | loss_grouped_ce=nan lr=0.000296128
2026-08-05 20:08:41 INFO  scripts.training.teacher_finetune.training_pipeline | step 58900 | loss_grouped_ce=nan lr=0.000296118
2026-08-05 20:09:04 INFO  scripts.training.teacher_finetune.training_pipeline | step 58950 | loss_grouped_ce=nan lr=0.000296109
2026-08-05 20:09:29 INFO  scripts.training.teacher_finetune.training_pipeline | step 59000 | loss_grouped_ce=nan lr=0.0002961
2026-08-05 20:09:47 INFO  scripts.training.teacher_finetune.training_pipeline | step 59050 | loss_grouped_ce=nan lr=0.00029609
2026-08-05 20:10:09 INFO  scripts.training.teacher_finetune.training_pipeline | step 59100 | loss_grouped_ce=nan lr=0.000296081
2026-08-05 20:10:36 INFO  scripts.training.teacher_finetune.training_pipeline | step 59150 | loss_grouped_ce=nan lr=0.000296071
2026-08-05 20:10:54 INFO  scripts.training.teacher_finetune.training_pipeline | step 59200 | loss_grouped_ce=nan lr=0.000296062
2026-08-05 20:11:13 INFO  scripts.training.teacher_finetune.training_pipeline | step 59250 | loss_grouped_ce=nan lr=0.000296053
2026-08-05 20:11:38 INFO  scripts.training.teacher_finetune.training_pipeline | step 59300 | loss_grouped_ce=nan lr=0.000296043
2026-08-05 20:12:02 INFO  scripts.training.teacher_finetune.training_pipeline | step 59350 | loss_grouped_ce=nan lr=0.000296034
2026-08-05 20:12:25 INFO  scripts.training.teacher_finetune.training_pipeline | step 59400 | loss_grouped_ce=nan lr=0.000296024
2026-08-05 20:12:43 INFO  scripts.training.teacher_finetune.training_pipeline | step 59450 | loss_grouped_ce=nan lr=0.000296015
2026-08-05 20:13:04 INFO  scripts.training.teacher_finetune.training_pipeline | step 59500 | loss_grouped_ce=nan lr=0.000296005
2026-08-05 20:13:30 INFO  scripts.training.teacher_finetune.training_pipeline | step 59550 | loss_grouped_ce=nan lr=0.000295996
2026-08-05 20:13:56 INFO  scripts.training.teacher_finetune.training_pipeline | step 59600 | loss_grouped_ce=nan lr=0.000295986
2026-08-05 20:14:17 INFO  scripts.training.teacher_finetune.training_pipeline | step 59650 | loss_grouped_ce=nan lr=0.000295977
2026-08-05 20:14:40 INFO  scripts.training.teacher_finetune.training_pipeline | step 59700 | loss_grouped_ce=nan lr=0.000295967
2026-08-05 20:14:57 INFO  scripts.training.teacher_finetune.training_pipeline | step 59750 | loss_grouped_ce=nan lr=0.000295958
2026-08-05 20:15:16 INFO  scripts.training.teacher_finetune.training_pipeline | step 59800 | loss_grouped_ce=nan lr=0.000295948
2026-08-05 20:15:43 INFO  scripts.training.teacher_finetune.training_pipeline | step 59850 | loss_grouped_ce=nan lr=0.000295939
2026-08-05 20:16:00 INFO  scripts.training.teacher_finetune.training_pipeline | step 59900 | loss_grouped_ce=nan lr=0.000295929
2026-08-05 20:16:19 INFO  scripts.training.teacher_finetune.training_pipeline | step 59950 | loss_grouped_ce=nan lr=0.000295919
2026-08-05 20:16:46 INFO  scripts.training.teacher_finetune.training_pipeline | step 60000 | loss_grouped_ce=nan lr=0.00029591
2026-08-05 20:17:12 INFO  scripts.training.teacher_finetune.training_pipeline | step 60050 | loss_grouped_ce=nan lr=0.0002959
2026-08-05 20:17:30 INFO  scripts.training.teacher_finetune.training_pipeline | step 60100 | loss_grouped_ce=nan lr=0.000295891
2026-08-05 20:17:47 INFO  scripts.training.teacher_finetune.training_pipeline | step 60150 | loss_grouped_ce=nan lr=0.000295881
2026-08-05 20:18:09 INFO  scripts.training.teacher_finetune.training_pipeline | step 60200 | loss_grouped_ce=nan lr=0.000295871
2026-08-05 20:18:32 INFO  scripts.training.teacher_finetune.training_pipeline | step 60250 | loss_grouped_ce=nan lr=0.000295862
2026-08-05 20:18:58 INFO  scripts.training.teacher_finetune.training_pipeline | step 60300 | loss_grouped_ce=nan lr=0.000295852
2026-08-05 20:19:20 INFO  scripts.training.teacher_finetune.training_pipeline | step 60350 | loss_grouped_ce=nan lr=0.000295842
2026-08-05 20:19:39 INFO  scripts.training.teacher_finetune.training_pipeline | step 60400 | loss_grouped_ce=nan lr=0.000295833
2026-08-05 20:20:03 INFO  scripts.training.teacher_finetune.training_pipeline | step 60450 | loss_grouped_ce=nan lr=0.000295823
2026-08-05 20:20:23 INFO  scripts.training.teacher_finetune.training_pipeline | step 60500 | loss_grouped_ce=nan lr=0.000295813
2026-08-05 20:20:46 INFO  scripts.training.teacher_finetune.training_pipeline | step 60550 | loss_grouped_ce=nan lr=0.000295804
2026-08-05 20:21:13 INFO  scripts.training.teacher_finetune.training_pipeline | step 60600 | loss_grouped_ce=nan lr=0.000295794
2026-08-05 20:21:31 INFO  scripts.training.teacher_finetune.training_pipeline | step 60650 | loss_grouped_ce=nan lr=0.000295784
2026-08-05 20:21:48 INFO  scripts.training.teacher_finetune.training_pipeline | step 60700 | loss_grouped_ce=nan lr=0.000295774
2026-08-05 20:22:11 INFO  scripts.training.teacher_finetune.training_pipeline | step 60750 | loss_grouped_ce=nan lr=0.000295765
2026-08-05 20:22:34 INFO  scripts.training.teacher_finetune.training_pipeline | step 60800 | loss_grouped_ce=nan lr=0.000295755
2026-08-05 20:22:52 INFO  scripts.training.teacher_finetune.training_pipeline | step 60850 | loss_grouped_ce=nan lr=0.000295745
2026-08-05 20:23:09 INFO  scripts.training.teacher_finetune.training_pipeline | step 60900 | loss_grouped_ce=nan lr=0.000295735
2026-08-05 20:23:26 INFO  scripts.training.teacher_finetune.training_pipeline | step 60950 | loss_grouped_ce=nan lr=0.000295725
2026-08-05 20:23:42 INFO  scripts.training.teacher_finetune.training_pipeline | step 61000 | loss_grouped_ce=nan lr=0.000295716
2026-08-05 20:23:59 INFO  scripts.training.teacher_finetune.training_pipeline | step 61050 | loss_grouped_ce=nan lr=0.000295706
2026-08-05 20:24:17 INFO  scripts.training.teacher_finetune.training_pipeline | step 61100 | loss_grouped_ce=nan lr=0.000295696
2026-08-05 20:24:38 INFO  scripts.training.teacher_finetune.training_pipeline | step 61150 | loss_grouped_ce=nan lr=0.000295686
2026-08-05 20:24:58 INFO  scripts.training.teacher_finetune.training_pipeline | step 61200 | loss_grouped_ce=nan lr=0.000295676
2026-08-05 20:25:17 INFO  scripts.training.teacher_finetune.training_pipeline | step 61250 | loss_grouped_ce=nan lr=0.000295666
2026-08-05 20:25:38 INFO  scripts.training.teacher_finetune.training_pipeline | step 61300 | loss_grouped_ce=nan lr=0.000295657
2026-08-05 20:26:02 INFO  scripts.training.teacher_finetune.training_pipeline | step 61350 | loss_grouped_ce=nan lr=0.000295647
2026-08-05 20:26:26 INFO  scripts.training.teacher_finetune.training_pipeline | step 61400 | loss_grouped_ce=nan lr=0.000295637
2026-08-05 20:26:50 INFO  scripts.training.teacher_finetune.training_pipeline | step 61450 | loss_grouped_ce=nan lr=0.000295627
2026-08-05 20:27:07 INFO  scripts.training.teacher_finetune.training_pipeline | step 61500 | loss_grouped_ce=nan lr=0.000295617
2026-08-05 20:27:25 INFO  scripts.training.teacher_finetune.training_pipeline | step 61550 | loss_grouped_ce=nan lr=0.000295607
2026-08-05 20:27:49 INFO  scripts.training.teacher_finetune.training_pipeline | step 61600 | loss_grouped_ce=nan lr=0.000295597
2026-08-05 20:28:06 INFO  scripts.training.teacher_finetune.training_pipeline | step 61650 | loss_grouped_ce=nan lr=0.000295587
2026-08-05 20:28:30 INFO  scripts.training.teacher_finetune.training_pipeline | step 61700 | loss_grouped_ce=nan lr=0.000295577
2026-08-05 20:28:50 INFO  scripts.training.teacher_finetune.training_pipeline | step 61750 | loss_grouped_ce=nan lr=0.000295567
2026-08-05 20:29:14 INFO  scripts.training.teacher_finetune.training_pipeline | step 61800 | loss_grouped_ce=nan lr=0.000295557
2026-08-05 20:29:37 INFO  scripts.training.teacher_finetune.training_pipeline | step 61850 | loss_grouped_ce=nan lr=0.000295547
2026-08-05 20:29:57 INFO  scripts.training.teacher_finetune.training_pipeline | step 61900 | loss_grouped_ce=nan lr=0.000295537
2026-08-05 20:30:18 INFO  scripts.training.teacher_finetune.training_pipeline | step 61950 | loss_grouped_ce=nan lr=0.000295527
2026-08-05 20:30:42 INFO  scripts.training.teacher_finetune.training_pipeline | step 62000 | loss_grouped_ce=nan lr=0.000295517
2026-08-05 20:30:57 INFO  scripts.training.teacher_finetune.training_pipeline | step 62050 | loss_grouped_ce=nan lr=0.000295507
2026-08-05 20:31:19 INFO  scripts.training.teacher_finetune.training_pipeline | step 62100 | loss_grouped_ce=nan lr=0.000295497
2026-08-05 20:31:39 INFO  scripts.training.teacher_finetune.training_pipeline | step 62150 | loss_grouped_ce=nan lr=0.000295487
2026-08-05 20:31:55 INFO  scripts.training.teacher_finetune.training_pipeline | step 62200 | loss_grouped_ce=nan lr=0.000295477
2026-08-05 20:32:14 INFO  scripts.training.teacher_finetune.training_pipeline | step 62250 | loss_grouped_ce=nan lr=0.000295467
2026-08-05 20:32:34 INFO  scripts.training.teacher_finetune.training_pipeline | step 62300 | loss_grouped_ce=nan lr=0.000295456
2026-08-05 20:32:53 INFO  scripts.training.teacher_finetune.training_pipeline | step 62350 | loss_grouped_ce=nan lr=0.000295446
2026-08-05 20:33:15 INFO  scripts.training.teacher_finetune.training_pipeline | step 62400 | loss_grouped_ce=nan lr=0.000295436
2026-08-05 20:33:34 INFO  scripts.training.teacher_finetune.training_pipeline | step 62450 | loss_grouped_ce=nan lr=0.000295426
2026-08-05 20:33:56 INFO  scripts.training.teacher_finetune.training_pipeline | step 62500 | loss_grouped_ce=nan lr=0.000295416
2026-08-05 20:34:19 INFO  scripts.training.teacher_finetune.training_pipeline | step 62550 | loss_grouped_ce=nan lr=0.000295406
2026-08-05 20:34:39 INFO  scripts.training.teacher_finetune.training_pipeline | step 62600 | loss_grouped_ce=nan lr=0.000295396
2026-08-05 20:34:59 INFO  scripts.training.teacher_finetune.training_pipeline | step 62650 | loss_grouped_ce=nan lr=0.000295385
2026-08-05 20:35:17 INFO  scripts.training.teacher_finetune.training_pipeline | step 62700 | loss_grouped_ce=nan lr=0.000295375
2026-08-05 20:35:37 INFO  scripts.training.teacher_finetune.training_pipeline | step 62750 | loss_grouped_ce=nan lr=0.000295365
2026-08-05 20:35:53 INFO  scripts.training.teacher_finetune.training_pipeline | step 62800 | loss_grouped_ce=nan lr=0.000295355
2026-08-05 20:36:11 INFO  scripts.training.teacher_finetune.training_pipeline | step 62850 | loss_grouped_ce=nan lr=0.000295345
2026-08-05 20:36:33 INFO  scripts.training.teacher_finetune.training_pipeline | step 62900 | loss_grouped_ce=nan lr=0.000295334
2026-08-05 20:36:55 INFO  scripts.training.teacher_finetune.training_pipeline | step 62950 | loss_grouped_ce=nan lr=0.000295324
2026-08-05 20:37:17 INFO  scripts.training.teacher_finetune.training_pipeline | step 63000 | loss_grouped_ce=nan lr=0.000295314
2026-08-05 20:37:33 INFO  scripts.training.teacher_finetune.training_pipeline | step 63050 | loss_grouped_ce=nan lr=0.000295304
2026-08-05 20:37:55 INFO  scripts.training.teacher_finetune.training_pipeline | step 63100 | loss_grouped_ce=nan lr=0.000295293
2026-08-05 20:38:11 INFO  scripts.training.teacher_finetune.training_pipeline | step 63150 | loss_grouped_ce=nan lr=0.000295283
2026-08-05 20:38:33 INFO  scripts.training.teacher_finetune.training_pipeline | step 63200 | loss_grouped_ce=nan lr=0.000295273
2026-08-05 20:38:55 INFO  scripts.training.teacher_finetune.training_pipeline | step 63250 | loss_grouped_ce=nan lr=0.000295262
2026-08-05 20:39:18 INFO  scripts.training.teacher_finetune.training_pipeline | step 63300 | loss_grouped_ce=nan lr=0.000295252
2026-08-05 20:39:34 INFO  scripts.training.teacher_finetune.training_pipeline | step 63350 | loss_grouped_ce=nan lr=0.000295242
2026-08-05 20:39:50 INFO  scripts.training.teacher_finetune.training_pipeline | step 63400 | loss_grouped_ce=nan lr=0.000295231
2026-08-05 20:40:06 INFO  scripts.training.teacher_finetune.training_pipeline | step 63450 | loss_grouped_ce=nan lr=0.000295221
2026-08-05 20:40:23 INFO  scripts.training.teacher_finetune.training_pipeline | step 63500 | loss_grouped_ce=nan lr=0.000295211
2026-08-05 20:40:39 INFO  scripts.training.teacher_finetune.training_pipeline | step 63550 | loss_grouped_ce=nan lr=0.0002952
2026-08-05 20:40:59 INFO  scripts.training.teacher_finetune.training_pipeline | step 63600 | loss_grouped_ce=nan lr=0.00029519
2026-08-05 20:41:23 INFO  scripts.training.teacher_finetune.training_pipeline | step 63650 | loss_grouped_ce=nan lr=0.000295179
2026-08-05 20:41:44 INFO  scripts.training.teacher_finetune.training_pipeline | step 63700 | loss_grouped_ce=nan lr=0.000295169
2026-08-05 20:42:08 INFO  scripts.training.teacher_finetune.training_pipeline | step 63750 | loss_grouped_ce=nan lr=0.000295159
2026-08-05 20:42:33 INFO  scripts.training.teacher_finetune.training_pipeline | step 63800 | loss_grouped_ce=nan lr=0.000295148
2026-08-05 20:42:58 INFO  scripts.training.teacher_finetune.training_pipeline | step 63850 | loss_grouped_ce=nan lr=0.000295138
2026-08-05 20:43:20 INFO  scripts.training.teacher_finetune.training_pipeline | step 63900 | loss_grouped_ce=nan lr=0.000295127
2026-08-05 20:43:45 INFO  scripts.training.teacher_finetune.training_pipeline | step 63950 | loss_grouped_ce=nan lr=0.000295117
2026-08-05 20:44:09 INFO  scripts.training.teacher_finetune.training_pipeline | step 64000 | loss_grouped_ce=nan lr=0.000295106
2026-08-05 20:44:32 INFO  scripts.training.teacher_finetune.training_pipeline | step 64050 | loss_grouped_ce=nan lr=0.000295096
2026-08-05 20:44:56 INFO  scripts.training.teacher_finetune.training_pipeline | step 64100 | loss_grouped_ce=nan lr=0.000295085
2026-08-05 20:45:21 INFO  scripts.training.teacher_finetune.training_pipeline | step 64150 | loss_grouped_ce=nan lr=0.000295075
2026-08-05 20:45:45 INFO  scripts.training.teacher_finetune.training_pipeline | step 64200 | loss_grouped_ce=nan lr=0.000295064
2026-08-05 20:46:02 INFO  scripts.training.teacher_finetune.training_pipeline | step 64250 | loss_grouped_ce=nan lr=0.000295054
2026-08-05 20:46:26 INFO  scripts.training.teacher_finetune.training_pipeline | step 64300 | loss_grouped_ce=nan lr=0.000295043
2026-08-05 20:46:48 INFO  scripts.training.teacher_finetune.training_pipeline | step 64350 | loss_grouped_ce=nan lr=0.000295033
2026-08-05 20:47:11 INFO  scripts.training.teacher_finetune.training_pipeline | step 64400 | loss_grouped_ce=nan lr=0.000295022
2026-08-05 20:47:36 INFO  scripts.training.teacher_finetune.training_pipeline | step 64450 | loss_grouped_ce=nan lr=0.000295011
2026-08-05 20:47:54 INFO  scripts.training.teacher_finetune.training_pipeline | step 64500 | loss_grouped_ce=nan lr=0.000295001
2026-08-05 20:47:59 INFO  scripts.training.teacher_finetune.training_pipeline | epoch 11/100 — train done in 2478.7s | avg loss_grouped_ce=nan
2026-08-05 20:47:59 INFO  scripts.training.teacher_finetune.evaluate | evaluating on 617 batches
2026-08-05 20:51:59 INFO  scripts.training.teacher_finetune.training_pipeline | epoch 11/100 — val accuracy_top1=0.0000 f1_macro=0.0000 f1_micro=0.0000 (selection f1_macro=0.0000)
2026-08-05 20:52:00 INFO  scripts.training.teacher_finetune.evaluate | mlflow: logged val/accuracy_top1=0.0000 val/f1_macro=0.0000 val/f1_micro=0.0000 (step=10, n=19732)
2026-08-05 20:52:01 INFO  scripts.training.teacher_finetune.evaluate | mlflow: logged val per-source accuracy table (6 sources)
2026-08-05 20:52:02 INFO  scripts.training.teacher_finetune.training_pipeline | saved checkpoint: /app/scripts/training/teacher_finetune/model_exports/teacher-finetune-20260805-113610/last.pt
2026-08-05 20:52:03 INFO  scripts.training.teacher_finetune.training_pipeline | epoch 11/100 done — next lr=0.000294998, epochs_since_improve=7/15
2026-08-05 20:52:03 INFO  scripts.training.teacher_finetune.training_pipeline | epoch 12/100 — train start (lr=0.000294998, batches=5865)
2026-08-05 20:52:23 INFO  scripts.training.teacher_finetune.training_pipeline | step 64550 | loss_grouped_ce=nan lr=0.00029499
2026-08-05 20:52:44 INFO  scripts.training.teacher_finetune.training_pipeline | step 64600 | loss_grouped_ce=nan lr=0.00029498
2026-08-05 20:53:06 INFO  scripts.training.teacher_finetune.training_pipeline | step 64650 | loss_grouped_ce=nan lr=0.000294969
2026-08-05 20:53:31 INFO  scripts.training.teacher_finetune.training_pipeline | step 64700 | loss_grouped_ce=nan lr=0.000294958
2026-08-05 20:53:54 INFO  scripts.training.teacher_finetune.training_pipeline | step 64750 | loss_grouped_ce=nan lr=0.000294948
2026-08-05 20:54:13 INFO  scripts.training.teacher_finetune.training_pipeline | step 64800 | loss_grouped_ce=nan lr=0.000294937
2026-08-05 20:54:37 INFO  scripts.training.teacher_finetune.training_pipeline | step 64850 | loss_grouped_ce=nan lr=0.000294926
2026-08-05 20:54:54 INFO  scripts.training.teacher_finetune.training_pipeline | step 64900 | loss_grouped_ce=nan lr=0.000294916
2026-08-05 20:55:10 INFO  scripts.training.teacher_finetune.training_pipeline | step 64950 | loss_grouped_ce=nan lr=0.000294905
2026-08-05 20:55:34 INFO  scripts.training.teacher_finetune.training_pipeline | step 65000 | loss_grouped_ce=nan lr=0.000294894
2026-08-05 20:55:57 INFO  scripts.training.teacher_finetune.training_pipeline | step 65050 | loss_grouped_ce=nan lr=0.000294884
2026-08-05 20:56:20 INFO  scripts.training.teacher_finetune.training_pipeline | step 65100 | loss_grouped_ce=nan lr=0.000294873
2026-08-05 20:56:45 INFO  scripts.training.teacher_finetune.training_pipeline | step 65150 | loss_grouped_ce=nan lr=0.000294862
2026-08-05 20:57:06 INFO  scripts.training.teacher_finetune.training_pipeline | step 65200 | loss_grouped_ce=nan lr=0.000294851
2026-08-05 20:57:29 INFO  scripts.training.teacher_finetune.training_pipeline | step 65250 | loss_grouped_ce=nan lr=0.000294841
2026-08-05 20:57:54 INFO  scripts.training.teacher_finetune.training_pipeline | step 65300 | loss_grouped_ce=nan lr=0.00029483
2026-08-05 20:58:19 INFO  scripts.training.teacher_finetune.training_pipeline | step 65350 | loss_grouped_ce=nan lr=0.000294819
2026-08-05 20:58:40 INFO  scripts.training.teacher_finetune.training_pipeline | step 65400 | loss_grouped_ce=nan lr=0.000294808
2026-08-05 20:58:56 INFO  scripts.training.teacher_finetune.training_pipeline | step 65450 | loss_grouped_ce=nan lr=0.000294798
2026-08-05 20:59:17 INFO  scripts.training.teacher_finetune.training_pipeline | step 65500 | loss_grouped_ce=nan lr=0.000294787
2026-08-05 20:59:37 INFO  scripts.training.teacher_finetune.training_pipeline | step 65550 | loss_grouped_ce=nan lr=0.000294776
2026-08-05 20:59:59 INFO  scripts.training.teacher_finetune.training_pipeline | step 65600 | loss_grouped_ce=nan lr=0.000294765
2026-08-05 21:00:21 INFO  scripts.training.teacher_finetune.training_pipeline | step 65650 | loss_grouped_ce=nan lr=0.000294754
2026-08-05 21:00:43 INFO  scripts.training.teacher_finetune.training_pipeline | step 65700 | loss_grouped_ce=nan lr=0.000294743
2026-08-05 21:01:07 INFO  scripts.training.teacher_finetune.training_pipeline | step 65750 | loss_grouped_ce=nan lr=0.000294732
2026-08-05 21:01:24 INFO  scripts.training.teacher_finetune.training_pipeline | step 65800 | loss_grouped_ce=nan lr=0.000294722
2026-08-05 21:01:46 INFO  scripts.training.teacher_finetune.training_pipeline | step 65850 | loss_grouped_ce=nan lr=0.000294711
2026-08-05 21:02:06 INFO  scripts.training.teacher_finetune.training_pipeline | step 65900 | loss_grouped_ce=nan lr=0.0002947
2026-08-05 21:02:25 INFO  scripts.training.teacher_finetune.training_pipeline | step 65950 | loss_grouped_ce=nan lr=0.000294689
2026-08-05 21:02:46 INFO  scripts.training.teacher_finetune.training_pipeline | step 66000 | loss_grouped_ce=nan lr=0.000294678
2026-08-05 21:03:02 INFO  scripts.training.teacher_finetune.training_pipeline | step 66050 | loss_grouped_ce=nan lr=0.000294667
2026-08-05 21:03:18 INFO  scripts.training.teacher_finetune.training_pipeline | step 66100 | loss_grouped_ce=nan lr=0.000294656
2026-08-05 21:03:43 INFO  scripts.training.teacher_finetune.training_pipeline | step 66150 | loss_grouped_ce=nan lr=0.000294645
2026-08-05 21:04:00 INFO  scripts.training.teacher_finetune.training_pipeline | step 66200 | loss_grouped_ce=nan lr=0.000294634
2026-08-05 21:04:17 INFO  scripts.training.teacher_finetune.training_pipeline | step 66250 | loss_grouped_ce=nan lr=0.000294623
2026-08-05 21:04:38 INFO  scripts.training.teacher_finetune.training_pipeline | step 66300 | loss_grouped_ce=nan lr=0.000294612
2026-08-05 21:04:59 INFO  scripts.training.teacher_finetune.training_pipeline | step 66350 | loss_grouped_ce=nan lr=0.000294601
2026-08-05 21:05:24 INFO  scripts.training.teacher_finetune.training_pipeline | step 66400 | loss_grouped_ce=nan lr=0.00029459
2026-08-05 21:05:49 INFO  scripts.training.teacher_finetune.training_pipeline | step 66450 | loss_grouped_ce=nan lr=0.000294579
2026-08-05 21:06:09 INFO  scripts.training.teacher_finetune.training_pipeline | step 66500 | loss_grouped_ce=nan lr=0.000294568
2026-08-05 21:06:25 INFO  scripts.training.teacher_finetune.training_pipeline | step 66550 | loss_grouped_ce=nan lr=0.000294557
2026-08-05 21:06:45 INFO  scripts.training.teacher_finetune.training_pipeline | step 66600 | loss_grouped_ce=nan lr=0.000294546
2026-08-05 21:07:06 INFO  scripts.training.teacher_finetune.training_pipeline | step 66650 | loss_grouped_ce=nan lr=0.000294535
2026-08-05 21:07:32 INFO  scripts.training.teacher_finetune.training_pipeline | step 66700 | loss_grouped_ce=nan lr=0.000294524
2026-08-05 21:07:56 INFO  scripts.training.teacher_finetune.training_pipeline | step 66750 | loss_grouped_ce=nan lr=0.000294513
2026-08-05 21:08:12 INFO  scripts.training.teacher_finetune.training_pipeline | step 66800 | loss_grouped_ce=nan lr=0.000294502
2026-08-05 21:08:31 INFO  scripts.training.teacher_finetune.training_pipeline | step 66850 | loss_grouped_ce=nan lr=0.000294491
2026-08-05 21:08:55 INFO  scripts.training.teacher_finetune.training_pipeline | step 66900 | loss_grouped_ce=nan lr=0.000294479
2026-08-05 21:09:20 INFO  scripts.training.teacher_finetune.training_pipeline | step 66950 | loss_grouped_ce=nan lr=0.000294468
2026-08-05 21:09:40 INFO  scripts.training.teacher_finetune.training_pipeline | step 67000 | loss_grouped_ce=nan lr=0.000294457
2026-08-05 21:09:59 INFO  scripts.training.teacher_finetune.training_pipeline | step 67050 | loss_grouped_ce=nan lr=0.000294446
2026-08-05 21:10:25 INFO  scripts.training.teacher_finetune.training_pipeline | step 67100 | loss_grouped_ce=nan lr=0.000294435
2026-08-05 21:10:41 INFO  scripts.training.teacher_finetune.training_pipeline | step 67150 | loss_grouped_ce=nan lr=0.000294424
2026-08-05 21:11:00 INFO  scripts.training.teacher_finetune.training_pipeline | step 67200 | loss_grouped_ce=nan lr=0.000294413
2026-08-05 21:11:19 INFO  scripts.training.teacher_finetune.training_pipeline | step 67250 | loss_grouped_ce=nan lr=0.000294401
2026-08-05 21:11:39 INFO  scripts.training.teacher_finetune.training_pipeline | step 67300 | loss_grouped_ce=nan lr=0.00029439
2026-08-05 21:12:06 INFO  scripts.training.teacher_finetune.training_pipeline | step 67350 | loss_grouped_ce=nan lr=0.000294379
2026-08-05 21:12:23 INFO  scripts.training.teacher_finetune.training_pipeline | step 67400 | loss_grouped_ce=nan lr=0.000294368
2026-08-05 21:12:42 INFO  scripts.training.teacher_finetune.training_pipeline | step 67450 | loss_grouped_ce=nan lr=0.000294356
2026-08-05 21:13:03 INFO  scripts.training.teacher_finetune.training_pipeline | step 67500 | loss_grouped_ce=nan lr=0.000294345
2026-08-05 21:13:24 INFO  scripts.training.teacher_finetune.training_pipeline | step 67550 | loss_grouped_ce=nan lr=0.000294334
2026-08-05 21:13:44 INFO  scripts.training.teacher_finetune.training_pipeline | step 67600 | loss_grouped_ce=nan lr=0.000294323
2026-08-05 21:14:06 INFO  scripts.training.teacher_finetune.training_pipeline | step 67650 | loss_grouped_ce=nan lr=0.000294311
2026-08-05 21:14:23 INFO  scripts.training.teacher_finetune.training_pipeline | step 67700 | loss_grouped_ce=nan lr=0.0002943
2026-08-05 21:14:39 INFO  scripts.training.teacher_finetune.training_pipeline | step 67750 | loss_grouped_ce=nan lr=0.000294289
2026-08-05 21:15:03 INFO  scripts.training.teacher_finetune.training_pipeline | step 67800 | loss_grouped_ce=nan lr=0.000294277
2026-08-05 21:15:23 INFO  scripts.training.teacher_finetune.training_pipeline | step 67850 | loss_grouped_ce=nan lr=0.000294266
2026-08-05 21:15:46 INFO  scripts.training.teacher_finetune.training_pipeline | step 67900 | loss_grouped_ce=nan lr=0.000294255
2026-08-05 21:16:08 INFO  scripts.training.teacher_finetune.training_pipeline | step 67950 | loss_grouped_ce=nan lr=0.000294243
2026-08-05 21:16:30 INFO  scripts.training.teacher_finetune.training_pipeline | step 68000 | loss_grouped_ce=nan lr=0.000294232
2026-08-05 21:16:46 INFO  scripts.training.teacher_finetune.training_pipeline | step 68050 | loss_grouped_ce=nan lr=0.000294221
2026-08-05 21:17:04 INFO  scripts.training.teacher_finetune.training_pipeline | step 68100 | loss_grouped_ce=nan lr=0.000294209
2026-08-05 21:17:28 INFO  scripts.training.teacher_finetune.training_pipeline | step 68150 | loss_grouped_ce=nan lr=0.000294198
2026-08-05 21:17:44 INFO  scripts.training.teacher_finetune.training_pipeline | step 68200 | loss_grouped_ce=nan lr=0.000294186
2026-08-05 21:18:05 INFO  scripts.training.teacher_finetune.training_pipeline | step 68250 | loss_grouped_ce=nan lr=0.000294175
2026-08-05 21:18:21 INFO  scripts.training.teacher_finetune.training_pipeline | step 68300 | loss_grouped_ce=nan lr=0.000294164
2026-08-05 21:18:41 INFO  scripts.training.teacher_finetune.training_pipeline | step 68350 | loss_grouped_ce=nan lr=0.000294152
2026-08-05 21:19:03 INFO  scripts.training.teacher_finetune.training_pipeline | step 68400 | loss_grouped_ce=nan lr=0.000294141
2026-08-05 21:19:24 INFO  scripts.training.teacher_finetune.training_pipeline | step 68450 | loss_grouped_ce=nan lr=0.000294129
2026-08-05 21:19:45 INFO  scripts.training.teacher_finetune.training_pipeline | step 68500 | loss_grouped_ce=nan lr=0.000294118
2026-08-05 21:20:03 INFO  scripts.training.teacher_finetune.training_pipeline | step 68550 | loss_grouped_ce=nan lr=0.000294106
2026-08-05 21:20:28 INFO  scripts.training.teacher_finetune.training_pipeline | step 68600 | loss_grouped_ce=nan lr=0.000294095
2026-08-05 21:20:54 INFO  scripts.training.teacher_finetune.training_pipeline | step 68650 | loss_grouped_ce=nan lr=0.000294083
2026-08-05 21:21:19 INFO  scripts.training.teacher_finetune.training_pipeline | step 68700 | loss_grouped_ce=nan lr=0.000294072
2026-08-05 21:21:44 INFO  scripts.training.teacher_finetune.training_pipeline | step 68750 | loss_grouped_ce=nan lr=0.00029406
2026-08-05 21:22:09 INFO  scripts.training.teacher_finetune.training_pipeline | step 68800 | loss_grouped_ce=nan lr=0.000294049
2026-08-05 21:22:34 INFO  scripts.training.teacher_finetune.training_pipeline | step 68850 | loss_grouped_ce=nan lr=0.000294037
2026-08-05 21:22:54 INFO  scripts.training.teacher_finetune.training_pipeline | step 68900 | loss_grouped_ce=nan lr=0.000294026
2026-08-05 21:23:14 INFO  scripts.training.teacher_finetune.training_pipeline | step 68950 | loss_grouped_ce=nan lr=0.000294014
2026-08-05 21:23:31 INFO  scripts.training.teacher_finetune.training_pipeline | step 69000 | loss_grouped_ce=nan lr=0.000294002
2026-08-05 21:23:54 INFO  scripts.training.teacher_finetune.training_pipeline | step 69050 | loss_grouped_ce=nan lr=0.000293991
2026-08-05 21:24:17 INFO  scripts.training.teacher_finetune.training_pipeline | step 69100 | loss_grouped_ce=nan lr=0.000293979
2026-08-05 21:24:34 INFO  scripts.training.teacher_finetune.training_pipeline | step 69150 | loss_grouped_ce=nan lr=0.000293968
2026-08-05 21:24:59 INFO  scripts.training.teacher_finetune.training_pipeline | step 69200 | loss_grouped_ce=nan lr=0.000293956
2026-08-05 21:25:24 INFO  scripts.training.teacher_finetune.training_pipeline | step 69250 | loss_grouped_ce=nan lr=0.000293944
2026-08-05 21:25:46 INFO  scripts.training.teacher_finetune.training_pipeline | step 69300 | loss_grouped_ce=nan lr=0.000293933
2026-08-05 21:26:10 INFO  scripts.training.teacher_finetune.training_pipeline | step 69350 | loss_grouped_ce=nan lr=0.000293921
2026-08-05 21:26:35 INFO  scripts.training.teacher_finetune.training_pipeline | step 69400 | loss_grouped_ce=nan lr=0.000293909
2026-08-05 21:26:55 INFO  scripts.training.teacher_finetune.training_pipeline | step 69450 | loss_grouped_ce=nan lr=0.000293898
2026-08-05 21:27:16 INFO  scripts.training.teacher_finetune.training_pipeline | step 69500 | loss_grouped_ce=nan lr=0.000293886
2026-08-05 21:27:37 INFO  scripts.training.teacher_finetune.training_pipeline | step 69550 | loss_grouped_ce=nan lr=0.000293874
2026-08-05 21:28:01 INFO  scripts.training.teacher_finetune.training_pipeline | step 69600 | loss_grouped_ce=nan lr=0.000293863
2026-08-05 21:28:22 INFO  scripts.training.teacher_finetune.training_pipeline | step 69650 | loss_grouped_ce=nan lr=0.000293851
2026-08-05 21:28:39 INFO  scripts.training.teacher_finetune.training_pipeline | step 69700 | loss_grouped_ce=nan lr=0.000293839
2026-08-05 21:29:00 INFO  scripts.training.teacher_finetune.training_pipeline | step 69750 | loss_grouped_ce=nan lr=0.000293827
2026-08-05 21:29:25 INFO  scripts.training.teacher_finetune.training_pipeline | step 69800 | loss_grouped_ce=nan lr=0.000293816
2026-08-05 21:29:43 INFO  scripts.training.teacher_finetune.training_pipeline | step 69850 | loss_grouped_ce=nan lr=0.000293804
2026-08-05 21:30:03 INFO  scripts.training.teacher_finetune.training_pipeline | step 69900 | loss_grouped_ce=nan lr=0.000293792
2026-08-05 21:30:19 INFO  scripts.training.teacher_finetune.training_pipeline | step 69950 | loss_grouped_ce=nan lr=0.00029378
2026-08-05 21:30:41 INFO  scripts.training.teacher_finetune.training_pipeline | step 70000 | loss_grouped_ce=nan lr=0.000293769
2026-08-05 21:31:04 INFO  scripts.training.teacher_finetune.training_pipeline | step 70050 | loss_grouped_ce=nan lr=0.000293757
2026-08-05 21:31:24 INFO  scripts.training.teacher_finetune.training_pipeline | step 70100 | loss_grouped_ce=nan lr=0.000293745
2026-08-05 21:31:47 INFO  scripts.training.teacher_finetune.training_pipeline | step 70150 | loss_grouped_ce=nan lr=0.000293733
2026-08-05 21:32:07 INFO  scripts.training.teacher_finetune.training_pipeline | step 70200 | loss_grouped_ce=nan lr=0.000293721
2026-08-05 21:32:28 INFO  scripts.training.teacher_finetune.training_pipeline | step 70250 | loss_grouped_ce=nan lr=0.000293709
2026-08-05 21:32:53 INFO  scripts.training.teacher_finetune.training_pipeline | step 70300 | loss_grouped_ce=nan lr=0.000293697
2026-08-05 21:33:16 INFO  scripts.training.teacher_finetune.training_pipeline | step 70350 | loss_grouped_ce=nan lr=0.000293686
2026-08-05 21:33:28 INFO  scripts.training.teacher_finetune.training_pipeline | epoch 12/100 — train done in 2485.7s | avg loss_grouped_ce=nan
2026-08-05 21:33:28 INFO  scripts.training.teacher_finetune.evaluate | evaluating on 617 batches
2026-08-05 21:37:20 INFO  scripts.training.teacher_finetune.training_pipeline | epoch 12/100 — val accuracy_top1=0.0000 f1_macro=0.0000 f1_micro=0.0000 (selection f1_macro=0.0000)
2026-08-05 21:37:21 INFO  scripts.training.teacher_finetune.evaluate | mlflow: logged val/accuracy_top1=0.0000 val/f1_macro=0.0000 val/f1_micro=0.0000 (step=11, n=19732)
2026-08-05 21:37:22 INFO  scripts.training.teacher_finetune.evaluate | mlflow: logged val per-source accuracy table (6 sources)
2026-08-05 21:37:23 INFO  scripts.training.teacher_finetune.training_pipeline | saved checkpoint: /app/scripts/training/teacher_finetune/model_exports/teacher-finetune-20260805-113610/last.pt
2026-08-05 21:37:24 INFO  scripts.training.teacher_finetune.training_pipeline | epoch 12/100 done — next lr=0.000293679, epochs_since_improve=8/15
2026-08-05 21:37:24 INFO  scripts.training.teacher_finetune.training_pipeline | epoch 13/100 — train start (lr=0.000293679, batches=5865)
2026-08-05 21:37:36 INFO  scripts.training.teacher_finetune.training_pipeline | step 70400 | loss_grouped_ce=nan lr=0.000293674
2026-08-05 21:37:55 INFO  scripts.training.teacher_finetune.training_pipeline | step 70450 | loss_grouped_ce=nan lr=0.000293662
2026-08-05 21:38:20 INFO  scripts.training.teacher_finetune.training_pipeline | step 70500 | loss_grouped_ce=nan lr=0.00029365
2026-08-05 21:38:41 INFO  scripts.training.teacher_finetune.training_pipeline | step 70550 | loss_grouped_ce=nan lr=0.000293638
2026-08-05 21:38:59 INFO  scripts.training.teacher_finetune.training_pipeline | step 70600 | loss_grouped_ce=nan lr=0.000293626
2026-08-05 21:39:19 INFO  scripts.training.teacher_finetune.training_pipeline | step 70650 | loss_grouped_ce=nan lr=0.000293614
2026-08-05 21:39:41 INFO  scripts.training.teacher_finetune.training_pipeline | step 70700 | loss_grouped_ce=nan lr=0.000293602
2026-08-05 21:39:58 INFO  scripts.training.teacher_finetune.training_pipeline | step 70750 | loss_grouped_ce=nan lr=0.00029359
2026-08-05 21:40:17 INFO  scripts.training.teacher_finetune.training_pipeline | step 70800 | loss_grouped_ce=nan lr=0.000293578
2026-08-05 21:40:36 INFO  scripts.training.teacher_finetune.training_pipeline | step 70850 | loss_grouped_ce=nan lr=0.000293566
2026-08-05 21:40:56 INFO  scripts.training.teacher_finetune.training_pipeline | step 70900 | loss_grouped_ce=nan lr=0.000293554
2026-08-05 21:41:13 INFO  scripts.training.teacher_finetune.training_pipeline | step 70950 | loss_grouped_ce=nan lr=0.000293542
2026-08-05 21:41:32 INFO  scripts.training.teacher_finetune.training_pipeline | step 71000 | loss_grouped_ce=nan lr=0.00029353
2026-08-05 21:41:48 INFO  scripts.training.teacher_finetune.training_pipeline | step 71050 | loss_grouped_ce=nan lr=0.000293518
2026-08-05 21:42:04 INFO  scripts.training.teacher_finetune.training_pipeline | step 71100 | loss_grouped_ce=nan lr=0.000293506
2026-08-05 21:42:26 INFO  scripts.training.teacher_finetune.training_pipeline | step 71150 | loss_grouped_ce=nan lr=0.000293494
2026-08-05 21:42:47 INFO  scripts.training.teacher_finetune.training_pipeline | step 71200 | loss_grouped_ce=nan lr=0.000293482
2026-08-05 21:43:03 INFO  scripts.training.teacher_finetune.training_pipeline | step 71250 | loss_grouped_ce=nan lr=0.00029347
2026-08-05 21:43:20 INFO  scripts.training.teacher_finetune.training_pipeline | step 71300 | loss_grouped_ce=nan lr=0.000293458
2026-08-05 21:43:37 INFO  scripts.training.teacher_finetune.training_pipeline | step 71350 | loss_grouped_ce=nan lr=0.000293446
2026-08-05 21:43:53 INFO  scripts.training.teacher_finetune.training_pipeline | step 71400 | loss_grouped_ce=nan lr=0.000293434
2026-08-05 21:44:09 INFO  scripts.training.teacher_finetune.training_pipeline | step 71450 | loss_grouped_ce=nan lr=0.000293421
2026-08-05 21:44:25 INFO  scripts.training.teacher_finetune.training_pipeline | step 71500 | loss_grouped_ce=nan lr=0.000293409
2026-08-05 21:44:45 INFO  scripts.training.teacher_finetune.training_pipeline | step 71550 | loss_grouped_ce=nan lr=0.000293397
2026-08-05 21:45:09 INFO  scripts.training.teacher_finetune.training_pipeline | step 71600 | loss_grouped_ce=nan lr=0.000293385
2026-08-05 21:45:28 INFO  scripts.training.teacher_finetune.training_pipeline | step 71650 | loss_grouped_ce=nan lr=0.000293373
2026-08-05 21:45:53 INFO  scripts.training.teacher_finetune.training_pipeline | step 71700 | loss_grouped_ce=nan lr=0.000293361
2026-08-05 21:46:18 INFO  scripts.training.teacher_finetune.training_pipeline | step 71750 | loss_grouped_ce=nan lr=0.000293349
2026-08-05 21:46:43 INFO  scripts.training.teacher_finetune.training_pipeline | step 71800 | loss_grouped_ce=nan lr=0.000293336
2026-08-05 21:47:04 INFO  scripts.training.teacher_finetune.training_pipeline | step 71850 | loss_grouped_ce=nan lr=0.000293324
2026-08-05 21:47:20 INFO  scripts.training.teacher_finetune.training_pipeline | step 71900 | loss_grouped_ce=nan lr=0.000293312
2026-08-05 21:47:39 INFO  scripts.training.teacher_finetune.training_pipeline | step 71950 | loss_grouped_ce=nan lr=0.0002933
2026-08-05 21:48:04 INFO  scripts.training.teacher_finetune.training_pipeline | step 72000 | loss_grouped_ce=nan lr=0.000293287
2026-08-05 21:48:29 INFO  scripts.training.teacher_finetune.training_pipeline | step 72050 | loss_grouped_ce=nan lr=0.000293275
2026-08-05 21:48:48 INFO  scripts.training.teacher_finetune.training_pipeline | step 72100 | loss_grouped_ce=nan lr=0.000293263
2026-08-05 21:49:13 INFO  scripts.training.teacher_finetune.training_pipeline | step 72150 | loss_grouped_ce=nan lr=0.000293251
2026-08-05 21:49:38 INFO  scripts.training.teacher_finetune.training_pipeline | step 72200 | loss_grouped_ce=nan lr=0.000293238
2026-08-05 21:49:54 INFO  scripts.training.teacher_finetune.training_pipeline | step 72250 | loss_grouped_ce=nan lr=0.000293226
2026-08-05 21:50:11 INFO  scripts.training.teacher_finetune.training_pipeline | step 72300 | loss_grouped_ce=nan lr=0.000293214
2026-08-05 21:50:29 INFO  scripts.training.teacher_finetune.training_pipeline | step 72350 | loss_grouped_ce=nan lr=0.000293201
2026-08-05 21:50:45 INFO  scripts.training.teacher_finetune.training_pipeline | step 72400 | loss_grouped_ce=nan lr=0.000293189
2026-08-05 21:51:08 INFO  scripts.training.teacher_finetune.training_pipeline | step 72450 | loss_grouped_ce=nan lr=0.000293177
2026-08-05 21:51:31 INFO  scripts.training.teacher_finetune.training_pipeline | step 72500 | loss_grouped_ce=nan lr=0.000293164
2026-08-05 21:51:50 INFO  scripts.training.teacher_finetune.training_pipeline | step 72550 | loss_grouped_ce=nan lr=0.000293152
2026-08-05 21:52:07 INFO  scripts.training.teacher_finetune.training_pipeline | step 72600 | loss_grouped_ce=nan lr=0.00029314
2026-08-05 21:52:29 INFO  scripts.training.teacher_finetune.training_pipeline | step 72650 | loss_grouped_ce=nan lr=0.000293127
2026-08-05 21:52:48 INFO  scripts.training.teacher_finetune.training_pipeline | step 72700 | loss_grouped_ce=nan lr=0.000293115
2026-08-05 21:53:06 INFO  scripts.training.teacher_finetune.training_pipeline | step 72750 | loss_grouped_ce=nan lr=0.000293103
2026-08-05 21:53:28 INFO  scripts.training.teacher_finetune.training_pipeline | step 72800 | loss_grouped_ce=nan lr=0.00029309
2026-08-05 21:53:44 INFO  scripts.training.teacher_finetune.training_pipeline | step 72850 | loss_grouped_ce=nan lr=0.000293078
2026-08-05 21:54:04 INFO  scripts.training.teacher_finetune.training_pipeline | step 72900 | loss_grouped_ce=nan lr=0.000293065
2026-08-05 21:54:25 INFO  scripts.training.teacher_finetune.training_pipeline | step 72950 | loss_grouped_ce=nan lr=0.000293053
2026-08-05 21:54:50 INFO  scripts.training.teacher_finetune.training_pipeline | step 73000 | loss_grouped_ce=nan lr=0.00029304
2026-08-05 21:55:16 INFO  scripts.training.teacher_finetune.training_pipeline | step 73050 | loss_grouped_ce=nan lr=0.000293028
2026-08-05 21:55:36 INFO  scripts.training.teacher_finetune.training_pipeline | step 73100 | loss_grouped_ce=nan lr=0.000293015
2026-08-05 21:55:54 INFO  scripts.training.teacher_finetune.training_pipeline | step 73150 | loss_grouped_ce=nan lr=0.000293003
2026-08-05 21:56:20 INFO  scripts.training.teacher_finetune.training_pipeline | step 73200 | loss_grouped_ce=nan lr=0.00029299
2026-08-05 21:56:43 INFO  scripts.training.teacher_finetune.training_pipeline | step 73250 | loss_grouped_ce=nan lr=0.000292978
2026-08-05 21:57:08 INFO  scripts.training.teacher_finetune.training_pipeline | step 73300 | loss_grouped_ce=nan lr=0.000292965
2026-08-05 21:57:33 INFO  scripts.training.teacher_finetune.training_pipeline | step 73350 | loss_grouped_ce=nan lr=0.000292953
2026-08-05 21:57:59 INFO  scripts.training.teacher_finetune.training_pipeline | step 73400 | loss_grouped_ce=nan lr=0.00029294
2026-08-05 21:58:24 INFO  scripts.training.teacher_finetune.training_pipeline | step 73450 | loss_grouped_ce=nan lr=0.000292928
2026-08-05 21:58:50 INFO  scripts.training.teacher_finetune.training_pipeline | step 73500 | loss_grouped_ce=nan lr=0.000292915
2026-08-05 21:59:16 INFO  scripts.training.teacher_finetune.training_pipeline | step 73550 | loss_grouped_ce=nan lr=0.000292903
2026-08-05 21:59:41 INFO  scripts.training.teacher_finetune.training_pipeline | step 73600 | loss_grouped_ce=nan lr=0.00029289
2026-08-05 22:00:04 INFO  scripts.training.teacher_finetune.training_pipeline | step 73650 | loss_grouped_ce=nan lr=0.000292877
2026-08-05 22:00:28 INFO  scripts.training.teacher_finetune.training_pipeline | step 73700 | loss_grouped_ce=nan lr=0.000292865
2026-08-05 22:00:47 INFO  scripts.training.teacher_finetune.training_pipeline | step 73750 | loss_grouped_ce=nan lr=0.000292852
2026-08-05 22:01:10 INFO  scripts.training.teacher_finetune.training_pipeline | step 73800 | loss_grouped_ce=nan lr=0.00029284
2026-08-05 22:01:33 INFO  scripts.training.teacher_finetune.training_pipeline | step 73850 | loss_grouped_ce=nan lr=0.000292827
2026-08-05 22:01:59 INFO  scripts.training.teacher_finetune.training_pipeline | step 73900 | loss_grouped_ce=nan lr=0.000292814
2026-08-05 22:02:22 INFO  scripts.training.teacher_finetune.training_pipeline | step 73950 | loss_grouped_ce=nan lr=0.000292802
2026-08-05 22:02:42 INFO  scripts.training.teacher_finetune.training_pipeline | step 74000 | loss_grouped_ce=nan lr=0.000292789
2026-08-05 22:03:02 INFO  scripts.training.teacher_finetune.training_pipeline | step 74050 | loss_grouped_ce=nan lr=0.000292776
2026-08-05 22:03:22 INFO  scripts.training.teacher_finetune.training_pipeline | step 74100 | loss_grouped_ce=nan lr=0.000292764
2026-08-05 22:03:40 INFO  scripts.training.teacher_finetune.training_pipeline | step 74150 | loss_grouped_ce=nan lr=0.000292751
2026-08-05 22:04:04 INFO  scripts.training.teacher_finetune.training_pipeline | step 74200 | loss_grouped_ce=nan lr=0.000292738
2026-08-05 22:04:22 INFO  scripts.training.teacher_finetune.training_pipeline | step 74250 | loss_grouped_ce=nan lr=0.000292725
2026-08-05 22:04:44 INFO  scripts.training.teacher_finetune.training_pipeline | step 74300 | loss_grouped_ce=nan lr=0.000292713
2026-08-05 22:05:05 INFO  scripts.training.teacher_finetune.training_pipeline | step 74350 | loss_grouped_ce=nan lr=0.0002927
2026-08-05 22:05:24 INFO  scripts.training.teacher_finetune.training_pipeline | step 74400 | loss_grouped_ce=nan lr=0.000292687
2026-08-05 22:05:43 INFO  scripts.training.teacher_finetune.training_pipeline | step 74450 | loss_grouped_ce=nan lr=0.000292674
2026-08-05 22:06:03 INFO  scripts.training.teacher_finetune.training_pipeline | step 74500 | loss_grouped_ce=nan lr=0.000292662
2026-08-05 22:06:26 INFO  scripts.training.teacher_finetune.training_pipeline | step 74550 | loss_grouped_ce=nan lr=0.000292649
2026-08-05 22:06:43 INFO  scripts.training.teacher_finetune.training_pipeline | step 74600 | loss_grouped_ce=nan lr=0.000292636
2026-08-05 22:07:05 INFO  scripts.training.teacher_finetune.training_pipeline | step 74650 | loss_grouped_ce=nan lr=0.000292623
2026-08-05 22:07:29 INFO  scripts.training.teacher_finetune.training_pipeline | step 74700 | loss_grouped_ce=nan lr=0.00029261
2026-08-05 22:07:52 INFO  scripts.training.teacher_finetune.training_pipeline | step 74750 | loss_grouped_ce=nan lr=0.000292598
2026-08-05 22:08:08 INFO  scripts.training.teacher_finetune.training_pipeline | step 74800 | loss_grouped_ce=nan lr=0.000292585
2026-08-05 22:08:24 INFO  scripts.training.teacher_finetune.training_pipeline | step 74850 | loss_grouped_ce=nan lr=0.000292572
2026-08-05 22:08:41 INFO  scripts.training.teacher_finetune.training_pipeline | step 74900 | loss_grouped_ce=nan lr=0.000292559
2026-08-05 22:09:01 INFO  scripts.training.teacher_finetune.training_pipeline | step 74950 | loss_grouped_ce=nan lr=0.000292546
2026-08-05 22:09:19 INFO  scripts.training.teacher_finetune.training_pipeline | step 75000 | loss_grouped_ce=nan lr=0.000292533
2026-08-05 22:09:38 INFO  scripts.training.teacher_finetune.training_pipeline | step 75050 | loss_grouped_ce=nan lr=0.00029252
2026-08-05 22:10:02 INFO  scripts.training.teacher_finetune.training_pipeline | step 75100 | loss_grouped_ce=nan lr=0.000292507
2026-08-05 22:10:23 INFO  scripts.training.teacher_finetune.training_pipeline | step 75150 | loss_grouped_ce=nan lr=0.000292494
2026-08-05 22:10:42 INFO  scripts.training.teacher_finetune.training_pipeline | step 75200 | loss_grouped_ce=nan lr=0.000292481
2026-08-05 22:10:58 INFO  scripts.training.teacher_finetune.training_pipeline | step 75250 | loss_grouped_ce=nan lr=0.000292469
2026-08-05 22:11:23 INFO  scripts.training.teacher_finetune.training_pipeline | step 75300 | loss_grouped_ce=nan lr=0.000292456
2026-08-05 22:11:39 INFO  scripts.training.teacher_finetune.training_pipeline | step 75350 | loss_grouped_ce=nan lr=0.000292443
2026-08-05 22:11:55 INFO  scripts.training.teacher_finetune.training_pipeline | step 75400 | loss_grouped_ce=nan lr=0.00029243
2026-08-05 22:12:11 INFO  scripts.training.teacher_finetune.training_pipeline | step 75450 | loss_grouped_ce=nan lr=0.000292417
2026-08-05 22:12:27 INFO  scripts.training.teacher_finetune.training_pipeline | step 75500 | loss_grouped_ce=nan lr=0.000292404
2026-08-05 22:12:43 INFO  scripts.training.teacher_finetune.training_pipeline | step 75550 | loss_grouped_ce=nan lr=0.000292391
2026-08-05 22:13:01 INFO  scripts.training.teacher_finetune.training_pipeline | step 75600 | loss_grouped_ce=nan lr=0.000292378
2026-08-05 22:13:26 INFO  scripts.training.teacher_finetune.training_pipeline | step 75650 | loss_grouped_ce=nan lr=0.000292365
2026-08-05 22:13:52 INFO  scripts.training.teacher_finetune.training_pipeline | step 75700 | loss_grouped_ce=nan lr=0.000292352
2026-08-05 22:14:15 INFO  scripts.training.teacher_finetune.training_pipeline | step 75750 | loss_grouped_ce=nan lr=0.000292338
2026-08-05 22:14:33 INFO  scripts.training.teacher_finetune.training_pipeline | step 75800 | loss_grouped_ce=nan lr=0.000292325
2026-08-05 22:14:55 INFO  scripts.training.teacher_finetune.training_pipeline | step 75850 | loss_grouped_ce=nan lr=0.000292312
2026-08-05 22:15:16 INFO  scripts.training.teacher_finetune.training_pipeline | step 75900 | loss_grouped_ce=nan lr=0.000292299
2026-08-05 22:15:42 INFO  scripts.training.teacher_finetune.training_pipeline | step 75950 | loss_grouped_ce=nan lr=0.000292286
2026-08-05 22:16:01 INFO  scripts.training.teacher_finetune.training_pipeline | step 76000 | loss_grouped_ce=nan lr=0.000292273
2026-08-05 22:16:19 INFO  scripts.training.teacher_finetune.training_pipeline | step 76050 | loss_grouped_ce=nan lr=0.00029226
2026-08-05 22:16:39 INFO  scripts.training.teacher_finetune.training_pipeline | step 76100 | loss_grouped_ce=nan lr=0.000292247
2026-08-05 22:17:04 INFO  scripts.training.teacher_finetune.training_pipeline | step 76150 | loss_grouped_ce=nan lr=0.000292234
2026-08-05 22:17:27 INFO  scripts.training.teacher_finetune.training_pipeline | step 76200 | loss_grouped_ce=nan lr=0.00029222
2026-08-05 22:17:46 INFO  scripts.training.teacher_finetune.training_pipeline | epoch 13/100 — train done in 2422.5s | avg loss_grouped_ce=nan
2026-08-05 22:17:46 INFO  scripts.training.teacher_finetune.evaluate | evaluating on 617 batches
2026-08-05 22:21:45 INFO  scripts.training.teacher_finetune.training_pipeline | epoch 13/100 — val accuracy_top1=0.0000 f1_macro=0.0000 f1_micro=0.0000 (selection f1_macro=0.0000)
2026-08-05 22:21:46 INFO  scripts.training.teacher_finetune.evaluate | mlflow: logged val/accuracy_top1=0.0000 val/f1_macro=0.0000 val/f1_micro=0.0000 (step=12, n=19732)
2026-08-05 22:21:46 INFO  scripts.training.teacher_finetune.evaluate | mlflow: logged val per-source accuracy table (6 sources)
2026-08-05 22:21:48 INFO  scripts.training.teacher_finetune.training_pipeline | saved checkpoint: /app/scripts/training/teacher_finetune/model_exports/teacher-finetune-20260805-113610/last.pt
2026-08-05 22:21:48 INFO  scripts.training.teacher_finetune.training_pipeline | epoch 13/100 done — next lr=0.000292209, epochs_since_improve=9/15
2026-08-05 22:21:48 INFO  scripts.training.teacher_finetune.training_pipeline | epoch 14/100 — train start (lr=0.000292209, batches=5865)
2026-08-05 22:21:55 INFO  scripts.training.teacher_finetune.training_pipeline | step 76250 | loss_grouped_ce=nan lr=0.000292207
2026-08-05 22:22:12 INFO  scripts.training.teacher_finetune.training_pipeline | step 76300 | loss_grouped_ce=nan lr=0.000292194
2026-08-05 22:22:29 INFO  scripts.training.teacher_finetune.training_pipeline | step 76350 | loss_grouped_ce=nan lr=0.000292181
2026-08-05 22:22:51 INFO  scripts.training.teacher_finetune.training_pipeline | step 76400 | loss_grouped_ce=nan lr=0.000292168
2026-08-05 22:23:14 INFO  scripts.training.teacher_finetune.training_pipeline | step 76450 | loss_grouped_ce=nan lr=0.000292155
2026-08-05 22:23:31 INFO  scripts.training.teacher_finetune.training_pipeline | step 76500 | loss_grouped_ce=nan lr=0.000292141
2026-08-05 22:23:49 INFO  scripts.training.teacher_finetune.training_pipeline | step 76550 | loss_grouped_ce=nan lr=0.000292128
2026-08-05 22:24:16 INFO  scripts.training.teacher_finetune.training_pipeline | step 76600 | loss_grouped_ce=nan lr=0.000292115
2026-08-05 22:24:42 INFO  scripts.training.teacher_finetune.training_pipeline | step 76650 | loss_grouped_ce=nan lr=0.000292102
2026-08-05 22:25:00 INFO  scripts.training.teacher_finetune.training_pipeline | step 76700 | loss_grouped_ce=nan lr=0.000292088
2026-08-05 22:25:18 INFO  scripts.training.teacher_finetune.training_pipeline | step 76750 | loss_grouped_ce=nan lr=0.000292075
2026-08-05 22:25:44 INFO  scripts.training.teacher_finetune.training_pipeline | step 76800 | loss_grouped_ce=nan lr=0.000292062
2026-08-05 22:26:03 INFO  scripts.training.teacher_finetune.training_pipeline | step 76850 | loss_grouped_ce=nan lr=0.000292049
2026-08-05 22:26:19 INFO  scripts.training.teacher_finetune.training_pipeline | step 76900 | loss_grouped_ce=nan lr=0.000292035
2026-08-05 22:26:43 INFO  scripts.training.teacher_finetune.training_pipeline | step 76950 | loss_grouped_ce=nan lr=0.000292022
2026-08-05 22:26:59 INFO  scripts.training.teacher_finetune.training_pipeline | step 77000 | loss_grouped_ce=nan lr=0.000292009
2026-08-05 22:27:17 INFO  scripts.training.teacher_finetune.training_pipeline | step 77050 | loss_grouped_ce=nan lr=0.000291995
2026-08-05 22:27:42 INFO  scripts.training.teacher_finetune.training_pipeline | step 77100 | loss_grouped_ce=nan lr=0.000291982
2026-08-05 22:27:58 INFO  scripts.training.teacher_finetune.training_pipeline | step 77150 | loss_grouped_ce=nan lr=0.000291969
2026-08-05 22:28:14 INFO  scripts.training.teacher_finetune.training_pipeline | step 77200 | loss_grouped_ce=nan lr=0.000291955
2026-08-05 22:28:30 INFO  scripts.training.teacher_finetune.training_pipeline | step 77250 | loss_grouped_ce=nan lr=0.000291942
2026-08-05 22:28:47 INFO  scripts.training.teacher_finetune.training_pipeline | step 77300 | loss_grouped_ce=nan lr=0.000291928
2026-08-05 22:29:03 INFO  scripts.training.teacher_finetune.training_pipeline | step 77350 | loss_grouped_ce=nan lr=0.000291915
2026-08-05 22:29:19 INFO  scripts.training.teacher_finetune.training_pipeline | step 77400 | loss_grouped_ce=nan lr=0.000291902
2026-08-05 22:29:36 INFO  scripts.training.teacher_finetune.training_pipeline | step 77450 | loss_grouped_ce=nan lr=0.000291888
2026-08-05 22:29:54 INFO  scripts.training.teacher_finetune.training_pipeline | step 77500 | loss_grouped_ce=nan lr=0.000291875
2026-08-05 22:30:11 INFO  scripts.training.teacher_finetune.training_pipeline | step 77550 | loss_grouped_ce=nan lr=0.000291861
2026-08-05 22:30:31 INFO  scripts.training.teacher_finetune.training_pipeline | step 77600 | loss_grouped_ce=nan lr=0.000291848
2026-08-05 22:30:53 INFO  scripts.training.teacher_finetune.training_pipeline | step 77650 | loss_grouped_ce=nan lr=0.000291834
2026-08-05 22:31:15 INFO  scripts.training.teacher_finetune.training_pipeline | step 77700 | loss_grouped_ce=nan lr=0.000291821
2026-08-05 22:31:36 INFO  scripts.training.teacher_finetune.training_pipeline | step 77750 | loss_grouped_ce=nan lr=0.000291807
2026-08-05 22:31:54 INFO  scripts.training.teacher_finetune.training_pipeline | step 77800 | loss_grouped_ce=nan lr=0.000291794
2026-08-05 22:32:14 INFO  scripts.training.teacher_finetune.training_pipeline | step 77850 | loss_grouped_ce=nan lr=0.00029178
2026-08-05 22:32:33 INFO  scripts.training.teacher_finetune.training_pipeline | step 77900 | loss_grouped_ce=nan lr=0.000291767
2026-08-05 22:32:50 INFO  scripts.training.teacher_finetune.training_pipeline | step 77950 | loss_grouped_ce=nan lr=0.000291753
2026-08-05 22:33:08 INFO  scripts.training.teacher_finetune.training_pipeline | step 78000 | loss_grouped_ce=nan lr=0.00029174
2026-08-05 22:33:24 INFO  scripts.training.teacher_finetune.training_pipeline | step 78050 | loss_grouped_ce=nan lr=0.000291726
2026-08-05 22:33:47 INFO  scripts.training.teacher_finetune.training_pipeline | step 78100 | loss_grouped_ce=nan lr=0.000291713
2026-08-05 22:34:06 INFO  scripts.training.teacher_finetune.training_pipeline | step 78150 | loss_grouped_ce=nan lr=0.000291699
2026-08-05 22:34:23 INFO  scripts.training.teacher_finetune.training_pipeline | step 78200 | loss_grouped_ce=nan lr=0.000291686
2026-08-05 22:34:48 INFO  scripts.training.teacher_finetune.training_pipeline | step 78250 | loss_grouped_ce=nan lr=0.000291672
2026-08-05 22:35:05 INFO  scripts.training.teacher_finetune.training_pipeline | step 78300 | loss_grouped_ce=nan lr=0.000291658
2026-08-05 22:35:22 INFO  scripts.training.teacher_finetune.training_pipeline | step 78350 | loss_grouped_ce=nan lr=0.000291645
2026-08-05 22:35:43 INFO  scripts.training.teacher_finetune.training_pipeline | step 78400 | loss_grouped_ce=nan lr=0.000291631
2026-08-05 22:35:59 INFO  scripts.training.teacher_finetune.training_pipeline | step 78450 | loss_grouped_ce=nan lr=0.000291617
2026-08-05 22:36:22 INFO  scripts.training.teacher_finetune.training_pipeline | step 78500 | loss_grouped_ce=nan lr=0.000291604
2026-08-05 22:36:41 INFO  scripts.training.teacher_finetune.training_pipeline | step 78550 | loss_grouped_ce=nan lr=0.00029159
2026-08-05 22:36:58 INFO  scripts.training.teacher_finetune.training_pipeline | step 78600 | loss_grouped_ce=nan lr=0.000291576
2026-08-05 22:37:20 INFO  scripts.training.teacher_finetune.training_pipeline | step 78650 | loss_grouped_ce=nan lr=0.000291563
2026-08-05 22:37:36 INFO  scripts.training.teacher_finetune.training_pipeline | step 78700 | loss_grouped_ce=nan lr=0.000291549
2026-08-05 22:37:57 INFO  scripts.training.teacher_finetune.training_pipeline | step 78750 | loss_grouped_ce=nan lr=0.000291535
2026-08-05 22:38:15 INFO  scripts.training.teacher_finetune.training_pipeline | step 78800 | loss_grouped_ce=nan lr=0.000291522
2026-08-05 22:38:32 INFO  scripts.training.teacher_finetune.training_pipeline | step 78850 | loss_grouped_ce=nan lr=0.000291508
2026-08-05 22:38:53 INFO  scripts.training.teacher_finetune.training_pipeline | step 78900 | loss_grouped_ce=nan lr=0.000291494
2026-08-05 22:39:09 INFO  scripts.training.teacher_finetune.training_pipeline | step 78950 | loss_grouped_ce=nan lr=0.00029148
2026-08-05 22:39:32 INFO  scripts.training.teacher_finetune.training_pipeline | step 79000 | loss_grouped_ce=nan lr=0.000291467
2026-08-05 22:39:56 INFO  scripts.training.teacher_finetune.training_pipeline | step 79050 | loss_grouped_ce=nan lr=0.000291453
2026-08-05 22:40:15 INFO  scripts.training.teacher_finetune.training_pipeline | step 79100 | loss_grouped_ce=nan lr=0.000291439
2026-08-05 22:40:31 INFO  scripts.training.teacher_finetune.training_pipeline | step 79150 | loss_grouped_ce=nan lr=0.000291425
2026-08-05 22:40:53 INFO  scripts.training.teacher_finetune.training_pipeline | step 79200 | loss_grouped_ce=nan lr=0.000291412
2026-08-05 22:41:17 INFO  scripts.training.teacher_finetune.training_pipeline | step 79250 | loss_grouped_ce=nan lr=0.000291398
2026-08-05 22:41:35 INFO  scripts.training.teacher_finetune.training_pipeline | step 79300 | loss_grouped_ce=nan lr=0.000291384
2026-08-05 22:41:52 INFO  scripts.training.teacher_finetune.training_pipeline | step 79350 | loss_grouped_ce=nan lr=0.00029137
2026-08-05 22:42:08 INFO  scripts.training.teacher_finetune.training_pipeline | step 79400 | loss_grouped_ce=nan lr=0.000291356
2026-08-05 22:42:24 INFO  scripts.training.teacher_finetune.training_pipeline | step 79450 | loss_grouped_ce=nan lr=0.000291342
2026-08-05 22:42:43 INFO  scripts.training.teacher_finetune.training_pipeline | step 79500 | loss_grouped_ce=nan lr=0.000291329
2026-08-05 22:42:59 INFO  scripts.training.teacher_finetune.training_pipeline | step 79550 | loss_grouped_ce=nan lr=0.000291315
2026-08-05 22:43:19 INFO  scripts.training.teacher_finetune.training_pipeline | step 79600 | loss_grouped_ce=nan lr=0.000291301
2026-08-05 22:43:37 INFO  scripts.training.teacher_finetune.training_pipeline | step 79650 | loss_grouped_ce=nan lr=0.000291287
2026-08-05 22:43:54 INFO  scripts.training.teacher_finetune.training_pipeline | step 79700 | loss_grouped_ce=nan lr=0.000291273
2026-08-05 22:44:10 INFO  scripts.training.teacher_finetune.training_pipeline | step 79750 | loss_grouped_ce=nan lr=0.000291259
2026-08-05 22:44:27 INFO  scripts.training.teacher_finetune.training_pipeline | step 79800 | loss_grouped_ce=nan lr=0.000291245
2026-08-05 22:44:51 INFO  scripts.training.teacher_finetune.training_pipeline | step 79850 | loss_grouped_ce=nan lr=0.000291231
2026-08-05 22:45:17 INFO  scripts.training.teacher_finetune.training_pipeline | step 79900 | loss_grouped_ce=nan lr=0.000291217
2026-08-05 22:45:35 INFO  scripts.training.teacher_finetune.training_pipeline | step 79950 | loss_grouped_ce=nan lr=0.000291203
2026-08-05 22:45:52 INFO  scripts.training.teacher_finetune.training_pipeline | step 80000 | loss_grouped_ce=nan lr=0.000291189
2026-08-05 22:46:12 INFO  scripts.training.teacher_finetune.training_pipeline | step 80050 | loss_grouped_ce=nan lr=0.000291175
2026-08-05 22:46:28 INFO  scripts.training.teacher_finetune.training_pipeline | step 80100 | loss_grouped_ce=nan lr=0.000291161
2026-08-05 22:46:47 INFO  scripts.training.teacher_finetune.training_pipeline | step 80150 | loss_grouped_ce=nan lr=0.000291147
2026-08-05 22:47:12 INFO  scripts.training.teacher_finetune.training_pipeline | step 80200 | loss_grouped_ce=nan lr=0.000291133
2026-08-05 22:47:37 INFO  scripts.training.teacher_finetune.training_pipeline | step 80250 | loss_grouped_ce=nan lr=0.000291119
2026-08-05 22:47:54 INFO  scripts.training.teacher_finetune.training_pipeline | step 80300 | loss_grouped_ce=nan lr=0.000291105
2026-08-05 22:48:11 INFO  scripts.training.teacher_finetune.training_pipeline | step 80350 | loss_grouped_ce=nan lr=0.000291091
2026-08-05 22:48:35 INFO  scripts.training.teacher_finetune.training_pipeline | step 80400 | loss_grouped_ce=nan lr=0.000291077
2026-08-05 22:48:52 INFO  scripts.training.teacher_finetune.training_pipeline | step 80450 | loss_grouped_ce=nan lr=0.000291063
2026-08-05 22:49:08 INFO  scripts.training.teacher_finetune.training_pipeline | step 80500 | loss_grouped_ce=nan lr=0.000291049
2026-08-05 22:49:30 INFO  scripts.training.teacher_finetune.training_pipeline | step 80550 | loss_grouped_ce=nan lr=0.000291035
2026-08-05 22:49:47 INFO  scripts.training.teacher_finetune.training_pipeline | step 80600 | loss_grouped_ce=nan lr=0.000291021
2026-08-05 22:50:07 INFO  scripts.training.teacher_finetune.training_pipeline | step 80650 | loss_grouped_ce=nan lr=0.000291007
2026-08-05 22:50:26 INFO  scripts.training.teacher_finetune.training_pipeline | step 80700 | loss_grouped_ce=nan lr=0.000290993
2026-08-05 22:50:43 INFO  scripts.training.teacher_finetune.training_pipeline | step 80750 | loss_grouped_ce=nan lr=0.000290978
2026-08-05 22:51:02 INFO  scripts.training.teacher_finetune.training_pipeline | step 80800 | loss_grouped_ce=nan lr=0.000290964
2026-08-05 22:51:18 INFO  scripts.training.teacher_finetune.training_pipeline | step 80850 | loss_grouped_ce=nan lr=0.00029095
2026-08-05 22:51:40 INFO  scripts.training.teacher_finetune.training_pipeline | step 80900 | loss_grouped_ce=nan lr=0.000290936
2026-08-05 22:52:02 INFO  scripts.training.teacher_finetune.training_pipeline | step 80950 | loss_grouped_ce=nan lr=0.000290922
2026-08-05 22:52:18 INFO  scripts.training.teacher_finetune.training_pipeline | step 81000 | loss_grouped_ce=nan lr=0.000290908
2026-08-05 22:52:37 INFO  scripts.training.teacher_finetune.training_pipeline | step 81050 | loss_grouped_ce=nan lr=0.000290893
2026-08-05 22:53:00 INFO  scripts.training.teacher_finetune.training_pipeline | step 81100 | loss_grouped_ce=nan lr=0.000290879
2026-08-05 22:53:16 INFO  scripts.training.teacher_finetune.training_pipeline | step 81150 | loss_grouped_ce=nan lr=0.000290865
2026-08-05 22:53:37 INFO  scripts.training.teacher_finetune.training_pipeline | step 81200 | loss_grouped_ce=nan lr=0.000290851
2026-08-05 22:54:02 INFO  scripts.training.teacher_finetune.training_pipeline | step 81250 | loss_grouped_ce=nan lr=0.000290836
2026-08-05 22:54:24 INFO  scripts.training.teacher_finetune.training_pipeline | step 81300 | loss_grouped_ce=nan lr=0.000290822
2026-08-05 22:54:44 INFO  scripts.training.teacher_finetune.training_pipeline | step 81350 | loss_grouped_ce=nan lr=0.000290808
2026-08-05 22:55:01 INFO  scripts.training.teacher_finetune.training_pipeline | step 81400 | loss_grouped_ce=nan lr=0.000290794
2026-08-05 22:55:22 INFO  scripts.training.teacher_finetune.training_pipeline | step 81450 | loss_grouped_ce=nan lr=0.000290779
2026-08-05 22:55:43 INFO  scripts.training.teacher_finetune.training_pipeline | step 81500 | loss_grouped_ce=nan lr=0.000290765
2026-08-05 22:55:59 INFO  scripts.training.teacher_finetune.training_pipeline | step 81550 | loss_grouped_ce=nan lr=0.000290751
2026-08-05 22:56:18 INFO  scripts.training.teacher_finetune.training_pipeline | step 81600 | loss_grouped_ce=nan lr=0.000290736
2026-08-05 22:56:35 INFO  scripts.training.teacher_finetune.training_pipeline | step 81650 | loss_grouped_ce=nan lr=0.000290722
2026-08-05 22:56:59 INFO  scripts.training.teacher_finetune.training_pipeline | step 81700 | loss_grouped_ce=nan lr=0.000290708
2026-08-05 22:57:16 INFO  scripts.training.teacher_finetune.training_pipeline | step 81750 | loss_grouped_ce=nan lr=0.000290693
2026-08-05 22:57:32 INFO  scripts.training.teacher_finetune.training_pipeline | step 81800 | loss_grouped_ce=nan lr=0.000290679
2026-08-05 22:57:53 INFO  scripts.training.teacher_finetune.training_pipeline | step 81850 | loss_grouped_ce=nan lr=0.000290665
2026-08-05 22:58:09 INFO  scripts.training.teacher_finetune.training_pipeline | step 81900 | loss_grouped_ce=nan lr=0.00029065
2026-08-05 22:58:27 INFO  scripts.training.teacher_finetune.training_pipeline | step 81950 | loss_grouped_ce=nan lr=0.000290636
2026-08-05 22:58:44 INFO  scripts.training.teacher_finetune.training_pipeline | step 82000 | loss_grouped_ce=nan lr=0.000290622
2026-08-05 22:59:07 INFO  scripts.training.teacher_finetune.training_pipeline | step 82050 | loss_grouped_ce=nan lr=0.000290607
2026-08-05 22:59:25 INFO  scripts.training.teacher_finetune.training_pipeline | step 82100 | loss_grouped_ce=nan lr=0.000290593
2026-08-05 22:59:27 INFO  scripts.training.teacher_finetune.training_pipeline | epoch 14/100 — train done in 2258.9s | avg loss_grouped_ce=nan
2026-08-05 22:59:27 INFO  scripts.training.teacher_finetune.evaluate | evaluating on 617 batches
2026-08-05 23:03:26 INFO  scripts.training.teacher_finetune.training_pipeline | epoch 14/100 — val accuracy_top1=0.0000 f1_macro=0.0000 f1_micro=0.0000 (selection f1_macro=0.0000)
2026-08-05 23:03:27 INFO  scripts.training.teacher_finetune.evaluate | mlflow: logged val/accuracy_top1=0.0000 val/f1_macro=0.0000 val/f1_micro=0.0000 (step=13, n=19732)
2026-08-05 23:03:27 INFO  scripts.training.teacher_finetune.evaluate | mlflow: logged val per-source accuracy table (6 sources)
2026-08-05 23:03:30 INFO  scripts.training.teacher_finetune.training_pipeline | saved checkpoint: /app/scripts/training/teacher_finetune/model_exports/teacher-finetune-20260805-113610/last.pt
2026-08-05 23:03:31 INFO  scripts.training.teacher_finetune.training_pipeline | epoch 14/100 done — next lr=0.00029059, epochs_since_improve=10/15
2026-08-05 23:03:31 INFO  scripts.training.teacher_finetune.training_pipeline | epoch 15/100 — train start (lr=0.00029059, batches=5865)
2026-08-05 23:03:49 INFO  scripts.training.teacher_finetune.training_pipeline | step 82150 | loss_grouped_ce=nan lr=0.000290578
2026-08-05 23:04:11 INFO  scripts.training.teacher_finetune.training_pipeline | step 82200 | loss_grouped_ce=nan lr=0.000290564
2026-08-05 23:04:33 INFO  scripts.training.teacher_finetune.training_pipeline | step 82250 | loss_grouped_ce=nan lr=0.000290549
2026-08-05 23:04:49 INFO  scripts.training.teacher_finetune.training_pipeline | step 82300 | loss_grouped_ce=nan lr=0.000290535
2026-08-05 23:05:10 INFO  scripts.training.teacher_finetune.training_pipeline | step 82350 | loss_grouped_ce=nan lr=0.00029052
2026-08-05 23:05:32 INFO  scripts.training.teacher_finetune.training_pipeline | step 82400 | loss_grouped_ce=nan lr=0.000290506
2026-08-05 23:05:53 INFO  scripts.training.teacher_finetune.training_pipeline | step 82450 | loss_grouped_ce=nan lr=0.000290491
2026-08-05 23:06:19 INFO  scripts.training.teacher_finetune.training_pipeline | step 82500 | loss_grouped_ce=nan lr=0.000290477
2026-08-05 23:06:41 INFO  scripts.training.teacher_finetune.training_pipeline | step 82550 | loss_grouped_ce=nan lr=0.000290462
2026-08-05 23:06:57 INFO  scripts.training.teacher_finetune.training_pipeline | step 82600 | loss_grouped_ce=nan lr=0.000290448
2026-08-05 23:07:16 INFO  scripts.training.teacher_finetune.training_pipeline | step 82650 | loss_grouped_ce=nan lr=0.000290433
2026-08-05 23:07:37 INFO  scripts.training.teacher_finetune.training_pipeline | step 82700 | loss_grouped_ce=nan lr=0.000290419
2026-08-05 23:07:53 INFO  scripts.training.teacher_finetune.training_pipeline | step 82750 | loss_grouped_ce=nan lr=0.000290404
2026-08-05 23:08:13 INFO  scripts.training.teacher_finetune.training_pipeline | step 82800 | loss_grouped_ce=nan lr=0.00029039
2026-08-05 23:08:34 INFO  scripts.training.teacher_finetune.training_pipeline | step 82850 | loss_grouped_ce=nan lr=0.000290375
2026-08-05 23:08:51 INFO  scripts.training.teacher_finetune.training_pipeline | step 82900 | loss_grouped_ce=nan lr=0.000290361
2026-08-05 23:09:11 INFO  scripts.training.teacher_finetune.training_pipeline | step 82950 | loss_grouped_ce=nan lr=0.000290346
2026-08-05 23:09:31 INFO  scripts.training.teacher_finetune.training_pipeline | step 83000 | loss_grouped_ce=nan lr=0.000290331
2026-08-05 23:09:57 INFO  scripts.training.teacher_finetune.training_pipeline | step 83050 | loss_grouped_ce=nan lr=0.000290317
2026-08-05 23:10:18 INFO  scripts.training.teacher_finetune.training_pipeline | step 83100 | loss_grouped_ce=nan lr=0.000290302
2026-08-05 23:10:34 INFO  scripts.training.teacher_finetune.training_pipeline | step 83150 | loss_grouped_ce=nan lr=0.000290287
2026-08-05 23:10:55 INFO  scripts.training.teacher_finetune.training_pipeline | step 83200 | loss_grouped_ce=nan lr=0.000290273
2026-08-05 23:11:19 INFO  scripts.training.teacher_finetune.training_pipeline | step 83250 | loss_grouped_ce=nan lr=0.000290258
2026-08-05 23:11:40 INFO  scripts.training.teacher_finetune.training_pipeline | step 83300 | loss_grouped_ce=nan lr=0.000290243
2026-08-05 23:11:56 INFO  scripts.training.teacher_finetune.training_pipeline | step 83350 | loss_grouped_ce=nan lr=0.000290229
2026-08-05 23:12:16 INFO  scripts.training.teacher_finetune.training_pipeline | step 83400 | loss_grouped_ce=nan lr=0.000290214
2026-08-05 23:12:40 INFO  scripts.training.teacher_finetune.training_pipeline | step 83450 | loss_grouped_ce=nan lr=0.000290199
2026-08-05 23:12:56 INFO  scripts.training.teacher_finetune.training_pipeline | step 83500 | loss_grouped_ce=nan lr=0.000290185
2026-08-05 23:13:19 INFO  scripts.training.teacher_finetune.training_pipeline | step 83550 | loss_grouped_ce=nan lr=0.00029017
2026-08-05 23:13:35 INFO  scripts.training.teacher_finetune.training_pipeline | step 83600 | loss_grouped_ce=nan lr=0.000290155
2026-08-05 23:13:58 INFO  scripts.training.teacher_finetune.training_pipeline | step 83650 | loss_grouped_ce=nan lr=0.00029014
2026-08-05 23:14:15 INFO  scripts.training.teacher_finetune.training_pipeline | step 83700 | loss_grouped_ce=nan lr=0.000290126
2026-08-05 23:14:32 INFO  scripts.training.teacher_finetune.training_pipeline | step 83750 | loss_grouped_ce=nan lr=0.000290111
2026-08-05 23:14:53 INFO  scripts.training.teacher_finetune.training_pipeline | step 83800 | loss_grouped_ce=nan lr=0.000290096
2026-08-05 23:15:11 INFO  scripts.training.teacher_finetune.training_pipeline | step 83850 | loss_grouped_ce=nan lr=0.000290081
2026-08-05 23:15:33 INFO  scripts.training.teacher_finetune.training_pipeline | step 83900 | loss_grouped_ce=nan lr=0.000290066
2026-08-05 23:15:54 INFO  scripts.training.teacher_finetune.training_pipeline | step 83950 | loss_grouped_ce=nan lr=0.000290052
2026-08-05 23:16:10 INFO  scripts.training.teacher_finetune.training_pipeline | step 84000 | loss_grouped_ce=nan lr=0.000290037
2026-08-05 23:16:30 INFO  scripts.training.teacher_finetune.training_pipeline | step 84050 | loss_grouped_ce=nan lr=0.000290022
2026-08-05 23:16:47 INFO  scripts.training.teacher_finetune.training_pipeline | step 84100 | loss_grouped_ce=nan lr=0.000290007
2026-08-05 23:17:04 INFO  scripts.training.teacher_finetune.training_pipeline | step 84150 | loss_grouped_ce=nan lr=0.000289992
2026-08-05 23:17:27 INFO  scripts.training.teacher_finetune.training_pipeline | step 84200 | loss_grouped_ce=nan lr=0.000289977
2026-08-05 23:17:43 INFO  scripts.training.teacher_finetune.training_pipeline | step 84250 | loss_grouped_ce=nan lr=0.000289962
2026-08-05 23:18:01 INFO  scripts.training.teacher_finetune.training_pipeline | step 84300 | loss_grouped_ce=nan lr=0.000289948
2026-08-05 23:18:21 INFO  scripts.training.teacher_finetune.training_pipeline | step 84350 | loss_grouped_ce=nan lr=0.000289933
2026-08-05 23:18:37 INFO  scripts.training.teacher_finetune.training_pipeline | step 84400 | loss_grouped_ce=nan lr=0.000289918
2026-08-05 23:18:59 INFO  scripts.training.teacher_finetune.training_pipeline | step 84450 | loss_grouped_ce=nan lr=0.000289903
2026-08-05 23:19:22 INFO  scripts.training.teacher_finetune.training_pipeline | step 84500 | loss_grouped_ce=nan lr=0.000289888
2026-08-05 23:19:47 INFO  scripts.training.teacher_finetune.training_pipeline | step 84550 | loss_grouped_ce=nan lr=0.000289873
2026-08-05 23:20:14 INFO  scripts.training.teacher_finetune.training_pipeline | step 84600 | loss_grouped_ce=nan lr=0.000289858
2026-08-05 23:20:38 INFO  scripts.training.teacher_finetune.training_pipeline | step 84650 | loss_grouped_ce=nan lr=0.000289843
2026-08-05 23:20:56 INFO  scripts.training.teacher_finetune.training_pipeline | step 84700 | loss_grouped_ce=nan lr=0.000289828
2026-08-05 23:21:12 INFO  scripts.training.teacher_finetune.training_pipeline | step 84750 | loss_grouped_ce=nan lr=0.000289813
2026-08-05 23:21:35 INFO  scripts.training.teacher_finetune.training_pipeline | step 84800 | loss_grouped_ce=nan lr=0.000289798
2026-08-05 23:22:01 INFO  scripts.training.teacher_finetune.training_pipeline | step 84850 | loss_grouped_ce=nan lr=0.000289783
2026-08-05 23:22:27 INFO  scripts.training.teacher_finetune.training_pipeline | step 84900 | loss_grouped_ce=nan lr=0.000289768
2026-08-05 23:22:50 INFO  scripts.training.teacher_finetune.training_pipeline | step 84950 | loss_grouped_ce=nan lr=0.000289753
2026-08-05 23:23:07 INFO  scripts.training.teacher_finetune.training_pipeline | step 85000 | loss_grouped_ce=nan lr=0.000289738
2026-08-05 23:23:23 INFO  scripts.training.teacher_finetune.training_pipeline | step 85050 | loss_grouped_ce=nan lr=0.000289723
2026-08-05 23:23:49 INFO  scripts.training.teacher_finetune.training_pipeline | step 85100 | loss_grouped_ce=nan lr=0.000289708
2026-08-05 23:24:05 INFO  scripts.training.teacher_finetune.training_pipeline | step 85150 | loss_grouped_ce=nan lr=0.000289693
2026-08-05 23:24:22 INFO  scripts.training.teacher_finetune.training_pipeline | step 85200 | loss_grouped_ce=nan lr=0.000289678
2026-08-05 23:24:47 INFO  scripts.training.teacher_finetune.training_pipeline | step 85250 | loss_grouped_ce=nan lr=0.000289663
2026-08-05 23:25:12 INFO  scripts.training.teacher_finetune.training_pipeline | step 85300 | loss_grouped_ce=nan lr=0.000289647
2026-08-05 23:25:36 INFO  scripts.training.teacher_finetune.training_pipeline | step 85350 | loss_grouped_ce=nan lr=0.000289632
2026-08-05 23:25:55 INFO  scripts.training.teacher_finetune.training_pipeline | step 85400 | loss_grouped_ce=nan lr=0.000289617
2026-08-05 23:26:12 INFO  scripts.training.teacher_finetune.training_pipeline | step 85450 | loss_grouped_ce=nan lr=0.000289602
2026-08-05 23:26:34 INFO  scripts.training.teacher_finetune.training_pipeline | step 85500 | loss_grouped_ce=nan lr=0.000289587
2026-08-05 23:27:00 INFO  scripts.training.teacher_finetune.training_pipeline | step 85550 | loss_grouped_ce=nan lr=0.000289572
2026-08-05 23:27:22 INFO  scripts.training.teacher_finetune.training_pipeline | step 85600 | loss_grouped_ce=nan lr=0.000289557
2026-08-05 23:27:39 INFO  scripts.training.teacher_finetune.training_pipeline | step 85650 | loss_grouped_ce=nan lr=0.000289541
2026-08-05 23:27:58 INFO  scripts.training.teacher_finetune.training_pipeline | step 85700 | loss_grouped_ce=nan lr=0.000289526
2026-08-05 23:28:23 INFO  scripts.training.teacher_finetune.training_pipeline | step 85750 | loss_grouped_ce=nan lr=0.000289511
2026-08-05 23:28:45 INFO  scripts.training.teacher_finetune.training_pipeline | step 85800 | loss_grouped_ce=nan lr=0.000289496
2026-08-05 23:29:01 INFO  scripts.training.teacher_finetune.training_pipeline | step 85850 | loss_grouped_ce=nan lr=0.000289481
2026-08-05 23:29:20 INFO  scripts.training.teacher_finetune.training_pipeline | step 85900 | loss_grouped_ce=nan lr=0.000289465
2026-08-05 23:29:39 INFO  scripts.training.teacher_finetune.training_pipeline | step 85950 | loss_grouped_ce=nan lr=0.00028945
2026-08-05 23:30:00 INFO  scripts.training.teacher_finetune.training_pipeline | step 86000 | loss_grouped_ce=nan lr=0.000289435
2026-08-05 23:30:24 INFO  scripts.training.teacher_finetune.training_pipeline | step 86050 | loss_grouped_ce=nan lr=0.00028942
2026-08-05 23:30:41 INFO  scripts.training.teacher_finetune.training_pipeline | step 86100 | loss_grouped_ce=nan lr=0.000289404
2026-08-05 23:30:57 INFO  scripts.training.teacher_finetune.training_pipeline | step 86150 | loss_grouped_ce=nan lr=0.000289389
2026-08-05 23:31:23 INFO  scripts.training.teacher_finetune.training_pipeline | step 86200 | loss_grouped_ce=nan lr=0.000289374
2026-08-05 23:31:41 INFO  scripts.training.teacher_finetune.training_pipeline | step 86250 | loss_grouped_ce=nan lr=0.000289358
2026-08-05 23:32:07 INFO  scripts.training.teacher_finetune.training_pipeline | step 86300 | loss_grouped_ce=nan lr=0.000289343
2026-08-05 23:32:32 INFO  scripts.training.teacher_finetune.training_pipeline | step 86350 | loss_grouped_ce=nan lr=0.000289328
2026-08-05 23:32:54 INFO  scripts.training.teacher_finetune.training_pipeline | step 86400 | loss_grouped_ce=nan lr=0.000289312
2026-08-05 23:33:10 INFO  scripts.training.teacher_finetune.training_pipeline | step 86450 | loss_grouped_ce=nan lr=0.000289297
2026-08-05 23:33:27 INFO  scripts.training.teacher_finetune.training_pipeline | step 86500 | loss_grouped_ce=nan lr=0.000289282
2026-08-05 23:33:52 INFO  scripts.training.teacher_finetune.training_pipeline | step 86550 | loss_grouped_ce=nan lr=0.000289266
2026-08-05 23:34:08 INFO  scripts.training.teacher_finetune.training_pipeline | step 86600 | loss_grouped_ce=nan lr=0.000289251
2026-08-05 23:34:24 INFO  scripts.training.teacher_finetune.training_pipeline | step 86650 | loss_grouped_ce=nan lr=0.000289236
2026-08-05 23:34:49 INFO  scripts.training.teacher_finetune.training_pipeline | step 86700 | loss_grouped_ce=nan lr=0.00028922
2026-08-05 23:35:14 INFO  scripts.training.teacher_finetune.training_pipeline | step 86750 | loss_grouped_ce=nan lr=0.000289205
2026-08-05 23:35:30 INFO  scripts.training.teacher_finetune.training_pipeline | step 86800 | loss_grouped_ce=nan lr=0.000289189
2026-08-05 23:35:48 INFO  scripts.training.teacher_finetune.training_pipeline | step 86850 | loss_grouped_ce=nan lr=0.000289174
2026-08-05 23:36:05 INFO  scripts.training.teacher_finetune.training_pipeline | step 86900 | loss_grouped_ce=nan lr=0.000289158
2026-08-05 23:36:24 INFO  scripts.training.teacher_finetune.training_pipeline | step 86950 | loss_grouped_ce=nan lr=0.000289143
2026-08-05 23:36:46 INFO  scripts.training.teacher_finetune.training_pipeline | step 87000 | loss_grouped_ce=nan lr=0.000289127
2026-08-05 23:37:09 INFO  scripts.training.teacher_finetune.training_pipeline | step 87050 | loss_grouped_ce=nan lr=0.000289112
2026-08-05 23:37:31 INFO  scripts.training.teacher_finetune.training_pipeline | step 87100 | loss_grouped_ce=nan lr=0.000289097
2026-08-05 23:37:55 INFO  scripts.training.teacher_finetune.training_pipeline | step 87150 | loss_grouped_ce=nan lr=0.000289081
2026-08-05 23:38:14 INFO  scripts.training.teacher_finetune.training_pipeline | step 87200 | loss_grouped_ce=nan lr=0.000289065
2026-08-05 23:38:31 INFO  scripts.training.teacher_finetune.training_pipeline | step 87250 | loss_grouped_ce=nan lr=0.00028905
2026-08-05 23:38:55 INFO  scripts.training.teacher_finetune.training_pipeline | step 87300 | loss_grouped_ce=nan lr=0.000289034
2026-08-05 23:39:19 INFO  scripts.training.teacher_finetune.training_pipeline | step 87350 | loss_grouped_ce=nan lr=0.000289019
2026-08-05 23:39:38 INFO  scripts.training.teacher_finetune.training_pipeline | step 87400 | loss_grouped_ce=nan lr=0.000289003
2026-08-05 23:39:54 INFO  scripts.training.teacher_finetune.training_pipeline | step 87450 | loss_grouped_ce=nan lr=0.000288988
2026-08-05 23:40:22 INFO  scripts.training.teacher_finetune.training_pipeline | step 87500 | loss_grouped_ce=nan lr=0.000288972
2026-08-05 23:40:45 INFO  scripts.training.teacher_finetune.training_pipeline | step 87550 | loss_grouped_ce=nan lr=0.000288957
2026-08-05 23:41:02 INFO  scripts.training.teacher_finetune.training_pipeline | step 87600 | loss_grouped_ce=nan lr=0.000288941
2026-08-05 23:41:24 INFO  scripts.training.teacher_finetune.training_pipeline | step 87650 | loss_grouped_ce=nan lr=0.000288925
2026-08-05 23:41:46 INFO  scripts.training.teacher_finetune.training_pipeline | step 87700 | loss_grouped_ce=nan lr=0.00028891
2026-08-05 23:42:02 INFO  scripts.training.teacher_finetune.training_pipeline | step 87750 | loss_grouped_ce=nan lr=0.000288894
2026-08-05 23:42:19 INFO  scripts.training.teacher_finetune.training_pipeline | step 87800 | loss_grouped_ce=nan lr=0.000288879
2026-08-05 23:42:36 INFO  scripts.training.teacher_finetune.training_pipeline | step 87850 | loss_grouped_ce=nan lr=0.000288863
2026-08-05 23:42:52 INFO  scripts.training.teacher_finetune.training_pipeline | step 87900 | loss_grouped_ce=nan lr=0.000288847
2026-08-05 23:43:10 INFO  scripts.training.teacher_finetune.training_pipeline | step 87950 | loss_grouped_ce=nan lr=0.000288832
2026-08-05 23:43:21 INFO  scripts.training.teacher_finetune.training_pipeline | epoch 15/100 — train done in 2389.8s | avg loss_grouped_ce=nan
2026-08-05 23:43:21 INFO  scripts.training.teacher_finetune.evaluate | evaluating on 617 batches
2026-08-05 23:47:09 INFO  scripts.training.teacher_finetune.training_pipeline | epoch 15/100 — val accuracy_top1=0.0000 f1_macro=0.0000 f1_micro=0.0000 (selection f1_macro=0.0000)
2026-08-05 23:47:10 INFO  scripts.training.teacher_finetune.evaluate | mlflow: logged val/accuracy_top1=0.0000 val/f1_macro=0.0000 val/f1_micro=0.0000 (step=14, n=19732)
2026-08-05 23:47:10 INFO  scripts.training.teacher_finetune.evaluate | mlflow: logged val per-source accuracy table (6 sources)
2026-08-05 23:47:12 INFO  scripts.training.teacher_finetune.training_pipeline | saved checkpoint: /app/scripts/training/teacher_finetune/model_exports/teacher-finetune-20260805-113610/last.pt
2026-08-05 23:47:12 INFO  scripts.training.teacher_finetune.training_pipeline | epoch 15/100 done — next lr=0.000288824, epochs_since_improve=11/15
2026-08-05 23:47:12 INFO  scripts.training.teacher_finetune.training_pipeline | epoch 16/100 — train start (lr=0.000288824, batches=5865)
2026-08-05 23:47:25 INFO  scripts.training.teacher_finetune.training_pipeline | step 88000 | loss_grouped_ce=nan lr=0.000288816
2026-08-05 23:47:48 INFO  scripts.training.teacher_finetune.training_pipeline | step 88050 | loss_grouped_ce=nan lr=0.0002888
2026-08-05 23:48:13 INFO  scripts.training.teacher_finetune.training_pipeline | step 88100 | loss_grouped_ce=nan lr=0.000288785
2026-08-05 23:48:34 INFO  scripts.training.teacher_finetune.training_pipeline | step 88150 | loss_grouped_ce=nan lr=0.000288769
2026-08-05 23:48:51 INFO  scripts.training.teacher_finetune.training_pipeline | step 88200 | loss_grouped_ce=nan lr=0.000288753
2026-08-05 23:49:07 INFO  scripts.training.teacher_finetune.training_pipeline | step 88250 | loss_grouped_ce=nan lr=0.000288737
2026-08-05 23:49:23 INFO  scripts.training.teacher_finetune.training_pipeline | step 88300 | loss_grouped_ce=nan lr=0.000288722
2026-08-05 23:49:40 INFO  scripts.training.teacher_finetune.training_pipeline | step 88350 | loss_grouped_ce=nan lr=0.000288706
2026-08-05 23:49:56 INFO  scripts.training.teacher_finetune.training_pipeline | step 88400 | loss_grouped_ce=nan lr=0.00028869
2026-08-05 23:50:12 INFO  scripts.training.teacher_finetune.training_pipeline | step 88450 | loss_grouped_ce=nan lr=0.000288674
2026-08-05 23:50:29 INFO  scripts.training.teacher_finetune.training_pipeline | step 88500 | loss_grouped_ce=nan lr=0.000288659
2026-08-05 23:50:47 INFO  scripts.training.teacher_finetune.training_pipeline | step 88550 | loss_grouped_ce=nan lr=0.000288643
2026-08-05 23:51:03 INFO  scripts.training.teacher_finetune.training_pipeline | step 88600 | loss_grouped_ce=nan lr=0.000288627
2026-08-05 23:51:22 INFO  scripts.training.teacher_finetune.training_pipeline | step 88650 | loss_grouped_ce=nan lr=0.000288611
2026-08-05 23:51:38 INFO  scripts.training.teacher_finetune.training_pipeline | step 88700 | loss_grouped_ce=nan lr=0.000288595
2026-08-05 23:51:54 INFO  scripts.training.teacher_finetune.training_pipeline | step 88750 | loss_grouped_ce=nan lr=0.000288579
2026-08-05 23:52:12 INFO  scripts.training.teacher_finetune.training_pipeline | step 88800 | loss_grouped_ce=nan lr=0.000288564
2026-08-05 23:52:35 INFO  scripts.training.teacher_finetune.training_pipeline | step 88850 | loss_grouped_ce=nan lr=0.000288548
2026-08-05 23:52:52 INFO  scripts.training.teacher_finetune.training_pipeline | step 88900 | loss_grouped_ce=nan lr=0.000288532
2026-08-05 23:53:08 INFO  scripts.training.teacher_finetune.training_pipeline | step 88950 | loss_grouped_ce=nan lr=0.000288516
2026-08-05 23:53:30 INFO  scripts.training.teacher_finetune.training_pipeline | step 89000 | loss_grouped_ce=nan lr=0.0002885
2026-08-05 23:53:50 INFO  scripts.training.teacher_finetune.training_pipeline | step 89050 | loss_grouped_ce=nan lr=0.000288484
2026-08-05 23:54:15 INFO  scripts.training.teacher_finetune.training_pipeline | step 89100 | loss_grouped_ce=nan lr=0.000288468
2026-08-05 23:54:41 INFO  scripts.training.teacher_finetune.training_pipeline | step 89150 | loss_grouped_ce=nan lr=0.000288452
2026-08-05 23:55:05 INFO  scripts.training.teacher_finetune.training_pipeline | step 89200 | loss_grouped_ce=nan lr=0.000288436
2026-08-05 23:55:28 INFO  scripts.training.teacher_finetune.training_pipeline | step 89250 | loss_grouped_ce=nan lr=0.00028842
2026-08-05 23:55:47 INFO  scripts.training.teacher_finetune.training_pipeline | step 89300 | loss_grouped_ce=nan lr=0.000288405
2026-08-05 23:56:06 INFO  scripts.training.teacher_finetune.training_pipeline | step 89350 | loss_grouped_ce=nan lr=0.000288389
2026-08-05 23:56:29 INFO  scripts.training.teacher_finetune.training_pipeline | step 89400 | loss_grouped_ce=nan lr=0.000288373
2026-08-05 23:56:52 INFO  scripts.training.teacher_finetune.training_pipeline | step 89450 | loss_grouped_ce=nan lr=0.000288357
2026-08-05 23:57:16 INFO  scripts.training.teacher_finetune.training_pipeline | step 89500 | loss_grouped_ce=nan lr=0.000288341
2026-08-05 23:57:40 INFO  scripts.training.teacher_finetune.training_pipeline | step 89550 | loss_grouped_ce=nan lr=0.000288325
2026-08-05 23:58:01 INFO  scripts.training.teacher_finetune.training_pipeline | step 89600 | loss_grouped_ce=nan lr=0.000288309
2026-08-05 23:58:21 INFO  scripts.training.teacher_finetune.training_pipeline | step 89650 | loss_grouped_ce=nan lr=0.000288293
2026-08-05 23:58:45 INFO  scripts.training.teacher_finetune.training_pipeline | step 89700 | loss_grouped_ce=nan lr=0.000288277
2026-08-05 23:59:09 INFO  scripts.training.teacher_finetune.training_pipeline | step 89750 | loss_grouped_ce=nan lr=0.00028826
2026-08-05 23:59:26 INFO  scripts.training.teacher_finetune.training_pipeline | step 89800 | loss_grouped_ce=nan lr=0.000288244
2026-08-05 23:59:51 INFO  scripts.training.teacher_finetune.training_pipeline | step 89850 | loss_grouped_ce=nan lr=0.000288228
2026-08-06 00:00:08 INFO  scripts.training.teacher_finetune.training_pipeline | step 89900 | loss_grouped_ce=nan lr=0.000288212
2026-08-06 00:00:27 INFO  scripts.training.teacher_finetune.training_pipeline | step 89950 | loss_grouped_ce=nan lr=0.000288196
2026-08-06 00:00:43 INFO  scripts.training.teacher_finetune.training_pipeline | step 90000 | loss_grouped_ce=nan lr=0.00028818
2026-08-06 00:01:04 INFO  scripts.training.teacher_finetune.training_pipeline | step 90050 | loss_grouped_ce=nan lr=0.000288164
2026-08-06 00:01:29 INFO  scripts.training.teacher_finetune.training_pipeline | step 90100 | loss_grouped_ce=nan lr=0.000288148
2026-08-06 00:01:45 INFO  scripts.training.teacher_finetune.training_pipeline | step 90150 | loss_grouped_ce=nan lr=0.000288132
2026-08-06 00:02:02 INFO  scripts.training.teacher_finetune.training_pipeline | step 90200 | loss_grouped_ce=nan lr=0.000288116
2026-08-06 00:02:27 INFO  scripts.training.teacher_finetune.training_pipeline | step 90250 | loss_grouped_ce=nan lr=0.000288099
2026-08-06 00:02:52 INFO  scripts.training.teacher_finetune.training_pipeline | step 90300 | loss_grouped_ce=nan lr=0.000288083
2026-08-06 00:03:10 INFO  scripts.training.teacher_finetune.training_pipeline | step 90350 | loss_grouped_ce=nan lr=0.000288067
2026-08-06 00:03:27 INFO  scripts.training.teacher_finetune.training_pipeline | step 90400 | loss_grouped_ce=nan lr=0.000288051
2026-08-06 00:03:49 INFO  scripts.training.teacher_finetune.training_pipeline | step 90450 | loss_grouped_ce=nan lr=0.000288035
2026-08-06 00:04:10 INFO  scripts.training.teacher_finetune.training_pipeline | step 90500 | loss_grouped_ce=nan lr=0.000288018
2026-08-06 00:04:26 INFO  scripts.training.teacher_finetune.training_pipeline | step 90550 | loss_grouped_ce=nan lr=0.000288002
2026-08-06 00:04:45 INFO  scripts.training.teacher_finetune.training_pipeline | step 90600 | loss_grouped_ce=nan lr=0.000287986
2026-08-06 00:05:04 INFO  scripts.training.teacher_finetune.training_pipeline | step 90650 | loss_grouped_ce=nan lr=0.00028797
2026-08-06 00:05:24 INFO  scripts.training.teacher_finetune.training_pipeline | step 90700 | loss_grouped_ce=nan lr=0.000287954
2026-08-06 00:05:45 INFO  scripts.training.teacher_finetune.training_pipeline | step 90750 | loss_grouped_ce=nan lr=0.000287937
2026-08-06 00:06:02 INFO  scripts.training.teacher_finetune.training_pipeline | step 90800 | loss_grouped_ce=nan lr=0.000287921
2026-08-06 00:06:24 INFO  scripts.training.teacher_finetune.training_pipeline | step 90850 | loss_grouped_ce=nan lr=0.000287905
2026-08-06 00:06:51 INFO  scripts.training.teacher_finetune.training_pipeline | step 90900 | loss_grouped_ce=nan lr=0.000287888
2026-08-06 00:07:14 INFO  scripts.training.teacher_finetune.training_pipeline | step 90950 | loss_grouped_ce=nan lr=0.000287872
2026-08-06 00:07:41 INFO  scripts.training.teacher_finetune.training_pipeline | step 91000 | loss_grouped_ce=nan lr=0.000287856
2026-08-06 00:08:01 INFO  scripts.training.teacher_finetune.training_pipeline | step 91050 | loss_grouped_ce=nan lr=0.00028784
2026-08-06 00:08:21 INFO  scripts.training.teacher_finetune.training_pipeline | step 91100 | loss_grouped_ce=nan lr=0.000287823
2026-08-06 00:08:46 INFO  scripts.training.teacher_finetune.training_pipeline | step 91150 | loss_grouped_ce=nan lr=0.000287807
2026-08-06 00:09:02 INFO  scripts.training.teacher_finetune.training_pipeline | step 91200 | loss_grouped_ce=nan lr=0.000287791
2026-08-06 00:09:19 INFO  scripts.training.teacher_finetune.training_pipeline | step 91250 | loss_grouped_ce=nan lr=0.000287774
2026-08-06 00:09:44 INFO  scripts.training.teacher_finetune.training_pipeline | step 91300 | loss_grouped_ce=nan lr=0.000287758
2026-08-06 00:10:06 INFO  scripts.training.teacher_finetune.training_pipeline | step 91350 | loss_grouped_ce=nan lr=0.000287741
2026-08-06 00:10:26 INFO  scripts.training.teacher_finetune.training_pipeline | step 91400 | loss_grouped_ce=nan lr=0.000287725
2026-08-06 00:10:50 INFO  scripts.training.teacher_finetune.training_pipeline | step 91450 | loss_grouped_ce=nan lr=0.000287709
2026-08-06 00:11:07 INFO  scripts.training.teacher_finetune.training_pipeline | step 91500 | loss_grouped_ce=nan lr=0.000287692
2026-08-06 00:11:29 INFO  scripts.training.teacher_finetune.training_pipeline | step 91550 | loss_grouped_ce=nan lr=0.000287676
2026-08-06 00:11:49 INFO  scripts.training.teacher_finetune.training_pipeline | step 91600 | loss_grouped_ce=nan lr=0.000287659
2026-08-06 00:12:12 INFO  scripts.training.teacher_finetune.training_pipeline | step 91650 | loss_grouped_ce=nan lr=0.000287643
2026-08-06 00:12:38 INFO  scripts.training.teacher_finetune.training_pipeline | step 91700 | loss_grouped_ce=nan lr=0.000287626
2026-08-06 00:12:57 INFO  scripts.training.teacher_finetune.training_pipeline | step 91750 | loss_grouped_ce=nan lr=0.00028761
2026-08-06 00:13:13 INFO  scripts.training.teacher_finetune.training_pipeline | step 91800 | loss_grouped_ce=nan lr=0.000287593
2026-08-06 00:13:33 INFO  scripts.training.teacher_finetune.training_pipeline | step 91850 | loss_grouped_ce=nan lr=0.000287577
2026-08-06 00:13:57 INFO  scripts.training.teacher_finetune.training_pipeline | step 91900 | loss_grouped_ce=nan lr=0.00028756
2026-08-06 00:14:20 INFO  scripts.training.teacher_finetune.training_pipeline | step 91950 | loss_grouped_ce=nan lr=0.000287544
2026-08-06 00:14:42 INFO  scripts.training.teacher_finetune.training_pipeline | step 92000 | loss_grouped_ce=nan lr=0.000287527
2026-08-06 00:14:59 INFO  scripts.training.teacher_finetune.training_pipeline | step 92050 | loss_grouped_ce=nan lr=0.000287511
2026-08-06 00:15:17 INFO  scripts.training.teacher_finetune.training_pipeline | step 92100 | loss_grouped_ce=nan lr=0.000287494
2026-08-06 00:15:42 INFO  scripts.training.teacher_finetune.training_pipeline | step 92150 | loss_grouped_ce=nan lr=0.000287478
2026-08-06 00:16:02 INFO  scripts.training.teacher_finetune.training_pipeline | step 92200 | loss_grouped_ce=nan lr=0.000287461
2026-08-06 00:16:26 INFO  scripts.training.teacher_finetune.training_pipeline | step 92250 | loss_grouped_ce=nan lr=0.000287445
2026-08-06 00:16:50 INFO  scripts.training.teacher_finetune.training_pipeline | step 92300 | loss_grouped_ce=nan lr=0.000287428
2026-08-06 00:17:11 INFO  scripts.training.teacher_finetune.training_pipeline | step 92350 | loss_grouped_ce=nan lr=0.000287411
2026-08-06 00:17:33 INFO  scripts.training.teacher_finetune.training_pipeline | step 92400 | loss_grouped_ce=nan lr=0.000287395
2026-08-06 00:17:49 INFO  scripts.training.teacher_finetune.training_pipeline | step 92450 | loss_grouped_ce=nan lr=0.000287378
2026-08-06 00:18:12 INFO  scripts.training.teacher_finetune.training_pipeline | step 92500 | loss_grouped_ce=nan lr=0.000287362
2026-08-06 00:18:31 INFO  scripts.training.teacher_finetune.training_pipeline | step 92550 | loss_grouped_ce=nan lr=0.000287345
2026-08-06 00:18:50 INFO  scripts.training.teacher_finetune.training_pipeline | step 92600 | loss_grouped_ce=nan lr=0.000287328
2026-08-06 00:19:12 INFO  scripts.training.teacher_finetune.training_pipeline | step 92650 | loss_grouped_ce=nan lr=0.000287312
2026-08-06 00:19:38 INFO  scripts.training.teacher_finetune.training_pipeline | step 92700 | loss_grouped_ce=nan lr=0.000287295
2026-08-06 00:20:01 INFO  scripts.training.teacher_finetune.training_pipeline | step 92750 | loss_grouped_ce=nan lr=0.000287278
2026-08-06 00:20:18 INFO  scripts.training.teacher_finetune.training_pipeline | step 92800 | loss_grouped_ce=nan lr=0.000287262
2026-08-06 00:20:36 INFO  scripts.training.teacher_finetune.training_pipeline | step 92850 | loss_grouped_ce=nan lr=0.000287245
2026-08-06 00:21:02 INFO  scripts.training.teacher_finetune.training_pipeline | step 92900 | loss_grouped_ce=nan lr=0.000287228
2026-08-06 00:21:28 INFO  scripts.training.teacher_finetune.training_pipeline | step 92950 | loss_grouped_ce=nan lr=0.000287212
2026-08-06 00:21:53 INFO  scripts.training.teacher_finetune.training_pipeline | step 93000 | loss_grouped_ce=nan lr=0.000287195
2026-08-06 00:22:18 INFO  scripts.training.teacher_finetune.training_pipeline | step 93050 | loss_grouped_ce=nan lr=0.000287178
2026-08-06 00:22:40 INFO  scripts.training.teacher_finetune.training_pipeline | step 93100 | loss_grouped_ce=nan lr=0.000287161
2026-08-06 00:23:00 INFO  scripts.training.teacher_finetune.training_pipeline | step 93150 | loss_grouped_ce=nan lr=0.000287145
2026-08-06 00:23:18 INFO  scripts.training.teacher_finetune.training_pipeline | step 93200 | loss_grouped_ce=nan lr=0.000287128
2026-08-06 00:23:39 INFO  scripts.training.teacher_finetune.training_pipeline | step 93250 | loss_grouped_ce=nan lr=0.000287111
2026-08-06 00:23:56 INFO  scripts.training.teacher_finetune.training_pipeline | step 93300 | loss_grouped_ce=nan lr=0.000287094
2026-08-06 00:24:18 INFO  scripts.training.teacher_finetune.training_pipeline | step 93350 | loss_grouped_ce=nan lr=0.000287077
2026-08-06 00:24:40 INFO  scripts.training.teacher_finetune.training_pipeline | step 93400 | loss_grouped_ce=nan lr=0.000287061
2026-08-06 00:25:04 INFO  scripts.training.teacher_finetune.training_pipeline | step 93450 | loss_grouped_ce=nan lr=0.000287044
2026-08-06 00:25:29 INFO  scripts.training.teacher_finetune.training_pipeline | step 93500 | loss_grouped_ce=nan lr=0.000287027
2026-08-06 00:25:51 INFO  scripts.training.teacher_finetune.training_pipeline | step 93550 | loss_grouped_ce=nan lr=0.00028701
2026-08-06 00:26:12 INFO  scripts.training.teacher_finetune.training_pipeline | step 93600 | loss_grouped_ce=nan lr=0.000286993
2026-08-06 00:26:31 INFO  scripts.training.teacher_finetune.training_pipeline | step 93650 | loss_grouped_ce=nan lr=0.000286976
2026-08-06 00:26:51 INFO  scripts.training.teacher_finetune.training_pipeline | step 93700 | loss_grouped_ce=nan lr=0.00028696
2026-08-06 00:27:11 INFO  scripts.training.teacher_finetune.training_pipeline | step 93750 | loss_grouped_ce=nan lr=0.000286943
2026-08-06 00:27:34 INFO  scripts.training.teacher_finetune.training_pipeline | step 93800 | loss_grouped_ce=nan lr=0.000286926
2026-08-06 00:27:46 INFO  scripts.training.teacher_finetune.training_pipeline | epoch 16/100 — train done in 2433.7s | avg loss_grouped_ce=nan
2026-08-06 00:27:46 INFO  scripts.training.teacher_finetune.evaluate | evaluating on 617 batches
2026-08-06 00:31:45 INFO  scripts.training.teacher_finetune.training_pipeline | epoch 16/100 — val accuracy_top1=0.0000 f1_macro=0.0000 f1_micro=0.0000 (selection f1_macro=0.0000)
2026-08-06 00:31:46 INFO  scripts.training.teacher_finetune.evaluate | mlflow: logged val/accuracy_top1=0.0000 val/f1_macro=0.0000 val/f1_micro=0.0000 (step=15, n=19732)
2026-08-06 00:31:47 INFO  scripts.training.teacher_finetune.evaluate | mlflow: logged val per-source accuracy table (6 sources)
2026-08-06 00:31:48 INFO  scripts.training.teacher_finetune.training_pipeline | saved checkpoint: /app/scripts/training/teacher_finetune/model_exports/teacher-finetune-20260805-113610/last.pt
2026-08-06 00:31:49 INFO  scripts.training.teacher_finetune.training_pipeline | epoch 16/100 done — next lr=0.000286913, epochs_since_improve=12/15
2026-08-06 00:31:49 INFO  scripts.training.teacher_finetune.training_pipeline | epoch 17/100 — train start (lr=0.000286913, batches=5865)
2026-08-06 00:31:59 INFO  scripts.training.teacher_finetune.training_pipeline | step 93850 | loss_grouped_ce=nan lr=0.000286909
2026-08-06 00:32:22 INFO  scripts.training.teacher_finetune.training_pipeline | step 93900 | loss_grouped_ce=nan lr=0.000286892
2026-08-06 00:32:48 INFO  scripts.training.teacher_finetune.training_pipeline | step 93950 | loss_grouped_ce=nan lr=0.000286875
2026-08-06 00:33:14 INFO  scripts.training.teacher_finetune.training_pipeline | step 94000 | loss_grouped_ce=nan lr=0.000286858
2026-08-06 00:33:39 INFO  scripts.training.teacher_finetune.training_pipeline | step 94050 | loss_grouped_ce=nan lr=0.000286841
2026-08-06 00:34:04 INFO  scripts.training.teacher_finetune.training_pipeline | step 94100 | loss_grouped_ce=nan lr=0.000286824
2026-08-06 00:34:22 INFO  scripts.training.teacher_finetune.training_pipeline | step 94150 | loss_grouped_ce=nan lr=0.000286807
2026-08-06 00:34:41 INFO  scripts.training.teacher_finetune.training_pipeline | step 94200 | loss_grouped_ce=nan lr=0.00028679
2026-08-06 00:35:04 INFO  scripts.training.teacher_finetune.training_pipeline | step 94250 | loss_grouped_ce=nan lr=0.000286773
2026-08-06 00:35:21 INFO  scripts.training.teacher_finetune.training_pipeline | step 94300 | loss_grouped_ce=nan lr=0.000286756
2026-08-06 00:35:41 INFO  scripts.training.teacher_finetune.training_pipeline | step 94350 | loss_grouped_ce=nan lr=0.000286739
2026-08-06 00:36:07 INFO  scripts.training.teacher_finetune.training_pipeline | step 94400 | loss_grouped_ce=nan lr=0.000286722
2026-08-06 00:36:32 INFO  scripts.training.teacher_finetune.training_pipeline | step 94450 | loss_grouped_ce=nan lr=0.000286705
2026-08-06 00:36:58 INFO  scripts.training.teacher_finetune.training_pipeline | step 94500 | loss_grouped_ce=nan lr=0.000286688
2026-08-06 00:37:14 INFO  scripts.training.teacher_finetune.training_pipeline | step 94550 | loss_grouped_ce=nan lr=0.000286671
2026-08-06 00:37:31 INFO  scripts.training.teacher_finetune.training_pipeline | step 94600 | loss_grouped_ce=nan lr=0.000286654
2026-08-06 00:37:52 INFO  scripts.training.teacher_finetune.training_pipeline | step 94650 | loss_grouped_ce=nan lr=0.000286637
2026-08-06 00:38:09 INFO  scripts.training.teacher_finetune.training_pipeline | step 94700 | loss_grouped_ce=nan lr=0.00028662
2026-08-06 00:38:34 INFO  scripts.training.teacher_finetune.training_pipeline | step 94750 | loss_grouped_ce=nan lr=0.000286603
2026-08-06 00:38:58 INFO  scripts.training.teacher_finetune.training_pipeline | step 94800 | loss_grouped_ce=nan lr=0.000286586
2026-08-06 00:39:17 INFO  scripts.training.teacher_finetune.training_pipeline | step 94850 | loss_grouped_ce=nan lr=0.000286568
2026-08-06 00:39:38 INFO  scripts.training.teacher_finetune.training_pipeline | step 94900 | loss_grouped_ce=nan lr=0.000286551
2026-08-06 00:39:59 INFO  scripts.training.teacher_finetune.training_pipeline | step 94950 | loss_grouped_ce=nan lr=0.000286534
2026-08-06 00:40:17 INFO  scripts.training.teacher_finetune.training_pipeline | step 95000 | loss_grouped_ce=nan lr=0.000286517
2026-08-06 00:40:42 INFO  scripts.training.teacher_finetune.training_pipeline | step 95050 | loss_grouped_ce=nan lr=0.0002865
2026-08-06 00:41:07 INFO  scripts.training.teacher_finetune.training_pipeline | step 95100 | loss_grouped_ce=nan lr=0.000286483
2026-08-06 00:41:34 INFO  scripts.training.teacher_finetune.training_pipeline | step 95150 | loss_grouped_ce=nan lr=0.000286466
2026-08-06 00:41:59 INFO  scripts.training.teacher_finetune.training_pipeline | step 95200 | loss_grouped_ce=nan lr=0.000286448
2026-08-06 00:42:20 INFO  scripts.training.teacher_finetune.training_pipeline | step 95250 | loss_grouped_ce=nan lr=0.000286431
2026-08-06 00:42:38 INFO  scripts.training.teacher_finetune.training_pipeline | step 95300 | loss_grouped_ce=nan lr=0.000286414
2026-08-06 00:43:03 INFO  scripts.training.teacher_finetune.training_pipeline | step 95350 | loss_grouped_ce=nan lr=0.000286397
2026-08-06 00:43:26 INFO  scripts.training.teacher_finetune.training_pipeline | step 95400 | loss_grouped_ce=nan lr=0.00028638
2026-08-06 00:43:50 INFO  scripts.training.teacher_finetune.training_pipeline | step 95450 | loss_grouped_ce=nan lr=0.000286362
2026-08-06 00:44:13 INFO  scripts.training.teacher_finetune.training_pipeline | step 95500 | loss_grouped_ce=nan lr=0.000286345
2026-08-06 00:44:30 INFO  scripts.training.teacher_finetune.training_pipeline | step 95550 | loss_grouped_ce=nan lr=0.000286328
2026-08-06 00:44:47 INFO  scripts.training.teacher_finetune.training_pipeline | step 95600 | loss_grouped_ce=nan lr=0.00028631
2026-08-06 00:45:04 INFO  scripts.training.teacher_finetune.training_pipeline | step 95650 | loss_grouped_ce=nan lr=0.000286293
2026-08-06 00:45:21 INFO  scripts.training.teacher_finetune.training_pipeline | step 95700 | loss_grouped_ce=nan lr=0.000286276
2026-08-06 00:45:43 INFO  scripts.training.teacher_finetune.training_pipeline | step 95750 | loss_grouped_ce=nan lr=0.000286259
2026-08-06 00:46:04 INFO  scripts.training.teacher_finetune.training_pipeline | step 95800 | loss_grouped_ce=nan lr=0.000286241
2026-08-06 00:46:25 INFO  scripts.training.teacher_finetune.training_pipeline | step 95850 | loss_grouped_ce=nan lr=0.000286224
2026-08-06 00:46:50 INFO  scripts.training.teacher_finetune.training_pipeline | step 95900 | loss_grouped_ce=nan lr=0.000286207
2026-08-06 00:47:07 INFO  scripts.training.teacher_finetune.training_pipeline | step 95950 | loss_grouped_ce=nan lr=0.000286189
2026-08-06 00:47:30 INFO  scripts.training.teacher_finetune.training_pipeline | step 96000 | loss_grouped_ce=nan lr=0.000286172
2026-08-06 00:47:46 INFO  scripts.training.teacher_finetune.training_pipeline | step 96050 | loss_grouped_ce=nan lr=0.000286155
2026-08-06 00:48:10 INFO  scripts.training.teacher_finetune.training_pipeline | step 96100 | loss_grouped_ce=nan lr=0.000286137
2026-08-06 00:48:29 INFO  scripts.training.teacher_finetune.training_pipeline | step 96150 | loss_grouped_ce=nan lr=0.00028612
2026-08-06 00:48:45 INFO  scripts.training.teacher_finetune.training_pipeline | step 96200 | loss_grouped_ce=nan lr=0.000286102
2026-08-06 00:49:10 INFO  scripts.training.teacher_finetune.training_pipeline | step 96250 | loss_grouped_ce=nan lr=0.000286085
2026-08-06 00:49:29 INFO  scripts.training.teacher_finetune.training_pipeline | step 96300 | loss_grouped_ce=nan lr=0.000286068
2026-08-06 00:49:46 INFO  scripts.training.teacher_finetune.training_pipeline | step 96350 | loss_grouped_ce=nan lr=0.00028605
2026-08-06 00:50:08 INFO  scripts.training.teacher_finetune.training_pipeline | step 96400 | loss_grouped_ce=nan lr=0.000286033
2026-08-06 00:50:26 INFO  scripts.training.teacher_finetune.training_pipeline | step 96450 | loss_grouped_ce=nan lr=0.000286015
2026-08-06 00:50:49 INFO  scripts.training.teacher_finetune.training_pipeline | step 96500 | loss_grouped_ce=nan lr=0.000285998
2026-08-06 00:51:10 INFO  scripts.training.teacher_finetune.training_pipeline | step 96550 | loss_grouped_ce=nan lr=0.00028598
2026-08-06 00:51:35 INFO  scripts.training.teacher_finetune.training_pipeline | step 96600 | loss_grouped_ce=nan lr=0.000285963
2026-08-06 00:51:55 INFO  scripts.training.teacher_finetune.training_pipeline | step 96650 | loss_grouped_ce=nan lr=0.000285945
2026-08-06 00:52:20 INFO  scripts.training.teacher_finetune.training_pipeline | step 96700 | loss_grouped_ce=nan lr=0.000285928
2026-08-06 00:52:36 INFO  scripts.training.teacher_finetune.training_pipeline | step 96750 | loss_grouped_ce=nan lr=0.00028591
2026-08-06 00:52:56 INFO  scripts.training.teacher_finetune.training_pipeline | step 96800 | loss_grouped_ce=nan lr=0.000285893
2026-08-06 00:53:15 INFO  scripts.training.teacher_finetune.training_pipeline | step 96850 | loss_grouped_ce=nan lr=0.000285875
2026-08-06 00:53:36 INFO  scripts.training.teacher_finetune.training_pipeline | step 96900 | loss_grouped_ce=nan lr=0.000285858
2026-08-06 00:53:55 INFO  scripts.training.teacher_finetune.training_pipeline | step 96950 | loss_grouped_ce=nan lr=0.00028584
2026-08-06 00:54:15 INFO  scripts.training.teacher_finetune.training_pipeline | step 97000 | loss_grouped_ce=nan lr=0.000285823
2026-08-06 00:54:33 INFO  scripts.training.teacher_finetune.training_pipeline | step 97050 | loss_grouped_ce=nan lr=0.000285805
2026-08-06 00:54:53 INFO  scripts.training.teacher_finetune.training_pipeline | step 97100 | loss_grouped_ce=nan lr=0.000285788
2026-08-06 00:55:15 INFO  scripts.training.teacher_finetune.training_pipeline | step 97150 | loss_grouped_ce=nan lr=0.00028577
2026-08-06 00:55:31 INFO  scripts.training.teacher_finetune.training_pipeline | step 97200 | loss_grouped_ce=nan lr=0.000285752
2026-08-06 00:55:57 INFO  scripts.training.teacher_finetune.training_pipeline | step 97250 | loss_grouped_ce=nan lr=0.000285735
2026-08-06 00:56:22 INFO  scripts.training.teacher_finetune.training_pipeline | step 97300 | loss_grouped_ce=nan lr=0.000285717
2026-08-06 00:56:44 INFO  scripts.training.teacher_finetune.training_pipeline | step 97350 | loss_grouped_ce=nan lr=0.000285699
2026-08-06 00:57:03 INFO  scripts.training.teacher_finetune.training_pipeline | step 97400 | loss_grouped_ce=nan lr=0.000285682
2026-08-06 00:57:19 INFO  scripts.training.teacher_finetune.training_pipeline | step 97450 | loss_grouped_ce=nan lr=0.000285664
2026-08-06 00:57:40 INFO  scripts.training.teacher_finetune.training_pipeline | step 97500 | loss_grouped_ce=nan lr=0.000285646
2026-08-06 00:58:06 INFO  scripts.training.teacher_finetune.training_pipeline | step 97550 | loss_grouped_ce=nan lr=0.000285629
2026-08-06 00:58:31 INFO  scripts.training.teacher_finetune.training_pipeline | step 97600 | loss_grouped_ce=nan lr=0.000285611
2026-08-06 00:58:54 INFO  scripts.training.teacher_finetune.training_pipeline | step 97650 | loss_grouped_ce=nan lr=0.000285593
2026-08-06 00:59:10 INFO  scripts.training.teacher_finetune.training_pipeline | step 97700 | loss_grouped_ce=nan lr=0.000285576
2026-08-06 00:59:29 INFO  scripts.training.teacher_finetune.training_pipeline | step 97750 | loss_grouped_ce=nan lr=0.000285558
2026-08-06 00:59:56 INFO  scripts.training.teacher_finetune.training_pipeline | step 97800 | loss_grouped_ce=nan lr=0.00028554
2026-08-06 01:00:17 INFO  scripts.training.teacher_finetune.training_pipeline | step 97850 | loss_grouped_ce=nan lr=0.000285523
2026-08-06 01:00:35 INFO  scripts.training.teacher_finetune.training_pipeline | step 97900 | loss_grouped_ce=nan lr=0.000285505
2026-08-06 01:00:55 INFO  scripts.training.teacher_finetune.training_pipeline | step 97950 | loss_grouped_ce=nan lr=0.000285487
2026-08-06 01:01:15 INFO  scripts.training.teacher_finetune.training_pipeline | step 98000 | loss_grouped_ce=nan lr=0.000285469
2026-08-06 01:01:38 INFO  scripts.training.teacher_finetune.training_pipeline | step 98050 | loss_grouped_ce=nan lr=0.000285451
2026-08-06 01:01:57 INFO  scripts.training.teacher_finetune.training_pipeline | step 98100 | loss_grouped_ce=nan lr=0.000285434
2026-08-06 01:02:21 INFO  scripts.training.teacher_finetune.training_pipeline | step 98150 | loss_grouped_ce=nan lr=0.000285416
2026-08-06 01:02:38 INFO  scripts.training.teacher_finetune.training_pipeline | step 98200 | loss_grouped_ce=nan lr=0.000285398
2026-08-06 01:02:56 INFO  scripts.training.teacher_finetune.training_pipeline | step 98250 | loss_grouped_ce=nan lr=0.00028538
2026-08-06 01:03:21 INFO  scripts.training.teacher_finetune.training_pipeline | step 98300 | loss_grouped_ce=nan lr=0.000285362
2026-08-06 01:03:42 INFO  scripts.training.teacher_finetune.training_pipeline | step 98350 | loss_grouped_ce=nan lr=0.000285345
2026-08-06 01:04:01 INFO  scripts.training.teacher_finetune.training_pipeline | step 98400 | loss_grouped_ce=nan lr=0.000285327
2026-08-06 01:04:25 INFO  scripts.training.teacher_finetune.training_pipeline | step 98450 | loss_grouped_ce=nan lr=0.000285309
2026-08-06 01:04:47 INFO  scripts.training.teacher_finetune.training_pipeline | step 98500 | loss_grouped_ce=nan lr=0.000285291
2026-08-06 01:05:04 INFO  scripts.training.teacher_finetune.training_pipeline | step 98550 | loss_grouped_ce=nan lr=0.000285273
2026-08-06 01:05:24 INFO  scripts.training.teacher_finetune.training_pipeline | step 98600 | loss_grouped_ce=nan lr=0.000285255
2026-08-06 01:05:49 INFO  scripts.training.teacher_finetune.training_pipeline | step 98650 | loss_grouped_ce=nan lr=0.000285237
2026-08-06 01:06:05 INFO  scripts.training.teacher_finetune.training_pipeline | step 98700 | loss_grouped_ce=nan lr=0.000285219
2026-08-06 01:06:27 INFO  scripts.training.teacher_finetune.training_pipeline | step 98750 | loss_grouped_ce=nan lr=0.000285201
2026-08-06 01:06:51 INFO  scripts.training.teacher_finetune.training_pipeline | step 98800 | loss_grouped_ce=nan lr=0.000285184
2026-08-06 01:07:16 INFO  scripts.training.teacher_finetune.training_pipeline | step 98850 | loss_grouped_ce=nan lr=0.000285166
2026-08-06 01:07:34 INFO  scripts.training.teacher_finetune.training_pipeline | step 98900 | loss_grouped_ce=nan lr=0.000285148
2026-08-06 01:07:58 INFO  scripts.training.teacher_finetune.training_pipeline | step 98950 | loss_grouped_ce=nan lr=0.00028513
2026-08-06 01:08:19 INFO  scripts.training.teacher_finetune.training_pipeline | step 99000 | loss_grouped_ce=nan lr=0.000285112
2026-08-06 01:08:38 INFO  scripts.training.teacher_finetune.training_pipeline | step 99050 | loss_grouped_ce=nan lr=0.000285094
2026-08-06 01:08:59 INFO  scripts.training.teacher_finetune.training_pipeline | step 99100 | loss_grouped_ce=nan lr=0.000285076
2026-08-06 01:09:24 INFO  scripts.training.teacher_finetune.training_pipeline | step 99150 | loss_grouped_ce=nan lr=0.000285058
2026-08-06 01:09:48 INFO  scripts.training.teacher_finetune.training_pipeline | step 99200 | loss_grouped_ce=nan lr=0.00028504
2026-08-06 01:10:05 INFO  scripts.training.teacher_finetune.training_pipeline | step 99250 | loss_grouped_ce=nan lr=0.000285022
2026-08-06 01:10:32 INFO  scripts.training.teacher_finetune.training_pipeline | step 99300 | loss_grouped_ce=nan lr=0.000285004
2026-08-06 01:10:54 INFO  scripts.training.teacher_finetune.training_pipeline | step 99350 | loss_grouped_ce=nan lr=0.000284986
2026-08-06 01:11:19 INFO  scripts.training.teacher_finetune.training_pipeline | step 99400 | loss_grouped_ce=nan lr=0.000284968
2026-08-06 01:11:37 INFO  scripts.training.teacher_finetune.training_pipeline | step 99450 | loss_grouped_ce=nan lr=0.000284949
2026-08-06 01:11:59 INFO  scripts.training.teacher_finetune.training_pipeline | step 99500 | loss_grouped_ce=nan lr=0.000284931
2026-08-06 01:12:19 INFO  scripts.training.teacher_finetune.training_pipeline | step 99550 | loss_grouped_ce=nan lr=0.000284913
2026-08-06 01:12:44 INFO  scripts.training.teacher_finetune.training_pipeline | step 99600 | loss_grouped_ce=nan lr=0.000284895
2026-08-06 01:13:09 INFO  scripts.training.teacher_finetune.training_pipeline | step 99650 | loss_grouped_ce=nan lr=0.000284877
2026-08-06 01:13:25 INFO  scripts.training.teacher_finetune.training_pipeline | step 99700 | loss_grouped_ce=nan lr=0.000284859
2026-08-06 01:13:27 INFO  scripts.training.teacher_finetune.training_pipeline | epoch 17/100 — train done in 2497.8s | avg loss_grouped_ce=nan
2026-08-06 01:13:27 INFO  scripts.training.teacher_finetune.evaluate | evaluating on 617 batches
2026-08-06 01:17:14 INFO  scripts.training.teacher_finetune.training_pipeline | epoch 17/100 — val accuracy_top1=0.0000 f1_macro=0.0000 f1_micro=0.0000 (selection f1_macro=0.0000)
2026-08-06 01:17:15 INFO  scripts.training.teacher_finetune.evaluate | mlflow: logged val/accuracy_top1=0.0000 val/f1_macro=0.0000 val/f1_micro=0.0000 (step=16, n=19732)
2026-08-06 01:17:15 INFO  scripts.training.teacher_finetune.evaluate | mlflow: logged val per-source accuracy table (6 sources)
2026-08-06 01:17:18 INFO  scripts.training.teacher_finetune.training_pipeline | saved checkpoint: /app/scripts/training/teacher_finetune/model_exports/teacher-finetune-20260805-113610/last.pt
2026-08-06 01:17:18 INFO  scripts.training.teacher_finetune.training_pipeline | epoch 17/100 done — next lr=0.000284858, epochs_since_improve=13/15
2026-08-06 01:17:18 INFO  scripts.training.teacher_finetune.training_pipeline | epoch 18/100 — train start (lr=0.000284858, batches=5865)
2026-08-06 01:17:45 INFO  scripts.training.teacher_finetune.training_pipeline | step 99750 | loss_grouped_ce=nan lr=0.000284841
2026-08-06 01:18:02 INFO  scripts.training.teacher_finetune.training_pipeline | step 99800 | loss_grouped_ce=nan lr=0.000284823
2026-08-06 01:18:24 INFO  scripts.training.teacher_finetune.training_pipeline | step 99850 | loss_grouped_ce=nan lr=0.000284805
2026-08-06 01:18:48 INFO  scripts.training.teacher_finetune.training_pipeline | step 99900 | loss_grouped_ce=nan lr=0.000284786
2026-08-06 01:19:13 INFO  scripts.training.teacher_finetune.training_pipeline | step 99950 | loss_grouped_ce=nan lr=0.000284768
2026-08-06 01:19:39 INFO  scripts.training.teacher_finetune.training_pipeline | step 100000 | loss_grouped_ce=nan lr=0.00028475
2026-08-06 01:19:56 INFO  scripts.training.teacher_finetune.training_pipeline | step 100050 | loss_grouped_ce=nan lr=0.000284732
2026-08-06 01:20:13 INFO  scripts.training.teacher_finetune.training_pipeline | step 100100 | loss_grouped_ce=nan lr=0.000284714
2026-08-06 01:20:32 INFO  scripts.training.teacher_finetune.training_pipeline | step 100150 | loss_grouped_ce=nan lr=0.000284695
2026-08-06 01:20:53 INFO  scripts.training.teacher_finetune.training_pipeline | step 100200 | loss_grouped_ce=nan lr=0.000284677
2026-08-06 01:21:18 INFO  scripts.training.teacher_finetune.training_pipeline | step 100250 | loss_grouped_ce=nan lr=0.000284659
2026-08-06 01:21:42 INFO  scripts.training.teacher_finetune.training_pipeline | step 100300 | loss_grouped_ce=nan lr=0.000284641
2026-08-06 01:22:08 INFO  scripts.training.teacher_finetune.training_pipeline | step 100350 | loss_grouped_ce=nan lr=0.000284623
2026-08-06 01:22:32 INFO  scripts.training.teacher_finetune.training_pipeline | step 100400 | loss_grouped_ce=nan lr=0.000284604
2026-08-06 01:22:52 INFO  scripts.training.teacher_finetune.training_pipeline | step 100450 | loss_grouped_ce=nan lr=0.000284586
2026-08-06 01:23:11 INFO  scripts.training.teacher_finetune.training_pipeline | step 100500 | loss_grouped_ce=nan lr=0.000284568
2026-08-06 01:23:34 INFO  scripts.training.teacher_finetune.training_pipeline | step 100550 | loss_grouped_ce=nan lr=0.000284549
2026-08-06 01:23:56 INFO  scripts.training.teacher_finetune.training_pipeline | step 100600 | loss_grouped_ce=nan lr=0.000284531
2026-08-06 01:24:15 INFO  scripts.training.teacher_finetune.training_pipeline | step 100650 | loss_grouped_ce=nan lr=0.000284513
2026-08-06 01:24:32 INFO  scripts.training.teacher_finetune.training_pipeline | step 100700 | loss_grouped_ce=nan lr=0.000284494
2026-08-06 01:24:48 INFO  scripts.training.teacher_finetune.training_pipeline | step 100750 | loss_grouped_ce=nan lr=0.000284476
2026-08-06 01:25:04 INFO  scripts.training.teacher_finetune.training_pipeline | step 100800 | loss_grouped_ce=nan lr=0.000284458
2026-08-06 01:25:22 INFO  scripts.training.teacher_finetune.training_pipeline | step 100850 | loss_grouped_ce=nan lr=0.000284439
2026-08-06 01:25:42 INFO  scripts.training.teacher_finetune.training_pipeline | step 100900 | loss_grouped_ce=nan lr=0.000284421
2026-08-06 01:26:03 INFO  scripts.training.teacher_finetune.training_pipeline | step 100950 | loss_grouped_ce=nan lr=0.000284403
2026-08-06 01:26:19 INFO  scripts.training.teacher_finetune.training_pipeline | step 101000 | loss_grouped_ce=nan lr=0.000284384
2026-08-06 01:26:36 INFO  scripts.training.teacher_finetune.training_pipeline | step 101050 | loss_grouped_ce=nan lr=0.000284366
2026-08-06 01:26:52 INFO  scripts.training.teacher_finetune.training_pipeline | step 101100 | loss_grouped_ce=nan lr=0.000284348
2026-08-06 01:27:09 INFO  scripts.training.teacher_finetune.training_pipeline | step 101150 | loss_grouped_ce=nan lr=0.000284329
2026-08-06 01:27:26 INFO  scripts.training.teacher_finetune.training_pipeline | step 101200 | loss_grouped_ce=nan lr=0.000284311
2026-08-06 01:27:48 INFO  scripts.training.teacher_finetune.training_pipeline | step 101250 | loss_grouped_ce=nan lr=0.000284292
2026-08-06 01:28:07 INFO  scripts.training.teacher_finetune.training_pipeline | step 101300 | loss_grouped_ce=nan lr=0.000284274
2026-08-06 01:28:31 INFO  scripts.training.teacher_finetune.training_pipeline | step 101350 | loss_grouped_ce=nan lr=0.000284255
2026-08-06 01:28:54 INFO  scripts.training.teacher_finetune.training_pipeline | step 101400 | loss_grouped_ce=nan lr=0.000284237
2026-08-06 01:29:11 INFO  scripts.training.teacher_finetune.training_pipeline | step 101450 | loss_grouped_ce=nan lr=0.000284218
2026-08-06 01:29:32 INFO  scripts.training.teacher_finetune.training_pipeline | step 101500 | loss_grouped_ce=nan lr=0.0002842
2026-08-06 01:29:49 INFO  scripts.training.teacher_finetune.training_pipeline | step 101550 | loss_grouped_ce=nan lr=0.000284181
2026-08-06 01:30:06 INFO  scripts.training.teacher_finetune.training_pipeline | step 101600 | loss_grouped_ce=nan lr=0.000284163
2026-08-06 01:30:30 INFO  scripts.training.teacher_finetune.training_pipeline | step 101650 | loss_grouped_ce=nan lr=0.000284144
2026-08-06 01:30:55 INFO  scripts.training.teacher_finetune.training_pipeline | step 101700 | loss_grouped_ce=nan lr=0.000284126
2026-08-06 01:31:20 INFO  scripts.training.teacher_finetune.training_pipeline | step 101750 | loss_grouped_ce=nan lr=0.000284107
2026-08-06 01:31:39 INFO  scripts.training.teacher_finetune.training_pipeline | step 101800 | loss_grouped_ce=nan lr=0.000284089
2026-08-06 01:32:03 INFO  scripts.training.teacher_finetune.training_pipeline | step 101850 | loss_grouped_ce=nan lr=0.00028407
2026-08-06 01:32:23 INFO  scripts.training.teacher_finetune.training_pipeline | step 101900 | loss_grouped_ce=nan lr=0.000284052
2026-08-06 01:32:40 INFO  scripts.training.teacher_finetune.training_pipeline | step 101950 | loss_grouped_ce=nan lr=0.000284033
2026-08-06 01:33:05 INFO  scripts.training.teacher_finetune.training_pipeline | step 102000 | loss_grouped_ce=nan lr=0.000284014
2026-08-06 01:33:27 INFO  scripts.training.teacher_finetune.training_pipeline | step 102050 | loss_grouped_ce=nan lr=0.000283996
2026-08-06 01:33:53 INFO  scripts.training.teacher_finetune.training_pipeline | step 102100 | loss_grouped_ce=nan lr=0.000283977
2026-08-06 01:34:17 INFO  scripts.training.teacher_finetune.training_pipeline | step 102150 | loss_grouped_ce=nan lr=0.000283959
2026-08-06 01:34:39 INFO  scripts.training.teacher_finetune.training_pipeline | step 102200 | loss_grouped_ce=nan lr=0.00028394
2026-08-06 01:34:59 INFO  scripts.training.teacher_finetune.training_pipeline | step 102250 | loss_grouped_ce=nan lr=0.000283921
2026-08-06 01:35:22 INFO  scripts.training.teacher_finetune.training_pipeline | step 102300 | loss_grouped_ce=nan lr=0.000283903
2026-08-06 01:35:38 INFO  scripts.training.teacher_finetune.training_pipeline | step 102350 | loss_grouped_ce=nan lr=0.000283884
2026-08-06 01:36:01 INFO  scripts.training.teacher_finetune.training_pipeline | step 102400 | loss_grouped_ce=nan lr=0.000283865
2026-08-06 01:36:22 INFO  scripts.training.teacher_finetune.training_pipeline | step 102450 | loss_grouped_ce=nan lr=0.000283847
2026-08-06 01:36:41 INFO  scripts.training.teacher_finetune.training_pipeline | step 102500 | loss_grouped_ce=nan lr=0.000283828
2026-08-06 01:37:06 INFO  scripts.training.teacher_finetune.training_pipeline | step 102550 | loss_grouped_ce=nan lr=0.000283809
2026-08-06 01:37:32 INFO  scripts.training.teacher_finetune.training_pipeline | step 102600 | loss_grouped_ce=nan lr=0.000283791
2026-08-06 01:37:51 INFO  scripts.training.teacher_finetune.training_pipeline | step 102650 | loss_grouped_ce=nan lr=0.000283772
2026-08-06 01:38:14 INFO  scripts.training.teacher_finetune.training_pipeline | step 102700 | loss_grouped_ce=nan lr=0.000283753
2026-08-06 01:38:31 INFO  scripts.training.teacher_finetune.training_pipeline | step 102750 | loss_grouped_ce=nan lr=0.000283734
2026-08-06 01:38:52 INFO  scripts.training.teacher_finetune.training_pipeline | step 102800 | loss_grouped_ce=nan lr=0.000283716
2026-08-06 01:39:13 INFO  scripts.training.teacher_finetune.training_pipeline | step 102850 | loss_grouped_ce=nan lr=0.000283697
2026-08-06 01:39:38 INFO  scripts.training.teacher_finetune.training_pipeline | step 102900 | loss_grouped_ce=nan lr=0.000283678
2026-08-06 01:39:58 INFO  scripts.training.teacher_finetune.training_pipeline | step 102950 | loss_grouped_ce=nan lr=0.000283659
2026-08-06 01:40:17 INFO  scripts.training.teacher_finetune.training_pipeline | step 103000 | loss_grouped_ce=nan lr=0.000283641
2026-08-06 01:40:42 INFO  scripts.training.teacher_finetune.training_pipeline | step 103050 | loss_grouped_ce=nan lr=0.000283622
2026-08-06 01:41:08 INFO  scripts.training.teacher_finetune.training_pipeline | step 103100 | loss_grouped_ce=nan lr=0.000283603
2026-08-06 01:41:32 INFO  scripts.training.teacher_finetune.training_pipeline | step 103150 | loss_grouped_ce=nan lr=0.000283584
2026-08-06 01:41:57 INFO  scripts.training.teacher_finetune.training_pipeline | step 103200 | loss_grouped_ce=nan lr=0.000283565
2026-08-06 01:42:21 INFO  scripts.training.teacher_finetune.training_pipeline | step 103250 | loss_grouped_ce=nan lr=0.000283546
2026-08-06 01:42:44 INFO  scripts.training.teacher_finetune.training_pipeline | step 103300 | loss_grouped_ce=nan lr=0.000283528
2026-08-06 01:43:04 INFO  scripts.training.teacher_finetune.training_pipeline | step 103350 | loss_grouped_ce=nan lr=0.000283509
2026-08-06 01:43:22 INFO  scripts.training.teacher_finetune.training_pipeline | step 103400 | loss_grouped_ce=nan lr=0.00028349
2026-08-06 01:43:46 INFO  scripts.training.teacher_finetune.training_pipeline | step 103450 | loss_grouped_ce=nan lr=0.000283471
2026-08-06 01:44:10 INFO  scripts.training.teacher_finetune.training_pipeline | step 103500 | loss_grouped_ce=nan lr=0.000283452
2026-08-06 01:44:26 INFO  scripts.training.teacher_finetune.training_pipeline | step 103550 | loss_grouped_ce=nan lr=0.000283433
2026-08-06 01:44:45 INFO  scripts.training.teacher_finetune.training_pipeline | step 103600 | loss_grouped_ce=nan lr=0.000283414
2026-08-06 01:45:09 INFO  scripts.training.teacher_finetune.training_pipeline | step 103650 | loss_grouped_ce=nan lr=0.000283395
2026-08-06 01:45:34 INFO  scripts.training.teacher_finetune.training_pipeline | step 103700 | loss_grouped_ce=nan lr=0.000283376
2026-08-06 01:45:56 INFO  scripts.training.teacher_finetune.training_pipeline | step 103750 | loss_grouped_ce=nan lr=0.000283357
2026-08-06 01:46:18 INFO  scripts.training.teacher_finetune.training_pipeline | step 103800 | loss_grouped_ce=nan lr=0.000283338
2026-08-06 01:46:38 INFO  scripts.training.teacher_finetune.training_pipeline | step 103850 | loss_grouped_ce=nan lr=0.00028332
2026-08-06 01:47:01 INFO  scripts.training.teacher_finetune.training_pipeline | step 103900 | loss_grouped_ce=nan lr=0.000283301
2026-08-06 01:47:25 INFO  scripts.training.teacher_finetune.training_pipeline | step 103950 | loss_grouped_ce=nan lr=0.000283282
2026-08-06 01:47:48 INFO  scripts.training.teacher_finetune.training_pipeline | step 104000 | loss_grouped_ce=nan lr=0.000283263
2026-08-06 01:48:11 INFO  scripts.training.teacher_finetune.training_pipeline | step 104050 | loss_grouped_ce=nan lr=0.000283244
2026-08-06 01:48:29 INFO  scripts.training.teacher_finetune.training_pipeline | step 104100 | loss_grouped_ce=nan lr=0.000283225
2026-08-06 01:48:51 INFO  scripts.training.teacher_finetune.training_pipeline | step 104150 | loss_grouped_ce=nan lr=0.000283206
2026-08-06 01:49:08 INFO  scripts.training.teacher_finetune.training_pipeline | step 104200 | loss_grouped_ce=nan lr=0.000283186
2026-08-06 01:49:32 INFO  scripts.training.teacher_finetune.training_pipeline | step 104250 | loss_grouped_ce=nan lr=0.000283167
2026-08-06 01:49:57 INFO  scripts.training.teacher_finetune.training_pipeline | step 104300 | loss_grouped_ce=nan lr=0.000283148
2026-08-06 01:50:17 INFO  scripts.training.teacher_finetune.training_pipeline | step 104350 | loss_grouped_ce=nan lr=0.000283129
2026-08-06 01:50:41 INFO  scripts.training.teacher_finetune.training_pipeline | step 104400 | loss_grouped_ce=nan lr=0.00028311
2026-08-06 01:50:57 INFO  scripts.training.teacher_finetune.training_pipeline | step 104450 | loss_grouped_ce=nan lr=0.000283091
2026-08-06 01:51:13 INFO  scripts.training.teacher_finetune.training_pipeline | step 104500 | loss_grouped_ce=nan lr=0.000283072
2026-08-06 01:51:35 INFO  scripts.training.teacher_finetune.training_pipeline | step 104550 | loss_grouped_ce=nan lr=0.000283053
2026-08-06 01:51:57 INFO  scripts.training.teacher_finetune.training_pipeline | step 104600 | loss_grouped_ce=nan lr=0.000283034
2026-08-06 01:52:15 INFO  scripts.training.teacher_finetune.training_pipeline | step 104650 | loss_grouped_ce=nan lr=0.000283015
2026-08-06 01:52:32 INFO  scripts.training.teacher_finetune.training_pipeline | step 104700 | loss_grouped_ce=nan lr=0.000282996
2026-08-06 01:52:57 INFO  scripts.training.teacher_finetune.training_pipeline | step 104750 | loss_grouped_ce=nan lr=0.000282976
2026-08-06 01:53:23 INFO  scripts.training.teacher_finetune.training_pipeline | step 104800 | loss_grouped_ce=nan lr=0.000282957
2026-08-06 01:53:45 INFO  scripts.training.teacher_finetune.training_pipeline | step 104850 | loss_grouped_ce=nan lr=0.000282938
2026-08-06 01:54:02 INFO  scripts.training.teacher_finetune.training_pipeline | step 104900 | loss_grouped_ce=nan lr=0.000282919
2026-08-06 01:54:20 INFO  scripts.training.teacher_finetune.training_pipeline | step 104950 | loss_grouped_ce=nan lr=0.0002829
2026-08-06 01:54:43 INFO  scripts.training.teacher_finetune.training_pipeline | step 105000 | loss_grouped_ce=nan lr=0.00028288
2026-08-06 01:55:06 INFO  scripts.training.teacher_finetune.training_pipeline | step 105050 | loss_grouped_ce=nan lr=0.000282861
2026-08-06 01:55:30 INFO  scripts.training.teacher_finetune.training_pipeline | step 105100 | loss_grouped_ce=nan lr=0.000282842
2026-08-06 01:55:51 INFO  scripts.training.teacher_finetune.training_pipeline | step 105150 | loss_grouped_ce=nan lr=0.000282823
2026-08-06 01:56:14 INFO  scripts.training.teacher_finetune.training_pipeline | step 105200 | loss_grouped_ce=nan lr=0.000282804
2026-08-06 01:56:30 INFO  scripts.training.teacher_finetune.training_pipeline | step 105250 | loss_grouped_ce=nan lr=0.000282784
2026-08-06 01:56:47 INFO  scripts.training.teacher_finetune.training_pipeline | step 105300 | loss_grouped_ce=nan lr=0.000282765
2026-08-06 01:57:11 INFO  scripts.training.teacher_finetune.training_pipeline | step 105350 | loss_grouped_ce=nan lr=0.000282746
2026-08-06 01:57:29 INFO  scripts.training.teacher_finetune.training_pipeline | step 105400 | loss_grouped_ce=nan lr=0.000282727
2026-08-06 01:57:47 INFO  scripts.training.teacher_finetune.training_pipeline | step 105450 | loss_grouped_ce=nan lr=0.000282707
2026-08-06 01:58:08 INFO  scripts.training.teacher_finetune.training_pipeline | step 105500 | loss_grouped_ce=nan lr=0.000282688
2026-08-06 01:58:33 INFO  scripts.training.teacher_finetune.training_pipeline | step 105550 | loss_grouped_ce=nan lr=0.000282669
2026-08-06 01:58:40 INFO  scripts.training.teacher_finetune.training_pipeline | epoch 18/100 — train done in 2482.3s | avg loss_grouped_ce=nan
2026-08-06 01:58:40 INFO  scripts.training.teacher_finetune.evaluate | evaluating on 617 batches
2026-08-06 02:02:43 INFO  scripts.training.teacher_finetune.training_pipeline | epoch 18/100 — val accuracy_top1=0.0000 f1_macro=0.0000 f1_micro=0.0000 (selection f1_macro=0.0000)
2026-08-06 02:02:43 INFO  scripts.training.teacher_finetune.evaluate | mlflow: logged val/accuracy_top1=0.0000 val/f1_macro=0.0000 val/f1_micro=0.0000 (step=17, n=19732)
2026-08-06 02:02:44 INFO  scripts.training.teacher_finetune.evaluate | mlflow: logged val per-source accuracy table (6 sources)
2026-08-06 02:02:46 INFO  scripts.training.teacher_finetune.training_pipeline | saved checkpoint: /app/scripts/training/teacher_finetune/model_exports/teacher-finetune-20260805-113610/last.pt
2026-08-06 02:02:46 INFO  scripts.training.teacher_finetune.training_pipeline | epoch 18/100 done — next lr=0.000282661, epochs_since_improve=14/15
2026-08-06 02:02:46 INFO  scripts.training.teacher_finetune.training_pipeline | epoch 19/100 — train start (lr=0.000282661, batches=5865)
2026-08-06 02:03:02 INFO  scripts.training.teacher_finetune.training_pipeline | step 105600 | loss_grouped_ce=nan lr=0.000282649
2026-08-06 02:03:27 INFO  scripts.training.teacher_finetune.training_pipeline | step 105650 | loss_grouped_ce=nan lr=0.00028263
2026-08-06 02:03:44 INFO  scripts.training.teacher_finetune.training_pipeline | step 105700 | loss_grouped_ce=nan lr=0.000282611
2026-08-06 02:04:00 INFO  scripts.training.teacher_finetune.training_pipeline | step 105750 | loss_grouped_ce=nan lr=0.000282591
2026-08-06 02:04:25 INFO  scripts.training.teacher_finetune.training_pipeline | step 105800 | loss_grouped_ce=nan lr=0.000282572
2026-08-06 02:04:47 INFO  scripts.training.teacher_finetune.training_pipeline | step 105850 | loss_grouped_ce=nan lr=0.000282553
2026-08-06 02:05:03 INFO  scripts.training.teacher_finetune.training_pipeline | step 105900 | loss_grouped_ce=nan lr=0.000282533
2026-08-06 02:05:24 INFO  scripts.training.teacher_finetune.training_pipeline | step 105950 | loss_grouped_ce=nan lr=0.000282514
2026-08-06 02:05:47 INFO  scripts.training.teacher_finetune.training_pipeline | step 106000 | loss_grouped_ce=nan lr=0.000282494
2026-08-06 02:06:12 INFO  scripts.training.teacher_finetune.training_pipeline | step 106050 | loss_grouped_ce=nan lr=0.000282475
2026-08-06 02:06:28 INFO  scripts.training.teacher_finetune.training_pipeline | step 106100 | loss_grouped_ce=nan lr=0.000282456
2026-08-06 02:06:45 INFO  scripts.training.teacher_finetune.training_pipeline | step 106150 | loss_grouped_ce=nan lr=0.000282436
2026-08-06 02:07:09 INFO  scripts.training.teacher_finetune.training_pipeline | step 106200 | loss_grouped_ce=nan lr=0.000282417
2026-08-06 02:07:35 INFO  scripts.training.teacher_finetune.training_pipeline | step 106250 | loss_grouped_ce=nan lr=0.000282397
2026-08-06 02:07:58 INFO  scripts.training.teacher_finetune.training_pipeline | step 106300 | loss_grouped_ce=nan lr=0.000282378
2026-08-06 02:08:18 INFO  scripts.training.teacher_finetune.training_pipeline | step 106350 | loss_grouped_ce=nan lr=0.000282358
2026-08-06 02:08:43 INFO  scripts.training.teacher_finetune.training_pipeline | step 106400 | loss_grouped_ce=nan lr=0.000282339
2026-08-06 02:09:02 INFO  scripts.training.teacher_finetune.training_pipeline | step 106450 | loss_grouped_ce=nan lr=0.000282319
2026-08-06 02:09:19 INFO  scripts.training.teacher_finetune.training_pipeline | step 106500 | loss_grouped_ce=nan lr=0.0002823
2026-08-06 02:09:41 INFO  scripts.training.teacher_finetune.training_pipeline | step 106550 | loss_grouped_ce=nan lr=0.00028228
2026-08-06 02:09:57 INFO  scripts.training.teacher_finetune.training_pipeline | step 106600 | loss_grouped_ce=nan lr=0.000282261
2026-08-06 02:10:13 INFO  scripts.training.teacher_finetune.training_pipeline | step 106650 | loss_grouped_ce=nan lr=0.000282241
2026-08-06 02:10:32 INFO  scripts.training.teacher_finetune.training_pipeline | step 106700 | loss_grouped_ce=nan lr=0.000282222
2026-08-06 02:10:58 INFO  scripts.training.teacher_finetune.training_pipeline | step 106750 | loss_grouped_ce=nan lr=0.000282202
2026-08-06 02:11:23 INFO  scripts.training.teacher_finetune.training_pipeline | step 106800 | loss_grouped_ce=nan lr=0.000282183
2026-08-06 02:11:39 INFO  scripts.training.teacher_finetune.training_pipeline | step 106850 | loss_grouped_ce=nan lr=0.000282163
2026-08-06 02:11:55 INFO  scripts.training.teacher_finetune.training_pipeline | step 106900 | loss_grouped_ce=nan lr=0.000282143
2026-08-06 02:12:17 INFO  scripts.training.teacher_finetune.training_pipeline | step 106950 | loss_grouped_ce=nan lr=0.000282124
2026-08-06 02:12:38 INFO  scripts.training.teacher_finetune.training_pipeline | step 107000 | loss_grouped_ce=nan lr=0.000282104
2026-08-06 02:13:03 INFO  scripts.training.teacher_finetune.training_pipeline | step 107050 | loss_grouped_ce=nan lr=0.000282085
2026-08-06 02:13:29 INFO  scripts.training.teacher_finetune.training_pipeline | step 107100 | loss_grouped_ce=nan lr=0.000282065
2026-08-06 02:13:46 INFO  scripts.training.teacher_finetune.training_pipeline | step 107150 | loss_grouped_ce=nan lr=0.000282045
2026-08-06 02:14:10 INFO  scripts.training.teacher_finetune.training_pipeline | step 107200 | loss_grouped_ce=nan lr=0.000282026
2026-08-06 02:14:26 INFO  scripts.training.teacher_finetune.training_pipeline | step 107250 | loss_grouped_ce=nan lr=0.000282006
2026-08-06 02:14:43 INFO  scripts.training.teacher_finetune.training_pipeline | step 107300 | loss_grouped_ce=nan lr=0.000281986
2026-08-06 02:15:07 INFO  scripts.training.teacher_finetune.training_pipeline | step 107350 | loss_grouped_ce=nan lr=0.000281967
2026-08-06 02:15:26 INFO  scripts.training.teacher_finetune.training_pipeline | step 107400 | loss_grouped_ce=nan lr=0.000281947
2026-08-06 02:15:48 INFO  scripts.training.teacher_finetune.training_pipeline | step 107450 | loss_grouped_ce=nan lr=0.000281927
2026-08-06 02:16:08 INFO  scripts.training.teacher_finetune.training_pipeline | step 107500 | loss_grouped_ce=nan lr=0.000281908
2026-08-06 02:16:26 INFO  scripts.training.teacher_finetune.training_pipeline | step 107550 | loss_grouped_ce=nan lr=0.000281888
2026-08-06 02:16:45 INFO  scripts.training.teacher_finetune.training_pipeline | step 107600 | loss_grouped_ce=nan lr=0.000281868
2026-08-06 02:17:06 INFO  scripts.training.teacher_finetune.training_pipeline | step 107650 | loss_grouped_ce=nan lr=0.000281848
2026-08-06 02:17:28 INFO  scripts.training.teacher_finetune.training_pipeline | step 107700 | loss_grouped_ce=nan lr=0.000281829
2026-08-06 02:17:44 INFO  scripts.training.teacher_finetune.training_pipeline | step 107750 | loss_grouped_ce=nan lr=0.000281809
2026-08-06 02:18:07 INFO  scripts.training.teacher_finetune.training_pipeline | step 107800 | loss_grouped_ce=nan lr=0.000281789
2026-08-06 02:18:25 INFO  scripts.training.teacher_finetune.training_pipeline | step 107850 | loss_grouped_ce=nan lr=0.000281769
2026-08-06 02:18:41 INFO  scripts.training.teacher_finetune.training_pipeline | step 107900 | loss_grouped_ce=nan lr=0.00028175
2026-08-06 02:19:06 INFO  scripts.training.teacher_finetune.training_pipeline | step 107950 | loss_grouped_ce=nan lr=0.00028173
2026-08-06 02:19:24 INFO  scripts.training.teacher_finetune.training_pipeline | step 108000 | loss_grouped_ce=nan lr=0.00028171
2026-08-06 02:19:46 INFO  scripts.training.teacher_finetune.training_pipeline | step 108050 | loss_grouped_ce=nan lr=0.00028169
2026-08-06 02:20:13 INFO  scripts.training.teacher_finetune.training_pipeline | step 108100 | loss_grouped_ce=nan lr=0.00028167
2026-08-06 02:20:36 INFO  scripts.training.teacher_finetune.training_pipeline | step 108150 | loss_grouped_ce=nan lr=0.000281651
2026-08-06 02:20:52 INFO  scripts.training.teacher_finetune.training_pipeline | step 108200 | loss_grouped_ce=nan lr=0.000281631
2026-08-06 02:21:08 INFO  scripts.training.teacher_finetune.training_pipeline | step 108250 | loss_grouped_ce=nan lr=0.000281611
2026-08-06 02:21:24 INFO  scripts.training.teacher_finetune.training_pipeline | step 108300 | loss_grouped_ce=nan lr=0.000281591
2026-08-06 02:21:41 INFO  scripts.training.teacher_finetune.training_pipeline | step 108350 | loss_grouped_ce=nan lr=0.000281571
2026-08-06 02:22:00 INFO  scripts.training.teacher_finetune.training_pipeline | step 108400 | loss_grouped_ce=nan lr=0.000281551
2026-08-06 02:22:20 INFO  scripts.training.teacher_finetune.training_pipeline | step 108450 | loss_grouped_ce=nan lr=0.000281531
2026-08-06 02:22:37 INFO  scripts.training.teacher_finetune.training_pipeline | step 108500 | loss_grouped_ce=nan lr=0.000281511
2026-08-06 02:22:57 INFO  scripts.training.teacher_finetune.training_pipeline | step 108550 | loss_grouped_ce=nan lr=0.000281492
2026-08-06 02:23:22 INFO  scripts.training.teacher_finetune.training_pipeline | step 108600 | loss_grouped_ce=nan lr=0.000281472
2026-08-06 02:23:42 INFO  scripts.training.teacher_finetune.training_pipeline | step 108650 | loss_grouped_ce=nan lr=0.000281452
2026-08-06 02:24:04 INFO  scripts.training.teacher_finetune.training_pipeline | step 108700 | loss_grouped_ce=nan lr=0.000281432
2026-08-06 02:24:22 INFO  scripts.training.teacher_finetune.training_pipeline | step 108750 | loss_grouped_ce=nan lr=0.000281412
2026-08-06 02:24:47 INFO  scripts.training.teacher_finetune.training_pipeline | step 108800 | loss_grouped_ce=nan lr=0.000281392
2026-08-06 02:25:12 INFO  scripts.training.teacher_finetune.training_pipeline | step 108850 | loss_grouped_ce=nan lr=0.000281372
2026-08-06 02:25:37 INFO  scripts.training.teacher_finetune.training_pipeline | step 108900 | loss_grouped_ce=nan lr=0.000281352
2026-08-06 02:25:59 INFO  scripts.training.teacher_finetune.training_pipeline | step 108950 | loss_grouped_ce=nan lr=0.000281332
2026-08-06 02:26:23 INFO  scripts.training.teacher_finetune.training_pipeline | step 109000 | loss_grouped_ce=nan lr=0.000281312
2026-08-06 02:26:48 INFO  scripts.training.teacher_finetune.training_pipeline | step 109050 | loss_grouped_ce=nan lr=0.000281292
2026-08-06 02:27:05 INFO  scripts.training.teacher_finetune.training_pipeline | step 109100 | loss_grouped_ce=nan lr=0.000281272
2026-08-06 02:27:23 INFO  scripts.training.teacher_finetune.training_pipeline | step 109150 | loss_grouped_ce=nan lr=0.000281252
2026-08-06 02:27:43 INFO  scripts.training.teacher_finetune.training_pipeline | step 109200 | loss_grouped_ce=nan lr=0.000281232
2026-08-06 02:28:07 INFO  scripts.training.teacher_finetune.training_pipeline | step 109250 | loss_grouped_ce=nan lr=0.000281212
2026-08-06 02:28:23 INFO  scripts.training.teacher_finetune.training_pipeline | step 109300 | loss_grouped_ce=nan lr=0.000281192
2026-08-06 02:28:40 INFO  scripts.training.teacher_finetune.training_pipeline | step 109350 | loss_grouped_ce=nan lr=0.000281172
2026-08-06 02:28:58 INFO  scripts.training.teacher_finetune.training_pipeline | step 109400 | loss_grouped_ce=nan lr=0.000281152
2026-08-06 02:29:23 INFO  scripts.training.teacher_finetune.training_pipeline | step 109450 | loss_grouped_ce=nan lr=0.000281131
2026-08-06 02:29:44 INFO  scripts.training.teacher_finetune.training_pipeline | step 109500 | loss_grouped_ce=nan lr=0.000281111
2026-08-06 02:30:02 INFO  scripts.training.teacher_finetune.training_pipeline | step 109550 | loss_grouped_ce=nan lr=0.000281091
2026-08-06 02:30:26 INFO  scripts.training.teacher_finetune.training_pipeline | step 109600 | loss_grouped_ce=nan lr=0.000281071
2026-08-06 02:30:42 INFO  scripts.training.teacher_finetune.training_pipeline | step 109650 | loss_grouped_ce=nan lr=0.000281051
2026-08-06 02:30:59 INFO  scripts.training.teacher_finetune.training_pipeline | step 109700 | loss_grouped_ce=nan lr=0.000281031
2026-08-06 02:31:23 INFO  scripts.training.teacher_finetune.training_pipeline | step 109750 | loss_grouped_ce=nan lr=0.000281011
2026-08-06 02:31:48 INFO  scripts.training.teacher_finetune.training_pipeline | step 109800 | loss_grouped_ce=nan lr=0.00028099
2026-08-06 02:32:06 INFO  scripts.training.teacher_finetune.training_pipeline | step 109850 | loss_grouped_ce=nan lr=0.00028097
2026-08-06 02:32:25 INFO  scripts.training.teacher_finetune.training_pipeline | step 109900 | loss_grouped_ce=nan lr=0.00028095
2026-08-06 02:32:43 INFO  scripts.training.teacher_finetune.training_pipeline | step 109950 | loss_grouped_ce=nan lr=0.00028093
2026-08-06 02:33:03 INFO  scripts.training.teacher_finetune.training_pipeline | step 110000 | loss_grouped_ce=nan lr=0.00028091
2026-08-06 02:33:23 INFO  scripts.training.teacher_finetune.training_pipeline | step 110050 | loss_grouped_ce=nan lr=0.00028089
2026-08-06 02:33:41 INFO  scripts.training.teacher_finetune.training_pipeline | step 110100 | loss_grouped_ce=nan lr=0.000280869
2026-08-06 02:33:59 INFO  scripts.training.teacher_finetune.training_pipeline | step 110150 | loss_grouped_ce=nan lr=0.000280849
2026-08-06 02:34:16 INFO  scripts.training.teacher_finetune.training_pipeline | step 110200 | loss_grouped_ce=nan lr=0.000280829
2026-08-06 02:34:36 INFO  scripts.training.teacher_finetune.training_pipeline | step 110250 | loss_grouped_ce=nan lr=0.000280809
2026-08-06 02:34:58 INFO  scripts.training.teacher_finetune.training_pipeline | step 110300 | loss_grouped_ce=nan lr=0.000280788
2026-08-06 02:35:15 INFO  scripts.training.teacher_finetune.training_pipeline | step 110350 | loss_grouped_ce=nan lr=0.000280768
2026-08-06 02:35:36 INFO  scripts.training.teacher_finetune.training_pipeline | step 110400 | loss_grouped_ce=nan lr=0.000280748
2026-08-06 02:35:53 INFO  scripts.training.teacher_finetune.training_pipeline | step 110450 | loss_grouped_ce=nan lr=0.000280727
2026-08-06 02:36:09 INFO  scripts.training.teacher_finetune.training_pipeline | step 110500 | loss_grouped_ce=nan lr=0.000280707
2026-08-06 02:36:29 INFO  scripts.training.teacher_finetune.training_pipeline | step 110550 | loss_grouped_ce=nan lr=0.000280687
2026-08-06 02:36:47 INFO  scripts.training.teacher_finetune.training_pipeline | step 110600 | loss_grouped_ce=nan lr=0.000280667
2026-08-06 02:37:12 INFO  scripts.training.teacher_finetune.training_pipeline | step 110650 | loss_grouped_ce=nan lr=0.000280646
2026-08-06 02:37:38 INFO  scripts.training.teacher_finetune.training_pipeline | step 110700 | loss_grouped_ce=nan lr=0.000280626
2026-08-06 02:37:57 INFO  scripts.training.teacher_finetune.training_pipeline | step 110750 | loss_grouped_ce=nan lr=0.000280605
2026-08-06 02:38:19 INFO  scripts.training.teacher_finetune.training_pipeline | step 110800 | loss_grouped_ce=nan lr=0.000280585
2026-08-06 02:38:40 INFO  scripts.training.teacher_finetune.training_pipeline | step 110850 | loss_grouped_ce=nan lr=0.000280565
2026-08-06 02:39:12 INFO  scripts.training.teacher_finetune.training_pipeline | step 110900 | loss_grouped_ce=nan lr=0.000280544
2026-08-06 02:39:28 INFO  scripts.training.teacher_finetune.training_pipeline | step 110950 | loss_grouped_ce=nan lr=0.000280524
2026-08-06 02:39:44 INFO  scripts.training.teacher_finetune.training_pipeline | step 111000 | loss_grouped_ce=nan lr=0.000280504
2026-08-06 02:40:04 INFO  scripts.training.teacher_finetune.training_pipeline | step 111050 | loss_grouped_ce=nan lr=0.000280483
2026-08-06 02:40:22 INFO  scripts.training.teacher_finetune.training_pipeline | step 111100 | loss_grouped_ce=nan lr=0.000280463
2026-08-06 02:40:47 INFO  scripts.training.teacher_finetune.training_pipeline | step 111150 | loss_grouped_ce=nan lr=0.000280442
2026-08-06 02:41:07 INFO  scripts.training.teacher_finetune.training_pipeline | step 111200 | loss_grouped_ce=nan lr=0.000280422
2026-08-06 02:41:26 INFO  scripts.training.teacher_finetune.training_pipeline | step 111250 | loss_grouped_ce=nan lr=0.000280401
2026-08-06 02:41:44 INFO  scripts.training.teacher_finetune.training_pipeline | step 111300 | loss_grouped_ce=nan lr=0.000280381
2026-08-06 02:42:07 INFO  scripts.training.teacher_finetune.training_pipeline | step 111350 | loss_grouped_ce=nan lr=0.00028036
2026-08-06 02:42:29 INFO  scripts.training.teacher_finetune.training_pipeline | step 111400 | loss_grouped_ce=nan lr=0.00028034
2026-08-06 02:42:43 INFO  scripts.training.teacher_finetune.training_pipeline | epoch 19/100 — train done in 2397.2s | avg loss_grouped_ce=nan
2026-08-06 02:42:43 INFO  scripts.training.teacher_finetune.evaluate | evaluating on 617 batches
2026-08-06 02:46:31 INFO  scripts.training.teacher_finetune.training_pipeline | epoch 19/100 — val accuracy_top1=0.0000 f1_macro=0.0000 f1_micro=0.0000 (selection f1_macro=0.0000)
2026-08-06 02:46:32 INFO  scripts.training.teacher_finetune.evaluate | mlflow: logged val/accuracy_top1=0.0000 val/f1_macro=0.0000 val/f1_micro=0.0000 (step=18, n=19732)
2026-08-06 02:46:32 INFO  scripts.training.teacher_finetune.evaluate | mlflow: logged val per-source accuracy table (6 sources)
2026-08-06 02:46:34 INFO  scripts.training.teacher_finetune.training_pipeline | saved checkpoint: /app/scripts/training/teacher_finetune/model_exports/teacher-finetune-20260805-113610/last.pt
2026-08-06 02:46:34 INFO  scripts.training.teacher_finetune.training_pipeline | epoch 19/100 done — next lr=0.000280326, epochs_since_improve=15/15
2026-08-06 02:46:34 INFO  scripts.training.teacher_finetune.training_pipeline | early stopping at epoch 19 — no f1_macro improvement (>0.001) for 15 epochs
2026-08-06 02:46:36 INFO  scripts.training.teacher_finetune.training_pipeline | saved checkpoint: /app/scripts/training/teacher_finetune/model_exports/teacher-finetune-20260805-113610/last.pt
2026-08-06 02:46:36 INFO  scripts.training.teacher_finetune.training_pipeline | training finished — loading best.pt for final test evaluation
2026-08-06 02:46:37 INFO  scripts.training.teacher_finetune.training_pipeline | loaded best.pt (f1_macro=0.7645 @ epoch 3)
2026-08-06 02:46:37 INFO  scripts.training.teacher_finetune.evaluate | evaluating on 2878 batches
2026-08-06 03:14:28 INFO  scripts.training.teacher_finetune.training_pipeline | test accuracy_top1=0.6688 f1_macro=0.5390 f1_micro=0.6688
2026-08-06 03:14:30 INFO  scripts.training.teacher_finetune.evaluate | mlflow: logged test/accuracy_top1=0.6688 test/f1_macro=0.5390 test/f1_micro=0.6688 (step=None, n=92094)
2026-08-06 03:14:30 INFO  scripts.training.teacher_finetune.evaluate | mlflow: logged test per-source accuracy table (6 sources)
2026-08-06 03:29:31 INFO  scripts.training.teacher_finetune.training_pipeline | uploaded checkpoints to MLflow
2026-08-06 03:29:31 INFO  __main__ | uploaded log artifact: /app/scripts/training/teacher_finetune/model_exports/teacher-finetune-20260805-113610/teacher-finetune-20260805-113610.log
