2026-08-06 19:26:48 INFO  __main__ | === yolo26n synthetic-model-comparison training run ===
2026-08-06 19:26:48 INFO  __main__ | run_name=yolo26n-gpt-image-2-low-compressed-seed42-20260806-192648 experiment=yolo26n-synthetic-model-comparison
2026-08-06 19:26:48 INFO  __main__ | mlflow tracking_uri=http://hetzner.taile550ef.ts.net:5000/
2026-08-06 19:26:48 INFO  __main__ | run dir: /home/debian/Master-Thesis/scripts/synthetic_model_comparison/training/model_exports/yolo26n-gpt-image-2-low-compressed-seed42-20260806-192648
2026-08-06 19:26:48 INFO  __main__ | log file: /home/debian/Master-Thesis/scripts/synthetic_model_comparison/training/model_exports/yolo26n-gpt-image-2-low-compressed-seed42-20260806-192648/yolo26n-gpt-image-2-low-compressed-seed42-20260806-192648.log
2026-08-06 19:26:49 INFO  __main__ | generator=gpt-image-2-low prompt_regime=compressed seed=42 device=cuda epochs=200 smoke=False
2026-08-06 19:26:49 INFO  scripts.synthetic_model_comparison.training.split_dataset | split annotations.json: 1200 images -> 960 train / 240 val (val_fraction=0.20, seed=42)
2026-08-06 19:26:49 INFO  scripts.synthetic_model_comparison.training.split_dataset |   american black bear       train= 80  val= 20
2026-08-06 19:26:49 INFO  scripts.synthetic_model_comparison.training.split_dataset |   aye-aye                   train= 80  val= 20
2026-08-06 19:26:49 INFO  scripts.synthetic_model_comparison.training.split_dataset |   grevy's zebra             train= 80  val= 20
2026-08-06 19:26:49 INFO  scripts.synthetic_model_comparison.training.split_dataset |   kinkajou                  train= 80  val= 20
2026-08-06 19:26:49 INFO  scripts.synthetic_model_comparison.training.split_dataset |   lion                      train= 80  val= 20
2026-08-06 19:26:49 INFO  scripts.synthetic_model_comparison.training.split_dataset |   mountain zebra            train= 80  val= 20
2026-08-06 19:26:49 INFO  scripts.synthetic_model_comparison.training.split_dataset |   pangolin family           train=156  val= 36
2026-08-06 19:26:49 INFO  scripts.synthetic_model_comparison.training.split_dataset |   plains zebra              train= 80  val= 20
2026-08-06 19:26:49 INFO  scripts.synthetic_model_comparison.training.split_dataset |   red fox                   train= 80  val= 20
2026-08-06 19:26:49 INFO  scripts.synthetic_model_comparison.training.split_dataset |   ringtail                  train= 80  val= 20
2026-08-06 19:26:49 INFO  scripts.synthetic_model_comparison.training.split_dataset |   saiga                     train= 80  val= 20
2026-08-06 19:26:49 INFO  scripts.synthetic_model_comparison.training.split_dataset |   water deer                train= 80  val= 20
2026-08-06 19:26:49 INFO  scripts.synthetic_model_comparison.training.dataset | dataset annotations_val_split.json: 240 images, 256 annotations, 12 classes
2026-08-06 19:26:49 INFO  scripts.synthetic_model_comparison.training.dataset | dataset annotations_test.json: 9742 images, 9742 annotations, 12 classes
2026-08-06 19:26:49 INFO  scripts.synthetic_model_comparison.training.dataset | dataset annotations_train_split.json: 960 images, 1036 annotations, 12 classes
2026-08-06 19:26:49 INFO  scripts.synthetic_model_comparison.training.yolo26n_model | no pretrained weights — training from random initialization
2026-08-06 19:26:49 INFO  scripts.synthetic_model_comparison.training.yolo26n_model | model: yolo26n, nc=12, params=2.51M, device=cuda
2026-08-06 19:26:49 INFO  scripts.synthetic_model_comparison.training.optim | optimizer=SGD lr=0.001 | param groups: g0(BN,no-decay)=114 g1(conv,decay=0.0005)=126 g2(bias,no-decay)=126
2026-08-06 19:26:49 INFO  scripts.synthetic_model_comparison.training.optim | scheduler: OneCycleLR(max_lr=0.01, total_steps=3000, pct_start=0.015, div_factor=10, final_div_factor=100) — stepped per batch
2026-08-06 19:26:50 INFO  __main__ | run config:
2026-08-06 19:26:50 INFO  __main__ |   ANNOTATIONS_TEST = /home/debian/Master-Thesis/data/synthetic_model_comparison/test/annotations_test.json
2026-08-06 19:26:50 INFO  __main__ |   AUG_CLOSE_MOSAIC = 0
2026-08-06 19:26:50 INFO  __main__ |   AUG_COPY_PASTE = 0.0
2026-08-06 19:26:50 INFO  __main__ |   AUG_DEGREES = 0.0
2026-08-06 19:26:50 INFO  __main__ |   AUG_FLIPUD = 0.0
2026-08-06 19:26:50 INFO  __main__ |   AUG_HFLIP = True
2026-08-06 19:26:50 INFO  __main__ |   AUG_HSV = True
2026-08-06 19:26:50 INFO  __main__ |   AUG_HSV_H = 0.015
2026-08-06 19:26:50 INFO  __main__ |   AUG_HSV_S = 0.7
2026-08-06 19:26:50 INFO  __main__ |   AUG_HSV_V = 0.4
2026-08-06 19:26:50 INFO  __main__ |   AUG_MIXUP = 0.0
2026-08-06 19:26:50 INFO  __main__ |   AUG_MOSAIC = 0.0
2026-08-06 19:26:50 INFO  __main__ |   AUG_PERSPECTIVE = 0.0
2026-08-06 19:26:50 INFO  __main__ |   AUG_SCALE = 0.5
2026-08-06 19:26:50 INFO  __main__ |   AUG_SHEAR = 0.0
2026-08-06 19:26:50 INFO  __main__ |   AUG_TRANSLATE = 0.1
2026-08-06 19:26:50 INFO  __main__ |   BATCH_SIZE = 64
2026-08-06 19:26:50 INFO  __main__ |   DATA_ROOT = /home/debian/Master-Thesis/data
2026-08-06 19:26:50 INFO  __main__ |   EARLY_STOP = True
2026-08-06 19:26:50 INFO  __main__ |   EARLY_STOP_MIN_DELTA = 0.001
2026-08-06 19:26:50 INFO  __main__ |   EARLY_STOP_PATIENCE = 20
2026-08-06 19:26:50 INFO  __main__ |   EPOCH_COUNT = 200
2026-08-06 19:26:50 INFO  __main__ |   EVAL_CONF_THRES = 0.001
2026-08-06 19:26:50 INFO  __main__ |   EVAL_IOU_THRES = 0.6
2026-08-06 19:26:50 INFO  __main__ |   EVAL_MAX_DET = 100
2026-08-06 19:26:50 INFO  __main__ |   EXPERIMENT_DATA_ROOT = /home/debian/Master-Thesis/data/synthetic_model_comparison
2026-08-06 19:26:50 INFO  __main__ |   HYP_BOX = 7.5
2026-08-06 19:26:50 INFO  __main__ |   HYP_CLS = 0.5
2026-08-06 19:26:50 INFO  __main__ |   HYP_DFL = 1.5
2026-08-06 19:26:50 INFO  __main__ |   IMAGE_ROOT = /home/debian/Master-Thesis
2026-08-06 19:26:50 INFO  __main__ |   IMAGE_SIZE = 640
2026-08-06 19:26:50 INFO  __main__ |   LEARNING_RATE = 0.001
2026-08-06 19:26:50 INFO  __main__ |   MLFLOW_EXPERIMENT_DEFAULT = yolo26n-synthetic-model-comparison
2026-08-06 19:26:50 INFO  __main__ |   MLFLOW_LOG_EVERY_N_STEPS = 50
2026-08-06 19:26:50 INFO  __main__ |   MODEL_CONFIG = yolo26n.yaml
2026-08-06 19:26:50 INFO  __main__ |   MOMENTUM = 0.937
2026-08-06 19:26:50 INFO  __main__ |   NESTEROV = True
2026-08-06 19:26:50 INFO  __main__ |   NUM_CLASSES = 12
2026-08-06 19:26:50 INFO  __main__ |   NUM_WORKERS = 8
2026-08-06 19:26:50 INFO  __main__ |   ONE_CYCLE_DIV_FACTOR = 10.0
2026-08-06 19:26:50 INFO  __main__ |   ONE_CYCLE_FINAL_DIV_FACTOR = 100.0
2026-08-06 19:26:50 INFO  __main__ |   ONE_CYCLE_MAX_LR = 0.01
2026-08-06 19:26:50 INFO  __main__ |   ONE_CYCLE_PCT_START = 0.015
2026-08-06 19:26:50 INFO  __main__ |   OPTIMIZER = SGD
2026-08-06 19:26:50 INFO  __main__ |   OUTPUT_DIR = /home/debian/Master-Thesis/scripts/synthetic_model_comparison/training/model_exports
2026-08-06 19:26:50 INFO  __main__ |   PRETRAINED_WEIGHTS = /home/debian/Master-Thesis/weights/yolo26n.pt
2026-08-06 19:26:50 INFO  __main__ |   REPO_ROOT = /home/debian/Master-Thesis
2026-08-06 19:26:50 INFO  __main__ |   SEED = 42
2026-08-06 19:26:50 INFO  __main__ |   SELECTION_METRIC = mAP50_95
2026-08-06 19:26:50 INFO  __main__ |   SPLIT_SEED = 42
2026-08-06 19:26:50 INFO  __main__ |   TRAIN_ROOT = /home/debian/Master-Thesis/data/synthetic_model_comparison/train
2026-08-06 19:26:50 INFO  __main__ |   USE_AMP = True
2026-08-06 19:26:50 INFO  __main__ |   USE_EMA = True
2026-08-06 19:26:50 INFO  __main__ |   VAL_FRACTION = 0.2
2026-08-06 19:26:50 INFO  __main__ |   WARMUP_EPOCHS = 3
2026-08-06 19:26:50 INFO  __main__ |   WEIGHT_DECAY = 0.0005
2026-08-06 19:26:50 INFO  __main__ |   dataset_size_test = 9742
2026-08-06 19:26:50 INFO  __main__ |   dataset_size_train = 960
2026-08-06 19:26:50 INFO  __main__ |   dataset_size_val = 240
2026-08-06 19:26:50 INFO  __main__ |   device = cuda
2026-08-06 19:26:50 INFO  __main__ |   epochs_actual = 200
2026-08-06 19:26:50 INFO  __main__ |   generator = gpt-image-2-low
2026-08-06 19:26:50 INFO  __main__ |   git_sha = c7ea21c01efa95aa5c50b481ac8a7f1a2e02f37c
2026-08-06 19:26:50 INFO  __main__ |   prompt_regime = compressed
2026-08-06 19:26:50 INFO  __main__ |   resume_from = 
2026-08-06 19:26:50 INFO  __main__ |   run_seed = 42
2026-08-06 19:26:50 INFO  __main__ |   smoke = False
2026-08-06 19:26:50 INFO  __main__ |   weights_path = /home/debian/Master-Thesis/weights/yolo26n.pt
2026-08-06 19:26:50 INFO  scripts.synthetic_model_comparison.training.training_pipeline | output dir: /home/debian/Master-Thesis/scripts/synthetic_model_comparison/training/model_exports/yolo26n-gpt-image-2-low-compressed-seed42-20260806-192648 | selection_metric=mAP50_95 early_stop=True(patience=20, min_delta=0.001) ema=True amp=True
2026-08-06 19:26:50 INFO  scripts.synthetic_model_comparison.training.training_pipeline | starting training: ceiling=200 epochs | train_batches=15 val_batches=4 test_batches=153 | device=cuda
2026-08-06 19:26:50 INFO  scripts.synthetic_model_comparison.training.training_pipeline | epoch 1/200 — train start (lr=0.001, batches=15)
2026-08-06 19:27:13 INFO  scripts.synthetic_model_comparison.training.training_pipeline | epoch 1/200 — train done in 22.9s | avg loss_box=4.7303 loss_cls=39.9522 loss_dfl=0.1606 loss_total=1461.7914
2026-08-06 19:27:13 INFO  scripts.synthetic_model_comparison.training.evaluation | evaluating on 4 batches
2026-08-06 19:27:18 INFO  scripts.synthetic_model_comparison.training.training_pipeline | epoch 1/200 — val mAP50=0.0000 mAP50_95=0.0000 (selection mAP50_95=0.0000)
2026-08-06 19:27:19 INFO  scripts.synthetic_model_comparison.training.evaluation | mlflow: logged val/mAP50=0.0000 val/mAP50_95=0.0000 (step=0)
2026-08-06 19:27:20 INFO  scripts.synthetic_model_comparison.training.evaluation | mlflow: logged val per-class AP table (12 classes)
2026-08-06 19:27:20 INFO  scripts.synthetic_model_comparison.training.training_pipeline | saved checkpoint: /home/debian/Master-Thesis/scripts/synthetic_model_comparison/training/model_exports/yolo26n-gpt-image-2-low-compressed-seed42-20260806-192648/best.pt
2026-08-06 19:27:20 INFO  scripts.synthetic_model_comparison.training.training_pipeline | new best mAP50_95=0.0000 at epoch 1
2026-08-06 19:27:20 INFO  scripts.synthetic_model_comparison.training.training_pipeline | saved checkpoint: /home/debian/Master-Thesis/scripts/synthetic_model_comparison/training/model_exports/yolo26n-gpt-image-2-low-compressed-seed42-20260806-192648/last.pt
2026-08-06 19:27:20 INFO  scripts.synthetic_model_comparison.training.training_pipeline | epoch 1/200 done — next lr=0.00334338, epochs_since_improve=0/20
2026-08-06 19:27:20 INFO  scripts.synthetic_model_comparison.training.training_pipeline | epoch 2/200 — train start (lr=0.00334338, batches=15)
2026-08-06 19:27:32 INFO  scripts.synthetic_model_comparison.training.training_pipeline | epoch 2/200 — train done in 11.9s | avg loss_box=4.6668 loss_cls=37.8937 loss_dfl=0.1551 loss_total=1412.4594
2026-08-06 19:27:32 INFO  scripts.synthetic_model_comparison.training.evaluation | evaluating on 4 batches
2026-08-06 19:27:37 INFO  scripts.synthetic_model_comparison.training.training_pipeline | epoch 2/200 — val mAP50=0.0000 mAP50_95=0.0000 (selection mAP50_95=0.0000)
2026-08-06 19:27:37 INFO  scripts.synthetic_model_comparison.training.evaluation | mlflow: logged val/mAP50=0.0000 val/mAP50_95=0.0000 (step=1)
2026-08-06 19:27:38 INFO  scripts.synthetic_model_comparison.training.evaluation | mlflow: logged val per-class AP table (12 classes)
2026-08-06 19:27:38 INFO  scripts.synthetic_model_comparison.training.training_pipeline | saved checkpoint: /home/debian/Master-Thesis/scripts/synthetic_model_comparison/training/model_exports/yolo26n-gpt-image-2-low-compressed-seed42-20260806-192648/last.pt
2026-08-06 19:27:38 INFO  scripts.synthetic_model_comparison.training.training_pipeline | epoch 2/200 done — next lr=0.00793288, epochs_since_improve=0/20
2026-08-06 19:27:38 INFO  scripts.synthetic_model_comparison.training.training_pipeline | epoch 3/200 — train start (lr=0.00793288, batches=15)
2026-08-06 19:27:50 INFO  scripts.synthetic_model_comparison.training.training_pipeline | epoch 3/200 — train done in 11.8s | avg loss_box=4.7232 loss_cls=37.4397 loss_dfl=0.1593 loss_total=1368.4087
2026-08-06 19:27:50 INFO  scripts.synthetic_model_comparison.training.evaluation | evaluating on 4 batches
2026-08-06 19:27:55 INFO  scripts.synthetic_model_comparison.training.training_pipeline | epoch 3/200 — val mAP50=0.0000 mAP50_95=0.0000 (selection mAP50_95=0.0000)
2026-08-06 19:27:56 INFO  scripts.synthetic_model_comparison.training.evaluation | mlflow: logged val/mAP50=0.0000 val/mAP50_95=0.0000 (step=2)
2026-08-06 19:27:56 INFO  scripts.synthetic_model_comparison.training.evaluation | mlflow: logged val per-class AP table (12 classes)
2026-08-06 19:27:56 INFO  scripts.synthetic_model_comparison.training.training_pipeline | saved checkpoint: /home/debian/Master-Thesis/scripts/synthetic_model_comparison/training/model_exports/yolo26n-gpt-image-2-low-compressed-seed42-20260806-192648/last.pt
2026-08-06 19:27:57 INFO  scripts.synthetic_model_comparison.training.training_pipeline | epoch 3/200 done — next lr=0.01, epochs_since_improve=0/20
2026-08-06 19:27:57 INFO  scripts.synthetic_model_comparison.training.training_pipeline | epoch 4/200 — train start (lr=0.01, batches=15)
2026-08-06 19:28:05 INFO  scripts.synthetic_model_comparison.training.training_pipeline | step 50 | loss_box=4.7909 loss_cls=35.9805 loss_dfl=0.1575 loss_total=1343.9860 lr=0.00999986
2026-08-06 19:28:10 INFO  scripts.synthetic_model_comparison.training.training_pipeline | epoch 4/200 — train done in 13.3s | avg loss_box=4.5680 loss_cls=32.8222 loss_dfl=0.1545 loss_total=1257.3712
2026-08-06 19:28:10 INFO  scripts.synthetic_model_comparison.training.evaluation | evaluating on 4 batches
2026-08-06 19:28:14 INFO  scripts.synthetic_model_comparison.training.training_pipeline | epoch 4/200 — val mAP50=0.0000 mAP50_95=0.0000 (selection mAP50_95=0.0000)
2026-08-06 19:28:15 INFO  scripts.synthetic_model_comparison.training.evaluation | mlflow: logged val/mAP50=0.0000 val/mAP50_95=0.0000 (step=3)
2026-08-06 19:28:15 INFO  scripts.synthetic_model_comparison.training.evaluation | mlflow: logged val per-class AP table (12 classes)
2026-08-06 19:28:16 INFO  scripts.synthetic_model_comparison.training.training_pipeline | saved checkpoint: /home/debian/Master-Thesis/scripts/synthetic_model_comparison/training/model_exports/yolo26n-gpt-image-2-low-compressed-seed42-20260806-192648/last.pt
2026-08-06 19:28:16 INFO  scripts.synthetic_model_comparison.training.training_pipeline | epoch 4/200 done — next lr=0.00999928, epochs_since_improve=1/20
2026-08-06 19:28:16 INFO  scripts.synthetic_model_comparison.training.training_pipeline | epoch 5/200 — train start (lr=0.00999928, batches=15)
2026-08-06 19:28:27 INFO  scripts.synthetic_model_comparison.training.training_pipeline | epoch 5/200 — train done in 11.5s | avg loss_box=3.4058 loss_cls=19.8180 loss_dfl=0.1164 loss_total=869.4756
2026-08-06 19:28:27 INFO  scripts.synthetic_model_comparison.training.evaluation | evaluating on 4 batches
2026-08-06 19:28:32 INFO  scripts.synthetic_model_comparison.training.training_pipeline | epoch 5/200 — val mAP50=0.0000 mAP50_95=0.0000 (selection mAP50_95=0.0000)
2026-08-06 19:28:33 INFO  scripts.synthetic_model_comparison.training.evaluation | mlflow: logged val/mAP50=0.0000 val/mAP50_95=0.0000 (step=4)
2026-08-06 19:28:33 INFO  scripts.synthetic_model_comparison.training.evaluation | mlflow: logged val per-class AP table (12 classes)
2026-08-06 19:28:33 INFO  scripts.synthetic_model_comparison.training.training_pipeline | saved checkpoint: /home/debian/Master-Thesis/scripts/synthetic_model_comparison/training/model_exports/yolo26n-gpt-image-2-low-compressed-seed42-20260806-192648/last.pt
2026-08-06 19:28:34 INFO  scripts.synthetic_model_comparison.training.training_pipeline | epoch 5/200 done — next lr=0.00999729, epochs_since_improve=2/20
2026-08-06 19:28:34 INFO  scripts.synthetic_model_comparison.training.training_pipeline | epoch 6/200 — train start (lr=0.00999729, batches=15)
2026-08-06 19:28:46 INFO  scripts.synthetic_model_comparison.training.training_pipeline | epoch 6/200 — train done in 11.9s | avg loss_box=2.9602 loss_cls=12.8700 loss_dfl=0.1022 loss_total=662.4079
2026-08-06 19:28:46 INFO  scripts.synthetic_model_comparison.training.evaluation | evaluating on 4 batches
2026-08-06 19:28:50 INFO  scripts.synthetic_model_comparison.training.training_pipeline | epoch 6/200 — val mAP50=0.0021 mAP50_95=0.0003 (selection mAP50_95=0.0003)
2026-08-06 19:28:51 INFO  scripts.synthetic_model_comparison.training.evaluation | mlflow: logged val/mAP50=0.0021 val/mAP50_95=0.0003 (step=5)
2026-08-06 19:28:51 INFO  scripts.synthetic_model_comparison.training.evaluation | mlflow: logged val per-class AP table (12 classes)
2026-08-06 19:28:51 INFO  scripts.synthetic_model_comparison.training.training_pipeline | saved checkpoint: /home/debian/Master-Thesis/scripts/synthetic_model_comparison/training/model_exports/yolo26n-gpt-image-2-low-compressed-seed42-20260806-192648/last.pt
2026-08-06 19:28:52 INFO  scripts.synthetic_model_comparison.training.training_pipeline | epoch 6/200 done — next lr=0.00999403, epochs_since_improve=3/20
2026-08-06 19:28:52 INFO  scripts.synthetic_model_comparison.training.training_pipeline | epoch 7/200 — train start (lr=0.00999403, batches=15)
2026-08-06 19:29:02 INFO  scripts.synthetic_model_comparison.training.training_pipeline | step 100 | loss_box=2.4714 loss_cls=8.9871 loss_dfl=0.0816 loss_total=511.7845 lr=0.00999083
2026-08-06 19:29:05 INFO  scripts.synthetic_model_comparison.training.training_pipeline | epoch 7/200 — train done in 13.4s | avg loss_box=2.5904 loss_cls=9.6435 loss_dfl=0.0899 loss_total=544.9041
2026-08-06 19:29:05 INFO  scripts.synthetic_model_comparison.training.evaluation | evaluating on 4 batches
2026-08-06 19:29:11 INFO  scripts.synthetic_model_comparison.training.training_pipeline | epoch 7/200 — val mAP50=0.0023 mAP50_95=0.0005 (selection mAP50_95=0.0005)
2026-08-06 19:29:11 INFO  scripts.synthetic_model_comparison.training.evaluation | mlflow: logged val/mAP50=0.0023 val/mAP50_95=0.0005 (step=6)
2026-08-06 19:29:12 INFO  scripts.synthetic_model_comparison.training.evaluation | mlflow: logged val per-class AP table (12 classes)
2026-08-06 19:29:12 INFO  scripts.synthetic_model_comparison.training.training_pipeline | saved checkpoint: /home/debian/Master-Thesis/scripts/synthetic_model_comparison/training/model_exports/yolo26n-gpt-image-2-low-compressed-seed42-20260806-192648/last.pt
2026-08-06 19:29:12 INFO  scripts.synthetic_model_comparison.training.training_pipeline | epoch 7/200 done — next lr=0.0099895, epochs_since_improve=4/20
2026-08-06 19:29:12 INFO  scripts.synthetic_model_comparison.training.training_pipeline | epoch 8/200 — train start (lr=0.0099895, batches=15)
2026-08-06 19:29:23 INFO  scripts.synthetic_model_comparison.training.training_pipeline | epoch 8/200 — train done in 11.4s | avg loss_box=2.3523 loss_cls=7.7300 loss_dfl=0.0793 loss_total=473.4536
2026-08-06 19:29:23 INFO  scripts.synthetic_model_comparison.training.evaluation | evaluating on 4 batches
2026-08-06 19:29:29 INFO  scripts.synthetic_model_comparison.training.training_pipeline | epoch 8/200 — val mAP50=0.0608 mAP50_95=0.0170 (selection mAP50_95=0.0170)
2026-08-06 19:29:30 INFO  scripts.synthetic_model_comparison.training.evaluation | mlflow: logged val/mAP50=0.0608 val/mAP50_95=0.0170 (step=7)
2026-08-06 19:29:30 INFO  scripts.synthetic_model_comparison.training.evaluation | mlflow: logged val per-class AP table (12 classes)
2026-08-06 19:29:30 INFO  scripts.synthetic_model_comparison.training.training_pipeline | saved checkpoint: /home/debian/Master-Thesis/scripts/synthetic_model_comparison/training/model_exports/yolo26n-gpt-image-2-low-compressed-seed42-20260806-192648/best.pt
2026-08-06 19:29:30 INFO  scripts.synthetic_model_comparison.training.training_pipeline | new best mAP50_95=0.0170 at epoch 8
2026-08-06 19:29:30 INFO  scripts.synthetic_model_comparison.training.training_pipeline | saved checkpoint: /home/debian/Master-Thesis/scripts/synthetic_model_comparison/training/model_exports/yolo26n-gpt-image-2-low-compressed-seed42-20260806-192648/last.pt
2026-08-06 19:29:30 INFO  scripts.synthetic_model_comparison.training.training_pipeline | epoch 8/200 done — next lr=0.0099837, epochs_since_improve=0/20
2026-08-06 19:29:30 INFO  scripts.synthetic_model_comparison.training.training_pipeline | epoch 9/200 — train start (lr=0.0099837, batches=15)
2026-08-06 19:29:42 INFO  scripts.synthetic_model_comparison.training.training_pipeline | epoch 9/200 — train done in 11.5s | avg loss_box=2.1702 loss_cls=6.4594 loss_dfl=0.0719 loss_total=420.1213
2026-08-06 19:29:42 INFO  scripts.synthetic_model_comparison.training.evaluation | evaluating on 4 batches
2026-08-06 19:29:47 INFO  scripts.synthetic_model_comparison.training.training_pipeline | epoch 9/200 — val mAP50=0.1203 mAP50_95=0.0326 (selection mAP50_95=0.0326)
2026-08-06 19:29:48 INFO  scripts.synthetic_model_comparison.training.evaluation | mlflow: logged val/mAP50=0.1203 val/mAP50_95=0.0326 (step=8)
2026-08-06 19:29:48 INFO  scripts.synthetic_model_comparison.training.evaluation | mlflow: logged val per-class AP table (12 classes)
2026-08-06 19:29:49 INFO  scripts.synthetic_model_comparison.training.training_pipeline | saved checkpoint: /home/debian/Master-Thesis/scripts/synthetic_model_comparison/training/model_exports/yolo26n-gpt-image-2-low-compressed-seed42-20260806-192648/best.pt
2026-08-06 19:29:49 INFO  scripts.synthetic_model_comparison.training.training_pipeline | new best mAP50_95=0.0326 at epoch 9
2026-08-06 19:29:49 INFO  scripts.synthetic_model_comparison.training.training_pipeline | saved checkpoint: /home/debian/Master-Thesis/scripts/synthetic_model_comparison/training/model_exports/yolo26n-gpt-image-2-low-compressed-seed42-20260806-192648/last.pt
2026-08-06 19:29:49 INFO  scripts.synthetic_model_comparison.training.training_pipeline | epoch 9/200 done — next lr=0.00997664, epochs_since_improve=0/20
2026-08-06 19:29:49 INFO  scripts.synthetic_model_comparison.training.training_pipeline | epoch 10/200 — train start (lr=0.00997664, batches=15)
2026-08-06 19:30:01 INFO  scripts.synthetic_model_comparison.training.training_pipeline | epoch 10/200 — train done in 11.6s | avg loss_box=2.0782 loss_cls=5.5663 loss_dfl=0.0685 loss_total=382.3762
2026-08-06 19:30:01 INFO  scripts.synthetic_model_comparison.training.evaluation | evaluating on 4 batches
2026-08-06 19:30:06 INFO  scripts.synthetic_model_comparison.training.training_pipeline | epoch 10/200 — val mAP50=0.2052 mAP50_95=0.0718 (selection mAP50_95=0.0718)
2026-08-06 19:30:06 INFO  scripts.synthetic_model_comparison.training.evaluation | mlflow: logged val/mAP50=0.2052 val/mAP50_95=0.0718 (step=9)
2026-08-06 19:30:07 INFO  scripts.synthetic_model_comparison.training.evaluation | mlflow: logged val per-class AP table (12 classes)
2026-08-06 19:30:07 INFO  scripts.synthetic_model_comparison.training.training_pipeline | saved checkpoint: /home/debian/Master-Thesis/scripts/synthetic_model_comparison/training/model_exports/yolo26n-gpt-image-2-low-compressed-seed42-20260806-192648/best.pt
2026-08-06 19:30:07 INFO  scripts.synthetic_model_comparison.training.training_pipeline | new best mAP50_95=0.0718 at epoch 10
2026-08-06 19:30:07 INFO  scripts.synthetic_model_comparison.training.training_pipeline | saved checkpoint: /home/debian/Master-Thesis/scripts/synthetic_model_comparison/training/model_exports/yolo26n-gpt-image-2-low-compressed-seed42-20260806-192648/last.pt
2026-08-06 19:30:07 INFO  scripts.synthetic_model_comparison.training.training_pipeline | epoch 10/200 done — next lr=0.00996832, epochs_since_improve=0/20
2026-08-06 19:30:07 INFO  scripts.synthetic_model_comparison.training.training_pipeline | epoch 11/200 — train start (lr=0.00996832, batches=15)
2026-08-06 19:30:13 INFO  scripts.synthetic_model_comparison.training.training_pipeline | step 150 | loss_box=2.0180 loss_cls=5.1701 loss_dfl=0.0657 loss_total=375.0674 lr=0.00996772
2026-08-06 19:30:20 INFO  scripts.synthetic_model_comparison.training.training_pipeline | epoch 11/200 — train done in 12.9s | avg loss_box=1.9796 loss_cls=4.8550 loss_dfl=0.0653 loss_total=353.3669
2026-08-06 19:30:20 INFO  scripts.synthetic_model_comparison.training.evaluation | evaluating on 4 batches
2026-08-06 19:30:26 INFO  scripts.synthetic_model_comparison.training.training_pipeline | epoch 11/200 — val mAP50=0.1811 mAP50_95=0.0621 (selection mAP50_95=0.0621)
2026-08-06 19:30:27 INFO  scripts.synthetic_model_comparison.training.evaluation | mlflow: logged val/mAP50=0.1811 val/mAP50_95=0.0621 (step=10)
2026-08-06 19:30:27 INFO  scripts.synthetic_model_comparison.training.evaluation | mlflow: logged val per-class AP table (12 classes)
2026-08-06 19:30:27 INFO  scripts.synthetic_model_comparison.training.training_pipeline | saved checkpoint: /home/debian/Master-Thesis/scripts/synthetic_model_comparison/training/model_exports/yolo26n-gpt-image-2-low-compressed-seed42-20260806-192648/last.pt
2026-08-06 19:30:27 INFO  scripts.synthetic_model_comparison.training.training_pipeline | epoch 11/200 done — next lr=0.00995873, epochs_since_improve=1/20
2026-08-06 19:30:27 INFO  scripts.synthetic_model_comparison.training.training_pipeline | epoch 12/200 — train start (lr=0.00995873, batches=15)
2026-08-06 19:30:39 INFO  scripts.synthetic_model_comparison.training.training_pipeline | epoch 12/200 — train done in 12.1s | avg loss_box=1.8880 loss_cls=4.2846 loss_dfl=0.0614 loss_total=322.3000
2026-08-06 19:30:39 INFO  scripts.synthetic_model_comparison.training.evaluation | evaluating on 4 batches
2026-08-06 19:30:45 INFO  scripts.synthetic_model_comparison.training.training_pipeline | epoch 12/200 — val mAP50=0.2316 mAP50_95=0.0993 (selection mAP50_95=0.0993)
2026-08-06 19:30:46 INFO  scripts.synthetic_model_comparison.training.evaluation | mlflow: logged val/mAP50=0.2316 val/mAP50_95=0.0993 (step=11)
2026-08-06 19:30:46 INFO  scripts.synthetic_model_comparison.training.evaluation | mlflow: logged val per-class AP table (12 classes)
2026-08-06 19:30:46 INFO  scripts.synthetic_model_comparison.training.training_pipeline | saved checkpoint: /home/debian/Master-Thesis/scripts/synthetic_model_comparison/training/model_exports/yolo26n-gpt-image-2-low-compressed-seed42-20260806-192648/best.pt
2026-08-06 19:30:46 INFO  scripts.synthetic_model_comparison.training.training_pipeline | new best mAP50_95=0.0993 at epoch 12
2026-08-06 19:30:46 INFO  scripts.synthetic_model_comparison.training.training_pipeline | saved checkpoint: /home/debian/Master-Thesis/scripts/synthetic_model_comparison/training/model_exports/yolo26n-gpt-image-2-low-compressed-seed42-20260806-192648/last.pt
2026-08-06 19:30:47 INFO  scripts.synthetic_model_comparison.training.training_pipeline | epoch 12/200 done — next lr=0.00994788, epochs_since_improve=0/20
2026-08-06 19:30:47 INFO  scripts.synthetic_model_comparison.training.training_pipeline | epoch 13/200 — train start (lr=0.00994788, batches=15)
2026-08-06 19:30:58 INFO  scripts.synthetic_model_comparison.training.training_pipeline | epoch 13/200 — train done in 11.5s | avg loss_box=1.8324 loss_cls=3.7884 loss_dfl=0.0586 loss_total=298.8850
2026-08-06 19:30:58 INFO  scripts.synthetic_model_comparison.training.evaluation | evaluating on 4 batches
2026-08-06 19:31:03 INFO  scripts.synthetic_model_comparison.training.training_pipeline | epoch 13/200 — val mAP50=0.3483 mAP50_95=0.1540 (selection mAP50_95=0.1540)
2026-08-06 19:31:04 INFO  scripts.synthetic_model_comparison.training.evaluation | mlflow: logged val/mAP50=0.3483 val/mAP50_95=0.1540 (step=12)
2026-08-06 19:31:04 INFO  scripts.synthetic_model_comparison.training.evaluation | mlflow: logged val per-class AP table (12 classes)
2026-08-06 19:31:05 INFO  scripts.synthetic_model_comparison.training.training_pipeline | saved checkpoint: /home/debian/Master-Thesis/scripts/synthetic_model_comparison/training/model_exports/yolo26n-gpt-image-2-low-compressed-seed42-20260806-192648/best.pt
2026-08-06 19:31:05 INFO  scripts.synthetic_model_comparison.training.training_pipeline | new best mAP50_95=0.1540 at epoch 13
2026-08-06 19:31:05 INFO  scripts.synthetic_model_comparison.training.training_pipeline | saved checkpoint: /home/debian/Master-Thesis/scripts/synthetic_model_comparison/training/model_exports/yolo26n-gpt-image-2-low-compressed-seed42-20260806-192648/last.pt
2026-08-06 19:31:05 INFO  scripts.synthetic_model_comparison.training.training_pipeline | epoch 13/200 done — next lr=0.00993577, epochs_since_improve=0/20
2026-08-06 19:31:05 INFO  scripts.synthetic_model_comparison.training.training_pipeline | epoch 14/200 — train start (lr=0.00993577, batches=15)
2026-08-06 19:31:14 INFO  scripts.synthetic_model_comparison.training.training_pipeline | step 200 | loss_box=1.6202 loss_cls=3.4415 loss_dfl=0.0502 loss_total=271.0370 lr=0.00993058
2026-08-06 19:31:18 INFO  scripts.synthetic_model_comparison.training.training_pipeline | epoch 14/200 — train done in 13.5s | avg loss_box=1.8305 loss_cls=3.4328 loss_dfl=0.0584 loss_total=284.5135
2026-08-06 19:31:18 INFO  scripts.synthetic_model_comparison.training.evaluation | evaluating on 4 batches
2026-08-06 19:31:24 INFO  scripts.synthetic_model_comparison.training.training_pipeline | epoch 14/200 — val mAP50=0.3421 mAP50_95=0.1403 (selection mAP50_95=0.1403)
2026-08-06 19:31:25 INFO  scripts.synthetic_model_comparison.training.evaluation | mlflow: logged val/mAP50=0.3421 val/mAP50_95=0.1403 (step=13)
2026-08-06 19:31:25 INFO  scripts.synthetic_model_comparison.training.evaluation | mlflow: logged val per-class AP table (12 classes)
2026-08-06 19:31:25 INFO  scripts.synthetic_model_comparison.training.training_pipeline | saved checkpoint: /home/debian/Master-Thesis/scripts/synthetic_model_comparison/training/model_exports/yolo26n-gpt-image-2-low-compressed-seed42-20260806-192648/last.pt
2026-08-06 19:31:25 INFO  scripts.synthetic_model_comparison.training.training_pipeline | epoch 14/200 done — next lr=0.00992241, epochs_since_improve=1/20
2026-08-06 19:31:25 INFO  scripts.synthetic_model_comparison.training.training_pipeline | epoch 15/200 — train start (lr=0.00992241, batches=15)
2026-08-06 19:31:37 INFO  scripts.synthetic_model_comparison.training.training_pipeline | epoch 15/200 — train done in 11.6s | avg loss_box=1.7768 loss_cls=3.1805 loss_dfl=0.0574 loss_total=270.0241
2026-08-06 19:31:37 INFO  scripts.synthetic_model_comparison.training.evaluation | evaluating on 4 batches
2026-08-06 19:31:43 INFO  scripts.synthetic_model_comparison.training.training_pipeline | epoch 15/200 — val mAP50=0.3618 mAP50_95=0.1653 (selection mAP50_95=0.1653)
2026-08-06 19:31:43 INFO  scripts.synthetic_model_comparison.training.evaluation | mlflow: logged val/mAP50=0.3618 val/mAP50_95=0.1653 (step=14)
2026-08-06 19:31:44 INFO  scripts.synthetic_model_comparison.training.evaluation | mlflow: logged val per-class AP table (12 classes)
2026-08-06 19:31:44 INFO  scripts.synthetic_model_comparison.training.training_pipeline | saved checkpoint: /home/debian/Master-Thesis/scripts/synthetic_model_comparison/training/model_exports/yolo26n-gpt-image-2-low-compressed-seed42-20260806-192648/best.pt
2026-08-06 19:31:44 INFO  scripts.synthetic_model_comparison.training.training_pipeline | new best mAP50_95=0.1653 at epoch 15
2026-08-06 19:31:44 INFO  scripts.synthetic_model_comparison.training.training_pipeline | saved checkpoint: /home/debian/Master-Thesis/scripts/synthetic_model_comparison/training/model_exports/yolo26n-gpt-image-2-low-compressed-seed42-20260806-192648/last.pt
2026-08-06 19:31:44 INFO  scripts.synthetic_model_comparison.training.training_pipeline | epoch 15/200 done — next lr=0.00990781, epochs_since_improve=0/20
2026-08-06 19:31:44 INFO  scripts.synthetic_model_comparison.training.training_pipeline | epoch 16/200 — train start (lr=0.00990781, batches=15)
2026-08-06 19:31:56 INFO  scripts.synthetic_model_comparison.training.training_pipeline | epoch 16/200 — train done in 11.6s | avg loss_box=1.7659 loss_cls=3.0323 loss_dfl=0.0574 loss_total=263.3251
2026-08-06 19:31:56 INFO  scripts.synthetic_model_comparison.training.evaluation | evaluating on 4 batches
2026-08-06 19:32:02 INFO  scripts.synthetic_model_comparison.training.training_pipeline | epoch 16/200 — val mAP50=0.4869 mAP50_95=0.2236 (selection mAP50_95=0.2236)
2026-08-06 19:32:02 INFO  scripts.synthetic_model_comparison.training.evaluation | mlflow: logged val/mAP50=0.4869 val/mAP50_95=0.2236 (step=15)
2026-08-06 19:32:03 INFO  scripts.synthetic_model_comparison.training.evaluation | mlflow: logged val per-class AP table (12 classes)
2026-08-06 19:32:03 INFO  scripts.synthetic_model_comparison.training.training_pipeline | saved checkpoint: /home/debian/Master-Thesis/scripts/synthetic_model_comparison/training/model_exports/yolo26n-gpt-image-2-low-compressed-seed42-20260806-192648/best.pt
2026-08-06 19:32:03 INFO  scripts.synthetic_model_comparison.training.training_pipeline | new best mAP50_95=0.2236 at epoch 16
2026-08-06 19:32:03 INFO  scripts.synthetic_model_comparison.training.training_pipeline | saved checkpoint: /home/debian/Master-Thesis/scripts/synthetic_model_comparison/training/model_exports/yolo26n-gpt-image-2-low-compressed-seed42-20260806-192648/last.pt
2026-08-06 19:32:03 INFO  scripts.synthetic_model_comparison.training.training_pipeline | epoch 16/200 done — next lr=0.00989195, epochs_since_improve=0/20
2026-08-06 19:32:03 INFO  scripts.synthetic_model_comparison.training.training_pipeline | epoch 17/200 — train start (lr=0.00989195, batches=15)
2026-08-06 19:32:13 INFO  scripts.synthetic_model_comparison.training.training_pipeline | step 250 | loss_box=1.7306 loss_cls=2.8758 loss_dfl=0.0522 loss_total=252.1757 lr=0.00987953
2026-08-06 19:32:16 INFO  scripts.synthetic_model_comparison.training.training_pipeline | epoch 17/200 — train done in 13.1s | avg loss_box=1.7170 loss_cls=2.7984 loss_dfl=0.0541 loss_total=250.0072
2026-08-06 19:32:16 INFO  scripts.synthetic_model_comparison.training.evaluation | evaluating on 4 batches
2026-08-06 19:32:21 INFO  scripts.synthetic_model_comparison.training.training_pipeline | epoch 17/200 — val mAP50=0.1634 mAP50_95=0.0607 (selection mAP50_95=0.0607)
2026-08-06 19:32:22 INFO  scripts.synthetic_model_comparison.training.evaluation | mlflow: logged val/mAP50=0.1634 val/mAP50_95=0.0607 (step=16)
2026-08-06 19:32:22 INFO  scripts.synthetic_model_comparison.training.evaluation | mlflow: logged val per-class AP table (12 classes)
2026-08-06 19:32:23 INFO  scripts.synthetic_model_comparison.training.training_pipeline | saved checkpoint: /home/debian/Master-Thesis/scripts/synthetic_model_comparison/training/model_exports/yolo26n-gpt-image-2-low-compressed-seed42-20260806-192648/last.pt
2026-08-06 19:32:23 INFO  scripts.synthetic_model_comparison.training.training_pipeline | epoch 17/200 done — next lr=0.00987485, epochs_since_improve=1/20
2026-08-06 19:32:23 INFO  scripts.synthetic_model_comparison.training.training_pipeline | epoch 18/200 — train start (lr=0.00987485, batches=15)
2026-08-06 19:32:35 INFO  scripts.synthetic_model_comparison.training.training_pipeline | epoch 18/200 — train done in 12.1s | avg loss_box=1.6851 loss_cls=2.6131 loss_dfl=0.0535 loss_total=238.8194
2026-08-06 19:32:35 INFO  scripts.synthetic_model_comparison.training.evaluation | evaluating on 4 batches
2026-08-06 19:32:41 INFO  scripts.synthetic_model_comparison.training.training_pipeline | epoch 18/200 — val mAP50=0.2315 mAP50_95=0.0738 (selection mAP50_95=0.0738)
2026-08-06 19:32:41 INFO  scripts.synthetic_model_comparison.training.evaluation | mlflow: logged val/mAP50=0.2315 val/mAP50_95=0.0738 (step=17)
2026-08-06 19:32:42 INFO  scripts.synthetic_model_comparison.training.evaluation | mlflow: logged val per-class AP table (12 classes)
2026-08-06 19:32:42 INFO  scripts.synthetic_model_comparison.training.training_pipeline | saved checkpoint: /home/debian/Master-Thesis/scripts/synthetic_model_comparison/training/model_exports/yolo26n-gpt-image-2-low-compressed-seed42-20260806-192648/last.pt
2026-08-06 19:32:42 INFO  scripts.synthetic_model_comparison.training.training_pipeline | epoch 18/200 done — next lr=0.00985651, epochs_since_improve=2/20
2026-08-06 19:32:42 INFO  scripts.synthetic_model_comparison.training.training_pipeline | epoch 19/200 — train start (lr=0.00985651, batches=15)
2026-08-06 19:32:54 INFO  scripts.synthetic_model_comparison.training.training_pipeline | epoch 19/200 — train done in 11.7s | avg loss_box=1.6543 loss_cls=2.4234 loss_dfl=0.0517 loss_total=230.6527
2026-08-06 19:32:54 INFO  scripts.synthetic_model_comparison.training.evaluation | evaluating on 4 batches
2026-08-06 19:32:59 INFO  scripts.synthetic_model_comparison.training.training_pipeline | epoch 19/200 — val mAP50=0.5465 mAP50_95=0.2629 (selection mAP50_95=0.2629)
2026-08-06 19:33:00 INFO  scripts.synthetic_model_comparison.training.evaluation | mlflow: logged val/mAP50=0.5465 val/mAP50_95=0.2629 (step=18)
2026-08-06 19:33:00 INFO  scripts.synthetic_model_comparison.training.evaluation | mlflow: logged val per-class AP table (12 classes)
2026-08-06 19:33:01 INFO  scripts.synthetic_model_comparison.training.training_pipeline | saved checkpoint: /home/debian/Master-Thesis/scripts/synthetic_model_comparison/training/model_exports/yolo26n-gpt-image-2-low-compressed-seed42-20260806-192648/best.pt
2026-08-06 19:33:01 INFO  scripts.synthetic_model_comparison.training.training_pipeline | new best mAP50_95=0.2629 at epoch 19
2026-08-06 19:33:01 INFO  scripts.synthetic_model_comparison.training.training_pipeline | saved checkpoint: /home/debian/Master-Thesis/scripts/synthetic_model_comparison/training/model_exports/yolo26n-gpt-image-2-low-compressed-seed42-20260806-192648/last.pt
2026-08-06 19:33:01 INFO  scripts.synthetic_model_comparison.training.training_pipeline | epoch 19/200 done — next lr=0.00983694, epochs_since_improve=0/20
2026-08-06 19:33:01 INFO  scripts.synthetic_model_comparison.training.training_pipeline | epoch 20/200 — train start (lr=0.00983694, batches=15)
2026-08-06 19:33:12 INFO  scripts.synthetic_model_comparison.training.training_pipeline | epoch 20/200 — train done in 11.2s | avg loss_box=1.6459 loss_cls=2.3053 loss_dfl=0.0519 loss_total=224.7154
2026-08-06 19:33:12 INFO  scripts.synthetic_model_comparison.training.evaluation | evaluating on 4 batches
2026-08-06 19:33:18 INFO  scripts.synthetic_model_comparison.training.training_pipeline | epoch 20/200 — val mAP50=0.4507 mAP50_95=0.2114 (selection mAP50_95=0.2114)
2026-08-06 19:33:18 INFO  scripts.synthetic_model_comparison.training.evaluation | mlflow: logged val/mAP50=0.4507 val/mAP50_95=0.2114 (step=19)
2026-08-06 19:33:19 INFO  scripts.synthetic_model_comparison.training.evaluation | mlflow: logged val per-class AP table (12 classes)
2026-08-06 19:33:19 INFO  scripts.synthetic_model_comparison.training.training_pipeline | saved checkpoint: /home/debian/Master-Thesis/scripts/synthetic_model_comparison/training/model_exports/yolo26n-gpt-image-2-low-compressed-seed42-20260806-192648/last.pt
2026-08-06 19:33:19 INFO  scripts.synthetic_model_comparison.training.training_pipeline | epoch 20/200 done — next lr=0.00981614, epochs_since_improve=1/20
2026-08-06 19:33:19 INFO  scripts.synthetic_model_comparison.training.training_pipeline | epoch 21/200 — train start (lr=0.00981614, batches=15)
2026-08-06 19:33:25 INFO  scripts.synthetic_model_comparison.training.training_pipeline | step 300 | loss_box=1.7341 loss_cls=2.4916 loss_dfl=0.0514 loss_total=239.4286 lr=0.00981471
2026-08-06 19:33:32 INFO  scripts.synthetic_model_comparison.training.training_pipeline | epoch 21/200 — train done in 13.1s | avg loss_box=1.6360 loss_cls=2.2412 loss_dfl=0.0510 loss_total=218.0371
2026-08-06 19:33:32 INFO  scripts.synthetic_model_comparison.training.evaluation | evaluating on 4 batches
2026-08-06 19:33:38 INFO  scripts.synthetic_model_comparison.training.training_pipeline | epoch 21/200 — val mAP50=0.4227 mAP50_95=0.1874 (selection mAP50_95=0.1874)
2026-08-06 19:33:38 INFO  scripts.synthetic_model_comparison.training.evaluation | mlflow: logged val/mAP50=0.4227 val/mAP50_95=0.1874 (step=20)
2026-08-06 19:33:39 INFO  scripts.synthetic_model_comparison.training.evaluation | mlflow: logged val per-class AP table (12 classes)
2026-08-06 19:33:39 INFO  scripts.synthetic_model_comparison.training.training_pipeline | saved checkpoint: /home/debian/Master-Thesis/scripts/synthetic_model_comparison/training/model_exports/yolo26n-gpt-image-2-low-compressed-seed42-20260806-192648/last.pt
2026-08-06 19:33:39 INFO  scripts.synthetic_model_comparison.training.training_pipeline | epoch 21/200 done — next lr=0.00979412, epochs_since_improve=2/20
2026-08-06 19:33:39 INFO  scripts.synthetic_model_comparison.training.training_pipeline | epoch 22/200 — train start (lr=0.00979412, batches=15)
2026-08-06 19:33:50 INFO  scripts.synthetic_model_comparison.training.training_pipeline | epoch 22/200 — train done in 11.0s | avg loss_box=1.5899 loss_cls=2.1037 loss_dfl=0.0505 loss_total=211.7102
2026-08-06 19:33:50 INFO  scripts.synthetic_model_comparison.training.evaluation | evaluating on 4 batches
2026-08-06 19:33:56 INFO  scripts.synthetic_model_comparison.training.training_pipeline | epoch 22/200 — val mAP50=0.4831 mAP50_95=0.2187 (selection mAP50_95=0.2187)
2026-08-06 19:33:57 INFO  scripts.synthetic_model_comparison.training.evaluation | mlflow: logged val/mAP50=0.4831 val/mAP50_95=0.2187 (step=21)
2026-08-06 19:33:57 INFO  scripts.synthetic_model_comparison.training.evaluation | mlflow: logged val per-class AP table (12 classes)
2026-08-06 19:33:57 INFO  scripts.synthetic_model_comparison.training.training_pipeline | saved checkpoint: /home/debian/Master-Thesis/scripts/synthetic_model_comparison/training/model_exports/yolo26n-gpt-image-2-low-compressed-seed42-20260806-192648/last.pt
2026-08-06 19:33:57 INFO  scripts.synthetic_model_comparison.training.training_pipeline | epoch 22/200 done — next lr=0.00977087, epochs_since_improve=3/20
2026-08-06 19:33:57 INFO  scripts.synthetic_model_comparison.training.training_pipeline | epoch 23/200 — train start (lr=0.00977087, batches=15)
2026-08-06 19:34:09 INFO  scripts.synthetic_model_comparison.training.training_pipeline | epoch 23/200 — train done in 11.6s | avg loss_box=1.5501 loss_cls=1.9839 loss_dfl=0.0483 loss_total=201.5133
2026-08-06 19:34:09 INFO  scripts.synthetic_model_comparison.training.evaluation | evaluating on 4 batches
2026-08-06 19:34:15 INFO  scripts.synthetic_model_comparison.training.training_pipeline | epoch 23/200 — val mAP50=0.4491 mAP50_95=0.2171 (selection mAP50_95=0.2171)
2026-08-06 19:34:15 INFO  scripts.synthetic_model_comparison.training.evaluation | mlflow: logged val/mAP50=0.4491 val/mAP50_95=0.2171 (step=22)
2026-08-06 19:34:16 INFO  scripts.synthetic_model_comparison.training.evaluation | mlflow: logged val per-class AP table (12 classes)
2026-08-06 19:34:16 INFO  scripts.synthetic_model_comparison.training.training_pipeline | saved checkpoint: /home/debian/Master-Thesis/scripts/synthetic_model_comparison/training/model_exports/yolo26n-gpt-image-2-low-compressed-seed42-20260806-192648/last.pt
2026-08-06 19:34:16 INFO  scripts.synthetic_model_comparison.training.training_pipeline | epoch 23/200 done — next lr=0.00974642, epochs_since_improve=4/20
2026-08-06 19:34:16 INFO  scripts.synthetic_model_comparison.training.training_pipeline | epoch 24/200 — train start (lr=0.00974642, batches=15)
2026-08-06 19:34:24 INFO  scripts.synthetic_model_comparison.training.training_pipeline | step 350 | loss_box=1.6284 loss_cls=2.2118 loss_dfl=0.0481 loss_total=219.6957 lr=0.0097363
2026-08-06 19:34:29 INFO  scripts.synthetic_model_comparison.training.training_pipeline | epoch 24/200 — train done in 13.2s | avg loss_box=1.5467 loss_cls=1.9467 loss_dfl=0.0483 loss_total=201.5757
2026-08-06 19:34:29 INFO  scripts.synthetic_model_comparison.training.evaluation | evaluating on 4 batches
2026-08-06 19:34:35 INFO  scripts.synthetic_model_comparison.training.training_pipeline | epoch 24/200 — val mAP50=0.6430 mAP50_95=0.3267 (selection mAP50_95=0.3267)
2026-08-06 19:34:35 INFO  scripts.synthetic_model_comparison.training.evaluation | mlflow: logged val/mAP50=0.6430 val/mAP50_95=0.3267 (step=23)
2026-08-06 19:34:36 INFO  scripts.synthetic_model_comparison.training.evaluation | mlflow: logged val per-class AP table (12 classes)
2026-08-06 19:34:36 INFO  scripts.synthetic_model_comparison.training.training_pipeline | saved checkpoint: /home/debian/Master-Thesis/scripts/synthetic_model_comparison/training/model_exports/yolo26n-gpt-image-2-low-compressed-seed42-20260806-192648/best.pt
2026-08-06 19:34:36 INFO  scripts.synthetic_model_comparison.training.training_pipeline | new best mAP50_95=0.3267 at epoch 24
2026-08-06 19:34:36 INFO  scripts.synthetic_model_comparison.training.training_pipeline | saved checkpoint: /home/debian/Master-Thesis/scripts/synthetic_model_comparison/training/model_exports/yolo26n-gpt-image-2-low-compressed-seed42-20260806-192648/last.pt
2026-08-06 19:34:36 INFO  scripts.synthetic_model_comparison.training.training_pipeline | epoch 24/200 done — next lr=0.00972076, epochs_since_improve=0/20
2026-08-06 19:34:36 INFO  scripts.synthetic_model_comparison.training.training_pipeline | epoch 25/200 — train start (lr=0.00972076, batches=15)
2026-08-06 19:34:48 INFO  scripts.synthetic_model_comparison.training.training_pipeline | epoch 25/200 — train done in 11.8s | avg loss_box=1.5018 loss_cls=1.8783 loss_dfl=0.0466 loss_total=195.0611
2026-08-06 19:34:48 INFO  scripts.synthetic_model_comparison.training.evaluation | evaluating on 4 batches
2026-08-06 19:34:54 INFO  scripts.synthetic_model_comparison.training.training_pipeline | epoch 25/200 — val mAP50=0.6545 mAP50_95=0.3531 (selection mAP50_95=0.3531)
2026-08-06 19:34:55 INFO  scripts.synthetic_model_comparison.training.evaluation | mlflow: logged val/mAP50=0.6545 val/mAP50_95=0.3531 (step=24)
2026-08-06 19:34:55 INFO  scripts.synthetic_model_comparison.training.evaluation | mlflow: logged val per-class AP table (12 classes)
2026-08-06 19:34:55 INFO  scripts.synthetic_model_comparison.training.training_pipeline | saved checkpoint: /home/debian/Master-Thesis/scripts/synthetic_model_comparison/training/model_exports/yolo26n-gpt-image-2-low-compressed-seed42-20260806-192648/best.pt
2026-08-06 19:34:55 INFO  scripts.synthetic_model_comparison.training.training_pipeline | new best mAP50_95=0.3531 at epoch 25
2026-08-06 19:34:55 INFO  scripts.synthetic_model_comparison.training.training_pipeline | saved checkpoint: /home/debian/Master-Thesis/scripts/synthetic_model_comparison/training/model_exports/yolo26n-gpt-image-2-low-compressed-seed42-20260806-192648/last.pt
2026-08-06 19:34:55 INFO  scripts.synthetic_model_comparison.training.training_pipeline | epoch 25/200 done — next lr=0.0096939, epochs_since_improve=0/20
2026-08-06 19:34:55 INFO  scripts.synthetic_model_comparison.training.training_pipeline | epoch 26/200 — train start (lr=0.0096939, batches=15)
2026-08-06 19:35:07 INFO  scripts.synthetic_model_comparison.training.training_pipeline | epoch 26/200 — train done in 11.3s | avg loss_box=1.4796 loss_cls=1.7649 loss_dfl=0.0455 loss_total=188.1466
2026-08-06 19:35:07 INFO  scripts.synthetic_model_comparison.training.evaluation | evaluating on 4 batches
2026-08-06 19:35:12 INFO  scripts.synthetic_model_comparison.training.training_pipeline | epoch 26/200 — val mAP50=0.5651 mAP50_95=0.2998 (selection mAP50_95=0.2998)
2026-08-06 19:35:13 INFO  scripts.synthetic_model_comparison.training.evaluation | mlflow: logged val/mAP50=0.5651 val/mAP50_95=0.2998 (step=25)
2026-08-06 19:35:13 INFO  scripts.synthetic_model_comparison.training.evaluation | mlflow: logged val per-class AP table (12 classes)
2026-08-06 19:35:13 INFO  scripts.synthetic_model_comparison.training.training_pipeline | saved checkpoint: /home/debian/Master-Thesis/scripts/synthetic_model_comparison/training/model_exports/yolo26n-gpt-image-2-low-compressed-seed42-20260806-192648/last.pt
2026-08-06 19:35:14 INFO  scripts.synthetic_model_comparison.training.training_pipeline | epoch 26/200 done — next lr=0.00966585, epochs_since_improve=1/20
2026-08-06 19:35:14 INFO  scripts.synthetic_model_comparison.training.training_pipeline | epoch 27/200 — train start (lr=0.00966585, batches=15)
2026-08-06 19:35:24 INFO  scripts.synthetic_model_comparison.training.training_pipeline | step 400 | loss_box=1.4485 loss_cls=1.6664 loss_dfl=0.0419 loss_total=181.0403 lr=0.00964453
2026-08-06 19:35:27 INFO  scripts.synthetic_model_comparison.training.training_pipeline | epoch 27/200 — train done in 13.0s | avg loss_box=1.4990 loss_cls=1.7311 loss_dfl=0.0471 loss_total=188.8468
2026-08-06 19:35:27 INFO  scripts.synthetic_model_comparison.training.evaluation | evaluating on 4 batches
2026-08-06 19:35:32 INFO  scripts.synthetic_model_comparison.training.training_pipeline | epoch 27/200 — val mAP50=0.6485 mAP50_95=0.3321 (selection mAP50_95=0.3321)
2026-08-06 19:35:33 INFO  scripts.synthetic_model_comparison.training.evaluation | mlflow: logged val/mAP50=0.6485 val/mAP50_95=0.3321 (step=26)
2026-08-06 19:35:33 INFO  scripts.synthetic_model_comparison.training.evaluation | mlflow: logged val per-class AP table (12 classes)
2026-08-06 19:35:34 INFO  scripts.synthetic_model_comparison.training.training_pipeline | saved checkpoint: /home/debian/Master-Thesis/scripts/synthetic_model_comparison/training/model_exports/yolo26n-gpt-image-2-low-compressed-seed42-20260806-192648/last.pt
2026-08-06 19:35:34 INFO  scripts.synthetic_model_comparison.training.training_pipeline | epoch 27/200 done — next lr=0.00963661, epochs_since_improve=2/20
2026-08-06 19:35:34 INFO  scripts.synthetic_model_comparison.training.training_pipeline | epoch 28/200 — train start (lr=0.00963661, batches=15)
2026-08-06 19:35:45 INFO  scripts.synthetic_model_comparison.training.training_pipeline | epoch 28/200 — train done in 11.0s | avg loss_box=1.4660 loss_cls=1.6522 loss_dfl=0.0453 loss_total=181.9626
2026-08-06 19:35:45 INFO  scripts.synthetic_model_comparison.training.evaluation | evaluating on 4 batches
2026-08-06 19:35:50 INFO  scripts.synthetic_model_comparison.training.training_pipeline | epoch 28/200 — val mAP50=0.6255 mAP50_95=0.3439 (selection mAP50_95=0.3439)
2026-08-06 19:35:51 INFO  scripts.synthetic_model_comparison.training.evaluation | mlflow: logged val/mAP50=0.6255 val/mAP50_95=0.3439 (step=27)
2026-08-06 19:35:51 INFO  scripts.synthetic_model_comparison.training.evaluation | mlflow: logged val per-class AP table (12 classes)
2026-08-06 19:35:52 INFO  scripts.synthetic_model_comparison.training.training_pipeline | saved checkpoint: /home/debian/Master-Thesis/scripts/synthetic_model_comparison/training/model_exports/yolo26n-gpt-image-2-low-compressed-seed42-20260806-192648/last.pt
2026-08-06 19:35:52 INFO  scripts.synthetic_model_comparison.training.training_pipeline | epoch 28/200 done — next lr=0.0096062, epochs_since_improve=3/20
2026-08-06 19:35:52 INFO  scripts.synthetic_model_comparison.training.training_pipeline | epoch 29/200 — train start (lr=0.0096062, batches=15)
2026-08-06 19:36:03 INFO  scripts.synthetic_model_comparison.training.training_pipeline | epoch 29/200 — train done in 11.4s | avg loss_box=1.4539 loss_cls=1.5799 loss_dfl=0.0459 loss_total=178.0118
2026-08-06 19:36:03 INFO  scripts.synthetic_model_comparison.training.evaluation | evaluating on 4 batches
2026-08-06 19:36:09 INFO  scripts.synthetic_model_comparison.training.training_pipeline | epoch 29/200 — val mAP50=0.7131 mAP50_95=0.4084 (selection mAP50_95=0.4084)
2026-08-06 19:36:10 INFO  scripts.synthetic_model_comparison.training.evaluation | mlflow: logged val/mAP50=0.7131 val/mAP50_95=0.4084 (step=28)
2026-08-06 19:36:10 INFO  scripts.synthetic_model_comparison.training.evaluation | mlflow: logged val per-class AP table (12 classes)
2026-08-06 19:36:10 INFO  scripts.synthetic_model_comparison.training.training_pipeline | saved checkpoint: /home/debian/Master-Thesis/scripts/synthetic_model_comparison/training/model_exports/yolo26n-gpt-image-2-low-compressed-seed42-20260806-192648/best.pt
2026-08-06 19:36:10 INFO  scripts.synthetic_model_comparison.training.training_pipeline | new best mAP50_95=0.4084 at epoch 29
2026-08-06 19:36:11 INFO  scripts.synthetic_model_comparison.training.training_pipeline | saved checkpoint: /home/debian/Master-Thesis/scripts/synthetic_model_comparison/training/model_exports/yolo26n-gpt-image-2-low-compressed-seed42-20260806-192648/last.pt
2026-08-06 19:36:11 INFO  scripts.synthetic_model_comparison.training.training_pipeline | epoch 29/200 done — next lr=0.00957462, epochs_since_improve=0/20
2026-08-06 19:36:11 INFO  scripts.synthetic_model_comparison.training.training_pipeline | epoch 30/200 — train start (lr=0.00957462, batches=15)
2026-08-06 19:36:22 INFO  scripts.synthetic_model_comparison.training.training_pipeline | epoch 30/200 — train done in 11.5s | avg loss_box=1.4574 loss_cls=1.5172 loss_dfl=0.0451 loss_total=176.0130
2026-08-06 19:36:22 INFO  scripts.synthetic_model_comparison.training.evaluation | evaluating on 4 batches
2026-08-06 19:36:28 INFO  scripts.synthetic_model_comparison.training.training_pipeline | epoch 30/200 — val mAP50=0.7518 mAP50_95=0.4245 (selection mAP50_95=0.4245)
2026-08-06 19:36:29 INFO  scripts.synthetic_model_comparison.training.evaluation | mlflow: logged val/mAP50=0.7518 val/mAP50_95=0.4245 (step=29)
2026-08-06 19:36:29 INFO  scripts.synthetic_model_comparison.training.evaluation | mlflow: logged val per-class AP table (12 classes)
2026-08-06 19:36:29 INFO  scripts.synthetic_model_comparison.training.training_pipeline | saved checkpoint: /home/debian/Master-Thesis/scripts/synthetic_model_comparison/training/model_exports/yolo26n-gpt-image-2-low-compressed-seed42-20260806-192648/best.pt
2026-08-06 19:36:29 INFO  scripts.synthetic_model_comparison.training.training_pipeline | new best mAP50_95=0.4245 at epoch 30
2026-08-06 19:36:29 INFO  scripts.synthetic_model_comparison.training.training_pipeline | saved checkpoint: /home/debian/Master-Thesis/scripts/synthetic_model_comparison/training/model_exports/yolo26n-gpt-image-2-low-compressed-seed42-20260806-192648/last.pt
2026-08-06 19:36:30 INFO  scripts.synthetic_model_comparison.training.training_pipeline | epoch 30/200 done — next lr=0.00954187, epochs_since_improve=0/20
2026-08-06 19:36:30 INFO  scripts.synthetic_model_comparison.training.training_pipeline | epoch 31/200 — train start (lr=0.00954187, batches=15)
2026-08-06 19:36:35 INFO  scripts.synthetic_model_comparison.training.training_pipeline | step 450 | loss_box=1.2327 loss_cls=1.4070 loss_dfl=0.0376 loss_total=154.3143 lr=0.00953965
2026-08-06 19:36:43 INFO  scripts.synthetic_model_comparison.training.training_pipeline | epoch 31/200 — train done in 12.9s | avg loss_box=1.4136 loss_cls=1.4983 loss_dfl=0.0435 loss_total=171.4482
2026-08-06 19:36:43 INFO  scripts.synthetic_model_comparison.training.evaluation | evaluating on 4 batches
2026-08-06 19:36:48 INFO  scripts.synthetic_model_comparison.training.training_pipeline | epoch 31/200 — val mAP50=0.6837 mAP50_95=0.3493 (selection mAP50_95=0.3493)
2026-08-06 19:36:49 INFO  scripts.synthetic_model_comparison.training.evaluation | mlflow: logged val/mAP50=0.6837 val/mAP50_95=0.3493 (step=30)
2026-08-06 19:36:49 INFO  scripts.synthetic_model_comparison.training.evaluation | mlflow: logged val per-class AP table (12 classes)
2026-08-06 19:36:49 INFO  scripts.synthetic_model_comparison.training.training_pipeline | saved checkpoint: /home/debian/Master-Thesis/scripts/synthetic_model_comparison/training/model_exports/yolo26n-gpt-image-2-low-compressed-seed42-20260806-192648/last.pt
2026-08-06 19:36:50 INFO  scripts.synthetic_model_comparison.training.training_pipeline | epoch 31/200 done — next lr=0.00950797, epochs_since_improve=1/20
2026-08-06 19:36:50 INFO  scripts.synthetic_model_comparison.training.training_pipeline | epoch 32/200 — train start (lr=0.00950797, batches=15)
2026-08-06 19:37:01 INFO  scripts.synthetic_model_comparison.training.training_pipeline | epoch 32/200 — train done in 11.4s | avg loss_box=1.3901 loss_cls=1.4292 loss_dfl=0.0424 loss_total=166.3949
2026-08-06 19:37:01 INFO  scripts.synthetic_model_comparison.training.evaluation | evaluating on 4 batches
2026-08-06 19:37:07 INFO  scripts.synthetic_model_comparison.training.training_pipeline | epoch 32/200 — val mAP50=0.7258 mAP50_95=0.4455 (selection mAP50_95=0.4455)
2026-08-06 19:37:08 INFO  scripts.synthetic_model_comparison.training.evaluation | mlflow: logged val/mAP50=0.7258 val/mAP50_95=0.4455 (step=31)
2026-08-06 19:37:08 INFO  scripts.synthetic_model_comparison.training.evaluation | mlflow: logged val per-class AP table (12 classes)
2026-08-06 19:37:08 INFO  scripts.synthetic_model_comparison.training.training_pipeline | saved checkpoint: /home/debian/Master-Thesis/scripts/synthetic_model_comparison/training/model_exports/yolo26n-gpt-image-2-low-compressed-seed42-20260806-192648/best.pt
2026-08-06 19:37:08 INFO  scripts.synthetic_model_comparison.training.training_pipeline | new best mAP50_95=0.4455 at epoch 32
2026-08-06 19:37:08 INFO  scripts.synthetic_model_comparison.training.training_pipeline | saved checkpoint: /home/debian/Master-Thesis/scripts/synthetic_model_comparison/training/model_exports/yolo26n-gpt-image-2-low-compressed-seed42-20260806-192648/last.pt
2026-08-06 19:37:09 INFO  scripts.synthetic_model_comparison.training.training_pipeline | epoch 32/200 done — next lr=0.00947292, epochs_since_improve=0/20
2026-08-06 19:37:09 INFO  scripts.synthetic_model_comparison.training.training_pipeline | epoch 33/200 — train start (lr=0.00947292, batches=15)
2026-08-06 19:37:20 INFO  scripts.synthetic_model_comparison.training.training_pipeline | epoch 33/200 — train done in 11.5s | avg loss_box=1.4142 loss_cls=1.3910 loss_dfl=0.0435 loss_total=166.0063
2026-08-06 19:37:20 INFO  scripts.synthetic_model_comparison.training.evaluation | evaluating on 4 batches
2026-08-06 19:37:26 INFO  scripts.synthetic_model_comparison.training.training_pipeline | epoch 33/200 — val mAP50=0.7118 mAP50_95=0.4037 (selection mAP50_95=0.4037)
2026-08-06 19:37:26 INFO  scripts.synthetic_model_comparison.training.evaluation | mlflow: logged val/mAP50=0.7118 val/mAP50_95=0.4037 (step=32)
2026-08-06 19:37:27 INFO  scripts.synthetic_model_comparison.training.evaluation | mlflow: logged val per-class AP table (12 classes)
2026-08-06 19:37:27 INFO  scripts.synthetic_model_comparison.training.training_pipeline | saved checkpoint: /home/debian/Master-Thesis/scripts/synthetic_model_comparison/training/model_exports/yolo26n-gpt-image-2-low-compressed-seed42-20260806-192648/last.pt
2026-08-06 19:37:27 INFO  scripts.synthetic_model_comparison.training.training_pipeline | epoch 33/200 done — next lr=0.00943674, epochs_since_improve=1/20
2026-08-06 19:37:27 INFO  scripts.synthetic_model_comparison.training.training_pipeline | epoch 34/200 — train start (lr=0.00943674, batches=15)
2026-08-06 19:37:36 INFO  scripts.synthetic_model_comparison.training.training_pipeline | step 500 | loss_box=1.4434 loss_cls=1.5001 loss_dfl=0.0426 loss_total=171.7674 lr=0.00942195
2026-08-06 19:37:40 INFO  scripts.synthetic_model_comparison.training.training_pipeline | epoch 34/200 — train done in 13.2s | avg loss_box=1.4138 loss_cls=1.3138 loss_dfl=0.0439 loss_total=162.9402
2026-08-06 19:37:40 INFO  scripts.synthetic_model_comparison.training.evaluation | evaluating on 4 batches
2026-08-06 19:37:46 INFO  scripts.synthetic_model_comparison.training.training_pipeline | epoch 34/200 — val mAP50=0.7165 mAP50_95=0.4186 (selection mAP50_95=0.4186)
2026-08-06 19:37:47 INFO  scripts.synthetic_model_comparison.training.evaluation | mlflow: logged val/mAP50=0.7165 val/mAP50_95=0.4186 (step=33)
2026-08-06 19:37:47 INFO  scripts.synthetic_model_comparison.training.evaluation | mlflow: logged val per-class AP table (12 classes)
2026-08-06 19:37:47 INFO  scripts.synthetic_model_comparison.training.training_pipeline | saved checkpoint: /home/debian/Master-Thesis/scripts/synthetic_model_comparison/training/model_exports/yolo26n-gpt-image-2-low-compressed-seed42-20260806-192648/last.pt
2026-08-06 19:37:48 INFO  scripts.synthetic_model_comparison.training.training_pipeline | epoch 34/200 done — next lr=0.00939943, epochs_since_improve=2/20
2026-08-06 19:37:48 INFO  scripts.synthetic_model_comparison.training.training_pipeline | epoch 35/200 — train start (lr=0.00939943, batches=15)
2026-08-06 19:37:59 INFO  scripts.synthetic_model_comparison.training.training_pipeline | epoch 35/200 — train done in 11.5s | avg loss_box=1.3700 loss_cls=1.3217 loss_dfl=0.0419 loss_total=159.9272
2026-08-06 19:37:59 INFO  scripts.synthetic_model_comparison.training.evaluation | evaluating on 4 batches
2026-08-06 19:38:05 INFO  scripts.synthetic_model_comparison.training.training_pipeline | epoch 35/200 — val mAP50=0.7606 mAP50_95=0.4564 (selection mAP50_95=0.4564)
2026-08-06 19:38:06 INFO  scripts.synthetic_model_comparison.training.evaluation | mlflow: logged val/mAP50=0.7606 val/mAP50_95=0.4564 (step=34)
2026-08-06 19:38:06 INFO  scripts.synthetic_model_comparison.training.evaluation | mlflow: logged val per-class AP table (12 classes)
2026-08-06 19:38:06 INFO  scripts.synthetic_model_comparison.training.training_pipeline | saved checkpoint: /home/debian/Master-Thesis/scripts/synthetic_model_comparison/training/model_exports/yolo26n-gpt-image-2-low-compressed-seed42-20260806-192648/best.pt
2026-08-06 19:38:06 INFO  scripts.synthetic_model_comparison.training.training_pipeline | new best mAP50_95=0.4564 at epoch 35
2026-08-06 19:38:06 INFO  scripts.synthetic_model_comparison.training.training_pipeline | saved checkpoint: /home/debian/Master-Thesis/scripts/synthetic_model_comparison/training/model_exports/yolo26n-gpt-image-2-low-compressed-seed42-20260806-192648/last.pt
2026-08-06 19:38:06 INFO  scripts.synthetic_model_comparison.training.training_pipeline | epoch 35/200 done — next lr=0.00936101, epochs_since_improve=0/20
2026-08-06 19:38:06 INFO  scripts.synthetic_model_comparison.training.training_pipeline | epoch 36/200 — train start (lr=0.00936101, batches=15)
2026-08-06 19:38:18 INFO  scripts.synthetic_model_comparison.training.training_pipeline | epoch 36/200 — train done in 11.9s | avg loss_box=1.3280 loss_cls=1.2533 loss_dfl=0.0396 loss_total=154.8386
2026-08-06 19:38:18 INFO  scripts.synthetic_model_comparison.training.evaluation | evaluating on 4 batches
2026-08-06 19:38:24 INFO  scripts.synthetic_model_comparison.training.training_pipeline | epoch 36/200 — val mAP50=0.7152 mAP50_95=0.3862 (selection mAP50_95=0.3862)
2026-08-06 19:38:25 INFO  scripts.synthetic_model_comparison.training.evaluation | mlflow: logged val/mAP50=0.7152 val/mAP50_95=0.3862 (step=35)
2026-08-06 19:38:25 INFO  scripts.synthetic_model_comparison.training.evaluation | mlflow: logged val per-class AP table (12 classes)
2026-08-06 19:38:25 INFO  scripts.synthetic_model_comparison.training.training_pipeline | saved checkpoint: /home/debian/Master-Thesis/scripts/synthetic_model_comparison/training/model_exports/yolo26n-gpt-image-2-low-compressed-seed42-20260806-192648/last.pt
2026-08-06 19:38:25 INFO  scripts.synthetic_model_comparison.training.training_pipeline | epoch 36/200 done — next lr=0.00932147, epochs_since_improve=1/20
2026-08-06 19:38:25 INFO  scripts.synthetic_model_comparison.training.training_pipeline | epoch 37/200 — train start (lr=0.00932147, batches=15)
2026-08-06 19:38:36 INFO  scripts.synthetic_model_comparison.training.training_pipeline | step 550 | loss_box=1.3676 loss_cls=1.2824 loss_dfl=0.0396 loss_total=160.0276 lr=0.00929178
2026-08-06 19:38:39 INFO  scripts.synthetic_model_comparison.training.training_pipeline | epoch 37/200 — train done in 13.4s | avg loss_box=1.3491 loss_cls=1.2236 loss_dfl=0.0411 loss_total=153.4959
2026-08-06 19:38:39 INFO  scripts.synthetic_model_comparison.training.evaluation | evaluating on 4 batches
2026-08-06 19:38:45 INFO  scripts.synthetic_model_comparison.training.training_pipeline | epoch 37/200 — val mAP50=0.7971 mAP50_95=0.5032 (selection mAP50_95=0.5032)
2026-08-06 19:38:45 INFO  scripts.synthetic_model_comparison.training.evaluation | mlflow: logged val/mAP50=0.7971 val/mAP50_95=0.5032 (step=36)
2026-08-06 19:38:46 INFO  scripts.synthetic_model_comparison.training.evaluation | mlflow: logged val per-class AP table (12 classes)
2026-08-06 19:38:46 INFO  scripts.synthetic_model_comparison.training.training_pipeline | saved checkpoint: /home/debian/Master-Thesis/scripts/synthetic_model_comparison/training/model_exports/yolo26n-gpt-image-2-low-compressed-seed42-20260806-192648/best.pt
2026-08-06 19:38:46 INFO  scripts.synthetic_model_comparison.training.training_pipeline | new best mAP50_95=0.5032 at epoch 37
2026-08-06 19:38:46 INFO  scripts.synthetic_model_comparison.training.training_pipeline | saved checkpoint: /home/debian/Master-Thesis/scripts/synthetic_model_comparison/training/model_exports/yolo26n-gpt-image-2-low-compressed-seed42-20260806-192648/last.pt
2026-08-06 19:38:46 INFO  scripts.synthetic_model_comparison.training.training_pipeline | epoch 37/200 done — next lr=0.00928084, epochs_since_improve=0/20
2026-08-06 19:38:46 INFO  scripts.synthetic_model_comparison.training.training_pipeline | epoch 38/200 — train start (lr=0.00928084, batches=15)
2026-08-06 19:38:58 INFO  scripts.synthetic_model_comparison.training.training_pipeline | epoch 38/200 — train done in 11.5s | avg loss_box=1.3118 loss_cls=1.1818 loss_dfl=0.0402 loss_total=149.3213
2026-08-06 19:38:58 INFO  scripts.synthetic_model_comparison.training.evaluation | evaluating on 4 batches
2026-08-06 19:39:03 INFO  scripts.synthetic_model_comparison.training.training_pipeline | epoch 38/200 — val mAP50=0.8247 mAP50_95=0.5384 (selection mAP50_95=0.5384)
2026-08-06 19:39:04 INFO  scripts.synthetic_model_comparison.training.evaluation | mlflow: logged val/mAP50=0.8247 val/mAP50_95=0.5384 (step=37)
2026-08-06 19:39:04 INFO  scripts.synthetic_model_comparison.training.evaluation | mlflow: logged val per-class AP table (12 classes)
2026-08-06 19:39:05 INFO  scripts.synthetic_model_comparison.training.training_pipeline | saved checkpoint: /home/debian/Master-Thesis/scripts/synthetic_model_comparison/training/model_exports/yolo26n-gpt-image-2-low-compressed-seed42-20260806-192648/best.pt
2026-08-06 19:39:05 INFO  scripts.synthetic_model_comparison.training.training_pipeline | new best mAP50_95=0.5384 at epoch 38
2026-08-06 19:39:05 INFO  scripts.synthetic_model_comparison.training.training_pipeline | saved checkpoint: /home/debian/Master-Thesis/scripts/synthetic_model_comparison/training/model_exports/yolo26n-gpt-image-2-low-compressed-seed42-20260806-192648/last.pt
2026-08-06 19:39:05 INFO  scripts.synthetic_model_comparison.training.training_pipeline | epoch 38/200 done — next lr=0.00923912, epochs_since_improve=0/20
2026-08-06 19:39:05 INFO  scripts.synthetic_model_comparison.training.training_pipeline | epoch 39/200 — train start (lr=0.00923912, batches=15)
2026-08-06 19:39:16 INFO  scripts.synthetic_model_comparison.training.training_pipeline | epoch 39/200 — train done in 11.4s | avg loss_box=1.3445 loss_cls=1.1377 loss_dfl=0.0412 loss_total=148.5344
2026-08-06 19:39:16 INFO  scripts.synthetic_model_comparison.training.evaluation | evaluating on 4 batches
2026-08-06 19:39:22 INFO  scripts.synthetic_model_comparison.training.training_pipeline | epoch 39/200 — val mAP50=0.7989 mAP50_95=0.5082 (selection mAP50_95=0.5082)
2026-08-06 19:39:23 INFO  scripts.synthetic_model_comparison.training.evaluation | mlflow: logged val/mAP50=0.7989 val/mAP50_95=0.5082 (step=38)
2026-08-06 19:39:23 INFO  scripts.synthetic_model_comparison.training.evaluation | mlflow: logged val per-class AP table (12 classes)
2026-08-06 19:39:23 INFO  scripts.synthetic_model_comparison.training.training_pipeline | saved checkpoint: /home/debian/Master-Thesis/scripts/synthetic_model_comparison/training/model_exports/yolo26n-gpt-image-2-low-compressed-seed42-20260806-192648/last.pt
2026-08-06 19:39:24 INFO  scripts.synthetic_model_comparison.training.training_pipeline | epoch 39/200 done — next lr=0.00919633, epochs_since_improve=1/20
2026-08-06 19:39:24 INFO  scripts.synthetic_model_comparison.training.training_pipeline | epoch 40/200 — train start (lr=0.00919633, batches=15)
2026-08-06 19:39:35 INFO  scripts.synthetic_model_comparison.training.training_pipeline | epoch 40/200 — train done in 11.5s | avg loss_box=1.3868 loss_cls=1.1149 loss_dfl=0.0415 loss_total=151.6987
2026-08-06 19:39:35 INFO  scripts.synthetic_model_comparison.training.evaluation | evaluating on 4 batches
2026-08-06 19:39:41 INFO  scripts.synthetic_model_comparison.training.training_pipeline | epoch 40/200 — val mAP50=0.8058 mAP50_95=0.5032 (selection mAP50_95=0.5032)
2026-08-06 19:39:42 INFO  scripts.synthetic_model_comparison.training.evaluation | mlflow: logged val/mAP50=0.8058 val/mAP50_95=0.5032 (step=39)
2026-08-06 19:39:42 INFO  scripts.synthetic_model_comparison.training.evaluation | mlflow: logged val per-class AP table (12 classes)
2026-08-06 19:39:42 INFO  scripts.synthetic_model_comparison.training.training_pipeline | saved checkpoint: /home/debian/Master-Thesis/scripts/synthetic_model_comparison/training/model_exports/yolo26n-gpt-image-2-low-compressed-seed42-20260806-192648/last.pt
2026-08-06 19:39:42 INFO  scripts.synthetic_model_comparison.training.training_pipeline | epoch 40/200 done — next lr=0.00915247, epochs_since_improve=2/20
2026-08-06 19:39:42 INFO  scripts.synthetic_model_comparison.training.training_pipeline | epoch 41/200 — train start (lr=0.00915247, batches=15)
2026-08-06 19:39:48 INFO  scripts.synthetic_model_comparison.training.training_pipeline | step 600 | loss_box=1.2331 loss_cls=1.0101 loss_dfl=0.0339 loss_total=136.1355 lr=0.0091495
2026-08-06 19:39:55 INFO  scripts.synthetic_model_comparison.training.training_pipeline | epoch 41/200 — train done in 12.6s | avg loss_box=1.3075 loss_cls=1.0710 loss_dfl=0.0395 loss_total=145.0063
2026-08-06 19:39:55 INFO  scripts.synthetic_model_comparison.training.evaluation | evaluating on 4 batches
2026-08-06 19:40:01 INFO  scripts.synthetic_model_comparison.training.training_pipeline | epoch 41/200 — val mAP50=0.7485 mAP50_95=0.3896 (selection mAP50_95=0.3896)
2026-08-06 19:40:01 INFO  scripts.synthetic_model_comparison.training.evaluation | mlflow: logged val/mAP50=0.7485 val/mAP50_95=0.3896 (step=40)
2026-08-06 19:40:01 INFO  scripts.synthetic_model_comparison.training.evaluation | mlflow: logged val per-class AP table (12 classes)
2026-08-06 19:40:02 INFO  scripts.synthetic_model_comparison.training.training_pipeline | saved checkpoint: /home/debian/Master-Thesis/scripts/synthetic_model_comparison/training/model_exports/yolo26n-gpt-image-2-low-compressed-seed42-20260806-192648/last.pt
2026-08-06 19:40:02 INFO  scripts.synthetic_model_comparison.training.training_pipeline | epoch 41/200 done — next lr=0.00910755, epochs_since_improve=3/20
2026-08-06 19:40:02 INFO  scripts.synthetic_model_comparison.training.training_pipeline | epoch 42/200 — train start (lr=0.00910755, batches=15)
2026-08-06 19:40:13 INFO  scripts.synthetic_model_comparison.training.training_pipeline | epoch 42/200 — train done in 11.5s | avg loss_box=1.3212 loss_cls=1.0805 loss_dfl=0.0403 loss_total=144.5090
2026-08-06 19:40:13 INFO  scripts.synthetic_model_comparison.training.evaluation | evaluating on 4 batches
2026-08-06 19:40:19 INFO  scripts.synthetic_model_comparison.training.training_pipeline | epoch 42/200 — val mAP50=0.7707 mAP50_95=0.4246 (selection mAP50_95=0.4246)
2026-08-06 19:40:20 INFO  scripts.synthetic_model_comparison.training.evaluation | mlflow: logged val/mAP50=0.7707 val/mAP50_95=0.4246 (step=41)
2026-08-06 19:40:20 INFO  scripts.synthetic_model_comparison.training.evaluation | mlflow: logged val per-class AP table (12 classes)
2026-08-06 19:40:20 INFO  scripts.synthetic_model_comparison.training.training_pipeline | saved checkpoint: /home/debian/Master-Thesis/scripts/synthetic_model_comparison/training/model_exports/yolo26n-gpt-image-2-low-compressed-seed42-20260806-192648/last.pt
2026-08-06 19:40:21 INFO  scripts.synthetic_model_comparison.training.training_pipeline | epoch 42/200 done — next lr=0.00906159, epochs_since_improve=4/20
2026-08-06 19:40:21 INFO  scripts.synthetic_model_comparison.training.training_pipeline | epoch 43/200 — train start (lr=0.00906159, batches=15)
2026-08-06 19:40:32 INFO  scripts.synthetic_model_comparison.training.training_pipeline | epoch 43/200 — train done in 11.2s | avg loss_box=1.2890 loss_cls=1.0739 loss_dfl=0.0389 loss_total=143.1234
2026-08-06 19:40:32 INFO  scripts.synthetic_model_comparison.training.evaluation | evaluating on 4 batches
2026-08-06 19:40:38 INFO  scripts.synthetic_model_comparison.training.training_pipeline | epoch 43/200 — val mAP50=0.8162 mAP50_95=0.5338 (selection mAP50_95=0.5338)
2026-08-06 19:40:38 INFO  scripts.synthetic_model_comparison.training.evaluation | mlflow: logged val/mAP50=0.8162 val/mAP50_95=0.5338 (step=42)
2026-08-06 19:40:39 INFO  scripts.synthetic_model_comparison.training.evaluation | mlflow: logged val per-class AP table (12 classes)
2026-08-06 19:40:39 INFO  scripts.synthetic_model_comparison.training.training_pipeline | saved checkpoint: /home/debian/Master-Thesis/scripts/synthetic_model_comparison/training/model_exports/yolo26n-gpt-image-2-low-compressed-seed42-20260806-192648/last.pt
2026-08-06 19:40:39 INFO  scripts.synthetic_model_comparison.training.training_pipeline | epoch 43/200 done — next lr=0.0090146, epochs_since_improve=5/20
2026-08-06 19:40:39 INFO  scripts.synthetic_model_comparison.training.training_pipeline | epoch 44/200 — train start (lr=0.0090146, batches=15)
2026-08-06 19:40:48 INFO  scripts.synthetic_model_comparison.training.training_pipeline | step 650 | loss_box=1.1095 loss_cls=1.0533 loss_dfl=0.0369 loss_total=132.3587 lr=0.00899552
2026-08-06 19:40:52 INFO  scripts.synthetic_model_comparison.training.training_pipeline | epoch 44/200 — train done in 13.4s | avg loss_box=1.2660 loss_cls=0.9992 loss_dfl=0.0384 loss_total=138.5209
2026-08-06 19:40:52 INFO  scripts.synthetic_model_comparison.training.evaluation | evaluating on 4 batches
2026-08-06 19:40:58 INFO  scripts.synthetic_model_comparison.training.training_pipeline | epoch 44/200 — val mAP50=0.8290 mAP50_95=0.5093 (selection mAP50_95=0.5093)
2026-08-06 19:40:59 INFO  scripts.synthetic_model_comparison.training.evaluation | mlflow: logged val/mAP50=0.8290 val/mAP50_95=0.5093 (step=43)
2026-08-06 19:40:59 INFO  scripts.synthetic_model_comparison.training.evaluation | mlflow: logged val per-class AP table (12 classes)
2026-08-06 19:40:59 INFO  scripts.synthetic_model_comparison.training.training_pipeline | saved checkpoint: /home/debian/Master-Thesis/scripts/synthetic_model_comparison/training/model_exports/yolo26n-gpt-image-2-low-compressed-seed42-20260806-192648/last.pt
2026-08-06 19:41:00 INFO  scripts.synthetic_model_comparison.training.training_pipeline | epoch 44/200 done — next lr=0.00896659, epochs_since_improve=6/20
2026-08-06 19:41:00 INFO  scripts.synthetic_model_comparison.training.training_pipeline | epoch 45/200 — train start (lr=0.00896659, batches=15)
2026-08-06 19:41:11 INFO  scripts.synthetic_model_comparison.training.training_pipeline | epoch 45/200 — train done in 11.5s | avg loss_box=1.2393 loss_cls=0.9856 loss_dfl=0.0368 loss_total=135.7590
2026-08-06 19:41:11 INFO  scripts.synthetic_model_comparison.training.evaluation | evaluating on 4 batches
2026-08-06 19:41:17 INFO  scripts.synthetic_model_comparison.training.training_pipeline | epoch 45/200 — val mAP50=0.8434 mAP50_95=0.5443 (selection mAP50_95=0.5443)
2026-08-06 19:41:17 INFO  scripts.synthetic_model_comparison.training.evaluation | mlflow: logged val/mAP50=0.8434 val/mAP50_95=0.5443 (step=44)
2026-08-06 19:41:18 INFO  scripts.synthetic_model_comparison.training.evaluation | mlflow: logged val per-class AP table (12 classes)
2026-08-06 19:41:18 INFO  scripts.synthetic_model_comparison.training.training_pipeline | saved checkpoint: /home/debian/Master-Thesis/scripts/synthetic_model_comparison/training/model_exports/yolo26n-gpt-image-2-low-compressed-seed42-20260806-192648/best.pt
2026-08-06 19:41:18 INFO  scripts.synthetic_model_comparison.training.training_pipeline | new best mAP50_95=0.5443 at epoch 45
2026-08-06 19:41:18 INFO  scripts.synthetic_model_comparison.training.training_pipeline | saved checkpoint: /home/debian/Master-Thesis/scripts/synthetic_model_comparison/training/model_exports/yolo26n-gpt-image-2-low-compressed-seed42-20260806-192648/last.pt
2026-08-06 19:41:18 INFO  scripts.synthetic_model_comparison.training.training_pipeline | epoch 45/200 done — next lr=0.00891757, epochs_since_improve=0/20
2026-08-06 19:41:18 INFO  scripts.synthetic_model_comparison.training.training_pipeline | epoch 46/200 — train start (lr=0.00891757, batches=15)
2026-08-06 19:41:29 INFO  scripts.synthetic_model_comparison.training.training_pipeline | epoch 46/200 — train done in 11.1s | avg loss_box=1.2764 loss_cls=0.9827 loss_dfl=0.0390 loss_total=137.5675
2026-08-06 19:41:29 INFO  scripts.synthetic_model_comparison.training.evaluation | evaluating on 4 batches
2026-08-06 19:41:35 INFO  scripts.synthetic_model_comparison.training.training_pipeline | epoch 46/200 — val mAP50=0.7962 mAP50_95=0.5201 (selection mAP50_95=0.5201)
2026-08-06 19:41:36 INFO  scripts.synthetic_model_comparison.training.evaluation | mlflow: logged val/mAP50=0.7962 val/mAP50_95=0.5201 (step=45)
2026-08-06 19:41:36 INFO  scripts.synthetic_model_comparison.training.evaluation | mlflow: logged val per-class AP table (12 classes)
2026-08-06 19:41:36 INFO  scripts.synthetic_model_comparison.training.training_pipeline | saved checkpoint: /home/debian/Master-Thesis/scripts/synthetic_model_comparison/training/model_exports/yolo26n-gpt-image-2-low-compressed-seed42-20260806-192648/last.pt
2026-08-06 19:41:37 INFO  scripts.synthetic_model_comparison.training.training_pipeline | epoch 46/200 done — next lr=0.00886756, epochs_since_improve=1/20
2026-08-06 19:41:37 INFO  scripts.synthetic_model_comparison.training.training_pipeline | epoch 47/200 — train start (lr=0.00886756, batches=15)
2026-08-06 19:41:47 INFO  scripts.synthetic_model_comparison.training.training_pipeline | step 700 | loss_box=1.3604 loss_cls=1.0085 loss_dfl=0.0415 loss_total=144.8065 lr=0.00883025
2026-08-06 19:41:50 INFO  scripts.synthetic_model_comparison.training.training_pipeline | epoch 47/200 — train done in 13.2s | avg loss_box=1.2105 loss_cls=0.9411 loss_dfl=0.0358 loss_total=132.6174
2026-08-06 19:41:50 INFO  scripts.synthetic_model_comparison.training.evaluation | evaluating on 4 batches
2026-08-06 19:41:56 INFO  scripts.synthetic_model_comparison.training.training_pipeline | epoch 47/200 — val mAP50=0.8546 mAP50_95=0.5895 (selection mAP50_95=0.5895)
2026-08-06 19:41:56 INFO  scripts.synthetic_model_comparison.training.evaluation | mlflow: logged val/mAP50=0.8546 val/mAP50_95=0.5895 (step=46)
2026-08-06 19:41:57 INFO  scripts.synthetic_model_comparison.training.evaluation | mlflow: logged val per-class AP table (12 classes)
2026-08-06 19:41:57 INFO  scripts.synthetic_model_comparison.training.training_pipeline | saved checkpoint: /home/debian/Master-Thesis/scripts/synthetic_model_comparison/training/model_exports/yolo26n-gpt-image-2-low-compressed-seed42-20260806-192648/best.pt
2026-08-06 19:41:57 INFO  scripts.synthetic_model_comparison.training.training_pipeline | new best mAP50_95=0.5895 at epoch 47
2026-08-06 19:41:57 INFO  scripts.synthetic_model_comparison.training.training_pipeline | saved checkpoint: /home/debian/Master-Thesis/scripts/synthetic_model_comparison/training/model_exports/yolo26n-gpt-image-2-low-compressed-seed42-20260806-192648/last.pt
2026-08-06 19:41:57 INFO  scripts.synthetic_model_comparison.training.training_pipeline | epoch 47/200 done — next lr=0.00881656, epochs_since_improve=0/20
2026-08-06 19:41:57 INFO  scripts.synthetic_model_comparison.training.training_pipeline | epoch 48/200 — train start (lr=0.00881656, batches=15)
2026-08-06 19:42:09 INFO  scripts.synthetic_model_comparison.training.training_pipeline | epoch 48/200 — train done in 11.6s | avg loss_box=1.2258 loss_cls=0.9428 loss_dfl=0.0367 loss_total=132.5383
2026-08-06 19:42:09 INFO  scripts.synthetic_model_comparison.training.evaluation | evaluating on 4 batches
2026-08-06 19:42:15 INFO  scripts.synthetic_model_comparison.training.training_pipeline | epoch 48/200 — val mAP50=0.8028 mAP50_95=0.4117 (selection mAP50_95=0.4117)
2026-08-06 19:42:15 INFO  scripts.synthetic_model_comparison.training.evaluation | mlflow: logged val/mAP50=0.8028 val/mAP50_95=0.4117 (step=47)
2026-08-06 19:42:16 INFO  scripts.synthetic_model_comparison.training.evaluation | mlflow: logged val per-class AP table (12 classes)
2026-08-06 19:42:16 INFO  scripts.synthetic_model_comparison.training.training_pipeline | saved checkpoint: /home/debian/Master-Thesis/scripts/synthetic_model_comparison/training/model_exports/yolo26n-gpt-image-2-low-compressed-seed42-20260806-192648/last.pt
2026-08-06 19:42:16 INFO  scripts.synthetic_model_comparison.training.training_pipeline | epoch 48/200 done — next lr=0.00876459, epochs_since_improve=1/20
2026-08-06 19:42:16 INFO  scripts.synthetic_model_comparison.training.training_pipeline | epoch 49/200 — train start (lr=0.00876459, batches=15)
2026-08-06 19:42:27 INFO  scripts.synthetic_model_comparison.training.training_pipeline | epoch 49/200 — train done in 11.3s | avg loss_box=1.2083 loss_cls=0.9076 loss_dfl=0.0359 loss_total=129.1919
2026-08-06 19:42:27 INFO  scripts.synthetic_model_comparison.training.evaluation | evaluating on 4 batches
2026-08-06 19:42:33 INFO  scripts.synthetic_model_comparison.training.training_pipeline | epoch 49/200 — val mAP50=0.8502 mAP50_95=0.5408 (selection mAP50_95=0.5408)
2026-08-06 19:42:34 INFO  scripts.synthetic_model_comparison.training.evaluation | mlflow: logged val/mAP50=0.8502 val/mAP50_95=0.5408 (step=48)
2026-08-06 19:42:34 INFO  scripts.synthetic_model_comparison.training.evaluation | mlflow: logged val per-class AP table (12 classes)
2026-08-06 19:42:34 INFO  scripts.synthetic_model_comparison.training.training_pipeline | saved checkpoint: /home/debian/Master-Thesis/scripts/synthetic_model_comparison/training/model_exports/yolo26n-gpt-image-2-low-compressed-seed42-20260806-192648/last.pt
2026-08-06 19:42:34 INFO  scripts.synthetic_model_comparison.training.training_pipeline | epoch 49/200 done — next lr=0.00871167, epochs_since_improve=2/20
2026-08-06 19:42:34 INFO  scripts.synthetic_model_comparison.training.training_pipeline | epoch 50/200 — train start (lr=0.00871167, batches=15)
2026-08-06 19:42:46 INFO  scripts.synthetic_model_comparison.training.training_pipeline | epoch 50/200 — train done in 11.5s | avg loss_box=1.1610 loss_cls=0.9032 loss_dfl=0.0338 loss_total=126.6887
2026-08-06 19:42:46 INFO  scripts.synthetic_model_comparison.training.evaluation | evaluating on 4 batches
2026-08-06 19:42:51 INFO  scripts.synthetic_model_comparison.training.training_pipeline | epoch 50/200 — val mAP50=0.8196 mAP50_95=0.5588 (selection mAP50_95=0.5588)
2026-08-06 19:42:52 INFO  scripts.synthetic_model_comparison.training.evaluation | mlflow: logged val/mAP50=0.8196 val/mAP50_95=0.5588 (step=49)
2026-08-06 19:42:52 INFO  scripts.synthetic_model_comparison.training.evaluation | mlflow: logged val per-class AP table (12 classes)
2026-08-06 19:42:52 INFO  scripts.synthetic_model_comparison.training.training_pipeline | saved checkpoint: /home/debian/Master-Thesis/scripts/synthetic_model_comparison/training/model_exports/yolo26n-gpt-image-2-low-compressed-seed42-20260806-192648/last.pt
2026-08-06 19:42:53 INFO  scripts.synthetic_model_comparison.training.training_pipeline | epoch 50/200 done — next lr=0.00865781, epochs_since_improve=3/20
2026-08-06 19:42:53 INFO  scripts.synthetic_model_comparison.training.training_pipeline | epoch 51/200 — train start (lr=0.00865781, batches=15)
2026-08-06 19:42:58 INFO  scripts.synthetic_model_comparison.training.training_pipeline | step 750 | loss_box=1.1641 loss_cls=0.7820 loss_dfl=0.0349 loss_total=119.1236 lr=0.00865419
2026-08-06 19:43:05 INFO  scripts.synthetic_model_comparison.training.training_pipeline | epoch 51/200 — train done in 12.3s | avg loss_box=1.1985 loss_cls=0.8835 loss_dfl=0.0357 loss_total=127.5630
2026-08-06 19:43:05 INFO  scripts.synthetic_model_comparison.training.evaluation | evaluating on 4 batches
2026-08-06 19:43:11 INFO  scripts.synthetic_model_comparison.training.training_pipeline | epoch 51/200 — val mAP50=0.8171 mAP50_95=0.4612 (selection mAP50_95=0.4612)
2026-08-06 19:43:12 INFO  scripts.synthetic_model_comparison.training.evaluation | mlflow: logged val/mAP50=0.8171 val/mAP50_95=0.4612 (step=50)
2026-08-06 19:43:12 INFO  scripts.synthetic_model_comparison.training.evaluation | mlflow: logged val per-class AP table (12 classes)
2026-08-06 19:43:12 INFO  scripts.synthetic_model_comparison.training.training_pipeline | saved checkpoint: /home/debian/Master-Thesis/scripts/synthetic_model_comparison/training/model_exports/yolo26n-gpt-image-2-low-compressed-seed42-20260806-192648/last.pt
2026-08-06 19:43:13 INFO  scripts.synthetic_model_comparison.training.training_pipeline | epoch 51/200 done — next lr=0.00860302, epochs_since_improve=4/20
2026-08-06 19:43:13 INFO  scripts.synthetic_model_comparison.training.training_pipeline | epoch 52/200 — train start (lr=0.00860302, batches=15)
2026-08-06 19:43:24 INFO  scripts.synthetic_model_comparison.training.training_pipeline | epoch 52/200 — train done in 11.6s | avg loss_box=1.1592 loss_cls=0.8689 loss_dfl=0.0344 loss_total=125.7846
2026-08-06 19:43:24 INFO  scripts.synthetic_model_comparison.training.evaluation | evaluating on 4 batches
2026-08-06 19:43:30 INFO  scripts.synthetic_model_comparison.training.training_pipeline | epoch 52/200 — val mAP50=0.8244 mAP50_95=0.5047 (selection mAP50_95=0.5047)
2026-08-06 19:43:31 INFO  scripts.synthetic_model_comparison.training.evaluation | mlflow: logged val/mAP50=0.8244 val/mAP50_95=0.5047 (step=51)
2026-08-06 19:43:31 INFO  scripts.synthetic_model_comparison.training.evaluation | mlflow: logged val per-class AP table (12 classes)
2026-08-06 19:43:31 INFO  scripts.synthetic_model_comparison.training.training_pipeline | saved checkpoint: /home/debian/Master-Thesis/scripts/synthetic_model_comparison/training/model_exports/yolo26n-gpt-image-2-low-compressed-seed42-20260806-192648/last.pt
2026-08-06 19:43:31 INFO  scripts.synthetic_model_comparison.training.training_pipeline | epoch 52/200 done — next lr=0.00854731, epochs_since_improve=5/20
2026-08-06 19:43:31 INFO  scripts.synthetic_model_comparison.training.training_pipeline | epoch 53/200 — train start (lr=0.00854731, batches=15)
2026-08-06 19:43:43 INFO  scripts.synthetic_model_comparison.training.training_pipeline | epoch 53/200 — train done in 11.9s | avg loss_box=1.1831 loss_cls=0.8566 loss_dfl=0.0348 loss_total=126.4890
2026-08-06 19:43:43 INFO  scripts.synthetic_model_comparison.training.evaluation | evaluating on 4 batches
2026-08-06 19:43:49 INFO  scripts.synthetic_model_comparison.training.training_pipeline | epoch 53/200 — val mAP50=0.8920 mAP50_95=0.5765 (selection mAP50_95=0.5765)
2026-08-06 19:43:50 INFO  scripts.synthetic_model_comparison.training.evaluation | mlflow: logged val/mAP50=0.8920 val/mAP50_95=0.5765 (step=52)
2026-08-06 19:43:50 INFO  scripts.synthetic_model_comparison.training.evaluation | mlflow: logged val per-class AP table (12 classes)
2026-08-06 19:43:50 INFO  scripts.synthetic_model_comparison.training.training_pipeline | saved checkpoint: /home/debian/Master-Thesis/scripts/synthetic_model_comparison/training/model_exports/yolo26n-gpt-image-2-low-compressed-seed42-20260806-192648/last.pt
2026-08-06 19:43:51 INFO  scripts.synthetic_model_comparison.training.training_pipeline | epoch 53/200 done — next lr=0.0084907, epochs_since_improve=6/20
2026-08-06 19:43:51 INFO  scripts.synthetic_model_comparison.training.training_pipeline | epoch 54/200 — train start (lr=0.0084907, batches=15)
2026-08-06 19:43:59 INFO  scripts.synthetic_model_comparison.training.training_pipeline | step 800 | loss_box=1.0130 loss_cls=0.8558 loss_dfl=0.0314 loss_total=114.8288 lr=0.00846781
2026-08-06 19:44:04 INFO  scripts.synthetic_model_comparison.training.training_pipeline | epoch 54/200 — train done in 13.2s | avg loss_box=1.1179 loss_cls=0.8313 loss_dfl=0.0328 loss_total=120.9164
2026-08-06 19:44:04 INFO  scripts.synthetic_model_comparison.training.evaluation | evaluating on 4 batches
2026-08-06 19:44:09 INFO  scripts.synthetic_model_comparison.training.training_pipeline | epoch 54/200 — val mAP50=0.8071 mAP50_95=0.5336 (selection mAP50_95=0.5336)
2026-08-06 19:44:10 INFO  scripts.synthetic_model_comparison.training.evaluation | mlflow: logged val/mAP50=0.8071 val/mAP50_95=0.5336 (step=53)
2026-08-06 19:44:10 INFO  scripts.synthetic_model_comparison.training.evaluation | mlflow: logged val per-class AP table (12 classes)
2026-08-06 19:44:10 INFO  scripts.synthetic_model_comparison.training.training_pipeline | saved checkpoint: /home/debian/Master-Thesis/scripts/synthetic_model_comparison/training/model_exports/yolo26n-gpt-image-2-low-compressed-seed42-20260806-192648/last.pt
2026-08-06 19:44:11 INFO  scripts.synthetic_model_comparison.training.training_pipeline | epoch 54/200 done — next lr=0.00843321, epochs_since_improve=7/20
2026-08-06 19:44:11 INFO  scripts.synthetic_model_comparison.training.training_pipeline | epoch 55/200 — train start (lr=0.00843321, batches=15)
2026-08-06 19:44:23 INFO  scripts.synthetic_model_comparison.training.training_pipeline | epoch 55/200 — train done in 11.9s | avg loss_box=1.1817 loss_cls=0.8264 loss_dfl=0.0343 loss_total=123.3186
2026-08-06 19:44:23 INFO  scripts.synthetic_model_comparison.training.evaluation | evaluating on 4 batches
2026-08-06 19:44:28 INFO  scripts.synthetic_model_comparison.training.training_pipeline | epoch 55/200 — val mAP50=0.8317 mAP50_95=0.4493 (selection mAP50_95=0.4493)
2026-08-06 19:44:29 INFO  scripts.synthetic_model_comparison.training.evaluation | mlflow: logged val/mAP50=0.8317 val/mAP50_95=0.4493 (step=54)
2026-08-06 19:44:29 INFO  scripts.synthetic_model_comparison.training.evaluation | mlflow: logged val per-class AP table (12 classes)
2026-08-06 19:44:30 INFO  scripts.synthetic_model_comparison.training.training_pipeline | saved checkpoint: /home/debian/Master-Thesis/scripts/synthetic_model_comparison/training/model_exports/yolo26n-gpt-image-2-low-compressed-seed42-20260806-192648/last.pt
2026-08-06 19:44:30 INFO  scripts.synthetic_model_comparison.training.training_pipeline | epoch 55/200 done — next lr=0.00837484, epochs_since_improve=8/20
2026-08-06 19:44:30 INFO  scripts.synthetic_model_comparison.training.training_pipeline | epoch 56/200 — train start (lr=0.00837484, batches=15)
2026-08-06 19:44:41 INFO  scripts.synthetic_model_comparison.training.training_pipeline | epoch 56/200 — train done in 10.9s | avg loss_box=1.1040 loss_cls=0.8057 loss_dfl=0.0324 loss_total=118.3010
2026-08-06 19:44:41 INFO  scripts.synthetic_model_comparison.training.evaluation | evaluating on 4 batches
2026-08-06 19:44:47 INFO  scripts.synthetic_model_comparison.training.training_pipeline | epoch 56/200 — val mAP50=0.8782 mAP50_95=0.6025 (selection mAP50_95=0.6025)
2026-08-06 19:44:47 INFO  scripts.synthetic_model_comparison.training.evaluation | mlflow: logged val/mAP50=0.8782 val/mAP50_95=0.6025 (step=55)
2026-08-06 19:44:48 INFO  scripts.synthetic_model_comparison.training.evaluation | mlflow: logged val per-class AP table (12 classes)
2026-08-06 19:44:48 INFO  scripts.synthetic_model_comparison.training.training_pipeline | saved checkpoint: /home/debian/Master-Thesis/scripts/synthetic_model_comparison/training/model_exports/yolo26n-gpt-image-2-low-compressed-seed42-20260806-192648/best.pt
2026-08-06 19:44:48 INFO  scripts.synthetic_model_comparison.training.training_pipeline | new best mAP50_95=0.6025 at epoch 56
2026-08-06 19:44:48 INFO  scripts.synthetic_model_comparison.training.training_pipeline | saved checkpoint: /home/debian/Master-Thesis/scripts/synthetic_model_comparison/training/model_exports/yolo26n-gpt-image-2-low-compressed-seed42-20260806-192648/last.pt
2026-08-06 19:44:48 INFO  scripts.synthetic_model_comparison.training.training_pipeline | epoch 56/200 done — next lr=0.00831562, epochs_since_improve=0/20
2026-08-06 19:44:48 INFO  scripts.synthetic_model_comparison.training.training_pipeline | epoch 57/200 — train start (lr=0.00831562, batches=15)
2026-08-06 19:44:58 INFO  scripts.synthetic_model_comparison.training.training_pipeline | step 850 | loss_box=1.1847 loss_cls=0.8905 loss_dfl=0.0313 loss_total=126.7911 lr=0.00827165
2026-08-06 19:45:01 INFO  scripts.synthetic_model_comparison.training.training_pipeline | epoch 57/200 — train done in 13.3s | avg loss_box=1.1239 loss_cls=0.7811 loss_dfl=0.0332 loss_total=118.2314
2026-08-06 19:45:01 INFO  scripts.synthetic_model_comparison.training.evaluation | evaluating on 4 batches
2026-08-06 19:45:07 INFO  scripts.synthetic_model_comparison.training.training_pipeline | epoch 57/200 — val mAP50=0.8871 mAP50_95=0.6218 (selection mAP50_95=0.6218)
2026-08-06 19:45:08 INFO  scripts.synthetic_model_comparison.training.evaluation | mlflow: logged val/mAP50=0.8871 val/mAP50_95=0.6218 (step=56)
2026-08-06 19:45:08 INFO  scripts.synthetic_model_comparison.training.evaluation | mlflow: logged val per-class AP table (12 classes)
2026-08-06 19:45:08 INFO  scripts.synthetic_model_comparison.training.training_pipeline | saved checkpoint: /home/debian/Master-Thesis/scripts/synthetic_model_comparison/training/model_exports/yolo26n-gpt-image-2-low-compressed-seed42-20260806-192648/best.pt
2026-08-06 19:45:08 INFO  scripts.synthetic_model_comparison.training.training_pipeline | new best mAP50_95=0.6218 at epoch 57
2026-08-06 19:45:08 INFO  scripts.synthetic_model_comparison.training.training_pipeline | saved checkpoint: /home/debian/Master-Thesis/scripts/synthetic_model_comparison/training/model_exports/yolo26n-gpt-image-2-low-compressed-seed42-20260806-192648/last.pt
2026-08-06 19:45:09 INFO  scripts.synthetic_model_comparison.training.training_pipeline | epoch 57/200 done — next lr=0.00825555, epochs_since_improve=0/20
2026-08-06 19:45:09 INFO  scripts.synthetic_model_comparison.training.training_pipeline | epoch 58/200 — train start (lr=0.00825555, batches=15)
2026-08-06 19:45:21 INFO  scripts.synthetic_model_comparison.training.training_pipeline | epoch 58/200 — train done in 11.8s | avg loss_box=1.0858 loss_cls=0.7970 loss_dfl=0.0319 loss_total=116.5385
2026-08-06 19:45:21 INFO  scripts.synthetic_model_comparison.training.evaluation | evaluating on 4 batches
2026-08-06 19:45:26 INFO  scripts.synthetic_model_comparison.training.training_pipeline | epoch 58/200 — val mAP50=0.8735 mAP50_95=0.5812 (selection mAP50_95=0.5812)
2026-08-06 19:45:27 INFO  scripts.synthetic_model_comparison.training.evaluation | mlflow: logged val/mAP50=0.8735 val/mAP50_95=0.5812 (step=57)
2026-08-06 19:45:27 INFO  scripts.synthetic_model_comparison.training.evaluation | mlflow: logged val per-class AP table (12 classes)
2026-08-06 19:45:28 INFO  scripts.synthetic_model_comparison.training.training_pipeline | saved checkpoint: /home/debian/Master-Thesis/scripts/synthetic_model_comparison/training/model_exports/yolo26n-gpt-image-2-low-compressed-seed42-20260806-192648/last.pt
2026-08-06 19:45:28 INFO  scripts.synthetic_model_comparison.training.training_pipeline | epoch 58/200 done — next lr=0.00819466, epochs_since_improve=1/20
2026-08-06 19:45:28 INFO  scripts.synthetic_model_comparison.training.training_pipeline | epoch 59/200 — train start (lr=0.00819466, batches=15)
2026-08-06 19:45:39 INFO  scripts.synthetic_model_comparison.training.training_pipeline | epoch 59/200 — train done in 11.3s | avg loss_box=1.0857 loss_cls=0.7803 loss_dfl=0.0322 loss_total=116.4900
2026-08-06 19:45:39 INFO  scripts.synthetic_model_comparison.training.evaluation | evaluating on 4 batches
2026-08-06 19:45:45 INFO  scripts.synthetic_model_comparison.training.training_pipeline | epoch 59/200 — val mAP50=0.8753 mAP50_95=0.5939 (selection mAP50_95=0.5939)
2026-08-06 19:45:45 INFO  scripts.synthetic_model_comparison.training.evaluation | mlflow: logged val/mAP50=0.8753 val/mAP50_95=0.5939 (step=58)
2026-08-06 19:45:46 INFO  scripts.synthetic_model_comparison.training.evaluation | mlflow: logged val per-class AP table (12 classes)
2026-08-06 19:45:46 INFO  scripts.synthetic_model_comparison.training.training_pipeline | saved checkpoint: /home/debian/Master-Thesis/scripts/synthetic_model_comparison/training/model_exports/yolo26n-gpt-image-2-low-compressed-seed42-20260806-192648/last.pt
2026-08-06 19:45:46 INFO  scripts.synthetic_model_comparison.training.training_pipeline | epoch 59/200 done — next lr=0.00813295, epochs_since_improve=2/20
2026-08-06 19:45:46 INFO  scripts.synthetic_model_comparison.training.training_pipeline | epoch 60/200 — train start (lr=0.00813295, batches=15)
2026-08-06 19:45:58 INFO  scripts.synthetic_model_comparison.training.training_pipeline | epoch 60/200 — train done in 11.9s | avg loss_box=1.0530 loss_cls=0.7423 loss_dfl=0.0310 loss_total=112.0933
2026-08-06 19:45:58 INFO  scripts.synthetic_model_comparison.training.evaluation | evaluating on 4 batches
2026-08-06 19:46:04 INFO  scripts.synthetic_model_comparison.training.training_pipeline | epoch 60/200 — val mAP50=0.8512 mAP50_95=0.5628 (selection mAP50_95=0.5628)
2026-08-06 19:46:04 INFO  scripts.synthetic_model_comparison.training.evaluation | mlflow: logged val/mAP50=0.8512 val/mAP50_95=0.5628 (step=59)
2026-08-06 19:46:05 INFO  scripts.synthetic_model_comparison.training.evaluation | mlflow: logged val per-class AP table (12 classes)
2026-08-06 19:46:05 INFO  scripts.synthetic_model_comparison.training.training_pipeline | saved checkpoint: /home/debian/Master-Thesis/scripts/synthetic_model_comparison/training/model_exports/yolo26n-gpt-image-2-low-compressed-seed42-20260806-192648/last.pt
2026-08-06 19:46:05 INFO  scripts.synthetic_model_comparison.training.training_pipeline | epoch 60/200 done — next lr=0.00807046, epochs_since_improve=3/20
2026-08-06 19:46:05 INFO  scripts.synthetic_model_comparison.training.training_pipeline | epoch 61/200 — train start (lr=0.00807046, batches=15)
2026-08-06 19:46:11 INFO  scripts.synthetic_model_comparison.training.training_pipeline | step 900 | loss_box=1.0149 loss_cls=0.6445 loss_dfl=0.0300 loss_total=105.3463 lr=0.00806626
2026-08-06 19:46:18 INFO  scripts.synthetic_model_comparison.training.training_pipeline | epoch 61/200 — train done in 13.0s | avg loss_box=1.0479 loss_cls=0.7414 loss_dfl=0.0307 loss_total=111.1326
2026-08-06 19:46:18 INFO  scripts.synthetic_model_comparison.training.evaluation | evaluating on 4 batches
2026-08-06 19:46:24 INFO  scripts.synthetic_model_comparison.training.training_pipeline | epoch 61/200 — val mAP50=0.8678 mAP50_95=0.5634 (selection mAP50_95=0.5634)
2026-08-06 19:46:25 INFO  scripts.synthetic_model_comparison.training.evaluation | mlflow: logged val/mAP50=0.8678 val/mAP50_95=0.5634 (step=60)
2026-08-06 19:46:25 INFO  scripts.synthetic_model_comparison.training.evaluation | mlflow: logged val per-class AP table (12 classes)
2026-08-06 19:46:25 INFO  scripts.synthetic_model_comparison.training.training_pipeline | saved checkpoint: /home/debian/Master-Thesis/scripts/synthetic_model_comparison/training/model_exports/yolo26n-gpt-image-2-low-compressed-seed42-20260806-192648/last.pt
2026-08-06 19:46:25 INFO  scripts.synthetic_model_comparison.training.training_pipeline | epoch 61/200 done — next lr=0.00800718, epochs_since_improve=4/20
2026-08-06 19:46:25 INFO  scripts.synthetic_model_comparison.training.training_pipeline | epoch 62/200 — train start (lr=0.00800718, batches=15)
2026-08-06 19:46:37 INFO  scripts.synthetic_model_comparison.training.training_pipeline | epoch 62/200 — train done in 11.3s | avg loss_box=1.0759 loss_cls=0.7192 loss_dfl=0.0325 loss_total=112.1970
2026-08-06 19:46:37 INFO  scripts.synthetic_model_comparison.training.evaluation | evaluating on 4 batches
2026-08-06 19:46:42 INFO  scripts.synthetic_model_comparison.training.training_pipeline | epoch 62/200 — val mAP50=0.8343 mAP50_95=0.5388 (selection mAP50_95=0.5388)
2026-08-06 19:46:43 INFO  scripts.synthetic_model_comparison.training.evaluation | mlflow: logged val/mAP50=0.8343 val/mAP50_95=0.5388 (step=61)
2026-08-06 19:46:43 INFO  scripts.synthetic_model_comparison.training.evaluation | mlflow: logged val per-class AP table (12 classes)
2026-08-06 19:46:44 INFO  scripts.synthetic_model_comparison.training.training_pipeline | saved checkpoint: /home/debian/Master-Thesis/scripts/synthetic_model_comparison/training/model_exports/yolo26n-gpt-image-2-low-compressed-seed42-20260806-192648/last.pt
2026-08-06 19:46:44 INFO  scripts.synthetic_model_comparison.training.training_pipeline | epoch 62/200 done — next lr=0.00794314, epochs_since_improve=5/20
2026-08-06 19:46:44 INFO  scripts.synthetic_model_comparison.training.training_pipeline | epoch 63/200 — train start (lr=0.00794314, batches=15)
2026-08-06 19:46:56 INFO  scripts.synthetic_model_comparison.training.training_pipeline | epoch 63/200 — train done in 11.6s | avg loss_box=1.0374 loss_cls=0.6982 loss_dfl=0.0304 loss_total=109.4165
2026-08-06 19:46:56 INFO  scripts.synthetic_model_comparison.training.evaluation | evaluating on 4 batches
2026-08-06 19:47:01 INFO  scripts.synthetic_model_comparison.training.training_pipeline | epoch 63/200 — val mAP50=0.8771 mAP50_95=0.5959 (selection mAP50_95=0.5959)
2026-08-06 19:47:02 INFO  scripts.synthetic_model_comparison.training.evaluation | mlflow: logged val/mAP50=0.8771 val/mAP50_95=0.5959 (step=62)
2026-08-06 19:47:02 INFO  scripts.synthetic_model_comparison.training.evaluation | mlflow: logged val per-class AP table (12 classes)
2026-08-06 19:47:02 INFO  scripts.synthetic_model_comparison.training.training_pipeline | saved checkpoint: /home/debian/Master-Thesis/scripts/synthetic_model_comparison/training/model_exports/yolo26n-gpt-image-2-low-compressed-seed42-20260806-192648/last.pt
2026-08-06 19:47:03 INFO  scripts.synthetic_model_comparison.training.training_pipeline | epoch 63/200 done — next lr=0.00787835, epochs_since_improve=6/20
2026-08-06 19:47:03 INFO  scripts.synthetic_model_comparison.training.training_pipeline | epoch 64/200 — train start (lr=0.00787835, batches=15)
2026-08-06 19:47:11 INFO  scripts.synthetic_model_comparison.training.training_pipeline | step 950 | loss_box=1.1592 loss_cls=0.7463 loss_dfl=0.0356 loss_total=115.6429 lr=0.00785222
2026-08-06 19:47:16 INFO  scripts.synthetic_model_comparison.training.training_pipeline | epoch 64/200 — train done in 13.2s | avg loss_box=1.0577 loss_cls=0.7005 loss_dfl=0.0302 loss_total=110.6581
2026-08-06 19:47:16 INFO  scripts.synthetic_model_comparison.training.evaluation | evaluating on 4 batches
2026-08-06 19:47:22 INFO  scripts.synthetic_model_comparison.training.training_pipeline | epoch 64/200 — val mAP50=0.8751 mAP50_95=0.6147 (selection mAP50_95=0.6147)
2026-08-06 19:47:22 INFO  scripts.synthetic_model_comparison.training.evaluation | mlflow: logged val/mAP50=0.8751 val/mAP50_95=0.6147 (step=63)
2026-08-06 19:47:23 INFO  scripts.synthetic_model_comparison.training.evaluation | mlflow: logged val per-class AP table (12 classes)
2026-08-06 19:47:23 INFO  scripts.synthetic_model_comparison.training.training_pipeline | saved checkpoint: /home/debian/Master-Thesis/scripts/synthetic_model_comparison/training/model_exports/yolo26n-gpt-image-2-low-compressed-seed42-20260806-192648/last.pt
2026-08-06 19:47:23 INFO  scripts.synthetic_model_comparison.training.training_pipeline | epoch 64/200 done — next lr=0.00781283, epochs_since_improve=7/20
2026-08-06 19:47:23 INFO  scripts.synthetic_model_comparison.training.training_pipeline | epoch 65/200 — train start (lr=0.00781283, batches=15)
2026-08-06 19:47:35 INFO  scripts.synthetic_model_comparison.training.training_pipeline | epoch 65/200 — train done in 11.6s | avg loss_box=1.0064 loss_cls=0.6721 loss_dfl=0.0293 loss_total=105.5497
2026-08-06 19:47:35 INFO  scripts.synthetic_model_comparison.training.evaluation | evaluating on 4 batches
2026-08-06 19:47:41 INFO  scripts.synthetic_model_comparison.training.training_pipeline | epoch 65/200 — val mAP50=0.9096 mAP50_95=0.5881 (selection mAP50_95=0.5881)
2026-08-06 19:47:41 INFO  scripts.synthetic_model_comparison.training.evaluation | mlflow: logged val/mAP50=0.9096 val/mAP50_95=0.5881 (step=64)
2026-08-06 19:47:42 INFO  scripts.synthetic_model_comparison.training.evaluation | mlflow: logged val per-class AP table (12 classes)
2026-08-06 19:47:42 INFO  scripts.synthetic_model_comparison.training.training_pipeline | saved checkpoint: /home/debian/Master-Thesis/scripts/synthetic_model_comparison/training/model_exports/yolo26n-gpt-image-2-low-compressed-seed42-20260806-192648/last.pt
2026-08-06 19:47:42 INFO  scripts.synthetic_model_comparison.training.training_pipeline | epoch 65/200 done — next lr=0.00774659, epochs_since_improve=8/20
2026-08-06 19:47:42 INFO  scripts.synthetic_model_comparison.training.training_pipeline | epoch 66/200 — train start (lr=0.00774659, batches=15)
2026-08-06 19:47:54 INFO  scripts.synthetic_model_comparison.training.training_pipeline | epoch 66/200 — train done in 11.6s | avg loss_box=1.0165 loss_cls=0.6900 loss_dfl=0.0290 loss_total=106.4702
2026-08-06 19:47:54 INFO  scripts.synthetic_model_comparison.training.evaluation | evaluating on 4 batches
2026-08-06 19:47:59 INFO  scripts.synthetic_model_comparison.training.training_pipeline | epoch 66/200 — val mAP50=0.8923 mAP50_95=0.6380 (selection mAP50_95=0.6380)
2026-08-06 19:48:00 INFO  scripts.synthetic_model_comparison.training.evaluation | mlflow: logged val/mAP50=0.8923 val/mAP50_95=0.6380 (step=65)
2026-08-06 19:48:00 INFO  scripts.synthetic_model_comparison.training.evaluation | mlflow: logged val per-class AP table (12 classes)
2026-08-06 19:48:01 INFO  scripts.synthetic_model_comparison.training.training_pipeline | saved checkpoint: /home/debian/Master-Thesis/scripts/synthetic_model_comparison/training/model_exports/yolo26n-gpt-image-2-low-compressed-seed42-20260806-192648/best.pt
2026-08-06 19:48:01 INFO  scripts.synthetic_model_comparison.training.training_pipeline | new best mAP50_95=0.6380 at epoch 66
2026-08-06 19:48:01 INFO  scripts.synthetic_model_comparison.training.training_pipeline | saved checkpoint: /home/debian/Master-Thesis/scripts/synthetic_model_comparison/training/model_exports/yolo26n-gpt-image-2-low-compressed-seed42-20260806-192648/last.pt
2026-08-06 19:48:01 INFO  scripts.synthetic_model_comparison.training.training_pipeline | epoch 66/200 done — next lr=0.00767966, epochs_since_improve=0/20
2026-08-06 19:48:01 INFO  scripts.synthetic_model_comparison.training.training_pipeline | epoch 67/200 — train start (lr=0.00767966, batches=15)
2026-08-06 19:48:12 INFO  scripts.synthetic_model_comparison.training.training_pipeline | step 1000 | loss_box=1.0366 loss_cls=0.8143 loss_dfl=0.0309 loss_total=111.7060 lr=0.00763015
2026-08-06 19:48:15 INFO  scripts.synthetic_model_comparison.training.training_pipeline | epoch 67/200 — train done in 13.7s | avg loss_box=1.0168 loss_cls=0.6871 loss_dfl=0.0295 loss_total=106.5606
2026-08-06 19:48:15 INFO  scripts.synthetic_model_comparison.training.evaluation | evaluating on 4 batches
2026-08-06 19:48:21 INFO  scripts.synthetic_model_comparison.training.training_pipeline | epoch 67/200 — val mAP50=0.8995 mAP50_95=0.6540 (selection mAP50_95=0.6540)
2026-08-06 19:48:21 INFO  scripts.synthetic_model_comparison.training.evaluation | mlflow: logged val/mAP50=0.8995 val/mAP50_95=0.6540 (step=66)
2026-08-06 19:48:22 INFO  scripts.synthetic_model_comparison.training.evaluation | mlflow: logged val per-class AP table (12 classes)
2026-08-06 19:48:22 INFO  scripts.synthetic_model_comparison.training.training_pipeline | saved checkpoint: /home/debian/Master-Thesis/scripts/synthetic_model_comparison/training/model_exports/yolo26n-gpt-image-2-low-compressed-seed42-20260806-192648/best.pt
2026-08-06 19:48:22 INFO  scripts.synthetic_model_comparison.training.training_pipeline | new best mAP50_95=0.6540 at epoch 67
2026-08-06 19:48:22 INFO  scripts.synthetic_model_comparison.training.training_pipeline | saved checkpoint: /home/debian/Master-Thesis/scripts/synthetic_model_comparison/training/model_exports/yolo26n-gpt-image-2-low-compressed-seed42-20260806-192648/last.pt
2026-08-06 19:48:22 INFO  scripts.synthetic_model_comparison.training.training_pipeline | epoch 67/200 done — next lr=0.00761205, epochs_since_improve=0/20
2026-08-06 19:48:22 INFO  scripts.synthetic_model_comparison.training.training_pipeline | epoch 68/200 — train start (lr=0.00761205, batches=15)
2026-08-06 19:48:34 INFO  scripts.synthetic_model_comparison.training.training_pipeline | epoch 68/200 — train done in 11.4s | avg loss_box=1.0088 loss_cls=0.6608 loss_dfl=0.0293 loss_total=105.4010
2026-08-06 19:48:34 INFO  scripts.synthetic_model_comparison.training.evaluation | evaluating on 4 batches
2026-08-06 19:48:39 INFO  scripts.synthetic_model_comparison.training.training_pipeline | epoch 68/200 — val mAP50=0.8959 mAP50_95=0.6303 (selection mAP50_95=0.6303)
2026-08-06 19:48:40 INFO  scripts.synthetic_model_comparison.training.evaluation | mlflow: logged val/mAP50=0.8959 val/mAP50_95=0.6303 (step=67)
2026-08-06 19:48:40 INFO  scripts.synthetic_model_comparison.training.evaluation | mlflow: logged val per-class AP table (12 classes)
2026-08-06 19:48:40 INFO  scripts.synthetic_model_comparison.training.training_pipeline | saved checkpoint: /home/debian/Master-Thesis/scripts/synthetic_model_comparison/training/model_exports/yolo26n-gpt-image-2-low-compressed-seed42-20260806-192648/last.pt
2026-08-06 19:48:41 INFO  scripts.synthetic_model_comparison.training.training_pipeline | epoch 68/200 done — next lr=0.00754378, epochs_since_improve=1/20
2026-08-06 19:48:41 INFO  scripts.synthetic_model_comparison.training.training_pipeline | epoch 69/200 — train start (lr=0.00754378, batches=15)
2026-08-06 19:48:53 INFO  scripts.synthetic_model_comparison.training.training_pipeline | epoch 69/200 — train done in 12.0s | avg loss_box=0.9664 loss_cls=0.6817 loss_dfl=0.0283 loss_total=102.8968
2026-08-06 19:48:53 INFO  scripts.synthetic_model_comparison.training.evaluation | evaluating on 4 batches
2026-08-06 19:48:58 INFO  scripts.synthetic_model_comparison.training.training_pipeline | epoch 69/200 — val mAP50=0.8865 mAP50_95=0.6513 (selection mAP50_95=0.6513)
2026-08-06 19:48:59 INFO  scripts.synthetic_model_comparison.training.evaluation | mlflow: logged val/mAP50=0.8865 val/mAP50_95=0.6513 (step=68)
2026-08-06 19:48:59 INFO  scripts.synthetic_model_comparison.training.evaluation | mlflow: logged val per-class AP table (12 classes)
2026-08-06 19:48:59 INFO  scripts.synthetic_model_comparison.training.training_pipeline | saved checkpoint: /home/debian/Master-Thesis/scripts/synthetic_model_comparison/training/model_exports/yolo26n-gpt-image-2-low-compressed-seed42-20260806-192648/last.pt
2026-08-06 19:49:00 INFO  scripts.synthetic_model_comparison.training.training_pipeline | epoch 69/200 done — next lr=0.00747486, epochs_since_improve=2/20
2026-08-06 19:49:00 INFO  scripts.synthetic_model_comparison.training.training_pipeline | epoch 70/200 — train start (lr=0.00747486, batches=15)
2026-08-06 19:49:12 INFO  scripts.synthetic_model_comparison.training.training_pipeline | epoch 70/200 — train done in 11.8s | avg loss_box=0.9689 loss_cls=0.6523 loss_dfl=0.0283 loss_total=102.1555
2026-08-06 19:49:12 INFO  scripts.synthetic_model_comparison.training.evaluation | evaluating on 4 batches
2026-08-06 19:49:17 INFO  scripts.synthetic_model_comparison.training.training_pipeline | epoch 70/200 — val mAP50=0.8851 mAP50_95=0.6226 (selection mAP50_95=0.6226)
2026-08-06 19:49:18 INFO  scripts.synthetic_model_comparison.training.evaluation | mlflow: logged val/mAP50=0.8851 val/mAP50_95=0.6226 (step=69)
2026-08-06 19:49:18 INFO  scripts.synthetic_model_comparison.training.evaluation | mlflow: logged val per-class AP table (12 classes)
2026-08-06 19:49:18 INFO  scripts.synthetic_model_comparison.training.training_pipeline | saved checkpoint: /home/debian/Master-Thesis/scripts/synthetic_model_comparison/training/model_exports/yolo26n-gpt-image-2-low-compressed-seed42-20260806-192648/last.pt
2026-08-06 19:49:19 INFO  scripts.synthetic_model_comparison.training.training_pipeline | epoch 70/200 done — next lr=0.00740531, epochs_since_improve=3/20
2026-08-06 19:49:19 INFO  scripts.synthetic_model_comparison.training.training_pipeline | epoch 71/200 — train start (lr=0.00740531, batches=15)
2026-08-06 19:49:25 INFO  scripts.synthetic_model_comparison.training.training_pipeline | step 1050 | loss_box=0.9196 loss_cls=0.6298 loss_dfl=0.0252 loss_total=96.7667 lr=0.00740065
2026-08-06 19:49:32 INFO  scripts.synthetic_model_comparison.training.training_pipeline | epoch 71/200 — train done in 13.2s | avg loss_box=0.9795 loss_cls=0.6604 loss_dfl=0.0279 loss_total=102.2221
2026-08-06 19:49:32 INFO  scripts.synthetic_model_comparison.training.evaluation | evaluating on 4 batches
2026-08-06 19:49:38 INFO  scripts.synthetic_model_comparison.training.training_pipeline | epoch 71/200 — val mAP50=0.9068 mAP50_95=0.6501 (selection mAP50_95=0.6501)
2026-08-06 19:49:38 INFO  scripts.synthetic_model_comparison.training.evaluation | mlflow: logged val/mAP50=0.9068 val/mAP50_95=0.6501 (step=70)
2026-08-06 19:49:39 INFO  scripts.synthetic_model_comparison.training.evaluation | mlflow: logged val per-class AP table (12 classes)
2026-08-06 19:49:39 INFO  scripts.synthetic_model_comparison.training.training_pipeline | saved checkpoint: /home/debian/Master-Thesis/scripts/synthetic_model_comparison/training/model_exports/yolo26n-gpt-image-2-low-compressed-seed42-20260806-192648/last.pt
2026-08-06 19:49:39 INFO  scripts.synthetic_model_comparison.training.training_pipeline | epoch 71/200 done — next lr=0.00733515, epochs_since_improve=4/20
2026-08-06 19:49:39 INFO  scripts.synthetic_model_comparison.training.training_pipeline | epoch 72/200 — train start (lr=0.00733515, batches=15)
2026-08-06 19:49:51 INFO  scripts.synthetic_model_comparison.training.training_pipeline | epoch 72/200 — train done in 11.7s | avg loss_box=0.9378 loss_cls=0.6669 loss_dfl=0.0276 loss_total=100.0131
2026-08-06 19:49:51 INFO  scripts.synthetic_model_comparison.training.evaluation | evaluating on 4 batches
2026-08-06 19:49:57 INFO  scripts.synthetic_model_comparison.training.training_pipeline | epoch 72/200 — val mAP50=0.9105 mAP50_95=0.6747 (selection mAP50_95=0.6747)
2026-08-06 19:49:57 INFO  scripts.synthetic_model_comparison.training.evaluation | mlflow: logged val/mAP50=0.9105 val/mAP50_95=0.6747 (step=71)
2026-08-06 19:49:58 INFO  scripts.synthetic_model_comparison.training.evaluation | mlflow: logged val per-class AP table (12 classes)
2026-08-06 19:49:58 INFO  scripts.synthetic_model_comparison.training.training_pipeline | saved checkpoint: /home/debian/Master-Thesis/scripts/synthetic_model_comparison/training/model_exports/yolo26n-gpt-image-2-low-compressed-seed42-20260806-192648/best.pt
2026-08-06 19:49:58 INFO  scripts.synthetic_model_comparison.training.training_pipeline | new best mAP50_95=0.6747 at epoch 72
2026-08-06 19:49:58 INFO  scripts.synthetic_model_comparison.training.training_pipeline | saved checkpoint: /home/debian/Master-Thesis/scripts/synthetic_model_comparison/training/model_exports/yolo26n-gpt-image-2-low-compressed-seed42-20260806-192648/last.pt
2026-08-06 19:49:58 INFO  scripts.synthetic_model_comparison.training.training_pipeline | epoch 72/200 done — next lr=0.0072644, epochs_since_improve=0/20
2026-08-06 19:49:58 INFO  scripts.synthetic_model_comparison.training.training_pipeline | epoch 73/200 — train start (lr=0.0072644, batches=15)
2026-08-06 19:50:10 INFO  scripts.synthetic_model_comparison.training.training_pipeline | epoch 73/200 — train done in 11.6s | avg loss_box=0.9476 loss_cls=0.6048 loss_dfl=0.0274 loss_total=97.7783
2026-08-06 19:50:10 INFO  scripts.synthetic_model_comparison.training.evaluation | evaluating on 4 batches
2026-08-06 19:50:16 INFO  scripts.synthetic_model_comparison.training.training_pipeline | epoch 73/200 — val mAP50=0.9067 mAP50_95=0.6608 (selection mAP50_95=0.6608)
2026-08-06 19:50:16 INFO  scripts.synthetic_model_comparison.training.evaluation | mlflow: logged val/mAP50=0.9067 val/mAP50_95=0.6608 (step=72)
2026-08-06 19:50:17 INFO  scripts.synthetic_model_comparison.training.evaluation | mlflow: logged val per-class AP table (12 classes)
2026-08-06 19:50:17 INFO  scripts.synthetic_model_comparison.training.training_pipeline | saved checkpoint: /home/debian/Master-Thesis/scripts/synthetic_model_comparison/training/model_exports/yolo26n-gpt-image-2-low-compressed-seed42-20260806-192648/last.pt
2026-08-06 19:50:17 INFO  scripts.synthetic_model_comparison.training.training_pipeline | epoch 73/200 done — next lr=0.00719307, epochs_since_improve=1/20
2026-08-06 19:50:17 INFO  scripts.synthetic_model_comparison.training.training_pipeline | epoch 74/200 — train start (lr=0.00719307, batches=15)
2026-08-06 19:50:25 INFO  scripts.synthetic_model_comparison.training.training_pipeline | step 1100 | loss_box=0.8798 loss_cls=0.6362 loss_dfl=0.0248 loss_total=93.8315 lr=0.00716439
2026-08-06 19:50:30 INFO  scripts.synthetic_model_comparison.training.training_pipeline | epoch 74/200 — train done in 13.3s | avg loss_box=0.9211 loss_cls=0.6497 loss_dfl=0.0262 loss_total=98.2438
2026-08-06 19:50:30 INFO  scripts.synthetic_model_comparison.training.evaluation | evaluating on 4 batches
2026-08-06 19:50:36 INFO  scripts.synthetic_model_comparison.training.training_pipeline | epoch 74/200 — val mAP50=0.9285 mAP50_95=0.6675 (selection mAP50_95=0.6675)
2026-08-06 19:50:37 INFO  scripts.synthetic_model_comparison.training.evaluation | mlflow: logged val/mAP50=0.9285 val/mAP50_95=0.6675 (step=73)
2026-08-06 19:50:37 INFO  scripts.synthetic_model_comparison.training.evaluation | mlflow: logged val per-class AP table (12 classes)
2026-08-06 19:50:37 INFO  scripts.synthetic_model_comparison.training.training_pipeline | saved checkpoint: /home/debian/Master-Thesis/scripts/synthetic_model_comparison/training/model_exports/yolo26n-gpt-image-2-low-compressed-seed42-20260806-192648/last.pt
2026-08-06 19:50:38 INFO  scripts.synthetic_model_comparison.training.training_pipeline | epoch 74/200 done — next lr=0.00712119, epochs_since_improve=2/20
2026-08-06 19:50:38 INFO  scripts.synthetic_model_comparison.training.training_pipeline | epoch 75/200 — train start (lr=0.00712119, batches=15)
2026-08-06 19:50:49 INFO  scripts.synthetic_model_comparison.training.training_pipeline | epoch 75/200 — train done in 11.6s | avg loss_box=0.9122 loss_cls=0.5996 loss_dfl=0.0264 loss_total=94.9471
2026-08-06 19:50:49 INFO  scripts.synthetic_model_comparison.training.evaluation | evaluating on 4 batches
2026-08-06 19:50:55 INFO  scripts.synthetic_model_comparison.training.training_pipeline | epoch 75/200 — val mAP50=0.9192 mAP50_95=0.6692 (selection mAP50_95=0.6692)
2026-08-06 19:50:56 INFO  scripts.synthetic_model_comparison.training.evaluation | mlflow: logged val/mAP50=0.9192 val/mAP50_95=0.6692 (step=74)
2026-08-06 19:50:56 INFO  scripts.synthetic_model_comparison.training.evaluation | mlflow: logged val per-class AP table (12 classes)
2026-08-06 19:50:56 INFO  scripts.synthetic_model_comparison.training.training_pipeline | saved checkpoint: /home/debian/Master-Thesis/scripts/synthetic_model_comparison/training/model_exports/yolo26n-gpt-image-2-low-compressed-seed42-20260806-192648/last.pt
2026-08-06 19:50:57 INFO  scripts.synthetic_model_comparison.training.training_pipeline | epoch 75/200 done — next lr=0.00704877, epochs_since_improve=3/20
2026-08-06 19:50:57 INFO  scripts.synthetic_model_comparison.training.training_pipeline | epoch 76/200 — train start (lr=0.00704877, batches=15)
2026-08-06 19:51:08 INFO  scripts.synthetic_model_comparison.training.training_pipeline | epoch 76/200 — train done in 11.5s | avg loss_box=0.9195 loss_cls=0.6003 loss_dfl=0.0265 loss_total=95.7816
2026-08-06 19:51:08 INFO  scripts.synthetic_model_comparison.training.evaluation | evaluating on 4 batches
2026-08-06 19:51:14 INFO  scripts.synthetic_model_comparison.training.training_pipeline | epoch 76/200 — val mAP50=0.8878 mAP50_95=0.6678 (selection mAP50_95=0.6678)
2026-08-06 19:51:14 INFO  scripts.synthetic_model_comparison.training.evaluation | mlflow: logged val/mAP50=0.8878 val/mAP50_95=0.6678 (step=75)
2026-08-06 19:51:15 INFO  scripts.synthetic_model_comparison.training.evaluation | mlflow: logged val per-class AP table (12 classes)
2026-08-06 19:51:15 INFO  scripts.synthetic_model_comparison.training.training_pipeline | saved checkpoint: /home/debian/Master-Thesis/scripts/synthetic_model_comparison/training/model_exports/yolo26n-gpt-image-2-low-compressed-seed42-20260806-192648/last.pt
2026-08-06 19:51:15 INFO  scripts.synthetic_model_comparison.training.training_pipeline | epoch 76/200 done — next lr=0.00697583, epochs_since_improve=4/20
2026-08-06 19:51:15 INFO  scripts.synthetic_model_comparison.training.training_pipeline | epoch 77/200 — train start (lr=0.00697583, batches=15)
2026-08-06 19:51:26 INFO  scripts.synthetic_model_comparison.training.training_pipeline | step 1150 | loss_box=0.8270 loss_cls=0.5115 loss_dfl=0.0249 loss_total=88.2099 lr=0.00692202
2026-08-06 19:51:29 INFO  scripts.synthetic_model_comparison.training.training_pipeline | epoch 77/200 — train done in 13.5s | avg loss_box=0.9209 loss_cls=0.6154 loss_dfl=0.0266 loss_total=96.0331
2026-08-06 19:51:29 INFO  scripts.synthetic_model_comparison.training.evaluation | evaluating on 4 batches
2026-08-06 19:51:34 INFO  scripts.synthetic_model_comparison.training.training_pipeline | epoch 77/200 — val mAP50=0.9009 mAP50_95=0.5840 (selection mAP50_95=0.5840)
2026-08-06 19:51:35 INFO  scripts.synthetic_model_comparison.training.evaluation | mlflow: logged val/mAP50=0.9009 val/mAP50_95=0.5840 (step=76)
2026-08-06 19:51:35 INFO  scripts.synthetic_model_comparison.training.evaluation | mlflow: logged val per-class AP table (12 classes)
2026-08-06 19:51:36 INFO  scripts.synthetic_model_comparison.training.training_pipeline | saved checkpoint: /home/debian/Master-Thesis/scripts/synthetic_model_comparison/training/model_exports/yolo26n-gpt-image-2-low-compressed-seed42-20260806-192648/last.pt
2026-08-06 19:51:36 INFO  scripts.synthetic_model_comparison.training.training_pipeline | epoch 77/200 done — next lr=0.00690239, epochs_since_improve=5/20
2026-08-06 19:51:36 INFO  scripts.synthetic_model_comparison.training.training_pipeline | epoch 78/200 — train start (lr=0.00690239, batches=15)
2026-08-06 19:51:48 INFO  scripts.synthetic_model_comparison.training.training_pipeline | epoch 78/200 — train done in 11.6s | avg loss_box=0.9363 loss_cls=0.6012 loss_dfl=0.0266 loss_total=96.4857
2026-08-06 19:51:48 INFO  scripts.synthetic_model_comparison.training.evaluation | evaluating on 4 batches
2026-08-06 19:51:53 INFO  scripts.synthetic_model_comparison.training.training_pipeline | epoch 78/200 — val mAP50=0.8737 mAP50_95=0.5407 (selection mAP50_95=0.5407)
2026-08-06 19:51:54 INFO  scripts.synthetic_model_comparison.training.evaluation | mlflow: logged val/mAP50=0.8737 val/mAP50_95=0.5407 (step=77)
2026-08-06 19:51:54 INFO  scripts.synthetic_model_comparison.training.evaluation | mlflow: logged val per-class AP table (12 classes)
2026-08-06 19:51:54 INFO  scripts.synthetic_model_comparison.training.training_pipeline | saved checkpoint: /home/debian/Master-Thesis/scripts/synthetic_model_comparison/training/model_exports/yolo26n-gpt-image-2-low-compressed-seed42-20260806-192648/last.pt
2026-08-06 19:51:55 INFO  scripts.synthetic_model_comparison.training.training_pipeline | epoch 78/200 done — next lr=0.00682847, epochs_since_improve=6/20
2026-08-06 19:51:55 INFO  scripts.synthetic_model_comparison.training.training_pipeline | epoch 79/200 — train start (lr=0.00682847, batches=15)
2026-08-06 19:52:07 INFO  scripts.synthetic_model_comparison.training.training_pipeline | epoch 79/200 — train done in 12.0s | avg loss_box=0.8854 loss_cls=0.5814 loss_dfl=0.0256 loss_total=92.8735
2026-08-06 19:52:07 INFO  scripts.synthetic_model_comparison.training.evaluation | evaluating on 4 batches
2026-08-06 19:52:12 INFO  scripts.synthetic_model_comparison.training.training_pipeline | epoch 79/200 — val mAP50=0.9324 mAP50_95=0.6826 (selection mAP50_95=0.6826)
2026-08-06 19:52:13 INFO  scripts.synthetic_model_comparison.training.evaluation | mlflow: logged val/mAP50=0.9324 val/mAP50_95=0.6826 (step=78)
2026-08-06 19:52:13 INFO  scripts.synthetic_model_comparison.training.evaluation | mlflow: logged val per-class AP table (12 classes)
2026-08-06 19:52:14 INFO  scripts.synthetic_model_comparison.training.training_pipeline | saved checkpoint: /home/debian/Master-Thesis/scripts/synthetic_model_comparison/training/model_exports/yolo26n-gpt-image-2-low-compressed-seed42-20260806-192648/best.pt
2026-08-06 19:52:14 INFO  scripts.synthetic_model_comparison.training.training_pipeline | new best mAP50_95=0.6826 at epoch 79
2026-08-06 19:52:14 INFO  scripts.synthetic_model_comparison.training.training_pipeline | saved checkpoint: /home/debian/Master-Thesis/scripts/synthetic_model_comparison/training/model_exports/yolo26n-gpt-image-2-low-compressed-seed42-20260806-192648/last.pt
2026-08-06 19:52:14 INFO  scripts.synthetic_model_comparison.training.training_pipeline | epoch 79/200 done — next lr=0.00675408, epochs_since_improve=0/20
2026-08-06 19:52:14 INFO  scripts.synthetic_model_comparison.training.training_pipeline | epoch 80/200 — train start (lr=0.00675408, batches=15)
2026-08-06 19:52:26 INFO  scripts.synthetic_model_comparison.training.training_pipeline | epoch 80/200 — train done in 11.6s | avg loss_box=0.9104 loss_cls=0.5898 loss_dfl=0.0258 loss_total=94.0322
2026-08-06 19:52:26 INFO  scripts.synthetic_model_comparison.training.evaluation | evaluating on 4 batches
2026-08-06 19:52:31 INFO  scripts.synthetic_model_comparison.training.training_pipeline | epoch 80/200 — val mAP50=0.9128 mAP50_95=0.6460 (selection mAP50_95=0.6460)
2026-08-06 19:52:32 INFO  scripts.synthetic_model_comparison.training.evaluation | mlflow: logged val/mAP50=0.9128 val/mAP50_95=0.6460 (step=79)
2026-08-06 19:52:32 INFO  scripts.synthetic_model_comparison.training.evaluation | mlflow: logged val per-class AP table (12 classes)
2026-08-06 19:52:32 INFO  scripts.synthetic_model_comparison.training.training_pipeline | saved checkpoint: /home/debian/Master-Thesis/scripts/synthetic_model_comparison/training/model_exports/yolo26n-gpt-image-2-low-compressed-seed42-20260806-192648/last.pt
2026-08-06 19:52:33 INFO  scripts.synthetic_model_comparison.training.training_pipeline | epoch 80/200 done — next lr=0.00667925, epochs_since_improve=1/20
2026-08-06 19:52:33 INFO  scripts.synthetic_model_comparison.training.training_pipeline | epoch 81/200 — train start (lr=0.00667925, batches=15)
2026-08-06 19:52:39 INFO  scripts.synthetic_model_comparison.training.training_pipeline | step 1200 | loss_box=0.8460 loss_cls=0.5933 loss_dfl=0.0247 loss_total=90.5726 lr=0.00667424
2026-08-06 19:52:46 INFO  scripts.synthetic_model_comparison.training.training_pipeline | epoch 81/200 — train done in 13.1s | avg loss_box=0.9042 loss_cls=0.5669 loss_dfl=0.0262 loss_total=93.0692
2026-08-06 19:52:46 INFO  scripts.synthetic_model_comparison.training.evaluation | evaluating on 4 batches
2026-08-06 19:52:52 INFO  scripts.synthetic_model_comparison.training.training_pipeline | epoch 81/200 — val mAP50=0.9338 mAP50_95=0.7162 (selection mAP50_95=0.7162)
2026-08-06 19:52:52 INFO  scripts.synthetic_model_comparison.training.evaluation | mlflow: logged val/mAP50=0.9338 val/mAP50_95=0.7162 (step=80)
2026-08-06 19:52:53 INFO  scripts.synthetic_model_comparison.training.evaluation | mlflow: logged val per-class AP table (12 classes)
2026-08-06 19:52:53 INFO  scripts.synthetic_model_comparison.training.training_pipeline | saved checkpoint: /home/debian/Master-Thesis/scripts/synthetic_model_comparison/training/model_exports/yolo26n-gpt-image-2-low-compressed-seed42-20260806-192648/best.pt
2026-08-06 19:52:53 INFO  scripts.synthetic_model_comparison.training.training_pipeline | new best mAP50_95=0.7162 at epoch 81
2026-08-06 19:52:53 INFO  scripts.synthetic_model_comparison.training.training_pipeline | saved checkpoint: /home/debian/Master-Thesis/scripts/synthetic_model_comparison/training/model_exports/yolo26n-gpt-image-2-low-compressed-seed42-20260806-192648/last.pt
2026-08-06 19:52:53 INFO  scripts.synthetic_model_comparison.training.training_pipeline | epoch 81/200 done — next lr=0.00660399, epochs_since_improve=0/20
2026-08-06 19:52:53 INFO  scripts.synthetic_model_comparison.training.training_pipeline | epoch 82/200 — train start (lr=0.00660399, batches=15)
2026-08-06 19:53:05 INFO  scripts.synthetic_model_comparison.training.training_pipeline | epoch 82/200 — train done in 11.9s | avg loss_box=0.8781 loss_cls=0.5836 loss_dfl=0.0250 loss_total=91.2543
2026-08-06 19:53:05 INFO  scripts.synthetic_model_comparison.training.evaluation | evaluating on 4 batches
2026-08-06 19:53:11 INFO  scripts.synthetic_model_comparison.training.training_pipeline | epoch 82/200 — val mAP50=0.9119 mAP50_95=0.6582 (selection mAP50_95=0.6582)
2026-08-06 19:53:12 INFO  scripts.synthetic_model_comparison.training.evaluation | mlflow: logged val/mAP50=0.9119 val/mAP50_95=0.6582 (step=81)
2026-08-06 19:53:12 INFO  scripts.synthetic_model_comparison.training.evaluation | mlflow: logged val per-class AP table (12 classes)
2026-08-06 19:53:12 INFO  scripts.synthetic_model_comparison.training.training_pipeline | saved checkpoint: /home/debian/Master-Thesis/scripts/synthetic_model_comparison/training/model_exports/yolo26n-gpt-image-2-low-compressed-seed42-20260806-192648/last.pt
2026-08-06 19:53:13 INFO  scripts.synthetic_model_comparison.training.training_pipeline | epoch 82/200 done — next lr=0.00652832, epochs_since_improve=1/20
2026-08-06 19:53:13 INFO  scripts.synthetic_model_comparison.training.training_pipeline | epoch 83/200 — train start (lr=0.00652832, batches=15)
2026-08-06 19:53:25 INFO  scripts.synthetic_model_comparison.training.training_pipeline | epoch 83/200 — train done in 12.0s | avg loss_box=0.8611 loss_cls=0.5592 loss_dfl=0.0243 loss_total=88.7465
2026-08-06 19:53:25 INFO  scripts.synthetic_model_comparison.training.evaluation | evaluating on 4 batches
2026-08-06 19:53:30 INFO  scripts.synthetic_model_comparison.training.training_pipeline | epoch 83/200 — val mAP50=0.9320 mAP50_95=0.7172 (selection mAP50_95=0.7172)
2026-08-06 19:53:31 INFO  scripts.synthetic_model_comparison.training.evaluation | mlflow: logged val/mAP50=0.9320 val/mAP50_95=0.7172 (step=82)
2026-08-06 19:53:31 INFO  scripts.synthetic_model_comparison.training.evaluation | mlflow: logged val per-class AP table (12 classes)
2026-08-06 19:53:31 INFO  scripts.synthetic_model_comparison.training.training_pipeline | saved checkpoint: /home/debian/Master-Thesis/scripts/synthetic_model_comparison/training/model_exports/yolo26n-gpt-image-2-low-compressed-seed42-20260806-192648/best.pt
2026-08-06 19:53:31 INFO  scripts.synthetic_model_comparison.training.training_pipeline | new best mAP50_95=0.7172 at epoch 83
2026-08-06 19:53:32 INFO  scripts.synthetic_model_comparison.training.training_pipeline | saved checkpoint: /home/debian/Master-Thesis/scripts/synthetic_model_comparison/training/model_exports/yolo26n-gpt-image-2-low-compressed-seed42-20260806-192648/last.pt
2026-08-06 19:53:32 INFO  scripts.synthetic_model_comparison.training.training_pipeline | epoch 83/200 done — next lr=0.00645227, epochs_since_improve=0/20
2026-08-06 19:53:32 INFO  scripts.synthetic_model_comparison.training.training_pipeline | epoch 84/200 — train start (lr=0.00645227, batches=15)
2026-08-06 19:53:40 INFO  scripts.synthetic_model_comparison.training.training_pipeline | step 1250 | loss_box=1.0226 loss_cls=0.6213 loss_dfl=0.0270 loss_total=101.9378 lr=0.00642175
2026-08-06 19:53:45 INFO  scripts.synthetic_model_comparison.training.training_pipeline | epoch 84/200 — train done in 13.5s | avg loss_box=0.9318 loss_cls=0.5789 loss_dfl=0.0269 loss_total=94.8440
2026-08-06 19:53:45 INFO  scripts.synthetic_model_comparison.training.evaluation | evaluating on 4 batches
2026-08-06 19:53:51 INFO  scripts.synthetic_model_comparison.training.training_pipeline | epoch 84/200 — val mAP50=0.9226 mAP50_95=0.7153 (selection mAP50_95=0.7153)
2026-08-06 19:53:52 INFO  scripts.synthetic_model_comparison.training.evaluation | mlflow: logged val/mAP50=0.9226 val/mAP50_95=0.7153 (step=83)
2026-08-06 19:53:52 INFO  scripts.synthetic_model_comparison.training.evaluation | mlflow: logged val per-class AP table (12 classes)
2026-08-06 19:53:52 INFO  scripts.synthetic_model_comparison.training.training_pipeline | saved checkpoint: /home/debian/Master-Thesis/scripts/synthetic_model_comparison/training/model_exports/yolo26n-gpt-image-2-low-compressed-seed42-20260806-192648/last.pt
2026-08-06 19:53:53 INFO  scripts.synthetic_model_comparison.training.training_pipeline | epoch 84/200 done — next lr=0.00637585, epochs_since_improve=1/20
2026-08-06 19:53:53 INFO  scripts.synthetic_model_comparison.training.training_pipeline | epoch 85/200 — train start (lr=0.00637585, batches=15)
2026-08-06 19:54:04 INFO  scripts.synthetic_model_comparison.training.training_pipeline | epoch 85/200 — train done in 11.8s | avg loss_box=0.8439 loss_cls=0.5786 loss_dfl=0.0240 loss_total=88.9728
2026-08-06 19:54:04 INFO  scripts.synthetic_model_comparison.training.evaluation | evaluating on 4 batches
2026-08-06 19:54:10 INFO  scripts.synthetic_model_comparison.training.training_pipeline | epoch 85/200 — val mAP50=0.9251 mAP50_95=0.6959 (selection mAP50_95=0.6959)
2026-08-06 19:54:11 INFO  scripts.synthetic_model_comparison.training.evaluation | mlflow: logged val/mAP50=0.9251 val/mAP50_95=0.6959 (step=84)
2026-08-06 19:54:11 INFO  scripts.synthetic_model_comparison.training.evaluation | mlflow: logged val per-class AP table (12 classes)
2026-08-06 19:54:11 INFO  scripts.synthetic_model_comparison.training.training_pipeline | saved checkpoint: /home/debian/Master-Thesis/scripts/synthetic_model_comparison/training/model_exports/yolo26n-gpt-image-2-low-compressed-seed42-20260806-192648/last.pt
2026-08-06 19:54:12 INFO  scripts.synthetic_model_comparison.training.training_pipeline | epoch 85/200 done — next lr=0.00629908, epochs_since_improve=2/20
2026-08-06 19:54:12 INFO  scripts.synthetic_model_comparison.training.training_pipeline | epoch 86/200 — train start (lr=0.00629908, batches=15)
2026-08-06 19:54:23 INFO  scripts.synthetic_model_comparison.training.training_pipeline | epoch 86/200 — train done in 11.0s | avg loss_box=0.8396 loss_cls=0.5330 loss_dfl=0.0239 loss_total=87.2316
2026-08-06 19:54:23 INFO  scripts.synthetic_model_comparison.training.evaluation | evaluating on 4 batches
2026-08-06 19:54:29 INFO  scripts.synthetic_model_comparison.training.training_pipeline | epoch 86/200 — val mAP50=0.9331 mAP50_95=0.7156 (selection mAP50_95=0.7156)
2026-08-06 19:54:29 INFO  scripts.synthetic_model_comparison.training.evaluation | mlflow: logged val/mAP50=0.9331 val/mAP50_95=0.7156 (step=85)
2026-08-06 19:54:30 INFO  scripts.synthetic_model_comparison.training.evaluation | mlflow: logged val per-class AP table (12 classes)
2026-08-06 19:54:30 INFO  scripts.synthetic_model_comparison.training.training_pipeline | saved checkpoint: /home/debian/Master-Thesis/scripts/synthetic_model_comparison/training/model_exports/yolo26n-gpt-image-2-low-compressed-seed42-20260806-192648/last.pt
2026-08-06 19:54:30 INFO  scripts.synthetic_model_comparison.training.training_pipeline | epoch 86/200 done — next lr=0.00622199, epochs_since_improve=3/20
2026-08-06 19:54:30 INFO  scripts.synthetic_model_comparison.training.training_pipeline | epoch 87/200 — train start (lr=0.00622199, batches=15)
2026-08-06 19:54:40 INFO  scripts.synthetic_model_comparison.training.training_pipeline | step 1300 | loss_box=0.8257 loss_cls=0.5526 loss_dfl=0.0228 loss_total=87.2295 lr=0.00616525
2026-08-06 19:54:43 INFO  scripts.synthetic_model_comparison.training.training_pipeline | epoch 87/200 — train done in 13.1s | avg loss_box=0.8310 loss_cls=0.5392 loss_dfl=0.0236 loss_total=86.9347
2026-08-06 19:54:43 INFO  scripts.synthetic_model_comparison.training.evaluation | evaluating on 4 batches
2026-08-06 19:54:49 INFO  scripts.synthetic_model_comparison.training.training_pipeline | epoch 87/200 — val mAP50=0.9173 mAP50_95=0.6425 (selection mAP50_95=0.6425)
2026-08-06 19:54:50 INFO  scripts.synthetic_model_comparison.training.evaluation | mlflow: logged val/mAP50=0.9173 val/mAP50_95=0.6425 (step=86)
2026-08-06 19:54:50 INFO  scripts.synthetic_model_comparison.training.evaluation | mlflow: logged val per-class AP table (12 classes)
2026-08-06 19:54:50 INFO  scripts.synthetic_model_comparison.training.training_pipeline | saved checkpoint: /home/debian/Master-Thesis/scripts/synthetic_model_comparison/training/model_exports/yolo26n-gpt-image-2-low-compressed-seed42-20260806-192648/last.pt
2026-08-06 19:54:51 INFO  scripts.synthetic_model_comparison.training.training_pipeline | epoch 87/200 done — next lr=0.00614458, epochs_since_improve=4/20
2026-08-06 19:54:51 INFO  scripts.synthetic_model_comparison.training.training_pipeline | epoch 88/200 — train start (lr=0.00614458, batches=15)
2026-08-06 19:55:02 INFO  scripts.synthetic_model_comparison.training.training_pipeline | epoch 88/200 — train done in 11.6s | avg loss_box=0.8659 loss_cls=0.5555 loss_dfl=0.0243 loss_total=89.3061
2026-08-06 19:55:02 INFO  scripts.synthetic_model_comparison.training.evaluation | evaluating on 4 batches
2026-08-06 19:55:08 INFO  scripts.synthetic_model_comparison.training.training_pipeline | epoch 88/200 — val mAP50=0.9349 mAP50_95=0.7226 (selection mAP50_95=0.7226)
2026-08-06 19:55:08 INFO  scripts.synthetic_model_comparison.training.evaluation | mlflow: logged val/mAP50=0.9349 val/mAP50_95=0.7226 (step=87)
2026-08-06 19:55:09 INFO  scripts.synthetic_model_comparison.training.evaluation | mlflow: logged val per-class AP table (12 classes)
2026-08-06 19:55:09 INFO  scripts.synthetic_model_comparison.training.training_pipeline | saved checkpoint: /home/debian/Master-Thesis/scripts/synthetic_model_comparison/training/model_exports/yolo26n-gpt-image-2-low-compressed-seed42-20260806-192648/best.pt
2026-08-06 19:55:09 INFO  scripts.synthetic_model_comparison.training.training_pipeline | new best mAP50_95=0.7226 at epoch 88
2026-08-06 19:55:09 INFO  scripts.synthetic_model_comparison.training.training_pipeline | saved checkpoint: /home/debian/Master-Thesis/scripts/synthetic_model_comparison/training/model_exports/yolo26n-gpt-image-2-low-compressed-seed42-20260806-192648/last.pt
2026-08-06 19:55:09 INFO  scripts.synthetic_model_comparison.training.training_pipeline | epoch 88/200 done — next lr=0.00606688, epochs_since_improve=0/20
2026-08-06 19:55:09 INFO  scripts.synthetic_model_comparison.training.training_pipeline | epoch 89/200 — train start (lr=0.00606688, batches=15)
2026-08-06 19:55:21 INFO  scripts.synthetic_model_comparison.training.training_pipeline | epoch 89/200 — train done in 11.7s | avg loss_box=0.8489 loss_cls=0.5297 loss_dfl=0.0241 loss_total=86.6760
2026-08-06 19:55:21 INFO  scripts.synthetic_model_comparison.training.evaluation | evaluating on 4 batches
2026-08-06 19:55:27 INFO  scripts.synthetic_model_comparison.training.training_pipeline | epoch 89/200 — val mAP50=0.9228 mAP50_95=0.7095 (selection mAP50_95=0.7095)
2026-08-06 19:55:28 INFO  scripts.synthetic_model_comparison.training.evaluation | mlflow: logged val/mAP50=0.9228 val/mAP50_95=0.7095 (step=88)
2026-08-06 19:55:28 INFO  scripts.synthetic_model_comparison.training.evaluation | mlflow: logged val per-class AP table (12 classes)
2026-08-06 19:55:28 INFO  scripts.synthetic_model_comparison.training.training_pipeline | saved checkpoint: /home/debian/Master-Thesis/scripts/synthetic_model_comparison/training/model_exports/yolo26n-gpt-image-2-low-compressed-seed42-20260806-192648/last.pt
2026-08-06 19:55:28 INFO  scripts.synthetic_model_comparison.training.training_pipeline | epoch 89/200 done — next lr=0.00598891, epochs_since_improve=1/20
2026-08-06 19:55:28 INFO  scripts.synthetic_model_comparison.training.training_pipeline | epoch 90/200 — train start (lr=0.00598891, batches=15)
2026-08-06 19:55:40 INFO  scripts.synthetic_model_comparison.training.training_pipeline | epoch 90/200 — train done in 11.1s | avg loss_box=0.7963 loss_cls=0.5175 loss_dfl=0.0226 loss_total=83.2900
2026-08-06 19:55:40 INFO  scripts.synthetic_model_comparison.training.evaluation | evaluating on 4 batches
2026-08-06 19:55:45 INFO  scripts.synthetic_model_comparison.training.training_pipeline | epoch 90/200 — val mAP50=0.9007 mAP50_95=0.6566 (selection mAP50_95=0.6566)
2026-08-06 19:55:46 INFO  scripts.synthetic_model_comparison.training.evaluation | mlflow: logged val/mAP50=0.9007 val/mAP50_95=0.6566 (step=89)
2026-08-06 19:55:46 INFO  scripts.synthetic_model_comparison.training.evaluation | mlflow: logged val per-class AP table (12 classes)
2026-08-06 19:55:46 INFO  scripts.synthetic_model_comparison.training.training_pipeline | saved checkpoint: /home/debian/Master-Thesis/scripts/synthetic_model_comparison/training/model_exports/yolo26n-gpt-image-2-low-compressed-seed42-20260806-192648/last.pt
2026-08-06 19:55:47 INFO  scripts.synthetic_model_comparison.training.training_pipeline | epoch 90/200 done — next lr=0.0059107, epochs_since_improve=2/20
2026-08-06 19:55:47 INFO  scripts.synthetic_model_comparison.training.training_pipeline | epoch 91/200 — train start (lr=0.0059107, batches=15)
2026-08-06 19:55:53 INFO  scripts.synthetic_model_comparison.training.training_pipeline | step 1350 | loss_box=0.7933 loss_cls=0.4938 loss_dfl=0.0245 loss_total=79.4628 lr=0.00590547
2026-08-06 19:56:00 INFO  scripts.synthetic_model_comparison.training.training_pipeline | epoch 91/200 — train done in 13.0s | avg loss_box=0.8282 loss_cls=0.5626 loss_dfl=0.0238 loss_total=87.2062
2026-08-06 19:56:00 INFO  scripts.synthetic_model_comparison.training.evaluation | evaluating on 4 batches
2026-08-06 19:56:06 INFO  scripts.synthetic_model_comparison.training.training_pipeline | epoch 91/200 — val mAP50=0.9090 mAP50_95=0.7088 (selection mAP50_95=0.7088)
2026-08-06 19:56:06 INFO  scripts.synthetic_model_comparison.training.evaluation | mlflow: logged val/mAP50=0.9090 val/mAP50_95=0.7088 (step=90)
2026-08-06 19:56:07 INFO  scripts.synthetic_model_comparison.training.evaluation | mlflow: logged val per-class AP table (12 classes)
2026-08-06 19:56:07 INFO  scripts.synthetic_model_comparison.training.training_pipeline | saved checkpoint: /home/debian/Master-Thesis/scripts/synthetic_model_comparison/training/model_exports/yolo26n-gpt-image-2-low-compressed-seed42-20260806-192648/last.pt
2026-08-06 19:56:07 INFO  scripts.synthetic_model_comparison.training.training_pipeline | epoch 91/200 done — next lr=0.00583225, epochs_since_improve=3/20
2026-08-06 19:56:07 INFO  scripts.synthetic_model_comparison.training.training_pipeline | epoch 92/200 — train start (lr=0.00583225, batches=15)
2026-08-06 19:56:19 INFO  scripts.synthetic_model_comparison.training.training_pipeline | epoch 92/200 — train done in 11.9s | avg loss_box=0.7969 loss_cls=0.5209 loss_dfl=0.0225 loss_total=83.4401
2026-08-06 19:56:19 INFO  scripts.synthetic_model_comparison.training.evaluation | evaluating on 4 batches
2026-08-06 19:56:25 INFO  scripts.synthetic_model_comparison.training.training_pipeline | epoch 92/200 — val mAP50=0.9201 mAP50_95=0.6782 (selection mAP50_95=0.6782)
2026-08-06 19:56:25 INFO  scripts.synthetic_model_comparison.training.evaluation | mlflow: logged val/mAP50=0.9201 val/mAP50_95=0.6782 (step=91)
2026-08-06 19:56:26 INFO  scripts.synthetic_model_comparison.training.evaluation | mlflow: logged val per-class AP table (12 classes)
2026-08-06 19:56:26 INFO  scripts.synthetic_model_comparison.training.training_pipeline | saved checkpoint: /home/debian/Master-Thesis/scripts/synthetic_model_comparison/training/model_exports/yolo26n-gpt-image-2-low-compressed-seed42-20260806-192648/last.pt
2026-08-06 19:56:26 INFO  scripts.synthetic_model_comparison.training.training_pipeline | epoch 92/200 done — next lr=0.00575359, epochs_since_improve=4/20
2026-08-06 19:56:26 INFO  scripts.synthetic_model_comparison.training.training_pipeline | epoch 93/200 — train start (lr=0.00575359, batches=15)
2026-08-06 19:56:38 INFO  scripts.synthetic_model_comparison.training.training_pipeline | epoch 93/200 — train done in 11.8s | avg loss_box=0.7943 loss_cls=0.5234 loss_dfl=0.0227 loss_total=83.3694
2026-08-06 19:56:38 INFO  scripts.synthetic_model_comparison.training.evaluation | evaluating on 4 batches
2026-08-06 19:56:44 INFO  scripts.synthetic_model_comparison.training.training_pipeline | epoch 93/200 — val mAP50=0.9166 mAP50_95=0.6647 (selection mAP50_95=0.6647)
2026-08-06 19:56:44 INFO  scripts.synthetic_model_comparison.training.evaluation | mlflow: logged val/mAP50=0.9166 val/mAP50_95=0.6647 (step=92)
2026-08-06 19:56:45 INFO  scripts.synthetic_model_comparison.training.evaluation | mlflow: logged val per-class AP table (12 classes)
2026-08-06 19:56:45 INFO  scripts.synthetic_model_comparison.training.training_pipeline | saved checkpoint: /home/debian/Master-Thesis/scripts/synthetic_model_comparison/training/model_exports/yolo26n-gpt-image-2-low-compressed-seed42-20260806-192648/last.pt
2026-08-06 19:56:45 INFO  scripts.synthetic_model_comparison.training.training_pipeline | epoch 93/200 done — next lr=0.00567474, epochs_since_improve=5/20
2026-08-06 19:56:45 INFO  scripts.synthetic_model_comparison.training.training_pipeline | epoch 94/200 — train start (lr=0.00567474, batches=15)
2026-08-06 19:56:54 INFO  scripts.synthetic_model_comparison.training.training_pipeline | step 1400 | loss_box=0.7234 loss_cls=0.4573 loss_dfl=0.0203 loss_total=74.9762 lr=0.00564316
2026-08-06 19:56:59 INFO  scripts.synthetic_model_comparison.training.training_pipeline | epoch 94/200 — train done in 13.7s | avg loss_box=0.7886 loss_cls=0.5062 loss_dfl=0.0219 loss_total=81.8734
2026-08-06 19:56:59 INFO  scripts.synthetic_model_comparison.training.evaluation | evaluating on 4 batches
2026-08-06 19:57:05 INFO  scripts.synthetic_model_comparison.training.training_pipeline | epoch 94/200 — val mAP50=0.9277 mAP50_95=0.7058 (selection mAP50_95=0.7058)
2026-08-06 19:57:05 INFO  scripts.synthetic_model_comparison.training.evaluation | mlflow: logged val/mAP50=0.9277 val/mAP50_95=0.7058 (step=93)
2026-08-06 19:57:06 INFO  scripts.synthetic_model_comparison.training.evaluation | mlflow: logged val per-class AP table (12 classes)
2026-08-06 19:57:06 INFO  scripts.synthetic_model_comparison.training.training_pipeline | saved checkpoint: /home/debian/Master-Thesis/scripts/synthetic_model_comparison/training/model_exports/yolo26n-gpt-image-2-low-compressed-seed42-20260806-192648/last.pt
2026-08-06 19:57:06 INFO  scripts.synthetic_model_comparison.training.training_pipeline | epoch 94/200 done — next lr=0.00559572, epochs_since_improve=6/20
2026-08-06 19:57:06 INFO  scripts.synthetic_model_comparison.training.training_pipeline | epoch 95/200 — train start (lr=0.00559572, batches=15)
2026-08-06 19:57:18 INFO  scripts.synthetic_model_comparison.training.training_pipeline | epoch 95/200 — train done in 11.8s | avg loss_box=0.7878 loss_cls=0.5140 loss_dfl=0.0225 loss_total=82.1814
2026-08-06 19:57:18 INFO  scripts.synthetic_model_comparison.training.evaluation | evaluating on 4 batches
2026-08-06 19:57:24 INFO  scripts.synthetic_model_comparison.training.training_pipeline | epoch 95/200 — val mAP50=0.9248 mAP50_95=0.7122 (selection mAP50_95=0.7122)
2026-08-06 19:57:24 INFO  scripts.synthetic_model_comparison.training.evaluation | mlflow: logged val/mAP50=0.9248 val/mAP50_95=0.7122 (step=94)
2026-08-06 19:57:25 INFO  scripts.synthetic_model_comparison.training.evaluation | mlflow: logged val per-class AP table (12 classes)
2026-08-06 19:57:25 INFO  scripts.synthetic_model_comparison.training.training_pipeline | saved checkpoint: /home/debian/Master-Thesis/scripts/synthetic_model_comparison/training/model_exports/yolo26n-gpt-image-2-low-compressed-seed42-20260806-192648/last.pt
2026-08-06 19:57:25 INFO  scripts.synthetic_model_comparison.training.training_pipeline | epoch 95/200 done — next lr=0.00551656, epochs_since_improve=7/20
2026-08-06 19:57:25 INFO  scripts.synthetic_model_comparison.training.training_pipeline | epoch 96/200 — train start (lr=0.00551656, batches=15)
2026-08-06 19:57:37 INFO  scripts.synthetic_model_comparison.training.training_pipeline | epoch 96/200 — train done in 11.5s | avg loss_box=0.7801 loss_cls=0.5118 loss_dfl=0.0218 loss_total=81.7928
2026-08-06 19:57:37 INFO  scripts.synthetic_model_comparison.training.evaluation | evaluating on 4 batches
2026-08-06 19:57:42 INFO  scripts.synthetic_model_comparison.training.training_pipeline | epoch 96/200 — val mAP50=0.9344 mAP50_95=0.6949 (selection mAP50_95=0.6949)
2026-08-06 19:57:43 INFO  scripts.synthetic_model_comparison.training.evaluation | mlflow: logged val/mAP50=0.9344 val/mAP50_95=0.6949 (step=95)
2026-08-06 19:57:43 INFO  scripts.synthetic_model_comparison.training.evaluation | mlflow: logged val per-class AP table (12 classes)
2026-08-06 19:57:44 INFO  scripts.synthetic_model_comparison.training.training_pipeline | saved checkpoint: /home/debian/Master-Thesis/scripts/synthetic_model_comparison/training/model_exports/yolo26n-gpt-image-2-low-compressed-seed42-20260806-192648/last.pt
2026-08-06 19:57:44 INFO  scripts.synthetic_model_comparison.training.training_pipeline | epoch 96/200 done — next lr=0.00543726, epochs_since_improve=8/20
2026-08-06 19:57:44 INFO  scripts.synthetic_model_comparison.training.training_pipeline | epoch 97/200 — train start (lr=0.00543726, batches=15)
2026-08-06 19:57:54 INFO  scripts.synthetic_model_comparison.training.training_pipeline | step 1450 | loss_box=0.7197 loss_cls=0.4716 loss_dfl=0.0208 loss_total=75.9627 lr=0.00537903
2026-08-06 19:57:57 INFO  scripts.synthetic_model_comparison.training.training_pipeline | epoch 97/200 — train done in 13.2s | avg loss_box=0.7715 loss_cls=0.4965 loss_dfl=0.0213 loss_total=80.0146
2026-08-06 19:57:57 INFO  scripts.synthetic_model_comparison.training.evaluation | evaluating on 4 batches
2026-08-06 19:58:03 INFO  scripts.synthetic_model_comparison.training.training_pipeline | epoch 97/200 — val mAP50=0.9181 mAP50_95=0.7007 (selection mAP50_95=0.7007)
2026-08-06 19:58:03 INFO  scripts.synthetic_model_comparison.training.evaluation | mlflow: logged val/mAP50=0.9181 val/mAP50_95=0.7007 (step=96)
2026-08-06 19:58:04 INFO  scripts.synthetic_model_comparison.training.evaluation | mlflow: logged val per-class AP table (12 classes)
2026-08-06 19:58:04 INFO  scripts.synthetic_model_comparison.training.training_pipeline | saved checkpoint: /home/debian/Master-Thesis/scripts/synthetic_model_comparison/training/model_exports/yolo26n-gpt-image-2-low-compressed-seed42-20260806-192648/last.pt
2026-08-06 19:58:04 INFO  scripts.synthetic_model_comparison.training.training_pipeline | epoch 97/200 done — next lr=0.00535785, epochs_since_improve=9/20
2026-08-06 19:58:04 INFO  scripts.synthetic_model_comparison.training.training_pipeline | epoch 98/200 — train start (lr=0.00535785, batches=15)
2026-08-06 19:58:16 INFO  scripts.synthetic_model_comparison.training.training_pipeline | epoch 98/200 — train done in 12.0s | avg loss_box=0.7330 loss_cls=0.4616 loss_dfl=0.0204 loss_total=76.1421
2026-08-06 19:58:16 INFO  scripts.synthetic_model_comparison.training.evaluation | evaluating on 4 batches
2026-08-06 19:58:22 INFO  scripts.synthetic_model_comparison.training.training_pipeline | epoch 98/200 — val mAP50=0.9371 mAP50_95=0.7370 (selection mAP50_95=0.7370)
2026-08-06 19:58:23 INFO  scripts.synthetic_model_comparison.training.evaluation | mlflow: logged val/mAP50=0.9371 val/mAP50_95=0.7370 (step=97)
2026-08-06 19:58:23 INFO  scripts.synthetic_model_comparison.training.evaluation | mlflow: logged val per-class AP table (12 classes)
2026-08-06 19:58:23 INFO  scripts.synthetic_model_comparison.training.training_pipeline | saved checkpoint: /home/debian/Master-Thesis/scripts/synthetic_model_comparison/training/model_exports/yolo26n-gpt-image-2-low-compressed-seed42-20260806-192648/best.pt
2026-08-06 19:58:23 INFO  scripts.synthetic_model_comparison.training.training_pipeline | new best mAP50_95=0.7370 at epoch 98
2026-08-06 19:58:23 INFO  scripts.synthetic_model_comparison.training.training_pipeline | saved checkpoint: /home/debian/Master-Thesis/scripts/synthetic_model_comparison/training/model_exports/yolo26n-gpt-image-2-low-compressed-seed42-20260806-192648/last.pt
2026-08-06 19:58:23 INFO  scripts.synthetic_model_comparison.training.training_pipeline | epoch 98/200 done — next lr=0.00527835, epochs_since_improve=0/20
2026-08-06 19:58:23 INFO  scripts.synthetic_model_comparison.training.training_pipeline | epoch 99/200 — train start (lr=0.00527835, batches=15)
2026-08-06 19:58:35 INFO  scripts.synthetic_model_comparison.training.training_pipeline | epoch 99/200 — train done in 11.6s | avg loss_box=0.7553 loss_cls=0.4831 loss_dfl=0.0209 loss_total=78.3687
2026-08-06 19:58:35 INFO  scripts.synthetic_model_comparison.training.evaluation | evaluating on 4 batches
2026-08-06 19:58:41 INFO  scripts.synthetic_model_comparison.training.training_pipeline | epoch 99/200 — val mAP50=0.9363 mAP50_95=0.7108 (selection mAP50_95=0.7108)
2026-08-06 19:58:42 INFO  scripts.synthetic_model_comparison.training.evaluation | mlflow: logged val/mAP50=0.9363 val/mAP50_95=0.7108 (step=98)
2026-08-06 19:58:42 INFO  scripts.synthetic_model_comparison.training.evaluation | mlflow: logged val per-class AP table (12 classes)
2026-08-06 19:58:42 INFO  scripts.synthetic_model_comparison.training.training_pipeline | saved checkpoint: /home/debian/Master-Thesis/scripts/synthetic_model_comparison/training/model_exports/yolo26n-gpt-image-2-low-compressed-seed42-20260806-192648/last.pt
2026-08-06 19:58:42 INFO  scripts.synthetic_model_comparison.training.training_pipeline | epoch 99/200 done — next lr=0.00519878, epochs_since_improve=1/20
2026-08-06 19:58:42 INFO  scripts.synthetic_model_comparison.training.training_pipeline | epoch 100/200 — train start (lr=0.00519878, batches=15)
2026-08-06 19:58:54 INFO  scripts.synthetic_model_comparison.training.training_pipeline | epoch 100/200 — train done in 11.3s | avg loss_box=0.7654 loss_cls=0.4700 loss_dfl=0.0213 loss_total=78.5981
2026-08-06 19:58:54 INFO  scripts.synthetic_model_comparison.training.evaluation | evaluating on 4 batches
2026-08-06 19:59:00 INFO  scripts.synthetic_model_comparison.training.training_pipeline | epoch 100/200 — val mAP50=0.9310 mAP50_95=0.7334 (selection mAP50_95=0.7334)
2026-08-06 19:59:00 INFO  scripts.synthetic_model_comparison.training.evaluation | mlflow: logged val/mAP50=0.9310 val/mAP50_95=0.7334 (step=99)
2026-08-06 19:59:01 INFO  scripts.synthetic_model_comparison.training.evaluation | mlflow: logged val per-class AP table (12 classes)
2026-08-06 19:59:01 INFO  scripts.synthetic_model_comparison.training.training_pipeline | saved checkpoint: /home/debian/Master-Thesis/scripts/synthetic_model_comparison/training/model_exports/yolo26n-gpt-image-2-low-compressed-seed42-20260806-192648/last.pt
2026-08-06 19:59:01 INFO  scripts.synthetic_model_comparison.training.training_pipeline | epoch 100/200 done — next lr=0.00511916, epochs_since_improve=2/20
2026-08-06 19:59:01 INFO  scripts.synthetic_model_comparison.training.training_pipeline | epoch 101/200 — train start (lr=0.00511916, batches=15)
2026-08-06 19:59:06 INFO  scripts.synthetic_model_comparison.training.training_pipeline | step 1500 | loss_box=0.6462 loss_cls=0.4368 loss_dfl=0.0179 loss_total=71.0761 lr=0.00511385
2026-08-06 19:59:14 INFO  scripts.synthetic_model_comparison.training.training_pipeline | epoch 101/200 — train done in 12.5s | avg loss_box=0.7235 loss_cls=0.4618 loss_dfl=0.0199 loss_total=75.6331
2026-08-06 19:59:14 INFO  scripts.synthetic_model_comparison.training.evaluation | evaluating on 4 batches
2026-08-06 19:59:19 INFO  scripts.synthetic_model_comparison.training.training_pipeline | epoch 101/200 — val mAP50=0.9403 mAP50_95=0.7233 (selection mAP50_95=0.7233)
2026-08-06 19:59:20 INFO  scripts.synthetic_model_comparison.training.evaluation | mlflow: logged val/mAP50=0.9403 val/mAP50_95=0.7233 (step=100)
2026-08-06 19:59:20 INFO  scripts.synthetic_model_comparison.training.evaluation | mlflow: logged val per-class AP table (12 classes)
2026-08-06 19:59:20 INFO  scripts.synthetic_model_comparison.training.training_pipeline | saved checkpoint: /home/debian/Master-Thesis/scripts/synthetic_model_comparison/training/model_exports/yolo26n-gpt-image-2-low-compressed-seed42-20260806-192648/last.pt
2026-08-06 19:59:21 INFO  scripts.synthetic_model_comparison.training.training_pipeline | epoch 101/200 done — next lr=0.00503952, epochs_since_improve=3/20
2026-08-06 19:59:21 INFO  scripts.synthetic_model_comparison.training.training_pipeline | epoch 102/200 — train start (lr=0.00503952, batches=15)
2026-08-06 19:59:32 INFO  scripts.synthetic_model_comparison.training.training_pipeline | epoch 102/200 — train done in 11.5s | avg loss_box=0.7211 loss_cls=0.4469 loss_dfl=0.0200 loss_total=74.4033
2026-08-06 19:59:32 INFO  scripts.synthetic_model_comparison.training.evaluation | evaluating on 4 batches
2026-08-06 19:59:38 INFO  scripts.synthetic_model_comparison.training.training_pipeline | epoch 102/200 — val mAP50=0.9382 mAP50_95=0.7028 (selection mAP50_95=0.7028)
2026-08-06 19:59:39 INFO  scripts.synthetic_model_comparison.training.evaluation | mlflow: logged val/mAP50=0.9382 val/mAP50_95=0.7028 (step=101)
2026-08-06 19:59:39 INFO  scripts.synthetic_model_comparison.training.evaluation | mlflow: logged val per-class AP table (12 classes)
2026-08-06 19:59:39 INFO  scripts.synthetic_model_comparison.training.training_pipeline | saved checkpoint: /home/debian/Master-Thesis/scripts/synthetic_model_comparison/training/model_exports/yolo26n-gpt-image-2-low-compressed-seed42-20260806-192648/last.pt
2026-08-06 19:59:39 INFO  scripts.synthetic_model_comparison.training.training_pipeline | epoch 102/200 done — next lr=0.00495986, epochs_since_improve=4/20
2026-08-06 19:59:39 INFO  scripts.synthetic_model_comparison.training.training_pipeline | epoch 103/200 — train start (lr=0.00495986, batches=15)
2026-08-06 19:59:51 INFO  scripts.synthetic_model_comparison.training.training_pipeline | epoch 103/200 — train done in 11.6s | avg loss_box=0.7304 loss_cls=0.4581 loss_dfl=0.0204 loss_total=75.6579
2026-08-06 19:59:51 INFO  scripts.synthetic_model_comparison.training.evaluation | evaluating on 4 batches
2026-08-06 19:59:57 INFO  scripts.synthetic_model_comparison.training.training_pipeline | epoch 103/200 — val mAP50=0.9435 mAP50_95=0.7394 (selection mAP50_95=0.7394)
2026-08-06 19:59:57 INFO  scripts.synthetic_model_comparison.training.evaluation | mlflow: logged val/mAP50=0.9435 val/mAP50_95=0.7394 (step=102)
2026-08-06 19:59:58 INFO  scripts.synthetic_model_comparison.training.evaluation | mlflow: logged val per-class AP table (12 classes)
2026-08-06 19:59:58 INFO  scripts.synthetic_model_comparison.training.training_pipeline | saved checkpoint: /home/debian/Master-Thesis/scripts/synthetic_model_comparison/training/model_exports/yolo26n-gpt-image-2-low-compressed-seed42-20260806-192648/best.pt
2026-08-06 19:59:58 INFO  scripts.synthetic_model_comparison.training.training_pipeline | new best mAP50_95=0.7394 at epoch 103
2026-08-06 19:59:58 INFO  scripts.synthetic_model_comparison.training.training_pipeline | saved checkpoint: /home/debian/Master-Thesis/scripts/synthetic_model_comparison/training/model_exports/yolo26n-gpt-image-2-low-compressed-seed42-20260806-192648/last.pt
2026-08-06 19:59:58 INFO  scripts.synthetic_model_comparison.training.training_pipeline | epoch 103/200 done — next lr=0.00488022, epochs_since_improve=0/20
2026-08-06 19:59:58 INFO  scripts.synthetic_model_comparison.training.training_pipeline | epoch 104/200 — train start (lr=0.00488022, batches=15)
2026-08-06 20:00:06 INFO  scripts.synthetic_model_comparison.training.training_pipeline | step 1550 | loss_box=0.7627 loss_cls=0.4016 loss_dfl=0.0215 loss_total=74.8284 lr=0.00484837
2026-08-06 20:00:11 INFO  scripts.synthetic_model_comparison.training.training_pipeline | epoch 104/200 — train done in 12.7s | avg loss_box=0.6890 loss_cls=0.4337 loss_dfl=0.0192 loss_total=72.1893
2026-08-06 20:00:11 INFO  scripts.synthetic_model_comparison.training.evaluation | evaluating on 4 batches
2026-08-06 20:00:17 INFO  scripts.synthetic_model_comparison.training.training_pipeline | epoch 104/200 — val mAP50=0.9411 mAP50_95=0.7287 (selection mAP50_95=0.7287)
2026-08-06 20:00:18 INFO  scripts.synthetic_model_comparison.training.evaluation | mlflow: logged val/mAP50=0.9411 val/mAP50_95=0.7287 (step=103)
2026-08-06 20:00:18 INFO  scripts.synthetic_model_comparison.training.evaluation | mlflow: logged val per-class AP table (12 classes)
2026-08-06 20:00:18 INFO  scripts.synthetic_model_comparison.training.training_pipeline | saved checkpoint: /home/debian/Master-Thesis/scripts/synthetic_model_comparison/training/model_exports/yolo26n-gpt-image-2-low-compressed-seed42-20260806-192648/last.pt
2026-08-06 20:00:18 INFO  scripts.synthetic_model_comparison.training.training_pipeline | epoch 104/200 done — next lr=0.00480061, epochs_since_improve=1/20
2026-08-06 20:00:18 INFO  scripts.synthetic_model_comparison.training.training_pipeline | epoch 105/200 — train start (lr=0.00480061, batches=15)
2026-08-06 20:00:30 INFO  scripts.synthetic_model_comparison.training.training_pipeline | epoch 105/200 — train done in 11.6s | avg loss_box=0.6760 loss_cls=0.4401 loss_dfl=0.0187 loss_total=71.6349
2026-08-06 20:00:30 INFO  scripts.synthetic_model_comparison.training.evaluation | evaluating on 4 batches
2026-08-06 20:00:36 INFO  scripts.synthetic_model_comparison.training.training_pipeline | epoch 105/200 — val mAP50=0.9361 mAP50_95=0.7218 (selection mAP50_95=0.7218)
2026-08-06 20:00:36 INFO  scripts.synthetic_model_comparison.training.evaluation | mlflow: logged val/mAP50=0.9361 val/mAP50_95=0.7218 (step=104)
2026-08-06 20:00:37 INFO  scripts.synthetic_model_comparison.training.evaluation | mlflow: logged val per-class AP table (12 classes)
2026-08-06 20:00:37 INFO  scripts.synthetic_model_comparison.training.training_pipeline | saved checkpoint: /home/debian/Master-Thesis/scripts/synthetic_model_comparison/training/model_exports/yolo26n-gpt-image-2-low-compressed-seed42-20260806-192648/last.pt
2026-08-06 20:00:37 INFO  scripts.synthetic_model_comparison.training.training_pipeline | epoch 105/200 done — next lr=0.00472105, epochs_since_improve=2/20
2026-08-06 20:00:37 INFO  scripts.synthetic_model_comparison.training.training_pipeline | epoch 106/200 — train start (lr=0.00472105, batches=15)
2026-08-06 20:00:48 INFO  scripts.synthetic_model_comparison.training.training_pipeline | epoch 106/200 — train done in 11.3s | avg loss_box=0.6703 loss_cls=0.4429 loss_dfl=0.0186 loss_total=71.4239
2026-08-06 20:00:48 INFO  scripts.synthetic_model_comparison.training.evaluation | evaluating on 4 batches
2026-08-06 20:00:54 INFO  scripts.synthetic_model_comparison.training.training_pipeline | epoch 106/200 — val mAP50=0.9373 mAP50_95=0.7153 (selection mAP50_95=0.7153)
2026-08-06 20:00:55 INFO  scripts.synthetic_model_comparison.training.evaluation | mlflow: logged val/mAP50=0.9373 val/mAP50_95=0.7153 (step=105)
2026-08-06 20:00:55 INFO  scripts.synthetic_model_comparison.training.evaluation | mlflow: logged val per-class AP table (12 classes)
2026-08-06 20:00:55 INFO  scripts.synthetic_model_comparison.training.training_pipeline | saved checkpoint: /home/debian/Master-Thesis/scripts/synthetic_model_comparison/training/model_exports/yolo26n-gpt-image-2-low-compressed-seed42-20260806-192648/last.pt
2026-08-06 20:00:55 INFO  scripts.synthetic_model_comparison.training.training_pipeline | epoch 106/200 done — next lr=0.00464156, epochs_since_improve=3/20
2026-08-06 20:00:55 INFO  scripts.synthetic_model_comparison.training.training_pipeline | epoch 107/200 — train start (lr=0.00464156, batches=15)
2026-08-06 20:01:05 INFO  scripts.synthetic_model_comparison.training.training_pipeline | step 1600 | loss_box=0.7400 loss_cls=0.3583 loss_dfl=0.0209 loss_total=70.6328 lr=0.00458333
2026-08-06 20:01:08 INFO  scripts.synthetic_model_comparison.training.training_pipeline | epoch 107/200 — train done in 12.9s | avg loss_box=0.7064 loss_cls=0.4105 loss_dfl=0.0193 loss_total=71.9953
2026-08-06 20:01:08 INFO  scripts.synthetic_model_comparison.training.evaluation | evaluating on 4 batches
2026-08-06 20:01:14 INFO  scripts.synthetic_model_comparison.training.training_pipeline | epoch 107/200 — val mAP50=0.9438 mAP50_95=0.7436 (selection mAP50_95=0.7436)
2026-08-06 20:01:15 INFO  scripts.synthetic_model_comparison.training.evaluation | mlflow: logged val/mAP50=0.9438 val/mAP50_95=0.7436 (step=106)
2026-08-06 20:01:15 INFO  scripts.synthetic_model_comparison.training.evaluation | mlflow: logged val per-class AP table (12 classes)
2026-08-06 20:01:15 INFO  scripts.synthetic_model_comparison.training.training_pipeline | saved checkpoint: /home/debian/Master-Thesis/scripts/synthetic_model_comparison/training/model_exports/yolo26n-gpt-image-2-low-compressed-seed42-20260806-192648/best.pt
2026-08-06 20:01:15 INFO  scripts.synthetic_model_comparison.training.training_pipeline | new best mAP50_95=0.7436 at epoch 107
2026-08-06 20:01:15 INFO  scripts.synthetic_model_comparison.training.training_pipeline | saved checkpoint: /home/debian/Master-Thesis/scripts/synthetic_model_comparison/training/model_exports/yolo26n-gpt-image-2-low-compressed-seed42-20260806-192648/last.pt
2026-08-06 20:01:16 INFO  scripts.synthetic_model_comparison.training.training_pipeline | epoch 107/200 done — next lr=0.00456216, epochs_since_improve=0/20
2026-08-06 20:01:16 INFO  scripts.synthetic_model_comparison.training.training_pipeline | epoch 108/200 — train start (lr=0.00456216, batches=15)
2026-08-06 20:01:27 INFO  scripts.synthetic_model_comparison.training.training_pipeline | epoch 108/200 — train done in 11.2s | avg loss_box=0.6905 loss_cls=0.4335 loss_dfl=0.0198 loss_total=71.8469
2026-08-06 20:01:27 INFO  scripts.synthetic_model_comparison.training.evaluation | evaluating on 4 batches
2026-08-06 20:01:33 INFO  scripts.synthetic_model_comparison.training.training_pipeline | epoch 108/200 — val mAP50=0.9368 mAP50_95=0.7074 (selection mAP50_95=0.7074)
2026-08-06 20:01:34 INFO  scripts.synthetic_model_comparison.training.evaluation | mlflow: logged val/mAP50=0.9368 val/mAP50_95=0.7074 (step=107)
2026-08-06 20:01:34 INFO  scripts.synthetic_model_comparison.training.evaluation | mlflow: logged val per-class AP table (12 classes)
2026-08-06 20:01:34 INFO  scripts.synthetic_model_comparison.training.training_pipeline | saved checkpoint: /home/debian/Master-Thesis/scripts/synthetic_model_comparison/training/model_exports/yolo26n-gpt-image-2-low-compressed-seed42-20260806-192648/last.pt
2026-08-06 20:01:34 INFO  scripts.synthetic_model_comparison.training.training_pipeline | epoch 108/200 done — next lr=0.00448288, epochs_since_improve=1/20
2026-08-06 20:01:34 INFO  scripts.synthetic_model_comparison.training.training_pipeline | epoch 109/200 — train start (lr=0.00448288, batches=15)
2026-08-06 20:01:46 INFO  scripts.synthetic_model_comparison.training.training_pipeline | epoch 109/200 — train done in 11.6s | avg loss_box=0.6852 loss_cls=0.4324 loss_dfl=0.0187 loss_total=71.7506
2026-08-06 20:01:46 INFO  scripts.synthetic_model_comparison.training.evaluation | evaluating on 4 batches
2026-08-06 20:01:52 INFO  scripts.synthetic_model_comparison.training.training_pipeline | epoch 109/200 — val mAP50=0.9347 mAP50_95=0.7315 (selection mAP50_95=0.7315)
2026-08-06 20:01:52 INFO  scripts.synthetic_model_comparison.training.evaluation | mlflow: logged val/mAP50=0.9347 val/mAP50_95=0.7315 (step=108)
2026-08-06 20:01:53 INFO  scripts.synthetic_model_comparison.training.evaluation | mlflow: logged val per-class AP table (12 classes)
2026-08-06 20:01:53 INFO  scripts.synthetic_model_comparison.training.training_pipeline | saved checkpoint: /home/debian/Master-Thesis/scripts/synthetic_model_comparison/training/model_exports/yolo26n-gpt-image-2-low-compressed-seed42-20260806-192648/last.pt
2026-08-06 20:01:53 INFO  scripts.synthetic_model_comparison.training.training_pipeline | epoch 109/200 done — next lr=0.00440373, epochs_since_improve=2/20
2026-08-06 20:01:53 INFO  scripts.synthetic_model_comparison.training.training_pipeline | epoch 110/200 — train start (lr=0.00440373, batches=15)
2026-08-06 20:02:05 INFO  scripts.synthetic_model_comparison.training.training_pipeline | epoch 110/200 — train done in 11.7s | avg loss_box=0.6834 loss_cls=0.4340 loss_dfl=0.0185 loss_total=71.0399
2026-08-06 20:02:05 INFO  scripts.synthetic_model_comparison.training.evaluation | evaluating on 4 batches
2026-08-06 20:02:11 INFO  scripts.synthetic_model_comparison.training.training_pipeline | epoch 110/200 — val mAP50=0.9263 mAP50_95=0.7001 (selection mAP50_95=0.7001)
2026-08-06 20:02:11 INFO  scripts.synthetic_model_comparison.training.evaluation | mlflow: logged val/mAP50=0.9263 val/mAP50_95=0.7001 (step=109)
2026-08-06 20:02:12 INFO  scripts.synthetic_model_comparison.training.evaluation | mlflow: logged val per-class AP table (12 classes)
2026-08-06 20:02:12 INFO  scripts.synthetic_model_comparison.training.training_pipeline | saved checkpoint: /home/debian/Master-Thesis/scripts/synthetic_model_comparison/training/model_exports/yolo26n-gpt-image-2-low-compressed-seed42-20260806-192648/last.pt
2026-08-06 20:02:12 INFO  scripts.synthetic_model_comparison.training.training_pipeline | epoch 110/200 done — next lr=0.00432473, epochs_since_improve=3/20
2026-08-06 20:02:12 INFO  scripts.synthetic_model_comparison.training.training_pipeline | epoch 111/200 — train start (lr=0.00432473, batches=15)
2026-08-06 20:02:17 INFO  scripts.synthetic_model_comparison.training.training_pipeline | step 1650 | loss_box=0.5494 loss_cls=0.3182 loss_dfl=0.0156 loss_total=57.2534 lr=0.00431947
2026-08-06 20:02:24 INFO  scripts.synthetic_model_comparison.training.training_pipeline | epoch 111/200 — train done in 12.2s | avg loss_box=0.6665 loss_cls=0.4202 loss_dfl=0.0185 loss_total=69.6209
2026-08-06 20:02:24 INFO  scripts.synthetic_model_comparison.training.evaluation | evaluating on 4 batches
2026-08-06 20:02:30 INFO  scripts.synthetic_model_comparison.training.training_pipeline | epoch 111/200 — val mAP50=0.9382 mAP50_95=0.7333 (selection mAP50_95=0.7333)
2026-08-06 20:02:31 INFO  scripts.synthetic_model_comparison.training.evaluation | mlflow: logged val/mAP50=0.9382 val/mAP50_95=0.7333 (step=110)
2026-08-06 20:02:31 INFO  scripts.synthetic_model_comparison.training.evaluation | mlflow: logged val per-class AP table (12 classes)
2026-08-06 20:02:31 INFO  scripts.synthetic_model_comparison.training.training_pipeline | saved checkpoint: /home/debian/Master-Thesis/scripts/synthetic_model_comparison/training/model_exports/yolo26n-gpt-image-2-low-compressed-seed42-20260806-192648/last.pt
2026-08-06 20:02:32 INFO  scripts.synthetic_model_comparison.training.training_pipeline | epoch 111/200 done — next lr=0.00424591, epochs_since_improve=4/20
2026-08-06 20:02:32 INFO  scripts.synthetic_model_comparison.training.training_pipeline | epoch 112/200 — train start (lr=0.00424591, batches=15)
2026-08-06 20:02:43 INFO  scripts.synthetic_model_comparison.training.training_pipeline | epoch 112/200 — train done in 11.2s | avg loss_box=0.6952 loss_cls=0.4341 loss_dfl=0.0194 loss_total=71.3334
2026-08-06 20:02:43 INFO  scripts.synthetic_model_comparison.training.evaluation | evaluating on 4 batches
2026-08-06 20:02:49 INFO  scripts.synthetic_model_comparison.training.training_pipeline | epoch 112/200 — val mAP50=0.9559 mAP50_95=0.7602 (selection mAP50_95=0.7602)
2026-08-06 20:02:49 INFO  scripts.synthetic_model_comparison.training.evaluation | mlflow: logged val/mAP50=0.9559 val/mAP50_95=0.7602 (step=111)
2026-08-06 20:02:50 INFO  scripts.synthetic_model_comparison.training.evaluation | mlflow: logged val per-class AP table (12 classes)
2026-08-06 20:02:50 INFO  scripts.synthetic_model_comparison.training.training_pipeline | saved checkpoint: /home/debian/Master-Thesis/scripts/synthetic_model_comparison/training/model_exports/yolo26n-gpt-image-2-low-compressed-seed42-20260806-192648/best.pt
2026-08-06 20:02:50 INFO  scripts.synthetic_model_comparison.training.training_pipeline | new best mAP50_95=0.7602 at epoch 112
2026-08-06 20:02:50 INFO  scripts.synthetic_model_comparison.training.training_pipeline | saved checkpoint: /home/debian/Master-Thesis/scripts/synthetic_model_comparison/training/model_exports/yolo26n-gpt-image-2-low-compressed-seed42-20260806-192648/last.pt
2026-08-06 20:02:50 INFO  scripts.synthetic_model_comparison.training.training_pipeline | epoch 112/200 done — next lr=0.00416728, epochs_since_improve=0/20
2026-08-06 20:02:50 INFO  scripts.synthetic_model_comparison.training.training_pipeline | epoch 113/200 — train start (lr=0.00416728, batches=15)
2026-08-06 20:03:02 INFO  scripts.synthetic_model_comparison.training.training_pipeline | epoch 113/200 — train done in 12.0s | avg loss_box=0.6652 loss_cls=0.4101 loss_dfl=0.0183 loss_total=68.6538
2026-08-06 20:03:02 INFO  scripts.synthetic_model_comparison.training.evaluation | evaluating on 4 batches
2026-08-06 20:03:08 INFO  scripts.synthetic_model_comparison.training.training_pipeline | epoch 113/200 — val mAP50=0.9544 mAP50_95=0.7529 (selection mAP50_95=0.7529)
2026-08-06 20:03:09 INFO  scripts.synthetic_model_comparison.training.evaluation | mlflow: logged val/mAP50=0.9544 val/mAP50_95=0.7529 (step=112)
2026-08-06 20:03:09 INFO  scripts.synthetic_model_comparison.training.evaluation | mlflow: logged val per-class AP table (12 classes)
2026-08-06 20:03:09 INFO  scripts.synthetic_model_comparison.training.training_pipeline | saved checkpoint: /home/debian/Master-Thesis/scripts/synthetic_model_comparison/training/model_exports/yolo26n-gpt-image-2-low-compressed-seed42-20260806-192648/last.pt
2026-08-06 20:03:10 INFO  scripts.synthetic_model_comparison.training.training_pipeline | epoch 113/200 done — next lr=0.00408886, epochs_since_improve=1/20
2026-08-06 20:03:10 INFO  scripts.synthetic_model_comparison.training.training_pipeline | epoch 114/200 — train start (lr=0.00408886, batches=15)
2026-08-06 20:03:18 INFO  scripts.synthetic_model_comparison.training.training_pipeline | step 1700 | loss_box=0.5355 loss_cls=0.3196 loss_dfl=0.0155 loss_total=56.9964 lr=0.00405756
2026-08-06 20:03:23 INFO  scripts.synthetic_model_comparison.training.training_pipeline | epoch 114/200 — train done in 13.4s | avg loss_box=0.6500 loss_cls=0.4086 loss_dfl=0.0184 loss_total=68.3009
2026-08-06 20:03:23 INFO  scripts.synthetic_model_comparison.training.evaluation | evaluating on 4 batches
2026-08-06 20:03:29 INFO  scripts.synthetic_model_comparison.training.training_pipeline | epoch 114/200 — val mAP50=0.9442 mAP50_95=0.7430 (selection mAP50_95=0.7430)
2026-08-06 20:03:29 INFO  scripts.synthetic_model_comparison.training.evaluation | mlflow: logged val/mAP50=0.9442 val/mAP50_95=0.7430 (step=113)
2026-08-06 20:03:30 INFO  scripts.synthetic_model_comparison.training.evaluation | mlflow: logged val per-class AP table (12 classes)
2026-08-06 20:03:30 INFO  scripts.synthetic_model_comparison.training.training_pipeline | saved checkpoint: /home/debian/Master-Thesis/scripts/synthetic_model_comparison/training/model_exports/yolo26n-gpt-image-2-low-compressed-seed42-20260806-192648/last.pt
2026-08-06 20:03:30 INFO  scripts.synthetic_model_comparison.training.training_pipeline | epoch 114/200 done — next lr=0.00401067, epochs_since_improve=2/20
2026-08-06 20:03:30 INFO  scripts.synthetic_model_comparison.training.training_pipeline | epoch 115/200 — train start (lr=0.00401067, batches=15)
2026-08-06 20:03:42 INFO  scripts.synthetic_model_comparison.training.training_pipeline | epoch 115/200 — train done in 11.6s | avg loss_box=0.6668 loss_cls=0.3923 loss_dfl=0.0184 loss_total=68.0556
2026-08-06 20:03:42 INFO  scripts.synthetic_model_comparison.training.evaluation | evaluating on 4 batches
2026-08-06 20:03:48 INFO  scripts.synthetic_model_comparison.training.training_pipeline | epoch 115/200 — val mAP50=0.9554 mAP50_95=0.7606 (selection mAP50_95=0.7606)
2026-08-06 20:03:48 INFO  scripts.synthetic_model_comparison.training.evaluation | mlflow: logged val/mAP50=0.9554 val/mAP50_95=0.7606 (step=114)
2026-08-06 20:03:49 INFO  scripts.synthetic_model_comparison.training.evaluation | mlflow: logged val per-class AP table (12 classes)
2026-08-06 20:03:49 INFO  scripts.synthetic_model_comparison.training.training_pipeline | saved checkpoint: /home/debian/Master-Thesis/scripts/synthetic_model_comparison/training/model_exports/yolo26n-gpt-image-2-low-compressed-seed42-20260806-192648/last.pt
2026-08-06 20:03:49 INFO  scripts.synthetic_model_comparison.training.training_pipeline | epoch 115/200 done — next lr=0.00393274, epochs_since_improve=3/20
2026-08-06 20:03:49 INFO  scripts.synthetic_model_comparison.training.training_pipeline | epoch 116/200 — train start (lr=0.00393274, batches=15)
2026-08-06 20:04:00 INFO  scripts.synthetic_model_comparison.training.training_pipeline | epoch 116/200 — train done in 11.3s | avg loss_box=0.6319 loss_cls=0.3916 loss_dfl=0.0176 loss_total=65.7320
2026-08-06 20:04:00 INFO  scripts.synthetic_model_comparison.training.evaluation | evaluating on 4 batches
2026-08-06 20:04:06 INFO  scripts.synthetic_model_comparison.training.training_pipeline | epoch 116/200 — val mAP50=0.9322 mAP50_95=0.7205 (selection mAP50_95=0.7205)
2026-08-06 20:04:07 INFO  scripts.synthetic_model_comparison.training.evaluation | mlflow: logged val/mAP50=0.9322 val/mAP50_95=0.7205 (step=115)
2026-08-06 20:04:07 INFO  scripts.synthetic_model_comparison.training.evaluation | mlflow: logged val per-class AP table (12 classes)
2026-08-06 20:04:07 INFO  scripts.synthetic_model_comparison.training.training_pipeline | saved checkpoint: /home/debian/Master-Thesis/scripts/synthetic_model_comparison/training/model_exports/yolo26n-gpt-image-2-low-compressed-seed42-20260806-192648/last.pt
2026-08-06 20:04:08 INFO  scripts.synthetic_model_comparison.training.training_pipeline | epoch 116/200 done — next lr=0.00385508, epochs_since_improve=4/20
2026-08-06 20:04:08 INFO  scripts.synthetic_model_comparison.training.training_pipeline | epoch 117/200 — train start (lr=0.00385508, batches=15)
2026-08-06 20:04:18 INFO  scripts.synthetic_model_comparison.training.training_pipeline | step 1750 | loss_box=0.5829 loss_cls=0.3594 loss_dfl=0.0148 loss_total=62.6944 lr=0.00379832
2026-08-06 20:04:21 INFO  scripts.synthetic_model_comparison.training.training_pipeline | epoch 117/200 — train done in 13.2s | avg loss_box=0.6218 loss_cls=0.3736 loss_dfl=0.0169 loss_total=64.3455
2026-08-06 20:04:21 INFO  scripts.synthetic_model_comparison.training.evaluation | evaluating on 4 batches
2026-08-06 20:04:27 INFO  scripts.synthetic_model_comparison.training.training_pipeline | epoch 117/200 — val mAP50=0.9583 mAP50_95=0.7524 (selection mAP50_95=0.7524)
2026-08-06 20:04:27 INFO  scripts.synthetic_model_comparison.training.evaluation | mlflow: logged val/mAP50=0.9583 val/mAP50_95=0.7524 (step=116)
2026-08-06 20:04:28 INFO  scripts.synthetic_model_comparison.training.evaluation | mlflow: logged val per-class AP table (12 classes)
2026-08-06 20:04:28 INFO  scripts.synthetic_model_comparison.training.training_pipeline | saved checkpoint: /home/debian/Master-Thesis/scripts/synthetic_model_comparison/training/model_exports/yolo26n-gpt-image-2-low-compressed-seed42-20260806-192648/last.pt
2026-08-06 20:04:28 INFO  scripts.synthetic_model_comparison.training.training_pipeline | epoch 117/200 done — next lr=0.00377772, epochs_since_improve=5/20
2026-08-06 20:04:28 INFO  scripts.synthetic_model_comparison.training.training_pipeline | epoch 118/200 — train start (lr=0.00377772, batches=15)
2026-08-06 20:04:40 INFO  scripts.synthetic_model_comparison.training.training_pipeline | epoch 118/200 — train done in 11.6s | avg loss_box=0.6158 loss_cls=0.3996 loss_dfl=0.0172 loss_total=64.8621
2026-08-06 20:04:40 INFO  scripts.synthetic_model_comparison.training.evaluation | evaluating on 4 batches
2026-08-06 20:04:45 INFO  scripts.synthetic_model_comparison.training.training_pipeline | epoch 118/200 — val mAP50=0.9426 mAP50_95=0.7231 (selection mAP50_95=0.7231)
2026-08-06 20:04:46 INFO  scripts.synthetic_model_comparison.training.evaluation | mlflow: logged val/mAP50=0.9426 val/mAP50_95=0.7231 (step=117)
2026-08-06 20:04:46 INFO  scripts.synthetic_model_comparison.training.evaluation | mlflow: logged val per-class AP table (12 classes)
2026-08-06 20:04:46 INFO  scripts.synthetic_model_comparison.training.training_pipeline | saved checkpoint: /home/debian/Master-Thesis/scripts/synthetic_model_comparison/training/model_exports/yolo26n-gpt-image-2-low-compressed-seed42-20260806-192648/last.pt
2026-08-06 20:04:47 INFO  scripts.synthetic_model_comparison.training.training_pipeline | epoch 118/200 done — next lr=0.00370066, epochs_since_improve=6/20
2026-08-06 20:04:47 INFO  scripts.synthetic_model_comparison.training.training_pipeline | epoch 119/200 — train start (lr=0.00370066, batches=15)
2026-08-06 20:04:59 INFO  scripts.synthetic_model_comparison.training.training_pipeline | epoch 119/200 — train done in 12.0s | avg loss_box=0.6484 loss_cls=0.3921 loss_dfl=0.0183 loss_total=66.7952
2026-08-06 20:04:59 INFO  scripts.synthetic_model_comparison.training.evaluation | evaluating on 4 batches
2026-08-06 20:05:05 INFO  scripts.synthetic_model_comparison.training.training_pipeline | epoch 119/200 — val mAP50=0.9639 mAP50_95=0.7669 (selection mAP50_95=0.7669)
2026-08-06 20:05:05 INFO  scripts.synthetic_model_comparison.training.evaluation | mlflow: logged val/mAP50=0.9639 val/mAP50_95=0.7669 (step=118)
2026-08-06 20:05:06 INFO  scripts.synthetic_model_comparison.training.evaluation | mlflow: logged val per-class AP table (12 classes)
2026-08-06 20:05:06 INFO  scripts.synthetic_model_comparison.training.training_pipeline | saved checkpoint: /home/debian/Master-Thesis/scripts/synthetic_model_comparison/training/model_exports/yolo26n-gpt-image-2-low-compressed-seed42-20260806-192648/best.pt
2026-08-06 20:05:06 INFO  scripts.synthetic_model_comparison.training.training_pipeline | new best mAP50_95=0.7669 at epoch 119
2026-08-06 20:05:06 INFO  scripts.synthetic_model_comparison.training.training_pipeline | saved checkpoint: /home/debian/Master-Thesis/scripts/synthetic_model_comparison/training/model_exports/yolo26n-gpt-image-2-low-compressed-seed42-20260806-192648/last.pt
2026-08-06 20:05:06 INFO  scripts.synthetic_model_comparison.training.training_pipeline | epoch 119/200 done — next lr=0.00362394, epochs_since_improve=0/20
2026-08-06 20:05:06 INFO  scripts.synthetic_model_comparison.training.training_pipeline | epoch 120/200 — train start (lr=0.00362394, batches=15)
2026-08-06 20:05:18 INFO  scripts.synthetic_model_comparison.training.training_pipeline | epoch 120/200 — train done in 11.4s | avg loss_box=0.6195 loss_cls=0.3798 loss_dfl=0.0171 loss_total=64.4450
2026-08-06 20:05:18 INFO  scripts.synthetic_model_comparison.training.evaluation | evaluating on 4 batches
2026-08-06 20:05:24 INFO  scripts.synthetic_model_comparison.training.training_pipeline | epoch 120/200 — val mAP50=0.9549 mAP50_95=0.7595 (selection mAP50_95=0.7595)
2026-08-06 20:05:24 INFO  scripts.synthetic_model_comparison.training.evaluation | mlflow: logged val/mAP50=0.9549 val/mAP50_95=0.7595 (step=119)
2026-08-06 20:05:25 INFO  scripts.synthetic_model_comparison.training.evaluation | mlflow: logged val per-class AP table (12 classes)
2026-08-06 20:05:25 INFO  scripts.synthetic_model_comparison.training.training_pipeline | saved checkpoint: /home/debian/Master-Thesis/scripts/synthetic_model_comparison/training/model_exports/yolo26n-gpt-image-2-low-compressed-seed42-20260806-192648/last.pt
2026-08-06 20:05:25 INFO  scripts.synthetic_model_comparison.training.training_pipeline | epoch 120/200 done — next lr=0.00354757, epochs_since_improve=1/20
2026-08-06 20:05:25 INFO  scripts.synthetic_model_comparison.training.training_pipeline | epoch 121/200 — train start (lr=0.00354757, batches=15)
2026-08-06 20:05:30 INFO  scripts.synthetic_model_comparison.training.training_pipeline | step 1800 | loss_box=0.5311 loss_cls=0.3180 loss_dfl=0.0162 loss_total=56.1191 lr=0.00354249
2026-08-06 20:05:37 INFO  scripts.synthetic_model_comparison.training.training_pipeline | epoch 121/200 — train done in 12.4s | avg loss_box=0.6185 loss_cls=0.3747 loss_dfl=0.0170 loss_total=63.9800
2026-08-06 20:05:37 INFO  scripts.synthetic_model_comparison.training.evaluation | evaluating on 4 batches
2026-08-06 20:05:43 INFO  scripts.synthetic_model_comparison.training.training_pipeline | epoch 121/200 — val mAP50=0.9552 mAP50_95=0.7416 (selection mAP50_95=0.7416)
2026-08-06 20:05:44 INFO  scripts.synthetic_model_comparison.training.evaluation | mlflow: logged val/mAP50=0.9552 val/mAP50_95=0.7416 (step=120)
2026-08-06 20:05:44 INFO  scripts.synthetic_model_comparison.training.evaluation | mlflow: logged val per-class AP table (12 classes)
2026-08-06 20:05:44 INFO  scripts.synthetic_model_comparison.training.training_pipeline | saved checkpoint: /home/debian/Master-Thesis/scripts/synthetic_model_comparison/training/model_exports/yolo26n-gpt-image-2-low-compressed-seed42-20260806-192648/last.pt
2026-08-06 20:05:45 INFO  scripts.synthetic_model_comparison.training.training_pipeline | epoch 121/200 done — next lr=0.00347156, epochs_since_improve=2/20
2026-08-06 20:05:45 INFO  scripts.synthetic_model_comparison.training.training_pipeline | epoch 122/200 — train start (lr=0.00347156, batches=15)
2026-08-06 20:05:56 INFO  scripts.synthetic_model_comparison.training.training_pipeline | epoch 122/200 — train done in 11.5s | avg loss_box=0.6239 loss_cls=0.3552 loss_dfl=0.0171 loss_total=63.4987
2026-08-06 20:05:56 INFO  scripts.synthetic_model_comparison.training.evaluation | evaluating on 4 batches
2026-08-06 20:06:02 INFO  scripts.synthetic_model_comparison.training.training_pipeline | epoch 122/200 — val mAP50=0.9562 mAP50_95=0.7626 (selection mAP50_95=0.7626)
2026-08-06 20:06:03 INFO  scripts.synthetic_model_comparison.training.evaluation | mlflow: logged val/mAP50=0.9562 val/mAP50_95=0.7626 (step=121)
2026-08-06 20:06:03 INFO  scripts.synthetic_model_comparison.training.evaluation | mlflow: logged val per-class AP table (12 classes)
2026-08-06 20:06:03 INFO  scripts.synthetic_model_comparison.training.training_pipeline | saved checkpoint: /home/debian/Master-Thesis/scripts/synthetic_model_comparison/training/model_exports/yolo26n-gpt-image-2-low-compressed-seed42-20260806-192648/last.pt
2026-08-06 20:06:03 INFO  scripts.synthetic_model_comparison.training.training_pipeline | epoch 122/200 done — next lr=0.00339595, epochs_since_improve=3/20
2026-08-06 20:06:03 INFO  scripts.synthetic_model_comparison.training.training_pipeline | epoch 123/200 — train start (lr=0.00339595, batches=15)
2026-08-06 20:06:15 INFO  scripts.synthetic_model_comparison.training.training_pipeline | epoch 123/200 — train done in 11.2s | avg loss_box=0.5947 loss_cls=0.3376 loss_dfl=0.0161 loss_total=61.0976
2026-08-06 20:06:15 INFO  scripts.synthetic_model_comparison.training.evaluation | evaluating on 4 batches
2026-08-06 20:06:20 INFO  scripts.synthetic_model_comparison.training.training_pipeline | epoch 123/200 — val mAP50=0.9626 mAP50_95=0.7633 (selection mAP50_95=0.7633)
2026-08-06 20:06:21 INFO  scripts.synthetic_model_comparison.training.evaluation | mlflow: logged val/mAP50=0.9626 val/mAP50_95=0.7633 (step=122)
2026-08-06 20:06:22 INFO  scripts.synthetic_model_comparison.training.evaluation | mlflow: logged val per-class AP table (12 classes)
2026-08-06 20:06:22 INFO  scripts.synthetic_model_comparison.training.training_pipeline | saved checkpoint: /home/debian/Master-Thesis/scripts/synthetic_model_comparison/training/model_exports/yolo26n-gpt-image-2-low-compressed-seed42-20260806-192648/last.pt
2026-08-06 20:06:22 INFO  scripts.synthetic_model_comparison.training.training_pipeline | epoch 123/200 done — next lr=0.00332075, epochs_since_improve=4/20
2026-08-06 20:06:22 INFO  scripts.synthetic_model_comparison.training.training_pipeline | epoch 124/200 — train start (lr=0.00332075, batches=15)
2026-08-06 20:06:30 INFO  scripts.synthetic_model_comparison.training.training_pipeline | step 1850 | loss_box=0.5623 loss_cls=0.3439 loss_dfl=0.0164 loss_total=58.3267 lr=0.00329079
2026-08-06 20:06:35 INFO  scripts.synthetic_model_comparison.training.training_pipeline | epoch 124/200 — train done in 12.8s | avg loss_box=0.6233 loss_cls=0.3692 loss_dfl=0.0171 loss_total=63.4407
2026-08-06 20:06:35 INFO  scripts.synthetic_model_comparison.training.evaluation | evaluating on 4 batches
2026-08-06 20:06:41 INFO  scripts.synthetic_model_comparison.training.training_pipeline | epoch 124/200 — val mAP50=0.9529 mAP50_95=0.7400 (selection mAP50_95=0.7400)
2026-08-06 20:06:41 INFO  scripts.synthetic_model_comparison.training.evaluation | mlflow: logged val/mAP50=0.9529 val/mAP50_95=0.7400 (step=123)
2026-08-06 20:06:42 INFO  scripts.synthetic_model_comparison.training.evaluation | mlflow: logged val per-class AP table (12 classes)
2026-08-06 20:06:42 INFO  scripts.synthetic_model_comparison.training.training_pipeline | saved checkpoint: /home/debian/Master-Thesis/scripts/synthetic_model_comparison/training/model_exports/yolo26n-gpt-image-2-low-compressed-seed42-20260806-192648/last.pt
2026-08-06 20:06:42 INFO  scripts.synthetic_model_comparison.training.training_pipeline | epoch 124/200 done — next lr=0.00324598, epochs_since_improve=5/20
2026-08-06 20:06:42 INFO  scripts.synthetic_model_comparison.training.training_pipeline | epoch 125/200 — train start (lr=0.00324598, batches=15)
2026-08-06 20:06:54 INFO  scripts.synthetic_model_comparison.training.training_pipeline | epoch 125/200 — train done in 11.7s | avg loss_box=0.5883 loss_cls=0.3551 loss_dfl=0.0162 loss_total=61.0382
2026-08-06 20:06:54 INFO  scripts.synthetic_model_comparison.training.evaluation | evaluating on 4 batches
2026-08-06 20:07:00 INFO  scripts.synthetic_model_comparison.training.training_pipeline | epoch 125/200 — val mAP50=0.9542 mAP50_95=0.7517 (selection mAP50_95=0.7517)
2026-08-06 20:07:00 INFO  scripts.synthetic_model_comparison.training.evaluation | mlflow: logged val/mAP50=0.9542 val/mAP50_95=0.7517 (step=124)
2026-08-06 20:07:01 INFO  scripts.synthetic_model_comparison.training.evaluation | mlflow: logged val per-class AP table (12 classes)
2026-08-06 20:07:01 INFO  scripts.synthetic_model_comparison.training.training_pipeline | saved checkpoint: /home/debian/Master-Thesis/scripts/synthetic_model_comparison/training/model_exports/yolo26n-gpt-image-2-low-compressed-seed42-20260806-192648/last.pt
2026-08-06 20:07:01 INFO  scripts.synthetic_model_comparison.training.training_pipeline | epoch 125/200 done — next lr=0.00317165, epochs_since_improve=6/20
2026-08-06 20:07:01 INFO  scripts.synthetic_model_comparison.training.training_pipeline | epoch 126/200 — train start (lr=0.00317165, batches=15)
2026-08-06 20:07:13 INFO  scripts.synthetic_model_comparison.training.training_pipeline | epoch 126/200 — train done in 11.9s | avg loss_box=0.6105 loss_cls=0.3524 loss_dfl=0.0166 loss_total=62.3991
2026-08-06 20:07:13 INFO  scripts.synthetic_model_comparison.training.evaluation | evaluating on 4 batches
2026-08-06 20:07:19 INFO  scripts.synthetic_model_comparison.training.training_pipeline | epoch 126/200 — val mAP50=0.9543 mAP50_95=0.7517 (selection mAP50_95=0.7517)
2026-08-06 20:07:20 INFO  scripts.synthetic_model_comparison.training.evaluation | mlflow: logged val/mAP50=0.9543 val/mAP50_95=0.7517 (step=125)
2026-08-06 20:07:20 INFO  scripts.synthetic_model_comparison.training.evaluation | mlflow: logged val per-class AP table (12 classes)
2026-08-06 20:07:20 INFO  scripts.synthetic_model_comparison.training.training_pipeline | saved checkpoint: /home/debian/Master-Thesis/scripts/synthetic_model_comparison/training/model_exports/yolo26n-gpt-image-2-low-compressed-seed42-20260806-192648/last.pt
2026-08-06 20:07:20 INFO  scripts.synthetic_model_comparison.training.training_pipeline | epoch 126/200 done — next lr=0.00309779, epochs_since_improve=7/20
2026-08-06 20:07:20 INFO  scripts.synthetic_model_comparison.training.training_pipeline | epoch 127/200 — train start (lr=0.00309779, batches=15)
2026-08-06 20:07:30 INFO  scripts.synthetic_model_comparison.training.training_pipeline | step 1900 | loss_box=0.6220 loss_cls=0.3583 loss_dfl=0.0168 loss_total=63.3438 lr=0.00304393
2026-08-06 20:07:33 INFO  scripts.synthetic_model_comparison.training.training_pipeline | epoch 127/200 — train done in 13.1s | avg loss_box=0.5861 loss_cls=0.3414 loss_dfl=0.0160 loss_total=60.2353
2026-08-06 20:07:33 INFO  scripts.synthetic_model_comparison.training.evaluation | evaluating on 4 batches
2026-08-06 20:07:39 INFO  scripts.synthetic_model_comparison.training.training_pipeline | epoch 127/200 — val mAP50=0.9584 mAP50_95=0.7563 (selection mAP50_95=0.7563)
2026-08-06 20:07:40 INFO  scripts.synthetic_model_comparison.training.evaluation | mlflow: logged val/mAP50=0.9584 val/mAP50_95=0.7563 (step=126)
2026-08-06 20:07:40 INFO  scripts.synthetic_model_comparison.training.evaluation | mlflow: logged val per-class AP table (12 classes)
2026-08-06 20:07:40 INFO  scripts.synthetic_model_comparison.training.training_pipeline | saved checkpoint: /home/debian/Master-Thesis/scripts/synthetic_model_comparison/training/model_exports/yolo26n-gpt-image-2-low-compressed-seed42-20260806-192648/last.pt
2026-08-06 20:07:41 INFO  scripts.synthetic_model_comparison.training.training_pipeline | epoch 127/200 done — next lr=0.00302441, epochs_since_improve=8/20
2026-08-06 20:07:41 INFO  scripts.synthetic_model_comparison.training.training_pipeline | epoch 128/200 — train start (lr=0.00302441, batches=15)
2026-08-06 20:07:52 INFO  scripts.synthetic_model_comparison.training.training_pipeline | epoch 128/200 — train done in 11.3s | avg loss_box=0.5811 loss_cls=0.3396 loss_dfl=0.0161 loss_total=60.0255
2026-08-06 20:07:52 INFO  scripts.synthetic_model_comparison.training.evaluation | evaluating on 4 batches
2026-08-06 20:07:58 INFO  scripts.synthetic_model_comparison.training.training_pipeline | epoch 128/200 — val mAP50=0.9613 mAP50_95=0.7571 (selection mAP50_95=0.7571)
2026-08-06 20:07:58 INFO  scripts.synthetic_model_comparison.training.evaluation | mlflow: logged val/mAP50=0.9613 val/mAP50_95=0.7571 (step=127)
2026-08-06 20:07:59 INFO  scripts.synthetic_model_comparison.training.evaluation | mlflow: logged val per-class AP table (12 classes)
2026-08-06 20:07:59 INFO  scripts.synthetic_model_comparison.training.training_pipeline | saved checkpoint: /home/debian/Master-Thesis/scripts/synthetic_model_comparison/training/model_exports/yolo26n-gpt-image-2-low-compressed-seed42-20260806-192648/last.pt
2026-08-06 20:07:59 INFO  scripts.synthetic_model_comparison.training.training_pipeline | epoch 128/200 done — next lr=0.00295154, epochs_since_improve=9/20
2026-08-06 20:07:59 INFO  scripts.synthetic_model_comparison.training.training_pipeline | epoch 129/200 — train start (lr=0.00295154, batches=15)
2026-08-06 20:08:11 INFO  scripts.synthetic_model_comparison.training.training_pipeline | epoch 129/200 — train done in 11.6s | avg loss_box=0.5962 loss_cls=0.3430 loss_dfl=0.0166 loss_total=61.0948
2026-08-06 20:08:11 INFO  scripts.synthetic_model_comparison.training.evaluation | evaluating on 4 batches
2026-08-06 20:08:17 INFO  scripts.synthetic_model_comparison.training.training_pipeline | epoch 129/200 — val mAP50=0.9582 mAP50_95=0.7698 (selection mAP50_95=0.7698)
2026-08-06 20:08:17 INFO  scripts.synthetic_model_comparison.training.evaluation | mlflow: logged val/mAP50=0.9582 val/mAP50_95=0.7698 (step=128)
2026-08-06 20:08:17 INFO  scripts.synthetic_model_comparison.training.evaluation | mlflow: logged val per-class AP table (12 classes)
2026-08-06 20:08:18 INFO  scripts.synthetic_model_comparison.training.training_pipeline | saved checkpoint: /home/debian/Master-Thesis/scripts/synthetic_model_comparison/training/model_exports/yolo26n-gpt-image-2-low-compressed-seed42-20260806-192648/best.pt
2026-08-06 20:08:18 INFO  scripts.synthetic_model_comparison.training.training_pipeline | new best mAP50_95=0.7698 at epoch 129
2026-08-06 20:08:18 INFO  scripts.synthetic_model_comparison.training.training_pipeline | saved checkpoint: /home/debian/Master-Thesis/scripts/synthetic_model_comparison/training/model_exports/yolo26n-gpt-image-2-low-compressed-seed42-20260806-192648/last.pt
2026-08-06 20:08:18 INFO  scripts.synthetic_model_comparison.training.training_pipeline | epoch 129/200 done — next lr=0.00287919, epochs_since_improve=0/20
2026-08-06 20:08:18 INFO  scripts.synthetic_model_comparison.training.training_pipeline | epoch 130/200 — train start (lr=0.00287919, batches=15)
2026-08-06 20:08:29 INFO  scripts.synthetic_model_comparison.training.training_pipeline | epoch 130/200 — train done in 11.4s | avg loss_box=0.5749 loss_cls=0.3278 loss_dfl=0.0156 loss_total=58.8911
2026-08-06 20:08:29 INFO  scripts.synthetic_model_comparison.training.evaluation | evaluating on 4 batches
2026-08-06 20:08:35 INFO  scripts.synthetic_model_comparison.training.training_pipeline | epoch 130/200 — val mAP50=0.9542 mAP50_95=0.7682 (selection mAP50_95=0.7682)
2026-08-06 20:08:36 INFO  scripts.synthetic_model_comparison.training.evaluation | mlflow: logged val/mAP50=0.9542 val/mAP50_95=0.7682 (step=129)
2026-08-06 20:08:36 INFO  scripts.synthetic_model_comparison.training.evaluation | mlflow: logged val per-class AP table (12 classes)
2026-08-06 20:08:36 INFO  scripts.synthetic_model_comparison.training.training_pipeline | saved checkpoint: /home/debian/Master-Thesis/scripts/synthetic_model_comparison/training/model_exports/yolo26n-gpt-image-2-low-compressed-seed42-20260806-192648/last.pt
2026-08-06 20:08:37 INFO  scripts.synthetic_model_comparison.training.training_pipeline | epoch 130/200 done — next lr=0.00280738, epochs_since_improve=1/20
2026-08-06 20:08:37 INFO  scripts.synthetic_model_comparison.training.training_pipeline | epoch 131/200 — train start (lr=0.00280738, batches=15)
2026-08-06 20:08:42 INFO  scripts.synthetic_model_comparison.training.training_pipeline | step 1950 | loss_box=0.6693 loss_cls=0.3839 loss_dfl=0.0165 loss_total=66.7746 lr=0.00280262
2026-08-06 20:08:49 INFO  scripts.synthetic_model_comparison.training.training_pipeline | epoch 131/200 — train done in 12.8s | avg loss_box=0.5707 loss_cls=0.3186 loss_dfl=0.0156 loss_total=58.3604
2026-08-06 20:08:49 INFO  scripts.synthetic_model_comparison.training.evaluation | evaluating on 4 batches
2026-08-06 20:08:55 INFO  scripts.synthetic_model_comparison.training.training_pipeline | epoch 131/200 — val mAP50=0.9545 mAP50_95=0.7718 (selection mAP50_95=0.7718)
2026-08-06 20:08:56 INFO  scripts.synthetic_model_comparison.training.evaluation | mlflow: logged val/mAP50=0.9545 val/mAP50_95=0.7718 (step=130)
2026-08-06 20:08:56 INFO  scripts.synthetic_model_comparison.training.evaluation | mlflow: logged val per-class AP table (12 classes)
2026-08-06 20:08:56 INFO  scripts.synthetic_model_comparison.training.training_pipeline | saved checkpoint: /home/debian/Master-Thesis/scripts/synthetic_model_comparison/training/model_exports/yolo26n-gpt-image-2-low-compressed-seed42-20260806-192648/best.pt
2026-08-06 20:08:56 INFO  scripts.synthetic_model_comparison.training.training_pipeline | new best mAP50_95=0.7718 at epoch 131
2026-08-06 20:08:56 INFO  scripts.synthetic_model_comparison.training.training_pipeline | saved checkpoint: /home/debian/Master-Thesis/scripts/synthetic_model_comparison/training/model_exports/yolo26n-gpt-image-2-low-compressed-seed42-20260806-192648/last.pt
2026-08-06 20:08:57 INFO  scripts.synthetic_model_comparison.training.training_pipeline | epoch 131/200 done — next lr=0.00273613, epochs_since_improve=0/20
2026-08-06 20:08:57 INFO  scripts.synthetic_model_comparison.training.training_pipeline | epoch 132/200 — train start (lr=0.00273613, batches=15)
2026-08-06 20:09:08 INFO  scripts.synthetic_model_comparison.training.training_pipeline | epoch 132/200 — train done in 11.6s | avg loss_box=0.5495 loss_cls=0.3175 loss_dfl=0.0150 loss_total=56.9236
2026-08-06 20:09:08 INFO  scripts.synthetic_model_comparison.training.evaluation | evaluating on 4 batches
2026-08-06 20:09:14 INFO  scripts.synthetic_model_comparison.training.training_pipeline | epoch 132/200 — val mAP50=0.9616 mAP50_95=0.7836 (selection mAP50_95=0.7836)
2026-08-06 20:09:15 INFO  scripts.synthetic_model_comparison.training.evaluation | mlflow: logged val/mAP50=0.9616 val/mAP50_95=0.7836 (step=131)
2026-08-06 20:09:15 INFO  scripts.synthetic_model_comparison.training.evaluation | mlflow: logged val per-class AP table (12 classes)
2026-08-06 20:09:15 INFO  scripts.synthetic_model_comparison.training.training_pipeline | saved checkpoint: /home/debian/Master-Thesis/scripts/synthetic_model_comparison/training/model_exports/yolo26n-gpt-image-2-low-compressed-seed42-20260806-192648/best.pt
2026-08-06 20:09:15 INFO  scripts.synthetic_model_comparison.training.training_pipeline | new best mAP50_95=0.7836 at epoch 132
2026-08-06 20:09:15 INFO  scripts.synthetic_model_comparison.training.training_pipeline | saved checkpoint: /home/debian/Master-Thesis/scripts/synthetic_model_comparison/training/model_exports/yolo26n-gpt-image-2-low-compressed-seed42-20260806-192648/last.pt
2026-08-06 20:09:16 INFO  scripts.synthetic_model_comparison.training.training_pipeline | epoch 132/200 done — next lr=0.00266546, epochs_since_improve=0/20
2026-08-06 20:09:16 INFO  scripts.synthetic_model_comparison.training.training_pipeline | epoch 133/200 — train start (lr=0.00266546, batches=15)
2026-08-06 20:09:27 INFO  scripts.synthetic_model_comparison.training.training_pipeline | epoch 133/200 — train done in 11.7s | avg loss_box=0.5501 loss_cls=0.3298 loss_dfl=0.0149 loss_total=57.0694
2026-08-06 20:09:27 INFO  scripts.synthetic_model_comparison.training.evaluation | evaluating on 4 batches
2026-08-06 20:09:33 INFO  scripts.synthetic_model_comparison.training.training_pipeline | epoch 133/200 — val mAP50=0.9581 mAP50_95=0.7718 (selection mAP50_95=0.7718)
2026-08-06 20:09:34 INFO  scripts.synthetic_model_comparison.training.evaluation | mlflow: logged val/mAP50=0.9581 val/mAP50_95=0.7718 (step=132)
2026-08-06 20:09:34 INFO  scripts.synthetic_model_comparison.training.evaluation | mlflow: logged val per-class AP table (12 classes)
2026-08-06 20:09:34 INFO  scripts.synthetic_model_comparison.training.training_pipeline | saved checkpoint: /home/debian/Master-Thesis/scripts/synthetic_model_comparison/training/model_exports/yolo26n-gpt-image-2-low-compressed-seed42-20260806-192648/last.pt
2026-08-06 20:09:35 INFO  scripts.synthetic_model_comparison.training.training_pipeline | epoch 133/200 done — next lr=0.00259538, epochs_since_improve=1/20
2026-08-06 20:09:35 INFO  scripts.synthetic_model_comparison.training.training_pipeline | epoch 134/200 — train start (lr=0.00259538, batches=15)
2026-08-06 20:09:43 INFO  scripts.synthetic_model_comparison.training.training_pipeline | step 2000 | loss_box=0.4270 loss_cls=0.2805 loss_dfl=0.0133 loss_total=48.3658 lr=0.00256752
2026-08-06 20:09:48 INFO  scripts.synthetic_model_comparison.training.training_pipeline | epoch 134/200 — train done in 13.6s | avg loss_box=0.5442 loss_cls=0.3268 loss_dfl=0.0148 loss_total=56.8006
2026-08-06 20:09:48 INFO  scripts.synthetic_model_comparison.training.evaluation | evaluating on 4 batches
2026-08-06 20:09:54 INFO  scripts.synthetic_model_comparison.training.training_pipeline | epoch 134/200 — val mAP50=0.9637 mAP50_95=0.7761 (selection mAP50_95=0.7761)
2026-08-06 20:09:55 INFO  scripts.synthetic_model_comparison.training.evaluation | mlflow: logged val/mAP50=0.9637 val/mAP50_95=0.7761 (step=133)
2026-08-06 20:09:55 INFO  scripts.synthetic_model_comparison.training.evaluation | mlflow: logged val per-class AP table (12 classes)
2026-08-06 20:09:55 INFO  scripts.synthetic_model_comparison.training.training_pipeline | saved checkpoint: /home/debian/Master-Thesis/scripts/synthetic_model_comparison/training/model_exports/yolo26n-gpt-image-2-low-compressed-seed42-20260806-192648/last.pt
2026-08-06 20:09:56 INFO  scripts.synthetic_model_comparison.training.training_pipeline | epoch 134/200 done — next lr=0.00252592, epochs_since_improve=2/20
2026-08-06 20:09:56 INFO  scripts.synthetic_model_comparison.training.training_pipeline | epoch 135/200 — train start (lr=0.00252592, batches=15)
2026-08-06 20:10:07 INFO  scripts.synthetic_model_comparison.training.training_pipeline | epoch 135/200 — train done in 11.7s | avg loss_box=0.5565 loss_cls=0.3213 loss_dfl=0.0149 loss_total=57.2120
2026-08-06 20:10:07 INFO  scripts.synthetic_model_comparison.training.evaluation | evaluating on 4 batches
2026-08-06 20:10:13 INFO  scripts.synthetic_model_comparison.training.training_pipeline | epoch 135/200 — val mAP50=0.9635 mAP50_95=0.7787 (selection mAP50_95=0.7787)
2026-08-06 20:10:14 INFO  scripts.synthetic_model_comparison.training.evaluation | mlflow: logged val/mAP50=0.9635 val/mAP50_95=0.7787 (step=134)
2026-08-06 20:10:14 INFO  scripts.synthetic_model_comparison.training.evaluation | mlflow: logged val per-class AP table (12 classes)
2026-08-06 20:10:14 INFO  scripts.synthetic_model_comparison.training.training_pipeline | saved checkpoint: /home/debian/Master-Thesis/scripts/synthetic_model_comparison/training/model_exports/yolo26n-gpt-image-2-low-compressed-seed42-20260806-192648/last.pt
2026-08-06 20:10:15 INFO  scripts.synthetic_model_comparison.training.training_pipeline | epoch 135/200 done — next lr=0.00245708, epochs_since_improve=3/20
2026-08-06 20:10:15 INFO  scripts.synthetic_model_comparison.training.training_pipeline | epoch 136/200 — train start (lr=0.00245708, batches=15)
2026-08-06 20:10:26 INFO  scripts.synthetic_model_comparison.training.training_pipeline | epoch 136/200 — train done in 11.7s | avg loss_box=0.5656 loss_cls=0.3101 loss_dfl=0.0155 loss_total=57.2254
2026-08-06 20:10:26 INFO  scripts.synthetic_model_comparison.training.evaluation | evaluating on 4 batches
2026-08-06 20:10:32 INFO  scripts.synthetic_model_comparison.training.training_pipeline | epoch 136/200 — val mAP50=0.9625 mAP50_95=0.7790 (selection mAP50_95=0.7790)
2026-08-06 20:10:33 INFO  scripts.synthetic_model_comparison.training.evaluation | mlflow: logged val/mAP50=0.9625 val/mAP50_95=0.7790 (step=135)
2026-08-06 20:10:33 INFO  scripts.synthetic_model_comparison.training.evaluation | mlflow: logged val per-class AP table (12 classes)
2026-08-06 20:10:33 INFO  scripts.synthetic_model_comparison.training.training_pipeline | saved checkpoint: /home/debian/Master-Thesis/scripts/synthetic_model_comparison/training/model_exports/yolo26n-gpt-image-2-low-compressed-seed42-20260806-192648/last.pt
2026-08-06 20:10:33 INFO  scripts.synthetic_model_comparison.training.training_pipeline | epoch 136/200 done — next lr=0.0023889, epochs_since_improve=4/20
2026-08-06 20:10:33 INFO  scripts.synthetic_model_comparison.training.training_pipeline | epoch 137/200 — train start (lr=0.0023889, batches=15)
2026-08-06 20:10:44 INFO  scripts.synthetic_model_comparison.training.training_pipeline | step 2050 | loss_box=0.5986 loss_cls=0.2660 loss_dfl=0.0154 loss_total=55.8221 lr=0.00233931
2026-08-06 20:10:47 INFO  scripts.synthetic_model_comparison.training.training_pipeline | epoch 137/200 — train done in 13.7s | avg loss_box=0.5369 loss_cls=0.2983 loss_dfl=0.0145 loss_total=54.9846
2026-08-06 20:10:47 INFO  scripts.synthetic_model_comparison.training.evaluation | evaluating on 4 batches
2026-08-06 20:10:53 INFO  scripts.synthetic_model_comparison.training.training_pipeline | epoch 137/200 — val mAP50=0.9616 mAP50_95=0.7848 (selection mAP50_95=0.7848)
2026-08-06 20:10:54 INFO  scripts.synthetic_model_comparison.training.evaluation | mlflow: logged val/mAP50=0.9616 val/mAP50_95=0.7848 (step=136)
2026-08-06 20:10:54 INFO  scripts.synthetic_model_comparison.training.evaluation | mlflow: logged val per-class AP table (12 classes)
2026-08-06 20:10:54 INFO  scripts.synthetic_model_comparison.training.training_pipeline | saved checkpoint: /home/debian/Master-Thesis/scripts/synthetic_model_comparison/training/model_exports/yolo26n-gpt-image-2-low-compressed-seed42-20260806-192648/best.pt
2026-08-06 20:10:54 INFO  scripts.synthetic_model_comparison.training.training_pipeline | new best mAP50_95=0.7848 at epoch 137
2026-08-06 20:10:54 INFO  scripts.synthetic_model_comparison.training.training_pipeline | saved checkpoint: /home/debian/Master-Thesis/scripts/synthetic_model_comparison/training/model_exports/yolo26n-gpt-image-2-low-compressed-seed42-20260806-192648/last.pt
2026-08-06 20:10:54 INFO  scripts.synthetic_model_comparison.training.training_pipeline | epoch 137/200 done — next lr=0.00232138, epochs_since_improve=0/20
2026-08-06 20:10:54 INFO  scripts.synthetic_model_comparison.training.training_pipeline | epoch 138/200 — train start (lr=0.00232138, batches=15)
2026-08-06 20:11:06 INFO  scripts.synthetic_model_comparison.training.training_pipeline | epoch 138/200 — train done in 11.7s | avg loss_box=0.5395 loss_cls=0.2938 loss_dfl=0.0146 loss_total=54.9041
2026-08-06 20:11:06 INFO  scripts.synthetic_model_comparison.training.evaluation | evaluating on 4 batches
2026-08-06 20:11:12 INFO  scripts.synthetic_model_comparison.training.training_pipeline | epoch 138/200 — val mAP50=0.9613 mAP50_95=0.7865 (selection mAP50_95=0.7865)
2026-08-06 20:11:13 INFO  scripts.synthetic_model_comparison.training.evaluation | mlflow: logged val/mAP50=0.9613 val/mAP50_95=0.7865 (step=137)
2026-08-06 20:11:13 INFO  scripts.synthetic_model_comparison.training.evaluation | mlflow: logged val per-class AP table (12 classes)
2026-08-06 20:11:13 INFO  scripts.synthetic_model_comparison.training.training_pipeline | saved checkpoint: /home/debian/Master-Thesis/scripts/synthetic_model_comparison/training/model_exports/yolo26n-gpt-image-2-low-compressed-seed42-20260806-192648/best.pt
2026-08-06 20:11:13 INFO  scripts.synthetic_model_comparison.training.training_pipeline | new best mAP50_95=0.7865 at epoch 138
2026-08-06 20:11:13 INFO  scripts.synthetic_model_comparison.training.training_pipeline | saved checkpoint: /home/debian/Master-Thesis/scripts/synthetic_model_comparison/training/model_exports/yolo26n-gpt-image-2-low-compressed-seed42-20260806-192648/last.pt
2026-08-06 20:11:14 INFO  scripts.synthetic_model_comparison.training.training_pipeline | epoch 138/200 done — next lr=0.00225454, epochs_since_improve=0/20
2026-08-06 20:11:14 INFO  scripts.synthetic_model_comparison.training.training_pipeline | epoch 139/200 — train start (lr=0.00225454, batches=15)
2026-08-06 20:11:26 INFO  scripts.synthetic_model_comparison.training.training_pipeline | epoch 139/200 — train done in 12.0s | avg loss_box=0.5339 loss_cls=0.3039 loss_dfl=0.0148 loss_total=54.8792
2026-08-06 20:11:26 INFO  scripts.synthetic_model_comparison.training.evaluation | evaluating on 4 batches
2026-08-06 20:11:31 INFO  scripts.synthetic_model_comparison.training.training_pipeline | epoch 139/200 — val mAP50=0.9655 mAP50_95=0.7835 (selection mAP50_95=0.7835)
2026-08-06 20:11:32 INFO  scripts.synthetic_model_comparison.training.evaluation | mlflow: logged val/mAP50=0.9655 val/mAP50_95=0.7835 (step=138)
2026-08-06 20:11:32 INFO  scripts.synthetic_model_comparison.training.evaluation | mlflow: logged val per-class AP table (12 classes)
2026-08-06 20:11:33 INFO  scripts.synthetic_model_comparison.training.training_pipeline | saved checkpoint: /home/debian/Master-Thesis/scripts/synthetic_model_comparison/training/model_exports/yolo26n-gpt-image-2-low-compressed-seed42-20260806-192648/last.pt
2026-08-06 20:11:33 INFO  scripts.synthetic_model_comparison.training.training_pipeline | epoch 139/200 done — next lr=0.0021884, epochs_since_improve=1/20
2026-08-06 20:11:33 INFO  scripts.synthetic_model_comparison.training.training_pipeline | epoch 140/200 — train start (lr=0.0021884, batches=15)
2026-08-06 20:11:45 INFO  scripts.synthetic_model_comparison.training.training_pipeline | epoch 140/200 — train done in 11.8s | avg loss_box=0.5250 loss_cls=0.2943 loss_dfl=0.0142 loss_total=54.1680
2026-08-06 20:11:45 INFO  scripts.synthetic_model_comparison.training.evaluation | evaluating on 4 batches
2026-08-06 20:11:50 INFO  scripts.synthetic_model_comparison.training.training_pipeline | epoch 140/200 — val mAP50=0.9622 mAP50_95=0.7838 (selection mAP50_95=0.7838)
2026-08-06 20:11:51 INFO  scripts.synthetic_model_comparison.training.evaluation | mlflow: logged val/mAP50=0.9622 val/mAP50_95=0.7838 (step=139)
2026-08-06 20:11:51 INFO  scripts.synthetic_model_comparison.training.evaluation | mlflow: logged val per-class AP table (12 classes)
2026-08-06 20:11:52 INFO  scripts.synthetic_model_comparison.training.training_pipeline | saved checkpoint: /home/debian/Master-Thesis/scripts/synthetic_model_comparison/training/model_exports/yolo26n-gpt-image-2-low-compressed-seed42-20260806-192648/last.pt
2026-08-06 20:11:52 INFO  scripts.synthetic_model_comparison.training.training_pipeline | epoch 140/200 done — next lr=0.00212297, epochs_since_improve=2/20
2026-08-06 20:11:52 INFO  scripts.synthetic_model_comparison.training.training_pipeline | epoch 141/200 — train start (lr=0.00212297, batches=15)
2026-08-06 20:11:57 INFO  scripts.synthetic_model_comparison.training.training_pipeline | step 2100 | loss_box=0.4580 loss_cls=0.2037 loss_dfl=0.0139 loss_total=45.8670 lr=0.00211864
2026-08-06 20:12:05 INFO  scripts.synthetic_model_comparison.training.training_pipeline | epoch 141/200 — train done in 12.7s | avg loss_box=0.5345 loss_cls=0.3032 loss_dfl=0.0146 loss_total=55.0249
2026-08-06 20:12:05 INFO  scripts.synthetic_model_comparison.training.evaluation | evaluating on 4 batches
2026-08-06 20:12:10 INFO  scripts.synthetic_model_comparison.training.training_pipeline | epoch 141/200 — val mAP50=0.9486 mAP50_95=0.7556 (selection mAP50_95=0.7556)
2026-08-06 20:12:11 INFO  scripts.synthetic_model_comparison.training.evaluation | mlflow: logged val/mAP50=0.9486 val/mAP50_95=0.7556 (step=140)
2026-08-06 20:12:11 INFO  scripts.synthetic_model_comparison.training.evaluation | mlflow: logged val per-class AP table (12 classes)
2026-08-06 20:12:11 INFO  scripts.synthetic_model_comparison.training.training_pipeline | saved checkpoint: /home/debian/Master-Thesis/scripts/synthetic_model_comparison/training/model_exports/yolo26n-gpt-image-2-low-compressed-seed42-20260806-192648/last.pt
2026-08-06 20:12:12 INFO  scripts.synthetic_model_comparison.training.training_pipeline | epoch 141/200 done — next lr=0.00205828, epochs_since_improve=3/20
2026-08-06 20:12:12 INFO  scripts.synthetic_model_comparison.training.training_pipeline | epoch 142/200 — train start (lr=0.00205828, batches=15)
2026-08-06 20:12:24 INFO  scripts.synthetic_model_comparison.training.training_pipeline | epoch 142/200 — train done in 12.0s | avg loss_box=0.5206 loss_cls=0.2761 loss_dfl=0.0138 loss_total=52.4846
2026-08-06 20:12:24 INFO  scripts.synthetic_model_comparison.training.evaluation | evaluating on 4 batches
2026-08-06 20:12:30 INFO  scripts.synthetic_model_comparison.training.training_pipeline | epoch 142/200 — val mAP50=0.9699 mAP50_95=0.7917 (selection mAP50_95=0.7917)
2026-08-06 20:12:30 INFO  scripts.synthetic_model_comparison.training.evaluation | mlflow: logged val/mAP50=0.9699 val/mAP50_95=0.7917 (step=141)
2026-08-06 20:12:31 INFO  scripts.synthetic_model_comparison.training.evaluation | mlflow: logged val per-class AP table (12 classes)
2026-08-06 20:12:31 INFO  scripts.synthetic_model_comparison.training.training_pipeline | saved checkpoint: /home/debian/Master-Thesis/scripts/synthetic_model_comparison/training/model_exports/yolo26n-gpt-image-2-low-compressed-seed42-20260806-192648/best.pt
2026-08-06 20:12:31 INFO  scripts.synthetic_model_comparison.training.training_pipeline | new best mAP50_95=0.7917 at epoch 142
2026-08-06 20:12:31 INFO  scripts.synthetic_model_comparison.training.training_pipeline | saved checkpoint: /home/debian/Master-Thesis/scripts/synthetic_model_comparison/training/model_exports/yolo26n-gpt-image-2-low-compressed-seed42-20260806-192648/last.pt
2026-08-06 20:12:31 INFO  scripts.synthetic_model_comparison.training.training_pipeline | epoch 142/200 done — next lr=0.00199434, epochs_since_improve=0/20
2026-08-06 20:12:31 INFO  scripts.synthetic_model_comparison.training.training_pipeline | epoch 143/200 — train start (lr=0.00199434, batches=15)
2026-08-06 20:12:43 INFO  scripts.synthetic_model_comparison.training.training_pipeline | epoch 143/200 — train done in 11.9s | avg loss_box=0.5002 loss_cls=0.2759 loss_dfl=0.0139 loss_total=51.5168
2026-08-06 20:12:43 INFO  scripts.synthetic_model_comparison.training.evaluation | evaluating on 4 batches
2026-08-06 20:12:49 INFO  scripts.synthetic_model_comparison.training.training_pipeline | epoch 143/200 — val mAP50=0.9608 mAP50_95=0.7673 (selection mAP50_95=0.7673)
2026-08-06 20:12:50 INFO  scripts.synthetic_model_comparison.training.evaluation | mlflow: logged val/mAP50=0.9608 val/mAP50_95=0.7673 (step=142)
2026-08-06 20:12:50 INFO  scripts.synthetic_model_comparison.training.evaluation | mlflow: logged val per-class AP table (12 classes)
2026-08-06 20:12:50 INFO  scripts.synthetic_model_comparison.training.training_pipeline | saved checkpoint: /home/debian/Master-Thesis/scripts/synthetic_model_comparison/training/model_exports/yolo26n-gpt-image-2-low-compressed-seed42-20260806-192648/last.pt
2026-08-06 20:12:50 INFO  scripts.synthetic_model_comparison.training.training_pipeline | epoch 143/200 done — next lr=0.00193117, epochs_since_improve=1/20
2026-08-06 20:12:50 INFO  scripts.synthetic_model_comparison.training.training_pipeline | epoch 144/200 — train start (lr=0.00193117, batches=15)
2026-08-06 20:12:59 INFO  scripts.synthetic_model_comparison.training.training_pipeline | step 2150 | loss_box=0.5296 loss_cls=0.2908 loss_dfl=0.0146 loss_total=53.6692 lr=0.00190611
2026-08-06 20:13:04 INFO  scripts.synthetic_model_comparison.training.training_pipeline | epoch 144/200 — train done in 13.2s | avg loss_box=0.5158 loss_cls=0.2784 loss_dfl=0.0143 loss_total=52.5115
2026-08-06 20:13:04 INFO  scripts.synthetic_model_comparison.training.evaluation | evaluating on 4 batches
2026-08-06 20:13:09 INFO  scripts.synthetic_model_comparison.training.training_pipeline | epoch 144/200 — val mAP50=0.9659 mAP50_95=0.7793 (selection mAP50_95=0.7793)
2026-08-06 20:13:10 INFO  scripts.synthetic_model_comparison.training.evaluation | mlflow: logged val/mAP50=0.9659 val/mAP50_95=0.7793 (step=143)
2026-08-06 20:13:10 INFO  scripts.synthetic_model_comparison.training.evaluation | mlflow: logged val per-class AP table (12 classes)
2026-08-06 20:13:11 INFO  scripts.synthetic_model_comparison.training.training_pipeline | saved checkpoint: /home/debian/Master-Thesis/scripts/synthetic_model_comparison/training/model_exports/yolo26n-gpt-image-2-low-compressed-seed42-20260806-192648/last.pt
2026-08-06 20:13:11 INFO  scripts.synthetic_model_comparison.training.training_pipeline | epoch 144/200 done — next lr=0.00186877, epochs_since_improve=2/20
2026-08-06 20:13:11 INFO  scripts.synthetic_model_comparison.training.training_pipeline | epoch 145/200 — train start (lr=0.00186877, batches=15)
2026-08-06 20:13:22 INFO  scripts.synthetic_model_comparison.training.training_pipeline | epoch 145/200 — train done in 11.5s | avg loss_box=0.4985 loss_cls=0.2763 loss_dfl=0.0134 loss_total=51.1477
2026-08-06 20:13:22 INFO  scripts.synthetic_model_comparison.training.evaluation | evaluating on 4 batches
2026-08-06 20:13:28 INFO  scripts.synthetic_model_comparison.training.training_pipeline | epoch 145/200 — val mAP50=0.9697 mAP50_95=0.7889 (selection mAP50_95=0.7889)
2026-08-06 20:13:29 INFO  scripts.synthetic_model_comparison.training.evaluation | mlflow: logged val/mAP50=0.9697 val/mAP50_95=0.7889 (step=144)
2026-08-06 20:13:29 INFO  scripts.synthetic_model_comparison.training.evaluation | mlflow: logged val per-class AP table (12 classes)
2026-08-06 20:13:29 INFO  scripts.synthetic_model_comparison.training.training_pipeline | saved checkpoint: /home/debian/Master-Thesis/scripts/synthetic_model_comparison/training/model_exports/yolo26n-gpt-image-2-low-compressed-seed42-20260806-192648/last.pt
2026-08-06 20:13:29 INFO  scripts.synthetic_model_comparison.training.training_pipeline | epoch 145/200 done — next lr=0.00180718, epochs_since_improve=3/20
2026-08-06 20:13:29 INFO  scripts.synthetic_model_comparison.training.training_pipeline | epoch 146/200 — train start (lr=0.00180718, batches=15)
2026-08-06 20:13:41 INFO  scripts.synthetic_model_comparison.training.training_pipeline | epoch 146/200 — train done in 11.3s | avg loss_box=0.5005 loss_cls=0.2828 loss_dfl=0.0135 loss_total=51.5598
2026-08-06 20:13:41 INFO  scripts.synthetic_model_comparison.training.evaluation | evaluating on 4 batches
2026-08-06 20:13:47 INFO  scripts.synthetic_model_comparison.training.training_pipeline | epoch 146/200 — val mAP50=0.9656 mAP50_95=0.7850 (selection mAP50_95=0.7850)
2026-08-06 20:13:47 INFO  scripts.synthetic_model_comparison.training.evaluation | mlflow: logged val/mAP50=0.9656 val/mAP50_95=0.7850 (step=145)
2026-08-06 20:13:48 INFO  scripts.synthetic_model_comparison.training.evaluation | mlflow: logged val per-class AP table (12 classes)
2026-08-06 20:13:48 INFO  scripts.synthetic_model_comparison.training.training_pipeline | saved checkpoint: /home/debian/Master-Thesis/scripts/synthetic_model_comparison/training/model_exports/yolo26n-gpt-image-2-low-compressed-seed42-20260806-192648/last.pt
2026-08-06 20:13:48 INFO  scripts.synthetic_model_comparison.training.training_pipeline | epoch 146/200 done — next lr=0.00174639, epochs_since_improve=4/20
2026-08-06 20:13:48 INFO  scripts.synthetic_model_comparison.training.training_pipeline | epoch 147/200 — train start (lr=0.00174639, batches=15)
2026-08-06 20:13:58 INFO  scripts.synthetic_model_comparison.training.training_pipeline | step 2200 | loss_box=0.5217 loss_cls=0.2819 loss_dfl=0.0153 loss_total=52.5712 lr=0.00170234
2026-08-06 20:14:01 INFO  scripts.synthetic_model_comparison.training.training_pipeline | epoch 147/200 — train done in 13.3s | avg loss_box=0.5146 loss_cls=0.2642 loss_dfl=0.0137 loss_total=51.4195
2026-08-06 20:14:01 INFO  scripts.synthetic_model_comparison.training.evaluation | evaluating on 4 batches
2026-08-06 20:14:07 INFO  scripts.synthetic_model_comparison.training.training_pipeline | epoch 147/200 — val mAP50=0.9587 mAP50_95=0.7806 (selection mAP50_95=0.7806)
2026-08-06 20:14:08 INFO  scripts.synthetic_model_comparison.training.evaluation | mlflow: logged val/mAP50=0.9587 val/mAP50_95=0.7806 (step=146)
2026-08-06 20:14:08 INFO  scripts.synthetic_model_comparison.training.evaluation | mlflow: logged val per-class AP table (12 classes)
2026-08-06 20:14:08 INFO  scripts.synthetic_model_comparison.training.training_pipeline | saved checkpoint: /home/debian/Master-Thesis/scripts/synthetic_model_comparison/training/model_exports/yolo26n-gpt-image-2-low-compressed-seed42-20260806-192648/last.pt
2026-08-06 20:14:09 INFO  scripts.synthetic_model_comparison.training.training_pipeline | epoch 147/200 done — next lr=0.00168644, epochs_since_improve=5/20
2026-08-06 20:14:09 INFO  scripts.synthetic_model_comparison.training.training_pipeline | epoch 148/200 — train start (lr=0.00168644, batches=15)
2026-08-06 20:14:20 INFO  scripts.synthetic_model_comparison.training.training_pipeline | epoch 148/200 — train done in 11.5s | avg loss_box=0.4884 loss_cls=0.2621 loss_dfl=0.0132 loss_total=49.6471
2026-08-06 20:14:20 INFO  scripts.synthetic_model_comparison.training.evaluation | evaluating on 4 batches
2026-08-06 20:14:26 INFO  scripts.synthetic_model_comparison.training.training_pipeline | epoch 148/200 — val mAP50=0.9628 mAP50_95=0.7705 (selection mAP50_95=0.7705)
2026-08-06 20:14:27 INFO  scripts.synthetic_model_comparison.training.evaluation | mlflow: logged val/mAP50=0.9628 val/mAP50_95=0.7705 (step=147)
2026-08-06 20:14:27 INFO  scripts.synthetic_model_comparison.training.evaluation | mlflow: logged val per-class AP table (12 classes)
2026-08-06 20:14:27 INFO  scripts.synthetic_model_comparison.training.training_pipeline | saved checkpoint: /home/debian/Master-Thesis/scripts/synthetic_model_comparison/training/model_exports/yolo26n-gpt-image-2-low-compressed-seed42-20260806-192648/last.pt
2026-08-06 20:14:27 INFO  scripts.synthetic_model_comparison.training.training_pipeline | epoch 148/200 done — next lr=0.00162733, epochs_since_improve=6/20
2026-08-06 20:14:27 INFO  scripts.synthetic_model_comparison.training.training_pipeline | epoch 149/200 — train start (lr=0.00162733, batches=15)
2026-08-06 20:14:39 INFO  scripts.synthetic_model_comparison.training.training_pipeline | epoch 149/200 — train done in 11.6s | avg loss_box=0.4933 loss_cls=0.2805 loss_dfl=0.0133 loss_total=50.8281
2026-08-06 20:14:39 INFO  scripts.synthetic_model_comparison.training.evaluation | evaluating on 4 batches
2026-08-06 20:14:45 INFO  scripts.synthetic_model_comparison.training.training_pipeline | epoch 149/200 — val mAP50=0.9648 mAP50_95=0.7872 (selection mAP50_95=0.7872)
2026-08-06 20:14:45 INFO  scripts.synthetic_model_comparison.training.evaluation | mlflow: logged val/mAP50=0.9648 val/mAP50_95=0.7872 (step=148)
2026-08-06 20:14:46 INFO  scripts.synthetic_model_comparison.training.evaluation | mlflow: logged val per-class AP table (12 classes)
2026-08-06 20:14:46 INFO  scripts.synthetic_model_comparison.training.training_pipeline | saved checkpoint: /home/debian/Master-Thesis/scripts/synthetic_model_comparison/training/model_exports/yolo26n-gpt-image-2-low-compressed-seed42-20260806-192648/last.pt
2026-08-06 20:14:46 INFO  scripts.synthetic_model_comparison.training.training_pipeline | epoch 149/200 done — next lr=0.00156908, epochs_since_improve=7/20
2026-08-06 20:14:46 INFO  scripts.synthetic_model_comparison.training.training_pipeline | epoch 150/200 — train start (lr=0.00156908, batches=15)
2026-08-06 20:14:58 INFO  scripts.synthetic_model_comparison.training.training_pipeline | epoch 150/200 — train done in 11.5s | avg loss_box=0.4883 loss_cls=0.2693 loss_dfl=0.0130 loss_total=49.8578
2026-08-06 20:14:58 INFO  scripts.synthetic_model_comparison.training.evaluation | evaluating on 4 batches
2026-08-06 20:15:04 INFO  scripts.synthetic_model_comparison.training.training_pipeline | epoch 150/200 — val mAP50=0.9709 mAP50_95=0.7960 (selection mAP50_95=0.7960)
2026-08-06 20:15:04 INFO  scripts.synthetic_model_comparison.training.evaluation | mlflow: logged val/mAP50=0.9709 val/mAP50_95=0.7960 (step=149)
2026-08-06 20:15:04 INFO  scripts.synthetic_model_comparison.training.evaluation | mlflow: logged val per-class AP table (12 classes)
2026-08-06 20:15:05 INFO  scripts.synthetic_model_comparison.training.training_pipeline | saved checkpoint: /home/debian/Master-Thesis/scripts/synthetic_model_comparison/training/model_exports/yolo26n-gpt-image-2-low-compressed-seed42-20260806-192648/best.pt
2026-08-06 20:15:05 INFO  scripts.synthetic_model_comparison.training.training_pipeline | new best mAP50_95=0.7960 at epoch 150
2026-08-06 20:15:05 INFO  scripts.synthetic_model_comparison.training.training_pipeline | saved checkpoint: /home/debian/Master-Thesis/scripts/synthetic_model_comparison/training/model_exports/yolo26n-gpt-image-2-low-compressed-seed42-20260806-192648/last.pt
2026-08-06 20:15:05 INFO  scripts.synthetic_model_comparison.training.training_pipeline | epoch 150/200 done — next lr=0.0015117, epochs_since_improve=0/20
2026-08-06 20:15:05 INFO  scripts.synthetic_model_comparison.training.training_pipeline | epoch 151/200 — train start (lr=0.0015117, batches=15)
2026-08-06 20:15:11 INFO  scripts.synthetic_model_comparison.training.training_pipeline | step 2250 | loss_box=0.4280 loss_cls=0.2314 loss_dfl=0.0111 loss_total=44.1996 lr=0.00150791
2026-08-06 20:15:18 INFO  scripts.synthetic_model_comparison.training.training_pipeline | epoch 151/200 — train done in 13.0s | avg loss_box=0.4912 loss_cls=0.2714 loss_dfl=0.0130 loss_total=50.2044
2026-08-06 20:15:18 INFO  scripts.synthetic_model_comparison.training.evaluation | evaluating on 4 batches
2026-08-06 20:15:24 INFO  scripts.synthetic_model_comparison.training.training_pipeline | epoch 151/200 — val mAP50=0.9618 mAP50_95=0.7861 (selection mAP50_95=0.7861)
2026-08-06 20:15:25 INFO  scripts.synthetic_model_comparison.training.evaluation | mlflow: logged val/mAP50=0.9618 val/mAP50_95=0.7861 (step=150)
2026-08-06 20:15:25 INFO  scripts.synthetic_model_comparison.training.evaluation | mlflow: logged val per-class AP table (12 classes)
2026-08-06 20:15:25 INFO  scripts.synthetic_model_comparison.training.training_pipeline | saved checkpoint: /home/debian/Master-Thesis/scripts/synthetic_model_comparison/training/model_exports/yolo26n-gpt-image-2-low-compressed-seed42-20260806-192648/last.pt
2026-08-06 20:15:25 INFO  scripts.synthetic_model_comparison.training.training_pipeline | epoch 151/200 done — next lr=0.00145521, epochs_since_improve=1/20
2026-08-06 20:15:25 INFO  scripts.synthetic_model_comparison.training.training_pipeline | epoch 152/200 — train start (lr=0.00145521, batches=15)
2026-08-06 20:15:37 INFO  scripts.synthetic_model_comparison.training.training_pipeline | epoch 152/200 — train done in 11.7s | avg loss_box=0.4710 loss_cls=0.2644 loss_dfl=0.0127 loss_total=48.7489
2026-08-06 20:15:37 INFO  scripts.synthetic_model_comparison.training.evaluation | evaluating on 4 batches
2026-08-06 20:15:43 INFO  scripts.synthetic_model_comparison.training.training_pipeline | epoch 152/200 — val mAP50=0.9655 mAP50_95=0.7741 (selection mAP50_95=0.7741)
2026-08-06 20:15:44 INFO  scripts.synthetic_model_comparison.training.evaluation | mlflow: logged val/mAP50=0.9655 val/mAP50_95=0.7741 (step=151)
2026-08-06 20:15:44 INFO  scripts.synthetic_model_comparison.training.evaluation | mlflow: logged val per-class AP table (12 classes)
2026-08-06 20:15:44 INFO  scripts.synthetic_model_comparison.training.training_pipeline | saved checkpoint: /home/debian/Master-Thesis/scripts/synthetic_model_comparison/training/model_exports/yolo26n-gpt-image-2-low-compressed-seed42-20260806-192648/last.pt
2026-08-06 20:15:44 INFO  scripts.synthetic_model_comparison.training.training_pipeline | epoch 152/200 done — next lr=0.00139962, epochs_since_improve=2/20
2026-08-06 20:15:44 INFO  scripts.synthetic_model_comparison.training.training_pipeline | epoch 153/200 — train start (lr=0.00139962, batches=15)
2026-08-06 20:15:56 INFO  scripts.synthetic_model_comparison.training.training_pipeline | epoch 153/200 — train done in 11.6s | avg loss_box=0.4790 loss_cls=0.2596 loss_dfl=0.0130 loss_total=48.7373
2026-08-06 20:15:56 INFO  scripts.synthetic_model_comparison.training.evaluation | evaluating on 4 batches
2026-08-06 20:16:02 INFO  scripts.synthetic_model_comparison.training.training_pipeline | epoch 153/200 — val mAP50=0.9678 mAP50_95=0.7936 (selection mAP50_95=0.7936)
2026-08-06 20:16:03 INFO  scripts.synthetic_model_comparison.training.evaluation | mlflow: logged val/mAP50=0.9678 val/mAP50_95=0.7936 (step=152)
2026-08-06 20:16:03 INFO  scripts.synthetic_model_comparison.training.evaluation | mlflow: logged val per-class AP table (12 classes)
2026-08-06 20:16:03 INFO  scripts.synthetic_model_comparison.training.training_pipeline | saved checkpoint: /home/debian/Master-Thesis/scripts/synthetic_model_comparison/training/model_exports/yolo26n-gpt-image-2-low-compressed-seed42-20260806-192648/last.pt
2026-08-06 20:16:03 INFO  scripts.synthetic_model_comparison.training.training_pipeline | epoch 153/200 done — next lr=0.00134495, epochs_since_improve=3/20
2026-08-06 20:16:03 INFO  scripts.synthetic_model_comparison.training.training_pipeline | epoch 154/200 — train start (lr=0.00134495, batches=15)
2026-08-06 20:16:12 INFO  scripts.synthetic_model_comparison.training.training_pipeline | step 2300 | loss_box=0.4806 loss_cls=0.2716 loss_dfl=0.0122 loss_total=48.8583 lr=0.00132335
2026-08-06 20:16:17 INFO  scripts.synthetic_model_comparison.training.training_pipeline | epoch 154/200 — train done in 13.1s | avg loss_box=0.4661 loss_cls=0.2701 loss_dfl=0.0127 loss_total=48.3352
2026-08-06 20:16:17 INFO  scripts.synthetic_model_comparison.training.evaluation | evaluating on 4 batches
2026-08-06 20:16:22 INFO  scripts.synthetic_model_comparison.training.training_pipeline | epoch 154/200 — val mAP50=0.9656 mAP50_95=0.7963 (selection mAP50_95=0.7963)
2026-08-06 20:16:23 INFO  scripts.synthetic_model_comparison.training.evaluation | mlflow: logged val/mAP50=0.9656 val/mAP50_95=0.7963 (step=153)
2026-08-06 20:16:23 INFO  scripts.synthetic_model_comparison.training.evaluation | mlflow: logged val per-class AP table (12 classes)
2026-08-06 20:16:23 INFO  scripts.synthetic_model_comparison.training.training_pipeline | saved checkpoint: /home/debian/Master-Thesis/scripts/synthetic_model_comparison/training/model_exports/yolo26n-gpt-image-2-low-compressed-seed42-20260806-192648/last.pt
2026-08-06 20:16:24 INFO  scripts.synthetic_model_comparison.training.training_pipeline | epoch 154/200 done — next lr=0.00129122, epochs_since_improve=4/20
2026-08-06 20:16:24 INFO  scripts.synthetic_model_comparison.training.training_pipeline | epoch 155/200 — train start (lr=0.00129122, batches=15)
2026-08-06 20:16:35 INFO  scripts.synthetic_model_comparison.training.training_pipeline | epoch 155/200 — train done in 11.4s | avg loss_box=0.4653 loss_cls=0.2573 loss_dfl=0.0125 loss_total=47.8124
2026-08-06 20:16:35 INFO  scripts.synthetic_model_comparison.training.evaluation | evaluating on 4 batches
2026-08-06 20:16:41 INFO  scripts.synthetic_model_comparison.training.training_pipeline | epoch 155/200 — val mAP50=0.9639 mAP50_95=0.7963 (selection mAP50_95=0.7963)
2026-08-06 20:16:42 INFO  scripts.synthetic_model_comparison.training.evaluation | mlflow: logged val/mAP50=0.9639 val/mAP50_95=0.7963 (step=154)
2026-08-06 20:16:42 INFO  scripts.synthetic_model_comparison.training.evaluation | mlflow: logged val per-class AP table (12 classes)
2026-08-06 20:16:42 INFO  scripts.synthetic_model_comparison.training.training_pipeline | saved checkpoint: /home/debian/Master-Thesis/scripts/synthetic_model_comparison/training/model_exports/yolo26n-gpt-image-2-low-compressed-seed42-20260806-192648/last.pt
2026-08-06 20:16:43 INFO  scripts.synthetic_model_comparison.training.training_pipeline | epoch 155/200 done — next lr=0.00123842, epochs_since_improve=5/20
2026-08-06 20:16:43 INFO  scripts.synthetic_model_comparison.training.training_pipeline | epoch 156/200 — train start (lr=0.00123842, batches=15)
2026-08-06 20:16:54 INFO  scripts.synthetic_model_comparison.training.training_pipeline | epoch 156/200 — train done in 11.6s | avg loss_box=0.4726 loss_cls=0.2605 loss_dfl=0.0125 loss_total=48.3732
2026-08-06 20:16:54 INFO  scripts.synthetic_model_comparison.training.evaluation | evaluating on 4 batches
2026-08-06 20:17:00 INFO  scripts.synthetic_model_comparison.training.training_pipeline | epoch 156/200 — val mAP50=0.9622 mAP50_95=0.7888 (selection mAP50_95=0.7888)
2026-08-06 20:17:01 INFO  scripts.synthetic_model_comparison.training.evaluation | mlflow: logged val/mAP50=0.9622 val/mAP50_95=0.7888 (step=155)
2026-08-06 20:17:01 INFO  scripts.synthetic_model_comparison.training.evaluation | mlflow: logged val per-class AP table (12 classes)
2026-08-06 20:17:01 INFO  scripts.synthetic_model_comparison.training.training_pipeline | saved checkpoint: /home/debian/Master-Thesis/scripts/synthetic_model_comparison/training/model_exports/yolo26n-gpt-image-2-low-compressed-seed42-20260806-192648/last.pt
2026-08-06 20:17:02 INFO  scripts.synthetic_model_comparison.training.training_pipeline | epoch 156/200 done — next lr=0.00118658, epochs_since_improve=6/20
2026-08-06 20:17:02 INFO  scripts.synthetic_model_comparison.training.training_pipeline | epoch 157/200 — train start (lr=0.00118658, batches=15)
2026-08-06 20:17:12 INFO  scripts.synthetic_model_comparison.training.training_pipeline | step 2350 | loss_box=0.4237 loss_cls=0.2475 loss_dfl=0.0121 loss_total=44.7461 lr=0.00114919
2026-08-06 20:17:15 INFO  scripts.synthetic_model_comparison.training.training_pipeline | epoch 157/200 — train done in 13.5s | avg loss_box=0.4621 loss_cls=0.2680 loss_dfl=0.0126 loss_total=48.1440
2026-08-06 20:17:15 INFO  scripts.synthetic_model_comparison.training.evaluation | evaluating on 4 batches
2026-08-06 20:17:21 INFO  scripts.synthetic_model_comparison.training.training_pipeline | epoch 157/200 — val mAP50=0.9646 mAP50_95=0.7916 (selection mAP50_95=0.7916)
2026-08-06 20:17:22 INFO  scripts.synthetic_model_comparison.training.evaluation | mlflow: logged val/mAP50=0.9646 val/mAP50_95=0.7916 (step=156)
2026-08-06 20:17:22 INFO  scripts.synthetic_model_comparison.training.evaluation | mlflow: logged val per-class AP table (12 classes)
2026-08-06 20:17:22 INFO  scripts.synthetic_model_comparison.training.training_pipeline | saved checkpoint: /home/debian/Master-Thesis/scripts/synthetic_model_comparison/training/model_exports/yolo26n-gpt-image-2-low-compressed-seed42-20260806-192648/last.pt
2026-08-06 20:17:22 INFO  scripts.synthetic_model_comparison.training.training_pipeline | epoch 157/200 done — next lr=0.00113572, epochs_since_improve=7/20
2026-08-06 20:17:22 INFO  scripts.synthetic_model_comparison.training.training_pipeline | epoch 158/200 — train start (lr=0.00113572, batches=15)
2026-08-06 20:17:34 INFO  scripts.synthetic_model_comparison.training.training_pipeline | epoch 158/200 — train done in 11.6s | avg loss_box=0.4568 loss_cls=0.2577 loss_dfl=0.0122 loss_total=47.2257
2026-08-06 20:17:34 INFO  scripts.synthetic_model_comparison.training.evaluation | evaluating on 4 batches
2026-08-06 20:17:40 INFO  scripts.synthetic_model_comparison.training.training_pipeline | epoch 158/200 — val mAP50=0.9605 mAP50_95=0.7877 (selection mAP50_95=0.7877)
2026-08-06 20:17:41 INFO  scripts.synthetic_model_comparison.training.evaluation | mlflow: logged val/mAP50=0.9605 val/mAP50_95=0.7877 (step=157)
2026-08-06 20:17:41 INFO  scripts.synthetic_model_comparison.training.evaluation | mlflow: logged val per-class AP table (12 classes)
2026-08-06 20:17:41 INFO  scripts.synthetic_model_comparison.training.training_pipeline | saved checkpoint: /home/debian/Master-Thesis/scripts/synthetic_model_comparison/training/model_exports/yolo26n-gpt-image-2-low-compressed-seed42-20260806-192648/last.pt
2026-08-06 20:17:41 INFO  scripts.synthetic_model_comparison.training.training_pipeline | epoch 158/200 done — next lr=0.00108584, epochs_since_improve=8/20
2026-08-06 20:17:41 INFO  scripts.synthetic_model_comparison.training.training_pipeline | epoch 159/200 — train start (lr=0.00108584, batches=15)
2026-08-06 20:17:52 INFO  scripts.synthetic_model_comparison.training.training_pipeline | epoch 159/200 — train done in 11.0s | avg loss_box=0.4590 loss_cls=0.2642 loss_dfl=0.0122 loss_total=47.6088
2026-08-06 20:17:52 INFO  scripts.synthetic_model_comparison.training.evaluation | evaluating on 4 batches
2026-08-06 20:17:58 INFO  scripts.synthetic_model_comparison.training.training_pipeline | epoch 159/200 — val mAP50=0.9645 mAP50_95=0.7972 (selection mAP50_95=0.7972)
2026-08-06 20:17:59 INFO  scripts.synthetic_model_comparison.training.evaluation | mlflow: logged val/mAP50=0.9645 val/mAP50_95=0.7972 (step=158)
2026-08-06 20:17:59 INFO  scripts.synthetic_model_comparison.training.evaluation | mlflow: logged val per-class AP table (12 classes)
2026-08-06 20:17:59 INFO  scripts.synthetic_model_comparison.training.training_pipeline | saved checkpoint: /home/debian/Master-Thesis/scripts/synthetic_model_comparison/training/model_exports/yolo26n-gpt-image-2-low-compressed-seed42-20260806-192648/best.pt
2026-08-06 20:17:59 INFO  scripts.synthetic_model_comparison.training.training_pipeline | new best mAP50_95=0.7972 at epoch 159
2026-08-06 20:17:59 INFO  scripts.synthetic_model_comparison.training.training_pipeline | saved checkpoint: /home/debian/Master-Thesis/scripts/synthetic_model_comparison/training/model_exports/yolo26n-gpt-image-2-low-compressed-seed42-20260806-192648/last.pt
2026-08-06 20:18:00 INFO  scripts.synthetic_model_comparison.training.training_pipeline | epoch 159/200 done — next lr=0.00103695, epochs_since_improve=0/20
2026-08-06 20:18:00 INFO  scripts.synthetic_model_comparison.training.training_pipeline | epoch 160/200 — train start (lr=0.00103695, batches=15)
2026-08-06 20:18:12 INFO  scripts.synthetic_model_comparison.training.training_pipeline | epoch 160/200 — train done in 12.0s | avg loss_box=0.4336 loss_cls=0.2532 loss_dfl=0.0118 loss_total=45.5254
2026-08-06 20:18:12 INFO  scripts.synthetic_model_comparison.training.evaluation | evaluating on 4 batches
2026-08-06 20:18:18 INFO  scripts.synthetic_model_comparison.training.training_pipeline | epoch 160/200 — val mAP50=0.9694 mAP50_95=0.7900 (selection mAP50_95=0.7900)
2026-08-06 20:18:18 INFO  scripts.synthetic_model_comparison.training.evaluation | mlflow: logged val/mAP50=0.9694 val/mAP50_95=0.7900 (step=159)
2026-08-06 20:18:19 INFO  scripts.synthetic_model_comparison.training.evaluation | mlflow: logged val per-class AP table (12 classes)
2026-08-06 20:18:19 INFO  scripts.synthetic_model_comparison.training.training_pipeline | saved checkpoint: /home/debian/Master-Thesis/scripts/synthetic_model_comparison/training/model_exports/yolo26n-gpt-image-2-low-compressed-seed42-20260806-192648/last.pt
2026-08-06 20:18:19 INFO  scripts.synthetic_model_comparison.training.training_pipeline | epoch 160/200 done — next lr=0.000989077, epochs_since_improve=1/20
2026-08-06 20:18:19 INFO  scripts.synthetic_model_comparison.training.training_pipeline | epoch 161/200 — train start (lr=0.000989077, batches=15)
2026-08-06 20:18:25 INFO  scripts.synthetic_model_comparison.training.training_pipeline | step 2400 | loss_box=0.5144 loss_cls=0.2969 loss_dfl=0.0135 loss_total=51.9706 lr=0.000985921
2026-08-06 20:18:32 INFO  scripts.synthetic_model_comparison.training.training_pipeline | epoch 161/200 — train done in 13.2s | avg loss_box=0.4519 loss_cls=0.2336 loss_dfl=0.0122 loss_total=45.7766
2026-08-06 20:18:32 INFO  scripts.synthetic_model_comparison.training.evaluation | evaluating on 4 batches
2026-08-06 20:18:38 INFO  scripts.synthetic_model_comparison.training.training_pipeline | epoch 161/200 — val mAP50=0.9703 mAP50_95=0.7945 (selection mAP50_95=0.7945)
2026-08-06 20:18:39 INFO  scripts.synthetic_model_comparison.training.evaluation | mlflow: logged val/mAP50=0.9703 val/mAP50_95=0.7945 (step=160)
2026-08-06 20:18:39 INFO  scripts.synthetic_model_comparison.training.evaluation | mlflow: logged val per-class AP table (12 classes)
2026-08-06 20:18:39 INFO  scripts.synthetic_model_comparison.training.training_pipeline | saved checkpoint: /home/debian/Master-Thesis/scripts/synthetic_model_comparison/training/model_exports/yolo26n-gpt-image-2-low-compressed-seed42-20260806-192648/last.pt
2026-08-06 20:18:40 INFO  scripts.synthetic_model_comparison.training.training_pipeline | epoch 161/200 done — next lr=0.000942223, epochs_since_improve=2/20
2026-08-06 20:18:40 INFO  scripts.synthetic_model_comparison.training.training_pipeline | epoch 162/200 — train start (lr=0.000942223, batches=15)
2026-08-06 20:18:51 INFO  scripts.synthetic_model_comparison.training.training_pipeline | epoch 162/200 — train done in 11.6s | avg loss_box=0.4400 loss_cls=0.2403 loss_dfl=0.0118 loss_total=45.2782
2026-08-06 20:18:51 INFO  scripts.synthetic_model_comparison.training.evaluation | evaluating on 4 batches
2026-08-06 20:18:57 INFO  scripts.synthetic_model_comparison.training.training_pipeline | epoch 162/200 — val mAP50=0.9683 mAP50_95=0.7930 (selection mAP50_95=0.7930)
2026-08-06 20:18:58 INFO  scripts.synthetic_model_comparison.training.evaluation | mlflow: logged val/mAP50=0.9683 val/mAP50_95=0.7930 (step=161)
2026-08-06 20:18:58 INFO  scripts.synthetic_model_comparison.training.evaluation | mlflow: logged val per-class AP table (12 classes)
2026-08-06 20:18:58 INFO  scripts.synthetic_model_comparison.training.training_pipeline | saved checkpoint: /home/debian/Master-Thesis/scripts/synthetic_model_comparison/training/model_exports/yolo26n-gpt-image-2-low-compressed-seed42-20260806-192648/last.pt
2026-08-06 20:18:59 INFO  scripts.synthetic_model_comparison.training.training_pipeline | epoch 162/200 done — next lr=0.000896401, epochs_since_improve=3/20
2026-08-06 20:18:59 INFO  scripts.synthetic_model_comparison.training.training_pipeline | epoch 163/200 — train start (lr=0.000896401, batches=15)
2026-08-06 20:19:10 INFO  scripts.synthetic_model_comparison.training.training_pipeline | epoch 163/200 — train done in 11.6s | avg loss_box=0.4329 loss_cls=0.2319 loss_dfl=0.0117 loss_total=44.2975
2026-08-06 20:19:10 INFO  scripts.synthetic_model_comparison.training.evaluation | evaluating on 4 batches
2026-08-06 20:19:16 INFO  scripts.synthetic_model_comparison.training.training_pipeline | epoch 163/200 — val mAP50=0.9644 mAP50_95=0.7846 (selection mAP50_95=0.7846)
2026-08-06 20:19:17 INFO  scripts.synthetic_model_comparison.training.evaluation | mlflow: logged val/mAP50=0.9644 val/mAP50_95=0.7846 (step=162)
2026-08-06 20:19:17 INFO  scripts.synthetic_model_comparison.training.evaluation | mlflow: logged val per-class AP table (12 classes)
2026-08-06 20:19:17 INFO  scripts.synthetic_model_comparison.training.training_pipeline | saved checkpoint: /home/debian/Master-Thesis/scripts/synthetic_model_comparison/training/model_exports/yolo26n-gpt-image-2-low-compressed-seed42-20260806-192648/last.pt
2026-08-06 20:19:17 INFO  scripts.synthetic_model_comparison.training.training_pipeline | epoch 163/200 done — next lr=0.000851625, epochs_since_improve=4/20
2026-08-06 20:19:17 INFO  scripts.synthetic_model_comparison.training.training_pipeline | epoch 164/200 — train start (lr=0.000851625, batches=15)
2026-08-06 20:19:26 INFO  scripts.synthetic_model_comparison.training.training_pipeline | step 2450 | loss_box=0.4986 loss_cls=0.2812 loss_dfl=0.0131 loss_total=51.0732 lr=0.000834009
2026-08-06 20:19:31 INFO  scripts.synthetic_model_comparison.training.training_pipeline | epoch 164/200 — train done in 13.7s | avg loss_box=0.4502 loss_cls=0.2412 loss_dfl=0.0123 loss_total=45.8270
2026-08-06 20:19:31 INFO  scripts.synthetic_model_comparison.training.evaluation | evaluating on 4 batches
2026-08-06 20:19:37 INFO  scripts.synthetic_model_comparison.training.training_pipeline | epoch 164/200 — val mAP50=0.9658 mAP50_95=0.7913 (selection mAP50_95=0.7913)
2026-08-06 20:19:37 INFO  scripts.synthetic_model_comparison.training.evaluation | mlflow: logged val/mAP50=0.9658 val/mAP50_95=0.7913 (step=163)
2026-08-06 20:19:38 INFO  scripts.synthetic_model_comparison.training.evaluation | mlflow: logged val per-class AP table (12 classes)
2026-08-06 20:19:38 INFO  scripts.synthetic_model_comparison.training.training_pipeline | saved checkpoint: /home/debian/Master-Thesis/scripts/synthetic_model_comparison/training/model_exports/yolo26n-gpt-image-2-low-compressed-seed42-20260806-192648/last.pt
2026-08-06 20:19:38 INFO  scripts.synthetic_model_comparison.training.training_pipeline | epoch 164/200 done — next lr=0.000807905, epochs_since_improve=5/20
2026-08-06 20:19:38 INFO  scripts.synthetic_model_comparison.training.training_pipeline | epoch 165/200 — train start (lr=0.000807905, batches=15)
2026-08-06 20:19:50 INFO  scripts.synthetic_model_comparison.training.training_pipeline | epoch 165/200 — train done in 11.8s | avg loss_box=0.4292 loss_cls=0.2291 loss_dfl=0.0117 loss_total=43.8092
2026-08-06 20:19:50 INFO  scripts.synthetic_model_comparison.training.evaluation | evaluating on 4 batches
2026-08-06 20:19:56 INFO  scripts.synthetic_model_comparison.training.training_pipeline | epoch 165/200 — val mAP50=0.9603 mAP50_95=0.7895 (selection mAP50_95=0.7895)
2026-08-06 20:19:57 INFO  scripts.synthetic_model_comparison.training.evaluation | mlflow: logged val/mAP50=0.9603 val/mAP50_95=0.7895 (step=164)
2026-08-06 20:19:57 INFO  scripts.synthetic_model_comparison.training.evaluation | mlflow: logged val per-class AP table (12 classes)
2026-08-06 20:19:57 INFO  scripts.synthetic_model_comparison.training.training_pipeline | saved checkpoint: /home/debian/Master-Thesis/scripts/synthetic_model_comparison/training/model_exports/yolo26n-gpt-image-2-low-compressed-seed42-20260806-192648/last.pt
2026-08-06 20:19:57 INFO  scripts.synthetic_model_comparison.training.training_pipeline | epoch 165/200 done — next lr=0.000765252, epochs_since_improve=6/20
2026-08-06 20:19:57 INFO  scripts.synthetic_model_comparison.training.training_pipeline | epoch 166/200 — train start (lr=0.000765252, batches=15)
2026-08-06 20:20:09 INFO  scripts.synthetic_model_comparison.training.training_pipeline | epoch 166/200 — train done in 11.5s | avg loss_box=0.4257 loss_cls=0.2360 loss_dfl=0.0116 loss_total=44.0006
2026-08-06 20:20:09 INFO  scripts.synthetic_model_comparison.training.evaluation | evaluating on 4 batches
2026-08-06 20:20:15 INFO  scripts.synthetic_model_comparison.training.training_pipeline | epoch 166/200 — val mAP50=0.9604 mAP50_95=0.7870 (selection mAP50_95=0.7870)
2026-08-06 20:20:16 INFO  scripts.synthetic_model_comparison.training.evaluation | mlflow: logged val/mAP50=0.9604 val/mAP50_95=0.7870 (step=165)
2026-08-06 20:20:16 INFO  scripts.synthetic_model_comparison.training.evaluation | mlflow: logged val per-class AP table (12 classes)
2026-08-06 20:20:16 INFO  scripts.synthetic_model_comparison.training.training_pipeline | saved checkpoint: /home/debian/Master-Thesis/scripts/synthetic_model_comparison/training/model_exports/yolo26n-gpt-image-2-low-compressed-seed42-20260806-192648/last.pt
2026-08-06 20:20:16 INFO  scripts.synthetic_model_comparison.training.training_pipeline | epoch 166/200 done — next lr=0.000723677, epochs_since_improve=7/20
2026-08-06 20:20:16 INFO  scripts.synthetic_model_comparison.training.training_pipeline | epoch 167/200 — train start (lr=0.000723677, batches=15)
2026-08-06 20:20:27 INFO  scripts.synthetic_model_comparison.training.training_pipeline | step 2500 | loss_box=0.4313 loss_cls=0.2479 loss_dfl=0.0113 loss_total=44.7812 lr=0.000693881
2026-08-06 20:20:30 INFO  scripts.synthetic_model_comparison.training.training_pipeline | epoch 167/200 — train done in 13.4s | avg loss_box=0.4345 loss_cls=0.2391 loss_dfl=0.0115 loss_total=44.6835
2026-08-06 20:20:30 INFO  scripts.synthetic_model_comparison.training.evaluation | evaluating on 4 batches
2026-08-06 20:20:36 INFO  scripts.synthetic_model_comparison.training.training_pipeline | epoch 167/200 — val mAP50=0.9684 mAP50_95=0.7935 (selection mAP50_95=0.7935)
2026-08-06 20:20:36 INFO  scripts.synthetic_model_comparison.training.evaluation | mlflow: logged val/mAP50=0.9684 val/mAP50_95=0.7935 (step=166)
2026-08-06 20:20:37 INFO  scripts.synthetic_model_comparison.training.evaluation | mlflow: logged val per-class AP table (12 classes)
2026-08-06 20:20:37 INFO  scripts.synthetic_model_comparison.training.training_pipeline | saved checkpoint: /home/debian/Master-Thesis/scripts/synthetic_model_comparison/training/model_exports/yolo26n-gpt-image-2-low-compressed-seed42-20260806-192648/last.pt
2026-08-06 20:20:37 INFO  scripts.synthetic_model_comparison.training.training_pipeline | epoch 167/200 done — next lr=0.000683191, epochs_since_improve=8/20
2026-08-06 20:20:37 INFO  scripts.synthetic_model_comparison.training.training_pipeline | epoch 168/200 — train start (lr=0.000683191, batches=15)
2026-08-06 20:20:49 INFO  scripts.synthetic_model_comparison.training.training_pipeline | epoch 168/200 — train done in 11.7s | avg loss_box=0.4190 loss_cls=0.2239 loss_dfl=0.0115 loss_total=42.9935
2026-08-06 20:20:49 INFO  scripts.synthetic_model_comparison.training.evaluation | evaluating on 4 batches
2026-08-06 20:20:55 INFO  scripts.synthetic_model_comparison.training.training_pipeline | epoch 168/200 — val mAP50=0.9665 mAP50_95=0.7970 (selection mAP50_95=0.7970)
2026-08-06 20:20:55 INFO  scripts.synthetic_model_comparison.training.evaluation | mlflow: logged val/mAP50=0.9665 val/mAP50_95=0.7970 (step=167)
2026-08-06 20:20:56 INFO  scripts.synthetic_model_comparison.training.evaluation | mlflow: logged val per-class AP table (12 classes)
2026-08-06 20:20:56 INFO  scripts.synthetic_model_comparison.training.training_pipeline | saved checkpoint: /home/debian/Master-Thesis/scripts/synthetic_model_comparison/training/model_exports/yolo26n-gpt-image-2-low-compressed-seed42-20260806-192648/last.pt
2026-08-06 20:20:56 INFO  scripts.synthetic_model_comparison.training.training_pipeline | epoch 168/200 done — next lr=0.000643805, epochs_since_improve=9/20
2026-08-06 20:20:56 INFO  scripts.synthetic_model_comparison.training.training_pipeline | epoch 169/200 — train start (lr=0.000643805, batches=15)
2026-08-06 20:21:08 INFO  scripts.synthetic_model_comparison.training.training_pipeline | epoch 169/200 — train done in 11.5s | avg loss_box=0.4380 loss_cls=0.2455 loss_dfl=0.0116 loss_total=45.0770
2026-08-06 20:21:08 INFO  scripts.synthetic_model_comparison.training.evaluation | evaluating on 4 batches
2026-08-06 20:21:13 INFO  scripts.synthetic_model_comparison.training.training_pipeline | epoch 169/200 — val mAP50=0.9729 mAP50_95=0.8062 (selection mAP50_95=0.8062)
2026-08-06 20:21:14 INFO  scripts.synthetic_model_comparison.training.evaluation | mlflow: logged val/mAP50=0.9729 val/mAP50_95=0.8062 (step=168)
2026-08-06 20:21:14 INFO  scripts.synthetic_model_comparison.training.evaluation | mlflow: logged val per-class AP table (12 classes)
2026-08-06 20:21:14 INFO  scripts.synthetic_model_comparison.training.training_pipeline | saved checkpoint: /home/debian/Master-Thesis/scripts/synthetic_model_comparison/training/model_exports/yolo26n-gpt-image-2-low-compressed-seed42-20260806-192648/best.pt
2026-08-06 20:21:14 INFO  scripts.synthetic_model_comparison.training.training_pipeline | new best mAP50_95=0.8062 at epoch 169
2026-08-06 20:21:15 INFO  scripts.synthetic_model_comparison.training.training_pipeline | saved checkpoint: /home/debian/Master-Thesis/scripts/synthetic_model_comparison/training/model_exports/yolo26n-gpt-image-2-low-compressed-seed42-20260806-192648/last.pt
2026-08-06 20:21:15 INFO  scripts.synthetic_model_comparison.training.training_pipeline | epoch 169/200 done — next lr=0.000605527, epochs_since_improve=0/20
2026-08-06 20:21:15 INFO  scripts.synthetic_model_comparison.training.training_pipeline | epoch 170/200 — train start (lr=0.000605527, batches=15)
2026-08-06 20:21:26 INFO  scripts.synthetic_model_comparison.training.training_pipeline | epoch 170/200 — train done in 11.3s | avg loss_box=0.4185 loss_cls=0.2300 loss_dfl=0.0112 loss_total=43.1734
2026-08-06 20:21:26 INFO  scripts.synthetic_model_comparison.training.evaluation | evaluating on 4 batches
2026-08-06 20:21:32 INFO  scripts.synthetic_model_comparison.training.training_pipeline | epoch 170/200 — val mAP50=0.9720 mAP50_95=0.7976 (selection mAP50_95=0.7976)
2026-08-06 20:21:33 INFO  scripts.synthetic_model_comparison.training.evaluation | mlflow: logged val/mAP50=0.9720 val/mAP50_95=0.7976 (step=169)
2026-08-06 20:21:33 INFO  scripts.synthetic_model_comparison.training.evaluation | mlflow: logged val per-class AP table (12 classes)
2026-08-06 20:21:33 INFO  scripts.synthetic_model_comparison.training.training_pipeline | saved checkpoint: /home/debian/Master-Thesis/scripts/synthetic_model_comparison/training/model_exports/yolo26n-gpt-image-2-low-compressed-seed42-20260806-192648/last.pt
2026-08-06 20:21:34 INFO  scripts.synthetic_model_comparison.training.training_pipeline | epoch 170/200 done — next lr=0.000568368, epochs_since_improve=1/20
2026-08-06 20:21:34 INFO  scripts.synthetic_model_comparison.training.training_pipeline | epoch 171/200 — train start (lr=0.000568368, batches=15)
2026-08-06 20:21:40 INFO  scripts.synthetic_model_comparison.training.training_pipeline | step 2550 | loss_box=0.3864 loss_cls=0.2228 loss_dfl=0.0108 loss_total=40.7602 lr=0.000565931
2026-08-06 20:21:47 INFO  scripts.synthetic_model_comparison.training.training_pipeline | epoch 171/200 — train done in 13.0s | avg loss_box=0.4260 loss_cls=0.2381 loss_dfl=0.0114 loss_total=44.0818
2026-08-06 20:21:47 INFO  scripts.synthetic_model_comparison.training.evaluation | evaluating on 4 batches
2026-08-06 20:21:53 INFO  scripts.synthetic_model_comparison.training.training_pipeline | epoch 171/200 — val mAP50=0.9703 mAP50_95=0.7932 (selection mAP50_95=0.7932)
2026-08-06 20:21:53 INFO  scripts.synthetic_model_comparison.training.evaluation | mlflow: logged val/mAP50=0.9703 val/mAP50_95=0.7932 (step=170)
2026-08-06 20:21:54 INFO  scripts.synthetic_model_comparison.training.evaluation | mlflow: logged val per-class AP table (12 classes)
2026-08-06 20:21:54 INFO  scripts.synthetic_model_comparison.training.training_pipeline | saved checkpoint: /home/debian/Master-Thesis/scripts/synthetic_model_comparison/training/model_exports/yolo26n-gpt-image-2-low-compressed-seed42-20260806-192648/last.pt
2026-08-06 20:21:54 INFO  scripts.synthetic_model_comparison.training.training_pipeline | epoch 171/200 done — next lr=0.000532337, epochs_since_improve=2/20
2026-08-06 20:21:54 INFO  scripts.synthetic_model_comparison.training.training_pipeline | epoch 172/200 — train start (lr=0.000532337, batches=15)
2026-08-06 20:22:06 INFO  scripts.synthetic_model_comparison.training.training_pipeline | epoch 172/200 — train done in 11.7s | avg loss_box=0.4424 loss_cls=0.2475 loss_dfl=0.0119 loss_total=45.5107
2026-08-06 20:22:06 INFO  scripts.synthetic_model_comparison.training.evaluation | evaluating on 4 batches
2026-08-06 20:22:12 INFO  scripts.synthetic_model_comparison.training.training_pipeline | epoch 172/200 — val mAP50=0.9700 mAP50_95=0.7956 (selection mAP50_95=0.7956)
2026-08-06 20:22:12 INFO  scripts.synthetic_model_comparison.training.evaluation | mlflow: logged val/mAP50=0.9700 val/mAP50_95=0.7956 (step=171)
2026-08-06 20:22:12 INFO  scripts.synthetic_model_comparison.training.evaluation | mlflow: logged val per-class AP table (12 classes)
2026-08-06 20:22:13 INFO  scripts.synthetic_model_comparison.training.training_pipeline | saved checkpoint: /home/debian/Master-Thesis/scripts/synthetic_model_comparison/training/model_exports/yolo26n-gpt-image-2-low-compressed-seed42-20260806-192648/last.pt
2026-08-06 20:22:13 INFO  scripts.synthetic_model_comparison.training.training_pipeline | epoch 172/200 done — next lr=0.000497444, epochs_since_improve=3/20
2026-08-06 20:22:13 INFO  scripts.synthetic_model_comparison.training.training_pipeline | epoch 173/200 — train start (lr=0.000497444, batches=15)
2026-08-06 20:22:24 INFO  scripts.synthetic_model_comparison.training.training_pipeline | epoch 173/200 — train done in 11.3s | avg loss_box=0.4267 loss_cls=0.2351 loss_dfl=0.0116 loss_total=43.8909
2026-08-06 20:22:24 INFO  scripts.synthetic_model_comparison.training.evaluation | evaluating on 4 batches
2026-08-06 20:22:30 INFO  scripts.synthetic_model_comparison.training.training_pipeline | epoch 173/200 — val mAP50=0.9740 mAP50_95=0.8048 (selection mAP50_95=0.8048)
2026-08-06 20:22:31 INFO  scripts.synthetic_model_comparison.training.evaluation | mlflow: logged val/mAP50=0.9740 val/mAP50_95=0.8048 (step=172)
2026-08-06 20:22:31 INFO  scripts.synthetic_model_comparison.training.evaluation | mlflow: logged val per-class AP table (12 classes)
2026-08-06 20:22:31 INFO  scripts.synthetic_model_comparison.training.training_pipeline | saved checkpoint: /home/debian/Master-Thesis/scripts/synthetic_model_comparison/training/model_exports/yolo26n-gpt-image-2-low-compressed-seed42-20260806-192648/last.pt
2026-08-06 20:22:32 INFO  scripts.synthetic_model_comparison.training.training_pipeline | epoch 173/200 done — next lr=0.000463697, epochs_since_improve=4/20
2026-08-06 20:22:32 INFO  scripts.synthetic_model_comparison.training.training_pipeline | epoch 174/200 — train start (lr=0.000463697, batches=15)
2026-08-06 20:22:39 INFO  scripts.synthetic_model_comparison.training.training_pipeline | step 2600 | loss_box=0.4056 loss_cls=0.2534 loss_dfl=0.0113 loss_total=43.1320 lr=0.000450521
2026-08-06 20:22:44 INFO  scripts.synthetic_model_comparison.training.training_pipeline | epoch 174/200 — train done in 12.8s | avg loss_box=0.4108 loss_cls=0.2336 loss_dfl=0.0109 loss_total=42.7211
2026-08-06 20:22:44 INFO  scripts.synthetic_model_comparison.training.evaluation | evaluating on 4 batches
2026-08-06 20:22:50 INFO  scripts.synthetic_model_comparison.training.training_pipeline | epoch 174/200 — val mAP50=0.9751 mAP50_95=0.8051 (selection mAP50_95=0.8051)
2026-08-06 20:22:51 INFO  scripts.synthetic_model_comparison.training.evaluation | mlflow: logged val/mAP50=0.9751 val/mAP50_95=0.8051 (step=173)
2026-08-06 20:22:51 INFO  scripts.synthetic_model_comparison.training.evaluation | mlflow: logged val per-class AP table (12 classes)
2026-08-06 20:22:51 INFO  scripts.synthetic_model_comparison.training.training_pipeline | saved checkpoint: /home/debian/Master-Thesis/scripts/synthetic_model_comparison/training/model_exports/yolo26n-gpt-image-2-low-compressed-seed42-20260806-192648/last.pt
2026-08-06 20:22:51 INFO  scripts.synthetic_model_comparison.training.training_pipeline | epoch 174/200 done — next lr=0.000431105, epochs_since_improve=5/20
2026-08-06 20:22:51 INFO  scripts.synthetic_model_comparison.training.training_pipeline | epoch 175/200 — train start (lr=0.000431105, batches=15)
2026-08-06 20:23:03 INFO  scripts.synthetic_model_comparison.training.training_pipeline | epoch 175/200 — train done in 11.6s | avg loss_box=0.4097 loss_cls=0.2221 loss_dfl=0.0111 loss_total=42.1654
2026-08-06 20:23:03 INFO  scripts.synthetic_model_comparison.training.evaluation | evaluating on 4 batches
2026-08-06 20:23:09 INFO  scripts.synthetic_model_comparison.training.training_pipeline | epoch 175/200 — val mAP50=0.9731 mAP50_95=0.8050 (selection mAP50_95=0.8050)
2026-08-06 20:23:10 INFO  scripts.synthetic_model_comparison.training.evaluation | mlflow: logged val/mAP50=0.9731 val/mAP50_95=0.8050 (step=174)
2026-08-06 20:23:10 INFO  scripts.synthetic_model_comparison.training.evaluation | mlflow: logged val per-class AP table (12 classes)
2026-08-06 20:23:10 INFO  scripts.synthetic_model_comparison.training.training_pipeline | saved checkpoint: /home/debian/Master-Thesis/scripts/synthetic_model_comparison/training/model_exports/yolo26n-gpt-image-2-low-compressed-seed42-20260806-192648/last.pt
2026-08-06 20:23:10 INFO  scripts.synthetic_model_comparison.training.training_pipeline | epoch 175/200 done — next lr=0.000399676, epochs_since_improve=6/20
2026-08-06 20:23:10 INFO  scripts.synthetic_model_comparison.training.training_pipeline | epoch 176/200 — train start (lr=0.000399676, batches=15)
2026-08-06 20:23:22 INFO  scripts.synthetic_model_comparison.training.training_pipeline | epoch 176/200 — train done in 11.6s | avg loss_box=0.4023 loss_cls=0.2207 loss_dfl=0.0107 loss_total=41.4353
2026-08-06 20:23:22 INFO  scripts.synthetic_model_comparison.training.evaluation | evaluating on 4 batches
2026-08-06 20:23:28 INFO  scripts.synthetic_model_comparison.training.training_pipeline | epoch 176/200 — val mAP50=0.9741 mAP50_95=0.7998 (selection mAP50_95=0.7998)
2026-08-06 20:23:29 INFO  scripts.synthetic_model_comparison.training.evaluation | mlflow: logged val/mAP50=0.9741 val/mAP50_95=0.7998 (step=175)
2026-08-06 20:23:29 INFO  scripts.synthetic_model_comparison.training.evaluation | mlflow: logged val per-class AP table (12 classes)
2026-08-06 20:23:29 INFO  scripts.synthetic_model_comparison.training.training_pipeline | saved checkpoint: /home/debian/Master-Thesis/scripts/synthetic_model_comparison/training/model_exports/yolo26n-gpt-image-2-low-compressed-seed42-20260806-192648/last.pt
2026-08-06 20:23:29 INFO  scripts.synthetic_model_comparison.training.training_pipeline | epoch 176/200 done — next lr=0.000369419, epochs_since_improve=7/20
2026-08-06 20:23:29 INFO  scripts.synthetic_model_comparison.training.training_pipeline | epoch 177/200 — train start (lr=0.000369419, batches=15)
2026-08-06 20:23:40 INFO  scripts.synthetic_model_comparison.training.training_pipeline | step 2650 | loss_box=0.3874 loss_cls=0.2037 loss_dfl=0.0108 loss_total=39.5666 lr=0.000347979
2026-08-06 20:23:43 INFO  scripts.synthetic_model_comparison.training.training_pipeline | epoch 177/200 — train done in 13.2s | avg loss_box=0.4062 loss_cls=0.2290 loss_dfl=0.0111 loss_total=42.1647
2026-08-06 20:23:43 INFO  scripts.synthetic_model_comparison.training.evaluation | evaluating on 4 batches
2026-08-06 20:23:48 INFO  scripts.synthetic_model_comparison.training.training_pipeline | epoch 177/200 — val mAP50=0.9712 mAP50_95=0.7986 (selection mAP50_95=0.7986)
2026-08-06 20:23:49 INFO  scripts.synthetic_model_comparison.training.evaluation | mlflow: logged val/mAP50=0.9712 val/mAP50_95=0.7986 (step=176)
2026-08-06 20:23:49 INFO  scripts.synthetic_model_comparison.training.evaluation | mlflow: logged val per-class AP table (12 classes)
2026-08-06 20:23:50 INFO  scripts.synthetic_model_comparison.training.training_pipeline | saved checkpoint: /home/debian/Master-Thesis/scripts/synthetic_model_comparison/training/model_exports/yolo26n-gpt-image-2-low-compressed-seed42-20260806-192648/last.pt
2026-08-06 20:23:50 INFO  scripts.synthetic_model_comparison.training.training_pipeline | epoch 177/200 done — next lr=0.00034034, epochs_since_improve=8/20
2026-08-06 20:23:50 INFO  scripts.synthetic_model_comparison.training.training_pipeline | epoch 178/200 — train start (lr=0.00034034, batches=15)
2026-08-06 20:24:02 INFO  scripts.synthetic_model_comparison.training.training_pipeline | epoch 178/200 — train done in 11.7s | avg loss_box=0.4142 loss_cls=0.2183 loss_dfl=0.0111 loss_total=42.0717
2026-08-06 20:24:02 INFO  scripts.synthetic_model_comparison.training.evaluation | evaluating on 4 batches
2026-08-06 20:24:08 INFO  scripts.synthetic_model_comparison.training.training_pipeline | epoch 178/200 — val mAP50=0.9701 mAP50_95=0.7998 (selection mAP50_95=0.7998)
2026-08-06 20:24:08 INFO  scripts.synthetic_model_comparison.training.evaluation | mlflow: logged val/mAP50=0.9701 val/mAP50_95=0.7998 (step=177)
2026-08-06 20:24:09 INFO  scripts.synthetic_model_comparison.training.evaluation | mlflow: logged val per-class AP table (12 classes)
2026-08-06 20:24:09 INFO  scripts.synthetic_model_comparison.training.training_pipeline | saved checkpoint: /home/debian/Master-Thesis/scripts/synthetic_model_comparison/training/model_exports/yolo26n-gpt-image-2-low-compressed-seed42-20260806-192648/last.pt
2026-08-06 20:24:09 INFO  scripts.synthetic_model_comparison.training.training_pipeline | epoch 178/200 done — next lr=0.000312447, epochs_since_improve=9/20
2026-08-06 20:24:09 INFO  scripts.synthetic_model_comparison.training.training_pipeline | epoch 179/200 — train start (lr=0.000312447, batches=15)
2026-08-06 20:24:20 INFO  scripts.synthetic_model_comparison.training.training_pipeline | epoch 179/200 — train done in 11.4s | avg loss_box=0.4117 loss_cls=0.2193 loss_dfl=0.0112 loss_total=42.0317
2026-08-06 20:24:20 INFO  scripts.synthetic_model_comparison.training.evaluation | evaluating on 4 batches
2026-08-06 20:24:26 INFO  scripts.synthetic_model_comparison.training.training_pipeline | epoch 179/200 — val mAP50=0.9721 mAP50_95=0.7997 (selection mAP50_95=0.7997)
2026-08-06 20:24:27 INFO  scripts.synthetic_model_comparison.training.evaluation | mlflow: logged val/mAP50=0.9721 val/mAP50_95=0.7997 (step=178)
2026-08-06 20:24:27 INFO  scripts.synthetic_model_comparison.training.evaluation | mlflow: logged val per-class AP table (12 classes)
2026-08-06 20:24:27 INFO  scripts.synthetic_model_comparison.training.training_pipeline | saved checkpoint: /home/debian/Master-Thesis/scripts/synthetic_model_comparison/training/model_exports/yolo26n-gpt-image-2-low-compressed-seed42-20260806-192648/last.pt
2026-08-06 20:24:28 INFO  scripts.synthetic_model_comparison.training.training_pipeline | epoch 179/200 done — next lr=0.000285748, epochs_since_improve=10/20
2026-08-06 20:24:28 INFO  scripts.synthetic_model_comparison.training.training_pipeline | epoch 180/200 — train start (lr=0.000285748, batches=15)
2026-08-06 20:24:39 INFO  scripts.synthetic_model_comparison.training.training_pipeline | epoch 180/200 — train done in 11.6s | avg loss_box=0.3884 loss_cls=0.2168 loss_dfl=0.0104 loss_total=40.3770
2026-08-06 20:24:39 INFO  scripts.synthetic_model_comparison.training.evaluation | evaluating on 4 batches
2026-08-06 20:24:45 INFO  scripts.synthetic_model_comparison.training.training_pipeline | epoch 180/200 — val mAP50=0.9707 mAP50_95=0.8046 (selection mAP50_95=0.8046)
2026-08-06 20:24:46 INFO  scripts.synthetic_model_comparison.training.evaluation | mlflow: logged val/mAP50=0.9707 val/mAP50_95=0.8046 (step=179)
2026-08-06 20:24:46 INFO  scripts.synthetic_model_comparison.training.evaluation | mlflow: logged val per-class AP table (12 classes)
2026-08-06 20:24:46 INFO  scripts.synthetic_model_comparison.training.training_pipeline | saved checkpoint: /home/debian/Master-Thesis/scripts/synthetic_model_comparison/training/model_exports/yolo26n-gpt-image-2-low-compressed-seed42-20260806-192648/last.pt
2026-08-06 20:24:47 INFO  scripts.synthetic_model_comparison.training.training_pipeline | epoch 180/200 done — next lr=0.000260249, epochs_since_improve=11/20
2026-08-06 20:24:47 INFO  scripts.synthetic_model_comparison.training.training_pipeline | epoch 181/200 — train start (lr=0.000260249, batches=15)
2026-08-06 20:24:53 INFO  scripts.synthetic_model_comparison.training.training_pipeline | step 2700 | loss_box=0.3100 loss_cls=0.2032 loss_dfl=0.0084 loss_total=34.6179 lr=0.000258592
2026-08-06 20:25:00 INFO  scripts.synthetic_model_comparison.training.training_pipeline | epoch 181/200 — train done in 13.1s | avg loss_box=0.3917 loss_cls=0.2170 loss_dfl=0.0105 loss_total=40.5488
2026-08-06 20:25:00 INFO  scripts.synthetic_model_comparison.training.evaluation | evaluating on 4 batches
2026-08-06 20:25:06 INFO  scripts.synthetic_model_comparison.training.training_pipeline | epoch 181/200 — val mAP50=0.9706 mAP50_95=0.7990 (selection mAP50_95=0.7990)
2026-08-06 20:25:06 INFO  scripts.synthetic_model_comparison.training.evaluation | mlflow: logged val/mAP50=0.9706 val/mAP50_95=0.7990 (step=180)
2026-08-06 20:25:07 INFO  scripts.synthetic_model_comparison.training.evaluation | mlflow: logged val per-class AP table (12 classes)
2026-08-06 20:25:07 INFO  scripts.synthetic_model_comparison.training.training_pipeline | saved checkpoint: /home/debian/Master-Thesis/scripts/synthetic_model_comparison/training/model_exports/yolo26n-gpt-image-2-low-compressed-seed42-20260806-192648/last.pt
2026-08-06 20:25:07 INFO  scripts.synthetic_model_comparison.training.training_pipeline | epoch 181/200 done — next lr=0.000235957, epochs_since_improve=12/20
2026-08-06 20:25:07 INFO  scripts.synthetic_model_comparison.training.training_pipeline | epoch 182/200 — train start (lr=0.000235957, batches=15)
2026-08-06 20:25:19 INFO  scripts.synthetic_model_comparison.training.training_pipeline | epoch 182/200 — train done in 11.6s | avg loss_box=0.4065 loss_cls=0.2289 loss_dfl=0.0109 loss_total=42.1421
2026-08-06 20:25:19 INFO  scripts.synthetic_model_comparison.training.evaluation | evaluating on 4 batches
2026-08-06 20:25:25 INFO  scripts.synthetic_model_comparison.training.training_pipeline | epoch 182/200 — val mAP50=0.9684 mAP50_95=0.8044 (selection mAP50_95=0.8044)
2026-08-06 20:25:25 INFO  scripts.synthetic_model_comparison.training.evaluation | mlflow: logged val/mAP50=0.9684 val/mAP50_95=0.8044 (step=181)
2026-08-06 20:25:26 INFO  scripts.synthetic_model_comparison.training.evaluation | mlflow: logged val per-class AP table (12 classes)
2026-08-06 20:25:26 INFO  scripts.synthetic_model_comparison.training.training_pipeline | saved checkpoint: /home/debian/Master-Thesis/scripts/synthetic_model_comparison/training/model_exports/yolo26n-gpt-image-2-low-compressed-seed42-20260806-192648/last.pt
2026-08-06 20:25:26 INFO  scripts.synthetic_model_comparison.training.training_pipeline | epoch 182/200 done — next lr=0.000212877, epochs_since_improve=13/20
2026-08-06 20:25:26 INFO  scripts.synthetic_model_comparison.training.training_pipeline | epoch 183/200 — train start (lr=0.000212877, batches=15)
2026-08-06 20:25:38 INFO  scripts.synthetic_model_comparison.training.training_pipeline | epoch 183/200 — train done in 11.6s | avg loss_box=0.3963 loss_cls=0.2194 loss_dfl=0.0107 loss_total=40.9314
2026-08-06 20:25:38 INFO  scripts.synthetic_model_comparison.training.evaluation | evaluating on 4 batches
2026-08-06 20:25:44 INFO  scripts.synthetic_model_comparison.training.training_pipeline | epoch 183/200 — val mAP50=0.9685 mAP50_95=0.8029 (selection mAP50_95=0.8029)
2026-08-06 20:25:44 INFO  scripts.synthetic_model_comparison.training.evaluation | mlflow: logged val/mAP50=0.9685 val/mAP50_95=0.8029 (step=182)
2026-08-06 20:25:45 INFO  scripts.synthetic_model_comparison.training.evaluation | mlflow: logged val per-class AP table (12 classes)
2026-08-06 20:25:45 INFO  scripts.synthetic_model_comparison.training.training_pipeline | saved checkpoint: /home/debian/Master-Thesis/scripts/synthetic_model_comparison/training/model_exports/yolo26n-gpt-image-2-low-compressed-seed42-20260806-192648/last.pt
2026-08-06 20:25:45 INFO  scripts.synthetic_model_comparison.training.training_pipeline | epoch 183/200 done — next lr=0.000191016, epochs_since_improve=14/20
2026-08-06 20:25:45 INFO  scripts.synthetic_model_comparison.training.training_pipeline | epoch 184/200 — train start (lr=0.000191016, batches=15)
2026-08-06 20:25:54 INFO  scripts.synthetic_model_comparison.training.training_pipeline | step 2750 | loss_box=0.3535 loss_cls=0.1720 loss_dfl=0.0101 loss_total=35.7201 lr=0.000182614
2026-08-06 20:25:59 INFO  scripts.synthetic_model_comparison.training.training_pipeline | epoch 184/200 — train done in 13.7s | avg loss_box=0.3925 loss_cls=0.2176 loss_dfl=0.0107 loss_total=40.6423
2026-08-06 20:25:59 INFO  scripts.synthetic_model_comparison.training.evaluation | evaluating on 4 batches
2026-08-06 20:26:04 INFO  scripts.synthetic_model_comparison.training.training_pipeline | epoch 184/200 — val mAP50=0.9694 mAP50_95=0.8028 (selection mAP50_95=0.8028)
2026-08-06 20:26:05 INFO  scripts.synthetic_model_comparison.training.evaluation | mlflow: logged val/mAP50=0.9694 val/mAP50_95=0.8028 (step=183)
2026-08-06 20:26:05 INFO  scripts.synthetic_model_comparison.training.evaluation | mlflow: logged val per-class AP table (12 classes)
2026-08-06 20:26:06 INFO  scripts.synthetic_model_comparison.training.training_pipeline | saved checkpoint: /home/debian/Master-Thesis/scripts/synthetic_model_comparison/training/model_exports/yolo26n-gpt-image-2-low-compressed-seed42-20260806-192648/last.pt
2026-08-06 20:26:06 INFO  scripts.synthetic_model_comparison.training.training_pipeline | epoch 184/200 done — next lr=0.000170379, epochs_since_improve=15/20
2026-08-06 20:26:06 INFO  scripts.synthetic_model_comparison.training.training_pipeline | epoch 185/200 — train start (lr=0.000170379, batches=15)
2026-08-06 20:26:18 INFO  scripts.synthetic_model_comparison.training.training_pipeline | epoch 185/200 — train done in 11.9s | avg loss_box=0.3914 loss_cls=0.2227 loss_dfl=0.0104 loss_total=40.7547
2026-08-06 20:26:18 INFO  scripts.synthetic_model_comparison.training.evaluation | evaluating on 4 batches
2026-08-06 20:26:24 INFO  scripts.synthetic_model_comparison.training.training_pipeline | epoch 185/200 — val mAP50=0.9715 mAP50_95=0.8054 (selection mAP50_95=0.8054)
2026-08-06 20:26:24 INFO  scripts.synthetic_model_comparison.training.evaluation | mlflow: logged val/mAP50=0.9715 val/mAP50_95=0.8054 (step=184)
2026-08-06 20:26:25 INFO  scripts.synthetic_model_comparison.training.evaluation | mlflow: logged val per-class AP table (12 classes)
2026-08-06 20:26:25 INFO  scripts.synthetic_model_comparison.training.training_pipeline | saved checkpoint: /home/debian/Master-Thesis/scripts/synthetic_model_comparison/training/model_exports/yolo26n-gpt-image-2-low-compressed-seed42-20260806-192648/last.pt
2026-08-06 20:26:25 INFO  scripts.synthetic_model_comparison.training.training_pipeline | epoch 185/200 done — next lr=0.000150972, epochs_since_improve=16/20
2026-08-06 20:26:25 INFO  scripts.synthetic_model_comparison.training.training_pipeline | epoch 186/200 — train start (lr=0.000150972, batches=15)
2026-08-06 20:26:37 INFO  scripts.synthetic_model_comparison.training.training_pipeline | epoch 186/200 — train done in 11.6s | avg loss_box=0.3810 loss_cls=0.2291 loss_dfl=0.0103 loss_total=40.4749
2026-08-06 20:26:37 INFO  scripts.synthetic_model_comparison.training.evaluation | evaluating on 4 batches
2026-08-06 20:26:43 INFO  scripts.synthetic_model_comparison.training.training_pipeline | epoch 186/200 — val mAP50=0.9708 mAP50_95=0.8007 (selection mAP50_95=0.8007)
2026-08-06 20:26:43 INFO  scripts.synthetic_model_comparison.training.evaluation | mlflow: logged val/mAP50=0.9708 val/mAP50_95=0.8007 (step=185)
2026-08-06 20:26:44 INFO  scripts.synthetic_model_comparison.training.evaluation | mlflow: logged val per-class AP table (12 classes)
2026-08-06 20:26:44 INFO  scripts.synthetic_model_comparison.training.training_pipeline | saved checkpoint: /home/debian/Master-Thesis/scripts/synthetic_model_comparison/training/model_exports/yolo26n-gpt-image-2-low-compressed-seed42-20260806-192648/last.pt
2026-08-06 20:26:44 INFO  scripts.synthetic_model_comparison.training.training_pipeline | epoch 186/200 done — next lr=0.000132799, epochs_since_improve=17/20
2026-08-06 20:26:44 INFO  scripts.synthetic_model_comparison.training.training_pipeline | epoch 187/200 — train start (lr=0.000132799, batches=15)
2026-08-06 20:26:54 INFO  scripts.synthetic_model_comparison.training.training_pipeline | step 2800 | loss_box=0.3915 loss_cls=0.2166 loss_dfl=0.0111 loss_total=40.5986 lr=0.00012026
2026-08-06 20:26:57 INFO  scripts.synthetic_model_comparison.training.training_pipeline | epoch 187/200 — train done in 13.2s | avg loss_box=0.3856 loss_cls=0.2109 loss_dfl=0.0106 loss_total=39.8578
2026-08-06 20:26:57 INFO  scripts.synthetic_model_comparison.training.evaluation | evaluating on 4 batches
2026-08-06 20:27:03 INFO  scripts.synthetic_model_comparison.training.training_pipeline | epoch 187/200 — val mAP50=0.9718 mAP50_95=0.8064 (selection mAP50_95=0.8064)
2026-08-06 20:27:04 INFO  scripts.synthetic_model_comparison.training.evaluation | mlflow: logged val/mAP50=0.9718 val/mAP50_95=0.8064 (step=186)
2026-08-06 20:27:04 INFO  scripts.synthetic_model_comparison.training.evaluation | mlflow: logged val per-class AP table (12 classes)
2026-08-06 20:27:04 INFO  scripts.synthetic_model_comparison.training.training_pipeline | saved checkpoint: /home/debian/Master-Thesis/scripts/synthetic_model_comparison/training/model_exports/yolo26n-gpt-image-2-low-compressed-seed42-20260806-192648/last.pt
2026-08-06 20:27:05 INFO  scripts.synthetic_model_comparison.training.training_pipeline | epoch 187/200 done — next lr=0.000115865, epochs_since_improve=18/20
2026-08-06 20:27:05 INFO  scripts.synthetic_model_comparison.training.training_pipeline | epoch 188/200 — train start (lr=0.000115865, batches=15)
2026-08-06 20:27:16 INFO  scripts.synthetic_model_comparison.training.training_pipeline | epoch 188/200 — train done in 11.2s | avg loss_box=0.3912 loss_cls=0.2084 loss_dfl=0.0107 loss_total=39.9671
2026-08-06 20:27:16 INFO  scripts.synthetic_model_comparison.training.evaluation | evaluating on 4 batches
2026-08-06 20:27:22 INFO  scripts.synthetic_model_comparison.training.training_pipeline | epoch 188/200 — val mAP50=0.9716 mAP50_95=0.8051 (selection mAP50_95=0.8051)
2026-08-06 20:27:22 INFO  scripts.synthetic_model_comparison.training.evaluation | mlflow: logged val/mAP50=0.9716 val/mAP50_95=0.8051 (step=187)
2026-08-06 20:27:23 INFO  scripts.synthetic_model_comparison.training.evaluation | mlflow: logged val per-class AP table (12 classes)
2026-08-06 20:27:23 INFO  scripts.synthetic_model_comparison.training.training_pipeline | saved checkpoint: /home/debian/Master-Thesis/scripts/synthetic_model_comparison/training/model_exports/yolo26n-gpt-image-2-low-compressed-seed42-20260806-192648/last.pt
2026-08-06 20:27:23 INFO  scripts.synthetic_model_comparison.training.training_pipeline | epoch 188/200 done — next lr=0.000100175, epochs_since_improve=19/20
2026-08-06 20:27:23 INFO  scripts.synthetic_model_comparison.training.training_pipeline | epoch 189/200 — train start (lr=0.000100175, batches=15)
2026-08-06 20:27:35 INFO  scripts.synthetic_model_comparison.training.training_pipeline | epoch 189/200 — train done in 11.6s | avg loss_box=0.3910 loss_cls=0.2151 loss_dfl=0.0106 loss_total=40.2661
2026-08-06 20:27:35 INFO  scripts.synthetic_model_comparison.training.evaluation | evaluating on 4 batches
2026-08-06 20:27:40 INFO  scripts.synthetic_model_comparison.training.training_pipeline | epoch 189/200 — val mAP50=0.9721 mAP50_95=0.8015 (selection mAP50_95=0.8015)
2026-08-06 20:27:41 INFO  scripts.synthetic_model_comparison.training.evaluation | mlflow: logged val/mAP50=0.9721 val/mAP50_95=0.8015 (step=188)
2026-08-06 20:27:41 INFO  scripts.synthetic_model_comparison.training.evaluation | mlflow: logged val per-class AP table (12 classes)
2026-08-06 20:27:42 INFO  scripts.synthetic_model_comparison.training.training_pipeline | saved checkpoint: /home/debian/Master-Thesis/scripts/synthetic_model_comparison/training/model_exports/yolo26n-gpt-image-2-low-compressed-seed42-20260806-192648/last.pt
2026-08-06 20:27:42 INFO  scripts.synthetic_model_comparison.training.training_pipeline | epoch 189/200 done — next lr=8.57317e-05, epochs_since_improve=20/20
2026-08-06 20:27:42 INFO  scripts.synthetic_model_comparison.training.training_pipeline | early stopping at epoch 189 — no mAP50_95 improvement (>0.001) for 20 epochs
2026-08-06 20:27:42 INFO  scripts.synthetic_model_comparison.training.training_pipeline | saved checkpoint: /home/debian/Master-Thesis/scripts/synthetic_model_comparison/training/model_exports/yolo26n-gpt-image-2-low-compressed-seed42-20260806-192648/last.pt
2026-08-06 20:27:42 INFO  scripts.synthetic_model_comparison.training.training_pipeline | training finished — loading best.pt for final test evaluation
2026-08-06 20:27:42 INFO  scripts.synthetic_model_comparison.training.training_pipeline | loaded best.pt (mAP50_95=0.8062 @ epoch 168)
2026-08-06 20:27:42 INFO  scripts.synthetic_model_comparison.training.evaluation | evaluating on 153 batches
2026-08-06 20:30:52 INFO  scripts.synthetic_model_comparison.training.training_pipeline | test mAP50=0.1413 mAP50_95=0.0756
2026-08-06 20:30:52 INFO  scripts.synthetic_model_comparison.training.evaluation | mlflow: logged test/mAP50=0.1413 test/mAP50_95=0.0756 (step=None)
2026-08-06 20:30:53 INFO  scripts.synthetic_model_comparison.training.evaluation | mlflow: logged test per-class AP table (12 classes)
2026-08-06 20:31:02 INFO  scripts.synthetic_model_comparison.training.training_pipeline | uploaded checkpoints to MLflow
2026-08-06 20:31:02 INFO  __main__ | === post-training full evaluation (limit=None) ===
2026-08-06 20:31:02 INFO  scripts.synthetic_model_comparison.training.eval_suite.run_evaluation | === evaluation (real-only) ===
2026-08-06 20:31:02 INFO  scripts.synthetic_model_comparison.training.eval_suite.run_evaluation | checkpoint=/home/debian/Master-Thesis/scripts/synthetic_model_comparison/training/model_exports/yolo26n-gpt-image-2-low-compressed-seed42-20260806-192648/best.pt device=cuda output_dir=/home/debian/Master-Thesis/scripts/synthetic_model_comparison/training/model_exports/yolo26n-gpt-image-2-low-compressed-seed42-20260806-192648/evaluation
2026-08-06 20:31:02 INFO  scripts.synthetic_model_comparison.training.eval_suite.run_evaluation | real_ann=/home/debian/Master-Thesis/data/synthetic_model_comparison/test/annotations_test.json max_det=100
2026-08-06 20:31:02 INFO  scripts.synthetic_model_comparison.training.dataset | dataset annotations_test.json: 9742 images, 9742 annotations, 12 classes
2026-08-06 20:31:02 INFO  scripts.synthetic_model_comparison.training.eval_suite.predict | loading checkpoint: /home/debian/Master-Thesis/scripts/synthetic_model_comparison/training/model_exports/yolo26n-gpt-image-2-low-compressed-seed42-20260806-192648/best.pt
2026-08-06 20:31:02 INFO  scripts.synthetic_model_comparison.training.yolo26n_model | no pretrained weights — training from random initialization
2026-08-06 20:31:02 INFO  scripts.synthetic_model_comparison.training.yolo26n_model | model: yolo26n, nc=12, params=2.51M, device=cuda
2026-08-06 20:31:03 INFO  scripts.synthetic_model_comparison.training.eval_suite.predict | checkpoint format: training dict (state_dict under 'model' key)
2026-08-06 20:31:03 INFO  scripts.synthetic_model_comparison.training.eval_suite.predict | loaded 708/708 keys from checkpoint (skipped 0 shape-mismatched / missing)
2026-08-06 20:31:03 INFO  scripts.synthetic_model_comparison.training.eval_suite.predict | running inference: 9742 images, batch=64, max_det=100 (NMS-free: conf/iou thresholds unused)
2026-08-06 20:34:53 INFO  scripts.synthetic_model_comparison.training.eval_suite.predict | inference complete: 974200 predictions over 9742 images
2026-08-06 20:35:04 INFO  scripts.synthetic_model_comparison.training.eval_suite.predict | predictions written to /home/debian/Master-Thesis/scripts/synthetic_model_comparison/training/model_exports/yolo26n-gpt-image-2-low-compressed-seed42-20260806-192648/evaluation/predictions_real.json
2026-08-06 20:35:04 INFO  scripts.synthetic_model_comparison.training.eval_suite.scoring | loading GT index from /home/debian/Master-Thesis/data/synthetic_model_comparison/test/annotations_test.json
2026-08-06 20:35:04 INFO  scripts.synthetic_model_comparison.training.eval_suite.scoring | GT index: 9742 images, 12 categories, 9742 annotated images
2026-08-06 20:35:04 INFO  scripts.synthetic_model_comparison.training.eval_suite.report | headline: real-test mAP (fine)
2026-08-06 20:36:49 INFO  scripts.synthetic_model_comparison.training.eval_suite.report | per-class AP table
2026-08-06 20:36:49 INFO  scripts.synthetic_model_comparison.training.eval_suite.report | within-look-alike-group confusion
2026-08-06 20:36:53 INFO  scripts.synthetic_model_comparison.training.eval_suite.report | wrote markdown report: /home/debian/Master-Thesis/scripts/synthetic_model_comparison/training/model_exports/yolo26n-gpt-image-2-low-compressed-seed42-20260806-192648/evaluation/evaluation_report.md
2026-08-06 20:36:53 INFO  scripts.synthetic_model_comparison.training.eval_suite.report | wrote CSV artifacts: /home/debian/Master-Thesis/scripts/synthetic_model_comparison/training/model_exports/yolo26n-gpt-image-2-low-compressed-seed42-20260806-192648/evaluation/eval_per_class.csv, /home/debian/Master-Thesis/scripts/synthetic_model_comparison/training/model_exports/yolo26n-gpt-image-2-low-compressed-seed42-20260806-192648/evaluation/eval_confusion_pairs.csv
2026-08-06 20:36:53 INFO  scripts.synthetic_model_comparison.training.eval_suite.report | wrote JSON report: /home/debian/Master-Thesis/scripts/synthetic_model_comparison/training/model_exports/yolo26n-gpt-image-2-low-compressed-seed42-20260806-192648/evaluation/evaluation_report.json
2026-08-06 20:36:57 INFO  scripts.synthetic_model_comparison.training.eval_suite.report | logged eval scalars to MLflow under 'eval/'
2026-08-06 20:36:58 INFO  scripts.synthetic_model_comparison.training.eval_suite.run_evaluation | evaluation complete — report at /home/debian/Master-Thesis/scripts/synthetic_model_comparison/training/model_exports/yolo26n-gpt-image-2-low-compressed-seed42-20260806-192648/evaluation/evaluation_report.md
2026-08-06 20:36:59 INFO  __main__ | uploaded log artifact: /home/debian/Master-Thesis/scripts/synthetic_model_comparison/training/model_exports/yolo26n-gpt-image-2-low-compressed-seed42-20260806-192648/yolo26n-gpt-image-2-low-compressed-seed42-20260806-192648.log
