2026-08-03 02:11:30 INFO  __main__ | === yolo26n synthetic-model-comparison training run ===
2026-08-03 02:11:30 INFO  __main__ | run_name=yolo26n-realvisxl-lightning-maxlen-seed43-20260803-021129 experiment=yolo26n-synthetic-model-comparison
2026-08-03 02:11:30 INFO  __main__ | mlflow tracking_uri=http://hetzner.taile550ef.ts.net:5000/
2026-08-03 02:11:30 INFO  __main__ | run dir: /home/debian/Master-Thesis/scripts/synthetic_model_comparison/training/model_exports/yolo26n-realvisxl-lightning-maxlen-seed43-20260803-021129
2026-08-03 02:11:30 INFO  __main__ | log file: /home/debian/Master-Thesis/scripts/synthetic_model_comparison/training/model_exports/yolo26n-realvisxl-lightning-maxlen-seed43-20260803-021129/yolo26n-realvisxl-lightning-maxlen-seed43-20260803-021129.log
2026-08-03 02:11:30 INFO  __main__ | generator=realvisxl-lightning prompt_regime=maxlen seed=43 device=cuda epochs=200 smoke=False
2026-08-03 02:11:30 INFO  scripts.synthetic_model_comparison.training.split_dataset | split already up to date: annotations_train_split.json / annotations_val_split.json
2026-08-03 02:11:30 INFO  scripts.synthetic_model_comparison.training.dataset | dataset annotations_val_split.json: 240 images, 248 annotations, 12 classes
2026-08-03 02:11:30 INFO  scripts.synthetic_model_comparison.training.dataset | dataset annotations_test.json: 9742 images, 9742 annotations, 12 classes
2026-08-03 02:11:30 INFO  scripts.synthetic_model_comparison.training.dataset | dataset annotations_train_split.json: 960 images, 988 annotations, 12 classes
2026-08-03 02:11:31 INFO  scripts.synthetic_model_comparison.training.yolo26n_model | no pretrained weights — training from random initialization
2026-08-03 02:11:31 INFO  scripts.synthetic_model_comparison.training.yolo26n_model | model: yolo26n, nc=12, params=2.51M, device=cuda
2026-08-03 02:11:31 INFO  scripts.synthetic_model_comparison.training.optim | optimizer=SGD lr=0.001 | param groups: g0(BN,no-decay)=114 g1(conv,decay=0.0005)=126 g2(bias,no-decay)=126
2026-08-03 02:11:31 INFO  scripts.synthetic_model_comparison.training.optim | scheduler: OneCycleLR(max_lr=0.01, total_steps=3000, pct_start=0.015, div_factor=10, final_div_factor=100) — stepped per batch
2026-08-03 02:11:31 INFO  __main__ | run config:
2026-08-03 02:11:31 INFO  __main__ |   ANNOTATIONS_TEST = /home/debian/Master-Thesis/data/synthetic_model_comparison/test/annotations_test.json
2026-08-03 02:11:31 INFO  __main__ |   AUG_CLOSE_MOSAIC = 0
2026-08-03 02:11:31 INFO  __main__ |   AUG_COPY_PASTE = 0.0
2026-08-03 02:11:31 INFO  __main__ |   AUG_DEGREES = 0.0
2026-08-03 02:11:31 INFO  __main__ |   AUG_FLIPUD = 0.0
2026-08-03 02:11:31 INFO  __main__ |   AUG_HFLIP = True
2026-08-03 02:11:31 INFO  __main__ |   AUG_HSV = True
2026-08-03 02:11:31 INFO  __main__ |   AUG_HSV_H = 0.015
2026-08-03 02:11:31 INFO  __main__ |   AUG_HSV_S = 0.7
2026-08-03 02:11:31 INFO  __main__ |   AUG_HSV_V = 0.4
2026-08-03 02:11:31 INFO  __main__ |   AUG_MIXUP = 0.0
2026-08-03 02:11:31 INFO  __main__ |   AUG_MOSAIC = 0.0
2026-08-03 02:11:31 INFO  __main__ |   AUG_PERSPECTIVE = 0.0
2026-08-03 02:11:31 INFO  __main__ |   AUG_SCALE = 0.5
2026-08-03 02:11:31 INFO  __main__ |   AUG_SHEAR = 0.0
2026-08-03 02:11:31 INFO  __main__ |   AUG_TRANSLATE = 0.1
2026-08-03 02:11:31 INFO  __main__ |   BATCH_SIZE = 64
2026-08-03 02:11:31 INFO  __main__ |   DATA_ROOT = /home/debian/Master-Thesis/data
2026-08-03 02:11:31 INFO  __main__ |   EARLY_STOP = True
2026-08-03 02:11:31 INFO  __main__ |   EARLY_STOP_MIN_DELTA = 0.001
2026-08-03 02:11:31 INFO  __main__ |   EARLY_STOP_PATIENCE = 20
2026-08-03 02:11:31 INFO  __main__ |   EPOCH_COUNT = 200
2026-08-03 02:11:31 INFO  __main__ |   EVAL_CONF_THRES = 0.001
2026-08-03 02:11:31 INFO  __main__ |   EVAL_IOU_THRES = 0.6
2026-08-03 02:11:31 INFO  __main__ |   EVAL_MAX_DET = 100
2026-08-03 02:11:31 INFO  __main__ |   EXPERIMENT_DATA_ROOT = /home/debian/Master-Thesis/data/synthetic_model_comparison
2026-08-03 02:11:31 INFO  __main__ |   HYP_BOX = 7.5
2026-08-03 02:11:31 INFO  __main__ |   HYP_CLS = 0.5
2026-08-03 02:11:31 INFO  __main__ |   HYP_DFL = 1.5
2026-08-03 02:11:31 INFO  __main__ |   IMAGE_ROOT = /home/debian/Master-Thesis
2026-08-03 02:11:31 INFO  __main__ |   IMAGE_SIZE = 640
2026-08-03 02:11:31 INFO  __main__ |   LEARNING_RATE = 0.001
2026-08-03 02:11:31 INFO  __main__ |   MLFLOW_EXPERIMENT_DEFAULT = yolo26n-synthetic-model-comparison
2026-08-03 02:11:31 INFO  __main__ |   MLFLOW_LOG_EVERY_N_STEPS = 50
2026-08-03 02:11:31 INFO  __main__ |   MODEL_CONFIG = yolo26n.yaml
2026-08-03 02:11:31 INFO  __main__ |   MOMENTUM = 0.937
2026-08-03 02:11:31 INFO  __main__ |   NESTEROV = True
2026-08-03 02:11:31 INFO  __main__ |   NUM_CLASSES = 12
2026-08-03 02:11:31 INFO  __main__ |   NUM_WORKERS = 8
2026-08-03 02:11:31 INFO  __main__ |   ONE_CYCLE_DIV_FACTOR = 10.0
2026-08-03 02:11:31 INFO  __main__ |   ONE_CYCLE_FINAL_DIV_FACTOR = 100.0
2026-08-03 02:11:31 INFO  __main__ |   ONE_CYCLE_MAX_LR = 0.01
2026-08-03 02:11:31 INFO  __main__ |   ONE_CYCLE_PCT_START = 0.015
2026-08-03 02:11:31 INFO  __main__ |   OPTIMIZER = SGD
2026-08-03 02:11:31 INFO  __main__ |   OUTPUT_DIR = /home/debian/Master-Thesis/scripts/synthetic_model_comparison/training/model_exports
2026-08-03 02:11:31 INFO  __main__ |   PRETRAINED_WEIGHTS = /home/debian/Master-Thesis/weights/yolo26n.pt
2026-08-03 02:11:31 INFO  __main__ |   REPO_ROOT = /home/debian/Master-Thesis
2026-08-03 02:11:31 INFO  __main__ |   SEED = 42
2026-08-03 02:11:31 INFO  __main__ |   SELECTION_METRIC = mAP50_95
2026-08-03 02:11:31 INFO  __main__ |   SPLIT_SEED = 42
2026-08-03 02:11:31 INFO  __main__ |   TRAIN_ROOT = /home/debian/Master-Thesis/data/synthetic_model_comparison/train
2026-08-03 02:11:31 INFO  __main__ |   USE_AMP = True
2026-08-03 02:11:31 INFO  __main__ |   USE_EMA = True
2026-08-03 02:11:31 INFO  __main__ |   VAL_FRACTION = 0.2
2026-08-03 02:11:31 INFO  __main__ |   WARMUP_EPOCHS = 3
2026-08-03 02:11:31 INFO  __main__ |   WEIGHT_DECAY = 0.0005
2026-08-03 02:11:31 INFO  __main__ |   dataset_size_test = 9742
2026-08-03 02:11:31 INFO  __main__ |   dataset_size_train = 960
2026-08-03 02:11:31 INFO  __main__ |   dataset_size_val = 240
2026-08-03 02:11:31 INFO  __main__ |   device = cuda
2026-08-03 02:11:31 INFO  __main__ |   epochs_actual = 200
2026-08-03 02:11:31 INFO  __main__ |   generator = realvisxl-lightning
2026-08-03 02:11:31 INFO  __main__ |   git_sha = 21fea51bf389d6c242b324643e593ed613aaa4aa
2026-08-03 02:11:31 INFO  __main__ |   prompt_regime = maxlen
2026-08-03 02:11:31 INFO  __main__ |   resume_from = 
2026-08-03 02:11:31 INFO  __main__ |   run_seed = 43
2026-08-03 02:11:31 INFO  __main__ |   smoke = False
2026-08-03 02:11:31 INFO  __main__ |   weights_path = /home/debian/Master-Thesis/weights/yolo26n.pt
2026-08-03 02:11:31 INFO  scripts.synthetic_model_comparison.training.training_pipeline | output dir: /home/debian/Master-Thesis/scripts/synthetic_model_comparison/training/model_exports/yolo26n-realvisxl-lightning-maxlen-seed43-20260803-021129 | selection_metric=mAP50_95 early_stop=True(patience=20, min_delta=0.001) ema=True amp=True
2026-08-03 02:11:31 INFO  scripts.synthetic_model_comparison.training.training_pipeline | starting training: ceiling=200 epochs | train_batches=15 val_batches=4 test_batches=153 | device=cuda
2026-08-03 02:11:31 INFO  scripts.synthetic_model_comparison.training.training_pipeline | epoch 1/200 — train start (lr=0.001, batches=15)
2026-08-03 02:11:54 INFO  scripts.synthetic_model_comparison.training.training_pipeline | epoch 1/200 — train done in 22.8s | avg loss_box=5.0121 loss_cls=51.1574 loss_dfl=0.1815 loss_total=1742.8010
2026-08-03 02:11:54 INFO  scripts.synthetic_model_comparison.training.evaluation | evaluating on 4 batches
2026-08-03 02:12:00 INFO  scripts.synthetic_model_comparison.training.training_pipeline | epoch 1/200 — val mAP50=0.0000 mAP50_95=0.0000 (selection mAP50_95=0.0000)
2026-08-03 02:12:01 INFO  scripts.synthetic_model_comparison.training.evaluation | mlflow: logged val/mAP50=0.0000 val/mAP50_95=0.0000 (step=0)
2026-08-03 02:12:01 INFO  scripts.synthetic_model_comparison.training.evaluation | mlflow: logged val per-class AP table (12 classes)
2026-08-03 02:12:01 INFO  scripts.synthetic_model_comparison.training.training_pipeline | saved checkpoint: /home/debian/Master-Thesis/scripts/synthetic_model_comparison/training/model_exports/yolo26n-realvisxl-lightning-maxlen-seed43-20260803-021129/best.pt
2026-08-03 02:12:01 INFO  scripts.synthetic_model_comparison.training.training_pipeline | new best mAP50_95=0.0000 at epoch 1
2026-08-03 02:12:01 INFO  scripts.synthetic_model_comparison.training.training_pipeline | saved checkpoint: /home/debian/Master-Thesis/scripts/synthetic_model_comparison/training/model_exports/yolo26n-realvisxl-lightning-maxlen-seed43-20260803-021129/last.pt
2026-08-03 02:12:02 INFO  scripts.synthetic_model_comparison.training.training_pipeline | epoch 1/200 done — next lr=0.00334338, epochs_since_improve=0/20
2026-08-03 02:12:02 INFO  scripts.synthetic_model_comparison.training.training_pipeline | epoch 2/200 — train start (lr=0.00334338, batches=15)
2026-08-03 02:12:13 INFO  scripts.synthetic_model_comparison.training.training_pipeline | epoch 2/200 — train done in 11.7s | avg loss_box=4.8558 loss_cls=47.4525 loss_dfl=0.1728 loss_total=1640.9472
2026-08-03 02:12:13 INFO  scripts.synthetic_model_comparison.training.evaluation | evaluating on 4 batches
2026-08-03 02:12:19 INFO  scripts.synthetic_model_comparison.training.training_pipeline | epoch 2/200 — val mAP50=0.0000 mAP50_95=0.0000 (selection mAP50_95=0.0000)
2026-08-03 02:12:19 INFO  scripts.synthetic_model_comparison.training.evaluation | mlflow: logged val/mAP50=0.0000 val/mAP50_95=0.0000 (step=1)
2026-08-03 02:12:19 INFO  scripts.synthetic_model_comparison.training.evaluation | mlflow: logged val per-class AP table (12 classes)
2026-08-03 02:12:20 INFO  scripts.synthetic_model_comparison.training.training_pipeline | saved checkpoint: /home/debian/Master-Thesis/scripts/synthetic_model_comparison/training/model_exports/yolo26n-realvisxl-lightning-maxlen-seed43-20260803-021129/last.pt
2026-08-03 02:12:20 INFO  scripts.synthetic_model_comparison.training.training_pipeline | epoch 2/200 done — next lr=0.00793288, epochs_since_improve=0/20
2026-08-03 02:12:20 INFO  scripts.synthetic_model_comparison.training.training_pipeline | epoch 3/200 — train start (lr=0.00793288, batches=15)
2026-08-03 02:12:32 INFO  scripts.synthetic_model_comparison.training.training_pipeline | epoch 3/200 — train done in 12.0s | avg loss_box=4.6543 loss_cls=41.6790 loss_dfl=0.1674 loss_total=1490.3157
2026-08-03 02:12:32 INFO  scripts.synthetic_model_comparison.training.evaluation | evaluating on 4 batches
2026-08-03 02:12:38 INFO  scripts.synthetic_model_comparison.training.training_pipeline | epoch 3/200 — val mAP50=0.0000 mAP50_95=0.0000 (selection mAP50_95=0.0000)
2026-08-03 02:12:39 INFO  scripts.synthetic_model_comparison.training.evaluation | mlflow: logged val/mAP50=0.0000 val/mAP50_95=0.0000 (step=2)
2026-08-03 02:12:39 INFO  scripts.synthetic_model_comparison.training.evaluation | mlflow: logged val per-class AP table (12 classes)
2026-08-03 02:12:39 INFO  scripts.synthetic_model_comparison.training.training_pipeline | saved checkpoint: /home/debian/Master-Thesis/scripts/synthetic_model_comparison/training/model_exports/yolo26n-realvisxl-lightning-maxlen-seed43-20260803-021129/last.pt
2026-08-03 02:12:40 INFO  scripts.synthetic_model_comparison.training.training_pipeline | epoch 3/200 done — next lr=0.01, epochs_since_improve=0/20
2026-08-03 02:12:40 INFO  scripts.synthetic_model_comparison.training.training_pipeline | epoch 4/200 — train start (lr=0.01, batches=15)
2026-08-03 02:12:48 INFO  scripts.synthetic_model_comparison.training.training_pipeline | step 50 | loss_box=4.3093 loss_cls=37.8324 loss_dfl=0.1606 loss_total=1342.1348 lr=0.00999986
2026-08-03 02:12:53 INFO  scripts.synthetic_model_comparison.training.training_pipeline | epoch 4/200 — train done in 13.4s | avg loss_box=4.3367 loss_cls=35.8864 loss_dfl=0.1603 loss_total=1302.0499
2026-08-03 02:12:53 INFO  scripts.synthetic_model_comparison.training.evaluation | evaluating on 4 batches
2026-08-03 02:12:58 INFO  scripts.synthetic_model_comparison.training.training_pipeline | epoch 4/200 — val mAP50=0.0000 mAP50_95=0.0000 (selection mAP50_95=0.0000)
2026-08-03 02:12:59 INFO  scripts.synthetic_model_comparison.training.evaluation | mlflow: logged val/mAP50=0.0000 val/mAP50_95=0.0000 (step=3)
2026-08-03 02:12:59 INFO  scripts.synthetic_model_comparison.training.evaluation | mlflow: logged val per-class AP table (12 classes)
2026-08-03 02:12:59 INFO  scripts.synthetic_model_comparison.training.training_pipeline | saved checkpoint: /home/debian/Master-Thesis/scripts/synthetic_model_comparison/training/model_exports/yolo26n-realvisxl-lightning-maxlen-seed43-20260803-021129/last.pt
2026-08-03 02:13:00 INFO  scripts.synthetic_model_comparison.training.training_pipeline | epoch 4/200 done — next lr=0.00999928, epochs_since_improve=1/20
2026-08-03 02:13:00 INFO  scripts.synthetic_model_comparison.training.training_pipeline | epoch 5/200 — train start (lr=0.00999928, batches=15)
2026-08-03 02:13:11 INFO  scripts.synthetic_model_comparison.training.training_pipeline | epoch 5/200 — train done in 11.6s | avg loss_box=3.5131 loss_cls=22.4431 loss_dfl=0.1308 loss_total=951.3446
2026-08-03 02:13:11 INFO  scripts.synthetic_model_comparison.training.evaluation | evaluating on 4 batches
2026-08-03 02:13:16 INFO  scripts.synthetic_model_comparison.training.training_pipeline | epoch 5/200 — val mAP50=0.0000 mAP50_95=0.0000 (selection mAP50_95=0.0000)
2026-08-03 02:13:17 INFO  scripts.synthetic_model_comparison.training.evaluation | mlflow: logged val/mAP50=0.0000 val/mAP50_95=0.0000 (step=4)
2026-08-03 02:13:17 INFO  scripts.synthetic_model_comparison.training.evaluation | mlflow: logged val per-class AP table (12 classes)
2026-08-03 02:13:18 INFO  scripts.synthetic_model_comparison.training.training_pipeline | saved checkpoint: /home/debian/Master-Thesis/scripts/synthetic_model_comparison/training/model_exports/yolo26n-realvisxl-lightning-maxlen-seed43-20260803-021129/last.pt
2026-08-03 02:13:18 INFO  scripts.synthetic_model_comparison.training.training_pipeline | epoch 5/200 done — next lr=0.00999729, epochs_since_improve=2/20
2026-08-03 02:13:18 INFO  scripts.synthetic_model_comparison.training.training_pipeline | epoch 6/200 — train start (lr=0.00999729, batches=15)
2026-08-03 02:13:30 INFO  scripts.synthetic_model_comparison.training.training_pipeline | epoch 6/200 — train done in 12.0s | avg loss_box=2.7732 loss_cls=13.7004 loss_dfl=0.1024 loss_total=675.6696
2026-08-03 02:13:30 INFO  scripts.synthetic_model_comparison.training.evaluation | evaluating on 4 batches
2026-08-03 02:13:35 INFO  scripts.synthetic_model_comparison.training.training_pipeline | epoch 6/200 — val mAP50=0.0314 mAP50_95=0.0138 (selection mAP50_95=0.0138)
2026-08-03 02:13:36 INFO  scripts.synthetic_model_comparison.training.evaluation | mlflow: logged val/mAP50=0.0314 val/mAP50_95=0.0138 (step=5)
2026-08-03 02:13:36 INFO  scripts.synthetic_model_comparison.training.evaluation | mlflow: logged val per-class AP table (12 classes)
2026-08-03 02:13:37 INFO  scripts.synthetic_model_comparison.training.training_pipeline | saved checkpoint: /home/debian/Master-Thesis/scripts/synthetic_model_comparison/training/model_exports/yolo26n-realvisxl-lightning-maxlen-seed43-20260803-021129/best.pt
2026-08-03 02:13:37 INFO  scripts.synthetic_model_comparison.training.training_pipeline | new best mAP50_95=0.0138 at epoch 6
2026-08-03 02:13:37 INFO  scripts.synthetic_model_comparison.training.training_pipeline | saved checkpoint: /home/debian/Master-Thesis/scripts/synthetic_model_comparison/training/model_exports/yolo26n-realvisxl-lightning-maxlen-seed43-20260803-021129/last.pt
2026-08-03 02:13:37 INFO  scripts.synthetic_model_comparison.training.training_pipeline | epoch 6/200 done — next lr=0.00999403, epochs_since_improve=0/20
2026-08-03 02:13:37 INFO  scripts.synthetic_model_comparison.training.training_pipeline | epoch 7/200 — train start (lr=0.00999403, batches=15)
2026-08-03 02:13:47 INFO  scripts.synthetic_model_comparison.training.training_pipeline | step 100 | loss_box=2.5491 loss_cls=9.7116 loss_dfl=0.0939 loss_total=535.1856 lr=0.00999083
2026-08-03 02:13:50 INFO  scripts.synthetic_model_comparison.training.training_pipeline | epoch 7/200 — train done in 13.1s | avg loss_box=2.3862 loss_cls=10.3146 loss_dfl=0.0887 loss_total=558.3653
2026-08-03 02:13:50 INFO  scripts.synthetic_model_comparison.training.evaluation | evaluating on 4 batches
2026-08-03 02:13:56 INFO  scripts.synthetic_model_comparison.training.training_pipeline | epoch 7/200 — val mAP50=0.0560 mAP50_95=0.0161 (selection mAP50_95=0.0161)
2026-08-03 02:13:56 INFO  scripts.synthetic_model_comparison.training.evaluation | mlflow: logged val/mAP50=0.0560 val/mAP50_95=0.0161 (step=6)
2026-08-03 02:13:57 INFO  scripts.synthetic_model_comparison.training.evaluation | mlflow: logged val per-class AP table (12 classes)
2026-08-03 02:13:57 INFO  scripts.synthetic_model_comparison.training.training_pipeline | saved checkpoint: /home/debian/Master-Thesis/scripts/synthetic_model_comparison/training/model_exports/yolo26n-realvisxl-lightning-maxlen-seed43-20260803-021129/best.pt
2026-08-03 02:13:57 INFO  scripts.synthetic_model_comparison.training.training_pipeline | new best mAP50_95=0.0161 at epoch 7
2026-08-03 02:13:57 INFO  scripts.synthetic_model_comparison.training.training_pipeline | saved checkpoint: /home/debian/Master-Thesis/scripts/synthetic_model_comparison/training/model_exports/yolo26n-realvisxl-lightning-maxlen-seed43-20260803-021129/last.pt
2026-08-03 02:13:57 INFO  scripts.synthetic_model_comparison.training.training_pipeline | epoch 7/200 done — next lr=0.0099895, epochs_since_improve=0/20
2026-08-03 02:13:57 INFO  scripts.synthetic_model_comparison.training.training_pipeline | epoch 8/200 — train start (lr=0.0099895, batches=15)
2026-08-03 02:14:09 INFO  scripts.synthetic_model_comparison.training.training_pipeline | epoch 8/200 — train done in 11.7s | avg loss_box=2.2109 loss_cls=8.3343 loss_dfl=0.0805 loss_total=475.2000
2026-08-03 02:14:09 INFO  scripts.synthetic_model_comparison.training.evaluation | evaluating on 4 batches
2026-08-03 02:14:16 INFO  scripts.synthetic_model_comparison.training.training_pipeline | epoch 8/200 — val mAP50=0.0657 mAP50_95=0.0192 (selection mAP50_95=0.0192)
2026-08-03 02:14:17 INFO  scripts.synthetic_model_comparison.training.evaluation | mlflow: logged val/mAP50=0.0657 val/mAP50_95=0.0192 (step=7)
2026-08-03 02:14:17 INFO  scripts.synthetic_model_comparison.training.evaluation | mlflow: logged val per-class AP table (12 classes)
2026-08-03 02:14:17 INFO  scripts.synthetic_model_comparison.training.training_pipeline | saved checkpoint: /home/debian/Master-Thesis/scripts/synthetic_model_comparison/training/model_exports/yolo26n-realvisxl-lightning-maxlen-seed43-20260803-021129/best.pt
2026-08-03 02:14:17 INFO  scripts.synthetic_model_comparison.training.training_pipeline | new best mAP50_95=0.0192 at epoch 8
2026-08-03 02:14:18 INFO  scripts.synthetic_model_comparison.training.training_pipeline | saved checkpoint: /home/debian/Master-Thesis/scripts/synthetic_model_comparison/training/model_exports/yolo26n-realvisxl-lightning-maxlen-seed43-20260803-021129/last.pt
2026-08-03 02:14:18 INFO  scripts.synthetic_model_comparison.training.training_pipeline | epoch 8/200 done — next lr=0.0099837, epochs_since_improve=0/20
2026-08-03 02:14:18 INFO  scripts.synthetic_model_comparison.training.training_pipeline | epoch 9/200 — train start (lr=0.0099837, batches=15)
2026-08-03 02:14:31 INFO  scripts.synthetic_model_comparison.training.training_pipeline | epoch 9/200 — train done in 13.0s | avg loss_box=1.9820 loss_cls=6.9048 loss_dfl=0.0700 loss_total=413.7942
2026-08-03 02:14:31 INFO  scripts.synthetic_model_comparison.training.evaluation | evaluating on 4 batches
2026-08-03 02:14:38 INFO  scripts.synthetic_model_comparison.training.training_pipeline | epoch 9/200 — val mAP50=0.0653 mAP50_95=0.0152 (selection mAP50_95=0.0152)
2026-08-03 02:14:39 INFO  scripts.synthetic_model_comparison.training.evaluation | mlflow: logged val/mAP50=0.0653 val/mAP50_95=0.0152 (step=8)
2026-08-03 02:14:39 INFO  scripts.synthetic_model_comparison.training.evaluation | mlflow: logged val per-class AP table (12 classes)
2026-08-03 02:14:39 INFO  scripts.synthetic_model_comparison.training.training_pipeline | saved checkpoint: /home/debian/Master-Thesis/scripts/synthetic_model_comparison/training/model_exports/yolo26n-realvisxl-lightning-maxlen-seed43-20260803-021129/last.pt
2026-08-03 02:14:39 INFO  scripts.synthetic_model_comparison.training.training_pipeline | epoch 9/200 done — next lr=0.00997664, epochs_since_improve=1/20
2026-08-03 02:14:39 INFO  scripts.synthetic_model_comparison.training.training_pipeline | epoch 10/200 — train start (lr=0.00997664, batches=15)
2026-08-03 02:14:51 INFO  scripts.synthetic_model_comparison.training.training_pipeline | epoch 10/200 — train done in 11.6s | avg loss_box=1.8497 loss_cls=5.9123 loss_dfl=0.0648 loss_total=373.2321
2026-08-03 02:14:51 INFO  scripts.synthetic_model_comparison.training.evaluation | evaluating on 4 batches
2026-08-03 02:14:57 INFO  scripts.synthetic_model_comparison.training.training_pipeline | epoch 10/200 — val mAP50=0.1816 mAP50_95=0.0589 (selection mAP50_95=0.0589)
2026-08-03 02:14:57 INFO  scripts.synthetic_model_comparison.training.evaluation | mlflow: logged val/mAP50=0.1816 val/mAP50_95=0.0589 (step=9)
2026-08-03 02:14:58 INFO  scripts.synthetic_model_comparison.training.evaluation | mlflow: logged val per-class AP table (12 classes)
2026-08-03 02:14:58 INFO  scripts.synthetic_model_comparison.training.training_pipeline | saved checkpoint: /home/debian/Master-Thesis/scripts/synthetic_model_comparison/training/model_exports/yolo26n-realvisxl-lightning-maxlen-seed43-20260803-021129/best.pt
2026-08-03 02:14:58 INFO  scripts.synthetic_model_comparison.training.training_pipeline | new best mAP50_95=0.0589 at epoch 10
2026-08-03 02:14:58 INFO  scripts.synthetic_model_comparison.training.training_pipeline | saved checkpoint: /home/debian/Master-Thesis/scripts/synthetic_model_comparison/training/model_exports/yolo26n-realvisxl-lightning-maxlen-seed43-20260803-021129/last.pt
2026-08-03 02:14:58 INFO  scripts.synthetic_model_comparison.training.training_pipeline | epoch 10/200 done — next lr=0.00996832, epochs_since_improve=0/20
2026-08-03 02:14:58 INFO  scripts.synthetic_model_comparison.training.training_pipeline | epoch 11/200 — train start (lr=0.00996832, batches=15)
2026-08-03 02:15:04 INFO  scripts.synthetic_model_comparison.training.training_pipeline | step 150 | loss_box=1.7272 loss_cls=5.2795 loss_dfl=0.0593 loss_total=344.8261 lr=0.00996772
2026-08-03 02:15:11 INFO  scripts.synthetic_model_comparison.training.training_pipeline | epoch 11/200 — train done in 12.8s | avg loss_box=1.7379 loss_cls=4.9717 loss_dfl=0.0605 loss_total=334.4115
2026-08-03 02:15:11 INFO  scripts.synthetic_model_comparison.training.evaluation | evaluating on 4 batches
2026-08-03 02:15:17 INFO  scripts.synthetic_model_comparison.training.training_pipeline | epoch 11/200 — val mAP50=0.1693 mAP50_95=0.0619 (selection mAP50_95=0.0619)
2026-08-03 02:15:18 INFO  scripts.synthetic_model_comparison.training.evaluation | mlflow: logged val/mAP50=0.1693 val/mAP50_95=0.0619 (step=10)
2026-08-03 02:15:18 INFO  scripts.synthetic_model_comparison.training.evaluation | mlflow: logged val per-class AP table (12 classes)
2026-08-03 02:15:18 INFO  scripts.synthetic_model_comparison.training.training_pipeline | saved checkpoint: /home/debian/Master-Thesis/scripts/synthetic_model_comparison/training/model_exports/yolo26n-realvisxl-lightning-maxlen-seed43-20260803-021129/best.pt
2026-08-03 02:15:18 INFO  scripts.synthetic_model_comparison.training.training_pipeline | new best mAP50_95=0.0619 at epoch 11
2026-08-03 02:15:19 INFO  scripts.synthetic_model_comparison.training.training_pipeline | saved checkpoint: /home/debian/Master-Thesis/scripts/synthetic_model_comparison/training/model_exports/yolo26n-realvisxl-lightning-maxlen-seed43-20260803-021129/last.pt
2026-08-03 02:15:19 INFO  scripts.synthetic_model_comparison.training.training_pipeline | epoch 11/200 done — next lr=0.00995873, epochs_since_improve=0/20
2026-08-03 02:15:19 INFO  scripts.synthetic_model_comparison.training.training_pipeline | epoch 12/200 — train start (lr=0.00995873, batches=15)
2026-08-03 02:15:32 INFO  scripts.synthetic_model_comparison.training.training_pipeline | epoch 12/200 — train done in 13.4s | avg loss_box=1.7115 loss_cls=4.4500 loss_dfl=0.0589 loss_total=315.1839
2026-08-03 02:15:32 INFO  scripts.synthetic_model_comparison.training.evaluation | evaluating on 4 batches
2026-08-03 02:15:38 INFO  scripts.synthetic_model_comparison.training.training_pipeline | epoch 12/200 — val mAP50=0.0999 mAP50_95=0.0416 (selection mAP50_95=0.0416)
2026-08-03 02:15:39 INFO  scripts.synthetic_model_comparison.training.evaluation | mlflow: logged val/mAP50=0.0999 val/mAP50_95=0.0416 (step=11)
2026-08-03 02:15:39 INFO  scripts.synthetic_model_comparison.training.evaluation | mlflow: logged val per-class AP table (12 classes)
2026-08-03 02:15:39 INFO  scripts.synthetic_model_comparison.training.training_pipeline | saved checkpoint: /home/debian/Master-Thesis/scripts/synthetic_model_comparison/training/model_exports/yolo26n-realvisxl-lightning-maxlen-seed43-20260803-021129/last.pt
2026-08-03 02:15:40 INFO  scripts.synthetic_model_comparison.training.training_pipeline | epoch 12/200 done — next lr=0.00994788, epochs_since_improve=1/20
2026-08-03 02:15:40 INFO  scripts.synthetic_model_comparison.training.training_pipeline | epoch 13/200 — train start (lr=0.00994788, batches=15)
2026-08-03 02:15:51 INFO  scripts.synthetic_model_comparison.training.training_pipeline | epoch 13/200 — train done in 11.6s | avg loss_box=1.6801 loss_cls=3.9215 loss_dfl=0.0574 loss_total=290.4380
2026-08-03 02:15:51 INFO  scripts.synthetic_model_comparison.training.evaluation | evaluating on 4 batches
2026-08-03 02:15:57 INFO  scripts.synthetic_model_comparison.training.training_pipeline | epoch 13/200 — val mAP50=0.2098 mAP50_95=0.0894 (selection mAP50_95=0.0894)
2026-08-03 02:15:58 INFO  scripts.synthetic_model_comparison.training.evaluation | mlflow: logged val/mAP50=0.2098 val/mAP50_95=0.0894 (step=12)
2026-08-03 02:15:58 INFO  scripts.synthetic_model_comparison.training.evaluation | mlflow: logged val per-class AP table (12 classes)
2026-08-03 02:15:58 INFO  scripts.synthetic_model_comparison.training.training_pipeline | saved checkpoint: /home/debian/Master-Thesis/scripts/synthetic_model_comparison/training/model_exports/yolo26n-realvisxl-lightning-maxlen-seed43-20260803-021129/best.pt
2026-08-03 02:15:58 INFO  scripts.synthetic_model_comparison.training.training_pipeline | new best mAP50_95=0.0894 at epoch 13
2026-08-03 02:15:59 INFO  scripts.synthetic_model_comparison.training.training_pipeline | saved checkpoint: /home/debian/Master-Thesis/scripts/synthetic_model_comparison/training/model_exports/yolo26n-realvisxl-lightning-maxlen-seed43-20260803-021129/last.pt
2026-08-03 02:15:59 INFO  scripts.synthetic_model_comparison.training.training_pipeline | epoch 13/200 done — next lr=0.00993577, epochs_since_improve=0/20
2026-08-03 02:15:59 INFO  scripts.synthetic_model_comparison.training.training_pipeline | epoch 14/200 — train start (lr=0.00993577, batches=15)
2026-08-03 02:16:07 INFO  scripts.synthetic_model_comparison.training.training_pipeline | step 200 | loss_box=1.8006 loss_cls=3.5092 loss_dfl=0.0664 loss_total=278.6227 lr=0.00993058
2026-08-03 02:16:12 INFO  scripts.synthetic_model_comparison.training.training_pipeline | epoch 14/200 — train done in 13.1s | avg loss_box=1.6526 loss_cls=3.4339 loss_dfl=0.0565 loss_total=269.9218
2026-08-03 02:16:12 INFO  scripts.synthetic_model_comparison.training.evaluation | evaluating on 4 batches
2026-08-03 02:16:18 INFO  scripts.synthetic_model_comparison.training.training_pipeline | epoch 14/200 — val mAP50=0.2681 mAP50_95=0.1208 (selection mAP50_95=0.1208)
2026-08-03 02:16:18 INFO  scripts.synthetic_model_comparison.training.evaluation | mlflow: logged val/mAP50=0.2681 val/mAP50_95=0.1208 (step=13)
2026-08-03 02:16:19 INFO  scripts.synthetic_model_comparison.training.evaluation | mlflow: logged val per-class AP table (12 classes)
2026-08-03 02:16:19 INFO  scripts.synthetic_model_comparison.training.training_pipeline | saved checkpoint: /home/debian/Master-Thesis/scripts/synthetic_model_comparison/training/model_exports/yolo26n-realvisxl-lightning-maxlen-seed43-20260803-021129/best.pt
2026-08-03 02:16:19 INFO  scripts.synthetic_model_comparison.training.training_pipeline | new best mAP50_95=0.1208 at epoch 14
2026-08-03 02:16:19 INFO  scripts.synthetic_model_comparison.training.training_pipeline | saved checkpoint: /home/debian/Master-Thesis/scripts/synthetic_model_comparison/training/model_exports/yolo26n-realvisxl-lightning-maxlen-seed43-20260803-021129/last.pt
2026-08-03 02:16:19 INFO  scripts.synthetic_model_comparison.training.training_pipeline | epoch 14/200 done — next lr=0.00992241, epochs_since_improve=0/20
2026-08-03 02:16:19 INFO  scripts.synthetic_model_comparison.training.training_pipeline | epoch 15/200 — train start (lr=0.00992241, batches=15)
2026-08-03 02:16:33 WARNING urllib3.connectionpool | Retrying (Retry(total=6, connect=7, read=6, redirect=7, status=7)) after connection broken by 'ConnectionResetError(104, 'Connection reset by peer')': /api/2.0/mlflow/runs/log-metric
2026-08-03 02:16:34 INFO  scripts.synthetic_model_comparison.training.training_pipeline | epoch 15/200 — train done in 15.0s | avg loss_box=1.6210 loss_cls=3.1303 loss_dfl=0.0562 loss_total=253.9610
2026-08-03 02:16:34 INFO  scripts.synthetic_model_comparison.training.evaluation | evaluating on 4 batches
2026-08-03 02:16:40 INFO  scripts.synthetic_model_comparison.training.training_pipeline | epoch 15/200 — val mAP50=0.3811 mAP50_95=0.1903 (selection mAP50_95=0.1903)
2026-08-03 02:16:41 INFO  scripts.synthetic_model_comparison.training.evaluation | mlflow: logged val/mAP50=0.3811 val/mAP50_95=0.1903 (step=14)
2026-08-03 02:16:41 INFO  scripts.synthetic_model_comparison.training.evaluation | mlflow: logged val per-class AP table (12 classes)
2026-08-03 02:16:42 INFO  scripts.synthetic_model_comparison.training.training_pipeline | saved checkpoint: /home/debian/Master-Thesis/scripts/synthetic_model_comparison/training/model_exports/yolo26n-realvisxl-lightning-maxlen-seed43-20260803-021129/best.pt
2026-08-03 02:16:42 INFO  scripts.synthetic_model_comparison.training.training_pipeline | new best mAP50_95=0.1903 at epoch 15
2026-08-03 02:16:42 INFO  scripts.synthetic_model_comparison.training.training_pipeline | saved checkpoint: /home/debian/Master-Thesis/scripts/synthetic_model_comparison/training/model_exports/yolo26n-realvisxl-lightning-maxlen-seed43-20260803-021129/last.pt
2026-08-03 02:16:42 INFO  scripts.synthetic_model_comparison.training.training_pipeline | epoch 15/200 done — next lr=0.00990781, epochs_since_improve=0/20
2026-08-03 02:16:42 INFO  scripts.synthetic_model_comparison.training.training_pipeline | epoch 16/200 — train start (lr=0.00990781, batches=15)
2026-08-03 02:16:54 INFO  scripts.synthetic_model_comparison.training.training_pipeline | epoch 16/200 — train done in 12.0s | avg loss_box=1.5600 loss_cls=2.8360 loss_dfl=0.0546 loss_total=240.1364
2026-08-03 02:16:54 INFO  scripts.synthetic_model_comparison.training.evaluation | evaluating on 4 batches
2026-08-03 02:17:02 INFO  scripts.synthetic_model_comparison.training.training_pipeline | epoch 16/200 — val mAP50=0.3597 mAP50_95=0.1599 (selection mAP50_95=0.1599)
2026-08-03 02:17:03 INFO  scripts.synthetic_model_comparison.training.evaluation | mlflow: logged val/mAP50=0.3597 val/mAP50_95=0.1599 (step=15)
2026-08-03 02:17:03 INFO  scripts.synthetic_model_comparison.training.evaluation | mlflow: logged val per-class AP table (12 classes)
2026-08-03 02:17:03 INFO  scripts.synthetic_model_comparison.training.training_pipeline | saved checkpoint: /home/debian/Master-Thesis/scripts/synthetic_model_comparison/training/model_exports/yolo26n-realvisxl-lightning-maxlen-seed43-20260803-021129/last.pt
2026-08-03 02:17:03 INFO  scripts.synthetic_model_comparison.training.training_pipeline | epoch 16/200 done — next lr=0.00989195, epochs_since_improve=1/20
2026-08-03 02:17:03 INFO  scripts.synthetic_model_comparison.training.training_pipeline | epoch 17/200 — train start (lr=0.00989195, batches=15)
2026-08-03 02:17:14 INFO  scripts.synthetic_model_comparison.training.training_pipeline | step 250 | loss_box=1.4315 loss_cls=2.5473 loss_dfl=0.0486 loss_total=220.9756 lr=0.00987953
2026-08-03 02:17:17 INFO  scripts.synthetic_model_comparison.training.training_pipeline | epoch 17/200 — train done in 13.5s | avg loss_box=1.5439 loss_cls=2.6141 loss_dfl=0.0525 loss_total=229.7408
2026-08-03 02:17:17 INFO  scripts.synthetic_model_comparison.training.evaluation | evaluating on 4 batches
2026-08-03 02:17:23 INFO  scripts.synthetic_model_comparison.training.training_pipeline | epoch 17/200 — val mAP50=0.5098 mAP50_95=0.2496 (selection mAP50_95=0.2496)
2026-08-03 02:17:24 INFO  scripts.synthetic_model_comparison.training.evaluation | mlflow: logged val/mAP50=0.5098 val/mAP50_95=0.2496 (step=16)
2026-08-03 02:17:24 INFO  scripts.synthetic_model_comparison.training.evaluation | mlflow: logged val per-class AP table (12 classes)
2026-08-03 02:17:24 INFO  scripts.synthetic_model_comparison.training.training_pipeline | saved checkpoint: /home/debian/Master-Thesis/scripts/synthetic_model_comparison/training/model_exports/yolo26n-realvisxl-lightning-maxlen-seed43-20260803-021129/best.pt
2026-08-03 02:17:24 INFO  scripts.synthetic_model_comparison.training.training_pipeline | new best mAP50_95=0.2496 at epoch 17
2026-08-03 02:17:24 INFO  scripts.synthetic_model_comparison.training.training_pipeline | saved checkpoint: /home/debian/Master-Thesis/scripts/synthetic_model_comparison/training/model_exports/yolo26n-realvisxl-lightning-maxlen-seed43-20260803-021129/last.pt
2026-08-03 02:17:25 INFO  scripts.synthetic_model_comparison.training.training_pipeline | epoch 17/200 done — next lr=0.00987485, epochs_since_improve=0/20
2026-08-03 02:17:25 INFO  scripts.synthetic_model_comparison.training.training_pipeline | epoch 18/200 — train start (lr=0.00987485, batches=15)
2026-08-03 02:17:37 INFO  scripts.synthetic_model_comparison.training.training_pipeline | epoch 18/200 — train done in 12.6s | avg loss_box=1.5339 loss_cls=2.4840 loss_dfl=0.0518 loss_total=223.5607
2026-08-03 02:17:37 INFO  scripts.synthetic_model_comparison.training.evaluation | evaluating on 4 batches
2026-08-03 02:17:43 INFO  scripts.synthetic_model_comparison.training.training_pipeline | epoch 18/200 — val mAP50=0.4823 mAP50_95=0.2548 (selection mAP50_95=0.2548)
2026-08-03 02:17:44 INFO  scripts.synthetic_model_comparison.training.evaluation | mlflow: logged val/mAP50=0.4823 val/mAP50_95=0.2548 (step=17)
2026-08-03 02:17:44 INFO  scripts.synthetic_model_comparison.training.evaluation | mlflow: logged val per-class AP table (12 classes)
2026-08-03 02:17:44 INFO  scripts.synthetic_model_comparison.training.training_pipeline | saved checkpoint: /home/debian/Master-Thesis/scripts/synthetic_model_comparison/training/model_exports/yolo26n-realvisxl-lightning-maxlen-seed43-20260803-021129/best.pt
2026-08-03 02:17:44 INFO  scripts.synthetic_model_comparison.training.training_pipeline | new best mAP50_95=0.2548 at epoch 18
2026-08-03 02:17:44 INFO  scripts.synthetic_model_comparison.training.training_pipeline | saved checkpoint: /home/debian/Master-Thesis/scripts/synthetic_model_comparison/training/model_exports/yolo26n-realvisxl-lightning-maxlen-seed43-20260803-021129/last.pt
2026-08-03 02:17:45 INFO  scripts.synthetic_model_comparison.training.training_pipeline | epoch 18/200 done — next lr=0.00985651, epochs_since_improve=0/20
2026-08-03 02:17:45 INFO  scripts.synthetic_model_comparison.training.training_pipeline | epoch 19/200 — train start (lr=0.00985651, batches=15)
2026-08-03 02:17:57 INFO  scripts.synthetic_model_comparison.training.training_pipeline | epoch 19/200 — train done in 12.0s | avg loss_box=1.5165 loss_cls=2.3171 loss_dfl=0.0515 loss_total=215.7220
2026-08-03 02:17:57 INFO  scripts.synthetic_model_comparison.training.evaluation | evaluating on 4 batches
2026-08-03 02:18:03 INFO  scripts.synthetic_model_comparison.training.training_pipeline | epoch 19/200 — val mAP50=0.5902 mAP50_95=0.2899 (selection mAP50_95=0.2899)
2026-08-03 02:18:04 INFO  scripts.synthetic_model_comparison.training.evaluation | mlflow: logged val/mAP50=0.5902 val/mAP50_95=0.2899 (step=18)
2026-08-03 02:18:04 INFO  scripts.synthetic_model_comparison.training.evaluation | mlflow: logged val per-class AP table (12 classes)
2026-08-03 02:18:04 INFO  scripts.synthetic_model_comparison.training.training_pipeline | saved checkpoint: /home/debian/Master-Thesis/scripts/synthetic_model_comparison/training/model_exports/yolo26n-realvisxl-lightning-maxlen-seed43-20260803-021129/best.pt
2026-08-03 02:18:04 INFO  scripts.synthetic_model_comparison.training.training_pipeline | new best mAP50_95=0.2899 at epoch 19
2026-08-03 02:18:04 INFO  scripts.synthetic_model_comparison.training.training_pipeline | saved checkpoint: /home/debian/Master-Thesis/scripts/synthetic_model_comparison/training/model_exports/yolo26n-realvisxl-lightning-maxlen-seed43-20260803-021129/last.pt
2026-08-03 02:18:05 INFO  scripts.synthetic_model_comparison.training.training_pipeline | epoch 19/200 done — next lr=0.00983694, epochs_since_improve=0/20
2026-08-03 02:18:05 INFO  scripts.synthetic_model_comparison.training.training_pipeline | epoch 20/200 — train start (lr=0.00983694, batches=15)
2026-08-03 02:18:16 INFO  scripts.synthetic_model_comparison.training.training_pipeline | epoch 20/200 — train done in 11.5s | avg loss_box=1.4746 loss_cls=2.0980 loss_dfl=0.0502 loss_total=203.7395
2026-08-03 02:18:16 INFO  scripts.synthetic_model_comparison.training.evaluation | evaluating on 4 batches
2026-08-03 02:18:23 INFO  scripts.synthetic_model_comparison.training.training_pipeline | epoch 20/200 — val mAP50=0.6233 mAP50_95=0.3510 (selection mAP50_95=0.3510)
2026-08-03 02:18:24 INFO  scripts.synthetic_model_comparison.training.evaluation | mlflow: logged val/mAP50=0.6233 val/mAP50_95=0.3510 (step=19)
2026-08-03 02:18:24 INFO  scripts.synthetic_model_comparison.training.evaluation | mlflow: logged val per-class AP table (12 classes)
2026-08-03 02:18:25 INFO  scripts.synthetic_model_comparison.training.training_pipeline | saved checkpoint: /home/debian/Master-Thesis/scripts/synthetic_model_comparison/training/model_exports/yolo26n-realvisxl-lightning-maxlen-seed43-20260803-021129/best.pt
2026-08-03 02:18:25 INFO  scripts.synthetic_model_comparison.training.training_pipeline | new best mAP50_95=0.3510 at epoch 20
2026-08-03 02:18:25 INFO  scripts.synthetic_model_comparison.training.training_pipeline | saved checkpoint: /home/debian/Master-Thesis/scripts/synthetic_model_comparison/training/model_exports/yolo26n-realvisxl-lightning-maxlen-seed43-20260803-021129/last.pt
2026-08-03 02:18:25 INFO  scripts.synthetic_model_comparison.training.training_pipeline | epoch 20/200 done — next lr=0.00981614, epochs_since_improve=0/20
2026-08-03 02:18:25 INFO  scripts.synthetic_model_comparison.training.training_pipeline | epoch 21/200 — train start (lr=0.00981614, batches=15)
2026-08-03 02:18:32 INFO  scripts.synthetic_model_comparison.training.training_pipeline | step 300 | loss_box=1.5657 loss_cls=2.0892 loss_dfl=0.0541 loss_total=200.9236 lr=0.00981471
2026-08-03 02:18:40 INFO  scripts.synthetic_model_comparison.training.training_pipeline | epoch 21/200 — train done in 14.6s | avg loss_box=1.5104 loss_cls=2.0580 loss_dfl=0.0506 loss_total=203.3314
2026-08-03 02:18:40 INFO  scripts.synthetic_model_comparison.training.evaluation | evaluating on 4 batches
2026-08-03 02:18:47 INFO  scripts.synthetic_model_comparison.training.training_pipeline | epoch 21/200 — val mAP50=0.5757 mAP50_95=0.2296 (selection mAP50_95=0.2296)
2026-08-03 02:18:48 INFO  scripts.synthetic_model_comparison.training.evaluation | mlflow: logged val/mAP50=0.5757 val/mAP50_95=0.2296 (step=20)
2026-08-03 02:18:48 INFO  scripts.synthetic_model_comparison.training.evaluation | mlflow: logged val per-class AP table (12 classes)
2026-08-03 02:18:49 INFO  scripts.synthetic_model_comparison.training.training_pipeline | saved checkpoint: /home/debian/Master-Thesis/scripts/synthetic_model_comparison/training/model_exports/yolo26n-realvisxl-lightning-maxlen-seed43-20260803-021129/last.pt
2026-08-03 02:18:49 INFO  scripts.synthetic_model_comparison.training.training_pipeline | epoch 21/200 done — next lr=0.00979412, epochs_since_improve=1/20
2026-08-03 02:18:49 INFO  scripts.synthetic_model_comparison.training.training_pipeline | epoch 22/200 — train start (lr=0.00979412, batches=15)
2026-08-03 02:19:01 INFO  scripts.synthetic_model_comparison.training.training_pipeline | epoch 22/200 — train done in 12.5s | avg loss_box=1.4589 loss_cls=1.9445 loss_dfl=0.0498 loss_total=196.3011
2026-08-03 02:19:01 INFO  scripts.synthetic_model_comparison.training.evaluation | evaluating on 4 batches
2026-08-03 02:19:09 INFO  scripts.synthetic_model_comparison.training.training_pipeline | epoch 22/200 — val mAP50=0.6177 mAP50_95=0.2953 (selection mAP50_95=0.2953)
2026-08-03 02:19:10 INFO  scripts.synthetic_model_comparison.training.evaluation | mlflow: logged val/mAP50=0.6177 val/mAP50_95=0.2953 (step=21)
2026-08-03 02:19:10 INFO  scripts.synthetic_model_comparison.training.evaluation | mlflow: logged val per-class AP table (12 classes)
2026-08-03 02:19:10 INFO  scripts.synthetic_model_comparison.training.training_pipeline | saved checkpoint: /home/debian/Master-Thesis/scripts/synthetic_model_comparison/training/model_exports/yolo26n-realvisxl-lightning-maxlen-seed43-20260803-021129/last.pt
2026-08-03 02:19:11 INFO  scripts.synthetic_model_comparison.training.training_pipeline | epoch 22/200 done — next lr=0.00977087, epochs_since_improve=2/20
2026-08-03 02:19:11 INFO  scripts.synthetic_model_comparison.training.training_pipeline | epoch 23/200 — train start (lr=0.00977087, batches=15)
2026-08-03 02:19:24 INFO  scripts.synthetic_model_comparison.training.training_pipeline | epoch 23/200 — train done in 12.9s | avg loss_box=1.4230 loss_cls=1.8425 loss_dfl=0.0475 loss_total=187.7623
2026-08-03 02:19:24 INFO  scripts.synthetic_model_comparison.training.evaluation | evaluating on 4 batches
2026-08-03 02:19:32 INFO  scripts.synthetic_model_comparison.training.training_pipeline | epoch 23/200 — val mAP50=0.5736 mAP50_95=0.3333 (selection mAP50_95=0.3333)
2026-08-03 02:19:32 INFO  scripts.synthetic_model_comparison.training.evaluation | mlflow: logged val/mAP50=0.5736 val/mAP50_95=0.3333 (step=22)
2026-08-03 02:19:33 INFO  scripts.synthetic_model_comparison.training.evaluation | mlflow: logged val per-class AP table (12 classes)
2026-08-03 02:19:33 INFO  scripts.synthetic_model_comparison.training.training_pipeline | saved checkpoint: /home/debian/Master-Thesis/scripts/synthetic_model_comparison/training/model_exports/yolo26n-realvisxl-lightning-maxlen-seed43-20260803-021129/last.pt
2026-08-03 02:19:33 INFO  scripts.synthetic_model_comparison.training.training_pipeline | epoch 23/200 done — next lr=0.00974642, epochs_since_improve=3/20
2026-08-03 02:19:33 INFO  scripts.synthetic_model_comparison.training.training_pipeline | epoch 24/200 — train start (lr=0.00974642, batches=15)
2026-08-03 02:19:42 INFO  scripts.synthetic_model_comparison.training.training_pipeline | step 350 | loss_box=1.5265 loss_cls=1.7641 loss_dfl=0.0512 loss_total=186.0736 lr=0.0097363
2026-08-03 02:19:47 INFO  scripts.synthetic_model_comparison.training.training_pipeline | epoch 24/200 — train done in 13.9s | avg loss_box=1.4862 loss_cls=1.7825 loss_dfl=0.0509 loss_total=190.3967
2026-08-03 02:19:47 INFO  scripts.synthetic_model_comparison.training.evaluation | evaluating on 4 batches
2026-08-03 02:19:53 INFO  scripts.synthetic_model_comparison.training.training_pipeline | epoch 24/200 — val mAP50=0.6214 mAP50_95=0.3678 (selection mAP50_95=0.3678)
2026-08-03 02:19:54 INFO  scripts.synthetic_model_comparison.training.evaluation | mlflow: logged val/mAP50=0.6214 val/mAP50_95=0.3678 (step=23)
2026-08-03 02:19:54 INFO  scripts.synthetic_model_comparison.training.evaluation | mlflow: logged val per-class AP table (12 classes)
2026-08-03 02:19:54 INFO  scripts.synthetic_model_comparison.training.training_pipeline | saved checkpoint: /home/debian/Master-Thesis/scripts/synthetic_model_comparison/training/model_exports/yolo26n-realvisxl-lightning-maxlen-seed43-20260803-021129/best.pt
2026-08-03 02:19:54 INFO  scripts.synthetic_model_comparison.training.training_pipeline | new best mAP50_95=0.3678 at epoch 24
2026-08-03 02:19:54 INFO  scripts.synthetic_model_comparison.training.training_pipeline | saved checkpoint: /home/debian/Master-Thesis/scripts/synthetic_model_comparison/training/model_exports/yolo26n-realvisxl-lightning-maxlen-seed43-20260803-021129/last.pt
2026-08-03 02:19:55 INFO  scripts.synthetic_model_comparison.training.training_pipeline | epoch 24/200 done — next lr=0.00972076, epochs_since_improve=0/20
2026-08-03 02:19:55 INFO  scripts.synthetic_model_comparison.training.training_pipeline | epoch 25/200 — train start (lr=0.00972076, batches=15)
2026-08-03 02:20:07 INFO  scripts.synthetic_model_comparison.training.training_pipeline | epoch 25/200 — train done in 11.9s | avg loss_box=1.4433 loss_cls=1.7241 loss_dfl=0.0487 loss_total=184.9275
2026-08-03 02:20:07 INFO  scripts.synthetic_model_comparison.training.evaluation | evaluating on 4 batches
2026-08-03 02:20:13 INFO  scripts.synthetic_model_comparison.training.training_pipeline | epoch 25/200 — val mAP50=0.6474 mAP50_95=0.3413 (selection mAP50_95=0.3413)
2026-08-03 02:20:14 INFO  scripts.synthetic_model_comparison.training.evaluation | mlflow: logged val/mAP50=0.6474 val/mAP50_95=0.3413 (step=24)
2026-08-03 02:20:14 INFO  scripts.synthetic_model_comparison.training.evaluation | mlflow: logged val per-class AP table (12 classes)
2026-08-03 02:20:14 INFO  scripts.synthetic_model_comparison.training.training_pipeline | saved checkpoint: /home/debian/Master-Thesis/scripts/synthetic_model_comparison/training/model_exports/yolo26n-realvisxl-lightning-maxlen-seed43-20260803-021129/last.pt
2026-08-03 02:20:14 INFO  scripts.synthetic_model_comparison.training.training_pipeline | epoch 25/200 done — next lr=0.0096939, epochs_since_improve=1/20
2026-08-03 02:20:14 INFO  scripts.synthetic_model_comparison.training.training_pipeline | epoch 26/200 — train start (lr=0.0096939, batches=15)
2026-08-03 02:20:26 INFO  scripts.synthetic_model_comparison.training.training_pipeline | epoch 26/200 — train done in 11.8s | avg loss_box=1.3868 loss_cls=1.6091 loss_dfl=0.0460 loss_total=174.5415
2026-08-03 02:20:26 INFO  scripts.synthetic_model_comparison.training.evaluation | evaluating on 4 batches
2026-08-03 02:20:32 INFO  scripts.synthetic_model_comparison.training.training_pipeline | epoch 26/200 — val mAP50=0.7522 mAP50_95=0.4651 (selection mAP50_95=0.4651)
2026-08-03 02:20:33 INFO  scripts.synthetic_model_comparison.training.evaluation | mlflow: logged val/mAP50=0.7522 val/mAP50_95=0.4651 (step=25)
2026-08-03 02:20:33 INFO  scripts.synthetic_model_comparison.training.evaluation | mlflow: logged val per-class AP table (12 classes)
2026-08-03 02:20:33 INFO  scripts.synthetic_model_comparison.training.training_pipeline | saved checkpoint: /home/debian/Master-Thesis/scripts/synthetic_model_comparison/training/model_exports/yolo26n-realvisxl-lightning-maxlen-seed43-20260803-021129/best.pt
2026-08-03 02:20:33 INFO  scripts.synthetic_model_comparison.training.training_pipeline | new best mAP50_95=0.4651 at epoch 26
2026-08-03 02:20:33 INFO  scripts.synthetic_model_comparison.training.training_pipeline | saved checkpoint: /home/debian/Master-Thesis/scripts/synthetic_model_comparison/training/model_exports/yolo26n-realvisxl-lightning-maxlen-seed43-20260803-021129/last.pt
2026-08-03 02:20:34 INFO  scripts.synthetic_model_comparison.training.training_pipeline | epoch 26/200 done — next lr=0.00966585, epochs_since_improve=0/20
2026-08-03 02:20:34 INFO  scripts.synthetic_model_comparison.training.training_pipeline | epoch 27/200 — train start (lr=0.00966585, batches=15)
2026-08-03 02:20:44 INFO  scripts.synthetic_model_comparison.training.training_pipeline | step 400 | loss_box=1.3359 loss_cls=1.5648 loss_dfl=0.0440 loss_total=174.5784 lr=0.00964453
2026-08-03 02:20:47 INFO  scripts.synthetic_model_comparison.training.training_pipeline | epoch 27/200 — train done in 13.1s | avg loss_box=1.3769 loss_cls=1.5800 loss_dfl=0.0464 loss_total=170.5510
2026-08-03 02:20:47 INFO  scripts.synthetic_model_comparison.training.evaluation | evaluating on 4 batches
2026-08-03 02:20:55 INFO  scripts.synthetic_model_comparison.training.training_pipeline | epoch 27/200 — val mAP50=0.7384 mAP50_95=0.3988 (selection mAP50_95=0.3988)
2026-08-03 02:20:55 INFO  scripts.synthetic_model_comparison.training.evaluation | mlflow: logged val/mAP50=0.7384 val/mAP50_95=0.3988 (step=26)
2026-08-03 02:20:56 INFO  scripts.synthetic_model_comparison.training.evaluation | mlflow: logged val per-class AP table (12 classes)
2026-08-03 02:20:56 INFO  scripts.synthetic_model_comparison.training.training_pipeline | saved checkpoint: /home/debian/Master-Thesis/scripts/synthetic_model_comparison/training/model_exports/yolo26n-realvisxl-lightning-maxlen-seed43-20260803-021129/last.pt
2026-08-03 02:20:56 INFO  scripts.synthetic_model_comparison.training.training_pipeline | epoch 27/200 done — next lr=0.00963661, epochs_since_improve=1/20
2026-08-03 02:20:56 INFO  scripts.synthetic_model_comparison.training.training_pipeline | epoch 28/200 — train start (lr=0.00963661, batches=15)
2026-08-03 02:21:08 INFO  scripts.synthetic_model_comparison.training.training_pipeline | epoch 28/200 — train done in 12.3s | avg loss_box=1.3498 loss_cls=1.5132 loss_dfl=0.0447 loss_total=168.1885
2026-08-03 02:21:08 INFO  scripts.synthetic_model_comparison.training.evaluation | evaluating on 4 batches
2026-08-03 02:21:15 INFO  scripts.synthetic_model_comparison.training.training_pipeline | epoch 28/200 — val mAP50=0.7721 mAP50_95=0.4762 (selection mAP50_95=0.4762)
2026-08-03 02:21:15 INFO  scripts.synthetic_model_comparison.training.evaluation | mlflow: logged val/mAP50=0.7721 val/mAP50_95=0.4762 (step=27)
2026-08-03 02:21:16 INFO  scripts.synthetic_model_comparison.training.evaluation | mlflow: logged val per-class AP table (12 classes)
2026-08-03 02:21:16 INFO  scripts.synthetic_model_comparison.training.training_pipeline | saved checkpoint: /home/debian/Master-Thesis/scripts/synthetic_model_comparison/training/model_exports/yolo26n-realvisxl-lightning-maxlen-seed43-20260803-021129/best.pt
2026-08-03 02:21:16 INFO  scripts.synthetic_model_comparison.training.training_pipeline | new best mAP50_95=0.4762 at epoch 28
2026-08-03 02:21:16 INFO  scripts.synthetic_model_comparison.training.training_pipeline | saved checkpoint: /home/debian/Master-Thesis/scripts/synthetic_model_comparison/training/model_exports/yolo26n-realvisxl-lightning-maxlen-seed43-20260803-021129/last.pt
2026-08-03 02:21:16 INFO  scripts.synthetic_model_comparison.training.training_pipeline | epoch 28/200 done — next lr=0.0096062, epochs_since_improve=0/20
2026-08-03 02:21:16 INFO  scripts.synthetic_model_comparison.training.training_pipeline | epoch 29/200 — train start (lr=0.0096062, batches=15)
2026-08-03 02:21:28 INFO  scripts.synthetic_model_comparison.training.training_pipeline | epoch 29/200 — train done in 11.9s | avg loss_box=1.3654 loss_cls=1.4241 loss_dfl=0.0471 loss_total=163.7834
2026-08-03 02:21:28 INFO  scripts.synthetic_model_comparison.training.evaluation | evaluating on 4 batches
2026-08-03 02:21:34 INFO  scripts.synthetic_model_comparison.training.training_pipeline | epoch 29/200 — val mAP50=0.7648 mAP50_95=0.4174 (selection mAP50_95=0.4174)
2026-08-03 02:21:35 INFO  scripts.synthetic_model_comparison.training.evaluation | mlflow: logged val/mAP50=0.7648 val/mAP50_95=0.4174 (step=28)
2026-08-03 02:21:35 INFO  scripts.synthetic_model_comparison.training.evaluation | mlflow: logged val per-class AP table (12 classes)
2026-08-03 02:21:35 INFO  scripts.synthetic_model_comparison.training.training_pipeline | saved checkpoint: /home/debian/Master-Thesis/scripts/synthetic_model_comparison/training/model_exports/yolo26n-realvisxl-lightning-maxlen-seed43-20260803-021129/last.pt
2026-08-03 02:21:36 INFO  scripts.synthetic_model_comparison.training.training_pipeline | epoch 29/200 done — next lr=0.00957462, epochs_since_improve=1/20
2026-08-03 02:21:36 INFO  scripts.synthetic_model_comparison.training.training_pipeline | epoch 30/200 — train start (lr=0.00957462, batches=15)
2026-08-03 02:21:47 INFO  scripts.synthetic_model_comparison.training.training_pipeline | epoch 30/200 — train done in 11.4s | avg loss_box=1.3721 loss_cls=1.3877 loss_dfl=0.0457 loss_total=162.3583
2026-08-03 02:21:47 INFO  scripts.synthetic_model_comparison.training.evaluation | evaluating on 4 batches
2026-08-03 02:21:53 INFO  scripts.synthetic_model_comparison.training.training_pipeline | epoch 30/200 — val mAP50=0.7545 mAP50_95=0.4313 (selection mAP50_95=0.4313)
2026-08-03 02:21:54 INFO  scripts.synthetic_model_comparison.training.evaluation | mlflow: logged val/mAP50=0.7545 val/mAP50_95=0.4313 (step=29)
2026-08-03 02:21:54 INFO  scripts.synthetic_model_comparison.training.evaluation | mlflow: logged val per-class AP table (12 classes)
2026-08-03 02:21:54 INFO  scripts.synthetic_model_comparison.training.training_pipeline | saved checkpoint: /home/debian/Master-Thesis/scripts/synthetic_model_comparison/training/model_exports/yolo26n-realvisxl-lightning-maxlen-seed43-20260803-021129/last.pt
2026-08-03 02:21:55 INFO  scripts.synthetic_model_comparison.training.training_pipeline | epoch 30/200 done — next lr=0.00954187, epochs_since_improve=2/20
2026-08-03 02:21:55 INFO  scripts.synthetic_model_comparison.training.training_pipeline | epoch 31/200 — train start (lr=0.00954187, batches=15)
2026-08-03 02:22:01 INFO  scripts.synthetic_model_comparison.training.training_pipeline | step 450 | loss_box=1.3569 loss_cls=1.3572 loss_dfl=0.0437 loss_total=157.8284 lr=0.00953965
2026-08-03 02:22:08 INFO  scripts.synthetic_model_comparison.training.training_pipeline | epoch 31/200 — train done in 13.5s | avg loss_box=1.3412 loss_cls=1.2956 loss_dfl=0.0446 loss_total=157.8776
2026-08-03 02:22:08 INFO  scripts.synthetic_model_comparison.training.evaluation | evaluating on 4 batches
2026-08-03 02:22:14 INFO  scripts.synthetic_model_comparison.training.training_pipeline | epoch 31/200 — val mAP50=0.7859 mAP50_95=0.5153 (selection mAP50_95=0.5153)
2026-08-03 02:22:15 INFO  scripts.synthetic_model_comparison.training.evaluation | mlflow: logged val/mAP50=0.7859 val/mAP50_95=0.5153 (step=30)
2026-08-03 02:22:15 INFO  scripts.synthetic_model_comparison.training.evaluation | mlflow: logged val per-class AP table (12 classes)
2026-08-03 02:22:15 INFO  scripts.synthetic_model_comparison.training.training_pipeline | saved checkpoint: /home/debian/Master-Thesis/scripts/synthetic_model_comparison/training/model_exports/yolo26n-realvisxl-lightning-maxlen-seed43-20260803-021129/best.pt
2026-08-03 02:22:15 INFO  scripts.synthetic_model_comparison.training.training_pipeline | new best mAP50_95=0.5153 at epoch 31
2026-08-03 02:22:15 INFO  scripts.synthetic_model_comparison.training.training_pipeline | saved checkpoint: /home/debian/Master-Thesis/scripts/synthetic_model_comparison/training/model_exports/yolo26n-realvisxl-lightning-maxlen-seed43-20260803-021129/last.pt
2026-08-03 02:22:16 INFO  scripts.synthetic_model_comparison.training.training_pipeline | epoch 31/200 done — next lr=0.00950797, epochs_since_improve=0/20
2026-08-03 02:22:16 INFO  scripts.synthetic_model_comparison.training.training_pipeline | epoch 32/200 — train start (lr=0.00950797, batches=15)
2026-08-03 02:22:28 INFO  scripts.synthetic_model_comparison.training.training_pipeline | epoch 32/200 — train done in 11.9s | avg loss_box=1.3367 loss_cls=1.2417 loss_dfl=0.0445 loss_total=153.9300
2026-08-03 02:22:28 INFO  scripts.synthetic_model_comparison.training.evaluation | evaluating on 4 batches
2026-08-03 02:22:34 INFO  scripts.synthetic_model_comparison.training.training_pipeline | epoch 32/200 — val mAP50=0.7679 mAP50_95=0.4372 (selection mAP50_95=0.4372)
2026-08-03 02:22:34 INFO  scripts.synthetic_model_comparison.training.evaluation | mlflow: logged val/mAP50=0.7679 val/mAP50_95=0.4372 (step=31)
2026-08-03 02:22:35 INFO  scripts.synthetic_model_comparison.training.evaluation | mlflow: logged val per-class AP table (12 classes)
2026-08-03 02:22:35 INFO  scripts.synthetic_model_comparison.training.training_pipeline | saved checkpoint: /home/debian/Master-Thesis/scripts/synthetic_model_comparison/training/model_exports/yolo26n-realvisxl-lightning-maxlen-seed43-20260803-021129/last.pt
2026-08-03 02:22:35 INFO  scripts.synthetic_model_comparison.training.training_pipeline | epoch 32/200 done — next lr=0.00947292, epochs_since_improve=1/20
2026-08-03 02:22:35 INFO  scripts.synthetic_model_comparison.training.training_pipeline | epoch 33/200 — train start (lr=0.00947292, batches=15)
2026-08-03 02:22:47 INFO  scripts.synthetic_model_comparison.training.training_pipeline | epoch 33/200 — train done in 11.9s | avg loss_box=1.2517 loss_cls=1.1928 loss_dfl=0.0416 loss_total=147.2556
2026-08-03 02:22:47 INFO  scripts.synthetic_model_comparison.training.evaluation | evaluating on 4 batches
2026-08-03 02:22:54 INFO  scripts.synthetic_model_comparison.training.training_pipeline | epoch 33/200 — val mAP50=0.8240 mAP50_95=0.5029 (selection mAP50_95=0.5029)
2026-08-03 02:22:54 INFO  scripts.synthetic_model_comparison.training.evaluation | mlflow: logged val/mAP50=0.8240 val/mAP50_95=0.5029 (step=32)
2026-08-03 02:22:55 INFO  scripts.synthetic_model_comparison.training.evaluation | mlflow: logged val per-class AP table (12 classes)
2026-08-03 02:22:55 INFO  scripts.synthetic_model_comparison.training.training_pipeline | saved checkpoint: /home/debian/Master-Thesis/scripts/synthetic_model_comparison/training/model_exports/yolo26n-realvisxl-lightning-maxlen-seed43-20260803-021129/last.pt
2026-08-03 02:22:55 INFO  scripts.synthetic_model_comparison.training.training_pipeline | epoch 33/200 done — next lr=0.00943674, epochs_since_improve=2/20
2026-08-03 02:22:55 INFO  scripts.synthetic_model_comparison.training.training_pipeline | epoch 34/200 — train start (lr=0.00943674, batches=15)
2026-08-03 02:23:04 INFO  scripts.synthetic_model_comparison.training.training_pipeline | step 500 | loss_box=1.3226 loss_cls=1.2053 loss_dfl=0.0460 loss_total=153.1103 lr=0.00942195
2026-08-03 02:23:09 INFO  scripts.synthetic_model_comparison.training.training_pipeline | epoch 34/200 — train done in 14.0s | avg loss_box=1.2827 loss_cls=1.2140 loss_dfl=0.0431 loss_total=149.0126
2026-08-03 02:23:09 INFO  scripts.synthetic_model_comparison.training.evaluation | evaluating on 4 batches
2026-08-03 02:23:15 INFO  scripts.synthetic_model_comparison.training.training_pipeline | epoch 34/200 — val mAP50=0.7719 mAP50_95=0.4308 (selection mAP50_95=0.4308)
2026-08-03 02:23:16 INFO  scripts.synthetic_model_comparison.training.evaluation | mlflow: logged val/mAP50=0.7719 val/mAP50_95=0.4308 (step=33)
2026-08-03 02:23:16 INFO  scripts.synthetic_model_comparison.training.evaluation | mlflow: logged val per-class AP table (12 classes)
2026-08-03 02:23:17 INFO  scripts.synthetic_model_comparison.training.training_pipeline | saved checkpoint: /home/debian/Master-Thesis/scripts/synthetic_model_comparison/training/model_exports/yolo26n-realvisxl-lightning-maxlen-seed43-20260803-021129/last.pt
2026-08-03 02:23:17 INFO  scripts.synthetic_model_comparison.training.training_pipeline | epoch 34/200 done — next lr=0.00939943, epochs_since_improve=3/20
2026-08-03 02:23:17 INFO  scripts.synthetic_model_comparison.training.training_pipeline | epoch 35/200 — train start (lr=0.00939943, batches=15)
2026-08-03 02:23:28 INFO  scripts.synthetic_model_comparison.training.training_pipeline | epoch 35/200 — train done in 11.5s | avg loss_box=1.2539 loss_cls=1.1419 loss_dfl=0.0415 loss_total=144.4956
2026-08-03 02:23:28 INFO  scripts.synthetic_model_comparison.training.evaluation | evaluating on 4 batches
2026-08-03 02:23:36 INFO  scripts.synthetic_model_comparison.training.training_pipeline | epoch 35/200 — val mAP50=0.8130 mAP50_95=0.5495 (selection mAP50_95=0.5495)
2026-08-03 02:23:37 INFO  scripts.synthetic_model_comparison.training.evaluation | mlflow: logged val/mAP50=0.8130 val/mAP50_95=0.5495 (step=34)
2026-08-03 02:23:37 INFO  scripts.synthetic_model_comparison.training.evaluation | mlflow: logged val per-class AP table (12 classes)
2026-08-03 02:23:37 INFO  scripts.synthetic_model_comparison.training.training_pipeline | saved checkpoint: /home/debian/Master-Thesis/scripts/synthetic_model_comparison/training/model_exports/yolo26n-realvisxl-lightning-maxlen-seed43-20260803-021129/best.pt
2026-08-03 02:23:37 INFO  scripts.synthetic_model_comparison.training.training_pipeline | new best mAP50_95=0.5495 at epoch 35
2026-08-03 02:23:38 INFO  scripts.synthetic_model_comparison.training.training_pipeline | saved checkpoint: /home/debian/Master-Thesis/scripts/synthetic_model_comparison/training/model_exports/yolo26n-realvisxl-lightning-maxlen-seed43-20260803-021129/last.pt
2026-08-03 02:23:38 INFO  scripts.synthetic_model_comparison.training.training_pipeline | epoch 35/200 done — next lr=0.00936101, epochs_since_improve=0/20
2026-08-03 02:23:38 INFO  scripts.synthetic_model_comparison.training.training_pipeline | epoch 36/200 — train start (lr=0.00936101, batches=15)
2026-08-03 02:23:51 INFO  scripts.synthetic_model_comparison.training.training_pipeline | epoch 36/200 — train done in 12.6s | avg loss_box=1.2336 loss_cls=1.0853 loss_dfl=0.0403 loss_total=141.0587
2026-08-03 02:23:51 INFO  scripts.synthetic_model_comparison.training.evaluation | evaluating on 4 batches
2026-08-03 02:23:58 INFO  scripts.synthetic_model_comparison.training.training_pipeline | epoch 36/200 — val mAP50=0.8607 mAP50_95=0.5327 (selection mAP50_95=0.5327)
2026-08-03 02:23:59 INFO  scripts.synthetic_model_comparison.training.evaluation | mlflow: logged val/mAP50=0.8607 val/mAP50_95=0.5327 (step=35)
2026-08-03 02:23:59 INFO  scripts.synthetic_model_comparison.training.evaluation | mlflow: logged val per-class AP table (12 classes)
2026-08-03 02:23:59 INFO  scripts.synthetic_model_comparison.training.training_pipeline | saved checkpoint: /home/debian/Master-Thesis/scripts/synthetic_model_comparison/training/model_exports/yolo26n-realvisxl-lightning-maxlen-seed43-20260803-021129/last.pt
2026-08-03 02:24:00 INFO  scripts.synthetic_model_comparison.training.training_pipeline | epoch 36/200 done — next lr=0.00932147, epochs_since_improve=1/20
2026-08-03 02:24:00 INFO  scripts.synthetic_model_comparison.training.training_pipeline | epoch 37/200 — train start (lr=0.00932147, batches=15)
2026-08-03 02:24:11 INFO  scripts.synthetic_model_comparison.training.training_pipeline | step 550 | loss_box=1.1804 loss_cls=1.0067 loss_dfl=0.0373 loss_total=132.8706 lr=0.00929178
2026-08-03 02:24:14 INFO  scripts.synthetic_model_comparison.training.training_pipeline | epoch 37/200 — train done in 14.0s | avg loss_box=1.2571 loss_cls=1.1072 loss_dfl=0.0415 loss_total=142.9676
2026-08-03 02:24:14 INFO  scripts.synthetic_model_comparison.training.evaluation | evaluating on 4 batches
2026-08-03 02:24:20 INFO  scripts.synthetic_model_comparison.training.training_pipeline | epoch 37/200 — val mAP50=0.8764 mAP50_95=0.5906 (selection mAP50_95=0.5906)
2026-08-03 02:24:21 INFO  scripts.synthetic_model_comparison.training.evaluation | mlflow: logged val/mAP50=0.8764 val/mAP50_95=0.5906 (step=36)
2026-08-03 02:24:21 INFO  scripts.synthetic_model_comparison.training.evaluation | mlflow: logged val per-class AP table (12 classes)
2026-08-03 02:24:21 INFO  scripts.synthetic_model_comparison.training.training_pipeline | saved checkpoint: /home/debian/Master-Thesis/scripts/synthetic_model_comparison/training/model_exports/yolo26n-realvisxl-lightning-maxlen-seed43-20260803-021129/best.pt
2026-08-03 02:24:21 INFO  scripts.synthetic_model_comparison.training.training_pipeline | new best mAP50_95=0.5906 at epoch 37
2026-08-03 02:24:21 INFO  scripts.synthetic_model_comparison.training.training_pipeline | saved checkpoint: /home/debian/Master-Thesis/scripts/synthetic_model_comparison/training/model_exports/yolo26n-realvisxl-lightning-maxlen-seed43-20260803-021129/last.pt
2026-08-03 02:24:22 INFO  scripts.synthetic_model_comparison.training.training_pipeline | epoch 37/200 done — next lr=0.00928084, epochs_since_improve=0/20
2026-08-03 02:24:22 INFO  scripts.synthetic_model_comparison.training.training_pipeline | epoch 38/200 — train start (lr=0.00928084, batches=15)
2026-08-03 02:24:34 INFO  scripts.synthetic_model_comparison.training.training_pipeline | epoch 38/200 — train done in 12.3s | avg loss_box=1.2172 loss_cls=1.0229 loss_dfl=0.0408 loss_total=136.3542
2026-08-03 02:24:34 INFO  scripts.synthetic_model_comparison.training.evaluation | evaluating on 4 batches
2026-08-03 02:24:40 INFO  scripts.synthetic_model_comparison.training.training_pipeline | epoch 38/200 — val mAP50=0.8140 mAP50_95=0.4441 (selection mAP50_95=0.4441)
2026-08-03 02:24:41 INFO  scripts.synthetic_model_comparison.training.evaluation | mlflow: logged val/mAP50=0.8140 val/mAP50_95=0.4441 (step=37)
2026-08-03 02:24:41 INFO  scripts.synthetic_model_comparison.training.evaluation | mlflow: logged val per-class AP table (12 classes)
2026-08-03 02:24:41 INFO  scripts.synthetic_model_comparison.training.training_pipeline | saved checkpoint: /home/debian/Master-Thesis/scripts/synthetic_model_comparison/training/model_exports/yolo26n-realvisxl-lightning-maxlen-seed43-20260803-021129/last.pt
2026-08-03 02:24:42 INFO  scripts.synthetic_model_comparison.training.training_pipeline | epoch 38/200 done — next lr=0.00923912, epochs_since_improve=1/20
2026-08-03 02:24:42 INFO  scripts.synthetic_model_comparison.training.training_pipeline | epoch 39/200 — train start (lr=0.00923912, batches=15)
2026-08-03 02:24:53 INFO  scripts.synthetic_model_comparison.training.training_pipeline | epoch 39/200 — train done in 11.8s | avg loss_box=1.1829 loss_cls=1.0276 loss_dfl=0.0395 loss_total=134.9143
2026-08-03 02:24:53 INFO  scripts.synthetic_model_comparison.training.evaluation | evaluating on 4 batches
2026-08-03 02:25:01 INFO  scripts.synthetic_model_comparison.training.training_pipeline | epoch 39/200 — val mAP50=0.8417 mAP50_95=0.5853 (selection mAP50_95=0.5853)
2026-08-03 02:25:02 INFO  scripts.synthetic_model_comparison.training.evaluation | mlflow: logged val/mAP50=0.8417 val/mAP50_95=0.5853 (step=38)
2026-08-03 02:25:02 INFO  scripts.synthetic_model_comparison.training.evaluation | mlflow: logged val per-class AP table (12 classes)
2026-08-03 02:25:03 INFO  scripts.synthetic_model_comparison.training.training_pipeline | saved checkpoint: /home/debian/Master-Thesis/scripts/synthetic_model_comparison/training/model_exports/yolo26n-realvisxl-lightning-maxlen-seed43-20260803-021129/last.pt
2026-08-03 02:25:03 INFO  scripts.synthetic_model_comparison.training.training_pipeline | epoch 39/200 done — next lr=0.00919633, epochs_since_improve=2/20
2026-08-03 02:25:03 INFO  scripts.synthetic_model_comparison.training.training_pipeline | epoch 40/200 — train start (lr=0.00919633, batches=15)
2026-08-03 02:25:15 INFO  scripts.synthetic_model_comparison.training.training_pipeline | epoch 40/200 — train done in 12.1s | avg loss_box=1.2050 loss_cls=0.9811 loss_dfl=0.0391 loss_total=135.4388
2026-08-03 02:25:15 INFO  scripts.synthetic_model_comparison.training.evaluation | evaluating on 4 batches
2026-08-03 02:25:23 INFO  scripts.synthetic_model_comparison.training.training_pipeline | epoch 40/200 — val mAP50=0.8725 mAP50_95=0.6086 (selection mAP50_95=0.6086)
2026-08-03 02:25:23 INFO  scripts.synthetic_model_comparison.training.evaluation | mlflow: logged val/mAP50=0.8725 val/mAP50_95=0.6086 (step=39)
2026-08-03 02:25:24 INFO  scripts.synthetic_model_comparison.training.evaluation | mlflow: logged val per-class AP table (12 classes)
2026-08-03 02:25:24 INFO  scripts.synthetic_model_comparison.training.training_pipeline | saved checkpoint: /home/debian/Master-Thesis/scripts/synthetic_model_comparison/training/model_exports/yolo26n-realvisxl-lightning-maxlen-seed43-20260803-021129/best.pt
2026-08-03 02:25:24 INFO  scripts.synthetic_model_comparison.training.training_pipeline | new best mAP50_95=0.6086 at epoch 40
2026-08-03 02:25:24 INFO  scripts.synthetic_model_comparison.training.training_pipeline | saved checkpoint: /home/debian/Master-Thesis/scripts/synthetic_model_comparison/training/model_exports/yolo26n-realvisxl-lightning-maxlen-seed43-20260803-021129/last.pt
2026-08-03 02:25:25 INFO  scripts.synthetic_model_comparison.training.training_pipeline | epoch 40/200 done — next lr=0.00915247, epochs_since_improve=0/20
2026-08-03 02:25:25 INFO  scripts.synthetic_model_comparison.training.training_pipeline | epoch 41/200 — train start (lr=0.00915247, batches=15)
2026-08-03 02:25:30 INFO  scripts.synthetic_model_comparison.training.training_pipeline | step 600 | loss_box=1.1359 loss_cls=1.0438 loss_dfl=0.0369 loss_total=134.7176 lr=0.0091495
2026-08-03 02:25:38 INFO  scripts.synthetic_model_comparison.training.training_pipeline | epoch 41/200 — train done in 13.7s | avg loss_box=1.1893 loss_cls=0.9739 loss_dfl=0.0396 loss_total=132.4967
2026-08-03 02:25:38 INFO  scripts.synthetic_model_comparison.training.evaluation | evaluating on 4 batches
2026-08-03 02:25:46 INFO  scripts.synthetic_model_comparison.training.training_pipeline | epoch 41/200 — val mAP50=0.8636 mAP50_95=0.5619 (selection mAP50_95=0.5619)
2026-08-03 02:25:47 INFO  scripts.synthetic_model_comparison.training.evaluation | mlflow: logged val/mAP50=0.8636 val/mAP50_95=0.5619 (step=40)
2026-08-03 02:25:47 INFO  scripts.synthetic_model_comparison.training.evaluation | mlflow: logged val per-class AP table (12 classes)
2026-08-03 02:25:47 INFO  scripts.synthetic_model_comparison.training.training_pipeline | saved checkpoint: /home/debian/Master-Thesis/scripts/synthetic_model_comparison/training/model_exports/yolo26n-realvisxl-lightning-maxlen-seed43-20260803-021129/last.pt
2026-08-03 02:25:48 INFO  scripts.synthetic_model_comparison.training.training_pipeline | epoch 41/200 done — next lr=0.00910755, epochs_since_improve=1/20
2026-08-03 02:25:48 INFO  scripts.synthetic_model_comparison.training.training_pipeline | epoch 42/200 — train start (lr=0.00910755, batches=15)
2026-08-03 02:26:00 INFO  scripts.synthetic_model_comparison.training.training_pipeline | epoch 42/200 — train done in 12.2s | avg loss_box=1.1803 loss_cls=0.9327 loss_dfl=0.0387 loss_total=131.5758
2026-08-03 02:26:00 INFO  scripts.synthetic_model_comparison.training.evaluation | evaluating on 4 batches
2026-08-03 02:26:06 INFO  scripts.synthetic_model_comparison.training.training_pipeline | epoch 42/200 — val mAP50=0.8430 mAP50_95=0.5868 (selection mAP50_95=0.5868)
2026-08-03 02:26:07 INFO  scripts.synthetic_model_comparison.training.evaluation | mlflow: logged val/mAP50=0.8430 val/mAP50_95=0.5868 (step=41)
2026-08-03 02:26:07 INFO  scripts.synthetic_model_comparison.training.evaluation | mlflow: logged val per-class AP table (12 classes)
2026-08-03 02:26:07 INFO  scripts.synthetic_model_comparison.training.training_pipeline | saved checkpoint: /home/debian/Master-Thesis/scripts/synthetic_model_comparison/training/model_exports/yolo26n-realvisxl-lightning-maxlen-seed43-20260803-021129/last.pt
2026-08-03 02:26:08 INFO  scripts.synthetic_model_comparison.training.training_pipeline | epoch 42/200 done — next lr=0.00906159, epochs_since_improve=2/20
2026-08-03 02:26:08 INFO  scripts.synthetic_model_comparison.training.training_pipeline | epoch 43/200 — train start (lr=0.00906159, batches=15)
2026-08-03 02:26:19 INFO  scripts.synthetic_model_comparison.training.training_pipeline | epoch 43/200 — train done in 11.7s | avg loss_box=1.1572 loss_cls=0.9349 loss_dfl=0.0378 loss_total=129.9606
2026-08-03 02:26:19 INFO  scripts.synthetic_model_comparison.training.evaluation | evaluating on 4 batches
2026-08-03 02:26:26 INFO  scripts.synthetic_model_comparison.training.training_pipeline | epoch 43/200 — val mAP50=0.8485 mAP50_95=0.5683 (selection mAP50_95=0.5683)
2026-08-03 02:26:26 INFO  scripts.synthetic_model_comparison.training.evaluation | mlflow: logged val/mAP50=0.8485 val/mAP50_95=0.5683 (step=42)
2026-08-03 02:26:27 INFO  scripts.synthetic_model_comparison.training.evaluation | mlflow: logged val per-class AP table (12 classes)
2026-08-03 02:26:27 INFO  scripts.synthetic_model_comparison.training.training_pipeline | saved checkpoint: /home/debian/Master-Thesis/scripts/synthetic_model_comparison/training/model_exports/yolo26n-realvisxl-lightning-maxlen-seed43-20260803-021129/last.pt
2026-08-03 02:26:27 INFO  scripts.synthetic_model_comparison.training.training_pipeline | epoch 43/200 done — next lr=0.0090146, epochs_since_improve=3/20
2026-08-03 02:26:27 INFO  scripts.synthetic_model_comparison.training.training_pipeline | epoch 44/200 — train start (lr=0.0090146, batches=15)
2026-08-03 02:26:36 INFO  scripts.synthetic_model_comparison.training.training_pipeline | step 650 | loss_box=1.0957 loss_cls=0.9050 loss_dfl=0.0352 loss_total=121.9502 lr=0.00899552
2026-08-03 02:26:41 INFO  scripts.synthetic_model_comparison.training.training_pipeline | epoch 44/200 — train done in 13.7s | avg loss_box=1.1206 loss_cls=0.9025 loss_dfl=0.0368 loss_total=124.4147
2026-08-03 02:26:41 INFO  scripts.synthetic_model_comparison.training.evaluation | evaluating on 4 batches
2026-08-03 02:26:47 INFO  scripts.synthetic_model_comparison.training.training_pipeline | epoch 44/200 — val mAP50=0.8190 mAP50_95=0.4600 (selection mAP50_95=0.4600)
2026-08-03 02:26:47 INFO  scripts.synthetic_model_comparison.training.evaluation | mlflow: logged val/mAP50=0.8190 val/mAP50_95=0.4600 (step=43)
2026-08-03 02:26:48 INFO  scripts.synthetic_model_comparison.training.evaluation | mlflow: logged val per-class AP table (12 classes)
2026-08-03 02:26:48 INFO  scripts.synthetic_model_comparison.training.training_pipeline | saved checkpoint: /home/debian/Master-Thesis/scripts/synthetic_model_comparison/training/model_exports/yolo26n-realvisxl-lightning-maxlen-seed43-20260803-021129/last.pt
2026-08-03 02:26:48 INFO  scripts.synthetic_model_comparison.training.training_pipeline | epoch 44/200 done — next lr=0.00896659, epochs_since_improve=4/20
2026-08-03 02:26:48 INFO  scripts.synthetic_model_comparison.training.training_pipeline | epoch 45/200 — train start (lr=0.00896659, batches=15)
2026-08-03 02:27:00 INFO  scripts.synthetic_model_comparison.training.training_pipeline | epoch 45/200 — train done in 11.6s | avg loss_box=1.0828 loss_cls=0.8757 loss_dfl=0.0349 loss_total=121.1578
2026-08-03 02:27:00 INFO  scripts.synthetic_model_comparison.training.evaluation | evaluating on 4 batches
2026-08-03 02:27:06 INFO  scripts.synthetic_model_comparison.training.training_pipeline | epoch 45/200 — val mAP50=0.8837 mAP50_95=0.6350 (selection mAP50_95=0.6350)
2026-08-03 02:27:07 INFO  scripts.synthetic_model_comparison.training.evaluation | mlflow: logged val/mAP50=0.8837 val/mAP50_95=0.6350 (step=44)
2026-08-03 02:27:07 INFO  scripts.synthetic_model_comparison.training.evaluation | mlflow: logged val per-class AP table (12 classes)
2026-08-03 02:27:07 INFO  scripts.synthetic_model_comparison.training.training_pipeline | saved checkpoint: /home/debian/Master-Thesis/scripts/synthetic_model_comparison/training/model_exports/yolo26n-realvisxl-lightning-maxlen-seed43-20260803-021129/best.pt
2026-08-03 02:27:07 INFO  scripts.synthetic_model_comparison.training.training_pipeline | new best mAP50_95=0.6350 at epoch 45
2026-08-03 02:27:07 INFO  scripts.synthetic_model_comparison.training.training_pipeline | saved checkpoint: /home/debian/Master-Thesis/scripts/synthetic_model_comparison/training/model_exports/yolo26n-realvisxl-lightning-maxlen-seed43-20260803-021129/last.pt
2026-08-03 02:27:08 INFO  scripts.synthetic_model_comparison.training.training_pipeline | epoch 45/200 done — next lr=0.00891757, epochs_since_improve=0/20
2026-08-03 02:27:08 INFO  scripts.synthetic_model_comparison.training.training_pipeline | epoch 46/200 — train start (lr=0.00891757, batches=15)
2026-08-03 02:27:19 INFO  scripts.synthetic_model_comparison.training.training_pipeline | epoch 46/200 — train done in 11.5s | avg loss_box=1.1180 loss_cls=0.8924 loss_dfl=0.0373 loss_total=124.5544
2026-08-03 02:27:19 INFO  scripts.synthetic_model_comparison.training.evaluation | evaluating on 4 batches
2026-08-03 02:27:25 INFO  scripts.synthetic_model_comparison.training.training_pipeline | epoch 46/200 — val mAP50=0.9045 mAP50_95=0.6586 (selection mAP50_95=0.6586)
2026-08-03 02:27:26 INFO  scripts.synthetic_model_comparison.training.evaluation | mlflow: logged val/mAP50=0.9045 val/mAP50_95=0.6586 (step=45)
2026-08-03 02:27:26 INFO  scripts.synthetic_model_comparison.training.evaluation | mlflow: logged val per-class AP table (12 classes)
2026-08-03 02:27:27 INFO  scripts.synthetic_model_comparison.training.training_pipeline | saved checkpoint: /home/debian/Master-Thesis/scripts/synthetic_model_comparison/training/model_exports/yolo26n-realvisxl-lightning-maxlen-seed43-20260803-021129/best.pt
2026-08-03 02:27:27 INFO  scripts.synthetic_model_comparison.training.training_pipeline | new best mAP50_95=0.6586 at epoch 46
2026-08-03 02:27:27 INFO  scripts.synthetic_model_comparison.training.training_pipeline | saved checkpoint: /home/debian/Master-Thesis/scripts/synthetic_model_comparison/training/model_exports/yolo26n-realvisxl-lightning-maxlen-seed43-20260803-021129/last.pt
2026-08-03 02:27:27 INFO  scripts.synthetic_model_comparison.training.training_pipeline | epoch 46/200 done — next lr=0.00886756, epochs_since_improve=0/20
2026-08-03 02:27:27 INFO  scripts.synthetic_model_comparison.training.training_pipeline | epoch 47/200 — train start (lr=0.00886756, batches=15)
2026-08-03 02:27:38 INFO  scripts.synthetic_model_comparison.training.training_pipeline | step 700 | loss_box=1.2278 loss_cls=0.8134 loss_dfl=0.0381 loss_total=126.7688 lr=0.00883025
2026-08-03 02:27:41 INFO  scripts.synthetic_model_comparison.training.training_pipeline | epoch 47/200 — train done in 14.0s | avg loss_box=1.1789 loss_cls=0.8578 loss_dfl=0.0384 loss_total=125.6299
2026-08-03 02:27:41 INFO  scripts.synthetic_model_comparison.training.evaluation | evaluating on 4 batches
2026-08-03 02:27:49 INFO  scripts.synthetic_model_comparison.training.training_pipeline | epoch 47/200 — val mAP50=0.9145 mAP50_95=0.6484 (selection mAP50_95=0.6484)
2026-08-03 02:27:50 INFO  scripts.synthetic_model_comparison.training.evaluation | mlflow: logged val/mAP50=0.9145 val/mAP50_95=0.6484 (step=46)
2026-08-03 02:27:50 INFO  scripts.synthetic_model_comparison.training.evaluation | mlflow: logged val per-class AP table (12 classes)
2026-08-03 02:27:50 INFO  scripts.synthetic_model_comparison.training.training_pipeline | saved checkpoint: /home/debian/Master-Thesis/scripts/synthetic_model_comparison/training/model_exports/yolo26n-realvisxl-lightning-maxlen-seed43-20260803-021129/last.pt
2026-08-03 02:27:51 INFO  scripts.synthetic_model_comparison.training.training_pipeline | epoch 47/200 done — next lr=0.00881656, epochs_since_improve=1/20
2026-08-03 02:27:51 INFO  scripts.synthetic_model_comparison.training.training_pipeline | epoch 48/200 — train start (lr=0.00881656, batches=15)
2026-08-03 02:28:03 INFO  scripts.synthetic_model_comparison.training.training_pipeline | epoch 48/200 — train done in 12.2s | avg loss_box=1.1441 loss_cls=0.8368 loss_dfl=0.0384 loss_total=124.2869
2026-08-03 02:28:03 INFO  scripts.synthetic_model_comparison.training.evaluation | evaluating on 4 batches
2026-08-03 02:28:09 INFO  scripts.synthetic_model_comparison.training.training_pipeline | epoch 48/200 — val mAP50=0.8349 mAP50_95=0.6094 (selection mAP50_95=0.6094)
2026-08-03 02:28:10 INFO  scripts.synthetic_model_comparison.training.evaluation | mlflow: logged val/mAP50=0.8349 val/mAP50_95=0.6094 (step=47)
2026-08-03 02:28:10 INFO  scripts.synthetic_model_comparison.training.evaluation | mlflow: logged val per-class AP table (12 classes)
2026-08-03 02:28:10 INFO  scripts.synthetic_model_comparison.training.training_pipeline | saved checkpoint: /home/debian/Master-Thesis/scripts/synthetic_model_comparison/training/model_exports/yolo26n-realvisxl-lightning-maxlen-seed43-20260803-021129/last.pt
2026-08-03 02:28:10 INFO  scripts.synthetic_model_comparison.training.training_pipeline | epoch 48/200 done — next lr=0.00876459, epochs_since_improve=2/20
2026-08-03 02:28:10 INFO  scripts.synthetic_model_comparison.training.training_pipeline | epoch 49/200 — train start (lr=0.00876459, batches=15)
2026-08-03 02:28:22 INFO  scripts.synthetic_model_comparison.training.training_pipeline | epoch 49/200 — train done in 12.1s | avg loss_box=1.0908 loss_cls=0.7997 loss_dfl=0.0352 loss_total=117.6348
2026-08-03 02:28:22 INFO  scripts.synthetic_model_comparison.training.evaluation | evaluating on 4 batches
2026-08-03 02:28:30 INFO  scripts.synthetic_model_comparison.training.training_pipeline | epoch 49/200 — val mAP50=0.8818 mAP50_95=0.5844 (selection mAP50_95=0.5844)
2026-08-03 02:28:31 INFO  scripts.synthetic_model_comparison.training.evaluation | mlflow: logged val/mAP50=0.8818 val/mAP50_95=0.5844 (step=48)
2026-08-03 02:28:31 INFO  scripts.synthetic_model_comparison.training.evaluation | mlflow: logged val per-class AP table (12 classes)
2026-08-03 02:28:31 INFO  scripts.synthetic_model_comparison.training.training_pipeline | saved checkpoint: /home/debian/Master-Thesis/scripts/synthetic_model_comparison/training/model_exports/yolo26n-realvisxl-lightning-maxlen-seed43-20260803-021129/last.pt
2026-08-03 02:28:32 INFO  scripts.synthetic_model_comparison.training.training_pipeline | epoch 49/200 done — next lr=0.00871167, epochs_since_improve=3/20
2026-08-03 02:28:32 INFO  scripts.synthetic_model_comparison.training.training_pipeline | epoch 50/200 — train start (lr=0.00871167, batches=15)
2026-08-03 02:28:44 INFO  scripts.synthetic_model_comparison.training.training_pipeline | epoch 50/200 — train done in 12.3s | avg loss_box=1.0520 loss_cls=0.7930 loss_dfl=0.0344 loss_total=115.4852
2026-08-03 02:28:44 INFO  scripts.synthetic_model_comparison.training.evaluation | evaluating on 4 batches
2026-08-03 02:28:50 INFO  scripts.synthetic_model_comparison.training.training_pipeline | epoch 50/200 — val mAP50=0.9188 mAP50_95=0.6632 (selection mAP50_95=0.6632)
2026-08-03 02:28:51 INFO  scripts.synthetic_model_comparison.training.evaluation | mlflow: logged val/mAP50=0.9188 val/mAP50_95=0.6632 (step=49)
2026-08-03 02:28:51 INFO  scripts.synthetic_model_comparison.training.evaluation | mlflow: logged val per-class AP table (12 classes)
2026-08-03 02:28:51 INFO  scripts.synthetic_model_comparison.training.training_pipeline | saved checkpoint: /home/debian/Master-Thesis/scripts/synthetic_model_comparison/training/model_exports/yolo26n-realvisxl-lightning-maxlen-seed43-20260803-021129/best.pt
2026-08-03 02:28:51 INFO  scripts.synthetic_model_comparison.training.training_pipeline | new best mAP50_95=0.6632 at epoch 50
2026-08-03 02:28:51 INFO  scripts.synthetic_model_comparison.training.training_pipeline | saved checkpoint: /home/debian/Master-Thesis/scripts/synthetic_model_comparison/training/model_exports/yolo26n-realvisxl-lightning-maxlen-seed43-20260803-021129/last.pt
2026-08-03 02:28:52 INFO  scripts.synthetic_model_comparison.training.training_pipeline | epoch 50/200 done — next lr=0.00865781, epochs_since_improve=0/20
2026-08-03 02:28:52 INFO  scripts.synthetic_model_comparison.training.training_pipeline | epoch 51/200 — train start (lr=0.00865781, batches=15)
2026-08-03 02:28:58 INFO  scripts.synthetic_model_comparison.training.training_pipeline | step 750 | loss_box=1.0755 loss_cls=0.6612 loss_dfl=0.0378 loss_total=111.3697 lr=0.00865419
2026-08-03 02:29:05 INFO  scripts.synthetic_model_comparison.training.training_pipeline | epoch 51/200 — train done in 13.5s | avg loss_box=1.0698 loss_cls=0.7784 loss_dfl=0.0353 loss_total=116.3055
2026-08-03 02:29:05 INFO  scripts.synthetic_model_comparison.training.evaluation | evaluating on 4 batches
2026-08-03 02:29:13 INFO  scripts.synthetic_model_comparison.training.training_pipeline | epoch 51/200 — val mAP50=0.8917 mAP50_95=0.6399 (selection mAP50_95=0.6399)
2026-08-03 02:29:14 INFO  scripts.synthetic_model_comparison.training.evaluation | mlflow: logged val/mAP50=0.8917 val/mAP50_95=0.6399 (step=50)
2026-08-03 02:29:14 INFO  scripts.synthetic_model_comparison.training.evaluation | mlflow: logged val per-class AP table (12 classes)
2026-08-03 02:29:14 INFO  scripts.synthetic_model_comparison.training.training_pipeline | saved checkpoint: /home/debian/Master-Thesis/scripts/synthetic_model_comparison/training/model_exports/yolo26n-realvisxl-lightning-maxlen-seed43-20260803-021129/last.pt
2026-08-03 02:29:15 INFO  scripts.synthetic_model_comparison.training.training_pipeline | epoch 51/200 done — next lr=0.00860302, epochs_since_improve=1/20
2026-08-03 02:29:15 INFO  scripts.synthetic_model_comparison.training.training_pipeline | epoch 52/200 — train start (lr=0.00860302, batches=15)
2026-08-03 02:29:27 INFO  scripts.synthetic_model_comparison.training.training_pipeline | epoch 52/200 — train done in 12.0s | avg loss_box=1.0431 loss_cls=0.7989 loss_dfl=0.0337 loss_total=114.9014
2026-08-03 02:29:27 INFO  scripts.synthetic_model_comparison.training.evaluation | evaluating on 4 batches
2026-08-03 02:29:33 INFO  scripts.synthetic_model_comparison.training.training_pipeline | epoch 52/200 — val mAP50=0.8945 mAP50_95=0.6791 (selection mAP50_95=0.6791)
2026-08-03 02:29:34 INFO  scripts.synthetic_model_comparison.training.evaluation | mlflow: logged val/mAP50=0.8945 val/mAP50_95=0.6791 (step=51)
2026-08-03 02:29:34 INFO  scripts.synthetic_model_comparison.training.evaluation | mlflow: logged val per-class AP table (12 classes)
2026-08-03 02:29:34 INFO  scripts.synthetic_model_comparison.training.training_pipeline | saved checkpoint: /home/debian/Master-Thesis/scripts/synthetic_model_comparison/training/model_exports/yolo26n-realvisxl-lightning-maxlen-seed43-20260803-021129/best.pt
2026-08-03 02:29:34 INFO  scripts.synthetic_model_comparison.training.training_pipeline | new best mAP50_95=0.6791 at epoch 52
2026-08-03 02:29:34 INFO  scripts.synthetic_model_comparison.training.training_pipeline | saved checkpoint: /home/debian/Master-Thesis/scripts/synthetic_model_comparison/training/model_exports/yolo26n-realvisxl-lightning-maxlen-seed43-20260803-021129/last.pt
2026-08-03 02:29:35 INFO  scripts.synthetic_model_comparison.training.training_pipeline | epoch 52/200 done — next lr=0.00854731, epochs_since_improve=0/20
2026-08-03 02:29:35 INFO  scripts.synthetic_model_comparison.training.training_pipeline | epoch 53/200 — train start (lr=0.00854731, batches=15)
2026-08-03 02:29:47 INFO  scripts.synthetic_model_comparison.training.training_pipeline | epoch 53/200 — train done in 12.4s | avg loss_box=1.0502 loss_cls=0.7658 loss_dfl=0.0335 loss_total=113.4290
2026-08-03 02:29:47 INFO  scripts.synthetic_model_comparison.training.evaluation | evaluating on 4 batches
2026-08-03 02:29:53 INFO  scripts.synthetic_model_comparison.training.training_pipeline | epoch 53/200 — val mAP50=0.8986 mAP50_95=0.6341 (selection mAP50_95=0.6341)
2026-08-03 02:29:54 INFO  scripts.synthetic_model_comparison.training.evaluation | mlflow: logged val/mAP50=0.8986 val/mAP50_95=0.6341 (step=52)
2026-08-03 02:29:54 INFO  scripts.synthetic_model_comparison.training.evaluation | mlflow: logged val per-class AP table (12 classes)
2026-08-03 02:29:54 INFO  scripts.synthetic_model_comparison.training.training_pipeline | saved checkpoint: /home/debian/Master-Thesis/scripts/synthetic_model_comparison/training/model_exports/yolo26n-realvisxl-lightning-maxlen-seed43-20260803-021129/last.pt
2026-08-03 02:29:55 INFO  scripts.synthetic_model_comparison.training.training_pipeline | epoch 53/200 done — next lr=0.0084907, epochs_since_improve=1/20
2026-08-03 02:29:55 INFO  scripts.synthetic_model_comparison.training.training_pipeline | epoch 54/200 — train start (lr=0.0084907, batches=15)
2026-08-03 02:30:03 INFO  scripts.synthetic_model_comparison.training.training_pipeline | step 800 | loss_box=1.0771 loss_cls=0.8185 loss_dfl=0.0343 loss_total=117.9880 lr=0.00846781
2026-08-03 02:30:08 INFO  scripts.synthetic_model_comparison.training.training_pipeline | epoch 54/200 — train done in 13.8s | avg loss_box=1.0803 loss_cls=0.7470 loss_dfl=0.0356 loss_total=114.8573
2026-08-03 02:30:08 INFO  scripts.synthetic_model_comparison.training.evaluation | evaluating on 4 batches
2026-08-03 02:30:16 INFO  scripts.synthetic_model_comparison.training.training_pipeline | epoch 54/200 — val mAP50=0.8609 mAP50_95=0.5701 (selection mAP50_95=0.5701)
2026-08-03 02:30:17 INFO  scripts.synthetic_model_comparison.training.evaluation | mlflow: logged val/mAP50=0.8609 val/mAP50_95=0.5701 (step=53)
2026-08-03 02:30:17 INFO  scripts.synthetic_model_comparison.training.evaluation | mlflow: logged val per-class AP table (12 classes)
2026-08-03 02:30:18 INFO  scripts.synthetic_model_comparison.training.training_pipeline | saved checkpoint: /home/debian/Master-Thesis/scripts/synthetic_model_comparison/training/model_exports/yolo26n-realvisxl-lightning-maxlen-seed43-20260803-021129/last.pt
2026-08-03 02:30:18 INFO  scripts.synthetic_model_comparison.training.training_pipeline | epoch 54/200 done — next lr=0.00843321, epochs_since_improve=2/20
2026-08-03 02:30:18 INFO  scripts.synthetic_model_comparison.training.training_pipeline | epoch 55/200 — train start (lr=0.00843321, batches=15)
2026-08-03 02:30:31 INFO  scripts.synthetic_model_comparison.training.training_pipeline | epoch 55/200 — train done in 12.6s | avg loss_box=1.0485 loss_cls=0.7359 loss_dfl=0.0336 loss_total=112.6326
2026-08-03 02:30:31 INFO  scripts.synthetic_model_comparison.training.evaluation | evaluating on 4 batches
2026-08-03 02:30:37 INFO  scripts.synthetic_model_comparison.training.training_pipeline | epoch 55/200 — val mAP50=0.9050 mAP50_95=0.6405 (selection mAP50_95=0.6405)
2026-08-03 02:30:37 INFO  scripts.synthetic_model_comparison.training.evaluation | mlflow: logged val/mAP50=0.9050 val/mAP50_95=0.6405 (step=54)
2026-08-03 02:30:38 INFO  scripts.synthetic_model_comparison.training.evaluation | mlflow: logged val per-class AP table (12 classes)
2026-08-03 02:30:38 INFO  scripts.synthetic_model_comparison.training.training_pipeline | saved checkpoint: /home/debian/Master-Thesis/scripts/synthetic_model_comparison/training/model_exports/yolo26n-realvisxl-lightning-maxlen-seed43-20260803-021129/last.pt
2026-08-03 02:30:38 INFO  scripts.synthetic_model_comparison.training.training_pipeline | epoch 55/200 done — next lr=0.00837484, epochs_since_improve=3/20
2026-08-03 02:30:38 INFO  scripts.synthetic_model_comparison.training.training_pipeline | epoch 56/200 — train start (lr=0.00837484, batches=15)
2026-08-03 02:30:50 INFO  scripts.synthetic_model_comparison.training.training_pipeline | epoch 56/200 — train done in 11.6s | avg loss_box=0.9950 loss_cls=0.7153 loss_dfl=0.0319 loss_total=107.1862
2026-08-03 02:30:50 INFO  scripts.synthetic_model_comparison.training.evaluation | evaluating on 4 batches
2026-08-03 02:30:56 INFO  scripts.synthetic_model_comparison.training.training_pipeline | epoch 56/200 — val mAP50=0.8982 mAP50_95=0.5946 (selection mAP50_95=0.5946)
2026-08-03 02:30:57 INFO  scripts.synthetic_model_comparison.training.evaluation | mlflow: logged val/mAP50=0.8982 val/mAP50_95=0.5946 (step=55)
2026-08-03 02:30:57 INFO  scripts.synthetic_model_comparison.training.evaluation | mlflow: logged val per-class AP table (12 classes)
2026-08-03 02:30:57 INFO  scripts.synthetic_model_comparison.training.training_pipeline | saved checkpoint: /home/debian/Master-Thesis/scripts/synthetic_model_comparison/training/model_exports/yolo26n-realvisxl-lightning-maxlen-seed43-20260803-021129/last.pt
2026-08-03 02:30:57 INFO  scripts.synthetic_model_comparison.training.training_pipeline | epoch 56/200 done — next lr=0.00831562, epochs_since_improve=4/20
2026-08-03 02:30:57 INFO  scripts.synthetic_model_comparison.training.training_pipeline | epoch 57/200 — train start (lr=0.00831562, batches=15)
2026-08-03 02:31:08 INFO  scripts.synthetic_model_comparison.training.training_pipeline | step 850 | loss_box=1.0744 loss_cls=0.7310 loss_dfl=0.0327 loss_total=117.2405 lr=0.00827165
2026-08-03 02:31:11 INFO  scripts.synthetic_model_comparison.training.training_pipeline | epoch 57/200 — train done in 13.4s | avg loss_box=1.0350 loss_cls=0.7265 loss_dfl=0.0335 loss_total=111.5281
2026-08-03 02:31:11 INFO  scripts.synthetic_model_comparison.training.evaluation | evaluating on 4 batches
2026-08-03 02:31:17 INFO  scripts.synthetic_model_comparison.training.training_pipeline | epoch 57/200 — val mAP50=0.8992 mAP50_95=0.5760 (selection mAP50_95=0.5760)
2026-08-03 02:31:18 INFO  scripts.synthetic_model_comparison.training.evaluation | mlflow: logged val/mAP50=0.8992 val/mAP50_95=0.5760 (step=56)
2026-08-03 02:31:18 INFO  scripts.synthetic_model_comparison.training.evaluation | mlflow: logged val per-class AP table (12 classes)
2026-08-03 02:31:18 INFO  scripts.synthetic_model_comparison.training.training_pipeline | saved checkpoint: /home/debian/Master-Thesis/scripts/synthetic_model_comparison/training/model_exports/yolo26n-realvisxl-lightning-maxlen-seed43-20260803-021129/last.pt
2026-08-03 02:31:18 INFO  scripts.synthetic_model_comparison.training.training_pipeline | epoch 57/200 done — next lr=0.00825555, epochs_since_improve=5/20
2026-08-03 02:31:18 INFO  scripts.synthetic_model_comparison.training.training_pipeline | epoch 58/200 — train start (lr=0.00825555, batches=15)
2026-08-03 02:31:30 INFO  scripts.synthetic_model_comparison.training.training_pipeline | epoch 58/200 — train done in 12.0s | avg loss_box=1.0581 loss_cls=0.6905 loss_dfl=0.0345 loss_total=110.3470
2026-08-03 02:31:30 INFO  scripts.synthetic_model_comparison.training.evaluation | evaluating on 4 batches
2026-08-03 02:31:38 INFO  scripts.synthetic_model_comparison.training.training_pipeline | epoch 58/200 — val mAP50=0.8340 mAP50_95=0.4816 (selection mAP50_95=0.4816)
2026-08-03 02:31:39 INFO  scripts.synthetic_model_comparison.training.evaluation | mlflow: logged val/mAP50=0.8340 val/mAP50_95=0.4816 (step=57)
2026-08-03 02:31:39 INFO  scripts.synthetic_model_comparison.training.evaluation | mlflow: logged val per-class AP table (12 classes)
2026-08-03 02:31:40 INFO  scripts.synthetic_model_comparison.training.training_pipeline | saved checkpoint: /home/debian/Master-Thesis/scripts/synthetic_model_comparison/training/model_exports/yolo26n-realvisxl-lightning-maxlen-seed43-20260803-021129/last.pt
2026-08-03 02:31:40 INFO  scripts.synthetic_model_comparison.training.training_pipeline | epoch 58/200 done — next lr=0.00819466, epochs_since_improve=6/20
2026-08-03 02:31:40 INFO  scripts.synthetic_model_comparison.training.training_pipeline | epoch 59/200 — train start (lr=0.00819466, batches=15)
2026-08-03 02:31:52 INFO  scripts.synthetic_model_comparison.training.training_pipeline | epoch 59/200 — train done in 12.0s | avg loss_box=0.9400 loss_cls=0.6549 loss_dfl=0.0303 loss_total=101.8507
2026-08-03 02:31:52 INFO  scripts.synthetic_model_comparison.training.evaluation | evaluating on 4 batches
2026-08-03 02:31:58 INFO  scripts.synthetic_model_comparison.training.training_pipeline | epoch 59/200 — val mAP50=0.8848 mAP50_95=0.5594 (selection mAP50_95=0.5594)
2026-08-03 02:31:59 INFO  scripts.synthetic_model_comparison.training.evaluation | mlflow: logged val/mAP50=0.8848 val/mAP50_95=0.5594 (step=58)
2026-08-03 02:31:59 INFO  scripts.synthetic_model_comparison.training.evaluation | mlflow: logged val per-class AP table (12 classes)
2026-08-03 02:31:59 INFO  scripts.synthetic_model_comparison.training.training_pipeline | saved checkpoint: /home/debian/Master-Thesis/scripts/synthetic_model_comparison/training/model_exports/yolo26n-realvisxl-lightning-maxlen-seed43-20260803-021129/last.pt
2026-08-03 02:32:00 INFO  scripts.synthetic_model_comparison.training.training_pipeline | epoch 59/200 done — next lr=0.00813295, epochs_since_improve=7/20
2026-08-03 02:32:00 INFO  scripts.synthetic_model_comparison.training.training_pipeline | epoch 60/200 — train start (lr=0.00813295, batches=15)
2026-08-03 02:32:12 INFO  scripts.synthetic_model_comparison.training.training_pipeline | epoch 60/200 — train done in 12.0s | avg loss_box=0.9760 loss_cls=0.6567 loss_dfl=0.0313 loss_total=104.0955
2026-08-03 02:32:12 INFO  scripts.synthetic_model_comparison.training.evaluation | evaluating on 4 batches
2026-08-03 02:32:19 INFO  scripts.synthetic_model_comparison.training.training_pipeline | epoch 60/200 — val mAP50=0.9123 mAP50_95=0.6681 (selection mAP50_95=0.6681)
2026-08-03 02:32:20 INFO  scripts.synthetic_model_comparison.training.evaluation | mlflow: logged val/mAP50=0.9123 val/mAP50_95=0.6681 (step=59)
2026-08-03 02:32:20 INFO  scripts.synthetic_model_comparison.training.evaluation | mlflow: logged val per-class AP table (12 classes)
2026-08-03 02:32:21 INFO  scripts.synthetic_model_comparison.training.training_pipeline | saved checkpoint: /home/debian/Master-Thesis/scripts/synthetic_model_comparison/training/model_exports/yolo26n-realvisxl-lightning-maxlen-seed43-20260803-021129/last.pt
2026-08-03 02:32:21 INFO  scripts.synthetic_model_comparison.training.training_pipeline | epoch 60/200 done — next lr=0.00807046, epochs_since_improve=8/20
2026-08-03 02:32:21 INFO  scripts.synthetic_model_comparison.training.training_pipeline | epoch 61/200 — train start (lr=0.00807046, batches=15)
2026-08-03 02:32:26 INFO  scripts.synthetic_model_comparison.training.training_pipeline | step 900 | loss_box=0.8277 loss_cls=0.6767 loss_dfl=0.0250 loss_total=98.6423 lr=0.00806626
2026-08-03 02:32:34 INFO  scripts.synthetic_model_comparison.training.training_pipeline | epoch 61/200 — train done in 12.8s | avg loss_box=0.9738 loss_cls=0.6508 loss_dfl=0.0316 loss_total=103.6607
2026-08-03 02:32:34 INFO  scripts.synthetic_model_comparison.training.evaluation | evaluating on 4 batches
2026-08-03 02:32:40 INFO  scripts.synthetic_model_comparison.training.training_pipeline | epoch 61/200 — val mAP50=0.9269 mAP50_95=0.7206 (selection mAP50_95=0.7206)
2026-08-03 02:32:40 INFO  scripts.synthetic_model_comparison.training.evaluation | mlflow: logged val/mAP50=0.9269 val/mAP50_95=0.7206 (step=60)
2026-08-03 02:32:41 INFO  scripts.synthetic_model_comparison.training.evaluation | mlflow: logged val per-class AP table (12 classes)
2026-08-03 02:32:41 INFO  scripts.synthetic_model_comparison.training.training_pipeline | saved checkpoint: /home/debian/Master-Thesis/scripts/synthetic_model_comparison/training/model_exports/yolo26n-realvisxl-lightning-maxlen-seed43-20260803-021129/best.pt
2026-08-03 02:32:41 INFO  scripts.synthetic_model_comparison.training.training_pipeline | new best mAP50_95=0.7206 at epoch 61
2026-08-03 02:32:41 INFO  scripts.synthetic_model_comparison.training.training_pipeline | saved checkpoint: /home/debian/Master-Thesis/scripts/synthetic_model_comparison/training/model_exports/yolo26n-realvisxl-lightning-maxlen-seed43-20260803-021129/last.pt
2026-08-03 02:32:41 INFO  scripts.synthetic_model_comparison.training.training_pipeline | epoch 61/200 done — next lr=0.00800718, epochs_since_improve=0/20
2026-08-03 02:32:41 INFO  scripts.synthetic_model_comparison.training.training_pipeline | epoch 62/200 — train start (lr=0.00800718, batches=15)
2026-08-03 02:32:54 INFO  scripts.synthetic_model_comparison.training.training_pipeline | epoch 62/200 — train done in 12.2s | avg loss_box=0.9472 loss_cls=0.6481 loss_dfl=0.0311 loss_total=101.0850
2026-08-03 02:32:54 INFO  scripts.synthetic_model_comparison.training.evaluation | evaluating on 4 batches
2026-08-03 02:33:02 INFO  scripts.synthetic_model_comparison.training.training_pipeline | epoch 62/200 — val mAP50=0.9247 mAP50_95=0.6571 (selection mAP50_95=0.6571)
2026-08-03 02:33:02 INFO  scripts.synthetic_model_comparison.training.evaluation | mlflow: logged val/mAP50=0.9247 val/mAP50_95=0.6571 (step=61)
2026-08-03 02:33:03 INFO  scripts.synthetic_model_comparison.training.evaluation | mlflow: logged val per-class AP table (12 classes)
2026-08-03 02:33:03 INFO  scripts.synthetic_model_comparison.training.training_pipeline | saved checkpoint: /home/debian/Master-Thesis/scripts/synthetic_model_comparison/training/model_exports/yolo26n-realvisxl-lightning-maxlen-seed43-20260803-021129/last.pt
2026-08-03 02:33:03 INFO  scripts.synthetic_model_comparison.training.training_pipeline | epoch 62/200 done — next lr=0.00794314, epochs_since_improve=1/20
2026-08-03 02:33:03 INFO  scripts.synthetic_model_comparison.training.training_pipeline | epoch 63/200 — train start (lr=0.00794314, batches=15)
2026-08-03 02:33:16 INFO  scripts.synthetic_model_comparison.training.training_pipeline | epoch 63/200 — train done in 12.5s | avg loss_box=0.9566 loss_cls=0.6326 loss_dfl=0.0305 loss_total=101.0111
2026-08-03 02:33:16 INFO  scripts.synthetic_model_comparison.training.evaluation | evaluating on 4 batches
2026-08-03 02:33:24 INFO  scripts.synthetic_model_comparison.training.training_pipeline | epoch 63/200 — val mAP50=0.9287 mAP50_95=0.7336 (selection mAP50_95=0.7336)
2026-08-03 02:33:24 INFO  scripts.synthetic_model_comparison.training.evaluation | mlflow: logged val/mAP50=0.9287 val/mAP50_95=0.7336 (step=62)
2026-08-03 02:33:25 INFO  scripts.synthetic_model_comparison.training.evaluation | mlflow: logged val per-class AP table (12 classes)
2026-08-03 02:33:25 INFO  scripts.synthetic_model_comparison.training.training_pipeline | saved checkpoint: /home/debian/Master-Thesis/scripts/synthetic_model_comparison/training/model_exports/yolo26n-realvisxl-lightning-maxlen-seed43-20260803-021129/best.pt
2026-08-03 02:33:25 INFO  scripts.synthetic_model_comparison.training.training_pipeline | new best mAP50_95=0.7336 at epoch 63
2026-08-03 02:33:25 INFO  scripts.synthetic_model_comparison.training.training_pipeline | saved checkpoint: /home/debian/Master-Thesis/scripts/synthetic_model_comparison/training/model_exports/yolo26n-realvisxl-lightning-maxlen-seed43-20260803-021129/last.pt
2026-08-03 02:33:25 INFO  scripts.synthetic_model_comparison.training.training_pipeline | epoch 63/200 done — next lr=0.00787835, epochs_since_improve=0/20
2026-08-03 02:33:25 INFO  scripts.synthetic_model_comparison.training.training_pipeline | epoch 64/200 — train start (lr=0.00787835, batches=15)
2026-08-03 02:33:34 INFO  scripts.synthetic_model_comparison.training.training_pipeline | step 950 | loss_box=1.0150 loss_cls=0.7301 loss_dfl=0.0305 loss_total=108.0009 lr=0.00785222
2026-08-03 02:33:40 INFO  scripts.synthetic_model_comparison.training.training_pipeline | epoch 64/200 — train done in 14.3s | avg loss_box=0.9806 loss_cls=0.6498 loss_dfl=0.0312 loss_total=103.8974
2026-08-03 02:33:40 INFO  scripts.synthetic_model_comparison.training.evaluation | evaluating on 4 batches
2026-08-03 02:33:46 INFO  scripts.synthetic_model_comparison.training.training_pipeline | epoch 64/200 — val mAP50=0.9288 mAP50_95=0.7022 (selection mAP50_95=0.7022)
2026-08-03 02:33:47 INFO  scripts.synthetic_model_comparison.training.evaluation | mlflow: logged val/mAP50=0.9288 val/mAP50_95=0.7022 (step=63)
2026-08-03 02:33:47 INFO  scripts.synthetic_model_comparison.training.evaluation | mlflow: logged val per-class AP table (12 classes)
2026-08-03 02:33:47 INFO  scripts.synthetic_model_comparison.training.training_pipeline | saved checkpoint: /home/debian/Master-Thesis/scripts/synthetic_model_comparison/training/model_exports/yolo26n-realvisxl-lightning-maxlen-seed43-20260803-021129/last.pt
2026-08-03 02:33:47 INFO  scripts.synthetic_model_comparison.training.training_pipeline | epoch 64/200 done — next lr=0.00781283, epochs_since_improve=1/20
2026-08-03 02:33:48 INFO  scripts.synthetic_model_comparison.training.training_pipeline | epoch 65/200 — train start (lr=0.00781283, batches=15)
2026-08-03 02:34:00 INFO  scripts.synthetic_model_comparison.training.training_pipeline | epoch 65/200 — train done in 12.2s | avg loss_box=0.9307 loss_cls=0.6331 loss_dfl=0.0302 loss_total=99.9344
2026-08-03 02:34:00 INFO  scripts.synthetic_model_comparison.training.evaluation | evaluating on 4 batches
2026-08-03 02:34:08 INFO  scripts.synthetic_model_comparison.training.training_pipeline | epoch 65/200 — val mAP50=0.8897 mAP50_95=0.6172 (selection mAP50_95=0.6172)
2026-08-03 02:34:08 INFO  scripts.synthetic_model_comparison.training.evaluation | mlflow: logged val/mAP50=0.8897 val/mAP50_95=0.6172 (step=64)
2026-08-03 02:34:09 INFO  scripts.synthetic_model_comparison.training.evaluation | mlflow: logged val per-class AP table (12 classes)
2026-08-03 02:34:09 INFO  scripts.synthetic_model_comparison.training.training_pipeline | saved checkpoint: /home/debian/Master-Thesis/scripts/synthetic_model_comparison/training/model_exports/yolo26n-realvisxl-lightning-maxlen-seed43-20260803-021129/last.pt
2026-08-03 02:34:09 INFO  scripts.synthetic_model_comparison.training.training_pipeline | epoch 65/200 done — next lr=0.00774659, epochs_since_improve=2/20
2026-08-03 02:34:09 INFO  scripts.synthetic_model_comparison.training.training_pipeline | epoch 66/200 — train start (lr=0.00774659, batches=15)
2026-08-03 02:34:22 INFO  scripts.synthetic_model_comparison.training.training_pipeline | epoch 66/200 — train done in 12.4s | avg loss_box=0.9330 loss_cls=0.6260 loss_dfl=0.0294 loss_total=98.9438
2026-08-03 02:34:22 INFO  scripts.synthetic_model_comparison.training.evaluation | evaluating on 4 batches
2026-08-03 02:34:29 INFO  scripts.synthetic_model_comparison.training.training_pipeline | epoch 66/200 — val mAP50=0.9257 mAP50_95=0.6609 (selection mAP50_95=0.6609)
2026-08-03 02:34:30 INFO  scripts.synthetic_model_comparison.training.evaluation | mlflow: logged val/mAP50=0.9257 val/mAP50_95=0.6609 (step=65)
2026-08-03 02:34:30 INFO  scripts.synthetic_model_comparison.training.evaluation | mlflow: logged val per-class AP table (12 classes)
2026-08-03 02:34:30 INFO  scripts.synthetic_model_comparison.training.training_pipeline | saved checkpoint: /home/debian/Master-Thesis/scripts/synthetic_model_comparison/training/model_exports/yolo26n-realvisxl-lightning-maxlen-seed43-20260803-021129/last.pt
2026-08-03 02:34:31 INFO  scripts.synthetic_model_comparison.training.training_pipeline | epoch 66/200 done — next lr=0.00767966, epochs_since_improve=3/20
2026-08-03 02:34:31 INFO  scripts.synthetic_model_comparison.training.training_pipeline | epoch 67/200 — train start (lr=0.00767966, batches=15)
2026-08-03 02:34:42 INFO  scripts.synthetic_model_comparison.training.training_pipeline | step 1000 | loss_box=0.9636 loss_cls=0.5924 loss_dfl=0.0301 loss_total=97.7311 lr=0.00763015
2026-08-03 02:34:45 INFO  scripts.synthetic_model_comparison.training.training_pipeline | epoch 67/200 — train done in 14.1s | avg loss_box=0.9306 loss_cls=0.6179 loss_dfl=0.0299 loss_total=97.8718
2026-08-03 02:34:45 INFO  scripts.synthetic_model_comparison.training.evaluation | evaluating on 4 batches
2026-08-03 02:34:53 INFO  scripts.synthetic_model_comparison.training.training_pipeline | epoch 67/200 — val mAP50=0.8992 mAP50_95=0.6597 (selection mAP50_95=0.6597)
2026-08-03 02:34:54 INFO  scripts.synthetic_model_comparison.training.evaluation | mlflow: logged val/mAP50=0.8992 val/mAP50_95=0.6597 (step=66)
2026-08-03 02:34:54 INFO  scripts.synthetic_model_comparison.training.evaluation | mlflow: logged val per-class AP table (12 classes)
2026-08-03 02:34:54 INFO  scripts.synthetic_model_comparison.training.training_pipeline | saved checkpoint: /home/debian/Master-Thesis/scripts/synthetic_model_comparison/training/model_exports/yolo26n-realvisxl-lightning-maxlen-seed43-20260803-021129/last.pt
2026-08-03 02:34:55 INFO  scripts.synthetic_model_comparison.training.training_pipeline | epoch 67/200 done — next lr=0.00761205, epochs_since_improve=4/20
2026-08-03 02:34:55 INFO  scripts.synthetic_model_comparison.training.training_pipeline | epoch 68/200 — train start (lr=0.00761205, batches=15)
2026-08-03 02:35:07 INFO  scripts.synthetic_model_comparison.training.training_pipeline | epoch 68/200 — train done in 12.9s | avg loss_box=0.8814 loss_cls=0.5998 loss_dfl=0.0277 loss_total=94.4495
2026-08-03 02:35:07 INFO  scripts.synthetic_model_comparison.training.evaluation | evaluating on 4 batches
2026-08-03 02:35:15 INFO  scripts.synthetic_model_comparison.training.training_pipeline | epoch 68/200 — val mAP50=0.9104 mAP50_95=0.6629 (selection mAP50_95=0.6629)
2026-08-03 02:35:16 INFO  scripts.synthetic_model_comparison.training.evaluation | mlflow: logged val/mAP50=0.9104 val/mAP50_95=0.6629 (step=67)
2026-08-03 02:35:16 INFO  scripts.synthetic_model_comparison.training.evaluation | mlflow: logged val per-class AP table (12 classes)
2026-08-03 02:35:17 INFO  scripts.synthetic_model_comparison.training.training_pipeline | saved checkpoint: /home/debian/Master-Thesis/scripts/synthetic_model_comparison/training/model_exports/yolo26n-realvisxl-lightning-maxlen-seed43-20260803-021129/last.pt
2026-08-03 02:35:17 INFO  scripts.synthetic_model_comparison.training.training_pipeline | epoch 68/200 done — next lr=0.00754378, epochs_since_improve=5/20
2026-08-03 02:35:17 INFO  scripts.synthetic_model_comparison.training.training_pipeline | epoch 69/200 — train start (lr=0.00754378, batches=15)
2026-08-03 02:35:30 INFO  scripts.synthetic_model_comparison.training.training_pipeline | epoch 69/200 — train done in 12.6s | avg loss_box=0.9116 loss_cls=0.6177 loss_dfl=0.0295 loss_total=96.9953
2026-08-03 02:35:30 INFO  scripts.synthetic_model_comparison.training.evaluation | evaluating on 4 batches
2026-08-03 02:35:36 INFO  scripts.synthetic_model_comparison.training.training_pipeline | epoch 69/200 — val mAP50=0.9224 mAP50_95=0.6837 (selection mAP50_95=0.6837)
2026-08-03 02:35:36 INFO  scripts.synthetic_model_comparison.training.evaluation | mlflow: logged val/mAP50=0.9224 val/mAP50_95=0.6837 (step=68)
2026-08-03 02:35:37 INFO  scripts.synthetic_model_comparison.training.evaluation | mlflow: logged val per-class AP table (12 classes)
2026-08-03 02:35:37 INFO  scripts.synthetic_model_comparison.training.training_pipeline | saved checkpoint: /home/debian/Master-Thesis/scripts/synthetic_model_comparison/training/model_exports/yolo26n-realvisxl-lightning-maxlen-seed43-20260803-021129/last.pt
2026-08-03 02:35:37 INFO  scripts.synthetic_model_comparison.training.training_pipeline | epoch 69/200 done — next lr=0.00747486, epochs_since_improve=6/20
2026-08-03 02:35:37 INFO  scripts.synthetic_model_comparison.training.training_pipeline | epoch 70/200 — train start (lr=0.00747486, batches=15)
2026-08-03 02:35:49 INFO  scripts.synthetic_model_comparison.training.training_pipeline | epoch 70/200 — train done in 11.9s | avg loss_box=0.8741 loss_cls=0.5783 loss_dfl=0.0282 loss_total=93.1436
2026-08-03 02:35:49 INFO  scripts.synthetic_model_comparison.training.evaluation | evaluating on 4 batches
2026-08-03 02:35:57 INFO  scripts.synthetic_model_comparison.training.training_pipeline | epoch 70/200 — val mAP50=0.9244 mAP50_95=0.7017 (selection mAP50_95=0.7017)
2026-08-03 02:35:58 INFO  scripts.synthetic_model_comparison.training.evaluation | mlflow: logged val/mAP50=0.9244 val/mAP50_95=0.7017 (step=69)
2026-08-03 02:35:58 INFO  scripts.synthetic_model_comparison.training.evaluation | mlflow: logged val per-class AP table (12 classes)
2026-08-03 02:35:58 INFO  scripts.synthetic_model_comparison.training.training_pipeline | saved checkpoint: /home/debian/Master-Thesis/scripts/synthetic_model_comparison/training/model_exports/yolo26n-realvisxl-lightning-maxlen-seed43-20260803-021129/last.pt
2026-08-03 02:35:59 INFO  scripts.synthetic_model_comparison.training.training_pipeline | epoch 70/200 done — next lr=0.00740531, epochs_since_improve=7/20
2026-08-03 02:35:59 INFO  scripts.synthetic_model_comparison.training.training_pipeline | epoch 71/200 — train start (lr=0.00740531, batches=15)
2026-08-03 02:36:05 INFO  scripts.synthetic_model_comparison.training.training_pipeline | step 1050 | loss_box=0.8349 loss_cls=0.5827 loss_dfl=0.0277 loss_total=90.9067 lr=0.00740065
2026-08-03 02:36:13 INFO  scripts.synthetic_model_comparison.training.training_pipeline | epoch 71/200 — train done in 14.2s | avg loss_box=0.8591 loss_cls=0.5720 loss_dfl=0.0269 loss_total=91.5552
2026-08-03 02:36:13 INFO  scripts.synthetic_model_comparison.training.evaluation | evaluating on 4 batches
2026-08-03 02:36:20 INFO  scripts.synthetic_model_comparison.training.training_pipeline | epoch 71/200 — val mAP50=0.9073 mAP50_95=0.6939 (selection mAP50_95=0.6939)
2026-08-03 02:36:21 INFO  scripts.synthetic_model_comparison.training.evaluation | mlflow: logged val/mAP50=0.9073 val/mAP50_95=0.6939 (step=70)
2026-08-03 02:36:21 INFO  scripts.synthetic_model_comparison.training.evaluation | mlflow: logged val per-class AP table (12 classes)
2026-08-03 02:36:22 INFO  scripts.synthetic_model_comparison.training.training_pipeline | saved checkpoint: /home/debian/Master-Thesis/scripts/synthetic_model_comparison/training/model_exports/yolo26n-realvisxl-lightning-maxlen-seed43-20260803-021129/last.pt
2026-08-03 02:36:22 INFO  scripts.synthetic_model_comparison.training.training_pipeline | epoch 71/200 done — next lr=0.00733515, epochs_since_improve=8/20
2026-08-03 02:36:22 INFO  scripts.synthetic_model_comparison.training.training_pipeline | epoch 72/200 — train start (lr=0.00733515, batches=15)
2026-08-03 02:36:34 INFO  scripts.synthetic_model_comparison.training.training_pipeline | epoch 72/200 — train done in 12.2s | avg loss_box=0.8595 loss_cls=0.5640 loss_dfl=0.0282 loss_total=91.1971
2026-08-03 02:36:34 INFO  scripts.synthetic_model_comparison.training.evaluation | evaluating on 4 batches
2026-08-03 02:36:42 INFO  scripts.synthetic_model_comparison.training.training_pipeline | epoch 72/200 — val mAP50=0.9462 mAP50_95=0.7186 (selection mAP50_95=0.7186)
2026-08-03 02:36:43 INFO  scripts.synthetic_model_comparison.training.evaluation | mlflow: logged val/mAP50=0.9462 val/mAP50_95=0.7186 (step=71)
2026-08-03 02:36:43 INFO  scripts.synthetic_model_comparison.training.evaluation | mlflow: logged val per-class AP table (12 classes)
2026-08-03 02:36:44 INFO  scripts.synthetic_model_comparison.training.training_pipeline | saved checkpoint: /home/debian/Master-Thesis/scripts/synthetic_model_comparison/training/model_exports/yolo26n-realvisxl-lightning-maxlen-seed43-20260803-021129/last.pt
2026-08-03 02:36:44 INFO  scripts.synthetic_model_comparison.training.training_pipeline | epoch 72/200 done — next lr=0.0072644, epochs_since_improve=9/20
2026-08-03 02:36:44 INFO  scripts.synthetic_model_comparison.training.training_pipeline | epoch 73/200 — train start (lr=0.0072644, batches=15)
2026-08-03 02:36:56 INFO  scripts.synthetic_model_comparison.training.training_pipeline | epoch 73/200 — train done in 12.2s | avg loss_box=0.8637 loss_cls=0.5598 loss_dfl=0.0277 loss_total=90.9638
2026-08-03 02:36:56 INFO  scripts.synthetic_model_comparison.training.evaluation | evaluating on 4 batches
2026-08-03 02:37:04 INFO  scripts.synthetic_model_comparison.training.training_pipeline | epoch 73/200 — val mAP50=0.9482 mAP50_95=0.7539 (selection mAP50_95=0.7539)
2026-08-03 02:37:05 INFO  scripts.synthetic_model_comparison.training.evaluation | mlflow: logged val/mAP50=0.9482 val/mAP50_95=0.7539 (step=72)
2026-08-03 02:37:05 INFO  scripts.synthetic_model_comparison.training.evaluation | mlflow: logged val per-class AP table (12 classes)
2026-08-03 02:37:05 INFO  scripts.synthetic_model_comparison.training.training_pipeline | saved checkpoint: /home/debian/Master-Thesis/scripts/synthetic_model_comparison/training/model_exports/yolo26n-realvisxl-lightning-maxlen-seed43-20260803-021129/best.pt
2026-08-03 02:37:05 INFO  scripts.synthetic_model_comparison.training.training_pipeline | new best mAP50_95=0.7539 at epoch 73
2026-08-03 02:37:06 INFO  scripts.synthetic_model_comparison.training.training_pipeline | saved checkpoint: /home/debian/Master-Thesis/scripts/synthetic_model_comparison/training/model_exports/yolo26n-realvisxl-lightning-maxlen-seed43-20260803-021129/last.pt
2026-08-03 02:37:06 INFO  scripts.synthetic_model_comparison.training.training_pipeline | epoch 73/200 done — next lr=0.00719307, epochs_since_improve=0/20
2026-08-03 02:37:06 INFO  scripts.synthetic_model_comparison.training.training_pipeline | epoch 74/200 — train start (lr=0.00719307, batches=15)
2026-08-03 02:37:15 INFO  scripts.synthetic_model_comparison.training.training_pipeline | step 1100 | loss_box=0.8813 loss_cls=0.5282 loss_dfl=0.0297 loss_total=93.0775 lr=0.00716439
2026-08-03 02:37:20 INFO  scripts.synthetic_model_comparison.training.training_pipeline | epoch 74/200 — train done in 14.1s | avg loss_box=0.8539 loss_cls=0.5560 loss_dfl=0.0273 loss_total=90.3020
2026-08-03 02:37:20 INFO  scripts.synthetic_model_comparison.training.evaluation | evaluating on 4 batches
2026-08-03 02:37:28 INFO  scripts.synthetic_model_comparison.training.training_pipeline | epoch 74/200 — val mAP50=0.9139 mAP50_95=0.7062 (selection mAP50_95=0.7062)
2026-08-03 02:37:29 INFO  scripts.synthetic_model_comparison.training.evaluation | mlflow: logged val/mAP50=0.9139 val/mAP50_95=0.7062 (step=73)
2026-08-03 02:37:29 INFO  scripts.synthetic_model_comparison.training.evaluation | mlflow: logged val per-class AP table (12 classes)
2026-08-03 02:37:29 INFO  scripts.synthetic_model_comparison.training.training_pipeline | saved checkpoint: /home/debian/Master-Thesis/scripts/synthetic_model_comparison/training/model_exports/yolo26n-realvisxl-lightning-maxlen-seed43-20260803-021129/last.pt
2026-08-03 02:37:30 INFO  scripts.synthetic_model_comparison.training.training_pipeline | epoch 74/200 done — next lr=0.00712119, epochs_since_improve=1/20
2026-08-03 02:37:30 INFO  scripts.synthetic_model_comparison.training.training_pipeline | epoch 75/200 — train start (lr=0.00712119, batches=15)
2026-08-03 02:37:42 INFO  scripts.synthetic_model_comparison.training.training_pipeline | epoch 75/200 — train done in 12.3s | avg loss_box=0.8664 loss_cls=0.5656 loss_dfl=0.0277 loss_total=90.4086
2026-08-03 02:37:42 INFO  scripts.synthetic_model_comparison.training.evaluation | evaluating on 4 batches
2026-08-03 02:37:50 INFO  scripts.synthetic_model_comparison.training.training_pipeline | epoch 75/200 — val mAP50=0.9205 mAP50_95=0.7075 (selection mAP50_95=0.7075)
2026-08-03 02:37:51 INFO  scripts.synthetic_model_comparison.training.evaluation | mlflow: logged val/mAP50=0.9205 val/mAP50_95=0.7075 (step=74)
2026-08-03 02:37:51 INFO  scripts.synthetic_model_comparison.training.evaluation | mlflow: logged val per-class AP table (12 classes)
2026-08-03 02:37:51 INFO  scripts.synthetic_model_comparison.training.training_pipeline | saved checkpoint: /home/debian/Master-Thesis/scripts/synthetic_model_comparison/training/model_exports/yolo26n-realvisxl-lightning-maxlen-seed43-20260803-021129/last.pt
2026-08-03 02:37:51 INFO  scripts.synthetic_model_comparison.training.training_pipeline | epoch 75/200 done — next lr=0.00704877, epochs_since_improve=2/20
2026-08-03 02:37:51 INFO  scripts.synthetic_model_comparison.training.training_pipeline | epoch 76/200 — train start (lr=0.00704877, batches=15)
2026-08-03 02:38:04 INFO  scripts.synthetic_model_comparison.training.training_pipeline | epoch 76/200 — train done in 12.7s | avg loss_box=0.8391 loss_cls=0.5763 loss_dfl=0.0268 loss_total=89.5123
2026-08-03 02:38:04 INFO  scripts.synthetic_model_comparison.training.evaluation | evaluating on 4 batches
2026-08-03 02:38:12 INFO  scripts.synthetic_model_comparison.training.training_pipeline | epoch 76/200 — val mAP50=0.9425 mAP50_95=0.7393 (selection mAP50_95=0.7393)
2026-08-03 02:38:13 INFO  scripts.synthetic_model_comparison.training.evaluation | mlflow: logged val/mAP50=0.9425 val/mAP50_95=0.7393 (step=75)
2026-08-03 02:38:13 INFO  scripts.synthetic_model_comparison.training.evaluation | mlflow: logged val per-class AP table (12 classes)
2026-08-03 02:38:13 INFO  scripts.synthetic_model_comparison.training.training_pipeline | saved checkpoint: /home/debian/Master-Thesis/scripts/synthetic_model_comparison/training/model_exports/yolo26n-realvisxl-lightning-maxlen-seed43-20260803-021129/last.pt
2026-08-03 02:38:13 INFO  scripts.synthetic_model_comparison.training.training_pipeline | epoch 76/200 done — next lr=0.00697583, epochs_since_improve=3/20
2026-08-03 02:38:13 INFO  scripts.synthetic_model_comparison.training.training_pipeline | epoch 77/200 — train start (lr=0.00697583, batches=15)
2026-08-03 02:38:25 INFO  scripts.synthetic_model_comparison.training.training_pipeline | step 1150 | loss_box=0.8909 loss_cls=0.6215 loss_dfl=0.0299 loss_total=93.4729 lr=0.00692202
2026-08-03 02:38:28 INFO  scripts.synthetic_model_comparison.training.training_pipeline | epoch 77/200 — train done in 14.5s | avg loss_box=0.8182 loss_cls=0.5461 loss_dfl=0.0260 loss_total=87.3331
2026-08-03 02:38:28 INFO  scripts.synthetic_model_comparison.training.evaluation | evaluating on 4 batches
2026-08-03 02:38:36 INFO  scripts.synthetic_model_comparison.training.training_pipeline | epoch 77/200 — val mAP50=0.9465 mAP50_95=0.7688 (selection mAP50_95=0.7688)
2026-08-03 02:38:37 INFO  scripts.synthetic_model_comparison.training.evaluation | mlflow: logged val/mAP50=0.9465 val/mAP50_95=0.7688 (step=76)
2026-08-03 02:38:37 INFO  scripts.synthetic_model_comparison.training.evaluation | mlflow: logged val per-class AP table (12 classes)
2026-08-03 02:38:37 INFO  scripts.synthetic_model_comparison.training.training_pipeline | saved checkpoint: /home/debian/Master-Thesis/scripts/synthetic_model_comparison/training/model_exports/yolo26n-realvisxl-lightning-maxlen-seed43-20260803-021129/best.pt
2026-08-03 02:38:37 INFO  scripts.synthetic_model_comparison.training.training_pipeline | new best mAP50_95=0.7688 at epoch 77
2026-08-03 02:38:37 INFO  scripts.synthetic_model_comparison.training.training_pipeline | saved checkpoint: /home/debian/Master-Thesis/scripts/synthetic_model_comparison/training/model_exports/yolo26n-realvisxl-lightning-maxlen-seed43-20260803-021129/last.pt
2026-08-03 02:38:38 INFO  scripts.synthetic_model_comparison.training.training_pipeline | epoch 77/200 done — next lr=0.00690239, epochs_since_improve=0/20
2026-08-03 02:38:38 INFO  scripts.synthetic_model_comparison.training.training_pipeline | epoch 78/200 — train start (lr=0.00690239, batches=15)
2026-08-03 02:38:50 INFO  scripts.synthetic_model_comparison.training.training_pipeline | epoch 78/200 — train done in 12.7s | avg loss_box=0.8276 loss_cls=0.5294 loss_dfl=0.0264 loss_total=86.5222
2026-08-03 02:38:50 INFO  scripts.synthetic_model_comparison.training.evaluation | evaluating on 4 batches
2026-08-03 02:38:58 INFO  scripts.synthetic_model_comparison.training.training_pipeline | epoch 78/200 — val mAP50=0.9270 mAP50_95=0.6930 (selection mAP50_95=0.6930)
2026-08-03 02:38:59 INFO  scripts.synthetic_model_comparison.training.evaluation | mlflow: logged val/mAP50=0.9270 val/mAP50_95=0.6930 (step=77)
2026-08-03 02:38:59 INFO  scripts.synthetic_model_comparison.training.evaluation | mlflow: logged val per-class AP table (12 classes)
2026-08-03 02:39:00 INFO  scripts.synthetic_model_comparison.training.training_pipeline | saved checkpoint: /home/debian/Master-Thesis/scripts/synthetic_model_comparison/training/model_exports/yolo26n-realvisxl-lightning-maxlen-seed43-20260803-021129/last.pt
2026-08-03 02:39:00 INFO  scripts.synthetic_model_comparison.training.training_pipeline | epoch 78/200 done — next lr=0.00682847, epochs_since_improve=1/20
2026-08-03 02:39:00 INFO  scripts.synthetic_model_comparison.training.training_pipeline | epoch 79/200 — train start (lr=0.00682847, batches=15)
2026-08-03 02:39:12 INFO  scripts.synthetic_model_comparison.training.training_pipeline | epoch 79/200 — train done in 12.4s | avg loss_box=0.8102 loss_cls=0.4970 loss_dfl=0.0258 loss_total=84.1039
2026-08-03 02:39:12 INFO  scripts.synthetic_model_comparison.training.evaluation | evaluating on 4 batches
2026-08-03 02:39:20 INFO  scripts.synthetic_model_comparison.training.training_pipeline | epoch 79/200 — val mAP50=0.9450 mAP50_95=0.7541 (selection mAP50_95=0.7541)
2026-08-03 02:39:21 INFO  scripts.synthetic_model_comparison.training.evaluation | mlflow: logged val/mAP50=0.9450 val/mAP50_95=0.7541 (step=78)
2026-08-03 02:39:21 INFO  scripts.synthetic_model_comparison.training.evaluation | mlflow: logged val per-class AP table (12 classes)
2026-08-03 02:39:22 INFO  scripts.synthetic_model_comparison.training.training_pipeline | saved checkpoint: /home/debian/Master-Thesis/scripts/synthetic_model_comparison/training/model_exports/yolo26n-realvisxl-lightning-maxlen-seed43-20260803-021129/last.pt
2026-08-03 02:39:22 INFO  scripts.synthetic_model_comparison.training.training_pipeline | epoch 79/200 done — next lr=0.00675408, epochs_since_improve=2/20
2026-08-03 02:39:22 INFO  scripts.synthetic_model_comparison.training.training_pipeline | epoch 80/200 — train start (lr=0.00675408, batches=15)
2026-08-03 02:39:35 INFO  scripts.synthetic_model_comparison.training.training_pipeline | epoch 80/200 — train done in 12.9s | avg loss_box=0.8069 loss_cls=0.5125 loss_dfl=0.0254 loss_total=84.2254
2026-08-03 02:39:35 INFO  scripts.synthetic_model_comparison.training.evaluation | evaluating on 4 batches
2026-08-03 02:39:42 INFO  scripts.synthetic_model_comparison.training.training_pipeline | epoch 80/200 — val mAP50=0.9387 mAP50_95=0.7538 (selection mAP50_95=0.7538)
2026-08-03 02:39:43 INFO  scripts.synthetic_model_comparison.training.evaluation | mlflow: logged val/mAP50=0.9387 val/mAP50_95=0.7538 (step=79)
2026-08-03 02:39:44 INFO  scripts.synthetic_model_comparison.training.evaluation | mlflow: logged val per-class AP table (12 classes)
2026-08-03 02:39:44 INFO  scripts.synthetic_model_comparison.training.training_pipeline | saved checkpoint: /home/debian/Master-Thesis/scripts/synthetic_model_comparison/training/model_exports/yolo26n-realvisxl-lightning-maxlen-seed43-20260803-021129/last.pt
2026-08-03 02:39:44 INFO  scripts.synthetic_model_comparison.training.training_pipeline | epoch 80/200 done — next lr=0.00667925, epochs_since_improve=3/20
2026-08-03 02:39:44 INFO  scripts.synthetic_model_comparison.training.training_pipeline | epoch 81/200 — train start (lr=0.00667925, batches=15)
2026-08-03 02:39:50 INFO  scripts.synthetic_model_comparison.training.training_pipeline | step 1200 | loss_box=0.8231 loss_cls=0.5118 loss_dfl=0.0256 loss_total=86.0534 lr=0.00667424
2026-08-03 02:39:57 INFO  scripts.synthetic_model_comparison.training.training_pipeline | epoch 81/200 — train done in 13.4s | avg loss_box=0.8317 loss_cls=0.5161 loss_dfl=0.0273 loss_total=85.7574
2026-08-03 02:39:57 INFO  scripts.synthetic_model_comparison.training.evaluation | evaluating on 4 batches
2026-08-03 02:40:05 INFO  scripts.synthetic_model_comparison.training.training_pipeline | epoch 81/200 — val mAP50=0.9465 mAP50_95=0.6900 (selection mAP50_95=0.6900)
2026-08-03 02:40:06 INFO  scripts.synthetic_model_comparison.training.evaluation | mlflow: logged val/mAP50=0.9465 val/mAP50_95=0.6900 (step=80)
2026-08-03 02:40:07 INFO  scripts.synthetic_model_comparison.training.evaluation | mlflow: logged val per-class AP table (12 classes)
2026-08-03 02:40:07 INFO  scripts.synthetic_model_comparison.training.training_pipeline | saved checkpoint: /home/debian/Master-Thesis/scripts/synthetic_model_comparison/training/model_exports/yolo26n-realvisxl-lightning-maxlen-seed43-20260803-021129/last.pt
2026-08-03 02:40:07 INFO  scripts.synthetic_model_comparison.training.training_pipeline | epoch 81/200 done — next lr=0.00660399, epochs_since_improve=4/20
2026-08-03 02:40:07 INFO  scripts.synthetic_model_comparison.training.training_pipeline | epoch 82/200 — train start (lr=0.00660399, batches=15)
2026-08-03 02:40:20 INFO  scripts.synthetic_model_comparison.training.training_pipeline | epoch 82/200 — train done in 12.4s | avg loss_box=0.7854 loss_cls=0.5012 loss_dfl=0.0247 loss_total=82.0045
2026-08-03 02:40:20 INFO  scripts.synthetic_model_comparison.training.evaluation | evaluating on 4 batches
2026-08-03 02:40:27 INFO  scripts.synthetic_model_comparison.training.training_pipeline | epoch 82/200 — val mAP50=0.9325 mAP50_95=0.6709 (selection mAP50_95=0.6709)
2026-08-03 02:40:28 INFO  scripts.synthetic_model_comparison.training.evaluation | mlflow: logged val/mAP50=0.9325 val/mAP50_95=0.6709 (step=81)
2026-08-03 02:40:28 INFO  scripts.synthetic_model_comparison.training.evaluation | mlflow: logged val per-class AP table (12 classes)
2026-08-03 02:40:29 INFO  scripts.synthetic_model_comparison.training.training_pipeline | saved checkpoint: /home/debian/Master-Thesis/scripts/synthetic_model_comparison/training/model_exports/yolo26n-realvisxl-lightning-maxlen-seed43-20260803-021129/last.pt
2026-08-03 02:40:29 INFO  scripts.synthetic_model_comparison.training.training_pipeline | epoch 82/200 done — next lr=0.00652832, epochs_since_improve=5/20
2026-08-03 02:40:29 INFO  scripts.synthetic_model_comparison.training.training_pipeline | epoch 83/200 — train start (lr=0.00652832, batches=15)
2026-08-03 02:40:42 INFO  scripts.synthetic_model_comparison.training.training_pipeline | epoch 83/200 — train done in 12.8s | avg loss_box=0.7878 loss_cls=0.5190 loss_dfl=0.0251 loss_total=83.4211
2026-08-03 02:40:42 INFO  scripts.synthetic_model_comparison.training.evaluation | evaluating on 4 batches
2026-08-03 02:40:50 INFO  scripts.synthetic_model_comparison.training.training_pipeline | epoch 83/200 — val mAP50=0.9445 mAP50_95=0.7784 (selection mAP50_95=0.7784)
2026-08-03 02:40:51 INFO  scripts.synthetic_model_comparison.training.evaluation | mlflow: logged val/mAP50=0.9445 val/mAP50_95=0.7784 (step=82)
2026-08-03 02:40:51 INFO  scripts.synthetic_model_comparison.training.evaluation | mlflow: logged val per-class AP table (12 classes)
2026-08-03 02:40:51 INFO  scripts.synthetic_model_comparison.training.training_pipeline | saved checkpoint: /home/debian/Master-Thesis/scripts/synthetic_model_comparison/training/model_exports/yolo26n-realvisxl-lightning-maxlen-seed43-20260803-021129/best.pt
2026-08-03 02:40:51 INFO  scripts.synthetic_model_comparison.training.training_pipeline | new best mAP50_95=0.7784 at epoch 83
2026-08-03 02:40:51 INFO  scripts.synthetic_model_comparison.training.training_pipeline | saved checkpoint: /home/debian/Master-Thesis/scripts/synthetic_model_comparison/training/model_exports/yolo26n-realvisxl-lightning-maxlen-seed43-20260803-021129/last.pt
2026-08-03 02:40:52 INFO  scripts.synthetic_model_comparison.training.training_pipeline | epoch 83/200 done — next lr=0.00645227, epochs_since_improve=0/20
2026-08-03 02:40:52 INFO  scripts.synthetic_model_comparison.training.training_pipeline | epoch 84/200 — train start (lr=0.00645227, batches=15)
2026-08-03 02:41:01 INFO  scripts.synthetic_model_comparison.training.training_pipeline | step 1250 | loss_box=0.7438 loss_cls=0.4463 loss_dfl=0.0231 loss_total=79.8624 lr=0.00642175
2026-08-03 02:41:06 INFO  scripts.synthetic_model_comparison.training.training_pipeline | epoch 84/200 — train done in 14.8s | avg loss_box=0.7746 loss_cls=0.5131 loss_dfl=0.0246 loss_total=82.3987
2026-08-03 02:41:06 INFO  scripts.synthetic_model_comparison.training.evaluation | evaluating on 4 batches
2026-08-03 02:41:14 INFO  scripts.synthetic_model_comparison.training.training_pipeline | epoch 84/200 — val mAP50=0.9214 mAP50_95=0.7397 (selection mAP50_95=0.7397)
2026-08-03 02:41:15 INFO  scripts.synthetic_model_comparison.training.evaluation | mlflow: logged val/mAP50=0.9214 val/mAP50_95=0.7397 (step=83)
2026-08-03 02:41:15 INFO  scripts.synthetic_model_comparison.training.evaluation | mlflow: logged val per-class AP table (12 classes)
2026-08-03 02:41:15 INFO  scripts.synthetic_model_comparison.training.training_pipeline | saved checkpoint: /home/debian/Master-Thesis/scripts/synthetic_model_comparison/training/model_exports/yolo26n-realvisxl-lightning-maxlen-seed43-20260803-021129/last.pt
2026-08-03 02:41:16 INFO  scripts.synthetic_model_comparison.training.training_pipeline | epoch 84/200 done — next lr=0.00637585, epochs_since_improve=1/20
2026-08-03 02:41:16 INFO  scripts.synthetic_model_comparison.training.training_pipeline | epoch 85/200 — train start (lr=0.00637585, batches=15)
2026-08-03 02:41:27 INFO  scripts.synthetic_model_comparison.training.training_pipeline | epoch 85/200 — train done in 11.8s | avg loss_box=0.7869 loss_cls=0.4862 loss_dfl=0.0248 loss_total=81.4817
2026-08-03 02:41:27 INFO  scripts.synthetic_model_comparison.training.evaluation | evaluating on 4 batches
2026-08-03 02:41:35 INFO  scripts.synthetic_model_comparison.training.training_pipeline | epoch 85/200 — val mAP50=0.9207 mAP50_95=0.7340 (selection mAP50_95=0.7340)
2026-08-03 02:41:36 INFO  scripts.synthetic_model_comparison.training.evaluation | mlflow: logged val/mAP50=0.9207 val/mAP50_95=0.7340 (step=84)
2026-08-03 02:41:37 INFO  scripts.synthetic_model_comparison.training.evaluation | mlflow: logged val per-class AP table (12 classes)
2026-08-03 02:41:37 INFO  scripts.synthetic_model_comparison.training.training_pipeline | saved checkpoint: /home/debian/Master-Thesis/scripts/synthetic_model_comparison/training/model_exports/yolo26n-realvisxl-lightning-maxlen-seed43-20260803-021129/last.pt
2026-08-03 02:41:37 INFO  scripts.synthetic_model_comparison.training.training_pipeline | epoch 85/200 done — next lr=0.00629908, epochs_since_improve=2/20
2026-08-03 02:41:37 INFO  scripts.synthetic_model_comparison.training.training_pipeline | epoch 86/200 — train start (lr=0.00629908, batches=15)
2026-08-03 02:41:50 INFO  scripts.synthetic_model_comparison.training.training_pipeline | epoch 86/200 — train done in 12.8s | avg loss_box=0.7721 loss_cls=0.5059 loss_dfl=0.0245 loss_total=81.1528
2026-08-03 02:41:50 INFO  scripts.synthetic_model_comparison.training.evaluation | evaluating on 4 batches
2026-08-03 02:41:58 INFO  scripts.synthetic_model_comparison.training.training_pipeline | epoch 86/200 — val mAP50=0.9492 mAP50_95=0.7677 (selection mAP50_95=0.7677)
2026-08-03 02:41:59 INFO  scripts.synthetic_model_comparison.training.evaluation | mlflow: logged val/mAP50=0.9492 val/mAP50_95=0.7677 (step=85)
2026-08-03 02:41:59 INFO  scripts.synthetic_model_comparison.training.evaluation | mlflow: logged val per-class AP table (12 classes)
2026-08-03 02:41:59 INFO  scripts.synthetic_model_comparison.training.training_pipeline | saved checkpoint: /home/debian/Master-Thesis/scripts/synthetic_model_comparison/training/model_exports/yolo26n-realvisxl-lightning-maxlen-seed43-20260803-021129/last.pt
2026-08-03 02:41:59 INFO  scripts.synthetic_model_comparison.training.training_pipeline | epoch 86/200 done — next lr=0.00622199, epochs_since_improve=3/20
2026-08-03 02:41:59 INFO  scripts.synthetic_model_comparison.training.training_pipeline | epoch 87/200 — train start (lr=0.00622199, batches=15)
2026-08-03 02:42:11 INFO  scripts.synthetic_model_comparison.training.training_pipeline | step 1300 | loss_box=0.6528 loss_cls=0.4111 loss_dfl=0.0212 loss_total=70.9225 lr=0.00616525
2026-08-03 02:42:14 INFO  scripts.synthetic_model_comparison.training.training_pipeline | epoch 87/200 — train done in 14.6s | avg loss_box=0.7325 loss_cls=0.4819 loss_dfl=0.0227 loss_total=78.0208
2026-08-03 02:42:14 INFO  scripts.synthetic_model_comparison.training.evaluation | evaluating on 4 batches
2026-08-03 02:42:22 INFO  scripts.synthetic_model_comparison.training.training_pipeline | epoch 87/200 — val mAP50=0.9489 mAP50_95=0.7256 (selection mAP50_95=0.7256)
2026-08-03 02:42:23 INFO  scripts.synthetic_model_comparison.training.evaluation | mlflow: logged val/mAP50=0.9489 val/mAP50_95=0.7256 (step=86)
2026-08-03 02:42:23 INFO  scripts.synthetic_model_comparison.training.evaluation | mlflow: logged val per-class AP table (12 classes)
2026-08-03 02:42:23 INFO  scripts.synthetic_model_comparison.training.training_pipeline | saved checkpoint: /home/debian/Master-Thesis/scripts/synthetic_model_comparison/training/model_exports/yolo26n-realvisxl-lightning-maxlen-seed43-20260803-021129/last.pt
2026-08-03 02:42:24 INFO  scripts.synthetic_model_comparison.training.training_pipeline | epoch 87/200 done — next lr=0.00614458, epochs_since_improve=4/20
2026-08-03 02:42:24 INFO  scripts.synthetic_model_comparison.training.training_pipeline | epoch 88/200 — train start (lr=0.00614458, batches=15)
2026-08-03 02:42:36 INFO  scripts.synthetic_model_comparison.training.training_pipeline | epoch 88/200 — train done in 12.8s | avg loss_box=0.7343 loss_cls=0.4828 loss_dfl=0.0234 loss_total=78.2557
2026-08-03 02:42:36 INFO  scripts.synthetic_model_comparison.training.evaluation | evaluating on 4 batches
2026-08-03 02:42:44 INFO  scripts.synthetic_model_comparison.training.training_pipeline | epoch 88/200 — val mAP50=0.9528 mAP50_95=0.7424 (selection mAP50_95=0.7424)
2026-08-03 02:42:45 INFO  scripts.synthetic_model_comparison.training.evaluation | mlflow: logged val/mAP50=0.9528 val/mAP50_95=0.7424 (step=87)
2026-08-03 02:42:45 INFO  scripts.synthetic_model_comparison.training.evaluation | mlflow: logged val per-class AP table (12 classes)
2026-08-03 02:42:46 INFO  scripts.synthetic_model_comparison.training.training_pipeline | saved checkpoint: /home/debian/Master-Thesis/scripts/synthetic_model_comparison/training/model_exports/yolo26n-realvisxl-lightning-maxlen-seed43-20260803-021129/last.pt
2026-08-03 02:42:46 INFO  scripts.synthetic_model_comparison.training.training_pipeline | epoch 88/200 done — next lr=0.00606688, epochs_since_improve=5/20
2026-08-03 02:42:46 INFO  scripts.synthetic_model_comparison.training.training_pipeline | epoch 89/200 — train start (lr=0.00606688, batches=15)
2026-08-03 02:42:59 INFO  scripts.synthetic_model_comparison.training.training_pipeline | epoch 89/200 — train done in 12.5s | avg loss_box=0.7047 loss_cls=0.4656 loss_dfl=0.0218 loss_total=75.2955
2026-08-03 02:42:59 INFO  scripts.synthetic_model_comparison.training.evaluation | evaluating on 4 batches
2026-08-03 02:43:05 INFO  scripts.synthetic_model_comparison.training.training_pipeline | epoch 89/200 — val mAP50=0.9538 mAP50_95=0.7607 (selection mAP50_95=0.7607)
2026-08-03 02:43:05 INFO  scripts.synthetic_model_comparison.training.evaluation | mlflow: logged val/mAP50=0.9538 val/mAP50_95=0.7607 (step=88)
2026-08-03 02:43:06 INFO  scripts.synthetic_model_comparison.training.evaluation | mlflow: logged val per-class AP table (12 classes)
2026-08-03 02:43:06 INFO  scripts.synthetic_model_comparison.training.training_pipeline | saved checkpoint: /home/debian/Master-Thesis/scripts/synthetic_model_comparison/training/model_exports/yolo26n-realvisxl-lightning-maxlen-seed43-20260803-021129/last.pt
2026-08-03 02:43:06 INFO  scripts.synthetic_model_comparison.training.training_pipeline | epoch 89/200 done — next lr=0.00598891, epochs_since_improve=6/20
2026-08-03 02:43:06 INFO  scripts.synthetic_model_comparison.training.training_pipeline | epoch 90/200 — train start (lr=0.00598891, batches=15)
2026-08-03 02:43:19 INFO  scripts.synthetic_model_comparison.training.training_pipeline | epoch 90/200 — train done in 13.1s | avg loss_box=0.7102 loss_cls=0.4596 loss_dfl=0.0221 loss_total=74.9766
2026-08-03 02:43:19 INFO  scripts.synthetic_model_comparison.training.evaluation | evaluating on 4 batches
2026-08-03 02:43:27 INFO  scripts.synthetic_model_comparison.training.training_pipeline | epoch 90/200 — val mAP50=0.9600 mAP50_95=0.7765 (selection mAP50_95=0.7765)
2026-08-03 02:43:28 INFO  scripts.synthetic_model_comparison.training.evaluation | mlflow: logged val/mAP50=0.9600 val/mAP50_95=0.7765 (step=89)
2026-08-03 02:43:28 INFO  scripts.synthetic_model_comparison.training.evaluation | mlflow: logged val per-class AP table (12 classes)
2026-08-03 02:43:28 INFO  scripts.synthetic_model_comparison.training.training_pipeline | saved checkpoint: /home/debian/Master-Thesis/scripts/synthetic_model_comparison/training/model_exports/yolo26n-realvisxl-lightning-maxlen-seed43-20260803-021129/last.pt
2026-08-03 02:43:28 INFO  scripts.synthetic_model_comparison.training.training_pipeline | epoch 90/200 done — next lr=0.0059107, epochs_since_improve=7/20
2026-08-03 02:43:28 INFO  scripts.synthetic_model_comparison.training.training_pipeline | epoch 91/200 — train start (lr=0.0059107, batches=15)
2026-08-03 02:43:35 INFO  scripts.synthetic_model_comparison.training.training_pipeline | step 1350 | loss_box=0.7279 loss_cls=0.5007 loss_dfl=0.0245 loss_total=79.3857 lr=0.00590547
2026-08-03 02:43:42 INFO  scripts.synthetic_model_comparison.training.training_pipeline | epoch 91/200 — train done in 13.8s | avg loss_box=0.7209 loss_cls=0.4712 loss_dfl=0.0229 loss_total=75.9379
2026-08-03 02:43:42 INFO  scripts.synthetic_model_comparison.training.evaluation | evaluating on 4 batches
2026-08-03 02:43:50 INFO  scripts.synthetic_model_comparison.training.training_pipeline | epoch 91/200 — val mAP50=0.9568 mAP50_95=0.7698 (selection mAP50_95=0.7698)
2026-08-03 02:43:51 INFO  scripts.synthetic_model_comparison.training.evaluation | mlflow: logged val/mAP50=0.9568 val/mAP50_95=0.7698 (step=90)
2026-08-03 02:43:51 INFO  scripts.synthetic_model_comparison.training.evaluation | mlflow: logged val per-class AP table (12 classes)
2026-08-03 02:43:51 INFO  scripts.synthetic_model_comparison.training.training_pipeline | saved checkpoint: /home/debian/Master-Thesis/scripts/synthetic_model_comparison/training/model_exports/yolo26n-realvisxl-lightning-maxlen-seed43-20260803-021129/last.pt
2026-08-03 02:43:52 INFO  scripts.synthetic_model_comparison.training.training_pipeline | epoch 91/200 done — next lr=0.00583225, epochs_since_improve=8/20
2026-08-03 02:43:52 INFO  scripts.synthetic_model_comparison.training.training_pipeline | epoch 92/200 — train start (lr=0.00583225, batches=15)
2026-08-03 02:44:04 INFO  scripts.synthetic_model_comparison.training.training_pipeline | epoch 92/200 — train done in 12.7s | avg loss_box=0.7555 loss_cls=0.4943 loss_dfl=0.0239 loss_total=79.3514
2026-08-03 02:44:04 INFO  scripts.synthetic_model_comparison.training.evaluation | evaluating on 4 batches
2026-08-03 02:44:12 INFO  scripts.synthetic_model_comparison.training.training_pipeline | epoch 92/200 — val mAP50=0.9185 mAP50_95=0.7167 (selection mAP50_95=0.7167)
2026-08-03 02:44:13 INFO  scripts.synthetic_model_comparison.training.evaluation | mlflow: logged val/mAP50=0.9185 val/mAP50_95=0.7167 (step=91)
2026-08-03 02:44:14 INFO  scripts.synthetic_model_comparison.training.evaluation | mlflow: logged val per-class AP table (12 classes)
2026-08-03 02:44:14 INFO  scripts.synthetic_model_comparison.training.training_pipeline | saved checkpoint: /home/debian/Master-Thesis/scripts/synthetic_model_comparison/training/model_exports/yolo26n-realvisxl-lightning-maxlen-seed43-20260803-021129/last.pt
2026-08-03 02:44:14 INFO  scripts.synthetic_model_comparison.training.training_pipeline | epoch 92/200 done — next lr=0.00575359, epochs_since_improve=9/20
2026-08-03 02:44:14 INFO  scripts.synthetic_model_comparison.training.training_pipeline | epoch 93/200 — train start (lr=0.00575359, batches=15)
2026-08-03 02:44:26 INFO  scripts.synthetic_model_comparison.training.training_pipeline | epoch 93/200 — train done in 12.4s | avg loss_box=0.7184 loss_cls=0.4525 loss_dfl=0.0228 loss_total=75.1473
2026-08-03 02:44:26 INFO  scripts.synthetic_model_comparison.training.evaluation | evaluating on 4 batches
2026-08-03 02:44:35 INFO  scripts.synthetic_model_comparison.training.training_pipeline | epoch 93/200 — val mAP50=0.9500 mAP50_95=0.7695 (selection mAP50_95=0.7695)
2026-08-03 02:44:35 INFO  scripts.synthetic_model_comparison.training.evaluation | mlflow: logged val/mAP50=0.9500 val/mAP50_95=0.7695 (step=92)
2026-08-03 02:44:36 INFO  scripts.synthetic_model_comparison.training.evaluation | mlflow: logged val per-class AP table (12 classes)
2026-08-03 02:44:36 INFO  scripts.synthetic_model_comparison.training.training_pipeline | saved checkpoint: /home/debian/Master-Thesis/scripts/synthetic_model_comparison/training/model_exports/yolo26n-realvisxl-lightning-maxlen-seed43-20260803-021129/last.pt
2026-08-03 02:44:36 INFO  scripts.synthetic_model_comparison.training.training_pipeline | epoch 93/200 done — next lr=0.00567474, epochs_since_improve=10/20
2026-08-03 02:44:36 INFO  scripts.synthetic_model_comparison.training.training_pipeline | epoch 94/200 — train start (lr=0.00567474, batches=15)
2026-08-03 02:44:45 INFO  scripts.synthetic_model_comparison.training.training_pipeline | step 1400 | loss_box=0.6780 loss_cls=0.4894 loss_dfl=0.0220 loss_total=73.5640 lr=0.00564316
2026-08-03 02:44:50 INFO  scripts.synthetic_model_comparison.training.training_pipeline | epoch 94/200 — train done in 14.3s | avg loss_box=0.7141 loss_cls=0.4736 loss_dfl=0.0226 loss_total=75.9604
2026-08-03 02:44:50 INFO  scripts.synthetic_model_comparison.training.evaluation | evaluating on 4 batches
2026-08-03 02:44:58 INFO  scripts.synthetic_model_comparison.training.training_pipeline | epoch 94/200 — val mAP50=0.9548 mAP50_95=0.7529 (selection mAP50_95=0.7529)
2026-08-03 02:44:59 INFO  scripts.synthetic_model_comparison.training.evaluation | mlflow: logged val/mAP50=0.9548 val/mAP50_95=0.7529 (step=93)
2026-08-03 02:44:59 INFO  scripts.synthetic_model_comparison.training.evaluation | mlflow: logged val per-class AP table (12 classes)
2026-08-03 02:44:59 INFO  scripts.synthetic_model_comparison.training.training_pipeline | saved checkpoint: /home/debian/Master-Thesis/scripts/synthetic_model_comparison/training/model_exports/yolo26n-realvisxl-lightning-maxlen-seed43-20260803-021129/last.pt
2026-08-03 02:45:00 INFO  scripts.synthetic_model_comparison.training.training_pipeline | epoch 94/200 done — next lr=0.00559572, epochs_since_improve=11/20
2026-08-03 02:45:00 INFO  scripts.synthetic_model_comparison.training.training_pipeline | epoch 95/200 — train start (lr=0.00559572, batches=15)
2026-08-03 02:45:12 INFO  scripts.synthetic_model_comparison.training.training_pipeline | epoch 95/200 — train done in 12.8s | avg loss_box=0.7167 loss_cls=0.4825 loss_dfl=0.0226 loss_total=76.3317
2026-08-03 02:45:12 INFO  scripts.synthetic_model_comparison.training.evaluation | evaluating on 4 batches
2026-08-03 02:45:20 INFO  scripts.synthetic_model_comparison.training.training_pipeline | epoch 95/200 — val mAP50=0.9592 mAP50_95=0.7863 (selection mAP50_95=0.7863)
2026-08-03 02:45:21 INFO  scripts.synthetic_model_comparison.training.evaluation | mlflow: logged val/mAP50=0.9592 val/mAP50_95=0.7863 (step=94)
2026-08-03 02:45:21 INFO  scripts.synthetic_model_comparison.training.evaluation | mlflow: logged val per-class AP table (12 classes)
2026-08-03 02:45:22 INFO  scripts.synthetic_model_comparison.training.training_pipeline | saved checkpoint: /home/debian/Master-Thesis/scripts/synthetic_model_comparison/training/model_exports/yolo26n-realvisxl-lightning-maxlen-seed43-20260803-021129/best.pt
2026-08-03 02:45:22 INFO  scripts.synthetic_model_comparison.training.training_pipeline | new best mAP50_95=0.7863 at epoch 95
2026-08-03 02:45:22 INFO  scripts.synthetic_model_comparison.training.training_pipeline | saved checkpoint: /home/debian/Master-Thesis/scripts/synthetic_model_comparison/training/model_exports/yolo26n-realvisxl-lightning-maxlen-seed43-20260803-021129/last.pt
2026-08-03 02:45:22 INFO  scripts.synthetic_model_comparison.training.training_pipeline | epoch 95/200 done — next lr=0.00551656, epochs_since_improve=0/20
2026-08-03 02:45:22 INFO  scripts.synthetic_model_comparison.training.training_pipeline | epoch 96/200 — train start (lr=0.00551656, batches=15)
2026-08-03 02:45:35 INFO  scripts.synthetic_model_comparison.training.training_pipeline | epoch 96/200 — train done in 12.5s | avg loss_box=0.6843 loss_cls=0.4482 loss_dfl=0.0211 loss_total=73.0230
2026-08-03 02:45:35 INFO  scripts.synthetic_model_comparison.training.evaluation | evaluating on 4 batches
2026-08-03 02:45:43 INFO  scripts.synthetic_model_comparison.training.training_pipeline | epoch 96/200 — val mAP50=0.9525 mAP50_95=0.7920 (selection mAP50_95=0.7920)
2026-08-03 02:45:43 INFO  scripts.synthetic_model_comparison.training.evaluation | mlflow: logged val/mAP50=0.9525 val/mAP50_95=0.7920 (step=95)
2026-08-03 02:45:44 INFO  scripts.synthetic_model_comparison.training.evaluation | mlflow: logged val per-class AP table (12 classes)
2026-08-03 02:45:44 INFO  scripts.synthetic_model_comparison.training.training_pipeline | saved checkpoint: /home/debian/Master-Thesis/scripts/synthetic_model_comparison/training/model_exports/yolo26n-realvisxl-lightning-maxlen-seed43-20260803-021129/best.pt
2026-08-03 02:45:44 INFO  scripts.synthetic_model_comparison.training.training_pipeline | new best mAP50_95=0.7920 at epoch 96
2026-08-03 02:45:44 INFO  scripts.synthetic_model_comparison.training.training_pipeline | saved checkpoint: /home/debian/Master-Thesis/scripts/synthetic_model_comparison/training/model_exports/yolo26n-realvisxl-lightning-maxlen-seed43-20260803-021129/last.pt
2026-08-03 02:45:44 INFO  scripts.synthetic_model_comparison.training.training_pipeline | epoch 96/200 done — next lr=0.00543726, epochs_since_improve=0/20
2026-08-03 02:45:44 INFO  scripts.synthetic_model_comparison.training.training_pipeline | epoch 97/200 — train start (lr=0.00543726, batches=15)
2026-08-03 02:45:56 INFO  scripts.synthetic_model_comparison.training.training_pipeline | step 1450 | loss_box=0.7376 loss_cls=0.3495 loss_dfl=0.0231 loss_total=69.9988 lr=0.00537903
2026-08-03 02:45:59 INFO  scripts.synthetic_model_comparison.training.training_pipeline | epoch 97/200 — train done in 14.6s | avg loss_box=0.6612 loss_cls=0.4353 loss_dfl=0.0204 loss_total=70.8731
2026-08-03 02:45:59 INFO  scripts.synthetic_model_comparison.training.evaluation | evaluating on 4 batches
2026-08-03 02:46:07 INFO  scripts.synthetic_model_comparison.training.training_pipeline | epoch 97/200 — val mAP50=0.9477 mAP50_95=0.7790 (selection mAP50_95=0.7790)
2026-08-03 02:46:08 INFO  scripts.synthetic_model_comparison.training.evaluation | mlflow: logged val/mAP50=0.9477 val/mAP50_95=0.7790 (step=96)
2026-08-03 02:46:08 INFO  scripts.synthetic_model_comparison.training.evaluation | mlflow: logged val per-class AP table (12 classes)
2026-08-03 02:46:08 INFO  scripts.synthetic_model_comparison.training.training_pipeline | saved checkpoint: /home/debian/Master-Thesis/scripts/synthetic_model_comparison/training/model_exports/yolo26n-realvisxl-lightning-maxlen-seed43-20260803-021129/last.pt
2026-08-03 02:46:09 INFO  scripts.synthetic_model_comparison.training.training_pipeline | epoch 97/200 done — next lr=0.00535785, epochs_since_improve=1/20
2026-08-03 02:46:09 INFO  scripts.synthetic_model_comparison.training.training_pipeline | epoch 98/200 — train start (lr=0.00535785, batches=15)
2026-08-03 02:46:21 INFO  scripts.synthetic_model_comparison.training.training_pipeline | epoch 98/200 — train done in 12.3s | avg loss_box=0.7000 loss_cls=0.4462 loss_dfl=0.0222 loss_total=73.6286
2026-08-03 02:46:21 INFO  scripts.synthetic_model_comparison.training.evaluation | evaluating on 4 batches
2026-08-03 02:46:29 INFO  scripts.synthetic_model_comparison.training.training_pipeline | epoch 98/200 — val mAP50=0.9583 mAP50_95=0.7522 (selection mAP50_95=0.7522)
2026-08-03 02:46:30 INFO  scripts.synthetic_model_comparison.training.evaluation | mlflow: logged val/mAP50=0.9583 val/mAP50_95=0.7522 (step=97)
2026-08-03 02:46:30 INFO  scripts.synthetic_model_comparison.training.evaluation | mlflow: logged val per-class AP table (12 classes)
2026-08-03 02:46:30 INFO  scripts.synthetic_model_comparison.training.training_pipeline | saved checkpoint: /home/debian/Master-Thesis/scripts/synthetic_model_comparison/training/model_exports/yolo26n-realvisxl-lightning-maxlen-seed43-20260803-021129/last.pt
2026-08-03 02:46:30 INFO  scripts.synthetic_model_comparison.training.training_pipeline | epoch 98/200 done — next lr=0.00527835, epochs_since_improve=2/20
2026-08-03 02:46:30 INFO  scripts.synthetic_model_comparison.training.training_pipeline | epoch 99/200 — train start (lr=0.00527835, batches=15)
2026-08-03 02:46:43 INFO  scripts.synthetic_model_comparison.training.training_pipeline | epoch 99/200 — train done in 12.2s | avg loss_box=0.6558 loss_cls=0.4416 loss_dfl=0.0203 loss_total=70.0828
2026-08-03 02:46:43 INFO  scripts.synthetic_model_comparison.training.evaluation | evaluating on 4 batches
2026-08-03 02:46:51 INFO  scripts.synthetic_model_comparison.training.training_pipeline | epoch 99/200 — val mAP50=0.9544 mAP50_95=0.7641 (selection mAP50_95=0.7641)
2026-08-03 02:46:51 INFO  scripts.synthetic_model_comparison.training.evaluation | mlflow: logged val/mAP50=0.9544 val/mAP50_95=0.7641 (step=98)
2026-08-03 02:46:52 INFO  scripts.synthetic_model_comparison.training.evaluation | mlflow: logged val per-class AP table (12 classes)
2026-08-03 02:46:52 INFO  scripts.synthetic_model_comparison.training.training_pipeline | saved checkpoint: /home/debian/Master-Thesis/scripts/synthetic_model_comparison/training/model_exports/yolo26n-realvisxl-lightning-maxlen-seed43-20260803-021129/last.pt
2026-08-03 02:46:52 INFO  scripts.synthetic_model_comparison.training.training_pipeline | epoch 99/200 done — next lr=0.00519878, epochs_since_improve=3/20
2026-08-03 02:46:52 INFO  scripts.synthetic_model_comparison.training.training_pipeline | epoch 100/200 — train start (lr=0.00519878, batches=15)
2026-08-03 02:47:04 INFO  scripts.synthetic_model_comparison.training.training_pipeline | epoch 100/200 — train done in 12.3s | avg loss_box=0.6435 loss_cls=0.4506 loss_dfl=0.0198 loss_total=69.8642
2026-08-03 02:47:04 INFO  scripts.synthetic_model_comparison.training.evaluation | evaluating on 4 batches
2026-08-03 02:47:12 INFO  scripts.synthetic_model_comparison.training.training_pipeline | epoch 100/200 — val mAP50=0.9466 mAP50_95=0.7603 (selection mAP50_95=0.7603)
2026-08-03 02:47:13 INFO  scripts.synthetic_model_comparison.training.evaluation | mlflow: logged val/mAP50=0.9466 val/mAP50_95=0.7603 (step=99)
2026-08-03 02:47:13 INFO  scripts.synthetic_model_comparison.training.evaluation | mlflow: logged val per-class AP table (12 classes)
2026-08-03 02:47:14 INFO  scripts.synthetic_model_comparison.training.training_pipeline | saved checkpoint: /home/debian/Master-Thesis/scripts/synthetic_model_comparison/training/model_exports/yolo26n-realvisxl-lightning-maxlen-seed43-20260803-021129/last.pt
2026-08-03 02:47:14 INFO  scripts.synthetic_model_comparison.training.training_pipeline | epoch 100/200 done — next lr=0.00511916, epochs_since_improve=4/20
2026-08-03 02:47:14 INFO  scripts.synthetic_model_comparison.training.training_pipeline | epoch 101/200 — train start (lr=0.00511916, batches=15)
2026-08-03 02:47:19 INFO  scripts.synthetic_model_comparison.training.training_pipeline | step 1500 | loss_box=0.6073 loss_cls=0.3850 loss_dfl=0.0197 loss_total=64.5715 lr=0.00511385
2026-08-03 02:47:27 INFO  scripts.synthetic_model_comparison.training.training_pipeline | epoch 101/200 — train done in 13.1s | avg loss_box=0.6622 loss_cls=0.4222 loss_dfl=0.0200 loss_total=70.1231
2026-08-03 02:47:27 INFO  scripts.synthetic_model_comparison.training.evaluation | evaluating on 4 batches
2026-08-03 02:47:35 INFO  scripts.synthetic_model_comparison.training.training_pipeline | epoch 101/200 — val mAP50=0.9338 mAP50_95=0.7745 (selection mAP50_95=0.7745)
2026-08-03 02:47:36 INFO  scripts.synthetic_model_comparison.training.evaluation | mlflow: logged val/mAP50=0.9338 val/mAP50_95=0.7745 (step=100)
2026-08-03 02:47:36 INFO  scripts.synthetic_model_comparison.training.evaluation | mlflow: logged val per-class AP table (12 classes)
2026-08-03 02:47:36 INFO  scripts.synthetic_model_comparison.training.training_pipeline | saved checkpoint: /home/debian/Master-Thesis/scripts/synthetic_model_comparison/training/model_exports/yolo26n-realvisxl-lightning-maxlen-seed43-20260803-021129/last.pt
2026-08-03 02:47:37 INFO  scripts.synthetic_model_comparison.training.training_pipeline | epoch 101/200 done — next lr=0.00503952, epochs_since_improve=5/20
2026-08-03 02:47:37 INFO  scripts.synthetic_model_comparison.training.training_pipeline | epoch 102/200 — train start (lr=0.00503952, batches=15)
2026-08-03 02:47:49 INFO  scripts.synthetic_model_comparison.training.training_pipeline | epoch 102/200 — train done in 12.4s | avg loss_box=0.6257 loss_cls=0.4155 loss_dfl=0.0195 loss_total=67.1983
2026-08-03 02:47:49 INFO  scripts.synthetic_model_comparison.training.evaluation | evaluating on 4 batches
2026-08-03 02:47:57 INFO  scripts.synthetic_model_comparison.training.training_pipeline | epoch 102/200 — val mAP50=0.9325 mAP50_95=0.7582 (selection mAP50_95=0.7582)
2026-08-03 02:47:58 INFO  scripts.synthetic_model_comparison.training.evaluation | mlflow: logged val/mAP50=0.9325 val/mAP50_95=0.7582 (step=101)
2026-08-03 02:47:58 INFO  scripts.synthetic_model_comparison.training.evaluation | mlflow: logged val per-class AP table (12 classes)
2026-08-03 02:47:58 INFO  scripts.synthetic_model_comparison.training.training_pipeline | saved checkpoint: /home/debian/Master-Thesis/scripts/synthetic_model_comparison/training/model_exports/yolo26n-realvisxl-lightning-maxlen-seed43-20260803-021129/last.pt
2026-08-03 02:47:58 INFO  scripts.synthetic_model_comparison.training.training_pipeline | epoch 102/200 done — next lr=0.00495986, epochs_since_improve=6/20
2026-08-03 02:47:58 INFO  scripts.synthetic_model_comparison.training.training_pipeline | epoch 103/200 — train start (lr=0.00495986, batches=15)
2026-08-03 02:48:11 INFO  scripts.synthetic_model_comparison.training.training_pipeline | epoch 103/200 — train done in 12.5s | avg loss_box=0.6087 loss_cls=0.4023 loss_dfl=0.0187 loss_total=65.5343
2026-08-03 02:48:11 INFO  scripts.synthetic_model_comparison.training.evaluation | evaluating on 4 batches
2026-08-03 02:48:19 INFO  scripts.synthetic_model_comparison.training.training_pipeline | epoch 103/200 — val mAP50=0.9535 mAP50_95=0.7784 (selection mAP50_95=0.7784)
2026-08-03 02:48:20 INFO  scripts.synthetic_model_comparison.training.evaluation | mlflow: logged val/mAP50=0.9535 val/mAP50_95=0.7784 (step=102)
2026-08-03 02:48:20 INFO  scripts.synthetic_model_comparison.training.evaluation | mlflow: logged val per-class AP table (12 classes)
2026-08-03 02:48:20 INFO  scripts.synthetic_model_comparison.training.training_pipeline | saved checkpoint: /home/debian/Master-Thesis/scripts/synthetic_model_comparison/training/model_exports/yolo26n-realvisxl-lightning-maxlen-seed43-20260803-021129/last.pt
2026-08-03 02:48:21 INFO  scripts.synthetic_model_comparison.training.training_pipeline | epoch 103/200 done — next lr=0.00488022, epochs_since_improve=7/20
2026-08-03 02:48:21 INFO  scripts.synthetic_model_comparison.training.training_pipeline | epoch 104/200 — train start (lr=0.00488022, batches=15)
2026-08-03 02:48:29 INFO  scripts.synthetic_model_comparison.training.training_pipeline | step 1550 | loss_box=0.6477 loss_cls=0.4026 loss_dfl=0.0204 loss_total=69.2626 lr=0.00484837
2026-08-03 02:48:35 INFO  scripts.synthetic_model_comparison.training.training_pipeline | epoch 104/200 — train done in 14.1s | avg loss_box=0.6544 loss_cls=0.4113 loss_dfl=0.0204 loss_total=68.7444
2026-08-03 02:48:35 INFO  scripts.synthetic_model_comparison.training.evaluation | evaluating on 4 batches
2026-08-03 02:48:43 INFO  scripts.synthetic_model_comparison.training.training_pipeline | epoch 104/200 — val mAP50=0.9506 mAP50_95=0.7822 (selection mAP50_95=0.7822)
2026-08-03 02:48:43 INFO  scripts.synthetic_model_comparison.training.evaluation | mlflow: logged val/mAP50=0.9506 val/mAP50_95=0.7822 (step=103)
2026-08-03 02:48:44 INFO  scripts.synthetic_model_comparison.training.evaluation | mlflow: logged val per-class AP table (12 classes)
2026-08-03 02:48:44 INFO  scripts.synthetic_model_comparison.training.training_pipeline | saved checkpoint: /home/debian/Master-Thesis/scripts/synthetic_model_comparison/training/model_exports/yolo26n-realvisxl-lightning-maxlen-seed43-20260803-021129/last.pt
2026-08-03 02:48:44 INFO  scripts.synthetic_model_comparison.training.training_pipeline | epoch 104/200 done — next lr=0.00480061, epochs_since_improve=8/20
2026-08-03 02:48:44 INFO  scripts.synthetic_model_comparison.training.training_pipeline | epoch 105/200 — train start (lr=0.00480061, batches=15)
2026-08-03 02:48:57 INFO  scripts.synthetic_model_comparison.training.training_pipeline | epoch 105/200 — train done in 12.9s | avg loss_box=0.6444 loss_cls=0.4159 loss_dfl=0.0206 loss_total=68.1983
2026-08-03 02:48:57 INFO  scripts.synthetic_model_comparison.training.evaluation | evaluating on 4 batches
2026-08-03 02:49:05 INFO  scripts.synthetic_model_comparison.training.training_pipeline | epoch 105/200 — val mAP50=0.9422 mAP50_95=0.7449 (selection mAP50_95=0.7449)
2026-08-03 02:49:06 INFO  scripts.synthetic_model_comparison.training.evaluation | mlflow: logged val/mAP50=0.9422 val/mAP50_95=0.7449 (step=104)
2026-08-03 02:49:06 INFO  scripts.synthetic_model_comparison.training.evaluation | mlflow: logged val per-class AP table (12 classes)
2026-08-03 02:49:06 INFO  scripts.synthetic_model_comparison.training.training_pipeline | saved checkpoint: /home/debian/Master-Thesis/scripts/synthetic_model_comparison/training/model_exports/yolo26n-realvisxl-lightning-maxlen-seed43-20260803-021129/last.pt
2026-08-03 02:49:07 INFO  scripts.synthetic_model_comparison.training.training_pipeline | epoch 105/200 done — next lr=0.00472105, epochs_since_improve=9/20
2026-08-03 02:49:07 INFO  scripts.synthetic_model_comparison.training.training_pipeline | epoch 106/200 — train start (lr=0.00472105, batches=15)
2026-08-03 02:49:20 INFO  scripts.synthetic_model_comparison.training.training_pipeline | epoch 106/200 — train done in 13.1s | avg loss_box=0.6304 loss_cls=0.4008 loss_dfl=0.0197 loss_total=66.2198
2026-08-03 02:49:20 INFO  scripts.synthetic_model_comparison.training.evaluation | evaluating on 4 batches
2026-08-03 02:49:28 INFO  scripts.synthetic_model_comparison.training.training_pipeline | epoch 106/200 — val mAP50=0.9367 mAP50_95=0.7562 (selection mAP50_95=0.7562)
2026-08-03 02:49:29 INFO  scripts.synthetic_model_comparison.training.evaluation | mlflow: logged val/mAP50=0.9367 val/mAP50_95=0.7562 (step=105)
2026-08-03 02:49:29 INFO  scripts.synthetic_model_comparison.training.evaluation | mlflow: logged val per-class AP table (12 classes)
2026-08-03 02:49:29 INFO  scripts.synthetic_model_comparison.training.training_pipeline | saved checkpoint: /home/debian/Master-Thesis/scripts/synthetic_model_comparison/training/model_exports/yolo26n-realvisxl-lightning-maxlen-seed43-20260803-021129/last.pt
2026-08-03 02:49:29 INFO  scripts.synthetic_model_comparison.training.training_pipeline | epoch 106/200 done — next lr=0.00464156, epochs_since_improve=10/20
2026-08-03 02:49:29 INFO  scripts.synthetic_model_comparison.training.training_pipeline | epoch 107/200 — train start (lr=0.00464156, batches=15)
2026-08-03 02:49:40 INFO  scripts.synthetic_model_comparison.training.training_pipeline | step 1600 | loss_box=0.6572 loss_cls=0.4094 loss_dfl=0.0190 loss_total=68.1360 lr=0.00458333
2026-08-03 02:49:43 INFO  scripts.synthetic_model_comparison.training.training_pipeline | epoch 107/200 — train done in 13.6s | avg loss_box=0.6483 loss_cls=0.4019 loss_dfl=0.0201 loss_total=67.5795
2026-08-03 02:49:43 INFO  scripts.synthetic_model_comparison.training.evaluation | evaluating on 4 batches
2026-08-03 02:49:51 INFO  scripts.synthetic_model_comparison.training.training_pipeline | epoch 107/200 — val mAP50=0.9615 mAP50_95=0.7630 (selection mAP50_95=0.7630)
2026-08-03 02:49:51 INFO  scripts.synthetic_model_comparison.training.evaluation | mlflow: logged val/mAP50=0.9615 val/mAP50_95=0.7630 (step=106)
2026-08-03 02:49:52 INFO  scripts.synthetic_model_comparison.training.evaluation | mlflow: logged val per-class AP table (12 classes)
2026-08-03 02:49:52 INFO  scripts.synthetic_model_comparison.training.training_pipeline | saved checkpoint: /home/debian/Master-Thesis/scripts/synthetic_model_comparison/training/model_exports/yolo26n-realvisxl-lightning-maxlen-seed43-20260803-021129/last.pt
2026-08-03 02:49:52 INFO  scripts.synthetic_model_comparison.training.training_pipeline | epoch 107/200 done — next lr=0.00456216, epochs_since_improve=11/20
2026-08-03 02:49:52 INFO  scripts.synthetic_model_comparison.training.training_pipeline | epoch 108/200 — train start (lr=0.00456216, batches=15)
2026-08-03 02:50:05 INFO  scripts.synthetic_model_comparison.training.training_pipeline | epoch 108/200 — train done in 12.4s | avg loss_box=0.5858 loss_cls=0.4130 loss_dfl=0.0186 loss_total=64.5066
2026-08-03 02:50:05 INFO  scripts.synthetic_model_comparison.training.evaluation | evaluating on 4 batches
2026-08-03 02:50:13 INFO  scripts.synthetic_model_comparison.training.training_pipeline | epoch 108/200 — val mAP50=0.9578 mAP50_95=0.7964 (selection mAP50_95=0.7964)
2026-08-03 02:50:13 INFO  scripts.synthetic_model_comparison.training.evaluation | mlflow: logged val/mAP50=0.9578 val/mAP50_95=0.7964 (step=107)
2026-08-03 02:50:14 INFO  scripts.synthetic_model_comparison.training.evaluation | mlflow: logged val per-class AP table (12 classes)
2026-08-03 02:50:14 INFO  scripts.synthetic_model_comparison.training.training_pipeline | saved checkpoint: /home/debian/Master-Thesis/scripts/synthetic_model_comparison/training/model_exports/yolo26n-realvisxl-lightning-maxlen-seed43-20260803-021129/best.pt
2026-08-03 02:50:14 INFO  scripts.synthetic_model_comparison.training.training_pipeline | new best mAP50_95=0.7964 at epoch 108
2026-08-03 02:50:14 INFO  scripts.synthetic_model_comparison.training.training_pipeline | saved checkpoint: /home/debian/Master-Thesis/scripts/synthetic_model_comparison/training/model_exports/yolo26n-realvisxl-lightning-maxlen-seed43-20260803-021129/last.pt
2026-08-03 02:50:14 INFO  scripts.synthetic_model_comparison.training.training_pipeline | epoch 108/200 done — next lr=0.00448288, epochs_since_improve=0/20
2026-08-03 02:50:14 INFO  scripts.synthetic_model_comparison.training.training_pipeline | epoch 109/200 — train start (lr=0.00448288, batches=15)
2026-08-03 02:50:27 INFO  scripts.synthetic_model_comparison.training.training_pipeline | epoch 109/200 — train done in 12.2s | avg loss_box=0.6245 loss_cls=0.3944 loss_dfl=0.0192 loss_total=65.5227
2026-08-03 02:50:27 INFO  scripts.synthetic_model_comparison.training.evaluation | evaluating on 4 batches
2026-08-03 02:50:35 INFO  scripts.synthetic_model_comparison.training.training_pipeline | epoch 109/200 — val mAP50=0.9596 mAP50_95=0.8058 (selection mAP50_95=0.8058)
2026-08-03 02:50:35 INFO  scripts.synthetic_model_comparison.training.evaluation | mlflow: logged val/mAP50=0.9596 val/mAP50_95=0.8058 (step=108)
2026-08-03 02:50:36 INFO  scripts.synthetic_model_comparison.training.evaluation | mlflow: logged val per-class AP table (12 classes)
2026-08-03 02:50:36 INFO  scripts.synthetic_model_comparison.training.training_pipeline | saved checkpoint: /home/debian/Master-Thesis/scripts/synthetic_model_comparison/training/model_exports/yolo26n-realvisxl-lightning-maxlen-seed43-20260803-021129/best.pt
2026-08-03 02:50:36 INFO  scripts.synthetic_model_comparison.training.training_pipeline | new best mAP50_95=0.8058 at epoch 109
2026-08-03 02:50:36 INFO  scripts.synthetic_model_comparison.training.training_pipeline | saved checkpoint: /home/debian/Master-Thesis/scripts/synthetic_model_comparison/training/model_exports/yolo26n-realvisxl-lightning-maxlen-seed43-20260803-021129/last.pt
2026-08-03 02:50:36 INFO  scripts.synthetic_model_comparison.training.training_pipeline | epoch 109/200 done — next lr=0.00440373, epochs_since_improve=0/20
2026-08-03 02:50:36 INFO  scripts.synthetic_model_comparison.training.training_pipeline | epoch 110/200 — train start (lr=0.00440373, batches=15)
2026-08-03 02:50:48 INFO  scripts.synthetic_model_comparison.training.training_pipeline | epoch 110/200 — train done in 11.8s | avg loss_box=0.5844 loss_cls=0.3707 loss_dfl=0.0177 loss_total=62.1050
2026-08-03 02:50:48 INFO  scripts.synthetic_model_comparison.training.evaluation | evaluating on 4 batches
2026-08-03 02:50:56 INFO  scripts.synthetic_model_comparison.training.training_pipeline | epoch 110/200 — val mAP50=0.9540 mAP50_95=0.7967 (selection mAP50_95=0.7967)
2026-08-03 02:50:57 INFO  scripts.synthetic_model_comparison.training.evaluation | mlflow: logged val/mAP50=0.9540 val/mAP50_95=0.7967 (step=109)
2026-08-03 02:50:57 INFO  scripts.synthetic_model_comparison.training.evaluation | mlflow: logged val per-class AP table (12 classes)
2026-08-03 02:50:57 INFO  scripts.synthetic_model_comparison.training.training_pipeline | saved checkpoint: /home/debian/Master-Thesis/scripts/synthetic_model_comparison/training/model_exports/yolo26n-realvisxl-lightning-maxlen-seed43-20260803-021129/last.pt
2026-08-03 02:50:58 INFO  scripts.synthetic_model_comparison.training.training_pipeline | epoch 110/200 done — next lr=0.00432473, epochs_since_improve=1/20
2026-08-03 02:50:58 INFO  scripts.synthetic_model_comparison.training.training_pipeline | epoch 111/200 — train start (lr=0.00432473, batches=15)
2026-08-03 02:51:03 INFO  scripts.synthetic_model_comparison.training.training_pipeline | step 1650 | loss_box=0.5612 loss_cls=0.4484 loss_dfl=0.0170 loss_total=64.3822 lr=0.00431947
2026-08-03 02:51:11 INFO  scripts.synthetic_model_comparison.training.training_pipeline | epoch 111/200 — train done in 13.2s | avg loss_box=0.6000 loss_cls=0.3766 loss_dfl=0.0188 loss_total=63.3036
2026-08-03 02:51:11 INFO  scripts.synthetic_model_comparison.training.evaluation | evaluating on 4 batches
2026-08-03 02:51:19 INFO  scripts.synthetic_model_comparison.training.training_pipeline | epoch 111/200 — val mAP50=0.9612 mAP50_95=0.8058 (selection mAP50_95=0.8058)
2026-08-03 02:51:20 INFO  scripts.synthetic_model_comparison.training.evaluation | mlflow: logged val/mAP50=0.9612 val/mAP50_95=0.8058 (step=110)
2026-08-03 02:51:20 INFO  scripts.synthetic_model_comparison.training.evaluation | mlflow: logged val per-class AP table (12 classes)
2026-08-03 02:51:20 INFO  scripts.synthetic_model_comparison.training.training_pipeline | saved checkpoint: /home/debian/Master-Thesis/scripts/synthetic_model_comparison/training/model_exports/yolo26n-realvisxl-lightning-maxlen-seed43-20260803-021129/last.pt
2026-08-03 02:51:21 INFO  scripts.synthetic_model_comparison.training.training_pipeline | epoch 111/200 done — next lr=0.00424591, epochs_since_improve=2/20
2026-08-03 02:51:21 INFO  scripts.synthetic_model_comparison.training.training_pipeline | epoch 112/200 — train start (lr=0.00424591, batches=15)
2026-08-03 02:51:33 INFO  scripts.synthetic_model_comparison.training.training_pipeline | epoch 112/200 — train done in 12.3s | avg loss_box=0.5941 loss_cls=0.3833 loss_dfl=0.0184 loss_total=63.2489
2026-08-03 02:51:33 INFO  scripts.synthetic_model_comparison.training.evaluation | evaluating on 4 batches
2026-08-03 02:51:41 INFO  scripts.synthetic_model_comparison.training.training_pipeline | epoch 112/200 — val mAP50=0.9504 mAP50_95=0.7989 (selection mAP50_95=0.7989)
2026-08-03 02:51:41 INFO  scripts.synthetic_model_comparison.training.evaluation | mlflow: logged val/mAP50=0.9504 val/mAP50_95=0.7989 (step=111)
2026-08-03 02:51:42 INFO  scripts.synthetic_model_comparison.training.evaluation | mlflow: logged val per-class AP table (12 classes)
2026-08-03 02:51:42 INFO  scripts.synthetic_model_comparison.training.training_pipeline | saved checkpoint: /home/debian/Master-Thesis/scripts/synthetic_model_comparison/training/model_exports/yolo26n-realvisxl-lightning-maxlen-seed43-20260803-021129/last.pt
2026-08-03 02:51:42 INFO  scripts.synthetic_model_comparison.training.training_pipeline | epoch 112/200 done — next lr=0.00416728, epochs_since_improve=3/20
2026-08-03 02:51:42 INFO  scripts.synthetic_model_comparison.training.training_pipeline | epoch 113/200 — train start (lr=0.00416728, batches=15)
2026-08-03 02:51:54 INFO  scripts.synthetic_model_comparison.training.training_pipeline | epoch 113/200 — train done in 12.1s | avg loss_box=0.5964 loss_cls=0.3638 loss_dfl=0.0187 loss_total=62.4777
2026-08-03 02:51:54 INFO  scripts.synthetic_model_comparison.training.evaluation | evaluating on 4 batches
2026-08-03 02:52:02 INFO  scripts.synthetic_model_comparison.training.training_pipeline | epoch 113/200 — val mAP50=0.9553 mAP50_95=0.7674 (selection mAP50_95=0.7674)
2026-08-03 02:52:03 INFO  scripts.synthetic_model_comparison.training.evaluation | mlflow: logged val/mAP50=0.9553 val/mAP50_95=0.7674 (step=112)
2026-08-03 02:52:03 INFO  scripts.synthetic_model_comparison.training.evaluation | mlflow: logged val per-class AP table (12 classes)
2026-08-03 02:52:03 INFO  scripts.synthetic_model_comparison.training.training_pipeline | saved checkpoint: /home/debian/Master-Thesis/scripts/synthetic_model_comparison/training/model_exports/yolo26n-realvisxl-lightning-maxlen-seed43-20260803-021129/last.pt
2026-08-03 02:52:04 INFO  scripts.synthetic_model_comparison.training.training_pipeline | epoch 113/200 done — next lr=0.00408886, epochs_since_improve=4/20
2026-08-03 02:52:04 INFO  scripts.synthetic_model_comparison.training.training_pipeline | epoch 114/200 — train start (lr=0.00408886, batches=15)
2026-08-03 02:52:13 INFO  scripts.synthetic_model_comparison.training.training_pipeline | step 1700 | loss_box=0.5879 loss_cls=0.3242 loss_dfl=0.0179 loss_total=59.8786 lr=0.00405756
2026-08-03 02:52:19 INFO  scripts.synthetic_model_comparison.training.training_pipeline | epoch 114/200 — train done in 14.9s | avg loss_box=0.5856 loss_cls=0.3594 loss_dfl=0.0183 loss_total=61.5508
2026-08-03 02:52:19 INFO  scripts.synthetic_model_comparison.training.evaluation | evaluating on 4 batches
2026-08-03 02:52:27 INFO  scripts.synthetic_model_comparison.training.training_pipeline | epoch 114/200 — val mAP50=0.9481 mAP50_95=0.8019 (selection mAP50_95=0.8019)
2026-08-03 02:52:27 INFO  scripts.synthetic_model_comparison.training.evaluation | mlflow: logged val/mAP50=0.9481 val/mAP50_95=0.8019 (step=113)
2026-08-03 02:52:28 INFO  scripts.synthetic_model_comparison.training.evaluation | mlflow: logged val per-class AP table (12 classes)
2026-08-03 02:52:28 INFO  scripts.synthetic_model_comparison.training.training_pipeline | saved checkpoint: /home/debian/Master-Thesis/scripts/synthetic_model_comparison/training/model_exports/yolo26n-realvisxl-lightning-maxlen-seed43-20260803-021129/last.pt
2026-08-03 02:52:28 INFO  scripts.synthetic_model_comparison.training.training_pipeline | epoch 114/200 done — next lr=0.00401067, epochs_since_improve=5/20
2026-08-03 02:52:28 INFO  scripts.synthetic_model_comparison.training.training_pipeline | epoch 115/200 — train start (lr=0.00401067, batches=15)
2026-08-03 02:52:40 INFO  scripts.synthetic_model_comparison.training.training_pipeline | epoch 115/200 — train done in 12.0s | avg loss_box=0.5893 loss_cls=0.3740 loss_dfl=0.0181 loss_total=62.2180
2026-08-03 02:52:40 INFO  scripts.synthetic_model_comparison.training.evaluation | evaluating on 4 batches
2026-08-03 02:52:47 INFO  scripts.synthetic_model_comparison.training.training_pipeline | epoch 115/200 — val mAP50=0.9540 mAP50_95=0.7796 (selection mAP50_95=0.7796)
2026-08-03 02:52:47 INFO  scripts.synthetic_model_comparison.training.evaluation | mlflow: logged val/mAP50=0.9540 val/mAP50_95=0.7796 (step=114)
2026-08-03 02:52:48 INFO  scripts.synthetic_model_comparison.training.evaluation | mlflow: logged val per-class AP table (12 classes)
2026-08-03 02:52:48 INFO  scripts.synthetic_model_comparison.training.training_pipeline | saved checkpoint: /home/debian/Master-Thesis/scripts/synthetic_model_comparison/training/model_exports/yolo26n-realvisxl-lightning-maxlen-seed43-20260803-021129/last.pt
2026-08-03 02:52:48 INFO  scripts.synthetic_model_comparison.training.training_pipeline | epoch 115/200 done — next lr=0.00393274, epochs_since_improve=6/20
2026-08-03 02:52:48 INFO  scripts.synthetic_model_comparison.training.training_pipeline | epoch 116/200 — train start (lr=0.00393274, batches=15)
2026-08-03 02:53:01 INFO  scripts.synthetic_model_comparison.training.training_pipeline | epoch 116/200 — train done in 13.1s | avg loss_box=0.5591 loss_cls=0.3766 loss_dfl=0.0174 loss_total=60.5410
2026-08-03 02:53:01 INFO  scripts.synthetic_model_comparison.training.evaluation | evaluating on 4 batches
2026-08-03 02:53:07 INFO  scripts.synthetic_model_comparison.training.training_pipeline | epoch 116/200 — val mAP50=0.9569 mAP50_95=0.7806 (selection mAP50_95=0.7806)
2026-08-03 02:53:08 INFO  scripts.synthetic_model_comparison.training.evaluation | mlflow: logged val/mAP50=0.9569 val/mAP50_95=0.7806 (step=115)
2026-08-03 02:53:08 INFO  scripts.synthetic_model_comparison.training.evaluation | mlflow: logged val per-class AP table (12 classes)
2026-08-03 02:53:08 INFO  scripts.synthetic_model_comparison.training.training_pipeline | saved checkpoint: /home/debian/Master-Thesis/scripts/synthetic_model_comparison/training/model_exports/yolo26n-realvisxl-lightning-maxlen-seed43-20260803-021129/last.pt
2026-08-03 02:53:09 INFO  scripts.synthetic_model_comparison.training.training_pipeline | epoch 116/200 done — next lr=0.00385508, epochs_since_improve=7/20
2026-08-03 02:53:09 INFO  scripts.synthetic_model_comparison.training.training_pipeline | epoch 117/200 — train start (lr=0.00385508, batches=15)
2026-08-03 02:53:20 INFO  scripts.synthetic_model_comparison.training.training_pipeline | step 1750 | loss_box=0.4813 loss_cls=0.2843 loss_dfl=0.0159 loss_total=51.8685 lr=0.00379832
2026-08-03 02:53:23 INFO  scripts.synthetic_model_comparison.training.training_pipeline | epoch 117/200 — train done in 14.3s | avg loss_box=0.5511 loss_cls=0.3606 loss_dfl=0.0169 loss_total=59.3172
2026-08-03 02:53:23 INFO  scripts.synthetic_model_comparison.training.evaluation | evaluating on 4 batches
2026-08-03 02:53:31 INFO  scripts.synthetic_model_comparison.training.training_pipeline | epoch 117/200 — val mAP50=0.9504 mAP50_95=0.7553 (selection mAP50_95=0.7553)
2026-08-03 02:53:32 INFO  scripts.synthetic_model_comparison.training.evaluation | mlflow: logged val/mAP50=0.9504 val/mAP50_95=0.7553 (step=116)
2026-08-03 02:53:32 INFO  scripts.synthetic_model_comparison.training.evaluation | mlflow: logged val per-class AP table (12 classes)
2026-08-03 02:53:32 INFO  scripts.synthetic_model_comparison.training.training_pipeline | saved checkpoint: /home/debian/Master-Thesis/scripts/synthetic_model_comparison/training/model_exports/yolo26n-realvisxl-lightning-maxlen-seed43-20260803-021129/last.pt
2026-08-03 02:53:33 INFO  scripts.synthetic_model_comparison.training.training_pipeline | epoch 117/200 done — next lr=0.00377772, epochs_since_improve=8/20
2026-08-03 02:53:33 INFO  scripts.synthetic_model_comparison.training.training_pipeline | epoch 118/200 — train start (lr=0.00377772, batches=15)
2026-08-03 02:53:45 INFO  scripts.synthetic_model_comparison.training.training_pipeline | epoch 118/200 — train done in 12.8s | avg loss_box=0.5676 loss_cls=0.3536 loss_dfl=0.0179 loss_total=59.9424
2026-08-03 02:53:45 INFO  scripts.synthetic_model_comparison.training.evaluation | evaluating on 4 batches
2026-08-03 02:53:53 INFO  scripts.synthetic_model_comparison.training.training_pipeline | epoch 118/200 — val mAP50=0.9592 mAP50_95=0.8077 (selection mAP50_95=0.8077)
2026-08-03 02:53:54 INFO  scripts.synthetic_model_comparison.training.evaluation | mlflow: logged val/mAP50=0.9592 val/mAP50_95=0.8077 (step=117)
2026-08-03 02:53:54 INFO  scripts.synthetic_model_comparison.training.evaluation | mlflow: logged val per-class AP table (12 classes)
2026-08-03 02:53:55 INFO  scripts.synthetic_model_comparison.training.training_pipeline | saved checkpoint: /home/debian/Master-Thesis/scripts/synthetic_model_comparison/training/model_exports/yolo26n-realvisxl-lightning-maxlen-seed43-20260803-021129/best.pt
2026-08-03 02:53:55 INFO  scripts.synthetic_model_comparison.training.training_pipeline | new best mAP50_95=0.8077 at epoch 118
2026-08-03 02:53:55 INFO  scripts.synthetic_model_comparison.training.training_pipeline | saved checkpoint: /home/debian/Master-Thesis/scripts/synthetic_model_comparison/training/model_exports/yolo26n-realvisxl-lightning-maxlen-seed43-20260803-021129/last.pt
2026-08-03 02:53:55 INFO  scripts.synthetic_model_comparison.training.training_pipeline | epoch 118/200 done — next lr=0.00370066, epochs_since_improve=0/20
2026-08-03 02:53:55 INFO  scripts.synthetic_model_comparison.training.training_pipeline | epoch 119/200 — train start (lr=0.00370066, batches=15)
2026-08-03 02:54:07 INFO  scripts.synthetic_model_comparison.training.training_pipeline | epoch 119/200 — train done in 12.4s | avg loss_box=0.5530 loss_cls=0.3793 loss_dfl=0.0172 loss_total=60.1957
2026-08-03 02:54:07 INFO  scripts.synthetic_model_comparison.training.evaluation | evaluating on 4 batches
2026-08-03 02:54:15 INFO  scripts.synthetic_model_comparison.training.training_pipeline | epoch 119/200 — val mAP50=0.9622 mAP50_95=0.8066 (selection mAP50_95=0.8066)
2026-08-03 02:54:16 INFO  scripts.synthetic_model_comparison.training.evaluation | mlflow: logged val/mAP50=0.9622 val/mAP50_95=0.8066 (step=118)
2026-08-03 02:54:17 INFO  scripts.synthetic_model_comparison.training.evaluation | mlflow: logged val per-class AP table (12 classes)
2026-08-03 02:54:17 INFO  scripts.synthetic_model_comparison.training.training_pipeline | saved checkpoint: /home/debian/Master-Thesis/scripts/synthetic_model_comparison/training/model_exports/yolo26n-realvisxl-lightning-maxlen-seed43-20260803-021129/last.pt
2026-08-03 02:54:17 INFO  scripts.synthetic_model_comparison.training.training_pipeline | epoch 119/200 done — next lr=0.00362394, epochs_since_improve=1/20
2026-08-03 02:54:17 INFO  scripts.synthetic_model_comparison.training.training_pipeline | epoch 120/200 — train start (lr=0.00362394, batches=15)
2026-08-03 02:54:29 INFO  scripts.synthetic_model_comparison.training.training_pipeline | epoch 120/200 — train done in 12.4s | avg loss_box=0.5435 loss_cls=0.3160 loss_dfl=0.0167 loss_total=56.8431
2026-08-03 02:54:29 INFO  scripts.synthetic_model_comparison.training.evaluation | evaluating on 4 batches
2026-08-03 02:54:37 INFO  scripts.synthetic_model_comparison.training.training_pipeline | epoch 120/200 — val mAP50=0.9600 mAP50_95=0.8010 (selection mAP50_95=0.8010)
2026-08-03 02:54:38 INFO  scripts.synthetic_model_comparison.training.evaluation | mlflow: logged val/mAP50=0.9600 val/mAP50_95=0.8010 (step=119)
2026-08-03 02:54:38 INFO  scripts.synthetic_model_comparison.training.evaluation | mlflow: logged val per-class AP table (12 classes)
2026-08-03 02:54:38 INFO  scripts.synthetic_model_comparison.training.training_pipeline | saved checkpoint: /home/debian/Master-Thesis/scripts/synthetic_model_comparison/training/model_exports/yolo26n-realvisxl-lightning-maxlen-seed43-20260803-021129/last.pt
2026-08-03 02:54:39 INFO  scripts.synthetic_model_comparison.training.training_pipeline | epoch 120/200 done — next lr=0.00354757, epochs_since_improve=2/20
2026-08-03 02:54:39 INFO  scripts.synthetic_model_comparison.training.training_pipeline | epoch 121/200 — train start (lr=0.00354757, batches=15)
2026-08-03 02:54:44 INFO  scripts.synthetic_model_comparison.training.training_pipeline | step 1800 | loss_box=0.5487 loss_cls=0.2992 loss_dfl=0.0156 loss_total=55.9302 lr=0.00354249
2026-08-03 02:54:52 INFO  scripts.synthetic_model_comparison.training.training_pipeline | epoch 121/200 — train done in 13.5s | avg loss_box=0.5508 loss_cls=0.3421 loss_dfl=0.0173 loss_total=58.1571
2026-08-03 02:54:52 INFO  scripts.synthetic_model_comparison.training.evaluation | evaluating on 4 batches
2026-08-03 02:55:00 INFO  scripts.synthetic_model_comparison.training.training_pipeline | epoch 121/200 — val mAP50=0.9558 mAP50_95=0.8188 (selection mAP50_95=0.8188)
2026-08-03 02:55:01 INFO  scripts.synthetic_model_comparison.training.evaluation | mlflow: logged val/mAP50=0.9558 val/mAP50_95=0.8188 (step=120)
2026-08-03 02:55:01 INFO  scripts.synthetic_model_comparison.training.evaluation | mlflow: logged val per-class AP table (12 classes)
2026-08-03 02:55:01 INFO  scripts.synthetic_model_comparison.training.training_pipeline | saved checkpoint: /home/debian/Master-Thesis/scripts/synthetic_model_comparison/training/model_exports/yolo26n-realvisxl-lightning-maxlen-seed43-20260803-021129/best.pt
2026-08-03 02:55:01 INFO  scripts.synthetic_model_comparison.training.training_pipeline | new best mAP50_95=0.8188 at epoch 121
2026-08-03 02:55:02 INFO  scripts.synthetic_model_comparison.training.training_pipeline | saved checkpoint: /home/debian/Master-Thesis/scripts/synthetic_model_comparison/training/model_exports/yolo26n-realvisxl-lightning-maxlen-seed43-20260803-021129/last.pt
2026-08-03 02:55:02 INFO  scripts.synthetic_model_comparison.training.training_pipeline | epoch 121/200 done — next lr=0.00347156, epochs_since_improve=0/20
2026-08-03 02:55:02 INFO  scripts.synthetic_model_comparison.training.training_pipeline | epoch 122/200 — train start (lr=0.00347156, batches=15)
2026-08-03 02:55:15 INFO  scripts.synthetic_model_comparison.training.training_pipeline | epoch 122/200 — train done in 13.0s | avg loss_box=0.5618 loss_cls=0.3252 loss_dfl=0.0176 loss_total=57.9053
2026-08-03 02:55:15 INFO  scripts.synthetic_model_comparison.training.evaluation | evaluating on 4 batches
2026-08-03 02:55:23 INFO  scripts.synthetic_model_comparison.training.training_pipeline | epoch 122/200 — val mAP50=0.9650 mAP50_95=0.8225 (selection mAP50_95=0.8225)
2026-08-03 02:55:24 INFO  scripts.synthetic_model_comparison.training.evaluation | mlflow: logged val/mAP50=0.9650 val/mAP50_95=0.8225 (step=121)
2026-08-03 02:55:24 INFO  scripts.synthetic_model_comparison.training.evaluation | mlflow: logged val per-class AP table (12 classes)
2026-08-03 02:55:24 INFO  scripts.synthetic_model_comparison.training.training_pipeline | saved checkpoint: /home/debian/Master-Thesis/scripts/synthetic_model_comparison/training/model_exports/yolo26n-realvisxl-lightning-maxlen-seed43-20260803-021129/best.pt
2026-08-03 02:55:24 INFO  scripts.synthetic_model_comparison.training.training_pipeline | new best mAP50_95=0.8225 at epoch 122
2026-08-03 02:55:24 INFO  scripts.synthetic_model_comparison.training.training_pipeline | saved checkpoint: /home/debian/Master-Thesis/scripts/synthetic_model_comparison/training/model_exports/yolo26n-realvisxl-lightning-maxlen-seed43-20260803-021129/last.pt
2026-08-03 02:55:25 INFO  scripts.synthetic_model_comparison.training.training_pipeline | epoch 122/200 done — next lr=0.00339595, epochs_since_improve=0/20
2026-08-03 02:55:25 INFO  scripts.synthetic_model_comparison.training.training_pipeline | epoch 123/200 — train start (lr=0.00339595, batches=15)
2026-08-03 02:55:37 INFO  scripts.synthetic_model_comparison.training.training_pipeline | epoch 123/200 — train done in 12.5s | avg loss_box=0.5504 loss_cls=0.3393 loss_dfl=0.0166 loss_total=58.0350
2026-08-03 02:55:37 INFO  scripts.synthetic_model_comparison.training.evaluation | evaluating on 4 batches
2026-08-03 02:55:45 INFO  scripts.synthetic_model_comparison.training.training_pipeline | epoch 123/200 — val mAP50=0.9615 mAP50_95=0.8078 (selection mAP50_95=0.8078)
2026-08-03 02:55:46 INFO  scripts.synthetic_model_comparison.training.evaluation | mlflow: logged val/mAP50=0.9615 val/mAP50_95=0.8078 (step=122)
2026-08-03 02:55:46 INFO  scripts.synthetic_model_comparison.training.evaluation | mlflow: logged val per-class AP table (12 classes)
2026-08-03 02:55:47 INFO  scripts.synthetic_model_comparison.training.training_pipeline | saved checkpoint: /home/debian/Master-Thesis/scripts/synthetic_model_comparison/training/model_exports/yolo26n-realvisxl-lightning-maxlen-seed43-20260803-021129/last.pt
2026-08-03 02:55:47 INFO  scripts.synthetic_model_comparison.training.training_pipeline | epoch 123/200 done — next lr=0.00332075, epochs_since_improve=1/20
2026-08-03 02:55:47 INFO  scripts.synthetic_model_comparison.training.training_pipeline | epoch 124/200 — train start (lr=0.00332075, batches=15)
2026-08-03 02:55:55 INFO  scripts.synthetic_model_comparison.training.training_pipeline | step 1850 | loss_box=0.4172 loss_cls=0.3187 loss_dfl=0.0127 loss_total=48.7694 lr=0.00329079
2026-08-03 02:56:00 INFO  scripts.synthetic_model_comparison.training.training_pipeline | epoch 124/200 — train done in 13.0s | avg loss_box=0.5001 loss_cls=0.3240 loss_dfl=0.0149 loss_total=53.8426
2026-08-03 02:56:00 INFO  scripts.synthetic_model_comparison.training.evaluation | evaluating on 4 batches
2026-08-03 02:56:06 INFO  scripts.synthetic_model_comparison.training.training_pipeline | epoch 124/200 — val mAP50=0.9575 mAP50_95=0.8133 (selection mAP50_95=0.8133)
2026-08-03 02:56:07 INFO  scripts.synthetic_model_comparison.training.evaluation | mlflow: logged val/mAP50=0.9575 val/mAP50_95=0.8133 (step=123)
2026-08-03 02:56:07 INFO  scripts.synthetic_model_comparison.training.evaluation | mlflow: logged val per-class AP table (12 classes)
2026-08-03 02:56:07 INFO  scripts.synthetic_model_comparison.training.training_pipeline | saved checkpoint: /home/debian/Master-Thesis/scripts/synthetic_model_comparison/training/model_exports/yolo26n-realvisxl-lightning-maxlen-seed43-20260803-021129/last.pt
2026-08-03 02:56:08 INFO  scripts.synthetic_model_comparison.training.training_pipeline | epoch 124/200 done — next lr=0.00324598, epochs_since_improve=2/20
2026-08-03 02:56:08 INFO  scripts.synthetic_model_comparison.training.training_pipeline | epoch 125/200 — train start (lr=0.00324598, batches=15)
2026-08-03 02:56:20 INFO  scripts.synthetic_model_comparison.training.training_pipeline | epoch 125/200 — train done in 12.0s | avg loss_box=0.5161 loss_cls=0.3272 loss_dfl=0.0160 loss_total=54.8175
2026-08-03 02:56:20 INFO  scripts.synthetic_model_comparison.training.evaluation | evaluating on 4 batches
2026-08-03 02:56:26 INFO  scripts.synthetic_model_comparison.training.training_pipeline | epoch 125/200 — val mAP50=0.9559 mAP50_95=0.8057 (selection mAP50_95=0.8057)
2026-08-03 02:56:26 INFO  scripts.synthetic_model_comparison.training.evaluation | mlflow: logged val/mAP50=0.9559 val/mAP50_95=0.8057 (step=124)
2026-08-03 02:56:27 INFO  scripts.synthetic_model_comparison.training.evaluation | mlflow: logged val per-class AP table (12 classes)
2026-08-03 02:56:27 INFO  scripts.synthetic_model_comparison.training.training_pipeline | saved checkpoint: /home/debian/Master-Thesis/scripts/synthetic_model_comparison/training/model_exports/yolo26n-realvisxl-lightning-maxlen-seed43-20260803-021129/last.pt
2026-08-03 02:56:27 INFO  scripts.synthetic_model_comparison.training.training_pipeline | epoch 125/200 done — next lr=0.00317165, epochs_since_improve=3/20
2026-08-03 02:56:27 INFO  scripts.synthetic_model_comparison.training.training_pipeline | epoch 126/200 — train start (lr=0.00317165, batches=15)
2026-08-03 02:56:40 INFO  scripts.synthetic_model_comparison.training.training_pipeline | epoch 126/200 — train done in 12.6s | avg loss_box=0.5234 loss_cls=0.3431 loss_dfl=0.0158 loss_total=56.1618
2026-08-03 02:56:40 INFO  scripts.synthetic_model_comparison.training.evaluation | evaluating on 4 batches
2026-08-03 02:56:48 INFO  scripts.synthetic_model_comparison.training.training_pipeline | epoch 126/200 — val mAP50=0.9547 mAP50_95=0.8070 (selection mAP50_95=0.8070)
2026-08-03 02:56:48 INFO  scripts.synthetic_model_comparison.training.evaluation | mlflow: logged val/mAP50=0.9547 val/mAP50_95=0.8070 (step=125)
2026-08-03 02:56:49 INFO  scripts.synthetic_model_comparison.training.evaluation | mlflow: logged val per-class AP table (12 classes)
2026-08-03 02:56:49 INFO  scripts.synthetic_model_comparison.training.training_pipeline | saved checkpoint: /home/debian/Master-Thesis/scripts/synthetic_model_comparison/training/model_exports/yolo26n-realvisxl-lightning-maxlen-seed43-20260803-021129/last.pt
2026-08-03 02:56:49 INFO  scripts.synthetic_model_comparison.training.training_pipeline | epoch 126/200 done — next lr=0.00309779, epochs_since_improve=4/20
2026-08-03 02:56:49 INFO  scripts.synthetic_model_comparison.training.training_pipeline | epoch 127/200 — train start (lr=0.00309779, batches=15)
2026-08-03 02:57:00 INFO  scripts.synthetic_model_comparison.training.training_pipeline | step 1900 | loss_box=0.5302 loss_cls=0.2900 loss_dfl=0.0151 loss_total=55.4423 lr=0.00304393
2026-08-03 02:57:03 INFO  scripts.synthetic_model_comparison.training.training_pipeline | epoch 127/200 — train done in 13.8s | avg loss_box=0.5134 loss_cls=0.3410 loss_dfl=0.0157 loss_total=55.6484
2026-08-03 02:57:03 INFO  scripts.synthetic_model_comparison.training.evaluation | evaluating on 4 batches
2026-08-03 02:57:09 INFO  scripts.synthetic_model_comparison.training.training_pipeline | epoch 127/200 — val mAP50=0.9558 mAP50_95=0.7617 (selection mAP50_95=0.7617)
2026-08-03 02:57:10 INFO  scripts.synthetic_model_comparison.training.evaluation | mlflow: logged val/mAP50=0.9558 val/mAP50_95=0.7617 (step=126)
2026-08-03 02:57:10 INFO  scripts.synthetic_model_comparison.training.evaluation | mlflow: logged val per-class AP table (12 classes)
2026-08-03 02:57:10 INFO  scripts.synthetic_model_comparison.training.training_pipeline | saved checkpoint: /home/debian/Master-Thesis/scripts/synthetic_model_comparison/training/model_exports/yolo26n-realvisxl-lightning-maxlen-seed43-20260803-021129/last.pt
2026-08-03 02:57:11 INFO  scripts.synthetic_model_comparison.training.training_pipeline | epoch 127/200 done — next lr=0.00302441, epochs_since_improve=5/20
2026-08-03 02:57:11 INFO  scripts.synthetic_model_comparison.training.training_pipeline | epoch 128/200 — train start (lr=0.00302441, batches=15)
2026-08-03 02:57:23 INFO  scripts.synthetic_model_comparison.training.training_pipeline | epoch 128/200 — train done in 12.1s | avg loss_box=0.4976 loss_cls=0.3247 loss_dfl=0.0158 loss_total=54.1391
2026-08-03 02:57:23 INFO  scripts.synthetic_model_comparison.training.evaluation | evaluating on 4 batches
2026-08-03 02:57:31 INFO  scripts.synthetic_model_comparison.training.training_pipeline | epoch 128/200 — val mAP50=0.9600 mAP50_95=0.8217 (selection mAP50_95=0.8217)
2026-08-03 02:57:32 INFO  scripts.synthetic_model_comparison.training.evaluation | mlflow: logged val/mAP50=0.9600 val/mAP50_95=0.8217 (step=127)
2026-08-03 02:57:32 INFO  scripts.synthetic_model_comparison.training.evaluation | mlflow: logged val per-class AP table (12 classes)
2026-08-03 02:57:32 INFO  scripts.synthetic_model_comparison.training.training_pipeline | saved checkpoint: /home/debian/Master-Thesis/scripts/synthetic_model_comparison/training/model_exports/yolo26n-realvisxl-lightning-maxlen-seed43-20260803-021129/last.pt
2026-08-03 02:57:32 INFO  scripts.synthetic_model_comparison.training.training_pipeline | epoch 128/200 done — next lr=0.00295154, epochs_since_improve=6/20
2026-08-03 02:57:32 INFO  scripts.synthetic_model_comparison.training.training_pipeline | epoch 129/200 — train start (lr=0.00295154, batches=15)
2026-08-03 02:57:45 INFO  scripts.synthetic_model_comparison.training.training_pipeline | epoch 129/200 — train done in 12.9s | avg loss_box=0.5118 loss_cls=0.3372 loss_dfl=0.0157 loss_total=54.9907
2026-08-03 02:57:45 INFO  scripts.synthetic_model_comparison.training.evaluation | evaluating on 4 batches
2026-08-03 02:57:52 INFO  scripts.synthetic_model_comparison.training.training_pipeline | epoch 129/200 — val mAP50=0.9590 mAP50_95=0.8228 (selection mAP50_95=0.8228)
2026-08-03 02:57:52 INFO  scripts.synthetic_model_comparison.training.evaluation | mlflow: logged val/mAP50=0.9590 val/mAP50_95=0.8228 (step=128)
2026-08-03 02:57:53 INFO  scripts.synthetic_model_comparison.training.evaluation | mlflow: logged val per-class AP table (12 classes)
2026-08-03 02:57:53 INFO  scripts.synthetic_model_comparison.training.training_pipeline | saved checkpoint: /home/debian/Master-Thesis/scripts/synthetic_model_comparison/training/model_exports/yolo26n-realvisxl-lightning-maxlen-seed43-20260803-021129/last.pt
2026-08-03 02:57:53 INFO  scripts.synthetic_model_comparison.training.training_pipeline | epoch 129/200 done — next lr=0.00287919, epochs_since_improve=7/20
2026-08-03 02:57:53 INFO  scripts.synthetic_model_comparison.training.training_pipeline | epoch 130/200 — train start (lr=0.00287919, batches=15)
2026-08-03 02:58:06 INFO  scripts.synthetic_model_comparison.training.training_pipeline | epoch 130/200 — train done in 12.7s | avg loss_box=0.5051 loss_cls=0.3197 loss_dfl=0.0156 loss_total=53.8516
2026-08-03 02:58:06 INFO  scripts.synthetic_model_comparison.training.evaluation | evaluating on 4 batches
2026-08-03 02:58:12 INFO  scripts.synthetic_model_comparison.training.training_pipeline | epoch 130/200 — val mAP50=0.9623 mAP50_95=0.8133 (selection mAP50_95=0.8133)
2026-08-03 02:58:13 INFO  scripts.synthetic_model_comparison.training.evaluation | mlflow: logged val/mAP50=0.9623 val/mAP50_95=0.8133 (step=129)
2026-08-03 02:58:13 INFO  scripts.synthetic_model_comparison.training.evaluation | mlflow: logged val per-class AP table (12 classes)
2026-08-03 02:58:13 INFO  scripts.synthetic_model_comparison.training.training_pipeline | saved checkpoint: /home/debian/Master-Thesis/scripts/synthetic_model_comparison/training/model_exports/yolo26n-realvisxl-lightning-maxlen-seed43-20260803-021129/last.pt
2026-08-03 02:58:14 INFO  scripts.synthetic_model_comparison.training.training_pipeline | epoch 130/200 done — next lr=0.00280738, epochs_since_improve=8/20
2026-08-03 02:58:14 INFO  scripts.synthetic_model_comparison.training.training_pipeline | epoch 131/200 — train start (lr=0.00280738, batches=15)
2026-08-03 02:58:19 INFO  scripts.synthetic_model_comparison.training.training_pipeline | step 1950 | loss_box=0.5641 loss_cls=0.3183 loss_dfl=0.0192 loss_total=56.7128 lr=0.00280262
2026-08-03 02:58:27 INFO  scripts.synthetic_model_comparison.training.training_pipeline | epoch 131/200 — train done in 13.2s | avg loss_box=0.4987 loss_cls=0.3181 loss_dfl=0.0153 loss_total=53.1553
2026-08-03 02:58:27 INFO  scripts.synthetic_model_comparison.training.evaluation | evaluating on 4 batches
2026-08-03 02:58:33 INFO  scripts.synthetic_model_comparison.training.training_pipeline | epoch 131/200 — val mAP50=0.9675 mAP50_95=0.8367 (selection mAP50_95=0.8367)
2026-08-03 02:58:34 INFO  scripts.synthetic_model_comparison.training.evaluation | mlflow: logged val/mAP50=0.9675 val/mAP50_95=0.8367 (step=130)
2026-08-03 02:58:34 INFO  scripts.synthetic_model_comparison.training.evaluation | mlflow: logged val per-class AP table (12 classes)
2026-08-03 02:58:34 INFO  scripts.synthetic_model_comparison.training.training_pipeline | saved checkpoint: /home/debian/Master-Thesis/scripts/synthetic_model_comparison/training/model_exports/yolo26n-realvisxl-lightning-maxlen-seed43-20260803-021129/best.pt
2026-08-03 02:58:34 INFO  scripts.synthetic_model_comparison.training.training_pipeline | new best mAP50_95=0.8367 at epoch 131
2026-08-03 02:58:34 INFO  scripts.synthetic_model_comparison.training.training_pipeline | saved checkpoint: /home/debian/Master-Thesis/scripts/synthetic_model_comparison/training/model_exports/yolo26n-realvisxl-lightning-maxlen-seed43-20260803-021129/last.pt
2026-08-03 02:58:35 INFO  scripts.synthetic_model_comparison.training.training_pipeline | epoch 131/200 done — next lr=0.00273613, epochs_since_improve=0/20
2026-08-03 02:58:35 INFO  scripts.synthetic_model_comparison.training.training_pipeline | epoch 132/200 — train start (lr=0.00273613, batches=15)
2026-08-03 02:58:46 INFO  scripts.synthetic_model_comparison.training.training_pipeline | epoch 132/200 — train done in 11.5s | avg loss_box=0.5052 loss_cls=0.3131 loss_dfl=0.0158 loss_total=53.4725
2026-08-03 02:58:46 INFO  scripts.synthetic_model_comparison.training.evaluation | evaluating on 4 batches
2026-08-03 02:58:52 INFO  scripts.synthetic_model_comparison.training.training_pipeline | epoch 132/200 — val mAP50=0.9619 mAP50_95=0.8245 (selection mAP50_95=0.8245)
2026-08-03 02:58:53 INFO  scripts.synthetic_model_comparison.training.evaluation | mlflow: logged val/mAP50=0.9619 val/mAP50_95=0.8245 (step=131)
2026-08-03 02:58:53 INFO  scripts.synthetic_model_comparison.training.evaluation | mlflow: logged val per-class AP table (12 classes)
2026-08-03 02:58:53 INFO  scripts.synthetic_model_comparison.training.training_pipeline | saved checkpoint: /home/debian/Master-Thesis/scripts/synthetic_model_comparison/training/model_exports/yolo26n-realvisxl-lightning-maxlen-seed43-20260803-021129/last.pt
2026-08-03 02:58:54 INFO  scripts.synthetic_model_comparison.training.training_pipeline | epoch 132/200 done — next lr=0.00266546, epochs_since_improve=1/20
2026-08-03 02:58:54 INFO  scripts.synthetic_model_comparison.training.training_pipeline | epoch 133/200 — train start (lr=0.00266546, batches=15)
2026-08-03 02:59:06 INFO  scripts.synthetic_model_comparison.training.training_pipeline | epoch 133/200 — train done in 12.1s | avg loss_box=0.4897 loss_cls=0.3044 loss_dfl=0.0150 loss_total=52.0330
2026-08-03 02:59:06 INFO  scripts.synthetic_model_comparison.training.evaluation | evaluating on 4 batches
2026-08-03 02:59:12 INFO  scripts.synthetic_model_comparison.training.training_pipeline | epoch 133/200 — val mAP50=0.9662 mAP50_95=0.8055 (selection mAP50_95=0.8055)
2026-08-03 02:59:13 INFO  scripts.synthetic_model_comparison.training.evaluation | mlflow: logged val/mAP50=0.9662 val/mAP50_95=0.8055 (step=132)
2026-08-03 02:59:13 INFO  scripts.synthetic_model_comparison.training.evaluation | mlflow: logged val per-class AP table (12 classes)
2026-08-03 02:59:13 INFO  scripts.synthetic_model_comparison.training.training_pipeline | saved checkpoint: /home/debian/Master-Thesis/scripts/synthetic_model_comparison/training/model_exports/yolo26n-realvisxl-lightning-maxlen-seed43-20260803-021129/last.pt
2026-08-03 02:59:14 INFO  scripts.synthetic_model_comparison.training.training_pipeline | epoch 133/200 done — next lr=0.00259538, epochs_since_improve=2/20
2026-08-03 02:59:14 INFO  scripts.synthetic_model_comparison.training.training_pipeline | epoch 134/200 — train start (lr=0.00259538, batches=15)
2026-08-03 02:59:22 INFO  scripts.synthetic_model_comparison.training.training_pipeline | step 2000 | loss_box=0.4747 loss_cls=0.3201 loss_dfl=0.0137 loss_total=51.8884 lr=0.00256752
2026-08-03 02:59:27 INFO  scripts.synthetic_model_comparison.training.training_pipeline | epoch 134/200 — train done in 13.6s | avg loss_box=0.4730 loss_cls=0.3079 loss_dfl=0.0148 loss_total=51.2041
2026-08-03 02:59:27 INFO  scripts.synthetic_model_comparison.training.evaluation | evaluating on 4 batches
2026-08-03 02:59:35 INFO  scripts.synthetic_model_comparison.training.training_pipeline | epoch 134/200 — val mAP50=0.9672 mAP50_95=0.8032 (selection mAP50_95=0.8032)
2026-08-03 02:59:36 INFO  scripts.synthetic_model_comparison.training.evaluation | mlflow: logged val/mAP50=0.9672 val/mAP50_95=0.8032 (step=133)
2026-08-03 02:59:36 INFO  scripts.synthetic_model_comparison.training.evaluation | mlflow: logged val per-class AP table (12 classes)
2026-08-03 02:59:36 INFO  scripts.synthetic_model_comparison.training.training_pipeline | saved checkpoint: /home/debian/Master-Thesis/scripts/synthetic_model_comparison/training/model_exports/yolo26n-realvisxl-lightning-maxlen-seed43-20260803-021129/last.pt
2026-08-03 02:59:37 INFO  scripts.synthetic_model_comparison.training.training_pipeline | epoch 134/200 done — next lr=0.00252592, epochs_since_improve=3/20
2026-08-03 02:59:37 INFO  scripts.synthetic_model_comparison.training.training_pipeline | epoch 135/200 — train start (lr=0.00252592, batches=15)
2026-08-03 02:59:49 INFO  scripts.synthetic_model_comparison.training.training_pipeline | epoch 135/200 — train done in 12.5s | avg loss_box=0.4941 loss_cls=0.3073 loss_dfl=0.0149 loss_total=52.4803
2026-08-03 02:59:49 INFO  scripts.synthetic_model_comparison.training.evaluation | evaluating on 4 batches
2026-08-03 02:59:55 INFO  scripts.synthetic_model_comparison.training.training_pipeline | epoch 135/200 — val mAP50=0.9590 mAP50_95=0.8241 (selection mAP50_95=0.8241)
2026-08-03 02:59:56 INFO  scripts.synthetic_model_comparison.training.evaluation | mlflow: logged val/mAP50=0.9590 val/mAP50_95=0.8241 (step=134)
2026-08-03 02:59:56 INFO  scripts.synthetic_model_comparison.training.evaluation | mlflow: logged val per-class AP table (12 classes)
2026-08-03 02:59:56 INFO  scripts.synthetic_model_comparison.training.training_pipeline | saved checkpoint: /home/debian/Master-Thesis/scripts/synthetic_model_comparison/training/model_exports/yolo26n-realvisxl-lightning-maxlen-seed43-20260803-021129/last.pt
2026-08-03 02:59:57 INFO  scripts.synthetic_model_comparison.training.training_pipeline | epoch 135/200 done — next lr=0.00245708, epochs_since_improve=4/20
2026-08-03 02:59:57 INFO  scripts.synthetic_model_comparison.training.training_pipeline | epoch 136/200 — train start (lr=0.00245708, batches=15)
2026-08-03 03:00:09 INFO  scripts.synthetic_model_comparison.training.training_pipeline | epoch 136/200 — train done in 12.1s | avg loss_box=0.4868 loss_cls=0.3001 loss_dfl=0.0152 loss_total=51.8662
2026-08-03 03:00:09 INFO  scripts.synthetic_model_comparison.training.evaluation | evaluating on 4 batches
2026-08-03 03:00:15 INFO  scripts.synthetic_model_comparison.training.training_pipeline | epoch 136/200 — val mAP50=0.9607 mAP50_95=0.8268 (selection mAP50_95=0.8268)
2026-08-03 03:00:16 INFO  scripts.synthetic_model_comparison.training.evaluation | mlflow: logged val/mAP50=0.9607 val/mAP50_95=0.8268 (step=135)
2026-08-03 03:00:16 INFO  scripts.synthetic_model_comparison.training.evaluation | mlflow: logged val per-class AP table (12 classes)
2026-08-03 03:00:16 INFO  scripts.synthetic_model_comparison.training.training_pipeline | saved checkpoint: /home/debian/Master-Thesis/scripts/synthetic_model_comparison/training/model_exports/yolo26n-realvisxl-lightning-maxlen-seed43-20260803-021129/last.pt
2026-08-03 03:00:17 INFO  scripts.synthetic_model_comparison.training.training_pipeline | epoch 136/200 done — next lr=0.0023889, epochs_since_improve=5/20
2026-08-03 03:00:17 INFO  scripts.synthetic_model_comparison.training.training_pipeline | epoch 137/200 — train start (lr=0.0023889, batches=15)
2026-08-03 03:00:27 INFO  scripts.synthetic_model_comparison.training.training_pipeline | step 2050 | loss_box=0.5069 loss_cls=0.2718 loss_dfl=0.0160 loss_total=51.4720 lr=0.00233931
2026-08-03 03:00:30 INFO  scripts.synthetic_model_comparison.training.training_pipeline | epoch 137/200 — train done in 13.5s | avg loss_box=0.4761 loss_cls=0.2821 loss_dfl=0.0144 loss_total=50.0074
2026-08-03 03:00:30 INFO  scripts.synthetic_model_comparison.training.evaluation | evaluating on 4 batches
2026-08-03 03:00:36 INFO  scripts.synthetic_model_comparison.training.training_pipeline | epoch 137/200 — val mAP50=0.9665 mAP50_95=0.8276 (selection mAP50_95=0.8276)
2026-08-03 03:00:37 INFO  scripts.synthetic_model_comparison.training.evaluation | mlflow: logged val/mAP50=0.9665 val/mAP50_95=0.8276 (step=136)
2026-08-03 03:00:37 INFO  scripts.synthetic_model_comparison.training.evaluation | mlflow: logged val per-class AP table (12 classes)
2026-08-03 03:00:38 INFO  scripts.synthetic_model_comparison.training.training_pipeline | saved checkpoint: /home/debian/Master-Thesis/scripts/synthetic_model_comparison/training/model_exports/yolo26n-realvisxl-lightning-maxlen-seed43-20260803-021129/last.pt
2026-08-03 03:00:38 INFO  scripts.synthetic_model_comparison.training.training_pipeline | epoch 137/200 done — next lr=0.00232138, epochs_since_improve=6/20
2026-08-03 03:00:38 INFO  scripts.synthetic_model_comparison.training.training_pipeline | epoch 138/200 — train start (lr=0.00232138, batches=15)
2026-08-03 03:00:49 INFO  scripts.synthetic_model_comparison.training.training_pipeline | epoch 138/200 — train done in 11.4s | avg loss_box=0.4731 loss_cls=0.2759 loss_dfl=0.0144 loss_total=49.5642
2026-08-03 03:00:49 INFO  scripts.synthetic_model_comparison.training.evaluation | evaluating on 4 batches
2026-08-03 03:00:57 INFO  scripts.synthetic_model_comparison.training.training_pipeline | epoch 138/200 — val mAP50=0.9658 mAP50_95=0.8332 (selection mAP50_95=0.8332)
2026-08-03 03:00:58 INFO  scripts.synthetic_model_comparison.training.evaluation | mlflow: logged val/mAP50=0.9658 val/mAP50_95=0.8332 (step=137)
2026-08-03 03:00:58 INFO  scripts.synthetic_model_comparison.training.evaluation | mlflow: logged val per-class AP table (12 classes)
2026-08-03 03:00:58 INFO  scripts.synthetic_model_comparison.training.training_pipeline | saved checkpoint: /home/debian/Master-Thesis/scripts/synthetic_model_comparison/training/model_exports/yolo26n-realvisxl-lightning-maxlen-seed43-20260803-021129/last.pt
2026-08-03 03:00:59 INFO  scripts.synthetic_model_comparison.training.training_pipeline | epoch 138/200 done — next lr=0.00225454, epochs_since_improve=7/20
2026-08-03 03:00:59 INFO  scripts.synthetic_model_comparison.training.training_pipeline | epoch 139/200 — train start (lr=0.00225454, batches=15)
2026-08-03 03:01:11 INFO  scripts.synthetic_model_comparison.training.training_pipeline | epoch 139/200 — train done in 12.4s | avg loss_box=0.4600 loss_cls=0.2974 loss_dfl=0.0144 loss_total=49.8576
2026-08-03 03:01:11 INFO  scripts.synthetic_model_comparison.training.evaluation | evaluating on 4 batches
2026-08-03 03:01:19 INFO  scripts.synthetic_model_comparison.training.training_pipeline | epoch 139/200 — val mAP50=0.9668 mAP50_95=0.8290 (selection mAP50_95=0.8290)
2026-08-03 03:01:20 INFO  scripts.synthetic_model_comparison.training.evaluation | mlflow: logged val/mAP50=0.9668 val/mAP50_95=0.8290 (step=138)
2026-08-03 03:01:20 INFO  scripts.synthetic_model_comparison.training.evaluation | mlflow: logged val per-class AP table (12 classes)
2026-08-03 03:01:20 INFO  scripts.synthetic_model_comparison.training.training_pipeline | saved checkpoint: /home/debian/Master-Thesis/scripts/synthetic_model_comparison/training/model_exports/yolo26n-realvisxl-lightning-maxlen-seed43-20260803-021129/last.pt
2026-08-03 03:01:21 INFO  scripts.synthetic_model_comparison.training.training_pipeline | epoch 139/200 done — next lr=0.0021884, epochs_since_improve=8/20
2026-08-03 03:01:21 INFO  scripts.synthetic_model_comparison.training.training_pipeline | epoch 140/200 — train start (lr=0.0021884, batches=15)
2026-08-03 03:01:33 INFO  scripts.synthetic_model_comparison.training.training_pipeline | epoch 140/200 — train done in 11.9s | avg loss_box=0.4478 loss_cls=0.2737 loss_dfl=0.0137 loss_total=47.8649
2026-08-03 03:01:33 INFO  scripts.synthetic_model_comparison.training.evaluation | evaluating on 4 batches
2026-08-03 03:01:39 INFO  scripts.synthetic_model_comparison.training.training_pipeline | epoch 140/200 — val mAP50=0.9642 mAP50_95=0.8283 (selection mAP50_95=0.8283)
2026-08-03 03:01:39 INFO  scripts.synthetic_model_comparison.training.evaluation | mlflow: logged val/mAP50=0.9642 val/mAP50_95=0.8283 (step=139)
2026-08-03 03:01:40 INFO  scripts.synthetic_model_comparison.training.evaluation | mlflow: logged val per-class AP table (12 classes)
2026-08-03 03:01:40 INFO  scripts.synthetic_model_comparison.training.training_pipeline | saved checkpoint: /home/debian/Master-Thesis/scripts/synthetic_model_comparison/training/model_exports/yolo26n-realvisxl-lightning-maxlen-seed43-20260803-021129/last.pt
2026-08-03 03:01:40 INFO  scripts.synthetic_model_comparison.training.training_pipeline | epoch 140/200 done — next lr=0.00212297, epochs_since_improve=9/20
2026-08-03 03:01:40 INFO  scripts.synthetic_model_comparison.training.training_pipeline | epoch 141/200 — train start (lr=0.00212297, batches=15)
2026-08-03 03:01:46 INFO  scripts.synthetic_model_comparison.training.training_pipeline | step 2100 | loss_box=0.4365 loss_cls=0.3063 loss_dfl=0.0130 loss_total=48.8088 lr=0.00211864
2026-08-03 03:01:53 INFO  scripts.synthetic_model_comparison.training.training_pipeline | epoch 141/200 — train done in 13.2s | avg loss_box=0.4459 loss_cls=0.2658 loss_dfl=0.0137 loss_total=47.4621
2026-08-03 03:01:53 INFO  scripts.synthetic_model_comparison.training.evaluation | evaluating on 4 batches
2026-08-03 03:01:59 INFO  scripts.synthetic_model_comparison.training.training_pipeline | epoch 141/200 — val mAP50=0.9677 mAP50_95=0.8351 (selection mAP50_95=0.8351)
2026-08-03 03:02:00 INFO  scripts.synthetic_model_comparison.training.evaluation | mlflow: logged val/mAP50=0.9677 val/mAP50_95=0.8351 (step=140)
2026-08-03 03:02:00 INFO  scripts.synthetic_model_comparison.training.evaluation | mlflow: logged val per-class AP table (12 classes)
2026-08-03 03:02:01 INFO  scripts.synthetic_model_comparison.training.training_pipeline | saved checkpoint: /home/debian/Master-Thesis/scripts/synthetic_model_comparison/training/model_exports/yolo26n-realvisxl-lightning-maxlen-seed43-20260803-021129/last.pt
2026-08-03 03:02:01 INFO  scripts.synthetic_model_comparison.training.training_pipeline | epoch 141/200 done — next lr=0.00205828, epochs_since_improve=10/20
2026-08-03 03:02:01 INFO  scripts.synthetic_model_comparison.training.training_pipeline | epoch 142/200 — train start (lr=0.00205828, batches=15)
2026-08-03 03:02:13 INFO  scripts.synthetic_model_comparison.training.training_pipeline | epoch 142/200 — train done in 11.7s | avg loss_box=0.4413 loss_cls=0.2878 loss_dfl=0.0133 loss_total=48.0163
2026-08-03 03:02:13 INFO  scripts.synthetic_model_comparison.training.evaluation | evaluating on 4 batches
2026-08-03 03:02:19 INFO  scripts.synthetic_model_comparison.training.training_pipeline | epoch 142/200 — val mAP50=0.9655 mAP50_95=0.8256 (selection mAP50_95=0.8256)
2026-08-03 03:02:20 INFO  scripts.synthetic_model_comparison.training.evaluation | mlflow: logged val/mAP50=0.9655 val/mAP50_95=0.8256 (step=141)
2026-08-03 03:02:20 INFO  scripts.synthetic_model_comparison.training.evaluation | mlflow: logged val per-class AP table (12 classes)
2026-08-03 03:02:20 INFO  scripts.synthetic_model_comparison.training.training_pipeline | saved checkpoint: /home/debian/Master-Thesis/scripts/synthetic_model_comparison/training/model_exports/yolo26n-realvisxl-lightning-maxlen-seed43-20260803-021129/last.pt
2026-08-03 03:02:21 INFO  scripts.synthetic_model_comparison.training.training_pipeline | epoch 142/200 done — next lr=0.00199434, epochs_since_improve=11/20
2026-08-03 03:02:21 INFO  scripts.synthetic_model_comparison.training.training_pipeline | epoch 143/200 — train start (lr=0.00199434, batches=15)
2026-08-03 03:02:32 INFO  scripts.synthetic_model_comparison.training.training_pipeline | epoch 143/200 — train done in 11.8s | avg loss_box=0.4647 loss_cls=0.2698 loss_dfl=0.0143 loss_total=48.6417
2026-08-03 03:02:32 INFO  scripts.synthetic_model_comparison.training.evaluation | evaluating on 4 batches
2026-08-03 03:02:39 INFO  scripts.synthetic_model_comparison.training.training_pipeline | epoch 143/200 — val mAP50=0.9632 mAP50_95=0.8233 (selection mAP50_95=0.8233)
2026-08-03 03:02:39 INFO  scripts.synthetic_model_comparison.training.evaluation | mlflow: logged val/mAP50=0.9632 val/mAP50_95=0.8233 (step=142)
2026-08-03 03:02:40 INFO  scripts.synthetic_model_comparison.training.evaluation | mlflow: logged val per-class AP table (12 classes)
2026-08-03 03:02:40 INFO  scripts.synthetic_model_comparison.training.training_pipeline | saved checkpoint: /home/debian/Master-Thesis/scripts/synthetic_model_comparison/training/model_exports/yolo26n-realvisxl-lightning-maxlen-seed43-20260803-021129/last.pt
2026-08-03 03:02:40 INFO  scripts.synthetic_model_comparison.training.training_pipeline | epoch 143/200 done — next lr=0.00193117, epochs_since_improve=12/20
2026-08-03 03:02:40 INFO  scripts.synthetic_model_comparison.training.training_pipeline | epoch 144/200 — train start (lr=0.00193117, batches=15)
2026-08-03 03:02:49 INFO  scripts.synthetic_model_comparison.training.training_pipeline | step 2150 | loss_box=0.4258 loss_cls=0.3786 loss_dfl=0.0116 loss_total=50.9766 lr=0.00190611
2026-08-03 03:02:54 INFO  scripts.synthetic_model_comparison.training.training_pipeline | epoch 144/200 — train done in 13.4s | avg loss_box=0.4217 loss_cls=0.2766 loss_dfl=0.0129 loss_total=46.2269
2026-08-03 03:02:54 INFO  scripts.synthetic_model_comparison.training.evaluation | evaluating on 4 batches
2026-08-03 03:03:00 INFO  scripts.synthetic_model_comparison.training.training_pipeline | epoch 144/200 — val mAP50=0.9655 mAP50_95=0.8383 (selection mAP50_95=0.8383)
2026-08-03 03:03:00 INFO  scripts.synthetic_model_comparison.training.evaluation | mlflow: logged val/mAP50=0.9655 val/mAP50_95=0.8383 (step=143)
2026-08-03 03:03:01 INFO  scripts.synthetic_model_comparison.training.evaluation | mlflow: logged val per-class AP table (12 classes)
2026-08-03 03:03:01 INFO  scripts.synthetic_model_comparison.training.training_pipeline | saved checkpoint: /home/debian/Master-Thesis/scripts/synthetic_model_comparison/training/model_exports/yolo26n-realvisxl-lightning-maxlen-seed43-20260803-021129/best.pt
2026-08-03 03:03:01 INFO  scripts.synthetic_model_comparison.training.training_pipeline | new best mAP50_95=0.8383 at epoch 144
2026-08-03 03:03:01 INFO  scripts.synthetic_model_comparison.training.training_pipeline | saved checkpoint: /home/debian/Master-Thesis/scripts/synthetic_model_comparison/training/model_exports/yolo26n-realvisxl-lightning-maxlen-seed43-20260803-021129/last.pt
2026-08-03 03:03:01 INFO  scripts.synthetic_model_comparison.training.training_pipeline | epoch 144/200 done — next lr=0.00186877, epochs_since_improve=0/20
2026-08-03 03:03:01 INFO  scripts.synthetic_model_comparison.training.training_pipeline | epoch 145/200 — train start (lr=0.00186877, batches=15)
2026-08-03 03:03:14 INFO  scripts.synthetic_model_comparison.training.training_pipeline | epoch 145/200 — train done in 12.2s | avg loss_box=0.4582 loss_cls=0.2847 loss_dfl=0.0139 loss_total=48.6672
2026-08-03 03:03:14 INFO  scripts.synthetic_model_comparison.training.evaluation | evaluating on 4 batches
2026-08-03 03:03:21 INFO  scripts.synthetic_model_comparison.training.training_pipeline | epoch 145/200 — val mAP50=0.9649 mAP50_95=0.8179 (selection mAP50_95=0.8179)
2026-08-03 03:03:22 INFO  scripts.synthetic_model_comparison.training.evaluation | mlflow: logged val/mAP50=0.9649 val/mAP50_95=0.8179 (step=144)
2026-08-03 03:03:22 INFO  scripts.synthetic_model_comparison.training.evaluation | mlflow: logged val per-class AP table (12 classes)
2026-08-03 03:03:22 INFO  scripts.synthetic_model_comparison.training.training_pipeline | saved checkpoint: /home/debian/Master-Thesis/scripts/synthetic_model_comparison/training/model_exports/yolo26n-realvisxl-lightning-maxlen-seed43-20260803-021129/last.pt
2026-08-03 03:03:23 INFO  scripts.synthetic_model_comparison.training.training_pipeline | epoch 145/200 done — next lr=0.00180718, epochs_since_improve=1/20
2026-08-03 03:03:23 INFO  scripts.synthetic_model_comparison.training.training_pipeline | epoch 146/200 — train start (lr=0.00180718, batches=15)
2026-08-03 03:03:35 INFO  scripts.synthetic_model_comparison.training.training_pipeline | epoch 146/200 — train done in 12.1s | avg loss_box=0.4452 loss_cls=0.2612 loss_dfl=0.0136 loss_total=46.7103
2026-08-03 03:03:35 INFO  scripts.synthetic_model_comparison.training.evaluation | evaluating on 4 batches
2026-08-03 03:03:41 INFO  scripts.synthetic_model_comparison.training.training_pipeline | epoch 146/200 — val mAP50=0.9669 mAP50_95=0.8346 (selection mAP50_95=0.8346)
2026-08-03 03:03:42 INFO  scripts.synthetic_model_comparison.training.evaluation | mlflow: logged val/mAP50=0.9669 val/mAP50_95=0.8346 (step=145)
2026-08-03 03:03:42 INFO  scripts.synthetic_model_comparison.training.evaluation | mlflow: logged val per-class AP table (12 classes)
2026-08-03 03:03:42 INFO  scripts.synthetic_model_comparison.training.training_pipeline | saved checkpoint: /home/debian/Master-Thesis/scripts/synthetic_model_comparison/training/model_exports/yolo26n-realvisxl-lightning-maxlen-seed43-20260803-021129/last.pt
2026-08-03 03:03:43 INFO  scripts.synthetic_model_comparison.training.training_pipeline | epoch 146/200 done — next lr=0.00174639, epochs_since_improve=2/20
2026-08-03 03:03:43 INFO  scripts.synthetic_model_comparison.training.training_pipeline | epoch 147/200 — train start (lr=0.00174639, batches=15)
2026-08-03 03:03:53 INFO  scripts.synthetic_model_comparison.training.training_pipeline | step 2200 | loss_box=0.3647 loss_cls=0.2146 loss_dfl=0.0106 loss_total=39.5745 lr=0.00170234
2026-08-03 03:03:56 INFO  scripts.synthetic_model_comparison.training.training_pipeline | epoch 147/200 — train done in 13.8s | avg loss_box=0.4335 loss_cls=0.2765 loss_dfl=0.0131 loss_total=46.7437
2026-08-03 03:03:56 INFO  scripts.synthetic_model_comparison.training.evaluation | evaluating on 4 batches
2026-08-03 03:04:03 INFO  scripts.synthetic_model_comparison.training.training_pipeline | epoch 147/200 — val mAP50=0.9643 mAP50_95=0.8319 (selection mAP50_95=0.8319)
2026-08-03 03:04:03 INFO  scripts.synthetic_model_comparison.training.evaluation | mlflow: logged val/mAP50=0.9643 val/mAP50_95=0.8319 (step=146)
2026-08-03 03:04:04 INFO  scripts.synthetic_model_comparison.training.evaluation | mlflow: logged val per-class AP table (12 classes)
2026-08-03 03:04:04 INFO  scripts.synthetic_model_comparison.training.training_pipeline | saved checkpoint: /home/debian/Master-Thesis/scripts/synthetic_model_comparison/training/model_exports/yolo26n-realvisxl-lightning-maxlen-seed43-20260803-021129/last.pt
2026-08-03 03:04:04 INFO  scripts.synthetic_model_comparison.training.training_pipeline | epoch 147/200 done — next lr=0.00168644, epochs_since_improve=3/20
2026-08-03 03:04:04 INFO  scripts.synthetic_model_comparison.training.training_pipeline | epoch 148/200 — train start (lr=0.00168644, batches=15)
2026-08-03 03:04:16 INFO  scripts.synthetic_model_comparison.training.training_pipeline | epoch 148/200 — train done in 12.4s | avg loss_box=0.4169 loss_cls=0.2648 loss_dfl=0.0126 loss_total=45.1265
2026-08-03 03:04:16 INFO  scripts.synthetic_model_comparison.training.evaluation | evaluating on 4 batches
2026-08-03 03:04:23 INFO  scripts.synthetic_model_comparison.training.training_pipeline | epoch 148/200 — val mAP50=0.9635 mAP50_95=0.8285 (selection mAP50_95=0.8285)
2026-08-03 03:04:23 INFO  scripts.synthetic_model_comparison.training.evaluation | mlflow: logged val/mAP50=0.9635 val/mAP50_95=0.8285 (step=147)
2026-08-03 03:04:24 INFO  scripts.synthetic_model_comparison.training.evaluation | mlflow: logged val per-class AP table (12 classes)
2026-08-03 03:04:24 INFO  scripts.synthetic_model_comparison.training.training_pipeline | saved checkpoint: /home/debian/Master-Thesis/scripts/synthetic_model_comparison/training/model_exports/yolo26n-realvisxl-lightning-maxlen-seed43-20260803-021129/last.pt
2026-08-03 03:04:24 INFO  scripts.synthetic_model_comparison.training.training_pipeline | epoch 148/200 done — next lr=0.00162733, epochs_since_improve=4/20
2026-08-03 03:04:24 INFO  scripts.synthetic_model_comparison.training.training_pipeline | epoch 149/200 — train start (lr=0.00162733, batches=15)
2026-08-03 03:04:37 INFO  scripts.synthetic_model_comparison.training.training_pipeline | epoch 149/200 — train done in 12.6s | avg loss_box=0.4253 loss_cls=0.2534 loss_dfl=0.0130 loss_total=45.2720
2026-08-03 03:04:37 INFO  scripts.synthetic_model_comparison.training.evaluation | evaluating on 4 batches
2026-08-03 03:04:45 INFO  scripts.synthetic_model_comparison.training.training_pipeline | epoch 149/200 — val mAP50=0.9702 mAP50_95=0.8330 (selection mAP50_95=0.8330)
2026-08-03 03:04:46 INFO  scripts.synthetic_model_comparison.training.evaluation | mlflow: logged val/mAP50=0.9702 val/mAP50_95=0.8330 (step=148)
2026-08-03 03:04:46 INFO  scripts.synthetic_model_comparison.training.evaluation | mlflow: logged val per-class AP table (12 classes)
2026-08-03 03:04:46 INFO  scripts.synthetic_model_comparison.training.training_pipeline | saved checkpoint: /home/debian/Master-Thesis/scripts/synthetic_model_comparison/training/model_exports/yolo26n-realvisxl-lightning-maxlen-seed43-20260803-021129/last.pt
2026-08-03 03:04:46 INFO  scripts.synthetic_model_comparison.training.training_pipeline | epoch 149/200 done — next lr=0.00156908, epochs_since_improve=5/20
2026-08-03 03:04:46 INFO  scripts.synthetic_model_comparison.training.training_pipeline | epoch 150/200 — train start (lr=0.00156908, batches=15)
2026-08-03 03:04:59 INFO  scripts.synthetic_model_comparison.training.training_pipeline | epoch 150/200 — train done in 12.6s | avg loss_box=0.4172 loss_cls=0.2372 loss_dfl=0.0124 loss_total=43.7874
2026-08-03 03:04:59 INFO  scripts.synthetic_model_comparison.training.evaluation | evaluating on 4 batches
2026-08-03 03:05:05 INFO  scripts.synthetic_model_comparison.training.training_pipeline | epoch 150/200 — val mAP50=0.9626 mAP50_95=0.8363 (selection mAP50_95=0.8363)
2026-08-03 03:05:06 INFO  scripts.synthetic_model_comparison.training.evaluation | mlflow: logged val/mAP50=0.9626 val/mAP50_95=0.8363 (step=149)
2026-08-03 03:05:06 INFO  scripts.synthetic_model_comparison.training.evaluation | mlflow: logged val per-class AP table (12 classes)
2026-08-03 03:05:06 INFO  scripts.synthetic_model_comparison.training.training_pipeline | saved checkpoint: /home/debian/Master-Thesis/scripts/synthetic_model_comparison/training/model_exports/yolo26n-realvisxl-lightning-maxlen-seed43-20260803-021129/last.pt
2026-08-03 03:05:07 INFO  scripts.synthetic_model_comparison.training.training_pipeline | epoch 150/200 done — next lr=0.0015117, epochs_since_improve=6/20
2026-08-03 03:05:07 INFO  scripts.synthetic_model_comparison.training.training_pipeline | epoch 151/200 — train start (lr=0.0015117, batches=15)
2026-08-03 03:05:13 INFO  scripts.synthetic_model_comparison.training.training_pipeline | step 2250 | loss_box=0.3739 loss_cls=0.2117 loss_dfl=0.0121 loss_total=40.0397 lr=0.00150791
2026-08-03 03:05:20 INFO  scripts.synthetic_model_comparison.training.training_pipeline | epoch 151/200 — train done in 13.7s | avg loss_box=0.4091 loss_cls=0.2441 loss_dfl=0.0125 loss_total=43.6999
2026-08-03 03:05:20 INFO  scripts.synthetic_model_comparison.training.evaluation | evaluating on 4 batches
2026-08-03 03:05:26 INFO  scripts.synthetic_model_comparison.training.training_pipeline | epoch 151/200 — val mAP50=0.9644 mAP50_95=0.8214 (selection mAP50_95=0.8214)
2026-08-03 03:05:27 INFO  scripts.synthetic_model_comparison.training.evaluation | mlflow: logged val/mAP50=0.9644 val/mAP50_95=0.8214 (step=150)
2026-08-03 03:05:27 INFO  scripts.synthetic_model_comparison.training.evaluation | mlflow: logged val per-class AP table (12 classes)
2026-08-03 03:05:28 INFO  scripts.synthetic_model_comparison.training.training_pipeline | saved checkpoint: /home/debian/Master-Thesis/scripts/synthetic_model_comparison/training/model_exports/yolo26n-realvisxl-lightning-maxlen-seed43-20260803-021129/last.pt
2026-08-03 03:05:28 INFO  scripts.synthetic_model_comparison.training.training_pipeline | epoch 151/200 done — next lr=0.00145521, epochs_since_improve=7/20
2026-08-03 03:05:28 INFO  scripts.synthetic_model_comparison.training.training_pipeline | epoch 152/200 — train start (lr=0.00145521, batches=15)
2026-08-03 03:05:40 INFO  scripts.synthetic_model_comparison.training.training_pipeline | epoch 152/200 — train done in 12.1s | avg loss_box=0.4175 loss_cls=0.2500 loss_dfl=0.0128 loss_total=44.3326
2026-08-03 03:05:40 INFO  scripts.synthetic_model_comparison.training.evaluation | evaluating on 4 batches
2026-08-03 03:05:46 INFO  scripts.synthetic_model_comparison.training.training_pipeline | epoch 152/200 — val mAP50=0.9676 mAP50_95=0.8345 (selection mAP50_95=0.8345)
2026-08-03 03:05:47 INFO  scripts.synthetic_model_comparison.training.evaluation | mlflow: logged val/mAP50=0.9676 val/mAP50_95=0.8345 (step=151)
2026-08-03 03:05:47 INFO  scripts.synthetic_model_comparison.training.evaluation | mlflow: logged val per-class AP table (12 classes)
2026-08-03 03:05:47 INFO  scripts.synthetic_model_comparison.training.training_pipeline | saved checkpoint: /home/debian/Master-Thesis/scripts/synthetic_model_comparison/training/model_exports/yolo26n-realvisxl-lightning-maxlen-seed43-20260803-021129/last.pt
2026-08-03 03:05:48 INFO  scripts.synthetic_model_comparison.training.training_pipeline | epoch 152/200 done — next lr=0.00139962, epochs_since_improve=8/20
2026-08-03 03:05:48 INFO  scripts.synthetic_model_comparison.training.training_pipeline | epoch 153/200 — train start (lr=0.00139962, batches=15)
2026-08-03 03:06:00 INFO  scripts.synthetic_model_comparison.training.training_pipeline | epoch 153/200 — train done in 11.7s | avg loss_box=0.4059 loss_cls=0.2418 loss_dfl=0.0123 loss_total=43.1967
2026-08-03 03:06:00 INFO  scripts.synthetic_model_comparison.training.evaluation | evaluating on 4 batches
2026-08-03 03:06:07 INFO  scripts.synthetic_model_comparison.training.training_pipeline | epoch 153/200 — val mAP50=0.9678 mAP50_95=0.8315 (selection mAP50_95=0.8315)
2026-08-03 03:06:08 INFO  scripts.synthetic_model_comparison.training.evaluation | mlflow: logged val/mAP50=0.9678 val/mAP50_95=0.8315 (step=152)
2026-08-03 03:06:08 INFO  scripts.synthetic_model_comparison.training.evaluation | mlflow: logged val per-class AP table (12 classes)
2026-08-03 03:06:08 INFO  scripts.synthetic_model_comparison.training.training_pipeline | saved checkpoint: /home/debian/Master-Thesis/scripts/synthetic_model_comparison/training/model_exports/yolo26n-realvisxl-lightning-maxlen-seed43-20260803-021129/last.pt
2026-08-03 03:06:09 INFO  scripts.synthetic_model_comparison.training.training_pipeline | epoch 153/200 done — next lr=0.00134495, epochs_since_improve=9/20
2026-08-03 03:06:09 INFO  scripts.synthetic_model_comparison.training.training_pipeline | epoch 154/200 — train start (lr=0.00134495, batches=15)
2026-08-03 03:06:18 INFO  scripts.synthetic_model_comparison.training.training_pipeline | step 2300 | loss_box=0.3415 loss_cls=0.2310 loss_dfl=0.0103 loss_total=38.4304 lr=0.00132335
2026-08-03 03:06:23 INFO  scripts.synthetic_model_comparison.training.training_pipeline | epoch 154/200 — train done in 14.5s | avg loss_box=0.4089 loss_cls=0.2518 loss_dfl=0.0125 loss_total=43.8035
2026-08-03 03:06:23 INFO  scripts.synthetic_model_comparison.training.evaluation | evaluating on 4 batches
2026-08-03 03:06:31 INFO  scripts.synthetic_model_comparison.training.training_pipeline | epoch 154/200 — val mAP50=0.9706 mAP50_95=0.8462 (selection mAP50_95=0.8462)
2026-08-03 03:06:32 INFO  scripts.synthetic_model_comparison.training.evaluation | mlflow: logged val/mAP50=0.9706 val/mAP50_95=0.8462 (step=153)
2026-08-03 03:06:32 INFO  scripts.synthetic_model_comparison.training.evaluation | mlflow: logged val per-class AP table (12 classes)
2026-08-03 03:06:32 INFO  scripts.synthetic_model_comparison.training.training_pipeline | saved checkpoint: /home/debian/Master-Thesis/scripts/synthetic_model_comparison/training/model_exports/yolo26n-realvisxl-lightning-maxlen-seed43-20260803-021129/best.pt
2026-08-03 03:06:32 INFO  scripts.synthetic_model_comparison.training.training_pipeline | new best mAP50_95=0.8462 at epoch 154
2026-08-03 03:06:33 INFO  scripts.synthetic_model_comparison.training.training_pipeline | saved checkpoint: /home/debian/Master-Thesis/scripts/synthetic_model_comparison/training/model_exports/yolo26n-realvisxl-lightning-maxlen-seed43-20260803-021129/last.pt
2026-08-03 03:06:33 INFO  scripts.synthetic_model_comparison.training.training_pipeline | epoch 154/200 done — next lr=0.00129122, epochs_since_improve=0/20
2026-08-03 03:06:33 INFO  scripts.synthetic_model_comparison.training.training_pipeline | epoch 155/200 — train start (lr=0.00129122, batches=15)
2026-08-03 03:06:46 INFO  scripts.synthetic_model_comparison.training.training_pipeline | epoch 155/200 — train done in 12.5s | avg loss_box=0.4169 loss_cls=0.2511 loss_dfl=0.0127 loss_total=44.2841
2026-08-03 03:06:46 INFO  scripts.synthetic_model_comparison.training.evaluation | evaluating on 4 batches
2026-08-03 03:06:53 INFO  scripts.synthetic_model_comparison.training.training_pipeline | epoch 155/200 — val mAP50=0.9685 mAP50_95=0.8368 (selection mAP50_95=0.8368)
2026-08-03 03:06:54 INFO  scripts.synthetic_model_comparison.training.evaluation | mlflow: logged val/mAP50=0.9685 val/mAP50_95=0.8368 (step=154)
2026-08-03 03:06:54 INFO  scripts.synthetic_model_comparison.training.evaluation | mlflow: logged val per-class AP table (12 classes)
2026-08-03 03:06:54 INFO  scripts.synthetic_model_comparison.training.training_pipeline | saved checkpoint: /home/debian/Master-Thesis/scripts/synthetic_model_comparison/training/model_exports/yolo26n-realvisxl-lightning-maxlen-seed43-20260803-021129/last.pt
2026-08-03 03:06:55 INFO  scripts.synthetic_model_comparison.training.training_pipeline | epoch 155/200 done — next lr=0.00123842, epochs_since_improve=1/20
2026-08-03 03:06:55 INFO  scripts.synthetic_model_comparison.training.training_pipeline | epoch 156/200 — train start (lr=0.00123842, batches=15)
2026-08-03 03:07:08 INFO  scripts.synthetic_model_comparison.training.training_pipeline | epoch 156/200 — train done in 12.9s | avg loss_box=0.4040 loss_cls=0.2425 loss_dfl=0.0122 loss_total=42.9207
2026-08-03 03:07:08 INFO  scripts.synthetic_model_comparison.training.evaluation | evaluating on 4 batches
2026-08-03 03:07:16 INFO  scripts.synthetic_model_comparison.training.training_pipeline | epoch 156/200 — val mAP50=0.9665 mAP50_95=0.8457 (selection mAP50_95=0.8457)
2026-08-03 03:07:16 INFO  scripts.synthetic_model_comparison.training.evaluation | mlflow: logged val/mAP50=0.9665 val/mAP50_95=0.8457 (step=155)
2026-08-03 03:07:17 INFO  scripts.synthetic_model_comparison.training.evaluation | mlflow: logged val per-class AP table (12 classes)
2026-08-03 03:07:17 INFO  scripts.synthetic_model_comparison.training.training_pipeline | saved checkpoint: /home/debian/Master-Thesis/scripts/synthetic_model_comparison/training/model_exports/yolo26n-realvisxl-lightning-maxlen-seed43-20260803-021129/last.pt
2026-08-03 03:07:17 INFO  scripts.synthetic_model_comparison.training.training_pipeline | epoch 156/200 done — next lr=0.00118658, epochs_since_improve=2/20
2026-08-03 03:07:17 INFO  scripts.synthetic_model_comparison.training.training_pipeline | epoch 157/200 — train start (lr=0.00118658, batches=15)
2026-08-03 03:07:29 INFO  scripts.synthetic_model_comparison.training.training_pipeline | step 2350 | loss_box=0.3757 loss_cls=0.2304 loss_dfl=0.0126 loss_total=40.6697 lr=0.00114919
2026-08-03 03:07:32 INFO  scripts.synthetic_model_comparison.training.training_pipeline | epoch 157/200 — train done in 14.3s | avg loss_box=0.3965 loss_cls=0.2533 loss_dfl=0.0122 loss_total=42.9440
2026-08-03 03:07:32 INFO  scripts.synthetic_model_comparison.training.evaluation | evaluating on 4 batches
2026-08-03 03:07:38 INFO  scripts.synthetic_model_comparison.training.training_pipeline | epoch 157/200 — val mAP50=0.9673 mAP50_95=0.8530 (selection mAP50_95=0.8530)
2026-08-03 03:07:39 INFO  scripts.synthetic_model_comparison.training.evaluation | mlflow: logged val/mAP50=0.9673 val/mAP50_95=0.8530 (step=156)
2026-08-03 03:07:39 INFO  scripts.synthetic_model_comparison.training.evaluation | mlflow: logged val per-class AP table (12 classes)
2026-08-03 03:07:39 INFO  scripts.synthetic_model_comparison.training.training_pipeline | saved checkpoint: /home/debian/Master-Thesis/scripts/synthetic_model_comparison/training/model_exports/yolo26n-realvisxl-lightning-maxlen-seed43-20260803-021129/best.pt
2026-08-03 03:07:39 INFO  scripts.synthetic_model_comparison.training.training_pipeline | new best mAP50_95=0.8530 at epoch 157
2026-08-03 03:07:39 INFO  scripts.synthetic_model_comparison.training.training_pipeline | saved checkpoint: /home/debian/Master-Thesis/scripts/synthetic_model_comparison/training/model_exports/yolo26n-realvisxl-lightning-maxlen-seed43-20260803-021129/last.pt
2026-08-03 03:07:40 INFO  scripts.synthetic_model_comparison.training.training_pipeline | epoch 157/200 done — next lr=0.00113572, epochs_since_improve=0/20
2026-08-03 03:07:40 INFO  scripts.synthetic_model_comparison.training.training_pipeline | epoch 158/200 — train start (lr=0.00113572, batches=15)
2026-08-03 03:07:52 INFO  scripts.synthetic_model_comparison.training.training_pipeline | epoch 158/200 — train done in 12.2s | avg loss_box=0.3881 loss_cls=0.2536 loss_dfl=0.0117 loss_total=42.3694
2026-08-03 03:07:52 INFO  scripts.synthetic_model_comparison.training.evaluation | evaluating on 4 batches
2026-08-03 03:07:59 INFO  scripts.synthetic_model_comparison.training.training_pipeline | epoch 158/200 — val mAP50=0.9694 mAP50_95=0.8419 (selection mAP50_95=0.8419)
2026-08-03 03:08:00 INFO  scripts.synthetic_model_comparison.training.evaluation | mlflow: logged val/mAP50=0.9694 val/mAP50_95=0.8419 (step=157)
2026-08-03 03:08:00 INFO  scripts.synthetic_model_comparison.training.evaluation | mlflow: logged val per-class AP table (12 classes)
2026-08-03 03:08:00 INFO  scripts.synthetic_model_comparison.training.training_pipeline | saved checkpoint: /home/debian/Master-Thesis/scripts/synthetic_model_comparison/training/model_exports/yolo26n-realvisxl-lightning-maxlen-seed43-20260803-021129/last.pt
2026-08-03 03:08:01 INFO  scripts.synthetic_model_comparison.training.training_pipeline | epoch 158/200 done — next lr=0.00108584, epochs_since_improve=1/20
2026-08-03 03:08:01 INFO  scripts.synthetic_model_comparison.training.training_pipeline | epoch 159/200 — train start (lr=0.00108584, batches=15)
2026-08-03 03:08:13 INFO  scripts.synthetic_model_comparison.training.training_pipeline | epoch 159/200 — train done in 11.9s | avg loss_box=0.3936 loss_cls=0.2343 loss_dfl=0.0118 loss_total=41.7910
2026-08-03 03:08:13 INFO  scripts.synthetic_model_comparison.training.evaluation | evaluating on 4 batches
2026-08-03 03:08:19 INFO  scripts.synthetic_model_comparison.training.training_pipeline | epoch 159/200 — val mAP50=0.9673 mAP50_95=0.8383 (selection mAP50_95=0.8383)
2026-08-03 03:08:20 INFO  scripts.synthetic_model_comparison.training.evaluation | mlflow: logged val/mAP50=0.9673 val/mAP50_95=0.8383 (step=158)
2026-08-03 03:08:20 INFO  scripts.synthetic_model_comparison.training.evaluation | mlflow: logged val per-class AP table (12 classes)
2026-08-03 03:08:20 INFO  scripts.synthetic_model_comparison.training.training_pipeline | saved checkpoint: /home/debian/Master-Thesis/scripts/synthetic_model_comparison/training/model_exports/yolo26n-realvisxl-lightning-maxlen-seed43-20260803-021129/last.pt
2026-08-03 03:08:21 INFO  scripts.synthetic_model_comparison.training.training_pipeline | epoch 159/200 done — next lr=0.00103695, epochs_since_improve=2/20
2026-08-03 03:08:21 INFO  scripts.synthetic_model_comparison.training.training_pipeline | epoch 160/200 — train start (lr=0.00103695, batches=15)
2026-08-03 03:08:33 INFO  scripts.synthetic_model_comparison.training.training_pipeline | epoch 160/200 — train done in 12.2s | avg loss_box=0.3834 loss_cls=0.2321 loss_dfl=0.0115 loss_total=40.9515
2026-08-03 03:08:33 INFO  scripts.synthetic_model_comparison.training.evaluation | evaluating on 4 batches
2026-08-03 03:08:39 INFO  scripts.synthetic_model_comparison.training.training_pipeline | epoch 160/200 — val mAP50=0.9676 mAP50_95=0.8281 (selection mAP50_95=0.8281)
2026-08-03 03:08:40 INFO  scripts.synthetic_model_comparison.training.evaluation | mlflow: logged val/mAP50=0.9676 val/mAP50_95=0.8281 (step=159)
2026-08-03 03:08:40 INFO  scripts.synthetic_model_comparison.training.evaluation | mlflow: logged val per-class AP table (12 classes)
2026-08-03 03:08:40 INFO  scripts.synthetic_model_comparison.training.training_pipeline | saved checkpoint: /home/debian/Master-Thesis/scripts/synthetic_model_comparison/training/model_exports/yolo26n-realvisxl-lightning-maxlen-seed43-20260803-021129/last.pt
2026-08-03 03:08:40 INFO  scripts.synthetic_model_comparison.training.training_pipeline | epoch 160/200 done — next lr=0.000989077, epochs_since_improve=3/20
2026-08-03 03:08:40 INFO  scripts.synthetic_model_comparison.training.training_pipeline | epoch 161/200 — train start (lr=0.000989077, batches=15)
2026-08-03 03:08:46 INFO  scripts.synthetic_model_comparison.training.training_pipeline | step 2400 | loss_box=0.4515 loss_cls=0.2298 loss_dfl=0.0132 loss_total=44.4867 lr=0.000985921
2026-08-03 03:08:53 INFO  scripts.synthetic_model_comparison.training.training_pipeline | epoch 161/200 — train done in 12.9s | avg loss_box=0.3977 loss_cls=0.2438 loss_dfl=0.0118 loss_total=42.3440
2026-08-03 03:08:53 INFO  scripts.synthetic_model_comparison.training.evaluation | evaluating on 4 batches
2026-08-03 03:08:59 INFO  scripts.synthetic_model_comparison.training.training_pipeline | epoch 161/200 — val mAP50=0.9688 mAP50_95=0.8458 (selection mAP50_95=0.8458)
2026-08-03 03:09:00 INFO  scripts.synthetic_model_comparison.training.evaluation | mlflow: logged val/mAP50=0.9688 val/mAP50_95=0.8458 (step=160)
2026-08-03 03:09:00 INFO  scripts.synthetic_model_comparison.training.evaluation | mlflow: logged val per-class AP table (12 classes)
2026-08-03 03:09:01 INFO  scripts.synthetic_model_comparison.training.training_pipeline | saved checkpoint: /home/debian/Master-Thesis/scripts/synthetic_model_comparison/training/model_exports/yolo26n-realvisxl-lightning-maxlen-seed43-20260803-021129/last.pt
2026-08-03 03:09:01 INFO  scripts.synthetic_model_comparison.training.training_pipeline | epoch 161/200 done — next lr=0.000942223, epochs_since_improve=4/20
2026-08-03 03:09:01 INFO  scripts.synthetic_model_comparison.training.training_pipeline | epoch 162/200 — train start (lr=0.000942223, batches=15)
2026-08-03 03:09:13 INFO  scripts.synthetic_model_comparison.training.training_pipeline | epoch 162/200 — train done in 11.7s | avg loss_box=0.3977 loss_cls=0.2612 loss_dfl=0.0121 loss_total=43.4080
2026-08-03 03:09:13 INFO  scripts.synthetic_model_comparison.training.evaluation | evaluating on 4 batches
2026-08-03 03:09:19 INFO  scripts.synthetic_model_comparison.training.training_pipeline | epoch 162/200 — val mAP50=0.9683 mAP50_95=0.8412 (selection mAP50_95=0.8412)
2026-08-03 03:09:20 INFO  scripts.synthetic_model_comparison.training.evaluation | mlflow: logged val/mAP50=0.9683 val/mAP50_95=0.8412 (step=161)
2026-08-03 03:09:20 INFO  scripts.synthetic_model_comparison.training.evaluation | mlflow: logged val per-class AP table (12 classes)
2026-08-03 03:09:20 INFO  scripts.synthetic_model_comparison.training.training_pipeline | saved checkpoint: /home/debian/Master-Thesis/scripts/synthetic_model_comparison/training/model_exports/yolo26n-realvisxl-lightning-maxlen-seed43-20260803-021129/last.pt
2026-08-03 03:09:20 INFO  scripts.synthetic_model_comparison.training.training_pipeline | epoch 162/200 done — next lr=0.000896401, epochs_since_improve=5/20
2026-08-03 03:09:20 INFO  scripts.synthetic_model_comparison.training.training_pipeline | epoch 163/200 — train start (lr=0.000896401, batches=15)
2026-08-03 03:09:33 INFO  scripts.synthetic_model_comparison.training.training_pipeline | epoch 163/200 — train done in 12.6s | avg loss_box=0.3991 loss_cls=0.2401 loss_dfl=0.0122 loss_total=42.1790
2026-08-03 03:09:33 INFO  scripts.synthetic_model_comparison.training.evaluation | evaluating on 4 batches
2026-08-03 03:09:39 INFO  scripts.synthetic_model_comparison.training.training_pipeline | epoch 163/200 — val mAP50=0.9688 mAP50_95=0.8375 (selection mAP50_95=0.8375)
2026-08-03 03:09:40 INFO  scripts.synthetic_model_comparison.training.evaluation | mlflow: logged val/mAP50=0.9688 val/mAP50_95=0.8375 (step=162)
2026-08-03 03:09:40 INFO  scripts.synthetic_model_comparison.training.evaluation | mlflow: logged val per-class AP table (12 classes)
2026-08-03 03:09:41 INFO  scripts.synthetic_model_comparison.training.training_pipeline | saved checkpoint: /home/debian/Master-Thesis/scripts/synthetic_model_comparison/training/model_exports/yolo26n-realvisxl-lightning-maxlen-seed43-20260803-021129/last.pt
2026-08-03 03:09:41 INFO  scripts.synthetic_model_comparison.training.training_pipeline | epoch 163/200 done — next lr=0.000851625, epochs_since_improve=6/20
2026-08-03 03:09:41 INFO  scripts.synthetic_model_comparison.training.training_pipeline | epoch 164/200 — train start (lr=0.000851625, batches=15)
2026-08-03 03:09:50 INFO  scripts.synthetic_model_comparison.training.training_pipeline | step 2450 | loss_box=0.3870 loss_cls=0.2218 loss_dfl=0.0116 loss_total=40.7450 lr=0.000834009
2026-08-03 03:09:55 INFO  scripts.synthetic_model_comparison.training.training_pipeline | epoch 164/200 — train done in 13.6s | avg loss_box=0.3886 loss_cls=0.2432 loss_dfl=0.0117 loss_total=41.8686
2026-08-03 03:09:55 INFO  scripts.synthetic_model_comparison.training.evaluation | evaluating on 4 batches
2026-08-03 03:10:01 INFO  scripts.synthetic_model_comparison.training.training_pipeline | epoch 164/200 — val mAP50=0.9715 mAP50_95=0.8412 (selection mAP50_95=0.8412)
2026-08-03 03:10:02 INFO  scripts.synthetic_model_comparison.training.evaluation | mlflow: logged val/mAP50=0.9715 val/mAP50_95=0.8412 (step=163)
2026-08-03 03:10:02 INFO  scripts.synthetic_model_comparison.training.evaluation | mlflow: logged val per-class AP table (12 classes)
2026-08-03 03:10:02 INFO  scripts.synthetic_model_comparison.training.training_pipeline | saved checkpoint: /home/debian/Master-Thesis/scripts/synthetic_model_comparison/training/model_exports/yolo26n-realvisxl-lightning-maxlen-seed43-20260803-021129/last.pt
2026-08-03 03:10:02 INFO  scripts.synthetic_model_comparison.training.training_pipeline | epoch 164/200 done — next lr=0.000807905, epochs_since_improve=7/20
2026-08-03 03:10:02 INFO  scripts.synthetic_model_comparison.training.training_pipeline | epoch 165/200 — train start (lr=0.000807905, batches=15)
2026-08-03 03:10:14 INFO  scripts.synthetic_model_comparison.training.training_pipeline | epoch 165/200 — train done in 11.3s | avg loss_box=0.3754 loss_cls=0.2214 loss_dfl=0.0116 loss_total=39.9797
2026-08-03 03:10:14 INFO  scripts.synthetic_model_comparison.training.evaluation | evaluating on 4 batches
2026-08-03 03:10:20 INFO  scripts.synthetic_model_comparison.training.training_pipeline | epoch 165/200 — val mAP50=0.9684 mAP50_95=0.8404 (selection mAP50_95=0.8404)
2026-08-03 03:10:21 INFO  scripts.synthetic_model_comparison.training.evaluation | mlflow: logged val/mAP50=0.9684 val/mAP50_95=0.8404 (step=164)
2026-08-03 03:10:21 INFO  scripts.synthetic_model_comparison.training.evaluation | mlflow: logged val per-class AP table (12 classes)
2026-08-03 03:10:21 INFO  scripts.synthetic_model_comparison.training.training_pipeline | saved checkpoint: /home/debian/Master-Thesis/scripts/synthetic_model_comparison/training/model_exports/yolo26n-realvisxl-lightning-maxlen-seed43-20260803-021129/last.pt
2026-08-03 03:10:22 INFO  scripts.synthetic_model_comparison.training.training_pipeline | epoch 165/200 done — next lr=0.000765252, epochs_since_improve=8/20
2026-08-03 03:10:22 INFO  scripts.synthetic_model_comparison.training.training_pipeline | epoch 166/200 — train start (lr=0.000765252, batches=15)
2026-08-03 03:10:34 INFO  scripts.synthetic_model_comparison.training.training_pipeline | epoch 166/200 — train done in 12.1s | avg loss_box=0.3774 loss_cls=0.2135 loss_dfl=0.0115 loss_total=39.6245
2026-08-03 03:10:34 INFO  scripts.synthetic_model_comparison.training.evaluation | evaluating on 4 batches
2026-08-03 03:10:40 INFO  scripts.synthetic_model_comparison.training.training_pipeline | epoch 166/200 — val mAP50=0.9707 mAP50_95=0.8482 (selection mAP50_95=0.8482)
2026-08-03 03:10:40 INFO  scripts.synthetic_model_comparison.training.evaluation | mlflow: logged val/mAP50=0.9707 val/mAP50_95=0.8482 (step=165)
2026-08-03 03:10:41 INFO  scripts.synthetic_model_comparison.training.evaluation | mlflow: logged val per-class AP table (12 classes)
2026-08-03 03:10:41 INFO  scripts.synthetic_model_comparison.training.training_pipeline | saved checkpoint: /home/debian/Master-Thesis/scripts/synthetic_model_comparison/training/model_exports/yolo26n-realvisxl-lightning-maxlen-seed43-20260803-021129/last.pt
2026-08-03 03:10:41 INFO  scripts.synthetic_model_comparison.training.training_pipeline | epoch 166/200 done — next lr=0.000723677, epochs_since_improve=9/20
2026-08-03 03:10:41 INFO  scripts.synthetic_model_comparison.training.training_pipeline | epoch 167/200 — train start (lr=0.000723677, batches=15)
2026-08-03 03:10:52 INFO  scripts.synthetic_model_comparison.training.training_pipeline | step 2500 | loss_box=0.3920 loss_cls=0.2324 loss_dfl=0.0122 loss_total=41.5583 lr=0.000693881
2026-08-03 03:10:55 INFO  scripts.synthetic_model_comparison.training.training_pipeline | epoch 167/200 — train done in 14.2s | avg loss_box=0.3741 loss_cls=0.2152 loss_dfl=0.0112 loss_total=39.3457
2026-08-03 03:10:55 INFO  scripts.synthetic_model_comparison.training.evaluation | evaluating on 4 batches
2026-08-03 03:11:01 INFO  scripts.synthetic_model_comparison.training.training_pipeline | epoch 167/200 — val mAP50=0.9682 mAP50_95=0.8472 (selection mAP50_95=0.8472)
2026-08-03 03:11:02 INFO  scripts.synthetic_model_comparison.training.evaluation | mlflow: logged val/mAP50=0.9682 val/mAP50_95=0.8472 (step=166)
2026-08-03 03:11:03 INFO  scripts.synthetic_model_comparison.training.evaluation | mlflow: logged val per-class AP table (12 classes)
2026-08-03 03:11:03 INFO  scripts.synthetic_model_comparison.training.training_pipeline | saved checkpoint: /home/debian/Master-Thesis/scripts/synthetic_model_comparison/training/model_exports/yolo26n-realvisxl-lightning-maxlen-seed43-20260803-021129/last.pt
2026-08-03 03:11:03 INFO  scripts.synthetic_model_comparison.training.training_pipeline | epoch 167/200 done — next lr=0.000683191, epochs_since_improve=10/20
2026-08-03 03:11:03 INFO  scripts.synthetic_model_comparison.training.training_pipeline | epoch 168/200 — train start (lr=0.000683191, batches=15)
2026-08-03 03:11:15 INFO  scripts.synthetic_model_comparison.training.training_pipeline | epoch 168/200 — train done in 11.8s | avg loss_box=0.3683 loss_cls=0.2162 loss_dfl=0.0114 loss_total=39.1255
2026-08-03 03:11:15 INFO  scripts.synthetic_model_comparison.training.evaluation | evaluating on 4 batches
2026-08-03 03:11:21 INFO  scripts.synthetic_model_comparison.training.training_pipeline | epoch 168/200 — val mAP50=0.9685 mAP50_95=0.8434 (selection mAP50_95=0.8434)
2026-08-03 03:11:22 INFO  scripts.synthetic_model_comparison.training.evaluation | mlflow: logged val/mAP50=0.9685 val/mAP50_95=0.8434 (step=167)
2026-08-03 03:11:22 INFO  scripts.synthetic_model_comparison.training.evaluation | mlflow: logged val per-class AP table (12 classes)
2026-08-03 03:11:22 INFO  scripts.synthetic_model_comparison.training.training_pipeline | saved checkpoint: /home/debian/Master-Thesis/scripts/synthetic_model_comparison/training/model_exports/yolo26n-realvisxl-lightning-maxlen-seed43-20260803-021129/last.pt
2026-08-03 03:11:23 INFO  scripts.synthetic_model_comparison.training.training_pipeline | epoch 168/200 done — next lr=0.000643805, epochs_since_improve=11/20
2026-08-03 03:11:23 INFO  scripts.synthetic_model_comparison.training.training_pipeline | epoch 169/200 — train start (lr=0.000643805, batches=15)
2026-08-03 03:11:36 INFO  scripts.synthetic_model_comparison.training.training_pipeline | epoch 169/200 — train done in 12.8s | avg loss_box=0.3644 loss_cls=0.2185 loss_dfl=0.0110 loss_total=38.9886
2026-08-03 03:11:36 INFO  scripts.synthetic_model_comparison.training.evaluation | evaluating on 4 batches
2026-08-03 03:11:42 INFO  scripts.synthetic_model_comparison.training.training_pipeline | epoch 169/200 — val mAP50=0.9654 mAP50_95=0.8468 (selection mAP50_95=0.8468)
2026-08-03 03:11:42 INFO  scripts.synthetic_model_comparison.training.evaluation | mlflow: logged val/mAP50=0.9654 val/mAP50_95=0.8468 (step=168)
2026-08-03 03:11:43 INFO  scripts.synthetic_model_comparison.training.evaluation | mlflow: logged val per-class AP table (12 classes)
2026-08-03 03:11:43 INFO  scripts.synthetic_model_comparison.training.training_pipeline | saved checkpoint: /home/debian/Master-Thesis/scripts/synthetic_model_comparison/training/model_exports/yolo26n-realvisxl-lightning-maxlen-seed43-20260803-021129/last.pt
2026-08-03 03:11:43 INFO  scripts.synthetic_model_comparison.training.training_pipeline | epoch 169/200 done — next lr=0.000605527, epochs_since_improve=12/20
2026-08-03 03:11:43 INFO  scripts.synthetic_model_comparison.training.training_pipeline | epoch 170/200 — train start (lr=0.000605527, batches=15)
2026-08-03 03:11:56 INFO  scripts.synthetic_model_comparison.training.training_pipeline | epoch 170/200 — train done in 12.7s | avg loss_box=0.3586 loss_cls=0.2237 loss_dfl=0.0109 loss_total=38.8496
2026-08-03 03:11:56 INFO  scripts.synthetic_model_comparison.training.evaluation | evaluating on 4 batches
2026-08-03 03:12:02 INFO  scripts.synthetic_model_comparison.training.training_pipeline | epoch 170/200 — val mAP50=0.9693 mAP50_95=0.8484 (selection mAP50_95=0.8484)
2026-08-03 03:12:03 INFO  scripts.synthetic_model_comparison.training.evaluation | mlflow: logged val/mAP50=0.9693 val/mAP50_95=0.8484 (step=169)
2026-08-03 03:12:03 INFO  scripts.synthetic_model_comparison.training.evaluation | mlflow: logged val per-class AP table (12 classes)
2026-08-03 03:12:03 INFO  scripts.synthetic_model_comparison.training.training_pipeline | saved checkpoint: /home/debian/Master-Thesis/scripts/synthetic_model_comparison/training/model_exports/yolo26n-realvisxl-lightning-maxlen-seed43-20260803-021129/last.pt
2026-08-03 03:12:04 INFO  scripts.synthetic_model_comparison.training.training_pipeline | epoch 170/200 done — next lr=0.000568368, epochs_since_improve=13/20
2026-08-03 03:12:04 INFO  scripts.synthetic_model_comparison.training.training_pipeline | epoch 171/200 — train start (lr=0.000568368, batches=15)
2026-08-03 03:12:10 INFO  scripts.synthetic_model_comparison.training.training_pipeline | step 2550 | loss_box=0.3665 loss_cls=0.2057 loss_dfl=0.0110 loss_total=38.0968 lr=0.000565931
2026-08-03 03:12:17 INFO  scripts.synthetic_model_comparison.training.training_pipeline | epoch 171/200 — train done in 13.7s | avg loss_box=0.3728 loss_cls=0.2177 loss_dfl=0.0114 loss_total=39.5573
2026-08-03 03:12:17 INFO  scripts.synthetic_model_comparison.training.evaluation | evaluating on 4 batches
2026-08-03 03:12:24 INFO  scripts.synthetic_model_comparison.training.training_pipeline | epoch 171/200 — val mAP50=0.9715 mAP50_95=0.8464 (selection mAP50_95=0.8464)
2026-08-03 03:12:24 INFO  scripts.synthetic_model_comparison.training.evaluation | mlflow: logged val/mAP50=0.9715 val/mAP50_95=0.8464 (step=170)
2026-08-03 03:12:25 INFO  scripts.synthetic_model_comparison.training.evaluation | mlflow: logged val per-class AP table (12 classes)
2026-08-03 03:12:25 INFO  scripts.synthetic_model_comparison.training.training_pipeline | saved checkpoint: /home/debian/Master-Thesis/scripts/synthetic_model_comparison/training/model_exports/yolo26n-realvisxl-lightning-maxlen-seed43-20260803-021129/last.pt
2026-08-03 03:12:25 INFO  scripts.synthetic_model_comparison.training.training_pipeline | epoch 171/200 done — next lr=0.000532337, epochs_since_improve=14/20
2026-08-03 03:12:25 INFO  scripts.synthetic_model_comparison.training.training_pipeline | epoch 172/200 — train start (lr=0.000532337, batches=15)
2026-08-03 03:12:37 INFO  scripts.synthetic_model_comparison.training.training_pipeline | epoch 172/200 — train done in 12.1s | avg loss_box=0.3894 loss_cls=0.2297 loss_dfl=0.0117 loss_total=40.8236
2026-08-03 03:12:37 INFO  scripts.synthetic_model_comparison.training.evaluation | evaluating on 4 batches
2026-08-03 03:12:43 INFO  scripts.synthetic_model_comparison.training.training_pipeline | epoch 172/200 — val mAP50=0.9705 mAP50_95=0.8476 (selection mAP50_95=0.8476)
2026-08-03 03:12:44 INFO  scripts.synthetic_model_comparison.training.evaluation | mlflow: logged val/mAP50=0.9705 val/mAP50_95=0.8476 (step=171)
2026-08-03 03:12:44 INFO  scripts.synthetic_model_comparison.training.evaluation | mlflow: logged val per-class AP table (12 classes)
2026-08-03 03:12:44 INFO  scripts.synthetic_model_comparison.training.training_pipeline | saved checkpoint: /home/debian/Master-Thesis/scripts/synthetic_model_comparison/training/model_exports/yolo26n-realvisxl-lightning-maxlen-seed43-20260803-021129/last.pt
2026-08-03 03:12:45 INFO  scripts.synthetic_model_comparison.training.training_pipeline | epoch 172/200 done — next lr=0.000497444, epochs_since_improve=15/20
2026-08-03 03:12:45 INFO  scripts.synthetic_model_comparison.training.training_pipeline | epoch 173/200 — train start (lr=0.000497444, batches=15)
2026-08-03 03:12:57 INFO  scripts.synthetic_model_comparison.training.training_pipeline | epoch 173/200 — train done in 12.1s | avg loss_box=0.3671 loss_cls=0.2227 loss_dfl=0.0112 loss_total=39.1368
2026-08-03 03:12:57 INFO  scripts.synthetic_model_comparison.training.evaluation | evaluating on 4 batches
2026-08-03 03:13:03 INFO  scripts.synthetic_model_comparison.training.training_pipeline | epoch 173/200 — val mAP50=0.9700 mAP50_95=0.8451 (selection mAP50_95=0.8451)
2026-08-03 03:13:04 INFO  scripts.synthetic_model_comparison.training.evaluation | mlflow: logged val/mAP50=0.9700 val/mAP50_95=0.8451 (step=172)
2026-08-03 03:13:04 INFO  scripts.synthetic_model_comparison.training.evaluation | mlflow: logged val per-class AP table (12 classes)
2026-08-03 03:13:04 INFO  scripts.synthetic_model_comparison.training.training_pipeline | saved checkpoint: /home/debian/Master-Thesis/scripts/synthetic_model_comparison/training/model_exports/yolo26n-realvisxl-lightning-maxlen-seed43-20260803-021129/last.pt
2026-08-03 03:13:05 INFO  scripts.synthetic_model_comparison.training.training_pipeline | epoch 173/200 done — next lr=0.000463697, epochs_since_improve=16/20
2026-08-03 03:13:05 INFO  scripts.synthetic_model_comparison.training.training_pipeline | epoch 174/200 — train start (lr=0.000463697, batches=15)
2026-08-03 03:13:13 INFO  scripts.synthetic_model_comparison.training.training_pipeline | step 2600 | loss_box=0.4773 loss_cls=0.2327 loss_dfl=0.0122 loss_total=46.8955 lr=0.000450521
2026-08-03 03:13:18 INFO  scripts.synthetic_model_comparison.training.training_pipeline | epoch 174/200 — train done in 13.7s | avg loss_box=0.3724 loss_cls=0.2313 loss_dfl=0.0112 loss_total=39.8906
2026-08-03 03:13:18 INFO  scripts.synthetic_model_comparison.training.evaluation | evaluating on 4 batches
2026-08-03 03:13:25 INFO  scripts.synthetic_model_comparison.training.training_pipeline | epoch 174/200 — val mAP50=0.9688 mAP50_95=0.8388 (selection mAP50_95=0.8388)
2026-08-03 03:13:25 INFO  scripts.synthetic_model_comparison.training.evaluation | mlflow: logged val/mAP50=0.9688 val/mAP50_95=0.8388 (step=173)
2026-08-03 03:13:26 INFO  scripts.synthetic_model_comparison.training.evaluation | mlflow: logged val per-class AP table (12 classes)
2026-08-03 03:13:26 INFO  scripts.synthetic_model_comparison.training.training_pipeline | saved checkpoint: /home/debian/Master-Thesis/scripts/synthetic_model_comparison/training/model_exports/yolo26n-realvisxl-lightning-maxlen-seed43-20260803-021129/last.pt
2026-08-03 03:13:26 INFO  scripts.synthetic_model_comparison.training.training_pipeline | epoch 174/200 done — next lr=0.000431105, epochs_since_improve=17/20
2026-08-03 03:13:26 INFO  scripts.synthetic_model_comparison.training.training_pipeline | epoch 175/200 — train start (lr=0.000431105, batches=15)
2026-08-03 03:13:38 INFO  scripts.synthetic_model_comparison.training.training_pipeline | epoch 175/200 — train done in 12.1s | avg loss_box=0.3585 loss_cls=0.2093 loss_dfl=0.0110 loss_total=37.9885
2026-08-03 03:13:38 INFO  scripts.synthetic_model_comparison.training.evaluation | evaluating on 4 batches
2026-08-03 03:13:45 INFO  scripts.synthetic_model_comparison.training.training_pipeline | epoch 175/200 — val mAP50=0.9697 mAP50_95=0.8491 (selection mAP50_95=0.8491)
2026-08-03 03:13:45 INFO  scripts.synthetic_model_comparison.training.evaluation | mlflow: logged val/mAP50=0.9697 val/mAP50_95=0.8491 (step=174)
2026-08-03 03:13:46 INFO  scripts.synthetic_model_comparison.training.evaluation | mlflow: logged val per-class AP table (12 classes)
2026-08-03 03:13:46 INFO  scripts.synthetic_model_comparison.training.training_pipeline | saved checkpoint: /home/debian/Master-Thesis/scripts/synthetic_model_comparison/training/model_exports/yolo26n-realvisxl-lightning-maxlen-seed43-20260803-021129/last.pt
2026-08-03 03:13:46 INFO  scripts.synthetic_model_comparison.training.training_pipeline | epoch 175/200 done — next lr=0.000399676, epochs_since_improve=18/20
2026-08-03 03:13:46 INFO  scripts.synthetic_model_comparison.training.training_pipeline | epoch 176/200 — train start (lr=0.000399676, batches=15)
2026-08-03 03:13:58 INFO  scripts.synthetic_model_comparison.training.training_pipeline | epoch 176/200 — train done in 11.9s | avg loss_box=0.3631 loss_cls=0.2241 loss_dfl=0.0109 loss_total=38.9358
2026-08-03 03:13:58 INFO  scripts.synthetic_model_comparison.training.evaluation | evaluating on 4 batches
2026-08-03 03:14:04 INFO  scripts.synthetic_model_comparison.training.training_pipeline | epoch 176/200 — val mAP50=0.9718 mAP50_95=0.8476 (selection mAP50_95=0.8476)
2026-08-03 03:14:05 INFO  scripts.synthetic_model_comparison.training.evaluation | mlflow: logged val/mAP50=0.9718 val/mAP50_95=0.8476 (step=175)
2026-08-03 03:14:05 INFO  scripts.synthetic_model_comparison.training.evaluation | mlflow: logged val per-class AP table (12 classes)
2026-08-03 03:14:05 INFO  scripts.synthetic_model_comparison.training.training_pipeline | saved checkpoint: /home/debian/Master-Thesis/scripts/synthetic_model_comparison/training/model_exports/yolo26n-realvisxl-lightning-maxlen-seed43-20260803-021129/last.pt
2026-08-03 03:14:06 INFO  scripts.synthetic_model_comparison.training.training_pipeline | epoch 176/200 done — next lr=0.000369419, epochs_since_improve=19/20
2026-08-03 03:14:06 INFO  scripts.synthetic_model_comparison.training.training_pipeline | epoch 177/200 — train start (lr=0.000369419, batches=15)
2026-08-03 03:14:17 INFO  scripts.synthetic_model_comparison.training.training_pipeline | step 2650 | loss_box=0.3652 loss_cls=0.2826 loss_dfl=0.0098 loss_total=42.6409 lr=0.000347979
2026-08-03 03:14:20 INFO  scripts.synthetic_model_comparison.training.training_pipeline | epoch 177/200 — train done in 14.1s | avg loss_box=0.3487 loss_cls=0.2091 loss_dfl=0.0105 loss_total=37.2436
2026-08-03 03:14:20 INFO  scripts.synthetic_model_comparison.training.evaluation | evaluating on 4 batches
2026-08-03 03:14:26 INFO  scripts.synthetic_model_comparison.training.training_pipeline | epoch 177/200 — val mAP50=0.9714 mAP50_95=0.8508 (selection mAP50_95=0.8508)
2026-08-03 03:14:27 INFO  scripts.synthetic_model_comparison.training.evaluation | mlflow: logged val/mAP50=0.9714 val/mAP50_95=0.8508 (step=176)
2026-08-03 03:14:27 INFO  scripts.synthetic_model_comparison.training.evaluation | mlflow: logged val per-class AP table (12 classes)
2026-08-03 03:14:27 INFO  scripts.synthetic_model_comparison.training.training_pipeline | saved checkpoint: /home/debian/Master-Thesis/scripts/synthetic_model_comparison/training/model_exports/yolo26n-realvisxl-lightning-maxlen-seed43-20260803-021129/last.pt
2026-08-03 03:14:27 INFO  scripts.synthetic_model_comparison.training.training_pipeline | epoch 177/200 done — next lr=0.00034034, epochs_since_improve=20/20
2026-08-03 03:14:27 INFO  scripts.synthetic_model_comparison.training.training_pipeline | early stopping at epoch 177 — no mAP50_95 improvement (>0.001) for 20 epochs
2026-08-03 03:14:28 INFO  scripts.synthetic_model_comparison.training.training_pipeline | saved checkpoint: /home/debian/Master-Thesis/scripts/synthetic_model_comparison/training/model_exports/yolo26n-realvisxl-lightning-maxlen-seed43-20260803-021129/last.pt
2026-08-03 03:14:28 INFO  scripts.synthetic_model_comparison.training.training_pipeline | training finished — loading best.pt for final test evaluation
2026-08-03 03:14:28 INFO  scripts.synthetic_model_comparison.training.training_pipeline | loaded best.pt (mAP50_95=0.8530 @ epoch 156)
2026-08-03 03:14:28 INFO  scripts.synthetic_model_comparison.training.evaluation | evaluating on 153 batches
2026-08-03 03:17:30 INFO  scripts.synthetic_model_comparison.training.training_pipeline | test mAP50=0.0516 mAP50_95=0.0238
2026-08-03 03:17:30 INFO  scripts.synthetic_model_comparison.training.evaluation | mlflow: logged test/mAP50=0.0516 test/mAP50_95=0.0238 (step=None)
2026-08-03 03:17:31 INFO  scripts.synthetic_model_comparison.training.evaluation | mlflow: logged test per-class AP table (12 classes)
2026-08-03 03:17:40 INFO  scripts.synthetic_model_comparison.training.training_pipeline | uploaded checkpoints to MLflow
2026-08-03 03:17:40 INFO  __main__ | === post-training full evaluation (limit=None) ===
2026-08-03 03:17:40 INFO  scripts.synthetic_model_comparison.training.eval_suite.run_evaluation | === evaluation (real-only) ===
2026-08-03 03:17:40 INFO  scripts.synthetic_model_comparison.training.eval_suite.run_evaluation | checkpoint=/home/debian/Master-Thesis/scripts/synthetic_model_comparison/training/model_exports/yolo26n-realvisxl-lightning-maxlen-seed43-20260803-021129/best.pt device=cuda output_dir=/home/debian/Master-Thesis/scripts/synthetic_model_comparison/training/model_exports/yolo26n-realvisxl-lightning-maxlen-seed43-20260803-021129/evaluation
2026-08-03 03:17:40 INFO  scripts.synthetic_model_comparison.training.eval_suite.run_evaluation | real_ann=/home/debian/Master-Thesis/data/synthetic_model_comparison/test/annotations_test.json max_det=100
2026-08-03 03:17:40 INFO  scripts.synthetic_model_comparison.training.dataset | dataset annotations_test.json: 9742 images, 9742 annotations, 12 classes
2026-08-03 03:17:40 INFO  scripts.synthetic_model_comparison.training.eval_suite.predict | loading checkpoint: /home/debian/Master-Thesis/scripts/synthetic_model_comparison/training/model_exports/yolo26n-realvisxl-lightning-maxlen-seed43-20260803-021129/best.pt
2026-08-03 03:17:40 INFO  scripts.synthetic_model_comparison.training.yolo26n_model | no pretrained weights — training from random initialization
2026-08-03 03:17:40 INFO  scripts.synthetic_model_comparison.training.yolo26n_model | model: yolo26n, nc=12, params=2.51M, device=cuda
2026-08-03 03:17:40 INFO  scripts.synthetic_model_comparison.training.eval_suite.predict | checkpoint format: training dict (state_dict under 'model' key)
2026-08-03 03:17:40 INFO  scripts.synthetic_model_comparison.training.eval_suite.predict | loaded 708/708 keys from checkpoint (skipped 0 shape-mismatched / missing)
2026-08-03 03:17:40 INFO  scripts.synthetic_model_comparison.training.eval_suite.predict | running inference: 9742 images, batch=64, max_det=100 (NMS-free: conf/iou thresholds unused)
2026-08-03 03:21:52 INFO  scripts.synthetic_model_comparison.training.eval_suite.predict | inference complete: 974200 predictions over 9742 images
2026-08-03 03:22:05 INFO  scripts.synthetic_model_comparison.training.eval_suite.predict | predictions written to /home/debian/Master-Thesis/scripts/synthetic_model_comparison/training/model_exports/yolo26n-realvisxl-lightning-maxlen-seed43-20260803-021129/evaluation/predictions_real.json
2026-08-03 03:22:05 INFO  scripts.synthetic_model_comparison.training.eval_suite.scoring | loading GT index from /home/debian/Master-Thesis/data/synthetic_model_comparison/test/annotations_test.json
2026-08-03 03:22:06 INFO  scripts.synthetic_model_comparison.training.eval_suite.scoring | GT index: 9742 images, 12 categories, 9742 annotated images
2026-08-03 03:22:06 INFO  scripts.synthetic_model_comparison.training.eval_suite.report | headline: real-test mAP (fine)
2026-08-03 03:23:42 INFO  scripts.synthetic_model_comparison.training.eval_suite.report | per-class AP table
2026-08-03 03:23:42 INFO  scripts.synthetic_model_comparison.training.eval_suite.report | within-look-alike-group confusion
2026-08-03 03:23:47 INFO  scripts.synthetic_model_comparison.training.eval_suite.report | wrote markdown report: /home/debian/Master-Thesis/scripts/synthetic_model_comparison/training/model_exports/yolo26n-realvisxl-lightning-maxlen-seed43-20260803-021129/evaluation/evaluation_report.md
2026-08-03 03:23:47 INFO  scripts.synthetic_model_comparison.training.eval_suite.report | wrote CSV artifacts: /home/debian/Master-Thesis/scripts/synthetic_model_comparison/training/model_exports/yolo26n-realvisxl-lightning-maxlen-seed43-20260803-021129/evaluation/eval_per_class.csv, /home/debian/Master-Thesis/scripts/synthetic_model_comparison/training/model_exports/yolo26n-realvisxl-lightning-maxlen-seed43-20260803-021129/evaluation/eval_confusion_pairs.csv
2026-08-03 03:23:47 INFO  scripts.synthetic_model_comparison.training.eval_suite.report | wrote JSON report: /home/debian/Master-Thesis/scripts/synthetic_model_comparison/training/model_exports/yolo26n-realvisxl-lightning-maxlen-seed43-20260803-021129/evaluation/evaluation_report.json
2026-08-03 03:23:51 INFO  scripts.synthetic_model_comparison.training.eval_suite.report | logged eval scalars to MLflow under 'eval/'
2026-08-03 03:23:52 INFO  scripts.synthetic_model_comparison.training.eval_suite.run_evaluation | evaluation complete — report at /home/debian/Master-Thesis/scripts/synthetic_model_comparison/training/model_exports/yolo26n-realvisxl-lightning-maxlen-seed43-20260803-021129/evaluation/evaluation_report.md
2026-08-03 03:23:53 INFO  __main__ | uploaded log artifact: /home/debian/Master-Thesis/scripts/synthetic_model_comparison/training/model_exports/yolo26n-realvisxl-lightning-maxlen-seed43-20260803-021129/yolo26n-realvisxl-lightning-maxlen-seed43-20260803-021129.log
