2026-08-05 02:07:22 INFO  __main__ | === yolo26n synthetic-model-comparison training run ===
2026-08-05 02:07:22 INFO  __main__ | run_name=yolo26n-hidream-i1-maxlen-seed43-20260805-020722 experiment=yolo26n-synthetic-model-comparison
2026-08-05 02:07:22 INFO  __main__ | mlflow tracking_uri=http://hetzner.taile550ef.ts.net:5000/
2026-08-05 02:07:22 INFO  __main__ | run dir: /home/debian/Master-Thesis/scripts/synthetic_model_comparison/training/model_exports/yolo26n-hidream-i1-maxlen-seed43-20260805-020722
2026-08-05 02:07:22 INFO  __main__ | log file: /home/debian/Master-Thesis/scripts/synthetic_model_comparison/training/model_exports/yolo26n-hidream-i1-maxlen-seed43-20260805-020722/yolo26n-hidream-i1-maxlen-seed43-20260805-020722.log
2026-08-05 02:07:23 INFO  __main__ | generator=hidream-i1 prompt_regime=maxlen seed=43 device=cuda epochs=200 smoke=False
2026-08-05 02:07:23 INFO  scripts.synthetic_model_comparison.training.split_dataset | split already up to date: annotations_train_split.json / annotations_val_split.json
2026-08-05 02:07:23 INFO  scripts.synthetic_model_comparison.training.dataset | dataset annotations_val_split.json: 240 images, 248 annotations, 12 classes
2026-08-05 02:07:23 INFO  scripts.synthetic_model_comparison.training.dataset | dataset annotations_test.json: 9742 images, 9742 annotations, 12 classes
2026-08-05 02:07:23 INFO  scripts.synthetic_model_comparison.training.dataset | dataset annotations_train_split.json: 960 images, 981 annotations, 12 classes
2026-08-05 02:07:23 INFO  scripts.synthetic_model_comparison.training.yolo26n_model | no pretrained weights — training from random initialization
2026-08-05 02:07:23 INFO  scripts.synthetic_model_comparison.training.yolo26n_model | model: yolo26n, nc=12, params=2.51M, device=cuda
2026-08-05 02:07:23 INFO  scripts.synthetic_model_comparison.training.optim | optimizer=SGD lr=0.001 | param groups: g0(BN,no-decay)=114 g1(conv,decay=0.0005)=126 g2(bias,no-decay)=126
2026-08-05 02:07:23 INFO  scripts.synthetic_model_comparison.training.optim | scheduler: OneCycleLR(max_lr=0.01, total_steps=3000, pct_start=0.015, div_factor=10, final_div_factor=100) — stepped per batch
2026-08-05 02:07:24 INFO  __main__ | run config:
2026-08-05 02:07:24 INFO  __main__ |   ANNOTATIONS_TEST = /home/debian/Master-Thesis/data/synthetic_model_comparison/test/annotations_test.json
2026-08-05 02:07:24 INFO  __main__ |   AUG_CLOSE_MOSAIC = 0
2026-08-05 02:07:24 INFO  __main__ |   AUG_COPY_PASTE = 0.0
2026-08-05 02:07:24 INFO  __main__ |   AUG_DEGREES = 0.0
2026-08-05 02:07:24 INFO  __main__ |   AUG_FLIPUD = 0.0
2026-08-05 02:07:24 INFO  __main__ |   AUG_HFLIP = True
2026-08-05 02:07:24 INFO  __main__ |   AUG_HSV = True
2026-08-05 02:07:24 INFO  __main__ |   AUG_HSV_H = 0.015
2026-08-05 02:07:24 INFO  __main__ |   AUG_HSV_S = 0.7
2026-08-05 02:07:24 INFO  __main__ |   AUG_HSV_V = 0.4
2026-08-05 02:07:24 INFO  __main__ |   AUG_MIXUP = 0.0
2026-08-05 02:07:24 INFO  __main__ |   AUG_MOSAIC = 0.0
2026-08-05 02:07:24 INFO  __main__ |   AUG_PERSPECTIVE = 0.0
2026-08-05 02:07:24 INFO  __main__ |   AUG_SCALE = 0.5
2026-08-05 02:07:24 INFO  __main__ |   AUG_SHEAR = 0.0
2026-08-05 02:07:24 INFO  __main__ |   AUG_TRANSLATE = 0.1
2026-08-05 02:07:24 INFO  __main__ |   BATCH_SIZE = 64
2026-08-05 02:07:24 INFO  __main__ |   DATA_ROOT = /home/debian/Master-Thesis/data
2026-08-05 02:07:24 INFO  __main__ |   EARLY_STOP = True
2026-08-05 02:07:24 INFO  __main__ |   EARLY_STOP_MIN_DELTA = 0.001
2026-08-05 02:07:24 INFO  __main__ |   EARLY_STOP_PATIENCE = 20
2026-08-05 02:07:24 INFO  __main__ |   EPOCH_COUNT = 200
2026-08-05 02:07:24 INFO  __main__ |   EVAL_CONF_THRES = 0.001
2026-08-05 02:07:24 INFO  __main__ |   EVAL_IOU_THRES = 0.6
2026-08-05 02:07:24 INFO  __main__ |   EVAL_MAX_DET = 100
2026-08-05 02:07:24 INFO  __main__ |   EXPERIMENT_DATA_ROOT = /home/debian/Master-Thesis/data/synthetic_model_comparison
2026-08-05 02:07:24 INFO  __main__ |   HYP_BOX = 7.5
2026-08-05 02:07:24 INFO  __main__ |   HYP_CLS = 0.5
2026-08-05 02:07:24 INFO  __main__ |   HYP_DFL = 1.5
2026-08-05 02:07:24 INFO  __main__ |   IMAGE_ROOT = /home/debian/Master-Thesis
2026-08-05 02:07:24 INFO  __main__ |   IMAGE_SIZE = 640
2026-08-05 02:07:24 INFO  __main__ |   LEARNING_RATE = 0.001
2026-08-05 02:07:24 INFO  __main__ |   MLFLOW_EXPERIMENT_DEFAULT = yolo26n-synthetic-model-comparison
2026-08-05 02:07:24 INFO  __main__ |   MLFLOW_LOG_EVERY_N_STEPS = 50
2026-08-05 02:07:24 INFO  __main__ |   MODEL_CONFIG = yolo26n.yaml
2026-08-05 02:07:24 INFO  __main__ |   MOMENTUM = 0.937
2026-08-05 02:07:24 INFO  __main__ |   NESTEROV = True
2026-08-05 02:07:24 INFO  __main__ |   NUM_CLASSES = 12
2026-08-05 02:07:24 INFO  __main__ |   NUM_WORKERS = 8
2026-08-05 02:07:24 INFO  __main__ |   ONE_CYCLE_DIV_FACTOR = 10.0
2026-08-05 02:07:24 INFO  __main__ |   ONE_CYCLE_FINAL_DIV_FACTOR = 100.0
2026-08-05 02:07:24 INFO  __main__ |   ONE_CYCLE_MAX_LR = 0.01
2026-08-05 02:07:24 INFO  __main__ |   ONE_CYCLE_PCT_START = 0.015
2026-08-05 02:07:24 INFO  __main__ |   OPTIMIZER = SGD
2026-08-05 02:07:24 INFO  __main__ |   OUTPUT_DIR = /home/debian/Master-Thesis/scripts/synthetic_model_comparison/training/model_exports
2026-08-05 02:07:24 INFO  __main__ |   PRETRAINED_WEIGHTS = /home/debian/Master-Thesis/weights/yolo26n.pt
2026-08-05 02:07:24 INFO  __main__ |   REPO_ROOT = /home/debian/Master-Thesis
2026-08-05 02:07:24 INFO  __main__ |   SEED = 42
2026-08-05 02:07:24 INFO  __main__ |   SELECTION_METRIC = mAP50_95
2026-08-05 02:07:24 INFO  __main__ |   SPLIT_SEED = 42
2026-08-05 02:07:24 INFO  __main__ |   TRAIN_ROOT = /home/debian/Master-Thesis/data/synthetic_model_comparison/train
2026-08-05 02:07:24 INFO  __main__ |   USE_AMP = True
2026-08-05 02:07:24 INFO  __main__ |   USE_EMA = True
2026-08-05 02:07:24 INFO  __main__ |   VAL_FRACTION = 0.2
2026-08-05 02:07:24 INFO  __main__ |   WARMUP_EPOCHS = 3
2026-08-05 02:07:24 INFO  __main__ |   WEIGHT_DECAY = 0.0005
2026-08-05 02:07:24 INFO  __main__ |   dataset_size_test = 9742
2026-08-05 02:07:24 INFO  __main__ |   dataset_size_train = 960
2026-08-05 02:07:24 INFO  __main__ |   dataset_size_val = 240
2026-08-05 02:07:24 INFO  __main__ |   device = cuda
2026-08-05 02:07:24 INFO  __main__ |   epochs_actual = 200
2026-08-05 02:07:24 INFO  __main__ |   generator = hidream-i1
2026-08-05 02:07:24 INFO  __main__ |   git_sha = c7ea21c01efa95aa5c50b481ac8a7f1a2e02f37c
2026-08-05 02:07:24 INFO  __main__ |   prompt_regime = maxlen
2026-08-05 02:07:24 INFO  __main__ |   resume_from = 
2026-08-05 02:07:24 INFO  __main__ |   run_seed = 43
2026-08-05 02:07:24 INFO  __main__ |   smoke = False
2026-08-05 02:07:24 INFO  __main__ |   weights_path = /home/debian/Master-Thesis/weights/yolo26n.pt
2026-08-05 02:07:24 INFO  scripts.synthetic_model_comparison.training.training_pipeline | output dir: /home/debian/Master-Thesis/scripts/synthetic_model_comparison/training/model_exports/yolo26n-hidream-i1-maxlen-seed43-20260805-020722 | selection_metric=mAP50_95 early_stop=True(patience=20, min_delta=0.001) ema=True amp=True
2026-08-05 02:07:24 INFO  scripts.synthetic_model_comparison.training.training_pipeline | starting training: ceiling=200 epochs | train_batches=15 val_batches=4 test_batches=153 | device=cuda
2026-08-05 02:07:24 INFO  scripts.synthetic_model_comparison.training.training_pipeline | epoch 1/200 — train start (lr=0.001, batches=15)
2026-08-05 02:07:46 INFO  scripts.synthetic_model_comparison.training.training_pipeline | epoch 1/200 — train done in 22.6s | avg loss_box=4.9723 loss_cls=51.2739 loss_dfl=0.1719 loss_total=1694.6850
2026-08-05 02:07:46 INFO  scripts.synthetic_model_comparison.training.evaluation | evaluating on 4 batches
2026-08-05 02:07:52 INFO  scripts.synthetic_model_comparison.training.training_pipeline | epoch 1/200 — val mAP50=0.0000 mAP50_95=0.0000 (selection mAP50_95=0.0000)
2026-08-05 02:07:53 INFO  scripts.synthetic_model_comparison.training.evaluation | mlflow: logged val/mAP50=0.0000 val/mAP50_95=0.0000 (step=0)
2026-08-05 02:07:54 INFO  scripts.synthetic_model_comparison.training.evaluation | mlflow: logged val per-class AP table (12 classes)
2026-08-05 02:07:54 INFO  scripts.synthetic_model_comparison.training.training_pipeline | saved checkpoint: /home/debian/Master-Thesis/scripts/synthetic_model_comparison/training/model_exports/yolo26n-hidream-i1-maxlen-seed43-20260805-020722/best.pt
2026-08-05 02:07:54 INFO  scripts.synthetic_model_comparison.training.training_pipeline | new best mAP50_95=0.0000 at epoch 1
2026-08-05 02:07:54 INFO  scripts.synthetic_model_comparison.training.training_pipeline | saved checkpoint: /home/debian/Master-Thesis/scripts/synthetic_model_comparison/training/model_exports/yolo26n-hidream-i1-maxlen-seed43-20260805-020722/last.pt
2026-08-05 02:07:54 INFO  scripts.synthetic_model_comparison.training.training_pipeline | epoch 1/200 done — next lr=0.00334338, epochs_since_improve=0/20
2026-08-05 02:07:54 INFO  scripts.synthetic_model_comparison.training.training_pipeline | epoch 2/200 — train start (lr=0.00334338, batches=15)
2026-08-05 02:08:06 INFO  scripts.synthetic_model_comparison.training.training_pipeline | epoch 2/200 — train done in 12.3s | avg loss_box=4.9779 loss_cls=48.6387 loss_dfl=0.1704 loss_total=1622.2877
2026-08-05 02:08:06 INFO  scripts.synthetic_model_comparison.training.evaluation | evaluating on 4 batches
2026-08-05 02:08:11 INFO  scripts.synthetic_model_comparison.training.training_pipeline | epoch 2/200 — val mAP50=0.0000 mAP50_95=0.0000 (selection mAP50_95=0.0000)
2026-08-05 02:08:11 WARNING urllib3.connectionpool | Retrying (Retry(total=6, connect=7, read=6, redirect=7, status=7)) after connection broken by 'RemoteDisconnected('Remote end closed connection without response')': /api/2.0/mlflow/runs/log-metric
2026-08-05 02:08:12 INFO  scripts.synthetic_model_comparison.training.evaluation | mlflow: logged val/mAP50=0.0000 val/mAP50_95=0.0000 (step=1)
2026-08-05 02:08:12 INFO  scripts.synthetic_model_comparison.training.evaluation | mlflow: logged val per-class AP table (12 classes)
2026-08-05 02:08:12 INFO  scripts.synthetic_model_comparison.training.training_pipeline | saved checkpoint: /home/debian/Master-Thesis/scripts/synthetic_model_comparison/training/model_exports/yolo26n-hidream-i1-maxlen-seed43-20260805-020722/last.pt
2026-08-05 02:08:13 INFO  scripts.synthetic_model_comparison.training.training_pipeline | epoch 2/200 done — next lr=0.00793288, epochs_since_improve=0/20
2026-08-05 02:08:13 INFO  scripts.synthetic_model_comparison.training.training_pipeline | epoch 3/200 — train start (lr=0.00793288, batches=15)
2026-08-05 02:08:25 INFO  scripts.synthetic_model_comparison.training.training_pipeline | epoch 3/200 — train done in 12.2s | avg loss_box=5.1531 loss_cls=51.2148 loss_dfl=0.1779 loss_total=1638.2716
2026-08-05 02:08:25 INFO  scripts.synthetic_model_comparison.training.evaluation | evaluating on 4 batches
2026-08-05 02:08:30 INFO  scripts.synthetic_model_comparison.training.training_pipeline | epoch 3/200 — val mAP50=0.0000 mAP50_95=0.0000 (selection mAP50_95=0.0000)
2026-08-05 02:08:31 INFO  scripts.synthetic_model_comparison.training.evaluation | mlflow: logged val/mAP50=0.0000 val/mAP50_95=0.0000 (step=2)
2026-08-05 02:08:31 INFO  scripts.synthetic_model_comparison.training.evaluation | mlflow: logged val per-class AP table (12 classes)
2026-08-05 02:08:31 INFO  scripts.synthetic_model_comparison.training.training_pipeline | saved checkpoint: /home/debian/Master-Thesis/scripts/synthetic_model_comparison/training/model_exports/yolo26n-hidream-i1-maxlen-seed43-20260805-020722/last.pt
2026-08-05 02:08:32 INFO  scripts.synthetic_model_comparison.training.training_pipeline | epoch 3/200 done — next lr=0.01, epochs_since_improve=0/20
2026-08-05 02:08:32 INFO  scripts.synthetic_model_comparison.training.training_pipeline | epoch 4/200 — train start (lr=0.01, batches=15)
2026-08-05 02:08:41 INFO  scripts.synthetic_model_comparison.training.training_pipeline | step 50 | loss_box=4.8026 loss_cls=46.2172 loss_dfl=0.1641 loss_total=1537.8535 lr=0.00999986
2026-08-05 02:08:46 INFO  scripts.synthetic_model_comparison.training.training_pipeline | epoch 4/200 — train done in 14.0s | avg loss_box=5.0791 loss_cls=46.8388 loss_dfl=0.1755 loss_total=1536.8259
2026-08-05 02:08:46 INFO  scripts.synthetic_model_comparison.training.evaluation | evaluating on 4 batches
2026-08-05 02:08:51 INFO  scripts.synthetic_model_comparison.training.training_pipeline | epoch 4/200 — val mAP50=0.0000 mAP50_95=0.0000 (selection mAP50_95=0.0000)
2026-08-05 02:08:51 INFO  scripts.synthetic_model_comparison.training.evaluation | mlflow: logged val/mAP50=0.0000 val/mAP50_95=0.0000 (step=3)
2026-08-05 02:08:51 INFO  scripts.synthetic_model_comparison.training.evaluation | mlflow: logged val per-class AP table (12 classes)
2026-08-05 02:08:52 INFO  scripts.synthetic_model_comparison.training.training_pipeline | saved checkpoint: /home/debian/Master-Thesis/scripts/synthetic_model_comparison/training/model_exports/yolo26n-hidream-i1-maxlen-seed43-20260805-020722/last.pt
2026-08-05 02:08:52 INFO  scripts.synthetic_model_comparison.training.training_pipeline | epoch 4/200 done — next lr=0.00999928, epochs_since_improve=1/20
2026-08-05 02:08:52 INFO  scripts.synthetic_model_comparison.training.training_pipeline | epoch 5/200 — train start (lr=0.00999928, batches=15)
2026-08-05 02:09:03 INFO  scripts.synthetic_model_comparison.training.training_pipeline | epoch 5/200 — train done in 11.4s | avg loss_box=5.1334 loss_cls=40.0071 loss_dfl=0.1796 loss_total=1357.9432
2026-08-05 02:09:03 INFO  scripts.synthetic_model_comparison.training.evaluation | evaluating on 4 batches
2026-08-05 02:09:09 INFO  scripts.synthetic_model_comparison.training.training_pipeline | epoch 5/200 — val mAP50=0.0000 mAP50_95=0.0000 (selection mAP50_95=0.0000)
2026-08-05 02:09:09 INFO  scripts.synthetic_model_comparison.training.evaluation | mlflow: logged val/mAP50=0.0000 val/mAP50_95=0.0000 (step=4)
2026-08-05 02:09:10 INFO  scripts.synthetic_model_comparison.training.evaluation | mlflow: logged val per-class AP table (12 classes)
2026-08-05 02:09:10 INFO  scripts.synthetic_model_comparison.training.training_pipeline | saved checkpoint: /home/debian/Master-Thesis/scripts/synthetic_model_comparison/training/model_exports/yolo26n-hidream-i1-maxlen-seed43-20260805-020722/last.pt
2026-08-05 02:09:10 INFO  scripts.synthetic_model_comparison.training.training_pipeline | epoch 5/200 done — next lr=0.00999729, epochs_since_improve=2/20
2026-08-05 02:09:10 INFO  scripts.synthetic_model_comparison.training.training_pipeline | epoch 6/200 — train start (lr=0.00999729, batches=15)
2026-08-05 02:09:22 INFO  scripts.synthetic_model_comparison.training.training_pipeline | epoch 6/200 — train done in 11.7s | avg loss_box=4.5116 loss_cls=22.6041 loss_dfl=0.1580 loss_total=928.7450
2026-08-05 02:09:22 INFO  scripts.synthetic_model_comparison.training.evaluation | evaluating on 4 batches
2026-08-05 02:09:27 INFO  scripts.synthetic_model_comparison.training.training_pipeline | epoch 6/200 — val mAP50=0.0000 mAP50_95=0.0000 (selection mAP50_95=0.0000)
2026-08-05 02:09:28 INFO  scripts.synthetic_model_comparison.training.evaluation | mlflow: logged val/mAP50=0.0000 val/mAP50_95=0.0000 (step=5)
2026-08-05 02:09:28 INFO  scripts.synthetic_model_comparison.training.evaluation | mlflow: logged val per-class AP table (12 classes)
2026-08-05 02:09:28 INFO  scripts.synthetic_model_comparison.training.training_pipeline | saved checkpoint: /home/debian/Master-Thesis/scripts/synthetic_model_comparison/training/model_exports/yolo26n-hidream-i1-maxlen-seed43-20260805-020722/last.pt
2026-08-05 02:09:29 INFO  scripts.synthetic_model_comparison.training.training_pipeline | epoch 6/200 done — next lr=0.00999403, epochs_since_improve=3/20
2026-08-05 02:09:29 INFO  scripts.synthetic_model_comparison.training.training_pipeline | epoch 7/200 — train start (lr=0.00999403, batches=15)
2026-08-05 02:09:39 INFO  scripts.synthetic_model_comparison.training.training_pipeline | step 100 | loss_box=3.4191 loss_cls=9.6707 loss_dfl=0.1280 loss_total=533.7579 lr=0.00999083
2026-08-05 02:09:42 INFO  scripts.synthetic_model_comparison.training.training_pipeline | epoch 7/200 — train done in 13.5s | avg loss_box=3.6802 loss_cls=10.8797 loss_dfl=0.1327 loss_total=573.5784
2026-08-05 02:09:42 INFO  scripts.synthetic_model_comparison.training.evaluation | evaluating on 4 batches
2026-08-05 02:09:47 INFO  scripts.synthetic_model_comparison.training.training_pipeline | epoch 7/200 — val mAP50=0.0003 mAP50_95=0.0001 (selection mAP50_95=0.0001)
2026-08-05 02:09:47 WARNING urllib3.connectionpool | Retrying (Retry(total=6, connect=7, read=6, redirect=7, status=7)) after connection broken by 'RemoteDisconnected('Remote end closed connection without response')': /api/2.0/mlflow/runs/log-metric
2026-08-05 02:09:48 INFO  scripts.synthetic_model_comparison.training.evaluation | mlflow: logged val/mAP50=0.0003 val/mAP50_95=0.0001 (step=6)
2026-08-05 02:09:48 INFO  scripts.synthetic_model_comparison.training.evaluation | mlflow: logged val per-class AP table (12 classes)
2026-08-05 02:09:48 INFO  scripts.synthetic_model_comparison.training.training_pipeline | saved checkpoint: /home/debian/Master-Thesis/scripts/synthetic_model_comparison/training/model_exports/yolo26n-hidream-i1-maxlen-seed43-20260805-020722/last.pt
2026-08-05 02:09:49 INFO  scripts.synthetic_model_comparison.training.training_pipeline | epoch 7/200 done — next lr=0.0099895, epochs_since_improve=4/20
2026-08-05 02:09:49 INFO  scripts.synthetic_model_comparison.training.training_pipeline | epoch 8/200 — train start (lr=0.0099895, batches=15)
2026-08-05 02:10:00 INFO  scripts.synthetic_model_comparison.training.training_pipeline | epoch 8/200 — train done in 11.9s | avg loss_box=2.4545 loss_cls=7.1359 loss_dfl=0.0861 loss_total=480.5377
2026-08-05 02:10:00 INFO  scripts.synthetic_model_comparison.training.evaluation | evaluating on 4 batches
2026-08-05 02:10:06 INFO  scripts.synthetic_model_comparison.training.training_pipeline | epoch 8/200 — val mAP50=0.0013 mAP50_95=0.0003 (selection mAP50_95=0.0003)
2026-08-05 02:10:06 INFO  scripts.synthetic_model_comparison.training.evaluation | mlflow: logged val/mAP50=0.0013 val/mAP50_95=0.0003 (step=7)
2026-08-05 02:10:07 INFO  scripts.synthetic_model_comparison.training.evaluation | mlflow: logged val per-class AP table (12 classes)
2026-08-05 02:10:07 INFO  scripts.synthetic_model_comparison.training.training_pipeline | saved checkpoint: /home/debian/Master-Thesis/scripts/synthetic_model_comparison/training/model_exports/yolo26n-hidream-i1-maxlen-seed43-20260805-020722/last.pt
2026-08-05 02:10:07 INFO  scripts.synthetic_model_comparison.training.training_pipeline | epoch 8/200 done — next lr=0.0099837, epochs_since_improve=5/20
2026-08-05 02:10:07 INFO  scripts.synthetic_model_comparison.training.training_pipeline | epoch 9/200 — train start (lr=0.0099837, batches=15)
2026-08-05 02:10:19 INFO  scripts.synthetic_model_comparison.training.training_pipeline | epoch 9/200 — train done in 11.8s | avg loss_box=1.8776 loss_cls=5.8178 loss_dfl=0.0632 loss_total=419.2721
2026-08-05 02:10:19 INFO  scripts.synthetic_model_comparison.training.evaluation | evaluating on 4 batches
2026-08-05 02:10:24 INFO  scripts.synthetic_model_comparison.training.training_pipeline | epoch 9/200 — val mAP50=0.0175 mAP50_95=0.0028 (selection mAP50_95=0.0028)
2026-08-05 02:10:25 INFO  scripts.synthetic_model_comparison.training.evaluation | mlflow: logged val/mAP50=0.0175 val/mAP50_95=0.0028 (step=8)
2026-08-05 02:10:25 INFO  scripts.synthetic_model_comparison.training.evaluation | mlflow: logged val per-class AP table (12 classes)
2026-08-05 02:10:26 INFO  scripts.synthetic_model_comparison.training.training_pipeline | saved checkpoint: /home/debian/Master-Thesis/scripts/synthetic_model_comparison/training/model_exports/yolo26n-hidream-i1-maxlen-seed43-20260805-020722/best.pt
2026-08-05 02:10:26 INFO  scripts.synthetic_model_comparison.training.training_pipeline | new best mAP50_95=0.0028 at epoch 9
2026-08-05 02:10:26 INFO  scripts.synthetic_model_comparison.training.training_pipeline | saved checkpoint: /home/debian/Master-Thesis/scripts/synthetic_model_comparison/training/model_exports/yolo26n-hidream-i1-maxlen-seed43-20260805-020722/last.pt
2026-08-05 02:10:26 INFO  scripts.synthetic_model_comparison.training.training_pipeline | epoch 9/200 done — next lr=0.00997664, epochs_since_improve=0/20
2026-08-05 02:10:26 INFO  scripts.synthetic_model_comparison.training.training_pipeline | epoch 10/200 — train start (lr=0.00997664, batches=15)
2026-08-05 02:10:38 INFO  scripts.synthetic_model_comparison.training.training_pipeline | epoch 10/200 — train done in 11.9s | avg loss_box=1.9715 loss_cls=5.2630 loss_dfl=0.0680 loss_total=398.4134
2026-08-05 02:10:38 INFO  scripts.synthetic_model_comparison.training.evaluation | evaluating on 4 batches
2026-08-05 02:10:43 INFO  scripts.synthetic_model_comparison.training.training_pipeline | epoch 10/200 — val mAP50=0.0127 mAP50_95=0.0037 (selection mAP50_95=0.0037)
2026-08-05 02:10:44 INFO  scripts.synthetic_model_comparison.training.evaluation | mlflow: logged val/mAP50=0.0127 val/mAP50_95=0.0037 (step=9)
2026-08-05 02:10:44 INFO  scripts.synthetic_model_comparison.training.evaluation | mlflow: logged val per-class AP table (12 classes)
2026-08-05 02:10:44 INFO  scripts.synthetic_model_comparison.training.training_pipeline | saved checkpoint: /home/debian/Master-Thesis/scripts/synthetic_model_comparison/training/model_exports/yolo26n-hidream-i1-maxlen-seed43-20260805-020722/last.pt
2026-08-05 02:10:45 INFO  scripts.synthetic_model_comparison.training.training_pipeline | epoch 10/200 done — next lr=0.00996832, epochs_since_improve=1/20
2026-08-05 02:10:45 INFO  scripts.synthetic_model_comparison.training.training_pipeline | epoch 11/200 — train start (lr=0.00996832, batches=15)
2026-08-05 02:10:51 INFO  scripts.synthetic_model_comparison.training.training_pipeline | step 150 | loss_box=1.8298 loss_cls=4.9151 loss_dfl=0.0599 loss_total=372.9467 lr=0.00996772
2026-08-05 02:10:58 INFO  scripts.synthetic_model_comparison.training.training_pipeline | epoch 11/200 — train done in 13.7s | avg loss_box=1.8668 loss_cls=4.7990 loss_dfl=0.0635 loss_total=373.5453
2026-08-05 02:10:58 INFO  scripts.synthetic_model_comparison.training.evaluation | evaluating on 4 batches
2026-08-05 02:11:04 INFO  scripts.synthetic_model_comparison.training.training_pipeline | epoch 11/200 — val mAP50=0.0042 mAP50_95=0.0016 (selection mAP50_95=0.0016)
2026-08-05 02:11:05 INFO  scripts.synthetic_model_comparison.training.evaluation | mlflow: logged val/mAP50=0.0042 val/mAP50_95=0.0016 (step=10)
2026-08-05 02:11:05 INFO  scripts.synthetic_model_comparison.training.evaluation | mlflow: logged val per-class AP table (12 classes)
2026-08-05 02:11:05 INFO  scripts.synthetic_model_comparison.training.training_pipeline | saved checkpoint: /home/debian/Master-Thesis/scripts/synthetic_model_comparison/training/model_exports/yolo26n-hidream-i1-maxlen-seed43-20260805-020722/last.pt
2026-08-05 02:11:05 INFO  scripts.synthetic_model_comparison.training.training_pipeline | epoch 11/200 done — next lr=0.00995873, epochs_since_improve=2/20
2026-08-05 02:11:05 INFO  scripts.synthetic_model_comparison.training.training_pipeline | epoch 12/200 — train start (lr=0.00995873, batches=15)
2026-08-05 02:11:17 INFO  scripts.synthetic_model_comparison.training.training_pipeline | epoch 12/200 — train done in 11.7s | avg loss_box=1.7524 loss_cls=4.4269 loss_dfl=0.0576 loss_total=349.7984
2026-08-05 02:11:17 INFO  scripts.synthetic_model_comparison.training.evaluation | evaluating on 4 batches
2026-08-05 02:11:22 INFO  scripts.synthetic_model_comparison.training.training_pipeline | epoch 12/200 — val mAP50=0.0402 mAP50_95=0.0120 (selection mAP50_95=0.0120)
2026-08-05 02:11:23 INFO  scripts.synthetic_model_comparison.training.evaluation | mlflow: logged val/mAP50=0.0402 val/mAP50_95=0.0120 (step=11)
2026-08-05 02:11:23 INFO  scripts.synthetic_model_comparison.training.evaluation | mlflow: logged val per-class AP table (12 classes)
2026-08-05 02:11:24 INFO  scripts.synthetic_model_comparison.training.training_pipeline | saved checkpoint: /home/debian/Master-Thesis/scripts/synthetic_model_comparison/training/model_exports/yolo26n-hidream-i1-maxlen-seed43-20260805-020722/best.pt
2026-08-05 02:11:24 INFO  scripts.synthetic_model_comparison.training.training_pipeline | new best mAP50_95=0.0120 at epoch 12
2026-08-05 02:11:24 INFO  scripts.synthetic_model_comparison.training.training_pipeline | saved checkpoint: /home/debian/Master-Thesis/scripts/synthetic_model_comparison/training/model_exports/yolo26n-hidream-i1-maxlen-seed43-20260805-020722/last.pt
2026-08-05 02:11:24 INFO  scripts.synthetic_model_comparison.training.training_pipeline | epoch 12/200 done — next lr=0.00994788, epochs_since_improve=0/20
2026-08-05 02:11:24 INFO  scripts.synthetic_model_comparison.training.training_pipeline | epoch 13/200 — train start (lr=0.00994788, batches=15)
2026-08-05 02:11:36 INFO  scripts.synthetic_model_comparison.training.training_pipeline | epoch 13/200 — train done in 12.0s | avg loss_box=1.6752 loss_cls=4.1034 loss_dfl=0.0545 loss_total=332.0688
2026-08-05 02:11:36 INFO  scripts.synthetic_model_comparison.training.evaluation | evaluating on 4 batches
2026-08-05 02:11:42 INFO  scripts.synthetic_model_comparison.training.training_pipeline | epoch 13/200 — val mAP50=0.0513 mAP50_95=0.0236 (selection mAP50_95=0.0236)
2026-08-05 02:11:43 INFO  scripts.synthetic_model_comparison.training.evaluation | mlflow: logged val/mAP50=0.0513 val/mAP50_95=0.0236 (step=12)
2026-08-05 02:11:43 INFO  scripts.synthetic_model_comparison.training.evaluation | mlflow: logged val per-class AP table (12 classes)
2026-08-05 02:11:43 INFO  scripts.synthetic_model_comparison.training.training_pipeline | saved checkpoint: /home/debian/Master-Thesis/scripts/synthetic_model_comparison/training/model_exports/yolo26n-hidream-i1-maxlen-seed43-20260805-020722/best.pt
2026-08-05 02:11:43 INFO  scripts.synthetic_model_comparison.training.training_pipeline | new best mAP50_95=0.0236 at epoch 13
2026-08-05 02:11:43 INFO  scripts.synthetic_model_comparison.training.training_pipeline | saved checkpoint: /home/debian/Master-Thesis/scripts/synthetic_model_comparison/training/model_exports/yolo26n-hidream-i1-maxlen-seed43-20260805-020722/last.pt
2026-08-05 02:11:44 INFO  scripts.synthetic_model_comparison.training.training_pipeline | epoch 13/200 done — next lr=0.00993577, epochs_since_improve=0/20
2026-08-05 02:11:44 INFO  scripts.synthetic_model_comparison.training.training_pipeline | epoch 14/200 — train start (lr=0.00993577, batches=15)
2026-08-05 02:11:52 INFO  scripts.synthetic_model_comparison.training.training_pipeline | step 200 | loss_box=1.6573 loss_cls=3.9008 loss_dfl=0.0596 loss_total=323.2473 lr=0.00993058
2026-08-05 02:11:57 INFO  scripts.synthetic_model_comparison.training.training_pipeline | epoch 14/200 — train done in 13.7s | avg loss_box=1.7042 loss_cls=3.8346 loss_dfl=0.0560 loss_total=321.5781
2026-08-05 02:11:57 INFO  scripts.synthetic_model_comparison.training.evaluation | evaluating on 4 batches
2026-08-05 02:12:03 INFO  scripts.synthetic_model_comparison.training.training_pipeline | epoch 14/200 — val mAP50=0.0511 mAP50_95=0.0169 (selection mAP50_95=0.0169)
2026-08-05 02:12:04 INFO  scripts.synthetic_model_comparison.training.evaluation | mlflow: logged val/mAP50=0.0511 val/mAP50_95=0.0169 (step=13)
2026-08-05 02:12:04 INFO  scripts.synthetic_model_comparison.training.evaluation | mlflow: logged val per-class AP table (12 classes)
2026-08-05 02:12:05 INFO  scripts.synthetic_model_comparison.training.training_pipeline | saved checkpoint: /home/debian/Master-Thesis/scripts/synthetic_model_comparison/training/model_exports/yolo26n-hidream-i1-maxlen-seed43-20260805-020722/last.pt
2026-08-05 02:12:05 INFO  scripts.synthetic_model_comparison.training.training_pipeline | epoch 14/200 done — next lr=0.00992241, epochs_since_improve=1/20
2026-08-05 02:12:05 INFO  scripts.synthetic_model_comparison.training.training_pipeline | epoch 15/200 — train start (lr=0.00992241, batches=15)
2026-08-05 02:12:17 INFO  scripts.synthetic_model_comparison.training.training_pipeline | epoch 15/200 — train done in 12.2s | avg loss_box=1.6601 loss_cls=3.5708 loss_dfl=0.0553 loss_total=310.6548
2026-08-05 02:12:17 INFO  scripts.synthetic_model_comparison.training.evaluation | evaluating on 4 batches
2026-08-05 02:12:23 INFO  scripts.synthetic_model_comparison.training.training_pipeline | epoch 15/200 — val mAP50=0.0394 mAP50_95=0.0090 (selection mAP50_95=0.0090)
2026-08-05 02:12:24 INFO  scripts.synthetic_model_comparison.training.evaluation | mlflow: logged val/mAP50=0.0394 val/mAP50_95=0.0090 (step=14)
2026-08-05 02:12:24 INFO  scripts.synthetic_model_comparison.training.evaluation | mlflow: logged val per-class AP table (12 classes)
2026-08-05 02:12:24 INFO  scripts.synthetic_model_comparison.training.training_pipeline | saved checkpoint: /home/debian/Master-Thesis/scripts/synthetic_model_comparison/training/model_exports/yolo26n-hidream-i1-maxlen-seed43-20260805-020722/last.pt
2026-08-05 02:12:25 INFO  scripts.synthetic_model_comparison.training.training_pipeline | epoch 15/200 done — next lr=0.00990781, epochs_since_improve=2/20
2026-08-05 02:12:25 INFO  scripts.synthetic_model_comparison.training.training_pipeline | epoch 16/200 — train start (lr=0.00990781, batches=15)
2026-08-05 02:12:37 INFO  scripts.synthetic_model_comparison.training.training_pipeline | epoch 16/200 — train done in 12.0s | avg loss_box=1.7041 loss_cls=3.3439 loss_dfl=0.0574 loss_total=297.7943
2026-08-05 02:12:37 INFO  scripts.synthetic_model_comparison.training.evaluation | evaluating on 4 batches
2026-08-05 02:12:42 INFO  scripts.synthetic_model_comparison.training.training_pipeline | epoch 16/200 — val mAP50=0.1165 mAP50_95=0.0388 (selection mAP50_95=0.0388)
2026-08-05 02:12:43 INFO  scripts.synthetic_model_comparison.training.evaluation | mlflow: logged val/mAP50=0.1165 val/mAP50_95=0.0388 (step=15)
2026-08-05 02:12:43 INFO  scripts.synthetic_model_comparison.training.evaluation | mlflow: logged val per-class AP table (12 classes)
2026-08-05 02:12:43 INFO  scripts.synthetic_model_comparison.training.training_pipeline | saved checkpoint: /home/debian/Master-Thesis/scripts/synthetic_model_comparison/training/model_exports/yolo26n-hidream-i1-maxlen-seed43-20260805-020722/best.pt
2026-08-05 02:12:43 INFO  scripts.synthetic_model_comparison.training.training_pipeline | new best mAP50_95=0.0388 at epoch 16
2026-08-05 02:12:44 INFO  scripts.synthetic_model_comparison.training.training_pipeline | saved checkpoint: /home/debian/Master-Thesis/scripts/synthetic_model_comparison/training/model_exports/yolo26n-hidream-i1-maxlen-seed43-20260805-020722/last.pt
2026-08-05 02:12:44 INFO  scripts.synthetic_model_comparison.training.training_pipeline | epoch 16/200 done — next lr=0.00989195, epochs_since_improve=0/20
2026-08-05 02:12:44 INFO  scripts.synthetic_model_comparison.training.training_pipeline | epoch 17/200 — train start (lr=0.00989195, batches=15)
2026-08-05 02:12:54 INFO  scripts.synthetic_model_comparison.training.training_pipeline | step 250 | loss_box=1.6317 loss_cls=3.1021 loss_dfl=0.0546 loss_total=279.4515 lr=0.00987953
2026-08-05 02:12:57 INFO  scripts.synthetic_model_comparison.training.training_pipeline | epoch 17/200 — train done in 13.1s | avg loss_box=1.6907 loss_cls=3.1551 loss_dfl=0.0565 loss_total=288.9707
2026-08-05 02:12:57 INFO  scripts.synthetic_model_comparison.training.evaluation | evaluating on 4 batches
2026-08-05 02:13:03 INFO  scripts.synthetic_model_comparison.training.training_pipeline | epoch 17/200 — val mAP50=0.1398 mAP50_95=0.0598 (selection mAP50_95=0.0598)
2026-08-05 02:13:04 INFO  scripts.synthetic_model_comparison.training.evaluation | mlflow: logged val/mAP50=0.1398 val/mAP50_95=0.0598 (step=16)
2026-08-05 02:13:04 INFO  scripts.synthetic_model_comparison.training.evaluation | mlflow: logged val per-class AP table (12 classes)
2026-08-05 02:13:04 INFO  scripts.synthetic_model_comparison.training.training_pipeline | saved checkpoint: /home/debian/Master-Thesis/scripts/synthetic_model_comparison/training/model_exports/yolo26n-hidream-i1-maxlen-seed43-20260805-020722/best.pt
2026-08-05 02:13:04 INFO  scripts.synthetic_model_comparison.training.training_pipeline | new best mAP50_95=0.0598 at epoch 17
2026-08-05 02:13:04 INFO  scripts.synthetic_model_comparison.training.training_pipeline | saved checkpoint: /home/debian/Master-Thesis/scripts/synthetic_model_comparison/training/model_exports/yolo26n-hidream-i1-maxlen-seed43-20260805-020722/last.pt
2026-08-05 02:13:05 INFO  scripts.synthetic_model_comparison.training.training_pipeline | epoch 17/200 done — next lr=0.00987485, epochs_since_improve=0/20
2026-08-05 02:13:05 INFO  scripts.synthetic_model_comparison.training.training_pipeline | epoch 18/200 — train start (lr=0.00987485, batches=15)
2026-08-05 02:13:16 INFO  scripts.synthetic_model_comparison.training.training_pipeline | epoch 18/200 — train done in 11.7s | avg loss_box=1.7103 loss_cls=3.0392 loss_dfl=0.0565 loss_total=285.1295
2026-08-05 02:13:16 INFO  scripts.synthetic_model_comparison.training.evaluation | evaluating on 4 batches
2026-08-05 02:13:22 INFO  scripts.synthetic_model_comparison.training.training_pipeline | epoch 18/200 — val mAP50=0.1140 mAP50_95=0.0263 (selection mAP50_95=0.0263)
2026-08-05 02:13:23 INFO  scripts.synthetic_model_comparison.training.evaluation | mlflow: logged val/mAP50=0.1140 val/mAP50_95=0.0263 (step=17)
2026-08-05 02:13:23 INFO  scripts.synthetic_model_comparison.training.evaluation | mlflow: logged val per-class AP table (12 classes)
2026-08-05 02:13:24 INFO  scripts.synthetic_model_comparison.training.training_pipeline | saved checkpoint: /home/debian/Master-Thesis/scripts/synthetic_model_comparison/training/model_exports/yolo26n-hidream-i1-maxlen-seed43-20260805-020722/last.pt
2026-08-05 02:13:24 INFO  scripts.synthetic_model_comparison.training.training_pipeline | epoch 18/200 done — next lr=0.00985651, epochs_since_improve=1/20
2026-08-05 02:13:24 INFO  scripts.synthetic_model_comparison.training.training_pipeline | epoch 19/200 — train start (lr=0.00985651, batches=15)
2026-08-05 02:13:36 INFO  scripts.synthetic_model_comparison.training.training_pipeline | epoch 19/200 — train done in 12.0s | avg loss_box=1.6985 loss_cls=2.8338 loss_dfl=0.0566 loss_total=271.8199
2026-08-05 02:13:36 INFO  scripts.synthetic_model_comparison.training.evaluation | evaluating on 4 batches
2026-08-05 02:13:42 INFO  scripts.synthetic_model_comparison.training.training_pipeline | epoch 19/200 — val mAP50=0.2301 mAP50_95=0.0966 (selection mAP50_95=0.0966)
2026-08-05 02:13:43 INFO  scripts.synthetic_model_comparison.training.evaluation | mlflow: logged val/mAP50=0.2301 val/mAP50_95=0.0966 (step=18)
2026-08-05 02:13:43 INFO  scripts.synthetic_model_comparison.training.evaluation | mlflow: logged val per-class AP table (12 classes)
2026-08-05 02:13:43 INFO  scripts.synthetic_model_comparison.training.training_pipeline | saved checkpoint: /home/debian/Master-Thesis/scripts/synthetic_model_comparison/training/model_exports/yolo26n-hidream-i1-maxlen-seed43-20260805-020722/best.pt
2026-08-05 02:13:43 INFO  scripts.synthetic_model_comparison.training.training_pipeline | new best mAP50_95=0.0966 at epoch 19
2026-08-05 02:13:43 INFO  scripts.synthetic_model_comparison.training.training_pipeline | saved checkpoint: /home/debian/Master-Thesis/scripts/synthetic_model_comparison/training/model_exports/yolo26n-hidream-i1-maxlen-seed43-20260805-020722/last.pt
2026-08-05 02:13:44 INFO  scripts.synthetic_model_comparison.training.training_pipeline | epoch 19/200 done — next lr=0.00983694, epochs_since_improve=0/20
2026-08-05 02:13:44 INFO  scripts.synthetic_model_comparison.training.training_pipeline | epoch 20/200 — train start (lr=0.00983694, batches=15)
2026-08-05 02:13:55 INFO  scripts.synthetic_model_comparison.training.training_pipeline | epoch 20/200 — train done in 11.5s | avg loss_box=1.7098 loss_cls=2.7155 loss_dfl=0.0572 loss_total=267.0189
2026-08-05 02:13:55 INFO  scripts.synthetic_model_comparison.training.evaluation | evaluating on 4 batches
2026-08-05 02:14:01 INFO  scripts.synthetic_model_comparison.training.training_pipeline | epoch 20/200 — val mAP50=0.2061 mAP50_95=0.1144 (selection mAP50_95=0.1144)
2026-08-05 02:14:02 INFO  scripts.synthetic_model_comparison.training.evaluation | mlflow: logged val/mAP50=0.2061 val/mAP50_95=0.1144 (step=19)
2026-08-05 02:14:02 INFO  scripts.synthetic_model_comparison.training.evaluation | mlflow: logged val per-class AP table (12 classes)
2026-08-05 02:14:02 INFO  scripts.synthetic_model_comparison.training.training_pipeline | saved checkpoint: /home/debian/Master-Thesis/scripts/synthetic_model_comparison/training/model_exports/yolo26n-hidream-i1-maxlen-seed43-20260805-020722/best.pt
2026-08-05 02:14:02 INFO  scripts.synthetic_model_comparison.training.training_pipeline | new best mAP50_95=0.1144 at epoch 20
2026-08-05 02:14:02 INFO  scripts.synthetic_model_comparison.training.training_pipeline | saved checkpoint: /home/debian/Master-Thesis/scripts/synthetic_model_comparison/training/model_exports/yolo26n-hidream-i1-maxlen-seed43-20260805-020722/last.pt
2026-08-05 02:14:03 INFO  scripts.synthetic_model_comparison.training.training_pipeline | epoch 20/200 done — next lr=0.00981614, epochs_since_improve=0/20
2026-08-05 02:14:03 INFO  scripts.synthetic_model_comparison.training.training_pipeline | epoch 21/200 — train start (lr=0.00981614, batches=15)
2026-08-05 02:14:08 INFO  scripts.synthetic_model_comparison.training.training_pipeline | step 300 | loss_box=1.6824 loss_cls=2.5533 loss_dfl=0.0561 loss_total=267.2329 lr=0.00981471
2026-08-05 02:14:28 INFO  scripts.synthetic_model_comparison.training.training_pipeline | epoch 21/200 — train done in 24.8s | avg loss_box=1.6890 loss_cls=2.6082 loss_dfl=0.0556 loss_total=263.9284
2026-08-05 02:14:28 INFO  scripts.synthetic_model_comparison.training.evaluation | evaluating on 4 batches
2026-08-05 02:14:33 INFO  scripts.synthetic_model_comparison.training.training_pipeline | epoch 21/200 — val mAP50=0.2771 mAP50_95=0.1417 (selection mAP50_95=0.1417)
2026-08-05 02:14:34 INFO  scripts.synthetic_model_comparison.training.evaluation | mlflow: logged val/mAP50=0.2771 val/mAP50_95=0.1417 (step=20)
2026-08-05 02:14:34 INFO  scripts.synthetic_model_comparison.training.evaluation | mlflow: logged val per-class AP table (12 classes)
2026-08-05 02:14:35 INFO  scripts.synthetic_model_comparison.training.training_pipeline | saved checkpoint: /home/debian/Master-Thesis/scripts/synthetic_model_comparison/training/model_exports/yolo26n-hidream-i1-maxlen-seed43-20260805-020722/best.pt
2026-08-05 02:14:35 INFO  scripts.synthetic_model_comparison.training.training_pipeline | new best mAP50_95=0.1417 at epoch 21
2026-08-05 02:14:35 INFO  scripts.synthetic_model_comparison.training.training_pipeline | saved checkpoint: /home/debian/Master-Thesis/scripts/synthetic_model_comparison/training/model_exports/yolo26n-hidream-i1-maxlen-seed43-20260805-020722/last.pt
2026-08-05 02:14:35 INFO  scripts.synthetic_model_comparison.training.training_pipeline | epoch 21/200 done — next lr=0.00979412, epochs_since_improve=0/20
2026-08-05 02:14:35 INFO  scripts.synthetic_model_comparison.training.training_pipeline | epoch 22/200 — train start (lr=0.00979412, batches=15)
2026-08-05 02:14:46 INFO  scripts.synthetic_model_comparison.training.training_pipeline | epoch 22/200 — train done in 11.3s | avg loss_box=1.6901 loss_cls=2.4884 loss_dfl=0.0565 loss_total=256.2291
2026-08-05 02:14:46 INFO  scripts.synthetic_model_comparison.training.evaluation | evaluating on 4 batches
2026-08-05 02:14:52 INFO  scripts.synthetic_model_comparison.training.training_pipeline | epoch 22/200 — val mAP50=0.3493 mAP50_95=0.1820 (selection mAP50_95=0.1820)
2026-08-05 02:14:53 INFO  scripts.synthetic_model_comparison.training.evaluation | mlflow: logged val/mAP50=0.3493 val/mAP50_95=0.1820 (step=21)
2026-08-05 02:14:54 INFO  scripts.synthetic_model_comparison.training.evaluation | mlflow: logged val per-class AP table (12 classes)
2026-08-05 02:14:54 INFO  scripts.synthetic_model_comparison.training.training_pipeline | saved checkpoint: /home/debian/Master-Thesis/scripts/synthetic_model_comparison/training/model_exports/yolo26n-hidream-i1-maxlen-seed43-20260805-020722/best.pt
2026-08-05 02:14:54 INFO  scripts.synthetic_model_comparison.training.training_pipeline | new best mAP50_95=0.1820 at epoch 22
2026-08-05 02:14:54 INFO  scripts.synthetic_model_comparison.training.training_pipeline | saved checkpoint: /home/debian/Master-Thesis/scripts/synthetic_model_comparison/training/model_exports/yolo26n-hidream-i1-maxlen-seed43-20260805-020722/last.pt
2026-08-05 02:14:54 INFO  scripts.synthetic_model_comparison.training.training_pipeline | epoch 22/200 done — next lr=0.00977087, epochs_since_improve=0/20
2026-08-05 02:14:54 INFO  scripts.synthetic_model_comparison.training.training_pipeline | epoch 23/200 — train start (lr=0.00977087, batches=15)
2026-08-05 02:15:06 INFO  scripts.synthetic_model_comparison.training.training_pipeline | epoch 23/200 — train done in 12.1s | avg loss_box=1.6587 loss_cls=2.3767 loss_dfl=0.0542 loss_total=246.9167
2026-08-05 02:15:07 INFO  scripts.synthetic_model_comparison.training.evaluation | evaluating on 4 batches
2026-08-05 02:15:13 INFO  scripts.synthetic_model_comparison.training.training_pipeline | epoch 23/200 — val mAP50=0.3229 mAP50_95=0.1459 (selection mAP50_95=0.1459)
2026-08-05 02:15:13 INFO  scripts.synthetic_model_comparison.training.evaluation | mlflow: logged val/mAP50=0.3229 val/mAP50_95=0.1459 (step=22)
2026-08-05 02:15:13 INFO  scripts.synthetic_model_comparison.training.evaluation | mlflow: logged val per-class AP table (12 classes)
2026-08-05 02:15:14 INFO  scripts.synthetic_model_comparison.training.training_pipeline | saved checkpoint: /home/debian/Master-Thesis/scripts/synthetic_model_comparison/training/model_exports/yolo26n-hidream-i1-maxlen-seed43-20260805-020722/last.pt
2026-08-05 02:15:14 INFO  scripts.synthetic_model_comparison.training.training_pipeline | epoch 23/200 done — next lr=0.00974642, epochs_since_improve=1/20
2026-08-05 02:15:14 INFO  scripts.synthetic_model_comparison.training.training_pipeline | epoch 24/200 — train start (lr=0.00974642, batches=15)
2026-08-05 02:15:22 INFO  scripts.synthetic_model_comparison.training.training_pipeline | step 350 | loss_box=1.5961 loss_cls=2.1791 loss_dfl=0.0557 loss_total=236.4769 lr=0.0097363
2026-08-05 02:15:27 INFO  scripts.synthetic_model_comparison.training.training_pipeline | epoch 24/200 — train done in 13.4s | avg loss_box=1.6407 loss_cls=2.2859 loss_dfl=0.0542 loss_total=242.0192
2026-08-05 02:15:27 INFO  scripts.synthetic_model_comparison.training.evaluation | evaluating on 4 batches
2026-08-05 02:15:33 INFO  scripts.synthetic_model_comparison.training.training_pipeline | epoch 24/200 — val mAP50=0.4140 mAP50_95=0.2276 (selection mAP50_95=0.2276)
2026-08-05 02:15:34 INFO  scripts.synthetic_model_comparison.training.evaluation | mlflow: logged val/mAP50=0.4140 val/mAP50_95=0.2276 (step=23)
2026-08-05 02:15:34 INFO  scripts.synthetic_model_comparison.training.evaluation | mlflow: logged val per-class AP table (12 classes)
2026-08-05 02:15:34 INFO  scripts.synthetic_model_comparison.training.training_pipeline | saved checkpoint: /home/debian/Master-Thesis/scripts/synthetic_model_comparison/training/model_exports/yolo26n-hidream-i1-maxlen-seed43-20260805-020722/best.pt
2026-08-05 02:15:34 INFO  scripts.synthetic_model_comparison.training.training_pipeline | new best mAP50_95=0.2276 at epoch 24
2026-08-05 02:15:35 INFO  scripts.synthetic_model_comparison.training.training_pipeline | saved checkpoint: /home/debian/Master-Thesis/scripts/synthetic_model_comparison/training/model_exports/yolo26n-hidream-i1-maxlen-seed43-20260805-020722/last.pt
2026-08-05 02:15:35 INFO  scripts.synthetic_model_comparison.training.training_pipeline | epoch 24/200 done — next lr=0.00972076, epochs_since_improve=0/20
2026-08-05 02:15:35 INFO  scripts.synthetic_model_comparison.training.training_pipeline | epoch 25/200 — train start (lr=0.00972076, batches=15)
2026-08-05 02:15:47 INFO  scripts.synthetic_model_comparison.training.training_pipeline | epoch 25/200 — train done in 11.7s | avg loss_box=1.6563 loss_cls=2.2265 loss_dfl=0.0544 loss_total=241.9137
2026-08-05 02:15:47 INFO  scripts.synthetic_model_comparison.training.evaluation | evaluating on 4 batches
2026-08-05 02:15:52 INFO  scripts.synthetic_model_comparison.training.training_pipeline | epoch 25/200 — val mAP50=0.3638 mAP50_95=0.1983 (selection mAP50_95=0.1983)
2026-08-05 02:15:53 INFO  scripts.synthetic_model_comparison.training.evaluation | mlflow: logged val/mAP50=0.3638 val/mAP50_95=0.1983 (step=24)
2026-08-05 02:15:53 INFO  scripts.synthetic_model_comparison.training.evaluation | mlflow: logged val per-class AP table (12 classes)
2026-08-05 02:15:53 INFO  scripts.synthetic_model_comparison.training.training_pipeline | saved checkpoint: /home/debian/Master-Thesis/scripts/synthetic_model_comparison/training/model_exports/yolo26n-hidream-i1-maxlen-seed43-20260805-020722/last.pt
2026-08-05 02:15:54 INFO  scripts.synthetic_model_comparison.training.training_pipeline | epoch 25/200 done — next lr=0.0096939, epochs_since_improve=1/20
2026-08-05 02:15:54 INFO  scripts.synthetic_model_comparison.training.training_pipeline | epoch 26/200 — train start (lr=0.0096939, batches=15)
2026-08-05 02:16:05 INFO  scripts.synthetic_model_comparison.training.training_pipeline | epoch 26/200 — train done in 11.5s | avg loss_box=1.6262 loss_cls=2.0433 loss_dfl=0.0529 loss_total=229.8254
2026-08-05 02:16:05 INFO  scripts.synthetic_model_comparison.training.evaluation | evaluating on 4 batches
2026-08-05 02:16:11 INFO  scripts.synthetic_model_comparison.training.training_pipeline | epoch 26/200 — val mAP50=0.4636 mAP50_95=0.2772 (selection mAP50_95=0.2772)
2026-08-05 02:16:12 INFO  scripts.synthetic_model_comparison.training.evaluation | mlflow: logged val/mAP50=0.4636 val/mAP50_95=0.2772 (step=25)
2026-08-05 02:16:12 INFO  scripts.synthetic_model_comparison.training.evaluation | mlflow: logged val per-class AP table (12 classes)
2026-08-05 02:16:13 INFO  scripts.synthetic_model_comparison.training.training_pipeline | saved checkpoint: /home/debian/Master-Thesis/scripts/synthetic_model_comparison/training/model_exports/yolo26n-hidream-i1-maxlen-seed43-20260805-020722/best.pt
2026-08-05 02:16:13 INFO  scripts.synthetic_model_comparison.training.training_pipeline | new best mAP50_95=0.2772 at epoch 26
2026-08-05 02:16:13 INFO  scripts.synthetic_model_comparison.training.training_pipeline | saved checkpoint: /home/debian/Master-Thesis/scripts/synthetic_model_comparison/training/model_exports/yolo26n-hidream-i1-maxlen-seed43-20260805-020722/last.pt
2026-08-05 02:16:13 INFO  scripts.synthetic_model_comparison.training.training_pipeline | epoch 26/200 done — next lr=0.00966585, epochs_since_improve=0/20
2026-08-05 02:16:13 INFO  scripts.synthetic_model_comparison.training.training_pipeline | epoch 27/200 — train start (lr=0.00966585, batches=15)
2026-08-05 02:16:23 INFO  scripts.synthetic_model_comparison.training.training_pipeline | step 400 | loss_box=1.5306 loss_cls=2.0613 loss_dfl=0.0489 loss_total=227.2992 lr=0.00964453
2026-08-05 02:16:26 INFO  scripts.synthetic_model_comparison.training.training_pipeline | epoch 27/200 — train done in 13.3s | avg loss_box=1.6207 loss_cls=2.0350 loss_dfl=0.0532 loss_total=228.1087
2026-08-05 02:16:26 INFO  scripts.synthetic_model_comparison.training.evaluation | evaluating on 4 batches
2026-08-05 02:16:32 INFO  scripts.synthetic_model_comparison.training.training_pipeline | epoch 27/200 — val mAP50=0.1729 mAP50_95=0.0420 (selection mAP50_95=0.0420)
2026-08-05 02:16:33 INFO  scripts.synthetic_model_comparison.training.evaluation | mlflow: logged val/mAP50=0.1729 val/mAP50_95=0.0420 (step=26)
2026-08-05 02:16:33 INFO  scripts.synthetic_model_comparison.training.evaluation | mlflow: logged val per-class AP table (12 classes)
2026-08-05 02:16:33 INFO  scripts.synthetic_model_comparison.training.training_pipeline | saved checkpoint: /home/debian/Master-Thesis/scripts/synthetic_model_comparison/training/model_exports/yolo26n-hidream-i1-maxlen-seed43-20260805-020722/last.pt
2026-08-05 02:16:34 INFO  scripts.synthetic_model_comparison.training.training_pipeline | epoch 27/200 done — next lr=0.00963661, epochs_since_improve=1/20
2026-08-05 02:16:34 INFO  scripts.synthetic_model_comparison.training.training_pipeline | epoch 28/200 — train start (lr=0.00963661, batches=15)
2026-08-05 02:16:46 INFO  scripts.synthetic_model_comparison.training.training_pipeline | epoch 28/200 — train done in 12.1s | avg loss_box=1.6098 loss_cls=1.9423 loss_dfl=0.0526 loss_total=220.0364
2026-08-05 02:16:46 INFO  scripts.synthetic_model_comparison.training.evaluation | evaluating on 4 batches
2026-08-05 02:16:52 INFO  scripts.synthetic_model_comparison.training.training_pipeline | epoch 28/200 — val mAP50=0.1788 mAP50_95=0.0538 (selection mAP50_95=0.0538)
2026-08-05 02:16:52 INFO  scripts.synthetic_model_comparison.training.evaluation | mlflow: logged val/mAP50=0.1788 val/mAP50_95=0.0538 (step=27)
2026-08-05 02:16:53 INFO  scripts.synthetic_model_comparison.training.evaluation | mlflow: logged val per-class AP table (12 classes)
2026-08-05 02:16:53 INFO  scripts.synthetic_model_comparison.training.training_pipeline | saved checkpoint: /home/debian/Master-Thesis/scripts/synthetic_model_comparison/training/model_exports/yolo26n-hidream-i1-maxlen-seed43-20260805-020722/last.pt
2026-08-05 02:16:53 INFO  scripts.synthetic_model_comparison.training.training_pipeline | epoch 28/200 done — next lr=0.0096062, epochs_since_improve=2/20
2026-08-05 02:16:53 INFO  scripts.synthetic_model_comparison.training.training_pipeline | epoch 29/200 — train start (lr=0.0096062, batches=15)
2026-08-05 02:17:05 INFO  scripts.synthetic_model_comparison.training.training_pipeline | epoch 29/200 — train done in 11.8s | avg loss_box=1.5881 loss_cls=1.8998 loss_dfl=0.0530 loss_total=215.3411
2026-08-05 02:17:05 INFO  scripts.synthetic_model_comparison.training.evaluation | evaluating on 4 batches
2026-08-05 02:17:11 INFO  scripts.synthetic_model_comparison.training.training_pipeline | epoch 29/200 — val mAP50=0.4682 mAP50_95=0.1708 (selection mAP50_95=0.1708)
2026-08-05 02:17:11 INFO  scripts.synthetic_model_comparison.training.evaluation | mlflow: logged val/mAP50=0.4682 val/mAP50_95=0.1708 (step=28)
2026-08-05 02:17:12 INFO  scripts.synthetic_model_comparison.training.evaluation | mlflow: logged val per-class AP table (12 classes)
2026-08-05 02:17:12 INFO  scripts.synthetic_model_comparison.training.training_pipeline | saved checkpoint: /home/debian/Master-Thesis/scripts/synthetic_model_comparison/training/model_exports/yolo26n-hidream-i1-maxlen-seed43-20260805-020722/last.pt
2026-08-05 02:17:12 INFO  scripts.synthetic_model_comparison.training.training_pipeline | epoch 29/200 done — next lr=0.00957462, epochs_since_improve=3/20
2026-08-05 02:17:12 INFO  scripts.synthetic_model_comparison.training.training_pipeline | epoch 30/200 — train start (lr=0.00957462, batches=15)
2026-08-05 02:17:24 INFO  scripts.synthetic_model_comparison.training.training_pipeline | epoch 30/200 — train done in 12.1s | avg loss_box=1.5543 loss_cls=1.8028 loss_dfl=0.0501 loss_total=206.8781
2026-08-05 02:17:24 INFO  scripts.synthetic_model_comparison.training.evaluation | evaluating on 4 batches
2026-08-05 02:17:30 INFO  scripts.synthetic_model_comparison.training.training_pipeline | epoch 30/200 — val mAP50=0.5804 mAP50_95=0.3165 (selection mAP50_95=0.3165)
2026-08-05 02:17:31 INFO  scripts.synthetic_model_comparison.training.evaluation | mlflow: logged val/mAP50=0.5804 val/mAP50_95=0.3165 (step=29)
2026-08-05 02:17:31 INFO  scripts.synthetic_model_comparison.training.evaluation | mlflow: logged val per-class AP table (12 classes)
2026-08-05 02:17:31 INFO  scripts.synthetic_model_comparison.training.training_pipeline | saved checkpoint: /home/debian/Master-Thesis/scripts/synthetic_model_comparison/training/model_exports/yolo26n-hidream-i1-maxlen-seed43-20260805-020722/best.pt
2026-08-05 02:17:31 INFO  scripts.synthetic_model_comparison.training.training_pipeline | new best mAP50_95=0.3165 at epoch 30
2026-08-05 02:17:31 INFO  scripts.synthetic_model_comparison.training.training_pipeline | saved checkpoint: /home/debian/Master-Thesis/scripts/synthetic_model_comparison/training/model_exports/yolo26n-hidream-i1-maxlen-seed43-20260805-020722/last.pt
2026-08-05 02:17:32 INFO  scripts.synthetic_model_comparison.training.training_pipeline | epoch 30/200 done — next lr=0.00954187, epochs_since_improve=0/20
2026-08-05 02:17:32 INFO  scripts.synthetic_model_comparison.training.training_pipeline | epoch 31/200 — train start (lr=0.00954187, batches=15)
2026-08-05 02:17:37 INFO  scripts.synthetic_model_comparison.training.training_pipeline | step 450 | loss_box=1.5279 loss_cls=1.6430 loss_dfl=0.0505 loss_total=196.3939 lr=0.00953965
2026-08-05 02:17:45 INFO  scripts.synthetic_model_comparison.training.training_pipeline | epoch 31/200 — train done in 12.9s | avg loss_box=1.5357 loss_cls=1.7577 loss_dfl=0.0499 loss_total=205.3912
2026-08-05 02:17:45 INFO  scripts.synthetic_model_comparison.training.evaluation | evaluating on 4 batches
2026-08-05 02:17:51 INFO  scripts.synthetic_model_comparison.training.training_pipeline | epoch 31/200 — val mAP50=0.5560 mAP50_95=0.3187 (selection mAP50_95=0.3187)
2026-08-05 02:17:51 INFO  scripts.synthetic_model_comparison.training.evaluation | mlflow: logged val/mAP50=0.5560 val/mAP50_95=0.3187 (step=30)
2026-08-05 02:17:52 INFO  scripts.synthetic_model_comparison.training.evaluation | mlflow: logged val per-class AP table (12 classes)
2026-08-05 02:17:52 INFO  scripts.synthetic_model_comparison.training.training_pipeline | saved checkpoint: /home/debian/Master-Thesis/scripts/synthetic_model_comparison/training/model_exports/yolo26n-hidream-i1-maxlen-seed43-20260805-020722/best.pt
2026-08-05 02:17:52 INFO  scripts.synthetic_model_comparison.training.training_pipeline | new best mAP50_95=0.3187 at epoch 31
2026-08-05 02:17:52 INFO  scripts.synthetic_model_comparison.training.training_pipeline | saved checkpoint: /home/debian/Master-Thesis/scripts/synthetic_model_comparison/training/model_exports/yolo26n-hidream-i1-maxlen-seed43-20260805-020722/last.pt
2026-08-05 02:17:52 INFO  scripts.synthetic_model_comparison.training.training_pipeline | epoch 31/200 done — next lr=0.00950797, epochs_since_improve=0/20
2026-08-05 02:17:52 INFO  scripts.synthetic_model_comparison.training.training_pipeline | epoch 32/200 — train start (lr=0.00950797, batches=15)
2026-08-05 02:18:04 INFO  scripts.synthetic_model_comparison.training.training_pipeline | epoch 32/200 — train done in 11.8s | avg loss_box=1.5227 loss_cls=1.7144 loss_dfl=0.0496 loss_total=201.0015
2026-08-05 02:18:04 INFO  scripts.synthetic_model_comparison.training.evaluation | evaluating on 4 batches
2026-08-05 02:18:10 INFO  scripts.synthetic_model_comparison.training.training_pipeline | epoch 32/200 — val mAP50=0.5341 mAP50_95=0.3289 (selection mAP50_95=0.3289)
2026-08-05 02:18:11 INFO  scripts.synthetic_model_comparison.training.evaluation | mlflow: logged val/mAP50=0.5341 val/mAP50_95=0.3289 (step=31)
2026-08-05 02:18:11 INFO  scripts.synthetic_model_comparison.training.evaluation | mlflow: logged val per-class AP table (12 classes)
2026-08-05 02:18:11 INFO  scripts.synthetic_model_comparison.training.training_pipeline | saved checkpoint: /home/debian/Master-Thesis/scripts/synthetic_model_comparison/training/model_exports/yolo26n-hidream-i1-maxlen-seed43-20260805-020722/best.pt
2026-08-05 02:18:11 INFO  scripts.synthetic_model_comparison.training.training_pipeline | new best mAP50_95=0.3289 at epoch 32
2026-08-05 02:18:11 INFO  scripts.synthetic_model_comparison.training.training_pipeline | saved checkpoint: /home/debian/Master-Thesis/scripts/synthetic_model_comparison/training/model_exports/yolo26n-hidream-i1-maxlen-seed43-20260805-020722/last.pt
2026-08-05 02:18:12 INFO  scripts.synthetic_model_comparison.training.training_pipeline | epoch 32/200 done — next lr=0.00947292, epochs_since_improve=0/20
2026-08-05 02:18:12 INFO  scripts.synthetic_model_comparison.training.training_pipeline | epoch 33/200 — train start (lr=0.00947292, batches=15)
2026-08-05 02:18:23 INFO  scripts.synthetic_model_comparison.training.training_pipeline | epoch 33/200 — train done in 11.3s | avg loss_box=1.4932 loss_cls=1.6548 loss_dfl=0.0484 loss_total=192.2728
2026-08-05 02:18:23 INFO  scripts.synthetic_model_comparison.training.evaluation | evaluating on 4 batches
2026-08-05 02:18:29 INFO  scripts.synthetic_model_comparison.training.training_pipeline | epoch 33/200 — val mAP50=0.5998 mAP50_95=0.3847 (selection mAP50_95=0.3847)
2026-08-05 02:18:29 INFO  scripts.synthetic_model_comparison.training.evaluation | mlflow: logged val/mAP50=0.5998 val/mAP50_95=0.3847 (step=32)
2026-08-05 02:18:30 INFO  scripts.synthetic_model_comparison.training.evaluation | mlflow: logged val per-class AP table (12 classes)
2026-08-05 02:18:30 INFO  scripts.synthetic_model_comparison.training.training_pipeline | saved checkpoint: /home/debian/Master-Thesis/scripts/synthetic_model_comparison/training/model_exports/yolo26n-hidream-i1-maxlen-seed43-20260805-020722/best.pt
2026-08-05 02:18:30 INFO  scripts.synthetic_model_comparison.training.training_pipeline | new best mAP50_95=0.3847 at epoch 33
2026-08-05 02:18:30 INFO  scripts.synthetic_model_comparison.training.training_pipeline | saved checkpoint: /home/debian/Master-Thesis/scripts/synthetic_model_comparison/training/model_exports/yolo26n-hidream-i1-maxlen-seed43-20260805-020722/last.pt
2026-08-05 02:18:30 INFO  scripts.synthetic_model_comparison.training.training_pipeline | epoch 33/200 done — next lr=0.00943674, epochs_since_improve=0/20
2026-08-05 02:18:30 INFO  scripts.synthetic_model_comparison.training.training_pipeline | epoch 34/200 — train start (lr=0.00943674, batches=15)
2026-08-05 02:18:39 INFO  scripts.synthetic_model_comparison.training.training_pipeline | step 500 | loss_box=1.4032 loss_cls=1.6124 loss_dfl=0.0468 loss_total=184.2917 lr=0.00942195
2026-08-05 02:18:44 INFO  scripts.synthetic_model_comparison.training.training_pipeline | epoch 34/200 — train done in 13.8s | avg loss_box=1.4630 loss_cls=1.6820 loss_dfl=0.0475 loss_total=193.0517
2026-08-05 02:18:44 INFO  scripts.synthetic_model_comparison.training.evaluation | evaluating on 4 batches
2026-08-05 02:18:50 INFO  scripts.synthetic_model_comparison.training.training_pipeline | epoch 34/200 — val mAP50=0.5513 mAP50_95=0.3461 (selection mAP50_95=0.3461)
2026-08-05 02:18:51 INFO  scripts.synthetic_model_comparison.training.evaluation | mlflow: logged val/mAP50=0.5513 val/mAP50_95=0.3461 (step=33)
2026-08-05 02:18:51 INFO  scripts.synthetic_model_comparison.training.evaluation | mlflow: logged val per-class AP table (12 classes)
2026-08-05 02:18:51 INFO  scripts.synthetic_model_comparison.training.training_pipeline | saved checkpoint: /home/debian/Master-Thesis/scripts/synthetic_model_comparison/training/model_exports/yolo26n-hidream-i1-maxlen-seed43-20260805-020722/last.pt
2026-08-05 02:18:52 INFO  scripts.synthetic_model_comparison.training.training_pipeline | epoch 34/200 done — next lr=0.00939943, epochs_since_improve=1/20
2026-08-05 02:18:52 INFO  scripts.synthetic_model_comparison.training.training_pipeline | epoch 35/200 — train start (lr=0.00939943, batches=15)
2026-08-05 02:19:04 INFO  scripts.synthetic_model_comparison.training.training_pipeline | epoch 35/200 — train done in 12.0s | avg loss_box=1.4648 loss_cls=1.5850 loss_dfl=0.0470 loss_total=188.3208
2026-08-05 02:19:04 INFO  scripts.synthetic_model_comparison.training.evaluation | evaluating on 4 batches
2026-08-05 02:19:10 INFO  scripts.synthetic_model_comparison.training.training_pipeline | epoch 35/200 — val mAP50=0.6327 mAP50_95=0.4032 (selection mAP50_95=0.4032)
2026-08-05 02:19:10 INFO  scripts.synthetic_model_comparison.training.evaluation | mlflow: logged val/mAP50=0.6327 val/mAP50_95=0.4032 (step=34)
2026-08-05 02:19:11 INFO  scripts.synthetic_model_comparison.training.evaluation | mlflow: logged val per-class AP table (12 classes)
2026-08-05 02:19:11 INFO  scripts.synthetic_model_comparison.training.training_pipeline | saved checkpoint: /home/debian/Master-Thesis/scripts/synthetic_model_comparison/training/model_exports/yolo26n-hidream-i1-maxlen-seed43-20260805-020722/best.pt
2026-08-05 02:19:11 INFO  scripts.synthetic_model_comparison.training.training_pipeline | new best mAP50_95=0.4032 at epoch 35
2026-08-05 02:19:11 INFO  scripts.synthetic_model_comparison.training.training_pipeline | saved checkpoint: /home/debian/Master-Thesis/scripts/synthetic_model_comparison/training/model_exports/yolo26n-hidream-i1-maxlen-seed43-20260805-020722/last.pt
2026-08-05 02:19:11 INFO  scripts.synthetic_model_comparison.training.training_pipeline | epoch 35/200 done — next lr=0.00936101, epochs_since_improve=0/20
2026-08-05 02:19:11 INFO  scripts.synthetic_model_comparison.training.training_pipeline | epoch 36/200 — train start (lr=0.00936101, batches=15)
2026-08-05 02:19:24 INFO  scripts.synthetic_model_comparison.training.training_pipeline | epoch 36/200 — train done in 12.3s | avg loss_box=1.4217 loss_cls=1.5176 loss_dfl=0.0447 loss_total=183.7426
2026-08-05 02:19:24 INFO  scripts.synthetic_model_comparison.training.evaluation | evaluating on 4 batches
2026-08-05 02:19:30 INFO  scripts.synthetic_model_comparison.training.training_pipeline | epoch 36/200 — val mAP50=0.6135 mAP50_95=0.3752 (selection mAP50_95=0.3752)
2026-08-05 02:19:30 INFO  scripts.synthetic_model_comparison.training.evaluation | mlflow: logged val/mAP50=0.6135 val/mAP50_95=0.3752 (step=35)
2026-08-05 02:19:31 INFO  scripts.synthetic_model_comparison.training.evaluation | mlflow: logged val per-class AP table (12 classes)
2026-08-05 02:19:31 INFO  scripts.synthetic_model_comparison.training.training_pipeline | saved checkpoint: /home/debian/Master-Thesis/scripts/synthetic_model_comparison/training/model_exports/yolo26n-hidream-i1-maxlen-seed43-20260805-020722/last.pt
2026-08-05 02:19:31 INFO  scripts.synthetic_model_comparison.training.training_pipeline | epoch 36/200 done — next lr=0.00932147, epochs_since_improve=1/20
2026-08-05 02:19:31 INFO  scripts.synthetic_model_comparison.training.training_pipeline | epoch 37/200 — train start (lr=0.00932147, batches=15)
2026-08-05 02:19:42 INFO  scripts.synthetic_model_comparison.training.training_pipeline | step 550 | loss_box=1.4659 loss_cls=1.6941 loss_dfl=0.0444 loss_total=191.9519 lr=0.00929178
2026-08-05 02:19:45 INFO  scripts.synthetic_model_comparison.training.training_pipeline | epoch 37/200 — train done in 13.8s | avg loss_box=1.4003 loss_cls=1.5166 loss_dfl=0.0450 loss_total=180.7938
2026-08-05 02:19:45 INFO  scripts.synthetic_model_comparison.training.evaluation | evaluating on 4 batches
2026-08-05 02:19:51 INFO  scripts.synthetic_model_comparison.training.training_pipeline | epoch 37/200 — val mAP50=0.6288 mAP50_95=0.3625 (selection mAP50_95=0.3625)
2026-08-05 02:19:52 INFO  scripts.synthetic_model_comparison.training.evaluation | mlflow: logged val/mAP50=0.6288 val/mAP50_95=0.3625 (step=36)
2026-08-05 02:19:52 INFO  scripts.synthetic_model_comparison.training.evaluation | mlflow: logged val per-class AP table (12 classes)
2026-08-05 02:19:52 INFO  scripts.synthetic_model_comparison.training.training_pipeline | saved checkpoint: /home/debian/Master-Thesis/scripts/synthetic_model_comparison/training/model_exports/yolo26n-hidream-i1-maxlen-seed43-20260805-020722/last.pt
2026-08-05 02:19:52 INFO  scripts.synthetic_model_comparison.training.training_pipeline | epoch 37/200 done — next lr=0.00928084, epochs_since_improve=2/20
2026-08-05 02:19:52 INFO  scripts.synthetic_model_comparison.training.training_pipeline | epoch 38/200 — train start (lr=0.00928084, batches=15)
2026-08-05 02:20:05 INFO  scripts.synthetic_model_comparison.training.training_pipeline | epoch 38/200 — train done in 12.4s | avg loss_box=1.3903 loss_cls=1.4880 loss_dfl=0.0452 loss_total=176.9043
2026-08-05 02:20:05 INFO  scripts.synthetic_model_comparison.training.evaluation | evaluating on 4 batches
2026-08-05 02:20:11 INFO  scripts.synthetic_model_comparison.training.training_pipeline | epoch 38/200 — val mAP50=0.6653 mAP50_95=0.4117 (selection mAP50_95=0.4117)
2026-08-05 02:20:11 INFO  scripts.synthetic_model_comparison.training.evaluation | mlflow: logged val/mAP50=0.6653 val/mAP50_95=0.4117 (step=37)
2026-08-05 02:20:12 INFO  scripts.synthetic_model_comparison.training.evaluation | mlflow: logged val per-class AP table (12 classes)
2026-08-05 02:20:12 INFO  scripts.synthetic_model_comparison.training.training_pipeline | saved checkpoint: /home/debian/Master-Thesis/scripts/synthetic_model_comparison/training/model_exports/yolo26n-hidream-i1-maxlen-seed43-20260805-020722/best.pt
2026-08-05 02:20:12 INFO  scripts.synthetic_model_comparison.training.training_pipeline | new best mAP50_95=0.4117 at epoch 38
2026-08-05 02:20:12 INFO  scripts.synthetic_model_comparison.training.training_pipeline | saved checkpoint: /home/debian/Master-Thesis/scripts/synthetic_model_comparison/training/model_exports/yolo26n-hidream-i1-maxlen-seed43-20260805-020722/last.pt
2026-08-05 02:20:12 INFO  scripts.synthetic_model_comparison.training.training_pipeline | epoch 38/200 done — next lr=0.00923912, epochs_since_improve=0/20
2026-08-05 02:20:12 INFO  scripts.synthetic_model_comparison.training.training_pipeline | epoch 39/200 — train start (lr=0.00923912, batches=15)
2026-08-05 02:20:24 INFO  scripts.synthetic_model_comparison.training.training_pipeline | epoch 39/200 — train done in 11.9s | avg loss_box=1.3723 loss_cls=1.4329 loss_dfl=0.0446 loss_total=175.2102
2026-08-05 02:20:24 INFO  scripts.synthetic_model_comparison.training.evaluation | evaluating on 4 batches
2026-08-05 02:20:30 INFO  scripts.synthetic_model_comparison.training.training_pipeline | epoch 39/200 — val mAP50=0.6889 mAP50_95=0.4123 (selection mAP50_95=0.4123)
2026-08-05 02:20:31 INFO  scripts.synthetic_model_comparison.training.evaluation | mlflow: logged val/mAP50=0.6889 val/mAP50_95=0.4123 (step=38)
2026-08-05 02:20:31 INFO  scripts.synthetic_model_comparison.training.evaluation | mlflow: logged val per-class AP table (12 classes)
2026-08-05 02:20:31 INFO  scripts.synthetic_model_comparison.training.training_pipeline | saved checkpoint: /home/debian/Master-Thesis/scripts/synthetic_model_comparison/training/model_exports/yolo26n-hidream-i1-maxlen-seed43-20260805-020722/last.pt
2026-08-05 02:20:32 INFO  scripts.synthetic_model_comparison.training.training_pipeline | epoch 39/200 done — next lr=0.00919633, epochs_since_improve=1/20
2026-08-05 02:20:32 INFO  scripts.synthetic_model_comparison.training.training_pipeline | epoch 40/200 — train start (lr=0.00919633, batches=15)
2026-08-05 02:20:44 INFO  scripts.synthetic_model_comparison.training.training_pipeline | epoch 40/200 — train done in 12.2s | avg loss_box=1.3819 loss_cls=1.4129 loss_dfl=0.0433 loss_total=173.9916
2026-08-05 02:20:44 INFO  scripts.synthetic_model_comparison.training.evaluation | evaluating on 4 batches
2026-08-05 02:20:50 INFO  scripts.synthetic_model_comparison.training.training_pipeline | epoch 40/200 — val mAP50=0.6560 mAP50_95=0.3875 (selection mAP50_95=0.3875)
2026-08-05 02:20:50 INFO  scripts.synthetic_model_comparison.training.evaluation | mlflow: logged val/mAP50=0.6560 val/mAP50_95=0.3875 (step=39)
2026-08-05 02:20:51 INFO  scripts.synthetic_model_comparison.training.evaluation | mlflow: logged val per-class AP table (12 classes)
2026-08-05 02:20:51 INFO  scripts.synthetic_model_comparison.training.training_pipeline | saved checkpoint: /home/debian/Master-Thesis/scripts/synthetic_model_comparison/training/model_exports/yolo26n-hidream-i1-maxlen-seed43-20260805-020722/last.pt
2026-08-05 02:20:51 INFO  scripts.synthetic_model_comparison.training.training_pipeline | epoch 40/200 done — next lr=0.00915247, epochs_since_improve=2/20
2026-08-05 02:20:51 INFO  scripts.synthetic_model_comparison.training.training_pipeline | epoch 41/200 — train start (lr=0.00915247, batches=15)
2026-08-05 02:20:57 INFO  scripts.synthetic_model_comparison.training.training_pipeline | step 600 | loss_box=1.4157 loss_cls=1.3369 loss_dfl=0.0439 loss_total=169.0071 lr=0.0091495
2026-08-05 02:21:04 INFO  scripts.synthetic_model_comparison.training.training_pipeline | epoch 41/200 — train done in 12.8s | avg loss_box=1.3550 loss_cls=1.3330 loss_dfl=0.0433 loss_total=168.0275
2026-08-05 02:21:04 INFO  scripts.synthetic_model_comparison.training.evaluation | evaluating on 4 batches
2026-08-05 02:21:10 INFO  scripts.synthetic_model_comparison.training.training_pipeline | epoch 41/200 — val mAP50=0.6727 mAP50_95=0.4436 (selection mAP50_95=0.4436)
2026-08-05 02:21:11 INFO  scripts.synthetic_model_comparison.training.evaluation | mlflow: logged val/mAP50=0.6727 val/mAP50_95=0.4436 (step=40)
2026-08-05 02:21:11 INFO  scripts.synthetic_model_comparison.training.evaluation | mlflow: logged val per-class AP table (12 classes)
2026-08-05 02:21:11 INFO  scripts.synthetic_model_comparison.training.training_pipeline | saved checkpoint: /home/debian/Master-Thesis/scripts/synthetic_model_comparison/training/model_exports/yolo26n-hidream-i1-maxlen-seed43-20260805-020722/best.pt
2026-08-05 02:21:11 INFO  scripts.synthetic_model_comparison.training.training_pipeline | new best mAP50_95=0.4436 at epoch 41
2026-08-05 02:21:11 INFO  scripts.synthetic_model_comparison.training.training_pipeline | saved checkpoint: /home/debian/Master-Thesis/scripts/synthetic_model_comparison/training/model_exports/yolo26n-hidream-i1-maxlen-seed43-20260805-020722/last.pt
2026-08-05 02:21:12 INFO  scripts.synthetic_model_comparison.training.training_pipeline | epoch 41/200 done — next lr=0.00910755, epochs_since_improve=0/20
2026-08-05 02:21:12 INFO  scripts.synthetic_model_comparison.training.training_pipeline | epoch 42/200 — train start (lr=0.00910755, batches=15)
2026-08-05 02:21:24 INFO  scripts.synthetic_model_comparison.training.training_pipeline | epoch 42/200 — train done in 12.2s | avg loss_box=1.3765 loss_cls=1.3239 loss_dfl=0.0440 loss_total=168.5456
2026-08-05 02:21:24 INFO  scripts.synthetic_model_comparison.training.evaluation | evaluating on 4 batches
2026-08-05 02:21:30 INFO  scripts.synthetic_model_comparison.training.training_pipeline | epoch 42/200 — val mAP50=0.6023 mAP50_95=0.3996 (selection mAP50_95=0.3996)
2026-08-05 02:21:30 INFO  scripts.synthetic_model_comparison.training.evaluation | mlflow: logged val/mAP50=0.6023 val/mAP50_95=0.3996 (step=41)
2026-08-05 02:21:31 INFO  scripts.synthetic_model_comparison.training.evaluation | mlflow: logged val per-class AP table (12 classes)
2026-08-05 02:21:31 INFO  scripts.synthetic_model_comparison.training.training_pipeline | saved checkpoint: /home/debian/Master-Thesis/scripts/synthetic_model_comparison/training/model_exports/yolo26n-hidream-i1-maxlen-seed43-20260805-020722/last.pt
2026-08-05 02:21:31 INFO  scripts.synthetic_model_comparison.training.training_pipeline | epoch 42/200 done — next lr=0.00906159, epochs_since_improve=1/20
2026-08-05 02:21:31 INFO  scripts.synthetic_model_comparison.training.training_pipeline | epoch 43/200 — train start (lr=0.00906159, batches=15)
2026-08-05 02:21:43 INFO  scripts.synthetic_model_comparison.training.training_pipeline | epoch 43/200 — train done in 11.6s | avg loss_box=1.3252 loss_cls=1.3489 loss_dfl=0.0419 loss_total=166.1132
2026-08-05 02:21:43 INFO  scripts.synthetic_model_comparison.training.evaluation | evaluating on 4 batches
2026-08-05 02:21:49 INFO  scripts.synthetic_model_comparison.training.training_pipeline | epoch 43/200 — val mAP50=0.6514 mAP50_95=0.4194 (selection mAP50_95=0.4194)
2026-08-05 02:21:49 INFO  scripts.synthetic_model_comparison.training.evaluation | mlflow: logged val/mAP50=0.6514 val/mAP50_95=0.4194 (step=42)
2026-08-05 02:21:50 INFO  scripts.synthetic_model_comparison.training.evaluation | mlflow: logged val per-class AP table (12 classes)
2026-08-05 02:21:50 INFO  scripts.synthetic_model_comparison.training.training_pipeline | saved checkpoint: /home/debian/Master-Thesis/scripts/synthetic_model_comparison/training/model_exports/yolo26n-hidream-i1-maxlen-seed43-20260805-020722/last.pt
2026-08-05 02:21:50 INFO  scripts.synthetic_model_comparison.training.training_pipeline | epoch 43/200 done — next lr=0.0090146, epochs_since_improve=2/20
2026-08-05 02:21:50 INFO  scripts.synthetic_model_comparison.training.training_pipeline | epoch 44/200 — train start (lr=0.0090146, batches=15)
2026-08-05 02:21:59 INFO  scripts.synthetic_model_comparison.training.training_pipeline | step 650 | loss_box=1.2263 loss_cls=1.1795 loss_dfl=0.0394 loss_total=151.4648 lr=0.00899552
2026-08-05 02:22:04 INFO  scripts.synthetic_model_comparison.training.training_pipeline | epoch 44/200 — train done in 13.8s | avg loss_box=1.3205 loss_cls=1.2658 loss_dfl=0.0418 loss_total=161.6769
2026-08-05 02:22:04 INFO  scripts.synthetic_model_comparison.training.evaluation | evaluating on 4 batches
2026-08-05 02:22:10 INFO  scripts.synthetic_model_comparison.training.training_pipeline | epoch 44/200 — val mAP50=0.7138 mAP50_95=0.4738 (selection mAP50_95=0.4738)
2026-08-05 02:22:11 INFO  scripts.synthetic_model_comparison.training.evaluation | mlflow: logged val/mAP50=0.7138 val/mAP50_95=0.4738 (step=43)
2026-08-05 02:22:11 INFO  scripts.synthetic_model_comparison.training.evaluation | mlflow: logged val per-class AP table (12 classes)
2026-08-05 02:22:11 INFO  scripts.synthetic_model_comparison.training.training_pipeline | saved checkpoint: /home/debian/Master-Thesis/scripts/synthetic_model_comparison/training/model_exports/yolo26n-hidream-i1-maxlen-seed43-20260805-020722/best.pt
2026-08-05 02:22:11 INFO  scripts.synthetic_model_comparison.training.training_pipeline | new best mAP50_95=0.4738 at epoch 44
2026-08-05 02:22:11 INFO  scripts.synthetic_model_comparison.training.training_pipeline | saved checkpoint: /home/debian/Master-Thesis/scripts/synthetic_model_comparison/training/model_exports/yolo26n-hidream-i1-maxlen-seed43-20260805-020722/last.pt
2026-08-05 02:22:11 INFO  scripts.synthetic_model_comparison.training.training_pipeline | epoch 44/200 done — next lr=0.00896659, epochs_since_improve=0/20
2026-08-05 02:22:11 INFO  scripts.synthetic_model_comparison.training.training_pipeline | epoch 45/200 — train start (lr=0.00896659, batches=15)
2026-08-05 02:22:23 INFO  scripts.synthetic_model_comparison.training.training_pipeline | epoch 45/200 — train done in 11.2s | avg loss_box=1.2753 loss_cls=1.2530 loss_dfl=0.0398 loss_total=156.8740
2026-08-05 02:22:23 INFO  scripts.synthetic_model_comparison.training.evaluation | evaluating on 4 batches
2026-08-05 02:22:29 INFO  scripts.synthetic_model_comparison.training.training_pipeline | epoch 45/200 — val mAP50=0.6906 mAP50_95=0.4462 (selection mAP50_95=0.4462)
2026-08-05 02:22:29 INFO  scripts.synthetic_model_comparison.training.evaluation | mlflow: logged val/mAP50=0.6906 val/mAP50_95=0.4462 (step=44)
2026-08-05 02:22:30 INFO  scripts.synthetic_model_comparison.training.evaluation | mlflow: logged val per-class AP table (12 classes)
2026-08-05 02:22:30 INFO  scripts.synthetic_model_comparison.training.training_pipeline | saved checkpoint: /home/debian/Master-Thesis/scripts/synthetic_model_comparison/training/model_exports/yolo26n-hidream-i1-maxlen-seed43-20260805-020722/last.pt
2026-08-05 02:22:30 INFO  scripts.synthetic_model_comparison.training.training_pipeline | epoch 45/200 done — next lr=0.00891757, epochs_since_improve=1/20
2026-08-05 02:22:30 INFO  scripts.synthetic_model_comparison.training.training_pipeline | epoch 46/200 — train start (lr=0.00891757, batches=15)
2026-08-05 02:22:43 INFO  scripts.synthetic_model_comparison.training.training_pipeline | epoch 46/200 — train done in 12.3s | avg loss_box=1.2904 loss_cls=1.2491 loss_dfl=0.0415 loss_total=158.6065
2026-08-05 02:22:43 INFO  scripts.synthetic_model_comparison.training.evaluation | evaluating on 4 batches
2026-08-05 02:22:49 INFO  scripts.synthetic_model_comparison.training.training_pipeline | epoch 46/200 — val mAP50=0.5372 mAP50_95=0.2172 (selection mAP50_95=0.2172)
2026-08-05 02:22:49 INFO  scripts.synthetic_model_comparison.training.evaluation | mlflow: logged val/mAP50=0.5372 val/mAP50_95=0.2172 (step=45)
2026-08-05 02:22:50 INFO  scripts.synthetic_model_comparison.training.evaluation | mlflow: logged val per-class AP table (12 classes)
2026-08-05 02:22:50 INFO  scripts.synthetic_model_comparison.training.training_pipeline | saved checkpoint: /home/debian/Master-Thesis/scripts/synthetic_model_comparison/training/model_exports/yolo26n-hidream-i1-maxlen-seed43-20260805-020722/last.pt
2026-08-05 02:22:50 INFO  scripts.synthetic_model_comparison.training.training_pipeline | epoch 46/200 done — next lr=0.00886756, epochs_since_improve=2/20
2026-08-05 02:22:50 INFO  scripts.synthetic_model_comparison.training.training_pipeline | epoch 47/200 — train start (lr=0.00886756, batches=15)
2026-08-05 02:23:00 INFO  scripts.synthetic_model_comparison.training.training_pipeline | step 700 | loss_box=1.2632 loss_cls=1.2301 loss_dfl=0.0377 loss_total=151.3685 lr=0.00883025
2026-08-05 02:23:03 INFO  scripts.synthetic_model_comparison.training.training_pipeline | epoch 47/200 — train done in 13.2s | avg loss_box=1.2458 loss_cls=1.1966 loss_dfl=0.0384 loss_total=152.8728
2026-08-05 02:23:03 INFO  scripts.synthetic_model_comparison.training.evaluation | evaluating on 4 batches
2026-08-05 02:23:09 INFO  scripts.synthetic_model_comparison.training.training_pipeline | epoch 47/200 — val mAP50=0.6920 mAP50_95=0.4447 (selection mAP50_95=0.4447)
2026-08-05 02:23:10 INFO  scripts.synthetic_model_comparison.training.evaluation | mlflow: logged val/mAP50=0.6920 val/mAP50_95=0.4447 (step=46)
2026-08-05 02:23:10 INFO  scripts.synthetic_model_comparison.training.evaluation | mlflow: logged val per-class AP table (12 classes)
2026-08-05 02:23:10 INFO  scripts.synthetic_model_comparison.training.training_pipeline | saved checkpoint: /home/debian/Master-Thesis/scripts/synthetic_model_comparison/training/model_exports/yolo26n-hidream-i1-maxlen-seed43-20260805-020722/last.pt
2026-08-05 02:23:11 INFO  scripts.synthetic_model_comparison.training.training_pipeline | epoch 47/200 done — next lr=0.00881656, epochs_since_improve=3/20
2026-08-05 02:23:11 INFO  scripts.synthetic_model_comparison.training.training_pipeline | epoch 48/200 — train start (lr=0.00881656, batches=15)
2026-08-05 02:23:22 INFO  scripts.synthetic_model_comparison.training.training_pipeline | epoch 48/200 — train done in 11.7s | avg loss_box=1.2602 loss_cls=1.1967 loss_dfl=0.0401 loss_total=152.4041
2026-08-05 02:23:22 INFO  scripts.synthetic_model_comparison.training.evaluation | evaluating on 4 batches
2026-08-05 02:23:28 INFO  scripts.synthetic_model_comparison.training.training_pipeline | epoch 48/200 — val mAP50=0.7018 mAP50_95=0.4624 (selection mAP50_95=0.4624)
2026-08-05 02:23:29 INFO  scripts.synthetic_model_comparison.training.evaluation | mlflow: logged val/mAP50=0.7018 val/mAP50_95=0.4624 (step=47)
2026-08-05 02:23:29 INFO  scripts.synthetic_model_comparison.training.evaluation | mlflow: logged val per-class AP table (12 classes)
2026-08-05 02:23:30 INFO  scripts.synthetic_model_comparison.training.training_pipeline | saved checkpoint: /home/debian/Master-Thesis/scripts/synthetic_model_comparison/training/model_exports/yolo26n-hidream-i1-maxlen-seed43-20260805-020722/last.pt
2026-08-05 02:23:30 INFO  scripts.synthetic_model_comparison.training.training_pipeline | epoch 48/200 done — next lr=0.00876459, epochs_since_improve=4/20
2026-08-05 02:23:30 INFO  scripts.synthetic_model_comparison.training.training_pipeline | epoch 49/200 — train start (lr=0.00876459, batches=15)
2026-08-05 02:23:42 INFO  scripts.synthetic_model_comparison.training.training_pipeline | epoch 49/200 — train done in 12.3s | avg loss_box=1.2125 loss_cls=1.1673 loss_dfl=0.0376 loss_total=148.2746
2026-08-05 02:23:42 INFO  scripts.synthetic_model_comparison.training.evaluation | evaluating on 4 batches
2026-08-05 02:23:48 INFO  scripts.synthetic_model_comparison.training.training_pipeline | epoch 49/200 — val mAP50=0.7359 mAP50_95=0.4794 (selection mAP50_95=0.4794)
2026-08-05 02:23:49 INFO  scripts.synthetic_model_comparison.training.evaluation | mlflow: logged val/mAP50=0.7359 val/mAP50_95=0.4794 (step=48)
2026-08-05 02:23:49 INFO  scripts.synthetic_model_comparison.training.evaluation | mlflow: logged val per-class AP table (12 classes)
2026-08-05 02:23:49 INFO  scripts.synthetic_model_comparison.training.training_pipeline | saved checkpoint: /home/debian/Master-Thesis/scripts/synthetic_model_comparison/training/model_exports/yolo26n-hidream-i1-maxlen-seed43-20260805-020722/best.pt
2026-08-05 02:23:49 INFO  scripts.synthetic_model_comparison.training.training_pipeline | new best mAP50_95=0.4794 at epoch 49
2026-08-05 02:23:49 INFO  scripts.synthetic_model_comparison.training.training_pipeline | saved checkpoint: /home/debian/Master-Thesis/scripts/synthetic_model_comparison/training/model_exports/yolo26n-hidream-i1-maxlen-seed43-20260805-020722/last.pt
2026-08-05 02:23:50 INFO  scripts.synthetic_model_comparison.training.training_pipeline | epoch 49/200 done — next lr=0.00871167, epochs_since_improve=0/20
2026-08-05 02:23:50 INFO  scripts.synthetic_model_comparison.training.training_pipeline | epoch 50/200 — train start (lr=0.00871167, batches=15)
2026-08-05 02:24:02 INFO  scripts.synthetic_model_comparison.training.training_pipeline | epoch 50/200 — train done in 11.9s | avg loss_box=1.2427 loss_cls=1.1291 loss_dfl=0.0386 loss_total=148.1770
2026-08-05 02:24:02 INFO  scripts.synthetic_model_comparison.training.evaluation | evaluating on 4 batches
2026-08-05 02:24:08 INFO  scripts.synthetic_model_comparison.training.training_pipeline | epoch 50/200 — val mAP50=0.7706 mAP50_95=0.5221 (selection mAP50_95=0.5221)
2026-08-05 02:24:08 INFO  scripts.synthetic_model_comparison.training.evaluation | mlflow: logged val/mAP50=0.7706 val/mAP50_95=0.5221 (step=49)
2026-08-05 02:24:09 INFO  scripts.synthetic_model_comparison.training.evaluation | mlflow: logged val per-class AP table (12 classes)
2026-08-05 02:24:09 INFO  scripts.synthetic_model_comparison.training.training_pipeline | saved checkpoint: /home/debian/Master-Thesis/scripts/synthetic_model_comparison/training/model_exports/yolo26n-hidream-i1-maxlen-seed43-20260805-020722/best.pt
2026-08-05 02:24:09 INFO  scripts.synthetic_model_comparison.training.training_pipeline | new best mAP50_95=0.5221 at epoch 50
2026-08-05 02:24:09 INFO  scripts.synthetic_model_comparison.training.training_pipeline | saved checkpoint: /home/debian/Master-Thesis/scripts/synthetic_model_comparison/training/model_exports/yolo26n-hidream-i1-maxlen-seed43-20260805-020722/last.pt
2026-08-05 02:24:09 INFO  scripts.synthetic_model_comparison.training.training_pipeline | epoch 50/200 done — next lr=0.00865781, epochs_since_improve=0/20
2026-08-05 02:24:09 INFO  scripts.synthetic_model_comparison.training.training_pipeline | epoch 51/200 — train start (lr=0.00865781, batches=15)
2026-08-05 02:24:15 INFO  scripts.synthetic_model_comparison.training.training_pipeline | step 750 | loss_box=1.2215 loss_cls=1.1332 loss_dfl=0.0405 loss_total=144.9119 lr=0.00865419
2026-08-05 02:24:22 INFO  scripts.synthetic_model_comparison.training.training_pipeline | epoch 51/200 — train done in 12.9s | avg loss_box=1.2110 loss_cls=1.1202 loss_dfl=0.0385 loss_total=145.9085
2026-08-05 02:24:22 INFO  scripts.synthetic_model_comparison.training.evaluation | evaluating on 4 batches
2026-08-05 02:24:28 INFO  scripts.synthetic_model_comparison.training.training_pipeline | epoch 51/200 — val mAP50=0.7397 mAP50_95=0.5072 (selection mAP50_95=0.5072)
2026-08-05 02:24:29 INFO  scripts.synthetic_model_comparison.training.evaluation | mlflow: logged val/mAP50=0.7397 val/mAP50_95=0.5072 (step=50)
2026-08-05 02:24:29 INFO  scripts.synthetic_model_comparison.training.evaluation | mlflow: logged val per-class AP table (12 classes)
2026-08-05 02:24:29 INFO  scripts.synthetic_model_comparison.training.training_pipeline | saved checkpoint: /home/debian/Master-Thesis/scripts/synthetic_model_comparison/training/model_exports/yolo26n-hidream-i1-maxlen-seed43-20260805-020722/last.pt
2026-08-05 02:24:30 INFO  scripts.synthetic_model_comparison.training.training_pipeline | epoch 51/200 done — next lr=0.00860302, epochs_since_improve=1/20
2026-08-05 02:24:30 INFO  scripts.synthetic_model_comparison.training.training_pipeline | epoch 52/200 — train start (lr=0.00860302, batches=15)
2026-08-05 02:24:42 INFO  scripts.synthetic_model_comparison.training.training_pipeline | epoch 52/200 — train done in 12.2s | avg loss_box=1.1681 loss_cls=1.0758 loss_dfl=0.0363 loss_total=141.5856
2026-08-05 02:24:42 INFO  scripts.synthetic_model_comparison.training.evaluation | evaluating on 4 batches
2026-08-05 02:24:48 INFO  scripts.synthetic_model_comparison.training.training_pipeline | epoch 52/200 — val mAP50=0.7368 mAP50_95=0.4870 (selection mAP50_95=0.4870)
2026-08-05 02:24:48 INFO  scripts.synthetic_model_comparison.training.evaluation | mlflow: logged val/mAP50=0.7368 val/mAP50_95=0.4870 (step=51)
2026-08-05 02:24:49 INFO  scripts.synthetic_model_comparison.training.evaluation | mlflow: logged val per-class AP table (12 classes)
2026-08-05 02:24:49 INFO  scripts.synthetic_model_comparison.training.training_pipeline | saved checkpoint: /home/debian/Master-Thesis/scripts/synthetic_model_comparison/training/model_exports/yolo26n-hidream-i1-maxlen-seed43-20260805-020722/last.pt
2026-08-05 02:24:49 INFO  scripts.synthetic_model_comparison.training.training_pipeline | epoch 52/200 done — next lr=0.00854731, epochs_since_improve=2/20
2026-08-05 02:24:49 INFO  scripts.synthetic_model_comparison.training.training_pipeline | epoch 53/200 — train start (lr=0.00854731, batches=15)
2026-08-05 02:25:01 INFO  scripts.synthetic_model_comparison.training.training_pipeline | epoch 53/200 — train done in 12.0s | avg loss_box=1.1789 loss_cls=1.0989 loss_dfl=0.0364 loss_total=142.3217
2026-08-05 02:25:01 INFO  scripts.synthetic_model_comparison.training.evaluation | evaluating on 4 batches
2026-08-05 02:25:07 INFO  scripts.synthetic_model_comparison.training.training_pipeline | epoch 53/200 — val mAP50=0.7666 mAP50_95=0.5104 (selection mAP50_95=0.5104)
2026-08-05 02:25:08 INFO  scripts.synthetic_model_comparison.training.evaluation | mlflow: logged val/mAP50=0.7666 val/mAP50_95=0.5104 (step=52)
2026-08-05 02:25:08 INFO  scripts.synthetic_model_comparison.training.evaluation | mlflow: logged val per-class AP table (12 classes)
2026-08-05 02:25:08 INFO  scripts.synthetic_model_comparison.training.training_pipeline | saved checkpoint: /home/debian/Master-Thesis/scripts/synthetic_model_comparison/training/model_exports/yolo26n-hidream-i1-maxlen-seed43-20260805-020722/last.pt
2026-08-05 02:25:09 INFO  scripts.synthetic_model_comparison.training.training_pipeline | epoch 53/200 done — next lr=0.0084907, epochs_since_improve=3/20
2026-08-05 02:25:09 INFO  scripts.synthetic_model_comparison.training.training_pipeline | epoch 54/200 — train start (lr=0.0084907, batches=15)
2026-08-05 02:25:17 INFO  scripts.synthetic_model_comparison.training.training_pipeline | step 800 | loss_box=1.1942 loss_cls=1.0272 loss_dfl=0.0385 loss_total=139.6146 lr=0.00846781
2026-08-05 02:25:22 INFO  scripts.synthetic_model_comparison.training.training_pipeline | epoch 54/200 — train done in 13.4s | avg loss_box=1.1879 loss_cls=1.0721 loss_dfl=0.0373 loss_total=141.7254
2026-08-05 02:25:22 INFO  scripts.synthetic_model_comparison.training.evaluation | evaluating on 4 batches
2026-08-05 02:25:28 INFO  scripts.synthetic_model_comparison.training.training_pipeline | epoch 54/200 — val mAP50=0.7705 mAP50_95=0.5196 (selection mAP50_95=0.5196)
2026-08-05 02:25:29 INFO  scripts.synthetic_model_comparison.training.evaluation | mlflow: logged val/mAP50=0.7705 val/mAP50_95=0.5196 (step=53)
2026-08-05 02:25:29 INFO  scripts.synthetic_model_comparison.training.evaluation | mlflow: logged val per-class AP table (12 classes)
2026-08-05 02:25:29 INFO  scripts.synthetic_model_comparison.training.training_pipeline | saved checkpoint: /home/debian/Master-Thesis/scripts/synthetic_model_comparison/training/model_exports/yolo26n-hidream-i1-maxlen-seed43-20260805-020722/last.pt
2026-08-05 02:25:30 INFO  scripts.synthetic_model_comparison.training.training_pipeline | epoch 54/200 done — next lr=0.00843321, epochs_since_improve=4/20
2026-08-05 02:25:30 INFO  scripts.synthetic_model_comparison.training.training_pipeline | epoch 55/200 — train start (lr=0.00843321, batches=15)
2026-08-05 02:25:41 INFO  scripts.synthetic_model_comparison.training.training_pipeline | epoch 55/200 — train done in 11.6s | avg loss_box=1.1631 loss_cls=1.0450 loss_dfl=0.0357 loss_total=138.5295
2026-08-05 02:25:41 INFO  scripts.synthetic_model_comparison.training.evaluation | evaluating on 4 batches
2026-08-05 02:25:47 INFO  scripts.synthetic_model_comparison.training.training_pipeline | epoch 55/200 — val mAP50=0.7778 mAP50_95=0.5098 (selection mAP50_95=0.5098)
2026-08-05 02:25:48 INFO  scripts.synthetic_model_comparison.training.evaluation | mlflow: logged val/mAP50=0.7778 val/mAP50_95=0.5098 (step=54)
2026-08-05 02:25:48 INFO  scripts.synthetic_model_comparison.training.evaluation | mlflow: logged val per-class AP table (12 classes)
2026-08-05 02:25:48 INFO  scripts.synthetic_model_comparison.training.training_pipeline | saved checkpoint: /home/debian/Master-Thesis/scripts/synthetic_model_comparison/training/model_exports/yolo26n-hidream-i1-maxlen-seed43-20260805-020722/last.pt
2026-08-05 02:25:49 INFO  scripts.synthetic_model_comparison.training.training_pipeline | epoch 55/200 done — next lr=0.00837484, epochs_since_improve=5/20
2026-08-05 02:25:49 INFO  scripts.synthetic_model_comparison.training.training_pipeline | epoch 56/200 — train start (lr=0.00837484, batches=15)
2026-08-05 02:26:01 INFO  scripts.synthetic_model_comparison.training.training_pipeline | epoch 56/200 — train done in 12.2s | avg loss_box=1.1226 loss_cls=1.0312 loss_dfl=0.0347 loss_total=134.9967
2026-08-05 02:26:01 INFO  scripts.synthetic_model_comparison.training.evaluation | evaluating on 4 batches
2026-08-05 02:26:07 INFO  scripts.synthetic_model_comparison.training.training_pipeline | epoch 56/200 — val mAP50=0.7685 mAP50_95=0.5473 (selection mAP50_95=0.5473)
2026-08-05 02:26:07 INFO  scripts.synthetic_model_comparison.training.evaluation | mlflow: logged val/mAP50=0.7685 val/mAP50_95=0.5473 (step=55)
2026-08-05 02:26:08 INFO  scripts.synthetic_model_comparison.training.evaluation | mlflow: logged val per-class AP table (12 classes)
2026-08-05 02:26:08 INFO  scripts.synthetic_model_comparison.training.training_pipeline | saved checkpoint: /home/debian/Master-Thesis/scripts/synthetic_model_comparison/training/model_exports/yolo26n-hidream-i1-maxlen-seed43-20260805-020722/best.pt
2026-08-05 02:26:08 INFO  scripts.synthetic_model_comparison.training.training_pipeline | new best mAP50_95=0.5473 at epoch 56
2026-08-05 02:26:08 INFO  scripts.synthetic_model_comparison.training.training_pipeline | saved checkpoint: /home/debian/Master-Thesis/scripts/synthetic_model_comparison/training/model_exports/yolo26n-hidream-i1-maxlen-seed43-20260805-020722/last.pt
2026-08-05 02:26:08 INFO  scripts.synthetic_model_comparison.training.training_pipeline | epoch 56/200 done — next lr=0.00831562, epochs_since_improve=0/20
2026-08-05 02:26:08 INFO  scripts.synthetic_model_comparison.training.training_pipeline | epoch 57/200 — train start (lr=0.00831562, batches=15)
2026-08-05 02:26:19 INFO  scripts.synthetic_model_comparison.training.training_pipeline | step 850 | loss_box=1.1850 loss_cls=1.0146 loss_dfl=0.0357 loss_total=133.1018 lr=0.00827165
2026-08-05 02:26:22 INFO  scripts.synthetic_model_comparison.training.training_pipeline | epoch 57/200 — train done in 13.4s | avg loss_box=1.1305 loss_cls=0.9900 loss_dfl=0.0352 loss_total=134.1521
2026-08-05 02:26:22 INFO  scripts.synthetic_model_comparison.training.evaluation | evaluating on 4 batches
2026-08-05 02:26:28 INFO  scripts.synthetic_model_comparison.training.training_pipeline | epoch 57/200 — val mAP50=0.7792 mAP50_95=0.5273 (selection mAP50_95=0.5273)
2026-08-05 02:26:28 INFO  scripts.synthetic_model_comparison.training.evaluation | mlflow: logged val/mAP50=0.7792 val/mAP50_95=0.5273 (step=56)
2026-08-05 02:26:29 INFO  scripts.synthetic_model_comparison.training.evaluation | mlflow: logged val per-class AP table (12 classes)
2026-08-05 02:26:29 INFO  scripts.synthetic_model_comparison.training.training_pipeline | saved checkpoint: /home/debian/Master-Thesis/scripts/synthetic_model_comparison/training/model_exports/yolo26n-hidream-i1-maxlen-seed43-20260805-020722/last.pt
2026-08-05 02:26:29 INFO  scripts.synthetic_model_comparison.training.training_pipeline | epoch 57/200 done — next lr=0.00825555, epochs_since_improve=1/20
2026-08-05 02:26:29 INFO  scripts.synthetic_model_comparison.training.training_pipeline | epoch 58/200 — train start (lr=0.00825555, batches=15)
2026-08-05 02:26:41 INFO  scripts.synthetic_model_comparison.training.training_pipeline | epoch 58/200 — train done in 12.1s | avg loss_box=1.1118 loss_cls=1.0036 loss_dfl=0.0346 loss_total=132.6038
2026-08-05 02:26:41 INFO  scripts.synthetic_model_comparison.training.evaluation | evaluating on 4 batches
2026-08-05 02:26:47 INFO  scripts.synthetic_model_comparison.training.training_pipeline | epoch 58/200 — val mAP50=0.7849 mAP50_95=0.5697 (selection mAP50_95=0.5697)
2026-08-05 02:26:48 INFO  scripts.synthetic_model_comparison.training.evaluation | mlflow: logged val/mAP50=0.7849 val/mAP50_95=0.5697 (step=57)
2026-08-05 02:26:48 INFO  scripts.synthetic_model_comparison.training.evaluation | mlflow: logged val per-class AP table (12 classes)
2026-08-05 02:26:49 INFO  scripts.synthetic_model_comparison.training.training_pipeline | saved checkpoint: /home/debian/Master-Thesis/scripts/synthetic_model_comparison/training/model_exports/yolo26n-hidream-i1-maxlen-seed43-20260805-020722/best.pt
2026-08-05 02:26:49 INFO  scripts.synthetic_model_comparison.training.training_pipeline | new best mAP50_95=0.5697 at epoch 58
2026-08-05 02:26:49 INFO  scripts.synthetic_model_comparison.training.training_pipeline | saved checkpoint: /home/debian/Master-Thesis/scripts/synthetic_model_comparison/training/model_exports/yolo26n-hidream-i1-maxlen-seed43-20260805-020722/last.pt
2026-08-05 02:26:49 INFO  scripts.synthetic_model_comparison.training.training_pipeline | epoch 58/200 done — next lr=0.00819466, epochs_since_improve=0/20
2026-08-05 02:26:49 INFO  scripts.synthetic_model_comparison.training.training_pipeline | epoch 59/200 — train start (lr=0.00819466, batches=15)
2026-08-05 02:27:01 INFO  scripts.synthetic_model_comparison.training.training_pipeline | epoch 59/200 — train done in 12.1s | avg loss_box=1.0808 loss_cls=0.9548 loss_dfl=0.0338 loss_total=129.7900
2026-08-05 02:27:01 INFO  scripts.synthetic_model_comparison.training.evaluation | evaluating on 4 batches
2026-08-05 02:27:07 INFO  scripts.synthetic_model_comparison.training.training_pipeline | epoch 59/200 — val mAP50=0.7520 mAP50_95=0.4560 (selection mAP50_95=0.4560)
2026-08-05 02:27:08 INFO  scripts.synthetic_model_comparison.training.evaluation | mlflow: logged val/mAP50=0.7520 val/mAP50_95=0.4560 (step=58)
2026-08-05 02:27:08 INFO  scripts.synthetic_model_comparison.training.evaluation | mlflow: logged val per-class AP table (12 classes)
2026-08-05 02:27:08 INFO  scripts.synthetic_model_comparison.training.training_pipeline | saved checkpoint: /home/debian/Master-Thesis/scripts/synthetic_model_comparison/training/model_exports/yolo26n-hidream-i1-maxlen-seed43-20260805-020722/last.pt
2026-08-05 02:27:09 INFO  scripts.synthetic_model_comparison.training.training_pipeline | epoch 59/200 done — next lr=0.00813295, epochs_since_improve=1/20
2026-08-05 02:27:09 INFO  scripts.synthetic_model_comparison.training.training_pipeline | epoch 60/200 — train start (lr=0.00813295, batches=15)
2026-08-05 02:27:20 INFO  scripts.synthetic_model_comparison.training.training_pipeline | epoch 60/200 — train done in 11.6s | avg loss_box=1.1040 loss_cls=0.9302 loss_dfl=0.0342 loss_total=129.4210
2026-08-05 02:27:20 INFO  scripts.synthetic_model_comparison.training.evaluation | evaluating on 4 batches
2026-08-05 02:27:26 INFO  scripts.synthetic_model_comparison.training.training_pipeline | epoch 60/200 — val mAP50=0.7840 mAP50_95=0.5491 (selection mAP50_95=0.5491)
2026-08-05 02:27:27 INFO  scripts.synthetic_model_comparison.training.evaluation | mlflow: logged val/mAP50=0.7840 val/mAP50_95=0.5491 (step=59)
2026-08-05 02:27:27 INFO  scripts.synthetic_model_comparison.training.evaluation | mlflow: logged val per-class AP table (12 classes)
2026-08-05 02:27:28 INFO  scripts.synthetic_model_comparison.training.training_pipeline | saved checkpoint: /home/debian/Master-Thesis/scripts/synthetic_model_comparison/training/model_exports/yolo26n-hidream-i1-maxlen-seed43-20260805-020722/last.pt
2026-08-05 02:27:28 INFO  scripts.synthetic_model_comparison.training.training_pipeline | epoch 60/200 done — next lr=0.00807046, epochs_since_improve=2/20
2026-08-05 02:27:28 INFO  scripts.synthetic_model_comparison.training.training_pipeline | epoch 61/200 — train start (lr=0.00807046, batches=15)
2026-08-05 02:27:33 INFO  scripts.synthetic_model_comparison.training.training_pipeline | step 900 | loss_box=1.1360 loss_cls=1.0226 loss_dfl=0.0339 loss_total=134.6281 lr=0.00806626
2026-08-05 02:27:41 INFO  scripts.synthetic_model_comparison.training.training_pipeline | epoch 61/200 — train done in 12.9s | avg loss_box=1.0695 loss_cls=0.9637 loss_dfl=0.0332 loss_total=127.5258
2026-08-05 02:27:41 INFO  scripts.synthetic_model_comparison.training.evaluation | evaluating on 4 batches
2026-08-05 02:27:47 INFO  scripts.synthetic_model_comparison.training.training_pipeline | epoch 61/200 — val mAP50=0.8036 mAP50_95=0.5844 (selection mAP50_95=0.5844)
2026-08-05 02:27:47 INFO  scripts.synthetic_model_comparison.training.evaluation | mlflow: logged val/mAP50=0.8036 val/mAP50_95=0.5844 (step=60)
2026-08-05 02:27:48 INFO  scripts.synthetic_model_comparison.training.evaluation | mlflow: logged val per-class AP table (12 classes)
2026-08-05 02:27:48 INFO  scripts.synthetic_model_comparison.training.training_pipeline | saved checkpoint: /home/debian/Master-Thesis/scripts/synthetic_model_comparison/training/model_exports/yolo26n-hidream-i1-maxlen-seed43-20260805-020722/best.pt
2026-08-05 02:27:48 INFO  scripts.synthetic_model_comparison.training.training_pipeline | new best mAP50_95=0.5844 at epoch 61
2026-08-05 02:27:48 INFO  scripts.synthetic_model_comparison.training.training_pipeline | saved checkpoint: /home/debian/Master-Thesis/scripts/synthetic_model_comparison/training/model_exports/yolo26n-hidream-i1-maxlen-seed43-20260805-020722/last.pt
2026-08-05 02:27:48 INFO  scripts.synthetic_model_comparison.training.training_pipeline | epoch 61/200 done — next lr=0.00800718, epochs_since_improve=0/20
2026-08-05 02:27:48 INFO  scripts.synthetic_model_comparison.training.training_pipeline | epoch 62/200 — train start (lr=0.00800718, batches=15)
2026-08-05 02:28:00 INFO  scripts.synthetic_model_comparison.training.training_pipeline | epoch 62/200 — train done in 12.3s | avg loss_box=1.0819 loss_cls=0.9123 loss_dfl=0.0343 loss_total=127.4905
2026-08-05 02:28:00 INFO  scripts.synthetic_model_comparison.training.evaluation | evaluating on 4 batches
2026-08-05 02:28:06 INFO  scripts.synthetic_model_comparison.training.training_pipeline | epoch 62/200 — val mAP50=0.8073 mAP50_95=0.5860 (selection mAP50_95=0.5860)
2026-08-05 02:28:07 INFO  scripts.synthetic_model_comparison.training.evaluation | mlflow: logged val/mAP50=0.8073 val/mAP50_95=0.5860 (step=61)
2026-08-05 02:28:07 INFO  scripts.synthetic_model_comparison.training.evaluation | mlflow: logged val per-class AP table (12 classes)
2026-08-05 02:28:08 INFO  scripts.synthetic_model_comparison.training.training_pipeline | saved checkpoint: /home/debian/Master-Thesis/scripts/synthetic_model_comparison/training/model_exports/yolo26n-hidream-i1-maxlen-seed43-20260805-020722/best.pt
2026-08-05 02:28:08 INFO  scripts.synthetic_model_comparison.training.training_pipeline | new best mAP50_95=0.5860 at epoch 62
2026-08-05 02:28:08 INFO  scripts.synthetic_model_comparison.training.training_pipeline | saved checkpoint: /home/debian/Master-Thesis/scripts/synthetic_model_comparison/training/model_exports/yolo26n-hidream-i1-maxlen-seed43-20260805-020722/last.pt
2026-08-05 02:28:08 INFO  scripts.synthetic_model_comparison.training.training_pipeline | epoch 62/200 done — next lr=0.00794314, epochs_since_improve=0/20
2026-08-05 02:28:08 INFO  scripts.synthetic_model_comparison.training.training_pipeline | epoch 63/200 — train start (lr=0.00794314, batches=15)
2026-08-05 02:28:20 INFO  scripts.synthetic_model_comparison.training.training_pipeline | epoch 63/200 — train done in 12.1s | avg loss_box=1.0384 loss_cls=0.8886 loss_dfl=0.0319 loss_total=121.3072
2026-08-05 02:28:20 INFO  scripts.synthetic_model_comparison.training.evaluation | evaluating on 4 batches
2026-08-05 02:28:26 INFO  scripts.synthetic_model_comparison.training.training_pipeline | epoch 63/200 — val mAP50=0.8175 mAP50_95=0.5950 (selection mAP50_95=0.5950)
2026-08-05 02:28:27 INFO  scripts.synthetic_model_comparison.training.evaluation | mlflow: logged val/mAP50=0.8175 val/mAP50_95=0.5950 (step=62)
2026-08-05 02:28:27 INFO  scripts.synthetic_model_comparison.training.evaluation | mlflow: logged val per-class AP table (12 classes)
2026-08-05 02:28:27 INFO  scripts.synthetic_model_comparison.training.training_pipeline | saved checkpoint: /home/debian/Master-Thesis/scripts/synthetic_model_comparison/training/model_exports/yolo26n-hidream-i1-maxlen-seed43-20260805-020722/best.pt
2026-08-05 02:28:27 INFO  scripts.synthetic_model_comparison.training.training_pipeline | new best mAP50_95=0.5950 at epoch 63
2026-08-05 02:28:27 INFO  scripts.synthetic_model_comparison.training.training_pipeline | saved checkpoint: /home/debian/Master-Thesis/scripts/synthetic_model_comparison/training/model_exports/yolo26n-hidream-i1-maxlen-seed43-20260805-020722/last.pt
2026-08-05 02:28:28 INFO  scripts.synthetic_model_comparison.training.training_pipeline | epoch 63/200 done — next lr=0.00787835, epochs_since_improve=0/20
2026-08-05 02:28:28 INFO  scripts.synthetic_model_comparison.training.training_pipeline | epoch 64/200 — train start (lr=0.00787835, batches=15)
2026-08-05 02:28:36 INFO  scripts.synthetic_model_comparison.training.training_pipeline | step 950 | loss_box=1.0311 loss_cls=0.9363 loss_dfl=0.0308 loss_total=126.0287 lr=0.00785222
2026-08-05 02:28:42 INFO  scripts.synthetic_model_comparison.training.training_pipeline | epoch 64/200 — train done in 13.7s | avg loss_box=1.0787 loss_cls=0.9009 loss_dfl=0.0331 loss_total=125.2614
2026-08-05 02:28:42 INFO  scripts.synthetic_model_comparison.training.evaluation | evaluating on 4 batches
2026-08-05 02:28:48 INFO  scripts.synthetic_model_comparison.training.training_pipeline | epoch 64/200 — val mAP50=0.7449 mAP50_95=0.5342 (selection mAP50_95=0.5342)
2026-08-05 02:28:48 INFO  scripts.synthetic_model_comparison.training.evaluation | mlflow: logged val/mAP50=0.7449 val/mAP50_95=0.5342 (step=63)
2026-08-05 02:28:49 INFO  scripts.synthetic_model_comparison.training.evaluation | mlflow: logged val per-class AP table (12 classes)
2026-08-05 02:28:49 INFO  scripts.synthetic_model_comparison.training.training_pipeline | saved checkpoint: /home/debian/Master-Thesis/scripts/synthetic_model_comparison/training/model_exports/yolo26n-hidream-i1-maxlen-seed43-20260805-020722/last.pt
2026-08-05 02:28:49 INFO  scripts.synthetic_model_comparison.training.training_pipeline | epoch 64/200 done — next lr=0.00781283, epochs_since_improve=1/20
2026-08-05 02:28:49 INFO  scripts.synthetic_model_comparison.training.training_pipeline | epoch 65/200 — train start (lr=0.00781283, batches=15)
2026-08-05 02:29:01 INFO  scripts.synthetic_model_comparison.training.training_pipeline | epoch 65/200 — train done in 11.6s | avg loss_box=1.0384 loss_cls=0.8774 loss_dfl=0.0322 loss_total=120.9848
2026-08-05 02:29:01 INFO  scripts.synthetic_model_comparison.training.evaluation | evaluating on 4 batches
2026-08-05 02:29:06 INFO  scripts.synthetic_model_comparison.training.training_pipeline | epoch 65/200 — val mAP50=0.8261 mAP50_95=0.6092 (selection mAP50_95=0.6092)
2026-08-05 02:29:07 INFO  scripts.synthetic_model_comparison.training.evaluation | mlflow: logged val/mAP50=0.8261 val/mAP50_95=0.6092 (step=64)
2026-08-05 02:29:07 INFO  scripts.synthetic_model_comparison.training.evaluation | mlflow: logged val per-class AP table (12 classes)
2026-08-05 02:29:08 INFO  scripts.synthetic_model_comparison.training.training_pipeline | saved checkpoint: /home/debian/Master-Thesis/scripts/synthetic_model_comparison/training/model_exports/yolo26n-hidream-i1-maxlen-seed43-20260805-020722/best.pt
2026-08-05 02:29:08 INFO  scripts.synthetic_model_comparison.training.training_pipeline | new best mAP50_95=0.6092 at epoch 65
2026-08-05 02:29:08 INFO  scripts.synthetic_model_comparison.training.training_pipeline | saved checkpoint: /home/debian/Master-Thesis/scripts/synthetic_model_comparison/training/model_exports/yolo26n-hidream-i1-maxlen-seed43-20260805-020722/last.pt
2026-08-05 02:29:08 INFO  scripts.synthetic_model_comparison.training.training_pipeline | epoch 65/200 done — next lr=0.00774659, epochs_since_improve=0/20
2026-08-05 02:29:08 INFO  scripts.synthetic_model_comparison.training.training_pipeline | epoch 66/200 — train start (lr=0.00774659, batches=15)
2026-08-05 02:29:20 INFO  scripts.synthetic_model_comparison.training.training_pipeline | epoch 66/200 — train done in 12.2s | avg loss_box=1.0476 loss_cls=0.9059 loss_dfl=0.0315 loss_total=123.3388
2026-08-05 02:29:20 INFO  scripts.synthetic_model_comparison.training.evaluation | evaluating on 4 batches
2026-08-05 02:29:26 INFO  scripts.synthetic_model_comparison.training.training_pipeline | epoch 66/200 — val mAP50=0.8106 mAP50_95=0.5207 (selection mAP50_95=0.5207)
2026-08-05 02:29:27 INFO  scripts.synthetic_model_comparison.training.evaluation | mlflow: logged val/mAP50=0.8106 val/mAP50_95=0.5207 (step=65)
2026-08-05 02:29:27 INFO  scripts.synthetic_model_comparison.training.evaluation | mlflow: logged val per-class AP table (12 classes)
2026-08-05 02:29:27 INFO  scripts.synthetic_model_comparison.training.training_pipeline | saved checkpoint: /home/debian/Master-Thesis/scripts/synthetic_model_comparison/training/model_exports/yolo26n-hidream-i1-maxlen-seed43-20260805-020722/last.pt
2026-08-05 02:29:28 INFO  scripts.synthetic_model_comparison.training.training_pipeline | epoch 66/200 done — next lr=0.00767966, epochs_since_improve=1/20
2026-08-05 02:29:28 INFO  scripts.synthetic_model_comparison.training.training_pipeline | epoch 67/200 — train start (lr=0.00767966, batches=15)
2026-08-05 02:29:38 INFO  scripts.synthetic_model_comparison.training.training_pipeline | step 1000 | loss_box=0.9991 loss_cls=0.7944 loss_dfl=0.0293 loss_total=113.7518 lr=0.00763015
2026-08-05 02:29:41 INFO  scripts.synthetic_model_comparison.training.training_pipeline | epoch 67/200 — train done in 13.1s | avg loss_box=1.0415 loss_cls=0.8492 loss_dfl=0.0321 loss_total=120.0269
2026-08-05 02:29:41 INFO  scripts.synthetic_model_comparison.training.evaluation | evaluating on 4 batches
2026-08-05 02:29:47 INFO  scripts.synthetic_model_comparison.training.training_pipeline | epoch 67/200 — val mAP50=0.8100 mAP50_95=0.5650 (selection mAP50_95=0.5650)
2026-08-05 02:29:48 INFO  scripts.synthetic_model_comparison.training.evaluation | mlflow: logged val/mAP50=0.8100 val/mAP50_95=0.5650 (step=66)
2026-08-05 02:29:48 INFO  scripts.synthetic_model_comparison.training.evaluation | mlflow: logged val per-class AP table (12 classes)
2026-08-05 02:29:48 INFO  scripts.synthetic_model_comparison.training.training_pipeline | saved checkpoint: /home/debian/Master-Thesis/scripts/synthetic_model_comparison/training/model_exports/yolo26n-hidream-i1-maxlen-seed43-20260805-020722/last.pt
2026-08-05 02:29:48 INFO  scripts.synthetic_model_comparison.training.training_pipeline | epoch 67/200 done — next lr=0.00761205, epochs_since_improve=2/20
2026-08-05 02:29:48 INFO  scripts.synthetic_model_comparison.training.training_pipeline | epoch 68/200 — train start (lr=0.00761205, batches=15)
2026-08-05 02:30:00 INFO  scripts.synthetic_model_comparison.training.training_pipeline | epoch 68/200 — train done in 12.1s | avg loss_box=1.0252 loss_cls=0.8521 loss_dfl=0.0311 loss_total=118.0911
2026-08-05 02:30:00 INFO  scripts.synthetic_model_comparison.training.evaluation | evaluating on 4 batches
2026-08-05 02:30:06 INFO  scripts.synthetic_model_comparison.training.training_pipeline | epoch 68/200 — val mAP50=0.7958 mAP50_95=0.5820 (selection mAP50_95=0.5820)
2026-08-05 02:30:07 INFO  scripts.synthetic_model_comparison.training.evaluation | mlflow: logged val/mAP50=0.7958 val/mAP50_95=0.5820 (step=67)
2026-08-05 02:30:07 INFO  scripts.synthetic_model_comparison.training.evaluation | mlflow: logged val per-class AP table (12 classes)
2026-08-05 02:30:08 INFO  scripts.synthetic_model_comparison.training.training_pipeline | saved checkpoint: /home/debian/Master-Thesis/scripts/synthetic_model_comparison/training/model_exports/yolo26n-hidream-i1-maxlen-seed43-20260805-020722/last.pt
2026-08-05 02:30:08 INFO  scripts.synthetic_model_comparison.training.training_pipeline | epoch 68/200 done — next lr=0.00754378, epochs_since_improve=3/20
2026-08-05 02:30:08 INFO  scripts.synthetic_model_comparison.training.training_pipeline | epoch 69/200 — train start (lr=0.00754378, batches=15)
2026-08-05 02:30:20 INFO  scripts.synthetic_model_comparison.training.training_pipeline | epoch 69/200 — train done in 12.1s | avg loss_box=0.9935 loss_cls=0.8243 loss_dfl=0.0307 loss_total=115.5536
2026-08-05 02:30:20 INFO  scripts.synthetic_model_comparison.training.evaluation | evaluating on 4 batches
2026-08-05 02:30:26 INFO  scripts.synthetic_model_comparison.training.training_pipeline | epoch 69/200 — val mAP50=0.7849 mAP50_95=0.5648 (selection mAP50_95=0.5648)
2026-08-05 02:30:27 INFO  scripts.synthetic_model_comparison.training.evaluation | mlflow: logged val/mAP50=0.7849 val/mAP50_95=0.5648 (step=68)
2026-08-05 02:30:27 INFO  scripts.synthetic_model_comparison.training.evaluation | mlflow: logged val per-class AP table (12 classes)
2026-08-05 02:30:27 INFO  scripts.synthetic_model_comparison.training.training_pipeline | saved checkpoint: /home/debian/Master-Thesis/scripts/synthetic_model_comparison/training/model_exports/yolo26n-hidream-i1-maxlen-seed43-20260805-020722/last.pt
2026-08-05 02:30:28 INFO  scripts.synthetic_model_comparison.training.training_pipeline | epoch 69/200 done — next lr=0.00747486, epochs_since_improve=4/20
2026-08-05 02:30:28 INFO  scripts.synthetic_model_comparison.training.training_pipeline | epoch 70/200 — train start (lr=0.00747486, batches=15)
2026-08-05 02:30:39 INFO  scripts.synthetic_model_comparison.training.training_pipeline | epoch 70/200 — train done in 11.3s | avg loss_box=0.9870 loss_cls=0.8048 loss_dfl=0.0303 loss_total=114.1490
2026-08-05 02:30:39 INFO  scripts.synthetic_model_comparison.training.evaluation | evaluating on 4 batches
2026-08-05 02:30:45 INFO  scripts.synthetic_model_comparison.training.training_pipeline | epoch 70/200 — val mAP50=0.7931 mAP50_95=0.5972 (selection mAP50_95=0.5972)
2026-08-05 02:30:45 INFO  scripts.synthetic_model_comparison.training.evaluation | mlflow: logged val/mAP50=0.7931 val/mAP50_95=0.5972 (step=69)
2026-08-05 02:30:46 INFO  scripts.synthetic_model_comparison.training.evaluation | mlflow: logged val per-class AP table (12 classes)
2026-08-05 02:30:46 INFO  scripts.synthetic_model_comparison.training.training_pipeline | saved checkpoint: /home/debian/Master-Thesis/scripts/synthetic_model_comparison/training/model_exports/yolo26n-hidream-i1-maxlen-seed43-20260805-020722/last.pt
2026-08-05 02:30:46 INFO  scripts.synthetic_model_comparison.training.training_pipeline | epoch 70/200 done — next lr=0.00740531, epochs_since_improve=5/20
2026-08-05 02:30:46 INFO  scripts.synthetic_model_comparison.training.training_pipeline | epoch 71/200 — train start (lr=0.00740531, batches=15)
2026-08-05 02:30:51 INFO  scripts.synthetic_model_comparison.training.training_pipeline | step 1050 | loss_box=0.9905 loss_cls=0.7545 loss_dfl=0.0306 loss_total=108.9213 lr=0.00740065
2026-08-05 02:30:59 INFO  scripts.synthetic_model_comparison.training.training_pipeline | epoch 71/200 — train done in 12.6s | avg loss_box=0.9831 loss_cls=0.8457 loss_dfl=0.0297 loss_total=115.0714
2026-08-05 02:30:59 INFO  scripts.synthetic_model_comparison.training.evaluation | evaluating on 4 batches
2026-08-05 02:31:05 INFO  scripts.synthetic_model_comparison.training.training_pipeline | epoch 71/200 — val mAP50=0.8208 mAP50_95=0.6047 (selection mAP50_95=0.6047)
2026-08-05 02:31:06 INFO  scripts.synthetic_model_comparison.training.evaluation | mlflow: logged val/mAP50=0.8208 val/mAP50_95=0.6047 (step=70)
2026-08-05 02:31:06 INFO  scripts.synthetic_model_comparison.training.evaluation | mlflow: logged val per-class AP table (12 classes)
2026-08-05 02:31:06 INFO  scripts.synthetic_model_comparison.training.training_pipeline | saved checkpoint: /home/debian/Master-Thesis/scripts/synthetic_model_comparison/training/model_exports/yolo26n-hidream-i1-maxlen-seed43-20260805-020722/last.pt
2026-08-05 02:31:06 INFO  scripts.synthetic_model_comparison.training.training_pipeline | epoch 71/200 done — next lr=0.00733515, epochs_since_improve=6/20
2026-08-05 02:31:06 INFO  scripts.synthetic_model_comparison.training.training_pipeline | epoch 72/200 — train start (lr=0.00733515, batches=15)
2026-08-05 02:31:19 INFO  scripts.synthetic_model_comparison.training.training_pipeline | epoch 72/200 — train done in 12.2s | avg loss_box=0.9721 loss_cls=0.7988 loss_dfl=0.0306 loss_total=112.1991
2026-08-05 02:31:19 INFO  scripts.synthetic_model_comparison.training.evaluation | evaluating on 4 batches
2026-08-05 02:31:25 INFO  scripts.synthetic_model_comparison.training.training_pipeline | epoch 72/200 — val mAP50=0.8175 mAP50_95=0.6054 (selection mAP50_95=0.6054)
2026-08-05 02:31:25 INFO  scripts.synthetic_model_comparison.training.evaluation | mlflow: logged val/mAP50=0.8175 val/mAP50_95=0.6054 (step=71)
2026-08-05 02:31:26 INFO  scripts.synthetic_model_comparison.training.evaluation | mlflow: logged val per-class AP table (12 classes)
2026-08-05 02:31:26 INFO  scripts.synthetic_model_comparison.training.training_pipeline | saved checkpoint: /home/debian/Master-Thesis/scripts/synthetic_model_comparison/training/model_exports/yolo26n-hidream-i1-maxlen-seed43-20260805-020722/last.pt
2026-08-05 02:31:26 INFO  scripts.synthetic_model_comparison.training.training_pipeline | epoch 72/200 done — next lr=0.0072644, epochs_since_improve=7/20
2026-08-05 02:31:26 INFO  scripts.synthetic_model_comparison.training.training_pipeline | epoch 73/200 — train start (lr=0.0072644, batches=15)
2026-08-05 02:31:38 INFO  scripts.synthetic_model_comparison.training.training_pipeline | epoch 73/200 — train done in 11.7s | avg loss_box=0.9712 loss_cls=0.7986 loss_dfl=0.0298 loss_total=111.1974
2026-08-05 02:31:38 INFO  scripts.synthetic_model_comparison.training.evaluation | evaluating on 4 batches
2026-08-05 02:31:44 INFO  scripts.synthetic_model_comparison.training.training_pipeline | epoch 73/200 — val mAP50=0.8416 mAP50_95=0.6200 (selection mAP50_95=0.6200)
2026-08-05 02:31:44 INFO  scripts.synthetic_model_comparison.training.evaluation | mlflow: logged val/mAP50=0.8416 val/mAP50_95=0.6200 (step=72)
2026-08-05 02:31:45 INFO  scripts.synthetic_model_comparison.training.evaluation | mlflow: logged val per-class AP table (12 classes)
2026-08-05 02:31:45 INFO  scripts.synthetic_model_comparison.training.training_pipeline | saved checkpoint: /home/debian/Master-Thesis/scripts/synthetic_model_comparison/training/model_exports/yolo26n-hidream-i1-maxlen-seed43-20260805-020722/best.pt
2026-08-05 02:31:45 INFO  scripts.synthetic_model_comparison.training.training_pipeline | new best mAP50_95=0.6200 at epoch 73
2026-08-05 02:31:45 INFO  scripts.synthetic_model_comparison.training.training_pipeline | saved checkpoint: /home/debian/Master-Thesis/scripts/synthetic_model_comparison/training/model_exports/yolo26n-hidream-i1-maxlen-seed43-20260805-020722/last.pt
2026-08-05 02:31:45 INFO  scripts.synthetic_model_comparison.training.training_pipeline | epoch 73/200 done — next lr=0.00719307, epochs_since_improve=0/20
2026-08-05 02:31:45 INFO  scripts.synthetic_model_comparison.training.training_pipeline | epoch 74/200 — train start (lr=0.00719307, batches=15)
2026-08-05 02:31:54 INFO  scripts.synthetic_model_comparison.training.training_pipeline | step 1100 | loss_box=0.9264 loss_cls=0.8107 loss_dfl=0.0289 loss_total=112.2664 lr=0.00716439
2026-08-05 02:31:59 INFO  scripts.synthetic_model_comparison.training.training_pipeline | epoch 74/200 — train done in 13.9s | avg loss_box=0.9436 loss_cls=0.7636 loss_dfl=0.0288 loss_total=108.6828
2026-08-05 02:31:59 INFO  scripts.synthetic_model_comparison.training.evaluation | evaluating on 4 batches
2026-08-05 02:32:05 INFO  scripts.synthetic_model_comparison.training.training_pipeline | epoch 74/200 — val mAP50=0.8094 mAP50_95=0.6022 (selection mAP50_95=0.6022)
2026-08-05 02:32:06 INFO  scripts.synthetic_model_comparison.training.evaluation | mlflow: logged val/mAP50=0.8094 val/mAP50_95=0.6022 (step=73)
2026-08-05 02:32:06 INFO  scripts.synthetic_model_comparison.training.evaluation | mlflow: logged val per-class AP table (12 classes)
2026-08-05 02:32:07 INFO  scripts.synthetic_model_comparison.training.training_pipeline | saved checkpoint: /home/debian/Master-Thesis/scripts/synthetic_model_comparison/training/model_exports/yolo26n-hidream-i1-maxlen-seed43-20260805-020722/last.pt
2026-08-05 02:32:07 INFO  scripts.synthetic_model_comparison.training.training_pipeline | epoch 74/200 done — next lr=0.00712119, epochs_since_improve=1/20
2026-08-05 02:32:07 INFO  scripts.synthetic_model_comparison.training.training_pipeline | epoch 75/200 — train start (lr=0.00712119, batches=15)
2026-08-05 02:32:19 INFO  scripts.synthetic_model_comparison.training.training_pipeline | epoch 75/200 — train done in 11.9s | avg loss_box=0.9257 loss_cls=0.7888 loss_dfl=0.0277 loss_total=108.2604
2026-08-05 02:32:19 INFO  scripts.synthetic_model_comparison.training.evaluation | evaluating on 4 batches
2026-08-05 02:32:25 INFO  scripts.synthetic_model_comparison.training.training_pipeline | epoch 75/200 — val mAP50=0.8303 mAP50_95=0.6289 (selection mAP50_95=0.6289)
2026-08-05 02:32:25 INFO  scripts.synthetic_model_comparison.training.evaluation | mlflow: logged val/mAP50=0.8303 val/mAP50_95=0.6289 (step=74)
2026-08-05 02:32:26 INFO  scripts.synthetic_model_comparison.training.evaluation | mlflow: logged val per-class AP table (12 classes)
2026-08-05 02:32:26 INFO  scripts.synthetic_model_comparison.training.training_pipeline | saved checkpoint: /home/debian/Master-Thesis/scripts/synthetic_model_comparison/training/model_exports/yolo26n-hidream-i1-maxlen-seed43-20260805-020722/best.pt
2026-08-05 02:32:26 INFO  scripts.synthetic_model_comparison.training.training_pipeline | new best mAP50_95=0.6289 at epoch 75
2026-08-05 02:32:26 INFO  scripts.synthetic_model_comparison.training.training_pipeline | saved checkpoint: /home/debian/Master-Thesis/scripts/synthetic_model_comparison/training/model_exports/yolo26n-hidream-i1-maxlen-seed43-20260805-020722/last.pt
2026-08-05 02:32:26 INFO  scripts.synthetic_model_comparison.training.training_pipeline | epoch 75/200 done — next lr=0.00704877, epochs_since_improve=0/20
2026-08-05 02:32:26 INFO  scripts.synthetic_model_comparison.training.training_pipeline | epoch 76/200 — train start (lr=0.00704877, batches=15)
2026-08-05 02:32:38 INFO  scripts.synthetic_model_comparison.training.training_pipeline | epoch 76/200 — train done in 11.7s | avg loss_box=0.9256 loss_cls=0.7654 loss_dfl=0.0280 loss_total=106.9175
2026-08-05 02:32:38 INFO  scripts.synthetic_model_comparison.training.evaluation | evaluating on 4 batches
2026-08-05 02:32:44 INFO  scripts.synthetic_model_comparison.training.training_pipeline | epoch 76/200 — val mAP50=0.8266 mAP50_95=0.6105 (selection mAP50_95=0.6105)
2026-08-05 02:32:45 INFO  scripts.synthetic_model_comparison.training.evaluation | mlflow: logged val/mAP50=0.8266 val/mAP50_95=0.6105 (step=75)
2026-08-05 02:32:45 INFO  scripts.synthetic_model_comparison.training.evaluation | mlflow: logged val per-class AP table (12 classes)
2026-08-05 02:32:45 INFO  scripts.synthetic_model_comparison.training.training_pipeline | saved checkpoint: /home/debian/Master-Thesis/scripts/synthetic_model_comparison/training/model_exports/yolo26n-hidream-i1-maxlen-seed43-20260805-020722/last.pt
2026-08-05 02:32:45 INFO  scripts.synthetic_model_comparison.training.training_pipeline | epoch 76/200 done — next lr=0.00697583, epochs_since_improve=1/20
2026-08-05 02:32:45 INFO  scripts.synthetic_model_comparison.training.training_pipeline | epoch 77/200 — train start (lr=0.00697583, batches=15)
2026-08-05 02:32:56 INFO  scripts.synthetic_model_comparison.training.training_pipeline | step 1150 | loss_box=0.8861 loss_cls=0.7377 loss_dfl=0.0278 loss_total=104.9107 lr=0.00692202
2026-08-05 02:32:59 INFO  scripts.synthetic_model_comparison.training.training_pipeline | epoch 77/200 — train done in 13.2s | avg loss_box=0.9076 loss_cls=0.7435 loss_dfl=0.0274 loss_total=105.3924
2026-08-05 02:32:59 INFO  scripts.synthetic_model_comparison.training.evaluation | evaluating on 4 batches
2026-08-05 02:33:05 INFO  scripts.synthetic_model_comparison.training.training_pipeline | epoch 77/200 — val mAP50=0.8426 mAP50_95=0.6158 (selection mAP50_95=0.6158)
2026-08-05 02:33:05 INFO  scripts.synthetic_model_comparison.training.evaluation | mlflow: logged val/mAP50=0.8426 val/mAP50_95=0.6158 (step=76)
2026-08-05 02:33:06 INFO  scripts.synthetic_model_comparison.training.evaluation | mlflow: logged val per-class AP table (12 classes)
2026-08-05 02:33:06 INFO  scripts.synthetic_model_comparison.training.training_pipeline | saved checkpoint: /home/debian/Master-Thesis/scripts/synthetic_model_comparison/training/model_exports/yolo26n-hidream-i1-maxlen-seed43-20260805-020722/last.pt
2026-08-05 02:33:06 INFO  scripts.synthetic_model_comparison.training.training_pipeline | epoch 77/200 done — next lr=0.00690239, epochs_since_improve=2/20
2026-08-05 02:33:06 INFO  scripts.synthetic_model_comparison.training.training_pipeline | epoch 78/200 — train start (lr=0.00690239, batches=15)
2026-08-05 02:33:18 INFO  scripts.synthetic_model_comparison.training.training_pipeline | epoch 78/200 — train done in 11.8s | avg loss_box=0.9126 loss_cls=0.7542 loss_dfl=0.0276 loss_total=104.6194
2026-08-05 02:33:18 INFO  scripts.synthetic_model_comparison.training.evaluation | evaluating on 4 batches
2026-08-05 02:33:24 INFO  scripts.synthetic_model_comparison.training.training_pipeline | epoch 78/200 — val mAP50=0.8343 mAP50_95=0.6383 (selection mAP50_95=0.6383)
2026-08-05 02:33:25 INFO  scripts.synthetic_model_comparison.training.evaluation | mlflow: logged val/mAP50=0.8343 val/mAP50_95=0.6383 (step=77)
2026-08-05 02:33:25 INFO  scripts.synthetic_model_comparison.training.evaluation | mlflow: logged val per-class AP table (12 classes)
2026-08-05 02:33:25 INFO  scripts.synthetic_model_comparison.training.training_pipeline | saved checkpoint: /home/debian/Master-Thesis/scripts/synthetic_model_comparison/training/model_exports/yolo26n-hidream-i1-maxlen-seed43-20260805-020722/best.pt
2026-08-05 02:33:25 INFO  scripts.synthetic_model_comparison.training.training_pipeline | new best mAP50_95=0.6383 at epoch 78
2026-08-05 02:33:25 INFO  scripts.synthetic_model_comparison.training.training_pipeline | saved checkpoint: /home/debian/Master-Thesis/scripts/synthetic_model_comparison/training/model_exports/yolo26n-hidream-i1-maxlen-seed43-20260805-020722/last.pt
2026-08-05 02:33:26 INFO  scripts.synthetic_model_comparison.training.training_pipeline | epoch 78/200 done — next lr=0.00682847, epochs_since_improve=0/20
2026-08-05 02:33:26 INFO  scripts.synthetic_model_comparison.training.training_pipeline | epoch 79/200 — train start (lr=0.00682847, batches=15)
2026-08-05 02:33:37 INFO  scripts.synthetic_model_comparison.training.training_pipeline | epoch 79/200 — train done in 11.6s | avg loss_box=0.9020 loss_cls=0.7226 loss_dfl=0.0274 loss_total=103.2864
2026-08-05 02:33:37 INFO  scripts.synthetic_model_comparison.training.evaluation | evaluating on 4 batches
2026-08-05 02:33:43 INFO  scripts.synthetic_model_comparison.training.training_pipeline | epoch 79/200 — val mAP50=0.8475 mAP50_95=0.6350 (selection mAP50_95=0.6350)
2026-08-05 02:33:44 INFO  scripts.synthetic_model_comparison.training.evaluation | mlflow: logged val/mAP50=0.8475 val/mAP50_95=0.6350 (step=78)
2026-08-05 02:33:44 INFO  scripts.synthetic_model_comparison.training.evaluation | mlflow: logged val per-class AP table (12 classes)
2026-08-05 02:33:45 INFO  scripts.synthetic_model_comparison.training.training_pipeline | saved checkpoint: /home/debian/Master-Thesis/scripts/synthetic_model_comparison/training/model_exports/yolo26n-hidream-i1-maxlen-seed43-20260805-020722/last.pt
2026-08-05 02:33:45 INFO  scripts.synthetic_model_comparison.training.training_pipeline | epoch 79/200 done — next lr=0.00675408, epochs_since_improve=1/20
2026-08-05 02:33:45 INFO  scripts.synthetic_model_comparison.training.training_pipeline | epoch 80/200 — train start (lr=0.00675408, batches=15)
2026-08-05 02:33:56 INFO  scripts.synthetic_model_comparison.training.training_pipeline | epoch 80/200 — train done in 11.5s | avg loss_box=0.9128 loss_cls=0.7313 loss_dfl=0.0274 loss_total=103.7403
2026-08-05 02:33:56 INFO  scripts.synthetic_model_comparison.training.evaluation | evaluating on 4 batches
2026-08-05 02:34:02 INFO  scripts.synthetic_model_comparison.training.training_pipeline | epoch 80/200 — val mAP50=0.7499 mAP50_95=0.4832 (selection mAP50_95=0.4832)
2026-08-05 02:34:03 INFO  scripts.synthetic_model_comparison.training.evaluation | mlflow: logged val/mAP50=0.7499 val/mAP50_95=0.4832 (step=79)
2026-08-05 02:34:03 INFO  scripts.synthetic_model_comparison.training.evaluation | mlflow: logged val per-class AP table (12 classes)
2026-08-05 02:34:03 INFO  scripts.synthetic_model_comparison.training.training_pipeline | saved checkpoint: /home/debian/Master-Thesis/scripts/synthetic_model_comparison/training/model_exports/yolo26n-hidream-i1-maxlen-seed43-20260805-020722/last.pt
2026-08-05 02:34:04 INFO  scripts.synthetic_model_comparison.training.training_pipeline | epoch 80/200 done — next lr=0.00667925, epochs_since_improve=2/20
2026-08-05 02:34:04 INFO  scripts.synthetic_model_comparison.training.training_pipeline | epoch 81/200 — train start (lr=0.00667925, batches=15)
2026-08-05 02:34:10 INFO  scripts.synthetic_model_comparison.training.training_pipeline | step 1200 | loss_box=0.8599 loss_cls=0.7127 loss_dfl=0.0261 loss_total=96.6002 lr=0.00667424
2026-08-05 02:34:17 INFO  scripts.synthetic_model_comparison.training.training_pipeline | epoch 81/200 — train done in 13.4s | avg loss_box=0.8846 loss_cls=0.7135 loss_dfl=0.0273 loss_total=100.7793
2026-08-05 02:34:17 INFO  scripts.synthetic_model_comparison.training.evaluation | evaluating on 4 batches
2026-08-05 02:34:23 INFO  scripts.synthetic_model_comparison.training.training_pipeline | epoch 81/200 — val mAP50=0.8364 mAP50_95=0.6215 (selection mAP50_95=0.6215)
2026-08-05 02:34:24 INFO  scripts.synthetic_model_comparison.training.evaluation | mlflow: logged val/mAP50=0.8364 val/mAP50_95=0.6215 (step=80)
2026-08-05 02:34:24 INFO  scripts.synthetic_model_comparison.training.evaluation | mlflow: logged val per-class AP table (12 classes)
2026-08-05 02:34:24 INFO  scripts.synthetic_model_comparison.training.training_pipeline | saved checkpoint: /home/debian/Master-Thesis/scripts/synthetic_model_comparison/training/model_exports/yolo26n-hidream-i1-maxlen-seed43-20260805-020722/last.pt
2026-08-05 02:34:25 INFO  scripts.synthetic_model_comparison.training.training_pipeline | epoch 81/200 done — next lr=0.00660399, epochs_since_improve=3/20
2026-08-05 02:34:25 INFO  scripts.synthetic_model_comparison.training.training_pipeline | epoch 82/200 — train start (lr=0.00660399, batches=15)
2026-08-05 02:34:36 INFO  scripts.synthetic_model_comparison.training.training_pipeline | epoch 82/200 — train done in 11.9s | avg loss_box=0.8871 loss_cls=0.7103 loss_dfl=0.0267 loss_total=102.0358
2026-08-05 02:34:36 INFO  scripts.synthetic_model_comparison.training.evaluation | evaluating on 4 batches
2026-08-05 02:34:43 INFO  scripts.synthetic_model_comparison.training.training_pipeline | epoch 82/200 — val mAP50=0.8585 mAP50_95=0.6174 (selection mAP50_95=0.6174)
2026-08-05 02:34:43 INFO  scripts.synthetic_model_comparison.training.evaluation | mlflow: logged val/mAP50=0.8585 val/mAP50_95=0.6174 (step=81)
2026-08-05 02:34:43 INFO  scripts.synthetic_model_comparison.training.evaluation | mlflow: logged val per-class AP table (12 classes)
2026-08-05 02:34:44 INFO  scripts.synthetic_model_comparison.training.training_pipeline | saved checkpoint: /home/debian/Master-Thesis/scripts/synthetic_model_comparison/training/model_exports/yolo26n-hidream-i1-maxlen-seed43-20260805-020722/last.pt
2026-08-05 02:34:44 INFO  scripts.synthetic_model_comparison.training.training_pipeline | epoch 82/200 done — next lr=0.00652832, epochs_since_improve=4/20
2026-08-05 02:34:44 INFO  scripts.synthetic_model_comparison.training.training_pipeline | epoch 83/200 — train start (lr=0.00652832, batches=15)
2026-08-05 02:34:55 INFO  scripts.synthetic_model_comparison.training.training_pipeline | epoch 83/200 — train done in 11.4s | avg loss_box=0.9049 loss_cls=0.6961 loss_dfl=0.0275 loss_total=101.4109
2026-08-05 02:34:55 INFO  scripts.synthetic_model_comparison.training.evaluation | evaluating on 4 batches
2026-08-05 02:35:01 INFO  scripts.synthetic_model_comparison.training.training_pipeline | epoch 83/200 — val mAP50=0.8606 mAP50_95=0.6623 (selection mAP50_95=0.6623)
2026-08-05 02:35:02 INFO  scripts.synthetic_model_comparison.training.evaluation | mlflow: logged val/mAP50=0.8606 val/mAP50_95=0.6623 (step=82)
2026-08-05 02:35:02 INFO  scripts.synthetic_model_comparison.training.evaluation | mlflow: logged val per-class AP table (12 classes)
2026-08-05 02:35:03 INFO  scripts.synthetic_model_comparison.training.training_pipeline | saved checkpoint: /home/debian/Master-Thesis/scripts/synthetic_model_comparison/training/model_exports/yolo26n-hidream-i1-maxlen-seed43-20260805-020722/best.pt
2026-08-05 02:35:03 INFO  scripts.synthetic_model_comparison.training.training_pipeline | new best mAP50_95=0.6623 at epoch 83
2026-08-05 02:35:03 INFO  scripts.synthetic_model_comparison.training.training_pipeline | saved checkpoint: /home/debian/Master-Thesis/scripts/synthetic_model_comparison/training/model_exports/yolo26n-hidream-i1-maxlen-seed43-20260805-020722/last.pt
2026-08-05 02:35:03 INFO  scripts.synthetic_model_comparison.training.training_pipeline | epoch 83/200 done — next lr=0.00645227, epochs_since_improve=0/20
2026-08-05 02:35:03 INFO  scripts.synthetic_model_comparison.training.training_pipeline | epoch 84/200 — train start (lr=0.00645227, batches=15)
2026-08-05 02:35:11 INFO  scripts.synthetic_model_comparison.training.training_pipeline | step 1250 | loss_box=0.9889 loss_cls=0.7819 loss_dfl=0.0305 loss_total=109.9974 lr=0.00642175
2026-08-05 02:35:16 INFO  scripts.synthetic_model_comparison.training.training_pipeline | epoch 84/200 — train done in 13.2s | avg loss_box=0.8723 loss_cls=0.7233 loss_dfl=0.0265 loss_total=101.1037
2026-08-05 02:35:16 INFO  scripts.synthetic_model_comparison.training.evaluation | evaluating on 4 batches
2026-08-05 02:35:22 INFO  scripts.synthetic_model_comparison.training.training_pipeline | epoch 84/200 — val mAP50=0.7994 mAP50_95=0.5480 (selection mAP50_95=0.5480)
2026-08-05 02:35:23 INFO  scripts.synthetic_model_comparison.training.evaluation | mlflow: logged val/mAP50=0.7994 val/mAP50_95=0.5480 (step=83)
2026-08-05 02:35:23 INFO  scripts.synthetic_model_comparison.training.evaluation | mlflow: logged val per-class AP table (12 classes)
2026-08-05 02:35:23 INFO  scripts.synthetic_model_comparison.training.training_pipeline | saved checkpoint: /home/debian/Master-Thesis/scripts/synthetic_model_comparison/training/model_exports/yolo26n-hidream-i1-maxlen-seed43-20260805-020722/last.pt
2026-08-05 02:35:24 INFO  scripts.synthetic_model_comparison.training.training_pipeline | epoch 84/200 done — next lr=0.00637585, epochs_since_improve=1/20
2026-08-05 02:35:24 INFO  scripts.synthetic_model_comparison.training.training_pipeline | epoch 85/200 — train start (lr=0.00637585, batches=15)
2026-08-05 02:35:35 INFO  scripts.synthetic_model_comparison.training.training_pipeline | epoch 85/200 — train done in 11.6s | avg loss_box=0.8680 loss_cls=0.6627 loss_dfl=0.0263 loss_total=97.5522
2026-08-05 02:35:35 INFO  scripts.synthetic_model_comparison.training.evaluation | evaluating on 4 batches
2026-08-05 02:35:41 INFO  scripts.synthetic_model_comparison.training.training_pipeline | epoch 85/200 — val mAP50=0.8563 mAP50_95=0.6559 (selection mAP50_95=0.6559)
2026-08-05 02:35:42 INFO  scripts.synthetic_model_comparison.training.evaluation | mlflow: logged val/mAP50=0.8563 val/mAP50_95=0.6559 (step=84)
2026-08-05 02:35:42 INFO  scripts.synthetic_model_comparison.training.evaluation | mlflow: logged val per-class AP table (12 classes)
2026-08-05 02:35:42 INFO  scripts.synthetic_model_comparison.training.training_pipeline | saved checkpoint: /home/debian/Master-Thesis/scripts/synthetic_model_comparison/training/model_exports/yolo26n-hidream-i1-maxlen-seed43-20260805-020722/last.pt
2026-08-05 02:35:43 INFO  scripts.synthetic_model_comparison.training.training_pipeline | epoch 85/200 done — next lr=0.00629908, epochs_since_improve=2/20
2026-08-05 02:35:43 INFO  scripts.synthetic_model_comparison.training.training_pipeline | epoch 86/200 — train start (lr=0.00629908, batches=15)
2026-08-05 02:35:54 INFO  scripts.synthetic_model_comparison.training.training_pipeline | epoch 86/200 — train done in 11.8s | avg loss_box=0.8599 loss_cls=0.6651 loss_dfl=0.0260 loss_total=97.6151
2026-08-05 02:35:54 INFO  scripts.synthetic_model_comparison.training.evaluation | evaluating on 4 batches
2026-08-05 02:36:00 INFO  scripts.synthetic_model_comparison.training.training_pipeline | epoch 86/200 — val mAP50=0.8521 mAP50_95=0.6594 (selection mAP50_95=0.6594)
2026-08-05 02:36:01 INFO  scripts.synthetic_model_comparison.training.evaluation | mlflow: logged val/mAP50=0.8521 val/mAP50_95=0.6594 (step=85)
2026-08-05 02:36:02 INFO  scripts.synthetic_model_comparison.training.evaluation | mlflow: logged val per-class AP table (12 classes)
2026-08-05 02:36:02 INFO  scripts.synthetic_model_comparison.training.training_pipeline | saved checkpoint: /home/debian/Master-Thesis/scripts/synthetic_model_comparison/training/model_exports/yolo26n-hidream-i1-maxlen-seed43-20260805-020722/last.pt
2026-08-05 02:36:02 INFO  scripts.synthetic_model_comparison.training.training_pipeline | epoch 86/200 done — next lr=0.00622199, epochs_since_improve=3/20
2026-08-05 02:36:02 INFO  scripts.synthetic_model_comparison.training.training_pipeline | epoch 87/200 — train start (lr=0.00622199, batches=15)
2026-08-05 02:36:13 INFO  scripts.synthetic_model_comparison.training.training_pipeline | step 1300 | loss_box=0.8177 loss_cls=0.6030 loss_dfl=0.0251 loss_total=91.2254 lr=0.00616525
2026-08-05 02:36:16 INFO  scripts.synthetic_model_comparison.training.training_pipeline | epoch 87/200 — train done in 13.6s | avg loss_box=0.8591 loss_cls=0.6457 loss_dfl=0.0257 loss_total=95.5118
2026-08-05 02:36:16 INFO  scripts.synthetic_model_comparison.training.evaluation | evaluating on 4 batches
2026-08-05 02:36:22 INFO  scripts.synthetic_model_comparison.training.training_pipeline | epoch 87/200 — val mAP50=0.8586 mAP50_95=0.6592 (selection mAP50_95=0.6592)
2026-08-05 02:36:22 INFO  scripts.synthetic_model_comparison.training.evaluation | mlflow: logged val/mAP50=0.8586 val/mAP50_95=0.6592 (step=86)
2026-08-05 02:36:23 INFO  scripts.synthetic_model_comparison.training.evaluation | mlflow: logged val per-class AP table (12 classes)
2026-08-05 02:36:23 INFO  scripts.synthetic_model_comparison.training.training_pipeline | saved checkpoint: /home/debian/Master-Thesis/scripts/synthetic_model_comparison/training/model_exports/yolo26n-hidream-i1-maxlen-seed43-20260805-020722/last.pt
2026-08-05 02:36:23 INFO  scripts.synthetic_model_comparison.training.training_pipeline | epoch 87/200 done — next lr=0.00614458, epochs_since_improve=4/20
2026-08-05 02:36:23 INFO  scripts.synthetic_model_comparison.training.training_pipeline | epoch 88/200 — train start (lr=0.00614458, batches=15)
2026-08-05 02:36:35 INFO  scripts.synthetic_model_comparison.training.training_pipeline | epoch 88/200 — train done in 11.7s | avg loss_box=0.8437 loss_cls=0.6423 loss_dfl=0.0254 loss_total=94.9571
2026-08-05 02:36:35 INFO  scripts.synthetic_model_comparison.training.evaluation | evaluating on 4 batches
2026-08-05 02:36:41 INFO  scripts.synthetic_model_comparison.training.training_pipeline | epoch 88/200 — val mAP50=0.8582 mAP50_95=0.6529 (selection mAP50_95=0.6529)
2026-08-05 02:36:42 INFO  scripts.synthetic_model_comparison.training.evaluation | mlflow: logged val/mAP50=0.8582 val/mAP50_95=0.6529 (step=87)
2026-08-05 02:36:42 INFO  scripts.synthetic_model_comparison.training.evaluation | mlflow: logged val per-class AP table (12 classes)
2026-08-05 02:36:42 INFO  scripts.synthetic_model_comparison.training.training_pipeline | saved checkpoint: /home/debian/Master-Thesis/scripts/synthetic_model_comparison/training/model_exports/yolo26n-hidream-i1-maxlen-seed43-20260805-020722/last.pt
2026-08-05 02:36:42 INFO  scripts.synthetic_model_comparison.training.training_pipeline | epoch 88/200 done — next lr=0.00606688, epochs_since_improve=5/20
2026-08-05 02:36:42 INFO  scripts.synthetic_model_comparison.training.training_pipeline | epoch 89/200 — train start (lr=0.00606688, batches=15)
2026-08-05 02:36:54 INFO  scripts.synthetic_model_comparison.training.training_pipeline | epoch 89/200 — train done in 12.1s | avg loss_box=0.8326 loss_cls=0.6243 loss_dfl=0.0248 loss_total=93.9950
2026-08-05 02:36:54 INFO  scripts.synthetic_model_comparison.training.evaluation | evaluating on 4 batches
2026-08-05 02:37:00 INFO  scripts.synthetic_model_comparison.training.training_pipeline | epoch 89/200 — val mAP50=0.8588 mAP50_95=0.6488 (selection mAP50_95=0.6488)
2026-08-05 02:37:01 INFO  scripts.synthetic_model_comparison.training.evaluation | mlflow: logged val/mAP50=0.8588 val/mAP50_95=0.6488 (step=88)
2026-08-05 02:37:01 INFO  scripts.synthetic_model_comparison.training.evaluation | mlflow: logged val per-class AP table (12 classes)
2026-08-05 02:37:01 INFO  scripts.synthetic_model_comparison.training.training_pipeline | saved checkpoint: /home/debian/Master-Thesis/scripts/synthetic_model_comparison/training/model_exports/yolo26n-hidream-i1-maxlen-seed43-20260805-020722/last.pt
2026-08-05 02:37:02 INFO  scripts.synthetic_model_comparison.training.training_pipeline | epoch 89/200 done — next lr=0.00598891, epochs_since_improve=6/20
2026-08-05 02:37:02 INFO  scripts.synthetic_model_comparison.training.training_pipeline | epoch 90/200 — train start (lr=0.00598891, batches=15)
2026-08-05 02:37:13 INFO  scripts.synthetic_model_comparison.training.training_pipeline | epoch 90/200 — train done in 11.8s | avg loss_box=0.8318 loss_cls=0.6488 loss_dfl=0.0248 loss_total=94.8636
2026-08-05 02:37:13 INFO  scripts.synthetic_model_comparison.training.evaluation | evaluating on 4 batches
2026-08-05 02:37:20 INFO  scripts.synthetic_model_comparison.training.training_pipeline | epoch 90/200 — val mAP50=0.8269 mAP50_95=0.6331 (selection mAP50_95=0.6331)
2026-08-05 02:37:20 INFO  scripts.synthetic_model_comparison.training.evaluation | mlflow: logged val/mAP50=0.8269 val/mAP50_95=0.6331 (step=89)
2026-08-05 02:37:21 INFO  scripts.synthetic_model_comparison.training.evaluation | mlflow: logged val per-class AP table (12 classes)
2026-08-05 02:37:21 INFO  scripts.synthetic_model_comparison.training.training_pipeline | saved checkpoint: /home/debian/Master-Thesis/scripts/synthetic_model_comparison/training/model_exports/yolo26n-hidream-i1-maxlen-seed43-20260805-020722/last.pt
2026-08-05 02:37:21 INFO  scripts.synthetic_model_comparison.training.training_pipeline | epoch 90/200 done — next lr=0.0059107, epochs_since_improve=7/20
2026-08-05 02:37:21 INFO  scripts.synthetic_model_comparison.training.training_pipeline | epoch 91/200 — train start (lr=0.0059107, batches=15)
2026-08-05 02:37:27 INFO  scripts.synthetic_model_comparison.training.training_pipeline | step 1350 | loss_box=0.7638 loss_cls=0.7034 loss_dfl=0.0237 loss_total=93.7266 lr=0.00590547
2026-08-05 02:37:34 INFO  scripts.synthetic_model_comparison.training.training_pipeline | epoch 91/200 — train done in 13.5s | avg loss_box=0.8321 loss_cls=0.6464 loss_dfl=0.0252 loss_total=94.4664
2026-08-05 02:37:34 INFO  scripts.synthetic_model_comparison.training.evaluation | evaluating on 4 batches
2026-08-05 02:37:41 INFO  scripts.synthetic_model_comparison.training.training_pipeline | epoch 91/200 — val mAP50=0.8615 mAP50_95=0.6566 (selection mAP50_95=0.6566)
2026-08-05 02:37:41 INFO  scripts.synthetic_model_comparison.training.evaluation | mlflow: logged val/mAP50=0.8615 val/mAP50_95=0.6566 (step=90)
2026-08-05 02:37:42 INFO  scripts.synthetic_model_comparison.training.evaluation | mlflow: logged val per-class AP table (12 classes)
2026-08-05 02:37:42 INFO  scripts.synthetic_model_comparison.training.training_pipeline | saved checkpoint: /home/debian/Master-Thesis/scripts/synthetic_model_comparison/training/model_exports/yolo26n-hidream-i1-maxlen-seed43-20260805-020722/last.pt
2026-08-05 02:37:42 INFO  scripts.synthetic_model_comparison.training.training_pipeline | epoch 91/200 done — next lr=0.00583225, epochs_since_improve=8/20
2026-08-05 02:37:42 INFO  scripts.synthetic_model_comparison.training.training_pipeline | epoch 92/200 — train start (lr=0.00583225, batches=15)
2026-08-05 02:37:53 INFO  scripts.synthetic_model_comparison.training.training_pipeline | epoch 92/200 — train done in 11.3s | avg loss_box=0.8127 loss_cls=0.6249 loss_dfl=0.0242 loss_total=92.2568
2026-08-05 02:37:53 INFO  scripts.synthetic_model_comparison.training.evaluation | evaluating on 4 batches
2026-08-05 02:37:59 INFO  scripts.synthetic_model_comparison.training.training_pipeline | epoch 92/200 — val mAP50=0.8665 mAP50_95=0.6694 (selection mAP50_95=0.6694)
2026-08-05 02:38:00 INFO  scripts.synthetic_model_comparison.training.evaluation | mlflow: logged val/mAP50=0.8665 val/mAP50_95=0.6694 (step=91)
2026-08-05 02:38:00 INFO  scripts.synthetic_model_comparison.training.evaluation | mlflow: logged val per-class AP table (12 classes)
2026-08-05 02:38:00 INFO  scripts.synthetic_model_comparison.training.training_pipeline | saved checkpoint: /home/debian/Master-Thesis/scripts/synthetic_model_comparison/training/model_exports/yolo26n-hidream-i1-maxlen-seed43-20260805-020722/best.pt
2026-08-05 02:38:00 INFO  scripts.synthetic_model_comparison.training.training_pipeline | new best mAP50_95=0.6694 at epoch 92
2026-08-05 02:38:01 INFO  scripts.synthetic_model_comparison.training.training_pipeline | saved checkpoint: /home/debian/Master-Thesis/scripts/synthetic_model_comparison/training/model_exports/yolo26n-hidream-i1-maxlen-seed43-20260805-020722/last.pt
2026-08-05 02:38:01 INFO  scripts.synthetic_model_comparison.training.training_pipeline | epoch 92/200 done — next lr=0.00575359, epochs_since_improve=0/20
2026-08-05 02:38:01 INFO  scripts.synthetic_model_comparison.training.training_pipeline | epoch 93/200 — train start (lr=0.00575359, batches=15)
2026-08-05 02:38:13 INFO  scripts.synthetic_model_comparison.training.training_pipeline | epoch 93/200 — train done in 11.8s | avg loss_box=0.8150 loss_cls=0.6176 loss_dfl=0.0247 loss_total=91.8118
2026-08-05 02:38:13 INFO  scripts.synthetic_model_comparison.training.evaluation | evaluating on 4 batches
2026-08-05 02:38:19 INFO  scripts.synthetic_model_comparison.training.training_pipeline | epoch 93/200 — val mAP50=0.8630 mAP50_95=0.6753 (selection mAP50_95=0.6753)
2026-08-05 02:38:19 INFO  scripts.synthetic_model_comparison.training.evaluation | mlflow: logged val/mAP50=0.8630 val/mAP50_95=0.6753 (step=92)
2026-08-05 02:38:20 INFO  scripts.synthetic_model_comparison.training.evaluation | mlflow: logged val per-class AP table (12 classes)
2026-08-05 02:38:20 INFO  scripts.synthetic_model_comparison.training.training_pipeline | saved checkpoint: /home/debian/Master-Thesis/scripts/synthetic_model_comparison/training/model_exports/yolo26n-hidream-i1-maxlen-seed43-20260805-020722/best.pt
2026-08-05 02:38:20 INFO  scripts.synthetic_model_comparison.training.training_pipeline | new best mAP50_95=0.6753 at epoch 93
2026-08-05 02:38:20 INFO  scripts.synthetic_model_comparison.training.training_pipeline | saved checkpoint: /home/debian/Master-Thesis/scripts/synthetic_model_comparison/training/model_exports/yolo26n-hidream-i1-maxlen-seed43-20260805-020722/last.pt
2026-08-05 02:38:20 INFO  scripts.synthetic_model_comparison.training.training_pipeline | epoch 93/200 done — next lr=0.00567474, epochs_since_improve=0/20
2026-08-05 02:38:20 INFO  scripts.synthetic_model_comparison.training.training_pipeline | epoch 94/200 — train start (lr=0.00567474, batches=15)
2026-08-05 02:38:29 INFO  scripts.synthetic_model_comparison.training.training_pipeline | step 1400 | loss_box=0.8370 loss_cls=0.5706 loss_dfl=0.0255 loss_total=90.2261 lr=0.00564316
2026-08-05 02:38:34 INFO  scripts.synthetic_model_comparison.training.training_pipeline | epoch 94/200 — train done in 13.4s | avg loss_box=0.8081 loss_cls=0.6252 loss_dfl=0.0244 loss_total=91.4919
2026-08-05 02:38:34 INFO  scripts.synthetic_model_comparison.training.evaluation | evaluating on 4 batches
2026-08-05 02:38:40 INFO  scripts.synthetic_model_comparison.training.training_pipeline | epoch 94/200 — val mAP50=0.8756 mAP50_95=0.6818 (selection mAP50_95=0.6818)
2026-08-05 02:38:40 INFO  scripts.synthetic_model_comparison.training.evaluation | mlflow: logged val/mAP50=0.8756 val/mAP50_95=0.6818 (step=93)
2026-08-05 02:38:41 INFO  scripts.synthetic_model_comparison.training.evaluation | mlflow: logged val per-class AP table (12 classes)
2026-08-05 02:38:41 INFO  scripts.synthetic_model_comparison.training.training_pipeline | saved checkpoint: /home/debian/Master-Thesis/scripts/synthetic_model_comparison/training/model_exports/yolo26n-hidream-i1-maxlen-seed43-20260805-020722/best.pt
2026-08-05 02:38:41 INFO  scripts.synthetic_model_comparison.training.training_pipeline | new best mAP50_95=0.6818 at epoch 94
2026-08-05 02:38:41 INFO  scripts.synthetic_model_comparison.training.training_pipeline | saved checkpoint: /home/debian/Master-Thesis/scripts/synthetic_model_comparison/training/model_exports/yolo26n-hidream-i1-maxlen-seed43-20260805-020722/last.pt
2026-08-05 02:38:41 INFO  scripts.synthetic_model_comparison.training.training_pipeline | epoch 94/200 done — next lr=0.00559572, epochs_since_improve=0/20
2026-08-05 02:38:41 INFO  scripts.synthetic_model_comparison.training.training_pipeline | epoch 95/200 — train start (lr=0.00559572, batches=15)
2026-08-05 02:38:53 INFO  scripts.synthetic_model_comparison.training.training_pipeline | epoch 95/200 — train done in 11.8s | avg loss_box=0.7987 loss_cls=0.6031 loss_dfl=0.0240 loss_total=90.5880
2026-08-05 02:38:53 INFO  scripts.synthetic_model_comparison.training.evaluation | evaluating on 4 batches
2026-08-05 02:38:59 INFO  scripts.synthetic_model_comparison.training.training_pipeline | epoch 95/200 — val mAP50=0.8864 mAP50_95=0.6826 (selection mAP50_95=0.6826)
2026-08-05 02:39:00 INFO  scripts.synthetic_model_comparison.training.evaluation | mlflow: logged val/mAP50=0.8864 val/mAP50_95=0.6826 (step=94)
2026-08-05 02:39:00 INFO  scripts.synthetic_model_comparison.training.evaluation | mlflow: logged val per-class AP table (12 classes)
2026-08-05 02:39:00 INFO  scripts.synthetic_model_comparison.training.training_pipeline | saved checkpoint: /home/debian/Master-Thesis/scripts/synthetic_model_comparison/training/model_exports/yolo26n-hidream-i1-maxlen-seed43-20260805-020722/last.pt
2026-08-05 02:39:01 INFO  scripts.synthetic_model_comparison.training.training_pipeline | epoch 95/200 done — next lr=0.00551656, epochs_since_improve=1/20
2026-08-05 02:39:01 INFO  scripts.synthetic_model_comparison.training.training_pipeline | epoch 96/200 — train start (lr=0.00551656, batches=15)
2026-08-05 02:39:13 INFO  scripts.synthetic_model_comparison.training.training_pipeline | epoch 96/200 — train done in 11.9s | avg loss_box=0.7887 loss_cls=0.5529 loss_dfl=0.0233 loss_total=86.9276
2026-08-05 02:39:13 INFO  scripts.synthetic_model_comparison.training.evaluation | evaluating on 4 batches
2026-08-05 02:39:19 INFO  scripts.synthetic_model_comparison.training.training_pipeline | epoch 96/200 — val mAP50=0.8795 mAP50_95=0.6687 (selection mAP50_95=0.6687)
2026-08-05 02:39:19 INFO  scripts.synthetic_model_comparison.training.evaluation | mlflow: logged val/mAP50=0.8795 val/mAP50_95=0.6687 (step=95)
2026-08-05 02:39:20 INFO  scripts.synthetic_model_comparison.training.evaluation | mlflow: logged val per-class AP table (12 classes)
2026-08-05 02:39:20 INFO  scripts.synthetic_model_comparison.training.training_pipeline | saved checkpoint: /home/debian/Master-Thesis/scripts/synthetic_model_comparison/training/model_exports/yolo26n-hidream-i1-maxlen-seed43-20260805-020722/last.pt
2026-08-05 02:39:20 INFO  scripts.synthetic_model_comparison.training.training_pipeline | epoch 96/200 done — next lr=0.00543726, epochs_since_improve=2/20
2026-08-05 02:39:20 INFO  scripts.synthetic_model_comparison.training.training_pipeline | epoch 97/200 — train start (lr=0.00543726, batches=15)
2026-08-05 02:39:31 INFO  scripts.synthetic_model_comparison.training.training_pipeline | step 1450 | loss_box=0.8367 loss_cls=0.5579 loss_dfl=0.0231 loss_total=91.7650 lr=0.00537903
2026-08-05 02:39:34 INFO  scripts.synthetic_model_comparison.training.training_pipeline | epoch 97/200 — train done in 13.9s | avg loss_box=0.7937 loss_cls=0.5900 loss_dfl=0.0236 loss_total=89.0556
2026-08-05 02:39:34 INFO  scripts.synthetic_model_comparison.training.evaluation | evaluating on 4 batches
2026-08-05 02:39:40 INFO  scripts.synthetic_model_comparison.training.training_pipeline | epoch 97/200 — val mAP50=0.8859 mAP50_95=0.6993 (selection mAP50_95=0.6993)
2026-08-05 02:39:41 INFO  scripts.synthetic_model_comparison.training.evaluation | mlflow: logged val/mAP50=0.8859 val/mAP50_95=0.6993 (step=96)
2026-08-05 02:39:41 INFO  scripts.synthetic_model_comparison.training.evaluation | mlflow: logged val per-class AP table (12 classes)
2026-08-05 02:39:41 INFO  scripts.synthetic_model_comparison.training.training_pipeline | saved checkpoint: /home/debian/Master-Thesis/scripts/synthetic_model_comparison/training/model_exports/yolo26n-hidream-i1-maxlen-seed43-20260805-020722/best.pt
2026-08-05 02:39:41 INFO  scripts.synthetic_model_comparison.training.training_pipeline | new best mAP50_95=0.6993 at epoch 97
2026-08-05 02:39:41 INFO  scripts.synthetic_model_comparison.training.training_pipeline | saved checkpoint: /home/debian/Master-Thesis/scripts/synthetic_model_comparison/training/model_exports/yolo26n-hidream-i1-maxlen-seed43-20260805-020722/last.pt
2026-08-05 02:39:41 INFO  scripts.synthetic_model_comparison.training.training_pipeline | epoch 97/200 done — next lr=0.00535785, epochs_since_improve=0/20
2026-08-05 02:39:41 INFO  scripts.synthetic_model_comparison.training.training_pipeline | epoch 98/200 — train start (lr=0.00535785, batches=15)
2026-08-05 02:39:53 INFO  scripts.synthetic_model_comparison.training.training_pipeline | epoch 98/200 — train done in 11.7s | avg loss_box=0.8034 loss_cls=0.5680 loss_dfl=0.0240 loss_total=88.7186
2026-08-05 02:39:53 INFO  scripts.synthetic_model_comparison.training.evaluation | evaluating on 4 batches
2026-08-05 02:39:59 INFO  scripts.synthetic_model_comparison.training.training_pipeline | epoch 98/200 — val mAP50=0.8622 mAP50_95=0.6744 (selection mAP50_95=0.6744)
2026-08-05 02:40:00 INFO  scripts.synthetic_model_comparison.training.evaluation | mlflow: logged val/mAP50=0.8622 val/mAP50_95=0.6744 (step=97)
2026-08-05 02:40:00 INFO  scripts.synthetic_model_comparison.training.evaluation | mlflow: logged val per-class AP table (12 classes)
2026-08-05 02:40:00 INFO  scripts.synthetic_model_comparison.training.training_pipeline | saved checkpoint: /home/debian/Master-Thesis/scripts/synthetic_model_comparison/training/model_exports/yolo26n-hidream-i1-maxlen-seed43-20260805-020722/last.pt
2026-08-05 02:40:01 INFO  scripts.synthetic_model_comparison.training.training_pipeline | epoch 98/200 done — next lr=0.00527835, epochs_since_improve=1/20
2026-08-05 02:40:01 INFO  scripts.synthetic_model_comparison.training.training_pipeline | epoch 99/200 — train start (lr=0.00527835, batches=15)
2026-08-05 02:40:12 INFO  scripts.synthetic_model_comparison.training.training_pipeline | epoch 99/200 — train done in 11.4s | avg loss_box=0.7723 loss_cls=0.6107 loss_dfl=0.0226 loss_total=88.3804
2026-08-05 02:40:12 INFO  scripts.synthetic_model_comparison.training.evaluation | evaluating on 4 batches
2026-08-05 02:40:18 INFO  scripts.synthetic_model_comparison.training.training_pipeline | epoch 99/200 — val mAP50=0.8743 mAP50_95=0.6791 (selection mAP50_95=0.6791)
2026-08-05 02:40:19 INFO  scripts.synthetic_model_comparison.training.evaluation | mlflow: logged val/mAP50=0.8743 val/mAP50_95=0.6791 (step=98)
2026-08-05 02:40:19 INFO  scripts.synthetic_model_comparison.training.evaluation | mlflow: logged val per-class AP table (12 classes)
2026-08-05 02:40:19 INFO  scripts.synthetic_model_comparison.training.training_pipeline | saved checkpoint: /home/debian/Master-Thesis/scripts/synthetic_model_comparison/training/model_exports/yolo26n-hidream-i1-maxlen-seed43-20260805-020722/last.pt
2026-08-05 02:40:20 INFO  scripts.synthetic_model_comparison.training.training_pipeline | epoch 99/200 done — next lr=0.00519878, epochs_since_improve=2/20
2026-08-05 02:40:20 INFO  scripts.synthetic_model_comparison.training.training_pipeline | epoch 100/200 — train start (lr=0.00519878, batches=15)
2026-08-05 02:40:31 INFO  scripts.synthetic_model_comparison.training.training_pipeline | epoch 100/200 — train done in 11.8s | avg loss_box=0.7672 loss_cls=0.5909 loss_dfl=0.0229 loss_total=87.4873
2026-08-05 02:40:31 INFO  scripts.synthetic_model_comparison.training.evaluation | evaluating on 4 batches
2026-08-05 02:40:38 INFO  scripts.synthetic_model_comparison.training.training_pipeline | epoch 100/200 — val mAP50=0.8741 mAP50_95=0.6906 (selection mAP50_95=0.6906)
2026-08-05 02:40:38 INFO  scripts.synthetic_model_comparison.training.evaluation | mlflow: logged val/mAP50=0.8741 val/mAP50_95=0.6906 (step=99)
2026-08-05 02:40:39 INFO  scripts.synthetic_model_comparison.training.evaluation | mlflow: logged val per-class AP table (12 classes)
2026-08-05 02:40:39 INFO  scripts.synthetic_model_comparison.training.training_pipeline | saved checkpoint: /home/debian/Master-Thesis/scripts/synthetic_model_comparison/training/model_exports/yolo26n-hidream-i1-maxlen-seed43-20260805-020722/last.pt
2026-08-05 02:40:39 INFO  scripts.synthetic_model_comparison.training.training_pipeline | epoch 100/200 done — next lr=0.00511916, epochs_since_improve=3/20
2026-08-05 02:40:39 INFO  scripts.synthetic_model_comparison.training.training_pipeline | epoch 101/200 — train start (lr=0.00511916, batches=15)
2026-08-05 02:40:45 INFO  scripts.synthetic_model_comparison.training.training_pipeline | step 1500 | loss_box=0.7452 loss_cls=0.5714 loss_dfl=0.0230 loss_total=86.2434 lr=0.00511385
2026-08-05 02:40:52 INFO  scripts.synthetic_model_comparison.training.training_pipeline | epoch 101/200 — train done in 13.1s | avg loss_box=0.7487 loss_cls=0.5545 loss_dfl=0.0218 loss_total=84.0620
2026-08-05 02:40:52 INFO  scripts.synthetic_model_comparison.training.evaluation | evaluating on 4 batches
2026-08-05 02:40:58 INFO  scripts.synthetic_model_comparison.training.training_pipeline | epoch 101/200 — val mAP50=0.8765 mAP50_95=0.6740 (selection mAP50_95=0.6740)
2026-08-05 02:40:59 INFO  scripts.synthetic_model_comparison.training.evaluation | mlflow: logged val/mAP50=0.8765 val/mAP50_95=0.6740 (step=100)
2026-08-05 02:40:59 INFO  scripts.synthetic_model_comparison.training.evaluation | mlflow: logged val per-class AP table (12 classes)
2026-08-05 02:40:59 INFO  scripts.synthetic_model_comparison.training.training_pipeline | saved checkpoint: /home/debian/Master-Thesis/scripts/synthetic_model_comparison/training/model_exports/yolo26n-hidream-i1-maxlen-seed43-20260805-020722/last.pt
2026-08-05 02:41:00 INFO  scripts.synthetic_model_comparison.training.training_pipeline | epoch 101/200 done — next lr=0.00503952, epochs_since_improve=4/20
2026-08-05 02:41:00 INFO  scripts.synthetic_model_comparison.training.training_pipeline | epoch 102/200 — train start (lr=0.00503952, batches=15)
2026-08-05 02:41:12 INFO  scripts.synthetic_model_comparison.training.training_pipeline | epoch 102/200 — train done in 11.8s | avg loss_box=0.7505 loss_cls=0.5461 loss_dfl=0.0225 loss_total=83.6056
2026-08-05 02:41:12 INFO  scripts.synthetic_model_comparison.training.evaluation | evaluating on 4 batches
2026-08-05 02:41:17 INFO  scripts.synthetic_model_comparison.training.training_pipeline | epoch 102/200 — val mAP50=0.8755 mAP50_95=0.6984 (selection mAP50_95=0.6984)
2026-08-05 02:41:18 INFO  scripts.synthetic_model_comparison.training.evaluation | mlflow: logged val/mAP50=0.8755 val/mAP50_95=0.6984 (step=101)
2026-08-05 02:41:18 INFO  scripts.synthetic_model_comparison.training.evaluation | mlflow: logged val per-class AP table (12 classes)
2026-08-05 02:41:19 INFO  scripts.synthetic_model_comparison.training.training_pipeline | saved checkpoint: /home/debian/Master-Thesis/scripts/synthetic_model_comparison/training/model_exports/yolo26n-hidream-i1-maxlen-seed43-20260805-020722/last.pt
2026-08-05 02:41:19 INFO  scripts.synthetic_model_comparison.training.training_pipeline | epoch 102/200 done — next lr=0.00495986, epochs_since_improve=5/20
2026-08-05 02:41:19 INFO  scripts.synthetic_model_comparison.training.training_pipeline | epoch 103/200 — train start (lr=0.00495986, batches=15)
2026-08-05 02:41:31 INFO  scripts.synthetic_model_comparison.training.training_pipeline | epoch 103/200 — train done in 12.1s | avg loss_box=0.7654 loss_cls=0.5424 loss_dfl=0.0230 loss_total=84.4767
2026-08-05 02:41:31 INFO  scripts.synthetic_model_comparison.training.evaluation | evaluating on 4 batches
2026-08-05 02:41:37 INFO  scripts.synthetic_model_comparison.training.training_pipeline | epoch 103/200 — val mAP50=0.8850 mAP50_95=0.6886 (selection mAP50_95=0.6886)
2026-08-05 02:41:38 INFO  scripts.synthetic_model_comparison.training.evaluation | mlflow: logged val/mAP50=0.8850 val/mAP50_95=0.6886 (step=102)
2026-08-05 02:41:38 INFO  scripts.synthetic_model_comparison.training.evaluation | mlflow: logged val per-class AP table (12 classes)
2026-08-05 02:41:38 INFO  scripts.synthetic_model_comparison.training.training_pipeline | saved checkpoint: /home/debian/Master-Thesis/scripts/synthetic_model_comparison/training/model_exports/yolo26n-hidream-i1-maxlen-seed43-20260805-020722/last.pt
2026-08-05 02:41:39 INFO  scripts.synthetic_model_comparison.training.training_pipeline | epoch 103/200 done — next lr=0.00488022, epochs_since_improve=6/20
2026-08-05 02:41:39 INFO  scripts.synthetic_model_comparison.training.training_pipeline | epoch 104/200 — train start (lr=0.00488022, batches=15)
2026-08-05 02:41:47 INFO  scripts.synthetic_model_comparison.training.training_pipeline | step 1550 | loss_box=0.7968 loss_cls=0.5032 loss_dfl=0.0232 loss_total=83.3127 lr=0.00484837
2026-08-05 02:41:52 INFO  scripts.synthetic_model_comparison.training.training_pipeline | epoch 104/200 — train done in 13.7s | avg loss_box=0.7362 loss_cls=0.5400 loss_dfl=0.0218 loss_total=82.0398
2026-08-05 02:41:52 INFO  scripts.synthetic_model_comparison.training.evaluation | evaluating on 4 batches
2026-08-05 02:41:58 INFO  scripts.synthetic_model_comparison.training.training_pipeline | epoch 104/200 — val mAP50=0.8764 mAP50_95=0.6963 (selection mAP50_95=0.6963)
2026-08-05 02:41:59 INFO  scripts.synthetic_model_comparison.training.evaluation | mlflow: logged val/mAP50=0.8764 val/mAP50_95=0.6963 (step=103)
2026-08-05 02:41:59 INFO  scripts.synthetic_model_comparison.training.evaluation | mlflow: logged val per-class AP table (12 classes)
2026-08-05 02:41:59 INFO  scripts.synthetic_model_comparison.training.training_pipeline | saved checkpoint: /home/debian/Master-Thesis/scripts/synthetic_model_comparison/training/model_exports/yolo26n-hidream-i1-maxlen-seed43-20260805-020722/last.pt
2026-08-05 02:42:00 INFO  scripts.synthetic_model_comparison.training.training_pipeline | epoch 104/200 done — next lr=0.00480061, epochs_since_improve=7/20
2026-08-05 02:42:00 INFO  scripts.synthetic_model_comparison.training.training_pipeline | epoch 105/200 — train start (lr=0.00480061, batches=15)
2026-08-05 02:42:11 INFO  scripts.synthetic_model_comparison.training.training_pipeline | epoch 105/200 — train done in 11.6s | avg loss_box=0.7257 loss_cls=0.5518 loss_dfl=0.0214 loss_total=82.1971
2026-08-05 02:42:11 INFO  scripts.synthetic_model_comparison.training.evaluation | evaluating on 4 batches
2026-08-05 02:42:17 INFO  scripts.synthetic_model_comparison.training.training_pipeline | epoch 105/200 — val mAP50=0.8447 mAP50_95=0.6599 (selection mAP50_95=0.6599)
2026-08-05 02:42:18 INFO  scripts.synthetic_model_comparison.training.evaluation | mlflow: logged val/mAP50=0.8447 val/mAP50_95=0.6599 (step=104)
2026-08-05 02:42:18 INFO  scripts.synthetic_model_comparison.training.evaluation | mlflow: logged val per-class AP table (12 classes)
2026-08-05 02:42:18 INFO  scripts.synthetic_model_comparison.training.training_pipeline | saved checkpoint: /home/debian/Master-Thesis/scripts/synthetic_model_comparison/training/model_exports/yolo26n-hidream-i1-maxlen-seed43-20260805-020722/last.pt
2026-08-05 02:42:19 INFO  scripts.synthetic_model_comparison.training.training_pipeline | epoch 105/200 done — next lr=0.00472105, epochs_since_improve=8/20
2026-08-05 02:42:19 INFO  scripts.synthetic_model_comparison.training.training_pipeline | epoch 106/200 — train start (lr=0.00472105, batches=15)
2026-08-05 02:42:31 INFO  scripts.synthetic_model_comparison.training.training_pipeline | epoch 106/200 — train done in 12.0s | avg loss_box=0.7254 loss_cls=0.5268 loss_dfl=0.0214 loss_total=80.7311
2026-08-05 02:42:31 INFO  scripts.synthetic_model_comparison.training.evaluation | evaluating on 4 batches
2026-08-05 02:42:37 INFO  scripts.synthetic_model_comparison.training.training_pipeline | epoch 106/200 — val mAP50=0.8754 mAP50_95=0.6981 (selection mAP50_95=0.6981)
2026-08-05 02:42:37 INFO  scripts.synthetic_model_comparison.training.evaluation | mlflow: logged val/mAP50=0.8754 val/mAP50_95=0.6981 (step=105)
2026-08-05 02:42:38 INFO  scripts.synthetic_model_comparison.training.evaluation | mlflow: logged val per-class AP table (12 classes)
2026-08-05 02:42:38 INFO  scripts.synthetic_model_comparison.training.training_pipeline | saved checkpoint: /home/debian/Master-Thesis/scripts/synthetic_model_comparison/training/model_exports/yolo26n-hidream-i1-maxlen-seed43-20260805-020722/last.pt
2026-08-05 02:42:38 INFO  scripts.synthetic_model_comparison.training.training_pipeline | epoch 106/200 done — next lr=0.00464156, epochs_since_improve=9/20
2026-08-05 02:42:38 INFO  scripts.synthetic_model_comparison.training.training_pipeline | epoch 107/200 — train start (lr=0.00464156, batches=15)
2026-08-05 02:42:48 INFO  scripts.synthetic_model_comparison.training.training_pipeline | step 1600 | loss_box=0.8043 loss_cls=0.5423 loss_dfl=0.0237 loss_total=84.4528 lr=0.00458333
2026-08-05 02:42:51 INFO  scripts.synthetic_model_comparison.training.training_pipeline | epoch 107/200 — train done in 13.2s | avg loss_box=0.7472 loss_cls=0.5291 loss_dfl=0.0222 loss_total=81.8996
2026-08-05 02:42:51 INFO  scripts.synthetic_model_comparison.training.evaluation | evaluating on 4 batches
2026-08-05 02:42:57 INFO  scripts.synthetic_model_comparison.training.training_pipeline | epoch 107/200 — val mAP50=0.7805 mAP50_95=0.4956 (selection mAP50_95=0.4956)
2026-08-05 02:42:58 INFO  scripts.synthetic_model_comparison.training.evaluation | mlflow: logged val/mAP50=0.7805 val/mAP50_95=0.4956 (step=106)
2026-08-05 02:42:58 INFO  scripts.synthetic_model_comparison.training.evaluation | mlflow: logged val per-class AP table (12 classes)
2026-08-05 02:42:58 INFO  scripts.synthetic_model_comparison.training.training_pipeline | saved checkpoint: /home/debian/Master-Thesis/scripts/synthetic_model_comparison/training/model_exports/yolo26n-hidream-i1-maxlen-seed43-20260805-020722/last.pt
2026-08-05 02:42:59 INFO  scripts.synthetic_model_comparison.training.training_pipeline | epoch 107/200 done — next lr=0.00456216, epochs_since_improve=10/20
2026-08-05 02:42:59 INFO  scripts.synthetic_model_comparison.training.training_pipeline | epoch 108/200 — train start (lr=0.00456216, batches=15)
2026-08-05 02:43:11 INFO  scripts.synthetic_model_comparison.training.training_pipeline | epoch 108/200 — train done in 11.9s | avg loss_box=0.7303 loss_cls=0.5463 loss_dfl=0.0221 loss_total=82.1605
2026-08-05 02:43:11 INFO  scripts.synthetic_model_comparison.training.evaluation | evaluating on 4 batches
2026-08-05 02:43:17 INFO  scripts.synthetic_model_comparison.training.training_pipeline | epoch 108/200 — val mAP50=0.8829 mAP50_95=0.6898 (selection mAP50_95=0.6898)
2026-08-05 02:43:17 INFO  scripts.synthetic_model_comparison.training.evaluation | mlflow: logged val/mAP50=0.8829 val/mAP50_95=0.6898 (step=107)
2026-08-05 02:43:18 INFO  scripts.synthetic_model_comparison.training.evaluation | mlflow: logged val per-class AP table (12 classes)
2026-08-05 02:43:18 INFO  scripts.synthetic_model_comparison.training.training_pipeline | saved checkpoint: /home/debian/Master-Thesis/scripts/synthetic_model_comparison/training/model_exports/yolo26n-hidream-i1-maxlen-seed43-20260805-020722/last.pt
2026-08-05 02:43:18 INFO  scripts.synthetic_model_comparison.training.training_pipeline | epoch 108/200 done — next lr=0.00448288, epochs_since_improve=11/20
2026-08-05 02:43:18 INFO  scripts.synthetic_model_comparison.training.training_pipeline | epoch 109/200 — train start (lr=0.00448288, batches=15)
2026-08-05 02:43:30 INFO  scripts.synthetic_model_comparison.training.training_pipeline | epoch 109/200 — train done in 12.2s | avg loss_box=0.7338 loss_cls=0.5107 loss_dfl=0.0213 loss_total=80.8153
2026-08-05 02:43:30 INFO  scripts.synthetic_model_comparison.training.evaluation | evaluating on 4 batches
2026-08-05 02:43:37 INFO  scripts.synthetic_model_comparison.training.training_pipeline | epoch 109/200 — val mAP50=0.8950 mAP50_95=0.7091 (selection mAP50_95=0.7091)
2026-08-05 02:43:37 INFO  scripts.synthetic_model_comparison.training.evaluation | mlflow: logged val/mAP50=0.8950 val/mAP50_95=0.7091 (step=108)
2026-08-05 02:43:38 INFO  scripts.synthetic_model_comparison.training.evaluation | mlflow: logged val per-class AP table (12 classes)
2026-08-05 02:43:38 INFO  scripts.synthetic_model_comparison.training.training_pipeline | saved checkpoint: /home/debian/Master-Thesis/scripts/synthetic_model_comparison/training/model_exports/yolo26n-hidream-i1-maxlen-seed43-20260805-020722/best.pt
2026-08-05 02:43:38 INFO  scripts.synthetic_model_comparison.training.training_pipeline | new best mAP50_95=0.7091 at epoch 109
2026-08-05 02:43:38 INFO  scripts.synthetic_model_comparison.training.training_pipeline | saved checkpoint: /home/debian/Master-Thesis/scripts/synthetic_model_comparison/training/model_exports/yolo26n-hidream-i1-maxlen-seed43-20260805-020722/last.pt
2026-08-05 02:43:38 INFO  scripts.synthetic_model_comparison.training.training_pipeline | epoch 109/200 done — next lr=0.00440373, epochs_since_improve=0/20
2026-08-05 02:43:38 INFO  scripts.synthetic_model_comparison.training.training_pipeline | epoch 110/200 — train start (lr=0.00440373, batches=15)
2026-08-05 02:43:50 INFO  scripts.synthetic_model_comparison.training.training_pipeline | epoch 110/200 — train done in 12.0s | avg loss_box=0.7161 loss_cls=0.4986 loss_dfl=0.0206 loss_total=78.9774
2026-08-05 02:43:50 INFO  scripts.synthetic_model_comparison.training.evaluation | evaluating on 4 batches
2026-08-05 02:43:56 INFO  scripts.synthetic_model_comparison.training.training_pipeline | epoch 110/200 — val mAP50=0.8998 mAP50_95=0.7106 (selection mAP50_95=0.7106)
2026-08-05 02:43:57 INFO  scripts.synthetic_model_comparison.training.evaluation | mlflow: logged val/mAP50=0.8998 val/mAP50_95=0.7106 (step=109)
2026-08-05 02:43:57 INFO  scripts.synthetic_model_comparison.training.evaluation | mlflow: logged val per-class AP table (12 classes)
2026-08-05 02:43:57 INFO  scripts.synthetic_model_comparison.training.training_pipeline | saved checkpoint: /home/debian/Master-Thesis/scripts/synthetic_model_comparison/training/model_exports/yolo26n-hidream-i1-maxlen-seed43-20260805-020722/best.pt
2026-08-05 02:43:57 INFO  scripts.synthetic_model_comparison.training.training_pipeline | new best mAP50_95=0.7106 at epoch 110
2026-08-05 02:43:57 INFO  scripts.synthetic_model_comparison.training.training_pipeline | saved checkpoint: /home/debian/Master-Thesis/scripts/synthetic_model_comparison/training/model_exports/yolo26n-hidream-i1-maxlen-seed43-20260805-020722/last.pt
2026-08-05 02:43:58 INFO  scripts.synthetic_model_comparison.training.training_pipeline | epoch 110/200 done — next lr=0.00432473, epochs_since_improve=0/20
2026-08-05 02:43:58 INFO  scripts.synthetic_model_comparison.training.training_pipeline | epoch 111/200 — train start (lr=0.00432473, batches=15)
2026-08-05 02:44:04 INFO  scripts.synthetic_model_comparison.training.training_pipeline | step 1650 | loss_box=0.7053 loss_cls=0.4942 loss_dfl=0.0201 loss_total=77.6754 lr=0.00431947
2026-08-05 02:44:11 INFO  scripts.synthetic_model_comparison.training.training_pipeline | epoch 111/200 — train done in 13.5s | avg loss_box=0.7166 loss_cls=0.5026 loss_dfl=0.0216 loss_total=78.5176
2026-08-05 02:44:11 INFO  scripts.synthetic_model_comparison.training.evaluation | evaluating on 4 batches
2026-08-05 02:44:17 INFO  scripts.synthetic_model_comparison.training.training_pipeline | epoch 111/200 — val mAP50=0.8798 mAP50_95=0.6950 (selection mAP50_95=0.6950)
2026-08-05 02:44:18 INFO  scripts.synthetic_model_comparison.training.evaluation | mlflow: logged val/mAP50=0.8798 val/mAP50_95=0.6950 (step=110)
2026-08-05 02:44:18 INFO  scripts.synthetic_model_comparison.training.evaluation | mlflow: logged val per-class AP table (12 classes)
2026-08-05 02:44:18 INFO  scripts.synthetic_model_comparison.training.training_pipeline | saved checkpoint: /home/debian/Master-Thesis/scripts/synthetic_model_comparison/training/model_exports/yolo26n-hidream-i1-maxlen-seed43-20260805-020722/last.pt
2026-08-05 02:44:19 INFO  scripts.synthetic_model_comparison.training.training_pipeline | epoch 111/200 done — next lr=0.00424591, epochs_since_improve=1/20
2026-08-05 02:44:19 INFO  scripts.synthetic_model_comparison.training.training_pipeline | epoch 112/200 — train start (lr=0.00424591, batches=15)
2026-08-05 02:44:30 INFO  scripts.synthetic_model_comparison.training.training_pipeline | epoch 112/200 — train done in 11.5s | avg loss_box=0.6809 loss_cls=0.4861 loss_dfl=0.0199 loss_total=75.7986
2026-08-05 02:44:30 INFO  scripts.synthetic_model_comparison.training.evaluation | evaluating on 4 batches
2026-08-05 02:44:36 INFO  scripts.synthetic_model_comparison.training.training_pipeline | epoch 112/200 — val mAP50=0.8987 mAP50_95=0.7142 (selection mAP50_95=0.7142)
2026-08-05 02:44:37 INFO  scripts.synthetic_model_comparison.training.evaluation | mlflow: logged val/mAP50=0.8987 val/mAP50_95=0.7142 (step=111)
2026-08-05 02:44:37 INFO  scripts.synthetic_model_comparison.training.evaluation | mlflow: logged val per-class AP table (12 classes)
2026-08-05 02:44:37 INFO  scripts.synthetic_model_comparison.training.training_pipeline | saved checkpoint: /home/debian/Master-Thesis/scripts/synthetic_model_comparison/training/model_exports/yolo26n-hidream-i1-maxlen-seed43-20260805-020722/best.pt
2026-08-05 02:44:37 INFO  scripts.synthetic_model_comparison.training.training_pipeline | new best mAP50_95=0.7142 at epoch 112
2026-08-05 02:44:37 INFO  scripts.synthetic_model_comparison.training.training_pipeline | saved checkpoint: /home/debian/Master-Thesis/scripts/synthetic_model_comparison/training/model_exports/yolo26n-hidream-i1-maxlen-seed43-20260805-020722/last.pt
2026-08-05 02:44:38 INFO  scripts.synthetic_model_comparison.training.training_pipeline | epoch 112/200 done — next lr=0.00416728, epochs_since_improve=0/20
2026-08-05 02:44:38 INFO  scripts.synthetic_model_comparison.training.training_pipeline | epoch 113/200 — train start (lr=0.00416728, batches=15)
2026-08-05 02:44:49 INFO  scripts.synthetic_model_comparison.training.training_pipeline | epoch 113/200 — train done in 11.7s | avg loss_box=0.6856 loss_cls=0.4675 loss_dfl=0.0206 loss_total=75.0435
2026-08-05 02:44:50 INFO  scripts.synthetic_model_comparison.training.evaluation | evaluating on 4 batches
2026-08-05 02:44:56 INFO  scripts.synthetic_model_comparison.training.training_pipeline | epoch 113/200 — val mAP50=0.8923 mAP50_95=0.7148 (selection mAP50_95=0.7148)
2026-08-05 02:44:56 INFO  scripts.synthetic_model_comparison.training.evaluation | mlflow: logged val/mAP50=0.8923 val/mAP50_95=0.7148 (step=112)
2026-08-05 02:44:57 INFO  scripts.synthetic_model_comparison.training.evaluation | mlflow: logged val per-class AP table (12 classes)
2026-08-05 02:44:57 INFO  scripts.synthetic_model_comparison.training.training_pipeline | saved checkpoint: /home/debian/Master-Thesis/scripts/synthetic_model_comparison/training/model_exports/yolo26n-hidream-i1-maxlen-seed43-20260805-020722/last.pt
2026-08-05 02:44:57 INFO  scripts.synthetic_model_comparison.training.training_pipeline | epoch 113/200 done — next lr=0.00408886, epochs_since_improve=1/20
2026-08-05 02:44:57 INFO  scripts.synthetic_model_comparison.training.training_pipeline | epoch 114/200 — train start (lr=0.00408886, batches=15)
2026-08-05 02:45:06 INFO  scripts.synthetic_model_comparison.training.training_pipeline | step 1700 | loss_box=0.7807 loss_cls=0.5720 loss_dfl=0.0222 loss_total=85.3222 lr=0.00405756
2026-08-05 02:45:11 INFO  scripts.synthetic_model_comparison.training.training_pipeline | epoch 114/200 — train done in 13.5s | avg loss_box=0.6901 loss_cls=0.4793 loss_dfl=0.0205 loss_total=75.1182
2026-08-05 02:45:11 INFO  scripts.synthetic_model_comparison.training.evaluation | evaluating on 4 batches
2026-08-05 02:45:17 INFO  scripts.synthetic_model_comparison.training.training_pipeline | epoch 114/200 — val mAP50=0.8990 mAP50_95=0.7156 (selection mAP50_95=0.7156)
2026-08-05 02:45:17 INFO  scripts.synthetic_model_comparison.training.evaluation | mlflow: logged val/mAP50=0.8990 val/mAP50_95=0.7156 (step=113)
2026-08-05 02:45:18 INFO  scripts.synthetic_model_comparison.training.evaluation | mlflow: logged val per-class AP table (12 classes)
2026-08-05 02:45:18 INFO  scripts.synthetic_model_comparison.training.training_pipeline | saved checkpoint: /home/debian/Master-Thesis/scripts/synthetic_model_comparison/training/model_exports/yolo26n-hidream-i1-maxlen-seed43-20260805-020722/best.pt
2026-08-05 02:45:18 INFO  scripts.synthetic_model_comparison.training.training_pipeline | new best mAP50_95=0.7156 at epoch 114
2026-08-05 02:45:18 INFO  scripts.synthetic_model_comparison.training.training_pipeline | saved checkpoint: /home/debian/Master-Thesis/scripts/synthetic_model_comparison/training/model_exports/yolo26n-hidream-i1-maxlen-seed43-20260805-020722/last.pt
2026-08-05 02:45:18 INFO  scripts.synthetic_model_comparison.training.training_pipeline | epoch 114/200 done — next lr=0.00401067, epochs_since_improve=0/20
2026-08-05 02:45:18 INFO  scripts.synthetic_model_comparison.training.training_pipeline | epoch 115/200 — train start (lr=0.00401067, batches=15)
2026-08-05 02:45:30 INFO  scripts.synthetic_model_comparison.training.training_pipeline | epoch 115/200 — train done in 12.2s | avg loss_box=0.6825 loss_cls=0.4625 loss_dfl=0.0199 loss_total=74.4918
2026-08-05 02:45:30 INFO  scripts.synthetic_model_comparison.training.evaluation | evaluating on 4 batches
2026-08-05 02:45:36 INFO  scripts.synthetic_model_comparison.training.training_pipeline | epoch 115/200 — val mAP50=0.8651 mAP50_95=0.6904 (selection mAP50_95=0.6904)
2026-08-05 02:45:37 INFO  scripts.synthetic_model_comparison.training.evaluation | mlflow: logged val/mAP50=0.8651 val/mAP50_95=0.6904 (step=114)
2026-08-05 02:45:37 INFO  scripts.synthetic_model_comparison.training.evaluation | mlflow: logged val per-class AP table (12 classes)
2026-08-05 02:45:37 INFO  scripts.synthetic_model_comparison.training.training_pipeline | saved checkpoint: /home/debian/Master-Thesis/scripts/synthetic_model_comparison/training/model_exports/yolo26n-hidream-i1-maxlen-seed43-20260805-020722/last.pt
2026-08-05 02:45:38 INFO  scripts.synthetic_model_comparison.training.training_pipeline | epoch 115/200 done — next lr=0.00393274, epochs_since_improve=1/20
2026-08-05 02:45:38 INFO  scripts.synthetic_model_comparison.training.training_pipeline | epoch 116/200 — train start (lr=0.00393274, batches=15)
2026-08-05 02:45:49 INFO  scripts.synthetic_model_comparison.training.training_pipeline | epoch 116/200 — train done in 11.5s | avg loss_box=0.6836 loss_cls=0.4574 loss_dfl=0.0204 loss_total=73.9774
2026-08-05 02:45:49 INFO  scripts.synthetic_model_comparison.training.evaluation | evaluating on 4 batches
2026-08-05 02:45:55 INFO  scripts.synthetic_model_comparison.training.training_pipeline | epoch 116/200 — val mAP50=0.8861 mAP50_95=0.7106 (selection mAP50_95=0.7106)
2026-08-05 02:45:56 INFO  scripts.synthetic_model_comparison.training.evaluation | mlflow: logged val/mAP50=0.8861 val/mAP50_95=0.7106 (step=115)
2026-08-05 02:45:56 INFO  scripts.synthetic_model_comparison.training.evaluation | mlflow: logged val per-class AP table (12 classes)
2026-08-05 02:45:56 INFO  scripts.synthetic_model_comparison.training.training_pipeline | saved checkpoint: /home/debian/Master-Thesis/scripts/synthetic_model_comparison/training/model_exports/yolo26n-hidream-i1-maxlen-seed43-20260805-020722/last.pt
2026-08-05 02:45:57 INFO  scripts.synthetic_model_comparison.training.training_pipeline | epoch 116/200 done — next lr=0.00385508, epochs_since_improve=2/20
2026-08-05 02:45:57 INFO  scripts.synthetic_model_comparison.training.training_pipeline | epoch 117/200 — train start (lr=0.00385508, batches=15)
2026-08-05 02:46:07 INFO  scripts.synthetic_model_comparison.training.training_pipeline | step 1750 | loss_box=0.9046 loss_cls=0.4071 loss_dfl=0.0278 loss_total=86.0426 lr=0.00379832
2026-08-05 02:46:10 INFO  scripts.synthetic_model_comparison.training.training_pipeline | epoch 117/200 — train done in 13.3s | avg loss_box=0.6960 loss_cls=0.4795 loss_dfl=0.0204 loss_total=76.0831
2026-08-05 02:46:10 INFO  scripts.synthetic_model_comparison.training.evaluation | evaluating on 4 batches
2026-08-05 02:46:16 INFO  scripts.synthetic_model_comparison.training.training_pipeline | epoch 117/200 — val mAP50=0.8948 mAP50_95=0.7037 (selection mAP50_95=0.7037)
2026-08-05 02:46:17 INFO  scripts.synthetic_model_comparison.training.evaluation | mlflow: logged val/mAP50=0.8948 val/mAP50_95=0.7037 (step=116)
2026-08-05 02:46:17 INFO  scripts.synthetic_model_comparison.training.evaluation | mlflow: logged val per-class AP table (12 classes)
2026-08-05 02:46:17 INFO  scripts.synthetic_model_comparison.training.training_pipeline | saved checkpoint: /home/debian/Master-Thesis/scripts/synthetic_model_comparison/training/model_exports/yolo26n-hidream-i1-maxlen-seed43-20260805-020722/last.pt
2026-08-05 02:46:18 INFO  scripts.synthetic_model_comparison.training.training_pipeline | epoch 117/200 done — next lr=0.00377772, epochs_since_improve=3/20
2026-08-05 02:46:18 INFO  scripts.synthetic_model_comparison.training.training_pipeline | epoch 118/200 — train start (lr=0.00377772, batches=15)
2026-08-05 02:46:29 INFO  scripts.synthetic_model_comparison.training.training_pipeline | epoch 118/200 — train done in 11.8s | avg loss_box=0.6716 loss_cls=0.4434 loss_dfl=0.0203 loss_total=72.8002
2026-08-05 02:46:29 INFO  scripts.synthetic_model_comparison.training.evaluation | evaluating on 4 batches
2026-08-05 02:46:36 INFO  scripts.synthetic_model_comparison.training.training_pipeline | epoch 118/200 — val mAP50=0.9004 mAP50_95=0.7131 (selection mAP50_95=0.7131)
2026-08-05 02:46:36 INFO  scripts.synthetic_model_comparison.training.evaluation | mlflow: logged val/mAP50=0.9004 val/mAP50_95=0.7131 (step=117)
2026-08-05 02:46:37 INFO  scripts.synthetic_model_comparison.training.evaluation | mlflow: logged val per-class AP table (12 classes)
2026-08-05 02:46:37 INFO  scripts.synthetic_model_comparison.training.training_pipeline | saved checkpoint: /home/debian/Master-Thesis/scripts/synthetic_model_comparison/training/model_exports/yolo26n-hidream-i1-maxlen-seed43-20260805-020722/last.pt
2026-08-05 02:46:37 INFO  scripts.synthetic_model_comparison.training.training_pipeline | epoch 118/200 done — next lr=0.00370066, epochs_since_improve=4/20
2026-08-05 02:46:37 INFO  scripts.synthetic_model_comparison.training.training_pipeline | epoch 119/200 — train start (lr=0.00370066, batches=15)
2026-08-05 02:46:49 INFO  scripts.synthetic_model_comparison.training.training_pipeline | epoch 119/200 — train done in 11.8s | avg loss_box=0.6792 loss_cls=0.4206 loss_dfl=0.0201 loss_total=72.1489
2026-08-05 02:46:49 INFO  scripts.synthetic_model_comparison.training.evaluation | evaluating on 4 batches
2026-08-05 02:46:55 INFO  scripts.synthetic_model_comparison.training.training_pipeline | epoch 119/200 — val mAP50=0.9086 mAP50_95=0.7228 (selection mAP50_95=0.7228)
2026-08-05 02:46:56 INFO  scripts.synthetic_model_comparison.training.evaluation | mlflow: logged val/mAP50=0.9086 val/mAP50_95=0.7228 (step=118)
2026-08-05 02:46:56 INFO  scripts.synthetic_model_comparison.training.evaluation | mlflow: logged val per-class AP table (12 classes)
2026-08-05 02:46:56 INFO  scripts.synthetic_model_comparison.training.training_pipeline | saved checkpoint: /home/debian/Master-Thesis/scripts/synthetic_model_comparison/training/model_exports/yolo26n-hidream-i1-maxlen-seed43-20260805-020722/best.pt
2026-08-05 02:46:56 INFO  scripts.synthetic_model_comparison.training.training_pipeline | new best mAP50_95=0.7228 at epoch 119
2026-08-05 02:46:56 INFO  scripts.synthetic_model_comparison.training.training_pipeline | saved checkpoint: /home/debian/Master-Thesis/scripts/synthetic_model_comparison/training/model_exports/yolo26n-hidream-i1-maxlen-seed43-20260805-020722/last.pt
2026-08-05 02:46:56 INFO  scripts.synthetic_model_comparison.training.training_pipeline | epoch 119/200 done — next lr=0.00362394, epochs_since_improve=0/20
2026-08-05 02:46:56 INFO  scripts.synthetic_model_comparison.training.training_pipeline | epoch 120/200 — train start (lr=0.00362394, batches=15)
2026-08-05 02:47:08 INFO  scripts.synthetic_model_comparison.training.training_pipeline | epoch 120/200 — train done in 11.9s | avg loss_box=0.6719 loss_cls=0.4545 loss_dfl=0.0201 loss_total=73.1251
2026-08-05 02:47:08 INFO  scripts.synthetic_model_comparison.training.evaluation | evaluating on 4 batches
2026-08-05 02:47:14 INFO  scripts.synthetic_model_comparison.training.training_pipeline | epoch 120/200 — val mAP50=0.9082 mAP50_95=0.7199 (selection mAP50_95=0.7199)
2026-08-05 02:47:15 INFO  scripts.synthetic_model_comparison.training.evaluation | mlflow: logged val/mAP50=0.9082 val/mAP50_95=0.7199 (step=119)
2026-08-05 02:47:15 INFO  scripts.synthetic_model_comparison.training.evaluation | mlflow: logged val per-class AP table (12 classes)
2026-08-05 02:47:16 INFO  scripts.synthetic_model_comparison.training.training_pipeline | saved checkpoint: /home/debian/Master-Thesis/scripts/synthetic_model_comparison/training/model_exports/yolo26n-hidream-i1-maxlen-seed43-20260805-020722/last.pt
2026-08-05 02:47:16 INFO  scripts.synthetic_model_comparison.training.training_pipeline | epoch 120/200 done — next lr=0.00354757, epochs_since_improve=1/20
2026-08-05 02:47:16 INFO  scripts.synthetic_model_comparison.training.training_pipeline | epoch 121/200 — train start (lr=0.00354757, batches=15)
2026-08-05 02:47:22 INFO  scripts.synthetic_model_comparison.training.training_pipeline | step 1800 | loss_box=0.6125 loss_cls=0.3428 loss_dfl=0.0167 loss_total=64.1610 lr=0.00354249
2026-08-05 02:47:30 INFO  scripts.synthetic_model_comparison.training.training_pipeline | epoch 121/200 — train done in 13.7s | avg loss_box=0.6382 loss_cls=0.4110 loss_dfl=0.0189 loss_total=69.3008
2026-08-05 02:47:30 INFO  scripts.synthetic_model_comparison.training.evaluation | evaluating on 4 batches
2026-08-05 02:47:36 INFO  scripts.synthetic_model_comparison.training.training_pipeline | epoch 121/200 — val mAP50=0.9087 mAP50_95=0.7346 (selection mAP50_95=0.7346)
2026-08-05 02:47:36 INFO  scripts.synthetic_model_comparison.training.evaluation | mlflow: logged val/mAP50=0.9087 val/mAP50_95=0.7346 (step=120)
2026-08-05 02:47:37 INFO  scripts.synthetic_model_comparison.training.evaluation | mlflow: logged val per-class AP table (12 classes)
2026-08-05 02:47:37 INFO  scripts.synthetic_model_comparison.training.training_pipeline | saved checkpoint: /home/debian/Master-Thesis/scripts/synthetic_model_comparison/training/model_exports/yolo26n-hidream-i1-maxlen-seed43-20260805-020722/best.pt
2026-08-05 02:47:37 INFO  scripts.synthetic_model_comparison.training.training_pipeline | new best mAP50_95=0.7346 at epoch 121
2026-08-05 02:47:37 INFO  scripts.synthetic_model_comparison.training.training_pipeline | saved checkpoint: /home/debian/Master-Thesis/scripts/synthetic_model_comparison/training/model_exports/yolo26n-hidream-i1-maxlen-seed43-20260805-020722/last.pt
2026-08-05 02:47:37 INFO  scripts.synthetic_model_comparison.training.training_pipeline | epoch 121/200 done — next lr=0.00347156, epochs_since_improve=0/20
2026-08-05 02:47:37 INFO  scripts.synthetic_model_comparison.training.training_pipeline | epoch 122/200 — train start (lr=0.00347156, batches=15)
2026-08-05 02:47:49 INFO  scripts.synthetic_model_comparison.training.training_pipeline | epoch 122/200 — train done in 12.0s | avg loss_box=0.6299 loss_cls=0.4449 loss_dfl=0.0183 loss_total=70.0285
2026-08-05 02:47:49 INFO  scripts.synthetic_model_comparison.training.evaluation | evaluating on 4 batches
2026-08-05 02:47:55 INFO  scripts.synthetic_model_comparison.training.training_pipeline | epoch 122/200 — val mAP50=0.9064 mAP50_95=0.7258 (selection mAP50_95=0.7258)
2026-08-05 02:47:56 INFO  scripts.synthetic_model_comparison.training.evaluation | mlflow: logged val/mAP50=0.9064 val/mAP50_95=0.7258 (step=121)
2026-08-05 02:47:56 INFO  scripts.synthetic_model_comparison.training.evaluation | mlflow: logged val per-class AP table (12 classes)
2026-08-05 02:47:57 INFO  scripts.synthetic_model_comparison.training.training_pipeline | saved checkpoint: /home/debian/Master-Thesis/scripts/synthetic_model_comparison/training/model_exports/yolo26n-hidream-i1-maxlen-seed43-20260805-020722/last.pt
2026-08-05 02:47:57 INFO  scripts.synthetic_model_comparison.training.training_pipeline | epoch 122/200 done — next lr=0.00339595, epochs_since_improve=1/20
2026-08-05 02:47:57 INFO  scripts.synthetic_model_comparison.training.training_pipeline | epoch 123/200 — train start (lr=0.00339595, batches=15)
2026-08-05 02:48:09 INFO  scripts.synthetic_model_comparison.training.training_pipeline | epoch 123/200 — train done in 12.1s | avg loss_box=0.6612 loss_cls=0.4092 loss_dfl=0.0192 loss_total=69.9755
2026-08-05 02:48:09 INFO  scripts.synthetic_model_comparison.training.evaluation | evaluating on 4 batches
2026-08-05 02:48:15 INFO  scripts.synthetic_model_comparison.training.training_pipeline | epoch 123/200 — val mAP50=0.8792 mAP50_95=0.6997 (selection mAP50_95=0.6997)
2026-08-05 02:48:16 INFO  scripts.synthetic_model_comparison.training.evaluation | mlflow: logged val/mAP50=0.8792 val/mAP50_95=0.6997 (step=122)
2026-08-05 02:48:16 INFO  scripts.synthetic_model_comparison.training.evaluation | mlflow: logged val per-class AP table (12 classes)
2026-08-05 02:48:16 INFO  scripts.synthetic_model_comparison.training.training_pipeline | saved checkpoint: /home/debian/Master-Thesis/scripts/synthetic_model_comparison/training/model_exports/yolo26n-hidream-i1-maxlen-seed43-20260805-020722/last.pt
2026-08-05 02:48:16 INFO  scripts.synthetic_model_comparison.training.training_pipeline | epoch 123/200 done — next lr=0.00332075, epochs_since_improve=2/20
2026-08-05 02:48:16 INFO  scripts.synthetic_model_comparison.training.training_pipeline | epoch 124/200 — train start (lr=0.00332075, batches=15)
2026-08-05 02:48:25 INFO  scripts.synthetic_model_comparison.training.training_pipeline | step 1850 | loss_box=0.7123 loss_cls=0.4717 loss_dfl=0.0192 loss_total=75.7943 lr=0.00329079
2026-08-05 02:48:30 INFO  scripts.synthetic_model_comparison.training.training_pipeline | epoch 124/200 — train done in 13.7s | avg loss_box=0.6297 loss_cls=0.3957 loss_dfl=0.0183 loss_total=67.5155
2026-08-05 02:48:30 INFO  scripts.synthetic_model_comparison.training.evaluation | evaluating on 4 batches
2026-08-05 02:48:36 INFO  scripts.synthetic_model_comparison.training.training_pipeline | epoch 124/200 — val mAP50=0.9076 mAP50_95=0.7245 (selection mAP50_95=0.7245)
2026-08-05 02:48:37 INFO  scripts.synthetic_model_comparison.training.evaluation | mlflow: logged val/mAP50=0.9076 val/mAP50_95=0.7245 (step=123)
2026-08-05 02:48:37 INFO  scripts.synthetic_model_comparison.training.evaluation | mlflow: logged val per-class AP table (12 classes)
2026-08-05 02:48:37 INFO  scripts.synthetic_model_comparison.training.training_pipeline | saved checkpoint: /home/debian/Master-Thesis/scripts/synthetic_model_comparison/training/model_exports/yolo26n-hidream-i1-maxlen-seed43-20260805-020722/last.pt
2026-08-05 02:48:37 INFO  scripts.synthetic_model_comparison.training.training_pipeline | epoch 124/200 done — next lr=0.00324598, epochs_since_improve=3/20
2026-08-05 02:48:37 INFO  scripts.synthetic_model_comparison.training.training_pipeline | epoch 125/200 — train start (lr=0.00324598, batches=15)
2026-08-05 02:48:50 INFO  scripts.synthetic_model_comparison.training.training_pipeline | epoch 125/200 — train done in 12.1s | avg loss_box=0.6189 loss_cls=0.4082 loss_dfl=0.0181 loss_total=67.7577
2026-08-05 02:48:50 INFO  scripts.synthetic_model_comparison.training.evaluation | evaluating on 4 batches
2026-08-05 02:48:56 INFO  scripts.synthetic_model_comparison.training.training_pipeline | epoch 125/200 — val mAP50=0.9105 mAP50_95=0.7408 (selection mAP50_95=0.7408)
2026-08-05 02:48:56 INFO  scripts.synthetic_model_comparison.training.evaluation | mlflow: logged val/mAP50=0.9105 val/mAP50_95=0.7408 (step=124)
2026-08-05 02:48:57 INFO  scripts.synthetic_model_comparison.training.evaluation | mlflow: logged val per-class AP table (12 classes)
2026-08-05 02:48:57 INFO  scripts.synthetic_model_comparison.training.training_pipeline | saved checkpoint: /home/debian/Master-Thesis/scripts/synthetic_model_comparison/training/model_exports/yolo26n-hidream-i1-maxlen-seed43-20260805-020722/best.pt
2026-08-05 02:48:57 INFO  scripts.synthetic_model_comparison.training.training_pipeline | new best mAP50_95=0.7408 at epoch 125
2026-08-05 02:48:57 INFO  scripts.synthetic_model_comparison.training.training_pipeline | saved checkpoint: /home/debian/Master-Thesis/scripts/synthetic_model_comparison/training/model_exports/yolo26n-hidream-i1-maxlen-seed43-20260805-020722/last.pt
2026-08-05 02:48:57 INFO  scripts.synthetic_model_comparison.training.training_pipeline | epoch 125/200 done — next lr=0.00317165, epochs_since_improve=0/20
2026-08-05 02:48:57 INFO  scripts.synthetic_model_comparison.training.training_pipeline | epoch 126/200 — train start (lr=0.00317165, batches=15)
2026-08-05 02:49:09 INFO  scripts.synthetic_model_comparison.training.training_pipeline | epoch 126/200 — train done in 11.6s | avg loss_box=0.6513 loss_cls=0.4101 loss_dfl=0.0191 loss_total=69.8512
2026-08-05 02:49:09 INFO  scripts.synthetic_model_comparison.training.evaluation | evaluating on 4 batches
2026-08-05 02:49:15 INFO  scripts.synthetic_model_comparison.training.training_pipeline | epoch 126/200 — val mAP50=0.8984 mAP50_95=0.7253 (selection mAP50_95=0.7253)
2026-08-05 02:49:16 INFO  scripts.synthetic_model_comparison.training.evaluation | mlflow: logged val/mAP50=0.8984 val/mAP50_95=0.7253 (step=125)
2026-08-05 02:49:16 INFO  scripts.synthetic_model_comparison.training.evaluation | mlflow: logged val per-class AP table (12 classes)
2026-08-05 02:49:16 INFO  scripts.synthetic_model_comparison.training.training_pipeline | saved checkpoint: /home/debian/Master-Thesis/scripts/synthetic_model_comparison/training/model_exports/yolo26n-hidream-i1-maxlen-seed43-20260805-020722/last.pt
2026-08-05 02:49:16 INFO  scripts.synthetic_model_comparison.training.training_pipeline | epoch 126/200 done — next lr=0.00309779, epochs_since_improve=1/20
2026-08-05 02:49:16 INFO  scripts.synthetic_model_comparison.training.training_pipeline | epoch 127/200 — train start (lr=0.00309779, batches=15)
2026-08-05 02:49:27 INFO  scripts.synthetic_model_comparison.training.training_pipeline | step 1900 | loss_box=0.5713 loss_cls=0.3767 loss_dfl=0.0159 loss_total=63.4971 lr=0.00304393
2026-08-05 02:49:30 INFO  scripts.synthetic_model_comparison.training.training_pipeline | epoch 127/200 — train done in 13.1s | avg loss_box=0.6319 loss_cls=0.4131 loss_dfl=0.0188 loss_total=68.7169
2026-08-05 02:49:30 INFO  scripts.synthetic_model_comparison.training.evaluation | evaluating on 4 batches
2026-08-05 02:49:36 INFO  scripts.synthetic_model_comparison.training.training_pipeline | epoch 127/200 — val mAP50=0.8844 mAP50_95=0.7146 (selection mAP50_95=0.7146)
2026-08-05 02:49:36 INFO  scripts.synthetic_model_comparison.training.evaluation | mlflow: logged val/mAP50=0.8844 val/mAP50_95=0.7146 (step=126)
2026-08-05 02:49:37 INFO  scripts.synthetic_model_comparison.training.evaluation | mlflow: logged val per-class AP table (12 classes)
2026-08-05 02:49:37 INFO  scripts.synthetic_model_comparison.training.training_pipeline | saved checkpoint: /home/debian/Master-Thesis/scripts/synthetic_model_comparison/training/model_exports/yolo26n-hidream-i1-maxlen-seed43-20260805-020722/last.pt
2026-08-05 02:49:37 INFO  scripts.synthetic_model_comparison.training.training_pipeline | epoch 127/200 done — next lr=0.00302441, epochs_since_improve=2/20
2026-08-05 02:49:37 INFO  scripts.synthetic_model_comparison.training.training_pipeline | epoch 128/200 — train start (lr=0.00302441, batches=15)
2026-08-05 02:49:49 INFO  scripts.synthetic_model_comparison.training.training_pipeline | epoch 128/200 — train done in 11.7s | avg loss_box=0.6185 loss_cls=0.4216 loss_dfl=0.0183 loss_total=68.0805
2026-08-05 02:49:49 INFO  scripts.synthetic_model_comparison.training.evaluation | evaluating on 4 batches
2026-08-05 02:49:55 INFO  scripts.synthetic_model_comparison.training.training_pipeline | epoch 128/200 — val mAP50=0.9135 mAP50_95=0.7352 (selection mAP50_95=0.7352)
2026-08-05 02:49:55 INFO  scripts.synthetic_model_comparison.training.evaluation | mlflow: logged val/mAP50=0.9135 val/mAP50_95=0.7352 (step=127)
2026-08-05 02:49:56 INFO  scripts.synthetic_model_comparison.training.evaluation | mlflow: logged val per-class AP table (12 classes)
2026-08-05 02:49:56 INFO  scripts.synthetic_model_comparison.training.training_pipeline | saved checkpoint: /home/debian/Master-Thesis/scripts/synthetic_model_comparison/training/model_exports/yolo26n-hidream-i1-maxlen-seed43-20260805-020722/last.pt
2026-08-05 02:49:56 INFO  scripts.synthetic_model_comparison.training.training_pipeline | epoch 128/200 done — next lr=0.00295154, epochs_since_improve=3/20
2026-08-05 02:49:56 INFO  scripts.synthetic_model_comparison.training.training_pipeline | epoch 129/200 — train start (lr=0.00295154, batches=15)
2026-08-05 02:50:08 INFO  scripts.synthetic_model_comparison.training.training_pipeline | epoch 129/200 — train done in 11.6s | avg loss_box=0.6033 loss_cls=0.3768 loss_dfl=0.0176 loss_total=64.9852
2026-08-05 02:50:08 INFO  scripts.synthetic_model_comparison.training.evaluation | evaluating on 4 batches
2026-08-05 02:50:14 INFO  scripts.synthetic_model_comparison.training.training_pipeline | epoch 129/200 — val mAP50=0.9067 mAP50_95=0.7274 (selection mAP50_95=0.7274)
2026-08-05 02:50:15 INFO  scripts.synthetic_model_comparison.training.evaluation | mlflow: logged val/mAP50=0.9067 val/mAP50_95=0.7274 (step=128)
2026-08-05 02:50:15 INFO  scripts.synthetic_model_comparison.training.evaluation | mlflow: logged val per-class AP table (12 classes)
2026-08-05 02:50:15 INFO  scripts.synthetic_model_comparison.training.training_pipeline | saved checkpoint: /home/debian/Master-Thesis/scripts/synthetic_model_comparison/training/model_exports/yolo26n-hidream-i1-maxlen-seed43-20260805-020722/last.pt
2026-08-05 02:50:15 INFO  scripts.synthetic_model_comparison.training.training_pipeline | epoch 129/200 done — next lr=0.00287919, epochs_since_improve=4/20
2026-08-05 02:50:15 INFO  scripts.synthetic_model_comparison.training.training_pipeline | epoch 130/200 — train start (lr=0.00287919, batches=15)
2026-08-05 02:50:27 INFO  scripts.synthetic_model_comparison.training.training_pipeline | epoch 130/200 — train done in 12.0s | avg loss_box=0.6158 loss_cls=0.4181 loss_dfl=0.0181 loss_total=67.9942
2026-08-05 02:50:27 INFO  scripts.synthetic_model_comparison.training.evaluation | evaluating on 4 batches
2026-08-05 02:50:33 INFO  scripts.synthetic_model_comparison.training.training_pipeline | epoch 130/200 — val mAP50=0.8863 mAP50_95=0.7219 (selection mAP50_95=0.7219)
2026-08-05 02:50:34 INFO  scripts.synthetic_model_comparison.training.evaluation | mlflow: logged val/mAP50=0.8863 val/mAP50_95=0.7219 (step=129)
2026-08-05 02:50:34 INFO  scripts.synthetic_model_comparison.training.evaluation | mlflow: logged val per-class AP table (12 classes)
2026-08-05 02:50:35 INFO  scripts.synthetic_model_comparison.training.training_pipeline | saved checkpoint: /home/debian/Master-Thesis/scripts/synthetic_model_comparison/training/model_exports/yolo26n-hidream-i1-maxlen-seed43-20260805-020722/last.pt
2026-08-05 02:50:35 INFO  scripts.synthetic_model_comparison.training.training_pipeline | epoch 130/200 done — next lr=0.00280738, epochs_since_improve=5/20
2026-08-05 02:50:35 INFO  scripts.synthetic_model_comparison.training.training_pipeline | epoch 131/200 — train start (lr=0.00280738, batches=15)
2026-08-05 02:50:41 INFO  scripts.synthetic_model_comparison.training.training_pipeline | step 1950 | loss_box=0.5995 loss_cls=0.3492 loss_dfl=0.0177 loss_total=62.6320 lr=0.00280262
2026-08-05 02:50:48 INFO  scripts.synthetic_model_comparison.training.training_pipeline | epoch 131/200 — train done in 13.6s | avg loss_box=0.5998 loss_cls=0.3895 loss_dfl=0.0174 loss_total=65.0630
2026-08-05 02:50:48 INFO  scripts.synthetic_model_comparison.training.evaluation | evaluating on 4 batches
2026-08-05 02:50:55 INFO  scripts.synthetic_model_comparison.training.training_pipeline | epoch 131/200 — val mAP50=0.9036 mAP50_95=0.7413 (selection mAP50_95=0.7413)
2026-08-05 02:50:55 INFO  scripts.synthetic_model_comparison.training.evaluation | mlflow: logged val/mAP50=0.9036 val/mAP50_95=0.7413 (step=130)
2026-08-05 02:50:56 INFO  scripts.synthetic_model_comparison.training.evaluation | mlflow: logged val per-class AP table (12 classes)
2026-08-05 02:50:56 INFO  scripts.synthetic_model_comparison.training.training_pipeline | saved checkpoint: /home/debian/Master-Thesis/scripts/synthetic_model_comparison/training/model_exports/yolo26n-hidream-i1-maxlen-seed43-20260805-020722/last.pt
2026-08-05 02:50:56 INFO  scripts.synthetic_model_comparison.training.training_pipeline | epoch 131/200 done — next lr=0.00273613, epochs_since_improve=6/20
2026-08-05 02:50:56 INFO  scripts.synthetic_model_comparison.training.training_pipeline | epoch 132/200 — train start (lr=0.00273613, batches=15)
2026-08-05 02:51:08 INFO  scripts.synthetic_model_comparison.training.training_pipeline | epoch 132/200 — train done in 12.2s | avg loss_box=0.6083 loss_cls=0.3664 loss_dfl=0.0176 loss_total=64.4689
2026-08-05 02:51:08 INFO  scripts.synthetic_model_comparison.training.evaluation | evaluating on 4 batches
2026-08-05 02:51:14 INFO  scripts.synthetic_model_comparison.training.training_pipeline | epoch 132/200 — val mAP50=0.8823 mAP50_95=0.7120 (selection mAP50_95=0.7120)
2026-08-05 02:51:15 INFO  scripts.synthetic_model_comparison.training.evaluation | mlflow: logged val/mAP50=0.8823 val/mAP50_95=0.7120 (step=131)
2026-08-05 02:51:15 INFO  scripts.synthetic_model_comparison.training.evaluation | mlflow: logged val per-class AP table (12 classes)
2026-08-05 02:51:15 INFO  scripts.synthetic_model_comparison.training.training_pipeline | saved checkpoint: /home/debian/Master-Thesis/scripts/synthetic_model_comparison/training/model_exports/yolo26n-hidream-i1-maxlen-seed43-20260805-020722/last.pt
2026-08-05 02:51:16 INFO  scripts.synthetic_model_comparison.training.training_pipeline | epoch 132/200 done — next lr=0.00266546, epochs_since_improve=7/20
2026-08-05 02:51:16 INFO  scripts.synthetic_model_comparison.training.training_pipeline | epoch 133/200 — train start (lr=0.00266546, batches=15)
2026-08-05 02:51:28 INFO  scripts.synthetic_model_comparison.training.training_pipeline | epoch 133/200 — train done in 11.9s | avg loss_box=0.5997 loss_cls=0.3558 loss_dfl=0.0178 loss_total=63.2547
2026-08-05 02:51:28 INFO  scripts.synthetic_model_comparison.training.evaluation | evaluating on 4 batches
2026-08-05 02:51:33 INFO  scripts.synthetic_model_comparison.training.training_pipeline | epoch 133/200 — val mAP50=0.9038 mAP50_95=0.7347 (selection mAP50_95=0.7347)
2026-08-05 02:51:34 INFO  scripts.synthetic_model_comparison.training.evaluation | mlflow: logged val/mAP50=0.9038 val/mAP50_95=0.7347 (step=132)
2026-08-05 02:51:34 INFO  scripts.synthetic_model_comparison.training.evaluation | mlflow: logged val per-class AP table (12 classes)
2026-08-05 02:51:34 INFO  scripts.synthetic_model_comparison.training.training_pipeline | saved checkpoint: /home/debian/Master-Thesis/scripts/synthetic_model_comparison/training/model_exports/yolo26n-hidream-i1-maxlen-seed43-20260805-020722/last.pt
2026-08-05 02:51:35 INFO  scripts.synthetic_model_comparison.training.training_pipeline | epoch 133/200 done — next lr=0.00259538, epochs_since_improve=8/20
2026-08-05 02:51:35 INFO  scripts.synthetic_model_comparison.training.training_pipeline | epoch 134/200 — train start (lr=0.00259538, batches=15)
2026-08-05 02:51:43 INFO  scripts.synthetic_model_comparison.training.training_pipeline | step 2000 | loss_box=0.5812 loss_cls=0.3160 loss_dfl=0.0166 loss_total=59.4029 lr=0.00256752
2026-08-05 02:51:48 INFO  scripts.synthetic_model_comparison.training.training_pipeline | epoch 134/200 — train done in 13.4s | avg loss_box=0.5980 loss_cls=0.3442 loss_dfl=0.0180 loss_total=62.3867
2026-08-05 02:51:48 INFO  scripts.synthetic_model_comparison.training.evaluation | evaluating on 4 batches
2026-08-05 02:51:54 INFO  scripts.synthetic_model_comparison.training.training_pipeline | epoch 134/200 — val mAP50=0.9048 mAP50_95=0.7392 (selection mAP50_95=0.7392)
2026-08-05 02:51:55 INFO  scripts.synthetic_model_comparison.training.evaluation | mlflow: logged val/mAP50=0.9048 val/mAP50_95=0.7392 (step=133)
2026-08-05 02:51:55 INFO  scripts.synthetic_model_comparison.training.evaluation | mlflow: logged val per-class AP table (12 classes)
2026-08-05 02:51:55 INFO  scripts.synthetic_model_comparison.training.training_pipeline | saved checkpoint: /home/debian/Master-Thesis/scripts/synthetic_model_comparison/training/model_exports/yolo26n-hidream-i1-maxlen-seed43-20260805-020722/last.pt
2026-08-05 02:51:56 INFO  scripts.synthetic_model_comparison.training.training_pipeline | epoch 134/200 done — next lr=0.00252592, epochs_since_improve=9/20
2026-08-05 02:51:56 INFO  scripts.synthetic_model_comparison.training.training_pipeline | epoch 135/200 — train start (lr=0.00252592, batches=15)
2026-08-05 02:52:07 INFO  scripts.synthetic_model_comparison.training.training_pipeline | epoch 135/200 — train done in 11.8s | avg loss_box=0.5868 loss_cls=0.3439 loss_dfl=0.0169 loss_total=61.8835
2026-08-05 02:52:08 INFO  scripts.synthetic_model_comparison.training.evaluation | evaluating on 4 batches
2026-08-05 02:52:14 INFO  scripts.synthetic_model_comparison.training.training_pipeline | epoch 135/200 — val mAP50=0.9187 mAP50_95=0.7523 (selection mAP50_95=0.7523)
2026-08-05 02:52:14 INFO  scripts.synthetic_model_comparison.training.evaluation | mlflow: logged val/mAP50=0.9187 val/mAP50_95=0.7523 (step=134)
2026-08-05 02:52:15 INFO  scripts.synthetic_model_comparison.training.evaluation | mlflow: logged val per-class AP table (12 classes)
2026-08-05 02:52:15 INFO  scripts.synthetic_model_comparison.training.training_pipeline | saved checkpoint: /home/debian/Master-Thesis/scripts/synthetic_model_comparison/training/model_exports/yolo26n-hidream-i1-maxlen-seed43-20260805-020722/best.pt
2026-08-05 02:52:15 INFO  scripts.synthetic_model_comparison.training.training_pipeline | new best mAP50_95=0.7523 at epoch 135
2026-08-05 02:52:15 INFO  scripts.synthetic_model_comparison.training.training_pipeline | saved checkpoint: /home/debian/Master-Thesis/scripts/synthetic_model_comparison/training/model_exports/yolo26n-hidream-i1-maxlen-seed43-20260805-020722/last.pt
2026-08-05 02:52:15 INFO  scripts.synthetic_model_comparison.training.training_pipeline | epoch 135/200 done — next lr=0.00245708, epochs_since_improve=0/20
2026-08-05 02:52:15 INFO  scripts.synthetic_model_comparison.training.training_pipeline | epoch 136/200 — train start (lr=0.00245708, batches=15)
2026-08-05 02:52:27 INFO  scripts.synthetic_model_comparison.training.training_pipeline | epoch 136/200 — train done in 11.7s | avg loss_box=0.5712 loss_cls=0.3366 loss_dfl=0.0170 loss_total=60.5760
2026-08-05 02:52:27 INFO  scripts.synthetic_model_comparison.training.evaluation | evaluating on 4 batches
2026-08-05 02:52:33 INFO  scripts.synthetic_model_comparison.training.training_pipeline | epoch 136/200 — val mAP50=0.9194 mAP50_95=0.7440 (selection mAP50_95=0.7440)
2026-08-05 02:52:34 INFO  scripts.synthetic_model_comparison.training.evaluation | mlflow: logged val/mAP50=0.9194 val/mAP50_95=0.7440 (step=135)
2026-08-05 02:52:34 INFO  scripts.synthetic_model_comparison.training.evaluation | mlflow: logged val per-class AP table (12 classes)
2026-08-05 02:52:34 INFO  scripts.synthetic_model_comparison.training.training_pipeline | saved checkpoint: /home/debian/Master-Thesis/scripts/synthetic_model_comparison/training/model_exports/yolo26n-hidream-i1-maxlen-seed43-20260805-020722/last.pt
2026-08-05 02:52:35 INFO  scripts.synthetic_model_comparison.training.training_pipeline | epoch 136/200 done — next lr=0.0023889, epochs_since_improve=1/20
2026-08-05 02:52:35 INFO  scripts.synthetic_model_comparison.training.training_pipeline | epoch 137/200 — train start (lr=0.0023889, batches=15)
2026-08-05 02:52:45 INFO  scripts.synthetic_model_comparison.training.training_pipeline | step 2050 | loss_box=0.5549 loss_cls=0.3447 loss_dfl=0.0162 loss_total=59.6300 lr=0.00233931
2026-08-05 02:52:48 INFO  scripts.synthetic_model_comparison.training.training_pipeline | epoch 137/200 — train done in 13.5s | avg loss_box=0.5794 loss_cls=0.3391 loss_dfl=0.0166 loss_total=60.8095
2026-08-05 02:52:48 INFO  scripts.synthetic_model_comparison.training.evaluation | evaluating on 4 batches
2026-08-05 02:52:54 INFO  scripts.synthetic_model_comparison.training.training_pipeline | epoch 137/200 — val mAP50=0.9197 mAP50_95=0.7572 (selection mAP50_95=0.7572)
2026-08-05 02:52:55 INFO  scripts.synthetic_model_comparison.training.evaluation | mlflow: logged val/mAP50=0.9197 val/mAP50_95=0.7572 (step=136)
2026-08-05 02:52:55 INFO  scripts.synthetic_model_comparison.training.evaluation | mlflow: logged val per-class AP table (12 classes)
2026-08-05 02:52:55 INFO  scripts.synthetic_model_comparison.training.training_pipeline | saved checkpoint: /home/debian/Master-Thesis/scripts/synthetic_model_comparison/training/model_exports/yolo26n-hidream-i1-maxlen-seed43-20260805-020722/best.pt
2026-08-05 02:52:55 INFO  scripts.synthetic_model_comparison.training.training_pipeline | new best mAP50_95=0.7572 at epoch 137
2026-08-05 02:52:55 INFO  scripts.synthetic_model_comparison.training.training_pipeline | saved checkpoint: /home/debian/Master-Thesis/scripts/synthetic_model_comparison/training/model_exports/yolo26n-hidream-i1-maxlen-seed43-20260805-020722/last.pt
2026-08-05 02:52:55 INFO  scripts.synthetic_model_comparison.training.training_pipeline | epoch 137/200 done — next lr=0.00232138, epochs_since_improve=0/20
2026-08-05 02:52:55 INFO  scripts.synthetic_model_comparison.training.training_pipeline | epoch 138/200 — train start (lr=0.00232138, batches=15)
2026-08-05 02:53:07 INFO  scripts.synthetic_model_comparison.training.training_pipeline | epoch 138/200 — train done in 11.8s | avg loss_box=0.5494 loss_cls=0.3121 loss_dfl=0.0158 loss_total=57.5832
2026-08-05 02:53:07 INFO  scripts.synthetic_model_comparison.training.evaluation | evaluating on 4 batches
2026-08-05 02:53:13 INFO  scripts.synthetic_model_comparison.training.training_pipeline | epoch 138/200 — val mAP50=0.9257 mAP50_95=0.7554 (selection mAP50_95=0.7554)
2026-08-05 02:53:14 INFO  scripts.synthetic_model_comparison.training.evaluation | mlflow: logged val/mAP50=0.9257 val/mAP50_95=0.7554 (step=137)
2026-08-05 02:53:14 INFO  scripts.synthetic_model_comparison.training.evaluation | mlflow: logged val per-class AP table (12 classes)
2026-08-05 02:53:14 INFO  scripts.synthetic_model_comparison.training.training_pipeline | saved checkpoint: /home/debian/Master-Thesis/scripts/synthetic_model_comparison/training/model_exports/yolo26n-hidream-i1-maxlen-seed43-20260805-020722/last.pt
2026-08-05 02:53:15 INFO  scripts.synthetic_model_comparison.training.training_pipeline | epoch 138/200 done — next lr=0.00225454, epochs_since_improve=1/20
2026-08-05 02:53:15 INFO  scripts.synthetic_model_comparison.training.training_pipeline | epoch 139/200 — train start (lr=0.00225454, batches=15)
2026-08-05 02:53:27 INFO  scripts.synthetic_model_comparison.training.training_pipeline | epoch 139/200 — train done in 12.1s | avg loss_box=0.5580 loss_cls=0.3645 loss_dfl=0.0164 loss_total=61.0606
2026-08-05 02:53:27 INFO  scripts.synthetic_model_comparison.training.evaluation | evaluating on 4 batches
2026-08-05 02:53:33 INFO  scripts.synthetic_model_comparison.training.training_pipeline | epoch 139/200 — val mAP50=0.8983 mAP50_95=0.7249 (selection mAP50_95=0.7249)
2026-08-05 02:53:34 INFO  scripts.synthetic_model_comparison.training.evaluation | mlflow: logged val/mAP50=0.8983 val/mAP50_95=0.7249 (step=138)
2026-08-05 02:53:34 INFO  scripts.synthetic_model_comparison.training.evaluation | mlflow: logged val per-class AP table (12 classes)
2026-08-05 02:53:34 INFO  scripts.synthetic_model_comparison.training.training_pipeline | saved checkpoint: /home/debian/Master-Thesis/scripts/synthetic_model_comparison/training/model_exports/yolo26n-hidream-i1-maxlen-seed43-20260805-020722/last.pt
2026-08-05 02:53:35 INFO  scripts.synthetic_model_comparison.training.training_pipeline | epoch 139/200 done — next lr=0.0021884, epochs_since_improve=2/20
2026-08-05 02:53:35 INFO  scripts.synthetic_model_comparison.training.training_pipeline | epoch 140/200 — train start (lr=0.0021884, batches=15)
2026-08-05 02:53:47 INFO  scripts.synthetic_model_comparison.training.training_pipeline | epoch 140/200 — train done in 12.0s | avg loss_box=0.5465 loss_cls=0.3241 loss_dfl=0.0156 loss_total=57.8722
2026-08-05 02:53:47 INFO  scripts.synthetic_model_comparison.training.evaluation | evaluating on 4 batches
2026-08-05 02:53:53 INFO  scripts.synthetic_model_comparison.training.training_pipeline | epoch 140/200 — val mAP50=0.9201 mAP50_95=0.7392 (selection mAP50_95=0.7392)
2026-08-05 02:53:53 INFO  scripts.synthetic_model_comparison.training.evaluation | mlflow: logged val/mAP50=0.9201 val/mAP50_95=0.7392 (step=139)
2026-08-05 02:53:54 INFO  scripts.synthetic_model_comparison.training.evaluation | mlflow: logged val per-class AP table (12 classes)
2026-08-05 02:53:54 INFO  scripts.synthetic_model_comparison.training.training_pipeline | saved checkpoint: /home/debian/Master-Thesis/scripts/synthetic_model_comparison/training/model_exports/yolo26n-hidream-i1-maxlen-seed43-20260805-020722/last.pt
2026-08-05 02:53:54 INFO  scripts.synthetic_model_comparison.training.training_pipeline | epoch 140/200 done — next lr=0.00212297, epochs_since_improve=3/20
2026-08-05 02:53:54 INFO  scripts.synthetic_model_comparison.training.training_pipeline | epoch 141/200 — train start (lr=0.00212297, batches=15)
2026-08-05 02:54:00 INFO  scripts.synthetic_model_comparison.training.training_pipeline | step 2100 | loss_box=0.4928 loss_cls=0.2935 loss_dfl=0.0155 loss_total=52.1598 lr=0.00211864
2026-08-05 02:54:07 INFO  scripts.synthetic_model_comparison.training.training_pipeline | epoch 141/200 — train done in 12.8s | avg loss_box=0.5637 loss_cls=0.3297 loss_dfl=0.0166 loss_total=59.2862
2026-08-05 02:54:07 INFO  scripts.synthetic_model_comparison.training.evaluation | evaluating on 4 batches
2026-08-05 02:54:13 INFO  scripts.synthetic_model_comparison.training.training_pipeline | epoch 141/200 — val mAP50=0.9135 mAP50_95=0.7275 (selection mAP50_95=0.7275)
2026-08-05 02:54:14 INFO  scripts.synthetic_model_comparison.training.evaluation | mlflow: logged val/mAP50=0.9135 val/mAP50_95=0.7275 (step=140)
2026-08-05 02:54:14 INFO  scripts.synthetic_model_comparison.training.evaluation | mlflow: logged val per-class AP table (12 classes)
2026-08-05 02:54:14 INFO  scripts.synthetic_model_comparison.training.training_pipeline | saved checkpoint: /home/debian/Master-Thesis/scripts/synthetic_model_comparison/training/model_exports/yolo26n-hidream-i1-maxlen-seed43-20260805-020722/last.pt
2026-08-05 02:54:14 INFO  scripts.synthetic_model_comparison.training.training_pipeline | epoch 141/200 done — next lr=0.00205828, epochs_since_improve=4/20
2026-08-05 02:54:14 INFO  scripts.synthetic_model_comparison.training.training_pipeline | epoch 142/200 — train start (lr=0.00205828, batches=15)
2026-08-05 02:54:26 INFO  scripts.synthetic_model_comparison.training.training_pipeline | epoch 142/200 — train done in 11.7s | avg loss_box=0.5754 loss_cls=0.3762 loss_dfl=0.0165 loss_total=61.8840
2026-08-05 02:54:26 INFO  scripts.synthetic_model_comparison.training.evaluation | evaluating on 4 batches
2026-08-05 02:54:32 INFO  scripts.synthetic_model_comparison.training.training_pipeline | epoch 142/200 — val mAP50=0.9187 mAP50_95=0.7446 (selection mAP50_95=0.7446)
2026-08-05 02:54:33 INFO  scripts.synthetic_model_comparison.training.evaluation | mlflow: logged val/mAP50=0.9187 val/mAP50_95=0.7446 (step=141)
2026-08-05 02:54:33 INFO  scripts.synthetic_model_comparison.training.evaluation | mlflow: logged val per-class AP table (12 classes)
2026-08-05 02:54:33 INFO  scripts.synthetic_model_comparison.training.training_pipeline | saved checkpoint: /home/debian/Master-Thesis/scripts/synthetic_model_comparison/training/model_exports/yolo26n-hidream-i1-maxlen-seed43-20260805-020722/last.pt
2026-08-05 02:54:33 INFO  scripts.synthetic_model_comparison.training.training_pipeline | epoch 142/200 done — next lr=0.00199434, epochs_since_improve=5/20
2026-08-05 02:54:33 INFO  scripts.synthetic_model_comparison.training.training_pipeline | epoch 143/200 — train start (lr=0.00199434, batches=15)
2026-08-05 02:54:45 INFO  scripts.synthetic_model_comparison.training.training_pipeline | epoch 143/200 — train done in 11.7s | avg loss_box=0.5531 loss_cls=0.3298 loss_dfl=0.0160 loss_total=58.1387
2026-08-05 02:54:45 INFO  scripts.synthetic_model_comparison.training.evaluation | evaluating on 4 batches
2026-08-05 02:54:51 INFO  scripts.synthetic_model_comparison.training.training_pipeline | epoch 143/200 — val mAP50=0.9158 mAP50_95=0.7370 (selection mAP50_95=0.7370)
2026-08-05 02:54:52 INFO  scripts.synthetic_model_comparison.training.evaluation | mlflow: logged val/mAP50=0.9158 val/mAP50_95=0.7370 (step=142)
2026-08-05 02:54:52 INFO  scripts.synthetic_model_comparison.training.evaluation | mlflow: logged val per-class AP table (12 classes)
2026-08-05 02:54:52 INFO  scripts.synthetic_model_comparison.training.training_pipeline | saved checkpoint: /home/debian/Master-Thesis/scripts/synthetic_model_comparison/training/model_exports/yolo26n-hidream-i1-maxlen-seed43-20260805-020722/last.pt
2026-08-05 02:54:53 INFO  scripts.synthetic_model_comparison.training.training_pipeline | epoch 143/200 done — next lr=0.00193117, epochs_since_improve=6/20
2026-08-05 02:54:53 INFO  scripts.synthetic_model_comparison.training.training_pipeline | epoch 144/200 — train start (lr=0.00193117, batches=15)
2026-08-05 02:55:01 INFO  scripts.synthetic_model_comparison.training.training_pipeline | step 2150 | loss_box=0.5870 loss_cls=0.3568 loss_dfl=0.0171 loss_total=61.9312 lr=0.00190611
2026-08-05 02:55:06 INFO  scripts.synthetic_model_comparison.training.training_pipeline | epoch 144/200 — train done in 13.3s | avg loss_box=0.5587 loss_cls=0.3219 loss_dfl=0.0161 loss_total=58.4991
2026-08-05 02:55:06 INFO  scripts.synthetic_model_comparison.training.evaluation | evaluating on 4 batches
2026-08-05 02:55:12 INFO  scripts.synthetic_model_comparison.training.training_pipeline | epoch 144/200 — val mAP50=0.9169 mAP50_95=0.7426 (selection mAP50_95=0.7426)
2026-08-05 02:55:13 INFO  scripts.synthetic_model_comparison.training.evaluation | mlflow: logged val/mAP50=0.9169 val/mAP50_95=0.7426 (step=143)
2026-08-05 02:55:13 INFO  scripts.synthetic_model_comparison.training.evaluation | mlflow: logged val per-class AP table (12 classes)
2026-08-05 02:55:13 INFO  scripts.synthetic_model_comparison.training.training_pipeline | saved checkpoint: /home/debian/Master-Thesis/scripts/synthetic_model_comparison/training/model_exports/yolo26n-hidream-i1-maxlen-seed43-20260805-020722/last.pt
2026-08-05 02:55:13 INFO  scripts.synthetic_model_comparison.training.training_pipeline | epoch 144/200 done — next lr=0.00186877, epochs_since_improve=7/20
2026-08-05 02:55:13 INFO  scripts.synthetic_model_comparison.training.training_pipeline | epoch 145/200 — train start (lr=0.00186877, batches=15)
2026-08-05 02:55:25 INFO  scripts.synthetic_model_comparison.training.training_pipeline | epoch 145/200 — train done in 12.0s | avg loss_box=0.5519 loss_cls=0.3336 loss_dfl=0.0161 loss_total=58.6005
2026-08-05 02:55:25 INFO  scripts.synthetic_model_comparison.training.evaluation | evaluating on 4 batches
2026-08-05 02:55:31 INFO  scripts.synthetic_model_comparison.training.training_pipeline | epoch 145/200 — val mAP50=0.9310 mAP50_95=0.7571 (selection mAP50_95=0.7571)
2026-08-05 02:55:32 INFO  scripts.synthetic_model_comparison.training.evaluation | mlflow: logged val/mAP50=0.9310 val/mAP50_95=0.7571 (step=144)
2026-08-05 02:55:32 INFO  scripts.synthetic_model_comparison.training.evaluation | mlflow: logged val per-class AP table (12 classes)
2026-08-05 02:55:33 INFO  scripts.synthetic_model_comparison.training.training_pipeline | saved checkpoint: /home/debian/Master-Thesis/scripts/synthetic_model_comparison/training/model_exports/yolo26n-hidream-i1-maxlen-seed43-20260805-020722/last.pt
2026-08-05 02:55:33 INFO  scripts.synthetic_model_comparison.training.training_pipeline | epoch 145/200 done — next lr=0.00180718, epochs_since_improve=8/20
2026-08-05 02:55:33 INFO  scripts.synthetic_model_comparison.training.training_pipeline | epoch 146/200 — train start (lr=0.00180718, batches=15)
2026-08-05 02:55:45 INFO  scripts.synthetic_model_comparison.training.training_pipeline | epoch 146/200 — train done in 12.0s | avg loss_box=0.5264 loss_cls=0.3008 loss_dfl=0.0152 loss_total=55.2249
2026-08-05 02:55:45 INFO  scripts.synthetic_model_comparison.training.evaluation | evaluating on 4 batches
2026-08-05 02:55:51 INFO  scripts.synthetic_model_comparison.training.training_pipeline | epoch 146/200 — val mAP50=0.9317 mAP50_95=0.7541 (selection mAP50_95=0.7541)
2026-08-05 02:55:52 INFO  scripts.synthetic_model_comparison.training.evaluation | mlflow: logged val/mAP50=0.9317 val/mAP50_95=0.7541 (step=145)
2026-08-05 02:55:52 INFO  scripts.synthetic_model_comparison.training.evaluation | mlflow: logged val per-class AP table (12 classes)
2026-08-05 02:55:52 INFO  scripts.synthetic_model_comparison.training.training_pipeline | saved checkpoint: /home/debian/Master-Thesis/scripts/synthetic_model_comparison/training/model_exports/yolo26n-hidream-i1-maxlen-seed43-20260805-020722/last.pt
2026-08-05 02:55:52 INFO  scripts.synthetic_model_comparison.training.training_pipeline | epoch 146/200 done — next lr=0.00174639, epochs_since_improve=9/20
2026-08-05 02:55:52 INFO  scripts.synthetic_model_comparison.training.training_pipeline | epoch 147/200 — train start (lr=0.00174639, batches=15)
2026-08-05 02:56:03 INFO  scripts.synthetic_model_comparison.training.training_pipeline | step 2200 | loss_box=0.5435 loss_cls=0.3695 loss_dfl=0.0140 loss_total=60.2475 lr=0.00170234
2026-08-05 02:56:06 INFO  scripts.synthetic_model_comparison.training.training_pipeline | epoch 147/200 — train done in 13.1s | avg loss_box=0.5290 loss_cls=0.3130 loss_dfl=0.0152 loss_total=56.2258
2026-08-05 02:56:06 INFO  scripts.synthetic_model_comparison.training.evaluation | evaluating on 4 batches
2026-08-05 02:56:11 INFO  scripts.synthetic_model_comparison.training.training_pipeline | epoch 147/200 — val mAP50=0.9047 mAP50_95=0.7250 (selection mAP50_95=0.7250)
2026-08-05 02:56:12 INFO  scripts.synthetic_model_comparison.training.evaluation | mlflow: logged val/mAP50=0.9047 val/mAP50_95=0.7250 (step=146)
2026-08-05 02:56:12 INFO  scripts.synthetic_model_comparison.training.evaluation | mlflow: logged val per-class AP table (12 classes)
2026-08-05 02:56:13 INFO  scripts.synthetic_model_comparison.training.training_pipeline | saved checkpoint: /home/debian/Master-Thesis/scripts/synthetic_model_comparison/training/model_exports/yolo26n-hidream-i1-maxlen-seed43-20260805-020722/last.pt
2026-08-05 02:56:13 INFO  scripts.synthetic_model_comparison.training.training_pipeline | epoch 147/200 done — next lr=0.00168644, epochs_since_improve=10/20
2026-08-05 02:56:13 INFO  scripts.synthetic_model_comparison.training.training_pipeline | epoch 148/200 — train start (lr=0.00168644, batches=15)
2026-08-05 02:56:25 INFO  scripts.synthetic_model_comparison.training.training_pipeline | epoch 148/200 — train done in 12.0s | avg loss_box=0.5163 loss_cls=0.2996 loss_dfl=0.0151 loss_total=54.4907
2026-08-05 02:56:25 INFO  scripts.synthetic_model_comparison.training.evaluation | evaluating on 4 batches
2026-08-05 02:56:31 INFO  scripts.synthetic_model_comparison.training.training_pipeline | epoch 148/200 — val mAP50=0.9121 mAP50_95=0.7318 (selection mAP50_95=0.7318)
2026-08-05 02:56:32 INFO  scripts.synthetic_model_comparison.training.evaluation | mlflow: logged val/mAP50=0.9121 val/mAP50_95=0.7318 (step=147)
2026-08-05 02:56:32 INFO  scripts.synthetic_model_comparison.training.evaluation | mlflow: logged val per-class AP table (12 classes)
2026-08-05 02:56:32 INFO  scripts.synthetic_model_comparison.training.training_pipeline | saved checkpoint: /home/debian/Master-Thesis/scripts/synthetic_model_comparison/training/model_exports/yolo26n-hidream-i1-maxlen-seed43-20260805-020722/last.pt
2026-08-05 02:56:32 INFO  scripts.synthetic_model_comparison.training.training_pipeline | epoch 148/200 done — next lr=0.00162733, epochs_since_improve=11/20
2026-08-05 02:56:32 INFO  scripts.synthetic_model_comparison.training.training_pipeline | epoch 149/200 — train start (lr=0.00162733, batches=15)
2026-08-05 02:56:44 INFO  scripts.synthetic_model_comparison.training.training_pipeline | epoch 149/200 — train done in 11.9s | avg loss_box=0.5316 loss_cls=0.3178 loss_dfl=0.0155 loss_total=56.2148
2026-08-05 02:56:44 INFO  scripts.synthetic_model_comparison.training.evaluation | evaluating on 4 batches
2026-08-05 02:56:50 INFO  scripts.synthetic_model_comparison.training.training_pipeline | epoch 149/200 — val mAP50=0.9144 mAP50_95=0.7519 (selection mAP50_95=0.7519)
2026-08-05 02:56:51 INFO  scripts.synthetic_model_comparison.training.evaluation | mlflow: logged val/mAP50=0.9144 val/mAP50_95=0.7519 (step=148)
2026-08-05 02:56:51 INFO  scripts.synthetic_model_comparison.training.evaluation | mlflow: logged val per-class AP table (12 classes)
2026-08-05 02:56:52 INFO  scripts.synthetic_model_comparison.training.training_pipeline | saved checkpoint: /home/debian/Master-Thesis/scripts/synthetic_model_comparison/training/model_exports/yolo26n-hidream-i1-maxlen-seed43-20260805-020722/last.pt
2026-08-05 02:56:52 INFO  scripts.synthetic_model_comparison.training.training_pipeline | epoch 149/200 done — next lr=0.00156908, epochs_since_improve=12/20
2026-08-05 02:56:52 INFO  scripts.synthetic_model_comparison.training.training_pipeline | epoch 150/200 — train start (lr=0.00156908, batches=15)
2026-08-05 02:57:04 INFO  scripts.synthetic_model_comparison.training.training_pipeline | epoch 150/200 — train done in 12.2s | avg loss_box=0.5127 loss_cls=0.2859 loss_dfl=0.0148 loss_total=53.4208
2026-08-05 02:57:04 INFO  scripts.synthetic_model_comparison.training.evaluation | evaluating on 4 batches
2026-08-05 02:57:10 INFO  scripts.synthetic_model_comparison.training.training_pipeline | epoch 150/200 — val mAP50=0.9113 mAP50_95=0.7429 (selection mAP50_95=0.7429)
2026-08-05 02:57:11 INFO  scripts.synthetic_model_comparison.training.evaluation | mlflow: logged val/mAP50=0.9113 val/mAP50_95=0.7429 (step=149)
2026-08-05 02:57:11 INFO  scripts.synthetic_model_comparison.training.evaluation | mlflow: logged val per-class AP table (12 classes)
2026-08-05 02:57:11 INFO  scripts.synthetic_model_comparison.training.training_pipeline | saved checkpoint: /home/debian/Master-Thesis/scripts/synthetic_model_comparison/training/model_exports/yolo26n-hidream-i1-maxlen-seed43-20260805-020722/last.pt
2026-08-05 02:57:12 INFO  scripts.synthetic_model_comparison.training.training_pipeline | epoch 150/200 done — next lr=0.0015117, epochs_since_improve=13/20
2026-08-05 02:57:12 INFO  scripts.synthetic_model_comparison.training.training_pipeline | epoch 151/200 — train start (lr=0.0015117, batches=15)
2026-08-05 02:57:18 INFO  scripts.synthetic_model_comparison.training.training_pipeline | step 2250 | loss_box=0.5906 loss_cls=0.3381 loss_dfl=0.0188 loss_total=60.5654 lr=0.00150791
2026-08-05 02:57:25 INFO  scripts.synthetic_model_comparison.training.training_pipeline | epoch 151/200 — train done in 13.2s | avg loss_box=0.5234 loss_cls=0.3054 loss_dfl=0.0153 loss_total=55.1446
2026-08-05 02:57:25 INFO  scripts.synthetic_model_comparison.training.evaluation | evaluating on 4 batches
2026-08-05 02:57:31 INFO  scripts.synthetic_model_comparison.training.training_pipeline | epoch 151/200 — val mAP50=0.9251 mAP50_95=0.7500 (selection mAP50_95=0.7500)
2026-08-05 02:57:32 INFO  scripts.synthetic_model_comparison.training.evaluation | mlflow: logged val/mAP50=0.9251 val/mAP50_95=0.7500 (step=150)
2026-08-05 02:57:32 INFO  scripts.synthetic_model_comparison.training.evaluation | mlflow: logged val per-class AP table (12 classes)
2026-08-05 02:57:32 INFO  scripts.synthetic_model_comparison.training.training_pipeline | saved checkpoint: /home/debian/Master-Thesis/scripts/synthetic_model_comparison/training/model_exports/yolo26n-hidream-i1-maxlen-seed43-20260805-020722/last.pt
2026-08-05 02:57:32 INFO  scripts.synthetic_model_comparison.training.training_pipeline | epoch 151/200 done — next lr=0.00145521, epochs_since_improve=14/20
2026-08-05 02:57:32 INFO  scripts.synthetic_model_comparison.training.training_pipeline | epoch 152/200 — train start (lr=0.00145521, batches=15)
2026-08-05 02:57:44 INFO  scripts.synthetic_model_comparison.training.training_pipeline | epoch 152/200 — train done in 11.7s | avg loss_box=0.5184 loss_cls=0.2927 loss_dfl=0.0151 loss_total=54.1354
2026-08-05 02:57:44 INFO  scripts.synthetic_model_comparison.training.evaluation | evaluating on 4 batches
2026-08-05 02:57:50 INFO  scripts.synthetic_model_comparison.training.training_pipeline | epoch 152/200 — val mAP50=0.9244 mAP50_95=0.7512 (selection mAP50_95=0.7512)
2026-08-05 02:57:51 INFO  scripts.synthetic_model_comparison.training.evaluation | mlflow: logged val/mAP50=0.9244 val/mAP50_95=0.7512 (step=151)
2026-08-05 02:57:51 INFO  scripts.synthetic_model_comparison.training.evaluation | mlflow: logged val per-class AP table (12 classes)
2026-08-05 02:57:51 INFO  scripts.synthetic_model_comparison.training.training_pipeline | saved checkpoint: /home/debian/Master-Thesis/scripts/synthetic_model_comparison/training/model_exports/yolo26n-hidream-i1-maxlen-seed43-20260805-020722/last.pt
2026-08-05 02:57:51 INFO  scripts.synthetic_model_comparison.training.training_pipeline | epoch 152/200 done — next lr=0.00139962, epochs_since_improve=15/20
2026-08-05 02:57:51 INFO  scripts.synthetic_model_comparison.training.training_pipeline | epoch 153/200 — train start (lr=0.00139962, batches=15)
2026-08-05 02:58:03 INFO  scripts.synthetic_model_comparison.training.training_pipeline | epoch 153/200 — train done in 11.9s | avg loss_box=0.5135 loss_cls=0.2927 loss_dfl=0.0149 loss_total=53.6716
2026-08-05 02:58:03 INFO  scripts.synthetic_model_comparison.training.evaluation | evaluating on 4 batches
2026-08-05 02:58:09 INFO  scripts.synthetic_model_comparison.training.training_pipeline | epoch 153/200 — val mAP50=0.9063 mAP50_95=0.7497 (selection mAP50_95=0.7497)
2026-08-05 02:58:10 INFO  scripts.synthetic_model_comparison.training.evaluation | mlflow: logged val/mAP50=0.9063 val/mAP50_95=0.7497 (step=152)
2026-08-05 02:58:10 INFO  scripts.synthetic_model_comparison.training.evaluation | mlflow: logged val per-class AP table (12 classes)
2026-08-05 02:58:10 INFO  scripts.synthetic_model_comparison.training.training_pipeline | saved checkpoint: /home/debian/Master-Thesis/scripts/synthetic_model_comparison/training/model_exports/yolo26n-hidream-i1-maxlen-seed43-20260805-020722/last.pt
2026-08-05 02:58:11 INFO  scripts.synthetic_model_comparison.training.training_pipeline | epoch 153/200 done — next lr=0.00134495, epochs_since_improve=16/20
2026-08-05 02:58:11 INFO  scripts.synthetic_model_comparison.training.training_pipeline | epoch 154/200 — train start (lr=0.00134495, batches=15)
2026-08-05 02:58:19 INFO  scripts.synthetic_model_comparison.training.training_pipeline | step 2300 | loss_box=0.5164 loss_cls=0.2970 loss_dfl=0.0153 loss_total=53.2432 lr=0.00132335
2026-08-05 02:58:24 INFO  scripts.synthetic_model_comparison.training.training_pipeline | epoch 154/200 — train done in 13.2s | avg loss_box=0.5277 loss_cls=0.2933 loss_dfl=0.0155 loss_total=54.5466
2026-08-05 02:58:24 INFO  scripts.synthetic_model_comparison.training.evaluation | evaluating on 4 batches
2026-08-05 02:58:30 INFO  scripts.synthetic_model_comparison.training.training_pipeline | epoch 154/200 — val mAP50=0.9212 mAP50_95=0.7578 (selection mAP50_95=0.7578)
2026-08-05 02:58:31 INFO  scripts.synthetic_model_comparison.training.evaluation | mlflow: logged val/mAP50=0.9212 val/mAP50_95=0.7578 (step=153)
2026-08-05 02:58:31 INFO  scripts.synthetic_model_comparison.training.evaluation | mlflow: logged val per-class AP table (12 classes)
2026-08-05 02:58:31 INFO  scripts.synthetic_model_comparison.training.training_pipeline | saved checkpoint: /home/debian/Master-Thesis/scripts/synthetic_model_comparison/training/model_exports/yolo26n-hidream-i1-maxlen-seed43-20260805-020722/last.pt
2026-08-05 02:58:32 INFO  scripts.synthetic_model_comparison.training.training_pipeline | epoch 154/200 done — next lr=0.00129122, epochs_since_improve=17/20
2026-08-05 02:58:32 INFO  scripts.synthetic_model_comparison.training.training_pipeline | epoch 155/200 — train start (lr=0.00129122, batches=15)
2026-08-05 02:58:43 INFO  scripts.synthetic_model_comparison.training.training_pipeline | epoch 155/200 — train done in 11.8s | avg loss_box=0.5245 loss_cls=0.2970 loss_dfl=0.0151 loss_total=54.2720
2026-08-05 02:58:43 INFO  scripts.synthetic_model_comparison.training.evaluation | evaluating on 4 batches
2026-08-05 02:58:50 INFO  scripts.synthetic_model_comparison.training.training_pipeline | epoch 155/200 — val mAP50=0.9054 mAP50_95=0.7405 (selection mAP50_95=0.7405)
2026-08-05 02:58:50 INFO  scripts.synthetic_model_comparison.training.evaluation | mlflow: logged val/mAP50=0.9054 val/mAP50_95=0.7405 (step=154)
2026-08-05 02:58:50 INFO  scripts.synthetic_model_comparison.training.evaluation | mlflow: logged val per-class AP table (12 classes)
2026-08-05 02:58:51 INFO  scripts.synthetic_model_comparison.training.training_pipeline | saved checkpoint: /home/debian/Master-Thesis/scripts/synthetic_model_comparison/training/model_exports/yolo26n-hidream-i1-maxlen-seed43-20260805-020722/last.pt
2026-08-05 02:58:51 INFO  scripts.synthetic_model_comparison.training.training_pipeline | epoch 155/200 done — next lr=0.00123842, epochs_since_improve=18/20
2026-08-05 02:58:51 INFO  scripts.synthetic_model_comparison.training.training_pipeline | epoch 156/200 — train start (lr=0.00123842, batches=15)
2026-08-05 02:59:03 INFO  scripts.synthetic_model_comparison.training.training_pipeline | epoch 156/200 — train done in 11.7s | avg loss_box=0.5130 loss_cls=0.2895 loss_dfl=0.0149 loss_total=53.3580
2026-08-05 02:59:03 INFO  scripts.synthetic_model_comparison.training.evaluation | evaluating on 4 batches
2026-08-05 02:59:09 INFO  scripts.synthetic_model_comparison.training.training_pipeline | epoch 156/200 — val mAP50=0.9299 mAP50_95=0.7595 (selection mAP50_95=0.7595)
2026-08-05 02:59:09 INFO  scripts.synthetic_model_comparison.training.evaluation | mlflow: logged val/mAP50=0.9299 val/mAP50_95=0.7595 (step=155)
2026-08-05 02:59:10 INFO  scripts.synthetic_model_comparison.training.evaluation | mlflow: logged val per-class AP table (12 classes)
2026-08-05 02:59:10 INFO  scripts.synthetic_model_comparison.training.training_pipeline | saved checkpoint: /home/debian/Master-Thesis/scripts/synthetic_model_comparison/training/model_exports/yolo26n-hidream-i1-maxlen-seed43-20260805-020722/best.pt
2026-08-05 02:59:10 INFO  scripts.synthetic_model_comparison.training.training_pipeline | new best mAP50_95=0.7595 at epoch 156
2026-08-05 02:59:10 INFO  scripts.synthetic_model_comparison.training.training_pipeline | saved checkpoint: /home/debian/Master-Thesis/scripts/synthetic_model_comparison/training/model_exports/yolo26n-hidream-i1-maxlen-seed43-20260805-020722/last.pt
2026-08-05 02:59:10 INFO  scripts.synthetic_model_comparison.training.training_pipeline | epoch 156/200 done — next lr=0.00118658, epochs_since_improve=0/20
2026-08-05 02:59:10 INFO  scripts.synthetic_model_comparison.training.training_pipeline | epoch 157/200 — train start (lr=0.00118658, batches=15)
2026-08-05 02:59:20 INFO  scripts.synthetic_model_comparison.training.training_pipeline | step 2350 | loss_box=0.5010 loss_cls=0.2975 loss_dfl=0.0146 loss_total=53.2971 lr=0.00114919
2026-08-05 02:59:23 INFO  scripts.synthetic_model_comparison.training.training_pipeline | epoch 157/200 — train done in 13.2s | avg loss_box=0.5024 loss_cls=0.2734 loss_dfl=0.0145 loss_total=52.0568
2026-08-05 02:59:23 INFO  scripts.synthetic_model_comparison.training.evaluation | evaluating on 4 batches
2026-08-05 02:59:29 INFO  scripts.synthetic_model_comparison.training.training_pipeline | epoch 157/200 — val mAP50=0.9288 mAP50_95=0.7608 (selection mAP50_95=0.7608)
2026-08-05 02:59:30 INFO  scripts.synthetic_model_comparison.training.evaluation | mlflow: logged val/mAP50=0.9288 val/mAP50_95=0.7608 (step=156)
2026-08-05 02:59:30 INFO  scripts.synthetic_model_comparison.training.evaluation | mlflow: logged val per-class AP table (12 classes)
2026-08-05 02:59:31 INFO  scripts.synthetic_model_comparison.training.training_pipeline | saved checkpoint: /home/debian/Master-Thesis/scripts/synthetic_model_comparison/training/model_exports/yolo26n-hidream-i1-maxlen-seed43-20260805-020722/best.pt
2026-08-05 02:59:31 INFO  scripts.synthetic_model_comparison.training.training_pipeline | new best mAP50_95=0.7608 at epoch 157
2026-08-05 02:59:31 INFO  scripts.synthetic_model_comparison.training.training_pipeline | saved checkpoint: /home/debian/Master-Thesis/scripts/synthetic_model_comparison/training/model_exports/yolo26n-hidream-i1-maxlen-seed43-20260805-020722/last.pt
2026-08-05 02:59:31 INFO  scripts.synthetic_model_comparison.training.training_pipeline | epoch 157/200 done — next lr=0.00113572, epochs_since_improve=0/20
2026-08-05 02:59:31 INFO  scripts.synthetic_model_comparison.training.training_pipeline | epoch 158/200 — train start (lr=0.00113572, batches=15)
2026-08-05 02:59:42 INFO  scripts.synthetic_model_comparison.training.training_pipeline | epoch 158/200 — train done in 11.3s | avg loss_box=0.4873 loss_cls=0.2780 loss_dfl=0.0141 loss_total=51.2462
2026-08-05 02:59:42 INFO  scripts.synthetic_model_comparison.training.evaluation | evaluating on 4 batches
2026-08-05 02:59:48 INFO  scripts.synthetic_model_comparison.training.training_pipeline | epoch 158/200 — val mAP50=0.9300 mAP50_95=0.7675 (selection mAP50_95=0.7675)
2026-08-05 02:59:49 INFO  scripts.synthetic_model_comparison.training.evaluation | mlflow: logged val/mAP50=0.9300 val/mAP50_95=0.7675 (step=157)
2026-08-05 02:59:49 INFO  scripts.synthetic_model_comparison.training.evaluation | mlflow: logged val per-class AP table (12 classes)
2026-08-05 02:59:50 INFO  scripts.synthetic_model_comparison.training.training_pipeline | saved checkpoint: /home/debian/Master-Thesis/scripts/synthetic_model_comparison/training/model_exports/yolo26n-hidream-i1-maxlen-seed43-20260805-020722/best.pt
2026-08-05 02:59:50 INFO  scripts.synthetic_model_comparison.training.training_pipeline | new best mAP50_95=0.7675 at epoch 158
2026-08-05 02:59:50 INFO  scripts.synthetic_model_comparison.training.training_pipeline | saved checkpoint: /home/debian/Master-Thesis/scripts/synthetic_model_comparison/training/model_exports/yolo26n-hidream-i1-maxlen-seed43-20260805-020722/last.pt
2026-08-05 02:59:50 INFO  scripts.synthetic_model_comparison.training.training_pipeline | epoch 158/200 done — next lr=0.00108584, epochs_since_improve=0/20
2026-08-05 02:59:50 INFO  scripts.synthetic_model_comparison.training.training_pipeline | epoch 159/200 — train start (lr=0.00108584, batches=15)
2026-08-05 03:00:02 INFO  scripts.synthetic_model_comparison.training.training_pipeline | epoch 159/200 — train done in 12.0s | avg loss_box=0.4949 loss_cls=0.2648 loss_dfl=0.0141 loss_total=50.7836
2026-08-05 03:00:02 INFO  scripts.synthetic_model_comparison.training.evaluation | evaluating on 4 batches
2026-08-05 03:00:08 INFO  scripts.synthetic_model_comparison.training.training_pipeline | epoch 159/200 — val mAP50=0.9341 mAP50_95=0.7653 (selection mAP50_95=0.7653)
2026-08-05 03:00:09 INFO  scripts.synthetic_model_comparison.training.evaluation | mlflow: logged val/mAP50=0.9341 val/mAP50_95=0.7653 (step=158)
2026-08-05 03:00:09 INFO  scripts.synthetic_model_comparison.training.evaluation | mlflow: logged val per-class AP table (12 classes)
2026-08-05 03:00:09 INFO  scripts.synthetic_model_comparison.training.training_pipeline | saved checkpoint: /home/debian/Master-Thesis/scripts/synthetic_model_comparison/training/model_exports/yolo26n-hidream-i1-maxlen-seed43-20260805-020722/last.pt
2026-08-05 03:00:10 INFO  scripts.synthetic_model_comparison.training.training_pipeline | epoch 159/200 done — next lr=0.00103695, epochs_since_improve=1/20
2026-08-05 03:00:10 INFO  scripts.synthetic_model_comparison.training.training_pipeline | epoch 160/200 — train start (lr=0.00103695, batches=15)
2026-08-05 03:00:21 INFO  scripts.synthetic_model_comparison.training.training_pipeline | epoch 160/200 — train done in 11.3s | avg loss_box=0.4951 loss_cls=0.2749 loss_dfl=0.0143 loss_total=51.3126
2026-08-05 03:00:21 INFO  scripts.synthetic_model_comparison.training.evaluation | evaluating on 4 batches
2026-08-05 03:00:27 INFO  scripts.synthetic_model_comparison.training.training_pipeline | epoch 160/200 — val mAP50=0.9391 mAP50_95=0.7729 (selection mAP50_95=0.7729)
2026-08-05 03:00:28 INFO  scripts.synthetic_model_comparison.training.evaluation | mlflow: logged val/mAP50=0.9391 val/mAP50_95=0.7729 (step=159)
2026-08-05 03:00:28 INFO  scripts.synthetic_model_comparison.training.evaluation | mlflow: logged val per-class AP table (12 classes)
2026-08-05 03:00:28 INFO  scripts.synthetic_model_comparison.training.training_pipeline | saved checkpoint: /home/debian/Master-Thesis/scripts/synthetic_model_comparison/training/model_exports/yolo26n-hidream-i1-maxlen-seed43-20260805-020722/best.pt
2026-08-05 03:00:28 INFO  scripts.synthetic_model_comparison.training.training_pipeline | new best mAP50_95=0.7729 at epoch 160
2026-08-05 03:00:28 INFO  scripts.synthetic_model_comparison.training.training_pipeline | saved checkpoint: /home/debian/Master-Thesis/scripts/synthetic_model_comparison/training/model_exports/yolo26n-hidream-i1-maxlen-seed43-20260805-020722/last.pt
2026-08-05 03:00:29 INFO  scripts.synthetic_model_comparison.training.training_pipeline | epoch 160/200 done — next lr=0.000989077, epochs_since_improve=0/20
2026-08-05 03:00:29 INFO  scripts.synthetic_model_comparison.training.training_pipeline | epoch 161/200 — train start (lr=0.000989077, batches=15)
2026-08-05 03:00:35 INFO  scripts.synthetic_model_comparison.training.training_pipeline | step 2400 | loss_box=0.4625 loss_cls=0.2643 loss_dfl=0.0134 loss_total=49.2271 lr=0.000985921
2026-08-05 03:00:42 INFO  scripts.synthetic_model_comparison.training.training_pipeline | epoch 161/200 — train done in 13.3s | avg loss_box=0.4953 loss_cls=0.2835 loss_dfl=0.0140 loss_total=51.9022
2026-08-05 03:00:42 INFO  scripts.synthetic_model_comparison.training.evaluation | evaluating on 4 batches
2026-08-05 03:00:48 INFO  scripts.synthetic_model_comparison.training.training_pipeline | epoch 161/200 — val mAP50=0.9405 mAP50_95=0.7742 (selection mAP50_95=0.7742)
2026-08-05 03:00:49 INFO  scripts.synthetic_model_comparison.training.evaluation | mlflow: logged val/mAP50=0.9405 val/mAP50_95=0.7742 (step=160)
2026-08-05 03:00:49 INFO  scripts.synthetic_model_comparison.training.evaluation | mlflow: logged val per-class AP table (12 classes)
2026-08-05 03:00:49 INFO  scripts.synthetic_model_comparison.training.training_pipeline | saved checkpoint: /home/debian/Master-Thesis/scripts/synthetic_model_comparison/training/model_exports/yolo26n-hidream-i1-maxlen-seed43-20260805-020722/best.pt
2026-08-05 03:00:49 INFO  scripts.synthetic_model_comparison.training.training_pipeline | new best mAP50_95=0.7742 at epoch 161
2026-08-05 03:00:49 INFO  scripts.synthetic_model_comparison.training.training_pipeline | saved checkpoint: /home/debian/Master-Thesis/scripts/synthetic_model_comparison/training/model_exports/yolo26n-hidream-i1-maxlen-seed43-20260805-020722/last.pt
2026-08-05 03:00:49 INFO  scripts.synthetic_model_comparison.training.training_pipeline | epoch 161/200 done — next lr=0.000942223, epochs_since_improve=0/20
2026-08-05 03:00:49 INFO  scripts.synthetic_model_comparison.training.training_pipeline | epoch 162/200 — train start (lr=0.000942223, batches=15)
2026-08-05 03:01:02 INFO  scripts.synthetic_model_comparison.training.training_pipeline | epoch 162/200 — train done in 12.2s | avg loss_box=0.4920 loss_cls=0.2808 loss_dfl=0.0142 loss_total=51.7232
2026-08-05 03:01:02 INFO  scripts.synthetic_model_comparison.training.evaluation | evaluating on 4 batches
2026-08-05 03:01:08 INFO  scripts.synthetic_model_comparison.training.training_pipeline | epoch 162/200 — val mAP50=0.9400 mAP50_95=0.7681 (selection mAP50_95=0.7681)
2026-08-05 03:01:08 INFO  scripts.synthetic_model_comparison.training.evaluation | mlflow: logged val/mAP50=0.9400 val/mAP50_95=0.7681 (step=161)
2026-08-05 03:01:09 INFO  scripts.synthetic_model_comparison.training.evaluation | mlflow: logged val per-class AP table (12 classes)
2026-08-05 03:01:09 INFO  scripts.synthetic_model_comparison.training.training_pipeline | saved checkpoint: /home/debian/Master-Thesis/scripts/synthetic_model_comparison/training/model_exports/yolo26n-hidream-i1-maxlen-seed43-20260805-020722/last.pt
2026-08-05 03:01:09 INFO  scripts.synthetic_model_comparison.training.training_pipeline | epoch 162/200 done — next lr=0.000896401, epochs_since_improve=1/20
2026-08-05 03:01:09 INFO  scripts.synthetic_model_comparison.training.training_pipeline | epoch 163/200 — train start (lr=0.000896401, batches=15)
2026-08-05 03:01:21 INFO  scripts.synthetic_model_comparison.training.training_pipeline | epoch 163/200 — train done in 12.0s | avg loss_box=0.4883 loss_cls=0.2677 loss_dfl=0.0140 loss_total=50.3707
2026-08-05 03:01:21 INFO  scripts.synthetic_model_comparison.training.evaluation | evaluating on 4 batches
2026-08-05 03:01:27 INFO  scripts.synthetic_model_comparison.training.training_pipeline | epoch 163/200 — val mAP50=0.9383 mAP50_95=0.7725 (selection mAP50_95=0.7725)
2026-08-05 03:01:28 INFO  scripts.synthetic_model_comparison.training.evaluation | mlflow: logged val/mAP50=0.9383 val/mAP50_95=0.7725 (step=162)
2026-08-05 03:01:28 INFO  scripts.synthetic_model_comparison.training.evaluation | mlflow: logged val per-class AP table (12 classes)
2026-08-05 03:01:28 INFO  scripts.synthetic_model_comparison.training.training_pipeline | saved checkpoint: /home/debian/Master-Thesis/scripts/synthetic_model_comparison/training/model_exports/yolo26n-hidream-i1-maxlen-seed43-20260805-020722/last.pt
2026-08-05 03:01:29 INFO  scripts.synthetic_model_comparison.training.training_pipeline | epoch 163/200 done — next lr=0.000851625, epochs_since_improve=2/20
2026-08-05 03:01:29 INFO  scripts.synthetic_model_comparison.training.training_pipeline | epoch 164/200 — train start (lr=0.000851625, batches=15)
2026-08-05 03:01:37 INFO  scripts.synthetic_model_comparison.training.training_pipeline | step 2450 | loss_box=0.4850 loss_cls=0.2293 loss_dfl=0.0142 loss_total=48.5336 lr=0.000834009
2026-08-05 03:01:42 INFO  scripts.synthetic_model_comparison.training.training_pipeline | epoch 164/200 — train done in 13.0s | avg loss_box=0.4792 loss_cls=0.3034 loss_dfl=0.0138 loss_total=52.0395
2026-08-05 03:01:42 INFO  scripts.synthetic_model_comparison.training.evaluation | evaluating on 4 batches
2026-08-05 03:01:48 INFO  scripts.synthetic_model_comparison.training.training_pipeline | epoch 164/200 — val mAP50=0.9260 mAP50_95=0.7639 (selection mAP50_95=0.7639)
2026-08-05 03:01:49 INFO  scripts.synthetic_model_comparison.training.evaluation | mlflow: logged val/mAP50=0.9260 val/mAP50_95=0.7639 (step=163)
2026-08-05 03:01:49 INFO  scripts.synthetic_model_comparison.training.evaluation | mlflow: logged val per-class AP table (12 classes)
2026-08-05 03:01:49 INFO  scripts.synthetic_model_comparison.training.training_pipeline | saved checkpoint: /home/debian/Master-Thesis/scripts/synthetic_model_comparison/training/model_exports/yolo26n-hidream-i1-maxlen-seed43-20260805-020722/last.pt
2026-08-05 03:01:49 INFO  scripts.synthetic_model_comparison.training.training_pipeline | epoch 164/200 done — next lr=0.000807905, epochs_since_improve=3/20
2026-08-05 03:01:49 INFO  scripts.synthetic_model_comparison.training.training_pipeline | epoch 165/200 — train start (lr=0.000807905, batches=15)
2026-08-05 03:02:01 INFO  scripts.synthetic_model_comparison.training.training_pipeline | epoch 165/200 — train done in 12.1s | avg loss_box=0.4738 loss_cls=0.2581 loss_dfl=0.0137 loss_total=49.0776
2026-08-05 03:02:01 INFO  scripts.synthetic_model_comparison.training.evaluation | evaluating on 4 batches
2026-08-05 03:02:08 INFO  scripts.synthetic_model_comparison.training.training_pipeline | epoch 165/200 — val mAP50=0.9227 mAP50_95=0.7625 (selection mAP50_95=0.7625)
2026-08-05 03:02:08 INFO  scripts.synthetic_model_comparison.training.evaluation | mlflow: logged val/mAP50=0.9227 val/mAP50_95=0.7625 (step=164)
2026-08-05 03:02:09 INFO  scripts.synthetic_model_comparison.training.evaluation | mlflow: logged val per-class AP table (12 classes)
2026-08-05 03:02:09 INFO  scripts.synthetic_model_comparison.training.training_pipeline | saved checkpoint: /home/debian/Master-Thesis/scripts/synthetic_model_comparison/training/model_exports/yolo26n-hidream-i1-maxlen-seed43-20260805-020722/last.pt
2026-08-05 03:02:09 INFO  scripts.synthetic_model_comparison.training.training_pipeline | epoch 165/200 done — next lr=0.000765252, epochs_since_improve=4/20
2026-08-05 03:02:09 INFO  scripts.synthetic_model_comparison.training.training_pipeline | epoch 166/200 — train start (lr=0.000765252, batches=15)
2026-08-05 03:02:21 INFO  scripts.synthetic_model_comparison.training.training_pipeline | epoch 166/200 — train done in 12.1s | avg loss_box=0.4681 loss_cls=0.2478 loss_dfl=0.0135 loss_total=47.9736
2026-08-05 03:02:21 INFO  scripts.synthetic_model_comparison.training.evaluation | evaluating on 4 batches
2026-08-05 03:02:27 INFO  scripts.synthetic_model_comparison.training.training_pipeline | epoch 166/200 — val mAP50=0.9364 mAP50_95=0.7730 (selection mAP50_95=0.7730)
2026-08-05 03:02:28 INFO  scripts.synthetic_model_comparison.training.evaluation | mlflow: logged val/mAP50=0.9364 val/mAP50_95=0.7730 (step=165)
2026-08-05 03:02:28 INFO  scripts.synthetic_model_comparison.training.evaluation | mlflow: logged val per-class AP table (12 classes)
2026-08-05 03:02:28 INFO  scripts.synthetic_model_comparison.training.training_pipeline | saved checkpoint: /home/debian/Master-Thesis/scripts/synthetic_model_comparison/training/model_exports/yolo26n-hidream-i1-maxlen-seed43-20260805-020722/last.pt
2026-08-05 03:02:29 INFO  scripts.synthetic_model_comparison.training.training_pipeline | epoch 166/200 done — next lr=0.000723677, epochs_since_improve=5/20
2026-08-05 03:02:29 INFO  scripts.synthetic_model_comparison.training.training_pipeline | epoch 167/200 — train start (lr=0.000723677, batches=15)
2026-08-05 03:02:39 INFO  scripts.synthetic_model_comparison.training.training_pipeline | step 2500 | loss_box=0.5260 loss_cls=0.2902 loss_dfl=0.0154 loss_total=53.9505 lr=0.000693881
2026-08-05 03:02:42 INFO  scripts.synthetic_model_comparison.training.training_pipeline | epoch 167/200 — train done in 13.5s | avg loss_box=0.4712 loss_cls=0.2442 loss_dfl=0.0133 loss_total=48.0567
2026-08-05 03:02:42 INFO  scripts.synthetic_model_comparison.training.evaluation | evaluating on 4 batches
2026-08-05 03:02:48 INFO  scripts.synthetic_model_comparison.training.training_pipeline | epoch 167/200 — val mAP50=0.9258 mAP50_95=0.7647 (selection mAP50_95=0.7647)
2026-08-05 03:02:49 INFO  scripts.synthetic_model_comparison.training.evaluation | mlflow: logged val/mAP50=0.9258 val/mAP50_95=0.7647 (step=166)
2026-08-05 03:02:49 INFO  scripts.synthetic_model_comparison.training.evaluation | mlflow: logged val per-class AP table (12 classes)
2026-08-05 03:02:49 INFO  scripts.synthetic_model_comparison.training.training_pipeline | saved checkpoint: /home/debian/Master-Thesis/scripts/synthetic_model_comparison/training/model_exports/yolo26n-hidream-i1-maxlen-seed43-20260805-020722/last.pt
2026-08-05 03:02:50 INFO  scripts.synthetic_model_comparison.training.training_pipeline | epoch 167/200 done — next lr=0.000683191, epochs_since_improve=6/20
2026-08-05 03:02:50 INFO  scripts.synthetic_model_comparison.training.training_pipeline | epoch 168/200 — train start (lr=0.000683191, batches=15)
2026-08-05 03:03:02 INFO  scripts.synthetic_model_comparison.training.training_pipeline | epoch 168/200 — train done in 11.9s | avg loss_box=0.4688 loss_cls=0.2412 loss_dfl=0.0138 loss_total=47.7179
2026-08-05 03:03:02 INFO  scripts.synthetic_model_comparison.training.evaluation | evaluating on 4 batches
2026-08-05 03:03:08 INFO  scripts.synthetic_model_comparison.training.training_pipeline | epoch 168/200 — val mAP50=0.9377 mAP50_95=0.7744 (selection mAP50_95=0.7744)
2026-08-05 03:03:08 INFO  scripts.synthetic_model_comparison.training.evaluation | mlflow: logged val/mAP50=0.9377 val/mAP50_95=0.7744 (step=167)
2026-08-05 03:03:09 INFO  scripts.synthetic_model_comparison.training.evaluation | mlflow: logged val per-class AP table (12 classes)
2026-08-05 03:03:09 INFO  scripts.synthetic_model_comparison.training.training_pipeline | saved checkpoint: /home/debian/Master-Thesis/scripts/synthetic_model_comparison/training/model_exports/yolo26n-hidream-i1-maxlen-seed43-20260805-020722/last.pt
2026-08-05 03:03:09 INFO  scripts.synthetic_model_comparison.training.training_pipeline | epoch 168/200 done — next lr=0.000643805, epochs_since_improve=7/20
2026-08-05 03:03:09 INFO  scripts.synthetic_model_comparison.training.training_pipeline | epoch 169/200 — train start (lr=0.000643805, batches=15)
2026-08-05 03:03:21 INFO  scripts.synthetic_model_comparison.training.training_pipeline | epoch 169/200 — train done in 11.8s | avg loss_box=0.4525 loss_cls=0.2470 loss_dfl=0.0131 loss_total=46.9663
2026-08-05 03:03:21 INFO  scripts.synthetic_model_comparison.training.evaluation | evaluating on 4 batches
2026-08-05 03:03:27 INFO  scripts.synthetic_model_comparison.training.training_pipeline | epoch 169/200 — val mAP50=0.9395 mAP50_95=0.7768 (selection mAP50_95=0.7768)
2026-08-05 03:03:28 INFO  scripts.synthetic_model_comparison.training.evaluation | mlflow: logged val/mAP50=0.9395 val/mAP50_95=0.7768 (step=168)
2026-08-05 03:03:28 INFO  scripts.synthetic_model_comparison.training.evaluation | mlflow: logged val per-class AP table (12 classes)
2026-08-05 03:03:28 INFO  scripts.synthetic_model_comparison.training.training_pipeline | saved checkpoint: /home/debian/Master-Thesis/scripts/synthetic_model_comparison/training/model_exports/yolo26n-hidream-i1-maxlen-seed43-20260805-020722/best.pt
2026-08-05 03:03:28 INFO  scripts.synthetic_model_comparison.training.training_pipeline | new best mAP50_95=0.7768 at epoch 169
2026-08-05 03:03:28 INFO  scripts.synthetic_model_comparison.training.training_pipeline | saved checkpoint: /home/debian/Master-Thesis/scripts/synthetic_model_comparison/training/model_exports/yolo26n-hidream-i1-maxlen-seed43-20260805-020722/last.pt
2026-08-05 03:03:29 INFO  scripts.synthetic_model_comparison.training.training_pipeline | epoch 169/200 done — next lr=0.000605527, epochs_since_improve=0/20
2026-08-05 03:03:29 INFO  scripts.synthetic_model_comparison.training.training_pipeline | epoch 170/200 — train start (lr=0.000605527, batches=15)
2026-08-05 03:03:40 INFO  scripts.synthetic_model_comparison.training.training_pipeline | epoch 170/200 — train done in 11.7s | avg loss_box=0.4645 loss_cls=0.2450 loss_dfl=0.0134 loss_total=47.3870
2026-08-05 03:03:40 INFO  scripts.synthetic_model_comparison.training.evaluation | evaluating on 4 batches
2026-08-05 03:03:47 INFO  scripts.synthetic_model_comparison.training.training_pipeline | epoch 170/200 — val mAP50=0.9358 mAP50_95=0.7741 (selection mAP50_95=0.7741)
2026-08-05 03:03:47 INFO  scripts.synthetic_model_comparison.training.evaluation | mlflow: logged val/mAP50=0.9358 val/mAP50_95=0.7741 (step=169)
2026-08-05 03:03:48 INFO  scripts.synthetic_model_comparison.training.evaluation | mlflow: logged val per-class AP table (12 classes)
2026-08-05 03:03:48 INFO  scripts.synthetic_model_comparison.training.training_pipeline | saved checkpoint: /home/debian/Master-Thesis/scripts/synthetic_model_comparison/training/model_exports/yolo26n-hidream-i1-maxlen-seed43-20260805-020722/last.pt
2026-08-05 03:03:48 INFO  scripts.synthetic_model_comparison.training.training_pipeline | epoch 170/200 done — next lr=0.000568368, epochs_since_improve=1/20
2026-08-05 03:03:48 INFO  scripts.synthetic_model_comparison.training.training_pipeline | epoch 171/200 — train start (lr=0.000568368, batches=15)
2026-08-05 03:03:55 INFO  scripts.synthetic_model_comparison.training.training_pipeline | step 2550 | loss_box=0.4307 loss_cls=0.1969 loss_dfl=0.0116 loss_total=42.4721 lr=0.000565931
2026-08-05 03:04:02 INFO  scripts.synthetic_model_comparison.training.training_pipeline | epoch 171/200 — train done in 13.7s | avg loss_box=0.4580 loss_cls=0.2408 loss_dfl=0.0129 loss_total=46.8833
2026-08-05 03:04:02 INFO  scripts.synthetic_model_comparison.training.evaluation | evaluating on 4 batches
2026-08-05 03:04:08 INFO  scripts.synthetic_model_comparison.training.training_pipeline | epoch 171/200 — val mAP50=0.9361 mAP50_95=0.7731 (selection mAP50_95=0.7731)
2026-08-05 03:04:09 INFO  scripts.synthetic_model_comparison.training.evaluation | mlflow: logged val/mAP50=0.9361 val/mAP50_95=0.7731 (step=170)
2026-08-05 03:04:09 INFO  scripts.synthetic_model_comparison.training.evaluation | mlflow: logged val per-class AP table (12 classes)
2026-08-05 03:04:09 INFO  scripts.synthetic_model_comparison.training.training_pipeline | saved checkpoint: /home/debian/Master-Thesis/scripts/synthetic_model_comparison/training/model_exports/yolo26n-hidream-i1-maxlen-seed43-20260805-020722/last.pt
2026-08-05 03:04:09 INFO  scripts.synthetic_model_comparison.training.training_pipeline | epoch 171/200 done — next lr=0.000532337, epochs_since_improve=2/20
2026-08-05 03:04:09 INFO  scripts.synthetic_model_comparison.training.training_pipeline | epoch 172/200 — train start (lr=0.000532337, batches=15)
2026-08-05 03:04:21 INFO  scripts.synthetic_model_comparison.training.training_pipeline | epoch 172/200 — train done in 11.5s | avg loss_box=0.4664 loss_cls=0.2279 loss_dfl=0.0133 loss_total=46.7703
2026-08-05 03:04:21 INFO  scripts.synthetic_model_comparison.training.evaluation | evaluating on 4 batches
2026-08-05 03:04:27 INFO  scripts.synthetic_model_comparison.training.training_pipeline | epoch 172/200 — val mAP50=0.9364 mAP50_95=0.7736 (selection mAP50_95=0.7736)
2026-08-05 03:04:28 INFO  scripts.synthetic_model_comparison.training.evaluation | mlflow: logged val/mAP50=0.9364 val/mAP50_95=0.7736 (step=171)
2026-08-05 03:04:28 INFO  scripts.synthetic_model_comparison.training.evaluation | mlflow: logged val per-class AP table (12 classes)
2026-08-05 03:04:28 INFO  scripts.synthetic_model_comparison.training.training_pipeline | saved checkpoint: /home/debian/Master-Thesis/scripts/synthetic_model_comparison/training/model_exports/yolo26n-hidream-i1-maxlen-seed43-20260805-020722/last.pt
2026-08-05 03:04:28 INFO  scripts.synthetic_model_comparison.training.training_pipeline | epoch 172/200 done — next lr=0.000497444, epochs_since_improve=3/20
2026-08-05 03:04:28 INFO  scripts.synthetic_model_comparison.training.training_pipeline | epoch 173/200 — train start (lr=0.000497444, batches=15)
2026-08-05 03:04:41 INFO  scripts.synthetic_model_comparison.training.training_pipeline | epoch 173/200 — train done in 12.2s | avg loss_box=0.4561 loss_cls=0.2489 loss_dfl=0.0133 loss_total=47.1637
2026-08-05 03:04:41 INFO  scripts.synthetic_model_comparison.training.evaluation | evaluating on 4 batches
2026-08-05 03:04:47 INFO  scripts.synthetic_model_comparison.training.training_pipeline | epoch 173/200 — val mAP50=0.9354 mAP50_95=0.7717 (selection mAP50_95=0.7717)
2026-08-05 03:04:47 INFO  scripts.synthetic_model_comparison.training.evaluation | mlflow: logged val/mAP50=0.9354 val/mAP50_95=0.7717 (step=172)
2026-08-05 03:04:48 INFO  scripts.synthetic_model_comparison.training.evaluation | mlflow: logged val per-class AP table (12 classes)
2026-08-05 03:04:48 INFO  scripts.synthetic_model_comparison.training.training_pipeline | saved checkpoint: /home/debian/Master-Thesis/scripts/synthetic_model_comparison/training/model_exports/yolo26n-hidream-i1-maxlen-seed43-20260805-020722/last.pt
2026-08-05 03:04:48 INFO  scripts.synthetic_model_comparison.training.training_pipeline | epoch 173/200 done — next lr=0.000463697, epochs_since_improve=4/20
2026-08-05 03:04:48 INFO  scripts.synthetic_model_comparison.training.training_pipeline | epoch 174/200 — train start (lr=0.000463697, batches=15)
2026-08-05 03:04:56 INFO  scripts.synthetic_model_comparison.training.training_pipeline | step 2600 | loss_box=0.4635 loss_cls=0.2292 loss_dfl=0.0122 loss_total=47.0588 lr=0.000450521
2026-08-05 03:05:01 INFO  scripts.synthetic_model_comparison.training.training_pipeline | epoch 174/200 — train done in 13.4s | avg loss_box=0.4462 loss_cls=0.2356 loss_dfl=0.0127 loss_total=45.8471
2026-08-05 03:05:01 INFO  scripts.synthetic_model_comparison.training.evaluation | evaluating on 4 batches
2026-08-05 03:05:08 INFO  scripts.synthetic_model_comparison.training.training_pipeline | epoch 174/200 — val mAP50=0.9373 mAP50_95=0.7678 (selection mAP50_95=0.7678)
2026-08-05 03:05:08 INFO  scripts.synthetic_model_comparison.training.evaluation | mlflow: logged val/mAP50=0.9373 val/mAP50_95=0.7678 (step=173)
2026-08-05 03:05:09 INFO  scripts.synthetic_model_comparison.training.evaluation | mlflow: logged val per-class AP table (12 classes)
2026-08-05 03:05:09 INFO  scripts.synthetic_model_comparison.training.training_pipeline | saved checkpoint: /home/debian/Master-Thesis/scripts/synthetic_model_comparison/training/model_exports/yolo26n-hidream-i1-maxlen-seed43-20260805-020722/last.pt
2026-08-05 03:05:09 INFO  scripts.synthetic_model_comparison.training.training_pipeline | epoch 174/200 done — next lr=0.000431105, epochs_since_improve=5/20
2026-08-05 03:05:09 INFO  scripts.synthetic_model_comparison.training.training_pipeline | epoch 175/200 — train start (lr=0.000431105, batches=15)
2026-08-05 03:05:21 INFO  scripts.synthetic_model_comparison.training.training_pipeline | epoch 175/200 — train done in 11.9s | avg loss_box=0.4440 loss_cls=0.2374 loss_dfl=0.0129 loss_total=45.7959
2026-08-05 03:05:21 INFO  scripts.synthetic_model_comparison.training.evaluation | evaluating on 4 batches
2026-08-05 03:05:27 INFO  scripts.synthetic_model_comparison.training.training_pipeline | epoch 175/200 — val mAP50=0.9235 mAP50_95=0.7549 (selection mAP50_95=0.7549)
2026-08-05 03:05:28 INFO  scripts.synthetic_model_comparison.training.evaluation | mlflow: logged val/mAP50=0.9235 val/mAP50_95=0.7549 (step=174)
2026-08-05 03:05:28 INFO  scripts.synthetic_model_comparison.training.evaluation | mlflow: logged val per-class AP table (12 classes)
2026-08-05 03:05:28 INFO  scripts.synthetic_model_comparison.training.training_pipeline | saved checkpoint: /home/debian/Master-Thesis/scripts/synthetic_model_comparison/training/model_exports/yolo26n-hidream-i1-maxlen-seed43-20260805-020722/last.pt
2026-08-05 03:05:29 INFO  scripts.synthetic_model_comparison.training.training_pipeline | epoch 175/200 done — next lr=0.000399676, epochs_since_improve=6/20
2026-08-05 03:05:29 INFO  scripts.synthetic_model_comparison.training.training_pipeline | epoch 176/200 — train start (lr=0.000399676, batches=15)
2026-08-05 03:05:41 INFO  scripts.synthetic_model_comparison.training.training_pipeline | epoch 176/200 — train done in 12.1s | avg loss_box=0.4418 loss_cls=0.2225 loss_dfl=0.0127 loss_total=44.8490
2026-08-05 03:05:41 INFO  scripts.synthetic_model_comparison.training.evaluation | evaluating on 4 batches
2026-08-05 03:05:47 INFO  scripts.synthetic_model_comparison.training.training_pipeline | epoch 176/200 — val mAP50=0.9337 mAP50_95=0.7715 (selection mAP50_95=0.7715)
2026-08-05 03:05:48 INFO  scripts.synthetic_model_comparison.training.evaluation | mlflow: logged val/mAP50=0.9337 val/mAP50_95=0.7715 (step=175)
2026-08-05 03:05:48 INFO  scripts.synthetic_model_comparison.training.evaluation | mlflow: logged val per-class AP table (12 classes)
2026-08-05 03:05:48 INFO  scripts.synthetic_model_comparison.training.training_pipeline | saved checkpoint: /home/debian/Master-Thesis/scripts/synthetic_model_comparison/training/model_exports/yolo26n-hidream-i1-maxlen-seed43-20260805-020722/last.pt
2026-08-05 03:05:48 INFO  scripts.synthetic_model_comparison.training.training_pipeline | epoch 176/200 done — next lr=0.000369419, epochs_since_improve=7/20
2026-08-05 03:05:48 INFO  scripts.synthetic_model_comparison.training.training_pipeline | epoch 177/200 — train start (lr=0.000369419, batches=15)
2026-08-05 03:05:58 INFO  scripts.synthetic_model_comparison.training.training_pipeline | step 2650 | loss_box=0.5226 loss_cls=0.2470 loss_dfl=0.0145 loss_total=51.2905 lr=0.000347979
2026-08-05 03:06:01 INFO  scripts.synthetic_model_comparison.training.training_pipeline | epoch 177/200 — train done in 13.0s | avg loss_box=0.4436 loss_cls=0.2214 loss_dfl=0.0126 loss_total=44.8120
2026-08-05 03:06:01 INFO  scripts.synthetic_model_comparison.training.evaluation | evaluating on 4 batches
2026-08-05 03:06:07 INFO  scripts.synthetic_model_comparison.training.training_pipeline | epoch 177/200 — val mAP50=0.9434 mAP50_95=0.7786 (selection mAP50_95=0.7786)
2026-08-05 03:06:08 INFO  scripts.synthetic_model_comparison.training.evaluation | mlflow: logged val/mAP50=0.9434 val/mAP50_95=0.7786 (step=176)
2026-08-05 03:06:08 INFO  scripts.synthetic_model_comparison.training.evaluation | mlflow: logged val per-class AP table (12 classes)
2026-08-05 03:06:08 INFO  scripts.synthetic_model_comparison.training.training_pipeline | saved checkpoint: /home/debian/Master-Thesis/scripts/synthetic_model_comparison/training/model_exports/yolo26n-hidream-i1-maxlen-seed43-20260805-020722/best.pt
2026-08-05 03:06:08 INFO  scripts.synthetic_model_comparison.training.training_pipeline | new best mAP50_95=0.7786 at epoch 177
2026-08-05 03:06:08 INFO  scripts.synthetic_model_comparison.training.training_pipeline | saved checkpoint: /home/debian/Master-Thesis/scripts/synthetic_model_comparison/training/model_exports/yolo26n-hidream-i1-maxlen-seed43-20260805-020722/last.pt
2026-08-05 03:06:09 INFO  scripts.synthetic_model_comparison.training.training_pipeline | epoch 177/200 done — next lr=0.00034034, epochs_since_improve=0/20
2026-08-05 03:06:09 INFO  scripts.synthetic_model_comparison.training.training_pipeline | epoch 178/200 — train start (lr=0.00034034, batches=15)
2026-08-05 03:06:21 INFO  scripts.synthetic_model_comparison.training.training_pipeline | epoch 178/200 — train done in 12.0s | avg loss_box=0.4518 loss_cls=0.2246 loss_dfl=0.0128 loss_total=45.4898
2026-08-05 03:06:21 INFO  scripts.synthetic_model_comparison.training.evaluation | evaluating on 4 batches
2026-08-05 03:06:27 INFO  scripts.synthetic_model_comparison.training.training_pipeline | epoch 178/200 — val mAP50=0.9380 mAP50_95=0.7773 (selection mAP50_95=0.7773)
2026-08-05 03:06:28 INFO  scripts.synthetic_model_comparison.training.evaluation | mlflow: logged val/mAP50=0.9380 val/mAP50_95=0.7773 (step=177)
2026-08-05 03:06:28 INFO  scripts.synthetic_model_comparison.training.evaluation | mlflow: logged val per-class AP table (12 classes)
2026-08-05 03:06:28 INFO  scripts.synthetic_model_comparison.training.training_pipeline | saved checkpoint: /home/debian/Master-Thesis/scripts/synthetic_model_comparison/training/model_exports/yolo26n-hidream-i1-maxlen-seed43-20260805-020722/last.pt
2026-08-05 03:06:28 INFO  scripts.synthetic_model_comparison.training.training_pipeline | epoch 178/200 done — next lr=0.000312447, epochs_since_improve=1/20
2026-08-05 03:06:28 INFO  scripts.synthetic_model_comparison.training.training_pipeline | epoch 179/200 — train start (lr=0.000312447, batches=15)
2026-08-05 03:06:40 INFO  scripts.synthetic_model_comparison.training.training_pipeline | epoch 179/200 — train done in 12.0s | avg loss_box=0.4456 loss_cls=0.2323 loss_dfl=0.0129 loss_total=45.4914
2026-08-05 03:06:40 INFO  scripts.synthetic_model_comparison.training.evaluation | evaluating on 4 batches
2026-08-05 03:06:47 INFO  scripts.synthetic_model_comparison.training.training_pipeline | epoch 179/200 — val mAP50=0.9368 mAP50_95=0.7710 (selection mAP50_95=0.7710)
2026-08-05 03:06:47 INFO  scripts.synthetic_model_comparison.training.evaluation | mlflow: logged val/mAP50=0.9368 val/mAP50_95=0.7710 (step=178)
2026-08-05 03:06:47 INFO  scripts.synthetic_model_comparison.training.evaluation | mlflow: logged val per-class AP table (12 classes)
2026-08-05 03:06:48 INFO  scripts.synthetic_model_comparison.training.training_pipeline | saved checkpoint: /home/debian/Master-Thesis/scripts/synthetic_model_comparison/training/model_exports/yolo26n-hidream-i1-maxlen-seed43-20260805-020722/last.pt
2026-08-05 03:06:48 INFO  scripts.synthetic_model_comparison.training.training_pipeline | epoch 179/200 done — next lr=0.000285748, epochs_since_improve=2/20
2026-08-05 03:06:48 INFO  scripts.synthetic_model_comparison.training.training_pipeline | epoch 180/200 — train start (lr=0.000285748, batches=15)
2026-08-05 03:07:00 INFO  scripts.synthetic_model_comparison.training.training_pipeline | epoch 180/200 — train done in 11.9s | avg loss_box=0.4400 loss_cls=0.2217 loss_dfl=0.0126 loss_total=44.3995
2026-08-05 03:07:00 INFO  scripts.synthetic_model_comparison.training.evaluation | evaluating on 4 batches
2026-08-05 03:07:06 INFO  scripts.synthetic_model_comparison.training.training_pipeline | epoch 180/200 — val mAP50=0.9395 mAP50_95=0.7696 (selection mAP50_95=0.7696)
2026-08-05 03:07:07 INFO  scripts.synthetic_model_comparison.training.evaluation | mlflow: logged val/mAP50=0.9395 val/mAP50_95=0.7696 (step=179)
2026-08-05 03:07:07 INFO  scripts.synthetic_model_comparison.training.evaluation | mlflow: logged val per-class AP table (12 classes)
2026-08-05 03:07:07 INFO  scripts.synthetic_model_comparison.training.training_pipeline | saved checkpoint: /home/debian/Master-Thesis/scripts/synthetic_model_comparison/training/model_exports/yolo26n-hidream-i1-maxlen-seed43-20260805-020722/last.pt
2026-08-05 03:07:07 INFO  scripts.synthetic_model_comparison.training.training_pipeline | epoch 180/200 done — next lr=0.000260249, epochs_since_improve=3/20
2026-08-05 03:07:07 INFO  scripts.synthetic_model_comparison.training.training_pipeline | epoch 181/200 — train start (lr=0.000260249, batches=15)
2026-08-05 03:07:14 INFO  scripts.synthetic_model_comparison.training.training_pipeline | step 2700 | loss_box=0.4214 loss_cls=0.2543 loss_dfl=0.0116 loss_total=45.1997 lr=0.000258592
2026-08-05 03:07:21 INFO  scripts.synthetic_model_comparison.training.training_pipeline | epoch 181/200 — train done in 13.6s | avg loss_box=0.4325 loss_cls=0.2247 loss_dfl=0.0123 loss_total=44.1484
2026-08-05 03:07:21 INFO  scripts.synthetic_model_comparison.training.evaluation | evaluating on 4 batches
2026-08-05 03:07:27 INFO  scripts.synthetic_model_comparison.training.training_pipeline | epoch 181/200 — val mAP50=0.9413 mAP50_95=0.7754 (selection mAP50_95=0.7754)
2026-08-05 03:07:28 INFO  scripts.synthetic_model_comparison.training.evaluation | mlflow: logged val/mAP50=0.9413 val/mAP50_95=0.7754 (step=180)
2026-08-05 03:07:28 INFO  scripts.synthetic_model_comparison.training.evaluation | mlflow: logged val per-class AP table (12 classes)
2026-08-05 03:07:28 INFO  scripts.synthetic_model_comparison.training.training_pipeline | saved checkpoint: /home/debian/Master-Thesis/scripts/synthetic_model_comparison/training/model_exports/yolo26n-hidream-i1-maxlen-seed43-20260805-020722/last.pt
2026-08-05 03:07:29 INFO  scripts.synthetic_model_comparison.training.training_pipeline | epoch 181/200 done — next lr=0.000235957, epochs_since_improve=4/20
2026-08-05 03:07:29 INFO  scripts.synthetic_model_comparison.training.training_pipeline | epoch 182/200 — train start (lr=0.000235957, batches=15)
2026-08-05 03:07:41 INFO  scripts.synthetic_model_comparison.training.training_pipeline | epoch 182/200 — train done in 12.0s | avg loss_box=0.4364 loss_cls=0.2324 loss_dfl=0.0125 loss_total=44.7655
2026-08-05 03:07:41 INFO  scripts.synthetic_model_comparison.training.evaluation | evaluating on 4 batches
2026-08-05 03:07:47 INFO  scripts.synthetic_model_comparison.training.training_pipeline | epoch 182/200 — val mAP50=0.9391 mAP50_95=0.7692 (selection mAP50_95=0.7692)
2026-08-05 03:07:47 INFO  scripts.synthetic_model_comparison.training.evaluation | mlflow: logged val/mAP50=0.9391 val/mAP50_95=0.7692 (step=181)
2026-08-05 03:07:48 INFO  scripts.synthetic_model_comparison.training.evaluation | mlflow: logged val per-class AP table (12 classes)
2026-08-05 03:07:48 INFO  scripts.synthetic_model_comparison.training.training_pipeline | saved checkpoint: /home/debian/Master-Thesis/scripts/synthetic_model_comparison/training/model_exports/yolo26n-hidream-i1-maxlen-seed43-20260805-020722/last.pt
2026-08-05 03:07:48 INFO  scripts.synthetic_model_comparison.training.training_pipeline | epoch 182/200 done — next lr=0.000212877, epochs_since_improve=5/20
2026-08-05 03:07:48 INFO  scripts.synthetic_model_comparison.training.training_pipeline | epoch 183/200 — train start (lr=0.000212877, batches=15)
2026-08-05 03:08:00 INFO  scripts.synthetic_model_comparison.training.training_pipeline | epoch 183/200 — train done in 11.7s | avg loss_box=0.4371 loss_cls=0.2327 loss_dfl=0.0125 loss_total=44.9487
2026-08-05 03:08:00 INFO  scripts.synthetic_model_comparison.training.evaluation | evaluating on 4 batches
2026-08-05 03:08:06 INFO  scripts.synthetic_model_comparison.training.training_pipeline | epoch 183/200 — val mAP50=0.9396 mAP50_95=0.7680 (selection mAP50_95=0.7680)
2026-08-05 03:08:06 INFO  scripts.synthetic_model_comparison.training.evaluation | mlflow: logged val/mAP50=0.9396 val/mAP50_95=0.7680 (step=182)
2026-08-05 03:08:07 INFO  scripts.synthetic_model_comparison.training.evaluation | mlflow: logged val per-class AP table (12 classes)
2026-08-05 03:08:07 INFO  scripts.synthetic_model_comparison.training.training_pipeline | saved checkpoint: /home/debian/Master-Thesis/scripts/synthetic_model_comparison/training/model_exports/yolo26n-hidream-i1-maxlen-seed43-20260805-020722/last.pt
2026-08-05 03:08:07 INFO  scripts.synthetic_model_comparison.training.training_pipeline | epoch 183/200 done — next lr=0.000191016, epochs_since_improve=6/20
2026-08-05 03:08:07 INFO  scripts.synthetic_model_comparison.training.training_pipeline | epoch 184/200 — train start (lr=0.000191016, batches=15)
2026-08-05 03:08:16 INFO  scripts.synthetic_model_comparison.training.training_pipeline | step 2750 | loss_box=0.3908 loss_cls=0.1789 loss_dfl=0.0121 loss_total=38.8833 lr=0.000182614
2026-08-05 03:08:21 INFO  scripts.synthetic_model_comparison.training.training_pipeline | epoch 184/200 — train done in 13.8s | avg loss_box=0.4412 loss_cls=0.2276 loss_dfl=0.0128 loss_total=44.8124
2026-08-05 03:08:21 INFO  scripts.synthetic_model_comparison.training.evaluation | evaluating on 4 batches
2026-08-05 03:08:27 INFO  scripts.synthetic_model_comparison.training.training_pipeline | epoch 184/200 — val mAP50=0.9396 mAP50_95=0.7721 (selection mAP50_95=0.7721)
2026-08-05 03:08:28 INFO  scripts.synthetic_model_comparison.training.evaluation | mlflow: logged val/mAP50=0.9396 val/mAP50_95=0.7721 (step=183)
2026-08-05 03:08:28 INFO  scripts.synthetic_model_comparison.training.evaluation | mlflow: logged val per-class AP table (12 classes)
2026-08-05 03:08:28 INFO  scripts.synthetic_model_comparison.training.training_pipeline | saved checkpoint: /home/debian/Master-Thesis/scripts/synthetic_model_comparison/training/model_exports/yolo26n-hidream-i1-maxlen-seed43-20260805-020722/last.pt
2026-08-05 03:08:29 INFO  scripts.synthetic_model_comparison.training.training_pipeline | epoch 184/200 done — next lr=0.000170379, epochs_since_improve=7/20
2026-08-05 03:08:29 INFO  scripts.synthetic_model_comparison.training.training_pipeline | epoch 185/200 — train start (lr=0.000170379, batches=15)
2026-08-05 03:08:41 INFO  scripts.synthetic_model_comparison.training.training_pipeline | epoch 185/200 — train done in 12.3s | avg loss_box=0.4315 loss_cls=0.2183 loss_dfl=0.0123 loss_total=43.5363
2026-08-05 03:08:41 INFO  scripts.synthetic_model_comparison.training.evaluation | evaluating on 4 batches
2026-08-05 03:08:47 INFO  scripts.synthetic_model_comparison.training.training_pipeline | epoch 185/200 — val mAP50=0.9427 mAP50_95=0.7743 (selection mAP50_95=0.7743)
2026-08-05 03:08:48 INFO  scripts.synthetic_model_comparison.training.evaluation | mlflow: logged val/mAP50=0.9427 val/mAP50_95=0.7743 (step=184)
2026-08-05 03:08:48 INFO  scripts.synthetic_model_comparison.training.evaluation | mlflow: logged val per-class AP table (12 classes)
2026-08-05 03:08:48 INFO  scripts.synthetic_model_comparison.training.training_pipeline | saved checkpoint: /home/debian/Master-Thesis/scripts/synthetic_model_comparison/training/model_exports/yolo26n-hidream-i1-maxlen-seed43-20260805-020722/last.pt
2026-08-05 03:08:48 INFO  scripts.synthetic_model_comparison.training.training_pipeline | epoch 185/200 done — next lr=0.000150972, epochs_since_improve=8/20
2026-08-05 03:08:48 INFO  scripts.synthetic_model_comparison.training.training_pipeline | epoch 186/200 — train start (lr=0.000150972, batches=15)
2026-08-05 03:09:00 INFO  scripts.synthetic_model_comparison.training.training_pipeline | epoch 186/200 — train done in 11.8s | avg loss_box=0.4285 loss_cls=0.2289 loss_dfl=0.0123 loss_total=43.9692
2026-08-05 03:09:00 INFO  scripts.synthetic_model_comparison.training.evaluation | evaluating on 4 batches
2026-08-05 03:09:06 INFO  scripts.synthetic_model_comparison.training.training_pipeline | epoch 186/200 — val mAP50=0.9452 mAP50_95=0.7741 (selection mAP50_95=0.7741)
2026-08-05 03:09:07 INFO  scripts.synthetic_model_comparison.training.evaluation | mlflow: logged val/mAP50=0.9452 val/mAP50_95=0.7741 (step=185)
2026-08-05 03:09:07 INFO  scripts.synthetic_model_comparison.training.evaluation | mlflow: logged val per-class AP table (12 classes)
2026-08-05 03:09:07 INFO  scripts.synthetic_model_comparison.training.training_pipeline | saved checkpoint: /home/debian/Master-Thesis/scripts/synthetic_model_comparison/training/model_exports/yolo26n-hidream-i1-maxlen-seed43-20260805-020722/last.pt
2026-08-05 03:09:08 INFO  scripts.synthetic_model_comparison.training.training_pipeline | epoch 186/200 done — next lr=0.000132799, epochs_since_improve=9/20
2026-08-05 03:09:08 INFO  scripts.synthetic_model_comparison.training.training_pipeline | epoch 187/200 — train start (lr=0.000132799, batches=15)
2026-08-05 03:09:18 INFO  scripts.synthetic_model_comparison.training.training_pipeline | step 2800 | loss_box=0.3752 loss_cls=0.1949 loss_dfl=0.0104 loss_total=38.4426 lr=0.00012026
2026-08-05 03:09:21 INFO  scripts.synthetic_model_comparison.training.training_pipeline | epoch 187/200 — train done in 12.9s | avg loss_box=0.4229 loss_cls=0.2158 loss_dfl=0.0121 loss_total=42.9172
2026-08-05 03:09:21 INFO  scripts.synthetic_model_comparison.training.evaluation | evaluating on 4 batches
2026-08-05 03:09:27 INFO  scripts.synthetic_model_comparison.training.training_pipeline | epoch 187/200 — val mAP50=0.9455 mAP50_95=0.7788 (selection mAP50_95=0.7788)
2026-08-05 03:09:28 INFO  scripts.synthetic_model_comparison.training.evaluation | mlflow: logged val/mAP50=0.9455 val/mAP50_95=0.7788 (step=186)
2026-08-05 03:09:28 INFO  scripts.synthetic_model_comparison.training.evaluation | mlflow: logged val per-class AP table (12 classes)
2026-08-05 03:09:28 INFO  scripts.synthetic_model_comparison.training.training_pipeline | saved checkpoint: /home/debian/Master-Thesis/scripts/synthetic_model_comparison/training/model_exports/yolo26n-hidream-i1-maxlen-seed43-20260805-020722/last.pt
2026-08-05 03:09:28 INFO  scripts.synthetic_model_comparison.training.training_pipeline | epoch 187/200 done — next lr=0.000115865, epochs_since_improve=10/20
2026-08-05 03:09:28 INFO  scripts.synthetic_model_comparison.training.training_pipeline | epoch 188/200 — train start (lr=0.000115865, batches=15)
2026-08-05 03:09:40 INFO  scripts.synthetic_model_comparison.training.training_pipeline | epoch 188/200 — train done in 11.7s | avg loss_box=0.4474 loss_cls=0.2154 loss_dfl=0.0131 loss_total=44.4413
2026-08-05 03:09:40 INFO  scripts.synthetic_model_comparison.training.evaluation | evaluating on 4 batches
2026-08-05 03:09:46 INFO  scripts.synthetic_model_comparison.training.training_pipeline | epoch 188/200 — val mAP50=0.9439 mAP50_95=0.7796 (selection mAP50_95=0.7796)
2026-08-05 03:09:47 INFO  scripts.synthetic_model_comparison.training.evaluation | mlflow: logged val/mAP50=0.9439 val/mAP50_95=0.7796 (step=187)
2026-08-05 03:09:47 INFO  scripts.synthetic_model_comparison.training.evaluation | mlflow: logged val per-class AP table (12 classes)
2026-08-05 03:09:47 INFO  scripts.synthetic_model_comparison.training.training_pipeline | saved checkpoint: /home/debian/Master-Thesis/scripts/synthetic_model_comparison/training/model_exports/yolo26n-hidream-i1-maxlen-seed43-20260805-020722/best.pt
2026-08-05 03:09:47 INFO  scripts.synthetic_model_comparison.training.training_pipeline | new best mAP50_95=0.7796 at epoch 188
2026-08-05 03:09:47 INFO  scripts.synthetic_model_comparison.training.training_pipeline | saved checkpoint: /home/debian/Master-Thesis/scripts/synthetic_model_comparison/training/model_exports/yolo26n-hidream-i1-maxlen-seed43-20260805-020722/last.pt
2026-08-05 03:09:48 INFO  scripts.synthetic_model_comparison.training.training_pipeline | epoch 188/200 done — next lr=0.000100175, epochs_since_improve=0/20
2026-08-05 03:09:48 INFO  scripts.synthetic_model_comparison.training.training_pipeline | epoch 189/200 — train start (lr=0.000100175, batches=15)
2026-08-05 03:09:59 INFO  scripts.synthetic_model_comparison.training.training_pipeline | epoch 189/200 — train done in 11.7s | avg loss_box=0.4210 loss_cls=0.2146 loss_dfl=0.0123 loss_total=42.6007
2026-08-05 03:09:59 INFO  scripts.synthetic_model_comparison.training.evaluation | evaluating on 4 batches
2026-08-05 03:10:05 INFO  scripts.synthetic_model_comparison.training.training_pipeline | epoch 189/200 — val mAP50=0.9445 mAP50_95=0.7782 (selection mAP50_95=0.7782)
2026-08-05 03:10:06 INFO  scripts.synthetic_model_comparison.training.evaluation | mlflow: logged val/mAP50=0.9445 val/mAP50_95=0.7782 (step=188)
2026-08-05 03:10:06 INFO  scripts.synthetic_model_comparison.training.evaluation | mlflow: logged val per-class AP table (12 classes)
2026-08-05 03:10:06 INFO  scripts.synthetic_model_comparison.training.training_pipeline | saved checkpoint: /home/debian/Master-Thesis/scripts/synthetic_model_comparison/training/model_exports/yolo26n-hidream-i1-maxlen-seed43-20260805-020722/last.pt
2026-08-05 03:10:07 INFO  scripts.synthetic_model_comparison.training.training_pipeline | epoch 189/200 done — next lr=8.57317e-05, epochs_since_improve=1/20
2026-08-05 03:10:07 INFO  scripts.synthetic_model_comparison.training.training_pipeline | epoch 190/200 — train start (lr=8.57317e-05, batches=15)
2026-08-05 03:10:19 INFO  scripts.synthetic_model_comparison.training.training_pipeline | epoch 190/200 — train done in 12.0s | avg loss_box=0.4167 loss_cls=0.2151 loss_dfl=0.0120 loss_total=42.4405
2026-08-05 03:10:19 INFO  scripts.synthetic_model_comparison.training.evaluation | evaluating on 4 batches
2026-08-05 03:10:25 INFO  scripts.synthetic_model_comparison.training.training_pipeline | epoch 190/200 — val mAP50=0.9452 mAP50_95=0.7794 (selection mAP50_95=0.7794)
2026-08-05 03:10:26 INFO  scripts.synthetic_model_comparison.training.evaluation | mlflow: logged val/mAP50=0.9452 val/mAP50_95=0.7794 (step=189)
2026-08-05 03:10:26 INFO  scripts.synthetic_model_comparison.training.evaluation | mlflow: logged val per-class AP table (12 classes)
2026-08-05 03:10:26 INFO  scripts.synthetic_model_comparison.training.training_pipeline | saved checkpoint: /home/debian/Master-Thesis/scripts/synthetic_model_comparison/training/model_exports/yolo26n-hidream-i1-maxlen-seed43-20260805-020722/last.pt
2026-08-05 03:10:26 INFO  scripts.synthetic_model_comparison.training.training_pipeline | epoch 190/200 done — next lr=7.25395e-05, epochs_since_improve=2/20
2026-08-05 03:10:26 INFO  scripts.synthetic_model_comparison.training.training_pipeline | epoch 191/200 — train start (lr=7.25395e-05, batches=15)
2026-08-05 03:10:32 INFO  scripts.synthetic_model_comparison.training.training_pipeline | step 2850 | loss_box=0.4137 loss_cls=0.2279 loss_dfl=0.0108 loss_total=43.0704 lr=7.17046e-05
2026-08-05 03:10:39 INFO  scripts.synthetic_model_comparison.training.training_pipeline | epoch 191/200 — train done in 13.0s | avg loss_box=0.4218 loss_cls=0.2243 loss_dfl=0.0122 loss_total=43.1587
2026-08-05 03:10:39 INFO  scripts.synthetic_model_comparison.training.evaluation | evaluating on 4 batches
2026-08-05 03:10:45 INFO  scripts.synthetic_model_comparison.training.training_pipeline | epoch 191/200 — val mAP50=0.9420 mAP50_95=0.7780 (selection mAP50_95=0.7780)
2026-08-05 03:10:46 INFO  scripts.synthetic_model_comparison.training.evaluation | mlflow: logged val/mAP50=0.9420 val/mAP50_95=0.7780 (step=190)
2026-08-05 03:10:46 INFO  scripts.synthetic_model_comparison.training.evaluation | mlflow: logged val per-class AP table (12 classes)
2026-08-05 03:10:47 INFO  scripts.synthetic_model_comparison.training.training_pipeline | saved checkpoint: /home/debian/Master-Thesis/scripts/synthetic_model_comparison/training/model_exports/yolo26n-hidream-i1-maxlen-seed43-20260805-020722/last.pt
2026-08-05 03:10:47 INFO  scripts.synthetic_model_comparison.training.training_pipeline | epoch 191/200 done — next lr=6.06017e-05, epochs_since_improve=3/20
2026-08-05 03:10:47 INFO  scripts.synthetic_model_comparison.training.training_pipeline | epoch 192/200 — train start (lr=6.06017e-05, batches=15)
2026-08-05 03:10:59 INFO  scripts.synthetic_model_comparison.training.training_pipeline | epoch 192/200 — train done in 11.9s | avg loss_box=0.4229 loss_cls=0.2076 loss_dfl=0.0121 loss_total=42.2504
2026-08-05 03:10:59 INFO  scripts.synthetic_model_comparison.training.evaluation | evaluating on 4 batches
2026-08-05 03:11:05 INFO  scripts.synthetic_model_comparison.training.training_pipeline | epoch 192/200 — val mAP50=0.9425 mAP50_95=0.7761 (selection mAP50_95=0.7761)
2026-08-05 03:11:06 INFO  scripts.synthetic_model_comparison.training.evaluation | mlflow: logged val/mAP50=0.9425 val/mAP50_95=0.7761 (step=191)
2026-08-05 03:11:06 INFO  scripts.synthetic_model_comparison.training.evaluation | mlflow: logged val per-class AP table (12 classes)
2026-08-05 03:11:06 INFO  scripts.synthetic_model_comparison.training.training_pipeline | saved checkpoint: /home/debian/Master-Thesis/scripts/synthetic_model_comparison/training/model_exports/yolo26n-hidream-i1-maxlen-seed43-20260805-020722/last.pt
2026-08-05 03:11:07 INFO  scripts.synthetic_model_comparison.training.training_pipeline | epoch 192/200 done — next lr=4.99213e-05, epochs_since_improve=4/20
2026-08-05 03:11:07 INFO  scripts.synthetic_model_comparison.training.training_pipeline | epoch 193/200 — train start (lr=4.99213e-05, batches=15)
2026-08-05 03:11:19 INFO  scripts.synthetic_model_comparison.training.training_pipeline | epoch 193/200 — train done in 12.3s | avg loss_box=0.4255 loss_cls=0.2095 loss_dfl=0.0122 loss_total=42.5805
2026-08-05 03:11:19 INFO  scripts.synthetic_model_comparison.training.evaluation | evaluating on 4 batches
2026-08-05 03:11:25 INFO  scripts.synthetic_model_comparison.training.training_pipeline | epoch 193/200 — val mAP50=0.9418 mAP50_95=0.7754 (selection mAP50_95=0.7754)
2026-08-05 03:11:25 INFO  scripts.synthetic_model_comparison.training.evaluation | mlflow: logged val/mAP50=0.9418 val/mAP50_95=0.7754 (step=192)
2026-08-05 03:11:26 INFO  scripts.synthetic_model_comparison.training.evaluation | mlflow: logged val per-class AP table (12 classes)
2026-08-05 03:11:26 INFO  scripts.synthetic_model_comparison.training.training_pipeline | saved checkpoint: /home/debian/Master-Thesis/scripts/synthetic_model_comparison/training/model_exports/yolo26n-hidream-i1-maxlen-seed43-20260805-020722/last.pt
2026-08-05 03:11:26 INFO  scripts.synthetic_model_comparison.training.training_pipeline | epoch 193/200 done — next lr=4.0501e-05, epochs_since_improve=5/20
2026-08-05 03:11:26 INFO  scripts.synthetic_model_comparison.training.training_pipeline | epoch 194/200 — train start (lr=4.0501e-05, batches=15)
2026-08-05 03:11:34 INFO  scripts.synthetic_model_comparison.training.training_pipeline | step 2900 | loss_box=0.3810 loss_cls=0.1903 loss_dfl=0.0104 loss_total=38.4291 lr=3.70863e-05
2026-08-05 03:11:39 INFO  scripts.synthetic_model_comparison.training.training_pipeline | epoch 194/200 — train done in 13.1s | avg loss_box=0.4259 loss_cls=0.2065 loss_dfl=0.0120 loss_total=42.3493
2026-08-05 03:11:39 INFO  scripts.synthetic_model_comparison.training.evaluation | evaluating on 4 batches
2026-08-05 03:11:45 INFO  scripts.synthetic_model_comparison.training.training_pipeline | epoch 194/200 — val mAP50=0.9404 mAP50_95=0.7723 (selection mAP50_95=0.7723)
2026-08-05 03:11:46 INFO  scripts.synthetic_model_comparison.training.evaluation | mlflow: logged val/mAP50=0.9404 val/mAP50_95=0.7723 (step=193)
2026-08-05 03:11:47 INFO  scripts.synthetic_model_comparison.training.evaluation | mlflow: logged val per-class AP table (12 classes)
2026-08-05 03:11:47 INFO  scripts.synthetic_model_comparison.training.training_pipeline | saved checkpoint: /home/debian/Master-Thesis/scripts/synthetic_model_comparison/training/model_exports/yolo26n-hidream-i1-maxlen-seed43-20260805-020722/last.pt
2026-08-05 03:11:47 INFO  scripts.synthetic_model_comparison.training.training_pipeline | epoch 194/200 done — next lr=3.23432e-05, epochs_since_improve=6/20
2026-08-05 03:11:47 INFO  scripts.synthetic_model_comparison.training.training_pipeline | epoch 195/200 — train start (lr=3.23432e-05, batches=15)
2026-08-05 03:11:59 INFO  scripts.synthetic_model_comparison.training.training_pipeline | epoch 195/200 — train done in 11.9s | avg loss_box=0.4309 loss_cls=0.2066 loss_dfl=0.0122 loss_total=42.5731
2026-08-05 03:11:59 INFO  scripts.synthetic_model_comparison.training.evaluation | evaluating on 4 batches
2026-08-05 03:12:05 INFO  scripts.synthetic_model_comparison.training.training_pipeline | epoch 195/200 — val mAP50=0.9410 mAP50_95=0.7760 (selection mAP50_95=0.7760)
2026-08-05 03:12:06 INFO  scripts.synthetic_model_comparison.training.evaluation | mlflow: logged val/mAP50=0.9410 val/mAP50_95=0.7760 (step=194)
2026-08-05 03:12:06 INFO  scripts.synthetic_model_comparison.training.evaluation | mlflow: logged val per-class AP table (12 classes)
2026-08-05 03:12:06 INFO  scripts.synthetic_model_comparison.training.training_pipeline | saved checkpoint: /home/debian/Master-Thesis/scripts/synthetic_model_comparison/training/model_exports/yolo26n-hidream-i1-maxlen-seed43-20260805-020722/last.pt
2026-08-05 03:12:06 INFO  scripts.synthetic_model_comparison.training.training_pipeline | epoch 195/200 done — next lr=2.545e-05, epochs_since_improve=7/20
2026-08-05 03:12:06 INFO  scripts.synthetic_model_comparison.training.training_pipeline | epoch 196/200 — train start (lr=2.545e-05, batches=15)
2026-08-05 03:12:18 INFO  scripts.synthetic_model_comparison.training.training_pipeline | epoch 196/200 — train done in 11.6s | avg loss_box=0.4184 loss_cls=0.2170 loss_dfl=0.0119 loss_total=42.3553
2026-08-05 03:12:18 INFO  scripts.synthetic_model_comparison.training.evaluation | evaluating on 4 batches
2026-08-05 03:12:24 INFO  scripts.synthetic_model_comparison.training.training_pipeline | epoch 196/200 — val mAP50=0.9401 mAP50_95=0.7761 (selection mAP50_95=0.7761)
2026-08-05 03:12:25 INFO  scripts.synthetic_model_comparison.training.evaluation | mlflow: logged val/mAP50=0.9401 val/mAP50_95=0.7761 (step=195)
2026-08-05 03:12:25 INFO  scripts.synthetic_model_comparison.training.evaluation | mlflow: logged val per-class AP table (12 classes)
2026-08-05 03:12:25 INFO  scripts.synthetic_model_comparison.training.training_pipeline | saved checkpoint: /home/debian/Master-Thesis/scripts/synthetic_model_comparison/training/model_exports/yolo26n-hidream-i1-maxlen-seed43-20260805-020722/last.pt
2026-08-05 03:12:26 INFO  scripts.synthetic_model_comparison.training.training_pipeline | epoch 196/200 done — next lr=1.98232e-05, epochs_since_improve=8/20
2026-08-05 03:12:26 INFO  scripts.synthetic_model_comparison.training.training_pipeline | epoch 197/200 — train start (lr=1.98232e-05, batches=15)
2026-08-05 03:12:36 INFO  scripts.synthetic_model_comparison.training.training_pipeline | step 2950 | loss_box=0.4455 loss_cls=0.2071 loss_dfl=0.0134 loss_total=43.5434 lr=1.65025e-05
2026-08-05 03:12:39 INFO  scripts.synthetic_model_comparison.training.training_pipeline | epoch 197/200 — train done in 13.3s | avg loss_box=0.4080 loss_cls=0.2031 loss_dfl=0.0118 loss_total=40.8781
2026-08-05 03:12:39 INFO  scripts.synthetic_model_comparison.training.evaluation | evaluating on 4 batches
2026-08-05 03:12:45 INFO  scripts.synthetic_model_comparison.training.training_pipeline | epoch 197/200 — val mAP50=0.9402 mAP50_95=0.7774 (selection mAP50_95=0.7774)
2026-08-05 03:12:46 INFO  scripts.synthetic_model_comparison.training.evaluation | mlflow: logged val/mAP50=0.9402 val/mAP50_95=0.7774 (step=196)
2026-08-05 03:12:46 INFO  scripts.synthetic_model_comparison.training.evaluation | mlflow: logged val per-class AP table (12 classes)
2026-08-05 03:12:46 INFO  scripts.synthetic_model_comparison.training.training_pipeline | saved checkpoint: /home/debian/Master-Thesis/scripts/synthetic_model_comparison/training/model_exports/yolo26n-hidream-i1-maxlen-seed43-20260805-020722/last.pt
2026-08-05 03:12:47 INFO  scripts.synthetic_model_comparison.training.training_pipeline | epoch 197/200 done — next lr=1.54641e-05, epochs_since_improve=9/20
2026-08-05 03:12:47 INFO  scripts.synthetic_model_comparison.training.training_pipeline | epoch 198/200 — train start (lr=1.54641e-05, batches=15)
2026-08-05 03:12:59 INFO  scripts.synthetic_model_comparison.training.training_pipeline | epoch 198/200 — train done in 12.2s | avg loss_box=0.4171 loss_cls=0.2149 loss_dfl=0.0120 loss_total=42.1387
2026-08-05 03:12:59 INFO  scripts.synthetic_model_comparison.training.evaluation | evaluating on 4 batches
2026-08-05 03:13:05 INFO  scripts.synthetic_model_comparison.training.training_pipeline | epoch 198/200 — val mAP50=0.9412 mAP50_95=0.7764 (selection mAP50_95=0.7764)
2026-08-05 03:13:05 INFO  scripts.synthetic_model_comparison.training.evaluation | mlflow: logged val/mAP50=0.9412 val/mAP50_95=0.7764 (step=197)
2026-08-05 03:13:06 INFO  scripts.synthetic_model_comparison.training.evaluation | mlflow: logged val per-class AP table (12 classes)
2026-08-05 03:13:06 INFO  scripts.synthetic_model_comparison.training.training_pipeline | saved checkpoint: /home/debian/Master-Thesis/scripts/synthetic_model_comparison/training/model_exports/yolo26n-hidream-i1-maxlen-seed43-20260805-020722/last.pt
2026-08-05 03:13:06 INFO  scripts.synthetic_model_comparison.training.training_pipeline | epoch 198/200 done — next lr=1.23738e-05, epochs_since_improve=10/20
2026-08-05 03:13:06 INFO  scripts.synthetic_model_comparison.training.training_pipeline | epoch 199/200 — train start (lr=1.23738e-05, batches=15)
2026-08-05 03:13:18 INFO  scripts.synthetic_model_comparison.training.training_pipeline | epoch 199/200 — train done in 11.8s | avg loss_box=0.4282 loss_cls=0.2244 loss_dfl=0.0122 loss_total=43.4049
2026-08-05 03:13:18 INFO  scripts.synthetic_model_comparison.training.evaluation | evaluating on 4 batches
2026-08-05 03:13:24 INFO  scripts.synthetic_model_comparison.training.training_pipeline | epoch 199/200 — val mAP50=0.9429 mAP50_95=0.7791 (selection mAP50_95=0.7791)
2026-08-05 03:13:25 INFO  scripts.synthetic_model_comparison.training.evaluation | mlflow: logged val/mAP50=0.9429 val/mAP50_95=0.7791 (step=198)
2026-08-05 03:13:25 INFO  scripts.synthetic_model_comparison.training.evaluation | mlflow: logged val per-class AP table (12 classes)
2026-08-05 03:13:25 INFO  scripts.synthetic_model_comparison.training.training_pipeline | saved checkpoint: /home/debian/Master-Thesis/scripts/synthetic_model_comparison/training/model_exports/yolo26n-hidream-i1-maxlen-seed43-20260805-020722/last.pt
2026-08-05 03:13:25 INFO  scripts.synthetic_model_comparison.training.training_pipeline | epoch 199/200 done — next lr=1.05533e-05, epochs_since_improve=11/20
2026-08-05 03:13:25 INFO  scripts.synthetic_model_comparison.training.training_pipeline | epoch 200/200 — train start (lr=1.05533e-05, batches=15)
2026-08-05 03:13:37 INFO  scripts.synthetic_model_comparison.training.training_pipeline | epoch 200/200 — train done in 11.6s | avg loss_box=0.4312 loss_cls=0.2193 loss_dfl=0.0122 loss_total=43.2427
2026-08-05 03:13:37 INFO  scripts.synthetic_model_comparison.training.evaluation | evaluating on 4 batches
2026-08-05 03:13:43 INFO  scripts.synthetic_model_comparison.training.training_pipeline | epoch 200/200 — val mAP50=0.9433 mAP50_95=0.7795 (selection mAP50_95=0.7795)
2026-08-05 03:13:44 INFO  scripts.synthetic_model_comparison.training.evaluation | mlflow: logged val/mAP50=0.9433 val/mAP50_95=0.7795 (step=199)
2026-08-05 03:13:44 INFO  scripts.synthetic_model_comparison.training.evaluation | mlflow: logged val per-class AP table (12 classes)
2026-08-05 03:13:44 INFO  scripts.synthetic_model_comparison.training.training_pipeline | saved checkpoint: /home/debian/Master-Thesis/scripts/synthetic_model_comparison/training/model_exports/yolo26n-hidream-i1-maxlen-seed43-20260805-020722/last.pt
2026-08-05 03:13:45 INFO  scripts.synthetic_model_comparison.training.training_pipeline | epoch 200/200 done — next lr=1.00028e-05, epochs_since_improve=12/20
2026-08-05 03:13:45 INFO  scripts.synthetic_model_comparison.training.training_pipeline | saved checkpoint: /home/debian/Master-Thesis/scripts/synthetic_model_comparison/training/model_exports/yolo26n-hidream-i1-maxlen-seed43-20260805-020722/last.pt
2026-08-05 03:13:45 INFO  scripts.synthetic_model_comparison.training.training_pipeline | training finished — loading best.pt for final test evaluation
2026-08-05 03:13:45 INFO  scripts.synthetic_model_comparison.training.training_pipeline | loaded best.pt (mAP50_95=0.7796 @ epoch 187)
2026-08-05 03:13:45 INFO  scripts.synthetic_model_comparison.training.evaluation | evaluating on 153 batches
2026-08-05 03:16:57 INFO  scripts.synthetic_model_comparison.training.training_pipeline | test mAP50=0.0608 mAP50_95=0.0307
2026-08-05 03:16:58 INFO  scripts.synthetic_model_comparison.training.evaluation | mlflow: logged test/mAP50=0.0608 test/mAP50_95=0.0307 (step=None)
2026-08-05 03:16:58 INFO  scripts.synthetic_model_comparison.training.evaluation | mlflow: logged test per-class AP table (12 classes)
2026-08-05 03:17:07 INFO  scripts.synthetic_model_comparison.training.training_pipeline | uploaded checkpoints to MLflow
2026-08-05 03:17:07 INFO  __main__ | === post-training full evaluation (limit=None) ===
2026-08-05 03:17:07 INFO  scripts.synthetic_model_comparison.training.eval_suite.run_evaluation | === evaluation (real-only) ===
2026-08-05 03:17:07 INFO  scripts.synthetic_model_comparison.training.eval_suite.run_evaluation | checkpoint=/home/debian/Master-Thesis/scripts/synthetic_model_comparison/training/model_exports/yolo26n-hidream-i1-maxlen-seed43-20260805-020722/best.pt device=cuda output_dir=/home/debian/Master-Thesis/scripts/synthetic_model_comparison/training/model_exports/yolo26n-hidream-i1-maxlen-seed43-20260805-020722/evaluation
2026-08-05 03:17:07 INFO  scripts.synthetic_model_comparison.training.eval_suite.run_evaluation | real_ann=/home/debian/Master-Thesis/data/synthetic_model_comparison/test/annotations_test.json max_det=100
2026-08-05 03:17:07 INFO  scripts.synthetic_model_comparison.training.dataset | dataset annotations_test.json: 9742 images, 9742 annotations, 12 classes
2026-08-05 03:17:07 INFO  scripts.synthetic_model_comparison.training.eval_suite.predict | loading checkpoint: /home/debian/Master-Thesis/scripts/synthetic_model_comparison/training/model_exports/yolo26n-hidream-i1-maxlen-seed43-20260805-020722/best.pt
2026-08-05 03:17:08 INFO  scripts.synthetic_model_comparison.training.yolo26n_model | no pretrained weights — training from random initialization
2026-08-05 03:17:08 INFO  scripts.synthetic_model_comparison.training.yolo26n_model | model: yolo26n, nc=12, params=2.51M, device=cuda
2026-08-05 03:17:08 INFO  scripts.synthetic_model_comparison.training.eval_suite.predict | checkpoint format: training dict (state_dict under 'model' key)
2026-08-05 03:17:08 INFO  scripts.synthetic_model_comparison.training.eval_suite.predict | loaded 708/708 keys from checkpoint (skipped 0 shape-mismatched / missing)
2026-08-05 03:17:08 INFO  scripts.synthetic_model_comparison.training.eval_suite.predict | running inference: 9742 images, batch=64, max_det=100 (NMS-free: conf/iou thresholds unused)
2026-08-05 03:21:14 INFO  scripts.synthetic_model_comparison.training.eval_suite.predict | inference complete: 974200 predictions over 9742 images
2026-08-05 03:21:27 INFO  scripts.synthetic_model_comparison.training.eval_suite.predict | predictions written to /home/debian/Master-Thesis/scripts/synthetic_model_comparison/training/model_exports/yolo26n-hidream-i1-maxlen-seed43-20260805-020722/evaluation/predictions_real.json
2026-08-05 03:21:27 INFO  scripts.synthetic_model_comparison.training.eval_suite.scoring | loading GT index from /home/debian/Master-Thesis/data/synthetic_model_comparison/test/annotations_test.json
2026-08-05 03:21:28 INFO  scripts.synthetic_model_comparison.training.eval_suite.scoring | GT index: 9742 images, 12 categories, 9742 annotated images
2026-08-05 03:21:28 INFO  scripts.synthetic_model_comparison.training.eval_suite.report | headline: real-test mAP (fine)
2026-08-05 03:23:14 INFO  scripts.synthetic_model_comparison.training.eval_suite.report | per-class AP table
2026-08-05 03:23:14 INFO  scripts.synthetic_model_comparison.training.eval_suite.report | within-look-alike-group confusion
2026-08-05 03:23:18 INFO  scripts.synthetic_model_comparison.training.eval_suite.report | wrote markdown report: /home/debian/Master-Thesis/scripts/synthetic_model_comparison/training/model_exports/yolo26n-hidream-i1-maxlen-seed43-20260805-020722/evaluation/evaluation_report.md
2026-08-05 03:23:18 INFO  scripts.synthetic_model_comparison.training.eval_suite.report | wrote CSV artifacts: /home/debian/Master-Thesis/scripts/synthetic_model_comparison/training/model_exports/yolo26n-hidream-i1-maxlen-seed43-20260805-020722/evaluation/eval_per_class.csv, /home/debian/Master-Thesis/scripts/synthetic_model_comparison/training/model_exports/yolo26n-hidream-i1-maxlen-seed43-20260805-020722/evaluation/eval_confusion_pairs.csv
2026-08-05 03:23:18 INFO  scripts.synthetic_model_comparison.training.eval_suite.report | wrote JSON report: /home/debian/Master-Thesis/scripts/synthetic_model_comparison/training/model_exports/yolo26n-hidream-i1-maxlen-seed43-20260805-020722/evaluation/evaluation_report.json
2026-08-05 03:23:22 INFO  scripts.synthetic_model_comparison.training.eval_suite.report | logged eval scalars to MLflow under 'eval/'
2026-08-05 03:23:23 INFO  scripts.synthetic_model_comparison.training.eval_suite.run_evaluation | evaluation complete — report at /home/debian/Master-Thesis/scripts/synthetic_model_comparison/training/model_exports/yolo26n-hidream-i1-maxlen-seed43-20260805-020722/evaluation/evaluation_report.md
2026-08-05 03:23:24 INFO  __main__ | uploaded log artifact: /home/debian/Master-Thesis/scripts/synthetic_model_comparison/training/model_exports/yolo26n-hidream-i1-maxlen-seed43-20260805-020722/yolo26n-hidream-i1-maxlen-seed43-20260805-020722.log
