2026-08-26 19:07:58 INFO  __main__ | === yolo26n synthetic-model-comparison training run ===
2026-08-26 19:07:58 INFO  __main__ | run_name=yolo26n-gpt-image-2-medium-full-seed44-20260826-190757 experiment=yolo26n-synthetic-model-comparison
2026-08-26 19:07:58 INFO  __main__ | mlflow tracking_uri=http://hetzner.taile550ef.ts.net:5000/
2026-08-26 19:07:58 INFO  __main__ | run dir: /home/debian/Master-Thesis/scripts/synthetic_model_comparison/training/model_exports/yolo26n-gpt-image-2-medium-full-seed44-20260826-190757
2026-08-26 19:07:58 INFO  __main__ | log file: /home/debian/Master-Thesis/scripts/synthetic_model_comparison/training/model_exports/yolo26n-gpt-image-2-medium-full-seed44-20260826-190757/yolo26n-gpt-image-2-medium-full-seed44-20260826-190757.log
2026-08-26 19:07:58 INFO  __main__ | generator=gpt-image-2-medium prompt_regime=full seed=44 device=cuda epochs=200 smoke=False
2026-08-26 19:07:58 INFO  scripts.synthetic_model_comparison.training.split_dataset | split already up to date: annotations_train_split.json / annotations_val_split.json
2026-08-26 19:07:58 INFO  scripts.synthetic_model_comparison.training.dataset | dataset annotations_val_split.json: 240 images, 240 annotations, 12 classes
2026-08-26 19:07:58 INFO  scripts.synthetic_model_comparison.training.dataset | dataset annotations_test.json: 9742 images, 9742 annotations, 12 classes
2026-08-26 19:07:58 INFO  scripts.synthetic_model_comparison.training.dataset | dataset annotations_train_split.json: 960 images, 962 annotations, 12 classes
2026-08-26 19:07:59 INFO  scripts.synthetic_model_comparison.training.yolo26n_model | no pretrained weights — training from random initialization
2026-08-26 19:07:59 INFO  scripts.synthetic_model_comparison.training.yolo26n_model | model: yolo26n, nc=12, params=2.51M, device=cuda
2026-08-26 19:07:59 INFO  scripts.synthetic_model_comparison.training.optim | optimizer=SGD lr=0.001 | param groups: g0(BN,no-decay)=114 g1(conv,decay=0.0005)=126 g2(bias,no-decay)=126
2026-08-26 19:07:59 INFO  scripts.synthetic_model_comparison.training.optim | scheduler: OneCycleLR(max_lr=0.01, total_steps=3000, pct_start=0.015, div_factor=10, final_div_factor=100) — stepped per batch
2026-08-26 19:07:59 INFO  __main__ | run config:
2026-08-26 19:07:59 INFO  __main__ |   ANNOTATIONS_TEST = /home/debian/Master-Thesis/data/synthetic_model_comparison/test/annotations_test.json
2026-08-26 19:07:59 INFO  __main__ |   AUG_CLOSE_MOSAIC = 0
2026-08-26 19:07:59 INFO  __main__ |   AUG_COPY_PASTE = 0.0
2026-08-26 19:07:59 INFO  __main__ |   AUG_DEGREES = 0.0
2026-08-26 19:07:59 INFO  __main__ |   AUG_FLIPUD = 0.0
2026-08-26 19:07:59 INFO  __main__ |   AUG_HFLIP = True
2026-08-26 19:07:59 INFO  __main__ |   AUG_HSV = True
2026-08-26 19:07:59 INFO  __main__ |   AUG_HSV_H = 0.015
2026-08-26 19:07:59 INFO  __main__ |   AUG_HSV_S = 0.7
2026-08-26 19:07:59 INFO  __main__ |   AUG_HSV_V = 0.4
2026-08-26 19:07:59 INFO  __main__ |   AUG_MIXUP = 0.0
2026-08-26 19:07:59 INFO  __main__ |   AUG_MOSAIC = 0.0
2026-08-26 19:07:59 INFO  __main__ |   AUG_PERSPECTIVE = 0.0
2026-08-26 19:07:59 INFO  __main__ |   AUG_SCALE = 0.5
2026-08-26 19:07:59 INFO  __main__ |   AUG_SHEAR = 0.0
2026-08-26 19:07:59 INFO  __main__ |   AUG_TRANSLATE = 0.1
2026-08-26 19:07:59 INFO  __main__ |   BATCH_SIZE = 64
2026-08-26 19:07:59 INFO  __main__ |   DATA_ROOT = /home/debian/Master-Thesis/data
2026-08-26 19:07:59 INFO  __main__ |   EARLY_STOP = True
2026-08-26 19:07:59 INFO  __main__ |   EARLY_STOP_MIN_DELTA = 0.001
2026-08-26 19:07:59 INFO  __main__ |   EARLY_STOP_PATIENCE = 20
2026-08-26 19:07:59 INFO  __main__ |   EPOCH_COUNT = 200
2026-08-26 19:07:59 INFO  __main__ |   EVAL_CONF_THRES = 0.001
2026-08-26 19:07:59 INFO  __main__ |   EVAL_IOU_THRES = 0.6
2026-08-26 19:07:59 INFO  __main__ |   EVAL_MAX_DET = 100
2026-08-26 19:07:59 INFO  __main__ |   EXPERIMENT_DATA_ROOT = /home/debian/Master-Thesis/data/synthetic_model_comparison
2026-08-26 19:07:59 INFO  __main__ |   HYP_BOX = 7.5
2026-08-26 19:07:59 INFO  __main__ |   HYP_CLS = 0.5
2026-08-26 19:07:59 INFO  __main__ |   HYP_DFL = 1.5
2026-08-26 19:07:59 INFO  __main__ |   IMAGE_ROOT = /home/debian/Master-Thesis
2026-08-26 19:07:59 INFO  __main__ |   IMAGE_SIZE = 640
2026-08-26 19:07:59 INFO  __main__ |   LEARNING_RATE = 0.001
2026-08-26 19:07:59 INFO  __main__ |   MLFLOW_EXPERIMENT_DEFAULT = yolo26n-synthetic-model-comparison
2026-08-26 19:07:59 INFO  __main__ |   MLFLOW_LOG_EVERY_N_STEPS = 50
2026-08-26 19:07:59 INFO  __main__ |   MODEL_CONFIG = yolo26n.yaml
2026-08-26 19:07:59 INFO  __main__ |   MOMENTUM = 0.937
2026-08-26 19:07:59 INFO  __main__ |   NESTEROV = True
2026-08-26 19:07:59 INFO  __main__ |   NUM_CLASSES = 12
2026-08-26 19:07:59 INFO  __main__ |   NUM_WORKERS = 8
2026-08-26 19:07:59 INFO  __main__ |   ONE_CYCLE_DIV_FACTOR = 10.0
2026-08-26 19:07:59 INFO  __main__ |   ONE_CYCLE_FINAL_DIV_FACTOR = 100.0
2026-08-26 19:07:59 INFO  __main__ |   ONE_CYCLE_MAX_LR = 0.01
2026-08-26 19:07:59 INFO  __main__ |   ONE_CYCLE_PCT_START = 0.015
2026-08-26 19:07:59 INFO  __main__ |   OPTIMIZER = SGD
2026-08-26 19:07:59 INFO  __main__ |   OUTPUT_DIR = /home/debian/Master-Thesis/scripts/synthetic_model_comparison/training/model_exports
2026-08-26 19:07:59 INFO  __main__ |   PRETRAINED_WEIGHTS = /home/debian/Master-Thesis/weights/yolo26n.pt
2026-08-26 19:07:59 INFO  __main__ |   REPO_ROOT = /home/debian/Master-Thesis
2026-08-26 19:07:59 INFO  __main__ |   SEED = 42
2026-08-26 19:07:59 INFO  __main__ |   SELECTION_METRIC = mAP50_95
2026-08-26 19:07:59 INFO  __main__ |   SPLIT_SEED = 42
2026-08-26 19:07:59 INFO  __main__ |   TRAIN_ROOT = /home/debian/Master-Thesis/data/synthetic_model_comparison/train
2026-08-26 19:07:59 INFO  __main__ |   USE_AMP = True
2026-08-26 19:07:59 INFO  __main__ |   USE_EMA = True
2026-08-26 19:07:59 INFO  __main__ |   VAL_FRACTION = 0.2
2026-08-26 19:07:59 INFO  __main__ |   WARMUP_EPOCHS = 3
2026-08-26 19:07:59 INFO  __main__ |   WEIGHT_DECAY = 0.0005
2026-08-26 19:07:59 INFO  __main__ |   dataset_size_test = 9742
2026-08-26 19:07:59 INFO  __main__ |   dataset_size_train = 960
2026-08-26 19:07:59 INFO  __main__ |   dataset_size_val = 240
2026-08-26 19:07:59 INFO  __main__ |   device = cuda
2026-08-26 19:07:59 INFO  __main__ |   epochs_actual = 200
2026-08-26 19:07:59 INFO  __main__ |   generator = gpt-image-2-medium
2026-08-26 19:07:59 INFO  __main__ |   git_sha = 10b7aff6bb4a3b3158ca14642fdb2bef48669631
2026-08-26 19:07:59 INFO  __main__ |   prompt_regime = full
2026-08-26 19:07:59 INFO  __main__ |   resume_from = 
2026-08-26 19:07:59 INFO  __main__ |   run_seed = 44
2026-08-26 19:07:59 INFO  __main__ |   smoke = False
2026-08-26 19:07:59 INFO  __main__ |   weights_path = /home/debian/Master-Thesis/weights/yolo26n.pt
2026-08-26 19:07:59 INFO  scripts.synthetic_model_comparison.training.training_pipeline | output dir: /home/debian/Master-Thesis/scripts/synthetic_model_comparison/training/model_exports/yolo26n-gpt-image-2-medium-full-seed44-20260826-190757 | selection_metric=mAP50_95 early_stop=True(patience=20, min_delta=0.001) ema=True amp=True
2026-08-26 19:07:59 INFO  scripts.synthetic_model_comparison.training.training_pipeline | starting training: ceiling=200 epochs | train_batches=15 val_batches=4 test_batches=153 | device=cuda
2026-08-26 19:07:59 INFO  scripts.synthetic_model_comparison.training.training_pipeline | epoch 1/200 — train start (lr=0.001, batches=15)
2026-08-26 19:08:23 INFO  scripts.synthetic_model_comparison.training.training_pipeline | epoch 1/200 — train done in 23.6s | avg loss_box=4.4931 loss_cls=31.7777 loss_dfl=0.1353 loss_total=1253.9680
2026-08-26 19:08:23 INFO  scripts.synthetic_model_comparison.training.evaluation | evaluating on 4 batches
2026-08-26 19:08:28 INFO  scripts.synthetic_model_comparison.training.training_pipeline | epoch 1/200 — val mAP50=0.0000 mAP50_95=0.0000 (selection mAP50_95=0.0000)
2026-08-26 19:08:29 INFO  scripts.synthetic_model_comparison.training.evaluation | mlflow: logged val/mAP50=0.0000 val/mAP50_95=0.0000 (step=0)
2026-08-26 19:08:30 INFO  scripts.synthetic_model_comparison.training.evaluation | mlflow: logged val per-class AP table (12 classes)
2026-08-26 19:08:30 INFO  scripts.synthetic_model_comparison.training.training_pipeline | saved checkpoint: /home/debian/Master-Thesis/scripts/synthetic_model_comparison/training/model_exports/yolo26n-gpt-image-2-medium-full-seed44-20260826-190757/best.pt
2026-08-26 19:08:30 INFO  scripts.synthetic_model_comparison.training.training_pipeline | new best mAP50_95=0.0000 at epoch 1
2026-08-26 19:08:30 INFO  scripts.synthetic_model_comparison.training.training_pipeline | saved checkpoint: /home/debian/Master-Thesis/scripts/synthetic_model_comparison/training/model_exports/yolo26n-gpt-image-2-medium-full-seed44-20260826-190757/last.pt
2026-08-26 19:08:30 INFO  scripts.synthetic_model_comparison.training.training_pipeline | epoch 1/200 done — next lr=0.00334338, epochs_since_improve=0/20
2026-08-26 19:08:30 INFO  scripts.synthetic_model_comparison.training.training_pipeline | epoch 2/200 — train start (lr=0.00334338, batches=15)
2026-08-26 19:08:42 INFO  scripts.synthetic_model_comparison.training.training_pipeline | epoch 2/200 — train done in 11.3s | avg loss_box=4.3581 loss_cls=30.4798 loss_dfl=0.1282 loss_total=1219.2306
2026-08-26 19:08:42 INFO  scripts.synthetic_model_comparison.training.evaluation | evaluating on 4 batches
2026-08-26 19:08:46 INFO  scripts.synthetic_model_comparison.training.training_pipeline | epoch 2/200 — val mAP50=0.0000 mAP50_95=0.0000 (selection mAP50_95=0.0000)
2026-08-26 19:08:47 INFO  scripts.synthetic_model_comparison.training.evaluation | mlflow: logged val/mAP50=0.0000 val/mAP50_95=0.0000 (step=1)
2026-08-26 19:08:47 INFO  scripts.synthetic_model_comparison.training.evaluation | mlflow: logged val per-class AP table (12 classes)
2026-08-26 19:08:47 INFO  scripts.synthetic_model_comparison.training.training_pipeline | saved checkpoint: /home/debian/Master-Thesis/scripts/synthetic_model_comparison/training/model_exports/yolo26n-gpt-image-2-medium-full-seed44-20260826-190757/last.pt
2026-08-26 19:08:48 INFO  scripts.synthetic_model_comparison.training.training_pipeline | epoch 2/200 done — next lr=0.00793288, epochs_since_improve=0/20
2026-08-26 19:08:48 INFO  scripts.synthetic_model_comparison.training.training_pipeline | epoch 3/200 — train start (lr=0.00793288, batches=15)
2026-08-26 19:08:59 INFO  scripts.synthetic_model_comparison.training.training_pipeline | epoch 3/200 — train done in 11.3s | avg loss_box=4.4533 loss_cls=30.9457 loss_dfl=0.1315 loss_total=1207.0039
2026-08-26 19:08:59 INFO  scripts.synthetic_model_comparison.training.evaluation | evaluating on 4 batches
2026-08-26 19:09:04 INFO  scripts.synthetic_model_comparison.training.training_pipeline | epoch 3/200 — val mAP50=0.0000 mAP50_95=0.0000 (selection mAP50_95=0.0000)
2026-08-26 19:09:05 INFO  scripts.synthetic_model_comparison.training.evaluation | mlflow: logged val/mAP50=0.0000 val/mAP50_95=0.0000 (step=2)
2026-08-26 19:09:05 INFO  scripts.synthetic_model_comparison.training.evaluation | mlflow: logged val per-class AP table (12 classes)
2026-08-26 19:09:05 INFO  scripts.synthetic_model_comparison.training.training_pipeline | saved checkpoint: /home/debian/Master-Thesis/scripts/synthetic_model_comparison/training/model_exports/yolo26n-gpt-image-2-medium-full-seed44-20260826-190757/last.pt
2026-08-26 19:09:05 INFO  scripts.synthetic_model_comparison.training.training_pipeline | epoch 3/200 done — next lr=0.01, epochs_since_improve=0/20
2026-08-26 19:09:05 INFO  scripts.synthetic_model_comparison.training.training_pipeline | epoch 4/200 — train start (lr=0.01, batches=15)
2026-08-26 19:09:14 INFO  scripts.synthetic_model_comparison.training.training_pipeline | step 50 | loss_box=4.2106 loss_cls=28.0564 loss_dfl=0.1244 loss_total=1160.2870 lr=0.00999986
2026-08-26 19:09:19 INFO  scripts.synthetic_model_comparison.training.training_pipeline | epoch 4/200 — train done in 13.2s | avg loss_box=4.4779 loss_cls=29.4892 loss_dfl=0.1338 loss_total=1159.4097
2026-08-26 19:09:19 INFO  scripts.synthetic_model_comparison.training.evaluation | evaluating on 4 batches
2026-08-26 19:09:23 INFO  scripts.synthetic_model_comparison.training.training_pipeline | epoch 4/200 — val mAP50=0.0000 mAP50_95=0.0000 (selection mAP50_95=0.0000)
2026-08-26 19:09:24 INFO  scripts.synthetic_model_comparison.training.evaluation | mlflow: logged val/mAP50=0.0000 val/mAP50_95=0.0000 (step=3)
2026-08-26 19:09:24 INFO  scripts.synthetic_model_comparison.training.evaluation | mlflow: logged val per-class AP table (12 classes)
2026-08-26 19:09:25 INFO  scripts.synthetic_model_comparison.training.training_pipeline | saved checkpoint: /home/debian/Master-Thesis/scripts/synthetic_model_comparison/training/model_exports/yolo26n-gpt-image-2-medium-full-seed44-20260826-190757/last.pt
2026-08-26 19:09:25 INFO  scripts.synthetic_model_comparison.training.training_pipeline | epoch 4/200 done — next lr=0.00999928, epochs_since_improve=1/20
2026-08-26 19:09:25 INFO  scripts.synthetic_model_comparison.training.training_pipeline | epoch 5/200 — train start (lr=0.00999928, batches=15)
2026-08-26 19:09:36 INFO  scripts.synthetic_model_comparison.training.training_pipeline | epoch 5/200 — train done in 11.5s | avg loss_box=4.1007 loss_cls=22.3891 loss_dfl=0.1262 loss_total=942.1678
2026-08-26 19:09:36 INFO  scripts.synthetic_model_comparison.training.evaluation | evaluating on 4 batches
2026-08-26 19:09:41 INFO  scripts.synthetic_model_comparison.training.training_pipeline | epoch 5/200 — val mAP50=0.0000 mAP50_95=0.0000 (selection mAP50_95=0.0000)
2026-08-26 19:09:42 INFO  scripts.synthetic_model_comparison.training.evaluation | mlflow: logged val/mAP50=0.0000 val/mAP50_95=0.0000 (step=4)
2026-08-26 19:09:42 INFO  scripts.synthetic_model_comparison.training.evaluation | mlflow: logged val per-class AP table (12 classes)
2026-08-26 19:09:42 INFO  scripts.synthetic_model_comparison.training.training_pipeline | saved checkpoint: /home/debian/Master-Thesis/scripts/synthetic_model_comparison/training/model_exports/yolo26n-gpt-image-2-medium-full-seed44-20260826-190757/last.pt
2026-08-26 19:09:43 INFO  scripts.synthetic_model_comparison.training.training_pipeline | epoch 5/200 done — next lr=0.00999729, epochs_since_improve=2/20
2026-08-26 19:09:43 INFO  scripts.synthetic_model_comparison.training.training_pipeline | epoch 6/200 — train start (lr=0.00999729, batches=15)
2026-08-26 19:09:54 INFO  scripts.synthetic_model_comparison.training.training_pipeline | epoch 6/200 — train done in 11.5s | avg loss_box=3.3094 loss_cls=12.9578 loss_dfl=0.1026 loss_total=694.4940
2026-08-26 19:09:54 INFO  scripts.synthetic_model_comparison.training.evaluation | evaluating on 4 batches
2026-08-26 19:09:59 INFO  scripts.synthetic_model_comparison.training.training_pipeline | epoch 6/200 — val mAP50=0.0000 mAP50_95=0.0000 (selection mAP50_95=0.0000)
2026-08-26 19:10:00 INFO  scripts.synthetic_model_comparison.training.evaluation | mlflow: logged val/mAP50=0.0000 val/mAP50_95=0.0000 (step=5)
2026-08-26 19:10:00 INFO  scripts.synthetic_model_comparison.training.evaluation | mlflow: logged val per-class AP table (12 classes)
2026-08-26 19:10:01 INFO  scripts.synthetic_model_comparison.training.training_pipeline | saved checkpoint: /home/debian/Master-Thesis/scripts/synthetic_model_comparison/training/model_exports/yolo26n-gpt-image-2-medium-full-seed44-20260826-190757/last.pt
2026-08-26 19:10:01 INFO  scripts.synthetic_model_comparison.training.training_pipeline | epoch 6/200 done — next lr=0.00999403, epochs_since_improve=3/20
2026-08-26 19:10:01 INFO  scripts.synthetic_model_comparison.training.training_pipeline | epoch 7/200 — train start (lr=0.00999403, batches=15)
2026-08-26 19:10:11 INFO  scripts.synthetic_model_comparison.training.training_pipeline | step 100 | loss_box=2.7006 loss_cls=8.5744 loss_dfl=0.0842 loss_total=561.5933 lr=0.00999083
2026-08-26 19:10:14 INFO  scripts.synthetic_model_comparison.training.training_pipeline | epoch 7/200 — train done in 13.5s | avg loss_box=2.9423 loss_cls=9.4008 loss_dfl=0.0930 loss_total=581.9146
2026-08-26 19:10:14 INFO  scripts.synthetic_model_comparison.training.evaluation | evaluating on 4 batches
2026-08-26 19:10:19 INFO  scripts.synthetic_model_comparison.training.training_pipeline | epoch 7/200 — val mAP50=0.0062 mAP50_95=0.0018 (selection mAP50_95=0.0018)
2026-08-26 19:10:20 INFO  scripts.synthetic_model_comparison.training.evaluation | mlflow: logged val/mAP50=0.0062 val/mAP50_95=0.0018 (step=6)
2026-08-26 19:10:20 INFO  scripts.synthetic_model_comparison.training.evaluation | mlflow: logged val per-class AP table (12 classes)
2026-08-26 19:10:20 INFO  scripts.synthetic_model_comparison.training.training_pipeline | saved checkpoint: /home/debian/Master-Thesis/scripts/synthetic_model_comparison/training/model_exports/yolo26n-gpt-image-2-medium-full-seed44-20260826-190757/best.pt
2026-08-26 19:10:20 INFO  scripts.synthetic_model_comparison.training.training_pipeline | new best mAP50_95=0.0018 at epoch 7
2026-08-26 19:10:20 INFO  scripts.synthetic_model_comparison.training.training_pipeline | saved checkpoint: /home/debian/Master-Thesis/scripts/synthetic_model_comparison/training/model_exports/yolo26n-gpt-image-2-medium-full-seed44-20260826-190757/last.pt
2026-08-26 19:10:21 INFO  scripts.synthetic_model_comparison.training.training_pipeline | epoch 7/200 done — next lr=0.0099895, epochs_since_improve=0/20
2026-08-26 19:10:21 INFO  scripts.synthetic_model_comparison.training.training_pipeline | epoch 8/200 — train start (lr=0.0099895, batches=15)
2026-08-26 19:10:32 INFO  scripts.synthetic_model_comparison.training.training_pipeline | epoch 8/200 — train done in 11.6s | avg loss_box=2.7445 loss_cls=7.4272 loss_dfl=0.0864 loss_total=518.0292
2026-08-26 19:10:32 INFO  scripts.synthetic_model_comparison.training.evaluation | evaluating on 4 batches
2026-08-26 19:10:38 INFO  scripts.synthetic_model_comparison.training.training_pipeline | epoch 8/200 — val mAP50=0.0245 mAP50_95=0.0054 (selection mAP50_95=0.0054)
2026-08-26 19:10:38 INFO  scripts.synthetic_model_comparison.training.evaluation | mlflow: logged val/mAP50=0.0245 val/mAP50_95=0.0054 (step=7)
2026-08-26 19:10:39 INFO  scripts.synthetic_model_comparison.training.evaluation | mlflow: logged val per-class AP table (12 classes)
2026-08-26 19:10:39 INFO  scripts.synthetic_model_comparison.training.training_pipeline | saved checkpoint: /home/debian/Master-Thesis/scripts/synthetic_model_comparison/training/model_exports/yolo26n-gpt-image-2-medium-full-seed44-20260826-190757/best.pt
2026-08-26 19:10:39 INFO  scripts.synthetic_model_comparison.training.training_pipeline | new best mAP50_95=0.0054 at epoch 8
2026-08-26 19:10:39 INFO  scripts.synthetic_model_comparison.training.training_pipeline | saved checkpoint: /home/debian/Master-Thesis/scripts/synthetic_model_comparison/training/model_exports/yolo26n-gpt-image-2-medium-full-seed44-20260826-190757/last.pt
2026-08-26 19:10:39 INFO  scripts.synthetic_model_comparison.training.training_pipeline | epoch 8/200 done — next lr=0.0099837, epochs_since_improve=0/20
2026-08-26 19:10:39 INFO  scripts.synthetic_model_comparison.training.training_pipeline | epoch 9/200 — train start (lr=0.0099837, batches=15)
2026-08-26 19:10:51 INFO  scripts.synthetic_model_comparison.training.training_pipeline | epoch 9/200 — train done in 11.9s | avg loss_box=2.5883 loss_cls=6.1589 loss_dfl=0.0793 loss_total=473.2209
2026-08-26 19:10:51 INFO  scripts.synthetic_model_comparison.training.evaluation | evaluating on 4 batches
2026-08-26 19:10:57 INFO  scripts.synthetic_model_comparison.training.training_pipeline | epoch 9/200 — val mAP50=0.0242 mAP50_95=0.0063 (selection mAP50_95=0.0063)
2026-08-26 19:10:57 INFO  scripts.synthetic_model_comparison.training.evaluation | mlflow: logged val/mAP50=0.0242 val/mAP50_95=0.0063 (step=8)
2026-08-26 19:10:58 INFO  scripts.synthetic_model_comparison.training.evaluation | mlflow: logged val per-class AP table (12 classes)
2026-08-26 19:10:58 INFO  scripts.synthetic_model_comparison.training.training_pipeline | saved checkpoint: /home/debian/Master-Thesis/scripts/synthetic_model_comparison/training/model_exports/yolo26n-gpt-image-2-medium-full-seed44-20260826-190757/last.pt
2026-08-26 19:10:58 INFO  scripts.synthetic_model_comparison.training.training_pipeline | epoch 9/200 done — next lr=0.00997664, epochs_since_improve=1/20
2026-08-26 19:10:58 INFO  scripts.synthetic_model_comparison.training.training_pipeline | epoch 10/200 — train start (lr=0.00997664, batches=15)
2026-08-26 19:11:10 INFO  scripts.synthetic_model_comparison.training.training_pipeline | epoch 10/200 — train done in 11.4s | avg loss_box=2.5172 loss_cls=5.4210 loss_dfl=0.0777 loss_total=440.5325
2026-08-26 19:11:10 INFO  scripts.synthetic_model_comparison.training.evaluation | evaluating on 4 batches
2026-08-26 19:11:15 INFO  scripts.synthetic_model_comparison.training.training_pipeline | epoch 10/200 — val mAP50=0.0110 mAP50_95=0.0027 (selection mAP50_95=0.0027)
2026-08-26 19:11:16 INFO  scripts.synthetic_model_comparison.training.evaluation | mlflow: logged val/mAP50=0.0110 val/mAP50_95=0.0027 (step=9)
2026-08-26 19:11:16 INFO  scripts.synthetic_model_comparison.training.evaluation | mlflow: logged val per-class AP table (12 classes)
2026-08-26 19:11:16 INFO  scripts.synthetic_model_comparison.training.training_pipeline | saved checkpoint: /home/debian/Master-Thesis/scripts/synthetic_model_comparison/training/model_exports/yolo26n-gpt-image-2-medium-full-seed44-20260826-190757/last.pt
2026-08-26 19:11:16 INFO  scripts.synthetic_model_comparison.training.training_pipeline | epoch 10/200 done — next lr=0.00996832, epochs_since_improve=2/20
2026-08-26 19:11:16 INFO  scripts.synthetic_model_comparison.training.training_pipeline | epoch 11/200 — train start (lr=0.00996832, batches=15)
2026-08-26 19:11:22 INFO  scripts.synthetic_model_comparison.training.training_pipeline | step 150 | loss_box=2.4528 loss_cls=4.9770 loss_dfl=0.0765 loss_total=428.1327 lr=0.00996772
2026-08-26 19:11:29 INFO  scripts.synthetic_model_comparison.training.training_pipeline | epoch 11/200 — train done in 13.1s | avg loss_box=2.4585 loss_cls=4.8385 loss_dfl=0.0746 loss_total=414.2811
2026-08-26 19:11:29 INFO  scripts.synthetic_model_comparison.training.evaluation | evaluating on 4 batches
2026-08-26 19:11:35 INFO  scripts.synthetic_model_comparison.training.training_pipeline | epoch 11/200 — val mAP50=0.0612 mAP50_95=0.0193 (selection mAP50_95=0.0193)
2026-08-26 19:11:36 INFO  scripts.synthetic_model_comparison.training.evaluation | mlflow: logged val/mAP50=0.0612 val/mAP50_95=0.0193 (step=10)
2026-08-26 19:11:36 INFO  scripts.synthetic_model_comparison.training.evaluation | mlflow: logged val per-class AP table (12 classes)
2026-08-26 19:11:36 INFO  scripts.synthetic_model_comparison.training.training_pipeline | saved checkpoint: /home/debian/Master-Thesis/scripts/synthetic_model_comparison/training/model_exports/yolo26n-gpt-image-2-medium-full-seed44-20260826-190757/best.pt
2026-08-26 19:11:36 INFO  scripts.synthetic_model_comparison.training.training_pipeline | new best mAP50_95=0.0193 at epoch 11
2026-08-26 19:11:36 INFO  scripts.synthetic_model_comparison.training.training_pipeline | saved checkpoint: /home/debian/Master-Thesis/scripts/synthetic_model_comparison/training/model_exports/yolo26n-gpt-image-2-medium-full-seed44-20260826-190757/last.pt
2026-08-26 19:11:37 INFO  scripts.synthetic_model_comparison.training.training_pipeline | epoch 11/200 done — next lr=0.00995873, epochs_since_improve=0/20
2026-08-26 19:11:37 INFO  scripts.synthetic_model_comparison.training.training_pipeline | epoch 12/200 — train start (lr=0.00995873, batches=15)
2026-08-26 19:11:48 INFO  scripts.synthetic_model_comparison.training.training_pipeline | epoch 12/200 — train done in 11.4s | avg loss_box=2.3402 loss_cls=4.4814 loss_dfl=0.0695 loss_total=392.8103
2026-08-26 19:11:48 INFO  scripts.synthetic_model_comparison.training.evaluation | evaluating on 4 batches
2026-08-26 19:11:54 INFO  scripts.synthetic_model_comparison.training.training_pipeline | epoch 12/200 — val mAP50=0.0546 mAP50_95=0.0102 (selection mAP50_95=0.0102)
2026-08-26 19:11:54 INFO  scripts.synthetic_model_comparison.training.evaluation | mlflow: logged val/mAP50=0.0546 val/mAP50_95=0.0102 (step=11)
2026-08-26 19:11:55 INFO  scripts.synthetic_model_comparison.training.evaluation | mlflow: logged val per-class AP table (12 classes)
2026-08-26 19:11:55 INFO  scripts.synthetic_model_comparison.training.training_pipeline | saved checkpoint: /home/debian/Master-Thesis/scripts/synthetic_model_comparison/training/model_exports/yolo26n-gpt-image-2-medium-full-seed44-20260826-190757/last.pt
2026-08-26 19:11:55 INFO  scripts.synthetic_model_comparison.training.training_pipeline | epoch 12/200 done — next lr=0.00994788, epochs_since_improve=1/20
2026-08-26 19:11:55 INFO  scripts.synthetic_model_comparison.training.training_pipeline | epoch 13/200 — train start (lr=0.00994788, batches=15)
2026-08-26 19:12:07 INFO  scripts.synthetic_model_comparison.training.training_pipeline | epoch 13/200 — train done in 12.0s | avg loss_box=2.2223 loss_cls=4.1320 loss_dfl=0.0648 loss_total=369.7008
2026-08-26 19:12:07 INFO  scripts.synthetic_model_comparison.training.evaluation | evaluating on 4 batches
2026-08-26 19:12:13 INFO  scripts.synthetic_model_comparison.training.training_pipeline | epoch 13/200 — val mAP50=0.0524 mAP50_95=0.0171 (selection mAP50_95=0.0171)
2026-08-26 19:12:14 INFO  scripts.synthetic_model_comparison.training.evaluation | mlflow: logged val/mAP50=0.0524 val/mAP50_95=0.0171 (step=12)
2026-08-26 19:12:14 INFO  scripts.synthetic_model_comparison.training.evaluation | mlflow: logged val per-class AP table (12 classes)
2026-08-26 19:12:14 INFO  scripts.synthetic_model_comparison.training.training_pipeline | saved checkpoint: /home/debian/Master-Thesis/scripts/synthetic_model_comparison/training/model_exports/yolo26n-gpt-image-2-medium-full-seed44-20260826-190757/last.pt
2026-08-26 19:12:14 INFO  scripts.synthetic_model_comparison.training.training_pipeline | epoch 13/200 done — next lr=0.00993577, epochs_since_improve=2/20
2026-08-26 19:12:14 INFO  scripts.synthetic_model_comparison.training.training_pipeline | epoch 14/200 — train start (lr=0.00993577, batches=15)
2026-08-26 19:12:23 INFO  scripts.synthetic_model_comparison.training.training_pipeline | step 200 | loss_box=2.2113 loss_cls=3.9353 loss_dfl=0.0668 loss_total=355.9131 lr=0.00993058
2026-08-26 19:12:28 INFO  scripts.synthetic_model_comparison.training.training_pipeline | epoch 14/200 — train done in 13.8s | avg loss_box=2.1472 loss_cls=3.9173 loss_dfl=0.0622 loss_total=354.2600
2026-08-26 19:12:28 INFO  scripts.synthetic_model_comparison.training.evaluation | evaluating on 4 batches
2026-08-26 19:12:34 INFO  scripts.synthetic_model_comparison.training.training_pipeline | epoch 14/200 — val mAP50=0.0920 mAP50_95=0.0285 (selection mAP50_95=0.0285)
2026-08-26 19:12:34 INFO  scripts.synthetic_model_comparison.training.evaluation | mlflow: logged val/mAP50=0.0920 val/mAP50_95=0.0285 (step=13)
2026-08-26 19:12:35 INFO  scripts.synthetic_model_comparison.training.evaluation | mlflow: logged val per-class AP table (12 classes)
2026-08-26 19:12:35 INFO  scripts.synthetic_model_comparison.training.training_pipeline | saved checkpoint: /home/debian/Master-Thesis/scripts/synthetic_model_comparison/training/model_exports/yolo26n-gpt-image-2-medium-full-seed44-20260826-190757/best.pt
2026-08-26 19:12:35 INFO  scripts.synthetic_model_comparison.training.training_pipeline | new best mAP50_95=0.0285 at epoch 14
2026-08-26 19:12:35 INFO  scripts.synthetic_model_comparison.training.training_pipeline | saved checkpoint: /home/debian/Master-Thesis/scripts/synthetic_model_comparison/training/model_exports/yolo26n-gpt-image-2-medium-full-seed44-20260826-190757/last.pt
2026-08-26 19:12:35 INFO  scripts.synthetic_model_comparison.training.training_pipeline | epoch 14/200 done — next lr=0.00992241, epochs_since_improve=0/20
2026-08-26 19:12:35 INFO  scripts.synthetic_model_comparison.training.training_pipeline | epoch 15/200 — train start (lr=0.00992241, batches=15)
2026-08-26 19:12:47 INFO  scripts.synthetic_model_comparison.training.training_pipeline | epoch 15/200 — train done in 11.6s | avg loss_box=2.0846 loss_cls=3.7081 loss_dfl=0.0591 loss_total=342.7660
2026-08-26 19:12:47 INFO  scripts.synthetic_model_comparison.training.evaluation | evaluating on 4 batches
2026-08-26 19:12:53 INFO  scripts.synthetic_model_comparison.training.training_pipeline | epoch 15/200 — val mAP50=0.0385 mAP50_95=0.0099 (selection mAP50_95=0.0099)
2026-08-26 19:12:53 INFO  scripts.synthetic_model_comparison.training.evaluation | mlflow: logged val/mAP50=0.0385 val/mAP50_95=0.0099 (step=14)
2026-08-26 19:12:54 INFO  scripts.synthetic_model_comparison.training.evaluation | mlflow: logged val per-class AP table (12 classes)
2026-08-26 19:12:54 INFO  scripts.synthetic_model_comparison.training.training_pipeline | saved checkpoint: /home/debian/Master-Thesis/scripts/synthetic_model_comparison/training/model_exports/yolo26n-gpt-image-2-medium-full-seed44-20260826-190757/last.pt
2026-08-26 19:12:54 INFO  scripts.synthetic_model_comparison.training.training_pipeline | epoch 15/200 done — next lr=0.00990781, epochs_since_improve=1/20
2026-08-26 19:12:54 INFO  scripts.synthetic_model_comparison.training.training_pipeline | epoch 16/200 — train start (lr=0.00990781, batches=15)
2026-08-26 19:13:06 INFO  scripts.synthetic_model_comparison.training.training_pipeline | epoch 16/200 — train done in 11.7s | avg loss_box=2.0690 loss_cls=3.5702 loss_dfl=0.0602 loss_total=331.8307
2026-08-26 19:13:06 INFO  scripts.synthetic_model_comparison.training.evaluation | evaluating on 4 batches
2026-08-26 19:13:11 INFO  scripts.synthetic_model_comparison.training.training_pipeline | epoch 16/200 — val mAP50=0.1178 mAP50_95=0.0381 (selection mAP50_95=0.0381)
2026-08-26 19:13:12 INFO  scripts.synthetic_model_comparison.training.evaluation | mlflow: logged val/mAP50=0.1178 val/mAP50_95=0.0381 (step=15)
2026-08-26 19:13:13 INFO  scripts.synthetic_model_comparison.training.evaluation | mlflow: logged val per-class AP table (12 classes)
2026-08-26 19:13:13 INFO  scripts.synthetic_model_comparison.training.training_pipeline | saved checkpoint: /home/debian/Master-Thesis/scripts/synthetic_model_comparison/training/model_exports/yolo26n-gpt-image-2-medium-full-seed44-20260826-190757/best.pt
2026-08-26 19:13:13 INFO  scripts.synthetic_model_comparison.training.training_pipeline | new best mAP50_95=0.0381 at epoch 16
2026-08-26 19:13:13 INFO  scripts.synthetic_model_comparison.training.training_pipeline | saved checkpoint: /home/debian/Master-Thesis/scripts/synthetic_model_comparison/training/model_exports/yolo26n-gpt-image-2-medium-full-seed44-20260826-190757/last.pt
2026-08-26 19:13:13 INFO  scripts.synthetic_model_comparison.training.training_pipeline | epoch 16/200 done — next lr=0.00989195, epochs_since_improve=0/20
2026-08-26 19:13:13 INFO  scripts.synthetic_model_comparison.training.training_pipeline | epoch 17/200 — train start (lr=0.00989195, batches=15)
2026-08-26 19:13:23 INFO  scripts.synthetic_model_comparison.training.training_pipeline | step 250 | loss_box=2.1670 loss_cls=3.4875 loss_dfl=0.0640 loss_total=335.7253 lr=0.00987953
2026-08-26 19:13:26 INFO  scripts.synthetic_model_comparison.training.training_pipeline | epoch 17/200 — train done in 13.2s | avg loss_box=2.0152 loss_cls=3.3956 loss_dfl=0.0571 loss_total=321.7518
2026-08-26 19:13:26 INFO  scripts.synthetic_model_comparison.training.evaluation | evaluating on 4 batches
2026-08-26 19:13:32 INFO  scripts.synthetic_model_comparison.training.training_pipeline | epoch 17/200 — val mAP50=0.0988 mAP50_95=0.0320 (selection mAP50_95=0.0320)
2026-08-26 19:13:33 INFO  scripts.synthetic_model_comparison.training.evaluation | mlflow: logged val/mAP50=0.0988 val/mAP50_95=0.0320 (step=16)
2026-08-26 19:13:33 INFO  scripts.synthetic_model_comparison.training.evaluation | mlflow: logged val per-class AP table (12 classes)
2026-08-26 19:13:33 INFO  scripts.synthetic_model_comparison.training.training_pipeline | saved checkpoint: /home/debian/Master-Thesis/scripts/synthetic_model_comparison/training/model_exports/yolo26n-gpt-image-2-medium-full-seed44-20260826-190757/last.pt
2026-08-26 19:13:34 INFO  scripts.synthetic_model_comparison.training.training_pipeline | epoch 17/200 done — next lr=0.00987485, epochs_since_improve=1/20
2026-08-26 19:13:34 INFO  scripts.synthetic_model_comparison.training.training_pipeline | epoch 18/200 — train start (lr=0.00987485, batches=15)
2026-08-26 19:13:45 INFO  scripts.synthetic_model_comparison.training.training_pipeline | epoch 18/200 — train done in 11.8s | avg loss_box=1.9569 loss_cls=3.2735 loss_dfl=0.0549 loss_total=313.3022
2026-08-26 19:13:45 INFO  scripts.synthetic_model_comparison.training.evaluation | evaluating on 4 batches
2026-08-26 19:13:51 INFO  scripts.synthetic_model_comparison.training.training_pipeline | epoch 18/200 — val mAP50=0.0889 mAP50_95=0.0319 (selection mAP50_95=0.0319)
2026-08-26 19:13:52 INFO  scripts.synthetic_model_comparison.training.evaluation | mlflow: logged val/mAP50=0.0889 val/mAP50_95=0.0319 (step=17)
2026-08-26 19:13:52 INFO  scripts.synthetic_model_comparison.training.evaluation | mlflow: logged val per-class AP table (12 classes)
2026-08-26 19:13:52 INFO  scripts.synthetic_model_comparison.training.training_pipeline | saved checkpoint: /home/debian/Master-Thesis/scripts/synthetic_model_comparison/training/model_exports/yolo26n-gpt-image-2-medium-full-seed44-20260826-190757/last.pt
2026-08-26 19:13:53 INFO  scripts.synthetic_model_comparison.training.training_pipeline | epoch 18/200 done — next lr=0.00985651, epochs_since_improve=2/20
2026-08-26 19:13:53 INFO  scripts.synthetic_model_comparison.training.training_pipeline | epoch 19/200 — train start (lr=0.00985651, batches=15)
2026-08-26 19:14:04 INFO  scripts.synthetic_model_comparison.training.training_pipeline | epoch 19/200 — train done in 11.7s | avg loss_box=1.9069 loss_cls=3.1530 loss_dfl=0.0533 loss_total=299.4353
2026-08-26 19:14:04 INFO  scripts.synthetic_model_comparison.training.evaluation | evaluating on 4 batches
2026-08-26 19:14:10 INFO  scripts.synthetic_model_comparison.training.training_pipeline | epoch 19/200 — val mAP50=0.1663 mAP50_95=0.0564 (selection mAP50_95=0.0564)
2026-08-26 19:14:10 INFO  scripts.synthetic_model_comparison.training.evaluation | mlflow: logged val/mAP50=0.1663 val/mAP50_95=0.0564 (step=18)
2026-08-26 19:14:11 INFO  scripts.synthetic_model_comparison.training.evaluation | mlflow: logged val per-class AP table (12 classes)
2026-08-26 19:14:11 INFO  scripts.synthetic_model_comparison.training.training_pipeline | saved checkpoint: /home/debian/Master-Thesis/scripts/synthetic_model_comparison/training/model_exports/yolo26n-gpt-image-2-medium-full-seed44-20260826-190757/best.pt
2026-08-26 19:14:11 INFO  scripts.synthetic_model_comparison.training.training_pipeline | new best mAP50_95=0.0564 at epoch 19
2026-08-26 19:14:11 INFO  scripts.synthetic_model_comparison.training.training_pipeline | saved checkpoint: /home/debian/Master-Thesis/scripts/synthetic_model_comparison/training/model_exports/yolo26n-gpt-image-2-medium-full-seed44-20260826-190757/last.pt
2026-08-26 19:14:11 INFO  scripts.synthetic_model_comparison.training.training_pipeline | epoch 19/200 done — next lr=0.00983694, epochs_since_improve=0/20
2026-08-26 19:14:11 INFO  scripts.synthetic_model_comparison.training.training_pipeline | epoch 20/200 — train start (lr=0.00983694, batches=15)
2026-08-26 19:14:23 INFO  scripts.synthetic_model_comparison.training.training_pipeline | epoch 20/200 — train done in 12.0s | avg loss_box=1.9009 loss_cls=3.0154 loss_dfl=0.0539 loss_total=294.3218
2026-08-26 19:14:23 INFO  scripts.synthetic_model_comparison.training.evaluation | evaluating on 4 batches
2026-08-26 19:14:29 INFO  scripts.synthetic_model_comparison.training.training_pipeline | epoch 20/200 — val mAP50=0.1244 mAP50_95=0.0459 (selection mAP50_95=0.0459)
2026-08-26 19:14:30 INFO  scripts.synthetic_model_comparison.training.evaluation | mlflow: logged val/mAP50=0.1244 val/mAP50_95=0.0459 (step=19)
2026-08-26 19:14:30 INFO  scripts.synthetic_model_comparison.training.evaluation | mlflow: logged val per-class AP table (12 classes)
2026-08-26 19:14:30 INFO  scripts.synthetic_model_comparison.training.training_pipeline | saved checkpoint: /home/debian/Master-Thesis/scripts/synthetic_model_comparison/training/model_exports/yolo26n-gpt-image-2-medium-full-seed44-20260826-190757/last.pt
2026-08-26 19:14:30 INFO  scripts.synthetic_model_comparison.training.training_pipeline | epoch 20/200 done — next lr=0.00981614, epochs_since_improve=1/20
2026-08-26 19:14:30 INFO  scripts.synthetic_model_comparison.training.training_pipeline | epoch 21/200 — train start (lr=0.00981614, batches=15)
2026-08-26 19:14:37 INFO  scripts.synthetic_model_comparison.training.training_pipeline | step 300 | loss_box=2.0346 loss_cls=3.1582 loss_dfl=0.0545 loss_total=315.3343 lr=0.00981471
2026-08-26 19:14:45 INFO  scripts.synthetic_model_comparison.training.training_pipeline | epoch 21/200 — train done in 14.1s | avg loss_box=1.9083 loss_cls=2.8677 loss_dfl=0.0534 loss_total=286.3843
2026-08-26 19:14:45 INFO  scripts.synthetic_model_comparison.training.evaluation | evaluating on 4 batches
2026-08-26 19:14:50 INFO  scripts.synthetic_model_comparison.training.training_pipeline | epoch 21/200 — val mAP50=0.2102 mAP50_95=0.0721 (selection mAP50_95=0.0721)
2026-08-26 19:14:51 INFO  scripts.synthetic_model_comparison.training.evaluation | mlflow: logged val/mAP50=0.2102 val/mAP50_95=0.0721 (step=20)
2026-08-26 19:14:51 INFO  scripts.synthetic_model_comparison.training.evaluation | mlflow: logged val per-class AP table (12 classes)
2026-08-26 19:14:51 INFO  scripts.synthetic_model_comparison.training.training_pipeline | saved checkpoint: /home/debian/Master-Thesis/scripts/synthetic_model_comparison/training/model_exports/yolo26n-gpt-image-2-medium-full-seed44-20260826-190757/best.pt
2026-08-26 19:14:51 INFO  scripts.synthetic_model_comparison.training.training_pipeline | new best mAP50_95=0.0721 at epoch 21
2026-08-26 19:14:52 INFO  scripts.synthetic_model_comparison.training.training_pipeline | saved checkpoint: /home/debian/Master-Thesis/scripts/synthetic_model_comparison/training/model_exports/yolo26n-gpt-image-2-medium-full-seed44-20260826-190757/last.pt
2026-08-26 19:14:52 INFO  scripts.synthetic_model_comparison.training.training_pipeline | epoch 21/200 done — next lr=0.00979412, epochs_since_improve=0/20
2026-08-26 19:14:52 INFO  scripts.synthetic_model_comparison.training.training_pipeline | epoch 22/200 — train start (lr=0.00979412, batches=15)
2026-08-26 19:15:04 INFO  scripts.synthetic_model_comparison.training.training_pipeline | epoch 22/200 — train done in 11.9s | avg loss_box=1.8616 loss_cls=2.8148 loss_dfl=0.0526 loss_total=279.7170
2026-08-26 19:15:04 INFO  scripts.synthetic_model_comparison.training.evaluation | evaluating on 4 batches
2026-08-26 19:15:09 INFO  scripts.synthetic_model_comparison.training.training_pipeline | epoch 22/200 — val mAP50=0.2628 mAP50_95=0.0978 (selection mAP50_95=0.0978)
2026-08-26 19:15:10 INFO  scripts.synthetic_model_comparison.training.evaluation | mlflow: logged val/mAP50=0.2628 val/mAP50_95=0.0978 (step=21)
2026-08-26 19:15:10 INFO  scripts.synthetic_model_comparison.training.evaluation | mlflow: logged val per-class AP table (12 classes)
2026-08-26 19:15:11 INFO  scripts.synthetic_model_comparison.training.training_pipeline | saved checkpoint: /home/debian/Master-Thesis/scripts/synthetic_model_comparison/training/model_exports/yolo26n-gpt-image-2-medium-full-seed44-20260826-190757/best.pt
2026-08-26 19:15:11 INFO  scripts.synthetic_model_comparison.training.training_pipeline | new best mAP50_95=0.0978 at epoch 22
2026-08-26 19:15:11 INFO  scripts.synthetic_model_comparison.training.training_pipeline | saved checkpoint: /home/debian/Master-Thesis/scripts/synthetic_model_comparison/training/model_exports/yolo26n-gpt-image-2-medium-full-seed44-20260826-190757/last.pt
2026-08-26 19:15:11 INFO  scripts.synthetic_model_comparison.training.training_pipeline | epoch 22/200 done — next lr=0.00977087, epochs_since_improve=0/20
2026-08-26 19:15:11 INFO  scripts.synthetic_model_comparison.training.training_pipeline | epoch 23/200 — train start (lr=0.00977087, batches=15)
2026-08-26 19:15:22 INFO  scripts.synthetic_model_comparison.training.training_pipeline | epoch 23/200 — train done in 11.2s | avg loss_box=1.8461 loss_cls=2.7076 loss_dfl=0.0516 loss_total=272.3609
2026-08-26 19:15:22 INFO  scripts.synthetic_model_comparison.training.evaluation | evaluating on 4 batches
2026-08-26 19:15:28 INFO  scripts.synthetic_model_comparison.training.training_pipeline | epoch 23/200 — val mAP50=0.1538 mAP50_95=0.0601 (selection mAP50_95=0.0601)
2026-08-26 19:15:28 INFO  scripts.synthetic_model_comparison.training.evaluation | mlflow: logged val/mAP50=0.1538 val/mAP50_95=0.0601 (step=22)
2026-08-26 19:15:29 INFO  scripts.synthetic_model_comparison.training.evaluation | mlflow: logged val per-class AP table (12 classes)
2026-08-26 19:15:29 INFO  scripts.synthetic_model_comparison.training.training_pipeline | saved checkpoint: /home/debian/Master-Thesis/scripts/synthetic_model_comparison/training/model_exports/yolo26n-gpt-image-2-medium-full-seed44-20260826-190757/last.pt
2026-08-26 19:15:29 INFO  scripts.synthetic_model_comparison.training.training_pipeline | epoch 23/200 done — next lr=0.00974642, epochs_since_improve=1/20
2026-08-26 19:15:29 INFO  scripts.synthetic_model_comparison.training.training_pipeline | epoch 24/200 — train start (lr=0.00974642, batches=15)
2026-08-26 19:15:38 INFO  scripts.synthetic_model_comparison.training.training_pipeline | step 350 | loss_box=1.7026 loss_cls=2.5644 loss_dfl=0.0469 loss_total=260.3566 lr=0.0097363
2026-08-26 19:15:44 INFO  scripts.synthetic_model_comparison.training.training_pipeline | epoch 24/200 — train done in 14.3s | avg loss_box=1.8380 loss_cls=2.6592 loss_dfl=0.0510 loss_total=269.3543
2026-08-26 19:15:44 INFO  scripts.synthetic_model_comparison.training.evaluation | evaluating on 4 batches
2026-08-26 19:15:49 INFO  scripts.synthetic_model_comparison.training.training_pipeline | epoch 24/200 — val mAP50=0.2623 mAP50_95=0.1038 (selection mAP50_95=0.1038)
2026-08-26 19:15:50 INFO  scripts.synthetic_model_comparison.training.evaluation | mlflow: logged val/mAP50=0.2623 val/mAP50_95=0.1038 (step=23)
2026-08-26 19:15:50 INFO  scripts.synthetic_model_comparison.training.evaluation | mlflow: logged val per-class AP table (12 classes)
2026-08-26 19:15:50 INFO  scripts.synthetic_model_comparison.training.training_pipeline | saved checkpoint: /home/debian/Master-Thesis/scripts/synthetic_model_comparison/training/model_exports/yolo26n-gpt-image-2-medium-full-seed44-20260826-190757/best.pt
2026-08-26 19:15:50 INFO  scripts.synthetic_model_comparison.training.training_pipeline | new best mAP50_95=0.1038 at epoch 24
2026-08-26 19:15:50 INFO  scripts.synthetic_model_comparison.training.training_pipeline | saved checkpoint: /home/debian/Master-Thesis/scripts/synthetic_model_comparison/training/model_exports/yolo26n-gpt-image-2-medium-full-seed44-20260826-190757/last.pt
2026-08-26 19:15:51 INFO  scripts.synthetic_model_comparison.training.training_pipeline | epoch 24/200 done — next lr=0.00972076, epochs_since_improve=0/20
2026-08-26 19:15:51 INFO  scripts.synthetic_model_comparison.training.training_pipeline | epoch 25/200 — train start (lr=0.00972076, batches=15)
2026-08-26 19:16:03 INFO  scripts.synthetic_model_comparison.training.training_pipeline | epoch 25/200 — train done in 12.3s | avg loss_box=1.8239 loss_cls=2.5951 loss_dfl=0.0509 loss_total=260.8718
2026-08-26 19:16:03 INFO  scripts.synthetic_model_comparison.training.evaluation | evaluating on 4 batches
2026-08-26 19:16:09 INFO  scripts.synthetic_model_comparison.training.training_pipeline | epoch 25/200 — val mAP50=0.2811 mAP50_95=0.1241 (selection mAP50_95=0.1241)
2026-08-26 19:16:09 INFO  scripts.synthetic_model_comparison.training.evaluation | mlflow: logged val/mAP50=0.2811 val/mAP50_95=0.1241 (step=24)
2026-08-26 19:16:10 INFO  scripts.synthetic_model_comparison.training.evaluation | mlflow: logged val per-class AP table (12 classes)
2026-08-26 19:16:10 INFO  scripts.synthetic_model_comparison.training.training_pipeline | saved checkpoint: /home/debian/Master-Thesis/scripts/synthetic_model_comparison/training/model_exports/yolo26n-gpt-image-2-medium-full-seed44-20260826-190757/best.pt
2026-08-26 19:16:10 INFO  scripts.synthetic_model_comparison.training.training_pipeline | new best mAP50_95=0.1241 at epoch 25
2026-08-26 19:16:10 INFO  scripts.synthetic_model_comparison.training.training_pipeline | saved checkpoint: /home/debian/Master-Thesis/scripts/synthetic_model_comparison/training/model_exports/yolo26n-gpt-image-2-medium-full-seed44-20260826-190757/last.pt
2026-08-26 19:16:10 INFO  scripts.synthetic_model_comparison.training.training_pipeline | epoch 25/200 done — next lr=0.0096939, epochs_since_improve=0/20
2026-08-26 19:16:10 INFO  scripts.synthetic_model_comparison.training.training_pipeline | epoch 26/200 — train start (lr=0.0096939, batches=15)
2026-08-26 19:16:22 INFO  scripts.synthetic_model_comparison.training.training_pipeline | epoch 26/200 — train done in 11.8s | avg loss_box=1.8123 loss_cls=2.4561 loss_dfl=0.0496 loss_total=255.2766
2026-08-26 19:16:22 INFO  scripts.synthetic_model_comparison.training.evaluation | evaluating on 4 batches
2026-08-26 19:16:28 INFO  scripts.synthetic_model_comparison.training.training_pipeline | epoch 26/200 — val mAP50=0.3143 mAP50_95=0.1425 (selection mAP50_95=0.1425)
2026-08-26 19:16:28 INFO  scripts.synthetic_model_comparison.training.evaluation | mlflow: logged val/mAP50=0.3143 val/mAP50_95=0.1425 (step=25)
2026-08-26 19:16:29 INFO  scripts.synthetic_model_comparison.training.evaluation | mlflow: logged val per-class AP table (12 classes)
2026-08-26 19:16:29 INFO  scripts.synthetic_model_comparison.training.training_pipeline | saved checkpoint: /home/debian/Master-Thesis/scripts/synthetic_model_comparison/training/model_exports/yolo26n-gpt-image-2-medium-full-seed44-20260826-190757/best.pt
2026-08-26 19:16:29 INFO  scripts.synthetic_model_comparison.training.training_pipeline | new best mAP50_95=0.1425 at epoch 26
2026-08-26 19:16:29 INFO  scripts.synthetic_model_comparison.training.training_pipeline | saved checkpoint: /home/debian/Master-Thesis/scripts/synthetic_model_comparison/training/model_exports/yolo26n-gpt-image-2-medium-full-seed44-20260826-190757/last.pt
2026-08-26 19:16:29 INFO  scripts.synthetic_model_comparison.training.training_pipeline | epoch 26/200 done — next lr=0.00966585, epochs_since_improve=0/20
2026-08-26 19:16:29 INFO  scripts.synthetic_model_comparison.training.training_pipeline | epoch 27/200 — train start (lr=0.00966585, batches=15)
2026-08-26 19:16:40 INFO  scripts.synthetic_model_comparison.training.training_pipeline | step 400 | loss_box=1.7089 loss_cls=2.5591 loss_dfl=0.0483 loss_total=255.7040 lr=0.00964453
2026-08-26 19:16:43 INFO  scripts.synthetic_model_comparison.training.training_pipeline | epoch 27/200 — train done in 13.3s | avg loss_box=1.7398 loss_cls=2.4437 loss_dfl=0.0486 loss_total=248.2151
2026-08-26 19:16:43 INFO  scripts.synthetic_model_comparison.training.evaluation | evaluating on 4 batches
2026-08-26 19:16:48 INFO  scripts.synthetic_model_comparison.training.training_pipeline | epoch 27/200 — val mAP50=0.2505 mAP50_95=0.0818 (selection mAP50_95=0.0818)
2026-08-26 19:16:49 INFO  scripts.synthetic_model_comparison.training.evaluation | mlflow: logged val/mAP50=0.2505 val/mAP50_95=0.0818 (step=26)
2026-08-26 19:16:49 INFO  scripts.synthetic_model_comparison.training.evaluation | mlflow: logged val per-class AP table (12 classes)
2026-08-26 19:16:49 INFO  scripts.synthetic_model_comparison.training.training_pipeline | saved checkpoint: /home/debian/Master-Thesis/scripts/synthetic_model_comparison/training/model_exports/yolo26n-gpt-image-2-medium-full-seed44-20260826-190757/last.pt
2026-08-26 19:16:50 INFO  scripts.synthetic_model_comparison.training.training_pipeline | epoch 27/200 done — next lr=0.00963661, epochs_since_improve=1/20
2026-08-26 19:16:50 INFO  scripts.synthetic_model_comparison.training.training_pipeline | epoch 28/200 — train start (lr=0.00963661, batches=15)
2026-08-26 19:17:02 INFO  scripts.synthetic_model_comparison.training.training_pipeline | epoch 28/200 — train done in 12.1s | avg loss_box=1.7483 loss_cls=2.3424 loss_dfl=0.0479 loss_total=243.8834
2026-08-26 19:17:02 INFO  scripts.synthetic_model_comparison.training.evaluation | evaluating on 4 batches
2026-08-26 19:17:07 INFO  scripts.synthetic_model_comparison.training.training_pipeline | epoch 28/200 — val mAP50=0.3324 mAP50_95=0.1394 (selection mAP50_95=0.1394)
2026-08-26 19:17:08 INFO  scripts.synthetic_model_comparison.training.evaluation | mlflow: logged val/mAP50=0.3324 val/mAP50_95=0.1394 (step=27)
2026-08-26 19:17:08 INFO  scripts.synthetic_model_comparison.training.evaluation | mlflow: logged val per-class AP table (12 classes)
2026-08-26 19:17:09 INFO  scripts.synthetic_model_comparison.training.training_pipeline | saved checkpoint: /home/debian/Master-Thesis/scripts/synthetic_model_comparison/training/model_exports/yolo26n-gpt-image-2-medium-full-seed44-20260826-190757/last.pt
2026-08-26 19:17:09 INFO  scripts.synthetic_model_comparison.training.training_pipeline | epoch 28/200 done — next lr=0.0096062, epochs_since_improve=2/20
2026-08-26 19:17:09 INFO  scripts.synthetic_model_comparison.training.training_pipeline | epoch 29/200 — train start (lr=0.0096062, batches=15)
2026-08-26 19:17:21 INFO  scripts.synthetic_model_comparison.training.training_pipeline | epoch 29/200 — train done in 12.2s | avg loss_box=1.6869 loss_cls=2.2961 loss_dfl=0.0472 loss_total=238.6739
2026-08-26 19:17:21 INFO  scripts.synthetic_model_comparison.training.evaluation | evaluating on 4 batches
2026-08-26 19:17:27 INFO  scripts.synthetic_model_comparison.training.training_pipeline | epoch 29/200 — val mAP50=0.3252 mAP50_95=0.1543 (selection mAP50_95=0.1543)
2026-08-26 19:17:28 INFO  scripts.synthetic_model_comparison.training.evaluation | mlflow: logged val/mAP50=0.3252 val/mAP50_95=0.1543 (step=28)
2026-08-26 19:17:28 INFO  scripts.synthetic_model_comparison.training.evaluation | mlflow: logged val per-class AP table (12 classes)
2026-08-26 19:17:28 INFO  scripts.synthetic_model_comparison.training.training_pipeline | saved checkpoint: /home/debian/Master-Thesis/scripts/synthetic_model_comparison/training/model_exports/yolo26n-gpt-image-2-medium-full-seed44-20260826-190757/best.pt
2026-08-26 19:17:28 INFO  scripts.synthetic_model_comparison.training.training_pipeline | new best mAP50_95=0.1543 at epoch 29
2026-08-26 19:17:28 INFO  scripts.synthetic_model_comparison.training.training_pipeline | saved checkpoint: /home/debian/Master-Thesis/scripts/synthetic_model_comparison/training/model_exports/yolo26n-gpt-image-2-medium-full-seed44-20260826-190757/last.pt
2026-08-26 19:17:29 INFO  scripts.synthetic_model_comparison.training.training_pipeline | epoch 29/200 done — next lr=0.00957462, epochs_since_improve=0/20
2026-08-26 19:17:29 INFO  scripts.synthetic_model_comparison.training.training_pipeline | epoch 30/200 — train start (lr=0.00957462, batches=15)
2026-08-26 19:17:40 INFO  scripts.synthetic_model_comparison.training.training_pipeline | epoch 30/200 — train done in 11.6s | avg loss_box=1.6765 loss_cls=2.2649 loss_dfl=0.0458 loss_total=236.0963
2026-08-26 19:17:40 INFO  scripts.synthetic_model_comparison.training.evaluation | evaluating on 4 batches
2026-08-26 19:17:46 INFO  scripts.synthetic_model_comparison.training.training_pipeline | epoch 30/200 — val mAP50=0.3625 mAP50_95=0.1742 (selection mAP50_95=0.1742)
2026-08-26 19:17:47 INFO  scripts.synthetic_model_comparison.training.evaluation | mlflow: logged val/mAP50=0.3625 val/mAP50_95=0.1742 (step=29)
2026-08-26 19:17:47 INFO  scripts.synthetic_model_comparison.training.evaluation | mlflow: logged val per-class AP table (12 classes)
2026-08-26 19:17:47 INFO  scripts.synthetic_model_comparison.training.training_pipeline | saved checkpoint: /home/debian/Master-Thesis/scripts/synthetic_model_comparison/training/model_exports/yolo26n-gpt-image-2-medium-full-seed44-20260826-190757/best.pt
2026-08-26 19:17:47 INFO  scripts.synthetic_model_comparison.training.training_pipeline | new best mAP50_95=0.1742 at epoch 30
2026-08-26 19:17:47 INFO  scripts.synthetic_model_comparison.training.training_pipeline | saved checkpoint: /home/debian/Master-Thesis/scripts/synthetic_model_comparison/training/model_exports/yolo26n-gpt-image-2-medium-full-seed44-20260826-190757/last.pt
2026-08-26 19:17:48 INFO  scripts.synthetic_model_comparison.training.training_pipeline | epoch 30/200 done — next lr=0.00954187, epochs_since_improve=0/20
2026-08-26 19:17:48 INFO  scripts.synthetic_model_comparison.training.training_pipeline | epoch 31/200 — train start (lr=0.00954187, batches=15)
2026-08-26 19:17:53 INFO  scripts.synthetic_model_comparison.training.training_pipeline | step 450 | loss_box=1.7031 loss_cls=2.3886 loss_dfl=0.0438 loss_total=235.0428 lr=0.00953965
2026-08-26 19:18:00 INFO  scripts.synthetic_model_comparison.training.training_pipeline | epoch 31/200 — train done in 12.9s | avg loss_box=1.6925 loss_cls=2.1856 loss_dfl=0.0467 loss_total=231.2040
2026-08-26 19:18:00 INFO  scripts.synthetic_model_comparison.training.evaluation | evaluating on 4 batches
2026-08-26 19:18:07 INFO  scripts.synthetic_model_comparison.training.training_pipeline | epoch 31/200 — val mAP50=0.3155 mAP50_95=0.1258 (selection mAP50_95=0.1258)
2026-08-26 19:18:07 INFO  scripts.synthetic_model_comparison.training.evaluation | mlflow: logged val/mAP50=0.3155 val/mAP50_95=0.1258 (step=30)
2026-08-26 19:18:08 INFO  scripts.synthetic_model_comparison.training.evaluation | mlflow: logged val per-class AP table (12 classes)
2026-08-26 19:18:08 INFO  scripts.synthetic_model_comparison.training.training_pipeline | saved checkpoint: /home/debian/Master-Thesis/scripts/synthetic_model_comparison/training/model_exports/yolo26n-gpt-image-2-medium-full-seed44-20260826-190757/last.pt
2026-08-26 19:18:08 INFO  scripts.synthetic_model_comparison.training.training_pipeline | epoch 31/200 done — next lr=0.00950797, epochs_since_improve=1/20
2026-08-26 19:18:08 INFO  scripts.synthetic_model_comparison.training.training_pipeline | epoch 32/200 — train start (lr=0.00950797, batches=15)
2026-08-26 19:18:20 INFO  scripts.synthetic_model_comparison.training.training_pipeline | epoch 32/200 — train done in 11.6s | avg loss_box=1.6458 loss_cls=2.1340 loss_dfl=0.0455 loss_total=225.9799
2026-08-26 19:18:20 INFO  scripts.synthetic_model_comparison.training.evaluation | evaluating on 4 batches
2026-08-26 19:18:26 INFO  scripts.synthetic_model_comparison.training.training_pipeline | epoch 32/200 — val mAP50=0.2829 mAP50_95=0.0873 (selection mAP50_95=0.0873)
2026-08-26 19:18:26 INFO  scripts.synthetic_model_comparison.training.evaluation | mlflow: logged val/mAP50=0.2829 val/mAP50_95=0.0873 (step=31)
2026-08-26 19:18:27 INFO  scripts.synthetic_model_comparison.training.evaluation | mlflow: logged val per-class AP table (12 classes)
2026-08-26 19:18:27 INFO  scripts.synthetic_model_comparison.training.training_pipeline | saved checkpoint: /home/debian/Master-Thesis/scripts/synthetic_model_comparison/training/model_exports/yolo26n-gpt-image-2-medium-full-seed44-20260826-190757/last.pt
2026-08-26 19:18:27 INFO  scripts.synthetic_model_comparison.training.training_pipeline | epoch 32/200 done — next lr=0.00947292, epochs_since_improve=2/20
2026-08-26 19:18:27 INFO  scripts.synthetic_model_comparison.training.training_pipeline | epoch 33/200 — train start (lr=0.00947292, batches=15)
2026-08-26 19:18:38 INFO  scripts.synthetic_model_comparison.training.training_pipeline | epoch 33/200 — train done in 11.4s | avg loss_box=1.6335 loss_cls=2.0843 loss_dfl=0.0452 loss_total=223.2371
2026-08-26 19:18:38 INFO  scripts.synthetic_model_comparison.training.evaluation | evaluating on 4 batches
2026-08-26 19:18:45 INFO  scripts.synthetic_model_comparison.training.training_pipeline | epoch 33/200 — val mAP50=0.3797 mAP50_95=0.1827 (selection mAP50_95=0.1827)
2026-08-26 19:18:45 INFO  scripts.synthetic_model_comparison.training.evaluation | mlflow: logged val/mAP50=0.3797 val/mAP50_95=0.1827 (step=32)
2026-08-26 19:18:46 INFO  scripts.synthetic_model_comparison.training.evaluation | mlflow: logged val per-class AP table (12 classes)
2026-08-26 19:18:46 INFO  scripts.synthetic_model_comparison.training.training_pipeline | saved checkpoint: /home/debian/Master-Thesis/scripts/synthetic_model_comparison/training/model_exports/yolo26n-gpt-image-2-medium-full-seed44-20260826-190757/best.pt
2026-08-26 19:18:46 INFO  scripts.synthetic_model_comparison.training.training_pipeline | new best mAP50_95=0.1827 at epoch 33
2026-08-26 19:18:46 INFO  scripts.synthetic_model_comparison.training.training_pipeline | saved checkpoint: /home/debian/Master-Thesis/scripts/synthetic_model_comparison/training/model_exports/yolo26n-gpt-image-2-medium-full-seed44-20260826-190757/last.pt
2026-08-26 19:18:46 INFO  scripts.synthetic_model_comparison.training.training_pipeline | epoch 33/200 done — next lr=0.00943674, epochs_since_improve=0/20
2026-08-26 19:18:46 INFO  scripts.synthetic_model_comparison.training.training_pipeline | epoch 34/200 — train start (lr=0.00943674, batches=15)
2026-08-26 19:18:56 INFO  scripts.synthetic_model_comparison.training.training_pipeline | step 500 | loss_box=1.6945 loss_cls=2.1673 loss_dfl=0.0463 loss_total=231.9498 lr=0.00942195
2026-08-26 19:19:01 INFO  scripts.synthetic_model_comparison.training.training_pipeline | epoch 34/200 — train done in 14.5s | avg loss_box=1.6225 loss_cls=2.0794 loss_dfl=0.0449 loss_total=221.7936
2026-08-26 19:19:01 INFO  scripts.synthetic_model_comparison.training.evaluation | evaluating on 4 batches
2026-08-26 19:19:07 INFO  scripts.synthetic_model_comparison.training.training_pipeline | epoch 34/200 — val mAP50=0.4111 mAP50_95=0.2013 (selection mAP50_95=0.2013)
2026-08-26 19:19:07 INFO  scripts.synthetic_model_comparison.training.evaluation | mlflow: logged val/mAP50=0.4111 val/mAP50_95=0.2013 (step=33)
2026-08-26 19:19:08 INFO  scripts.synthetic_model_comparison.training.evaluation | mlflow: logged val per-class AP table (12 classes)
2026-08-26 19:19:08 INFO  scripts.synthetic_model_comparison.training.training_pipeline | saved checkpoint: /home/debian/Master-Thesis/scripts/synthetic_model_comparison/training/model_exports/yolo26n-gpt-image-2-medium-full-seed44-20260826-190757/best.pt
2026-08-26 19:19:08 INFO  scripts.synthetic_model_comparison.training.training_pipeline | new best mAP50_95=0.2013 at epoch 34
2026-08-26 19:19:08 INFO  scripts.synthetic_model_comparison.training.training_pipeline | saved checkpoint: /home/debian/Master-Thesis/scripts/synthetic_model_comparison/training/model_exports/yolo26n-gpt-image-2-medium-full-seed44-20260826-190757/last.pt
2026-08-26 19:19:08 INFO  scripts.synthetic_model_comparison.training.training_pipeline | epoch 34/200 done — next lr=0.00939943, epochs_since_improve=0/20
2026-08-26 19:19:08 INFO  scripts.synthetic_model_comparison.training.training_pipeline | epoch 35/200 — train start (lr=0.00939943, batches=15)
2026-08-26 19:19:21 INFO  scripts.synthetic_model_comparison.training.training_pipeline | epoch 35/200 — train done in 12.5s | avg loss_box=1.6257 loss_cls=2.0245 loss_dfl=0.0442 loss_total=219.9872
2026-08-26 19:19:21 INFO  scripts.synthetic_model_comparison.training.evaluation | evaluating on 4 batches
2026-08-26 19:19:26 INFO  scripts.synthetic_model_comparison.training.training_pipeline | epoch 35/200 — val mAP50=0.4247 mAP50_95=0.2092 (selection mAP50_95=0.2092)
2026-08-26 19:19:27 INFO  scripts.synthetic_model_comparison.training.evaluation | mlflow: logged val/mAP50=0.4247 val/mAP50_95=0.2092 (step=34)
2026-08-26 19:19:27 INFO  scripts.synthetic_model_comparison.training.evaluation | mlflow: logged val per-class AP table (12 classes)
2026-08-26 19:19:27 INFO  scripts.synthetic_model_comparison.training.training_pipeline | saved checkpoint: /home/debian/Master-Thesis/scripts/synthetic_model_comparison/training/model_exports/yolo26n-gpt-image-2-medium-full-seed44-20260826-190757/best.pt
2026-08-26 19:19:27 INFO  scripts.synthetic_model_comparison.training.training_pipeline | new best mAP50_95=0.2092 at epoch 35
2026-08-26 19:19:28 INFO  scripts.synthetic_model_comparison.training.training_pipeline | saved checkpoint: /home/debian/Master-Thesis/scripts/synthetic_model_comparison/training/model_exports/yolo26n-gpt-image-2-medium-full-seed44-20260826-190757/last.pt
2026-08-26 19:19:28 INFO  scripts.synthetic_model_comparison.training.training_pipeline | epoch 35/200 done — next lr=0.00936101, epochs_since_improve=0/20
2026-08-26 19:19:28 INFO  scripts.synthetic_model_comparison.training.training_pipeline | epoch 36/200 — train start (lr=0.00936101, batches=15)
2026-08-26 19:19:41 INFO  scripts.synthetic_model_comparison.training.training_pipeline | epoch 36/200 — train done in 12.9s | avg loss_box=1.5661 loss_cls=1.9941 loss_dfl=0.0420 loss_total=213.8019
2026-08-26 19:19:41 INFO  scripts.synthetic_model_comparison.training.evaluation | evaluating on 4 batches
2026-08-26 19:19:47 INFO  scripts.synthetic_model_comparison.training.training_pipeline | epoch 36/200 — val mAP50=0.4030 mAP50_95=0.2117 (selection mAP50_95=0.2117)
2026-08-26 19:19:47 INFO  scripts.synthetic_model_comparison.training.evaluation | mlflow: logged val/mAP50=0.4030 val/mAP50_95=0.2117 (step=35)
2026-08-26 19:19:48 INFO  scripts.synthetic_model_comparison.training.evaluation | mlflow: logged val per-class AP table (12 classes)
2026-08-26 19:19:48 INFO  scripts.synthetic_model_comparison.training.training_pipeline | saved checkpoint: /home/debian/Master-Thesis/scripts/synthetic_model_comparison/training/model_exports/yolo26n-gpt-image-2-medium-full-seed44-20260826-190757/best.pt
2026-08-26 19:19:48 INFO  scripts.synthetic_model_comparison.training.training_pipeline | new best mAP50_95=0.2117 at epoch 36
2026-08-26 19:19:48 INFO  scripts.synthetic_model_comparison.training.training_pipeline | saved checkpoint: /home/debian/Master-Thesis/scripts/synthetic_model_comparison/training/model_exports/yolo26n-gpt-image-2-medium-full-seed44-20260826-190757/last.pt
2026-08-26 19:19:48 INFO  scripts.synthetic_model_comparison.training.training_pipeline | epoch 36/200 done — next lr=0.00932147, epochs_since_improve=0/20
2026-08-26 19:19:48 INFO  scripts.synthetic_model_comparison.training.training_pipeline | epoch 37/200 — train start (lr=0.00932147, batches=15)
2026-08-26 19:19:59 INFO  scripts.synthetic_model_comparison.training.training_pipeline | step 550 | loss_box=1.4844 loss_cls=1.7957 loss_dfl=0.0368 loss_total=204.3927 lr=0.00929178
2026-08-26 19:20:02 INFO  scripts.synthetic_model_comparison.training.training_pipeline | epoch 37/200 — train done in 14.0s | avg loss_box=1.5813 loss_cls=1.9047 loss_dfl=0.0425 loss_total=209.8096
2026-08-26 19:20:02 INFO  scripts.synthetic_model_comparison.training.evaluation | evaluating on 4 batches
2026-08-26 19:20:08 INFO  scripts.synthetic_model_comparison.training.training_pipeline | epoch 37/200 — val mAP50=0.3475 mAP50_95=0.1543 (selection mAP50_95=0.1543)
2026-08-26 19:20:09 INFO  scripts.synthetic_model_comparison.training.evaluation | mlflow: logged val/mAP50=0.3475 val/mAP50_95=0.1543 (step=36)
2026-08-26 19:20:09 INFO  scripts.synthetic_model_comparison.training.evaluation | mlflow: logged val per-class AP table (12 classes)
2026-08-26 19:20:09 INFO  scripts.synthetic_model_comparison.training.training_pipeline | saved checkpoint: /home/debian/Master-Thesis/scripts/synthetic_model_comparison/training/model_exports/yolo26n-gpt-image-2-medium-full-seed44-20260826-190757/last.pt
2026-08-26 19:20:09 INFO  scripts.synthetic_model_comparison.training.training_pipeline | epoch 37/200 done — next lr=0.00928084, epochs_since_improve=1/20
2026-08-26 19:20:09 INFO  scripts.synthetic_model_comparison.training.training_pipeline | epoch 38/200 — train start (lr=0.00928084, batches=15)
2026-08-26 19:20:21 INFO  scripts.synthetic_model_comparison.training.training_pipeline | epoch 38/200 — train done in 11.5s | avg loss_box=1.5746 loss_cls=1.8842 loss_dfl=0.0435 loss_total=206.3602
2026-08-26 19:20:21 INFO  scripts.synthetic_model_comparison.training.evaluation | evaluating on 4 batches
2026-08-26 19:20:27 INFO  scripts.synthetic_model_comparison.training.training_pipeline | epoch 38/200 — val mAP50=0.4521 mAP50_95=0.2231 (selection mAP50_95=0.2231)
2026-08-26 19:20:27 INFO  scripts.synthetic_model_comparison.training.evaluation | mlflow: logged val/mAP50=0.4521 val/mAP50_95=0.2231 (step=37)
2026-08-26 19:20:28 INFO  scripts.synthetic_model_comparison.training.evaluation | mlflow: logged val per-class AP table (12 classes)
2026-08-26 19:20:28 INFO  scripts.synthetic_model_comparison.training.training_pipeline | saved checkpoint: /home/debian/Master-Thesis/scripts/synthetic_model_comparison/training/model_exports/yolo26n-gpt-image-2-medium-full-seed44-20260826-190757/best.pt
2026-08-26 19:20:28 INFO  scripts.synthetic_model_comparison.training.training_pipeline | new best mAP50_95=0.2231 at epoch 38
2026-08-26 19:20:28 INFO  scripts.synthetic_model_comparison.training.training_pipeline | saved checkpoint: /home/debian/Master-Thesis/scripts/synthetic_model_comparison/training/model_exports/yolo26n-gpt-image-2-medium-full-seed44-20260826-190757/last.pt
2026-08-26 19:20:28 INFO  scripts.synthetic_model_comparison.training.training_pipeline | epoch 38/200 done — next lr=0.00923912, epochs_since_improve=0/20
2026-08-26 19:20:28 INFO  scripts.synthetic_model_comparison.training.training_pipeline | epoch 39/200 — train start (lr=0.00923912, batches=15)
2026-08-26 19:20:40 INFO  scripts.synthetic_model_comparison.training.training_pipeline | epoch 39/200 — train done in 11.9s | avg loss_box=1.5768 loss_cls=1.8944 loss_dfl=0.0429 loss_total=208.1530
2026-08-26 19:20:40 INFO  scripts.synthetic_model_comparison.training.evaluation | evaluating on 4 batches
2026-08-26 19:20:46 INFO  scripts.synthetic_model_comparison.training.training_pipeline | epoch 39/200 — val mAP50=0.4329 mAP50_95=0.2171 (selection mAP50_95=0.2171)
2026-08-26 19:20:46 INFO  scripts.synthetic_model_comparison.training.evaluation | mlflow: logged val/mAP50=0.4329 val/mAP50_95=0.2171 (step=38)
2026-08-26 19:20:47 INFO  scripts.synthetic_model_comparison.training.evaluation | mlflow: logged val per-class AP table (12 classes)
2026-08-26 19:20:47 INFO  scripts.synthetic_model_comparison.training.training_pipeline | saved checkpoint: /home/debian/Master-Thesis/scripts/synthetic_model_comparison/training/model_exports/yolo26n-gpt-image-2-medium-full-seed44-20260826-190757/last.pt
2026-08-26 19:20:47 INFO  scripts.synthetic_model_comparison.training.training_pipeline | epoch 39/200 done — next lr=0.00919633, epochs_since_improve=1/20
2026-08-26 19:20:47 INFO  scripts.synthetic_model_comparison.training.training_pipeline | epoch 40/200 — train start (lr=0.00919633, batches=15)
2026-08-26 19:21:00 INFO  scripts.synthetic_model_comparison.training.training_pipeline | epoch 40/200 — train done in 12.7s | avg loss_box=1.5683 loss_cls=1.8061 loss_dfl=0.0421 loss_total=203.1811
2026-08-26 19:21:00 INFO  scripts.synthetic_model_comparison.training.evaluation | evaluating on 4 batches
2026-08-26 19:21:06 INFO  scripts.synthetic_model_comparison.training.training_pipeline | epoch 40/200 — val mAP50=0.4611 mAP50_95=0.2548 (selection mAP50_95=0.2548)
2026-08-26 19:21:07 INFO  scripts.synthetic_model_comparison.training.evaluation | mlflow: logged val/mAP50=0.4611 val/mAP50_95=0.2548 (step=39)
2026-08-26 19:21:07 INFO  scripts.synthetic_model_comparison.training.evaluation | mlflow: logged val per-class AP table (12 classes)
2026-08-26 19:21:07 INFO  scripts.synthetic_model_comparison.training.training_pipeline | saved checkpoint: /home/debian/Master-Thesis/scripts/synthetic_model_comparison/training/model_exports/yolo26n-gpt-image-2-medium-full-seed44-20260826-190757/best.pt
2026-08-26 19:21:07 INFO  scripts.synthetic_model_comparison.training.training_pipeline | new best mAP50_95=0.2548 at epoch 40
2026-08-26 19:21:07 INFO  scripts.synthetic_model_comparison.training.training_pipeline | saved checkpoint: /home/debian/Master-Thesis/scripts/synthetic_model_comparison/training/model_exports/yolo26n-gpt-image-2-medium-full-seed44-20260826-190757/last.pt
2026-08-26 19:21:08 INFO  scripts.synthetic_model_comparison.training.training_pipeline | epoch 40/200 done — next lr=0.00915247, epochs_since_improve=0/20
2026-08-26 19:21:08 INFO  scripts.synthetic_model_comparison.training.training_pipeline | epoch 41/200 — train start (lr=0.00915247, batches=15)
2026-08-26 19:21:14 INFO  scripts.synthetic_model_comparison.training.training_pipeline | step 600 | loss_box=1.5049 loss_cls=1.8369 loss_dfl=0.0407 loss_total=200.4953 lr=0.0091495
2026-08-26 19:21:22 INFO  scripts.synthetic_model_comparison.training.training_pipeline | epoch 41/200 — train done in 14.0s | avg loss_box=1.5036 loss_cls=1.7707 loss_dfl=0.0410 loss_total=197.0927
2026-08-26 19:21:22 INFO  scripts.synthetic_model_comparison.training.evaluation | evaluating on 4 batches
2026-08-26 19:21:29 INFO  scripts.synthetic_model_comparison.training.training_pipeline | epoch 41/200 — val mAP50=0.4637 mAP50_95=0.2515 (selection mAP50_95=0.2515)
2026-08-26 19:21:30 INFO  scripts.synthetic_model_comparison.training.evaluation | mlflow: logged val/mAP50=0.4637 val/mAP50_95=0.2515 (step=40)
2026-08-26 19:21:30 INFO  scripts.synthetic_model_comparison.training.evaluation | mlflow: logged val per-class AP table (12 classes)
2026-08-26 19:21:30 INFO  scripts.synthetic_model_comparison.training.training_pipeline | saved checkpoint: /home/debian/Master-Thesis/scripts/synthetic_model_comparison/training/model_exports/yolo26n-gpt-image-2-medium-full-seed44-20260826-190757/last.pt
2026-08-26 19:21:31 INFO  scripts.synthetic_model_comparison.training.training_pipeline | epoch 41/200 done — next lr=0.00910755, epochs_since_improve=1/20
2026-08-26 19:21:31 INFO  scripts.synthetic_model_comparison.training.training_pipeline | epoch 42/200 — train start (lr=0.00910755, batches=15)
2026-08-26 19:21:43 INFO  scripts.synthetic_model_comparison.training.training_pipeline | epoch 42/200 — train done in 12.5s | avg loss_box=1.5260 loss_cls=1.7670 loss_dfl=0.0412 loss_total=199.8236
2026-08-26 19:21:43 INFO  scripts.synthetic_model_comparison.training.evaluation | evaluating on 4 batches
2026-08-26 19:21:49 INFO  scripts.synthetic_model_comparison.training.training_pipeline | epoch 42/200 — val mAP50=0.3721 mAP50_95=0.1922 (selection mAP50_95=0.1922)
2026-08-26 19:21:50 INFO  scripts.synthetic_model_comparison.training.evaluation | mlflow: logged val/mAP50=0.3721 val/mAP50_95=0.1922 (step=41)
2026-08-26 19:21:50 INFO  scripts.synthetic_model_comparison.training.evaluation | mlflow: logged val per-class AP table (12 classes)
2026-08-26 19:21:50 INFO  scripts.synthetic_model_comparison.training.training_pipeline | saved checkpoint: /home/debian/Master-Thesis/scripts/synthetic_model_comparison/training/model_exports/yolo26n-gpt-image-2-medium-full-seed44-20260826-190757/last.pt
2026-08-26 19:21:50 INFO  scripts.synthetic_model_comparison.training.training_pipeline | epoch 42/200 done — next lr=0.00906159, epochs_since_improve=2/20
2026-08-26 19:21:51 INFO  scripts.synthetic_model_comparison.training.training_pipeline | epoch 43/200 — train start (lr=0.00906159, batches=15)
2026-08-26 19:22:03 INFO  scripts.synthetic_model_comparison.training.training_pipeline | epoch 43/200 — train done in 12.8s | avg loss_box=1.4644 loss_cls=1.7264 loss_dfl=0.0390 loss_total=192.2396
2026-08-26 19:22:03 INFO  scripts.synthetic_model_comparison.training.evaluation | evaluating on 4 batches
2026-08-26 19:22:10 INFO  scripts.synthetic_model_comparison.training.training_pipeline | epoch 43/200 — val mAP50=0.3798 mAP50_95=0.1633 (selection mAP50_95=0.1633)
2026-08-26 19:22:11 INFO  scripts.synthetic_model_comparison.training.evaluation | mlflow: logged val/mAP50=0.3798 val/mAP50_95=0.1633 (step=42)
2026-08-26 19:22:11 INFO  scripts.synthetic_model_comparison.training.evaluation | mlflow: logged val per-class AP table (12 classes)
2026-08-26 19:22:11 INFO  scripts.synthetic_model_comparison.training.training_pipeline | saved checkpoint: /home/debian/Master-Thesis/scripts/synthetic_model_comparison/training/model_exports/yolo26n-gpt-image-2-medium-full-seed44-20260826-190757/last.pt
2026-08-26 19:22:12 INFO  scripts.synthetic_model_comparison.training.training_pipeline | epoch 43/200 done — next lr=0.0090146, epochs_since_improve=3/20
2026-08-26 19:22:12 INFO  scripts.synthetic_model_comparison.training.training_pipeline | epoch 44/200 — train start (lr=0.0090146, batches=15)
2026-08-26 19:22:20 INFO  scripts.synthetic_model_comparison.training.training_pipeline | step 650 | loss_box=1.4806 loss_cls=1.5824 loss_dfl=0.0380 loss_total=188.9035 lr=0.00899552
2026-08-26 19:22:25 INFO  scripts.synthetic_model_comparison.training.training_pipeline | epoch 44/200 — train done in 12.8s | avg loss_box=1.4701 loss_cls=1.7192 loss_dfl=0.0392 loss_total=192.4179
2026-08-26 19:22:25 INFO  scripts.synthetic_model_comparison.training.evaluation | evaluating on 4 batches
2026-08-26 19:22:30 INFO  scripts.synthetic_model_comparison.training.training_pipeline | epoch 44/200 — val mAP50=0.3718 mAP50_95=0.1671 (selection mAP50_95=0.1671)
2026-08-26 19:22:31 INFO  scripts.synthetic_model_comparison.training.evaluation | mlflow: logged val/mAP50=0.3718 val/mAP50_95=0.1671 (step=43)
2026-08-26 19:22:31 INFO  scripts.synthetic_model_comparison.training.evaluation | mlflow: logged val per-class AP table (12 classes)
2026-08-26 19:22:32 INFO  scripts.synthetic_model_comparison.training.training_pipeline | saved checkpoint: /home/debian/Master-Thesis/scripts/synthetic_model_comparison/training/model_exports/yolo26n-gpt-image-2-medium-full-seed44-20260826-190757/last.pt
2026-08-26 19:22:32 INFO  scripts.synthetic_model_comparison.training.training_pipeline | epoch 44/200 done — next lr=0.00896659, epochs_since_improve=4/20
2026-08-26 19:22:32 INFO  scripts.synthetic_model_comparison.training.training_pipeline | epoch 45/200 — train start (lr=0.00896659, batches=15)
2026-08-26 19:22:44 INFO  scripts.synthetic_model_comparison.training.training_pipeline | epoch 45/200 — train done in 11.9s | avg loss_box=1.4828 loss_cls=1.6627 loss_dfl=0.0393 loss_total=189.7093
2026-08-26 19:22:44 INFO  scripts.synthetic_model_comparison.training.evaluation | evaluating on 4 batches
2026-08-26 19:22:51 INFO  scripts.synthetic_model_comparison.training.training_pipeline | epoch 45/200 — val mAP50=0.4587 mAP50_95=0.2540 (selection mAP50_95=0.2540)
2026-08-26 19:22:52 INFO  scripts.synthetic_model_comparison.training.evaluation | mlflow: logged val/mAP50=0.4587 val/mAP50_95=0.2540 (step=44)
2026-08-26 19:22:52 INFO  scripts.synthetic_model_comparison.training.evaluation | mlflow: logged val per-class AP table (12 classes)
2026-08-26 19:22:52 INFO  scripts.synthetic_model_comparison.training.training_pipeline | saved checkpoint: /home/debian/Master-Thesis/scripts/synthetic_model_comparison/training/model_exports/yolo26n-gpt-image-2-medium-full-seed44-20260826-190757/last.pt
2026-08-26 19:22:52 INFO  scripts.synthetic_model_comparison.training.training_pipeline | epoch 45/200 done — next lr=0.00891757, epochs_since_improve=5/20
2026-08-26 19:22:52 INFO  scripts.synthetic_model_comparison.training.training_pipeline | epoch 46/200 — train start (lr=0.00891757, batches=15)
2026-08-26 19:23:04 INFO  scripts.synthetic_model_comparison.training.training_pipeline | epoch 46/200 — train done in 11.3s | avg loss_box=1.4545 loss_cls=1.6043 loss_dfl=0.0397 loss_total=184.2853
2026-08-26 19:23:04 INFO  scripts.synthetic_model_comparison.training.evaluation | evaluating on 4 batches
2026-08-26 19:23:09 INFO  scripts.synthetic_model_comparison.training.training_pipeline | epoch 46/200 — val mAP50=0.5076 mAP50_95=0.2809 (selection mAP50_95=0.2809)
2026-08-26 19:23:10 INFO  scripts.synthetic_model_comparison.training.evaluation | mlflow: logged val/mAP50=0.5076 val/mAP50_95=0.2809 (step=45)
2026-08-26 19:23:10 INFO  scripts.synthetic_model_comparison.training.evaluation | mlflow: logged val per-class AP table (12 classes)
2026-08-26 19:23:11 INFO  scripts.synthetic_model_comparison.training.training_pipeline | saved checkpoint: /home/debian/Master-Thesis/scripts/synthetic_model_comparison/training/model_exports/yolo26n-gpt-image-2-medium-full-seed44-20260826-190757/best.pt
2026-08-26 19:23:11 INFO  scripts.synthetic_model_comparison.training.training_pipeline | new best mAP50_95=0.2809 at epoch 46
2026-08-26 19:23:11 INFO  scripts.synthetic_model_comparison.training.training_pipeline | saved checkpoint: /home/debian/Master-Thesis/scripts/synthetic_model_comparison/training/model_exports/yolo26n-gpt-image-2-medium-full-seed44-20260826-190757/last.pt
2026-08-26 19:23:11 INFO  scripts.synthetic_model_comparison.training.training_pipeline | epoch 46/200 done — next lr=0.00886756, epochs_since_improve=0/20
2026-08-26 19:23:11 INFO  scripts.synthetic_model_comparison.training.training_pipeline | epoch 47/200 — train start (lr=0.00886756, batches=15)
2026-08-26 19:23:22 INFO  scripts.synthetic_model_comparison.training.training_pipeline | step 700 | loss_box=1.3400 loss_cls=1.5530 loss_dfl=0.0367 loss_total=173.6358 lr=0.00883025
2026-08-26 19:23:25 INFO  scripts.synthetic_model_comparison.training.training_pipeline | epoch 47/200 — train done in 13.8s | avg loss_box=1.4569 loss_cls=1.5889 loss_dfl=0.0390 loss_total=183.3174
2026-08-26 19:23:25 INFO  scripts.synthetic_model_comparison.training.evaluation | evaluating on 4 batches
2026-08-26 19:23:31 INFO  scripts.synthetic_model_comparison.training.training_pipeline | epoch 47/200 — val mAP50=0.4946 mAP50_95=0.2638 (selection mAP50_95=0.2638)
2026-08-26 19:23:31 INFO  scripts.synthetic_model_comparison.training.evaluation | mlflow: logged val/mAP50=0.4946 val/mAP50_95=0.2638 (step=46)
2026-08-26 19:23:32 INFO  scripts.synthetic_model_comparison.training.evaluation | mlflow: logged val per-class AP table (12 classes)
2026-08-26 19:23:32 INFO  scripts.synthetic_model_comparison.training.training_pipeline | saved checkpoint: /home/debian/Master-Thesis/scripts/synthetic_model_comparison/training/model_exports/yolo26n-gpt-image-2-medium-full-seed44-20260826-190757/last.pt
2026-08-26 19:23:32 INFO  scripts.synthetic_model_comparison.training.training_pipeline | epoch 47/200 done — next lr=0.00881656, epochs_since_improve=1/20
2026-08-26 19:23:32 INFO  scripts.synthetic_model_comparison.training.training_pipeline | epoch 48/200 — train start (lr=0.00881656, batches=15)
2026-08-26 19:23:44 INFO  scripts.synthetic_model_comparison.training.training_pipeline | epoch 48/200 — train done in 11.4s | avg loss_box=1.4362 loss_cls=1.5849 loss_dfl=0.0394 loss_total=182.3135
2026-08-26 19:23:44 INFO  scripts.synthetic_model_comparison.training.evaluation | evaluating on 4 batches
2026-08-26 19:23:49 INFO  scripts.synthetic_model_comparison.training.training_pipeline | epoch 48/200 — val mAP50=0.5103 mAP50_95=0.2812 (selection mAP50_95=0.2812)
2026-08-26 19:23:50 INFO  scripts.synthetic_model_comparison.training.evaluation | mlflow: logged val/mAP50=0.5103 val/mAP50_95=0.2812 (step=47)
2026-08-26 19:23:50 INFO  scripts.synthetic_model_comparison.training.evaluation | mlflow: logged val per-class AP table (12 classes)
2026-08-26 19:23:51 INFO  scripts.synthetic_model_comparison.training.training_pipeline | saved checkpoint: /home/debian/Master-Thesis/scripts/synthetic_model_comparison/training/model_exports/yolo26n-gpt-image-2-medium-full-seed44-20260826-190757/last.pt
2026-08-26 19:23:51 INFO  scripts.synthetic_model_comparison.training.training_pipeline | epoch 48/200 done — next lr=0.00876459, epochs_since_improve=2/20
2026-08-26 19:23:51 INFO  scripts.synthetic_model_comparison.training.training_pipeline | epoch 49/200 — train start (lr=0.00876459, batches=15)
2026-08-26 19:24:02 INFO  scripts.synthetic_model_comparison.training.training_pipeline | epoch 49/200 — train done in 11.4s | avg loss_box=1.4189 loss_cls=1.5465 loss_dfl=0.0376 loss_total=177.4171
2026-08-26 19:24:02 INFO  scripts.synthetic_model_comparison.training.evaluation | evaluating on 4 batches
2026-08-26 19:24:09 INFO  scripts.synthetic_model_comparison.training.training_pipeline | epoch 49/200 — val mAP50=0.4404 mAP50_95=0.2139 (selection mAP50_95=0.2139)
2026-08-26 19:24:09 INFO  scripts.synthetic_model_comparison.training.evaluation | mlflow: logged val/mAP50=0.4404 val/mAP50_95=0.2139 (step=48)
2026-08-26 19:24:10 INFO  scripts.synthetic_model_comparison.training.evaluation | mlflow: logged val per-class AP table (12 classes)
2026-08-26 19:24:10 INFO  scripts.synthetic_model_comparison.training.training_pipeline | saved checkpoint: /home/debian/Master-Thesis/scripts/synthetic_model_comparison/training/model_exports/yolo26n-gpt-image-2-medium-full-seed44-20260826-190757/last.pt
2026-08-26 19:24:10 INFO  scripts.synthetic_model_comparison.training.training_pipeline | epoch 49/200 done — next lr=0.00871167, epochs_since_improve=3/20
2026-08-26 19:24:10 INFO  scripts.synthetic_model_comparison.training.training_pipeline | epoch 50/200 — train start (lr=0.00871167, batches=15)
2026-08-26 19:24:22 INFO  scripts.synthetic_model_comparison.training.training_pipeline | epoch 50/200 — train done in 11.5s | avg loss_box=1.4451 loss_cls=1.5637 loss_dfl=0.0390 loss_total=181.8112
2026-08-26 19:24:22 INFO  scripts.synthetic_model_comparison.training.evaluation | evaluating on 4 batches
2026-08-26 19:24:28 INFO  scripts.synthetic_model_comparison.training.training_pipeline | epoch 50/200 — val mAP50=0.5414 mAP50_95=0.3103 (selection mAP50_95=0.3103)
2026-08-26 19:24:28 INFO  scripts.synthetic_model_comparison.training.evaluation | mlflow: logged val/mAP50=0.5414 val/mAP50_95=0.3103 (step=49)
2026-08-26 19:24:29 INFO  scripts.synthetic_model_comparison.training.evaluation | mlflow: logged val per-class AP table (12 classes)
2026-08-26 19:24:29 INFO  scripts.synthetic_model_comparison.training.training_pipeline | saved checkpoint: /home/debian/Master-Thesis/scripts/synthetic_model_comparison/training/model_exports/yolo26n-gpt-image-2-medium-full-seed44-20260826-190757/best.pt
2026-08-26 19:24:29 INFO  scripts.synthetic_model_comparison.training.training_pipeline | new best mAP50_95=0.3103 at epoch 50
2026-08-26 19:24:29 INFO  scripts.synthetic_model_comparison.training.training_pipeline | saved checkpoint: /home/debian/Master-Thesis/scripts/synthetic_model_comparison/training/model_exports/yolo26n-gpt-image-2-medium-full-seed44-20260826-190757/last.pt
2026-08-26 19:24:29 INFO  scripts.synthetic_model_comparison.training.training_pipeline | epoch 50/200 done — next lr=0.00865781, epochs_since_improve=0/20
2026-08-26 19:24:29 INFO  scripts.synthetic_model_comparison.training.training_pipeline | epoch 51/200 — train start (lr=0.00865781, batches=15)
2026-08-26 19:24:35 INFO  scripts.synthetic_model_comparison.training.training_pipeline | step 750 | loss_box=1.3393 loss_cls=1.4760 loss_dfl=0.0362 loss_total=170.0753 lr=0.00865419
2026-08-26 19:24:42 INFO  scripts.synthetic_model_comparison.training.training_pipeline | epoch 51/200 — train done in 13.0s | avg loss_box=1.4154 loss_cls=1.5272 loss_dfl=0.0386 loss_total=176.7958
2026-08-26 19:24:42 INFO  scripts.synthetic_model_comparison.training.evaluation | evaluating on 4 batches
2026-08-26 19:24:50 INFO  scripts.synthetic_model_comparison.training.training_pipeline | epoch 51/200 — val mAP50=0.4883 mAP50_95=0.2665 (selection mAP50_95=0.2665)
2026-08-26 19:24:50 INFO  scripts.synthetic_model_comparison.training.evaluation | mlflow: logged val/mAP50=0.4883 val/mAP50_95=0.2665 (step=50)
2026-08-26 19:24:51 INFO  scripts.synthetic_model_comparison.training.evaluation | mlflow: logged val per-class AP table (12 classes)
2026-08-26 19:24:51 INFO  scripts.synthetic_model_comparison.training.training_pipeline | saved checkpoint: /home/debian/Master-Thesis/scripts/synthetic_model_comparison/training/model_exports/yolo26n-gpt-image-2-medium-full-seed44-20260826-190757/last.pt
2026-08-26 19:24:51 INFO  scripts.synthetic_model_comparison.training.training_pipeline | epoch 51/200 done — next lr=0.00860302, epochs_since_improve=1/20
2026-08-26 19:24:51 INFO  scripts.synthetic_model_comparison.training.training_pipeline | epoch 52/200 — train start (lr=0.00860302, batches=15)
2026-08-26 19:25:03 INFO  scripts.synthetic_model_comparison.training.training_pipeline | epoch 52/200 — train done in 12.1s | avg loss_box=1.3828 loss_cls=1.4360 loss_dfl=0.0370 loss_total=172.2863
2026-08-26 19:25:03 INFO  scripts.synthetic_model_comparison.training.evaluation | evaluating on 4 batches
2026-08-26 19:25:11 INFO  scripts.synthetic_model_comparison.training.training_pipeline | epoch 52/200 — val mAP50=0.5279 mAP50_95=0.3082 (selection mAP50_95=0.3082)
2026-08-26 19:25:11 INFO  scripts.synthetic_model_comparison.training.evaluation | mlflow: logged val/mAP50=0.5279 val/mAP50_95=0.3082 (step=51)
2026-08-26 19:25:12 INFO  scripts.synthetic_model_comparison.training.evaluation | mlflow: logged val per-class AP table (12 classes)
2026-08-26 19:25:12 INFO  scripts.synthetic_model_comparison.training.training_pipeline | saved checkpoint: /home/debian/Master-Thesis/scripts/synthetic_model_comparison/training/model_exports/yolo26n-gpt-image-2-medium-full-seed44-20260826-190757/last.pt
2026-08-26 19:25:12 INFO  scripts.synthetic_model_comparison.training.training_pipeline | epoch 52/200 done — next lr=0.00854731, epochs_since_improve=2/20
2026-08-26 19:25:12 INFO  scripts.synthetic_model_comparison.training.training_pipeline | epoch 53/200 — train start (lr=0.00854731, batches=15)
2026-08-26 19:25:25 INFO  scripts.synthetic_model_comparison.training.training_pipeline | epoch 53/200 — train done in 12.5s | avg loss_box=1.3992 loss_cls=1.4428 loss_dfl=0.0368 loss_total=172.1354
2026-08-26 19:25:25 INFO  scripts.synthetic_model_comparison.training.evaluation | evaluating on 4 batches
2026-08-26 19:25:31 INFO  scripts.synthetic_model_comparison.training.training_pipeline | epoch 53/200 — val mAP50=0.5425 mAP50_95=0.3253 (selection mAP50_95=0.3253)
2026-08-26 19:25:31 INFO  scripts.synthetic_model_comparison.training.evaluation | mlflow: logged val/mAP50=0.5425 val/mAP50_95=0.3253 (step=52)
2026-08-26 19:25:32 INFO  scripts.synthetic_model_comparison.training.evaluation | mlflow: logged val per-class AP table (12 classes)
2026-08-26 19:25:32 INFO  scripts.synthetic_model_comparison.training.training_pipeline | saved checkpoint: /home/debian/Master-Thesis/scripts/synthetic_model_comparison/training/model_exports/yolo26n-gpt-image-2-medium-full-seed44-20260826-190757/best.pt
2026-08-26 19:25:32 INFO  scripts.synthetic_model_comparison.training.training_pipeline | new best mAP50_95=0.3253 at epoch 53
2026-08-26 19:25:32 INFO  scripts.synthetic_model_comparison.training.training_pipeline | saved checkpoint: /home/debian/Master-Thesis/scripts/synthetic_model_comparison/training/model_exports/yolo26n-gpt-image-2-medium-full-seed44-20260826-190757/last.pt
2026-08-26 19:25:32 INFO  scripts.synthetic_model_comparison.training.training_pipeline | epoch 53/200 done — next lr=0.0084907, epochs_since_improve=0/20
2026-08-26 19:25:32 INFO  scripts.synthetic_model_comparison.training.training_pipeline | epoch 54/200 — train start (lr=0.0084907, batches=15)
2026-08-26 19:25:41 INFO  scripts.synthetic_model_comparison.training.training_pipeline | step 800 | loss_box=1.2633 loss_cls=1.2273 loss_dfl=0.0337 loss_total=152.9924 lr=0.00846781
2026-08-26 19:25:46 INFO  scripts.synthetic_model_comparison.training.training_pipeline | epoch 54/200 — train done in 13.8s | avg loss_box=1.3805 loss_cls=1.3850 loss_dfl=0.0370 loss_total=169.3920
2026-08-26 19:25:46 INFO  scripts.synthetic_model_comparison.training.evaluation | evaluating on 4 batches
2026-08-26 19:25:52 INFO  scripts.synthetic_model_comparison.training.training_pipeline | epoch 54/200 — val mAP50=0.6210 mAP50_95=0.3578 (selection mAP50_95=0.3578)
2026-08-26 19:25:53 INFO  scripts.synthetic_model_comparison.training.evaluation | mlflow: logged val/mAP50=0.6210 val/mAP50_95=0.3578 (step=53)
2026-08-26 19:25:53 INFO  scripts.synthetic_model_comparison.training.evaluation | mlflow: logged val per-class AP table (12 classes)
2026-08-26 19:25:53 INFO  scripts.synthetic_model_comparison.training.training_pipeline | saved checkpoint: /home/debian/Master-Thesis/scripts/synthetic_model_comparison/training/model_exports/yolo26n-gpt-image-2-medium-full-seed44-20260826-190757/best.pt
2026-08-26 19:25:53 INFO  scripts.synthetic_model_comparison.training.training_pipeline | new best mAP50_95=0.3578 at epoch 54
2026-08-26 19:25:53 INFO  scripts.synthetic_model_comparison.training.training_pipeline | saved checkpoint: /home/debian/Master-Thesis/scripts/synthetic_model_comparison/training/model_exports/yolo26n-gpt-image-2-medium-full-seed44-20260826-190757/last.pt
2026-08-26 19:25:54 INFO  scripts.synthetic_model_comparison.training.training_pipeline | epoch 54/200 done — next lr=0.00843321, epochs_since_improve=0/20
2026-08-26 19:25:54 INFO  scripts.synthetic_model_comparison.training.training_pipeline | epoch 55/200 — train start (lr=0.00843321, batches=15)
2026-08-26 19:26:05 INFO  scripts.synthetic_model_comparison.training.training_pipeline | epoch 55/200 — train done in 11.8s | avg loss_box=1.3744 loss_cls=1.3830 loss_dfl=0.0360 loss_total=166.7154
2026-08-26 19:26:05 INFO  scripts.synthetic_model_comparison.training.evaluation | evaluating on 4 batches
2026-08-26 19:26:11 INFO  scripts.synthetic_model_comparison.training.training_pipeline | epoch 55/200 — val mAP50=0.6050 mAP50_95=0.3573 (selection mAP50_95=0.3573)
2026-08-26 19:26:12 INFO  scripts.synthetic_model_comparison.training.evaluation | mlflow: logged val/mAP50=0.6050 val/mAP50_95=0.3573 (step=54)
2026-08-26 19:26:12 INFO  scripts.synthetic_model_comparison.training.evaluation | mlflow: logged val per-class AP table (12 classes)
2026-08-26 19:26:12 INFO  scripts.synthetic_model_comparison.training.training_pipeline | saved checkpoint: /home/debian/Master-Thesis/scripts/synthetic_model_comparison/training/model_exports/yolo26n-gpt-image-2-medium-full-seed44-20260826-190757/last.pt
2026-08-26 19:26:13 INFO  scripts.synthetic_model_comparison.training.training_pipeline | epoch 55/200 done — next lr=0.00837484, epochs_since_improve=1/20
2026-08-26 19:26:13 INFO  scripts.synthetic_model_comparison.training.training_pipeline | epoch 56/200 — train start (lr=0.00837484, batches=15)
2026-08-26 19:26:24 INFO  scripts.synthetic_model_comparison.training.training_pipeline | epoch 56/200 — train done in 11.7s | avg loss_box=1.3502 loss_cls=1.3639 loss_dfl=0.0359 loss_total=164.8633
2026-08-26 19:26:24 INFO  scripts.synthetic_model_comparison.training.evaluation | evaluating on 4 batches
2026-08-26 19:26:30 INFO  scripts.synthetic_model_comparison.training.training_pipeline | epoch 56/200 — val mAP50=0.5770 mAP50_95=0.3381 (selection mAP50_95=0.3381)
2026-08-26 19:26:31 INFO  scripts.synthetic_model_comparison.training.evaluation | mlflow: logged val/mAP50=0.5770 val/mAP50_95=0.3381 (step=55)
2026-08-26 19:26:31 INFO  scripts.synthetic_model_comparison.training.evaluation | mlflow: logged val per-class AP table (12 classes)
2026-08-26 19:26:31 INFO  scripts.synthetic_model_comparison.training.training_pipeline | saved checkpoint: /home/debian/Master-Thesis/scripts/synthetic_model_comparison/training/model_exports/yolo26n-gpt-image-2-medium-full-seed44-20260826-190757/last.pt
2026-08-26 19:26:32 INFO  scripts.synthetic_model_comparison.training.training_pipeline | epoch 56/200 done — next lr=0.00831562, epochs_since_improve=2/20
2026-08-26 19:26:32 INFO  scripts.synthetic_model_comparison.training.training_pipeline | epoch 57/200 — train start (lr=0.00831562, batches=15)
2026-08-26 19:26:42 INFO  scripts.synthetic_model_comparison.training.training_pipeline | step 850 | loss_box=1.2622 loss_cls=1.5013 loss_dfl=0.0342 loss_total=166.2390 lr=0.00827165
2026-08-26 19:26:45 INFO  scripts.synthetic_model_comparison.training.training_pipeline | epoch 57/200 — train done in 13.4s | avg loss_box=1.3918 loss_cls=1.3732 loss_dfl=0.0372 loss_total=168.1580
2026-08-26 19:26:45 INFO  scripts.synthetic_model_comparison.training.evaluation | evaluating on 4 batches
2026-08-26 19:26:51 INFO  scripts.synthetic_model_comparison.training.training_pipeline | epoch 57/200 — val mAP50=0.4852 mAP50_95=0.2524 (selection mAP50_95=0.2524)
2026-08-26 19:26:51 INFO  scripts.synthetic_model_comparison.training.evaluation | mlflow: logged val/mAP50=0.4852 val/mAP50_95=0.2524 (step=56)
2026-08-26 19:26:52 INFO  scripts.synthetic_model_comparison.training.evaluation | mlflow: logged val per-class AP table (12 classes)
2026-08-26 19:26:52 INFO  scripts.synthetic_model_comparison.training.training_pipeline | saved checkpoint: /home/debian/Master-Thesis/scripts/synthetic_model_comparison/training/model_exports/yolo26n-gpt-image-2-medium-full-seed44-20260826-190757/last.pt
2026-08-26 19:26:52 INFO  scripts.synthetic_model_comparison.training.training_pipeline | epoch 57/200 done — next lr=0.00825555, epochs_since_improve=3/20
2026-08-26 19:26:52 INFO  scripts.synthetic_model_comparison.training.training_pipeline | epoch 58/200 — train start (lr=0.00825555, batches=15)
2026-08-26 19:27:04 INFO  scripts.synthetic_model_comparison.training.training_pipeline | epoch 58/200 — train done in 11.9s | avg loss_box=1.3441 loss_cls=1.3434 loss_dfl=0.0361 loss_total=164.2661
2026-08-26 19:27:04 INFO  scripts.synthetic_model_comparison.training.evaluation | evaluating on 4 batches
2026-08-26 19:27:10 INFO  scripts.synthetic_model_comparison.training.training_pipeline | epoch 58/200 — val mAP50=0.5195 mAP50_95=0.2624 (selection mAP50_95=0.2624)
2026-08-26 19:27:11 INFO  scripts.synthetic_model_comparison.training.evaluation | mlflow: logged val/mAP50=0.5195 val/mAP50_95=0.2624 (step=57)
2026-08-26 19:27:11 INFO  scripts.synthetic_model_comparison.training.evaluation | mlflow: logged val per-class AP table (12 classes)
2026-08-26 19:27:11 INFO  scripts.synthetic_model_comparison.training.training_pipeline | saved checkpoint: /home/debian/Master-Thesis/scripts/synthetic_model_comparison/training/model_exports/yolo26n-gpt-image-2-medium-full-seed44-20260826-190757/last.pt
2026-08-26 19:27:12 INFO  scripts.synthetic_model_comparison.training.training_pipeline | epoch 58/200 done — next lr=0.00819466, epochs_since_improve=4/20
2026-08-26 19:27:12 INFO  scripts.synthetic_model_comparison.training.training_pipeline | epoch 59/200 — train start (lr=0.00819466, batches=15)
2026-08-26 19:27:24 INFO  scripts.synthetic_model_comparison.training.training_pipeline | epoch 59/200 — train done in 12.0s | avg loss_box=1.3168 loss_cls=1.2712 loss_dfl=0.0354 loss_total=158.7200
2026-08-26 19:27:24 INFO  scripts.synthetic_model_comparison.training.evaluation | evaluating on 4 batches
2026-08-26 19:27:30 INFO  scripts.synthetic_model_comparison.training.training_pipeline | epoch 59/200 — val mAP50=0.6172 mAP50_95=0.3668 (selection mAP50_95=0.3668)
2026-08-26 19:27:30 INFO  scripts.synthetic_model_comparison.training.evaluation | mlflow: logged val/mAP50=0.6172 val/mAP50_95=0.3668 (step=58)
2026-08-26 19:27:31 INFO  scripts.synthetic_model_comparison.training.evaluation | mlflow: logged val per-class AP table (12 classes)
2026-08-26 19:27:31 INFO  scripts.synthetic_model_comparison.training.training_pipeline | saved checkpoint: /home/debian/Master-Thesis/scripts/synthetic_model_comparison/training/model_exports/yolo26n-gpt-image-2-medium-full-seed44-20260826-190757/best.pt
2026-08-26 19:27:31 INFO  scripts.synthetic_model_comparison.training.training_pipeline | new best mAP50_95=0.3668 at epoch 59
2026-08-26 19:27:31 INFO  scripts.synthetic_model_comparison.training.training_pipeline | saved checkpoint: /home/debian/Master-Thesis/scripts/synthetic_model_comparison/training/model_exports/yolo26n-gpt-image-2-medium-full-seed44-20260826-190757/last.pt
2026-08-26 19:27:31 INFO  scripts.synthetic_model_comparison.training.training_pipeline | epoch 59/200 done — next lr=0.00813295, epochs_since_improve=0/20
2026-08-26 19:27:31 INFO  scripts.synthetic_model_comparison.training.training_pipeline | epoch 60/200 — train start (lr=0.00813295, batches=15)
2026-08-26 19:27:43 INFO  scripts.synthetic_model_comparison.training.training_pipeline | epoch 60/200 — train done in 12.0s | avg loss_box=1.3020 loss_cls=1.3340 loss_dfl=0.0345 loss_total=158.8615
2026-08-26 19:27:43 INFO  scripts.synthetic_model_comparison.training.evaluation | evaluating on 4 batches
2026-08-26 19:27:49 INFO  scripts.synthetic_model_comparison.training.training_pipeline | epoch 60/200 — val mAP50=0.5984 mAP50_95=0.3645 (selection mAP50_95=0.3645)
2026-08-26 19:27:50 INFO  scripts.synthetic_model_comparison.training.evaluation | mlflow: logged val/mAP50=0.5984 val/mAP50_95=0.3645 (step=59)
2026-08-26 19:27:50 INFO  scripts.synthetic_model_comparison.training.evaluation | mlflow: logged val per-class AP table (12 classes)
2026-08-26 19:27:50 INFO  scripts.synthetic_model_comparison.training.training_pipeline | saved checkpoint: /home/debian/Master-Thesis/scripts/synthetic_model_comparison/training/model_exports/yolo26n-gpt-image-2-medium-full-seed44-20260826-190757/last.pt
2026-08-26 19:27:50 INFO  scripts.synthetic_model_comparison.training.training_pipeline | epoch 60/200 done — next lr=0.00807046, epochs_since_improve=1/20
2026-08-26 19:27:50 INFO  scripts.synthetic_model_comparison.training.training_pipeline | epoch 61/200 — train start (lr=0.00807046, batches=15)
2026-08-26 19:27:56 INFO  scripts.synthetic_model_comparison.training.training_pipeline | step 900 | loss_box=1.2446 loss_cls=1.3856 loss_dfl=0.0330 loss_total=156.0754 lr=0.00806626
2026-08-26 19:28:04 INFO  scripts.synthetic_model_comparison.training.training_pipeline | epoch 61/200 — train done in 13.1s | avg loss_box=1.3038 loss_cls=1.3350 loss_dfl=0.0344 loss_total=158.5245
2026-08-26 19:28:04 INFO  scripts.synthetic_model_comparison.training.evaluation | evaluating on 4 batches
2026-08-26 19:28:11 INFO  scripts.synthetic_model_comparison.training.training_pipeline | epoch 61/200 — val mAP50=0.6461 mAP50_95=0.3829 (selection mAP50_95=0.3829)
2026-08-26 19:28:12 INFO  scripts.synthetic_model_comparison.training.evaluation | mlflow: logged val/mAP50=0.6461 val/mAP50_95=0.3829 (step=60)
2026-08-26 19:28:12 INFO  scripts.synthetic_model_comparison.training.evaluation | mlflow: logged val per-class AP table (12 classes)
2026-08-26 19:28:12 INFO  scripts.synthetic_model_comparison.training.training_pipeline | saved checkpoint: /home/debian/Master-Thesis/scripts/synthetic_model_comparison/training/model_exports/yolo26n-gpt-image-2-medium-full-seed44-20260826-190757/best.pt
2026-08-26 19:28:12 INFO  scripts.synthetic_model_comparison.training.training_pipeline | new best mAP50_95=0.3829 at epoch 61
2026-08-26 19:28:12 INFO  scripts.synthetic_model_comparison.training.training_pipeline | saved checkpoint: /home/debian/Master-Thesis/scripts/synthetic_model_comparison/training/model_exports/yolo26n-gpt-image-2-medium-full-seed44-20260826-190757/last.pt
2026-08-26 19:28:13 INFO  scripts.synthetic_model_comparison.training.training_pipeline | epoch 61/200 done — next lr=0.00800718, epochs_since_improve=0/20
2026-08-26 19:28:13 INFO  scripts.synthetic_model_comparison.training.training_pipeline | epoch 62/200 — train start (lr=0.00800718, batches=15)
2026-08-26 19:28:24 INFO  scripts.synthetic_model_comparison.training.training_pipeline | epoch 62/200 — train done in 11.4s | avg loss_box=1.3148 loss_cls=1.2514 loss_dfl=0.0354 loss_total=156.0285
2026-08-26 19:28:24 INFO  scripts.synthetic_model_comparison.training.evaluation | evaluating on 4 batches
2026-08-26 19:28:30 INFO  scripts.synthetic_model_comparison.training.training_pipeline | epoch 62/200 — val mAP50=0.6226 mAP50_95=0.3698 (selection mAP50_95=0.3698)
2026-08-26 19:28:31 INFO  scripts.synthetic_model_comparison.training.evaluation | mlflow: logged val/mAP50=0.6226 val/mAP50_95=0.3698 (step=61)
2026-08-26 19:28:31 INFO  scripts.synthetic_model_comparison.training.evaluation | mlflow: logged val per-class AP table (12 classes)
2026-08-26 19:28:31 INFO  scripts.synthetic_model_comparison.training.training_pipeline | saved checkpoint: /home/debian/Master-Thesis/scripts/synthetic_model_comparison/training/model_exports/yolo26n-gpt-image-2-medium-full-seed44-20260826-190757/last.pt
2026-08-26 19:28:31 INFO  scripts.synthetic_model_comparison.training.training_pipeline | epoch 62/200 done — next lr=0.00794314, epochs_since_improve=1/20
2026-08-26 19:28:31 INFO  scripts.synthetic_model_comparison.training.training_pipeline | epoch 63/200 — train start (lr=0.00794314, batches=15)
2026-08-26 19:28:43 INFO  scripts.synthetic_model_comparison.training.training_pipeline | epoch 63/200 — train done in 11.4s | avg loss_box=1.2955 loss_cls=1.2837 loss_dfl=0.0341 loss_total=155.8044
2026-08-26 19:28:43 INFO  scripts.synthetic_model_comparison.training.evaluation | evaluating on 4 batches
2026-08-26 19:28:49 INFO  scripts.synthetic_model_comparison.training.training_pipeline | epoch 63/200 — val mAP50=0.6123 mAP50_95=0.3694 (selection mAP50_95=0.3694)
2026-08-26 19:28:50 INFO  scripts.synthetic_model_comparison.training.evaluation | mlflow: logged val/mAP50=0.6123 val/mAP50_95=0.3694 (step=62)
2026-08-26 19:28:50 INFO  scripts.synthetic_model_comparison.training.evaluation | mlflow: logged val per-class AP table (12 classes)
2026-08-26 19:28:50 INFO  scripts.synthetic_model_comparison.training.training_pipeline | saved checkpoint: /home/debian/Master-Thesis/scripts/synthetic_model_comparison/training/model_exports/yolo26n-gpt-image-2-medium-full-seed44-20260826-190757/last.pt
2026-08-26 19:28:51 INFO  scripts.synthetic_model_comparison.training.training_pipeline | epoch 63/200 done — next lr=0.00787835, epochs_since_improve=2/20
2026-08-26 19:28:51 INFO  scripts.synthetic_model_comparison.training.training_pipeline | epoch 64/200 — train start (lr=0.00787835, batches=15)
2026-08-26 19:28:59 INFO  scripts.synthetic_model_comparison.training.training_pipeline | step 950 | loss_box=1.2606 loss_cls=1.3088 loss_dfl=0.0332 loss_total=154.6253 lr=0.00785222
2026-08-26 19:29:04 INFO  scripts.synthetic_model_comparison.training.training_pipeline | epoch 64/200 — train done in 13.0s | avg loss_box=1.2897 loss_cls=1.2060 loss_dfl=0.0339 loss_total=152.1979
2026-08-26 19:29:04 INFO  scripts.synthetic_model_comparison.training.evaluation | evaluating on 4 batches
2026-08-26 19:29:09 INFO  scripts.synthetic_model_comparison.training.training_pipeline | epoch 64/200 — val mAP50=0.6492 mAP50_95=0.3784 (selection mAP50_95=0.3784)
2026-08-26 19:29:10 INFO  scripts.synthetic_model_comparison.training.evaluation | mlflow: logged val/mAP50=0.6492 val/mAP50_95=0.3784 (step=63)
2026-08-26 19:29:10 INFO  scripts.synthetic_model_comparison.training.evaluation | mlflow: logged val per-class AP table (12 classes)
2026-08-26 19:29:11 INFO  scripts.synthetic_model_comparison.training.training_pipeline | saved checkpoint: /home/debian/Master-Thesis/scripts/synthetic_model_comparison/training/model_exports/yolo26n-gpt-image-2-medium-full-seed44-20260826-190757/last.pt
2026-08-26 19:29:11 INFO  scripts.synthetic_model_comparison.training.training_pipeline | epoch 64/200 done — next lr=0.00781283, epochs_since_improve=3/20
2026-08-26 19:29:11 INFO  scripts.synthetic_model_comparison.training.training_pipeline | epoch 65/200 — train start (lr=0.00781283, batches=15)
2026-08-26 19:29:22 INFO  scripts.synthetic_model_comparison.training.training_pipeline | epoch 65/200 — train done in 11.2s | avg loss_box=1.2692 loss_cls=1.2114 loss_dfl=0.0342 loss_total=151.6834
2026-08-26 19:29:22 INFO  scripts.synthetic_model_comparison.training.evaluation | evaluating on 4 batches
2026-08-26 19:29:29 INFO  scripts.synthetic_model_comparison.training.training_pipeline | epoch 65/200 — val mAP50=0.5428 mAP50_95=0.2954 (selection mAP50_95=0.2954)
2026-08-26 19:29:29 INFO  scripts.synthetic_model_comparison.training.evaluation | mlflow: logged val/mAP50=0.5428 val/mAP50_95=0.2954 (step=64)
2026-08-26 19:29:30 INFO  scripts.synthetic_model_comparison.training.evaluation | mlflow: logged val per-class AP table (12 classes)
2026-08-26 19:29:30 INFO  scripts.synthetic_model_comparison.training.training_pipeline | saved checkpoint: /home/debian/Master-Thesis/scripts/synthetic_model_comparison/training/model_exports/yolo26n-gpt-image-2-medium-full-seed44-20260826-190757/last.pt
2026-08-26 19:29:30 INFO  scripts.synthetic_model_comparison.training.training_pipeline | epoch 65/200 done — next lr=0.00774659, epochs_since_improve=4/20
2026-08-26 19:29:30 INFO  scripts.synthetic_model_comparison.training.training_pipeline | epoch 66/200 — train start (lr=0.00774659, batches=15)
2026-08-26 19:29:43 INFO  scripts.synthetic_model_comparison.training.training_pipeline | epoch 66/200 — train done in 12.3s | avg loss_box=1.2869 loss_cls=1.1617 loss_dfl=0.0343 loss_total=150.0965
2026-08-26 19:29:43 INFO  scripts.synthetic_model_comparison.training.evaluation | evaluating on 4 batches
2026-08-26 19:29:50 INFO  scripts.synthetic_model_comparison.training.training_pipeline | epoch 66/200 — val mAP50=0.6801 mAP50_95=0.3909 (selection mAP50_95=0.3909)
2026-08-26 19:29:51 INFO  scripts.synthetic_model_comparison.training.evaluation | mlflow: logged val/mAP50=0.6801 val/mAP50_95=0.3909 (step=65)
2026-08-26 19:29:51 INFO  scripts.synthetic_model_comparison.training.evaluation | mlflow: logged val per-class AP table (12 classes)
2026-08-26 19:29:51 INFO  scripts.synthetic_model_comparison.training.training_pipeline | saved checkpoint: /home/debian/Master-Thesis/scripts/synthetic_model_comparison/training/model_exports/yolo26n-gpt-image-2-medium-full-seed44-20260826-190757/best.pt
2026-08-26 19:29:52 INFO  scripts.synthetic_model_comparison.training.training_pipeline | new best mAP50_95=0.3909 at epoch 66
2026-08-26 19:29:52 INFO  scripts.synthetic_model_comparison.training.training_pipeline | saved checkpoint: /home/debian/Master-Thesis/scripts/synthetic_model_comparison/training/model_exports/yolo26n-gpt-image-2-medium-full-seed44-20260826-190757/last.pt
2026-08-26 19:29:52 INFO  scripts.synthetic_model_comparison.training.training_pipeline | epoch 66/200 done — next lr=0.00767966, epochs_since_improve=0/20
2026-08-26 19:29:52 INFO  scripts.synthetic_model_comparison.training.training_pipeline | epoch 67/200 — train start (lr=0.00767966, batches=15)
2026-08-26 19:30:02 INFO  scripts.synthetic_model_comparison.training.training_pipeline | step 1000 | loss_box=1.2806 loss_cls=1.0384 loss_dfl=0.0342 loss_total=146.4020 lr=0.00763015
2026-08-26 19:30:05 INFO  scripts.synthetic_model_comparison.training.training_pipeline | epoch 67/200 — train done in 13.2s | avg loss_box=1.2391 loss_cls=1.1384 loss_dfl=0.0330 loss_total=147.2915
2026-08-26 19:30:05 INFO  scripts.synthetic_model_comparison.training.evaluation | evaluating on 4 batches
2026-08-26 19:30:11 INFO  scripts.synthetic_model_comparison.training.training_pipeline | epoch 67/200 — val mAP50=0.5379 mAP50_95=0.3113 (selection mAP50_95=0.3113)
2026-08-26 19:30:12 INFO  scripts.synthetic_model_comparison.training.evaluation | mlflow: logged val/mAP50=0.5379 val/mAP50_95=0.3113 (step=66)
2026-08-26 19:30:12 INFO  scripts.synthetic_model_comparison.training.evaluation | mlflow: logged val per-class AP table (12 classes)
2026-08-26 19:30:12 INFO  scripts.synthetic_model_comparison.training.training_pipeline | saved checkpoint: /home/debian/Master-Thesis/scripts/synthetic_model_comparison/training/model_exports/yolo26n-gpt-image-2-medium-full-seed44-20260826-190757/last.pt
2026-08-26 19:30:13 INFO  scripts.synthetic_model_comparison.training.training_pipeline | epoch 67/200 done — next lr=0.00761205, epochs_since_improve=1/20
2026-08-26 19:30:13 INFO  scripts.synthetic_model_comparison.training.training_pipeline | epoch 68/200 — train start (lr=0.00761205, batches=15)
2026-08-26 19:30:25 INFO  scripts.synthetic_model_comparison.training.training_pipeline | epoch 68/200 — train done in 12.0s | avg loss_box=1.2544 loss_cls=1.1708 loss_dfl=0.0328 loss_total=148.5496
2026-08-26 19:30:25 INFO  scripts.synthetic_model_comparison.training.evaluation | evaluating on 4 batches
2026-08-26 19:30:31 INFO  scripts.synthetic_model_comparison.training.training_pipeline | epoch 68/200 — val mAP50=0.6286 mAP50_95=0.3675 (selection mAP50_95=0.3675)
2026-08-26 19:30:31 INFO  scripts.synthetic_model_comparison.training.evaluation | mlflow: logged val/mAP50=0.6286 val/mAP50_95=0.3675 (step=67)
2026-08-26 19:30:32 INFO  scripts.synthetic_model_comparison.training.evaluation | mlflow: logged val per-class AP table (12 classes)
2026-08-26 19:30:32 INFO  scripts.synthetic_model_comparison.training.training_pipeline | saved checkpoint: /home/debian/Master-Thesis/scripts/synthetic_model_comparison/training/model_exports/yolo26n-gpt-image-2-medium-full-seed44-20260826-190757/last.pt
2026-08-26 19:30:32 INFO  scripts.synthetic_model_comparison.training.training_pipeline | epoch 68/200 done — next lr=0.00754378, epochs_since_improve=2/20
2026-08-26 19:30:32 INFO  scripts.synthetic_model_comparison.training.training_pipeline | epoch 69/200 — train start (lr=0.00754378, batches=15)
2026-08-26 19:30:44 INFO  scripts.synthetic_model_comparison.training.training_pipeline | epoch 69/200 — train done in 12.4s | avg loss_box=1.2514 loss_cls=1.1453 loss_dfl=0.0333 loss_total=147.4343
2026-08-26 19:30:45 INFO  scripts.synthetic_model_comparison.training.evaluation | evaluating on 4 batches
2026-08-26 19:30:50 INFO  scripts.synthetic_model_comparison.training.training_pipeline | epoch 69/200 — val mAP50=0.6270 mAP50_95=0.3936 (selection mAP50_95=0.3936)
2026-08-26 19:30:51 INFO  scripts.synthetic_model_comparison.training.evaluation | mlflow: logged val/mAP50=0.6270 val/mAP50_95=0.3936 (step=68)
2026-08-26 19:30:51 INFO  scripts.synthetic_model_comparison.training.evaluation | mlflow: logged val per-class AP table (12 classes)
2026-08-26 19:30:52 INFO  scripts.synthetic_model_comparison.training.training_pipeline | saved checkpoint: /home/debian/Master-Thesis/scripts/synthetic_model_comparison/training/model_exports/yolo26n-gpt-image-2-medium-full-seed44-20260826-190757/best.pt
2026-08-26 19:30:52 INFO  scripts.synthetic_model_comparison.training.training_pipeline | new best mAP50_95=0.3936 at epoch 69
2026-08-26 19:30:52 INFO  scripts.synthetic_model_comparison.training.training_pipeline | saved checkpoint: /home/debian/Master-Thesis/scripts/synthetic_model_comparison/training/model_exports/yolo26n-gpt-image-2-medium-full-seed44-20260826-190757/last.pt
2026-08-26 19:30:52 INFO  scripts.synthetic_model_comparison.training.training_pipeline | epoch 69/200 done — next lr=0.00747486, epochs_since_improve=0/20
2026-08-26 19:30:52 INFO  scripts.synthetic_model_comparison.training.training_pipeline | epoch 70/200 — train start (lr=0.00747486, batches=15)
2026-08-26 19:31:04 INFO  scripts.synthetic_model_comparison.training.training_pipeline | epoch 70/200 — train done in 11.4s | avg loss_box=1.2539 loss_cls=1.1267 loss_dfl=0.0338 loss_total=145.8286
2026-08-26 19:31:04 INFO  scripts.synthetic_model_comparison.training.evaluation | evaluating on 4 batches
2026-08-26 19:31:09 INFO  scripts.synthetic_model_comparison.training.training_pipeline | epoch 70/200 — val mAP50=0.6954 mAP50_95=0.4175 (selection mAP50_95=0.4175)
2026-08-26 19:31:10 INFO  scripts.synthetic_model_comparison.training.evaluation | mlflow: logged val/mAP50=0.6954 val/mAP50_95=0.4175 (step=69)
2026-08-26 19:31:10 INFO  scripts.synthetic_model_comparison.training.evaluation | mlflow: logged val per-class AP table (12 classes)
2026-08-26 19:31:11 INFO  scripts.synthetic_model_comparison.training.training_pipeline | saved checkpoint: /home/debian/Master-Thesis/scripts/synthetic_model_comparison/training/model_exports/yolo26n-gpt-image-2-medium-full-seed44-20260826-190757/best.pt
2026-08-26 19:31:11 INFO  scripts.synthetic_model_comparison.training.training_pipeline | new best mAP50_95=0.4175 at epoch 70
2026-08-26 19:31:11 INFO  scripts.synthetic_model_comparison.training.training_pipeline | saved checkpoint: /home/debian/Master-Thesis/scripts/synthetic_model_comparison/training/model_exports/yolo26n-gpt-image-2-medium-full-seed44-20260826-190757/last.pt
2026-08-26 19:31:11 INFO  scripts.synthetic_model_comparison.training.training_pipeline | epoch 70/200 done — next lr=0.00740531, epochs_since_improve=0/20
2026-08-26 19:31:11 INFO  scripts.synthetic_model_comparison.training.training_pipeline | epoch 71/200 — train start (lr=0.00740531, batches=15)
2026-08-26 19:31:17 INFO  scripts.synthetic_model_comparison.training.training_pipeline | step 1050 | loss_box=1.1634 loss_cls=1.0210 loss_dfl=0.0340 loss_total=135.6565 lr=0.00740065
2026-08-26 19:31:24 INFO  scripts.synthetic_model_comparison.training.training_pipeline | epoch 71/200 — train done in 12.7s | avg loss_box=1.2219 loss_cls=1.0969 loss_dfl=0.0321 loss_total=142.3807
2026-08-26 19:31:24 INFO  scripts.synthetic_model_comparison.training.evaluation | evaluating on 4 batches
2026-08-26 19:31:30 INFO  scripts.synthetic_model_comparison.training.training_pipeline | epoch 71/200 — val mAP50=0.6386 mAP50_95=0.3735 (selection mAP50_95=0.3735)
2026-08-26 19:31:31 INFO  scripts.synthetic_model_comparison.training.evaluation | mlflow: logged val/mAP50=0.6386 val/mAP50_95=0.3735 (step=70)
2026-08-26 19:31:31 INFO  scripts.synthetic_model_comparison.training.evaluation | mlflow: logged val per-class AP table (12 classes)
2026-08-26 19:31:31 INFO  scripts.synthetic_model_comparison.training.training_pipeline | saved checkpoint: /home/debian/Master-Thesis/scripts/synthetic_model_comparison/training/model_exports/yolo26n-gpt-image-2-medium-full-seed44-20260826-190757/last.pt
2026-08-26 19:31:32 INFO  scripts.synthetic_model_comparison.training.training_pipeline | epoch 71/200 done — next lr=0.00733515, epochs_since_improve=1/20
2026-08-26 19:31:32 INFO  scripts.synthetic_model_comparison.training.training_pipeline | epoch 72/200 — train start (lr=0.00733515, batches=15)
2026-08-26 19:31:43 INFO  scripts.synthetic_model_comparison.training.training_pipeline | epoch 72/200 — train done in 11.8s | avg loss_box=1.2353 loss_cls=1.1033 loss_dfl=0.0335 loss_total=143.6841
2026-08-26 19:31:43 INFO  scripts.synthetic_model_comparison.training.evaluation | evaluating on 4 batches
2026-08-26 19:31:49 INFO  scripts.synthetic_model_comparison.training.training_pipeline | epoch 72/200 — val mAP50=0.6291 mAP50_95=0.3835 (selection mAP50_95=0.3835)
2026-08-26 19:31:50 INFO  scripts.synthetic_model_comparison.training.evaluation | mlflow: logged val/mAP50=0.6291 val/mAP50_95=0.3835 (step=71)
2026-08-26 19:31:50 INFO  scripts.synthetic_model_comparison.training.evaluation | mlflow: logged val per-class AP table (12 classes)
2026-08-26 19:31:50 INFO  scripts.synthetic_model_comparison.training.training_pipeline | saved checkpoint: /home/debian/Master-Thesis/scripts/synthetic_model_comparison/training/model_exports/yolo26n-gpt-image-2-medium-full-seed44-20260826-190757/last.pt
2026-08-26 19:31:51 INFO  scripts.synthetic_model_comparison.training.training_pipeline | epoch 72/200 done — next lr=0.0072644, epochs_since_improve=2/20
2026-08-26 19:31:51 INFO  scripts.synthetic_model_comparison.training.training_pipeline | epoch 73/200 — train start (lr=0.0072644, batches=15)
2026-08-26 19:32:03 INFO  scripts.synthetic_model_comparison.training.training_pipeline | epoch 73/200 — train done in 12.1s | avg loss_box=1.2229 loss_cls=1.0777 loss_dfl=0.0329 loss_total=141.7872
2026-08-26 19:32:03 INFO  scripts.synthetic_model_comparison.training.evaluation | evaluating on 4 batches
2026-08-26 19:32:09 INFO  scripts.synthetic_model_comparison.training.training_pipeline | epoch 73/200 — val mAP50=0.7085 mAP50_95=0.4273 (selection mAP50_95=0.4273)
2026-08-26 19:32:09 INFO  scripts.synthetic_model_comparison.training.evaluation | mlflow: logged val/mAP50=0.7085 val/mAP50_95=0.4273 (step=72)
2026-08-26 19:32:10 INFO  scripts.synthetic_model_comparison.training.evaluation | mlflow: logged val per-class AP table (12 classes)
2026-08-26 19:32:10 INFO  scripts.synthetic_model_comparison.training.training_pipeline | saved checkpoint: /home/debian/Master-Thesis/scripts/synthetic_model_comparison/training/model_exports/yolo26n-gpt-image-2-medium-full-seed44-20260826-190757/best.pt
2026-08-26 19:32:10 INFO  scripts.synthetic_model_comparison.training.training_pipeline | new best mAP50_95=0.4273 at epoch 73
2026-08-26 19:32:10 INFO  scripts.synthetic_model_comparison.training.training_pipeline | saved checkpoint: /home/debian/Master-Thesis/scripts/synthetic_model_comparison/training/model_exports/yolo26n-gpt-image-2-medium-full-seed44-20260826-190757/last.pt
2026-08-26 19:32:10 INFO  scripts.synthetic_model_comparison.training.training_pipeline | epoch 73/200 done — next lr=0.00719307, epochs_since_improve=0/20
2026-08-26 19:32:10 INFO  scripts.synthetic_model_comparison.training.training_pipeline | epoch 74/200 — train start (lr=0.00719307, batches=15)
2026-08-26 19:32:18 INFO  scripts.synthetic_model_comparison.training.training_pipeline | step 1100 | loss_box=1.1847 loss_cls=0.9937 loss_dfl=0.0303 loss_total=138.7063 lr=0.00716439
2026-08-26 19:32:23 INFO  scripts.synthetic_model_comparison.training.training_pipeline | epoch 74/200 — train done in 13.1s | avg loss_box=1.2262 loss_cls=1.0598 loss_dfl=0.0325 loss_total=139.6748
2026-08-26 19:32:24 INFO  scripts.synthetic_model_comparison.training.evaluation | evaluating on 4 batches
2026-08-26 19:32:29 INFO  scripts.synthetic_model_comparison.training.training_pipeline | epoch 74/200 — val mAP50=0.6990 mAP50_95=0.4309 (selection mAP50_95=0.4309)
2026-08-26 19:32:30 INFO  scripts.synthetic_model_comparison.training.evaluation | mlflow: logged val/mAP50=0.6990 val/mAP50_95=0.4309 (step=73)
2026-08-26 19:32:30 INFO  scripts.synthetic_model_comparison.training.evaluation | mlflow: logged val per-class AP table (12 classes)
2026-08-26 19:32:30 INFO  scripts.synthetic_model_comparison.training.training_pipeline | saved checkpoint: /home/debian/Master-Thesis/scripts/synthetic_model_comparison/training/model_exports/yolo26n-gpt-image-2-medium-full-seed44-20260826-190757/best.pt
2026-08-26 19:32:30 INFO  scripts.synthetic_model_comparison.training.training_pipeline | new best mAP50_95=0.4309 at epoch 74
2026-08-26 19:32:30 INFO  scripts.synthetic_model_comparison.training.training_pipeline | saved checkpoint: /home/debian/Master-Thesis/scripts/synthetic_model_comparison/training/model_exports/yolo26n-gpt-image-2-medium-full-seed44-20260826-190757/last.pt
2026-08-26 19:32:31 INFO  scripts.synthetic_model_comparison.training.training_pipeline | epoch 74/200 done — next lr=0.00712119, epochs_since_improve=0/20
2026-08-26 19:32:31 INFO  scripts.synthetic_model_comparison.training.training_pipeline | epoch 75/200 — train start (lr=0.00712119, batches=15)
2026-08-26 19:32:43 INFO  scripts.synthetic_model_comparison.training.training_pipeline | epoch 75/200 — train done in 12.6s | avg loss_box=1.1656 loss_cls=1.0943 loss_dfl=0.0305 loss_total=137.1680
2026-08-26 19:32:43 INFO  scripts.synthetic_model_comparison.training.evaluation | evaluating on 4 batches
2026-08-26 19:32:51 INFO  scripts.synthetic_model_comparison.training.training_pipeline | epoch 75/200 — val mAP50=0.6834 mAP50_95=0.4378 (selection mAP50_95=0.4378)
2026-08-26 19:32:52 INFO  scripts.synthetic_model_comparison.training.evaluation | mlflow: logged val/mAP50=0.6834 val/mAP50_95=0.4378 (step=74)
2026-08-26 19:32:52 INFO  scripts.synthetic_model_comparison.training.evaluation | mlflow: logged val per-class AP table (12 classes)
2026-08-26 19:32:52 INFO  scripts.synthetic_model_comparison.training.training_pipeline | saved checkpoint: /home/debian/Master-Thesis/scripts/synthetic_model_comparison/training/model_exports/yolo26n-gpt-image-2-medium-full-seed44-20260826-190757/best.pt
2026-08-26 19:32:52 INFO  scripts.synthetic_model_comparison.training.training_pipeline | new best mAP50_95=0.4378 at epoch 75
2026-08-26 19:32:52 INFO  scripts.synthetic_model_comparison.training.training_pipeline | saved checkpoint: /home/debian/Master-Thesis/scripts/synthetic_model_comparison/training/model_exports/yolo26n-gpt-image-2-medium-full-seed44-20260826-190757/last.pt
2026-08-26 19:32:53 INFO  scripts.synthetic_model_comparison.training.training_pipeline | epoch 75/200 done — next lr=0.00704877, epochs_since_improve=0/20
2026-08-26 19:32:53 INFO  scripts.synthetic_model_comparison.training.training_pipeline | epoch 76/200 — train start (lr=0.00704877, batches=15)
2026-08-26 19:33:05 INFO  scripts.synthetic_model_comparison.training.training_pipeline | epoch 76/200 — train done in 12.1s | avg loss_box=1.1738 loss_cls=1.0750 loss_dfl=0.0313 loss_total=137.9494
2026-08-26 19:33:05 INFO  scripts.synthetic_model_comparison.training.evaluation | evaluating on 4 batches
2026-08-26 19:33:11 INFO  scripts.synthetic_model_comparison.training.training_pipeline | epoch 76/200 — val mAP50=0.6847 mAP50_95=0.4223 (selection mAP50_95=0.4223)
2026-08-26 19:33:11 INFO  scripts.synthetic_model_comparison.training.evaluation | mlflow: logged val/mAP50=0.6847 val/mAP50_95=0.4223 (step=75)
2026-08-26 19:33:12 INFO  scripts.synthetic_model_comparison.training.evaluation | mlflow: logged val per-class AP table (12 classes)
2026-08-26 19:33:12 INFO  scripts.synthetic_model_comparison.training.training_pipeline | saved checkpoint: /home/debian/Master-Thesis/scripts/synthetic_model_comparison/training/model_exports/yolo26n-gpt-image-2-medium-full-seed44-20260826-190757/last.pt
2026-08-26 19:33:12 INFO  scripts.synthetic_model_comparison.training.training_pipeline | epoch 76/200 done — next lr=0.00697583, epochs_since_improve=1/20
2026-08-26 19:33:12 INFO  scripts.synthetic_model_comparison.training.training_pipeline | epoch 77/200 — train start (lr=0.00697583, batches=15)
2026-08-26 19:33:22 INFO  scripts.synthetic_model_comparison.training.training_pipeline | step 1150 | loss_box=1.2991 loss_cls=1.1536 loss_dfl=0.0341 loss_total=146.8516 lr=0.00692202
2026-08-26 19:33:25 INFO  scripts.synthetic_model_comparison.training.training_pipeline | epoch 77/200 — train done in 13.1s | avg loss_box=1.1525 loss_cls=1.0296 loss_dfl=0.0304 loss_total=135.2714
2026-08-26 19:33:25 INFO  scripts.synthetic_model_comparison.training.evaluation | evaluating on 4 batches
2026-08-26 19:33:31 INFO  scripts.synthetic_model_comparison.training.training_pipeline | epoch 77/200 — val mAP50=0.6541 mAP50_95=0.4143 (selection mAP50_95=0.4143)
2026-08-26 19:33:32 INFO  scripts.synthetic_model_comparison.training.evaluation | mlflow: logged val/mAP50=0.6541 val/mAP50_95=0.4143 (step=76)
2026-08-26 19:33:32 INFO  scripts.synthetic_model_comparison.training.evaluation | mlflow: logged val per-class AP table (12 classes)
2026-08-26 19:33:32 INFO  scripts.synthetic_model_comparison.training.training_pipeline | saved checkpoint: /home/debian/Master-Thesis/scripts/synthetic_model_comparison/training/model_exports/yolo26n-gpt-image-2-medium-full-seed44-20260826-190757/last.pt
2026-08-26 19:33:33 INFO  scripts.synthetic_model_comparison.training.training_pipeline | epoch 77/200 done — next lr=0.00690239, epochs_since_improve=2/20
2026-08-26 19:33:33 INFO  scripts.synthetic_model_comparison.training.training_pipeline | epoch 78/200 — train start (lr=0.00690239, batches=15)
2026-08-26 19:33:44 INFO  scripts.synthetic_model_comparison.training.training_pipeline | epoch 78/200 — train done in 11.7s | avg loss_box=1.1824 loss_cls=1.0101 loss_dfl=0.0311 loss_total=136.0504
2026-08-26 19:33:44 INFO  scripts.synthetic_model_comparison.training.evaluation | evaluating on 4 batches
2026-08-26 19:33:50 INFO  scripts.synthetic_model_comparison.training.training_pipeline | epoch 78/200 — val mAP50=0.6059 mAP50_95=0.3757 (selection mAP50_95=0.3757)
2026-08-26 19:33:51 INFO  scripts.synthetic_model_comparison.training.evaluation | mlflow: logged val/mAP50=0.6059 val/mAP50_95=0.3757 (step=77)
2026-08-26 19:33:51 INFO  scripts.synthetic_model_comparison.training.evaluation | mlflow: logged val per-class AP table (12 classes)
2026-08-26 19:33:51 INFO  scripts.synthetic_model_comparison.training.training_pipeline | saved checkpoint: /home/debian/Master-Thesis/scripts/synthetic_model_comparison/training/model_exports/yolo26n-gpt-image-2-medium-full-seed44-20260826-190757/last.pt
2026-08-26 19:33:52 INFO  scripts.synthetic_model_comparison.training.training_pipeline | epoch 78/200 done — next lr=0.00682847, epochs_since_improve=3/20
2026-08-26 19:33:52 INFO  scripts.synthetic_model_comparison.training.training_pipeline | epoch 79/200 — train start (lr=0.00682847, batches=15)
2026-08-26 19:34:03 INFO  scripts.synthetic_model_comparison.training.training_pipeline | epoch 79/200 — train done in 11.3s | avg loss_box=1.1840 loss_cls=1.0082 loss_dfl=0.0314 loss_total=135.1707
2026-08-26 19:34:03 INFO  scripts.synthetic_model_comparison.training.evaluation | evaluating on 4 batches
2026-08-26 19:34:09 INFO  scripts.synthetic_model_comparison.training.training_pipeline | epoch 79/200 — val mAP50=0.6116 mAP50_95=0.3668 (selection mAP50_95=0.3668)
2026-08-26 19:34:10 INFO  scripts.synthetic_model_comparison.training.evaluation | mlflow: logged val/mAP50=0.6116 val/mAP50_95=0.3668 (step=78)
2026-08-26 19:34:10 INFO  scripts.synthetic_model_comparison.training.evaluation | mlflow: logged val per-class AP table (12 classes)
2026-08-26 19:34:10 INFO  scripts.synthetic_model_comparison.training.training_pipeline | saved checkpoint: /home/debian/Master-Thesis/scripts/synthetic_model_comparison/training/model_exports/yolo26n-gpt-image-2-medium-full-seed44-20260826-190757/last.pt
2026-08-26 19:34:10 INFO  scripts.synthetic_model_comparison.training.training_pipeline | epoch 79/200 done — next lr=0.00675408, epochs_since_improve=4/20
2026-08-26 19:34:10 INFO  scripts.synthetic_model_comparison.training.training_pipeline | epoch 80/200 — train start (lr=0.00675408, batches=15)
2026-08-26 19:34:22 INFO  scripts.synthetic_model_comparison.training.training_pipeline | epoch 80/200 — train done in 11.8s | avg loss_box=1.1707 loss_cls=1.0143 loss_dfl=0.0310 loss_total=134.1156
2026-08-26 19:34:22 INFO  scripts.synthetic_model_comparison.training.evaluation | evaluating on 4 batches
2026-08-26 19:34:28 INFO  scripts.synthetic_model_comparison.training.training_pipeline | epoch 80/200 — val mAP50=0.7328 mAP50_95=0.4515 (selection mAP50_95=0.4515)
2026-08-26 19:34:29 INFO  scripts.synthetic_model_comparison.training.evaluation | mlflow: logged val/mAP50=0.7328 val/mAP50_95=0.4515 (step=79)
2026-08-26 19:34:29 INFO  scripts.synthetic_model_comparison.training.evaluation | mlflow: logged val per-class AP table (12 classes)
2026-08-26 19:34:29 INFO  scripts.synthetic_model_comparison.training.training_pipeline | saved checkpoint: /home/debian/Master-Thesis/scripts/synthetic_model_comparison/training/model_exports/yolo26n-gpt-image-2-medium-full-seed44-20260826-190757/best.pt
2026-08-26 19:34:29 INFO  scripts.synthetic_model_comparison.training.training_pipeline | new best mAP50_95=0.4515 at epoch 80
2026-08-26 19:34:29 INFO  scripts.synthetic_model_comparison.training.training_pipeline | saved checkpoint: /home/debian/Master-Thesis/scripts/synthetic_model_comparison/training/model_exports/yolo26n-gpt-image-2-medium-full-seed44-20260826-190757/last.pt
2026-08-26 19:34:30 INFO  scripts.synthetic_model_comparison.training.training_pipeline | epoch 80/200 done — next lr=0.00667925, epochs_since_improve=0/20
2026-08-26 19:34:30 INFO  scripts.synthetic_model_comparison.training.training_pipeline | epoch 81/200 — train start (lr=0.00667925, batches=15)
2026-08-26 19:34:36 INFO  scripts.synthetic_model_comparison.training.training_pipeline | step 1200 | loss_box=1.2957 loss_cls=1.0088 loss_dfl=0.0361 loss_total=142.3090 lr=0.00667424
2026-08-26 19:34:43 INFO  scripts.synthetic_model_comparison.training.training_pipeline | epoch 81/200 — train done in 13.3s | avg loss_box=1.1847 loss_cls=1.0346 loss_dfl=0.0317 loss_total=134.8042
2026-08-26 19:34:43 INFO  scripts.synthetic_model_comparison.training.evaluation | evaluating on 4 batches
2026-08-26 19:34:49 INFO  scripts.synthetic_model_comparison.training.training_pipeline | epoch 81/200 — val mAP50=0.6852 mAP50_95=0.4419 (selection mAP50_95=0.4419)
2026-08-26 19:34:49 INFO  scripts.synthetic_model_comparison.training.evaluation | mlflow: logged val/mAP50=0.6852 val/mAP50_95=0.4419 (step=80)
2026-08-26 19:34:50 INFO  scripts.synthetic_model_comparison.training.evaluation | mlflow: logged val per-class AP table (12 classes)
2026-08-26 19:34:50 INFO  scripts.synthetic_model_comparison.training.training_pipeline | saved checkpoint: /home/debian/Master-Thesis/scripts/synthetic_model_comparison/training/model_exports/yolo26n-gpt-image-2-medium-full-seed44-20260826-190757/last.pt
2026-08-26 19:34:50 INFO  scripts.synthetic_model_comparison.training.training_pipeline | epoch 81/200 done — next lr=0.00660399, epochs_since_improve=1/20
2026-08-26 19:34:50 INFO  scripts.synthetic_model_comparison.training.training_pipeline | epoch 82/200 — train start (lr=0.00660399, batches=15)
2026-08-26 19:35:02 INFO  scripts.synthetic_model_comparison.training.training_pipeline | epoch 82/200 — train done in 12.0s | avg loss_box=1.1475 loss_cls=0.9807 loss_dfl=0.0301 loss_total=131.7424
2026-08-26 19:35:02 INFO  scripts.synthetic_model_comparison.training.evaluation | evaluating on 4 batches
2026-08-26 19:35:08 INFO  scripts.synthetic_model_comparison.training.training_pipeline | epoch 82/200 — val mAP50=0.7699 mAP50_95=0.4845 (selection mAP50_95=0.4845)
2026-08-26 19:35:09 INFO  scripts.synthetic_model_comparison.training.evaluation | mlflow: logged val/mAP50=0.7699 val/mAP50_95=0.4845 (step=81)
2026-08-26 19:35:09 INFO  scripts.synthetic_model_comparison.training.evaluation | mlflow: logged val per-class AP table (12 classes)
2026-08-26 19:35:09 INFO  scripts.synthetic_model_comparison.training.training_pipeline | saved checkpoint: /home/debian/Master-Thesis/scripts/synthetic_model_comparison/training/model_exports/yolo26n-gpt-image-2-medium-full-seed44-20260826-190757/best.pt
2026-08-26 19:35:09 INFO  scripts.synthetic_model_comparison.training.training_pipeline | new best mAP50_95=0.4845 at epoch 82
2026-08-26 19:35:09 INFO  scripts.synthetic_model_comparison.training.training_pipeline | saved checkpoint: /home/debian/Master-Thesis/scripts/synthetic_model_comparison/training/model_exports/yolo26n-gpt-image-2-medium-full-seed44-20260826-190757/last.pt
2026-08-26 19:35:10 INFO  scripts.synthetic_model_comparison.training.training_pipeline | epoch 82/200 done — next lr=0.00652832, epochs_since_improve=0/20
2026-08-26 19:35:10 INFO  scripts.synthetic_model_comparison.training.training_pipeline | epoch 83/200 — train start (lr=0.00652832, batches=15)
2026-08-26 19:35:22 INFO  scripts.synthetic_model_comparison.training.training_pipeline | epoch 83/200 — train done in 12.4s | avg loss_box=1.0876 loss_cls=0.9612 loss_dfl=0.0283 loss_total=126.0877
2026-08-26 19:35:22 INFO  scripts.synthetic_model_comparison.training.evaluation | evaluating on 4 batches
2026-08-26 19:35:28 INFO  scripts.synthetic_model_comparison.training.training_pipeline | epoch 83/200 — val mAP50=0.7247 mAP50_95=0.4574 (selection mAP50_95=0.4574)
2026-08-26 19:35:29 INFO  scripts.synthetic_model_comparison.training.evaluation | mlflow: logged val/mAP50=0.7247 val/mAP50_95=0.4574 (step=82)
2026-08-26 19:35:29 INFO  scripts.synthetic_model_comparison.training.evaluation | mlflow: logged val per-class AP table (12 classes)
2026-08-26 19:35:29 INFO  scripts.synthetic_model_comparison.training.training_pipeline | saved checkpoint: /home/debian/Master-Thesis/scripts/synthetic_model_comparison/training/model_exports/yolo26n-gpt-image-2-medium-full-seed44-20260826-190757/last.pt
2026-08-26 19:35:30 INFO  scripts.synthetic_model_comparison.training.training_pipeline | epoch 83/200 done — next lr=0.00645227, epochs_since_improve=1/20
2026-08-26 19:35:30 INFO  scripts.synthetic_model_comparison.training.training_pipeline | epoch 84/200 — train start (lr=0.00645227, batches=15)
2026-08-26 19:35:38 INFO  scripts.synthetic_model_comparison.training.training_pipeline | step 1250 | loss_box=1.0937 loss_cls=0.8970 loss_dfl=0.0297 loss_total=124.8751 lr=0.00642175
2026-08-26 19:35:43 INFO  scripts.synthetic_model_comparison.training.training_pipeline | epoch 84/200 — train done in 13.3s | avg loss_box=1.1191 loss_cls=0.9830 loss_dfl=0.0299 loss_total=129.5190
2026-08-26 19:35:43 INFO  scripts.synthetic_model_comparison.training.evaluation | evaluating on 4 batches
2026-08-26 19:35:48 INFO  scripts.synthetic_model_comparison.training.training_pipeline | epoch 84/200 — val mAP50=0.6378 mAP50_95=0.4104 (selection mAP50_95=0.4104)
2026-08-26 19:35:49 INFO  scripts.synthetic_model_comparison.training.evaluation | mlflow: logged val/mAP50=0.6378 val/mAP50_95=0.4104 (step=83)
2026-08-26 19:35:49 INFO  scripts.synthetic_model_comparison.training.evaluation | mlflow: logged val per-class AP table (12 classes)
2026-08-26 19:35:50 INFO  scripts.synthetic_model_comparison.training.training_pipeline | saved checkpoint: /home/debian/Master-Thesis/scripts/synthetic_model_comparison/training/model_exports/yolo26n-gpt-image-2-medium-full-seed44-20260826-190757/last.pt
2026-08-26 19:35:50 INFO  scripts.synthetic_model_comparison.training.training_pipeline | epoch 84/200 done — next lr=0.00637585, epochs_since_improve=2/20
2026-08-26 19:35:50 INFO  scripts.synthetic_model_comparison.training.training_pipeline | epoch 85/200 — train start (lr=0.00637585, batches=15)
2026-08-26 19:36:02 INFO  scripts.synthetic_model_comparison.training.training_pipeline | epoch 85/200 — train done in 11.7s | avg loss_box=1.1246 loss_cls=0.9204 loss_dfl=0.0294 loss_total=126.8110
2026-08-26 19:36:02 INFO  scripts.synthetic_model_comparison.training.evaluation | evaluating on 4 batches
2026-08-26 19:36:08 INFO  scripts.synthetic_model_comparison.training.training_pipeline | epoch 85/200 — val mAP50=0.7114 mAP50_95=0.4576 (selection mAP50_95=0.4576)
2026-08-26 19:36:08 INFO  scripts.synthetic_model_comparison.training.evaluation | mlflow: logged val/mAP50=0.7114 val/mAP50_95=0.4576 (step=84)
2026-08-26 19:36:09 INFO  scripts.synthetic_model_comparison.training.evaluation | mlflow: logged val per-class AP table (12 classes)
2026-08-26 19:36:09 INFO  scripts.synthetic_model_comparison.training.training_pipeline | saved checkpoint: /home/debian/Master-Thesis/scripts/synthetic_model_comparison/training/model_exports/yolo26n-gpt-image-2-medium-full-seed44-20260826-190757/last.pt
2026-08-26 19:36:09 INFO  scripts.synthetic_model_comparison.training.training_pipeline | epoch 85/200 done — next lr=0.00629908, epochs_since_improve=3/20
2026-08-26 19:36:09 INFO  scripts.synthetic_model_comparison.training.training_pipeline | epoch 86/200 — train start (lr=0.00629908, batches=15)
2026-08-26 19:36:22 INFO  scripts.synthetic_model_comparison.training.training_pipeline | epoch 86/200 — train done in 12.7s | avg loss_box=1.1173 loss_cls=0.9349 loss_dfl=0.0297 loss_total=126.4091
2026-08-26 19:36:22 INFO  scripts.synthetic_model_comparison.training.evaluation | evaluating on 4 batches
2026-08-26 19:36:28 INFO  scripts.synthetic_model_comparison.training.training_pipeline | epoch 86/200 — val mAP50=0.7519 mAP50_95=0.4980 (selection mAP50_95=0.4980)
2026-08-26 19:36:28 INFO  scripts.synthetic_model_comparison.training.evaluation | mlflow: logged val/mAP50=0.7519 val/mAP50_95=0.4980 (step=85)
2026-08-26 19:36:29 INFO  scripts.synthetic_model_comparison.training.evaluation | mlflow: logged val per-class AP table (12 classes)
2026-08-26 19:36:29 INFO  scripts.synthetic_model_comparison.training.training_pipeline | saved checkpoint: /home/debian/Master-Thesis/scripts/synthetic_model_comparison/training/model_exports/yolo26n-gpt-image-2-medium-full-seed44-20260826-190757/best.pt
2026-08-26 19:36:29 INFO  scripts.synthetic_model_comparison.training.training_pipeline | new best mAP50_95=0.4980 at epoch 86
2026-08-26 19:36:29 INFO  scripts.synthetic_model_comparison.training.training_pipeline | saved checkpoint: /home/debian/Master-Thesis/scripts/synthetic_model_comparison/training/model_exports/yolo26n-gpt-image-2-medium-full-seed44-20260826-190757/last.pt
2026-08-26 19:36:29 INFO  scripts.synthetic_model_comparison.training.training_pipeline | epoch 86/200 done — next lr=0.00622199, epochs_since_improve=0/20
2026-08-26 19:36:29 INFO  scripts.synthetic_model_comparison.training.training_pipeline | epoch 87/200 — train start (lr=0.00622199, batches=15)
2026-08-26 19:36:39 INFO  scripts.synthetic_model_comparison.training.training_pipeline | step 1300 | loss_box=1.0777 loss_cls=0.9764 loss_dfl=0.0293 loss_total=125.8009 lr=0.00616525
2026-08-26 19:36:42 INFO  scripts.synthetic_model_comparison.training.training_pipeline | epoch 87/200 — train done in 13.0s | avg loss_box=1.0997 loss_cls=0.9403 loss_dfl=0.0288 loss_total=125.8254
2026-08-26 19:36:42 INFO  scripts.synthetic_model_comparison.training.evaluation | evaluating on 4 batches
2026-08-26 19:36:48 INFO  scripts.synthetic_model_comparison.training.training_pipeline | epoch 87/200 — val mAP50=0.7025 mAP50_95=0.4426 (selection mAP50_95=0.4426)
2026-08-26 19:36:49 INFO  scripts.synthetic_model_comparison.training.evaluation | mlflow: logged val/mAP50=0.7025 val/mAP50_95=0.4426 (step=86)
2026-08-26 19:36:49 INFO  scripts.synthetic_model_comparison.training.evaluation | mlflow: logged val per-class AP table (12 classes)
2026-08-26 19:36:49 INFO  scripts.synthetic_model_comparison.training.training_pipeline | saved checkpoint: /home/debian/Master-Thesis/scripts/synthetic_model_comparison/training/model_exports/yolo26n-gpt-image-2-medium-full-seed44-20260826-190757/last.pt
2026-08-26 19:36:50 INFO  scripts.synthetic_model_comparison.training.training_pipeline | epoch 87/200 done — next lr=0.00614458, epochs_since_improve=1/20
2026-08-26 19:36:50 INFO  scripts.synthetic_model_comparison.training.training_pipeline | epoch 88/200 — train start (lr=0.00614458, batches=15)
2026-08-26 19:37:02 INFO  scripts.synthetic_model_comparison.training.training_pipeline | epoch 88/200 — train done in 11.8s | avg loss_box=1.0530 loss_cls=0.9272 loss_dfl=0.0276 loss_total=123.2536
2026-08-26 19:37:02 INFO  scripts.synthetic_model_comparison.training.evaluation | evaluating on 4 batches
2026-08-26 19:37:07 INFO  scripts.synthetic_model_comparison.training.training_pipeline | epoch 88/200 — val mAP50=0.6592 mAP50_95=0.3706 (selection mAP50_95=0.3706)
2026-08-26 19:37:08 INFO  scripts.synthetic_model_comparison.training.evaluation | mlflow: logged val/mAP50=0.6592 val/mAP50_95=0.3706 (step=87)
2026-08-26 19:37:08 INFO  scripts.synthetic_model_comparison.training.evaluation | mlflow: logged val per-class AP table (12 classes)
2026-08-26 19:37:08 INFO  scripts.synthetic_model_comparison.training.training_pipeline | saved checkpoint: /home/debian/Master-Thesis/scripts/synthetic_model_comparison/training/model_exports/yolo26n-gpt-image-2-medium-full-seed44-20260826-190757/last.pt
2026-08-26 19:37:09 INFO  scripts.synthetic_model_comparison.training.training_pipeline | epoch 88/200 done — next lr=0.00606688, epochs_since_improve=2/20
2026-08-26 19:37:09 INFO  scripts.synthetic_model_comparison.training.training_pipeline | epoch 89/200 — train start (lr=0.00606688, batches=15)
2026-08-26 19:37:20 INFO  scripts.synthetic_model_comparison.training.training_pipeline | epoch 89/200 — train done in 11.7s | avg loss_box=1.0998 loss_cls=0.8944 loss_dfl=0.0285 loss_total=123.0642
2026-08-26 19:37:20 INFO  scripts.synthetic_model_comparison.training.evaluation | evaluating on 4 batches
2026-08-26 19:37:26 INFO  scripts.synthetic_model_comparison.training.training_pipeline | epoch 89/200 — val mAP50=0.6905 mAP50_95=0.4040 (selection mAP50_95=0.4040)
2026-08-26 19:37:27 INFO  scripts.synthetic_model_comparison.training.evaluation | mlflow: logged val/mAP50=0.6905 val/mAP50_95=0.4040 (step=88)
2026-08-26 19:37:27 INFO  scripts.synthetic_model_comparison.training.evaluation | mlflow: logged val per-class AP table (12 classes)
2026-08-26 19:37:27 INFO  scripts.synthetic_model_comparison.training.training_pipeline | saved checkpoint: /home/debian/Master-Thesis/scripts/synthetic_model_comparison/training/model_exports/yolo26n-gpt-image-2-medium-full-seed44-20260826-190757/last.pt
2026-08-26 19:37:28 INFO  scripts.synthetic_model_comparison.training.training_pipeline | epoch 89/200 done — next lr=0.00598891, epochs_since_improve=3/20
2026-08-26 19:37:28 INFO  scripts.synthetic_model_comparison.training.training_pipeline | epoch 90/200 — train start (lr=0.00598891, batches=15)
2026-08-26 19:37:39 INFO  scripts.synthetic_model_comparison.training.training_pipeline | epoch 90/200 — train done in 11.6s | avg loss_box=1.0844 loss_cls=0.9021 loss_dfl=0.0284 loss_total=122.9069
2026-08-26 19:37:39 INFO  scripts.synthetic_model_comparison.training.evaluation | evaluating on 4 batches
2026-08-26 19:37:45 INFO  scripts.synthetic_model_comparison.training.training_pipeline | epoch 90/200 — val mAP50=0.7117 mAP50_95=0.4636 (selection mAP50_95=0.4636)
2026-08-26 19:37:46 INFO  scripts.synthetic_model_comparison.training.evaluation | mlflow: logged val/mAP50=0.7117 val/mAP50_95=0.4636 (step=89)
2026-08-26 19:37:46 INFO  scripts.synthetic_model_comparison.training.evaluation | mlflow: logged val per-class AP table (12 classes)
2026-08-26 19:37:46 INFO  scripts.synthetic_model_comparison.training.training_pipeline | saved checkpoint: /home/debian/Master-Thesis/scripts/synthetic_model_comparison/training/model_exports/yolo26n-gpt-image-2-medium-full-seed44-20260826-190757/last.pt
2026-08-26 19:37:47 INFO  scripts.synthetic_model_comparison.training.training_pipeline | epoch 90/200 done — next lr=0.0059107, epochs_since_improve=4/20
2026-08-26 19:37:47 INFO  scripts.synthetic_model_comparison.training.training_pipeline | epoch 91/200 — train start (lr=0.0059107, batches=15)
2026-08-26 19:37:53 INFO  scripts.synthetic_model_comparison.training.training_pipeline | step 1350 | loss_box=1.1627 loss_cls=0.9298 loss_dfl=0.0329 loss_total=128.7490 lr=0.00590547
2026-08-26 19:38:00 INFO  scripts.synthetic_model_comparison.training.training_pipeline | epoch 91/200 — train done in 13.4s | avg loss_box=1.0913 loss_cls=0.8993 loss_dfl=0.0290 loss_total=123.5660
2026-08-26 19:38:00 INFO  scripts.synthetic_model_comparison.training.evaluation | evaluating on 4 batches
2026-08-26 19:38:08 INFO  scripts.synthetic_model_comparison.training.training_pipeline | epoch 91/200 — val mAP50=0.7499 mAP50_95=0.4910 (selection mAP50_95=0.4910)
2026-08-26 19:38:09 INFO  scripts.synthetic_model_comparison.training.evaluation | mlflow: logged val/mAP50=0.7499 val/mAP50_95=0.4910 (step=90)
2026-08-26 19:38:09 INFO  scripts.synthetic_model_comparison.training.evaluation | mlflow: logged val per-class AP table (12 classes)
2026-08-26 19:38:09 INFO  scripts.synthetic_model_comparison.training.training_pipeline | saved checkpoint: /home/debian/Master-Thesis/scripts/synthetic_model_comparison/training/model_exports/yolo26n-gpt-image-2-medium-full-seed44-20260826-190757/last.pt
2026-08-26 19:38:09 INFO  scripts.synthetic_model_comparison.training.training_pipeline | epoch 91/200 done — next lr=0.00583225, epochs_since_improve=5/20
2026-08-26 19:38:09 INFO  scripts.synthetic_model_comparison.training.training_pipeline | epoch 92/200 — train start (lr=0.00583225, batches=15)
2026-08-26 19:38:21 INFO  scripts.synthetic_model_comparison.training.training_pipeline | epoch 92/200 — train done in 11.3s | avg loss_box=1.0276 loss_cls=0.8619 loss_dfl=0.0267 loss_total=118.1741
2026-08-26 19:38:21 INFO  scripts.synthetic_model_comparison.training.evaluation | evaluating on 4 batches
2026-08-26 19:38:26 INFO  scripts.synthetic_model_comparison.training.training_pipeline | epoch 92/200 — val mAP50=0.7338 mAP50_95=0.4599 (selection mAP50_95=0.4599)
2026-08-26 19:38:27 INFO  scripts.synthetic_model_comparison.training.evaluation | mlflow: logged val/mAP50=0.7338 val/mAP50_95=0.4599 (step=91)
2026-08-26 19:38:27 INFO  scripts.synthetic_model_comparison.training.evaluation | mlflow: logged val per-class AP table (12 classes)
2026-08-26 19:38:27 INFO  scripts.synthetic_model_comparison.training.training_pipeline | saved checkpoint: /home/debian/Master-Thesis/scripts/synthetic_model_comparison/training/model_exports/yolo26n-gpt-image-2-medium-full-seed44-20260826-190757/last.pt
2026-08-26 19:38:28 INFO  scripts.synthetic_model_comparison.training.training_pipeline | epoch 92/200 done — next lr=0.00575359, epochs_since_improve=6/20
2026-08-26 19:38:28 INFO  scripts.synthetic_model_comparison.training.training_pipeline | epoch 93/200 — train start (lr=0.00575359, batches=15)
2026-08-26 19:38:40 INFO  scripts.synthetic_model_comparison.training.training_pipeline | epoch 93/200 — train done in 11.9s | avg loss_box=1.0502 loss_cls=0.8735 loss_dfl=0.0275 loss_total=119.8444
2026-08-26 19:38:40 INFO  scripts.synthetic_model_comparison.training.evaluation | evaluating on 4 batches
2026-08-26 19:38:46 INFO  scripts.synthetic_model_comparison.training.training_pipeline | epoch 93/200 — val mAP50=0.7350 mAP50_95=0.4793 (selection mAP50_95=0.4793)
2026-08-26 19:38:46 INFO  scripts.synthetic_model_comparison.training.evaluation | mlflow: logged val/mAP50=0.7350 val/mAP50_95=0.4793 (step=92)
2026-08-26 19:38:47 INFO  scripts.synthetic_model_comparison.training.evaluation | mlflow: logged val per-class AP table (12 classes)
2026-08-26 19:38:47 INFO  scripts.synthetic_model_comparison.training.training_pipeline | saved checkpoint: /home/debian/Master-Thesis/scripts/synthetic_model_comparison/training/model_exports/yolo26n-gpt-image-2-medium-full-seed44-20260826-190757/last.pt
2026-08-26 19:38:47 INFO  scripts.synthetic_model_comparison.training.training_pipeline | epoch 93/200 done — next lr=0.00567474, epochs_since_improve=7/20
2026-08-26 19:38:47 INFO  scripts.synthetic_model_comparison.training.training_pipeline | epoch 94/200 — train start (lr=0.00567474, batches=15)
2026-08-26 19:38:56 INFO  scripts.synthetic_model_comparison.training.training_pipeline | step 1400 | loss_box=1.0602 loss_cls=0.8777 loss_dfl=0.0312 loss_total=119.8760 lr=0.00564316
2026-08-26 19:39:01 INFO  scripts.synthetic_model_comparison.training.training_pipeline | epoch 94/200 — train done in 14.3s | avg loss_box=1.0608 loss_cls=0.8809 loss_dfl=0.0279 loss_total=120.4306
2026-08-26 19:39:01 INFO  scripts.synthetic_model_comparison.training.evaluation | evaluating on 4 batches
2026-08-26 19:39:07 INFO  scripts.synthetic_model_comparison.training.training_pipeline | epoch 94/200 — val mAP50=0.7355 mAP50_95=0.4766 (selection mAP50_95=0.4766)
2026-08-26 19:39:08 INFO  scripts.synthetic_model_comparison.training.evaluation | mlflow: logged val/mAP50=0.7355 val/mAP50_95=0.4766 (step=93)
2026-08-26 19:39:08 INFO  scripts.synthetic_model_comparison.training.evaluation | mlflow: logged val per-class AP table (12 classes)
2026-08-26 19:39:09 INFO  scripts.synthetic_model_comparison.training.training_pipeline | saved checkpoint: /home/debian/Master-Thesis/scripts/synthetic_model_comparison/training/model_exports/yolo26n-gpt-image-2-medium-full-seed44-20260826-190757/last.pt
2026-08-26 19:39:09 INFO  scripts.synthetic_model_comparison.training.training_pipeline | epoch 94/200 done — next lr=0.00559572, epochs_since_improve=8/20
2026-08-26 19:39:09 INFO  scripts.synthetic_model_comparison.training.training_pipeline | epoch 95/200 — train start (lr=0.00559572, batches=15)
2026-08-26 19:39:21 INFO  scripts.synthetic_model_comparison.training.training_pipeline | epoch 95/200 — train done in 12.0s | avg loss_box=1.0177 loss_cls=0.8827 loss_dfl=0.0268 loss_total=118.1051
2026-08-26 19:39:21 INFO  scripts.synthetic_model_comparison.training.evaluation | evaluating on 4 batches
2026-08-26 19:39:29 INFO  scripts.synthetic_model_comparison.training.training_pipeline | epoch 95/200 — val mAP50=0.6613 mAP50_95=0.4205 (selection mAP50_95=0.4205)
2026-08-26 19:39:29 INFO  scripts.synthetic_model_comparison.training.evaluation | mlflow: logged val/mAP50=0.6613 val/mAP50_95=0.4205 (step=94)
2026-08-26 19:39:30 INFO  scripts.synthetic_model_comparison.training.evaluation | mlflow: logged val per-class AP table (12 classes)
2026-08-26 19:39:30 INFO  scripts.synthetic_model_comparison.training.training_pipeline | saved checkpoint: /home/debian/Master-Thesis/scripts/synthetic_model_comparison/training/model_exports/yolo26n-gpt-image-2-medium-full-seed44-20260826-190757/last.pt
2026-08-26 19:39:30 INFO  scripts.synthetic_model_comparison.training.training_pipeline | epoch 95/200 done — next lr=0.00551656, epochs_since_improve=9/20
2026-08-26 19:39:30 INFO  scripts.synthetic_model_comparison.training.training_pipeline | epoch 96/200 — train start (lr=0.00551656, batches=15)
2026-08-26 19:39:42 INFO  scripts.synthetic_model_comparison.training.training_pipeline | epoch 96/200 — train done in 12.1s | avg loss_box=1.0007 loss_cls=0.7927 loss_dfl=0.0254 loss_total=112.6673
2026-08-26 19:39:42 INFO  scripts.synthetic_model_comparison.training.evaluation | evaluating on 4 batches
2026-08-26 19:39:48 INFO  scripts.synthetic_model_comparison.training.training_pipeline | epoch 96/200 — val mAP50=0.7750 mAP50_95=0.5155 (selection mAP50_95=0.5155)
2026-08-26 19:39:49 INFO  scripts.synthetic_model_comparison.training.evaluation | mlflow: logged val/mAP50=0.7750 val/mAP50_95=0.5155 (step=95)
2026-08-26 19:39:49 INFO  scripts.synthetic_model_comparison.training.evaluation | mlflow: logged val per-class AP table (12 classes)
2026-08-26 19:39:49 INFO  scripts.synthetic_model_comparison.training.training_pipeline | saved checkpoint: /home/debian/Master-Thesis/scripts/synthetic_model_comparison/training/model_exports/yolo26n-gpt-image-2-medium-full-seed44-20260826-190757/best.pt
2026-08-26 19:39:49 INFO  scripts.synthetic_model_comparison.training.training_pipeline | new best mAP50_95=0.5155 at epoch 96
2026-08-26 19:39:49 INFO  scripts.synthetic_model_comparison.training.training_pipeline | saved checkpoint: /home/debian/Master-Thesis/scripts/synthetic_model_comparison/training/model_exports/yolo26n-gpt-image-2-medium-full-seed44-20260826-190757/last.pt
2026-08-26 19:39:50 INFO  scripts.synthetic_model_comparison.training.training_pipeline | epoch 96/200 done — next lr=0.00543726, epochs_since_improve=0/20
2026-08-26 19:39:50 INFO  scripts.synthetic_model_comparison.training.training_pipeline | epoch 97/200 — train start (lr=0.00543726, batches=15)
2026-08-26 19:40:00 INFO  scripts.synthetic_model_comparison.training.training_pipeline | step 1450 | loss_box=1.0137 loss_cls=0.9810 loss_dfl=0.0270 loss_total=123.1477 lr=0.00537903
2026-08-26 19:40:03 INFO  scripts.synthetic_model_comparison.training.training_pipeline | epoch 97/200 — train done in 13.5s | avg loss_box=1.0219 loss_cls=0.8301 loss_dfl=0.0266 loss_total=115.5750
2026-08-26 19:40:03 INFO  scripts.synthetic_model_comparison.training.evaluation | evaluating on 4 batches
2026-08-26 19:40:09 INFO  scripts.synthetic_model_comparison.training.training_pipeline | epoch 97/200 — val mAP50=0.7816 mAP50_95=0.5181 (selection mAP50_95=0.5181)
2026-08-26 19:40:10 INFO  scripts.synthetic_model_comparison.training.evaluation | mlflow: logged val/mAP50=0.7816 val/mAP50_95=0.5181 (step=96)
2026-08-26 19:40:10 INFO  scripts.synthetic_model_comparison.training.evaluation | mlflow: logged val per-class AP table (12 classes)
2026-08-26 19:40:10 INFO  scripts.synthetic_model_comparison.training.training_pipeline | saved checkpoint: /home/debian/Master-Thesis/scripts/synthetic_model_comparison/training/model_exports/yolo26n-gpt-image-2-medium-full-seed44-20260826-190757/best.pt
2026-08-26 19:40:10 INFO  scripts.synthetic_model_comparison.training.training_pipeline | new best mAP50_95=0.5181 at epoch 97
2026-08-26 19:40:11 INFO  scripts.synthetic_model_comparison.training.training_pipeline | saved checkpoint: /home/debian/Master-Thesis/scripts/synthetic_model_comparison/training/model_exports/yolo26n-gpt-image-2-medium-full-seed44-20260826-190757/last.pt
2026-08-26 19:40:11 INFO  scripts.synthetic_model_comparison.training.training_pipeline | epoch 97/200 done — next lr=0.00535785, epochs_since_improve=0/20
2026-08-26 19:40:11 INFO  scripts.synthetic_model_comparison.training.training_pipeline | epoch 98/200 — train start (lr=0.00535785, batches=15)
2026-08-26 19:40:23 INFO  scripts.synthetic_model_comparison.training.training_pipeline | epoch 98/200 — train done in 11.8s | avg loss_box=1.0497 loss_cls=0.8255 loss_dfl=0.0274 loss_total=116.3198
2026-08-26 19:40:23 INFO  scripts.synthetic_model_comparison.training.evaluation | evaluating on 4 batches
2026-08-26 19:40:28 INFO  scripts.synthetic_model_comparison.training.training_pipeline | epoch 98/200 — val mAP50=0.7439 mAP50_95=0.5031 (selection mAP50_95=0.5031)
2026-08-26 19:40:29 INFO  scripts.synthetic_model_comparison.training.evaluation | mlflow: logged val/mAP50=0.7439 val/mAP50_95=0.5031 (step=97)
2026-08-26 19:40:29 INFO  scripts.synthetic_model_comparison.training.evaluation | mlflow: logged val per-class AP table (12 classes)
2026-08-26 19:40:30 INFO  scripts.synthetic_model_comparison.training.training_pipeline | saved checkpoint: /home/debian/Master-Thesis/scripts/synthetic_model_comparison/training/model_exports/yolo26n-gpt-image-2-medium-full-seed44-20260826-190757/last.pt
2026-08-26 19:40:30 INFO  scripts.synthetic_model_comparison.training.training_pipeline | epoch 98/200 done — next lr=0.00527835, epochs_since_improve=1/20
2026-08-26 19:40:30 INFO  scripts.synthetic_model_comparison.training.training_pipeline | epoch 99/200 — train start (lr=0.00527835, batches=15)
2026-08-26 19:40:42 INFO  scripts.synthetic_model_comparison.training.training_pipeline | epoch 99/200 — train done in 11.8s | avg loss_box=1.0089 loss_cls=0.8053 loss_dfl=0.0258 loss_total=113.5669
2026-08-26 19:40:42 INFO  scripts.synthetic_model_comparison.training.evaluation | evaluating on 4 batches
2026-08-26 19:40:48 INFO  scripts.synthetic_model_comparison.training.training_pipeline | epoch 99/200 — val mAP50=0.7189 mAP50_95=0.4748 (selection mAP50_95=0.4748)
2026-08-26 19:40:49 INFO  scripts.synthetic_model_comparison.training.evaluation | mlflow: logged val/mAP50=0.7189 val/mAP50_95=0.4748 (step=98)
2026-08-26 19:40:49 INFO  scripts.synthetic_model_comparison.training.evaluation | mlflow: logged val per-class AP table (12 classes)
2026-08-26 19:40:49 INFO  scripts.synthetic_model_comparison.training.training_pipeline | saved checkpoint: /home/debian/Master-Thesis/scripts/synthetic_model_comparison/training/model_exports/yolo26n-gpt-image-2-medium-full-seed44-20260826-190757/last.pt
2026-08-26 19:40:50 INFO  scripts.synthetic_model_comparison.training.training_pipeline | epoch 99/200 done — next lr=0.00519878, epochs_since_improve=2/20
2026-08-26 19:40:50 INFO  scripts.synthetic_model_comparison.training.training_pipeline | epoch 100/200 — train start (lr=0.00519878, batches=15)
2026-08-26 19:41:01 INFO  scripts.synthetic_model_comparison.training.training_pipeline | epoch 100/200 — train done in 11.4s | avg loss_box=0.9960 loss_cls=0.8309 loss_dfl=0.0258 loss_total=114.3271
2026-08-26 19:41:01 INFO  scripts.synthetic_model_comparison.training.evaluation | evaluating on 4 batches
2026-08-26 19:41:07 INFO  scripts.synthetic_model_comparison.training.training_pipeline | epoch 100/200 — val mAP50=0.7305 mAP50_95=0.4933 (selection mAP50_95=0.4933)
2026-08-26 19:41:08 INFO  scripts.synthetic_model_comparison.training.evaluation | mlflow: logged val/mAP50=0.7305 val/mAP50_95=0.4933 (step=99)
2026-08-26 19:41:08 INFO  scripts.synthetic_model_comparison.training.evaluation | mlflow: logged val per-class AP table (12 classes)
2026-08-26 19:41:08 INFO  scripts.synthetic_model_comparison.training.training_pipeline | saved checkpoint: /home/debian/Master-Thesis/scripts/synthetic_model_comparison/training/model_exports/yolo26n-gpt-image-2-medium-full-seed44-20260826-190757/last.pt
2026-08-26 19:41:09 INFO  scripts.synthetic_model_comparison.training.training_pipeline | epoch 100/200 done — next lr=0.00511916, epochs_since_improve=3/20
2026-08-26 19:41:09 INFO  scripts.synthetic_model_comparison.training.training_pipeline | epoch 101/200 — train start (lr=0.00511916, batches=15)
2026-08-26 19:41:15 INFO  scripts.synthetic_model_comparison.training.training_pipeline | step 1500 | loss_box=0.8743 loss_cls=0.6270 loss_dfl=0.0233 loss_total=96.9044 lr=0.00511385
2026-08-26 19:41:22 INFO  scripts.synthetic_model_comparison.training.training_pipeline | epoch 101/200 — train done in 13.2s | avg loss_box=1.0154 loss_cls=0.7795 loss_dfl=0.0256 loss_total=112.6673
2026-08-26 19:41:22 INFO  scripts.synthetic_model_comparison.training.evaluation | evaluating on 4 batches
2026-08-26 19:41:28 INFO  scripts.synthetic_model_comparison.training.training_pipeline | epoch 101/200 — val mAP50=0.7360 mAP50_95=0.4921 (selection mAP50_95=0.4921)
2026-08-26 19:41:29 INFO  scripts.synthetic_model_comparison.training.evaluation | mlflow: logged val/mAP50=0.7360 val/mAP50_95=0.4921 (step=100)
2026-08-26 19:41:29 INFO  scripts.synthetic_model_comparison.training.evaluation | mlflow: logged val per-class AP table (12 classes)
2026-08-26 19:41:29 INFO  scripts.synthetic_model_comparison.training.training_pipeline | saved checkpoint: /home/debian/Master-Thesis/scripts/synthetic_model_comparison/training/model_exports/yolo26n-gpt-image-2-medium-full-seed44-20260826-190757/last.pt
2026-08-26 19:41:29 INFO  scripts.synthetic_model_comparison.training.training_pipeline | epoch 101/200 done — next lr=0.00503952, epochs_since_improve=4/20
2026-08-26 19:41:29 INFO  scripts.synthetic_model_comparison.training.training_pipeline | epoch 102/200 — train start (lr=0.00503952, batches=15)
2026-08-26 19:41:41 INFO  scripts.synthetic_model_comparison.training.training_pipeline | epoch 102/200 — train done in 12.0s | avg loss_box=1.0184 loss_cls=0.7576 loss_dfl=0.0265 loss_total=111.5722
2026-08-26 19:41:41 INFO  scripts.synthetic_model_comparison.training.evaluation | evaluating on 4 batches
2026-08-26 19:41:47 INFO  scripts.synthetic_model_comparison.training.training_pipeline | epoch 102/200 — val mAP50=0.7953 mAP50_95=0.5238 (selection mAP50_95=0.5238)
2026-08-26 19:41:48 INFO  scripts.synthetic_model_comparison.training.evaluation | mlflow: logged val/mAP50=0.7953 val/mAP50_95=0.5238 (step=101)
2026-08-26 19:41:48 INFO  scripts.synthetic_model_comparison.training.evaluation | mlflow: logged val per-class AP table (12 classes)
2026-08-26 19:41:48 INFO  scripts.synthetic_model_comparison.training.training_pipeline | saved checkpoint: /home/debian/Master-Thesis/scripts/synthetic_model_comparison/training/model_exports/yolo26n-gpt-image-2-medium-full-seed44-20260826-190757/best.pt
2026-08-26 19:41:48 INFO  scripts.synthetic_model_comparison.training.training_pipeline | new best mAP50_95=0.5238 at epoch 102
2026-08-26 19:41:48 INFO  scripts.synthetic_model_comparison.training.training_pipeline | saved checkpoint: /home/debian/Master-Thesis/scripts/synthetic_model_comparison/training/model_exports/yolo26n-gpt-image-2-medium-full-seed44-20260826-190757/last.pt
2026-08-26 19:41:49 INFO  scripts.synthetic_model_comparison.training.training_pipeline | epoch 102/200 done — next lr=0.00495986, epochs_since_improve=0/20
2026-08-26 19:41:49 INFO  scripts.synthetic_model_comparison.training.training_pipeline | epoch 103/200 — train start (lr=0.00495986, batches=15)
2026-08-26 19:42:00 INFO  scripts.synthetic_model_comparison.training.training_pipeline | epoch 103/200 — train done in 11.6s | avg loss_box=0.9597 loss_cls=0.7663 loss_dfl=0.0250 loss_total=108.3313
2026-08-26 19:42:00 INFO  scripts.synthetic_model_comparison.training.evaluation | evaluating on 4 batches
2026-08-26 19:42:06 INFO  scripts.synthetic_model_comparison.training.training_pipeline | epoch 103/200 — val mAP50=0.7820 mAP50_95=0.5211 (selection mAP50_95=0.5211)
2026-08-26 19:42:07 INFO  scripts.synthetic_model_comparison.training.evaluation | mlflow: logged val/mAP50=0.7820 val/mAP50_95=0.5211 (step=102)
2026-08-26 19:42:07 INFO  scripts.synthetic_model_comparison.training.evaluation | mlflow: logged val per-class AP table (12 classes)
2026-08-26 19:42:07 INFO  scripts.synthetic_model_comparison.training.training_pipeline | saved checkpoint: /home/debian/Master-Thesis/scripts/synthetic_model_comparison/training/model_exports/yolo26n-gpt-image-2-medium-full-seed44-20260826-190757/last.pt
2026-08-26 19:42:08 INFO  scripts.synthetic_model_comparison.training.training_pipeline | epoch 103/200 done — next lr=0.00488022, epochs_since_improve=1/20
2026-08-26 19:42:08 INFO  scripts.synthetic_model_comparison.training.training_pipeline | epoch 104/200 — train start (lr=0.00488022, batches=15)
2026-08-26 19:42:15 INFO  scripts.synthetic_model_comparison.training.training_pipeline | step 1550 | loss_box=0.9630 loss_cls=0.7344 loss_dfl=0.0251 loss_total=108.9611 lr=0.00484837
2026-08-26 19:42:20 INFO  scripts.synthetic_model_comparison.training.training_pipeline | epoch 104/200 — train done in 12.7s | avg loss_box=0.9938 loss_cls=0.7797 loss_dfl=0.0257 loss_total=111.1853
2026-08-26 19:42:20 INFO  scripts.synthetic_model_comparison.training.evaluation | evaluating on 4 batches
2026-08-26 19:42:26 INFO  scripts.synthetic_model_comparison.training.training_pipeline | epoch 104/200 — val mAP50=0.7447 mAP50_95=0.4992 (selection mAP50_95=0.4992)
2026-08-26 19:42:27 INFO  scripts.synthetic_model_comparison.training.evaluation | mlflow: logged val/mAP50=0.7447 val/mAP50_95=0.4992 (step=103)
2026-08-26 19:42:27 INFO  scripts.synthetic_model_comparison.training.evaluation | mlflow: logged val per-class AP table (12 classes)
2026-08-26 19:42:27 INFO  scripts.synthetic_model_comparison.training.training_pipeline | saved checkpoint: /home/debian/Master-Thesis/scripts/synthetic_model_comparison/training/model_exports/yolo26n-gpt-image-2-medium-full-seed44-20260826-190757/last.pt
2026-08-26 19:42:28 INFO  scripts.synthetic_model_comparison.training.training_pipeline | epoch 104/200 done — next lr=0.00480061, epochs_since_improve=2/20
2026-08-26 19:42:28 INFO  scripts.synthetic_model_comparison.training.training_pipeline | epoch 105/200 — train start (lr=0.00480061, batches=15)
2026-08-26 19:42:39 INFO  scripts.synthetic_model_comparison.training.training_pipeline | epoch 105/200 — train done in 11.5s | avg loss_box=0.9450 loss_cls=0.7726 loss_dfl=0.0249 loss_total=107.6506
2026-08-26 19:42:39 INFO  scripts.synthetic_model_comparison.training.evaluation | evaluating on 4 batches
2026-08-26 19:42:46 INFO  scripts.synthetic_model_comparison.training.training_pipeline | epoch 105/200 — val mAP50=0.8074 mAP50_95=0.5289 (selection mAP50_95=0.5289)
2026-08-26 19:42:47 INFO  scripts.synthetic_model_comparison.training.evaluation | mlflow: logged val/mAP50=0.8074 val/mAP50_95=0.5289 (step=104)
2026-08-26 19:42:47 INFO  scripts.synthetic_model_comparison.training.evaluation | mlflow: logged val per-class AP table (12 classes)
2026-08-26 19:42:47 INFO  scripts.synthetic_model_comparison.training.training_pipeline | saved checkpoint: /home/debian/Master-Thesis/scripts/synthetic_model_comparison/training/model_exports/yolo26n-gpt-image-2-medium-full-seed44-20260826-190757/best.pt
2026-08-26 19:42:47 INFO  scripts.synthetic_model_comparison.training.training_pipeline | new best mAP50_95=0.5289 at epoch 105
2026-08-26 19:42:47 INFO  scripts.synthetic_model_comparison.training.training_pipeline | saved checkpoint: /home/debian/Master-Thesis/scripts/synthetic_model_comparison/training/model_exports/yolo26n-gpt-image-2-medium-full-seed44-20260826-190757/last.pt
2026-08-26 19:42:48 INFO  scripts.synthetic_model_comparison.training.training_pipeline | epoch 105/200 done — next lr=0.00472105, epochs_since_improve=0/20
2026-08-26 19:42:48 INFO  scripts.synthetic_model_comparison.training.training_pipeline | epoch 106/200 — train start (lr=0.00472105, batches=15)
2026-08-26 19:43:00 INFO  scripts.synthetic_model_comparison.training.training_pipeline | epoch 106/200 — train done in 12.0s | avg loss_box=0.9529 loss_cls=0.7727 loss_dfl=0.0247 loss_total=108.9343
2026-08-26 19:43:00 INFO  scripts.synthetic_model_comparison.training.evaluation | evaluating on 4 batches
2026-08-26 19:43:06 INFO  scripts.synthetic_model_comparison.training.training_pipeline | epoch 106/200 — val mAP50=0.7542 mAP50_95=0.5197 (selection mAP50_95=0.5197)
2026-08-26 19:43:06 INFO  scripts.synthetic_model_comparison.training.evaluation | mlflow: logged val/mAP50=0.7542 val/mAP50_95=0.5197 (step=105)
2026-08-26 19:43:07 INFO  scripts.synthetic_model_comparison.training.evaluation | mlflow: logged val per-class AP table (12 classes)
2026-08-26 19:43:07 INFO  scripts.synthetic_model_comparison.training.training_pipeline | saved checkpoint: /home/debian/Master-Thesis/scripts/synthetic_model_comparison/training/model_exports/yolo26n-gpt-image-2-medium-full-seed44-20260826-190757/last.pt
2026-08-26 19:43:07 INFO  scripts.synthetic_model_comparison.training.training_pipeline | epoch 106/200 done — next lr=0.00464156, epochs_since_improve=1/20
2026-08-26 19:43:07 INFO  scripts.synthetic_model_comparison.training.training_pipeline | epoch 107/200 — train start (lr=0.00464156, batches=15)
2026-08-26 19:43:18 INFO  scripts.synthetic_model_comparison.training.training_pipeline | step 1600 | loss_box=0.9189 loss_cls=0.7389 loss_dfl=0.0232 loss_total=103.7361 lr=0.00458333
2026-08-26 19:43:21 INFO  scripts.synthetic_model_comparison.training.training_pipeline | epoch 107/200 — train done in 14.1s | avg loss_box=0.9420 loss_cls=0.7486 loss_dfl=0.0239 loss_total=106.3087
2026-08-26 19:43:21 INFO  scripts.synthetic_model_comparison.training.evaluation | evaluating on 4 batches
2026-08-26 19:43:27 INFO  scripts.synthetic_model_comparison.training.training_pipeline | epoch 107/200 — val mAP50=0.7227 mAP50_95=0.4861 (selection mAP50_95=0.4861)
2026-08-26 19:43:28 INFO  scripts.synthetic_model_comparison.training.evaluation | mlflow: logged val/mAP50=0.7227 val/mAP50_95=0.4861 (step=106)
2026-08-26 19:43:28 INFO  scripts.synthetic_model_comparison.training.evaluation | mlflow: logged val per-class AP table (12 classes)
2026-08-26 19:43:28 INFO  scripts.synthetic_model_comparison.training.training_pipeline | saved checkpoint: /home/debian/Master-Thesis/scripts/synthetic_model_comparison/training/model_exports/yolo26n-gpt-image-2-medium-full-seed44-20260826-190757/last.pt
2026-08-26 19:43:29 INFO  scripts.synthetic_model_comparison.training.training_pipeline | epoch 107/200 done — next lr=0.00456216, epochs_since_improve=2/20
2026-08-26 19:43:29 INFO  scripts.synthetic_model_comparison.training.training_pipeline | epoch 108/200 — train start (lr=0.00456216, batches=15)
2026-08-26 19:43:41 INFO  scripts.synthetic_model_comparison.training.training_pipeline | epoch 108/200 — train done in 12.0s | avg loss_box=0.9508 loss_cls=0.7703 loss_dfl=0.0253 loss_total=107.6246
2026-08-26 19:43:41 INFO  scripts.synthetic_model_comparison.training.evaluation | evaluating on 4 batches
2026-08-26 19:43:47 INFO  scripts.synthetic_model_comparison.training.training_pipeline | epoch 108/200 — val mAP50=0.7674 mAP50_95=0.5252 (selection mAP50_95=0.5252)
2026-08-26 19:43:47 INFO  scripts.synthetic_model_comparison.training.evaluation | mlflow: logged val/mAP50=0.7674 val/mAP50_95=0.5252 (step=107)
2026-08-26 19:43:48 INFO  scripts.synthetic_model_comparison.training.evaluation | mlflow: logged val per-class AP table (12 classes)
2026-08-26 19:43:48 INFO  scripts.synthetic_model_comparison.training.training_pipeline | saved checkpoint: /home/debian/Master-Thesis/scripts/synthetic_model_comparison/training/model_exports/yolo26n-gpt-image-2-medium-full-seed44-20260826-190757/last.pt
2026-08-26 19:43:48 INFO  scripts.synthetic_model_comparison.training.training_pipeline | epoch 108/200 done — next lr=0.00448288, epochs_since_improve=3/20
2026-08-26 19:43:48 INFO  scripts.synthetic_model_comparison.training.training_pipeline | epoch 109/200 — train start (lr=0.00448288, batches=15)
2026-08-26 19:44:00 INFO  scripts.synthetic_model_comparison.training.training_pipeline | epoch 109/200 — train done in 12.0s | avg loss_box=0.9219 loss_cls=0.7184 loss_dfl=0.0236 loss_total=103.4950
2026-08-26 19:44:00 INFO  scripts.synthetic_model_comparison.training.evaluation | evaluating on 4 batches
2026-08-26 19:44:06 INFO  scripts.synthetic_model_comparison.training.training_pipeline | epoch 109/200 — val mAP50=0.7893 mAP50_95=0.5298 (selection mAP50_95=0.5298)
2026-08-26 19:44:07 INFO  scripts.synthetic_model_comparison.training.evaluation | mlflow: logged val/mAP50=0.7893 val/mAP50_95=0.5298 (step=108)
2026-08-26 19:44:07 INFO  scripts.synthetic_model_comparison.training.evaluation | mlflow: logged val per-class AP table (12 classes)
2026-08-26 19:44:07 INFO  scripts.synthetic_model_comparison.training.training_pipeline | saved checkpoint: /home/debian/Master-Thesis/scripts/synthetic_model_comparison/training/model_exports/yolo26n-gpt-image-2-medium-full-seed44-20260826-190757/last.pt
2026-08-26 19:44:08 INFO  scripts.synthetic_model_comparison.training.training_pipeline | epoch 109/200 done — next lr=0.00440373, epochs_since_improve=4/20
2026-08-26 19:44:08 INFO  scripts.synthetic_model_comparison.training.training_pipeline | epoch 110/200 — train start (lr=0.00440373, batches=15)
2026-08-26 19:44:20 INFO  scripts.synthetic_model_comparison.training.training_pipeline | epoch 110/200 — train done in 12.1s | avg loss_box=0.9513 loss_cls=0.6751 loss_dfl=0.0247 loss_total=103.3775
2026-08-26 19:44:20 INFO  scripts.synthetic_model_comparison.training.evaluation | evaluating on 4 batches
2026-08-26 19:44:25 INFO  scripts.synthetic_model_comparison.training.training_pipeline | epoch 110/200 — val mAP50=0.7928 mAP50_95=0.5341 (selection mAP50_95=0.5341)
2026-08-26 19:44:26 INFO  scripts.synthetic_model_comparison.training.evaluation | mlflow: logged val/mAP50=0.7928 val/mAP50_95=0.5341 (step=109)
2026-08-26 19:44:27 INFO  scripts.synthetic_model_comparison.training.evaluation | mlflow: logged val per-class AP table (12 classes)
2026-08-26 19:44:27 INFO  scripts.synthetic_model_comparison.training.training_pipeline | saved checkpoint: /home/debian/Master-Thesis/scripts/synthetic_model_comparison/training/model_exports/yolo26n-gpt-image-2-medium-full-seed44-20260826-190757/best.pt
2026-08-26 19:44:27 INFO  scripts.synthetic_model_comparison.training.training_pipeline | new best mAP50_95=0.5341 at epoch 110
2026-08-26 19:44:27 INFO  scripts.synthetic_model_comparison.training.training_pipeline | saved checkpoint: /home/debian/Master-Thesis/scripts/synthetic_model_comparison/training/model_exports/yolo26n-gpt-image-2-medium-full-seed44-20260826-190757/last.pt
2026-08-26 19:44:27 INFO  scripts.synthetic_model_comparison.training.training_pipeline | epoch 110/200 done — next lr=0.00432473, epochs_since_improve=0/20
2026-08-26 19:44:27 INFO  scripts.synthetic_model_comparison.training.training_pipeline | epoch 111/200 — train start (lr=0.00432473, batches=15)
2026-08-26 19:44:33 INFO  scripts.synthetic_model_comparison.training.training_pipeline | step 1650 | loss_box=0.9068 loss_cls=0.7574 loss_dfl=0.0251 loss_total=104.4775 lr=0.00431947
2026-08-26 19:44:41 INFO  scripts.synthetic_model_comparison.training.training_pipeline | epoch 111/200 — train done in 13.2s | avg loss_box=0.9101 loss_cls=0.7243 loss_dfl=0.0239 loss_total=103.0353
2026-08-26 19:44:41 INFO  scripts.synthetic_model_comparison.training.evaluation | evaluating on 4 batches
2026-08-26 19:44:46 INFO  scripts.synthetic_model_comparison.training.training_pipeline | epoch 111/200 — val mAP50=0.7248 mAP50_95=0.4984 (selection mAP50_95=0.4984)
2026-08-26 19:44:47 INFO  scripts.synthetic_model_comparison.training.evaluation | mlflow: logged val/mAP50=0.7248 val/mAP50_95=0.4984 (step=110)
2026-08-26 19:44:47 INFO  scripts.synthetic_model_comparison.training.evaluation | mlflow: logged val per-class AP table (12 classes)
2026-08-26 19:44:47 INFO  scripts.synthetic_model_comparison.training.training_pipeline | saved checkpoint: /home/debian/Master-Thesis/scripts/synthetic_model_comparison/training/model_exports/yolo26n-gpt-image-2-medium-full-seed44-20260826-190757/last.pt
2026-08-26 19:44:48 INFO  scripts.synthetic_model_comparison.training.training_pipeline | epoch 111/200 done — next lr=0.00424591, epochs_since_improve=1/20
2026-08-26 19:44:48 INFO  scripts.synthetic_model_comparison.training.training_pipeline | epoch 112/200 — train start (lr=0.00424591, batches=15)
2026-08-26 19:45:00 INFO  scripts.synthetic_model_comparison.training.training_pipeline | epoch 112/200 — train done in 12.0s | avg loss_box=0.9172 loss_cls=0.7271 loss_dfl=0.0237 loss_total=102.7394
2026-08-26 19:45:00 INFO  scripts.synthetic_model_comparison.training.evaluation | evaluating on 4 batches
2026-08-26 19:45:07 INFO  scripts.synthetic_model_comparison.training.training_pipeline | epoch 112/200 — val mAP50=0.7324 mAP50_95=0.4965 (selection mAP50_95=0.4965)
2026-08-26 19:45:08 INFO  scripts.synthetic_model_comparison.training.evaluation | mlflow: logged val/mAP50=0.7324 val/mAP50_95=0.4965 (step=111)
2026-08-26 19:45:08 INFO  scripts.synthetic_model_comparison.training.evaluation | mlflow: logged val per-class AP table (12 classes)
2026-08-26 19:45:08 INFO  scripts.synthetic_model_comparison.training.training_pipeline | saved checkpoint: /home/debian/Master-Thesis/scripts/synthetic_model_comparison/training/model_exports/yolo26n-gpt-image-2-medium-full-seed44-20260826-190757/last.pt
2026-08-26 19:45:09 INFO  scripts.synthetic_model_comparison.training.training_pipeline | epoch 112/200 done — next lr=0.00416728, epochs_since_improve=2/20
2026-08-26 19:45:09 INFO  scripts.synthetic_model_comparison.training.training_pipeline | epoch 113/200 — train start (lr=0.00416728, batches=15)
2026-08-26 19:45:21 INFO  scripts.synthetic_model_comparison.training.training_pipeline | epoch 113/200 — train done in 12.0s | avg loss_box=0.9102 loss_cls=0.7383 loss_dfl=0.0241 loss_total=103.3259
2026-08-26 19:45:21 INFO  scripts.synthetic_model_comparison.training.evaluation | evaluating on 4 batches
2026-08-26 19:45:26 INFO  scripts.synthetic_model_comparison.training.training_pipeline | epoch 113/200 — val mAP50=0.7720 mAP50_95=0.5332 (selection mAP50_95=0.5332)
2026-08-26 19:45:27 INFO  scripts.synthetic_model_comparison.training.evaluation | mlflow: logged val/mAP50=0.7720 val/mAP50_95=0.5332 (step=112)
2026-08-26 19:45:27 INFO  scripts.synthetic_model_comparison.training.evaluation | mlflow: logged val per-class AP table (12 classes)
2026-08-26 19:45:28 INFO  scripts.synthetic_model_comparison.training.training_pipeline | saved checkpoint: /home/debian/Master-Thesis/scripts/synthetic_model_comparison/training/model_exports/yolo26n-gpt-image-2-medium-full-seed44-20260826-190757/last.pt
2026-08-26 19:45:28 INFO  scripts.synthetic_model_comparison.training.training_pipeline | epoch 113/200 done — next lr=0.00408886, epochs_since_improve=3/20
2026-08-26 19:45:28 INFO  scripts.synthetic_model_comparison.training.training_pipeline | epoch 114/200 — train start (lr=0.00408886, batches=15)
2026-08-26 19:45:37 INFO  scripts.synthetic_model_comparison.training.training_pipeline | step 1700 | loss_box=1.0018 loss_cls=0.6865 loss_dfl=0.0268 loss_total=106.2815 lr=0.00405756
2026-08-26 19:45:42 INFO  scripts.synthetic_model_comparison.training.training_pipeline | epoch 114/200 — train done in 13.6s | avg loss_box=0.8952 loss_cls=0.7082 loss_dfl=0.0232 loss_total=101.1814
2026-08-26 19:45:42 INFO  scripts.synthetic_model_comparison.training.evaluation | evaluating on 4 batches
2026-08-26 19:45:48 INFO  scripts.synthetic_model_comparison.training.training_pipeline | epoch 114/200 — val mAP50=0.7725 mAP50_95=0.5282 (selection mAP50_95=0.5282)
2026-08-26 19:45:49 INFO  scripts.synthetic_model_comparison.training.evaluation | mlflow: logged val/mAP50=0.7725 val/mAP50_95=0.5282 (step=113)
2026-08-26 19:45:49 INFO  scripts.synthetic_model_comparison.training.evaluation | mlflow: logged val per-class AP table (12 classes)
2026-08-26 19:45:50 INFO  scripts.synthetic_model_comparison.training.training_pipeline | saved checkpoint: /home/debian/Master-Thesis/scripts/synthetic_model_comparison/training/model_exports/yolo26n-gpt-image-2-medium-full-seed44-20260826-190757/last.pt
2026-08-26 19:45:50 INFO  scripts.synthetic_model_comparison.training.training_pipeline | epoch 114/200 done — next lr=0.00401067, epochs_since_improve=4/20
2026-08-26 19:45:50 INFO  scripts.synthetic_model_comparison.training.training_pipeline | epoch 115/200 — train start (lr=0.00401067, batches=15)
2026-08-26 19:46:03 INFO  scripts.synthetic_model_comparison.training.training_pipeline | epoch 115/200 — train done in 13.0s | avg loss_box=0.9037 loss_cls=0.7063 loss_dfl=0.0233 loss_total=101.3632
2026-08-26 19:46:03 INFO  scripts.synthetic_model_comparison.training.evaluation | evaluating on 4 batches
2026-08-26 19:46:11 INFO  scripts.synthetic_model_comparison.training.training_pipeline | epoch 115/200 — val mAP50=0.7695 mAP50_95=0.5256 (selection mAP50_95=0.5256)
2026-08-26 19:46:12 INFO  scripts.synthetic_model_comparison.training.evaluation | mlflow: logged val/mAP50=0.7695 val/mAP50_95=0.5256 (step=114)
2026-08-26 19:46:12 INFO  scripts.synthetic_model_comparison.training.evaluation | mlflow: logged val per-class AP table (12 classes)
2026-08-26 19:46:12 INFO  scripts.synthetic_model_comparison.training.training_pipeline | saved checkpoint: /home/debian/Master-Thesis/scripts/synthetic_model_comparison/training/model_exports/yolo26n-gpt-image-2-medium-full-seed44-20260826-190757/last.pt
2026-08-26 19:46:12 INFO  scripts.synthetic_model_comparison.training.training_pipeline | epoch 115/200 done — next lr=0.00393274, epochs_since_improve=5/20
2026-08-26 19:46:12 INFO  scripts.synthetic_model_comparison.training.training_pipeline | epoch 116/200 — train start (lr=0.00393274, batches=15)
2026-08-26 19:46:24 INFO  scripts.synthetic_model_comparison.training.training_pipeline | epoch 116/200 — train done in 12.0s | avg loss_box=0.8809 loss_cls=0.6713 loss_dfl=0.0233 loss_total=98.4084
2026-08-26 19:46:24 INFO  scripts.synthetic_model_comparison.training.evaluation | evaluating on 4 batches
2026-08-26 19:46:30 INFO  scripts.synthetic_model_comparison.training.training_pipeline | epoch 116/200 — val mAP50=0.7567 mAP50_95=0.5232 (selection mAP50_95=0.5232)
2026-08-26 19:46:31 INFO  scripts.synthetic_model_comparison.training.evaluation | mlflow: logged val/mAP50=0.7567 val/mAP50_95=0.5232 (step=115)
2026-08-26 19:46:31 INFO  scripts.synthetic_model_comparison.training.evaluation | mlflow: logged val per-class AP table (12 classes)
2026-08-26 19:46:32 INFO  scripts.synthetic_model_comparison.training.training_pipeline | saved checkpoint: /home/debian/Master-Thesis/scripts/synthetic_model_comparison/training/model_exports/yolo26n-gpt-image-2-medium-full-seed44-20260826-190757/last.pt
2026-08-26 19:46:32 INFO  scripts.synthetic_model_comparison.training.training_pipeline | epoch 116/200 done — next lr=0.00385508, epochs_since_improve=6/20
2026-08-26 19:46:32 INFO  scripts.synthetic_model_comparison.training.training_pipeline | epoch 117/200 — train start (lr=0.00385508, batches=15)
2026-08-26 19:46:43 INFO  scripts.synthetic_model_comparison.training.training_pipeline | step 1750 | loss_box=0.8554 loss_cls=0.6391 loss_dfl=0.0244 loss_total=94.9184 lr=0.00379832
2026-08-26 19:46:46 INFO  scripts.synthetic_model_comparison.training.training_pipeline | epoch 117/200 — train done in 14.3s | avg loss_box=0.8712 loss_cls=0.6473 loss_dfl=0.0225 loss_total=96.8573
2026-08-26 19:46:46 INFO  scripts.synthetic_model_comparison.training.evaluation | evaluating on 4 batches
2026-08-26 19:46:52 INFO  scripts.synthetic_model_comparison.training.training_pipeline | epoch 117/200 — val mAP50=0.8071 mAP50_95=0.5523 (selection mAP50_95=0.5523)
2026-08-26 19:46:53 INFO  scripts.synthetic_model_comparison.training.evaluation | mlflow: logged val/mAP50=0.8071 val/mAP50_95=0.5523 (step=116)
2026-08-26 19:46:53 INFO  scripts.synthetic_model_comparison.training.evaluation | mlflow: logged val per-class AP table (12 classes)
2026-08-26 19:46:53 INFO  scripts.synthetic_model_comparison.training.training_pipeline | saved checkpoint: /home/debian/Master-Thesis/scripts/synthetic_model_comparison/training/model_exports/yolo26n-gpt-image-2-medium-full-seed44-20260826-190757/best.pt
2026-08-26 19:46:53 INFO  scripts.synthetic_model_comparison.training.training_pipeline | new best mAP50_95=0.5523 at epoch 117
2026-08-26 19:46:53 INFO  scripts.synthetic_model_comparison.training.training_pipeline | saved checkpoint: /home/debian/Master-Thesis/scripts/synthetic_model_comparison/training/model_exports/yolo26n-gpt-image-2-medium-full-seed44-20260826-190757/last.pt
2026-08-26 19:46:54 INFO  scripts.synthetic_model_comparison.training.training_pipeline | epoch 117/200 done — next lr=0.00377772, epochs_since_improve=0/20
2026-08-26 19:46:54 INFO  scripts.synthetic_model_comparison.training.training_pipeline | epoch 118/200 — train start (lr=0.00377772, batches=15)
2026-08-26 19:47:06 INFO  scripts.synthetic_model_comparison.training.training_pipeline | epoch 118/200 — train done in 12.2s | avg loss_box=0.8633 loss_cls=0.6774 loss_dfl=0.0227 loss_total=97.5002
2026-08-26 19:47:06 INFO  scripts.synthetic_model_comparison.training.evaluation | evaluating on 4 batches
2026-08-26 19:47:12 INFO  scripts.synthetic_model_comparison.training.training_pipeline | epoch 118/200 — val mAP50=0.7946 mAP50_95=0.5537 (selection mAP50_95=0.5537)
2026-08-26 19:47:12 INFO  scripts.synthetic_model_comparison.training.evaluation | mlflow: logged val/mAP50=0.7946 val/mAP50_95=0.5537 (step=117)
2026-08-26 19:47:13 INFO  scripts.synthetic_model_comparison.training.evaluation | mlflow: logged val per-class AP table (12 classes)
2026-08-26 19:47:13 INFO  scripts.synthetic_model_comparison.training.training_pipeline | saved checkpoint: /home/debian/Master-Thesis/scripts/synthetic_model_comparison/training/model_exports/yolo26n-gpt-image-2-medium-full-seed44-20260826-190757/best.pt
2026-08-26 19:47:13 INFO  scripts.synthetic_model_comparison.training.training_pipeline | new best mAP50_95=0.5537 at epoch 118
2026-08-26 19:47:13 INFO  scripts.synthetic_model_comparison.training.training_pipeline | saved checkpoint: /home/debian/Master-Thesis/scripts/synthetic_model_comparison/training/model_exports/yolo26n-gpt-image-2-medium-full-seed44-20260826-190757/last.pt
2026-08-26 19:47:13 INFO  scripts.synthetic_model_comparison.training.training_pipeline | epoch 118/200 done — next lr=0.00370066, epochs_since_improve=0/20
2026-08-26 19:47:13 INFO  scripts.synthetic_model_comparison.training.training_pipeline | epoch 119/200 — train start (lr=0.00370066, batches=15)
2026-08-26 19:47:25 INFO  scripts.synthetic_model_comparison.training.training_pipeline | epoch 119/200 — train done in 12.1s | avg loss_box=0.8762 loss_cls=0.7061 loss_dfl=0.0224 loss_total=99.4520
2026-08-26 19:47:25 INFO  scripts.synthetic_model_comparison.training.evaluation | evaluating on 4 batches
2026-08-26 19:47:31 INFO  scripts.synthetic_model_comparison.training.training_pipeline | epoch 119/200 — val mAP50=0.7881 mAP50_95=0.5308 (selection mAP50_95=0.5308)
2026-08-26 19:47:32 INFO  scripts.synthetic_model_comparison.training.evaluation | mlflow: logged val/mAP50=0.7881 val/mAP50_95=0.5308 (step=118)
2026-08-26 19:47:32 INFO  scripts.synthetic_model_comparison.training.evaluation | mlflow: logged val per-class AP table (12 classes)
2026-08-26 19:47:32 INFO  scripts.synthetic_model_comparison.training.training_pipeline | saved checkpoint: /home/debian/Master-Thesis/scripts/synthetic_model_comparison/training/model_exports/yolo26n-gpt-image-2-medium-full-seed44-20260826-190757/last.pt
2026-08-26 19:47:33 INFO  scripts.synthetic_model_comparison.training.training_pipeline | epoch 119/200 done — next lr=0.00362394, epochs_since_improve=1/20
2026-08-26 19:47:33 INFO  scripts.synthetic_model_comparison.training.training_pipeline | epoch 120/200 — train start (lr=0.00362394, batches=15)
2026-08-26 19:47:44 INFO  scripts.synthetic_model_comparison.training.training_pipeline | epoch 120/200 — train done in 11.6s | avg loss_box=0.8413 loss_cls=0.6755 loss_dfl=0.0221 loss_total=95.8965
2026-08-26 19:47:44 INFO  scripts.synthetic_model_comparison.training.evaluation | evaluating on 4 batches
2026-08-26 19:47:50 INFO  scripts.synthetic_model_comparison.training.training_pipeline | epoch 120/200 — val mAP50=0.7541 mAP50_95=0.5266 (selection mAP50_95=0.5266)
2026-08-26 19:47:51 INFO  scripts.synthetic_model_comparison.training.evaluation | mlflow: logged val/mAP50=0.7541 val/mAP50_95=0.5266 (step=119)
2026-08-26 19:47:51 INFO  scripts.synthetic_model_comparison.training.evaluation | mlflow: logged val per-class AP table (12 classes)
2026-08-26 19:47:51 INFO  scripts.synthetic_model_comparison.training.training_pipeline | saved checkpoint: /home/debian/Master-Thesis/scripts/synthetic_model_comparison/training/model_exports/yolo26n-gpt-image-2-medium-full-seed44-20260826-190757/last.pt
2026-08-26 19:47:52 INFO  scripts.synthetic_model_comparison.training.training_pipeline | epoch 120/200 done — next lr=0.00354757, epochs_since_improve=2/20
2026-08-26 19:47:52 INFO  scripts.synthetic_model_comparison.training.training_pipeline | epoch 121/200 — train start (lr=0.00354757, batches=15)
2026-08-26 19:47:58 INFO  scripts.synthetic_model_comparison.training.training_pipeline | step 1800 | loss_box=0.7753 loss_cls=0.7663 loss_dfl=0.0189 loss_total=96.7810 lr=0.00354249
2026-08-26 19:48:05 INFO  scripts.synthetic_model_comparison.training.training_pipeline | epoch 121/200 — train done in 13.2s | avg loss_box=0.8622 loss_cls=0.6594 loss_dfl=0.0227 loss_total=96.2341
2026-08-26 19:48:05 INFO  scripts.synthetic_model_comparison.training.evaluation | evaluating on 4 batches
2026-08-26 19:48:11 INFO  scripts.synthetic_model_comparison.training.training_pipeline | epoch 121/200 — val mAP50=0.8214 mAP50_95=0.5590 (selection mAP50_95=0.5590)
2026-08-26 19:48:11 INFO  scripts.synthetic_model_comparison.training.evaluation | mlflow: logged val/mAP50=0.8214 val/mAP50_95=0.5590 (step=120)
2026-08-26 19:48:12 INFO  scripts.synthetic_model_comparison.training.evaluation | mlflow: logged val per-class AP table (12 classes)
2026-08-26 19:48:12 INFO  scripts.synthetic_model_comparison.training.training_pipeline | saved checkpoint: /home/debian/Master-Thesis/scripts/synthetic_model_comparison/training/model_exports/yolo26n-gpt-image-2-medium-full-seed44-20260826-190757/best.pt
2026-08-26 19:48:12 INFO  scripts.synthetic_model_comparison.training.training_pipeline | new best mAP50_95=0.5590 at epoch 121
2026-08-26 19:48:12 INFO  scripts.synthetic_model_comparison.training.training_pipeline | saved checkpoint: /home/debian/Master-Thesis/scripts/synthetic_model_comparison/training/model_exports/yolo26n-gpt-image-2-medium-full-seed44-20260826-190757/last.pt
2026-08-26 19:48:12 INFO  scripts.synthetic_model_comparison.training.training_pipeline | epoch 121/200 done — next lr=0.00347156, epochs_since_improve=0/20
2026-08-26 19:48:12 INFO  scripts.synthetic_model_comparison.training.training_pipeline | epoch 122/200 — train start (lr=0.00347156, batches=15)
2026-08-26 19:48:24 INFO  scripts.synthetic_model_comparison.training.training_pipeline | epoch 122/200 — train done in 12.0s | avg loss_box=0.8626 loss_cls=0.6490 loss_dfl=0.0219 loss_total=96.3021
2026-08-26 19:48:24 INFO  scripts.synthetic_model_comparison.training.evaluation | evaluating on 4 batches
2026-08-26 19:48:30 INFO  scripts.synthetic_model_comparison.training.training_pipeline | epoch 122/200 — val mAP50=0.7967 mAP50_95=0.5428 (selection mAP50_95=0.5428)
2026-08-26 19:48:31 INFO  scripts.synthetic_model_comparison.training.evaluation | mlflow: logged val/mAP50=0.7967 val/mAP50_95=0.5428 (step=121)
2026-08-26 19:48:31 INFO  scripts.synthetic_model_comparison.training.evaluation | mlflow: logged val per-class AP table (12 classes)
2026-08-26 19:48:31 INFO  scripts.synthetic_model_comparison.training.training_pipeline | saved checkpoint: /home/debian/Master-Thesis/scripts/synthetic_model_comparison/training/model_exports/yolo26n-gpt-image-2-medium-full-seed44-20260826-190757/last.pt
2026-08-26 19:48:32 INFO  scripts.synthetic_model_comparison.training.training_pipeline | epoch 122/200 done — next lr=0.00339595, epochs_since_improve=1/20
2026-08-26 19:48:32 INFO  scripts.synthetic_model_comparison.training.training_pipeline | epoch 123/200 — train start (lr=0.00339595, batches=15)
2026-08-26 19:48:43 INFO  scripts.synthetic_model_comparison.training.training_pipeline | epoch 123/200 — train done in 11.8s | avg loss_box=0.8492 loss_cls=0.6331 loss_dfl=0.0216 loss_total=94.6638
2026-08-26 19:48:43 INFO  scripts.synthetic_model_comparison.training.evaluation | evaluating on 4 batches
2026-08-26 19:48:49 INFO  scripts.synthetic_model_comparison.training.training_pipeline | epoch 123/200 — val mAP50=0.6751 mAP50_95=0.4554 (selection mAP50_95=0.4554)
2026-08-26 19:48:50 INFO  scripts.synthetic_model_comparison.training.evaluation | mlflow: logged val/mAP50=0.6751 val/mAP50_95=0.4554 (step=122)
2026-08-26 19:48:50 INFO  scripts.synthetic_model_comparison.training.evaluation | mlflow: logged val per-class AP table (12 classes)
2026-08-26 19:48:50 INFO  scripts.synthetic_model_comparison.training.training_pipeline | saved checkpoint: /home/debian/Master-Thesis/scripts/synthetic_model_comparison/training/model_exports/yolo26n-gpt-image-2-medium-full-seed44-20260826-190757/last.pt
2026-08-26 19:48:51 INFO  scripts.synthetic_model_comparison.training.training_pipeline | epoch 123/200 done — next lr=0.00332075, epochs_since_improve=2/20
2026-08-26 19:48:51 INFO  scripts.synthetic_model_comparison.training.training_pipeline | epoch 124/200 — train start (lr=0.00332075, batches=15)
2026-08-26 19:48:59 INFO  scripts.synthetic_model_comparison.training.training_pipeline | step 1850 | loss_box=0.8422 loss_cls=0.5954 loss_dfl=0.0202 loss_total=93.4995 lr=0.00329079
2026-08-26 19:49:04 INFO  scripts.synthetic_model_comparison.training.training_pipeline | epoch 124/200 — train done in 13.9s | avg loss_box=0.8239 loss_cls=0.6094 loss_dfl=0.0207 loss_total=91.4653
2026-08-26 19:49:05 INFO  scripts.synthetic_model_comparison.training.evaluation | evaluating on 4 batches
2026-08-26 19:49:10 INFO  scripts.synthetic_model_comparison.training.training_pipeline | epoch 124/200 — val mAP50=0.7952 mAP50_95=0.5491 (selection mAP50_95=0.5491)
2026-08-26 19:49:11 INFO  scripts.synthetic_model_comparison.training.evaluation | mlflow: logged val/mAP50=0.7952 val/mAP50_95=0.5491 (step=123)
2026-08-26 19:49:11 INFO  scripts.synthetic_model_comparison.training.evaluation | mlflow: logged val per-class AP table (12 classes)
2026-08-26 19:49:11 INFO  scripts.synthetic_model_comparison.training.training_pipeline | saved checkpoint: /home/debian/Master-Thesis/scripts/synthetic_model_comparison/training/model_exports/yolo26n-gpt-image-2-medium-full-seed44-20260826-190757/last.pt
2026-08-26 19:49:12 INFO  scripts.synthetic_model_comparison.training.training_pipeline | epoch 124/200 done — next lr=0.00324598, epochs_since_improve=3/20
2026-08-26 19:49:12 INFO  scripts.synthetic_model_comparison.training.training_pipeline | epoch 125/200 — train start (lr=0.00324598, batches=15)
2026-08-26 19:49:23 INFO  scripts.synthetic_model_comparison.training.training_pipeline | epoch 125/200 — train done in 11.4s | avg loss_box=0.8409 loss_cls=0.5999 loss_dfl=0.0216 loss_total=92.0423
2026-08-26 19:49:23 INFO  scripts.synthetic_model_comparison.training.evaluation | evaluating on 4 batches
2026-08-26 19:49:29 INFO  scripts.synthetic_model_comparison.training.training_pipeline | epoch 125/200 — val mAP50=0.7672 mAP50_95=0.5350 (selection mAP50_95=0.5350)
2026-08-26 19:49:29 INFO  scripts.synthetic_model_comparison.training.evaluation | mlflow: logged val/mAP50=0.7672 val/mAP50_95=0.5350 (step=124)
2026-08-26 19:49:30 INFO  scripts.synthetic_model_comparison.training.evaluation | mlflow: logged val per-class AP table (12 classes)
2026-08-26 19:49:30 INFO  scripts.synthetic_model_comparison.training.training_pipeline | saved checkpoint: /home/debian/Master-Thesis/scripts/synthetic_model_comparison/training/model_exports/yolo26n-gpt-image-2-medium-full-seed44-20260826-190757/last.pt
2026-08-26 19:49:30 INFO  scripts.synthetic_model_comparison.training.training_pipeline | epoch 125/200 done — next lr=0.00317165, epochs_since_improve=4/20
2026-08-26 19:49:30 INFO  scripts.synthetic_model_comparison.training.training_pipeline | epoch 126/200 — train start (lr=0.00317165, batches=15)
2026-08-26 19:49:42 INFO  scripts.synthetic_model_comparison.training.training_pipeline | epoch 126/200 — train done in 11.8s | avg loss_box=0.8262 loss_cls=0.6262 loss_dfl=0.0215 loss_total=92.4426
2026-08-26 19:49:42 INFO  scripts.synthetic_model_comparison.training.evaluation | evaluating on 4 batches
2026-08-26 19:49:48 INFO  scripts.synthetic_model_comparison.training.training_pipeline | epoch 126/200 — val mAP50=0.7792 mAP50_95=0.5491 (selection mAP50_95=0.5491)
2026-08-26 19:49:49 INFO  scripts.synthetic_model_comparison.training.evaluation | mlflow: logged val/mAP50=0.7792 val/mAP50_95=0.5491 (step=125)
2026-08-26 19:49:49 INFO  scripts.synthetic_model_comparison.training.evaluation | mlflow: logged val per-class AP table (12 classes)
2026-08-26 19:49:49 INFO  scripts.synthetic_model_comparison.training.training_pipeline | saved checkpoint: /home/debian/Master-Thesis/scripts/synthetic_model_comparison/training/model_exports/yolo26n-gpt-image-2-medium-full-seed44-20260826-190757/last.pt
2026-08-26 19:49:49 INFO  scripts.synthetic_model_comparison.training.training_pipeline | epoch 126/200 done — next lr=0.00309779, epochs_since_improve=5/20
2026-08-26 19:49:49 INFO  scripts.synthetic_model_comparison.training.training_pipeline | epoch 127/200 — train start (lr=0.00309779, batches=15)
2026-08-26 19:50:01 INFO  scripts.synthetic_model_comparison.training.training_pipeline | step 1900 | loss_box=0.8061 loss_cls=0.6478 loss_dfl=0.0217 loss_total=93.6337 lr=0.00304393
2026-08-26 19:50:04 INFO  scripts.synthetic_model_comparison.training.training_pipeline | epoch 127/200 — train done in 14.6s | avg loss_box=0.8640 loss_cls=0.5891 loss_dfl=0.0224 loss_total=93.0525
2026-08-26 19:50:04 INFO  scripts.synthetic_model_comparison.training.evaluation | evaluating on 4 batches
2026-08-26 19:50:10 INFO  scripts.synthetic_model_comparison.training.training_pipeline | epoch 127/200 — val mAP50=0.8016 mAP50_95=0.5621 (selection mAP50_95=0.5621)
2026-08-26 19:50:11 INFO  scripts.synthetic_model_comparison.training.evaluation | mlflow: logged val/mAP50=0.8016 val/mAP50_95=0.5621 (step=126)
2026-08-26 19:50:11 INFO  scripts.synthetic_model_comparison.training.evaluation | mlflow: logged val per-class AP table (12 classes)
2026-08-26 19:50:11 INFO  scripts.synthetic_model_comparison.training.training_pipeline | saved checkpoint: /home/debian/Master-Thesis/scripts/synthetic_model_comparison/training/model_exports/yolo26n-gpt-image-2-medium-full-seed44-20260826-190757/best.pt
2026-08-26 19:50:11 INFO  scripts.synthetic_model_comparison.training.training_pipeline | new best mAP50_95=0.5621 at epoch 127
2026-08-26 19:50:11 INFO  scripts.synthetic_model_comparison.training.training_pipeline | saved checkpoint: /home/debian/Master-Thesis/scripts/synthetic_model_comparison/training/model_exports/yolo26n-gpt-image-2-medium-full-seed44-20260826-190757/last.pt
2026-08-26 19:50:12 INFO  scripts.synthetic_model_comparison.training.training_pipeline | epoch 127/200 done — next lr=0.00302441, epochs_since_improve=0/20
2026-08-26 19:50:12 INFO  scripts.synthetic_model_comparison.training.training_pipeline | epoch 128/200 — train start (lr=0.00302441, batches=15)
2026-08-26 19:50:24 INFO  scripts.synthetic_model_comparison.training.training_pipeline | epoch 128/200 — train done in 11.9s | avg loss_box=0.8269 loss_cls=0.6226 loss_dfl=0.0216 loss_total=92.4263
2026-08-26 19:50:24 INFO  scripts.synthetic_model_comparison.training.evaluation | evaluating on 4 batches
2026-08-26 19:50:29 INFO  scripts.synthetic_model_comparison.training.training_pipeline | epoch 128/200 — val mAP50=0.7857 mAP50_95=0.5399 (selection mAP50_95=0.5399)
2026-08-26 19:50:30 INFO  scripts.synthetic_model_comparison.training.evaluation | mlflow: logged val/mAP50=0.7857 val/mAP50_95=0.5399 (step=127)
2026-08-26 19:50:30 INFO  scripts.synthetic_model_comparison.training.evaluation | mlflow: logged val per-class AP table (12 classes)
2026-08-26 19:50:31 INFO  scripts.synthetic_model_comparison.training.training_pipeline | saved checkpoint: /home/debian/Master-Thesis/scripts/synthetic_model_comparison/training/model_exports/yolo26n-gpt-image-2-medium-full-seed44-20260826-190757/last.pt
2026-08-26 19:50:31 INFO  scripts.synthetic_model_comparison.training.training_pipeline | epoch 128/200 done — next lr=0.00295154, epochs_since_improve=1/20
2026-08-26 19:50:31 INFO  scripts.synthetic_model_comparison.training.training_pipeline | epoch 129/200 — train start (lr=0.00295154, batches=15)
2026-08-26 19:50:43 INFO  scripts.synthetic_model_comparison.training.training_pipeline | epoch 129/200 — train done in 11.9s | avg loss_box=0.8076 loss_cls=0.6000 loss_dfl=0.0207 loss_total=89.9331
2026-08-26 19:50:43 INFO  scripts.synthetic_model_comparison.training.evaluation | evaluating on 4 batches
2026-08-26 19:50:49 INFO  scripts.synthetic_model_comparison.training.training_pipeline | epoch 129/200 — val mAP50=0.8185 mAP50_95=0.5762 (selection mAP50_95=0.5762)
2026-08-26 19:50:49 INFO  scripts.synthetic_model_comparison.training.evaluation | mlflow: logged val/mAP50=0.8185 val/mAP50_95=0.5762 (step=128)
2026-08-26 19:50:50 INFO  scripts.synthetic_model_comparison.training.evaluation | mlflow: logged val per-class AP table (12 classes)
2026-08-26 19:50:50 INFO  scripts.synthetic_model_comparison.training.training_pipeline | saved checkpoint: /home/debian/Master-Thesis/scripts/synthetic_model_comparison/training/model_exports/yolo26n-gpt-image-2-medium-full-seed44-20260826-190757/best.pt
2026-08-26 19:50:50 INFO  scripts.synthetic_model_comparison.training.training_pipeline | new best mAP50_95=0.5762 at epoch 129
2026-08-26 19:50:50 INFO  scripts.synthetic_model_comparison.training.training_pipeline | saved checkpoint: /home/debian/Master-Thesis/scripts/synthetic_model_comparison/training/model_exports/yolo26n-gpt-image-2-medium-full-seed44-20260826-190757/last.pt
2026-08-26 19:50:50 INFO  scripts.synthetic_model_comparison.training.training_pipeline | epoch 129/200 done — next lr=0.00287919, epochs_since_improve=0/20
2026-08-26 19:50:50 INFO  scripts.synthetic_model_comparison.training.training_pipeline | epoch 130/200 — train start (lr=0.00287919, batches=15)
2026-08-26 19:51:02 INFO  scripts.synthetic_model_comparison.training.training_pipeline | epoch 130/200 — train done in 11.4s | avg loss_box=0.8095 loss_cls=0.6072 loss_dfl=0.0210 loss_total=90.0610
2026-08-26 19:51:02 INFO  scripts.synthetic_model_comparison.training.evaluation | evaluating on 4 batches
2026-08-26 19:51:07 INFO  scripts.synthetic_model_comparison.training.training_pipeline | epoch 130/200 — val mAP50=0.8187 mAP50_95=0.5714 (selection mAP50_95=0.5714)
2026-08-26 19:51:08 INFO  scripts.synthetic_model_comparison.training.evaluation | mlflow: logged val/mAP50=0.8187 val/mAP50_95=0.5714 (step=129)
2026-08-26 19:51:08 INFO  scripts.synthetic_model_comparison.training.evaluation | mlflow: logged val per-class AP table (12 classes)
2026-08-26 19:51:09 INFO  scripts.synthetic_model_comparison.training.training_pipeline | saved checkpoint: /home/debian/Master-Thesis/scripts/synthetic_model_comparison/training/model_exports/yolo26n-gpt-image-2-medium-full-seed44-20260826-190757/last.pt
2026-08-26 19:51:09 INFO  scripts.synthetic_model_comparison.training.training_pipeline | epoch 130/200 done — next lr=0.00280738, epochs_since_improve=1/20
2026-08-26 19:51:09 INFO  scripts.synthetic_model_comparison.training.training_pipeline | epoch 131/200 — train start (lr=0.00280738, batches=15)
2026-08-26 19:51:14 INFO  scripts.synthetic_model_comparison.training.training_pipeline | step 1950 | loss_box=0.8582 loss_cls=0.6618 loss_dfl=0.0231 loss_total=94.9906 lr=0.00280262
2026-08-26 19:51:22 INFO  scripts.synthetic_model_comparison.training.training_pipeline | epoch 131/200 — train done in 12.7s | avg loss_box=0.7955 loss_cls=0.5906 loss_dfl=0.0203 loss_total=88.2896
2026-08-26 19:51:22 INFO  scripts.synthetic_model_comparison.training.evaluation | evaluating on 4 batches
2026-08-26 19:51:28 INFO  scripts.synthetic_model_comparison.training.training_pipeline | epoch 131/200 — val mAP50=0.7939 mAP50_95=0.5581 (selection mAP50_95=0.5581)
2026-08-26 19:51:28 INFO  scripts.synthetic_model_comparison.training.evaluation | mlflow: logged val/mAP50=0.7939 val/mAP50_95=0.5581 (step=130)
2026-08-26 19:51:29 INFO  scripts.synthetic_model_comparison.training.evaluation | mlflow: logged val per-class AP table (12 classes)
2026-08-26 19:51:29 INFO  scripts.synthetic_model_comparison.training.training_pipeline | saved checkpoint: /home/debian/Master-Thesis/scripts/synthetic_model_comparison/training/model_exports/yolo26n-gpt-image-2-medium-full-seed44-20260826-190757/last.pt
2026-08-26 19:51:29 INFO  scripts.synthetic_model_comparison.training.training_pipeline | epoch 131/200 done — next lr=0.00273613, epochs_since_improve=2/20
2026-08-26 19:51:29 INFO  scripts.synthetic_model_comparison.training.training_pipeline | epoch 132/200 — train start (lr=0.00273613, batches=15)
2026-08-26 19:51:41 INFO  scripts.synthetic_model_comparison.training.training_pipeline | epoch 132/200 — train done in 11.8s | avg loss_box=0.7820 loss_cls=0.5762 loss_dfl=0.0199 loss_total=86.9491
2026-08-26 19:51:41 INFO  scripts.synthetic_model_comparison.training.evaluation | evaluating on 4 batches
2026-08-26 19:51:47 INFO  scripts.synthetic_model_comparison.training.training_pipeline | epoch 132/200 — val mAP50=0.8182 mAP50_95=0.5646 (selection mAP50_95=0.5646)
2026-08-26 19:51:47 INFO  scripts.synthetic_model_comparison.training.evaluation | mlflow: logged val/mAP50=0.8182 val/mAP50_95=0.5646 (step=131)
2026-08-26 19:51:48 INFO  scripts.synthetic_model_comparison.training.evaluation | mlflow: logged val per-class AP table (12 classes)
2026-08-26 19:51:48 INFO  scripts.synthetic_model_comparison.training.training_pipeline | saved checkpoint: /home/debian/Master-Thesis/scripts/synthetic_model_comparison/training/model_exports/yolo26n-gpt-image-2-medium-full-seed44-20260826-190757/last.pt
2026-08-26 19:51:48 INFO  scripts.synthetic_model_comparison.training.training_pipeline | epoch 132/200 done — next lr=0.00266546, epochs_since_improve=3/20
2026-08-26 19:51:48 INFO  scripts.synthetic_model_comparison.training.training_pipeline | epoch 133/200 — train start (lr=0.00266546, batches=15)
2026-08-26 19:52:01 INFO  scripts.synthetic_model_comparison.training.training_pipeline | epoch 133/200 — train done in 12.8s | avg loss_box=0.7861 loss_cls=0.5642 loss_dfl=0.0202 loss_total=86.5829
2026-08-26 19:52:01 INFO  scripts.synthetic_model_comparison.training.evaluation | evaluating on 4 batches
2026-08-26 19:52:07 INFO  scripts.synthetic_model_comparison.training.training_pipeline | epoch 133/200 — val mAP50=0.7969 mAP50_95=0.5448 (selection mAP50_95=0.5448)
2026-08-26 19:52:08 INFO  scripts.synthetic_model_comparison.training.evaluation | mlflow: logged val/mAP50=0.7969 val/mAP50_95=0.5448 (step=132)
2026-08-26 19:52:08 INFO  scripts.synthetic_model_comparison.training.evaluation | mlflow: logged val per-class AP table (12 classes)
2026-08-26 19:52:08 INFO  scripts.synthetic_model_comparison.training.training_pipeline | saved checkpoint: /home/debian/Master-Thesis/scripts/synthetic_model_comparison/training/model_exports/yolo26n-gpt-image-2-medium-full-seed44-20260826-190757/last.pt
2026-08-26 19:52:09 INFO  scripts.synthetic_model_comparison.training.training_pipeline | epoch 133/200 done — next lr=0.00259538, epochs_since_improve=4/20
2026-08-26 19:52:09 INFO  scripts.synthetic_model_comparison.training.training_pipeline | epoch 134/200 — train start (lr=0.00259538, batches=15)
2026-08-26 19:52:17 INFO  scripts.synthetic_model_comparison.training.training_pipeline | step 2000 | loss_box=0.8739 loss_cls=0.5294 loss_dfl=0.0217 loss_total=90.6693 lr=0.00256752
2026-08-26 19:52:22 INFO  scripts.synthetic_model_comparison.training.training_pipeline | epoch 134/200 — train done in 13.4s | avg loss_box=0.7553 loss_cls=0.5702 loss_dfl=0.0200 loss_total=85.1454
2026-08-26 19:52:22 INFO  scripts.synthetic_model_comparison.training.evaluation | evaluating on 4 batches
2026-08-26 19:52:28 INFO  scripts.synthetic_model_comparison.training.training_pipeline | epoch 134/200 — val mAP50=0.8252 mAP50_95=0.5811 (selection mAP50_95=0.5811)
2026-08-26 19:52:28 INFO  scripts.synthetic_model_comparison.training.evaluation | mlflow: logged val/mAP50=0.8252 val/mAP50_95=0.5811 (step=133)
2026-08-26 19:52:29 INFO  scripts.synthetic_model_comparison.training.evaluation | mlflow: logged val per-class AP table (12 classes)
2026-08-26 19:52:29 INFO  scripts.synthetic_model_comparison.training.training_pipeline | saved checkpoint: /home/debian/Master-Thesis/scripts/synthetic_model_comparison/training/model_exports/yolo26n-gpt-image-2-medium-full-seed44-20260826-190757/best.pt
2026-08-26 19:52:29 INFO  scripts.synthetic_model_comparison.training.training_pipeline | new best mAP50_95=0.5811 at epoch 134
2026-08-26 19:52:29 INFO  scripts.synthetic_model_comparison.training.training_pipeline | saved checkpoint: /home/debian/Master-Thesis/scripts/synthetic_model_comparison/training/model_exports/yolo26n-gpt-image-2-medium-full-seed44-20260826-190757/last.pt
2026-08-26 19:52:29 INFO  scripts.synthetic_model_comparison.training.training_pipeline | epoch 134/200 done — next lr=0.00252592, epochs_since_improve=0/20
2026-08-26 19:52:29 INFO  scripts.synthetic_model_comparison.training.training_pipeline | epoch 135/200 — train start (lr=0.00252592, batches=15)
2026-08-26 19:52:42 INFO  scripts.synthetic_model_comparison.training.training_pipeline | epoch 135/200 — train done in 12.4s | avg loss_box=0.7780 loss_cls=0.5582 loss_dfl=0.0199 loss_total=86.0576
2026-08-26 19:52:42 INFO  scripts.synthetic_model_comparison.training.evaluation | evaluating on 4 batches
2026-08-26 19:52:49 INFO  scripts.synthetic_model_comparison.training.training_pipeline | epoch 135/200 — val mAP50=0.8180 mAP50_95=0.5754 (selection mAP50_95=0.5754)
2026-08-26 19:52:50 INFO  scripts.synthetic_model_comparison.training.evaluation | mlflow: logged val/mAP50=0.8180 val/mAP50_95=0.5754 (step=134)
2026-08-26 19:52:50 INFO  scripts.synthetic_model_comparison.training.evaluation | mlflow: logged val per-class AP table (12 classes)
2026-08-26 19:52:50 INFO  scripts.synthetic_model_comparison.training.training_pipeline | saved checkpoint: /home/debian/Master-Thesis/scripts/synthetic_model_comparison/training/model_exports/yolo26n-gpt-image-2-medium-full-seed44-20260826-190757/last.pt
2026-08-26 19:52:51 INFO  scripts.synthetic_model_comparison.training.training_pipeline | epoch 135/200 done — next lr=0.00245708, epochs_since_improve=1/20
2026-08-26 19:52:51 INFO  scripts.synthetic_model_comparison.training.training_pipeline | epoch 136/200 — train start (lr=0.00245708, batches=15)
2026-08-26 19:53:03 INFO  scripts.synthetic_model_comparison.training.training_pipeline | epoch 136/200 — train done in 12.3s | avg loss_box=0.7686 loss_cls=0.5631 loss_dfl=0.0203 loss_total=85.6730
2026-08-26 19:53:03 INFO  scripts.synthetic_model_comparison.training.evaluation | evaluating on 4 batches
2026-08-26 19:53:09 INFO  scripts.synthetic_model_comparison.training.training_pipeline | epoch 136/200 — val mAP50=0.8320 mAP50_95=0.5767 (selection mAP50_95=0.5767)
2026-08-26 19:53:10 INFO  scripts.synthetic_model_comparison.training.evaluation | mlflow: logged val/mAP50=0.8320 val/mAP50_95=0.5767 (step=135)
2026-08-26 19:53:10 INFO  scripts.synthetic_model_comparison.training.evaluation | mlflow: logged val per-class AP table (12 classes)
2026-08-26 19:53:10 INFO  scripts.synthetic_model_comparison.training.training_pipeline | saved checkpoint: /home/debian/Master-Thesis/scripts/synthetic_model_comparison/training/model_exports/yolo26n-gpt-image-2-medium-full-seed44-20260826-190757/last.pt
2026-08-26 19:53:10 INFO  scripts.synthetic_model_comparison.training.training_pipeline | epoch 136/200 done — next lr=0.0023889, epochs_since_improve=2/20
2026-08-26 19:53:10 INFO  scripts.synthetic_model_comparison.training.training_pipeline | epoch 137/200 — train start (lr=0.0023889, batches=15)
2026-08-26 19:53:21 INFO  scripts.synthetic_model_comparison.training.training_pipeline | step 2050 | loss_box=0.7203 loss_cls=0.5302 loss_dfl=0.0184 loss_total=81.0161 lr=0.00233931
2026-08-26 19:53:24 INFO  scripts.synthetic_model_comparison.training.training_pipeline | epoch 137/200 — train done in 13.7s | avg loss_box=0.7692 loss_cls=0.5534 loss_dfl=0.0198 loss_total=85.1238
2026-08-26 19:53:24 INFO  scripts.synthetic_model_comparison.training.evaluation | evaluating on 4 batches
2026-08-26 19:53:30 INFO  scripts.synthetic_model_comparison.training.training_pipeline | epoch 137/200 — val mAP50=0.8399 mAP50_95=0.5817 (selection mAP50_95=0.5817)
2026-08-26 19:53:31 INFO  scripts.synthetic_model_comparison.training.evaluation | mlflow: logged val/mAP50=0.8399 val/mAP50_95=0.5817 (step=136)
2026-08-26 19:53:31 INFO  scripts.synthetic_model_comparison.training.evaluation | mlflow: logged val per-class AP table (12 classes)
2026-08-26 19:53:31 INFO  scripts.synthetic_model_comparison.training.training_pipeline | saved checkpoint: /home/debian/Master-Thesis/scripts/synthetic_model_comparison/training/model_exports/yolo26n-gpt-image-2-medium-full-seed44-20260826-190757/last.pt
2026-08-26 19:53:32 INFO  scripts.synthetic_model_comparison.training.training_pipeline | epoch 137/200 done — next lr=0.00232138, epochs_since_improve=3/20
2026-08-26 19:53:32 INFO  scripts.synthetic_model_comparison.training.training_pipeline | epoch 138/200 — train start (lr=0.00232138, batches=15)
2026-08-26 19:53:44 INFO  scripts.synthetic_model_comparison.training.training_pipeline | epoch 138/200 — train done in 12.1s | avg loss_box=0.7364 loss_cls=0.5500 loss_dfl=0.0185 loss_total=82.7642
2026-08-26 19:53:44 INFO  scripts.synthetic_model_comparison.training.evaluation | evaluating on 4 batches
2026-08-26 19:53:49 INFO  scripts.synthetic_model_comparison.training.training_pipeline | epoch 138/200 — val mAP50=0.8337 mAP50_95=0.5863 (selection mAP50_95=0.5863)
2026-08-26 19:53:50 INFO  scripts.synthetic_model_comparison.training.evaluation | mlflow: logged val/mAP50=0.8337 val/mAP50_95=0.5863 (step=137)
2026-08-26 19:53:51 INFO  scripts.synthetic_model_comparison.training.evaluation | mlflow: logged val per-class AP table (12 classes)
2026-08-26 19:53:51 INFO  scripts.synthetic_model_comparison.training.training_pipeline | saved checkpoint: /home/debian/Master-Thesis/scripts/synthetic_model_comparison/training/model_exports/yolo26n-gpt-image-2-medium-full-seed44-20260826-190757/best.pt
2026-08-26 19:53:51 INFO  scripts.synthetic_model_comparison.training.training_pipeline | new best mAP50_95=0.5863 at epoch 138
2026-08-26 19:53:51 INFO  scripts.synthetic_model_comparison.training.training_pipeline | saved checkpoint: /home/debian/Master-Thesis/scripts/synthetic_model_comparison/training/model_exports/yolo26n-gpt-image-2-medium-full-seed44-20260826-190757/last.pt
2026-08-26 19:53:51 INFO  scripts.synthetic_model_comparison.training.training_pipeline | epoch 138/200 done — next lr=0.00225454, epochs_since_improve=0/20
2026-08-26 19:53:51 INFO  scripts.synthetic_model_comparison.training.training_pipeline | epoch 139/200 — train start (lr=0.00225454, batches=15)
2026-08-26 19:54:03 INFO  scripts.synthetic_model_comparison.training.training_pipeline | epoch 139/200 — train done in 11.7s | avg loss_box=0.7352 loss_cls=0.5657 loss_dfl=0.0192 loss_total=83.4369
2026-08-26 19:54:03 INFO  scripts.synthetic_model_comparison.training.evaluation | evaluating on 4 batches
2026-08-26 19:54:09 INFO  scripts.synthetic_model_comparison.training.training_pipeline | epoch 139/200 — val mAP50=0.8397 mAP50_95=0.5857 (selection mAP50_95=0.5857)
2026-08-26 19:54:10 INFO  scripts.synthetic_model_comparison.training.evaluation | mlflow: logged val/mAP50=0.8397 val/mAP50_95=0.5857 (step=138)
2026-08-26 19:54:10 INFO  scripts.synthetic_model_comparison.training.evaluation | mlflow: logged val per-class AP table (12 classes)
2026-08-26 19:54:10 INFO  scripts.synthetic_model_comparison.training.training_pipeline | saved checkpoint: /home/debian/Master-Thesis/scripts/synthetic_model_comparison/training/model_exports/yolo26n-gpt-image-2-medium-full-seed44-20260826-190757/last.pt
2026-08-26 19:54:10 INFO  scripts.synthetic_model_comparison.training.training_pipeline | epoch 139/200 done — next lr=0.0021884, epochs_since_improve=1/20
2026-08-26 19:54:10 INFO  scripts.synthetic_model_comparison.training.training_pipeline | epoch 140/200 — train start (lr=0.0021884, batches=15)
2026-08-26 19:54:22 INFO  scripts.synthetic_model_comparison.training.training_pipeline | epoch 140/200 — train done in 11.7s | avg loss_box=0.7313 loss_cls=0.5394 loss_dfl=0.0190 loss_total=82.1362
2026-08-26 19:54:22 INFO  scripts.synthetic_model_comparison.training.evaluation | evaluating on 4 batches
2026-08-26 19:54:28 INFO  scripts.synthetic_model_comparison.training.training_pipeline | epoch 140/200 — val mAP50=0.8127 mAP50_95=0.5564 (selection mAP50_95=0.5564)
2026-08-26 19:54:28 INFO  scripts.synthetic_model_comparison.training.evaluation | mlflow: logged val/mAP50=0.8127 val/mAP50_95=0.5564 (step=139)
2026-08-26 19:54:29 INFO  scripts.synthetic_model_comparison.training.evaluation | mlflow: logged val per-class AP table (12 classes)
2026-08-26 19:54:29 INFO  scripts.synthetic_model_comparison.training.training_pipeline | saved checkpoint: /home/debian/Master-Thesis/scripts/synthetic_model_comparison/training/model_exports/yolo26n-gpt-image-2-medium-full-seed44-20260826-190757/last.pt
2026-08-26 19:54:29 INFO  scripts.synthetic_model_comparison.training.training_pipeline | epoch 140/200 done — next lr=0.00212297, epochs_since_improve=2/20
2026-08-26 19:54:29 INFO  scripts.synthetic_model_comparison.training.training_pipeline | epoch 141/200 — train start (lr=0.00212297, batches=15)
2026-08-26 19:54:37 INFO  scripts.synthetic_model_comparison.training.training_pipeline | step 2100 | loss_box=0.8953 loss_cls=0.5915 loss_dfl=0.0208 loss_total=93.3297 lr=0.00211864
2026-08-26 19:54:44 INFO  scripts.synthetic_model_comparison.training.training_pipeline | epoch 141/200 — train done in 14.7s | avg loss_box=0.7679 loss_cls=0.5442 loss_dfl=0.0199 loss_total=84.0997
2026-08-26 19:54:44 INFO  scripts.synthetic_model_comparison.training.evaluation | evaluating on 4 batches
2026-08-26 19:54:50 INFO  scripts.synthetic_model_comparison.training.training_pipeline | epoch 141/200 — val mAP50=0.8264 mAP50_95=0.5751 (selection mAP50_95=0.5751)
2026-08-26 19:54:50 INFO  scripts.synthetic_model_comparison.training.evaluation | mlflow: logged val/mAP50=0.8264 val/mAP50_95=0.5751 (step=140)
2026-08-26 19:54:51 INFO  scripts.synthetic_model_comparison.training.evaluation | mlflow: logged val per-class AP table (12 classes)
2026-08-26 19:54:51 INFO  scripts.synthetic_model_comparison.training.training_pipeline | saved checkpoint: /home/debian/Master-Thesis/scripts/synthetic_model_comparison/training/model_exports/yolo26n-gpt-image-2-medium-full-seed44-20260826-190757/last.pt
2026-08-26 19:54:51 INFO  scripts.synthetic_model_comparison.training.training_pipeline | epoch 141/200 done — next lr=0.00205828, epochs_since_improve=3/20
2026-08-26 19:54:51 INFO  scripts.synthetic_model_comparison.training.training_pipeline | epoch 142/200 — train start (lr=0.00205828, batches=15)
2026-08-26 19:55:02 INFO  scripts.synthetic_model_comparison.training.training_pipeline | epoch 142/200 — train done in 11.3s | avg loss_box=0.7348 loss_cls=0.5366 loss_dfl=0.0184 loss_total=81.9099
2026-08-26 19:55:02 INFO  scripts.synthetic_model_comparison.training.evaluation | evaluating on 4 batches
2026-08-26 19:55:08 INFO  scripts.synthetic_model_comparison.training.training_pipeline | epoch 142/200 — val mAP50=0.8238 mAP50_95=0.5742 (selection mAP50_95=0.5742)
2026-08-26 19:55:09 INFO  scripts.synthetic_model_comparison.training.evaluation | mlflow: logged val/mAP50=0.8238 val/mAP50_95=0.5742 (step=141)
2026-08-26 19:55:09 INFO  scripts.synthetic_model_comparison.training.evaluation | mlflow: logged val per-class AP table (12 classes)
2026-08-26 19:55:09 INFO  scripts.synthetic_model_comparison.training.training_pipeline | saved checkpoint: /home/debian/Master-Thesis/scripts/synthetic_model_comparison/training/model_exports/yolo26n-gpt-image-2-medium-full-seed44-20260826-190757/last.pt
2026-08-26 19:55:10 INFO  scripts.synthetic_model_comparison.training.training_pipeline | epoch 142/200 done — next lr=0.00199434, epochs_since_improve=4/20
2026-08-26 19:55:10 INFO  scripts.synthetic_model_comparison.training.training_pipeline | epoch 143/200 — train start (lr=0.00199434, batches=15)
2026-08-26 19:55:21 INFO  scripts.synthetic_model_comparison.training.training_pipeline | epoch 143/200 — train done in 11.3s | avg loss_box=0.7560 loss_cls=0.5374 loss_dfl=0.0195 loss_total=83.5082
2026-08-26 19:55:21 INFO  scripts.synthetic_model_comparison.training.evaluation | evaluating on 4 batches
2026-08-26 19:55:27 INFO  scripts.synthetic_model_comparison.training.training_pipeline | epoch 143/200 — val mAP50=0.8343 mAP50_95=0.5831 (selection mAP50_95=0.5831)
2026-08-26 19:55:28 INFO  scripts.synthetic_model_comparison.training.evaluation | mlflow: logged val/mAP50=0.8343 val/mAP50_95=0.5831 (step=142)
2026-08-26 19:55:28 INFO  scripts.synthetic_model_comparison.training.evaluation | mlflow: logged val per-class AP table (12 classes)
2026-08-26 19:55:28 INFO  scripts.synthetic_model_comparison.training.training_pipeline | saved checkpoint: /home/debian/Master-Thesis/scripts/synthetic_model_comparison/training/model_exports/yolo26n-gpt-image-2-medium-full-seed44-20260826-190757/last.pt
2026-08-26 19:55:29 INFO  scripts.synthetic_model_comparison.training.training_pipeline | epoch 143/200 done — next lr=0.00193117, epochs_since_improve=5/20
2026-08-26 19:55:29 INFO  scripts.synthetic_model_comparison.training.training_pipeline | epoch 144/200 — train start (lr=0.00193117, batches=15)
2026-08-26 19:55:37 INFO  scripts.synthetic_model_comparison.training.training_pipeline | step 2150 | loss_box=0.7333 loss_cls=0.5191 loss_dfl=0.0189 loss_total=80.9972 lr=0.00190611
2026-08-26 19:55:42 INFO  scripts.synthetic_model_comparison.training.training_pipeline | epoch 144/200 — train done in 13.4s | avg loss_box=0.7191 loss_cls=0.5376 loss_dfl=0.0184 loss_total=80.9444
2026-08-26 19:55:42 INFO  scripts.synthetic_model_comparison.training.evaluation | evaluating on 4 batches
2026-08-26 19:55:48 INFO  scripts.synthetic_model_comparison.training.training_pipeline | epoch 144/200 — val mAP50=0.8310 mAP50_95=0.5815 (selection mAP50_95=0.5815)
2026-08-26 19:55:48 INFO  scripts.synthetic_model_comparison.training.evaluation | mlflow: logged val/mAP50=0.8310 val/mAP50_95=0.5815 (step=143)
2026-08-26 19:55:49 INFO  scripts.synthetic_model_comparison.training.evaluation | mlflow: logged val per-class AP table (12 classes)
2026-08-26 19:55:49 INFO  scripts.synthetic_model_comparison.training.training_pipeline | saved checkpoint: /home/debian/Master-Thesis/scripts/synthetic_model_comparison/training/model_exports/yolo26n-gpt-image-2-medium-full-seed44-20260826-190757/last.pt
2026-08-26 19:55:49 INFO  scripts.synthetic_model_comparison.training.training_pipeline | epoch 144/200 done — next lr=0.00186877, epochs_since_improve=6/20
2026-08-26 19:55:49 INFO  scripts.synthetic_model_comparison.training.training_pipeline | epoch 145/200 — train start (lr=0.00186877, batches=15)
2026-08-26 19:56:00 INFO  scripts.synthetic_model_comparison.training.training_pipeline | epoch 145/200 — train done in 10.9s | avg loss_box=0.7516 loss_cls=0.5308 loss_dfl=0.0193 loss_total=82.4322
2026-08-26 19:56:00 INFO  scripts.synthetic_model_comparison.training.evaluation | evaluating on 4 batches
2026-08-26 19:56:06 INFO  scripts.synthetic_model_comparison.training.training_pipeline | epoch 145/200 — val mAP50=0.8562 mAP50_95=0.5889 (selection mAP50_95=0.5889)
2026-08-26 19:56:07 INFO  scripts.synthetic_model_comparison.training.evaluation | mlflow: logged val/mAP50=0.8562 val/mAP50_95=0.5889 (step=144)
2026-08-26 19:56:07 INFO  scripts.synthetic_model_comparison.training.evaluation | mlflow: logged val per-class AP table (12 classes)
2026-08-26 19:56:07 INFO  scripts.synthetic_model_comparison.training.training_pipeline | saved checkpoint: /home/debian/Master-Thesis/scripts/synthetic_model_comparison/training/model_exports/yolo26n-gpt-image-2-medium-full-seed44-20260826-190757/best.pt
2026-08-26 19:56:07 INFO  scripts.synthetic_model_comparison.training.training_pipeline | new best mAP50_95=0.5889 at epoch 145
2026-08-26 19:56:07 INFO  scripts.synthetic_model_comparison.training.training_pipeline | saved checkpoint: /home/debian/Master-Thesis/scripts/synthetic_model_comparison/training/model_exports/yolo26n-gpt-image-2-medium-full-seed44-20260826-190757/last.pt
2026-08-26 19:56:08 INFO  scripts.synthetic_model_comparison.training.training_pipeline | epoch 145/200 done — next lr=0.00180718, epochs_since_improve=0/20
2026-08-26 19:56:08 INFO  scripts.synthetic_model_comparison.training.training_pipeline | epoch 146/200 — train start (lr=0.00180718, batches=15)
2026-08-26 19:56:20 INFO  scripts.synthetic_model_comparison.training.training_pipeline | epoch 146/200 — train done in 12.4s | avg loss_box=0.7218 loss_cls=0.5000 loss_dfl=0.0181 loss_total=79.1344
2026-08-26 19:56:20 INFO  scripts.synthetic_model_comparison.training.evaluation | evaluating on 4 batches
2026-08-26 19:56:27 INFO  scripts.synthetic_model_comparison.training.training_pipeline | epoch 146/200 — val mAP50=0.8400 mAP50_95=0.5848 (selection mAP50_95=0.5848)
2026-08-26 19:56:28 INFO  scripts.synthetic_model_comparison.training.evaluation | mlflow: logged val/mAP50=0.8400 val/mAP50_95=0.5848 (step=145)
2026-08-26 19:56:28 INFO  scripts.synthetic_model_comparison.training.evaluation | mlflow: logged val per-class AP table (12 classes)
2026-08-26 19:56:28 INFO  scripts.synthetic_model_comparison.training.training_pipeline | saved checkpoint: /home/debian/Master-Thesis/scripts/synthetic_model_comparison/training/model_exports/yolo26n-gpt-image-2-medium-full-seed44-20260826-190757/last.pt
2026-08-26 19:56:29 INFO  scripts.synthetic_model_comparison.training.training_pipeline | epoch 146/200 done — next lr=0.00174639, epochs_since_improve=1/20
2026-08-26 19:56:29 INFO  scripts.synthetic_model_comparison.training.training_pipeline | epoch 147/200 — train start (lr=0.00174639, batches=15)
2026-08-26 19:56:40 INFO  scripts.synthetic_model_comparison.training.training_pipeline | step 2200 | loss_box=0.6404 loss_cls=0.4662 loss_dfl=0.0161 loss_total=71.2056 lr=0.00170234
2026-08-26 19:56:43 INFO  scripts.synthetic_model_comparison.training.training_pipeline | epoch 147/200 — train done in 14.5s | avg loss_box=0.7183 loss_cls=0.5215 loss_dfl=0.0184 loss_total=79.9303
2026-08-26 19:56:43 INFO  scripts.synthetic_model_comparison.training.evaluation | evaluating on 4 batches
2026-08-26 19:56:49 INFO  scripts.synthetic_model_comparison.training.training_pipeline | epoch 147/200 — val mAP50=0.8416 mAP50_95=0.5935 (selection mAP50_95=0.5935)
2026-08-26 19:56:50 INFO  scripts.synthetic_model_comparison.training.evaluation | mlflow: logged val/mAP50=0.8416 val/mAP50_95=0.5935 (step=146)
2026-08-26 19:56:50 INFO  scripts.synthetic_model_comparison.training.evaluation | mlflow: logged val per-class AP table (12 classes)
2026-08-26 19:56:50 INFO  scripts.synthetic_model_comparison.training.training_pipeline | saved checkpoint: /home/debian/Master-Thesis/scripts/synthetic_model_comparison/training/model_exports/yolo26n-gpt-image-2-medium-full-seed44-20260826-190757/best.pt
2026-08-26 19:56:50 INFO  scripts.synthetic_model_comparison.training.training_pipeline | new best mAP50_95=0.5935 at epoch 147
2026-08-26 19:56:50 INFO  scripts.synthetic_model_comparison.training.training_pipeline | saved checkpoint: /home/debian/Master-Thesis/scripts/synthetic_model_comparison/training/model_exports/yolo26n-gpt-image-2-medium-full-seed44-20260826-190757/last.pt
2026-08-26 19:56:51 INFO  scripts.synthetic_model_comparison.training.training_pipeline | epoch 147/200 done — next lr=0.00168644, epochs_since_improve=0/20
2026-08-26 19:56:51 INFO  scripts.synthetic_model_comparison.training.training_pipeline | epoch 148/200 — train start (lr=0.00168644, batches=15)
2026-08-26 19:57:03 INFO  scripts.synthetic_model_comparison.training.training_pipeline | epoch 148/200 — train done in 11.8s | avg loss_box=0.7099 loss_cls=0.4801 loss_dfl=0.0184 loss_total=77.7348
2026-08-26 19:57:03 INFO  scripts.synthetic_model_comparison.training.evaluation | evaluating on 4 batches
2026-08-26 19:57:08 INFO  scripts.synthetic_model_comparison.training.training_pipeline | epoch 148/200 — val mAP50=0.8351 mAP50_95=0.5750 (selection mAP50_95=0.5750)
2026-08-26 19:57:09 INFO  scripts.synthetic_model_comparison.training.evaluation | mlflow: logged val/mAP50=0.8351 val/mAP50_95=0.5750 (step=147)
2026-08-26 19:57:09 INFO  scripts.synthetic_model_comparison.training.evaluation | mlflow: logged val per-class AP table (12 classes)
2026-08-26 19:57:10 INFO  scripts.synthetic_model_comparison.training.training_pipeline | saved checkpoint: /home/debian/Master-Thesis/scripts/synthetic_model_comparison/training/model_exports/yolo26n-gpt-image-2-medium-full-seed44-20260826-190757/last.pt
2026-08-26 19:57:10 INFO  scripts.synthetic_model_comparison.training.training_pipeline | epoch 148/200 done — next lr=0.00162733, epochs_since_improve=1/20
2026-08-26 19:57:10 INFO  scripts.synthetic_model_comparison.training.training_pipeline | epoch 149/200 — train start (lr=0.00162733, batches=15)
2026-08-26 19:57:22 INFO  scripts.synthetic_model_comparison.training.training_pipeline | epoch 149/200 — train done in 11.7s | avg loss_box=0.7109 loss_cls=0.5029 loss_dfl=0.0184 loss_total=78.5164
2026-08-26 19:57:22 INFO  scripts.synthetic_model_comparison.training.evaluation | evaluating on 4 batches
2026-08-26 19:57:27 INFO  scripts.synthetic_model_comparison.training.training_pipeline | epoch 149/200 — val mAP50=0.8239 mAP50_95=0.5871 (selection mAP50_95=0.5871)
2026-08-26 19:57:28 INFO  scripts.synthetic_model_comparison.training.evaluation | mlflow: logged val/mAP50=0.8239 val/mAP50_95=0.5871 (step=148)
2026-08-26 19:57:29 INFO  scripts.synthetic_model_comparison.training.evaluation | mlflow: logged val per-class AP table (12 classes)
2026-08-26 19:57:29 INFO  scripts.synthetic_model_comparison.training.training_pipeline | saved checkpoint: /home/debian/Master-Thesis/scripts/synthetic_model_comparison/training/model_exports/yolo26n-gpt-image-2-medium-full-seed44-20260826-190757/last.pt
2026-08-26 19:57:29 INFO  scripts.synthetic_model_comparison.training.training_pipeline | epoch 149/200 done — next lr=0.00156908, epochs_since_improve=2/20
2026-08-26 19:57:29 INFO  scripts.synthetic_model_comparison.training.training_pipeline | epoch 150/200 — train start (lr=0.00156908, batches=15)
2026-08-26 19:57:42 INFO  scripts.synthetic_model_comparison.training.training_pipeline | epoch 150/200 — train done in 12.7s | avg loss_box=0.6978 loss_cls=0.4953 loss_dfl=0.0177 loss_total=77.3121
2026-08-26 19:57:42 INFO  scripts.synthetic_model_comparison.training.evaluation | evaluating on 4 batches
2026-08-26 19:57:49 INFO  scripts.synthetic_model_comparison.training.training_pipeline | epoch 150/200 — val mAP50=0.8309 mAP50_95=0.5886 (selection mAP50_95=0.5886)
2026-08-26 19:57:50 INFO  scripts.synthetic_model_comparison.training.evaluation | mlflow: logged val/mAP50=0.8309 val/mAP50_95=0.5886 (step=149)
2026-08-26 19:57:50 INFO  scripts.synthetic_model_comparison.training.evaluation | mlflow: logged val per-class AP table (12 classes)
2026-08-26 19:57:51 INFO  scripts.synthetic_model_comparison.training.training_pipeline | saved checkpoint: /home/debian/Master-Thesis/scripts/synthetic_model_comparison/training/model_exports/yolo26n-gpt-image-2-medium-full-seed44-20260826-190757/last.pt
2026-08-26 19:57:51 INFO  scripts.synthetic_model_comparison.training.training_pipeline | epoch 150/200 done — next lr=0.0015117, epochs_since_improve=3/20
2026-08-26 19:57:51 INFO  scripts.synthetic_model_comparison.training.training_pipeline | epoch 151/200 — train start (lr=0.0015117, batches=15)
2026-08-26 19:57:57 INFO  scripts.synthetic_model_comparison.training.training_pipeline | step 2250 | loss_box=0.6930 loss_cls=0.5519 loss_dfl=0.0185 loss_total=80.4938 lr=0.00150791
2026-08-26 19:58:04 INFO  scripts.synthetic_model_comparison.training.training_pipeline | epoch 151/200 — train done in 13.0s | avg loss_box=0.6757 loss_cls=0.5001 loss_dfl=0.0174 loss_total=76.2596
2026-08-26 19:58:04 INFO  scripts.synthetic_model_comparison.training.evaluation | evaluating on 4 batches
2026-08-26 19:58:10 INFO  scripts.synthetic_model_comparison.training.training_pipeline | epoch 151/200 — val mAP50=0.8518 mAP50_95=0.6027 (selection mAP50_95=0.6027)
2026-08-26 19:58:10 INFO  scripts.synthetic_model_comparison.training.evaluation | mlflow: logged val/mAP50=0.8518 val/mAP50_95=0.6027 (step=150)
2026-08-26 19:58:11 INFO  scripts.synthetic_model_comparison.training.evaluation | mlflow: logged val per-class AP table (12 classes)
2026-08-26 19:58:11 INFO  scripts.synthetic_model_comparison.training.training_pipeline | saved checkpoint: /home/debian/Master-Thesis/scripts/synthetic_model_comparison/training/model_exports/yolo26n-gpt-image-2-medium-full-seed44-20260826-190757/best.pt
2026-08-26 19:58:11 INFO  scripts.synthetic_model_comparison.training.training_pipeline | new best mAP50_95=0.6027 at epoch 151
2026-08-26 19:58:11 INFO  scripts.synthetic_model_comparison.training.training_pipeline | saved checkpoint: /home/debian/Master-Thesis/scripts/synthetic_model_comparison/training/model_exports/yolo26n-gpt-image-2-medium-full-seed44-20260826-190757/last.pt
2026-08-26 19:58:11 INFO  scripts.synthetic_model_comparison.training.training_pipeline | epoch 151/200 done — next lr=0.00145521, epochs_since_improve=0/20
2026-08-26 19:58:11 INFO  scripts.synthetic_model_comparison.training.training_pipeline | epoch 152/200 — train start (lr=0.00145521, batches=15)
2026-08-26 19:58:23 INFO  scripts.synthetic_model_comparison.training.training_pipeline | epoch 152/200 — train done in 11.7s | avg loss_box=0.6928 loss_cls=0.4774 loss_dfl=0.0181 loss_total=76.4756
2026-08-26 19:58:23 INFO  scripts.synthetic_model_comparison.training.evaluation | evaluating on 4 batches
2026-08-26 19:58:29 INFO  scripts.synthetic_model_comparison.training.training_pipeline | epoch 152/200 — val mAP50=0.8432 mAP50_95=0.5971 (selection mAP50_95=0.5971)
2026-08-26 19:58:29 INFO  scripts.synthetic_model_comparison.training.evaluation | mlflow: logged val/mAP50=0.8432 val/mAP50_95=0.5971 (step=151)
2026-08-26 19:58:30 INFO  scripts.synthetic_model_comparison.training.evaluation | mlflow: logged val per-class AP table (12 classes)
2026-08-26 19:58:30 INFO  scripts.synthetic_model_comparison.training.training_pipeline | saved checkpoint: /home/debian/Master-Thesis/scripts/synthetic_model_comparison/training/model_exports/yolo26n-gpt-image-2-medium-full-seed44-20260826-190757/last.pt
2026-08-26 19:58:30 INFO  scripts.synthetic_model_comparison.training.training_pipeline | epoch 152/200 done — next lr=0.00139962, epochs_since_improve=1/20
2026-08-26 19:58:30 INFO  scripts.synthetic_model_comparison.training.training_pipeline | epoch 153/200 — train start (lr=0.00139962, batches=15)
2026-08-26 19:58:42 INFO  scripts.synthetic_model_comparison.training.training_pipeline | epoch 153/200 — train done in 11.5s | avg loss_box=0.7003 loss_cls=0.4692 loss_dfl=0.0183 loss_total=76.1095
2026-08-26 19:58:42 INFO  scripts.synthetic_model_comparison.training.evaluation | evaluating on 4 batches
2026-08-26 19:58:48 INFO  scripts.synthetic_model_comparison.training.training_pipeline | epoch 153/200 — val mAP50=0.8649 mAP50_95=0.6082 (selection mAP50_95=0.6082)
2026-08-26 19:58:48 INFO  scripts.synthetic_model_comparison.training.evaluation | mlflow: logged val/mAP50=0.8649 val/mAP50_95=0.6082 (step=152)
2026-08-26 19:58:49 INFO  scripts.synthetic_model_comparison.training.evaluation | mlflow: logged val per-class AP table (12 classes)
2026-08-26 19:58:49 INFO  scripts.synthetic_model_comparison.training.training_pipeline | saved checkpoint: /home/debian/Master-Thesis/scripts/synthetic_model_comparison/training/model_exports/yolo26n-gpt-image-2-medium-full-seed44-20260826-190757/best.pt
2026-08-26 19:58:49 INFO  scripts.synthetic_model_comparison.training.training_pipeline | new best mAP50_95=0.6082 at epoch 153
2026-08-26 19:58:49 INFO  scripts.synthetic_model_comparison.training.training_pipeline | saved checkpoint: /home/debian/Master-Thesis/scripts/synthetic_model_comparison/training/model_exports/yolo26n-gpt-image-2-medium-full-seed44-20260826-190757/last.pt
2026-08-26 19:58:49 INFO  scripts.synthetic_model_comparison.training.training_pipeline | epoch 153/200 done — next lr=0.00134495, epochs_since_improve=0/20
2026-08-26 19:58:49 INFO  scripts.synthetic_model_comparison.training.training_pipeline | epoch 154/200 — train start (lr=0.00134495, batches=15)
2026-08-26 19:58:58 INFO  scripts.synthetic_model_comparison.training.training_pipeline | step 2300 | loss_box=0.6264 loss_cls=0.4123 loss_dfl=0.0172 loss_total=69.5514 lr=0.00132335
2026-08-26 19:59:03 INFO  scripts.synthetic_model_comparison.training.training_pipeline | epoch 154/200 — train done in 13.5s | avg loss_box=0.6743 loss_cls=0.4683 loss_dfl=0.0175 loss_total=74.6362
2026-08-26 19:59:03 INFO  scripts.synthetic_model_comparison.training.evaluation | evaluating on 4 batches
2026-08-26 19:59:09 INFO  scripts.synthetic_model_comparison.training.training_pipeline | epoch 154/200 — val mAP50=0.8482 mAP50_95=0.5965 (selection mAP50_95=0.5965)
2026-08-26 19:59:09 INFO  scripts.synthetic_model_comparison.training.evaluation | mlflow: logged val/mAP50=0.8482 val/mAP50_95=0.5965 (step=153)
2026-08-26 19:59:10 INFO  scripts.synthetic_model_comparison.training.evaluation | mlflow: logged val per-class AP table (12 classes)
2026-08-26 19:59:10 INFO  scripts.synthetic_model_comparison.training.training_pipeline | saved checkpoint: /home/debian/Master-Thesis/scripts/synthetic_model_comparison/training/model_exports/yolo26n-gpt-image-2-medium-full-seed44-20260826-190757/last.pt
2026-08-26 19:59:10 INFO  scripts.synthetic_model_comparison.training.training_pipeline | epoch 154/200 done — next lr=0.00129122, epochs_since_improve=1/20
2026-08-26 19:59:10 INFO  scripts.synthetic_model_comparison.training.training_pipeline | epoch 155/200 — train start (lr=0.00129122, batches=15)
2026-08-26 19:59:22 INFO  scripts.synthetic_model_comparison.training.training_pipeline | epoch 155/200 — train done in 11.9s | avg loss_box=0.6871 loss_cls=0.4535 loss_dfl=0.0177 loss_total=74.6127
2026-08-26 19:59:22 INFO  scripts.synthetic_model_comparison.training.evaluation | evaluating on 4 batches
2026-08-26 19:59:28 INFO  scripts.synthetic_model_comparison.training.training_pipeline | epoch 155/200 — val mAP50=0.8320 mAP50_95=0.5843 (selection mAP50_95=0.5843)
2026-08-26 19:59:28 INFO  scripts.synthetic_model_comparison.training.evaluation | mlflow: logged val/mAP50=0.8320 val/mAP50_95=0.5843 (step=154)
2026-08-26 19:59:29 INFO  scripts.synthetic_model_comparison.training.evaluation | mlflow: logged val per-class AP table (12 classes)
2026-08-26 19:59:29 INFO  scripts.synthetic_model_comparison.training.training_pipeline | saved checkpoint: /home/debian/Master-Thesis/scripts/synthetic_model_comparison/training/model_exports/yolo26n-gpt-image-2-medium-full-seed44-20260826-190757/last.pt
2026-08-26 19:59:29 INFO  scripts.synthetic_model_comparison.training.training_pipeline | epoch 155/200 done — next lr=0.00123842, epochs_since_improve=2/20
2026-08-26 19:59:29 INFO  scripts.synthetic_model_comparison.training.training_pipeline | epoch 156/200 — train start (lr=0.00123842, batches=15)
2026-08-26 19:59:41 INFO  scripts.synthetic_model_comparison.training.training_pipeline | epoch 156/200 — train done in 11.9s | avg loss_box=0.7004 loss_cls=0.4871 loss_dfl=0.0181 loss_total=77.2027
2026-08-26 19:59:41 INFO  scripts.synthetic_model_comparison.training.evaluation | evaluating on 4 batches
2026-08-26 19:59:48 INFO  scripts.synthetic_model_comparison.training.training_pipeline | epoch 156/200 — val mAP50=0.8606 mAP50_95=0.6127 (selection mAP50_95=0.6127)
2026-08-26 19:59:49 INFO  scripts.synthetic_model_comparison.training.evaluation | mlflow: logged val/mAP50=0.8606 val/mAP50_95=0.6127 (step=155)
2026-08-26 19:59:49 INFO  scripts.synthetic_model_comparison.training.evaluation | mlflow: logged val per-class AP table (12 classes)
2026-08-26 19:59:49 INFO  scripts.synthetic_model_comparison.training.training_pipeline | saved checkpoint: /home/debian/Master-Thesis/scripts/synthetic_model_comparison/training/model_exports/yolo26n-gpt-image-2-medium-full-seed44-20260826-190757/best.pt
2026-08-26 19:59:49 INFO  scripts.synthetic_model_comparison.training.training_pipeline | new best mAP50_95=0.6127 at epoch 156
2026-08-26 19:59:49 INFO  scripts.synthetic_model_comparison.training.training_pipeline | saved checkpoint: /home/debian/Master-Thesis/scripts/synthetic_model_comparison/training/model_exports/yolo26n-gpt-image-2-medium-full-seed44-20260826-190757/last.pt
2026-08-26 19:59:50 INFO  scripts.synthetic_model_comparison.training.training_pipeline | epoch 156/200 done — next lr=0.00118658, epochs_since_improve=0/20
2026-08-26 19:59:50 INFO  scripts.synthetic_model_comparison.training.training_pipeline | epoch 157/200 — train start (lr=0.00118658, batches=15)
2026-08-26 20:00:00 INFO  scripts.synthetic_model_comparison.training.training_pipeline | step 2350 | loss_box=0.7108 loss_cls=0.4325 loss_dfl=0.0186 loss_total=74.8488 lr=0.00114919
2026-08-26 20:00:03 INFO  scripts.synthetic_model_comparison.training.training_pipeline | epoch 157/200 — train done in 13.5s | avg loss_box=0.6875 loss_cls=0.4619 loss_dfl=0.0172 loss_total=74.9501
2026-08-26 20:00:03 INFO  scripts.synthetic_model_comparison.training.evaluation | evaluating on 4 batches
2026-08-26 20:00:09 INFO  scripts.synthetic_model_comparison.training.training_pipeline | epoch 157/200 — val mAP50=0.8770 mAP50_95=0.6115 (selection mAP50_95=0.6115)
2026-08-26 20:00:10 INFO  scripts.synthetic_model_comparison.training.evaluation | mlflow: logged val/mAP50=0.8770 val/mAP50_95=0.6115 (step=156)
2026-08-26 20:00:10 INFO  scripts.synthetic_model_comparison.training.evaluation | mlflow: logged val per-class AP table (12 classes)
2026-08-26 20:00:10 INFO  scripts.synthetic_model_comparison.training.training_pipeline | saved checkpoint: /home/debian/Master-Thesis/scripts/synthetic_model_comparison/training/model_exports/yolo26n-gpt-image-2-medium-full-seed44-20260826-190757/last.pt
2026-08-26 20:00:10 INFO  scripts.synthetic_model_comparison.training.training_pipeline | epoch 157/200 done — next lr=0.00113572, epochs_since_improve=1/20
2026-08-26 20:00:10 INFO  scripts.synthetic_model_comparison.training.training_pipeline | epoch 158/200 — train start (lr=0.00113572, batches=15)
2026-08-26 20:00:22 INFO  scripts.synthetic_model_comparison.training.training_pipeline | epoch 158/200 — train done in 11.3s | avg loss_box=0.6617 loss_cls=0.4721 loss_dfl=0.0168 loss_total=73.9015
2026-08-26 20:00:22 INFO  scripts.synthetic_model_comparison.training.evaluation | evaluating on 4 batches
2026-08-26 20:00:28 INFO  scripts.synthetic_model_comparison.training.training_pipeline | epoch 158/200 — val mAP50=0.8769 mAP50_95=0.6212 (selection mAP50_95=0.6212)
2026-08-26 20:00:29 INFO  scripts.synthetic_model_comparison.training.evaluation | mlflow: logged val/mAP50=0.8769 val/mAP50_95=0.6212 (step=157)
2026-08-26 20:00:29 INFO  scripts.synthetic_model_comparison.training.evaluation | mlflow: logged val per-class AP table (12 classes)
2026-08-26 20:00:29 INFO  scripts.synthetic_model_comparison.training.training_pipeline | saved checkpoint: /home/debian/Master-Thesis/scripts/synthetic_model_comparison/training/model_exports/yolo26n-gpt-image-2-medium-full-seed44-20260826-190757/best.pt
2026-08-26 20:00:29 INFO  scripts.synthetic_model_comparison.training.training_pipeline | new best mAP50_95=0.6212 at epoch 158
2026-08-26 20:00:30 INFO  scripts.synthetic_model_comparison.training.training_pipeline | saved checkpoint: /home/debian/Master-Thesis/scripts/synthetic_model_comparison/training/model_exports/yolo26n-gpt-image-2-medium-full-seed44-20260826-190757/last.pt
2026-08-26 20:00:30 INFO  scripts.synthetic_model_comparison.training.training_pipeline | epoch 158/200 done — next lr=0.00108584, epochs_since_improve=0/20
2026-08-26 20:00:30 INFO  scripts.synthetic_model_comparison.training.training_pipeline | epoch 159/200 — train start (lr=0.00108584, batches=15)
2026-08-26 20:00:42 INFO  scripts.synthetic_model_comparison.training.training_pipeline | epoch 159/200 — train done in 12.2s | avg loss_box=0.6652 loss_cls=0.4568 loss_dfl=0.0169 loss_total=73.4265
2026-08-26 20:00:42 INFO  scripts.synthetic_model_comparison.training.evaluation | evaluating on 4 batches
2026-08-26 20:00:48 INFO  scripts.synthetic_model_comparison.training.training_pipeline | epoch 159/200 — val mAP50=0.8618 mAP50_95=0.6088 (selection mAP50_95=0.6088)
2026-08-26 20:00:49 INFO  scripts.synthetic_model_comparison.training.evaluation | mlflow: logged val/mAP50=0.8618 val/mAP50_95=0.6088 (step=158)
2026-08-26 20:00:49 INFO  scripts.synthetic_model_comparison.training.evaluation | mlflow: logged val per-class AP table (12 classes)
2026-08-26 20:00:49 INFO  scripts.synthetic_model_comparison.training.training_pipeline | saved checkpoint: /home/debian/Master-Thesis/scripts/synthetic_model_comparison/training/model_exports/yolo26n-gpt-image-2-medium-full-seed44-20260826-190757/last.pt
2026-08-26 20:00:49 INFO  scripts.synthetic_model_comparison.training.training_pipeline | epoch 159/200 done — next lr=0.00103695, epochs_since_improve=1/20
2026-08-26 20:00:49 INFO  scripts.synthetic_model_comparison.training.training_pipeline | epoch 160/200 — train start (lr=0.00103695, batches=15)
2026-08-26 20:01:01 INFO  scripts.synthetic_model_comparison.training.training_pipeline | epoch 160/200 — train done in 11.5s | avg loss_box=0.6396 loss_cls=0.4400 loss_dfl=0.0160 loss_total=70.7536
2026-08-26 20:01:01 INFO  scripts.synthetic_model_comparison.training.evaluation | evaluating on 4 batches
2026-08-26 20:01:08 INFO  scripts.synthetic_model_comparison.training.training_pipeline | epoch 160/200 — val mAP50=0.8472 mAP50_95=0.6049 (selection mAP50_95=0.6049)
2026-08-26 20:01:08 INFO  scripts.synthetic_model_comparison.training.evaluation | mlflow: logged val/mAP50=0.8472 val/mAP50_95=0.6049 (step=159)
2026-08-26 20:01:09 INFO  scripts.synthetic_model_comparison.training.evaluation | mlflow: logged val per-class AP table (12 classes)
2026-08-26 20:01:09 INFO  scripts.synthetic_model_comparison.training.training_pipeline | saved checkpoint: /home/debian/Master-Thesis/scripts/synthetic_model_comparison/training/model_exports/yolo26n-gpt-image-2-medium-full-seed44-20260826-190757/last.pt
2026-08-26 20:01:09 INFO  scripts.synthetic_model_comparison.training.training_pipeline | epoch 160/200 done — next lr=0.000989077, epochs_since_improve=2/20
2026-08-26 20:01:09 INFO  scripts.synthetic_model_comparison.training.training_pipeline | epoch 161/200 — train start (lr=0.000989077, batches=15)
2026-08-26 20:01:16 INFO  scripts.synthetic_model_comparison.training.training_pipeline | step 2400 | loss_box=0.6398 loss_cls=0.5530 loss_dfl=0.0170 loss_total=76.5780 lr=0.000985921
2026-08-26 20:01:24 INFO  scripts.synthetic_model_comparison.training.training_pipeline | epoch 161/200 — train done in 14.3s | avg loss_box=0.6541 loss_cls=0.4528 loss_dfl=0.0166 loss_total=72.3242
2026-08-26 20:01:24 INFO  scripts.synthetic_model_comparison.training.evaluation | evaluating on 4 batches
2026-08-26 20:01:31 INFO  scripts.synthetic_model_comparison.training.training_pipeline | epoch 161/200 — val mAP50=0.8548 mAP50_95=0.5988 (selection mAP50_95=0.5988)
2026-08-26 20:01:32 INFO  scripts.synthetic_model_comparison.training.evaluation | mlflow: logged val/mAP50=0.8548 val/mAP50_95=0.5988 (step=160)
2026-08-26 20:01:32 INFO  scripts.synthetic_model_comparison.training.evaluation | mlflow: logged val per-class AP table (12 classes)
2026-08-26 20:01:32 INFO  scripts.synthetic_model_comparison.training.training_pipeline | saved checkpoint: /home/debian/Master-Thesis/scripts/synthetic_model_comparison/training/model_exports/yolo26n-gpt-image-2-medium-full-seed44-20260826-190757/last.pt
2026-08-26 20:01:33 INFO  scripts.synthetic_model_comparison.training.training_pipeline | epoch 161/200 done — next lr=0.000942223, epochs_since_improve=3/20
2026-08-26 20:01:33 INFO  scripts.synthetic_model_comparison.training.training_pipeline | epoch 162/200 — train start (lr=0.000942223, batches=15)
2026-08-26 20:01:44 INFO  scripts.synthetic_model_comparison.training.training_pipeline | epoch 162/200 — train done in 11.8s | avg loss_box=0.6509 loss_cls=0.4381 loss_dfl=0.0167 loss_total=71.3870
2026-08-26 20:01:44 INFO  scripts.synthetic_model_comparison.training.evaluation | evaluating on 4 batches
2026-08-26 20:01:50 INFO  scripts.synthetic_model_comparison.training.training_pipeline | epoch 162/200 — val mAP50=0.8465 mAP50_95=0.6018 (selection mAP50_95=0.6018)
2026-08-26 20:01:51 INFO  scripts.synthetic_model_comparison.training.evaluation | mlflow: logged val/mAP50=0.8465 val/mAP50_95=0.6018 (step=161)
2026-08-26 20:01:51 INFO  scripts.synthetic_model_comparison.training.evaluation | mlflow: logged val per-class AP table (12 classes)
2026-08-26 20:01:52 INFO  scripts.synthetic_model_comparison.training.training_pipeline | saved checkpoint: /home/debian/Master-Thesis/scripts/synthetic_model_comparison/training/model_exports/yolo26n-gpt-image-2-medium-full-seed44-20260826-190757/last.pt
2026-08-26 20:01:52 INFO  scripts.synthetic_model_comparison.training.training_pipeline | epoch 162/200 done — next lr=0.000896401, epochs_since_improve=4/20
2026-08-26 20:01:52 INFO  scripts.synthetic_model_comparison.training.training_pipeline | epoch 163/200 — train start (lr=0.000896401, batches=15)
2026-08-26 20:02:03 INFO  scripts.synthetic_model_comparison.training.training_pipeline | epoch 163/200 — train done in 11.3s | avg loss_box=0.6431 loss_cls=0.4325 loss_dfl=0.0163 loss_total=70.5512
2026-08-26 20:02:03 INFO  scripts.synthetic_model_comparison.training.evaluation | evaluating on 4 batches
2026-08-26 20:02:09 INFO  scripts.synthetic_model_comparison.training.training_pipeline | epoch 163/200 — val mAP50=0.8737 mAP50_95=0.6146 (selection mAP50_95=0.6146)
2026-08-26 20:02:10 INFO  scripts.synthetic_model_comparison.training.evaluation | mlflow: logged val/mAP50=0.8737 val/mAP50_95=0.6146 (step=162)
2026-08-26 20:02:10 INFO  scripts.synthetic_model_comparison.training.evaluation | mlflow: logged val per-class AP table (12 classes)
2026-08-26 20:02:10 INFO  scripts.synthetic_model_comparison.training.training_pipeline | saved checkpoint: /home/debian/Master-Thesis/scripts/synthetic_model_comparison/training/model_exports/yolo26n-gpt-image-2-medium-full-seed44-20260826-190757/last.pt
2026-08-26 20:02:11 INFO  scripts.synthetic_model_comparison.training.training_pipeline | epoch 163/200 done — next lr=0.000851625, epochs_since_improve=5/20
2026-08-26 20:02:11 INFO  scripts.synthetic_model_comparison.training.training_pipeline | epoch 164/200 — train start (lr=0.000851625, batches=15)
2026-08-26 20:02:19 INFO  scripts.synthetic_model_comparison.training.training_pipeline | step 2450 | loss_box=0.6992 loss_cls=0.4362 loss_dfl=0.0186 loss_total=73.3292 lr=0.000834009
2026-08-26 20:02:24 INFO  scripts.synthetic_model_comparison.training.training_pipeline | epoch 164/200 — train done in 13.6s | avg loss_box=0.6790 loss_cls=0.4475 loss_dfl=0.0172 loss_total=73.4426
2026-08-26 20:02:24 INFO  scripts.synthetic_model_comparison.training.evaluation | evaluating on 4 batches
2026-08-26 20:02:30 INFO  scripts.synthetic_model_comparison.training.training_pipeline | epoch 164/200 — val mAP50=0.8675 mAP50_95=0.6148 (selection mAP50_95=0.6148)
2026-08-26 20:02:31 INFO  scripts.synthetic_model_comparison.training.evaluation | mlflow: logged val/mAP50=0.8675 val/mAP50_95=0.6148 (step=163)
2026-08-26 20:02:31 INFO  scripts.synthetic_model_comparison.training.evaluation | mlflow: logged val per-class AP table (12 classes)
2026-08-26 20:02:31 INFO  scripts.synthetic_model_comparison.training.training_pipeline | saved checkpoint: /home/debian/Master-Thesis/scripts/synthetic_model_comparison/training/model_exports/yolo26n-gpt-image-2-medium-full-seed44-20260826-190757/last.pt
2026-08-26 20:02:32 INFO  scripts.synthetic_model_comparison.training.training_pipeline | epoch 164/200 done — next lr=0.000807905, epochs_since_improve=6/20
2026-08-26 20:02:32 INFO  scripts.synthetic_model_comparison.training.training_pipeline | epoch 165/200 — train start (lr=0.000807905, batches=15)
2026-08-26 20:02:44 INFO  scripts.synthetic_model_comparison.training.training_pipeline | epoch 165/200 — train done in 12.7s | avg loss_box=0.6346 loss_cls=0.4428 loss_dfl=0.0163 loss_total=70.6400
2026-08-26 20:02:44 INFO  scripts.synthetic_model_comparison.training.evaluation | evaluating on 4 batches
2026-08-26 20:02:50 INFO  scripts.synthetic_model_comparison.training.training_pipeline | epoch 165/200 — val mAP50=0.8658 mAP50_95=0.6117 (selection mAP50_95=0.6117)
2026-08-26 20:02:51 INFO  scripts.synthetic_model_comparison.training.evaluation | mlflow: logged val/mAP50=0.8658 val/mAP50_95=0.6117 (step=164)
2026-08-26 20:02:51 INFO  scripts.synthetic_model_comparison.training.evaluation | mlflow: logged val per-class AP table (12 classes)
2026-08-26 20:02:51 INFO  scripts.synthetic_model_comparison.training.training_pipeline | saved checkpoint: /home/debian/Master-Thesis/scripts/synthetic_model_comparison/training/model_exports/yolo26n-gpt-image-2-medium-full-seed44-20260826-190757/last.pt
2026-08-26 20:02:52 INFO  scripts.synthetic_model_comparison.training.training_pipeline | epoch 165/200 done — next lr=0.000765252, epochs_since_improve=7/20
2026-08-26 20:02:52 INFO  scripts.synthetic_model_comparison.training.training_pipeline | epoch 166/200 — train start (lr=0.000765252, batches=15)
2026-08-26 20:03:05 INFO  scripts.synthetic_model_comparison.training.training_pipeline | epoch 166/200 — train done in 12.9s | avg loss_box=0.6299 loss_cls=0.4280 loss_dfl=0.0161 loss_total=69.2231
2026-08-26 20:03:05 INFO  scripts.synthetic_model_comparison.training.evaluation | evaluating on 4 batches
2026-08-26 20:03:12 INFO  scripts.synthetic_model_comparison.training.training_pipeline | epoch 166/200 — val mAP50=0.8671 mAP50_95=0.6152 (selection mAP50_95=0.6152)
2026-08-26 20:03:13 INFO  scripts.synthetic_model_comparison.training.evaluation | mlflow: logged val/mAP50=0.8671 val/mAP50_95=0.6152 (step=165)
2026-08-26 20:03:13 INFO  scripts.synthetic_model_comparison.training.evaluation | mlflow: logged val per-class AP table (12 classes)
2026-08-26 20:03:13 INFO  scripts.synthetic_model_comparison.training.training_pipeline | saved checkpoint: /home/debian/Master-Thesis/scripts/synthetic_model_comparison/training/model_exports/yolo26n-gpt-image-2-medium-full-seed44-20260826-190757/last.pt
2026-08-26 20:03:14 INFO  scripts.synthetic_model_comparison.training.training_pipeline | epoch 166/200 done — next lr=0.000723677, epochs_since_improve=8/20
2026-08-26 20:03:14 INFO  scripts.synthetic_model_comparison.training.training_pipeline | epoch 167/200 — train start (lr=0.000723677, batches=15)
2026-08-26 20:03:24 INFO  scripts.synthetic_model_comparison.training.training_pipeline | step 2500 | loss_box=0.6943 loss_cls=0.3649 loss_dfl=0.0164 loss_total=70.0100 lr=0.000693881
2026-08-26 20:03:27 INFO  scripts.synthetic_model_comparison.training.training_pipeline | epoch 167/200 — train done in 13.2s | avg loss_box=0.6375 loss_cls=0.4214 loss_dfl=0.0159 loss_total=69.4780
2026-08-26 20:03:27 INFO  scripts.synthetic_model_comparison.training.evaluation | evaluating on 4 batches
2026-08-26 20:03:33 INFO  scripts.synthetic_model_comparison.training.training_pipeline | epoch 167/200 — val mAP50=0.8817 mAP50_95=0.6264 (selection mAP50_95=0.6264)
2026-08-26 20:03:33 INFO  scripts.synthetic_model_comparison.training.evaluation | mlflow: logged val/mAP50=0.8817 val/mAP50_95=0.6264 (step=166)
2026-08-26 20:03:34 INFO  scripts.synthetic_model_comparison.training.evaluation | mlflow: logged val per-class AP table (12 classes)
2026-08-26 20:03:34 INFO  scripts.synthetic_model_comparison.training.training_pipeline | saved checkpoint: /home/debian/Master-Thesis/scripts/synthetic_model_comparison/training/model_exports/yolo26n-gpt-image-2-medium-full-seed44-20260826-190757/best.pt
2026-08-26 20:03:34 INFO  scripts.synthetic_model_comparison.training.training_pipeline | new best mAP50_95=0.6264 at epoch 167
2026-08-26 20:03:34 INFO  scripts.synthetic_model_comparison.training.training_pipeline | saved checkpoint: /home/debian/Master-Thesis/scripts/synthetic_model_comparison/training/model_exports/yolo26n-gpt-image-2-medium-full-seed44-20260826-190757/last.pt
2026-08-26 20:03:34 INFO  scripts.synthetic_model_comparison.training.training_pipeline | epoch 167/200 done — next lr=0.000683191, epochs_since_improve=0/20
2026-08-26 20:03:34 INFO  scripts.synthetic_model_comparison.training.training_pipeline | epoch 168/200 — train start (lr=0.000683191, batches=15)
2026-08-26 20:03:46 INFO  scripts.synthetic_model_comparison.training.training_pipeline | epoch 168/200 — train done in 11.8s | avg loss_box=0.6307 loss_cls=0.4360 loss_dfl=0.0162 loss_total=69.9423
2026-08-26 20:03:46 INFO  scripts.synthetic_model_comparison.training.evaluation | evaluating on 4 batches
2026-08-26 20:03:52 INFO  scripts.synthetic_model_comparison.training.training_pipeline | epoch 168/200 — val mAP50=0.8854 mAP50_95=0.6245 (selection mAP50_95=0.6245)
2026-08-26 20:03:52 INFO  scripts.synthetic_model_comparison.training.evaluation | mlflow: logged val/mAP50=0.8854 val/mAP50_95=0.6245 (step=167)
2026-08-26 20:03:53 INFO  scripts.synthetic_model_comparison.training.evaluation | mlflow: logged val per-class AP table (12 classes)
2026-08-26 20:03:53 INFO  scripts.synthetic_model_comparison.training.training_pipeline | saved checkpoint: /home/debian/Master-Thesis/scripts/synthetic_model_comparison/training/model_exports/yolo26n-gpt-image-2-medium-full-seed44-20260826-190757/last.pt
2026-08-26 20:03:53 INFO  scripts.synthetic_model_comparison.training.training_pipeline | epoch 168/200 done — next lr=0.000643805, epochs_since_improve=1/20
2026-08-26 20:03:53 INFO  scripts.synthetic_model_comparison.training.training_pipeline | epoch 169/200 — train start (lr=0.000643805, batches=15)
2026-08-26 20:04:05 INFO  scripts.synthetic_model_comparison.training.training_pipeline | epoch 169/200 — train done in 12.0s | avg loss_box=0.6213 loss_cls=0.4345 loss_dfl=0.0158 loss_total=69.1096
2026-08-26 20:04:05 INFO  scripts.synthetic_model_comparison.training.evaluation | evaluating on 4 batches
2026-08-26 20:04:11 INFO  scripts.synthetic_model_comparison.training.training_pipeline | epoch 169/200 — val mAP50=0.8678 mAP50_95=0.6124 (selection mAP50_95=0.6124)
2026-08-26 20:04:12 INFO  scripts.synthetic_model_comparison.training.evaluation | mlflow: logged val/mAP50=0.8678 val/mAP50_95=0.6124 (step=168)
2026-08-26 20:04:12 INFO  scripts.synthetic_model_comparison.training.evaluation | mlflow: logged val per-class AP table (12 classes)
2026-08-26 20:04:12 INFO  scripts.synthetic_model_comparison.training.training_pipeline | saved checkpoint: /home/debian/Master-Thesis/scripts/synthetic_model_comparison/training/model_exports/yolo26n-gpt-image-2-medium-full-seed44-20260826-190757/last.pt
2026-08-26 20:04:13 INFO  scripts.synthetic_model_comparison.training.training_pipeline | epoch 169/200 done — next lr=0.000605527, epochs_since_improve=2/20
2026-08-26 20:04:13 INFO  scripts.synthetic_model_comparison.training.training_pipeline | epoch 170/200 — train start (lr=0.000605527, batches=15)
2026-08-26 20:04:24 INFO  scripts.synthetic_model_comparison.training.training_pipeline | epoch 170/200 — train done in 11.3s | avg loss_box=0.6032 loss_cls=0.4171 loss_dfl=0.0154 loss_total=67.0480
2026-08-26 20:04:24 INFO  scripts.synthetic_model_comparison.training.evaluation | evaluating on 4 batches
2026-08-26 20:04:30 INFO  scripts.synthetic_model_comparison.training.training_pipeline | epoch 170/200 — val mAP50=0.8815 mAP50_95=0.6142 (selection mAP50_95=0.6142)
2026-08-26 20:04:30 INFO  scripts.synthetic_model_comparison.training.evaluation | mlflow: logged val/mAP50=0.8815 val/mAP50_95=0.6142 (step=169)
2026-08-26 20:04:31 INFO  scripts.synthetic_model_comparison.training.evaluation | mlflow: logged val per-class AP table (12 classes)
2026-08-26 20:04:31 INFO  scripts.synthetic_model_comparison.training.training_pipeline | saved checkpoint: /home/debian/Master-Thesis/scripts/synthetic_model_comparison/training/model_exports/yolo26n-gpt-image-2-medium-full-seed44-20260826-190757/last.pt
2026-08-26 20:04:31 INFO  scripts.synthetic_model_comparison.training.training_pipeline | epoch 170/200 done — next lr=0.000568368, epochs_since_improve=3/20
2026-08-26 20:04:31 INFO  scripts.synthetic_model_comparison.training.training_pipeline | epoch 171/200 — train start (lr=0.000568368, batches=15)
2026-08-26 20:04:37 INFO  scripts.synthetic_model_comparison.training.training_pipeline | step 2550 | loss_box=0.6163 loss_cls=0.5250 loss_dfl=0.0137 loss_total=73.4419 lr=0.000565931
2026-08-26 20:04:45 INFO  scripts.synthetic_model_comparison.training.training_pipeline | epoch 171/200 — train done in 13.5s | avg loss_box=0.6212 loss_cls=0.4519 loss_dfl=0.0160 loss_total=70.0555
2026-08-26 20:04:45 INFO  scripts.synthetic_model_comparison.training.evaluation | evaluating on 4 batches
2026-08-26 20:04:50 INFO  scripts.synthetic_model_comparison.training.training_pipeline | epoch 171/200 — val mAP50=0.8757 mAP50_95=0.6144 (selection mAP50_95=0.6144)
2026-08-26 20:04:51 INFO  scripts.synthetic_model_comparison.training.evaluation | mlflow: logged val/mAP50=0.8757 val/mAP50_95=0.6144 (step=170)
2026-08-26 20:04:51 INFO  scripts.synthetic_model_comparison.training.evaluation | mlflow: logged val per-class AP table (12 classes)
2026-08-26 20:04:52 INFO  scripts.synthetic_model_comparison.training.training_pipeline | saved checkpoint: /home/debian/Master-Thesis/scripts/synthetic_model_comparison/training/model_exports/yolo26n-gpt-image-2-medium-full-seed44-20260826-190757/last.pt
2026-08-26 20:04:52 INFO  scripts.synthetic_model_comparison.training.training_pipeline | epoch 171/200 done — next lr=0.000532337, epochs_since_improve=4/20
2026-08-26 20:04:52 INFO  scripts.synthetic_model_comparison.training.training_pipeline | epoch 172/200 — train start (lr=0.000532337, batches=15)
2026-08-26 20:05:03 INFO  scripts.synthetic_model_comparison.training.training_pipeline | epoch 172/200 — train done in 11.4s | avg loss_box=0.6286 loss_cls=0.4425 loss_dfl=0.0164 loss_total=70.1510
2026-08-26 20:05:03 INFO  scripts.synthetic_model_comparison.training.evaluation | evaluating on 4 batches
2026-08-26 20:05:09 INFO  scripts.synthetic_model_comparison.training.training_pipeline | epoch 172/200 — val mAP50=0.8660 mAP50_95=0.6128 (selection mAP50_95=0.6128)
2026-08-26 20:05:10 INFO  scripts.synthetic_model_comparison.training.evaluation | mlflow: logged val/mAP50=0.8660 val/mAP50_95=0.6128 (step=171)
2026-08-26 20:05:10 INFO  scripts.synthetic_model_comparison.training.evaluation | mlflow: logged val per-class AP table (12 classes)
2026-08-26 20:05:10 INFO  scripts.synthetic_model_comparison.training.training_pipeline | saved checkpoint: /home/debian/Master-Thesis/scripts/synthetic_model_comparison/training/model_exports/yolo26n-gpt-image-2-medium-full-seed44-20260826-190757/last.pt
2026-08-26 20:05:11 INFO  scripts.synthetic_model_comparison.training.training_pipeline | epoch 172/200 done — next lr=0.000497444, epochs_since_improve=5/20
2026-08-26 20:05:11 INFO  scripts.synthetic_model_comparison.training.training_pipeline | epoch 173/200 — train start (lr=0.000497444, batches=15)
2026-08-26 20:05:22 INFO  scripts.synthetic_model_comparison.training.training_pipeline | epoch 173/200 — train done in 11.8s | avg loss_box=0.6322 loss_cls=0.4196 loss_dfl=0.0162 loss_total=69.0006
2026-08-26 20:05:22 INFO  scripts.synthetic_model_comparison.training.evaluation | evaluating on 4 batches
2026-08-26 20:05:28 INFO  scripts.synthetic_model_comparison.training.training_pipeline | epoch 173/200 — val mAP50=0.8621 mAP50_95=0.6107 (selection mAP50_95=0.6107)
2026-08-26 20:05:29 INFO  scripts.synthetic_model_comparison.training.evaluation | mlflow: logged val/mAP50=0.8621 val/mAP50_95=0.6107 (step=172)
2026-08-26 20:05:29 INFO  scripts.synthetic_model_comparison.training.evaluation | mlflow: logged val per-class AP table (12 classes)
2026-08-26 20:05:29 INFO  scripts.synthetic_model_comparison.training.training_pipeline | saved checkpoint: /home/debian/Master-Thesis/scripts/synthetic_model_comparison/training/model_exports/yolo26n-gpt-image-2-medium-full-seed44-20260826-190757/last.pt
2026-08-26 20:05:30 INFO  scripts.synthetic_model_comparison.training.training_pipeline | epoch 173/200 done — next lr=0.000463697, epochs_since_improve=6/20
2026-08-26 20:05:30 INFO  scripts.synthetic_model_comparison.training.training_pipeline | epoch 174/200 — train start (lr=0.000463697, batches=15)
2026-08-26 20:05:38 INFO  scripts.synthetic_model_comparison.training.training_pipeline | step 2600 | loss_box=0.5507 loss_cls=0.3798 loss_dfl=0.0146 loss_total=62.1014 lr=0.000450521
2026-08-26 20:05:43 INFO  scripts.synthetic_model_comparison.training.training_pipeline | epoch 174/200 — train done in 13.7s | avg loss_box=0.6058 loss_cls=0.3964 loss_dfl=0.0153 loss_total=66.0747
2026-08-26 20:05:43 INFO  scripts.synthetic_model_comparison.training.evaluation | evaluating on 4 batches
2026-08-26 20:05:49 INFO  scripts.synthetic_model_comparison.training.training_pipeline | epoch 174/200 — val mAP50=0.8756 mAP50_95=0.6159 (selection mAP50_95=0.6159)
2026-08-26 20:05:50 INFO  scripts.synthetic_model_comparison.training.evaluation | mlflow: logged val/mAP50=0.8756 val/mAP50_95=0.6159 (step=173)
2026-08-26 20:05:50 INFO  scripts.synthetic_model_comparison.training.evaluation | mlflow: logged val per-class AP table (12 classes)
2026-08-26 20:05:51 INFO  scripts.synthetic_model_comparison.training.training_pipeline | saved checkpoint: /home/debian/Master-Thesis/scripts/synthetic_model_comparison/training/model_exports/yolo26n-gpt-image-2-medium-full-seed44-20260826-190757/last.pt
2026-08-26 20:05:51 INFO  scripts.synthetic_model_comparison.training.training_pipeline | epoch 174/200 done — next lr=0.000431105, epochs_since_improve=7/20
2026-08-26 20:05:51 INFO  scripts.synthetic_model_comparison.training.training_pipeline | epoch 175/200 — train start (lr=0.000431105, batches=15)
2026-08-26 20:06:03 INFO  scripts.synthetic_model_comparison.training.training_pipeline | epoch 175/200 — train done in 11.6s | avg loss_box=0.6143 loss_cls=0.4119 loss_dfl=0.0159 loss_total=67.3743
2026-08-26 20:06:03 INFO  scripts.synthetic_model_comparison.training.evaluation | evaluating on 4 batches
2026-08-26 20:06:08 INFO  scripts.synthetic_model_comparison.training.training_pipeline | epoch 175/200 — val mAP50=0.8783 mAP50_95=0.6198 (selection mAP50_95=0.6198)
2026-08-26 20:06:09 INFO  scripts.synthetic_model_comparison.training.evaluation | mlflow: logged val/mAP50=0.8783 val/mAP50_95=0.6198 (step=174)
2026-08-26 20:06:09 INFO  scripts.synthetic_model_comparison.training.evaluation | mlflow: logged val per-class AP table (12 classes)
2026-08-26 20:06:10 INFO  scripts.synthetic_model_comparison.training.training_pipeline | saved checkpoint: /home/debian/Master-Thesis/scripts/synthetic_model_comparison/training/model_exports/yolo26n-gpt-image-2-medium-full-seed44-20260826-190757/last.pt
2026-08-26 20:06:10 INFO  scripts.synthetic_model_comparison.training.training_pipeline | epoch 175/200 done — next lr=0.000399676, epochs_since_improve=8/20
2026-08-26 20:06:10 INFO  scripts.synthetic_model_comparison.training.training_pipeline | epoch 176/200 — train start (lr=0.000399676, batches=15)
2026-08-26 20:06:21 INFO  scripts.synthetic_model_comparison.training.training_pipeline | epoch 176/200 — train done in 11.3s | avg loss_box=0.5971 loss_cls=0.4005 loss_dfl=0.0152 loss_total=65.7434
2026-08-26 20:06:21 INFO  scripts.synthetic_model_comparison.training.evaluation | evaluating on 4 batches
2026-08-26 20:06:27 INFO  scripts.synthetic_model_comparison.training.training_pipeline | epoch 176/200 — val mAP50=0.8882 mAP50_95=0.6317 (selection mAP50_95=0.6317)
2026-08-26 20:06:28 INFO  scripts.synthetic_model_comparison.training.evaluation | mlflow: logged val/mAP50=0.8882 val/mAP50_95=0.6317 (step=175)
2026-08-26 20:06:28 INFO  scripts.synthetic_model_comparison.training.evaluation | mlflow: logged val per-class AP table (12 classes)
2026-08-26 20:06:28 INFO  scripts.synthetic_model_comparison.training.training_pipeline | saved checkpoint: /home/debian/Master-Thesis/scripts/synthetic_model_comparison/training/model_exports/yolo26n-gpt-image-2-medium-full-seed44-20260826-190757/best.pt
2026-08-26 20:06:28 INFO  scripts.synthetic_model_comparison.training.training_pipeline | new best mAP50_95=0.6317 at epoch 176
2026-08-26 20:06:28 INFO  scripts.synthetic_model_comparison.training.training_pipeline | saved checkpoint: /home/debian/Master-Thesis/scripts/synthetic_model_comparison/training/model_exports/yolo26n-gpt-image-2-medium-full-seed44-20260826-190757/last.pt
2026-08-26 20:06:29 INFO  scripts.synthetic_model_comparison.training.training_pipeline | epoch 176/200 done — next lr=0.000369419, epochs_since_improve=0/20
2026-08-26 20:06:29 INFO  scripts.synthetic_model_comparison.training.training_pipeline | epoch 177/200 — train start (lr=0.000369419, batches=15)
2026-08-26 20:06:39 INFO  scripts.synthetic_model_comparison.training.training_pipeline | step 2650 | loss_box=0.6471 loss_cls=0.4434 loss_dfl=0.0181 loss_total=70.9036 lr=0.000347979
2026-08-26 20:06:43 INFO  scripts.synthetic_model_comparison.training.training_pipeline | epoch 177/200 — train done in 14.0s | avg loss_box=0.6107 loss_cls=0.4290 loss_dfl=0.0155 loss_total=68.0650
2026-08-26 20:06:43 INFO  scripts.synthetic_model_comparison.training.evaluation | evaluating on 4 batches
2026-08-26 20:06:48 INFO  scripts.synthetic_model_comparison.training.training_pipeline | epoch 177/200 — val mAP50=0.8836 mAP50_95=0.6265 (selection mAP50_95=0.6265)
2026-08-26 20:06:49 INFO  scripts.synthetic_model_comparison.training.evaluation | mlflow: logged val/mAP50=0.8836 val/mAP50_95=0.6265 (step=176)
2026-08-26 20:06:49 INFO  scripts.synthetic_model_comparison.training.evaluation | mlflow: logged val per-class AP table (12 classes)
2026-08-26 20:06:50 INFO  scripts.synthetic_model_comparison.training.training_pipeline | saved checkpoint: /home/debian/Master-Thesis/scripts/synthetic_model_comparison/training/model_exports/yolo26n-gpt-image-2-medium-full-seed44-20260826-190757/last.pt
2026-08-26 20:06:50 INFO  scripts.synthetic_model_comparison.training.training_pipeline | epoch 177/200 done — next lr=0.00034034, epochs_since_improve=1/20
2026-08-26 20:06:50 INFO  scripts.synthetic_model_comparison.training.training_pipeline | epoch 178/200 — train start (lr=0.00034034, batches=15)
2026-08-26 20:07:02 INFO  scripts.synthetic_model_comparison.training.training_pipeline | epoch 178/200 — train done in 12.3s | avg loss_box=0.5950 loss_cls=0.4061 loss_dfl=0.0154 loss_total=66.0853
2026-08-26 20:07:02 INFO  scripts.synthetic_model_comparison.training.evaluation | evaluating on 4 batches
2026-08-26 20:07:08 INFO  scripts.synthetic_model_comparison.training.training_pipeline | epoch 178/200 — val mAP50=0.8733 mAP50_95=0.6208 (selection mAP50_95=0.6208)
2026-08-26 20:07:09 INFO  scripts.synthetic_model_comparison.training.evaluation | mlflow: logged val/mAP50=0.8733 val/mAP50_95=0.6208 (step=177)
2026-08-26 20:07:09 INFO  scripts.synthetic_model_comparison.training.evaluation | mlflow: logged val per-class AP table (12 classes)
2026-08-26 20:07:09 INFO  scripts.synthetic_model_comparison.training.training_pipeline | saved checkpoint: /home/debian/Master-Thesis/scripts/synthetic_model_comparison/training/model_exports/yolo26n-gpt-image-2-medium-full-seed44-20260826-190757/last.pt
2026-08-26 20:07:10 INFO  scripts.synthetic_model_comparison.training.training_pipeline | epoch 178/200 done — next lr=0.000312447, epochs_since_improve=2/20
2026-08-26 20:07:10 INFO  scripts.synthetic_model_comparison.training.training_pipeline | epoch 179/200 — train start (lr=0.000312447, batches=15)
2026-08-26 20:07:22 INFO  scripts.synthetic_model_comparison.training.training_pipeline | epoch 179/200 — train done in 11.9s | avg loss_box=0.6042 loss_cls=0.3792 loss_dfl=0.0157 loss_total=65.0452
2026-08-26 20:07:22 INFO  scripts.synthetic_model_comparison.training.evaluation | evaluating on 4 batches
2026-08-26 20:07:28 INFO  scripts.synthetic_model_comparison.training.training_pipeline | epoch 179/200 — val mAP50=0.8805 mAP50_95=0.6210 (selection mAP50_95=0.6210)
2026-08-26 20:07:28 INFO  scripts.synthetic_model_comparison.training.evaluation | mlflow: logged val/mAP50=0.8805 val/mAP50_95=0.6210 (step=178)
2026-08-26 20:07:29 INFO  scripts.synthetic_model_comparison.training.evaluation | mlflow: logged val per-class AP table (12 classes)
2026-08-26 20:07:29 INFO  scripts.synthetic_model_comparison.training.training_pipeline | saved checkpoint: /home/debian/Master-Thesis/scripts/synthetic_model_comparison/training/model_exports/yolo26n-gpt-image-2-medium-full-seed44-20260826-190757/last.pt
2026-08-26 20:07:29 INFO  scripts.synthetic_model_comparison.training.training_pipeline | epoch 179/200 done — next lr=0.000285748, epochs_since_improve=3/20
2026-08-26 20:07:29 INFO  scripts.synthetic_model_comparison.training.training_pipeline | epoch 180/200 — train start (lr=0.000285748, batches=15)
2026-08-26 20:07:41 INFO  scripts.synthetic_model_comparison.training.training_pipeline | epoch 180/200 — train done in 11.9s | avg loss_box=0.5895 loss_cls=0.3844 loss_dfl=0.0152 loss_total=64.3842
2026-08-26 20:07:41 INFO  scripts.synthetic_model_comparison.training.evaluation | evaluating on 4 batches
2026-08-26 20:07:47 INFO  scripts.synthetic_model_comparison.training.training_pipeline | epoch 180/200 — val mAP50=0.8807 mAP50_95=0.6212 (selection mAP50_95=0.6212)
2026-08-26 20:07:47 INFO  scripts.synthetic_model_comparison.training.evaluation | mlflow: logged val/mAP50=0.8807 val/mAP50_95=0.6212 (step=179)
2026-08-26 20:07:48 INFO  scripts.synthetic_model_comparison.training.evaluation | mlflow: logged val per-class AP table (12 classes)
2026-08-26 20:07:48 INFO  scripts.synthetic_model_comparison.training.training_pipeline | saved checkpoint: /home/debian/Master-Thesis/scripts/synthetic_model_comparison/training/model_exports/yolo26n-gpt-image-2-medium-full-seed44-20260826-190757/last.pt
2026-08-26 20:07:48 INFO  scripts.synthetic_model_comparison.training.training_pipeline | epoch 180/200 done — next lr=0.000260249, epochs_since_improve=4/20
2026-08-26 20:07:48 INFO  scripts.synthetic_model_comparison.training.training_pipeline | epoch 181/200 — train start (lr=0.000260249, batches=15)
2026-08-26 20:07:55 INFO  scripts.synthetic_model_comparison.training.training_pipeline | step 2700 | loss_box=0.6548 loss_cls=0.3501 loss_dfl=0.0186 loss_total=66.5272 lr=0.000258592
2026-08-26 20:08:02 INFO  scripts.synthetic_model_comparison.training.training_pipeline | epoch 181/200 — train done in 13.5s | avg loss_box=0.6008 loss_cls=0.3983 loss_dfl=0.0153 loss_total=65.9003
2026-08-26 20:08:02 INFO  scripts.synthetic_model_comparison.training.evaluation | evaluating on 4 batches
2026-08-26 20:08:08 INFO  scripts.synthetic_model_comparison.training.training_pipeline | epoch 181/200 — val mAP50=0.8844 mAP50_95=0.6233 (selection mAP50_95=0.6233)
2026-08-26 20:08:08 INFO  scripts.synthetic_model_comparison.training.evaluation | mlflow: logged val/mAP50=0.8844 val/mAP50_95=0.6233 (step=180)
2026-08-26 20:08:09 INFO  scripts.synthetic_model_comparison.training.evaluation | mlflow: logged val per-class AP table (12 classes)
2026-08-26 20:08:09 INFO  scripts.synthetic_model_comparison.training.training_pipeline | saved checkpoint: /home/debian/Master-Thesis/scripts/synthetic_model_comparison/training/model_exports/yolo26n-gpt-image-2-medium-full-seed44-20260826-190757/last.pt
2026-08-26 20:08:09 INFO  scripts.synthetic_model_comparison.training.training_pipeline | epoch 181/200 done — next lr=0.000235957, epochs_since_improve=5/20
2026-08-26 20:08:09 INFO  scripts.synthetic_model_comparison.training.training_pipeline | epoch 182/200 — train start (lr=0.000235957, batches=15)
2026-08-26 20:08:21 INFO  scripts.synthetic_model_comparison.training.training_pipeline | epoch 182/200 — train done in 12.1s | avg loss_box=0.5842 loss_cls=0.3927 loss_dfl=0.0152 loss_total=64.4985
2026-08-26 20:08:21 INFO  scripts.synthetic_model_comparison.training.evaluation | evaluating on 4 batches
2026-08-26 20:08:27 INFO  scripts.synthetic_model_comparison.training.training_pipeline | epoch 182/200 — val mAP50=0.8844 mAP50_95=0.6275 (selection mAP50_95=0.6275)
2026-08-26 20:08:28 INFO  scripts.synthetic_model_comparison.training.evaluation | mlflow: logged val/mAP50=0.8844 val/mAP50_95=0.6275 (step=181)
2026-08-26 20:08:28 INFO  scripts.synthetic_model_comparison.training.evaluation | mlflow: logged val per-class AP table (12 classes)
2026-08-26 20:08:28 INFO  scripts.synthetic_model_comparison.training.training_pipeline | saved checkpoint: /home/debian/Master-Thesis/scripts/synthetic_model_comparison/training/model_exports/yolo26n-gpt-image-2-medium-full-seed44-20260826-190757/last.pt
2026-08-26 20:08:29 INFO  scripts.synthetic_model_comparison.training.training_pipeline | epoch 182/200 done — next lr=0.000212877, epochs_since_improve=6/20
2026-08-26 20:08:29 INFO  scripts.synthetic_model_comparison.training.training_pipeline | epoch 183/200 — train start (lr=0.000212877, batches=15)
2026-08-26 20:08:40 INFO  scripts.synthetic_model_comparison.training.training_pipeline | epoch 183/200 — train done in 11.1s | avg loss_box=0.5836 loss_cls=0.4041 loss_dfl=0.0147 loss_total=65.0230
2026-08-26 20:08:40 INFO  scripts.synthetic_model_comparison.training.evaluation | evaluating on 4 batches
2026-08-26 20:08:46 INFO  scripts.synthetic_model_comparison.training.training_pipeline | epoch 183/200 — val mAP50=0.8776 mAP50_95=0.6246 (selection mAP50_95=0.6246)
2026-08-26 20:08:46 INFO  scripts.synthetic_model_comparison.training.evaluation | mlflow: logged val/mAP50=0.8776 val/mAP50_95=0.6246 (step=182)
2026-08-26 20:08:47 INFO  scripts.synthetic_model_comparison.training.evaluation | mlflow: logged val per-class AP table (12 classes)
2026-08-26 20:08:47 INFO  scripts.synthetic_model_comparison.training.training_pipeline | saved checkpoint: /home/debian/Master-Thesis/scripts/synthetic_model_comparison/training/model_exports/yolo26n-gpt-image-2-medium-full-seed44-20260826-190757/last.pt
2026-08-26 20:08:47 INFO  scripts.synthetic_model_comparison.training.training_pipeline | epoch 183/200 done — next lr=0.000191016, epochs_since_improve=7/20
2026-08-26 20:08:47 INFO  scripts.synthetic_model_comparison.training.training_pipeline | epoch 184/200 — train start (lr=0.000191016, batches=15)
2026-08-26 20:08:56 INFO  scripts.synthetic_model_comparison.training.training_pipeline | step 2750 | loss_box=0.5863 loss_cls=0.4265 loss_dfl=0.0144 loss_total=66.3508 lr=0.000182614
2026-08-26 20:09:01 INFO  scripts.synthetic_model_comparison.training.training_pipeline | epoch 184/200 — train done in 13.8s | avg loss_box=0.5974 loss_cls=0.4118 loss_dfl=0.0157 loss_total=66.3526
2026-08-26 20:09:01 INFO  scripts.synthetic_model_comparison.training.evaluation | evaluating on 4 batches
2026-08-26 20:09:07 INFO  scripts.synthetic_model_comparison.training.training_pipeline | epoch 184/200 — val mAP50=0.8785 mAP50_95=0.6256 (selection mAP50_95=0.6256)
2026-08-26 20:09:08 INFO  scripts.synthetic_model_comparison.training.evaluation | mlflow: logged val/mAP50=0.8785 val/mAP50_95=0.6256 (step=183)
2026-08-26 20:09:08 INFO  scripts.synthetic_model_comparison.training.evaluation | mlflow: logged val per-class AP table (12 classes)
2026-08-26 20:09:08 INFO  scripts.synthetic_model_comparison.training.training_pipeline | saved checkpoint: /home/debian/Master-Thesis/scripts/synthetic_model_comparison/training/model_exports/yolo26n-gpt-image-2-medium-full-seed44-20260826-190757/last.pt
2026-08-26 20:09:09 INFO  scripts.synthetic_model_comparison.training.training_pipeline | epoch 184/200 done — next lr=0.000170379, epochs_since_improve=8/20
2026-08-26 20:09:09 INFO  scripts.synthetic_model_comparison.training.training_pipeline | epoch 185/200 — train start (lr=0.000170379, batches=15)
2026-08-26 20:09:21 INFO  scripts.synthetic_model_comparison.training.training_pipeline | epoch 185/200 — train done in 12.9s | avg loss_box=0.5765 loss_cls=0.3840 loss_dfl=0.0147 loss_total=63.3275
2026-08-26 20:09:21 INFO  scripts.synthetic_model_comparison.training.evaluation | evaluating on 4 batches
2026-08-26 20:09:27 INFO  scripts.synthetic_model_comparison.training.training_pipeline | epoch 185/200 — val mAP50=0.8755 mAP50_95=0.6249 (selection mAP50_95=0.6249)
2026-08-26 20:09:28 INFO  scripts.synthetic_model_comparison.training.evaluation | mlflow: logged val/mAP50=0.8755 val/mAP50_95=0.6249 (step=184)
2026-08-26 20:09:28 INFO  scripts.synthetic_model_comparison.training.evaluation | mlflow: logged val per-class AP table (12 classes)
2026-08-26 20:09:28 INFO  scripts.synthetic_model_comparison.training.training_pipeline | saved checkpoint: /home/debian/Master-Thesis/scripts/synthetic_model_comparison/training/model_exports/yolo26n-gpt-image-2-medium-full-seed44-20260826-190757/last.pt
2026-08-26 20:09:28 INFO  scripts.synthetic_model_comparison.training.training_pipeline | epoch 185/200 done — next lr=0.000150972, epochs_since_improve=9/20
2026-08-26 20:09:28 INFO  scripts.synthetic_model_comparison.training.training_pipeline | epoch 186/200 — train start (lr=0.000150972, batches=15)
2026-08-26 20:09:41 INFO  scripts.synthetic_model_comparison.training.training_pipeline | epoch 186/200 — train done in 12.1s | avg loss_box=0.5964 loss_cls=0.4001 loss_dfl=0.0156 loss_total=65.6258
2026-08-26 20:09:41 INFO  scripts.synthetic_model_comparison.training.evaluation | evaluating on 4 batches
2026-08-26 20:09:46 INFO  scripts.synthetic_model_comparison.training.training_pipeline | epoch 186/200 — val mAP50=0.8766 mAP50_95=0.6230 (selection mAP50_95=0.6230)
2026-08-26 20:09:47 INFO  scripts.synthetic_model_comparison.training.evaluation | mlflow: logged val/mAP50=0.8766 val/mAP50_95=0.6230 (step=185)
2026-08-26 20:09:47 INFO  scripts.synthetic_model_comparison.training.evaluation | mlflow: logged val per-class AP table (12 classes)
2026-08-26 20:09:48 INFO  scripts.synthetic_model_comparison.training.training_pipeline | saved checkpoint: /home/debian/Master-Thesis/scripts/synthetic_model_comparison/training/model_exports/yolo26n-gpt-image-2-medium-full-seed44-20260826-190757/last.pt
2026-08-26 20:09:48 INFO  scripts.synthetic_model_comparison.training.training_pipeline | epoch 186/200 done — next lr=0.000132799, epochs_since_improve=10/20
2026-08-26 20:09:48 INFO  scripts.synthetic_model_comparison.training.training_pipeline | epoch 187/200 — train start (lr=0.000132799, batches=15)
2026-08-26 20:09:59 INFO  scripts.synthetic_model_comparison.training.training_pipeline | step 2800 | loss_box=0.5891 loss_cls=0.4042 loss_dfl=0.0146 loss_total=65.2454 lr=0.00012026
2026-08-26 20:10:02 INFO  scripts.synthetic_model_comparison.training.training_pipeline | epoch 187/200 — train done in 14.1s | avg loss_box=0.5873 loss_cls=0.3925 loss_dfl=0.0152 loss_total=64.4721
2026-08-26 20:10:02 INFO  scripts.synthetic_model_comparison.training.evaluation | evaluating on 4 batches
2026-08-26 20:10:08 INFO  scripts.synthetic_model_comparison.training.training_pipeline | epoch 187/200 — val mAP50=0.8774 mAP50_95=0.6226 (selection mAP50_95=0.6226)
2026-08-26 20:10:09 INFO  scripts.synthetic_model_comparison.training.evaluation | mlflow: logged val/mAP50=0.8774 val/mAP50_95=0.6226 (step=186)
2026-08-26 20:10:09 INFO  scripts.synthetic_model_comparison.training.evaluation | mlflow: logged val per-class AP table (12 classes)
2026-08-26 20:10:09 INFO  scripts.synthetic_model_comparison.training.training_pipeline | saved checkpoint: /home/debian/Master-Thesis/scripts/synthetic_model_comparison/training/model_exports/yolo26n-gpt-image-2-medium-full-seed44-20260826-190757/last.pt
2026-08-26 20:10:09 INFO  scripts.synthetic_model_comparison.training.training_pipeline | epoch 187/200 done — next lr=0.000115865, epochs_since_improve=11/20
2026-08-26 20:10:09 INFO  scripts.synthetic_model_comparison.training.training_pipeline | epoch 188/200 — train start (lr=0.000115865, batches=15)
2026-08-26 20:10:21 INFO  scripts.synthetic_model_comparison.training.training_pipeline | epoch 188/200 — train done in 12.0s | avg loss_box=0.5638 loss_cls=0.3763 loss_dfl=0.0145 loss_total=62.1220
2026-08-26 20:10:21 INFO  scripts.synthetic_model_comparison.training.evaluation | evaluating on 4 batches
2026-08-26 20:10:27 INFO  scripts.synthetic_model_comparison.training.training_pipeline | epoch 188/200 — val mAP50=0.8791 mAP50_95=0.6251 (selection mAP50_95=0.6251)
2026-08-26 20:10:28 INFO  scripts.synthetic_model_comparison.training.evaluation | mlflow: logged val/mAP50=0.8791 val/mAP50_95=0.6251 (step=187)
2026-08-26 20:10:28 INFO  scripts.synthetic_model_comparison.training.evaluation | mlflow: logged val per-class AP table (12 classes)
2026-08-26 20:10:28 INFO  scripts.synthetic_model_comparison.training.training_pipeline | saved checkpoint: /home/debian/Master-Thesis/scripts/synthetic_model_comparison/training/model_exports/yolo26n-gpt-image-2-medium-full-seed44-20260826-190757/last.pt
2026-08-26 20:10:29 INFO  scripts.synthetic_model_comparison.training.training_pipeline | epoch 188/200 done — next lr=0.000100175, epochs_since_improve=12/20
2026-08-26 20:10:29 INFO  scripts.synthetic_model_comparison.training.training_pipeline | epoch 189/200 — train start (lr=0.000100175, batches=15)
2026-08-26 20:10:40 INFO  scripts.synthetic_model_comparison.training.training_pipeline | epoch 189/200 — train done in 11.6s | avg loss_box=0.5752 loss_cls=0.3993 loss_dfl=0.0150 loss_total=64.1335
2026-08-26 20:10:40 INFO  scripts.synthetic_model_comparison.training.evaluation | evaluating on 4 batches
2026-08-26 20:10:46 INFO  scripts.synthetic_model_comparison.training.training_pipeline | epoch 189/200 — val mAP50=0.8791 mAP50_95=0.6240 (selection mAP50_95=0.6240)
2026-08-26 20:10:47 INFO  scripts.synthetic_model_comparison.training.evaluation | mlflow: logged val/mAP50=0.8791 val/mAP50_95=0.6240 (step=188)
2026-08-26 20:10:47 INFO  scripts.synthetic_model_comparison.training.evaluation | mlflow: logged val per-class AP table (12 classes)
2026-08-26 20:10:47 INFO  scripts.synthetic_model_comparison.training.training_pipeline | saved checkpoint: /home/debian/Master-Thesis/scripts/synthetic_model_comparison/training/model_exports/yolo26n-gpt-image-2-medium-full-seed44-20260826-190757/last.pt
2026-08-26 20:10:48 INFO  scripts.synthetic_model_comparison.training.training_pipeline | epoch 189/200 done — next lr=8.57317e-05, epochs_since_improve=13/20
2026-08-26 20:10:48 INFO  scripts.synthetic_model_comparison.training.training_pipeline | epoch 190/200 — train start (lr=8.57317e-05, batches=15)
2026-08-26 20:10:59 INFO  scripts.synthetic_model_comparison.training.training_pipeline | epoch 190/200 — train done in 11.6s | avg loss_box=0.5758 loss_cls=0.3823 loss_dfl=0.0148 loss_total=63.2021
2026-08-26 20:10:59 INFO  scripts.synthetic_model_comparison.training.evaluation | evaluating on 4 batches
2026-08-26 20:11:05 INFO  scripts.synthetic_model_comparison.training.training_pipeline | epoch 190/200 — val mAP50=0.8793 mAP50_95=0.6244 (selection mAP50_95=0.6244)
2026-08-26 20:11:05 INFO  scripts.synthetic_model_comparison.training.evaluation | mlflow: logged val/mAP50=0.8793 val/mAP50_95=0.6244 (step=189)
2026-08-26 20:11:06 INFO  scripts.synthetic_model_comparison.training.evaluation | mlflow: logged val per-class AP table (12 classes)
2026-08-26 20:11:06 INFO  scripts.synthetic_model_comparison.training.training_pipeline | saved checkpoint: /home/debian/Master-Thesis/scripts/synthetic_model_comparison/training/model_exports/yolo26n-gpt-image-2-medium-full-seed44-20260826-190757/last.pt
2026-08-26 20:11:06 INFO  scripts.synthetic_model_comparison.training.training_pipeline | epoch 190/200 done — next lr=7.25395e-05, epochs_since_improve=14/20
2026-08-26 20:11:06 INFO  scripts.synthetic_model_comparison.training.training_pipeline | epoch 191/200 — train start (lr=7.25395e-05, batches=15)
2026-08-26 20:11:12 INFO  scripts.synthetic_model_comparison.training.training_pipeline | step 2850 | loss_box=0.5238 loss_cls=0.3774 loss_dfl=0.0140 loss_total=59.8505 lr=7.17046e-05
2026-08-26 20:11:20 INFO  scripts.synthetic_model_comparison.training.training_pipeline | epoch 191/200 — train done in 13.3s | avg loss_box=0.5683 loss_cls=0.3819 loss_dfl=0.0149 loss_total=62.5808
2026-08-26 20:11:20 INFO  scripts.synthetic_model_comparison.training.evaluation | evaluating on 4 batches
2026-08-26 20:11:26 INFO  scripts.synthetic_model_comparison.training.training_pipeline | epoch 191/200 — val mAP50=0.8788 mAP50_95=0.6235 (selection mAP50_95=0.6235)
2026-08-26 20:11:27 INFO  scripts.synthetic_model_comparison.training.evaluation | mlflow: logged val/mAP50=0.8788 val/mAP50_95=0.6235 (step=190)
2026-08-26 20:11:27 INFO  scripts.synthetic_model_comparison.training.evaluation | mlflow: logged val per-class AP table (12 classes)
2026-08-26 20:11:28 INFO  scripts.synthetic_model_comparison.training.training_pipeline | saved checkpoint: /home/debian/Master-Thesis/scripts/synthetic_model_comparison/training/model_exports/yolo26n-gpt-image-2-medium-full-seed44-20260826-190757/last.pt
2026-08-26 20:11:28 INFO  scripts.synthetic_model_comparison.training.training_pipeline | epoch 191/200 done — next lr=6.06017e-05, epochs_since_improve=15/20
2026-08-26 20:11:28 INFO  scripts.synthetic_model_comparison.training.training_pipeline | epoch 192/200 — train start (lr=6.06017e-05, batches=15)
2026-08-26 20:11:39 INFO  scripts.synthetic_model_comparison.training.training_pipeline | epoch 192/200 — train done in 11.1s | avg loss_box=0.5827 loss_cls=0.3805 loss_dfl=0.0147 loss_total=63.4560
2026-08-26 20:11:39 INFO  scripts.synthetic_model_comparison.training.evaluation | evaluating on 4 batches
2026-08-26 20:11:45 INFO  scripts.synthetic_model_comparison.training.training_pipeline | epoch 192/200 — val mAP50=0.8786 mAP50_95=0.6281 (selection mAP50_95=0.6281)
2026-08-26 20:11:46 INFO  scripts.synthetic_model_comparison.training.evaluation | mlflow: logged val/mAP50=0.8786 val/mAP50_95=0.6281 (step=191)
2026-08-26 20:11:46 INFO  scripts.synthetic_model_comparison.training.evaluation | mlflow: logged val per-class AP table (12 classes)
2026-08-26 20:11:46 INFO  scripts.synthetic_model_comparison.training.training_pipeline | saved checkpoint: /home/debian/Master-Thesis/scripts/synthetic_model_comparison/training/model_exports/yolo26n-gpt-image-2-medium-full-seed44-20260826-190757/last.pt
2026-08-26 20:11:46 INFO  scripts.synthetic_model_comparison.training.training_pipeline | epoch 192/200 done — next lr=4.99213e-05, epochs_since_improve=16/20
2026-08-26 20:11:46 INFO  scripts.synthetic_model_comparison.training.training_pipeline | epoch 193/200 — train start (lr=4.99213e-05, batches=15)
2026-08-26 20:11:58 INFO  scripts.synthetic_model_comparison.training.training_pipeline | epoch 193/200 — train done in 11.2s | avg loss_box=0.5730 loss_cls=0.4039 loss_dfl=0.0146 loss_total=64.1671
2026-08-26 20:11:58 INFO  scripts.synthetic_model_comparison.training.evaluation | evaluating on 4 batches
2026-08-26 20:12:03 INFO  scripts.synthetic_model_comparison.training.training_pipeline | epoch 193/200 — val mAP50=0.8781 mAP50_95=0.6268 (selection mAP50_95=0.6268)
2026-08-26 20:12:04 INFO  scripts.synthetic_model_comparison.training.evaluation | mlflow: logged val/mAP50=0.8781 val/mAP50_95=0.6268 (step=192)
2026-08-26 20:12:04 INFO  scripts.synthetic_model_comparison.training.evaluation | mlflow: logged val per-class AP table (12 classes)
2026-08-26 20:12:05 INFO  scripts.synthetic_model_comparison.training.training_pipeline | saved checkpoint: /home/debian/Master-Thesis/scripts/synthetic_model_comparison/training/model_exports/yolo26n-gpt-image-2-medium-full-seed44-20260826-190757/last.pt
2026-08-26 20:12:05 INFO  scripts.synthetic_model_comparison.training.training_pipeline | epoch 193/200 done — next lr=4.0501e-05, epochs_since_improve=17/20
2026-08-26 20:12:05 INFO  scripts.synthetic_model_comparison.training.training_pipeline | epoch 194/200 — train start (lr=4.0501e-05, batches=15)
2026-08-26 20:12:14 INFO  scripts.synthetic_model_comparison.training.training_pipeline | step 2900 | loss_box=0.5605 loss_cls=0.3846 loss_dfl=0.0131 loss_total=61.8916 lr=3.70863e-05
2026-08-26 20:12:19 INFO  scripts.synthetic_model_comparison.training.training_pipeline | epoch 194/200 — train done in 13.8s | avg loss_box=0.5892 loss_cls=0.3965 loss_dfl=0.0147 loss_total=64.7011
2026-08-26 20:12:19 INFO  scripts.synthetic_model_comparison.training.evaluation | evaluating on 4 batches
2026-08-26 20:12:26 INFO  scripts.synthetic_model_comparison.training.training_pipeline | epoch 194/200 — val mAP50=0.8767 mAP50_95=0.6253 (selection mAP50_95=0.6253)
2026-08-26 20:12:27 INFO  scripts.synthetic_model_comparison.training.evaluation | mlflow: logged val/mAP50=0.8767 val/mAP50_95=0.6253 (step=193)
2026-08-26 20:12:27 INFO  scripts.synthetic_model_comparison.training.evaluation | mlflow: logged val per-class AP table (12 classes)
2026-08-26 20:12:27 INFO  scripts.synthetic_model_comparison.training.training_pipeline | saved checkpoint: /home/debian/Master-Thesis/scripts/synthetic_model_comparison/training/model_exports/yolo26n-gpt-image-2-medium-full-seed44-20260826-190757/last.pt
2026-08-26 20:12:28 INFO  scripts.synthetic_model_comparison.training.training_pipeline | epoch 194/200 done — next lr=3.23432e-05, epochs_since_improve=18/20
2026-08-26 20:12:28 INFO  scripts.synthetic_model_comparison.training.training_pipeline | epoch 195/200 — train start (lr=3.23432e-05, batches=15)
2026-08-26 20:12:40 INFO  scripts.synthetic_model_comparison.training.training_pipeline | epoch 195/200 — train done in 12.5s | avg loss_box=0.5774 loss_cls=0.3796 loss_dfl=0.0145 loss_total=62.9806
2026-08-26 20:12:40 INFO  scripts.synthetic_model_comparison.training.evaluation | evaluating on 4 batches
2026-08-26 20:12:46 INFO  scripts.synthetic_model_comparison.training.training_pipeline | epoch 195/200 — val mAP50=0.8755 mAP50_95=0.6258 (selection mAP50_95=0.6258)
2026-08-26 20:12:47 INFO  scripts.synthetic_model_comparison.training.evaluation | mlflow: logged val/mAP50=0.8755 val/mAP50_95=0.6258 (step=194)
2026-08-26 20:12:47 INFO  scripts.synthetic_model_comparison.training.evaluation | mlflow: logged val per-class AP table (12 classes)
2026-08-26 20:12:47 INFO  scripts.synthetic_model_comparison.training.training_pipeline | saved checkpoint: /home/debian/Master-Thesis/scripts/synthetic_model_comparison/training/model_exports/yolo26n-gpt-image-2-medium-full-seed44-20260826-190757/last.pt
2026-08-26 20:12:47 INFO  scripts.synthetic_model_comparison.training.training_pipeline | epoch 195/200 done — next lr=2.545e-05, epochs_since_improve=19/20
2026-08-26 20:12:47 INFO  scripts.synthetic_model_comparison.training.training_pipeline | epoch 196/200 — train start (lr=2.545e-05, batches=15)
2026-08-26 20:13:00 INFO  scripts.synthetic_model_comparison.training.training_pipeline | epoch 196/200 — train done in 12.3s | avg loss_box=0.5624 loss_cls=0.3872 loss_dfl=0.0145 loss_total=62.4797
2026-08-26 20:13:00 INFO  scripts.synthetic_model_comparison.training.evaluation | evaluating on 4 batches
2026-08-26 20:13:06 INFO  scripts.synthetic_model_comparison.training.training_pipeline | epoch 196/200 — val mAP50=0.8773 mAP50_95=0.6258 (selection mAP50_95=0.6258)
2026-08-26 20:13:06 INFO  scripts.synthetic_model_comparison.training.evaluation | mlflow: logged val/mAP50=0.8773 val/mAP50_95=0.6258 (step=195)
2026-08-26 20:13:07 INFO  scripts.synthetic_model_comparison.training.evaluation | mlflow: logged val per-class AP table (12 classes)
2026-08-26 20:13:07 INFO  scripts.synthetic_model_comparison.training.training_pipeline | saved checkpoint: /home/debian/Master-Thesis/scripts/synthetic_model_comparison/training/model_exports/yolo26n-gpt-image-2-medium-full-seed44-20260826-190757/last.pt
2026-08-26 20:13:07 INFO  scripts.synthetic_model_comparison.training.training_pipeline | epoch 196/200 done — next lr=1.98232e-05, epochs_since_improve=20/20
2026-08-26 20:13:07 INFO  scripts.synthetic_model_comparison.training.training_pipeline | early stopping at epoch 196 — no mAP50_95 improvement (>0.001) for 20 epochs
2026-08-26 20:13:07 INFO  scripts.synthetic_model_comparison.training.training_pipeline | saved checkpoint: /home/debian/Master-Thesis/scripts/synthetic_model_comparison/training/model_exports/yolo26n-gpt-image-2-medium-full-seed44-20260826-190757/last.pt
2026-08-26 20:13:07 INFO  scripts.synthetic_model_comparison.training.training_pipeline | training finished — loading best.pt for final test evaluation
2026-08-26 20:13:07 INFO  scripts.synthetic_model_comparison.training.training_pipeline | loaded best.pt (mAP50_95=0.6317 @ epoch 175)
2026-08-26 20:13:07 INFO  scripts.synthetic_model_comparison.training.evaluation | evaluating on 153 batches
2026-08-26 20:16:17 INFO  scripts.synthetic_model_comparison.training.training_pipeline | test mAP50=0.2010 mAP50_95=0.1153
2026-08-26 20:16:18 INFO  scripts.synthetic_model_comparison.training.evaluation | mlflow: logged test/mAP50=0.2010 test/mAP50_95=0.1153 (step=None)
2026-08-26 20:16:18 INFO  scripts.synthetic_model_comparison.training.evaluation | mlflow: logged test per-class AP table (12 classes)
2026-08-26 20:16:27 INFO  scripts.synthetic_model_comparison.training.training_pipeline | uploaded checkpoints to MLflow
2026-08-26 20:16:27 INFO  __main__ | === post-training full evaluation (limit=None) ===
2026-08-26 20:16:27 INFO  scripts.synthetic_model_comparison.training.eval_suite.run_evaluation | === evaluation (real-only) ===
2026-08-26 20:16:27 INFO  scripts.synthetic_model_comparison.training.eval_suite.run_evaluation | checkpoint=/home/debian/Master-Thesis/scripts/synthetic_model_comparison/training/model_exports/yolo26n-gpt-image-2-medium-full-seed44-20260826-190757/best.pt device=cuda output_dir=/home/debian/Master-Thesis/scripts/synthetic_model_comparison/training/model_exports/yolo26n-gpt-image-2-medium-full-seed44-20260826-190757/evaluation
2026-08-26 20:16:27 INFO  scripts.synthetic_model_comparison.training.eval_suite.run_evaluation | real_ann=/home/debian/Master-Thesis/data/synthetic_model_comparison/test/annotations_test.json max_det=100
2026-08-26 20:16:27 INFO  scripts.synthetic_model_comparison.training.dataset | dataset annotations_test.json: 9742 images, 9742 annotations, 12 classes
2026-08-26 20:16:27 INFO  scripts.synthetic_model_comparison.training.eval_suite.predict | loading checkpoint: /home/debian/Master-Thesis/scripts/synthetic_model_comparison/training/model_exports/yolo26n-gpt-image-2-medium-full-seed44-20260826-190757/best.pt
2026-08-26 20:16:27 INFO  scripts.synthetic_model_comparison.training.yolo26n_model | no pretrained weights — training from random initialization
2026-08-26 20:16:27 INFO  scripts.synthetic_model_comparison.training.yolo26n_model | model: yolo26n, nc=12, params=2.51M, device=cuda
2026-08-26 20:16:27 INFO  scripts.synthetic_model_comparison.training.eval_suite.predict | checkpoint format: training dict (state_dict under 'model' key)
2026-08-26 20:16:27 INFO  scripts.synthetic_model_comparison.training.eval_suite.predict | loaded 708/708 keys from checkpoint (skipped 0 shape-mismatched / missing)
2026-08-26 20:16:27 INFO  scripts.synthetic_model_comparison.training.eval_suite.predict | running inference: 9742 images, batch=64, max_det=100 (NMS-free: conf/iou thresholds unused)
2026-08-26 20:20:42 INFO  scripts.synthetic_model_comparison.training.eval_suite.predict | inference complete: 974200 predictions over 9742 images
2026-08-26 20:20:54 INFO  scripts.synthetic_model_comparison.training.eval_suite.predict | predictions written to /home/debian/Master-Thesis/scripts/synthetic_model_comparison/training/model_exports/yolo26n-gpt-image-2-medium-full-seed44-20260826-190757/evaluation/predictions_real.json
2026-08-26 20:20:54 INFO  scripts.synthetic_model_comparison.training.eval_suite.scoring | loading GT index from /home/debian/Master-Thesis/data/synthetic_model_comparison/test/annotations_test.json
2026-08-26 20:20:54 INFO  scripts.synthetic_model_comparison.training.eval_suite.scoring | GT index: 9742 images, 12 categories, 9742 annotated images
2026-08-26 20:20:54 INFO  scripts.synthetic_model_comparison.training.eval_suite.report | headline: real-test mAP (fine)
2026-08-26 20:22:34 INFO  scripts.synthetic_model_comparison.training.eval_suite.report | per-class AP table
2026-08-26 20:22:34 INFO  scripts.synthetic_model_comparison.training.eval_suite.report | within-look-alike-group confusion
2026-08-26 20:22:38 INFO  scripts.synthetic_model_comparison.training.eval_suite.report | wrote markdown report: /home/debian/Master-Thesis/scripts/synthetic_model_comparison/training/model_exports/yolo26n-gpt-image-2-medium-full-seed44-20260826-190757/evaluation/evaluation_report.md
2026-08-26 20:22:38 INFO  scripts.synthetic_model_comparison.training.eval_suite.report | wrote CSV artifacts: /home/debian/Master-Thesis/scripts/synthetic_model_comparison/training/model_exports/yolo26n-gpt-image-2-medium-full-seed44-20260826-190757/evaluation/eval_per_class.csv, /home/debian/Master-Thesis/scripts/synthetic_model_comparison/training/model_exports/yolo26n-gpt-image-2-medium-full-seed44-20260826-190757/evaluation/eval_confusion_pairs.csv
2026-08-26 20:22:38 INFO  scripts.synthetic_model_comparison.training.eval_suite.report | wrote JSON report: /home/debian/Master-Thesis/scripts/synthetic_model_comparison/training/model_exports/yolo26n-gpt-image-2-medium-full-seed44-20260826-190757/evaluation/evaluation_report.json
2026-08-26 20:22:42 INFO  scripts.synthetic_model_comparison.training.eval_suite.report | logged eval scalars to MLflow under 'eval/'
2026-08-26 20:22:43 INFO  scripts.synthetic_model_comparison.training.eval_suite.run_evaluation | evaluation complete — report at /home/debian/Master-Thesis/scripts/synthetic_model_comparison/training/model_exports/yolo26n-gpt-image-2-medium-full-seed44-20260826-190757/evaluation/evaluation_report.md
2026-08-26 20:22:44 INFO  __main__ | uploaded log artifact: /home/debian/Master-Thesis/scripts/synthetic_model_comparison/training/model_exports/yolo26n-gpt-image-2-medium-full-seed44-20260826-190757/yolo26n-gpt-image-2-medium-full-seed44-20260826-190757.log
