2026-08-06 07:15:17 INFO  __main__ | === teacher_finetune (SpeciesNet classifier) training run ===
2026-08-06 07:15:17 INFO  __main__ | run_name=teacher-finetune-20260806-071516 experiment=teacher-finetune-speciesnet225
2026-08-06 07:15:17 INFO  __main__ | resuming from checkpoint: scripts/training/teacher_finetune/model_exports/teacher-finetune-20260805-113610/best.pt
2026-08-06 07:15:17 INFO  __main__ | mlflow tracking_uri=http://hetzner.taile550ef.ts.net:5000/
2026-08-06 07:15:17 INFO  __main__ | run dir: /app/scripts/training/teacher_finetune/model_exports/teacher-finetune-20260806-071516
2026-08-06 07:15:17 INFO  __main__ | log file: /app/scripts/training/teacher_finetune/model_exports/teacher-finetune-20260806-071516/teacher-finetune-20260806-071516.log
2026-08-06 07:15:18 INFO  __main__ | seed=42 device=cuda epochs=100 smoke=False
2026-08-06 07:15:20 INFO  absl | Loading model from /root/.cache/kagglehub/models/google/speciesnet/pyTorch/v4.0.3a/1/always_crop_99710272_22x8_v12_epoch_00148.pt.
2026-08-06 07:15:21 INFO  absl | Loaded SpeciesNetClassifier in 1.32 seconds on CUDA.
2026-08-06 07:15:21 INFO  scripts.training.teacher_finetune.teacher_model | froze 245/490 parameter tensors (fraction=0.50), 245 trainable
2026-08-06 07:15:21 INFO  scripts.training.teacher_finetune.teacher_model | model: speciesnet-classifier, nc=2498, params=52.71M (43.55M trainable), device=cuda
2026-08-06 07:15:23 INFO  scripts.training.teacher_finetune.dataset | dataset annotations_train.json: 187705 crops, 225 classes
2026-08-06 07:15:23 INFO  scripts.training.teacher_finetune.dataset | dataset annotations_val.json: 19732 crops, 225 classes
2026-08-06 07:15:23 INFO  scripts.training.teacher_finetune.dataset | dataset annotations_test.json: 92094 crops, 225 classes
2026-08-06 07:15:23 INFO  scripts.training.teacher_finetune.teacher_model | optimizer=AdamW lr=0.0001 weight_decay=0.0001 | trainable params=245
2026-08-06 07:15:23 INFO  scripts.training.teacher_finetune.teacher_model | scheduler: OneCycleLR(max_lr=0.0003, total_steps=586500, pct_start=0.03, div_factor=10, final_div_factor=100) — stepped per batch
2026-08-06 07:15:24 INFO  absl | Loading model from /root/.cache/kagglehub/models/google/speciesnet/pyTorch/v4.0.3a/1/always_crop_99710272_22x8_v12_epoch_00148.pt.
2026-08-06 07:15:24 INFO  absl | Loaded SpeciesNetClassifier in 0.55 seconds on CUDA.
2026-08-06 07:15:24 WARNING scripts.training.teacher_finetune.loss | 11 idx_225 classes have an EMPTY leaf group (no matching SpeciesNet leaf class) — samples with these labels are excluded from the loss (ignore_index-style), not treated as NaN. idx_225 set: [27, 74, 79, 120, 126, 164, 182, 188, 191, 212, 223]. See this module's docstring for the full class list/framing.
2026-08-06 07:15:24 INFO  scripts.training.teacher_finetune.loss | GroupedCrossEntropyLoss: 171 single-member groups (plain CE fast path), 43 multi-member groups (grouped CE), 11 empty (ignored)
2026-08-06 07:15:24 INFO  __main__ | run config:
2026-08-06 07:15:24 INFO  __main__ |   ANNOTATIONS_TEST = /app/data/real/annotations_test.json
2026-08-06 07:15:24 INFO  __main__ |   ANNOTATIONS_TRAIN = /app/data/real/annotations_train.json
2026-08-06 07:15:24 INFO  __main__ |   ANNOTATIONS_VAL = /app/data/real/annotations_val.json
2026-08-06 07:15:24 INFO  __main__ |   BATCH_SIZE = 32
2026-08-06 07:15:24 INFO  __main__ |   CLASSES_225_PATH = /app/reports/classes_225.csv
2026-08-06 07:15:24 INFO  __main__ |   DATA_ROOT = /app/data
2026-08-06 07:15:24 INFO  __main__ |   EARLY_STOP = True
2026-08-06 07:15:24 INFO  __main__ |   EARLY_STOP_MIN_DELTA = 0.001
2026-08-06 07:15:24 INFO  __main__ |   EARLY_STOP_PATIENCE = 15
2026-08-06 07:15:24 INFO  __main__ |   EPOCH_COUNT = 100
2026-08-06 07:15:24 INFO  __main__ |   FREEZE_PARAM_FRACTION = 0.5
2026-08-06 07:15:24 INFO  __main__ |   IMAGE_ROOT = /app
2026-08-06 07:15:24 INFO  __main__ |   IMAGE_SIZE = 480
2026-08-06 07:15:24 INFO  __main__ |   LEARNING_RATE = 0.0001
2026-08-06 07:15:24 INFO  __main__ |   MLFLOW_EXPERIMENT_DEFAULT = teacher-finetune-speciesnet225
2026-08-06 07:15:24 INFO  __main__ |   MLFLOW_LOG_EVERY_N_STEPS = 50
2026-08-06 07:15:24 INFO  __main__ |   NUM_CLASSES_225 = 225
2026-08-06 07:15:24 INFO  __main__ |   NUM_CLASSES_LEAF = 2498
2026-08-06 07:15:24 INFO  __main__ |   NUM_WORKERS = 8
2026-08-06 07:15:24 INFO  __main__ |   ONE_CYCLE_DIV_FACTOR = 10.0
2026-08-06 07:15:24 INFO  __main__ |   ONE_CYCLE_FINAL_DIV_FACTOR = 100.0
2026-08-06 07:15:24 INFO  __main__ |   ONE_CYCLE_MAX_LR = 0.0003
2026-08-06 07:15:24 INFO  __main__ |   ONE_CYCLE_PCT_START = 0.03
2026-08-06 07:15:24 INFO  __main__ |   OPTIMIZER = AdamW
2026-08-06 07:15:24 INFO  __main__ |   OUTPUT_DIR = /app/scripts/training/teacher_finetune/model_exports
2026-08-06 07:15:24 INFO  __main__ |   REPO_ROOT = /app
2026-08-06 07:15:24 INFO  __main__ |   SEED = 42
2026-08-06 07:15:24 INFO  __main__ |   SELECTION_METRIC = f1_macro
2026-08-06 07:15:24 INFO  __main__ |   TAXONOMY_PATH = /app/resources/speciesnet_taxonomy_release.txt
2026-08-06 07:15:24 INFO  __main__ |   USE_AMP = True
2026-08-06 07:15:24 INFO  __main__ |   USE_EMA = True
2026-08-06 07:15:24 INFO  __main__ |   WARMUP_EPOCHS = 3
2026-08-06 07:15:24 INFO  __main__ |   WEIGHT_DECAY = 0.0001
2026-08-06 07:15:24 INFO  __main__ |   dataset_size_test = 92094
2026-08-06 07:15:24 INFO  __main__ |   dataset_size_train = 187705
2026-08-06 07:15:24 INFO  __main__ |   dataset_size_val = 19732
2026-08-06 07:15:24 INFO  __main__ |   device = cuda
2026-08-06 07:15:24 INFO  __main__ |   epochs_actual = 100
2026-08-06 07:15:24 INFO  __main__ |   git_sha = 
2026-08-06 07:15:24 INFO  __main__ |   resume_from = scripts/training/teacher_finetune/model_exports/teacher-finetune-20260805-113610/best.pt
2026-08-06 07:15:24 INFO  __main__ |   smoke = False
2026-08-06 07:15:26 INFO  scripts.training.teacher_finetune.training_pipeline | copied scripts/training/teacher_finetune/model_exports/teacher-finetune-20260805-113610/best.pt -> /app/scripts/training/teacher_finetune/model_exports/teacher-finetune-20260806-071516/best.pt
2026-08-06 07:15:26 INFO  scripts.training.teacher_finetune.training_pipeline | resumed from scripts/training/teacher_finetune/model_exports/teacher-finetune-20260805-113610/best.pt: continuing at epoch 5 (best f1_macro=0.7645, epochs_since_improve=0)
2026-08-06 07:15:26 INFO  scripts.training.teacher_finetune.training_pipeline | output dir: /app/scripts/training/teacher_finetune/model_exports/teacher-finetune-20260806-071516 | selection_metric=f1_macro early_stop=True(patience=15, min_delta=0.001) ema=True amp=True
2026-08-06 07:15:26 INFO  scripts.training.teacher_finetune.training_pipeline | starting training: ceiling=100 epochs | train_batches=5865 val_batches=617 test_batches=2878 | device=cuda
2026-08-06 07:15:26 INFO  scripts.training.teacher_finetune.training_pipeline | epoch 5/100 — train start (lr=0.000299921, batches=5865)
2026-08-06 07:15:59 INFO  scripts.training.teacher_finetune.training_pipeline | step 23500 | loss_grouped_ce=0.2206 lr=0.00029992
2026-08-06 07:16:17 INFO  scripts.training.teacher_finetune.training_pipeline | step 23550 | loss_grouped_ce=0.2424 lr=0.000299919
2026-08-06 07:16:36 INFO  scripts.training.teacher_finetune.training_pipeline | step 23600 | loss_grouped_ce=0.2675 lr=0.000299918
2026-08-06 07:17:02 INFO  scripts.training.teacher_finetune.training_pipeline | step 23650 | loss_grouped_ce=0.3488 lr=0.000299916
2026-08-06 07:17:20 INFO  scripts.training.teacher_finetune.training_pipeline | step 23700 | loss_grouped_ce=0.4515 lr=0.000299915
2026-08-06 07:17:37 INFO  scripts.training.teacher_finetune.training_pipeline | step 23750 | loss_grouped_ce=0.3958 lr=0.000299913
2026-08-06 07:17:55 INFO  scripts.training.teacher_finetune.training_pipeline | step 23800 | loss_grouped_ce=0.5253 lr=0.000299912
2026-08-06 07:18:14 INFO  scripts.training.teacher_finetune.training_pipeline | step 23850 | loss_grouped_ce=0.3985 lr=0.000299911
2026-08-06 07:18:35 INFO  scripts.training.teacher_finetune.training_pipeline | step 23900 | loss_grouped_ce=0.3218 lr=0.000299909
2026-08-06 07:18:53 INFO  scripts.training.teacher_finetune.training_pipeline | step 23950 | loss_grouped_ce=0.2591 lr=0.000299908
2026-08-06 07:19:12 INFO  scripts.training.teacher_finetune.training_pipeline | step 24000 | loss_grouped_ce=0.8365 lr=0.000299906
2026-08-06 07:19:33 INFO  scripts.training.teacher_finetune.training_pipeline | step 24050 | loss_grouped_ce=0.3051 lr=0.000299905
2026-08-06 07:19:53 INFO  scripts.training.teacher_finetune.training_pipeline | step 24100 | loss_grouped_ce=1.1026 lr=0.000299903
2026-08-06 07:20:11 INFO  scripts.training.teacher_finetune.training_pipeline | step 24150 | loss_grouped_ce=0.4865 lr=0.000299902
2026-08-06 07:20:29 INFO  scripts.training.teacher_finetune.training_pipeline | step 24200 | loss_grouped_ce=0.1262 lr=0.0002999
2026-08-06 07:20:47 INFO  scripts.training.teacher_finetune.training_pipeline | step 24250 | loss_grouped_ce=0.4110 lr=0.000299899
2026-08-06 07:21:11 INFO  scripts.training.teacher_finetune.training_pipeline | step 24300 | loss_grouped_ce=0.2437 lr=0.000299897
2026-08-06 07:21:32 INFO  scripts.training.teacher_finetune.training_pipeline | step 24350 | loss_grouped_ce=0.6195 lr=0.000299896
2026-08-06 07:21:50 INFO  scripts.training.teacher_finetune.training_pipeline | step 24400 | loss_grouped_ce=0.3407 lr=0.000299894
2026-08-06 07:22:18 INFO  scripts.training.teacher_finetune.training_pipeline | step 24450 | loss_grouped_ce=0.8240 lr=0.000299893
2026-08-06 07:22:36 INFO  scripts.training.teacher_finetune.training_pipeline | step 24500 | loss_grouped_ce=0.1789 lr=0.000299891
2026-08-06 07:22:53 INFO  scripts.training.teacher_finetune.training_pipeline | step 24550 | loss_grouped_ce=0.1889 lr=0.000299889
2026-08-06 07:23:16 INFO  scripts.training.teacher_finetune.training_pipeline | step 24600 | loss_grouped_ce=1.0316 lr=0.000299888
2026-08-06 07:23:35 INFO  scripts.training.teacher_finetune.training_pipeline | step 24650 | loss_grouped_ce=0.3170 lr=0.000299886
2026-08-06 07:23:56 INFO  scripts.training.teacher_finetune.training_pipeline | step 24700 | loss_grouped_ce=0.5052 lr=0.000299885
2026-08-06 07:24:18 INFO  scripts.training.teacher_finetune.training_pipeline | step 24750 | loss_grouped_ce=0.2697 lr=0.000299883
2026-08-06 07:24:42 INFO  scripts.training.teacher_finetune.training_pipeline | step 24800 | loss_grouped_ce=0.4092 lr=0.000299881
2026-08-06 07:25:01 INFO  scripts.training.teacher_finetune.training_pipeline | step 24850 | loss_grouped_ce=0.2139 lr=0.00029988
2026-08-06 07:25:26 INFO  scripts.training.teacher_finetune.training_pipeline | step 24900 | loss_grouped_ce=0.5636 lr=0.000299878
2026-08-06 07:25:46 INFO  scripts.training.teacher_finetune.training_pipeline | step 24950 | loss_grouped_ce=0.8036 lr=0.000299876
2026-08-06 07:26:03 INFO  scripts.training.teacher_finetune.training_pipeline | step 25000 | loss_grouped_ce=0.4578 lr=0.000299875
2026-08-06 07:26:28 INFO  scripts.training.teacher_finetune.training_pipeline | step 25050 | loss_grouped_ce=0.5760 lr=0.000299873
2026-08-06 07:26:51 INFO  scripts.training.teacher_finetune.training_pipeline | step 25100 | loss_grouped_ce=0.6071 lr=0.000299871
2026-08-06 07:27:22 INFO  scripts.training.teacher_finetune.training_pipeline | step 25150 | loss_grouped_ce=0.4502 lr=0.00029987
2026-08-06 07:27:44 INFO  scripts.training.teacher_finetune.training_pipeline | step 25200 | loss_grouped_ce=0.5797 lr=0.000299868
2026-08-06 07:28:07 INFO  scripts.training.teacher_finetune.training_pipeline | step 25250 | loss_grouped_ce=0.4653 lr=0.000299866
2026-08-06 07:28:31 INFO  scripts.training.teacher_finetune.training_pipeline | step 25300 | loss_grouped_ce=0.6089 lr=0.000299864
2026-08-06 07:28:48 INFO  scripts.training.teacher_finetune.training_pipeline | step 25350 | loss_grouped_ce=0.6598 lr=0.000299863
2026-08-06 07:29:13 INFO  scripts.training.teacher_finetune.training_pipeline | step 25400 | loss_grouped_ce=0.2880 lr=0.000299861
2026-08-06 07:29:36 INFO  scripts.training.teacher_finetune.training_pipeline | step 25450 | loss_grouped_ce=0.4354 lr=0.000299859
2026-08-06 07:29:59 INFO  scripts.training.teacher_finetune.training_pipeline | step 25500 | loss_grouped_ce=0.3988 lr=0.000299857
2026-08-06 07:30:24 INFO  scripts.training.teacher_finetune.training_pipeline | step 25550 | loss_grouped_ce=0.5613 lr=0.000299855
2026-08-06 07:30:44 INFO  scripts.training.teacher_finetune.training_pipeline | step 25600 | loss_grouped_ce=0.3383 lr=0.000299854
2026-08-06 07:31:03 INFO  scripts.training.teacher_finetune.training_pipeline | step 25650 | loss_grouped_ce=0.6479 lr=0.000299852
2026-08-06 07:31:29 INFO  scripts.training.teacher_finetune.training_pipeline | step 25700 | loss_grouped_ce=0.4173 lr=0.00029985
2026-08-06 07:31:55 INFO  scripts.training.teacher_finetune.training_pipeline | step 25750 | loss_grouped_ce=0.5738 lr=0.000299848
2026-08-06 07:32:20 INFO  scripts.training.teacher_finetune.training_pipeline | step 25800 | loss_grouped_ce=0.2828 lr=0.000299846
2026-08-06 07:32:42 INFO  scripts.training.teacher_finetune.training_pipeline | step 25850 | loss_grouped_ce=0.2208 lr=0.000299844
2026-08-06 07:33:00 INFO  scripts.training.teacher_finetune.training_pipeline | step 25900 | loss_grouped_ce=0.5307 lr=0.000299842
2026-08-06 07:33:23 INFO  scripts.training.teacher_finetune.training_pipeline | step 25950 | loss_grouped_ce=0.8824 lr=0.00029984
2026-08-06 07:33:51 INFO  scripts.training.teacher_finetune.training_pipeline | step 26000 | loss_grouped_ce=0.2201 lr=0.000299839
2026-08-06 07:34:20 INFO  scripts.training.teacher_finetune.training_pipeline | step 26050 | loss_grouped_ce=0.6096 lr=0.000299837
2026-08-06 07:34:41 INFO  scripts.training.teacher_finetune.training_pipeline | step 26100 | loss_grouped_ce=0.2648 lr=0.000299835
2026-08-06 07:35:07 INFO  scripts.training.teacher_finetune.training_pipeline | step 26150 | loss_grouped_ce=0.7402 lr=0.000299833
2026-08-06 07:35:27 INFO  scripts.training.teacher_finetune.training_pipeline | step 26200 | loss_grouped_ce=0.2818 lr=0.000299831
2026-08-06 07:35:51 INFO  scripts.training.teacher_finetune.training_pipeline | step 26250 | loss_grouped_ce=0.5249 lr=0.000299829
2026-08-06 07:36:10 INFO  scripts.training.teacher_finetune.training_pipeline | step 26300 | loss_grouped_ce=0.3887 lr=0.000299827
2026-08-06 07:36:27 INFO  scripts.training.teacher_finetune.training_pipeline | step 26350 | loss_grouped_ce=0.6426 lr=0.000299825
2026-08-06 07:36:49 INFO  scripts.training.teacher_finetune.training_pipeline | step 26400 | loss_grouped_ce=0.4899 lr=0.000299823
2026-08-06 07:37:19 INFO  scripts.training.teacher_finetune.training_pipeline | step 26450 | loss_grouped_ce=0.1402 lr=0.000299821
2026-08-06 07:37:44 INFO  scripts.training.teacher_finetune.training_pipeline | step 26500 | loss_grouped_ce=0.4458 lr=0.000299819
2026-08-06 07:38:05 INFO  scripts.training.teacher_finetune.training_pipeline | step 26550 | loss_grouped_ce=0.7747 lr=0.000299817
2026-08-06 07:38:29 INFO  scripts.training.teacher_finetune.training_pipeline | step 26600 | loss_grouped_ce=0.5121 lr=0.000299815
2026-08-06 07:38:48 INFO  scripts.training.teacher_finetune.training_pipeline | step 26650 | loss_grouped_ce=0.2885 lr=0.000299813
2026-08-06 07:39:16 INFO  scripts.training.teacher_finetune.training_pipeline | step 26700 | loss_grouped_ce=0.2572 lr=0.000299811
2026-08-06 07:39:34 INFO  scripts.training.teacher_finetune.training_pipeline | step 26750 | loss_grouped_ce=0.7375 lr=0.000299808
2026-08-06 07:39:51 INFO  scripts.training.teacher_finetune.training_pipeline | step 26800 | loss_grouped_ce=0.1498 lr=0.000299806
2026-08-06 07:40:11 INFO  scripts.training.teacher_finetune.training_pipeline | step 26850 | loss_grouped_ce=0.6226 lr=0.000299804
2026-08-06 07:40:34 INFO  scripts.training.teacher_finetune.training_pipeline | step 26900 | loss_grouped_ce=0.4327 lr=0.000299802
2026-08-06 07:40:52 INFO  scripts.training.teacher_finetune.training_pipeline | step 26950 | loss_grouped_ce=0.7783 lr=0.0002998
2026-08-06 07:41:15 INFO  scripts.training.teacher_finetune.training_pipeline | step 27000 | loss_grouped_ce=0.3917 lr=0.000299798
2026-08-06 07:41:33 INFO  scripts.training.teacher_finetune.training_pipeline | step 27050 | loss_grouped_ce=0.7603 lr=0.000299796
2026-08-06 07:41:55 INFO  scripts.training.teacher_finetune.training_pipeline | step 27100 | loss_grouped_ce=1.0505 lr=0.000299794
2026-08-06 07:42:22 INFO  scripts.training.teacher_finetune.training_pipeline | step 27150 | loss_grouped_ce=0.6224 lr=0.000299791
2026-08-06 07:42:44 INFO  scripts.training.teacher_finetune.training_pipeline | step 27200 | loss_grouped_ce=0.8784 lr=0.000299789
2026-08-06 07:42:59 WARNING scripts.training.teacher_finetune.training_pipeline | epoch 5 step 27244: non-finite loss/logits — skipped batch, restored BN buffers (1 skipped so far this epoch)
2026-08-06 07:43:02 INFO  scripts.training.teacher_finetune.training_pipeline | step 27250 | loss_grouped_ce=0.7133 lr=0.000299787
2026-08-06 07:43:19 INFO  scripts.training.teacher_finetune.training_pipeline | step 27300 | loss_grouped_ce=0.4660 lr=0.000299785
2026-08-06 07:43:36 INFO  scripts.training.teacher_finetune.training_pipeline | step 27350 | loss_grouped_ce=0.3976 lr=0.000299783
2026-08-06 07:43:59 INFO  scripts.training.teacher_finetune.training_pipeline | step 27400 | loss_grouped_ce=1.1770 lr=0.00029978
2026-08-06 07:44:17 INFO  scripts.training.teacher_finetune.training_pipeline | step 27450 | loss_grouped_ce=0.7655 lr=0.000299778
2026-08-06 07:44:39 INFO  scripts.training.teacher_finetune.training_pipeline | step 27500 | loss_grouped_ce=0.2208 lr=0.000299776
2026-08-06 07:45:06 INFO  scripts.training.teacher_finetune.training_pipeline | step 27550 | loss_grouped_ce=0.6014 lr=0.000299774
2026-08-06 07:45:28 INFO  scripts.training.teacher_finetune.training_pipeline | step 27600 | loss_grouped_ce=0.8647 lr=0.000299771
2026-08-06 07:45:49 INFO  scripts.training.teacher_finetune.training_pipeline | step 27650 | loss_grouped_ce=0.6552 lr=0.000299769
2026-08-06 07:46:11 INFO  scripts.training.teacher_finetune.training_pipeline | step 27700 | loss_grouped_ce=0.5204 lr=0.000299767
2026-08-06 07:46:28 INFO  scripts.training.teacher_finetune.training_pipeline | step 27750 | loss_grouped_ce=0.9072 lr=0.000299764
2026-08-06 07:46:48 INFO  scripts.training.teacher_finetune.training_pipeline | step 27800 | loss_grouped_ce=0.5087 lr=0.000299762
2026-08-06 07:47:08 INFO  scripts.training.teacher_finetune.training_pipeline | step 27850 | loss_grouped_ce=0.1795 lr=0.00029976
2026-08-06 07:47:31 INFO  scripts.training.teacher_finetune.training_pipeline | step 27900 | loss_grouped_ce=0.3909 lr=0.000299757
2026-08-06 07:47:54 INFO  scripts.training.teacher_finetune.training_pipeline | step 27950 | loss_grouped_ce=0.2916 lr=0.000299755
2026-08-06 07:48:14 INFO  scripts.training.teacher_finetune.training_pipeline | step 28000 | loss_grouped_ce=0.3177 lr=0.000299753
2026-08-06 07:48:31 INFO  scripts.training.teacher_finetune.training_pipeline | step 28050 | loss_grouped_ce=0.7100 lr=0.00029975
2026-08-06 07:48:49 INFO  scripts.training.teacher_finetune.training_pipeline | step 28100 | loss_grouped_ce=0.5178 lr=0.000299748
2026-08-06 07:49:06 INFO  scripts.training.teacher_finetune.training_pipeline | step 28150 | loss_grouped_ce=0.6436 lr=0.000299745
2026-08-06 07:49:28 INFO  scripts.training.teacher_finetune.training_pipeline | step 28200 | loss_grouped_ce=0.5133 lr=0.000299743
2026-08-06 07:49:46 INFO  scripts.training.teacher_finetune.training_pipeline | step 28250 | loss_grouped_ce=0.7028 lr=0.000299741
2026-08-06 07:50:11 INFO  scripts.training.teacher_finetune.training_pipeline | step 28300 | loss_grouped_ce=0.5516 lr=0.000299738
2026-08-06 07:50:28 INFO  scripts.training.teacher_finetune.training_pipeline | step 28350 | loss_grouped_ce=0.6965 lr=0.000299736
2026-08-06 07:50:50 INFO  scripts.training.teacher_finetune.training_pipeline | step 28400 | loss_grouped_ce=0.7945 lr=0.000299733
2026-08-06 07:51:14 INFO  scripts.training.teacher_finetune.training_pipeline | step 28450 | loss_grouped_ce=0.4902 lr=0.000299731
2026-08-06 07:51:34 INFO  scripts.training.teacher_finetune.training_pipeline | step 28500 | loss_grouped_ce=0.3664 lr=0.000299728
2026-08-06 07:51:52 INFO  scripts.training.teacher_finetune.training_pipeline | step 28550 | loss_grouped_ce=0.2561 lr=0.000299726
2026-08-06 07:52:16 INFO  scripts.training.teacher_finetune.training_pipeline | step 28600 | loss_grouped_ce=0.3316 lr=0.000299723
2026-08-06 07:52:35 INFO  scripts.training.teacher_finetune.training_pipeline | step 28650 | loss_grouped_ce=0.3741 lr=0.000299721
2026-08-06 07:53:03 INFO  scripts.training.teacher_finetune.training_pipeline | step 28700 | loss_grouped_ce=0.4050 lr=0.000299718
2026-08-06 07:53:29 INFO  scripts.training.teacher_finetune.training_pipeline | step 28750 | loss_grouped_ce=0.6792 lr=0.000299716
2026-08-06 07:53:46 INFO  scripts.training.teacher_finetune.training_pipeline | step 28800 | loss_grouped_ce=0.2435 lr=0.000299713
2026-08-06 07:54:10 INFO  scripts.training.teacher_finetune.training_pipeline | step 28850 | loss_grouped_ce=0.4977 lr=0.000299711
2026-08-06 07:54:36 INFO  scripts.training.teacher_finetune.training_pipeline | step 28900 | loss_grouped_ce=0.2685 lr=0.000299708
2026-08-06 07:54:56 INFO  scripts.training.teacher_finetune.training_pipeline | step 28950 | loss_grouped_ce=1.0579 lr=0.000299705
2026-08-06 07:55:15 INFO  scripts.training.teacher_finetune.training_pipeline | step 29000 | loss_grouped_ce=0.8382 lr=0.000299703
2026-08-06 07:55:34 INFO  scripts.training.teacher_finetune.training_pipeline | step 29050 | loss_grouped_ce=0.0637 lr=0.0002997
2026-08-06 07:56:05 INFO  scripts.training.teacher_finetune.training_pipeline | step 29100 | loss_grouped_ce=0.3811 lr=0.000299698
2026-08-06 07:56:31 INFO  scripts.training.teacher_finetune.training_pipeline | step 29150 | loss_grouped_ce=0.3311 lr=0.000299695
2026-08-06 07:56:49 INFO  scripts.training.teacher_finetune.training_pipeline | step 29200 | loss_grouped_ce=0.4099 lr=0.000299692
2026-08-06 07:57:07 INFO  scripts.training.teacher_finetune.training_pipeline | step 29250 | loss_grouped_ce=0.9714 lr=0.00029969
2026-08-06 07:57:26 INFO  scripts.training.teacher_finetune.training_pipeline | step 29300 | loss_grouped_ce=0.1511 lr=0.000299687
2026-08-06 07:57:34 INFO  scripts.training.teacher_finetune.training_pipeline | epoch 5/100 — train done in 2528.0s | avg loss_grouped_ce=0.4933 | skipped=1/5865 batches (non-finite)
2026-08-06 07:57:34 INFO  scripts.training.teacher_finetune.evaluate | evaluating on 617 batches
2026-08-06 08:03:14 INFO  scripts.training.teacher_finetune.training_pipeline | epoch 5/100 — val accuracy_top1=0.7878 f1_macro=0.7706 f1_micro=0.7878 (selection f1_macro=0.7706)
2026-08-06 08:03:15 INFO  scripts.training.teacher_finetune.evaluate | mlflow: logged val/accuracy_top1=0.7878 val/f1_macro=0.7706 val/f1_micro=0.7878 (step=4, n=19732)
2026-08-06 08:03:16 INFO  scripts.training.teacher_finetune.evaluate | mlflow: logged val per-source accuracy table (6 sources)
2026-08-06 08:03:18 INFO  scripts.training.teacher_finetune.training_pipeline | saved checkpoint: /app/scripts/training/teacher_finetune/model_exports/teacher-finetune-20260806-071516/best.pt
2026-08-06 08:03:18 INFO  scripts.training.teacher_finetune.training_pipeline | new best f1_macro=0.7706 at epoch 5
2026-08-06 08:03:19 INFO  scripts.training.teacher_finetune.training_pipeline | saved checkpoint: /app/scripts/training/teacher_finetune/model_exports/teacher-finetune-20260806-071516/last.pt
2026-08-06 08:03:20 INFO  scripts.training.teacher_finetune.training_pipeline | epoch 5/100 done — next lr=0.000299686, epochs_since_improve=0/15
2026-08-06 08:03:20 INFO  scripts.training.teacher_finetune.training_pipeline | epoch 6/100 — train start (lr=0.000299686, batches=5865)
2026-08-06 08:03:36 INFO  scripts.training.teacher_finetune.training_pipeline | step 29350 | loss_grouped_ce=0.5858 lr=0.000299684
2026-08-06 08:03:58 INFO  scripts.training.teacher_finetune.training_pipeline | step 29400 | loss_grouped_ce=0.3367 lr=0.000299682
2026-08-06 08:04:20 INFO  scripts.training.teacher_finetune.training_pipeline | step 29450 | loss_grouped_ce=0.9643 lr=0.000299679
2026-08-06 08:04:37 INFO  scripts.training.teacher_finetune.training_pipeline | step 29500 | loss_grouped_ce=0.0382 lr=0.000299676
2026-08-06 08:04:56 INFO  scripts.training.teacher_finetune.training_pipeline | step 29550 | loss_grouped_ce=0.0860 lr=0.000299673
2026-08-06 08:05:15 INFO  scripts.training.teacher_finetune.training_pipeline | step 29600 | loss_grouped_ce=0.4334 lr=0.000299671
2026-08-06 08:05:33 INFO  scripts.training.teacher_finetune.training_pipeline | step 29650 | loss_grouped_ce=0.1601 lr=0.000299668
2026-08-06 08:05:51 INFO  scripts.training.teacher_finetune.training_pipeline | step 29700 | loss_grouped_ce=0.0890 lr=0.000299665
2026-08-06 08:06:13 INFO  scripts.training.teacher_finetune.training_pipeline | step 29750 | loss_grouped_ce=0.3005 lr=0.000299662
2026-08-06 08:06:30 INFO  scripts.training.teacher_finetune.training_pipeline | step 29800 | loss_grouped_ce=0.2845 lr=0.00029966
2026-08-06 08:06:47 INFO  scripts.training.teacher_finetune.training_pipeline | step 29850 | loss_grouped_ce=0.3249 lr=0.000299657
2026-08-06 08:07:03 INFO  scripts.training.teacher_finetune.training_pipeline | step 29900 | loss_grouped_ce=0.3686 lr=0.000299654
2026-08-06 08:07:21 INFO  scripts.training.teacher_finetune.training_pipeline | step 29950 | loss_grouped_ce=0.2421 lr=0.000299651
2026-08-06 08:07:38 INFO  scripts.training.teacher_finetune.training_pipeline | step 30000 | loss_grouped_ce=0.4593 lr=0.000299648
2026-08-06 08:07:56 INFO  scripts.training.teacher_finetune.training_pipeline | step 30050 | loss_grouped_ce=0.3920 lr=0.000299646
2026-08-06 08:08:13 INFO  scripts.training.teacher_finetune.training_pipeline | step 30100 | loss_grouped_ce=0.0440 lr=0.000299643
2026-08-06 08:08:32 INFO  scripts.training.teacher_finetune.training_pipeline | step 30150 | loss_grouped_ce=0.2982 lr=0.00029964
2026-08-06 08:08:52 INFO  scripts.training.teacher_finetune.training_pipeline | step 30200 | loss_grouped_ce=0.4066 lr=0.000299637
2026-08-06 08:09:10 INFO  scripts.training.teacher_finetune.training_pipeline | step 30250 | loss_grouped_ce=0.4985 lr=0.000299634
2026-08-06 08:09:27 INFO  scripts.training.teacher_finetune.training_pipeline | step 30300 | loss_grouped_ce=0.2336 lr=0.000299631
2026-08-06 08:09:44 INFO  scripts.training.teacher_finetune.training_pipeline | step 30350 | loss_grouped_ce=0.3297 lr=0.000299628
2026-08-06 08:10:06 INFO  scripts.training.teacher_finetune.training_pipeline | step 30400 | loss_grouped_ce=0.5068 lr=0.000299625
2026-08-06 08:10:24 INFO  scripts.training.teacher_finetune.training_pipeline | step 30450 | loss_grouped_ce=0.4064 lr=0.000299622
2026-08-06 08:10:41 INFO  scripts.training.teacher_finetune.training_pipeline | step 30500 | loss_grouped_ce=0.4227 lr=0.00029962
2026-08-06 08:10:58 INFO  scripts.training.teacher_finetune.training_pipeline | step 30550 | loss_grouped_ce=0.3291 lr=0.000299617
2026-08-06 08:11:15 INFO  scripts.training.teacher_finetune.training_pipeline | step 30600 | loss_grouped_ce=0.2893 lr=0.000299614
2026-08-06 08:11:32 INFO  scripts.training.teacher_finetune.training_pipeline | step 30650 | loss_grouped_ce=0.5583 lr=0.000299611
2026-08-06 08:11:49 INFO  scripts.training.teacher_finetune.training_pipeline | step 30700 | loss_grouped_ce=0.8340 lr=0.000299608
2026-08-06 08:12:06 INFO  scripts.training.teacher_finetune.training_pipeline | step 30750 | loss_grouped_ce=0.3961 lr=0.000299605
2026-08-06 08:12:23 INFO  scripts.training.teacher_finetune.training_pipeline | step 30800 | loss_grouped_ce=0.6853 lr=0.000299602
2026-08-06 08:12:39 INFO  scripts.training.teacher_finetune.training_pipeline | step 30850 | loss_grouped_ce=0.6189 lr=0.000299599
2026-08-06 08:13:00 INFO  scripts.training.teacher_finetune.training_pipeline | step 30900 | loss_grouped_ce=0.4809 lr=0.000299596
2026-08-06 08:13:17 INFO  scripts.training.teacher_finetune.training_pipeline | step 30950 | loss_grouped_ce=0.2355 lr=0.000299593
2026-08-06 08:13:35 INFO  scripts.training.teacher_finetune.training_pipeline | step 31000 | loss_grouped_ce=0.6543 lr=0.00029959
2026-08-06 08:13:52 INFO  scripts.training.teacher_finetune.training_pipeline | step 31050 | loss_grouped_ce=0.1108 lr=0.000299586
2026-08-06 08:14:11 INFO  scripts.training.teacher_finetune.training_pipeline | step 31100 | loss_grouped_ce=0.3378 lr=0.000299583
2026-08-06 08:14:37 INFO  scripts.training.teacher_finetune.training_pipeline | step 31150 | loss_grouped_ce=0.3255 lr=0.00029958
2026-08-06 08:14:54 INFO  scripts.training.teacher_finetune.training_pipeline | step 31200 | loss_grouped_ce=0.3380 lr=0.000299577
2026-08-06 08:15:11 INFO  scripts.training.teacher_finetune.training_pipeline | step 31250 | loss_grouped_ce=0.2190 lr=0.000299574
2026-08-06 08:15:28 INFO  scripts.training.teacher_finetune.training_pipeline | step 31300 | loss_grouped_ce=0.2890 lr=0.000299571
2026-08-06 08:15:50 INFO  scripts.training.teacher_finetune.training_pipeline | step 31350 | loss_grouped_ce=0.6617 lr=0.000299568
2026-08-06 08:16:14 INFO  scripts.training.teacher_finetune.training_pipeline | step 31400 | loss_grouped_ce=0.2949 lr=0.000299565
2026-08-06 08:16:31 INFO  scripts.training.teacher_finetune.training_pipeline | step 31450 | loss_grouped_ce=0.4961 lr=0.000299561
2026-08-06 08:16:48 INFO  scripts.training.teacher_finetune.training_pipeline | step 31500 | loss_grouped_ce=0.3305 lr=0.000299558
2026-08-06 08:17:05 INFO  scripts.training.teacher_finetune.training_pipeline | step 31550 | loss_grouped_ce=1.1428 lr=0.000299555
2026-08-06 08:17:22 INFO  scripts.training.teacher_finetune.training_pipeline | step 31600 | loss_grouped_ce=0.5976 lr=0.000299552
2026-08-06 08:17:39 INFO  scripts.training.teacher_finetune.training_pipeline | step 31650 | loss_grouped_ce=0.0991 lr=0.000299549
2026-08-06 08:18:05 INFO  scripts.training.teacher_finetune.training_pipeline | step 31700 | loss_grouped_ce=0.8445 lr=0.000299546
2026-08-06 08:18:22 INFO  scripts.training.teacher_finetune.training_pipeline | step 31750 | loss_grouped_ce=1.7616 lr=0.000299542
2026-08-06 08:18:44 INFO  scripts.training.teacher_finetune.training_pipeline | step 31800 | loss_grouped_ce=0.5338 lr=0.000299539
2026-08-06 08:19:03 INFO  scripts.training.teacher_finetune.training_pipeline | step 31850 | loss_grouped_ce=0.4944 lr=0.000299536
2026-08-06 08:19:20 INFO  scripts.training.teacher_finetune.training_pipeline | step 31900 | loss_grouped_ce=0.3415 lr=0.000299533
2026-08-06 08:19:37 INFO  scripts.training.teacher_finetune.training_pipeline | step 31950 | loss_grouped_ce=0.3475 lr=0.000299529
2026-08-06 08:20:03 INFO  scripts.training.teacher_finetune.training_pipeline | step 32000 | loss_grouped_ce=0.2780 lr=0.000299526
2026-08-06 08:20:27 INFO  scripts.training.teacher_finetune.training_pipeline | step 32050 | loss_grouped_ce=0.6451 lr=0.000299523
2026-08-06 08:20:52 INFO  scripts.training.teacher_finetune.training_pipeline | step 32100 | loss_grouped_ce=0.1084 lr=0.000299519
2026-08-06 08:21:11 INFO  scripts.training.teacher_finetune.training_pipeline | step 32150 | loss_grouped_ce=0.7392 lr=0.000299516
2026-08-06 08:21:28 INFO  scripts.training.teacher_finetune.training_pipeline | step 32200 | loss_grouped_ce=0.2775 lr=0.000299513
2026-08-06 08:21:47 INFO  scripts.training.teacher_finetune.training_pipeline | step 32250 | loss_grouped_ce=0.0857 lr=0.000299509
2026-08-06 08:22:04 INFO  scripts.training.teacher_finetune.training_pipeline | step 32300 | loss_grouped_ce=0.4069 lr=0.000299506
2026-08-06 08:22:25 INFO  scripts.training.teacher_finetune.training_pipeline | step 32350 | loss_grouped_ce=0.4807 lr=0.000299503
2026-08-06 08:22:46 INFO  scripts.training.teacher_finetune.training_pipeline | step 32400 | loss_grouped_ce=0.3287 lr=0.000299499
2026-08-06 08:23:12 INFO  scripts.training.teacher_finetune.training_pipeline | step 32450 | loss_grouped_ce=0.6892 lr=0.000299496
2026-08-06 08:23:29 INFO  scripts.training.teacher_finetune.training_pipeline | step 32500 | loss_grouped_ce=0.5249 lr=0.000299493
2026-08-06 08:23:46 INFO  scripts.training.teacher_finetune.training_pipeline | step 32550 | loss_grouped_ce=0.7200 lr=0.000299489
2026-08-06 08:24:10 INFO  scripts.training.teacher_finetune.training_pipeline | step 32600 | loss_grouped_ce=0.6256 lr=0.000299486
2026-08-06 08:24:31 INFO  scripts.training.teacher_finetune.training_pipeline | step 32650 | loss_grouped_ce=0.1727 lr=0.000299482
2026-08-06 08:24:53 INFO  scripts.training.teacher_finetune.training_pipeline | step 32700 | loss_grouped_ce=0.1821 lr=0.000299479
2026-08-06 08:25:09 INFO  scripts.training.teacher_finetune.training_pipeline | step 32750 | loss_grouped_ce=0.9185 lr=0.000299475
2026-08-06 08:25:28 INFO  scripts.training.teacher_finetune.training_pipeline | step 32800 | loss_grouped_ce=0.2984 lr=0.000299472
2026-08-06 08:25:46 INFO  scripts.training.teacher_finetune.training_pipeline | step 32850 | loss_grouped_ce=0.4307 lr=0.000299468
2026-08-06 08:26:03 INFO  scripts.training.teacher_finetune.training_pipeline | step 32900 | loss_grouped_ce=0.1767 lr=0.000299465
2026-08-06 08:26:28 INFO  scripts.training.teacher_finetune.training_pipeline | step 32950 | loss_grouped_ce=0.4610 lr=0.000299461
2026-08-06 08:26:53 INFO  scripts.training.teacher_finetune.training_pipeline | step 33000 | loss_grouped_ce=0.1981 lr=0.000299458
2026-08-06 08:27:10 INFO  scripts.training.teacher_finetune.training_pipeline | step 33050 | loss_grouped_ce=0.5969 lr=0.000299454
2026-08-06 08:27:30 INFO  scripts.training.teacher_finetune.training_pipeline | step 33100 | loss_grouped_ce=0.4872 lr=0.000299451
2026-08-06 08:27:55 INFO  scripts.training.teacher_finetune.training_pipeline | step 33150 | loss_grouped_ce=0.5147 lr=0.000299447
2026-08-06 08:28:20 INFO  scripts.training.teacher_finetune.training_pipeline | step 33200 | loss_grouped_ce=0.7009 lr=0.000299444
2026-08-06 08:28:40 INFO  scripts.training.teacher_finetune.training_pipeline | step 33250 | loss_grouped_ce=0.4972 lr=0.00029944
2026-08-06 08:29:00 INFO  scripts.training.teacher_finetune.training_pipeline | step 33300 | loss_grouped_ce=0.7667 lr=0.000299437
2026-08-06 08:29:20 INFO  scripts.training.teacher_finetune.training_pipeline | step 33350 | loss_grouped_ce=0.4835 lr=0.000299433
2026-08-06 08:29:38 INFO  scripts.training.teacher_finetune.training_pipeline | step 33400 | loss_grouped_ce=0.1411 lr=0.000299429
2026-08-06 08:29:59 INFO  scripts.training.teacher_finetune.training_pipeline | step 33450 | loss_grouped_ce=0.5680 lr=0.000299426
2026-08-06 08:30:18 INFO  scripts.training.teacher_finetune.training_pipeline | step 33500 | loss_grouped_ce=0.8332 lr=0.000299422
2026-08-06 08:30:37 WARNING scripts.training.teacher_finetune.training_pipeline | epoch 6 step 33545: non-finite loss/logits — skipped batch, restored BN buffers (1 skipped so far this epoch)
2026-08-06 08:30:40 INFO  scripts.training.teacher_finetune.training_pipeline | step 33550 | loss_grouped_ce=0.7357 lr=0.000299419
2026-08-06 08:30:57 INFO  scripts.training.teacher_finetune.training_pipeline | step 33600 | loss_grouped_ce=0.3217 lr=0.000299415
2026-08-06 08:31:07 WARNING scripts.training.teacher_finetune.training_pipeline | epoch 6 step 33633: non-finite loss/logits — skipped batch, restored BN buffers (2 skipped so far this epoch)
2026-08-06 08:31:12 WARNING scripts.training.teacher_finetune.training_pipeline | epoch 6 step 33641: non-finite loss/logits — skipped batch, restored BN buffers (3 skipped so far this epoch)
2026-08-06 08:31:12 WARNING scripts.training.teacher_finetune.training_pipeline | epoch 6 step 33641: non-finite loss/logits — skipped batch, restored BN buffers (4 skipped so far this epoch)
2026-08-06 08:31:12 WARNING scripts.training.teacher_finetune.training_pipeline | epoch 6 step 33641: non-finite loss/logits — skipped batch, restored BN buffers (5 skipped so far this epoch)
2026-08-06 08:31:17 WARNING scripts.training.teacher_finetune.training_pipeline | epoch 6 step 33649: non-finite loss/logits — skipped batch, restored BN buffers (6 skipped so far this epoch)
2026-08-06 08:31:18 INFO  scripts.training.teacher_finetune.training_pipeline | step 33650 | loss_grouped_ce=0.5362 lr=0.000299411
2026-08-06 08:31:19 WARNING scripts.training.teacher_finetune.training_pipeline | epoch 6 step 33651: non-finite loss/logits — skipped batch, restored BN buffers (7 skipped so far this epoch)
2026-08-06 08:31:24 WARNING scripts.training.teacher_finetune.training_pipeline | epoch 6 step 33666: non-finite loss/logits — skipped batch, restored BN buffers (8 skipped so far this epoch)
2026-08-06 08:31:28 WARNING scripts.training.teacher_finetune.training_pipeline | epoch 6 step 33680: non-finite loss/logits — skipped batch, restored BN buffers (9 skipped so far this epoch)
2026-08-06 08:31:35 WARNING scripts.training.teacher_finetune.training_pipeline | epoch 6 step 33698: non-finite loss/logits — skipped batch, restored BN buffers (10 skipped so far this epoch)
2026-08-06 08:31:36 INFO  scripts.training.teacher_finetune.training_pipeline | step 33700 | loss_grouped_ce=0.2899 lr=0.000299408
2026-08-06 08:31:55 INFO  scripts.training.teacher_finetune.training_pipeline | step 33750 | loss_grouped_ce=0.1638 lr=0.000299404
2026-08-06 08:32:14 INFO  scripts.training.teacher_finetune.training_pipeline | step 33800 | loss_grouped_ce=0.4216 lr=0.0002994
2026-08-06 08:32:31 INFO  scripts.training.teacher_finetune.training_pipeline | step 33850 | loss_grouped_ce=0.6161 lr=0.000299397
2026-08-06 08:32:53 INFO  scripts.training.teacher_finetune.training_pipeline | step 33900 | loss_grouped_ce=0.4499 lr=0.000299393
2026-08-06 08:33:09 INFO  scripts.training.teacher_finetune.training_pipeline | step 33950 | loss_grouped_ce=0.5765 lr=0.000299389
2026-08-06 08:33:29 INFO  scripts.training.teacher_finetune.training_pipeline | step 34000 | loss_grouped_ce=0.4583 lr=0.000299385
2026-08-06 08:33:47 INFO  scripts.training.teacher_finetune.training_pipeline | step 34050 | loss_grouped_ce=0.3470 lr=0.000299382
2026-08-06 08:34:10 INFO  scripts.training.teacher_finetune.training_pipeline | step 34100 | loss_grouped_ce=0.3785 lr=0.000299378
2026-08-06 08:34:29 INFO  scripts.training.teacher_finetune.training_pipeline | step 34150 | loss_grouped_ce=0.1949 lr=0.000299374
2026-08-06 08:34:52 INFO  scripts.training.teacher_finetune.training_pipeline | step 34200 | loss_grouped_ce=0.3151 lr=0.00029937
2026-08-06 08:35:09 INFO  scripts.training.teacher_finetune.training_pipeline | step 34250 | loss_grouped_ce=0.2720 lr=0.000299367
2026-08-06 08:35:31 INFO  scripts.training.teacher_finetune.training_pipeline | step 34300 | loss_grouped_ce=0.2858 lr=0.000299363
2026-08-06 08:35:49 INFO  scripts.training.teacher_finetune.training_pipeline | step 34350 | loss_grouped_ce=0.0725 lr=0.000299359
2026-08-06 08:36:10 INFO  scripts.training.teacher_finetune.training_pipeline | step 34400 | loss_grouped_ce=0.4206 lr=0.000299355
2026-08-06 08:36:28 INFO  scripts.training.teacher_finetune.training_pipeline | step 34450 | loss_grouped_ce=0.3632 lr=0.000299351
2026-08-06 08:36:50 INFO  scripts.training.teacher_finetune.training_pipeline | step 34500 | loss_grouped_ce=0.3982 lr=0.000299347
2026-08-06 08:37:15 INFO  scripts.training.teacher_finetune.training_pipeline | step 34550 | loss_grouped_ce=0.4875 lr=0.000299344
2026-08-06 08:37:37 INFO  scripts.training.teacher_finetune.training_pipeline | step 34600 | loss_grouped_ce=0.7609 lr=0.00029934
2026-08-06 08:37:54 INFO  scripts.training.teacher_finetune.training_pipeline | step 34650 | loss_grouped_ce=0.5064 lr=0.000299336
2026-08-06 08:38:14 INFO  scripts.training.teacher_finetune.training_pipeline | step 34700 | loss_grouped_ce=0.4483 lr=0.000299332
2026-08-06 08:38:31 INFO  scripts.training.teacher_finetune.training_pipeline | step 34750 | loss_grouped_ce=0.2377 lr=0.000299328
2026-08-06 08:38:49 INFO  scripts.training.teacher_finetune.training_pipeline | step 34800 | loss_grouped_ce=0.5643 lr=0.000299324
2026-08-06 08:39:15 INFO  scripts.training.teacher_finetune.training_pipeline | step 34850 | loss_grouped_ce=0.1498 lr=0.00029932
2026-08-06 08:39:31 INFO  scripts.training.teacher_finetune.training_pipeline | step 34900 | loss_grouped_ce=0.3725 lr=0.000299316
2026-08-06 08:39:48 INFO  scripts.training.teacher_finetune.training_pipeline | step 34950 | loss_grouped_ce=0.2851 lr=0.000299312
2026-08-06 08:40:12 INFO  scripts.training.teacher_finetune.training_pipeline | step 35000 | loss_grouped_ce=0.6085 lr=0.000299308
2026-08-06 08:40:33 INFO  scripts.training.teacher_finetune.training_pipeline | step 35050 | loss_grouped_ce=0.5150 lr=0.000299304
2026-08-06 08:40:50 INFO  scripts.training.teacher_finetune.training_pipeline | step 35100 | loss_grouped_ce=0.2903 lr=0.0002993
2026-08-06 08:41:11 INFO  scripts.training.teacher_finetune.training_pipeline | step 35150 | loss_grouped_ce=0.1544 lr=0.000299296
2026-08-06 08:41:20 INFO  scripts.training.teacher_finetune.training_pipeline | epoch 6/100 — train done in 2280.5s | avg loss_grouped_ce=0.4519 | skipped=10/5865 batches (non-finite)
2026-08-06 08:41:20 INFO  scripts.training.teacher_finetune.evaluate | evaluating on 617 batches
2026-08-06 08:46:00 INFO  scripts.training.teacher_finetune.training_pipeline | epoch 6/100 — val accuracy_top1=0.7896 f1_macro=0.7703 f1_micro=0.7896 (selection f1_macro=0.7703)
2026-08-06 08:46:01 INFO  scripts.training.teacher_finetune.evaluate | mlflow: logged val/accuracy_top1=0.7896 val/f1_macro=0.7703 val/f1_micro=0.7896 (step=5, n=19732)
2026-08-06 08:46:02 INFO  scripts.training.teacher_finetune.evaluate | mlflow: logged val per-source accuracy table (6 sources)
2026-08-06 08:46:03 INFO  scripts.training.teacher_finetune.training_pipeline | saved checkpoint: /app/scripts/training/teacher_finetune/model_exports/teacher-finetune-20260806-071516/last.pt
2026-08-06 08:46:04 INFO  scripts.training.teacher_finetune.training_pipeline | epoch 6/100 done — next lr=0.000299294, epochs_since_improve=1/15
2026-08-06 08:46:04 INFO  scripts.training.teacher_finetune.training_pipeline | epoch 7/100 — train start (lr=0.000299294, batches=5865)
2026-08-06 08:46:18 INFO  scripts.training.teacher_finetune.training_pipeline | step 35200 | loss_grouped_ce=0.8011 lr=0.000299292
2026-08-06 08:46:35 INFO  scripts.training.teacher_finetune.training_pipeline | step 35250 | loss_grouped_ce=0.5293 lr=0.000299288
2026-08-06 08:46:55 INFO  scripts.training.teacher_finetune.training_pipeline | step 35300 | loss_grouped_ce=0.2454 lr=0.000299284
2026-08-06 08:47:16 INFO  scripts.training.teacher_finetune.training_pipeline | step 35350 | loss_grouped_ce=0.4124 lr=0.00029928
2026-08-06 08:47:33 INFO  scripts.training.teacher_finetune.training_pipeline | step 35400 | loss_grouped_ce=0.4631 lr=0.000299276
2026-08-06 08:47:54 INFO  scripts.training.teacher_finetune.training_pipeline | step 35450 | loss_grouped_ce=0.2055 lr=0.000299272
2026-08-06 08:48:11 INFO  scripts.training.teacher_finetune.training_pipeline | step 35500 | loss_grouped_ce=0.7679 lr=0.000299268
2026-08-06 08:48:30 INFO  scripts.training.teacher_finetune.training_pipeline | step 35550 | loss_grouped_ce=0.4716 lr=0.000299264
2026-08-06 08:48:52 INFO  scripts.training.teacher_finetune.training_pipeline | step 35600 | loss_grouped_ce=0.3360 lr=0.00029926
2026-08-06 08:49:09 INFO  scripts.training.teacher_finetune.training_pipeline | step 35650 | loss_grouped_ce=0.2854 lr=0.000299256
2026-08-06 08:49:32 INFO  scripts.training.teacher_finetune.training_pipeline | step 35700 | loss_grouped_ce=0.4875 lr=0.000299252
2026-08-06 08:49:50 INFO  scripts.training.teacher_finetune.training_pipeline | step 35750 | loss_grouped_ce=0.6784 lr=0.000299247
2026-08-06 08:50:07 INFO  scripts.training.teacher_finetune.training_pipeline | step 35800 | loss_grouped_ce=0.3172 lr=0.000299243
2026-08-06 08:50:26 INFO  scripts.training.teacher_finetune.training_pipeline | step 35850 | loss_grouped_ce=0.6138 lr=0.000299239
2026-08-06 08:50:43 INFO  scripts.training.teacher_finetune.training_pipeline | step 35900 | loss_grouped_ce=0.5832 lr=0.000299235
2026-08-06 08:51:03 INFO  scripts.training.teacher_finetune.training_pipeline | step 35950 | loss_grouped_ce=0.4481 lr=0.000299231
2026-08-06 08:51:21 INFO  scripts.training.teacher_finetune.training_pipeline | step 36000 | loss_grouped_ce=0.3298 lr=0.000299227
2026-08-06 08:51:42 INFO  scripts.training.teacher_finetune.training_pipeline | step 36050 | loss_grouped_ce=0.1162 lr=0.000299222
2026-08-06 08:52:00 INFO  scripts.training.teacher_finetune.training_pipeline | step 36100 | loss_grouped_ce=1.0285 lr=0.000299218
2026-08-06 08:52:20 INFO  scripts.training.teacher_finetune.training_pipeline | step 36150 | loss_grouped_ce=0.4905 lr=0.000299214
2026-08-06 08:52:27 WARNING scripts.training.teacher_finetune.training_pipeline | epoch 7 step 36172: non-finite loss/logits — skipped batch, restored BN buffers (1 skipped so far this epoch)
2026-08-06 08:52:37 INFO  scripts.training.teacher_finetune.training_pipeline | step 36200 | loss_grouped_ce=0.3971 lr=0.00029921
2026-08-06 08:52:58 INFO  scripts.training.teacher_finetune.training_pipeline | step 36250 | loss_grouped_ce=0.5107 lr=0.000299205
2026-08-06 08:53:19 INFO  scripts.training.teacher_finetune.training_pipeline | step 36300 | loss_grouped_ce=0.3765 lr=0.000299201
2026-08-06 08:53:39 INFO  scripts.training.teacher_finetune.training_pipeline | step 36350 | loss_grouped_ce=1.0976 lr=0.000299197
2026-08-06 08:53:59 INFO  scripts.training.teacher_finetune.training_pipeline | step 36400 | loss_grouped_ce=0.4346 lr=0.000299193
2026-08-06 08:54:17 INFO  scripts.training.teacher_finetune.training_pipeline | step 36450 | loss_grouped_ce=0.5841 lr=0.000299188
2026-08-06 08:54:39 INFO  scripts.training.teacher_finetune.training_pipeline | step 36500 | loss_grouped_ce=0.2867 lr=0.000299184
2026-08-06 08:54:57 INFO  scripts.training.teacher_finetune.training_pipeline | step 36550 | loss_grouped_ce=0.1496 lr=0.00029918
2026-08-06 08:55:15 INFO  scripts.training.teacher_finetune.training_pipeline | step 36600 | loss_grouped_ce=0.6425 lr=0.000299175
2026-08-06 08:55:35 INFO  scripts.training.teacher_finetune.training_pipeline | step 36650 | loss_grouped_ce=0.1496 lr=0.000299171
2026-08-06 08:55:52 INFO  scripts.training.teacher_finetune.training_pipeline | step 36700 | loss_grouped_ce=0.0765 lr=0.000299167
2026-08-06 08:56:14 INFO  scripts.training.teacher_finetune.training_pipeline | step 36750 | loss_grouped_ce=0.3598 lr=0.000299162
2026-08-06 08:56:31 INFO  scripts.training.teacher_finetune.training_pipeline | step 36800 | loss_grouped_ce=0.6485 lr=0.000299158
2026-08-06 08:56:52 INFO  scripts.training.teacher_finetune.training_pipeline | step 36850 | loss_grouped_ce=0.4563 lr=0.000299154
2026-08-06 08:57:09 INFO  scripts.training.teacher_finetune.training_pipeline | step 36900 | loss_grouped_ce=0.1677 lr=0.000299149
2026-08-06 08:57:25 INFO  scripts.training.teacher_finetune.training_pipeline | step 36950 | loss_grouped_ce=0.3487 lr=0.000299145
2026-08-06 08:57:48 INFO  scripts.training.teacher_finetune.training_pipeline | step 37000 | loss_grouped_ce=0.3842 lr=0.00029914
2026-08-06 08:58:07 WARNING scripts.training.teacher_finetune.training_pipeline | epoch 7 step 37050: non-finite loss/logits — skipped batch, restored BN buffers (2 skipped so far this epoch)
2026-08-06 08:58:09 INFO  scripts.training.teacher_finetune.training_pipeline | step 37050 | loss_grouped_ce=0.4081 lr=0.000299136
2026-08-06 08:58:10 WARNING scripts.training.teacher_finetune.training_pipeline | epoch 7 step 37054: non-finite loss/logits — skipped batch, restored BN buffers (3 skipped so far this epoch)
2026-08-06 08:58:32 INFO  scripts.training.teacher_finetune.training_pipeline | step 37100 | loss_grouped_ce=0.3510 lr=0.000299131
2026-08-06 08:58:49 INFO  scripts.training.teacher_finetune.training_pipeline | step 37150 | loss_grouped_ce=0.1217 lr=0.000299127
2026-08-06 08:59:05 INFO  scripts.training.teacher_finetune.training_pipeline | step 37200 | loss_grouped_ce=0.2219 lr=0.000299123
2026-08-06 08:59:22 INFO  scripts.training.teacher_finetune.training_pipeline | step 37250 | loss_grouped_ce=0.6728 lr=0.000299118
2026-08-06 08:59:41 INFO  scripts.training.teacher_finetune.training_pipeline | step 37300 | loss_grouped_ce=0.1348 lr=0.000299114
2026-08-06 09:00:00 INFO  scripts.training.teacher_finetune.training_pipeline | step 37350 | loss_grouped_ce=0.3211 lr=0.000299109
2026-08-06 09:00:17 INFO  scripts.training.teacher_finetune.training_pipeline | step 37400 | loss_grouped_ce=0.6471 lr=0.000299105
2026-08-06 09:00:34 INFO  scripts.training.teacher_finetune.training_pipeline | step 37450 | loss_grouped_ce=0.0752 lr=0.0002991
2026-08-06 09:00:51 INFO  scripts.training.teacher_finetune.training_pipeline | step 37500 | loss_grouped_ce=0.1853 lr=0.000299095
2026-08-06 09:01:13 INFO  scripts.training.teacher_finetune.training_pipeline | step 37550 | loss_grouped_ce=0.7109 lr=0.000299091
2026-08-06 09:01:32 INFO  scripts.training.teacher_finetune.training_pipeline | step 37600 | loss_grouped_ce=0.4525 lr=0.000299086
2026-08-06 09:01:49 INFO  scripts.training.teacher_finetune.training_pipeline | step 37650 | loss_grouped_ce=0.3060 lr=0.000299082
2026-08-06 09:02:07 INFO  scripts.training.teacher_finetune.training_pipeline | step 37700 | loss_grouped_ce=0.7888 lr=0.000299077
2026-08-06 09:02:24 INFO  scripts.training.teacher_finetune.training_pipeline | step 37750 | loss_grouped_ce=0.0661 lr=0.000299073
2026-08-06 09:02:44 INFO  scripts.training.teacher_finetune.training_pipeline | step 37800 | loss_grouped_ce=0.4839 lr=0.000299068
2026-08-06 09:03:08 INFO  scripts.training.teacher_finetune.training_pipeline | step 37850 | loss_grouped_ce=0.2762 lr=0.000299063
2026-08-06 09:03:29 INFO  scripts.training.teacher_finetune.training_pipeline | step 37900 | loss_grouped_ce=0.2082 lr=0.000299059
2026-08-06 09:03:46 INFO  scripts.training.teacher_finetune.training_pipeline | step 37950 | loss_grouped_ce=0.3021 lr=0.000299054
2026-08-06 09:04:05 INFO  scripts.training.teacher_finetune.training_pipeline | step 38000 | loss_grouped_ce=0.7248 lr=0.00029905
2026-08-06 09:04:27 INFO  scripts.training.teacher_finetune.training_pipeline | step 38050 | loss_grouped_ce=0.2498 lr=0.000299045
2026-08-06 09:04:44 INFO  scripts.training.teacher_finetune.training_pipeline | step 38100 | loss_grouped_ce=0.3826 lr=0.00029904
2026-08-06 09:05:03 INFO  scripts.training.teacher_finetune.training_pipeline | step 38150 | loss_grouped_ce=0.4455 lr=0.000299036
2026-08-06 09:05:21 INFO  scripts.training.teacher_finetune.training_pipeline | step 38200 | loss_grouped_ce=0.7685 lr=0.000299031
2026-08-06 09:05:38 INFO  scripts.training.teacher_finetune.training_pipeline | step 38250 | loss_grouped_ce=0.5812 lr=0.000299026
2026-08-06 09:06:01 INFO  scripts.training.teacher_finetune.training_pipeline | step 38300 | loss_grouped_ce=0.4631 lr=0.000299021
2026-08-06 09:06:18 INFO  scripts.training.teacher_finetune.training_pipeline | step 38350 | loss_grouped_ce=0.5417 lr=0.000299017
2026-08-06 09:06:36 INFO  scripts.training.teacher_finetune.training_pipeline | step 38400 | loss_grouped_ce=0.1142 lr=0.000299012
2026-08-06 09:06:57 INFO  scripts.training.teacher_finetune.training_pipeline | step 38450 | loss_grouped_ce=0.2153 lr=0.000299007
2026-08-06 09:07:14 INFO  scripts.training.teacher_finetune.training_pipeline | step 38500 | loss_grouped_ce=0.7139 lr=0.000299002
2026-08-06 09:07:34 INFO  scripts.training.teacher_finetune.training_pipeline | step 38550 | loss_grouped_ce=0.3784 lr=0.000298998
2026-08-06 09:07:55 INFO  scripts.training.teacher_finetune.training_pipeline | step 38600 | loss_grouped_ce=0.3346 lr=0.000298993
2026-08-06 09:08:13 INFO  scripts.training.teacher_finetune.training_pipeline | step 38650 | loss_grouped_ce=0.1956 lr=0.000298988
2026-08-06 09:08:35 INFO  scripts.training.teacher_finetune.training_pipeline | step 38700 | loss_grouped_ce=0.1983 lr=0.000298983
2026-08-06 09:08:52 INFO  scripts.training.teacher_finetune.training_pipeline | step 38750 | loss_grouped_ce=0.5353 lr=0.000298978
2026-08-06 09:09:13 INFO  scripts.training.teacher_finetune.training_pipeline | step 38800 | loss_grouped_ce=0.2035 lr=0.000298974
2026-08-06 09:09:30 INFO  scripts.training.teacher_finetune.training_pipeline | step 38850 | loss_grouped_ce=0.5475 lr=0.000298969
2026-08-06 09:09:49 INFO  scripts.training.teacher_finetune.training_pipeline | step 38900 | loss_grouped_ce=0.5346 lr=0.000298964
2026-08-06 09:10:13 INFO  scripts.training.teacher_finetune.training_pipeline | step 38950 | loss_grouped_ce=0.1772 lr=0.000298959
2026-08-06 09:10:33 INFO  scripts.training.teacher_finetune.training_pipeline | step 39000 | loss_grouped_ce=0.1893 lr=0.000298954
2026-08-06 09:10:58 INFO  scripts.training.teacher_finetune.training_pipeline | step 39050 | loss_grouped_ce=0.3439 lr=0.000298949
2026-08-06 09:11:17 INFO  scripts.training.teacher_finetune.training_pipeline | step 39100 | loss_grouped_ce=0.5305 lr=0.000298944
2026-08-06 09:11:34 INFO  scripts.training.teacher_finetune.training_pipeline | step 39150 | loss_grouped_ce=0.4897 lr=0.000298939
2026-08-06 09:11:55 INFO  scripts.training.teacher_finetune.training_pipeline | step 39200 | loss_grouped_ce=0.1996 lr=0.000298935
2026-08-06 09:12:13 INFO  scripts.training.teacher_finetune.training_pipeline | step 39250 | loss_grouped_ce=0.6977 lr=0.00029893
2026-08-06 09:12:39 INFO  scripts.training.teacher_finetune.training_pipeline | step 39300 | loss_grouped_ce=0.5934 lr=0.000298925
2026-08-06 09:12:56 INFO  scripts.training.teacher_finetune.training_pipeline | step 39350 | loss_grouped_ce=0.3852 lr=0.00029892
2026-08-06 09:13:14 INFO  scripts.training.teacher_finetune.training_pipeline | step 39400 | loss_grouped_ce=0.1211 lr=0.000298915
2026-08-06 09:13:34 INFO  scripts.training.teacher_finetune.training_pipeline | step 39450 | loss_grouped_ce=0.1715 lr=0.00029891
2026-08-06 09:13:53 INFO  scripts.training.teacher_finetune.training_pipeline | step 39500 | loss_grouped_ce=0.5611 lr=0.000298905
2026-08-06 09:14:11 INFO  scripts.training.teacher_finetune.training_pipeline | step 39550 | loss_grouped_ce=0.4655 lr=0.0002989
2026-08-06 09:14:37 INFO  scripts.training.teacher_finetune.training_pipeline | step 39600 | loss_grouped_ce=0.5273 lr=0.000298895
2026-08-06 09:14:57 INFO  scripts.training.teacher_finetune.training_pipeline | step 39650 | loss_grouped_ce=0.4243 lr=0.00029889
2026-08-06 09:15:18 INFO  scripts.training.teacher_finetune.training_pipeline | step 39700 | loss_grouped_ce=0.5848 lr=0.000298885
2026-08-06 09:15:35 INFO  scripts.training.teacher_finetune.training_pipeline | step 39750 | loss_grouped_ce=0.2705 lr=0.00029888
2026-08-06 09:15:52 INFO  scripts.training.teacher_finetune.training_pipeline | step 39800 | loss_grouped_ce=0.3438 lr=0.000298875
2026-08-06 09:16:09 INFO  scripts.training.teacher_finetune.training_pipeline | step 39850 | loss_grouped_ce=0.6026 lr=0.00029887
2026-08-06 09:16:30 INFO  scripts.training.teacher_finetune.training_pipeline | step 39900 | loss_grouped_ce=0.4617 lr=0.000298865
2026-08-06 09:16:53 INFO  scripts.training.teacher_finetune.training_pipeline | step 39950 | loss_grouped_ce=0.1748 lr=0.000298859
2026-08-06 09:17:15 INFO  scripts.training.teacher_finetune.training_pipeline | step 40000 | loss_grouped_ce=0.4063 lr=0.000298854
2026-08-06 09:17:33 INFO  scripts.training.teacher_finetune.training_pipeline | step 40050 | loss_grouped_ce=0.6704 lr=0.000298849
2026-08-06 09:17:51 INFO  scripts.training.teacher_finetune.training_pipeline | step 40100 | loss_grouped_ce=0.1358 lr=0.000298844
2026-08-06 09:18:08 INFO  scripts.training.teacher_finetune.training_pipeline | step 40150 | loss_grouped_ce=0.2599 lr=0.000298839
2026-08-06 09:18:28 INFO  scripts.training.teacher_finetune.training_pipeline | step 40200 | loss_grouped_ce=0.4695 lr=0.000298834
2026-08-06 09:18:49 INFO  scripts.training.teacher_finetune.training_pipeline | step 40250 | loss_grouped_ce=0.3196 lr=0.000298829
2026-08-06 09:19:06 INFO  scripts.training.teacher_finetune.training_pipeline | step 40300 | loss_grouped_ce=0.7268 lr=0.000298823
2026-08-06 09:19:26 INFO  scripts.training.teacher_finetune.training_pipeline | step 40350 | loss_grouped_ce=0.8621 lr=0.000298818
2026-08-06 09:19:43 INFO  scripts.training.teacher_finetune.training_pipeline | step 40400 | loss_grouped_ce=0.4224 lr=0.000298813
2026-08-06 09:20:07 INFO  scripts.training.teacher_finetune.training_pipeline | step 40450 | loss_grouped_ce=0.3717 lr=0.000298808
2026-08-06 09:20:24 INFO  scripts.training.teacher_finetune.training_pipeline | step 40500 | loss_grouped_ce=0.2973 lr=0.000298803
2026-08-06 09:20:45 INFO  scripts.training.teacher_finetune.training_pipeline | step 40550 | loss_grouped_ce=0.3181 lr=0.000298797
2026-08-06 09:21:05 INFO  scripts.training.teacher_finetune.training_pipeline | step 40600 | loss_grouped_ce=0.4428 lr=0.000298792
2026-08-06 09:21:22 INFO  scripts.training.teacher_finetune.training_pipeline | step 40650 | loss_grouped_ce=0.6752 lr=0.000298787
2026-08-06 09:21:43 INFO  scripts.training.teacher_finetune.training_pipeline | step 40700 | loss_grouped_ce=0.2033 lr=0.000298782
2026-08-06 09:22:08 INFO  scripts.training.teacher_finetune.training_pipeline | step 40750 | loss_grouped_ce=0.2464 lr=0.000298776
2026-08-06 09:22:25 INFO  scripts.training.teacher_finetune.training_pipeline | step 40800 | loss_grouped_ce=0.6071 lr=0.000298771
2026-08-06 09:22:43 INFO  scripts.training.teacher_finetune.training_pipeline | step 40850 | loss_grouped_ce=0.2584 lr=0.000298766
2026-08-06 09:23:11 INFO  scripts.training.teacher_finetune.training_pipeline | step 40900 | loss_grouped_ce=0.3153 lr=0.000298761
2026-08-06 09:23:29 INFO  scripts.training.teacher_finetune.training_pipeline | step 40950 | loss_grouped_ce=0.1571 lr=0.000298755
2026-08-06 09:23:47 INFO  scripts.training.teacher_finetune.training_pipeline | step 41000 | loss_grouped_ce=0.7299 lr=0.00029875
2026-08-06 09:24:07 INFO  scripts.training.teacher_finetune.training_pipeline | epoch 7/100 — train done in 2283.1s | avg loss_grouped_ce=0.4162 | skipped=3/5865 batches (non-finite)
2026-08-06 09:24:07 INFO  scripts.training.teacher_finetune.evaluate | evaluating on 617 batches
2026-08-06 09:29:05 INFO  scripts.training.teacher_finetune.training_pipeline | epoch 7/100 — val accuracy_top1=0.7872 f1_macro=0.7679 f1_micro=0.7872 (selection f1_macro=0.7679)
2026-08-06 09:29:06 INFO  scripts.training.teacher_finetune.evaluate | mlflow: logged val/accuracy_top1=0.7872 val/f1_macro=0.7679 val/f1_micro=0.7872 (step=6, n=19732)
2026-08-06 09:29:06 INFO  scripts.training.teacher_finetune.evaluate | mlflow: logged val per-source accuracy table (6 sources)
2026-08-06 09:29:08 INFO  scripts.training.teacher_finetune.training_pipeline | saved checkpoint: /app/scripts/training/teacher_finetune/model_exports/teacher-finetune-20260806-071516/last.pt
2026-08-06 09:29:08 INFO  scripts.training.teacher_finetune.training_pipeline | epoch 7/100 done — next lr=0.000298746, epochs_since_improve=2/15
2026-08-06 09:29:08 INFO  scripts.training.teacher_finetune.training_pipeline | epoch 8/100 — train start (lr=0.000298746, batches=5865)
2026-08-06 09:29:19 INFO  scripts.training.teacher_finetune.training_pipeline | step 41050 | loss_grouped_ce=0.4835 lr=0.000298745
2026-08-06 09:29:38 INFO  scripts.training.teacher_finetune.training_pipeline | step 41100 | loss_grouped_ce=0.2815 lr=0.000298739
2026-08-06 09:30:00 INFO  scripts.training.teacher_finetune.training_pipeline | step 41150 | loss_grouped_ce=0.1937 lr=0.000298734
2026-08-06 09:30:25 INFO  scripts.training.teacher_finetune.training_pipeline | step 41200 | loss_grouped_ce=0.2560 lr=0.000298729
2026-08-06 09:30:47 INFO  scripts.training.teacher_finetune.training_pipeline | step 41250 | loss_grouped_ce=0.1685 lr=0.000298723
2026-08-06 09:31:04 INFO  scripts.training.teacher_finetune.training_pipeline | step 41300 | loss_grouped_ce=0.2611 lr=0.000298718
2026-08-06 09:31:21 INFO  scripts.training.teacher_finetune.training_pipeline | step 41350 | loss_grouped_ce=0.7926 lr=0.000298712
2026-08-06 09:31:45 INFO  scripts.training.teacher_finetune.training_pipeline | step 41400 | loss_grouped_ce=0.3724 lr=0.000298707
2026-08-06 09:32:06 INFO  scripts.training.teacher_finetune.training_pipeline | step 41450 | loss_grouped_ce=0.6787 lr=0.000298701
2026-08-06 09:32:30 INFO  scripts.training.teacher_finetune.training_pipeline | step 41500 | loss_grouped_ce=0.4186 lr=0.000298696
2026-08-06 09:32:55 INFO  scripts.training.teacher_finetune.training_pipeline | step 41550 | loss_grouped_ce=0.3374 lr=0.000298691
2026-08-06 09:33:19 INFO  scripts.training.teacher_finetune.training_pipeline | step 41600 | loss_grouped_ce=0.2186 lr=0.000298685
2026-08-06 09:33:39 INFO  scripts.training.teacher_finetune.training_pipeline | step 41650 | loss_grouped_ce=1.0919 lr=0.00029868
2026-08-06 09:34:01 INFO  scripts.training.teacher_finetune.training_pipeline | step 41700 | loss_grouped_ce=0.3412 lr=0.000298674
2026-08-06 09:34:24 INFO  scripts.training.teacher_finetune.training_pipeline | step 41750 | loss_grouped_ce=0.3483 lr=0.000298669
2026-08-06 09:34:41 INFO  scripts.training.teacher_finetune.training_pipeline | step 41800 | loss_grouped_ce=0.4353 lr=0.000298663
2026-08-06 09:35:02 INFO  scripts.training.teacher_finetune.training_pipeline | step 41850 | loss_grouped_ce=0.6129 lr=0.000298658
2026-08-06 09:35:23 INFO  scripts.training.teacher_finetune.training_pipeline | step 41900 | loss_grouped_ce=0.5301 lr=0.000298652
2026-08-06 09:35:46 INFO  scripts.training.teacher_finetune.training_pipeline | step 41950 | loss_grouped_ce=0.2580 lr=0.000298647
2026-08-06 09:36:09 INFO  scripts.training.teacher_finetune.training_pipeline | step 42000 | loss_grouped_ce=0.3760 lr=0.000298641
2026-08-06 09:36:29 INFO  scripts.training.teacher_finetune.training_pipeline | step 42050 | loss_grouped_ce=0.0498 lr=0.000298635
2026-08-06 09:36:51 INFO  scripts.training.teacher_finetune.training_pipeline | step 42100 | loss_grouped_ce=0.0972 lr=0.00029863
2026-08-06 09:37:08 INFO  scripts.training.teacher_finetune.training_pipeline | step 42150 | loss_grouped_ce=0.4497 lr=0.000298624
2026-08-06 09:37:24 INFO  scripts.training.teacher_finetune.training_pipeline | step 42200 | loss_grouped_ce=0.5702 lr=0.000298619
2026-08-06 09:37:43 INFO  scripts.training.teacher_finetune.training_pipeline | step 42250 | loss_grouped_ce=0.1219 lr=0.000298613
2026-08-06 09:38:02 WARNING scripts.training.teacher_finetune.training_pipeline | epoch 8 step 42294: non-finite loss/logits — skipped batch, restored BN buffers (1 skipped so far this epoch)
2026-08-06 09:38:05 INFO  scripts.training.teacher_finetune.training_pipeline | step 42300 | loss_grouped_ce=0.4058 lr=0.000298607
2026-08-06 09:38:23 INFO  scripts.training.teacher_finetune.training_pipeline | step 42350 | loss_grouped_ce=0.3041 lr=0.000298602
2026-08-06 09:38:45 INFO  scripts.training.teacher_finetune.training_pipeline | step 42400 | loss_grouped_ce=0.3652 lr=0.000298596
2026-08-06 09:39:02 INFO  scripts.training.teacher_finetune.training_pipeline | step 42450 | loss_grouped_ce=0.3088 lr=0.000298591
2026-08-06 09:39:21 INFO  scripts.training.teacher_finetune.training_pipeline | step 42500 | loss_grouped_ce=0.2537 lr=0.000298585
2026-08-06 09:39:46 INFO  scripts.training.teacher_finetune.training_pipeline | step 42550 | loss_grouped_ce=0.2302 lr=0.000298579
2026-08-06 09:40:05 INFO  scripts.training.teacher_finetune.training_pipeline | step 42600 | loss_grouped_ce=0.7005 lr=0.000298573
2026-08-06 09:40:22 INFO  scripts.training.teacher_finetune.training_pipeline | step 42650 | loss_grouped_ce=0.2575 lr=0.000298568
2026-08-06 09:40:46 INFO  scripts.training.teacher_finetune.training_pipeline | step 42700 | loss_grouped_ce=0.7708 lr=0.000298562
2026-08-06 09:41:03 INFO  scripts.training.teacher_finetune.training_pipeline | step 42750 | loss_grouped_ce=0.3393 lr=0.000298556
2026-08-06 09:41:20 INFO  scripts.training.teacher_finetune.training_pipeline | step 42800 | loss_grouped_ce=0.3624 lr=0.000298551
2026-08-06 09:41:41 INFO  scripts.training.teacher_finetune.training_pipeline | step 42850 | loss_grouped_ce=0.0967 lr=0.000298545
2026-08-06 09:41:58 INFO  scripts.training.teacher_finetune.training_pipeline | step 42900 | loss_grouped_ce=0.2543 lr=0.000298539
2026-08-06 09:42:03 WARNING scripts.training.teacher_finetune.training_pipeline | epoch 8 step 42917: non-finite loss/logits — skipped batch, restored BN buffers (2 skipped so far this epoch)
2026-08-06 09:42:16 INFO  scripts.training.teacher_finetune.training_pipeline | step 42950 | loss_grouped_ce=0.4745 lr=0.000298533
2026-08-06 09:42:35 INFO  scripts.training.teacher_finetune.training_pipeline | step 43000 | loss_grouped_ce=0.0663 lr=0.000298528
2026-08-06 09:42:55 INFO  scripts.training.teacher_finetune.training_pipeline | step 43050 | loss_grouped_ce=0.2097 lr=0.000298522
2026-08-06 09:43:12 INFO  scripts.training.teacher_finetune.training_pipeline | step 43100 | loss_grouped_ce=0.1218 lr=0.000298516
2026-08-06 09:43:30 INFO  scripts.training.teacher_finetune.training_pipeline | step 43150 | loss_grouped_ce=0.2539 lr=0.00029851
2026-08-06 09:43:49 INFO  scripts.training.teacher_finetune.training_pipeline | step 43200 | loss_grouped_ce=0.4212 lr=0.000298504
2026-08-06 09:44:05 WARNING scripts.training.teacher_finetune.training_pipeline | epoch 8 step 43243: non-finite loss/logits — skipped batch, restored BN buffers (3 skipped so far this epoch)
2026-08-06 09:44:06 WARNING scripts.training.teacher_finetune.training_pipeline | epoch 8 step 43244: non-finite loss/logits — skipped batch, restored BN buffers (4 skipped so far this epoch)
2026-08-06 09:44:06 WARNING scripts.training.teacher_finetune.training_pipeline | epoch 8 step 43244: non-finite loss/logits — skipped batch, restored BN buffers (5 skipped so far this epoch)
2026-08-06 09:44:07 WARNING scripts.training.teacher_finetune.training_pipeline | epoch 8 step 43244: non-finite loss/logits — skipped batch, restored BN buffers (6 skipped so far this epoch)
2026-08-06 09:44:07 WARNING scripts.training.teacher_finetune.training_pipeline | epoch 8 step 43244: non-finite loss/logits — skipped batch, restored BN buffers (7 skipped so far this epoch)
2026-08-06 09:44:07 WARNING scripts.training.teacher_finetune.training_pipeline | epoch 8 step 43244: non-finite loss/logits — skipped batch, restored BN buffers (8 skipped so far this epoch)
2026-08-06 09:44:08 WARNING scripts.training.teacher_finetune.training_pipeline | epoch 8 step 43244: non-finite loss/logits — skipped batch, restored BN buffers (9 skipped so far this epoch)
2026-08-06 09:44:08 WARNING scripts.training.teacher_finetune.training_pipeline | epoch 8 step 43244: non-finite loss/logits — skipped batch, restored BN buffers (10 skipped so far this epoch)
2026-08-06 09:44:09 WARNING scripts.training.teacher_finetune.training_pipeline | epoch 8 step 43244: non-finite loss/logits — skipped batch, restored BN buffers (11 skipped so far this epoch)
2026-08-06 09:44:09 WARNING scripts.training.teacher_finetune.training_pipeline | epoch 8 step 43244: non-finite loss/logits — skipped batch, restored BN buffers (12 skipped so far this epoch)
2026-08-06 09:44:10 WARNING scripts.training.teacher_finetune.training_pipeline | epoch 8 step 43246: non-finite loss/logits — skipped batch, restored BN buffers (13 skipped so far this epoch)
2026-08-06 09:44:11 WARNING scripts.training.teacher_finetune.training_pipeline | epoch 8 step 43246: non-finite loss/logits — skipped batch, restored BN buffers (14 skipped so far this epoch)
2026-08-06 09:44:12 WARNING scripts.training.teacher_finetune.training_pipeline | epoch 8 step 43248: non-finite loss/logits — skipped batch, restored BN buffers (15 skipped so far this epoch)
2026-08-06 09:44:14 INFO  scripts.training.teacher_finetune.training_pipeline | step 43250 | loss_grouped_ce=0.2976 lr=0.000298498
2026-08-06 09:44:20 WARNING scripts.training.teacher_finetune.training_pipeline | epoch 8 step 43268: non-finite loss/logits — skipped batch, restored BN buffers (16 skipped so far this epoch)
2026-08-06 09:44:22 WARNING scripts.training.teacher_finetune.training_pipeline | epoch 8 step 43272: non-finite loss/logits — skipped batch, restored BN buffers (17 skipped so far this epoch)
2026-08-06 09:44:33 INFO  scripts.training.teacher_finetune.training_pipeline | step 43300 | loss_grouped_ce=0.3151 lr=0.000298493
2026-08-06 09:44:45 WARNING scripts.training.teacher_finetune.training_pipeline | epoch 8 step 43339: non-finite loss/logits — skipped batch, restored BN buffers (18 skipped so far this epoch)
2026-08-06 09:44:51 INFO  scripts.training.teacher_finetune.training_pipeline | step 43350 | loss_grouped_ce=0.5935 lr=0.000298487
2026-08-06 09:45:08 INFO  scripts.training.teacher_finetune.training_pipeline | step 43400 | loss_grouped_ce=0.1717 lr=0.000298481
2026-08-06 09:45:24 INFO  scripts.training.teacher_finetune.training_pipeline | step 43450 | loss_grouped_ce=0.6905 lr=0.000298475
2026-08-06 09:45:46 INFO  scripts.training.teacher_finetune.training_pipeline | step 43500 | loss_grouped_ce=0.3105 lr=0.000298469
2026-08-06 09:46:05 INFO  scripts.training.teacher_finetune.training_pipeline | step 43550 | loss_grouped_ce=0.5874 lr=0.000298463
2026-08-06 09:46:24 INFO  scripts.training.teacher_finetune.training_pipeline | step 43600 | loss_grouped_ce=0.3746 lr=0.000298457
2026-08-06 09:46:48 INFO  scripts.training.teacher_finetune.training_pipeline | step 43650 | loss_grouped_ce=0.2942 lr=0.000298451
2026-08-06 09:47:07 INFO  scripts.training.teacher_finetune.training_pipeline | step 43700 | loss_grouped_ce=0.3267 lr=0.000298445
2026-08-06 09:47:08 WARNING scripts.training.teacher_finetune.training_pipeline | epoch 8 step 43705: non-finite loss/logits — skipped batch, restored BN buffers (19 skipped so far this epoch)
2026-08-06 09:47:24 INFO  scripts.training.teacher_finetune.training_pipeline | step 43750 | loss_grouped_ce=0.6091 lr=0.000298439
2026-08-06 09:47:45 INFO  scripts.training.teacher_finetune.training_pipeline | step 43800 | loss_grouped_ce=0.2020 lr=0.000298434
2026-08-06 09:48:04 INFO  scripts.training.teacher_finetune.training_pipeline | step 43850 | loss_grouped_ce=0.7390 lr=0.000298428
2026-08-06 09:48:21 INFO  scripts.training.teacher_finetune.training_pipeline | step 43900 | loss_grouped_ce=0.2346 lr=0.000298422
2026-08-06 09:48:39 INFO  scripts.training.teacher_finetune.training_pipeline | step 43950 | loss_grouped_ce=0.7773 lr=0.000298416
2026-08-06 09:48:56 INFO  scripts.training.teacher_finetune.training_pipeline | step 44000 | loss_grouped_ce=0.1781 lr=0.00029841
2026-08-06 09:49:22 INFO  scripts.training.teacher_finetune.training_pipeline | step 44050 | loss_grouped_ce=0.3073 lr=0.000298404
2026-08-06 09:49:43 INFO  scripts.training.teacher_finetune.training_pipeline | step 44100 | loss_grouped_ce=0.1315 lr=0.000298398
2026-08-06 09:50:00 INFO  scripts.training.teacher_finetune.training_pipeline | step 44150 | loss_grouped_ce=0.1696 lr=0.000298391
2026-08-06 09:50:25 INFO  scripts.training.teacher_finetune.training_pipeline | step 44200 | loss_grouped_ce=0.2617 lr=0.000298385
2026-08-06 09:50:37 WARNING scripts.training.teacher_finetune.training_pipeline | epoch 8 step 44235: non-finite loss/logits — skipped batch, restored BN buffers (20 skipped so far this epoch)
2026-08-06 09:50:37 WARNING scripts.training.teacher_finetune.training_pipeline | epoch 8 step 44235: non-finite loss/logits — skipped batch, restored BN buffers (21 skipped so far this epoch)
2026-08-06 09:50:38 WARNING scripts.training.teacher_finetune.training_pipeline | epoch 8 step 44235: non-finite loss/logits — skipped batch, restored BN buffers (22 skipped so far this epoch)
2026-08-06 09:50:38 WARNING scripts.training.teacher_finetune.training_pipeline | epoch 8 step 44236: non-finite loss/logits — skipped batch, restored BN buffers (23 skipped so far this epoch)
2026-08-06 09:50:38 WARNING scripts.training.teacher_finetune.training_pipeline | epoch 8 step 44236: non-finite loss/logits — skipped batch, restored BN buffers (24 skipped so far this epoch)
2026-08-06 09:50:39 WARNING scripts.training.teacher_finetune.training_pipeline | epoch 8 step 44237: non-finite loss/logits — skipped batch, restored BN buffers (25 skipped so far this epoch)
2026-08-06 09:50:39 WARNING scripts.training.teacher_finetune.training_pipeline | epoch 8 step 44237: non-finite loss/logits — skipped batch, restored BN buffers (26 skipped so far this epoch)
2026-08-06 09:50:40 WARNING scripts.training.teacher_finetune.training_pipeline | epoch 8 step 44237: non-finite loss/logits — skipped batch, restored BN buffers (27 skipped so far this epoch)
2026-08-06 09:50:40 WARNING scripts.training.teacher_finetune.training_pipeline | epoch 8 step 44237: non-finite loss/logits — skipped batch, restored BN buffers (28 skipped so far this epoch)
2026-08-06 09:50:40 WARNING scripts.training.teacher_finetune.training_pipeline | epoch 8 step 44237: non-finite loss/logits — skipped batch, restored BN buffers (29 skipped so far this epoch)
2026-08-06 09:50:40 WARNING scripts.training.teacher_finetune.training_pipeline | epoch 8 step 44238: non-finite loss/logits — skipped batch, restored BN buffers (30 skipped so far this epoch)
2026-08-06 09:50:41 WARNING scripts.training.teacher_finetune.training_pipeline | epoch 8 step 44238: non-finite loss/logits — skipped batch, restored BN buffers (31 skipped so far this epoch)
2026-08-06 09:50:41 WARNING scripts.training.teacher_finetune.training_pipeline | epoch 8 step 44239: non-finite loss/logits — skipped batch, restored BN buffers (32 skipped so far this epoch)
2026-08-06 09:50:41 WARNING scripts.training.teacher_finetune.training_pipeline | epoch 8 step 44239: non-finite loss/logits — skipped batch, restored BN buffers (33 skipped so far this epoch)
2026-08-06 09:50:42 WARNING scripts.training.teacher_finetune.training_pipeline | epoch 8 step 44239: non-finite loss/logits — skipped batch, restored BN buffers (34 skipped so far this epoch)
2026-08-06 09:50:42 WARNING scripts.training.teacher_finetune.training_pipeline | epoch 8 step 44239: non-finite loss/logits — skipped batch, restored BN buffers (35 skipped so far this epoch)
2026-08-06 09:50:42 WARNING scripts.training.teacher_finetune.training_pipeline | epoch 8 step 44239: non-finite loss/logits — skipped batch, restored BN buffers (36 skipped so far this epoch)
2026-08-06 09:50:42 WARNING scripts.training.teacher_finetune.training_pipeline | epoch 8 step 44239: non-finite loss/logits — skipped batch, restored BN buffers (37 skipped so far this epoch)
2026-08-06 09:50:43 WARNING scripts.training.teacher_finetune.training_pipeline | epoch 8 step 44240: non-finite loss/logits — skipped batch, restored BN buffers (38 skipped so far this epoch)
2026-08-06 09:50:43 WARNING scripts.training.teacher_finetune.training_pipeline | epoch 8 step 44240: non-finite loss/logits — skipped batch, restored BN buffers (39 skipped so far this epoch)
2026-08-06 09:50:43 WARNING scripts.training.teacher_finetune.training_pipeline | epoch 8 step 44240: non-finite loss/logits — skipped batch, restored BN buffers (40 skipped so far this epoch)
2026-08-06 09:50:44 WARNING scripts.training.teacher_finetune.training_pipeline | epoch 8 step 44241: non-finite loss/logits — skipped batch, restored BN buffers (41 skipped so far this epoch)
2026-08-06 09:50:44 WARNING scripts.training.teacher_finetune.training_pipeline | epoch 8 step 44241: non-finite loss/logits — skipped batch, restored BN buffers (42 skipped so far this epoch)
2026-08-06 09:50:45 WARNING scripts.training.teacher_finetune.training_pipeline | epoch 8 step 44243: non-finite loss/logits — skipped batch, restored BN buffers (43 skipped so far this epoch)
2026-08-06 09:50:45 WARNING scripts.training.teacher_finetune.training_pipeline | epoch 8 step 44243: non-finite loss/logits — skipped batch, restored BN buffers (44 skipped so far this epoch)
2026-08-06 09:50:47 WARNING scripts.training.teacher_finetune.training_pipeline | epoch 8 step 44243: non-finite loss/logits — skipped batch, restored BN buffers (45 skipped so far this epoch)
2026-08-06 09:50:47 WARNING scripts.training.teacher_finetune.training_pipeline | epoch 8 step 44243: non-finite loss/logits — skipped batch, restored BN buffers (46 skipped so far this epoch)
2026-08-06 09:50:47 WARNING scripts.training.teacher_finetune.training_pipeline | epoch 8 step 44243: non-finite loss/logits — skipped batch, restored BN buffers (47 skipped so far this epoch)
2026-08-06 09:50:47 WARNING scripts.training.teacher_finetune.training_pipeline | epoch 8 step 44243: non-finite loss/logits — skipped batch, restored BN buffers (48 skipped so far this epoch)
2026-08-06 09:50:47 WARNING scripts.training.teacher_finetune.training_pipeline | epoch 8 step 44243: non-finite loss/logits — skipped batch, restored BN buffers (49 skipped so far this epoch)
2026-08-06 09:50:48 WARNING scripts.training.teacher_finetune.training_pipeline | epoch 8 step 44244: non-finite loss/logits — skipped batch, restored BN buffers (50 skipped so far this epoch)
2026-08-06 09:50:49 WARNING scripts.training.teacher_finetune.training_pipeline | epoch 8 step 44245: non-finite loss/logits — skipped batch, restored BN buffers (51 skipped so far this epoch)
2026-08-06 09:50:52 INFO  scripts.training.teacher_finetune.training_pipeline | step 44250 | loss_grouped_ce=0.7829 lr=0.000298379
2026-08-06 09:51:14 INFO  scripts.training.teacher_finetune.training_pipeline | step 44300 | loss_grouped_ce=0.0777 lr=0.000298373
2026-08-06 09:51:36 INFO  scripts.training.teacher_finetune.training_pipeline | step 44350 | loss_grouped_ce=0.4037 lr=0.000298367
2026-08-06 09:51:56 INFO  scripts.training.teacher_finetune.training_pipeline | step 44400 | loss_grouped_ce=0.4588 lr=0.000298361
2026-08-06 09:52:15 INFO  scripts.training.teacher_finetune.training_pipeline | step 44450 | loss_grouped_ce=0.5654 lr=0.000298355
2026-08-06 09:52:40 INFO  scripts.training.teacher_finetune.training_pipeline | step 44500 | loss_grouped_ce=0.3516 lr=0.000298349
2026-08-06 09:52:57 INFO  scripts.training.teacher_finetune.training_pipeline | step 44550 | loss_grouped_ce=0.1878 lr=0.000298343
2026-08-06 09:53:15 INFO  scripts.training.teacher_finetune.training_pipeline | step 44600 | loss_grouped_ce=0.2625 lr=0.000298337
2026-08-06 09:53:37 INFO  scripts.training.teacher_finetune.training_pipeline | step 44650 | loss_grouped_ce=0.4961 lr=0.00029833
2026-08-06 09:53:54 INFO  scripts.training.teacher_finetune.training_pipeline | step 44700 | loss_grouped_ce=0.8714 lr=0.000298324
2026-08-06 09:54:14 INFO  scripts.training.teacher_finetune.training_pipeline | step 44750 | loss_grouped_ce=0.4929 lr=0.000298318
2026-08-06 09:54:33 INFO  scripts.training.teacher_finetune.training_pipeline | step 44800 | loss_grouped_ce=0.4808 lr=0.000298312
2026-08-06 09:54:51 INFO  scripts.training.teacher_finetune.training_pipeline | step 44850 | loss_grouped_ce=0.3966 lr=0.000298306
2026-08-06 09:55:08 INFO  scripts.training.teacher_finetune.training_pipeline | step 44900 | loss_grouped_ce=0.2050 lr=0.0002983
2026-08-06 09:55:26 INFO  scripts.training.teacher_finetune.training_pipeline | step 44950 | loss_grouped_ce=0.4136 lr=0.000298293
2026-08-06 09:55:43 INFO  scripts.training.teacher_finetune.training_pipeline | step 45000 | loss_grouped_ce=0.4322 lr=0.000298287
2026-08-06 09:56:03 INFO  scripts.training.teacher_finetune.training_pipeline | step 45050 | loss_grouped_ce=0.4405 lr=0.000298281
2026-08-06 09:56:25 INFO  scripts.training.teacher_finetune.training_pipeline | step 45100 | loss_grouped_ce=0.5701 lr=0.000298275
2026-08-06 09:56:47 INFO  scripts.training.teacher_finetune.training_pipeline | step 45150 | loss_grouped_ce=0.0794 lr=0.000298268
2026-08-06 09:57:14 INFO  scripts.training.teacher_finetune.training_pipeline | step 45200 | loss_grouped_ce=0.2522 lr=0.000298262
2026-08-06 09:57:40 INFO  scripts.training.teacher_finetune.training_pipeline | step 45250 | loss_grouped_ce=0.6410 lr=0.000298256
2026-08-06 09:58:03 INFO  scripts.training.teacher_finetune.training_pipeline | step 45300 | loss_grouped_ce=0.2594 lr=0.000298249
2026-08-06 09:58:25 INFO  scripts.training.teacher_finetune.training_pipeline | step 45350 | loss_grouped_ce=0.3702 lr=0.000298243
2026-08-06 09:58:43 INFO  scripts.training.teacher_finetune.training_pipeline | step 45400 | loss_grouped_ce=0.7724 lr=0.000298237
2026-08-06 09:59:00 INFO  scripts.training.teacher_finetune.training_pipeline | step 45450 | loss_grouped_ce=0.7281 lr=0.00029823
2026-08-06 09:59:17 INFO  scripts.training.teacher_finetune.training_pipeline | step 45500 | loss_grouped_ce=0.3076 lr=0.000298224
2026-08-06 09:59:36 INFO  scripts.training.teacher_finetune.training_pipeline | step 45550 | loss_grouped_ce=0.4212 lr=0.000298218
2026-08-06 09:59:54 INFO  scripts.training.teacher_finetune.training_pipeline | step 45600 | loss_grouped_ce=0.2061 lr=0.000298211
2026-08-06 10:00:21 INFO  scripts.training.teacher_finetune.training_pipeline | step 45650 | loss_grouped_ce=0.7283 lr=0.000298205
2026-08-06 10:00:46 INFO  scripts.training.teacher_finetune.training_pipeline | step 45700 | loss_grouped_ce=0.1851 lr=0.000298199
2026-08-06 10:01:04 INFO  scripts.training.teacher_finetune.training_pipeline | step 45750 | loss_grouped_ce=0.7464 lr=0.000298192
2026-08-06 10:01:22 INFO  scripts.training.teacher_finetune.training_pipeline | step 45800 | loss_grouped_ce=0.6445 lr=0.000298186
2026-08-06 10:01:39 INFO  scripts.training.teacher_finetune.training_pipeline | step 45850 | loss_grouped_ce=0.7154 lr=0.000298179
2026-08-06 10:01:58 INFO  scripts.training.teacher_finetune.training_pipeline | step 45900 | loss_grouped_ce=0.1736 lr=0.000298173
2026-08-06 10:02:19 INFO  scripts.training.teacher_finetune.training_pipeline | step 45950 | loss_grouped_ce=0.4069 lr=0.000298167
2026-08-06 10:02:36 INFO  scripts.training.teacher_finetune.training_pipeline | step 46000 | loss_grouped_ce=0.2554 lr=0.00029816
2026-08-06 10:02:58 INFO  scripts.training.teacher_finetune.training_pipeline | step 46050 | loss_grouped_ce=0.5784 lr=0.000298154
2026-08-06 10:03:16 INFO  scripts.training.teacher_finetune.training_pipeline | step 46100 | loss_grouped_ce=0.3315 lr=0.000298147
2026-08-06 10:03:41 INFO  scripts.training.teacher_finetune.training_pipeline | step 46150 | loss_grouped_ce=0.4699 lr=0.000298141
2026-08-06 10:03:58 INFO  scripts.training.teacher_finetune.training_pipeline | step 46200 | loss_grouped_ce=0.5032 lr=0.000298134
2026-08-06 10:04:16 INFO  scripts.training.teacher_finetune.training_pipeline | step 46250 | loss_grouped_ce=0.4332 lr=0.000298128
2026-08-06 10:04:35 INFO  scripts.training.teacher_finetune.training_pipeline | step 46300 | loss_grouped_ce=0.4839 lr=0.000298121
2026-08-06 10:04:54 INFO  scripts.training.teacher_finetune.training_pipeline | step 46350 | loss_grouped_ce=0.5975 lr=0.000298115
2026-08-06 10:05:12 INFO  scripts.training.teacher_finetune.training_pipeline | step 46400 | loss_grouped_ce=0.3071 lr=0.000298108
2026-08-06 10:05:32 INFO  scripts.training.teacher_finetune.training_pipeline | step 46450 | loss_grouped_ce=0.7319 lr=0.000298101
2026-08-06 10:05:50 INFO  scripts.training.teacher_finetune.training_pipeline | step 46500 | loss_grouped_ce=0.6790 lr=0.000298095
2026-08-06 10:06:11 INFO  scripts.training.teacher_finetune.training_pipeline | step 46550 | loss_grouped_ce=0.3264 lr=0.000298088
2026-08-06 10:06:29 INFO  scripts.training.teacher_finetune.training_pipeline | step 46600 | loss_grouped_ce=0.4244 lr=0.000298082
2026-08-06 10:06:53 INFO  scripts.training.teacher_finetune.training_pipeline | step 46650 | loss_grouped_ce=0.8819 lr=0.000298075
2026-08-06 10:07:15 INFO  scripts.training.teacher_finetune.training_pipeline | step 46700 | loss_grouped_ce=0.6052 lr=0.000298068
2026-08-06 10:07:36 INFO  scripts.training.teacher_finetune.training_pipeline | step 46750 | loss_grouped_ce=0.6683 lr=0.000298062
2026-08-06 10:07:58 INFO  scripts.training.teacher_finetune.training_pipeline | step 46800 | loss_grouped_ce=0.4473 lr=0.000298055
2026-08-06 10:08:17 INFO  scripts.training.teacher_finetune.training_pipeline | step 46850 | loss_grouped_ce=0.3839 lr=0.000298049
2026-08-06 10:08:19 INFO  scripts.training.teacher_finetune.training_pipeline | epoch 8/100 — train done in 2350.4s | avg loss_grouped_ce=0.4027 | skipped=51/5865 batches (non-finite)
2026-08-06 10:08:19 INFO  scripts.training.teacher_finetune.evaluate | evaluating on 617 batches
2026-08-06 10:13:45 INFO  scripts.training.teacher_finetune.training_pipeline | epoch 8/100 — val accuracy_top1=0.7847 f1_macro=0.7598 f1_micro=0.7847 (selection f1_macro=0.7598)
2026-08-06 10:13:46 INFO  scripts.training.teacher_finetune.evaluate | mlflow: logged val/accuracy_top1=0.7847 val/f1_macro=0.7598 val/f1_micro=0.7847 (step=7, n=19732)
2026-08-06 10:13:46 INFO  scripts.training.teacher_finetune.evaluate | mlflow: logged val per-source accuracy table (6 sources)
2026-08-06 10:13:48 INFO  scripts.training.teacher_finetune.training_pipeline | saved checkpoint: /app/scripts/training/teacher_finetune/model_exports/teacher-finetune-20260806-071516/last.pt
2026-08-06 10:13:48 INFO  scripts.training.teacher_finetune.training_pipeline | epoch 8/100 done — next lr=0.000298048, epochs_since_improve=3/15
2026-08-06 10:13:48 INFO  scripts.training.teacher_finetune.training_pipeline | epoch 9/100 — train start (lr=0.000298048, batches=5865)
2026-08-06 10:14:17 INFO  scripts.training.teacher_finetune.training_pipeline | step 46900 | loss_grouped_ce=0.0494 lr=0.000298042
2026-08-06 10:14:43 INFO  scripts.training.teacher_finetune.training_pipeline | step 46950 | loss_grouped_ce=0.5386 lr=0.000298035
2026-08-06 10:15:03 INFO  scripts.training.teacher_finetune.training_pipeline | step 47000 | loss_grouped_ce=0.3117 lr=0.000298029
2026-08-06 10:15:30 INFO  scripts.training.teacher_finetune.training_pipeline | step 47050 | loss_grouped_ce=0.3553 lr=0.000298022
2026-08-06 10:15:56 INFO  scripts.training.teacher_finetune.training_pipeline | step 47100 | loss_grouped_ce=0.6149 lr=0.000298015
2026-08-06 10:16:13 INFO  scripts.training.teacher_finetune.training_pipeline | step 47150 | loss_grouped_ce=0.2325 lr=0.000298008
2026-08-06 10:16:31 INFO  scripts.training.teacher_finetune.training_pipeline | step 47200 | loss_grouped_ce=0.3293 lr=0.000298002
2026-08-06 10:16:55 INFO  scripts.training.teacher_finetune.training_pipeline | step 47250 | loss_grouped_ce=0.1056 lr=0.000297995
2026-08-06 10:17:10 WARNING scripts.training.teacher_finetune.training_pipeline | epoch 9 step 47288: non-finite loss/logits — skipped batch, restored BN buffers (1 skipped so far this epoch)
2026-08-06 10:17:17 INFO  scripts.training.teacher_finetune.training_pipeline | step 47300 | loss_grouped_ce=0.8246 lr=0.000297988
2026-08-06 10:17:28 WARNING scripts.training.teacher_finetune.training_pipeline | epoch 9 step 47332: non-finite loss/logits — skipped batch, restored BN buffers (2 skipped so far this epoch)
2026-08-06 10:17:30 WARNING scripts.training.teacher_finetune.training_pipeline | epoch 9 step 47340: non-finite loss/logits — skipped batch, restored BN buffers (3 skipped so far this epoch)
2026-08-06 10:17:35 INFO  scripts.training.teacher_finetune.training_pipeline | step 47350 | loss_grouped_ce=0.2183 lr=0.000297981
2026-08-06 10:17:56 INFO  scripts.training.teacher_finetune.training_pipeline | step 47400 | loss_grouped_ce=0.1839 lr=0.000297975
2026-08-06 10:18:21 INFO  scripts.training.teacher_finetune.training_pipeline | step 47450 | loss_grouped_ce=0.4745 lr=0.000297968
2026-08-06 10:18:45 INFO  scripts.training.teacher_finetune.training_pipeline | step 47500 | loss_grouped_ce=0.5184 lr=0.000297961
2026-08-06 10:19:05 INFO  scripts.training.teacher_finetune.training_pipeline | step 47550 | loss_grouped_ce=0.0704 lr=0.000297954
2026-08-06 10:19:22 INFO  scripts.training.teacher_finetune.training_pipeline | step 47600 | loss_grouped_ce=0.2247 lr=0.000297947
2026-08-06 10:19:47 INFO  scripts.training.teacher_finetune.training_pipeline | step 47650 | loss_grouped_ce=0.2282 lr=0.000297941
2026-08-06 10:20:13 INFO  scripts.training.teacher_finetune.training_pipeline | step 47700 | loss_grouped_ce=0.3026 lr=0.000297934
2026-08-06 10:20:30 INFO  scripts.training.teacher_finetune.training_pipeline | step 47750 | loss_grouped_ce=0.2678 lr=0.000297927
2026-08-06 10:20:51 INFO  scripts.training.teacher_finetune.training_pipeline | step 47800 | loss_grouped_ce=0.2541 lr=0.00029792
2026-08-06 10:21:10 INFO  scripts.training.teacher_finetune.training_pipeline | step 47850 | loss_grouped_ce=0.4028 lr=0.000297913
2026-08-06 10:21:34 INFO  scripts.training.teacher_finetune.training_pipeline | step 47900 | loss_grouped_ce=0.1051 lr=0.000297906
2026-08-06 10:21:52 INFO  scripts.training.teacher_finetune.training_pipeline | step 47950 | loss_grouped_ce=0.4089 lr=0.000297899
2026-08-06 10:22:16 INFO  scripts.training.teacher_finetune.training_pipeline | step 48000 | loss_grouped_ce=0.1590 lr=0.000297892
2026-08-06 10:22:42 INFO  scripts.training.teacher_finetune.training_pipeline | step 48050 | loss_grouped_ce=0.1511 lr=0.000297886
2026-08-06 10:23:02 INFO  scripts.training.teacher_finetune.training_pipeline | step 48100 | loss_grouped_ce=0.3339 lr=0.000297879
2026-08-06 10:23:19 INFO  scripts.training.teacher_finetune.training_pipeline | step 48150 | loss_grouped_ce=0.2020 lr=0.000297872
2026-08-06 10:23:42 INFO  scripts.training.teacher_finetune.training_pipeline | step 48200 | loss_grouped_ce=0.3106 lr=0.000297865
2026-08-06 10:24:06 INFO  scripts.training.teacher_finetune.training_pipeline | step 48250 | loss_grouped_ce=0.1844 lr=0.000297858
2026-08-06 10:24:24 INFO  scripts.training.teacher_finetune.training_pipeline | step 48300 | loss_grouped_ce=0.2521 lr=0.000297851
2026-08-06 10:24:46 INFO  scripts.training.teacher_finetune.training_pipeline | step 48350 | loss_grouped_ce=0.5833 lr=0.000297844
2026-08-06 10:25:12 INFO  scripts.training.teacher_finetune.training_pipeline | step 48400 | loss_grouped_ce=0.6761 lr=0.000297837
2026-08-06 10:25:29 INFO  scripts.training.teacher_finetune.training_pipeline | step 48450 | loss_grouped_ce=0.2248 lr=0.00029783
2026-08-06 10:25:50 INFO  scripts.training.teacher_finetune.training_pipeline | step 48500 | loss_grouped_ce=0.2518 lr=0.000297823
2026-08-06 10:26:07 INFO  scripts.training.teacher_finetune.training_pipeline | step 48550 | loss_grouped_ce=0.4048 lr=0.000297816
2026-08-06 10:26:29 INFO  scripts.training.teacher_finetune.training_pipeline | step 48600 | loss_grouped_ce=0.1541 lr=0.000297809
2026-08-06 10:26:51 INFO  scripts.training.teacher_finetune.training_pipeline | step 48650 | loss_grouped_ce=0.6862 lr=0.000297802
2026-08-06 10:27:09 INFO  scripts.training.teacher_finetune.training_pipeline | step 48700 | loss_grouped_ce=0.8921 lr=0.000297795
2026-08-06 10:27:36 INFO  scripts.training.teacher_finetune.training_pipeline | step 48750 | loss_grouped_ce=0.3936 lr=0.000297787
2026-08-06 10:27:54 INFO  scripts.training.teacher_finetune.training_pipeline | step 48800 | loss_grouped_ce=0.2677 lr=0.00029778
2026-08-06 10:28:16 INFO  scripts.training.teacher_finetune.training_pipeline | step 48850 | loss_grouped_ce=0.2896 lr=0.000297773
2026-08-06 10:28:33 INFO  scripts.training.teacher_finetune.training_pipeline | step 48900 | loss_grouped_ce=0.8744 lr=0.000297766
2026-08-06 10:28:51 INFO  scripts.training.teacher_finetune.training_pipeline | step 48950 | loss_grouped_ce=0.2428 lr=0.000297759
2026-08-06 10:29:08 INFO  scripts.training.teacher_finetune.training_pipeline | step 49000 | loss_grouped_ce=0.4246 lr=0.000297752
2026-08-06 10:29:28 INFO  scripts.training.teacher_finetune.training_pipeline | step 49050 | loss_grouped_ce=0.3796 lr=0.000297745
2026-08-06 10:29:47 INFO  scripts.training.teacher_finetune.training_pipeline | step 49100 | loss_grouped_ce=0.3112 lr=0.000297738
2026-08-06 10:30:09 INFO  scripts.training.teacher_finetune.training_pipeline | step 49150 | loss_grouped_ce=0.1865 lr=0.00029773
2026-08-06 10:30:30 INFO  scripts.training.teacher_finetune.training_pipeline | step 49200 | loss_grouped_ce=0.0432 lr=0.000297723
2026-08-06 10:30:53 INFO  scripts.training.teacher_finetune.training_pipeline | step 49250 | loss_grouped_ce=0.4820 lr=0.000297716
2026-08-06 10:30:54 WARNING scripts.training.teacher_finetune.training_pipeline | epoch 9 step 49252: non-finite loss/logits — skipped batch, restored BN buffers (4 skipped so far this epoch)
2026-08-06 10:30:59 WARNING scripts.training.teacher_finetune.training_pipeline | epoch 9 step 49267: non-finite loss/logits — skipped batch, restored BN buffers (5 skipped so far this epoch)
2026-08-06 10:30:59 WARNING scripts.training.teacher_finetune.training_pipeline | epoch 9 step 49267: non-finite loss/logits — skipped batch, restored BN buffers (6 skipped so far this epoch)
2026-08-06 10:31:01 WARNING scripts.training.teacher_finetune.training_pipeline | epoch 9 step 49273: non-finite loss/logits — skipped batch, restored BN buffers (7 skipped so far this epoch)
2026-08-06 10:31:12 INFO  scripts.training.teacher_finetune.training_pipeline | step 49300 | loss_grouped_ce=0.1856 lr=0.000297709
2026-08-06 10:31:33 INFO  scripts.training.teacher_finetune.training_pipeline | step 49350 | loss_grouped_ce=0.4077 lr=0.000297702
2026-08-06 10:31:53 INFO  scripts.training.teacher_finetune.training_pipeline | step 49400 | loss_grouped_ce=0.2757 lr=0.000297694
2026-08-06 10:32:11 INFO  scripts.training.teacher_finetune.training_pipeline | step 49450 | loss_grouped_ce=0.7768 lr=0.000297687
2026-08-06 10:32:36 INFO  scripts.training.teacher_finetune.training_pipeline | step 49500 | loss_grouped_ce=0.0120 lr=0.00029768
2026-08-06 10:32:58 INFO  scripts.training.teacher_finetune.training_pipeline | step 49550 | loss_grouped_ce=0.5403 lr=0.000297673
2026-08-06 10:33:17 INFO  scripts.training.teacher_finetune.training_pipeline | step 49600 | loss_grouped_ce=0.8881 lr=0.000297665
2026-08-06 10:33:34 INFO  scripts.training.teacher_finetune.training_pipeline | step 49650 | loss_grouped_ce=0.4120 lr=0.000297658
2026-08-06 10:33:59 INFO  scripts.training.teacher_finetune.training_pipeline | step 49700 | loss_grouped_ce=0.7783 lr=0.000297651
2026-08-06 10:34:23 INFO  scripts.training.teacher_finetune.training_pipeline | step 49750 | loss_grouped_ce=0.5477 lr=0.000297644
2026-08-06 10:34:43 INFO  scripts.training.teacher_finetune.training_pipeline | step 49800 | loss_grouped_ce=0.8851 lr=0.000297636
2026-08-06 10:35:03 INFO  scripts.training.teacher_finetune.training_pipeline | step 49850 | loss_grouped_ce=0.3809 lr=0.000297629
2026-08-06 10:35:25 INFO  scripts.training.teacher_finetune.training_pipeline | step 49900 | loss_grouped_ce=0.4401 lr=0.000297622
2026-08-06 10:35:42 INFO  scripts.training.teacher_finetune.training_pipeline | step 49950 | loss_grouped_ce=0.4515 lr=0.000297614
2026-08-06 10:36:03 INFO  scripts.training.teacher_finetune.training_pipeline | step 50000 | loss_grouped_ce=0.1231 lr=0.000297607
2026-08-06 10:36:27 INFO  scripts.training.teacher_finetune.training_pipeline | step 50050 | loss_grouped_ce=0.4132 lr=0.0002976
2026-08-06 10:36:45 INFO  scripts.training.teacher_finetune.training_pipeline | step 50100 | loss_grouped_ce=0.6221 lr=0.000297592
2026-08-06 10:37:02 INFO  scripts.training.teacher_finetune.training_pipeline | step 50150 | loss_grouped_ce=0.9447 lr=0.000297585
2026-08-06 10:37:19 INFO  scripts.training.teacher_finetune.training_pipeline | step 50200 | loss_grouped_ce=0.2114 lr=0.000297577
2026-08-06 10:37:37 INFO  scripts.training.teacher_finetune.training_pipeline | step 50250 | loss_grouped_ce=0.5334 lr=0.00029757
2026-08-06 10:37:54 INFO  scripts.training.teacher_finetune.training_pipeline | step 50300 | loss_grouped_ce=0.1884 lr=0.000297562
2026-08-06 10:38:07 WARNING scripts.training.teacher_finetune.training_pipeline | epoch 9 step 50334: non-finite loss/logits — skipped batch, restored BN buffers (8 skipped so far this epoch)
2026-08-06 10:38:15 INFO  scripts.training.teacher_finetune.training_pipeline | step 50350 | loss_grouped_ce=0.5449 lr=0.000297555
2026-08-06 10:38:38 INFO  scripts.training.teacher_finetune.training_pipeline | step 50400 | loss_grouped_ce=0.3405 lr=0.000297548
2026-08-06 10:38:45 WARNING scripts.training.teacher_finetune.training_pipeline | epoch 9 step 50414: non-finite loss/logits — skipped batch, restored BN buffers (9 skipped so far this epoch)
2026-08-06 10:38:47 WARNING scripts.training.teacher_finetune.training_pipeline | epoch 9 step 50417: non-finite loss/logits — skipped batch, restored BN buffers (10 skipped so far this epoch)
2026-08-06 10:38:51 WARNING scripts.training.teacher_finetune.training_pipeline | epoch 9 step 50425: non-finite loss/logits — skipped batch, restored BN buffers (11 skipped so far this epoch)
2026-08-06 10:39:05 INFO  scripts.training.teacher_finetune.training_pipeline | step 50450 | loss_grouped_ce=0.5114 lr=0.00029754
2026-08-06 10:39:27 INFO  scripts.training.teacher_finetune.training_pipeline | step 50500 | loss_grouped_ce=0.6565 lr=0.000297533
2026-08-06 10:39:44 INFO  scripts.training.teacher_finetune.training_pipeline | step 50550 | loss_grouped_ce=0.1126 lr=0.000297525
2026-08-06 10:40:04 INFO  scripts.training.teacher_finetune.training_pipeline | step 50600 | loss_grouped_ce=0.3644 lr=0.000297518
2026-08-06 10:40:24 INFO  scripts.training.teacher_finetune.training_pipeline | step 50650 | loss_grouped_ce=0.1804 lr=0.00029751
2026-08-06 10:40:42 INFO  scripts.training.teacher_finetune.training_pipeline | step 50700 | loss_grouped_ce=0.7327 lr=0.000297503
2026-08-06 10:41:02 INFO  scripts.training.teacher_finetune.training_pipeline | step 50750 | loss_grouped_ce=0.1784 lr=0.000297495
2026-08-06 10:41:25 INFO  scripts.training.teacher_finetune.training_pipeline | step 50800 | loss_grouped_ce=0.8633 lr=0.000297488
2026-08-06 10:41:47 INFO  scripts.training.teacher_finetune.training_pipeline | step 50850 | loss_grouped_ce=0.1968 lr=0.00029748
2026-08-06 10:42:10 INFO  scripts.training.teacher_finetune.training_pipeline | step 50900 | loss_grouped_ce=0.9522 lr=0.000297472
2026-08-06 10:42:29 INFO  scripts.training.teacher_finetune.training_pipeline | step 50950 | loss_grouped_ce=0.8567 lr=0.000297465
2026-08-06 10:42:46 INFO  scripts.training.teacher_finetune.training_pipeline | step 51000 | loss_grouped_ce=0.5577 lr=0.000297457
2026-08-06 10:43:09 INFO  scripts.training.teacher_finetune.training_pipeline | step 51050 | loss_grouped_ce=0.3464 lr=0.00029745
2026-08-06 10:43:27 INFO  scripts.training.teacher_finetune.training_pipeline | step 51100 | loss_grouped_ce=0.0836 lr=0.000297442
2026-08-06 10:43:47 INFO  scripts.training.teacher_finetune.training_pipeline | step 51150 | loss_grouped_ce=0.1331 lr=0.000297435
2026-08-06 10:44:08 INFO  scripts.training.teacher_finetune.training_pipeline | step 51200 | loss_grouped_ce=0.2957 lr=0.000297427
2026-08-06 10:44:26 INFO  scripts.training.teacher_finetune.training_pipeline | step 51250 | loss_grouped_ce=0.3343 lr=0.000297419
2026-08-06 10:44:43 INFO  scripts.training.teacher_finetune.training_pipeline | step 51300 | loss_grouped_ce=0.3183 lr=0.000297412
2026-08-06 10:45:07 INFO  scripts.training.teacher_finetune.training_pipeline | step 51350 | loss_grouped_ce=0.4046 lr=0.000297404
2026-08-06 10:45:33 INFO  scripts.training.teacher_finetune.training_pipeline | step 51400 | loss_grouped_ce=0.3047 lr=0.000297396
2026-08-06 10:45:51 INFO  scripts.training.teacher_finetune.training_pipeline | step 51450 | loss_grouped_ce=0.6209 lr=0.000297389
2026-08-06 10:46:12 INFO  scripts.training.teacher_finetune.training_pipeline | step 51500 | loss_grouped_ce=0.7463 lr=0.000297381
2026-08-06 10:46:35 INFO  scripts.training.teacher_finetune.training_pipeline | step 51550 | loss_grouped_ce=0.7207 lr=0.000297373
2026-08-06 10:46:54 INFO  scripts.training.teacher_finetune.training_pipeline | step 51600 | loss_grouped_ce=0.9898 lr=0.000297365
2026-08-06 10:47:12 INFO  scripts.training.teacher_finetune.training_pipeline | step 51650 | loss_grouped_ce=0.6391 lr=0.000297358
2026-08-06 10:47:31 INFO  scripts.training.teacher_finetune.training_pipeline | step 51700 | loss_grouped_ce=0.9895 lr=0.00029735
2026-08-06 10:47:33 WARNING scripts.training.teacher_finetune.training_pipeline | epoch 9 step 51707: non-finite loss/logits — skipped batch, restored BN buffers (12 skipped so far this epoch)
2026-08-06 10:47:54 INFO  scripts.training.teacher_finetune.training_pipeline | step 51750 | loss_grouped_ce=0.1211 lr=0.000297342
2026-08-06 10:48:11 INFO  scripts.training.teacher_finetune.training_pipeline | step 51800 | loss_grouped_ce=0.2322 lr=0.000297334
2026-08-06 10:48:34 INFO  scripts.training.teacher_finetune.training_pipeline | step 51850 | loss_grouped_ce=0.4515 lr=0.000297327
2026-08-06 10:48:38 WARNING scripts.training.teacher_finetune.training_pipeline | epoch 9 step 51864: non-finite loss/logits — skipped batch, restored BN buffers (13 skipped so far this epoch)
2026-08-06 10:48:51 INFO  scripts.training.teacher_finetune.training_pipeline | step 51900 | loss_grouped_ce=0.2448 lr=0.000297319
2026-08-06 10:49:14 INFO  scripts.training.teacher_finetune.training_pipeline | step 51950 | loss_grouped_ce=0.6435 lr=0.000297311
2026-08-06 10:49:33 INFO  scripts.training.teacher_finetune.training_pipeline | step 52000 | loss_grouped_ce=0.2054 lr=0.000297303
2026-08-06 10:49:33 WARNING scripts.training.teacher_finetune.training_pipeline | epoch 9 step 52002: non-finite loss/logits — skipped batch, restored BN buffers (14 skipped so far this epoch)
2026-08-06 10:49:53 INFO  scripts.training.teacher_finetune.training_pipeline | step 52050 | loss_grouped_ce=0.2996 lr=0.000297295
2026-08-06 10:50:18 INFO  scripts.training.teacher_finetune.training_pipeline | step 52100 | loss_grouped_ce=0.3410 lr=0.000297288
2026-08-06 10:50:35 INFO  scripts.training.teacher_finetune.training_pipeline | step 52150 | loss_grouped_ce=0.3843 lr=0.00029728
2026-08-06 10:50:54 INFO  scripts.training.teacher_finetune.training_pipeline | step 52200 | loss_grouped_ce=0.6466 lr=0.000297272
2026-08-06 10:51:01 WARNING scripts.training.teacher_finetune.training_pipeline | epoch 9 step 52214: non-finite loss/logits — skipped batch, restored BN buffers (15 skipped so far this epoch)
2026-08-06 10:51:16 INFO  scripts.training.teacher_finetune.training_pipeline | step 52250 | loss_grouped_ce=0.7346 lr=0.000297264
2026-08-06 10:51:34 INFO  scripts.training.teacher_finetune.training_pipeline | step 52300 | loss_grouped_ce=0.7161 lr=0.000297256
2026-08-06 10:51:55 INFO  scripts.training.teacher_finetune.training_pipeline | step 52350 | loss_grouped_ce=0.5710 lr=0.000297248
2026-08-06 10:52:15 INFO  scripts.training.teacher_finetune.training_pipeline | step 52400 | loss_grouped_ce=0.3291 lr=0.00029724
2026-08-06 10:52:38 INFO  scripts.training.teacher_finetune.training_pipeline | step 52450 | loss_grouped_ce=0.4912 lr=0.000297233
2026-08-06 10:52:56 INFO  scripts.training.teacher_finetune.training_pipeline | step 52500 | loss_grouped_ce=0.5431 lr=0.000297225
2026-08-06 10:53:18 INFO  scripts.training.teacher_finetune.training_pipeline | step 52550 | loss_grouped_ce=0.2423 lr=0.000297217
2026-08-06 10:53:44 INFO  scripts.training.teacher_finetune.training_pipeline | step 52600 | loss_grouped_ce=0.4376 lr=0.000297209
2026-08-06 10:54:10 INFO  scripts.training.teacher_finetune.training_pipeline | step 52650 | loss_grouped_ce=0.4379 lr=0.000297201
2026-08-06 10:54:28 INFO  scripts.training.teacher_finetune.training_pipeline | step 52700 | loss_grouped_ce=0.5200 lr=0.000297193
2026-08-06 10:54:31 INFO  scripts.training.teacher_finetune.training_pipeline | epoch 9/100 — train done in 2442.1s | avg loss_grouped_ce=0.4246 | skipped=15/5865 batches (non-finite)
2026-08-06 10:54:31 INFO  scripts.training.teacher_finetune.evaluate | evaluating on 617 batches
2026-08-06 10:59:28 INFO  scripts.training.teacher_finetune.training_pipeline | epoch 9/100 — val accuracy_top1=0.7793 f1_macro=0.7559 f1_micro=0.7793 (selection f1_macro=0.7559)
2026-08-06 10:59:29 INFO  scripts.training.teacher_finetune.evaluate | mlflow: logged val/accuracy_top1=0.7793 val/f1_macro=0.7559 val/f1_micro=0.7793 (step=8, n=19732)
2026-08-06 10:59:29 INFO  scripts.training.teacher_finetune.evaluate | mlflow: logged val per-source accuracy table (6 sources)
2026-08-06 10:59:31 INFO  scripts.training.teacher_finetune.training_pipeline | saved checkpoint: /app/scripts/training/teacher_finetune/model_exports/teacher-finetune-20260806-071516/last.pt
2026-08-06 10:59:32 INFO  scripts.training.teacher_finetune.training_pipeline | epoch 9/100 done — next lr=0.000297192, epochs_since_improve=4/15
2026-08-06 10:59:32 INFO  scripts.training.teacher_finetune.training_pipeline | epoch 10/100 — train start (lr=0.000297192, batches=5865)
2026-08-06 10:59:55 INFO  scripts.training.teacher_finetune.training_pipeline | step 52750 | loss_grouped_ce=0.2678 lr=0.000297185
2026-08-06 11:00:13 INFO  scripts.training.teacher_finetune.training_pipeline | step 52800 | loss_grouped_ce=0.0520 lr=0.000297177
2026-08-06 11:00:35 INFO  scripts.training.teacher_finetune.training_pipeline | step 52850 | loss_grouped_ce=0.1428 lr=0.000297169
2026-08-06 11:00:54 INFO  scripts.training.teacher_finetune.training_pipeline | step 52900 | loss_grouped_ce=1.0452 lr=0.000297161
2026-08-06 11:01:19 INFO  scripts.training.teacher_finetune.training_pipeline | step 52950 | loss_grouped_ce=0.7233 lr=0.000297153
2026-08-06 11:01:39 INFO  scripts.training.teacher_finetune.training_pipeline | step 53000 | loss_grouped_ce=0.5512 lr=0.000297145
2026-08-06 11:01:57 INFO  scripts.training.teacher_finetune.training_pipeline | step 53050 | loss_grouped_ce=0.4019 lr=0.000297137
2026-08-06 11:02:18 INFO  scripts.training.teacher_finetune.training_pipeline | step 53100 | loss_grouped_ce=0.3011 lr=0.000297129
2026-08-06 11:02:35 INFO  scripts.training.teacher_finetune.training_pipeline | step 53150 | loss_grouped_ce=0.1622 lr=0.000297121
2026-08-06 11:02:57 INFO  scripts.training.teacher_finetune.training_pipeline | step 53200 | loss_grouped_ce=0.2417 lr=0.000297113
2026-08-06 11:03:18 INFO  scripts.training.teacher_finetune.training_pipeline | step 53250 | loss_grouped_ce=0.5170 lr=0.000297104
2026-08-06 11:03:37 INFO  scripts.training.teacher_finetune.training_pipeline | step 53300 | loss_grouped_ce=0.0570 lr=0.000297096
2026-08-06 11:03:54 INFO  scripts.training.teacher_finetune.training_pipeline | step 53350 | loss_grouped_ce=0.3649 lr=0.000297088
2026-08-06 11:04:12 INFO  scripts.training.teacher_finetune.training_pipeline | step 53400 | loss_grouped_ce=0.2511 lr=0.00029708
2026-08-06 11:04:35 INFO  scripts.training.teacher_finetune.training_pipeline | step 53450 | loss_grouped_ce=0.2267 lr=0.000297072
2026-08-06 11:04:53 INFO  scripts.training.teacher_finetune.training_pipeline | step 53500 | loss_grouped_ce=0.3693 lr=0.000297064
2026-08-06 11:05:14 INFO  scripts.training.teacher_finetune.training_pipeline | step 53550 | loss_grouped_ce=0.3266 lr=0.000297056
2026-08-06 11:05:30 WARNING scripts.training.teacher_finetune.training_pipeline | epoch 10 step 53585: non-finite loss/logits — skipped batch, restored BN buffers (1 skipped so far this epoch)
2026-08-06 11:05:36 INFO  scripts.training.teacher_finetune.training_pipeline | step 53600 | loss_grouped_ce=0.1718 lr=0.000297048
2026-08-06 11:05:53 INFO  scripts.training.teacher_finetune.training_pipeline | step 53650 | loss_grouped_ce=0.4917 lr=0.000297039
2026-08-06 11:06:11 INFO  scripts.training.teacher_finetune.training_pipeline | step 53700 | loss_grouped_ce=0.4978 lr=0.000297031
2026-08-06 11:06:28 INFO  scripts.training.teacher_finetune.training_pipeline | step 53750 | loss_grouped_ce=0.5651 lr=0.000297023
2026-08-06 11:06:52 INFO  scripts.training.teacher_finetune.training_pipeline | step 53800 | loss_grouped_ce=1.1394 lr=0.000297015
2026-08-06 11:07:19 INFO  scripts.training.teacher_finetune.training_pipeline | step 53850 | loss_grouped_ce=0.2522 lr=0.000297006
2026-08-06 11:07:37 INFO  scripts.training.teacher_finetune.training_pipeline | step 53900 | loss_grouped_ce=0.1226 lr=0.000296998
2026-08-06 11:08:03 INFO  scripts.training.teacher_finetune.training_pipeline | step 53950 | loss_grouped_ce=0.3366 lr=0.00029699
2026-08-06 11:08:23 INFO  scripts.training.teacher_finetune.training_pipeline | step 54000 | loss_grouped_ce=0.1525 lr=0.000296982
2026-08-06 11:08:44 INFO  scripts.training.teacher_finetune.training_pipeline | step 54050 | loss_grouped_ce=0.3846 lr=0.000296973
2026-08-06 11:09:01 INFO  scripts.training.teacher_finetune.training_pipeline | step 54100 | loss_grouped_ce=0.2906 lr=0.000296965
2026-08-06 11:09:09 WARNING scripts.training.teacher_finetune.training_pipeline | epoch 10 step 54119: non-finite loss/logits — skipped batch, restored BN buffers (2 skipped so far this epoch)
2026-08-06 11:09:24 INFO  scripts.training.teacher_finetune.training_pipeline | step 54150 | loss_grouped_ce=0.3492 lr=0.000296957
2026-08-06 11:09:45 INFO  scripts.training.teacher_finetune.training_pipeline | step 54200 | loss_grouped_ce=0.7632 lr=0.000296949
2026-08-06 11:10:02 INFO  scripts.training.teacher_finetune.training_pipeline | step 54250 | loss_grouped_ce=0.8707 lr=0.00029694
2026-08-06 11:10:21 INFO  scripts.training.teacher_finetune.training_pipeline | step 54300 | loss_grouped_ce=0.5400 lr=0.000296932
2026-08-06 11:10:46 INFO  scripts.training.teacher_finetune.training_pipeline | step 54350 | loss_grouped_ce=0.1575 lr=0.000296924
2026-08-06 11:10:52 WARNING scripts.training.teacher_finetune.training_pipeline | epoch 10 step 54365: non-finite loss/logits — skipped batch, restored BN buffers (3 skipped so far this epoch)
2026-08-06 11:11:11 INFO  scripts.training.teacher_finetune.training_pipeline | step 54400 | loss_grouped_ce=0.7103 lr=0.000296915
2026-08-06 11:11:29 INFO  scripts.training.teacher_finetune.training_pipeline | step 54450 | loss_grouped_ce=0.5282 lr=0.000296907
2026-08-06 11:11:46 INFO  scripts.training.teacher_finetune.training_pipeline | step 54500 | loss_grouped_ce=0.9999 lr=0.000296899
2026-08-06 11:12:09 INFO  scripts.training.teacher_finetune.training_pipeline | step 54550 | loss_grouped_ce=0.2682 lr=0.00029689
2026-08-06 11:12:16 WARNING scripts.training.teacher_finetune.training_pipeline | epoch 10 step 54564: non-finite loss/logits — skipped batch, restored BN buffers (4 skipped so far this epoch)
2026-08-06 11:12:17 WARNING scripts.training.teacher_finetune.training_pipeline | epoch 10 step 54565: non-finite loss/logits — skipped batch, restored BN buffers (5 skipped so far this epoch)
2026-08-06 11:12:17 WARNING scripts.training.teacher_finetune.training_pipeline | epoch 10 step 54565: non-finite loss/logits — skipped batch, restored BN buffers (6 skipped so far this epoch)
2026-08-06 11:12:17 WARNING scripts.training.teacher_finetune.training_pipeline | epoch 10 step 54565: non-finite loss/logits — skipped batch, restored BN buffers (7 skipped so far this epoch)
2026-08-06 11:12:31 INFO  scripts.training.teacher_finetune.training_pipeline | step 54600 | loss_grouped_ce=1.0493 lr=0.000296882
2026-08-06 11:12:48 INFO  scripts.training.teacher_finetune.training_pipeline | step 54650 | loss_grouped_ce=0.6879 lr=0.000296873
2026-08-06 11:13:13 INFO  scripts.training.teacher_finetune.training_pipeline | step 54700 | loss_grouped_ce=0.7738 lr=0.000296865
2026-08-06 11:13:38 INFO  scripts.training.teacher_finetune.training_pipeline | step 54750 | loss_grouped_ce=0.1672 lr=0.000296857
2026-08-06 11:13:58 INFO  scripts.training.teacher_finetune.training_pipeline | step 54800 | loss_grouped_ce=0.2678 lr=0.000296848
2026-08-06 11:14:09 WARNING scripts.training.teacher_finetune.training_pipeline | epoch 10 step 54834: non-finite loss/logits — skipped batch, restored BN buffers (8 skipped so far this epoch)
2026-08-06 11:14:11 WARNING scripts.training.teacher_finetune.training_pipeline | epoch 10 step 54838: non-finite loss/logits — skipped batch, restored BN buffers (9 skipped so far this epoch)
2026-08-06 11:14:16 INFO  scripts.training.teacher_finetune.training_pipeline | step 54850 | loss_grouped_ce=0.7901 lr=0.00029684
2026-08-06 11:14:25 WARNING scripts.training.teacher_finetune.training_pipeline | epoch 10 step 54867: non-finite loss/logits — skipped batch, restored BN buffers (10 skipped so far this epoch)
2026-08-06 11:14:28 WARNING scripts.training.teacher_finetune.training_pipeline | epoch 10 step 54872: non-finite loss/logits — skipped batch, restored BN buffers (11 skipped so far this epoch)
2026-08-06 11:14:29 WARNING scripts.training.teacher_finetune.training_pipeline | epoch 10 step 54875: non-finite loss/logits — skipped batch, restored BN buffers (12 skipped so far this epoch)
2026-08-06 11:14:29 WARNING scripts.training.teacher_finetune.training_pipeline | epoch 10 step 54875: non-finite loss/logits — skipped batch, restored BN buffers (13 skipped so far this epoch)
2026-08-06 11:14:30 WARNING scripts.training.teacher_finetune.training_pipeline | epoch 10 step 54876: non-finite loss/logits — skipped batch, restored BN buffers (14 skipped so far this epoch)
2026-08-06 11:14:31 WARNING scripts.training.teacher_finetune.training_pipeline | epoch 10 step 54879: non-finite loss/logits — skipped batch, restored BN buffers (15 skipped so far this epoch)
2026-08-06 11:14:32 WARNING scripts.training.teacher_finetune.training_pipeline | epoch 10 step 54881: non-finite loss/logits — skipped batch, restored BN buffers (16 skipped so far this epoch)
2026-08-06 11:14:32 WARNING scripts.training.teacher_finetune.training_pipeline | epoch 10 step 54881: non-finite loss/logits — skipped batch, restored BN buffers (17 skipped so far this epoch)
2026-08-06 11:14:32 WARNING scripts.training.teacher_finetune.training_pipeline | epoch 10 step 54881: non-finite loss/logits — skipped batch, restored BN buffers (18 skipped so far this epoch)
2026-08-06 11:14:33 WARNING scripts.training.teacher_finetune.training_pipeline | epoch 10 step 54882: non-finite loss/logits — skipped batch, restored BN buffers (19 skipped so far this epoch)
2026-08-06 11:14:33 WARNING scripts.training.teacher_finetune.training_pipeline | epoch 10 step 54882: non-finite loss/logits — skipped batch, restored BN buffers (20 skipped so far this epoch)
2026-08-06 11:14:33 WARNING scripts.training.teacher_finetune.training_pipeline | epoch 10 step 54882: non-finite loss/logits — skipped batch, restored BN buffers (21 skipped so far this epoch)
2026-08-06 11:14:33 WARNING scripts.training.teacher_finetune.training_pipeline | epoch 10 step 54882: non-finite loss/logits — skipped batch, restored BN buffers (22 skipped so far this epoch)
2026-08-06 11:14:34 WARNING scripts.training.teacher_finetune.training_pipeline | epoch 10 step 54882: non-finite loss/logits — skipped batch, restored BN buffers (23 skipped so far this epoch)
2026-08-06 11:14:35 WARNING scripts.training.teacher_finetune.training_pipeline | epoch 10 step 54882: non-finite loss/logits — skipped batch, restored BN buffers (24 skipped so far this epoch)
2026-08-06 11:14:35 WARNING scripts.training.teacher_finetune.training_pipeline | epoch 10 step 54883: non-finite loss/logits — skipped batch, restored BN buffers (25 skipped so far this epoch)
2026-08-06 11:14:35 WARNING scripts.training.teacher_finetune.training_pipeline | epoch 10 step 54883: non-finite loss/logits — skipped batch, restored BN buffers (26 skipped so far this epoch)
2026-08-06 11:14:36 WARNING scripts.training.teacher_finetune.training_pipeline | epoch 10 step 54884: non-finite loss/logits — skipped batch, restored BN buffers (27 skipped so far this epoch)
2026-08-06 11:14:36 WARNING scripts.training.teacher_finetune.training_pipeline | epoch 10 step 54884: non-finite loss/logits — skipped batch, restored BN buffers (28 skipped so far this epoch)
2026-08-06 11:14:38 WARNING scripts.training.teacher_finetune.training_pipeline | epoch 10 step 54885: non-finite loss/logits — skipped batch, restored BN buffers (29 skipped so far this epoch)
2026-08-06 11:14:38 WARNING scripts.training.teacher_finetune.training_pipeline | epoch 10 step 54885: non-finite loss/logits — skipped batch, restored BN buffers (30 skipped so far this epoch)
2026-08-06 11:14:38 WARNING scripts.training.teacher_finetune.training_pipeline | epoch 10 step 54886: non-finite loss/logits — skipped batch, restored BN buffers (31 skipped so far this epoch)
2026-08-06 11:14:39 WARNING scripts.training.teacher_finetune.training_pipeline | epoch 10 step 54887: non-finite loss/logits — skipped batch, restored BN buffers (32 skipped so far this epoch)
2026-08-06 11:14:40 WARNING scripts.training.teacher_finetune.training_pipeline | epoch 10 step 54889: non-finite loss/logits — skipped batch, restored BN buffers (33 skipped so far this epoch)
2026-08-06 11:14:40 WARNING scripts.training.teacher_finetune.training_pipeline | epoch 10 step 54889: non-finite loss/logits — skipped batch, restored BN buffers (34 skipped so far this epoch)
2026-08-06 11:14:40 WARNING scripts.training.teacher_finetune.training_pipeline | epoch 10 step 54890: non-finite loss/logits — skipped batch, restored BN buffers (35 skipped so far this epoch)
2026-08-06 11:14:41 WARNING scripts.training.teacher_finetune.training_pipeline | epoch 10 step 54890: non-finite loss/logits — skipped batch, restored BN buffers (36 skipped so far this epoch)
2026-08-06 11:14:41 WARNING scripts.training.teacher_finetune.training_pipeline | epoch 10 step 54890: non-finite loss/logits — skipped batch, restored BN buffers (37 skipped so far this epoch)
2026-08-06 11:14:41 WARNING scripts.training.teacher_finetune.training_pipeline | epoch 10 step 54890: non-finite loss/logits — skipped batch, restored BN buffers (38 skipped so far this epoch)
2026-08-06 11:14:41 WARNING scripts.training.teacher_finetune.training_pipeline | epoch 10 step 54890: non-finite loss/logits — skipped batch, restored BN buffers (39 skipped so far this epoch)
2026-08-06 11:14:42 WARNING scripts.training.teacher_finetune.training_pipeline | epoch 10 step 54890: non-finite loss/logits — skipped batch, restored BN buffers (40 skipped so far this epoch)
2026-08-06 11:14:42 WARNING scripts.training.teacher_finetune.training_pipeline | epoch 10 step 54890: non-finite loss/logits — skipped batch, restored BN buffers (41 skipped so far this epoch)
2026-08-06 11:14:43 WARNING scripts.training.teacher_finetune.training_pipeline | epoch 10 step 54891: non-finite loss/logits — skipped batch, restored BN buffers (42 skipped so far this epoch)
2026-08-06 11:14:43 WARNING scripts.training.teacher_finetune.training_pipeline | epoch 10 step 54891: non-finite loss/logits — skipped batch, restored BN buffers (43 skipped so far this epoch)
2026-08-06 11:14:43 WARNING scripts.training.teacher_finetune.training_pipeline | epoch 10 step 54891: non-finite loss/logits — skipped batch, restored BN buffers (44 skipped so far this epoch)
2026-08-06 11:14:43 WARNING scripts.training.teacher_finetune.training_pipeline | epoch 10 step 54891: non-finite loss/logits — skipped batch, restored BN buffers (45 skipped so far this epoch)
2026-08-06 11:14:43 WARNING scripts.training.teacher_finetune.training_pipeline | epoch 10 step 54891: non-finite loss/logits — skipped batch, restored BN buffers (46 skipped so far this epoch)
2026-08-06 11:14:46 WARNING scripts.training.teacher_finetune.training_pipeline | epoch 10 step 54891: non-finite loss/logits — skipped batch, restored BN buffers (47 skipped so far this epoch)
2026-08-06 11:14:46 WARNING scripts.training.teacher_finetune.training_pipeline | epoch 10 step 54891: non-finite loss/logits — skipped batch, restored BN buffers (48 skipped so far this epoch)
2026-08-06 11:14:47 WARNING scripts.training.teacher_finetune.training_pipeline | epoch 10 step 54892: non-finite loss/logits — skipped batch, restored BN buffers (49 skipped so far this epoch)
2026-08-06 11:14:47 WARNING scripts.training.teacher_finetune.training_pipeline | epoch 10 step 54892: non-finite loss/logits — skipped batch, restored BN buffers (50 skipped so far this epoch)
2026-08-06 11:14:47 WARNING scripts.training.teacher_finetune.training_pipeline | epoch 10 step 54892: non-finite loss/logits — skipped batch, restored BN buffers (51 skipped so far this epoch)
2026-08-06 11:14:47 WARNING scripts.training.teacher_finetune.training_pipeline | epoch 10 step 54892: non-finite loss/logits — skipped batch, restored BN buffers (52 skipped so far this epoch)
2026-08-06 11:14:47 WARNING scripts.training.teacher_finetune.training_pipeline | epoch 10 step 54892: non-finite loss/logits — skipped batch, restored BN buffers (53 skipped so far this epoch)
2026-08-06 11:14:48 WARNING scripts.training.teacher_finetune.training_pipeline | epoch 10 step 54892: non-finite loss/logits — skipped batch, restored BN buffers (54 skipped so far this epoch)
2026-08-06 11:14:48 WARNING scripts.training.teacher_finetune.training_pipeline | epoch 10 step 54892: non-finite loss/logits — skipped batch, restored BN buffers (55 skipped so far this epoch)
2026-08-06 11:14:48 WARNING scripts.training.teacher_finetune.training_pipeline | epoch 10 step 54892: non-finite loss/logits — skipped batch, restored BN buffers (56 skipped so far this epoch)
2026-08-06 11:14:49 WARNING scripts.training.teacher_finetune.training_pipeline | epoch 10 step 54893: non-finite loss/logits — skipped batch, restored BN buffers (57 skipped so far this epoch)
2026-08-06 11:14:50 WARNING scripts.training.teacher_finetune.training_pipeline | epoch 10 step 54894: non-finite loss/logits — skipped batch, restored BN buffers (58 skipped so far this epoch)
2026-08-06 11:14:50 WARNING scripts.training.teacher_finetune.training_pipeline | epoch 10 step 54894: non-finite loss/logits — skipped batch, restored BN buffers (59 skipped so far this epoch)
2026-08-06 11:14:50 WARNING scripts.training.teacher_finetune.training_pipeline | epoch 10 step 54894: non-finite loss/logits — skipped batch, restored BN buffers (60 skipped so far this epoch)
2026-08-06 11:14:52 WARNING scripts.training.teacher_finetune.training_pipeline | epoch 10 step 54894: non-finite loss/logits — skipped batch, restored BN buffers (61 skipped so far this epoch)
2026-08-06 11:14:52 WARNING scripts.training.teacher_finetune.training_pipeline | epoch 10 step 54894: non-finite loss/logits — skipped batch, restored BN buffers (62 skipped so far this epoch)
2026-08-06 11:14:53 WARNING scripts.training.teacher_finetune.training_pipeline | epoch 10 step 54894: non-finite loss/logits — skipped batch, restored BN buffers (63 skipped so far this epoch)
2026-08-06 11:14:53 WARNING scripts.training.teacher_finetune.training_pipeline | epoch 10 step 54896: non-finite loss/logits — skipped batch, restored BN buffers (64 skipped so far this epoch)
2026-08-06 11:14:54 WARNING scripts.training.teacher_finetune.training_pipeline | epoch 10 step 54896: non-finite loss/logits — skipped batch, restored BN buffers (65 skipped so far this epoch)
2026-08-06 11:14:56 WARNING scripts.training.teacher_finetune.training_pipeline | epoch 10 step 54897: non-finite loss/logits — skipped batch, restored BN buffers (66 skipped so far this epoch)
2026-08-06 11:14:58 INFO  scripts.training.teacher_finetune.training_pipeline | step 54900 | loss_grouped_ce=0.4895 lr=0.000296831
2026-08-06 11:15:24 INFO  scripts.training.teacher_finetune.training_pipeline | step 54950 | loss_grouped_ce=0.2435 lr=0.000296823
2026-08-06 11:15:42 INFO  scripts.training.teacher_finetune.training_pipeline | step 55000 | loss_grouped_ce=0.2676 lr=0.000296814
2026-08-06 11:16:03 INFO  scripts.training.teacher_finetune.training_pipeline | step 55050 | loss_grouped_ce=0.4783 lr=0.000296806
2026-08-06 11:16:28 INFO  scripts.training.teacher_finetune.training_pipeline | step 55100 | loss_grouped_ce=0.5185 lr=0.000296797
2026-08-06 11:16:51 INFO  scripts.training.teacher_finetune.training_pipeline | step 55150 | loss_grouped_ce=0.3379 lr=0.000296789
2026-08-06 11:17:08 INFO  scripts.training.teacher_finetune.training_pipeline | step 55200 | loss_grouped_ce=0.5917 lr=0.00029678
2026-08-06 11:17:31 INFO  scripts.training.teacher_finetune.training_pipeline | step 55250 | loss_grouped_ce=0.2093 lr=0.000296772
2026-08-06 11:17:54 INFO  scripts.training.teacher_finetune.training_pipeline | step 55300 | loss_grouped_ce=0.3348 lr=0.000296763
2026-08-06 11:18:11 INFO  scripts.training.teacher_finetune.training_pipeline | step 55350 | loss_grouped_ce=0.1734 lr=0.000296755
2026-08-06 11:18:36 INFO  scripts.training.teacher_finetune.training_pipeline | step 55400 | loss_grouped_ce=0.3365 lr=0.000296746
2026-08-06 11:18:41 WARNING scripts.training.teacher_finetune.training_pipeline | epoch 10 step 55415: non-finite loss/logits — skipped batch, restored BN buffers (67 skipped so far this epoch)
2026-08-06 11:18:41 WARNING scripts.training.teacher_finetune.training_pipeline | epoch 10 step 55416: non-finite loss/logits — skipped batch, restored BN buffers (68 skipped so far this epoch)
2026-08-06 11:18:41 WARNING scripts.training.teacher_finetune.training_pipeline | epoch 10 step 55416: non-finite loss/logits — skipped batch, restored BN buffers (69 skipped so far this epoch)
2026-08-06 11:18:42 WARNING scripts.training.teacher_finetune.training_pipeline | epoch 10 step 55417: non-finite loss/logits — skipped batch, restored BN buffers (70 skipped so far this epoch)
2026-08-06 11:18:42 WARNING scripts.training.teacher_finetune.training_pipeline | epoch 10 step 55417: non-finite loss/logits — skipped batch, restored BN buffers (71 skipped so far this epoch)
2026-08-06 11:18:43 WARNING scripts.training.teacher_finetune.training_pipeline | epoch 10 step 55419: non-finite loss/logits — skipped batch, restored BN buffers (72 skipped so far this epoch)
2026-08-06 11:18:43 WARNING scripts.training.teacher_finetune.training_pipeline | epoch 10 step 55419: non-finite loss/logits — skipped batch, restored BN buffers (73 skipped so far this epoch)
2026-08-06 11:18:44 WARNING scripts.training.teacher_finetune.training_pipeline | epoch 10 step 55419: non-finite loss/logits — skipped batch, restored BN buffers (74 skipped so far this epoch)
2026-08-06 11:18:44 WARNING scripts.training.teacher_finetune.training_pipeline | epoch 10 step 55419: non-finite loss/logits — skipped batch, restored BN buffers (75 skipped so far this epoch)
2026-08-06 11:18:45 WARNING scripts.training.teacher_finetune.training_pipeline | epoch 10 step 55422: non-finite loss/logits — skipped batch, restored BN buffers (76 skipped so far this epoch)
2026-08-06 11:18:56 INFO  scripts.training.teacher_finetune.training_pipeline | step 55450 | loss_grouped_ce=0.3142 lr=0.000296737
2026-08-06 11:19:03 WARNING scripts.training.teacher_finetune.training_pipeline | epoch 10 step 55466: non-finite loss/logits — skipped batch, restored BN buffers (77 skipped so far this epoch)
2026-08-06 11:19:06 WARNING scripts.training.teacher_finetune.training_pipeline | epoch 10 step 55475: non-finite loss/logits — skipped batch, restored BN buffers (78 skipped so far this epoch)
2026-08-06 11:19:16 INFO  scripts.training.teacher_finetune.training_pipeline | step 55500 | loss_grouped_ce=0.3608 lr=0.000296729
2026-08-06 11:19:38 INFO  scripts.training.teacher_finetune.training_pipeline | step 55550 | loss_grouped_ce=0.6642 lr=0.00029672
2026-08-06 11:20:04 INFO  scripts.training.teacher_finetune.training_pipeline | step 55600 | loss_grouped_ce=0.0952 lr=0.000296712
2026-08-06 11:20:28 INFO  scripts.training.teacher_finetune.training_pipeline | step 55650 | loss_grouped_ce=0.8343 lr=0.000296703
2026-08-06 11:20:52 INFO  scripts.training.teacher_finetune.training_pipeline | step 55700 | loss_grouped_ce=0.3910 lr=0.000296694
2026-08-06 11:21:17 INFO  scripts.training.teacher_finetune.training_pipeline | step 55750 | loss_grouped_ce=0.5986 lr=0.000296686
2026-08-06 11:21:44 INFO  scripts.training.teacher_finetune.training_pipeline | step 55800 | loss_grouped_ce=0.7193 lr=0.000296677
2026-08-06 11:22:08 INFO  scripts.training.teacher_finetune.training_pipeline | step 55850 | loss_grouped_ce=0.5282 lr=0.000296668
2026-08-06 11:22:25 INFO  scripts.training.teacher_finetune.training_pipeline | step 55900 | loss_grouped_ce=0.2803 lr=0.00029666
2026-08-06 11:22:46 INFO  scripts.training.teacher_finetune.training_pipeline | step 55950 | loss_grouped_ce=0.8634 lr=0.000296651
2026-08-06 11:23:04 INFO  scripts.training.teacher_finetune.training_pipeline | step 56000 | loss_grouped_ce=0.1759 lr=0.000296642
2026-08-06 11:23:25 INFO  scripts.training.teacher_finetune.training_pipeline | step 56050 | loss_grouped_ce=0.9675 lr=0.000296634
2026-08-06 11:23:46 INFO  scripts.training.teacher_finetune.training_pipeline | step 56100 | loss_grouped_ce=1.4842 lr=0.000296625
2026-08-06 11:24:09 INFO  scripts.training.teacher_finetune.training_pipeline | step 56150 | loss_grouped_ce=0.5648 lr=0.000296616
2026-08-06 11:24:31 INFO  scripts.training.teacher_finetune.training_pipeline | step 56200 | loss_grouped_ce=0.6845 lr=0.000296607
2026-08-06 11:24:50 INFO  scripts.training.teacher_finetune.training_pipeline | step 56250 | loss_grouped_ce=0.8388 lr=0.000296599
2026-08-06 11:25:09 INFO  scripts.training.teacher_finetune.training_pipeline | step 56300 | loss_grouped_ce=0.7571 lr=0.00029659
2026-08-06 11:25:32 INFO  scripts.training.teacher_finetune.training_pipeline | step 56350 | loss_grouped_ce=0.3867 lr=0.000296581
2026-08-06 11:25:36 WARNING scripts.training.teacher_finetune.training_pipeline | epoch 10 step 56359: non-finite loss/logits — skipped batch, restored BN buffers (79 skipped so far this epoch)
2026-08-06 11:25:36 WARNING scripts.training.teacher_finetune.training_pipeline | epoch 10 step 56359: non-finite loss/logits — skipped batch, restored BN buffers (80 skipped so far this epoch)
2026-08-06 11:25:37 WARNING scripts.training.teacher_finetune.training_pipeline | epoch 10 step 56359: non-finite loss/logits — skipped batch, restored BN buffers (81 skipped so far this epoch)
2026-08-06 11:25:38 WARNING scripts.training.teacher_finetune.training_pipeline | epoch 10 step 56359: non-finite loss/logits — skipped batch, restored BN buffers (82 skipped so far this epoch)
2026-08-06 11:25:39 WARNING scripts.training.teacher_finetune.training_pipeline | epoch 10 step 56360: non-finite loss/logits — skipped batch, restored BN buffers (83 skipped so far this epoch)
2026-08-06 11:25:39 WARNING scripts.training.teacher_finetune.training_pipeline | epoch 10 step 56360: non-finite loss/logits — skipped batch, restored BN buffers (84 skipped so far this epoch)
2026-08-06 11:25:40 WARNING scripts.training.teacher_finetune.training_pipeline | epoch 10 step 56361: non-finite loss/logits — skipped batch, restored BN buffers (85 skipped so far this epoch)
2026-08-06 11:25:40 WARNING scripts.training.teacher_finetune.training_pipeline | epoch 10 step 56361: non-finite loss/logits — skipped batch, restored BN buffers (86 skipped so far this epoch)
2026-08-06 11:25:41 WARNING scripts.training.teacher_finetune.training_pipeline | epoch 10 step 56362: non-finite loss/logits — skipped batch, restored BN buffers (87 skipped so far this epoch)
2026-08-06 11:25:42 WARNING scripts.training.teacher_finetune.training_pipeline | epoch 10 step 56362: non-finite loss/logits — skipped batch, restored BN buffers (88 skipped so far this epoch)
2026-08-06 11:25:43 WARNING scripts.training.teacher_finetune.training_pipeline | epoch 10 step 56364: non-finite loss/logits — skipped batch, restored BN buffers (89 skipped so far this epoch)
2026-08-06 11:25:44 WARNING scripts.training.teacher_finetune.training_pipeline | epoch 10 step 56365: non-finite loss/logits — skipped batch, restored BN buffers (90 skipped so far this epoch)
2026-08-06 11:26:05 INFO  scripts.training.teacher_finetune.training_pipeline | step 56400 | loss_grouped_ce=0.4526 lr=0.000296572
2026-08-06 11:26:31 INFO  scripts.training.teacher_finetune.training_pipeline | step 56450 | loss_grouped_ce=0.5171 lr=0.000296563
2026-08-06 11:26:52 INFO  scripts.training.teacher_finetune.training_pipeline | step 56500 | loss_grouped_ce=0.4172 lr=0.000296555
2026-08-06 11:26:59 WARNING scripts.training.teacher_finetune.training_pipeline | epoch 10 step 56519: non-finite loss/logits — skipped batch, restored BN buffers (91 skipped so far this epoch)
2026-08-06 11:26:59 WARNING scripts.training.teacher_finetune.training_pipeline | epoch 10 step 56520: non-finite loss/logits — skipped batch, restored BN buffers (92 skipped so far this epoch)
2026-08-06 11:27:00 WARNING scripts.training.teacher_finetune.training_pipeline | epoch 10 step 56520: non-finite loss/logits — skipped batch, restored BN buffers (93 skipped so far this epoch)
2026-08-06 11:27:00 WARNING scripts.training.teacher_finetune.training_pipeline | epoch 10 step 56521: non-finite loss/logits — skipped batch, restored BN buffers (94 skipped so far this epoch)
2026-08-06 11:27:13 WARNING scripts.training.teacher_finetune.training_pipeline | epoch 10 step 56546: non-finite loss/logits — skipped batch, restored BN buffers (95 skipped so far this epoch)
2026-08-06 11:27:16 INFO  scripts.training.teacher_finetune.training_pipeline | step 56550 | loss_grouped_ce=0.4472 lr=0.000296546
2026-08-06 11:27:26 WARNING scripts.training.teacher_finetune.training_pipeline | epoch 10 step 56582: non-finite loss/logits — skipped batch, restored BN buffers (96 skipped so far this epoch)
2026-08-06 11:27:34 INFO  scripts.training.teacher_finetune.training_pipeline | step 56600 | loss_grouped_ce=0.3308 lr=0.000296537
2026-08-06 11:27:53 INFO  scripts.training.teacher_finetune.training_pipeline | step 56650 | loss_grouped_ce=0.4421 lr=0.000296528
2026-08-06 11:28:19 INFO  scripts.training.teacher_finetune.training_pipeline | step 56700 | loss_grouped_ce=0.6359 lr=0.000296519
2026-08-06 11:28:40 INFO  scripts.training.teacher_finetune.training_pipeline | step 56750 | loss_grouped_ce=0.9549 lr=0.00029651
2026-08-06 11:29:02 INFO  scripts.training.teacher_finetune.training_pipeline | step 56800 | loss_grouped_ce=0.5922 lr=0.000296502
2026-08-06 11:29:24 INFO  scripts.training.teacher_finetune.training_pipeline | step 56850 | loss_grouped_ce=0.4969 lr=0.000296493
2026-08-06 11:29:35 WARNING scripts.training.teacher_finetune.training_pipeline | epoch 10 step 56886: non-finite loss/logits — skipped batch, restored BN buffers (97 skipped so far this epoch)
2026-08-06 11:29:45 INFO  scripts.training.teacher_finetune.training_pipeline | step 56900 | loss_grouped_ce=0.7188 lr=0.000296484
2026-08-06 11:29:57 WARNING scripts.training.teacher_finetune.training_pipeline | epoch 10 step 56935: non-finite loss/logits — skipped batch, restored BN buffers (98 skipped so far this epoch)
2026-08-06 11:29:57 WARNING scripts.training.teacher_finetune.training_pipeline | epoch 10 step 56936: non-finite loss/logits — skipped batch, restored BN buffers (99 skipped so far this epoch)
2026-08-06 11:29:57 WARNING scripts.training.teacher_finetune.training_pipeline | epoch 10 step 56936: non-finite loss/logits — skipped batch, restored BN buffers (100 skipped so far this epoch)
2026-08-06 11:29:58 WARNING scripts.training.teacher_finetune.training_pipeline | epoch 10 step 56936: non-finite loss/logits — skipped batch, restored BN buffers (101 skipped so far this epoch)
2026-08-06 11:29:58 WARNING scripts.training.teacher_finetune.training_pipeline | epoch 10 step 56936: non-finite loss/logits — skipped batch, restored BN buffers (102 skipped so far this epoch)
2026-08-06 11:29:58 WARNING scripts.training.teacher_finetune.training_pipeline | epoch 10 step 56936: non-finite loss/logits — skipped batch, restored BN buffers (103 skipped so far this epoch)
2026-08-06 11:29:58 WARNING scripts.training.teacher_finetune.training_pipeline | epoch 10 step 56936: non-finite loss/logits — skipped batch, restored BN buffers (104 skipped so far this epoch)
2026-08-06 11:29:59 WARNING scripts.training.teacher_finetune.training_pipeline | epoch 10 step 56937: non-finite loss/logits — skipped batch, restored BN buffers (105 skipped so far this epoch)
2026-08-06 11:29:59 WARNING scripts.training.teacher_finetune.training_pipeline | epoch 10 step 56937: non-finite loss/logits — skipped batch, restored BN buffers (106 skipped so far this epoch)
2026-08-06 11:29:59 WARNING scripts.training.teacher_finetune.training_pipeline | epoch 10 step 56937: non-finite loss/logits — skipped batch, restored BN buffers (107 skipped so far this epoch)
2026-08-06 11:29:59 WARNING scripts.training.teacher_finetune.training_pipeline | epoch 10 step 56937: non-finite loss/logits — skipped batch, restored BN buffers (108 skipped so far this epoch)
2026-08-06 11:30:00 WARNING scripts.training.teacher_finetune.training_pipeline | epoch 10 step 56937: non-finite loss/logits — skipped batch, restored BN buffers (109 skipped so far this epoch)
2026-08-06 11:30:00 WARNING scripts.training.teacher_finetune.training_pipeline | epoch 10 step 56937: non-finite loss/logits — skipped batch, restored BN buffers (110 skipped so far this epoch)
2026-08-06 11:30:00 WARNING scripts.training.teacher_finetune.training_pipeline | epoch 10 step 56937: non-finite loss/logits — skipped batch, restored BN buffers (111 skipped so far this epoch)
2026-08-06 11:30:03 WARNING scripts.training.teacher_finetune.training_pipeline | epoch 10 step 56937: non-finite loss/logits — skipped batch, restored BN buffers (112 skipped so far this epoch)
2026-08-06 11:30:04 WARNING scripts.training.teacher_finetune.training_pipeline | epoch 10 step 56938: non-finite loss/logits — skipped batch, restored BN buffers (113 skipped so far this epoch)
2026-08-06 11:30:04 WARNING scripts.training.teacher_finetune.training_pipeline | epoch 10 step 56938: non-finite loss/logits — skipped batch, restored BN buffers (114 skipped so far this epoch)
2026-08-06 11:30:05 WARNING scripts.training.teacher_finetune.training_pipeline | epoch 10 step 56938: non-finite loss/logits — skipped batch, restored BN buffers (115 skipped so far this epoch)
2026-08-06 11:30:05 WARNING scripts.training.teacher_finetune.training_pipeline | epoch 10 step 56938: non-finite loss/logits — skipped batch, restored BN buffers (116 skipped so far this epoch)
2026-08-06 11:30:06 WARNING scripts.training.teacher_finetune.training_pipeline | epoch 10 step 56939: non-finite loss/logits — skipped batch, restored BN buffers (117 skipped so far this epoch)
2026-08-06 11:30:07 WARNING scripts.training.teacher_finetune.training_pipeline | epoch 10 step 56939: non-finite loss/logits — skipped batch, restored BN buffers (118 skipped so far this epoch)
2026-08-06 11:30:07 WARNING scripts.training.teacher_finetune.training_pipeline | epoch 10 step 56939: non-finite loss/logits — skipped batch, restored BN buffers (119 skipped so far this epoch)
2026-08-06 11:30:07 WARNING scripts.training.teacher_finetune.training_pipeline | epoch 10 step 56939: non-finite loss/logits — skipped batch, restored BN buffers (120 skipped so far this epoch)
2026-08-06 11:30:08 WARNING scripts.training.teacher_finetune.training_pipeline | epoch 10 step 56939: non-finite loss/logits — skipped batch, restored BN buffers (121 skipped so far this epoch)
2026-08-06 11:30:08 WARNING scripts.training.teacher_finetune.training_pipeline | epoch 10 step 56939: non-finite loss/logits — skipped batch, restored BN buffers (122 skipped so far this epoch)
2026-08-06 11:30:08 WARNING scripts.training.teacher_finetune.training_pipeline | epoch 10 step 56939: non-finite loss/logits — skipped batch, restored BN buffers (123 skipped so far this epoch)
2026-08-06 11:30:08 WARNING scripts.training.teacher_finetune.training_pipeline | epoch 10 step 56939: non-finite loss/logits — skipped batch, restored BN buffers (124 skipped so far this epoch)
2026-08-06 11:30:09 WARNING scripts.training.teacher_finetune.training_pipeline | epoch 10 step 56940: non-finite loss/logits — skipped batch, restored BN buffers (125 skipped so far this epoch)
2026-08-06 11:30:09 WARNING scripts.training.teacher_finetune.training_pipeline | epoch 10 step 56940: non-finite loss/logits — skipped batch, restored BN buffers (126 skipped so far this epoch)
2026-08-06 11:30:10 WARNING scripts.training.teacher_finetune.training_pipeline | epoch 10 step 56940: non-finite loss/logits — skipped batch, restored BN buffers (127 skipped so far this epoch)
2026-08-06 11:30:10 WARNING scripts.training.teacher_finetune.training_pipeline | epoch 10 step 56940: non-finite loss/logits — skipped batch, restored BN buffers (128 skipped so far this epoch)
2026-08-06 11:30:11 WARNING scripts.training.teacher_finetune.training_pipeline | epoch 10 step 56940: non-finite loss/logits — skipped batch, restored BN buffers (129 skipped so far this epoch)
2026-08-06 11:30:11 WARNING scripts.training.teacher_finetune.training_pipeline | epoch 10 step 56940: non-finite loss/logits — skipped batch, restored BN buffers (130 skipped so far this epoch)
2026-08-06 11:30:11 WARNING scripts.training.teacher_finetune.training_pipeline | epoch 10 step 56940: non-finite loss/logits — skipped batch, restored BN buffers (131 skipped so far this epoch)
2026-08-06 11:30:11 WARNING scripts.training.teacher_finetune.training_pipeline | epoch 10 step 56940: non-finite loss/logits — skipped batch, restored BN buffers (132 skipped so far this epoch)
2026-08-06 11:30:12 WARNING scripts.training.teacher_finetune.training_pipeline | epoch 10 step 56940: non-finite loss/logits — skipped batch, restored BN buffers (133 skipped so far this epoch)
2026-08-06 11:30:12 WARNING scripts.training.teacher_finetune.training_pipeline | epoch 10 step 56940: non-finite loss/logits — skipped batch, restored BN buffers (134 skipped so far this epoch)
2026-08-06 11:30:12 WARNING scripts.training.teacher_finetune.training_pipeline | epoch 10 step 56940: non-finite loss/logits — skipped batch, restored BN buffers (135 skipped so far this epoch)
2026-08-06 11:30:12 WARNING scripts.training.teacher_finetune.training_pipeline | epoch 10 step 56940: non-finite loss/logits — skipped batch, restored BN buffers (136 skipped so far this epoch)
2026-08-06 11:30:12 WARNING scripts.training.teacher_finetune.training_pipeline | epoch 10 step 56940: non-finite loss/logits — skipped batch, restored BN buffers (137 skipped so far this epoch)
2026-08-06 11:30:13 WARNING scripts.training.teacher_finetune.training_pipeline | epoch 10 step 56940: non-finite loss/logits — skipped batch, restored BN buffers (138 skipped so far this epoch)
2026-08-06 11:30:13 WARNING scripts.training.teacher_finetune.training_pipeline | epoch 10 step 56940: non-finite loss/logits — skipped batch, restored BN buffers (139 skipped so far this epoch)
2026-08-06 11:30:13 WARNING scripts.training.teacher_finetune.training_pipeline | epoch 10 step 56940: non-finite loss/logits — skipped batch, restored BN buffers (140 skipped so far this epoch)
2026-08-06 11:30:13 WARNING scripts.training.teacher_finetune.training_pipeline | epoch 10 step 56940: non-finite loss/logits — skipped batch, restored BN buffers (141 skipped so far this epoch)
2026-08-06 11:30:13 WARNING scripts.training.teacher_finetune.training_pipeline | epoch 10 step 56940: non-finite loss/logits — skipped batch, restored BN buffers (142 skipped so far this epoch)
2026-08-06 11:30:14 WARNING scripts.training.teacher_finetune.training_pipeline | epoch 10 step 56940: non-finite loss/logits — skipped batch, restored BN buffers (143 skipped so far this epoch)
2026-08-06 11:30:14 WARNING scripts.training.teacher_finetune.training_pipeline | epoch 10 step 56940: non-finite loss/logits — skipped batch, restored BN buffers (144 skipped so far this epoch)
2026-08-06 11:30:14 WARNING scripts.training.teacher_finetune.training_pipeline | epoch 10 step 56940: non-finite loss/logits — skipped batch, restored BN buffers (145 skipped so far this epoch)
2026-08-06 11:30:14 WARNING scripts.training.teacher_finetune.training_pipeline | epoch 10 step 56940: non-finite loss/logits — skipped batch, restored BN buffers (146 skipped so far this epoch)
2026-08-06 11:30:15 WARNING scripts.training.teacher_finetune.training_pipeline | epoch 10 step 56940: non-finite loss/logits — skipped batch, restored BN buffers (147 skipped so far this epoch)
2026-08-06 11:30:15 WARNING scripts.training.teacher_finetune.training_pipeline | epoch 10 step 56940: non-finite loss/logits — skipped batch, restored BN buffers (148 skipped so far this epoch)
2026-08-06 11:30:15 WARNING scripts.training.teacher_finetune.training_pipeline | epoch 10 step 56940: non-finite loss/logits — skipped batch, restored BN buffers (149 skipped so far this epoch)
2026-08-06 11:30:15 WARNING scripts.training.teacher_finetune.training_pipeline | epoch 10 step 56940: non-finite loss/logits — skipped batch, restored BN buffers (150 skipped so far this epoch)
2026-08-06 11:30:15 WARNING scripts.training.teacher_finetune.training_pipeline | epoch 10 step 56940: non-finite loss/logits — skipped batch, restored BN buffers (151 skipped so far this epoch)
2026-08-06 11:30:16 WARNING scripts.training.teacher_finetune.training_pipeline | epoch 10 step 56940: non-finite loss/logits — skipped batch, restored BN buffers (152 skipped so far this epoch)
2026-08-06 11:30:16 WARNING scripts.training.teacher_finetune.training_pipeline | epoch 10 step 56940: non-finite loss/logits — skipped batch, restored BN buffers (153 skipped so far this epoch)
2026-08-06 11:30:17 WARNING scripts.training.teacher_finetune.training_pipeline | epoch 10 step 56940: non-finite loss/logits — skipped batch, restored BN buffers (154 skipped so far this epoch)
2026-08-06 11:30:17 WARNING scripts.training.teacher_finetune.training_pipeline | epoch 10 step 56940: non-finite loss/logits — skipped batch, restored BN buffers (155 skipped so far this epoch)
2026-08-06 11:30:17 WARNING scripts.training.teacher_finetune.training_pipeline | epoch 10 step 56940: non-finite loss/logits — skipped batch, restored BN buffers (156 skipped so far this epoch)
2026-08-06 11:30:19 WARNING scripts.training.teacher_finetune.training_pipeline | epoch 10 step 56940: non-finite loss/logits — skipped batch, restored BN buffers (157 skipped so far this epoch)
2026-08-06 11:30:19 WARNING scripts.training.teacher_finetune.training_pipeline | epoch 10 step 56940: non-finite loss/logits — skipped batch, restored BN buffers (158 skipped so far this epoch)
2026-08-06 11:30:19 WARNING scripts.training.teacher_finetune.training_pipeline | epoch 10 step 56940: non-finite loss/logits — skipped batch, restored BN buffers (159 skipped so far this epoch)
2026-08-06 11:30:20 WARNING scripts.training.teacher_finetune.training_pipeline | epoch 10 step 56941: non-finite loss/logits — skipped batch, restored BN buffers (160 skipped so far this epoch)
2026-08-06 11:30:20 WARNING scripts.training.teacher_finetune.training_pipeline | epoch 10 step 56941: non-finite loss/logits — skipped batch, restored BN buffers (161 skipped so far this epoch)
2026-08-06 11:30:20 WARNING scripts.training.teacher_finetune.training_pipeline | epoch 10 step 56941: non-finite loss/logits — skipped batch, restored BN buffers (162 skipped so far this epoch)
2026-08-06 11:30:21 WARNING scripts.training.teacher_finetune.training_pipeline | epoch 10 step 56941: non-finite loss/logits — skipped batch, restored BN buffers (163 skipped so far this epoch)
2026-08-06 11:30:21 WARNING scripts.training.teacher_finetune.training_pipeline | epoch 10 step 56941: non-finite loss/logits — skipped batch, restored BN buffers (164 skipped so far this epoch)
2026-08-06 11:30:21 WARNING scripts.training.teacher_finetune.training_pipeline | epoch 10 step 56941: non-finite loss/logits — skipped batch, restored BN buffers (165 skipped so far this epoch)
2026-08-06 11:30:22 WARNING scripts.training.teacher_finetune.training_pipeline | epoch 10 step 56941: non-finite loss/logits — skipped batch, restored BN buffers (166 skipped so far this epoch)
2026-08-06 11:30:22 WARNING scripts.training.teacher_finetune.training_pipeline | epoch 10 step 56941: non-finite loss/logits — skipped batch, restored BN buffers (167 skipped so far this epoch)
2026-08-06 11:30:22 WARNING scripts.training.teacher_finetune.training_pipeline | epoch 10 step 56941: non-finite loss/logits — skipped batch, restored BN buffers (168 skipped so far this epoch)
2026-08-06 11:30:23 WARNING scripts.training.teacher_finetune.training_pipeline | epoch 10 step 56941: non-finite loss/logits — skipped batch, restored BN buffers (169 skipped so far this epoch)
2026-08-06 11:30:23 WARNING scripts.training.teacher_finetune.training_pipeline | epoch 10 step 56941: non-finite loss/logits — skipped batch, restored BN buffers (170 skipped so far this epoch)
2026-08-06 11:30:23 WARNING scripts.training.teacher_finetune.training_pipeline | epoch 10 step 56941: non-finite loss/logits — skipped batch, restored BN buffers (171 skipped so far this epoch)
2026-08-06 11:30:24 WARNING scripts.training.teacher_finetune.training_pipeline | epoch 10 step 56941: non-finite loss/logits — skipped batch, restored BN buffers (172 skipped so far this epoch)
2026-08-06 11:30:24 WARNING scripts.training.teacher_finetune.training_pipeline | epoch 10 step 56941: non-finite loss/logits — skipped batch, restored BN buffers (173 skipped so far this epoch)
2026-08-06 11:30:25 WARNING scripts.training.teacher_finetune.training_pipeline | epoch 10 step 56941: non-finite loss/logits — skipped batch, restored BN buffers (174 skipped so far this epoch)
2026-08-06 11:30:25 WARNING scripts.training.teacher_finetune.training_pipeline | epoch 10 step 56941: non-finite loss/logits — skipped batch, restored BN buffers (175 skipped so far this epoch)
2026-08-06 11:30:25 WARNING scripts.training.teacher_finetune.training_pipeline | epoch 10 step 56941: non-finite loss/logits — skipped batch, restored BN buffers (176 skipped so far this epoch)
2026-08-06 11:30:26 WARNING scripts.training.teacher_finetune.training_pipeline | epoch 10 step 56941: non-finite loss/logits — skipped batch, restored BN buffers (177 skipped so far this epoch)
2026-08-06 11:30:26 WARNING scripts.training.teacher_finetune.training_pipeline | epoch 10 step 56941: non-finite loss/logits — skipped batch, restored BN buffers (178 skipped so far this epoch)
2026-08-06 11:30:26 WARNING scripts.training.teacher_finetune.training_pipeline | epoch 10 step 56941: non-finite loss/logits — skipped batch, restored BN buffers (179 skipped so far this epoch)
2026-08-06 11:30:27 WARNING scripts.training.teacher_finetune.training_pipeline | epoch 10 step 56941: non-finite loss/logits — skipped batch, restored BN buffers (180 skipped so far this epoch)
2026-08-06 11:30:27 WARNING scripts.training.teacher_finetune.training_pipeline | epoch 10 step 56941: non-finite loss/logits — skipped batch, restored BN buffers (181 skipped so far this epoch)
2026-08-06 11:30:28 WARNING scripts.training.teacher_finetune.training_pipeline | epoch 10 step 56941: non-finite loss/logits — skipped batch, restored BN buffers (182 skipped so far this epoch)
2026-08-06 11:30:28 WARNING scripts.training.teacher_finetune.training_pipeline | epoch 10 step 56941: non-finite loss/logits — skipped batch, restored BN buffers (183 skipped so far this epoch)
2026-08-06 11:30:29 WARNING scripts.training.teacher_finetune.training_pipeline | epoch 10 step 56941: non-finite loss/logits — skipped batch, restored BN buffers (184 skipped so far this epoch)
2026-08-06 11:30:29 WARNING scripts.training.teacher_finetune.training_pipeline | epoch 10 step 56941: non-finite loss/logits — skipped batch, restored BN buffers (185 skipped so far this epoch)
2026-08-06 11:30:29 WARNING scripts.training.teacher_finetune.training_pipeline | epoch 10 step 56941: non-finite loss/logits — skipped batch, restored BN buffers (186 skipped so far this epoch)
2026-08-06 11:30:30 WARNING scripts.training.teacher_finetune.training_pipeline | epoch 10 step 56941: non-finite loss/logits — skipped batch, restored BN buffers (187 skipped so far this epoch)
2026-08-06 11:30:31 WARNING scripts.training.teacher_finetune.training_pipeline | epoch 10 step 56942: non-finite loss/logits — skipped batch, restored BN buffers (188 skipped so far this epoch)
2026-08-06 11:30:31 WARNING scripts.training.teacher_finetune.training_pipeline | epoch 10 step 56942: non-finite loss/logits — skipped batch, restored BN buffers (189 skipped so far this epoch)
2026-08-06 11:30:31 WARNING scripts.training.teacher_finetune.training_pipeline | epoch 10 step 56942: non-finite loss/logits — skipped batch, restored BN buffers (190 skipped so far this epoch)
2026-08-06 11:30:32 WARNING scripts.training.teacher_finetune.training_pipeline | epoch 10 step 56942: non-finite loss/logits — skipped batch, restored BN buffers (191 skipped so far this epoch)
2026-08-06 11:30:32 WARNING scripts.training.teacher_finetune.training_pipeline | epoch 10 step 56942: non-finite loss/logits — skipped batch, restored BN buffers (192 skipped so far this epoch)
2026-08-06 11:30:32 WARNING scripts.training.teacher_finetune.training_pipeline | epoch 10 step 56942: non-finite loss/logits — skipped batch, restored BN buffers (193 skipped so far this epoch)
2026-08-06 11:30:32 WARNING scripts.training.teacher_finetune.training_pipeline | epoch 10 step 56942: non-finite loss/logits — skipped batch, restored BN buffers (194 skipped so far this epoch)
2026-08-06 11:30:33 WARNING scripts.training.teacher_finetune.training_pipeline | epoch 10 step 56942: non-finite loss/logits — skipped batch, restored BN buffers (195 skipped so far this epoch)
2026-08-06 11:30:33 WARNING scripts.training.teacher_finetune.training_pipeline | epoch 10 step 56942: non-finite loss/logits — skipped batch, restored BN buffers (196 skipped so far this epoch)
2026-08-06 11:30:33 WARNING scripts.training.teacher_finetune.training_pipeline | epoch 10 step 56942: non-finite loss/logits — skipped batch, restored BN buffers (197 skipped so far this epoch)
2026-08-06 11:30:33 WARNING scripts.training.teacher_finetune.training_pipeline | epoch 10 step 56942: non-finite loss/logits — skipped batch, restored BN buffers (198 skipped so far this epoch)
2026-08-06 11:30:33 WARNING scripts.training.teacher_finetune.training_pipeline | epoch 10 step 56942: non-finite loss/logits — skipped batch, restored BN buffers (199 skipped so far this epoch)
2026-08-06 11:30:34 WARNING scripts.training.teacher_finetune.training_pipeline | epoch 10 step 56942: non-finite loss/logits — skipped batch, restored BN buffers (200 skipped so far this epoch)
2026-08-06 11:30:34 WARNING scripts.training.teacher_finetune.training_pipeline | epoch 10 step 56942: non-finite loss/logits — skipped batch, restored BN buffers (201 skipped so far this epoch)
2026-08-06 11:30:34 WARNING scripts.training.teacher_finetune.training_pipeline | epoch 10 step 56942: non-finite loss/logits — skipped batch, restored BN buffers (202 skipped so far this epoch)
2026-08-06 11:30:35 WARNING scripts.training.teacher_finetune.training_pipeline | epoch 10 step 56942: non-finite loss/logits — skipped batch, restored BN buffers (203 skipped so far this epoch)
2026-08-06 11:30:35 WARNING scripts.training.teacher_finetune.training_pipeline | epoch 10 step 56942: non-finite loss/logits — skipped batch, restored BN buffers (204 skipped so far this epoch)
2026-08-06 11:30:35 WARNING scripts.training.teacher_finetune.training_pipeline | epoch 10 step 56942: non-finite loss/logits — skipped batch, restored BN buffers (205 skipped so far this epoch)
2026-08-06 11:30:35 WARNING scripts.training.teacher_finetune.training_pipeline | epoch 10 step 56942: non-finite loss/logits — skipped batch, restored BN buffers (206 skipped so far this epoch)
2026-08-06 11:30:36 WARNING scripts.training.teacher_finetune.training_pipeline | epoch 10 step 56942: non-finite loss/logits — skipped batch, restored BN buffers (207 skipped so far this epoch)
2026-08-06 11:30:36 WARNING scripts.training.teacher_finetune.training_pipeline | epoch 10 step 56942: non-finite loss/logits — skipped batch, restored BN buffers (208 skipped so far this epoch)
2026-08-06 11:30:37 WARNING scripts.training.teacher_finetune.training_pipeline | epoch 10 step 56942: non-finite loss/logits — skipped batch, restored BN buffers (209 skipped so far this epoch)
2026-08-06 11:30:37 WARNING scripts.training.teacher_finetune.training_pipeline | epoch 10 step 56942: non-finite loss/logits — skipped batch, restored BN buffers (210 skipped so far this epoch)
2026-08-06 11:30:37 WARNING scripts.training.teacher_finetune.training_pipeline | epoch 10 step 56942: non-finite loss/logits — skipped batch, restored BN buffers (211 skipped so far this epoch)
2026-08-06 11:30:37 WARNING scripts.training.teacher_finetune.training_pipeline | epoch 10 step 56942: non-finite loss/logits — skipped batch, restored BN buffers (212 skipped so far this epoch)
2026-08-06 11:30:37 WARNING scripts.training.teacher_finetune.training_pipeline | epoch 10 step 56942: non-finite loss/logits — skipped batch, restored BN buffers (213 skipped so far this epoch)
2026-08-06 11:30:38 WARNING scripts.training.teacher_finetune.training_pipeline | epoch 10 step 56942: non-finite loss/logits — skipped batch, restored BN buffers (214 skipped so far this epoch)
2026-08-06 11:30:38 WARNING scripts.training.teacher_finetune.training_pipeline | epoch 10 step 56942: non-finite loss/logits — skipped batch, restored BN buffers (215 skipped so far this epoch)
2026-08-06 11:30:39 WARNING scripts.training.teacher_finetune.training_pipeline | epoch 10 step 56942: non-finite loss/logits — skipped batch, restored BN buffers (216 skipped so far this epoch)
2026-08-06 11:30:40 WARNING scripts.training.teacher_finetune.training_pipeline | epoch 10 step 56942: non-finite loss/logits — skipped batch, restored BN buffers (217 skipped so far this epoch)
2026-08-06 11:30:40 WARNING scripts.training.teacher_finetune.training_pipeline | epoch 10 step 56942: non-finite loss/logits — skipped batch, restored BN buffers (218 skipped so far this epoch)
2026-08-06 11:30:40 WARNING scripts.training.teacher_finetune.training_pipeline | epoch 10 step 56942: non-finite loss/logits — skipped batch, restored BN buffers (219 skipped so far this epoch)
2026-08-06 11:30:40 WARNING scripts.training.teacher_finetune.training_pipeline | epoch 10 step 56942: non-finite loss/logits — skipped batch, restored BN buffers (220 skipped so far this epoch)
2026-08-06 11:30:40 WARNING scripts.training.teacher_finetune.training_pipeline | epoch 10 step 56942: non-finite loss/logits — skipped batch, restored BN buffers (221 skipped so far this epoch)
2026-08-06 11:30:41 WARNING scripts.training.teacher_finetune.training_pipeline | epoch 10 step 56942: non-finite loss/logits — skipped batch, restored BN buffers (222 skipped so far this epoch)
2026-08-06 11:30:41 WARNING scripts.training.teacher_finetune.training_pipeline | epoch 10 step 56942: non-finite loss/logits — skipped batch, restored BN buffers (223 skipped so far this epoch)
2026-08-06 11:30:42 WARNING scripts.training.teacher_finetune.training_pipeline | epoch 10 step 56942: non-finite loss/logits — skipped batch, restored BN buffers (224 skipped so far this epoch)
2026-08-06 11:30:42 WARNING scripts.training.teacher_finetune.training_pipeline | epoch 10 step 56942: non-finite loss/logits — skipped batch, restored BN buffers (225 skipped so far this epoch)
2026-08-06 11:30:42 WARNING scripts.training.teacher_finetune.training_pipeline | epoch 10 step 56942: non-finite loss/logits — skipped batch, restored BN buffers (226 skipped so far this epoch)
2026-08-06 11:30:42 WARNING scripts.training.teacher_finetune.training_pipeline | epoch 10 step 56942: non-finite loss/logits — skipped batch, restored BN buffers (227 skipped so far this epoch)
2026-08-06 11:30:42 WARNING scripts.training.teacher_finetune.training_pipeline | epoch 10 step 56942: non-finite loss/logits — skipped batch, restored BN buffers (228 skipped so far this epoch)
2026-08-06 11:30:43 WARNING scripts.training.teacher_finetune.training_pipeline | epoch 10 step 56942: non-finite loss/logits — skipped batch, restored BN buffers (229 skipped so far this epoch)
2026-08-06 11:30:43 WARNING scripts.training.teacher_finetune.training_pipeline | epoch 10 step 56942: non-finite loss/logits — skipped batch, restored BN buffers (230 skipped so far this epoch)
2026-08-06 11:30:43 WARNING scripts.training.teacher_finetune.training_pipeline | epoch 10 step 56942: non-finite loss/logits — skipped batch, restored BN buffers (231 skipped so far this epoch)
2026-08-06 11:30:44 WARNING scripts.training.teacher_finetune.training_pipeline | epoch 10 step 56942: non-finite loss/logits — skipped batch, restored BN buffers (232 skipped so far this epoch)
2026-08-06 11:30:44 WARNING scripts.training.teacher_finetune.training_pipeline | epoch 10 step 56942: non-finite loss/logits — skipped batch, restored BN buffers (233 skipped so far this epoch)
2026-08-06 11:30:44 WARNING scripts.training.teacher_finetune.training_pipeline | epoch 10 step 56942: non-finite loss/logits — skipped batch, restored BN buffers (234 skipped so far this epoch)
2026-08-06 11:30:45 WARNING scripts.training.teacher_finetune.training_pipeline | epoch 10 step 56942: non-finite loss/logits — skipped batch, restored BN buffers (235 skipped so far this epoch)
2026-08-06 11:30:45 WARNING scripts.training.teacher_finetune.training_pipeline | epoch 10 step 56942: non-finite loss/logits — skipped batch, restored BN buffers (236 skipped so far this epoch)
2026-08-06 11:30:46 WARNING scripts.training.teacher_finetune.training_pipeline | epoch 10 step 56942: non-finite loss/logits — skipped batch, restored BN buffers (237 skipped so far this epoch)
2026-08-06 11:30:46 WARNING scripts.training.teacher_finetune.training_pipeline | epoch 10 step 56942: non-finite loss/logits — skipped batch, restored BN buffers (238 skipped so far this epoch)
2026-08-06 11:30:46 WARNING scripts.training.teacher_finetune.training_pipeline | epoch 10 step 56942: non-finite loss/logits — skipped batch, restored BN buffers (239 skipped so far this epoch)
2026-08-06 11:30:46 WARNING scripts.training.teacher_finetune.training_pipeline | epoch 10 step 56942: non-finite loss/logits — skipped batch, restored BN buffers (240 skipped so far this epoch)
2026-08-06 11:30:47 WARNING scripts.training.teacher_finetune.training_pipeline | epoch 10 step 56942: non-finite loss/logits — skipped batch, restored BN buffers (241 skipped so far this epoch)
2026-08-06 11:30:47 WARNING scripts.training.teacher_finetune.training_pipeline | epoch 10 step 56942: non-finite loss/logits — skipped batch, restored BN buffers (242 skipped so far this epoch)
2026-08-06 11:30:47 WARNING scripts.training.teacher_finetune.training_pipeline | epoch 10 step 56942: non-finite loss/logits — skipped batch, restored BN buffers (243 skipped so far this epoch)
2026-08-06 11:30:47 WARNING scripts.training.teacher_finetune.training_pipeline | epoch 10 step 56942: non-finite loss/logits — skipped batch, restored BN buffers (244 skipped so far this epoch)
2026-08-06 11:30:47 WARNING scripts.training.teacher_finetune.training_pipeline | epoch 10 step 56942: non-finite loss/logits — skipped batch, restored BN buffers (245 skipped so far this epoch)
2026-08-06 11:30:48 WARNING scripts.training.teacher_finetune.training_pipeline | epoch 10 step 56942: non-finite loss/logits — skipped batch, restored BN buffers (246 skipped so far this epoch)
2026-08-06 11:30:48 WARNING scripts.training.teacher_finetune.training_pipeline | epoch 10 step 56942: non-finite loss/logits — skipped batch, restored BN buffers (247 skipped so far this epoch)
2026-08-06 11:30:48 WARNING scripts.training.teacher_finetune.training_pipeline | epoch 10 step 56942: non-finite loss/logits — skipped batch, restored BN buffers (248 skipped so far this epoch)
2026-08-06 11:30:48 WARNING scripts.training.teacher_finetune.training_pipeline | epoch 10 step 56942: non-finite loss/logits — skipped batch, restored BN buffers (249 skipped so far this epoch)
2026-08-06 11:30:48 WARNING scripts.training.teacher_finetune.training_pipeline | epoch 10 step 56942: non-finite loss/logits — skipped batch, restored BN buffers (250 skipped so far this epoch)
