2026-08-02 17:50:08 INFO  __main__ | === yolo26n synthetic-model-comparison training run ===
2026-08-02 17:50:08 INFO  __main__ | run_name=yolo26n-realvisxl-lightning-maxlen-seed42-20260802-175008 experiment=yolo26n-synthetic-model-comparison
2026-08-02 17:50:08 INFO  __main__ | mlflow tracking_uri=http://hetzner.taile550ef.ts.net:5000/
2026-08-02 17:50:08 INFO  __main__ | run dir: /home/debian/Master-Thesis/scripts/synthetic_model_comparison/training/model_exports/yolo26n-realvisxl-lightning-maxlen-seed42-20260802-175008
2026-08-02 17:50:08 INFO  __main__ | log file: /home/debian/Master-Thesis/scripts/synthetic_model_comparison/training/model_exports/yolo26n-realvisxl-lightning-maxlen-seed42-20260802-175008/yolo26n-realvisxl-lightning-maxlen-seed42-20260802-175008.log
2026-08-02 17:50:08 INFO  __main__ | generator=realvisxl-lightning prompt_regime=maxlen seed=42 device=cuda epochs=200 smoke=False
2026-08-02 17:50:08 INFO  scripts.synthetic_model_comparison.training.split_dataset | split already up to date: annotations_train_split.json / annotations_val_split.json
2026-08-02 17:50:08 INFO  scripts.synthetic_model_comparison.training.dataset | dataset annotations_val_split.json: 240 images, 248 annotations, 12 classes
2026-08-02 17:50:08 INFO  scripts.synthetic_model_comparison.training.dataset | dataset annotations_test.json: 9742 images, 9742 annotations, 12 classes
2026-08-02 17:50:08 INFO  scripts.synthetic_model_comparison.training.dataset | dataset annotations_train_split.json: 960 images, 988 annotations, 12 classes
2026-08-02 17:50:09 INFO  scripts.synthetic_model_comparison.training.yolo26n_model | no pretrained weights — training from random initialization
2026-08-02 17:50:09 INFO  scripts.synthetic_model_comparison.training.yolo26n_model | model: yolo26n, nc=12, params=2.51M, device=cuda
2026-08-02 17:50:09 INFO  scripts.synthetic_model_comparison.training.optim | optimizer=SGD lr=0.001 | param groups: g0(BN,no-decay)=114 g1(conv,decay=0.0005)=126 g2(bias,no-decay)=126
2026-08-02 17:50:09 INFO  scripts.synthetic_model_comparison.training.optim | scheduler: OneCycleLR(max_lr=0.01, total_steps=3000, pct_start=0.015, div_factor=10, final_div_factor=100) — stepped per batch
2026-08-02 17:50:09 INFO  __main__ | run config:
2026-08-02 17:50:09 INFO  __main__ |   ANNOTATIONS_TEST = /home/debian/Master-Thesis/data/synthetic_model_comparison/test/annotations_test.json
2026-08-02 17:50:09 INFO  __main__ |   AUG_CLOSE_MOSAIC = 0
2026-08-02 17:50:09 INFO  __main__ |   AUG_COPY_PASTE = 0.0
2026-08-02 17:50:09 INFO  __main__ |   AUG_DEGREES = 0.0
2026-08-02 17:50:09 INFO  __main__ |   AUG_FLIPUD = 0.0
2026-08-02 17:50:09 INFO  __main__ |   AUG_HFLIP = True
2026-08-02 17:50:09 INFO  __main__ |   AUG_HSV = True
2026-08-02 17:50:09 INFO  __main__ |   AUG_HSV_H = 0.015
2026-08-02 17:50:09 INFO  __main__ |   AUG_HSV_S = 0.7
2026-08-02 17:50:09 INFO  __main__ |   AUG_HSV_V = 0.4
2026-08-02 17:50:09 INFO  __main__ |   AUG_MIXUP = 0.0
2026-08-02 17:50:09 INFO  __main__ |   AUG_MOSAIC = 0.0
2026-08-02 17:50:09 INFO  __main__ |   AUG_PERSPECTIVE = 0.0
2026-08-02 17:50:09 INFO  __main__ |   AUG_SCALE = 0.5
2026-08-02 17:50:09 INFO  __main__ |   AUG_SHEAR = 0.0
2026-08-02 17:50:09 INFO  __main__ |   AUG_TRANSLATE = 0.1
2026-08-02 17:50:09 INFO  __main__ |   BATCH_SIZE = 64
2026-08-02 17:50:09 INFO  __main__ |   DATA_ROOT = /home/debian/Master-Thesis/data
2026-08-02 17:50:09 INFO  __main__ |   EARLY_STOP = True
2026-08-02 17:50:09 INFO  __main__ |   EARLY_STOP_MIN_DELTA = 0.001
2026-08-02 17:50:09 INFO  __main__ |   EARLY_STOP_PATIENCE = 20
2026-08-02 17:50:09 INFO  __main__ |   EPOCH_COUNT = 200
2026-08-02 17:50:09 INFO  __main__ |   EVAL_CONF_THRES = 0.001
2026-08-02 17:50:09 INFO  __main__ |   EVAL_IOU_THRES = 0.6
2026-08-02 17:50:09 INFO  __main__ |   EVAL_MAX_DET = 100
2026-08-02 17:50:09 INFO  __main__ |   EXPERIMENT_DATA_ROOT = /home/debian/Master-Thesis/data/synthetic_model_comparison
2026-08-02 17:50:09 INFO  __main__ |   HYP_BOX = 7.5
2026-08-02 17:50:09 INFO  __main__ |   HYP_CLS = 0.5
2026-08-02 17:50:09 INFO  __main__ |   HYP_DFL = 1.5
2026-08-02 17:50:09 INFO  __main__ |   IMAGE_ROOT = /home/debian/Master-Thesis
2026-08-02 17:50:09 INFO  __main__ |   IMAGE_SIZE = 640
2026-08-02 17:50:09 INFO  __main__ |   LEARNING_RATE = 0.001
2026-08-02 17:50:09 INFO  __main__ |   MLFLOW_EXPERIMENT_DEFAULT = yolo26n-synthetic-model-comparison
2026-08-02 17:50:09 INFO  __main__ |   MLFLOW_LOG_EVERY_N_STEPS = 50
2026-08-02 17:50:09 INFO  __main__ |   MODEL_CONFIG = yolo26n.yaml
2026-08-02 17:50:09 INFO  __main__ |   MOMENTUM = 0.937
2026-08-02 17:50:09 INFO  __main__ |   NESTEROV = True
2026-08-02 17:50:09 INFO  __main__ |   NUM_CLASSES = 12
2026-08-02 17:50:09 INFO  __main__ |   NUM_WORKERS = 8
2026-08-02 17:50:09 INFO  __main__ |   ONE_CYCLE_DIV_FACTOR = 10.0
2026-08-02 17:50:09 INFO  __main__ |   ONE_CYCLE_FINAL_DIV_FACTOR = 100.0
2026-08-02 17:50:09 INFO  __main__ |   ONE_CYCLE_MAX_LR = 0.01
2026-08-02 17:50:09 INFO  __main__ |   ONE_CYCLE_PCT_START = 0.015
2026-08-02 17:50:09 INFO  __main__ |   OPTIMIZER = SGD
2026-08-02 17:50:09 INFO  __main__ |   OUTPUT_DIR = /home/debian/Master-Thesis/scripts/synthetic_model_comparison/training/model_exports
2026-08-02 17:50:09 INFO  __main__ |   PRETRAINED_WEIGHTS = /home/debian/Master-Thesis/weights/yolo26n.pt
2026-08-02 17:50:09 INFO  __main__ |   REPO_ROOT = /home/debian/Master-Thesis
2026-08-02 17:50:09 INFO  __main__ |   SEED = 42
2026-08-02 17:50:09 INFO  __main__ |   SELECTION_METRIC = mAP50_95
2026-08-02 17:50:09 INFO  __main__ |   SPLIT_SEED = 42
2026-08-02 17:50:09 INFO  __main__ |   TRAIN_ROOT = /home/debian/Master-Thesis/data/synthetic_model_comparison/train
2026-08-02 17:50:09 INFO  __main__ |   USE_AMP = True
2026-08-02 17:50:09 INFO  __main__ |   USE_EMA = True
2026-08-02 17:50:09 INFO  __main__ |   VAL_FRACTION = 0.2
2026-08-02 17:50:09 INFO  __main__ |   WARMUP_EPOCHS = 3
2026-08-02 17:50:09 INFO  __main__ |   WEIGHT_DECAY = 0.0005
2026-08-02 17:50:09 INFO  __main__ |   dataset_size_test = 9742
2026-08-02 17:50:09 INFO  __main__ |   dataset_size_train = 960
2026-08-02 17:50:09 INFO  __main__ |   dataset_size_val = 240
2026-08-02 17:50:09 INFO  __main__ |   device = cuda
2026-08-02 17:50:09 INFO  __main__ |   epochs_actual = 200
2026-08-02 17:50:09 INFO  __main__ |   generator = realvisxl-lightning
2026-08-02 17:50:09 INFO  __main__ |   git_sha = 21fea51bf389d6c242b324643e593ed613aaa4aa
2026-08-02 17:50:09 INFO  __main__ |   prompt_regime = maxlen
2026-08-02 17:50:09 INFO  __main__ |   resume_from = 
2026-08-02 17:50:09 INFO  __main__ |   run_seed = 42
2026-08-02 17:50:09 INFO  __main__ |   smoke = False
2026-08-02 17:50:09 INFO  __main__ |   weights_path = /home/debian/Master-Thesis/weights/yolo26n.pt
2026-08-02 17:50:09 INFO  scripts.synthetic_model_comparison.training.training_pipeline | output dir: /home/debian/Master-Thesis/scripts/synthetic_model_comparison/training/model_exports/yolo26n-realvisxl-lightning-maxlen-seed42-20260802-175008 | selection_metric=mAP50_95 early_stop=True(patience=20, min_delta=0.001) ema=True amp=True
2026-08-02 17:50:09 INFO  scripts.synthetic_model_comparison.training.training_pipeline | starting training: ceiling=200 epochs | train_batches=15 val_batches=4 test_batches=153 | device=cuda
2026-08-02 17:50:09 INFO  scripts.synthetic_model_comparison.training.training_pipeline | epoch 1/200 — train start (lr=0.001, batches=15)
2026-08-02 17:50:31 INFO  scripts.synthetic_model_comparison.training.training_pipeline | epoch 1/200 — train done in 21.8s | avg loss_box=4.8932 loss_cls=46.3007 loss_dfl=0.1777 loss_total=1643.3865
2026-08-02 17:50:31 INFO  scripts.synthetic_model_comparison.training.evaluation | evaluating on 4 batches
2026-08-02 17:50:37 INFO  scripts.synthetic_model_comparison.training.training_pipeline | epoch 1/200 — val mAP50=0.0000 mAP50_95=0.0000 (selection mAP50_95=0.0000)
2026-08-02 17:50:38 INFO  scripts.synthetic_model_comparison.training.evaluation | mlflow: logged val/mAP50=0.0000 val/mAP50_95=0.0000 (step=0)
2026-08-02 17:50:38 INFO  scripts.synthetic_model_comparison.training.evaluation | mlflow: logged val per-class AP table (12 classes)
2026-08-02 17:50:38 INFO  scripts.synthetic_model_comparison.training.training_pipeline | saved checkpoint: /home/debian/Master-Thesis/scripts/synthetic_model_comparison/training/model_exports/yolo26n-realvisxl-lightning-maxlen-seed42-20260802-175008/best.pt
2026-08-02 17:50:38 INFO  scripts.synthetic_model_comparison.training.training_pipeline | new best mAP50_95=0.0000 at epoch 1
2026-08-02 17:50:38 INFO  scripts.synthetic_model_comparison.training.training_pipeline | saved checkpoint: /home/debian/Master-Thesis/scripts/synthetic_model_comparison/training/model_exports/yolo26n-realvisxl-lightning-maxlen-seed42-20260802-175008/last.pt
2026-08-02 17:50:39 INFO  scripts.synthetic_model_comparison.training.training_pipeline | epoch 1/200 done — next lr=0.00334338, epochs_since_improve=0/20
2026-08-02 17:50:39 INFO  scripts.synthetic_model_comparison.training.training_pipeline | epoch 2/200 — train start (lr=0.00334338, batches=15)
2026-08-02 17:50:51 INFO  scripts.synthetic_model_comparison.training.training_pipeline | epoch 2/200 — train done in 12.1s | avg loss_box=4.9199 loss_cls=44.9889 loss_dfl=0.1749 loss_total=1586.8669
2026-08-02 17:50:51 INFO  scripts.synthetic_model_comparison.training.evaluation | evaluating on 4 batches
2026-08-02 17:50:56 INFO  scripts.synthetic_model_comparison.training.training_pipeline | epoch 2/200 — val mAP50=0.0000 mAP50_95=0.0000 (selection mAP50_95=0.0000)
2026-08-02 17:50:57 INFO  scripts.synthetic_model_comparison.training.evaluation | mlflow: logged val/mAP50=0.0000 val/mAP50_95=0.0000 (step=1)
2026-08-02 17:50:57 INFO  scripts.synthetic_model_comparison.training.evaluation | mlflow: logged val per-class AP table (12 classes)
2026-08-02 17:50:57 INFO  scripts.synthetic_model_comparison.training.training_pipeline | saved checkpoint: /home/debian/Master-Thesis/scripts/synthetic_model_comparison/training/model_exports/yolo26n-realvisxl-lightning-maxlen-seed42-20260802-175008/last.pt
2026-08-02 17:50:58 INFO  scripts.synthetic_model_comparison.training.training_pipeline | epoch 2/200 done — next lr=0.00793288, epochs_since_improve=0/20
2026-08-02 17:50:58 INFO  scripts.synthetic_model_comparison.training.training_pipeline | epoch 3/200 — train start (lr=0.00793288, batches=15)
2026-08-02 17:51:09 INFO  scripts.synthetic_model_comparison.training.training_pipeline | epoch 3/200 — train done in 11.5s | avg loss_box=4.6784 loss_cls=42.1522 loss_dfl=0.1701 loss_total=1469.4275
2026-08-02 17:51:09 INFO  scripts.synthetic_model_comparison.training.evaluation | evaluating on 4 batches
2026-08-02 17:51:14 INFO  scripts.synthetic_model_comparison.training.training_pipeline | epoch 3/200 — val mAP50=0.0000 mAP50_95=0.0000 (selection mAP50_95=0.0000)
2026-08-02 17:51:15 INFO  scripts.synthetic_model_comparison.training.evaluation | mlflow: logged val/mAP50=0.0000 val/mAP50_95=0.0000 (step=2)
2026-08-02 17:51:15 INFO  scripts.synthetic_model_comparison.training.evaluation | mlflow: logged val per-class AP table (12 classes)
2026-08-02 17:51:15 INFO  scripts.synthetic_model_comparison.training.training_pipeline | saved checkpoint: /home/debian/Master-Thesis/scripts/synthetic_model_comparison/training/model_exports/yolo26n-realvisxl-lightning-maxlen-seed42-20260802-175008/last.pt
2026-08-02 17:51:16 INFO  scripts.synthetic_model_comparison.training.training_pipeline | epoch 3/200 done — next lr=0.01, epochs_since_improve=0/20
2026-08-02 17:51:16 INFO  scripts.synthetic_model_comparison.training.training_pipeline | epoch 4/200 — train start (lr=0.01, batches=15)
2026-08-02 17:51:24 INFO  scripts.synthetic_model_comparison.training.training_pipeline | step 50 | loss_box=4.0302 loss_cls=32.3272 loss_dfl=0.1400 loss_total=1219.1221 lr=0.00999986
2026-08-02 17:51:29 INFO  scripts.synthetic_model_comparison.training.training_pipeline | epoch 4/200 — train done in 13.5s | avg loss_box=4.4063 loss_cls=37.1980 loss_dfl=0.1598 loss_total=1321.9610
2026-08-02 17:51:29 INFO  scripts.synthetic_model_comparison.training.evaluation | evaluating on 4 batches
2026-08-02 17:51:34 INFO  scripts.synthetic_model_comparison.training.training_pipeline | epoch 4/200 — val mAP50=0.0000 mAP50_95=0.0000 (selection mAP50_95=0.0000)
2026-08-02 17:51:35 INFO  scripts.synthetic_model_comparison.training.evaluation | mlflow: logged val/mAP50=0.0000 val/mAP50_95=0.0000 (step=3)
2026-08-02 17:51:35 INFO  scripts.synthetic_model_comparison.training.evaluation | mlflow: logged val per-class AP table (12 classes)
2026-08-02 17:51:35 INFO  scripts.synthetic_model_comparison.training.training_pipeline | saved checkpoint: /home/debian/Master-Thesis/scripts/synthetic_model_comparison/training/model_exports/yolo26n-realvisxl-lightning-maxlen-seed42-20260802-175008/last.pt
2026-08-02 17:51:35 INFO  scripts.synthetic_model_comparison.training.training_pipeline | epoch 4/200 done — next lr=0.00999928, epochs_since_improve=1/20
2026-08-02 17:51:35 INFO  scripts.synthetic_model_comparison.training.training_pipeline | epoch 5/200 — train start (lr=0.00999928, batches=15)
2026-08-02 17:51:47 INFO  scripts.synthetic_model_comparison.training.training_pipeline | epoch 5/200 — train done in 11.8s | avg loss_box=4.1210 loss_cls=29.2312 loss_dfl=0.1507 loss_total=1101.2093
2026-08-02 17:51:47 INFO  scripts.synthetic_model_comparison.training.evaluation | evaluating on 4 batches
2026-08-02 17:51:52 INFO  scripts.synthetic_model_comparison.training.training_pipeline | epoch 5/200 — val mAP50=0.0000 mAP50_95=0.0000 (selection mAP50_95=0.0000)
2026-08-02 17:51:53 INFO  scripts.synthetic_model_comparison.training.evaluation | mlflow: logged val/mAP50=0.0000 val/mAP50_95=0.0000 (step=4)
2026-08-02 17:51:53 INFO  scripts.synthetic_model_comparison.training.evaluation | mlflow: logged val per-class AP table (12 classes)
2026-08-02 17:51:54 INFO  scripts.synthetic_model_comparison.training.training_pipeline | saved checkpoint: /home/debian/Master-Thesis/scripts/synthetic_model_comparison/training/model_exports/yolo26n-realvisxl-lightning-maxlen-seed42-20260802-175008/last.pt
2026-08-02 17:51:54 INFO  scripts.synthetic_model_comparison.training.training_pipeline | epoch 5/200 done — next lr=0.00999729, epochs_since_improve=2/20
2026-08-02 17:51:54 INFO  scripts.synthetic_model_comparison.training.training_pipeline | epoch 6/200 — train start (lr=0.00999729, batches=15)
2026-08-02 17:52:06 INFO  scripts.synthetic_model_comparison.training.training_pipeline | epoch 6/200 — train done in 11.6s | avg loss_box=3.3403 loss_cls=16.0494 loss_dfl=0.1250 loss_total=761.9856
2026-08-02 17:52:06 INFO  scripts.synthetic_model_comparison.training.evaluation | evaluating on 4 batches
2026-08-02 17:52:11 INFO  scripts.synthetic_model_comparison.training.training_pipeline | epoch 6/200 — val mAP50=0.0000 mAP50_95=0.0000 (selection mAP50_95=0.0000)
2026-08-02 17:52:11 INFO  scripts.synthetic_model_comparison.training.evaluation | mlflow: logged val/mAP50=0.0000 val/mAP50_95=0.0000 (step=5)
2026-08-02 17:52:12 INFO  scripts.synthetic_model_comparison.training.evaluation | mlflow: logged val per-class AP table (12 classes)
2026-08-02 17:52:12 INFO  scripts.synthetic_model_comparison.training.training_pipeline | saved checkpoint: /home/debian/Master-Thesis/scripts/synthetic_model_comparison/training/model_exports/yolo26n-realvisxl-lightning-maxlen-seed42-20260802-175008/last.pt
2026-08-02 17:52:12 INFO  scripts.synthetic_model_comparison.training.training_pipeline | epoch 6/200 done — next lr=0.00999403, epochs_since_improve=3/20
2026-08-02 17:52:12 INFO  scripts.synthetic_model_comparison.training.training_pipeline | epoch 7/200 — train start (lr=0.00999403, batches=15)
2026-08-02 17:52:23 INFO  scripts.synthetic_model_comparison.training.training_pipeline | step 100 | loss_box=2.8476 loss_cls=9.0262 loss_dfl=0.1036 loss_total=546.6000 lr=0.00999083
2026-08-02 17:52:26 INFO  scripts.synthetic_model_comparison.training.training_pipeline | epoch 7/200 — train done in 13.7s | avg loss_box=2.9638 loss_cls=9.8612 loss_dfl=0.1122 loss_total=571.9244
2026-08-02 17:52:26 INFO  scripts.synthetic_model_comparison.training.evaluation | evaluating on 4 batches
2026-08-02 17:52:31 INFO  scripts.synthetic_model_comparison.training.training_pipeline | epoch 7/200 — val mAP50=0.0179 mAP50_95=0.0057 (selection mAP50_95=0.0057)
2026-08-02 17:52:32 INFO  scripts.synthetic_model_comparison.training.evaluation | mlflow: logged val/mAP50=0.0179 val/mAP50_95=0.0057 (step=6)
2026-08-02 17:52:32 INFO  scripts.synthetic_model_comparison.training.evaluation | mlflow: logged val per-class AP table (12 classes)
2026-08-02 17:52:32 INFO  scripts.synthetic_model_comparison.training.training_pipeline | saved checkpoint: /home/debian/Master-Thesis/scripts/synthetic_model_comparison/training/model_exports/yolo26n-realvisxl-lightning-maxlen-seed42-20260802-175008/best.pt
2026-08-02 17:52:32 INFO  scripts.synthetic_model_comparison.training.training_pipeline | new best mAP50_95=0.0057 at epoch 7
2026-08-02 17:52:33 INFO  scripts.synthetic_model_comparison.training.training_pipeline | saved checkpoint: /home/debian/Master-Thesis/scripts/synthetic_model_comparison/training/model_exports/yolo26n-realvisxl-lightning-maxlen-seed42-20260802-175008/last.pt
2026-08-02 17:52:33 INFO  scripts.synthetic_model_comparison.training.training_pipeline | epoch 7/200 done — next lr=0.0099895, epochs_since_improve=0/20
2026-08-02 17:52:33 INFO  scripts.synthetic_model_comparison.training.training_pipeline | epoch 8/200 — train start (lr=0.0099895, batches=15)
2026-08-02 17:52:45 INFO  scripts.synthetic_model_comparison.training.training_pipeline | epoch 8/200 — train done in 11.9s | avg loss_box=2.4511 loss_cls=7.1814 loss_dfl=0.0903 loss_total=467.3057
2026-08-02 17:52:45 INFO  scripts.synthetic_model_comparison.training.evaluation | evaluating on 4 batches
2026-08-02 17:52:50 INFO  scripts.synthetic_model_comparison.training.training_pipeline | epoch 8/200 — val mAP50=0.0328 mAP50_95=0.0100 (selection mAP50_95=0.0100)
2026-08-02 17:52:51 INFO  scripts.synthetic_model_comparison.training.evaluation | mlflow: logged val/mAP50=0.0328 val/mAP50_95=0.0100 (step=7)
2026-08-02 17:52:52 INFO  scripts.synthetic_model_comparison.training.evaluation | mlflow: logged val per-class AP table (12 classes)
2026-08-02 17:52:52 INFO  scripts.synthetic_model_comparison.training.training_pipeline | saved checkpoint: /home/debian/Master-Thesis/scripts/synthetic_model_comparison/training/model_exports/yolo26n-realvisxl-lightning-maxlen-seed42-20260802-175008/best.pt
2026-08-02 17:52:52 INFO  scripts.synthetic_model_comparison.training.training_pipeline | new best mAP50_95=0.0100 at epoch 8
2026-08-02 17:52:52 INFO  scripts.synthetic_model_comparison.training.training_pipeline | saved checkpoint: /home/debian/Master-Thesis/scripts/synthetic_model_comparison/training/model_exports/yolo26n-realvisxl-lightning-maxlen-seed42-20260802-175008/last.pt
2026-08-02 17:52:52 INFO  scripts.synthetic_model_comparison.training.training_pipeline | epoch 8/200 done — next lr=0.0099837, epochs_since_improve=0/20
2026-08-02 17:52:52 INFO  scripts.synthetic_model_comparison.training.training_pipeline | epoch 9/200 — train start (lr=0.0099837, batches=15)
2026-08-02 17:53:04 INFO  scripts.synthetic_model_comparison.training.training_pipeline | epoch 9/200 — train done in 12.1s | avg loss_box=2.0563 loss_cls=5.9240 loss_dfl=0.0732 loss_total=409.7474
2026-08-02 17:53:04 INFO  scripts.synthetic_model_comparison.training.evaluation | evaluating on 4 batches
2026-08-02 17:53:10 INFO  scripts.synthetic_model_comparison.training.training_pipeline | epoch 9/200 — val mAP50=0.0622 mAP50_95=0.0166 (selection mAP50_95=0.0166)
2026-08-02 17:53:11 INFO  scripts.synthetic_model_comparison.training.evaluation | mlflow: logged val/mAP50=0.0622 val/mAP50_95=0.0166 (step=8)
2026-08-02 17:53:11 INFO  scripts.synthetic_model_comparison.training.evaluation | mlflow: logged val per-class AP table (12 classes)
2026-08-02 17:53:11 INFO  scripts.synthetic_model_comparison.training.training_pipeline | saved checkpoint: /home/debian/Master-Thesis/scripts/synthetic_model_comparison/training/model_exports/yolo26n-realvisxl-lightning-maxlen-seed42-20260802-175008/best.pt
2026-08-02 17:53:11 INFO  scripts.synthetic_model_comparison.training.training_pipeline | new best mAP50_95=0.0166 at epoch 9
2026-08-02 17:53:11 INFO  scripts.synthetic_model_comparison.training.training_pipeline | saved checkpoint: /home/debian/Master-Thesis/scripts/synthetic_model_comparison/training/model_exports/yolo26n-realvisxl-lightning-maxlen-seed42-20260802-175008/last.pt
2026-08-02 17:53:12 INFO  scripts.synthetic_model_comparison.training.training_pipeline | epoch 9/200 done — next lr=0.00997664, epochs_since_improve=0/20
2026-08-02 17:53:12 INFO  scripts.synthetic_model_comparison.training.training_pipeline | epoch 10/200 — train start (lr=0.00997664, batches=15)
2026-08-02 17:53:24 INFO  scripts.synthetic_model_comparison.training.training_pipeline | epoch 10/200 — train done in 12.3s | avg loss_box=1.9086 loss_cls=5.0999 loss_dfl=0.0679 loss_total=372.9843
2026-08-02 17:53:24 INFO  scripts.synthetic_model_comparison.training.evaluation | evaluating on 4 batches
2026-08-02 17:53:30 INFO  scripts.synthetic_model_comparison.training.training_pipeline | epoch 10/200 — val mAP50=0.1398 mAP50_95=0.0494 (selection mAP50_95=0.0494)
2026-08-02 17:53:30 INFO  scripts.synthetic_model_comparison.training.evaluation | mlflow: logged val/mAP50=0.1398 val/mAP50_95=0.0494 (step=9)
2026-08-02 17:53:31 INFO  scripts.synthetic_model_comparison.training.evaluation | mlflow: logged val per-class AP table (12 classes)
2026-08-02 17:53:31 INFO  scripts.synthetic_model_comparison.training.training_pipeline | saved checkpoint: /home/debian/Master-Thesis/scripts/synthetic_model_comparison/training/model_exports/yolo26n-realvisxl-lightning-maxlen-seed42-20260802-175008/best.pt
2026-08-02 17:53:31 INFO  scripts.synthetic_model_comparison.training.training_pipeline | new best mAP50_95=0.0494 at epoch 10
2026-08-02 17:53:31 INFO  scripts.synthetic_model_comparison.training.training_pipeline | saved checkpoint: /home/debian/Master-Thesis/scripts/synthetic_model_comparison/training/model_exports/yolo26n-realvisxl-lightning-maxlen-seed42-20260802-175008/last.pt
2026-08-02 17:53:31 INFO  scripts.synthetic_model_comparison.training.training_pipeline | epoch 10/200 done — next lr=0.00996832, epochs_since_improve=0/20
2026-08-02 17:53:31 INFO  scripts.synthetic_model_comparison.training.training_pipeline | epoch 11/200 — train start (lr=0.00996832, batches=15)
2026-08-02 17:53:37 INFO  scripts.synthetic_model_comparison.training.training_pipeline | step 150 | loss_box=1.9065 loss_cls=4.7511 loss_dfl=0.0663 loss_total=358.5450 lr=0.00996772
2026-08-02 17:53:45 INFO  scripts.synthetic_model_comparison.training.training_pipeline | epoch 11/200 — train done in 13.8s | avg loss_box=1.8332 loss_cls=4.4629 loss_dfl=0.0646 loss_total=337.5536
2026-08-02 17:53:45 INFO  scripts.synthetic_model_comparison.training.evaluation | evaluating on 4 batches
2026-08-02 17:53:51 INFO  scripts.synthetic_model_comparison.training.training_pipeline | epoch 11/200 — val mAP50=0.1338 mAP50_95=0.0601 (selection mAP50_95=0.0601)
2026-08-02 17:53:51 INFO  scripts.synthetic_model_comparison.training.evaluation | mlflow: logged val/mAP50=0.1338 val/mAP50_95=0.0601 (step=10)
2026-08-02 17:53:52 INFO  scripts.synthetic_model_comparison.training.evaluation | mlflow: logged val per-class AP table (12 classes)
2026-08-02 17:53:52 INFO  scripts.synthetic_model_comparison.training.training_pipeline | saved checkpoint: /home/debian/Master-Thesis/scripts/synthetic_model_comparison/training/model_exports/yolo26n-realvisxl-lightning-maxlen-seed42-20260802-175008/best.pt
2026-08-02 17:53:52 INFO  scripts.synthetic_model_comparison.training.training_pipeline | new best mAP50_95=0.0601 at epoch 11
2026-08-02 17:53:52 INFO  scripts.synthetic_model_comparison.training.training_pipeline | saved checkpoint: /home/debian/Master-Thesis/scripts/synthetic_model_comparison/training/model_exports/yolo26n-realvisxl-lightning-maxlen-seed42-20260802-175008/last.pt
2026-08-02 17:53:52 INFO  scripts.synthetic_model_comparison.training.training_pipeline | epoch 11/200 done — next lr=0.00995873, epochs_since_improve=0/20
2026-08-02 17:53:52 INFO  scripts.synthetic_model_comparison.training.training_pipeline | epoch 12/200 — train start (lr=0.00995873, batches=15)
2026-08-02 17:54:04 INFO  scripts.synthetic_model_comparison.training.training_pipeline | epoch 12/200 — train done in 11.6s | avg loss_box=1.7501 loss_cls=4.0176 loss_dfl=0.0616 loss_total=312.1713
2026-08-02 17:54:04 INFO  scripts.synthetic_model_comparison.training.evaluation | evaluating on 4 batches
2026-08-02 17:54:10 INFO  scripts.synthetic_model_comparison.training.training_pipeline | epoch 12/200 — val mAP50=0.2069 mAP50_95=0.0931 (selection mAP50_95=0.0931)
2026-08-02 17:54:10 INFO  scripts.synthetic_model_comparison.training.evaluation | mlflow: logged val/mAP50=0.2069 val/mAP50_95=0.0931 (step=11)
2026-08-02 17:54:11 INFO  scripts.synthetic_model_comparison.training.evaluation | mlflow: logged val per-class AP table (12 classes)
2026-08-02 17:54:11 INFO  scripts.synthetic_model_comparison.training.training_pipeline | saved checkpoint: /home/debian/Master-Thesis/scripts/synthetic_model_comparison/training/model_exports/yolo26n-realvisxl-lightning-maxlen-seed42-20260802-175008/best.pt
2026-08-02 17:54:11 INFO  scripts.synthetic_model_comparison.training.training_pipeline | new best mAP50_95=0.0931 at epoch 12
2026-08-02 17:54:11 INFO  scripts.synthetic_model_comparison.training.training_pipeline | saved checkpoint: /home/debian/Master-Thesis/scripts/synthetic_model_comparison/training/model_exports/yolo26n-realvisxl-lightning-maxlen-seed42-20260802-175008/last.pt
2026-08-02 17:54:11 INFO  scripts.synthetic_model_comparison.training.training_pipeline | epoch 12/200 done — next lr=0.00994788, epochs_since_improve=0/20
2026-08-02 17:54:11 INFO  scripts.synthetic_model_comparison.training.training_pipeline | epoch 13/200 — train start (lr=0.00994788, batches=15)
2026-08-02 17:54:24 INFO  scripts.synthetic_model_comparison.training.training_pipeline | epoch 13/200 — train done in 12.5s | avg loss_box=1.7098 loss_cls=3.6019 loss_dfl=0.0588 loss_total=289.4875
2026-08-02 17:54:24 INFO  scripts.synthetic_model_comparison.training.evaluation | evaluating on 4 batches
2026-08-02 17:54:30 INFO  scripts.synthetic_model_comparison.training.training_pipeline | epoch 13/200 — val mAP50=0.2120 mAP50_95=0.0671 (selection mAP50_95=0.0671)
2026-08-02 17:54:31 INFO  scripts.synthetic_model_comparison.training.evaluation | mlflow: logged val/mAP50=0.2120 val/mAP50_95=0.0671 (step=12)
2026-08-02 17:54:31 INFO  scripts.synthetic_model_comparison.training.evaluation | mlflow: logged val per-class AP table (12 classes)
2026-08-02 17:54:31 INFO  scripts.synthetic_model_comparison.training.training_pipeline | saved checkpoint: /home/debian/Master-Thesis/scripts/synthetic_model_comparison/training/model_exports/yolo26n-realvisxl-lightning-maxlen-seed42-20260802-175008/last.pt
2026-08-02 17:54:31 INFO  scripts.synthetic_model_comparison.training.training_pipeline | epoch 13/200 done — next lr=0.00993577, epochs_since_improve=1/20
2026-08-02 17:54:31 INFO  scripts.synthetic_model_comparison.training.training_pipeline | epoch 14/200 — train start (lr=0.00993577, batches=15)
2026-08-02 17:54:40 INFO  scripts.synthetic_model_comparison.training.training_pipeline | step 200 | loss_box=1.7414 loss_cls=3.3704 loss_dfl=0.0575 loss_total=279.3855 lr=0.00993058
2026-08-02 17:54:45 INFO  scripts.synthetic_model_comparison.training.training_pipeline | epoch 14/200 — train done in 13.7s | avg loss_box=1.6243 loss_cls=3.2926 loss_dfl=0.0545 loss_total=272.2330
2026-08-02 17:54:45 INFO  scripts.synthetic_model_comparison.training.evaluation | evaluating on 4 batches
2026-08-02 17:54:51 INFO  scripts.synthetic_model_comparison.training.training_pipeline | epoch 14/200 — val mAP50=0.3197 mAP50_95=0.1128 (selection mAP50_95=0.1128)
2026-08-02 17:54:51 INFO  scripts.synthetic_model_comparison.training.evaluation | mlflow: logged val/mAP50=0.3197 val/mAP50_95=0.1128 (step=13)
2026-08-02 17:54:52 INFO  scripts.synthetic_model_comparison.training.evaluation | mlflow: logged val per-class AP table (12 classes)
2026-08-02 17:54:52 INFO  scripts.synthetic_model_comparison.training.training_pipeline | saved checkpoint: /home/debian/Master-Thesis/scripts/synthetic_model_comparison/training/model_exports/yolo26n-realvisxl-lightning-maxlen-seed42-20260802-175008/best.pt
2026-08-02 17:54:52 INFO  scripts.synthetic_model_comparison.training.training_pipeline | new best mAP50_95=0.1128 at epoch 14
2026-08-02 17:54:52 INFO  scripts.synthetic_model_comparison.training.training_pipeline | saved checkpoint: /home/debian/Master-Thesis/scripts/synthetic_model_comparison/training/model_exports/yolo26n-realvisxl-lightning-maxlen-seed42-20260802-175008/last.pt
2026-08-02 17:54:52 INFO  scripts.synthetic_model_comparison.training.training_pipeline | epoch 14/200 done — next lr=0.00992241, epochs_since_improve=0/20
2026-08-02 17:54:52 INFO  scripts.synthetic_model_comparison.training.training_pipeline | epoch 15/200 — train start (lr=0.00992241, batches=15)
2026-08-02 17:55:04 INFO  scripts.synthetic_model_comparison.training.training_pipeline | epoch 15/200 — train done in 12.1s | avg loss_box=1.5880 loss_cls=3.0459 loss_dfl=0.0547 loss_total=260.9755
2026-08-02 17:55:04 INFO  scripts.synthetic_model_comparison.training.evaluation | evaluating on 4 batches
2026-08-02 17:55:12 INFO  scripts.synthetic_model_comparison.training.training_pipeline | epoch 15/200 — val mAP50=0.2780 mAP50_95=0.0830 (selection mAP50_95=0.0830)
2026-08-02 17:55:13 INFO  scripts.synthetic_model_comparison.training.evaluation | mlflow: logged val/mAP50=0.2780 val/mAP50_95=0.0830 (step=14)
2026-08-02 17:55:13 INFO  scripts.synthetic_model_comparison.training.evaluation | mlflow: logged val per-class AP table (12 classes)
2026-08-02 17:55:13 INFO  scripts.synthetic_model_comparison.training.training_pipeline | saved checkpoint: /home/debian/Master-Thesis/scripts/synthetic_model_comparison/training/model_exports/yolo26n-realvisxl-lightning-maxlen-seed42-20260802-175008/last.pt
2026-08-02 17:55:14 INFO  scripts.synthetic_model_comparison.training.training_pipeline | epoch 15/200 done — next lr=0.00990781, epochs_since_improve=1/20
2026-08-02 17:55:14 INFO  scripts.synthetic_model_comparison.training.training_pipeline | epoch 16/200 — train start (lr=0.00990781, batches=15)
2026-08-02 17:55:26 INFO  scripts.synthetic_model_comparison.training.training_pipeline | epoch 16/200 — train done in 12.6s | avg loss_box=1.5640 loss_cls=2.7985 loss_dfl=0.0542 loss_total=244.3524
2026-08-02 17:55:26 INFO  scripts.synthetic_model_comparison.training.evaluation | evaluating on 4 batches
2026-08-02 17:55:32 INFO  scripts.synthetic_model_comparison.training.training_pipeline | epoch 16/200 — val mAP50=0.4249 mAP50_95=0.2085 (selection mAP50_95=0.2085)
2026-08-02 17:55:33 INFO  scripts.synthetic_model_comparison.training.evaluation | mlflow: logged val/mAP50=0.4249 val/mAP50_95=0.2085 (step=15)
2026-08-02 17:55:33 INFO  scripts.synthetic_model_comparison.training.evaluation | mlflow: logged val per-class AP table (12 classes)
2026-08-02 17:55:34 INFO  scripts.synthetic_model_comparison.training.training_pipeline | saved checkpoint: /home/debian/Master-Thesis/scripts/synthetic_model_comparison/training/model_exports/yolo26n-realvisxl-lightning-maxlen-seed42-20260802-175008/best.pt
2026-08-02 17:55:34 INFO  scripts.synthetic_model_comparison.training.training_pipeline | new best mAP50_95=0.2085 at epoch 16
2026-08-02 17:55:34 INFO  scripts.synthetic_model_comparison.training.training_pipeline | saved checkpoint: /home/debian/Master-Thesis/scripts/synthetic_model_comparison/training/model_exports/yolo26n-realvisxl-lightning-maxlen-seed42-20260802-175008/last.pt
2026-08-02 17:55:34 INFO  scripts.synthetic_model_comparison.training.training_pipeline | epoch 16/200 done — next lr=0.00989195, epochs_since_improve=0/20
2026-08-02 17:55:34 INFO  scripts.synthetic_model_comparison.training.training_pipeline | epoch 17/200 — train start (lr=0.00989195, batches=15)
2026-08-02 17:55:45 INFO  scripts.synthetic_model_comparison.training.training_pipeline | step 250 | loss_box=1.7236 loss_cls=2.5920 loss_dfl=0.0564 loss_total=240.9508 lr=0.00987953
2026-08-02 17:55:48 INFO  scripts.synthetic_model_comparison.training.training_pipeline | epoch 17/200 — train done in 14.4s | avg loss_box=1.5818 loss_cls=2.6454 loss_dfl=0.0535 loss_total=238.3954
2026-08-02 17:55:48 INFO  scripts.synthetic_model_comparison.training.evaluation | evaluating on 4 batches
2026-08-02 17:55:54 INFO  scripts.synthetic_model_comparison.training.training_pipeline | epoch 17/200 — val mAP50=0.3498 mAP50_95=0.1456 (selection mAP50_95=0.1456)
2026-08-02 17:55:55 INFO  scripts.synthetic_model_comparison.training.evaluation | mlflow: logged val/mAP50=0.3498 val/mAP50_95=0.1456 (step=16)
2026-08-02 17:55:55 INFO  scripts.synthetic_model_comparison.training.evaluation | mlflow: logged val per-class AP table (12 classes)
2026-08-02 17:55:55 INFO  scripts.synthetic_model_comparison.training.training_pipeline | saved checkpoint: /home/debian/Master-Thesis/scripts/synthetic_model_comparison/training/model_exports/yolo26n-realvisxl-lightning-maxlen-seed42-20260802-175008/last.pt
2026-08-02 17:55:56 INFO  scripts.synthetic_model_comparison.training.training_pipeline | epoch 17/200 done — next lr=0.00987485, epochs_since_improve=1/20
2026-08-02 17:55:56 INFO  scripts.synthetic_model_comparison.training.training_pipeline | epoch 18/200 — train start (lr=0.00987485, batches=15)
2026-08-02 17:56:07 INFO  scripts.synthetic_model_comparison.training.training_pipeline | epoch 18/200 — train done in 11.5s | avg loss_box=1.5873 loss_cls=2.4992 loss_dfl=0.0544 loss_total=231.6559
2026-08-02 17:56:07 INFO  scripts.synthetic_model_comparison.training.evaluation | evaluating on 4 batches
2026-08-02 17:56:13 INFO  scripts.synthetic_model_comparison.training.training_pipeline | epoch 18/200 — val mAP50=0.3387 mAP50_95=0.1073 (selection mAP50_95=0.1073)
2026-08-02 17:56:14 INFO  scripts.synthetic_model_comparison.training.evaluation | mlflow: logged val/mAP50=0.3387 val/mAP50_95=0.1073 (step=17)
2026-08-02 17:56:14 INFO  scripts.synthetic_model_comparison.training.evaluation | mlflow: logged val per-class AP table (12 classes)
2026-08-02 17:56:14 INFO  scripts.synthetic_model_comparison.training.training_pipeline | saved checkpoint: /home/debian/Master-Thesis/scripts/synthetic_model_comparison/training/model_exports/yolo26n-realvisxl-lightning-maxlen-seed42-20260802-175008/last.pt
2026-08-02 17:56:15 INFO  scripts.synthetic_model_comparison.training.training_pipeline | epoch 18/200 done — next lr=0.00985651, epochs_since_improve=2/20
2026-08-02 17:56:15 INFO  scripts.synthetic_model_comparison.training.training_pipeline | epoch 19/200 — train start (lr=0.00985651, batches=15)
2026-08-02 17:56:27 INFO  scripts.synthetic_model_comparison.training.training_pipeline | epoch 19/200 — train done in 12.0s | avg loss_box=1.5413 loss_cls=2.2743 loss_dfl=0.0522 loss_total=218.7052
2026-08-02 17:56:27 INFO  scripts.synthetic_model_comparison.training.evaluation | evaluating on 4 batches
2026-08-02 17:56:34 INFO  scripts.synthetic_model_comparison.training.training_pipeline | epoch 19/200 — val mAP50=0.3527 mAP50_95=0.1665 (selection mAP50_95=0.1665)
2026-08-02 17:56:35 INFO  scripts.synthetic_model_comparison.training.evaluation | mlflow: logged val/mAP50=0.3527 val/mAP50_95=0.1665 (step=18)
2026-08-02 17:56:35 INFO  scripts.synthetic_model_comparison.training.evaluation | mlflow: logged val per-class AP table (12 classes)
2026-08-02 17:56:35 INFO  scripts.synthetic_model_comparison.training.training_pipeline | saved checkpoint: /home/debian/Master-Thesis/scripts/synthetic_model_comparison/training/model_exports/yolo26n-realvisxl-lightning-maxlen-seed42-20260802-175008/last.pt
2026-08-02 17:56:36 INFO  scripts.synthetic_model_comparison.training.training_pipeline | epoch 19/200 done — next lr=0.00983694, epochs_since_improve=3/20
2026-08-02 17:56:36 INFO  scripts.synthetic_model_comparison.training.training_pipeline | epoch 20/200 — train start (lr=0.00983694, batches=15)
2026-08-02 17:56:48 INFO  scripts.synthetic_model_comparison.training.training_pipeline | epoch 20/200 — train done in 12.1s | avg loss_box=1.5150 loss_cls=2.1529 loss_dfl=0.0513 loss_total=211.1714
2026-08-02 17:56:48 INFO  scripts.synthetic_model_comparison.training.evaluation | evaluating on 4 batches
2026-08-02 17:56:54 INFO  scripts.synthetic_model_comparison.training.training_pipeline | epoch 20/200 — val mAP50=0.3373 mAP50_95=0.1551 (selection mAP50_95=0.1551)
2026-08-02 17:56:54 INFO  scripts.synthetic_model_comparison.training.evaluation | mlflow: logged val/mAP50=0.3373 val/mAP50_95=0.1551 (step=19)
2026-08-02 17:56:55 INFO  scripts.synthetic_model_comparison.training.evaluation | mlflow: logged val per-class AP table (12 classes)
2026-08-02 17:56:55 INFO  scripts.synthetic_model_comparison.training.training_pipeline | saved checkpoint: /home/debian/Master-Thesis/scripts/synthetic_model_comparison/training/model_exports/yolo26n-realvisxl-lightning-maxlen-seed42-20260802-175008/last.pt
2026-08-02 17:56:55 INFO  scripts.synthetic_model_comparison.training.training_pipeline | epoch 20/200 done — next lr=0.00981614, epochs_since_improve=4/20
2026-08-02 17:56:55 INFO  scripts.synthetic_model_comparison.training.training_pipeline | epoch 21/200 — train start (lr=0.00981614, batches=15)
2026-08-02 17:57:01 INFO  scripts.synthetic_model_comparison.training.training_pipeline | step 300 | loss_box=1.3952 loss_cls=2.0343 loss_dfl=0.0433 loss_total=207.5821 lr=0.00981471
2026-08-02 17:57:08 INFO  scripts.synthetic_model_comparison.training.training_pipeline | epoch 21/200 — train done in 13.1s | avg loss_box=1.4914 loss_cls=2.1053 loss_dfl=0.0500 loss_total=206.9741
2026-08-02 17:57:08 INFO  scripts.synthetic_model_comparison.training.evaluation | evaluating on 4 batches
2026-08-02 17:57:14 INFO  scripts.synthetic_model_comparison.training.training_pipeline | epoch 21/200 — val mAP50=0.4629 mAP50_95=0.2191 (selection mAP50_95=0.2191)
2026-08-02 17:57:15 INFO  scripts.synthetic_model_comparison.training.evaluation | mlflow: logged val/mAP50=0.4629 val/mAP50_95=0.2191 (step=20)
2026-08-02 17:57:15 INFO  scripts.synthetic_model_comparison.training.evaluation | mlflow: logged val per-class AP table (12 classes)
2026-08-02 17:57:16 INFO  scripts.synthetic_model_comparison.training.training_pipeline | saved checkpoint: /home/debian/Master-Thesis/scripts/synthetic_model_comparison/training/model_exports/yolo26n-realvisxl-lightning-maxlen-seed42-20260802-175008/best.pt
2026-08-02 17:57:16 INFO  scripts.synthetic_model_comparison.training.training_pipeline | new best mAP50_95=0.2191 at epoch 21
2026-08-02 17:57:16 INFO  scripts.synthetic_model_comparison.training.training_pipeline | saved checkpoint: /home/debian/Master-Thesis/scripts/synthetic_model_comparison/training/model_exports/yolo26n-realvisxl-lightning-maxlen-seed42-20260802-175008/last.pt
2026-08-02 17:57:16 INFO  scripts.synthetic_model_comparison.training.training_pipeline | epoch 21/200 done — next lr=0.00979412, epochs_since_improve=0/20
2026-08-02 17:57:16 INFO  scripts.synthetic_model_comparison.training.training_pipeline | epoch 22/200 — train start (lr=0.00979412, batches=15)
2026-08-02 17:57:28 INFO  scripts.synthetic_model_comparison.training.training_pipeline | epoch 22/200 — train done in 12.2s | avg loss_box=1.4947 loss_cls=2.0430 loss_dfl=0.0518 loss_total=204.3786
2026-08-02 17:57:28 INFO  scripts.synthetic_model_comparison.training.evaluation | evaluating on 4 batches
2026-08-02 17:57:34 INFO  scripts.synthetic_model_comparison.training.training_pipeline | epoch 22/200 — val mAP50=0.2947 mAP50_95=0.1692 (selection mAP50_95=0.1692)
2026-08-02 17:57:35 INFO  scripts.synthetic_model_comparison.training.evaluation | mlflow: logged val/mAP50=0.2947 val/mAP50_95=0.1692 (step=21)
2026-08-02 17:57:35 INFO  scripts.synthetic_model_comparison.training.evaluation | mlflow: logged val per-class AP table (12 classes)
2026-08-02 17:57:35 INFO  scripts.synthetic_model_comparison.training.training_pipeline | saved checkpoint: /home/debian/Master-Thesis/scripts/synthetic_model_comparison/training/model_exports/yolo26n-realvisxl-lightning-maxlen-seed42-20260802-175008/last.pt
2026-08-02 17:57:36 INFO  scripts.synthetic_model_comparison.training.training_pipeline | epoch 22/200 done — next lr=0.00977087, epochs_since_improve=1/20
2026-08-02 17:57:36 INFO  scripts.synthetic_model_comparison.training.training_pipeline | epoch 23/200 — train start (lr=0.00977087, batches=15)
2026-08-02 17:57:49 INFO  scripts.synthetic_model_comparison.training.training_pipeline | epoch 23/200 — train done in 13.0s | avg loss_box=1.4883 loss_cls=1.9307 loss_dfl=0.0504 loss_total=197.2281
2026-08-02 17:57:49 INFO  scripts.synthetic_model_comparison.training.evaluation | evaluating on 4 batches
2026-08-02 17:57:55 INFO  scripts.synthetic_model_comparison.training.training_pipeline | epoch 23/200 — val mAP50=0.5960 mAP50_95=0.2847 (selection mAP50_95=0.2847)
2026-08-02 17:57:55 INFO  scripts.synthetic_model_comparison.training.evaluation | mlflow: logged val/mAP50=0.5960 val/mAP50_95=0.2847 (step=22)
2026-08-02 17:57:56 INFO  scripts.synthetic_model_comparison.training.evaluation | mlflow: logged val per-class AP table (12 classes)
2026-08-02 17:57:56 INFO  scripts.synthetic_model_comparison.training.training_pipeline | saved checkpoint: /home/debian/Master-Thesis/scripts/synthetic_model_comparison/training/model_exports/yolo26n-realvisxl-lightning-maxlen-seed42-20260802-175008/best.pt
2026-08-02 17:57:56 INFO  scripts.synthetic_model_comparison.training.training_pipeline | new best mAP50_95=0.2847 at epoch 23
2026-08-02 17:57:56 INFO  scripts.synthetic_model_comparison.training.training_pipeline | saved checkpoint: /home/debian/Master-Thesis/scripts/synthetic_model_comparison/training/model_exports/yolo26n-realvisxl-lightning-maxlen-seed42-20260802-175008/last.pt
2026-08-02 17:57:56 INFO  scripts.synthetic_model_comparison.training.training_pipeline | epoch 23/200 done — next lr=0.00974642, epochs_since_improve=0/20
2026-08-02 17:57:56 INFO  scripts.synthetic_model_comparison.training.training_pipeline | epoch 24/200 — train start (lr=0.00974642, batches=15)
2026-08-02 17:58:05 INFO  scripts.synthetic_model_comparison.training.training_pipeline | step 350 | loss_box=1.6138 loss_cls=1.8885 loss_dfl=0.0525 loss_total=207.4605 lr=0.0097363
2026-08-02 17:58:10 INFO  scripts.synthetic_model_comparison.training.training_pipeline | epoch 24/200 — train done in 13.6s | avg loss_box=1.4975 loss_cls=1.8830 loss_dfl=0.0509 loss_total=195.6038
2026-08-02 17:58:10 INFO  scripts.synthetic_model_comparison.training.evaluation | evaluating on 4 batches
2026-08-02 17:58:16 INFO  scripts.synthetic_model_comparison.training.training_pipeline | epoch 24/200 — val mAP50=0.5682 mAP50_95=0.2434 (selection mAP50_95=0.2434)
2026-08-02 17:58:17 INFO  scripts.synthetic_model_comparison.training.evaluation | mlflow: logged val/mAP50=0.5682 val/mAP50_95=0.2434 (step=23)
2026-08-02 17:58:17 INFO  scripts.synthetic_model_comparison.training.evaluation | mlflow: logged val per-class AP table (12 classes)
2026-08-02 17:58:17 INFO  scripts.synthetic_model_comparison.training.training_pipeline | saved checkpoint: /home/debian/Master-Thesis/scripts/synthetic_model_comparison/training/model_exports/yolo26n-realvisxl-lightning-maxlen-seed42-20260802-175008/last.pt
2026-08-02 17:58:17 INFO  scripts.synthetic_model_comparison.training.training_pipeline | epoch 24/200 done — next lr=0.00972076, epochs_since_improve=1/20
2026-08-02 17:58:17 INFO  scripts.synthetic_model_comparison.training.training_pipeline | epoch 25/200 — train start (lr=0.00972076, batches=15)
2026-08-02 17:58:29 INFO  scripts.synthetic_model_comparison.training.training_pipeline | epoch 25/200 — train done in 11.8s | avg loss_box=1.4580 loss_cls=1.8092 loss_dfl=0.0496 loss_total=190.8356
2026-08-02 17:58:29 INFO  scripts.synthetic_model_comparison.training.evaluation | evaluating on 4 batches
2026-08-02 17:58:35 INFO  scripts.synthetic_model_comparison.training.training_pipeline | epoch 25/200 — val mAP50=0.6556 mAP50_95=0.3367 (selection mAP50_95=0.3367)
2026-08-02 17:58:36 INFO  scripts.synthetic_model_comparison.training.evaluation | mlflow: logged val/mAP50=0.6556 val/mAP50_95=0.3367 (step=24)
2026-08-02 17:58:36 INFO  scripts.synthetic_model_comparison.training.evaluation | mlflow: logged val per-class AP table (12 classes)
2026-08-02 17:58:36 INFO  scripts.synthetic_model_comparison.training.training_pipeline | saved checkpoint: /home/debian/Master-Thesis/scripts/synthetic_model_comparison/training/model_exports/yolo26n-realvisxl-lightning-maxlen-seed42-20260802-175008/best.pt
2026-08-02 17:58:36 INFO  scripts.synthetic_model_comparison.training.training_pipeline | new best mAP50_95=0.3367 at epoch 25
2026-08-02 17:58:36 INFO  scripts.synthetic_model_comparison.training.training_pipeline | saved checkpoint: /home/debian/Master-Thesis/scripts/synthetic_model_comparison/training/model_exports/yolo26n-realvisxl-lightning-maxlen-seed42-20260802-175008/last.pt
2026-08-02 17:58:37 INFO  scripts.synthetic_model_comparison.training.training_pipeline | epoch 25/200 done — next lr=0.0096939, epochs_since_improve=0/20
2026-08-02 17:58:37 INFO  scripts.synthetic_model_comparison.training.training_pipeline | epoch 26/200 — train start (lr=0.0096939, batches=15)
2026-08-02 17:58:48 INFO  scripts.synthetic_model_comparison.training.training_pipeline | epoch 26/200 — train done in 11.5s | avg loss_box=1.4222 loss_cls=1.6611 loss_dfl=0.0473 loss_total=180.6666
2026-08-02 17:58:48 INFO  scripts.synthetic_model_comparison.training.evaluation | evaluating on 4 batches
2026-08-02 17:58:54 INFO  scripts.synthetic_model_comparison.training.training_pipeline | epoch 26/200 — val mAP50=0.5468 mAP50_95=0.2999 (selection mAP50_95=0.2999)
2026-08-02 17:58:55 INFO  scripts.synthetic_model_comparison.training.evaluation | mlflow: logged val/mAP50=0.5468 val/mAP50_95=0.2999 (step=25)
2026-08-02 17:58:55 INFO  scripts.synthetic_model_comparison.training.evaluation | mlflow: logged val per-class AP table (12 classes)
2026-08-02 17:58:56 INFO  scripts.synthetic_model_comparison.training.training_pipeline | saved checkpoint: /home/debian/Master-Thesis/scripts/synthetic_model_comparison/training/model_exports/yolo26n-realvisxl-lightning-maxlen-seed42-20260802-175008/last.pt
2026-08-02 17:58:56 INFO  scripts.synthetic_model_comparison.training.training_pipeline | epoch 26/200 done — next lr=0.00966585, epochs_since_improve=1/20
2026-08-02 17:58:56 INFO  scripts.synthetic_model_comparison.training.training_pipeline | epoch 27/200 — train start (lr=0.00966585, batches=15)
2026-08-02 17:59:06 INFO  scripts.synthetic_model_comparison.training.training_pipeline | step 400 | loss_box=1.4251 loss_cls=1.6150 loss_dfl=0.0471 loss_total=178.8858 lr=0.00964453
2026-08-02 17:59:09 INFO  scripts.synthetic_model_comparison.training.training_pipeline | epoch 27/200 — train done in 13.6s | avg loss_box=1.4736 loss_cls=1.6497 loss_dfl=0.0497 loss_total=183.6864
2026-08-02 17:59:09 INFO  scripts.synthetic_model_comparison.training.evaluation | evaluating on 4 batches
2026-08-02 17:59:17 INFO  scripts.synthetic_model_comparison.training.training_pipeline | epoch 27/200 — val mAP50=0.7045 mAP50_95=0.4071 (selection mAP50_95=0.4071)
2026-08-02 17:59:18 INFO  scripts.synthetic_model_comparison.training.evaluation | mlflow: logged val/mAP50=0.7045 val/mAP50_95=0.4071 (step=26)
2026-08-02 17:59:18 INFO  scripts.synthetic_model_comparison.training.evaluation | mlflow: logged val per-class AP table (12 classes)
2026-08-02 17:59:19 INFO  scripts.synthetic_model_comparison.training.training_pipeline | saved checkpoint: /home/debian/Master-Thesis/scripts/synthetic_model_comparison/training/model_exports/yolo26n-realvisxl-lightning-maxlen-seed42-20260802-175008/best.pt
2026-08-02 17:59:19 INFO  scripts.synthetic_model_comparison.training.training_pipeline | new best mAP50_95=0.4071 at epoch 27
2026-08-02 17:59:19 INFO  scripts.synthetic_model_comparison.training.training_pipeline | saved checkpoint: /home/debian/Master-Thesis/scripts/synthetic_model_comparison/training/model_exports/yolo26n-realvisxl-lightning-maxlen-seed42-20260802-175008/last.pt
2026-08-02 17:59:19 INFO  scripts.synthetic_model_comparison.training.training_pipeline | epoch 27/200 done — next lr=0.00963661, epochs_since_improve=0/20
2026-08-02 17:59:19 INFO  scripts.synthetic_model_comparison.training.training_pipeline | epoch 28/200 — train start (lr=0.00963661, batches=15)
2026-08-02 17:59:32 INFO  scripts.synthetic_model_comparison.training.training_pipeline | epoch 28/200 — train done in 12.5s | avg loss_box=1.4320 loss_cls=1.6050 loss_dfl=0.0484 loss_total=178.0401
2026-08-02 17:59:32 INFO  scripts.synthetic_model_comparison.training.evaluation | evaluating on 4 batches
2026-08-02 17:59:37 INFO  scripts.synthetic_model_comparison.training.training_pipeline | epoch 28/200 — val mAP50=0.5338 mAP50_95=0.2515 (selection mAP50_95=0.2515)
2026-08-02 17:59:38 INFO  scripts.synthetic_model_comparison.training.evaluation | mlflow: logged val/mAP50=0.5338 val/mAP50_95=0.2515 (step=27)
2026-08-02 17:59:38 INFO  scripts.synthetic_model_comparison.training.evaluation | mlflow: logged val per-class AP table (12 classes)
2026-08-02 17:59:38 INFO  scripts.synthetic_model_comparison.training.training_pipeline | saved checkpoint: /home/debian/Master-Thesis/scripts/synthetic_model_comparison/training/model_exports/yolo26n-realvisxl-lightning-maxlen-seed42-20260802-175008/last.pt
2026-08-02 17:59:39 INFO  scripts.synthetic_model_comparison.training.training_pipeline | epoch 28/200 done — next lr=0.0096062, epochs_since_improve=1/20
2026-08-02 17:59:39 INFO  scripts.synthetic_model_comparison.training.training_pipeline | epoch 29/200 — train start (lr=0.0096062, batches=15)
2026-08-02 17:59:51 INFO  scripts.synthetic_model_comparison.training.training_pipeline | epoch 29/200 — train done in 12.3s | avg loss_box=1.4161 loss_cls=1.5641 loss_dfl=0.0490 loss_total=176.6916
2026-08-02 17:59:51 INFO  scripts.synthetic_model_comparison.training.evaluation | evaluating on 4 batches
2026-08-02 17:59:57 INFO  scripts.synthetic_model_comparison.training.training_pipeline | epoch 29/200 — val mAP50=0.5225 mAP50_95=0.3219 (selection mAP50_95=0.3219)
2026-08-02 17:59:58 INFO  scripts.synthetic_model_comparison.training.evaluation | mlflow: logged val/mAP50=0.5225 val/mAP50_95=0.3219 (step=28)
2026-08-02 17:59:58 INFO  scripts.synthetic_model_comparison.training.evaluation | mlflow: logged val per-class AP table (12 classes)
2026-08-02 17:59:58 INFO  scripts.synthetic_model_comparison.training.training_pipeline | saved checkpoint: /home/debian/Master-Thesis/scripts/synthetic_model_comparison/training/model_exports/yolo26n-realvisxl-lightning-maxlen-seed42-20260802-175008/last.pt
2026-08-02 17:59:59 INFO  scripts.synthetic_model_comparison.training.training_pipeline | epoch 29/200 done — next lr=0.00957462, epochs_since_improve=2/20
2026-08-02 17:59:59 INFO  scripts.synthetic_model_comparison.training.training_pipeline | epoch 30/200 — train start (lr=0.00957462, batches=15)
2026-08-02 18:00:11 INFO  scripts.synthetic_model_comparison.training.training_pipeline | epoch 30/200 — train done in 12.7s | avg loss_box=1.3687 loss_cls=1.4657 loss_dfl=0.0462 loss_total=169.2418
2026-08-02 18:00:11 INFO  scripts.synthetic_model_comparison.training.evaluation | evaluating on 4 batches
2026-08-02 18:00:17 INFO  scripts.synthetic_model_comparison.training.training_pipeline | epoch 30/200 — val mAP50=0.6675 mAP50_95=0.4295 (selection mAP50_95=0.4295)
2026-08-02 18:00:18 INFO  scripts.synthetic_model_comparison.training.evaluation | mlflow: logged val/mAP50=0.6675 val/mAP50_95=0.4295 (step=29)
2026-08-02 18:00:18 INFO  scripts.synthetic_model_comparison.training.evaluation | mlflow: logged val per-class AP table (12 classes)
2026-08-02 18:00:18 INFO  scripts.synthetic_model_comparison.training.training_pipeline | saved checkpoint: /home/debian/Master-Thesis/scripts/synthetic_model_comparison/training/model_exports/yolo26n-realvisxl-lightning-maxlen-seed42-20260802-175008/best.pt
2026-08-02 18:00:18 INFO  scripts.synthetic_model_comparison.training.training_pipeline | new best mAP50_95=0.4295 at epoch 30
2026-08-02 18:00:19 INFO  scripts.synthetic_model_comparison.training.training_pipeline | saved checkpoint: /home/debian/Master-Thesis/scripts/synthetic_model_comparison/training/model_exports/yolo26n-realvisxl-lightning-maxlen-seed42-20260802-175008/last.pt
2026-08-02 18:00:19 INFO  scripts.synthetic_model_comparison.training.training_pipeline | epoch 30/200 done — next lr=0.00954187, epochs_since_improve=0/20
2026-08-02 18:00:19 INFO  scripts.synthetic_model_comparison.training.training_pipeline | epoch 31/200 — train start (lr=0.00954187, batches=15)
2026-08-02 18:00:24 INFO  scripts.synthetic_model_comparison.training.training_pipeline | step 450 | loss_box=1.3583 loss_cls=1.2786 loss_dfl=0.0421 loss_total=158.0223 lr=0.00953965
2026-08-02 18:00:32 INFO  scripts.synthetic_model_comparison.training.training_pipeline | epoch 31/200 — train done in 13.1s | avg loss_box=1.4026 loss_cls=1.4125 loss_dfl=0.0469 loss_total=168.3589
2026-08-02 18:00:32 INFO  scripts.synthetic_model_comparison.training.evaluation | evaluating on 4 batches
2026-08-02 18:00:38 INFO  scripts.synthetic_model_comparison.training.training_pipeline | epoch 31/200 — val mAP50=0.3654 mAP50_95=0.2134 (selection mAP50_95=0.2134)
2026-08-02 18:00:39 INFO  scripts.synthetic_model_comparison.training.evaluation | mlflow: logged val/mAP50=0.3654 val/mAP50_95=0.2134 (step=30)
2026-08-02 18:00:39 INFO  scripts.synthetic_model_comparison.training.evaluation | mlflow: logged val per-class AP table (12 classes)
2026-08-02 18:00:39 INFO  scripts.synthetic_model_comparison.training.training_pipeline | saved checkpoint: /home/debian/Master-Thesis/scripts/synthetic_model_comparison/training/model_exports/yolo26n-realvisxl-lightning-maxlen-seed42-20260802-175008/last.pt
2026-08-02 18:00:39 INFO  scripts.synthetic_model_comparison.training.training_pipeline | epoch 31/200 done — next lr=0.00950797, epochs_since_improve=1/20
2026-08-02 18:00:39 INFO  scripts.synthetic_model_comparison.training.training_pipeline | epoch 32/200 — train start (lr=0.00950797, batches=15)
2026-08-02 18:00:52 INFO  scripts.synthetic_model_comparison.training.training_pipeline | epoch 32/200 — train done in 12.5s | avg loss_box=1.3324 loss_cls=1.3979 loss_dfl=0.0446 loss_total=161.2101
2026-08-02 18:00:52 INFO  scripts.synthetic_model_comparison.training.evaluation | evaluating on 4 batches
2026-08-02 18:00:58 INFO  scripts.synthetic_model_comparison.training.training_pipeline | epoch 32/200 — val mAP50=0.6635 mAP50_95=0.3763 (selection mAP50_95=0.3763)
2026-08-02 18:00:58 INFO  scripts.synthetic_model_comparison.training.evaluation | mlflow: logged val/mAP50=0.6635 val/mAP50_95=0.3763 (step=31)
2026-08-02 18:00:59 INFO  scripts.synthetic_model_comparison.training.evaluation | mlflow: logged val per-class AP table (12 classes)
2026-08-02 18:00:59 INFO  scripts.synthetic_model_comparison.training.training_pipeline | saved checkpoint: /home/debian/Master-Thesis/scripts/synthetic_model_comparison/training/model_exports/yolo26n-realvisxl-lightning-maxlen-seed42-20260802-175008/last.pt
2026-08-02 18:00:59 INFO  scripts.synthetic_model_comparison.training.training_pipeline | epoch 32/200 done — next lr=0.00947292, epochs_since_improve=2/20
2026-08-02 18:00:59 INFO  scripts.synthetic_model_comparison.training.training_pipeline | epoch 33/200 — train start (lr=0.00947292, batches=15)
2026-08-02 18:01:11 INFO  scripts.synthetic_model_comparison.training.training_pipeline | epoch 33/200 — train done in 11.4s | avg loss_box=1.3429 loss_cls=1.3442 loss_dfl=0.0451 loss_total=160.3208
2026-08-02 18:01:11 INFO  scripts.synthetic_model_comparison.training.evaluation | evaluating on 4 batches
2026-08-02 18:01:17 INFO  scripts.synthetic_model_comparison.training.training_pipeline | epoch 33/200 — val mAP50=0.5670 mAP50_95=0.2966 (selection mAP50_95=0.2966)
2026-08-02 18:01:17 INFO  scripts.synthetic_model_comparison.training.evaluation | mlflow: logged val/mAP50=0.5670 val/mAP50_95=0.2966 (step=32)
2026-08-02 18:01:18 INFO  scripts.synthetic_model_comparison.training.evaluation | mlflow: logged val per-class AP table (12 classes)
2026-08-02 18:01:18 INFO  scripts.synthetic_model_comparison.training.training_pipeline | saved checkpoint: /home/debian/Master-Thesis/scripts/synthetic_model_comparison/training/model_exports/yolo26n-realvisxl-lightning-maxlen-seed42-20260802-175008/last.pt
2026-08-02 18:01:18 INFO  scripts.synthetic_model_comparison.training.training_pipeline | epoch 33/200 done — next lr=0.00943674, epochs_since_improve=3/20
2026-08-02 18:01:18 INFO  scripts.synthetic_model_comparison.training.training_pipeline | epoch 34/200 — train start (lr=0.00943674, batches=15)
2026-08-02 18:01:27 INFO  scripts.synthetic_model_comparison.training.training_pipeline | step 500 | loss_box=1.1634 loss_cls=1.3593 loss_dfl=0.0385 loss_total=151.7304 lr=0.00942195
2026-08-02 18:01:32 INFO  scripts.synthetic_model_comparison.training.training_pipeline | epoch 34/200 — train done in 13.9s | avg loss_box=1.3312 loss_cls=1.3165 loss_dfl=0.0450 loss_total=159.2211
2026-08-02 18:01:32 INFO  scripts.synthetic_model_comparison.training.evaluation | evaluating on 4 batches
2026-08-02 18:01:38 INFO  scripts.synthetic_model_comparison.training.training_pipeline | epoch 34/200 — val mAP50=0.7373 mAP50_95=0.4091 (selection mAP50_95=0.4091)
2026-08-02 18:01:39 INFO  scripts.synthetic_model_comparison.training.evaluation | mlflow: logged val/mAP50=0.7373 val/mAP50_95=0.4091 (step=33)
2026-08-02 18:01:39 INFO  scripts.synthetic_model_comparison.training.evaluation | mlflow: logged val per-class AP table (12 classes)
2026-08-02 18:01:39 INFO  scripts.synthetic_model_comparison.training.training_pipeline | saved checkpoint: /home/debian/Master-Thesis/scripts/synthetic_model_comparison/training/model_exports/yolo26n-realvisxl-lightning-maxlen-seed42-20260802-175008/last.pt
2026-08-02 18:01:40 INFO  scripts.synthetic_model_comparison.training.training_pipeline | epoch 34/200 done — next lr=0.00939943, epochs_since_improve=4/20
2026-08-02 18:01:40 INFO  scripts.synthetic_model_comparison.training.training_pipeline | epoch 35/200 — train start (lr=0.00939943, batches=15)
2026-08-02 18:01:52 INFO  scripts.synthetic_model_comparison.training.training_pipeline | epoch 35/200 — train done in 12.4s | avg loss_box=1.3023 loss_cls=1.2771 loss_dfl=0.0435 loss_total=155.0623
2026-08-02 18:01:52 INFO  scripts.synthetic_model_comparison.training.evaluation | evaluating on 4 batches
2026-08-02 18:01:58 INFO  scripts.synthetic_model_comparison.training.training_pipeline | epoch 35/200 — val mAP50=0.8091 mAP50_95=0.5369 (selection mAP50_95=0.5369)
2026-08-02 18:01:59 INFO  scripts.synthetic_model_comparison.training.evaluation | mlflow: logged val/mAP50=0.8091 val/mAP50_95=0.5369 (step=34)
2026-08-02 18:01:59 INFO  scripts.synthetic_model_comparison.training.evaluation | mlflow: logged val per-class AP table (12 classes)
2026-08-02 18:01:59 INFO  scripts.synthetic_model_comparison.training.training_pipeline | saved checkpoint: /home/debian/Master-Thesis/scripts/synthetic_model_comparison/training/model_exports/yolo26n-realvisxl-lightning-maxlen-seed42-20260802-175008/best.pt
2026-08-02 18:01:59 INFO  scripts.synthetic_model_comparison.training.training_pipeline | new best mAP50_95=0.5369 at epoch 35
2026-08-02 18:02:00 INFO  scripts.synthetic_model_comparison.training.training_pipeline | saved checkpoint: /home/debian/Master-Thesis/scripts/synthetic_model_comparison/training/model_exports/yolo26n-realvisxl-lightning-maxlen-seed42-20260802-175008/last.pt
2026-08-02 18:02:00 INFO  scripts.synthetic_model_comparison.training.training_pipeline | epoch 35/200 done — next lr=0.00936101, epochs_since_improve=0/20
2026-08-02 18:02:00 INFO  scripts.synthetic_model_comparison.training.training_pipeline | epoch 36/200 — train start (lr=0.00936101, batches=15)
2026-08-02 18:02:12 INFO  scripts.synthetic_model_comparison.training.training_pipeline | epoch 36/200 — train done in 12.2s | avg loss_box=1.2707 loss_cls=1.2375 loss_dfl=0.0411 loss_total=151.0266
2026-08-02 18:02:12 INFO  scripts.synthetic_model_comparison.training.evaluation | evaluating on 4 batches
2026-08-02 18:02:18 INFO  scripts.synthetic_model_comparison.training.training_pipeline | epoch 36/200 — val mAP50=0.7007 mAP50_95=0.2974 (selection mAP50_95=0.2974)
2026-08-02 18:02:19 INFO  scripts.synthetic_model_comparison.training.evaluation | mlflow: logged val/mAP50=0.7007 val/mAP50_95=0.2974 (step=35)
2026-08-02 18:02:19 INFO  scripts.synthetic_model_comparison.training.evaluation | mlflow: logged val per-class AP table (12 classes)
2026-08-02 18:02:19 INFO  scripts.synthetic_model_comparison.training.training_pipeline | saved checkpoint: /home/debian/Master-Thesis/scripts/synthetic_model_comparison/training/model_exports/yolo26n-realvisxl-lightning-maxlen-seed42-20260802-175008/last.pt
2026-08-02 18:02:20 INFO  scripts.synthetic_model_comparison.training.training_pipeline | epoch 36/200 done — next lr=0.00932147, epochs_since_improve=1/20
2026-08-02 18:02:20 INFO  scripts.synthetic_model_comparison.training.training_pipeline | epoch 37/200 — train start (lr=0.00932147, batches=15)
2026-08-02 18:02:30 INFO  scripts.synthetic_model_comparison.training.training_pipeline | step 550 | loss_box=1.2292 loss_cls=1.0455 loss_dfl=0.0415 loss_total=142.8037 lr=0.00929178
2026-08-02 18:02:33 INFO  scripts.synthetic_model_comparison.training.training_pipeline | epoch 37/200 — train done in 13.8s | avg loss_box=1.3223 loss_cls=1.2258 loss_dfl=0.0442 loss_total=154.4331
2026-08-02 18:02:33 INFO  scripts.synthetic_model_comparison.training.evaluation | evaluating on 4 batches
2026-08-02 18:02:40 INFO  scripts.synthetic_model_comparison.training.training_pipeline | epoch 37/200 — val mAP50=0.7098 mAP50_95=0.4025 (selection mAP50_95=0.4025)
2026-08-02 18:02:40 INFO  scripts.synthetic_model_comparison.training.evaluation | mlflow: logged val/mAP50=0.7098 val/mAP50_95=0.4025 (step=36)
2026-08-02 18:02:41 INFO  scripts.synthetic_model_comparison.training.evaluation | mlflow: logged val per-class AP table (12 classes)
2026-08-02 18:02:41 INFO  scripts.synthetic_model_comparison.training.training_pipeline | saved checkpoint: /home/debian/Master-Thesis/scripts/synthetic_model_comparison/training/model_exports/yolo26n-realvisxl-lightning-maxlen-seed42-20260802-175008/last.pt
2026-08-02 18:02:41 INFO  scripts.synthetic_model_comparison.training.training_pipeline | epoch 37/200 done — next lr=0.00928084, epochs_since_improve=2/20
2026-08-02 18:02:41 INFO  scripts.synthetic_model_comparison.training.training_pipeline | epoch 38/200 — train start (lr=0.00928084, batches=15)
2026-08-02 18:02:53 INFO  scripts.synthetic_model_comparison.training.training_pipeline | epoch 38/200 — train done in 11.8s | avg loss_box=1.2773 loss_cls=1.1772 loss_dfl=0.0431 loss_total=147.1850
2026-08-02 18:02:53 INFO  scripts.synthetic_model_comparison.training.evaluation | evaluating on 4 batches
2026-08-02 18:02:59 INFO  scripts.synthetic_model_comparison.training.training_pipeline | epoch 38/200 — val mAP50=0.6716 mAP50_95=0.3958 (selection mAP50_95=0.3958)
2026-08-02 18:03:00 INFO  scripts.synthetic_model_comparison.training.evaluation | mlflow: logged val/mAP50=0.6716 val/mAP50_95=0.3958 (step=37)
2026-08-02 18:03:00 INFO  scripts.synthetic_model_comparison.training.evaluation | mlflow: logged val per-class AP table (12 classes)
2026-08-02 18:03:00 INFO  scripts.synthetic_model_comparison.training.training_pipeline | saved checkpoint: /home/debian/Master-Thesis/scripts/synthetic_model_comparison/training/model_exports/yolo26n-realvisxl-lightning-maxlen-seed42-20260802-175008/last.pt
2026-08-02 18:03:00 INFO  scripts.synthetic_model_comparison.training.training_pipeline | epoch 38/200 done — next lr=0.00923912, epochs_since_improve=3/20
2026-08-02 18:03:00 INFO  scripts.synthetic_model_comparison.training.training_pipeline | epoch 39/200 — train start (lr=0.00923912, batches=15)
2026-08-02 18:03:13 INFO  scripts.synthetic_model_comparison.training.training_pipeline | epoch 39/200 — train done in 12.4s | avg loss_box=1.2673 loss_cls=1.1334 loss_dfl=0.0428 loss_total=146.2654
2026-08-02 18:03:13 INFO  scripts.synthetic_model_comparison.training.evaluation | evaluating on 4 batches
2026-08-02 18:03:19 INFO  scripts.synthetic_model_comparison.training.training_pipeline | epoch 39/200 — val mAP50=0.7296 mAP50_95=0.3779 (selection mAP50_95=0.3779)
2026-08-02 18:03:20 INFO  scripts.synthetic_model_comparison.training.evaluation | mlflow: logged val/mAP50=0.7296 val/mAP50_95=0.3779 (step=38)
2026-08-02 18:03:20 INFO  scripts.synthetic_model_comparison.training.evaluation | mlflow: logged val per-class AP table (12 classes)
2026-08-02 18:03:20 INFO  scripts.synthetic_model_comparison.training.training_pipeline | saved checkpoint: /home/debian/Master-Thesis/scripts/synthetic_model_comparison/training/model_exports/yolo26n-realvisxl-lightning-maxlen-seed42-20260802-175008/last.pt
2026-08-02 18:03:21 INFO  scripts.synthetic_model_comparison.training.training_pipeline | epoch 39/200 done — next lr=0.00919633, epochs_since_improve=4/20
2026-08-02 18:03:21 INFO  scripts.synthetic_model_comparison.training.training_pipeline | epoch 40/200 — train start (lr=0.00919633, batches=15)
2026-08-02 18:03:32 INFO  scripts.synthetic_model_comparison.training.training_pipeline | epoch 40/200 — train done in 11.8s | avg loss_box=1.2728 loss_cls=1.1015 loss_dfl=0.0423 loss_total=143.8246
2026-08-02 18:03:32 INFO  scripts.synthetic_model_comparison.training.evaluation | evaluating on 4 batches
2026-08-02 18:03:38 INFO  scripts.synthetic_model_comparison.training.training_pipeline | epoch 40/200 — val mAP50=0.8180 mAP50_95=0.5833 (selection mAP50_95=0.5833)
2026-08-02 18:03:39 INFO  scripts.synthetic_model_comparison.training.evaluation | mlflow: logged val/mAP50=0.8180 val/mAP50_95=0.5833 (step=39)
2026-08-02 18:03:39 INFO  scripts.synthetic_model_comparison.training.evaluation | mlflow: logged val per-class AP table (12 classes)
2026-08-02 18:03:39 INFO  scripts.synthetic_model_comparison.training.training_pipeline | saved checkpoint: /home/debian/Master-Thesis/scripts/synthetic_model_comparison/training/model_exports/yolo26n-realvisxl-lightning-maxlen-seed42-20260802-175008/best.pt
2026-08-02 18:03:39 INFO  scripts.synthetic_model_comparison.training.training_pipeline | new best mAP50_95=0.5833 at epoch 40
2026-08-02 18:03:40 INFO  scripts.synthetic_model_comparison.training.training_pipeline | saved checkpoint: /home/debian/Master-Thesis/scripts/synthetic_model_comparison/training/model_exports/yolo26n-realvisxl-lightning-maxlen-seed42-20260802-175008/last.pt
2026-08-02 18:03:40 INFO  scripts.synthetic_model_comparison.training.training_pipeline | epoch 40/200 done — next lr=0.00915247, epochs_since_improve=0/20
2026-08-02 18:03:40 INFO  scripts.synthetic_model_comparison.training.training_pipeline | epoch 41/200 — train start (lr=0.00915247, batches=15)
2026-08-02 18:03:46 INFO  scripts.synthetic_model_comparison.training.training_pipeline | step 600 | loss_box=1.2712 loss_cls=1.1398 loss_dfl=0.0413 loss_total=141.6245 lr=0.0091495
2026-08-02 18:03:53 INFO  scripts.synthetic_model_comparison.training.training_pipeline | epoch 41/200 — train done in 13.5s | avg loss_box=1.2509 loss_cls=1.0870 loss_dfl=0.0417 loss_total=142.2571
2026-08-02 18:03:53 INFO  scripts.synthetic_model_comparison.training.evaluation | evaluating on 4 batches
2026-08-02 18:03:59 INFO  scripts.synthetic_model_comparison.training.training_pipeline | epoch 41/200 — val mAP50=0.8351 mAP50_95=0.5081 (selection mAP50_95=0.5081)
2026-08-02 18:04:00 INFO  scripts.synthetic_model_comparison.training.evaluation | mlflow: logged val/mAP50=0.8351 val/mAP50_95=0.5081 (step=40)
2026-08-02 18:04:01 INFO  scripts.synthetic_model_comparison.training.evaluation | mlflow: logged val per-class AP table (12 classes)
2026-08-02 18:04:01 INFO  scripts.synthetic_model_comparison.training.training_pipeline | saved checkpoint: /home/debian/Master-Thesis/scripts/synthetic_model_comparison/training/model_exports/yolo26n-realvisxl-lightning-maxlen-seed42-20260802-175008/last.pt
2026-08-02 18:04:01 INFO  scripts.synthetic_model_comparison.training.training_pipeline | epoch 41/200 done — next lr=0.00910755, epochs_since_improve=1/20
2026-08-02 18:04:01 INFO  scripts.synthetic_model_comparison.training.training_pipeline | epoch 42/200 — train start (lr=0.00910755, batches=15)
2026-08-02 18:04:14 INFO  scripts.synthetic_model_comparison.training.training_pipeline | epoch 42/200 — train done in 12.6s | avg loss_box=1.2619 loss_cls=1.0637 loss_dfl=0.0425 loss_total=142.1319
2026-08-02 18:04:14 INFO  scripts.synthetic_model_comparison.training.evaluation | evaluating on 4 batches
2026-08-02 18:04:20 INFO  scripts.synthetic_model_comparison.training.training_pipeline | epoch 42/200 — val mAP50=0.8287 mAP50_95=0.5474 (selection mAP50_95=0.5474)
2026-08-02 18:04:21 INFO  scripts.synthetic_model_comparison.training.evaluation | mlflow: logged val/mAP50=0.8287 val/mAP50_95=0.5474 (step=41)
2026-08-02 18:04:21 INFO  scripts.synthetic_model_comparison.training.evaluation | mlflow: logged val per-class AP table (12 classes)
2026-08-02 18:04:21 INFO  scripts.synthetic_model_comparison.training.training_pipeline | saved checkpoint: /home/debian/Master-Thesis/scripts/synthetic_model_comparison/training/model_exports/yolo26n-realvisxl-lightning-maxlen-seed42-20260802-175008/last.pt
2026-08-02 18:04:21 INFO  scripts.synthetic_model_comparison.training.training_pipeline | epoch 42/200 done — next lr=0.00906159, epochs_since_improve=2/20
2026-08-02 18:04:21 INFO  scripts.synthetic_model_comparison.training.training_pipeline | epoch 43/200 — train start (lr=0.00906159, batches=15)
2026-08-02 18:04:34 INFO  scripts.synthetic_model_comparison.training.training_pipeline | epoch 43/200 — train done in 12.5s | avg loss_box=1.2136 loss_cls=1.0583 loss_dfl=0.0398 loss_total=138.7879
2026-08-02 18:04:34 INFO  scripts.synthetic_model_comparison.training.evaluation | evaluating on 4 batches
2026-08-02 18:04:40 INFO  scripts.synthetic_model_comparison.training.training_pipeline | epoch 43/200 — val mAP50=0.7351 mAP50_95=0.3280 (selection mAP50_95=0.3280)
2026-08-02 18:04:41 INFO  scripts.synthetic_model_comparison.training.evaluation | mlflow: logged val/mAP50=0.7351 val/mAP50_95=0.3280 (step=42)
2026-08-02 18:04:41 INFO  scripts.synthetic_model_comparison.training.evaluation | mlflow: logged val per-class AP table (12 classes)
2026-08-02 18:04:41 INFO  scripts.synthetic_model_comparison.training.training_pipeline | saved checkpoint: /home/debian/Master-Thesis/scripts/synthetic_model_comparison/training/model_exports/yolo26n-realvisxl-lightning-maxlen-seed42-20260802-175008/last.pt
2026-08-02 18:04:41 INFO  scripts.synthetic_model_comparison.training.training_pipeline | epoch 43/200 done — next lr=0.0090146, epochs_since_improve=3/20
2026-08-02 18:04:41 INFO  scripts.synthetic_model_comparison.training.training_pipeline | epoch 44/200 — train start (lr=0.0090146, batches=15)
2026-08-02 18:04:50 INFO  scripts.synthetic_model_comparison.training.training_pipeline | step 650 | loss_box=1.2349 loss_cls=1.1531 loss_dfl=0.0426 loss_total=146.1558 lr=0.00899552
2026-08-02 18:04:55 INFO  scripts.synthetic_model_comparison.training.training_pipeline | epoch 44/200 — train done in 13.6s | avg loss_box=1.1927 loss_cls=0.9763 loss_dfl=0.0399 loss_total=134.7020
2026-08-02 18:04:55 INFO  scripts.synthetic_model_comparison.training.evaluation | evaluating on 4 batches
2026-08-02 18:05:01 INFO  scripts.synthetic_model_comparison.training.training_pipeline | epoch 44/200 — val mAP50=0.7218 mAP50_95=0.3454 (selection mAP50_95=0.3454)
2026-08-02 18:05:02 INFO  scripts.synthetic_model_comparison.training.evaluation | mlflow: logged val/mAP50=0.7218 val/mAP50_95=0.3454 (step=43)
2026-08-02 18:05:02 INFO  scripts.synthetic_model_comparison.training.evaluation | mlflow: logged val per-class AP table (12 classes)
2026-08-02 18:05:02 INFO  scripts.synthetic_model_comparison.training.training_pipeline | saved checkpoint: /home/debian/Master-Thesis/scripts/synthetic_model_comparison/training/model_exports/yolo26n-realvisxl-lightning-maxlen-seed42-20260802-175008/last.pt
2026-08-02 18:05:03 INFO  scripts.synthetic_model_comparison.training.training_pipeline | epoch 44/200 done — next lr=0.00896659, epochs_since_improve=4/20
2026-08-02 18:05:03 INFO  scripts.synthetic_model_comparison.training.training_pipeline | epoch 45/200 — train start (lr=0.00896659, batches=15)
2026-08-02 18:05:15 INFO  scripts.synthetic_model_comparison.training.training_pipeline | epoch 45/200 — train done in 12.0s | avg loss_box=1.1658 loss_cls=0.9848 loss_dfl=0.0380 loss_total=131.9374
2026-08-02 18:05:15 INFO  scripts.synthetic_model_comparison.training.evaluation | evaluating on 4 batches
2026-08-02 18:05:21 INFO  scripts.synthetic_model_comparison.training.training_pipeline | epoch 45/200 — val mAP50=0.8049 mAP50_95=0.4948 (selection mAP50_95=0.4948)
2026-08-02 18:05:21 INFO  scripts.synthetic_model_comparison.training.evaluation | mlflow: logged val/mAP50=0.8049 val/mAP50_95=0.4948 (step=44)
2026-08-02 18:05:22 INFO  scripts.synthetic_model_comparison.training.evaluation | mlflow: logged val per-class AP table (12 classes)
2026-08-02 18:05:22 INFO  scripts.synthetic_model_comparison.training.training_pipeline | saved checkpoint: /home/debian/Master-Thesis/scripts/synthetic_model_comparison/training/model_exports/yolo26n-realvisxl-lightning-maxlen-seed42-20260802-175008/last.pt
2026-08-02 18:05:22 INFO  scripts.synthetic_model_comparison.training.training_pipeline | epoch 45/200 done — next lr=0.00891757, epochs_since_improve=5/20
2026-08-02 18:05:22 INFO  scripts.synthetic_model_comparison.training.training_pipeline | epoch 46/200 — train start (lr=0.00891757, batches=15)
2026-08-02 18:05:34 INFO  scripts.synthetic_model_comparison.training.training_pipeline | epoch 46/200 — train done in 12.2s | avg loss_box=1.1892 loss_cls=0.9668 loss_dfl=0.0400 loss_total=131.9480
2026-08-02 18:05:34 INFO  scripts.synthetic_model_comparison.training.evaluation | evaluating on 4 batches
2026-08-02 18:05:41 INFO  scripts.synthetic_model_comparison.training.training_pipeline | epoch 46/200 — val mAP50=0.8004 mAP50_95=0.4723 (selection mAP50_95=0.4723)
2026-08-02 18:05:41 INFO  scripts.synthetic_model_comparison.training.evaluation | mlflow: logged val/mAP50=0.8004 val/mAP50_95=0.4723 (step=45)
2026-08-02 18:05:42 INFO  scripts.synthetic_model_comparison.training.evaluation | mlflow: logged val per-class AP table (12 classes)
2026-08-02 18:05:42 INFO  scripts.synthetic_model_comparison.training.training_pipeline | saved checkpoint: /home/debian/Master-Thesis/scripts/synthetic_model_comparison/training/model_exports/yolo26n-realvisxl-lightning-maxlen-seed42-20260802-175008/last.pt
2026-08-02 18:05:42 INFO  scripts.synthetic_model_comparison.training.training_pipeline | epoch 46/200 done — next lr=0.00886756, epochs_since_improve=6/20
2026-08-02 18:05:42 INFO  scripts.synthetic_model_comparison.training.training_pipeline | epoch 47/200 — train start (lr=0.00886756, batches=15)
2026-08-02 18:05:54 INFO  scripts.synthetic_model_comparison.training.training_pipeline | step 700 | loss_box=1.3543 loss_cls=1.1034 loss_dfl=0.0476 loss_total=147.1114 lr=0.00883025
2026-08-02 18:05:57 INFO  scripts.synthetic_model_comparison.training.training_pipeline | epoch 47/200 — train done in 14.4s | avg loss_box=1.2008 loss_cls=0.9457 loss_dfl=0.0391 loss_total=131.2807
2026-08-02 18:05:57 INFO  scripts.synthetic_model_comparison.training.evaluation | evaluating on 4 batches
2026-08-02 18:06:03 INFO  scripts.synthetic_model_comparison.training.training_pipeline | epoch 47/200 — val mAP50=0.8178 mAP50_95=0.4723 (selection mAP50_95=0.4723)
2026-08-02 18:06:03 INFO  scripts.synthetic_model_comparison.training.evaluation | mlflow: logged val/mAP50=0.8178 val/mAP50_95=0.4723 (step=46)
2026-08-02 18:06:04 INFO  scripts.synthetic_model_comparison.training.evaluation | mlflow: logged val per-class AP table (12 classes)
2026-08-02 18:06:04 INFO  scripts.synthetic_model_comparison.training.training_pipeline | saved checkpoint: /home/debian/Master-Thesis/scripts/synthetic_model_comparison/training/model_exports/yolo26n-realvisxl-lightning-maxlen-seed42-20260802-175008/last.pt
2026-08-02 18:06:04 INFO  scripts.synthetic_model_comparison.training.training_pipeline | epoch 47/200 done — next lr=0.00881656, epochs_since_improve=7/20
2026-08-02 18:06:04 INFO  scripts.synthetic_model_comparison.training.training_pipeline | epoch 48/200 — train start (lr=0.00881656, batches=15)
2026-08-02 18:06:17 INFO  scripts.synthetic_model_comparison.training.training_pipeline | epoch 48/200 — train done in 12.3s | avg loss_box=1.1529 loss_cls=0.8993 loss_dfl=0.0377 loss_total=127.6092
2026-08-02 18:06:17 INFO  scripts.synthetic_model_comparison.training.evaluation | evaluating on 4 batches
2026-08-02 18:06:23 INFO  scripts.synthetic_model_comparison.training.training_pipeline | epoch 48/200 — val mAP50=0.7713 mAP50_95=0.5176 (selection mAP50_95=0.5176)
2026-08-02 18:06:24 INFO  scripts.synthetic_model_comparison.training.evaluation | mlflow: logged val/mAP50=0.7713 val/mAP50_95=0.5176 (step=47)
2026-08-02 18:06:24 INFO  scripts.synthetic_model_comparison.training.evaluation | mlflow: logged val per-class AP table (12 classes)
2026-08-02 18:06:24 INFO  scripts.synthetic_model_comparison.training.training_pipeline | saved checkpoint: /home/debian/Master-Thesis/scripts/synthetic_model_comparison/training/model_exports/yolo26n-realvisxl-lightning-maxlen-seed42-20260802-175008/last.pt
2026-08-02 18:06:24 INFO  scripts.synthetic_model_comparison.training.training_pipeline | epoch 48/200 done — next lr=0.00876459, epochs_since_improve=8/20
2026-08-02 18:06:24 INFO  scripts.synthetic_model_comparison.training.training_pipeline | epoch 49/200 — train start (lr=0.00876459, batches=15)
2026-08-02 18:06:37 INFO  scripts.synthetic_model_comparison.training.training_pipeline | epoch 49/200 — train done in 12.3s | avg loss_box=1.1406 loss_cls=0.8978 loss_dfl=0.0376 loss_total=125.6488
2026-08-02 18:06:37 INFO  scripts.synthetic_model_comparison.training.evaluation | evaluating on 4 batches
2026-08-02 18:06:43 INFO  scripts.synthetic_model_comparison.training.training_pipeline | epoch 49/200 — val mAP50=0.7701 mAP50_95=0.3804 (selection mAP50_95=0.3804)
2026-08-02 18:06:43 INFO  scripts.synthetic_model_comparison.training.evaluation | mlflow: logged val/mAP50=0.7701 val/mAP50_95=0.3804 (step=48)
2026-08-02 18:06:44 INFO  scripts.synthetic_model_comparison.training.evaluation | mlflow: logged val per-class AP table (12 classes)
2026-08-02 18:06:44 INFO  scripts.synthetic_model_comparison.training.training_pipeline | saved checkpoint: /home/debian/Master-Thesis/scripts/synthetic_model_comparison/training/model_exports/yolo26n-realvisxl-lightning-maxlen-seed42-20260802-175008/last.pt
2026-08-02 18:06:44 INFO  scripts.synthetic_model_comparison.training.training_pipeline | epoch 49/200 done — next lr=0.00871167, epochs_since_improve=9/20
2026-08-02 18:06:44 INFO  scripts.synthetic_model_comparison.training.training_pipeline | epoch 50/200 — train start (lr=0.00871167, batches=15)
2026-08-02 18:06:57 INFO  scripts.synthetic_model_comparison.training.training_pipeline | epoch 50/200 — train done in 12.3s | avg loss_box=1.1205 loss_cls=0.8842 loss_dfl=0.0359 loss_total=124.1769
2026-08-02 18:06:57 INFO  scripts.synthetic_model_comparison.training.evaluation | evaluating on 4 batches
2026-08-02 18:07:03 INFO  scripts.synthetic_model_comparison.training.training_pipeline | epoch 50/200 — val mAP50=0.8784 mAP50_95=0.6027 (selection mAP50_95=0.6027)
2026-08-02 18:07:03 INFO  scripts.synthetic_model_comparison.training.evaluation | mlflow: logged val/mAP50=0.8784 val/mAP50_95=0.6027 (step=49)
2026-08-02 18:07:04 INFO  scripts.synthetic_model_comparison.training.evaluation | mlflow: logged val per-class AP table (12 classes)
2026-08-02 18:07:04 INFO  scripts.synthetic_model_comparison.training.training_pipeline | saved checkpoint: /home/debian/Master-Thesis/scripts/synthetic_model_comparison/training/model_exports/yolo26n-realvisxl-lightning-maxlen-seed42-20260802-175008/best.pt
2026-08-02 18:07:04 INFO  scripts.synthetic_model_comparison.training.training_pipeline | new best mAP50_95=0.6027 at epoch 50
2026-08-02 18:07:04 INFO  scripts.synthetic_model_comparison.training.training_pipeline | saved checkpoint: /home/debian/Master-Thesis/scripts/synthetic_model_comparison/training/model_exports/yolo26n-realvisxl-lightning-maxlen-seed42-20260802-175008/last.pt
2026-08-02 18:07:04 INFO  scripts.synthetic_model_comparison.training.training_pipeline | epoch 50/200 done — next lr=0.00865781, epochs_since_improve=0/20
2026-08-02 18:07:04 INFO  scripts.synthetic_model_comparison.training.training_pipeline | epoch 51/200 — train start (lr=0.00865781, batches=15)
2026-08-02 18:07:10 INFO  scripts.synthetic_model_comparison.training.training_pipeline | step 750 | loss_box=0.9906 loss_cls=0.8243 loss_dfl=0.0320 loss_total=114.5497 lr=0.00865419
2026-08-02 18:07:17 INFO  scripts.synthetic_model_comparison.training.training_pipeline | epoch 51/200 — train done in 13.1s | avg loss_box=1.1329 loss_cls=0.8589 loss_dfl=0.0375 loss_total=124.2502
2026-08-02 18:07:17 INFO  scripts.synthetic_model_comparison.training.evaluation | evaluating on 4 batches
2026-08-02 18:07:25 INFO  scripts.synthetic_model_comparison.training.training_pipeline | epoch 51/200 — val mAP50=0.8832 mAP50_95=0.6429 (selection mAP50_95=0.6429)
2026-08-02 18:07:26 INFO  scripts.synthetic_model_comparison.training.evaluation | mlflow: logged val/mAP50=0.8832 val/mAP50_95=0.6429 (step=50)
2026-08-02 18:07:26 INFO  scripts.synthetic_model_comparison.training.evaluation | mlflow: logged val per-class AP table (12 classes)
2026-08-02 18:07:27 INFO  scripts.synthetic_model_comparison.training.training_pipeline | saved checkpoint: /home/debian/Master-Thesis/scripts/synthetic_model_comparison/training/model_exports/yolo26n-realvisxl-lightning-maxlen-seed42-20260802-175008/best.pt
2026-08-02 18:07:27 INFO  scripts.synthetic_model_comparison.training.training_pipeline | new best mAP50_95=0.6429 at epoch 51
2026-08-02 18:07:27 INFO  scripts.synthetic_model_comparison.training.training_pipeline | saved checkpoint: /home/debian/Master-Thesis/scripts/synthetic_model_comparison/training/model_exports/yolo26n-realvisxl-lightning-maxlen-seed42-20260802-175008/last.pt
2026-08-02 18:07:27 INFO  scripts.synthetic_model_comparison.training.training_pipeline | epoch 51/200 done — next lr=0.00860302, epochs_since_improve=0/20
2026-08-02 18:07:27 INFO  scripts.synthetic_model_comparison.training.training_pipeline | epoch 52/200 — train start (lr=0.00860302, batches=15)
2026-08-02 18:07:39 INFO  scripts.synthetic_model_comparison.training.training_pipeline | epoch 52/200 — train done in 11.9s | avg loss_box=1.1400 loss_cls=0.8846 loss_dfl=0.0373 loss_total=124.8016
2026-08-02 18:07:39 INFO  scripts.synthetic_model_comparison.training.evaluation | evaluating on 4 batches
2026-08-02 18:07:45 INFO  scripts.synthetic_model_comparison.training.training_pipeline | epoch 52/200 — val mAP50=0.8403 mAP50_95=0.5418 (selection mAP50_95=0.5418)
2026-08-02 18:07:46 INFO  scripts.synthetic_model_comparison.training.evaluation | mlflow: logged val/mAP50=0.8403 val/mAP50_95=0.5418 (step=51)
2026-08-02 18:07:46 INFO  scripts.synthetic_model_comparison.training.evaluation | mlflow: logged val per-class AP table (12 classes)
2026-08-02 18:07:46 INFO  scripts.synthetic_model_comparison.training.training_pipeline | saved checkpoint: /home/debian/Master-Thesis/scripts/synthetic_model_comparison/training/model_exports/yolo26n-realvisxl-lightning-maxlen-seed42-20260802-175008/last.pt
2026-08-02 18:07:47 INFO  scripts.synthetic_model_comparison.training.training_pipeline | epoch 52/200 done — next lr=0.00854731, epochs_since_improve=1/20
2026-08-02 18:07:47 INFO  scripts.synthetic_model_comparison.training.training_pipeline | epoch 53/200 — train start (lr=0.00854731, batches=15)
2026-08-02 18:07:59 INFO  scripts.synthetic_model_comparison.training.training_pipeline | epoch 53/200 — train done in 12.0s | avg loss_box=1.1026 loss_cls=0.8415 loss_dfl=0.0358 loss_total=120.3758
2026-08-02 18:07:59 INFO  scripts.synthetic_model_comparison.training.evaluation | evaluating on 4 batches
2026-08-02 18:08:05 INFO  scripts.synthetic_model_comparison.training.training_pipeline | epoch 53/200 — val mAP50=0.8635 mAP50_95=0.5569 (selection mAP50_95=0.5569)
2026-08-02 18:08:06 INFO  scripts.synthetic_model_comparison.training.evaluation | mlflow: logged val/mAP50=0.8635 val/mAP50_95=0.5569 (step=52)
2026-08-02 18:08:06 INFO  scripts.synthetic_model_comparison.training.evaluation | mlflow: logged val per-class AP table (12 classes)
2026-08-02 18:08:06 INFO  scripts.synthetic_model_comparison.training.training_pipeline | saved checkpoint: /home/debian/Master-Thesis/scripts/synthetic_model_comparison/training/model_exports/yolo26n-realvisxl-lightning-maxlen-seed42-20260802-175008/last.pt
2026-08-02 18:08:06 INFO  scripts.synthetic_model_comparison.training.training_pipeline | epoch 53/200 done — next lr=0.0084907, epochs_since_improve=2/20
2026-08-02 18:08:06 INFO  scripts.synthetic_model_comparison.training.training_pipeline | epoch 54/200 — train start (lr=0.0084907, batches=15)
2026-08-02 18:08:14 INFO  scripts.synthetic_model_comparison.training.training_pipeline | step 800 | loss_box=1.0622 loss_cls=0.9605 loss_dfl=0.0366 loss_total=122.3728 lr=0.00846781
2026-08-02 18:08:19 INFO  scripts.synthetic_model_comparison.training.training_pipeline | epoch 54/200 — train done in 12.6s | avg loss_box=1.0718 loss_cls=0.8238 loss_dfl=0.0350 loss_total=118.5532
2026-08-02 18:08:19 INFO  scripts.synthetic_model_comparison.training.evaluation | evaluating on 4 batches
2026-08-02 18:08:25 INFO  scripts.synthetic_model_comparison.training.training_pipeline | epoch 54/200 — val mAP50=0.8341 mAP50_95=0.5237 (selection mAP50_95=0.5237)
2026-08-02 18:08:25 INFO  scripts.synthetic_model_comparison.training.evaluation | mlflow: logged val/mAP50=0.8341 val/mAP50_95=0.5237 (step=53)
2026-08-02 18:08:26 INFO  scripts.synthetic_model_comparison.training.evaluation | mlflow: logged val per-class AP table (12 classes)
2026-08-02 18:08:26 INFO  scripts.synthetic_model_comparison.training.training_pipeline | saved checkpoint: /home/debian/Master-Thesis/scripts/synthetic_model_comparison/training/model_exports/yolo26n-realvisxl-lightning-maxlen-seed42-20260802-175008/last.pt
2026-08-02 18:08:26 INFO  scripts.synthetic_model_comparison.training.training_pipeline | epoch 54/200 done — next lr=0.00843321, epochs_since_improve=3/20
2026-08-02 18:08:26 INFO  scripts.synthetic_model_comparison.training.training_pipeline | epoch 55/200 — train start (lr=0.00843321, batches=15)
2026-08-02 18:08:38 INFO  scripts.synthetic_model_comparison.training.training_pipeline | epoch 55/200 — train done in 11.7s | avg loss_box=1.1077 loss_cls=0.8156 loss_dfl=0.0356 loss_total=119.3378
2026-08-02 18:08:38 INFO  scripts.synthetic_model_comparison.training.evaluation | evaluating on 4 batches
2026-08-02 18:08:45 INFO  scripts.synthetic_model_comparison.training.training_pipeline | epoch 55/200 — val mAP50=0.8744 mAP50_95=0.6004 (selection mAP50_95=0.6004)
2026-08-02 18:08:46 INFO  scripts.synthetic_model_comparison.training.evaluation | mlflow: logged val/mAP50=0.8744 val/mAP50_95=0.6004 (step=54)
2026-08-02 18:08:46 INFO  scripts.synthetic_model_comparison.training.evaluation | mlflow: logged val per-class AP table (12 classes)
2026-08-02 18:08:46 INFO  scripts.synthetic_model_comparison.training.training_pipeline | saved checkpoint: /home/debian/Master-Thesis/scripts/synthetic_model_comparison/training/model_exports/yolo26n-realvisxl-lightning-maxlen-seed42-20260802-175008/last.pt
2026-08-02 18:08:47 INFO  scripts.synthetic_model_comparison.training.training_pipeline | epoch 55/200 done — next lr=0.00837484, epochs_since_improve=4/20
2026-08-02 18:08:47 INFO  scripts.synthetic_model_comparison.training.training_pipeline | epoch 56/200 — train start (lr=0.00837484, batches=15)
2026-08-02 18:08:58 INFO  scripts.synthetic_model_comparison.training.training_pipeline | epoch 56/200 — train done in 11.7s | avg loss_box=1.0794 loss_cls=0.7981 loss_dfl=0.0352 loss_total=117.6638
2026-08-02 18:08:58 INFO  scripts.synthetic_model_comparison.training.evaluation | evaluating on 4 batches
2026-08-02 18:09:05 INFO  scripts.synthetic_model_comparison.training.training_pipeline | epoch 56/200 — val mAP50=0.9033 mAP50_95=0.6666 (selection mAP50_95=0.6666)
2026-08-02 18:09:05 INFO  scripts.synthetic_model_comparison.training.evaluation | mlflow: logged val/mAP50=0.9033 val/mAP50_95=0.6666 (step=55)
2026-08-02 18:09:06 INFO  scripts.synthetic_model_comparison.training.evaluation | mlflow: logged val per-class AP table (12 classes)
2026-08-02 18:09:06 INFO  scripts.synthetic_model_comparison.training.training_pipeline | saved checkpoint: /home/debian/Master-Thesis/scripts/synthetic_model_comparison/training/model_exports/yolo26n-realvisxl-lightning-maxlen-seed42-20260802-175008/best.pt
2026-08-02 18:09:06 INFO  scripts.synthetic_model_comparison.training.training_pipeline | new best mAP50_95=0.6666 at epoch 56
2026-08-02 18:09:06 INFO  scripts.synthetic_model_comparison.training.training_pipeline | saved checkpoint: /home/debian/Master-Thesis/scripts/synthetic_model_comparison/training/model_exports/yolo26n-realvisxl-lightning-maxlen-seed42-20260802-175008/last.pt
2026-08-02 18:09:06 INFO  scripts.synthetic_model_comparison.training.training_pipeline | epoch 56/200 done — next lr=0.00831562, epochs_since_improve=0/20
2026-08-02 18:09:06 INFO  scripts.synthetic_model_comparison.training.training_pipeline | epoch 57/200 — train start (lr=0.00831562, batches=15)
2026-08-02 18:09:17 INFO  scripts.synthetic_model_comparison.training.training_pipeline | step 850 | loss_box=1.2220 loss_cls=0.8773 loss_dfl=0.0369 loss_total=135.7558 lr=0.00827165
2026-08-02 18:09:20 INFO  scripts.synthetic_model_comparison.training.training_pipeline | epoch 57/200 — train done in 13.8s | avg loss_box=1.0694 loss_cls=0.7844 loss_dfl=0.0346 loss_total=116.3256
2026-08-02 18:09:20 INFO  scripts.synthetic_model_comparison.training.evaluation | evaluating on 4 batches
2026-08-02 18:09:28 INFO  scripts.synthetic_model_comparison.training.training_pipeline | epoch 57/200 — val mAP50=0.8863 mAP50_95=0.6460 (selection mAP50_95=0.6460)
2026-08-02 18:09:29 INFO  scripts.synthetic_model_comparison.training.evaluation | mlflow: logged val/mAP50=0.8863 val/mAP50_95=0.6460 (step=56)
2026-08-02 18:09:29 INFO  scripts.synthetic_model_comparison.training.evaluation | mlflow: logged val per-class AP table (12 classes)
2026-08-02 18:09:29 INFO  scripts.synthetic_model_comparison.training.training_pipeline | saved checkpoint: /home/debian/Master-Thesis/scripts/synthetic_model_comparison/training/model_exports/yolo26n-realvisxl-lightning-maxlen-seed42-20260802-175008/last.pt
2026-08-02 18:09:30 INFO  scripts.synthetic_model_comparison.training.training_pipeline | epoch 57/200 done — next lr=0.00825555, epochs_since_improve=1/20
2026-08-02 18:09:30 INFO  scripts.synthetic_model_comparison.training.training_pipeline | epoch 58/200 — train start (lr=0.00825555, batches=15)
2026-08-02 18:09:42 INFO  scripts.synthetic_model_comparison.training.training_pipeline | epoch 58/200 — train done in 12.6s | avg loss_box=1.0598 loss_cls=0.7735 loss_dfl=0.0352 loss_total=114.8572
2026-08-02 18:09:42 INFO  scripts.synthetic_model_comparison.training.evaluation | evaluating on 4 batches
2026-08-02 18:09:48 INFO  scripts.synthetic_model_comparison.training.training_pipeline | epoch 58/200 — val mAP50=0.8555 mAP50_95=0.5421 (selection mAP50_95=0.5421)
2026-08-02 18:09:49 INFO  scripts.synthetic_model_comparison.training.evaluation | mlflow: logged val/mAP50=0.8555 val/mAP50_95=0.5421 (step=57)
2026-08-02 18:09:49 INFO  scripts.synthetic_model_comparison.training.evaluation | mlflow: logged val per-class AP table (12 classes)
2026-08-02 18:09:50 INFO  scripts.synthetic_model_comparison.training.training_pipeline | saved checkpoint: /home/debian/Master-Thesis/scripts/synthetic_model_comparison/training/model_exports/yolo26n-realvisxl-lightning-maxlen-seed42-20260802-175008/last.pt
2026-08-02 18:09:50 INFO  scripts.synthetic_model_comparison.training.training_pipeline | epoch 58/200 done — next lr=0.00819466, epochs_since_improve=2/20
2026-08-02 18:09:50 INFO  scripts.synthetic_model_comparison.training.training_pipeline | epoch 59/200 — train start (lr=0.00819466, batches=15)
2026-08-02 18:10:02 INFO  scripts.synthetic_model_comparison.training.training_pipeline | epoch 59/200 — train done in 12.3s | avg loss_box=1.0136 loss_cls=0.7535 loss_dfl=0.0333 loss_total=110.9029
2026-08-02 18:10:02 INFO  scripts.synthetic_model_comparison.training.evaluation | evaluating on 4 batches
2026-08-02 18:10:08 INFO  scripts.synthetic_model_comparison.training.training_pipeline | epoch 59/200 — val mAP50=0.8311 mAP50_95=0.5825 (selection mAP50_95=0.5825)
2026-08-02 18:10:09 INFO  scripts.synthetic_model_comparison.training.evaluation | mlflow: logged val/mAP50=0.8311 val/mAP50_95=0.5825 (step=58)
2026-08-02 18:10:09 INFO  scripts.synthetic_model_comparison.training.evaluation | mlflow: logged val per-class AP table (12 classes)
2026-08-02 18:10:09 INFO  scripts.synthetic_model_comparison.training.training_pipeline | saved checkpoint: /home/debian/Master-Thesis/scripts/synthetic_model_comparison/training/model_exports/yolo26n-realvisxl-lightning-maxlen-seed42-20260802-175008/last.pt
2026-08-02 18:10:10 INFO  scripts.synthetic_model_comparison.training.training_pipeline | epoch 59/200 done — next lr=0.00813295, epochs_since_improve=3/20
2026-08-02 18:10:10 INFO  scripts.synthetic_model_comparison.training.training_pipeline | epoch 60/200 — train start (lr=0.00813295, batches=15)
2026-08-02 18:10:21 INFO  scripts.synthetic_model_comparison.training.training_pipeline | epoch 60/200 — train done in 11.7s | avg loss_box=1.0215 loss_cls=0.7914 loss_dfl=0.0333 loss_total=112.0686
2026-08-02 18:10:21 INFO  scripts.synthetic_model_comparison.training.evaluation | evaluating on 4 batches
2026-08-02 18:10:29 INFO  scripts.synthetic_model_comparison.training.training_pipeline | epoch 60/200 — val mAP50=0.8878 mAP50_95=0.6569 (selection mAP50_95=0.6569)
2026-08-02 18:10:30 INFO  scripts.synthetic_model_comparison.training.evaluation | mlflow: logged val/mAP50=0.8878 val/mAP50_95=0.6569 (step=59)
2026-08-02 18:10:30 INFO  scripts.synthetic_model_comparison.training.evaluation | mlflow: logged val per-class AP table (12 classes)
2026-08-02 18:10:30 INFO  scripts.synthetic_model_comparison.training.training_pipeline | saved checkpoint: /home/debian/Master-Thesis/scripts/synthetic_model_comparison/training/model_exports/yolo26n-realvisxl-lightning-maxlen-seed42-20260802-175008/last.pt
2026-08-02 18:10:31 INFO  scripts.synthetic_model_comparison.training.training_pipeline | epoch 60/200 done — next lr=0.00807046, epochs_since_improve=4/20
2026-08-02 18:10:31 INFO  scripts.synthetic_model_comparison.training.training_pipeline | epoch 61/200 — train start (lr=0.00807046, batches=15)
2026-08-02 18:10:37 INFO  scripts.synthetic_model_comparison.training.training_pipeline | step 900 | loss_box=0.7813 loss_cls=0.5846 loss_dfl=0.0247 loss_total=90.1004 lr=0.00806626
2026-08-02 18:10:44 INFO  scripts.synthetic_model_comparison.training.training_pipeline | epoch 61/200 — train done in 13.7s | avg loss_box=1.0360 loss_cls=0.7177 loss_dfl=0.0339 loss_total=110.4956
2026-08-02 18:10:44 INFO  scripts.synthetic_model_comparison.training.evaluation | evaluating on 4 batches
2026-08-02 18:10:51 INFO  scripts.synthetic_model_comparison.training.training_pipeline | epoch 61/200 — val mAP50=0.8793 mAP50_95=0.5153 (selection mAP50_95=0.5153)
2026-08-02 18:10:51 INFO  scripts.synthetic_model_comparison.training.evaluation | mlflow: logged val/mAP50=0.8793 val/mAP50_95=0.5153 (step=60)
2026-08-02 18:10:52 INFO  scripts.synthetic_model_comparison.training.evaluation | mlflow: logged val per-class AP table (12 classes)
2026-08-02 18:10:52 INFO  scripts.synthetic_model_comparison.training.training_pipeline | saved checkpoint: /home/debian/Master-Thesis/scripts/synthetic_model_comparison/training/model_exports/yolo26n-realvisxl-lightning-maxlen-seed42-20260802-175008/last.pt
2026-08-02 18:10:52 INFO  scripts.synthetic_model_comparison.training.training_pipeline | epoch 61/200 done — next lr=0.00800718, epochs_since_improve=5/20
2026-08-02 18:10:52 INFO  scripts.synthetic_model_comparison.training.training_pipeline | epoch 62/200 — train start (lr=0.00800718, batches=15)
2026-08-02 18:11:04 INFO  scripts.synthetic_model_comparison.training.training_pipeline | epoch 62/200 — train done in 11.9s | avg loss_box=1.0203 loss_cls=0.7129 loss_dfl=0.0340 loss_total=109.4826
2026-08-02 18:11:04 INFO  scripts.synthetic_model_comparison.training.evaluation | evaluating on 4 batches
2026-08-02 18:11:10 INFO  scripts.synthetic_model_comparison.training.training_pipeline | epoch 62/200 — val mAP50=0.8916 mAP50_95=0.6016 (selection mAP50_95=0.6016)
2026-08-02 18:11:11 INFO  scripts.synthetic_model_comparison.training.evaluation | mlflow: logged val/mAP50=0.8916 val/mAP50_95=0.6016 (step=61)
2026-08-02 18:11:11 INFO  scripts.synthetic_model_comparison.training.evaluation | mlflow: logged val per-class AP table (12 classes)
2026-08-02 18:11:11 INFO  scripts.synthetic_model_comparison.training.training_pipeline | saved checkpoint: /home/debian/Master-Thesis/scripts/synthetic_model_comparison/training/model_exports/yolo26n-realvisxl-lightning-maxlen-seed42-20260802-175008/last.pt
2026-08-02 18:11:12 INFO  scripts.synthetic_model_comparison.training.training_pipeline | epoch 62/200 done — next lr=0.00794314, epochs_since_improve=6/20
2026-08-02 18:11:12 INFO  scripts.synthetic_model_comparison.training.training_pipeline | epoch 63/200 — train start (lr=0.00794314, batches=15)
2026-08-02 18:11:24 INFO  scripts.synthetic_model_comparison.training.training_pipeline | epoch 63/200 — train done in 12.1s | avg loss_box=1.0058 loss_cls=0.7230 loss_dfl=0.0332 loss_total=109.1926
2026-08-02 18:11:24 INFO  scripts.synthetic_model_comparison.training.evaluation | evaluating on 4 batches
2026-08-02 18:11:30 INFO  scripts.synthetic_model_comparison.training.training_pipeline | epoch 63/200 — val mAP50=0.8390 mAP50_95=0.4724 (selection mAP50_95=0.4724)
2026-08-02 18:11:30 INFO  scripts.synthetic_model_comparison.training.evaluation | mlflow: logged val/mAP50=0.8390 val/mAP50_95=0.4724 (step=62)
2026-08-02 18:11:31 INFO  scripts.synthetic_model_comparison.training.evaluation | mlflow: logged val per-class AP table (12 classes)
2026-08-02 18:11:31 INFO  scripts.synthetic_model_comparison.training.training_pipeline | saved checkpoint: /home/debian/Master-Thesis/scripts/synthetic_model_comparison/training/model_exports/yolo26n-realvisxl-lightning-maxlen-seed42-20260802-175008/last.pt
2026-08-02 18:11:31 INFO  scripts.synthetic_model_comparison.training.training_pipeline | epoch 63/200 done — next lr=0.00787835, epochs_since_improve=7/20
2026-08-02 18:11:31 INFO  scripts.synthetic_model_comparison.training.training_pipeline | epoch 64/200 — train start (lr=0.00787835, batches=15)
2026-08-02 18:11:39 INFO  scripts.synthetic_model_comparison.training.training_pipeline | step 950 | loss_box=0.9295 loss_cls=0.6332 loss_dfl=0.0316 loss_total=101.6927 lr=0.00785222
2026-08-02 18:11:44 INFO  scripts.synthetic_model_comparison.training.training_pipeline | epoch 64/200 — train done in 13.4s | avg loss_box=0.9747 loss_cls=0.7352 loss_dfl=0.0313 loss_total=108.0264
2026-08-02 18:11:44 INFO  scripts.synthetic_model_comparison.training.evaluation | evaluating on 4 batches
2026-08-02 18:11:51 INFO  scripts.synthetic_model_comparison.training.training_pipeline | epoch 64/200 — val mAP50=0.9215 mAP50_95=0.7130 (selection mAP50_95=0.7130)
2026-08-02 18:11:51 INFO  scripts.synthetic_model_comparison.training.evaluation | mlflow: logged val/mAP50=0.9215 val/mAP50_95=0.7130 (step=63)
2026-08-02 18:11:52 INFO  scripts.synthetic_model_comparison.training.evaluation | mlflow: logged val per-class AP table (12 classes)
2026-08-02 18:11:52 INFO  scripts.synthetic_model_comparison.training.training_pipeline | saved checkpoint: /home/debian/Master-Thesis/scripts/synthetic_model_comparison/training/model_exports/yolo26n-realvisxl-lightning-maxlen-seed42-20260802-175008/best.pt
2026-08-02 18:11:52 INFO  scripts.synthetic_model_comparison.training.training_pipeline | new best mAP50_95=0.7130 at epoch 64
2026-08-02 18:11:52 INFO  scripts.synthetic_model_comparison.training.training_pipeline | saved checkpoint: /home/debian/Master-Thesis/scripts/synthetic_model_comparison/training/model_exports/yolo26n-realvisxl-lightning-maxlen-seed42-20260802-175008/last.pt
2026-08-02 18:11:52 INFO  scripts.synthetic_model_comparison.training.training_pipeline | epoch 64/200 done — next lr=0.00781283, epochs_since_improve=0/20
2026-08-02 18:11:52 INFO  scripts.synthetic_model_comparison.training.training_pipeline | epoch 65/200 — train start (lr=0.00781283, batches=15)
2026-08-02 18:12:04 INFO  scripts.synthetic_model_comparison.training.training_pipeline | epoch 65/200 — train done in 12.1s | avg loss_box=0.9859 loss_cls=0.6873 loss_dfl=0.0322 loss_total=105.9285
2026-08-02 18:12:04 INFO  scripts.synthetic_model_comparison.training.evaluation | evaluating on 4 batches
2026-08-02 18:12:11 INFO  scripts.synthetic_model_comparison.training.training_pipeline | epoch 65/200 — val mAP50=0.8895 mAP50_95=0.5633 (selection mAP50_95=0.5633)
2026-08-02 18:12:11 INFO  scripts.synthetic_model_comparison.training.evaluation | mlflow: logged val/mAP50=0.8895 val/mAP50_95=0.5633 (step=64)
2026-08-02 18:12:12 INFO  scripts.synthetic_model_comparison.training.evaluation | mlflow: logged val per-class AP table (12 classes)
2026-08-02 18:12:12 INFO  scripts.synthetic_model_comparison.training.training_pipeline | saved checkpoint: /home/debian/Master-Thesis/scripts/synthetic_model_comparison/training/model_exports/yolo26n-realvisxl-lightning-maxlen-seed42-20260802-175008/last.pt
2026-08-02 18:12:12 INFO  scripts.synthetic_model_comparison.training.training_pipeline | epoch 65/200 done — next lr=0.00774659, epochs_since_improve=1/20
2026-08-02 18:12:12 INFO  scripts.synthetic_model_comparison.training.training_pipeline | epoch 66/200 — train start (lr=0.00774659, batches=15)
2026-08-02 18:12:24 INFO  scripts.synthetic_model_comparison.training.training_pipeline | epoch 66/200 — train done in 11.8s | avg loss_box=0.9746 loss_cls=0.6895 loss_dfl=0.0313 loss_total=104.8231
2026-08-02 18:12:24 INFO  scripts.synthetic_model_comparison.training.evaluation | evaluating on 4 batches
2026-08-02 18:12:30 INFO  scripts.synthetic_model_comparison.training.training_pipeline | epoch 66/200 — val mAP50=0.9211 mAP50_95=0.6890 (selection mAP50_95=0.6890)
2026-08-02 18:12:31 INFO  scripts.synthetic_model_comparison.training.evaluation | mlflow: logged val/mAP50=0.9211 val/mAP50_95=0.6890 (step=65)
2026-08-02 18:12:31 INFO  scripts.synthetic_model_comparison.training.evaluation | mlflow: logged val per-class AP table (12 classes)
2026-08-02 18:12:31 INFO  scripts.synthetic_model_comparison.training.training_pipeline | saved checkpoint: /home/debian/Master-Thesis/scripts/synthetic_model_comparison/training/model_exports/yolo26n-realvisxl-lightning-maxlen-seed42-20260802-175008/last.pt
2026-08-02 18:12:32 INFO  scripts.synthetic_model_comparison.training.training_pipeline | epoch 66/200 done — next lr=0.00767966, epochs_since_improve=2/20
2026-08-02 18:12:32 INFO  scripts.synthetic_model_comparison.training.training_pipeline | epoch 67/200 — train start (lr=0.00767966, batches=15)
2026-08-02 18:12:42 INFO  scripts.synthetic_model_comparison.training.training_pipeline | step 1000 | loss_box=0.9141 loss_cls=0.6030 loss_dfl=0.0311 loss_total=96.6388 lr=0.00763015
2026-08-02 18:12:45 INFO  scripts.synthetic_model_comparison.training.training_pipeline | epoch 67/200 — train done in 13.6s | avg loss_box=0.9744 loss_cls=0.6686 loss_dfl=0.0318 loss_total=104.3201
2026-08-02 18:12:45 INFO  scripts.synthetic_model_comparison.training.evaluation | evaluating on 4 batches
2026-08-02 18:12:53 INFO  scripts.synthetic_model_comparison.training.training_pipeline | epoch 67/200 — val mAP50=0.8901 mAP50_95=0.5926 (selection mAP50_95=0.5926)
2026-08-02 18:12:54 INFO  scripts.synthetic_model_comparison.training.evaluation | mlflow: logged val/mAP50=0.8901 val/mAP50_95=0.5926 (step=66)
2026-08-02 18:12:54 INFO  scripts.synthetic_model_comparison.training.evaluation | mlflow: logged val per-class AP table (12 classes)
2026-08-02 18:12:54 INFO  scripts.synthetic_model_comparison.training.training_pipeline | saved checkpoint: /home/debian/Master-Thesis/scripts/synthetic_model_comparison/training/model_exports/yolo26n-realvisxl-lightning-maxlen-seed42-20260802-175008/last.pt
2026-08-02 18:12:55 INFO  scripts.synthetic_model_comparison.training.training_pipeline | epoch 67/200 done — next lr=0.00761205, epochs_since_improve=3/20
2026-08-02 18:12:55 INFO  scripts.synthetic_model_comparison.training.training_pipeline | epoch 68/200 — train start (lr=0.00761205, batches=15)
2026-08-02 18:13:08 INFO  scripts.synthetic_model_comparison.training.training_pipeline | epoch 68/200 — train done in 13.0s | avg loss_box=0.9756 loss_cls=0.6717 loss_dfl=0.0314 loss_total=104.5521
2026-08-02 18:13:08 INFO  scripts.synthetic_model_comparison.training.evaluation | evaluating on 4 batches
2026-08-02 18:13:15 INFO  scripts.synthetic_model_comparison.training.training_pipeline | epoch 68/200 — val mAP50=0.8795 mAP50_95=0.6462 (selection mAP50_95=0.6462)
2026-08-02 18:13:16 INFO  scripts.synthetic_model_comparison.training.evaluation | mlflow: logged val/mAP50=0.8795 val/mAP50_95=0.6462 (step=67)
2026-08-02 18:13:16 INFO  scripts.synthetic_model_comparison.training.evaluation | mlflow: logged val per-class AP table (12 classes)
2026-08-02 18:13:16 INFO  scripts.synthetic_model_comparison.training.training_pipeline | saved checkpoint: /home/debian/Master-Thesis/scripts/synthetic_model_comparison/training/model_exports/yolo26n-realvisxl-lightning-maxlen-seed42-20260802-175008/last.pt
2026-08-02 18:13:17 INFO  scripts.synthetic_model_comparison.training.training_pipeline | epoch 68/200 done — next lr=0.00754378, epochs_since_improve=4/20
2026-08-02 18:13:17 INFO  scripts.synthetic_model_comparison.training.training_pipeline | epoch 69/200 — train start (lr=0.00754378, batches=15)
2026-08-02 18:13:29 INFO  scripts.synthetic_model_comparison.training.training_pipeline | epoch 69/200 — train done in 12.3s | avg loss_box=0.9277 loss_cls=0.6911 loss_dfl=0.0304 loss_total=101.4844
2026-08-02 18:13:29 INFO  scripts.synthetic_model_comparison.training.evaluation | evaluating on 4 batches
2026-08-02 18:13:37 INFO  scripts.synthetic_model_comparison.training.training_pipeline | epoch 69/200 — val mAP50=0.8819 mAP50_95=0.6163 (selection mAP50_95=0.6163)
2026-08-02 18:13:38 INFO  scripts.synthetic_model_comparison.training.evaluation | mlflow: logged val/mAP50=0.8819 val/mAP50_95=0.6163 (step=68)
2026-08-02 18:13:38 INFO  scripts.synthetic_model_comparison.training.evaluation | mlflow: logged val per-class AP table (12 classes)
2026-08-02 18:13:38 INFO  scripts.synthetic_model_comparison.training.training_pipeline | saved checkpoint: /home/debian/Master-Thesis/scripts/synthetic_model_comparison/training/model_exports/yolo26n-realvisxl-lightning-maxlen-seed42-20260802-175008/last.pt
2026-08-02 18:13:39 INFO  scripts.synthetic_model_comparison.training.training_pipeline | epoch 69/200 done — next lr=0.00747486, epochs_since_improve=5/20
2026-08-02 18:13:39 INFO  scripts.synthetic_model_comparison.training.training_pipeline | epoch 70/200 — train start (lr=0.00747486, batches=15)
2026-08-02 18:13:51 INFO  scripts.synthetic_model_comparison.training.training_pipeline | epoch 70/200 — train done in 12.2s | avg loss_box=0.9627 loss_cls=0.6394 loss_dfl=0.0316 loss_total=101.0964
2026-08-02 18:13:51 INFO  scripts.synthetic_model_comparison.training.evaluation | evaluating on 4 batches
2026-08-02 18:13:57 INFO  scripts.synthetic_model_comparison.training.training_pipeline | epoch 70/200 — val mAP50=0.9172 mAP50_95=0.6800 (selection mAP50_95=0.6800)
2026-08-02 18:13:58 INFO  scripts.synthetic_model_comparison.training.evaluation | mlflow: logged val/mAP50=0.9172 val/mAP50_95=0.6800 (step=69)
2026-08-02 18:13:58 INFO  scripts.synthetic_model_comparison.training.evaluation | mlflow: logged val per-class AP table (12 classes)
2026-08-02 18:13:58 INFO  scripts.synthetic_model_comparison.training.training_pipeline | saved checkpoint: /home/debian/Master-Thesis/scripts/synthetic_model_comparison/training/model_exports/yolo26n-realvisxl-lightning-maxlen-seed42-20260802-175008/last.pt
2026-08-02 18:13:59 INFO  scripts.synthetic_model_comparison.training.training_pipeline | epoch 70/200 done — next lr=0.00740531, epochs_since_improve=6/20
2026-08-02 18:13:59 INFO  scripts.synthetic_model_comparison.training.training_pipeline | epoch 71/200 — train start (lr=0.00740531, batches=15)
2026-08-02 18:14:04 INFO  scripts.synthetic_model_comparison.training.training_pipeline | step 1050 | loss_box=0.8719 loss_cls=0.5456 loss_dfl=0.0278 loss_total=92.3064 lr=0.00740065
2026-08-02 18:14:11 INFO  scripts.synthetic_model_comparison.training.training_pipeline | epoch 71/200 — train done in 12.9s | avg loss_box=0.9445 loss_cls=0.6487 loss_dfl=0.0298 loss_total=100.1277
2026-08-02 18:14:11 INFO  scripts.synthetic_model_comparison.training.evaluation | evaluating on 4 batches
2026-08-02 18:14:18 INFO  scripts.synthetic_model_comparison.training.training_pipeline | epoch 71/200 — val mAP50=0.9162 mAP50_95=0.6698 (selection mAP50_95=0.6698)
2026-08-02 18:14:18 INFO  scripts.synthetic_model_comparison.training.evaluation | mlflow: logged val/mAP50=0.9162 val/mAP50_95=0.6698 (step=70)
2026-08-02 18:14:19 INFO  scripts.synthetic_model_comparison.training.evaluation | mlflow: logged val per-class AP table (12 classes)
2026-08-02 18:14:19 INFO  scripts.synthetic_model_comparison.training.training_pipeline | saved checkpoint: /home/debian/Master-Thesis/scripts/synthetic_model_comparison/training/model_exports/yolo26n-realvisxl-lightning-maxlen-seed42-20260802-175008/last.pt
2026-08-02 18:14:19 INFO  scripts.synthetic_model_comparison.training.training_pipeline | epoch 71/200 done — next lr=0.00733515, epochs_since_improve=7/20
2026-08-02 18:14:19 INFO  scripts.synthetic_model_comparison.training.training_pipeline | epoch 72/200 — train start (lr=0.00733515, batches=15)
2026-08-02 18:14:31 INFO  scripts.synthetic_model_comparison.training.training_pipeline | epoch 72/200 — train done in 11.8s | avg loss_box=0.9217 loss_cls=0.6527 loss_dfl=0.0307 loss_total=99.5602
2026-08-02 18:14:31 INFO  scripts.synthetic_model_comparison.training.evaluation | evaluating on 4 batches
2026-08-02 18:14:37 INFO  scripts.synthetic_model_comparison.training.training_pipeline | epoch 72/200 — val mAP50=0.8899 mAP50_95=0.5555 (selection mAP50_95=0.5555)
2026-08-02 18:14:38 INFO  scripts.synthetic_model_comparison.training.evaluation | mlflow: logged val/mAP50=0.8899 val/mAP50_95=0.5555 (step=71)
2026-08-02 18:14:38 INFO  scripts.synthetic_model_comparison.training.evaluation | mlflow: logged val per-class AP table (12 classes)
2026-08-02 18:14:38 INFO  scripts.synthetic_model_comparison.training.training_pipeline | saved checkpoint: /home/debian/Master-Thesis/scripts/synthetic_model_comparison/training/model_exports/yolo26n-realvisxl-lightning-maxlen-seed42-20260802-175008/last.pt
2026-08-02 18:14:38 INFO  scripts.synthetic_model_comparison.training.training_pipeline | epoch 72/200 done — next lr=0.0072644, epochs_since_improve=8/20
2026-08-02 18:14:38 INFO  scripts.synthetic_model_comparison.training.training_pipeline | epoch 73/200 — train start (lr=0.0072644, batches=15)
2026-08-02 18:14:50 INFO  scripts.synthetic_model_comparison.training.training_pipeline | epoch 73/200 — train done in 11.7s | avg loss_box=0.9025 loss_cls=0.6094 loss_dfl=0.0294 loss_total=96.2787
2026-08-02 18:14:50 INFO  scripts.synthetic_model_comparison.training.evaluation | evaluating on 4 batches
2026-08-02 18:14:56 INFO  scripts.synthetic_model_comparison.training.training_pipeline | epoch 73/200 — val mAP50=0.9273 mAP50_95=0.6762 (selection mAP50_95=0.6762)
2026-08-02 18:14:57 INFO  scripts.synthetic_model_comparison.training.evaluation | mlflow: logged val/mAP50=0.9273 val/mAP50_95=0.6762 (step=72)
2026-08-02 18:14:57 INFO  scripts.synthetic_model_comparison.training.evaluation | mlflow: logged val per-class AP table (12 classes)
2026-08-02 18:14:57 INFO  scripts.synthetic_model_comparison.training.training_pipeline | saved checkpoint: /home/debian/Master-Thesis/scripts/synthetic_model_comparison/training/model_exports/yolo26n-realvisxl-lightning-maxlen-seed42-20260802-175008/last.pt
2026-08-02 18:14:58 INFO  scripts.synthetic_model_comparison.training.training_pipeline | epoch 73/200 done — next lr=0.00719307, epochs_since_improve=9/20
2026-08-02 18:14:58 INFO  scripts.synthetic_model_comparison.training.training_pipeline | epoch 74/200 — train start (lr=0.00719307, batches=15)
2026-08-02 18:15:06 INFO  scripts.synthetic_model_comparison.training.training_pipeline | step 1100 | loss_box=0.8803 loss_cls=0.6022 loss_dfl=0.0292 loss_total=92.9051 lr=0.00716439
2026-08-02 18:15:11 INFO  scripts.synthetic_model_comparison.training.training_pipeline | epoch 74/200 — train done in 13.2s | avg loss_box=0.9348 loss_cls=0.6370 loss_dfl=0.0302 loss_total=98.8667
2026-08-02 18:15:11 INFO  scripts.synthetic_model_comparison.training.evaluation | evaluating on 4 batches
2026-08-02 18:15:17 INFO  scripts.synthetic_model_comparison.training.training_pipeline | epoch 74/200 — val mAP50=0.8675 mAP50_95=0.5743 (selection mAP50_95=0.5743)
2026-08-02 18:15:18 INFO  scripts.synthetic_model_comparison.training.evaluation | mlflow: logged val/mAP50=0.8675 val/mAP50_95=0.5743 (step=73)
2026-08-02 18:15:18 INFO  scripts.synthetic_model_comparison.training.evaluation | mlflow: logged val per-class AP table (12 classes)
2026-08-02 18:15:18 INFO  scripts.synthetic_model_comparison.training.training_pipeline | saved checkpoint: /home/debian/Master-Thesis/scripts/synthetic_model_comparison/training/model_exports/yolo26n-realvisxl-lightning-maxlen-seed42-20260802-175008/last.pt
2026-08-02 18:15:19 INFO  scripts.synthetic_model_comparison.training.training_pipeline | epoch 74/200 done — next lr=0.00712119, epochs_since_improve=10/20
2026-08-02 18:15:19 INFO  scripts.synthetic_model_comparison.training.training_pipeline | epoch 75/200 — train start (lr=0.00712119, batches=15)
2026-08-02 18:15:31 INFO  scripts.synthetic_model_comparison.training.training_pipeline | epoch 75/200 — train done in 12.0s | avg loss_box=0.8905 loss_cls=0.6084 loss_dfl=0.0291 loss_total=95.4020
2026-08-02 18:15:31 INFO  scripts.synthetic_model_comparison.training.evaluation | evaluating on 4 batches
2026-08-02 18:15:37 INFO  scripts.synthetic_model_comparison.training.training_pipeline | epoch 75/200 — val mAP50=0.9254 mAP50_95=0.6729 (selection mAP50_95=0.6729)
2026-08-02 18:15:38 INFO  scripts.synthetic_model_comparison.training.evaluation | mlflow: logged val/mAP50=0.9254 val/mAP50_95=0.6729 (step=74)
2026-08-02 18:15:38 INFO  scripts.synthetic_model_comparison.training.evaluation | mlflow: logged val per-class AP table (12 classes)
2026-08-02 18:15:38 INFO  scripts.synthetic_model_comparison.training.training_pipeline | saved checkpoint: /home/debian/Master-Thesis/scripts/synthetic_model_comparison/training/model_exports/yolo26n-realvisxl-lightning-maxlen-seed42-20260802-175008/last.pt
2026-08-02 18:15:38 INFO  scripts.synthetic_model_comparison.training.training_pipeline | epoch 75/200 done — next lr=0.00704877, epochs_since_improve=11/20
2026-08-02 18:15:38 INFO  scripts.synthetic_model_comparison.training.training_pipeline | epoch 76/200 — train start (lr=0.00704877, batches=15)
2026-08-02 18:15:50 INFO  scripts.synthetic_model_comparison.training.training_pipeline | epoch 76/200 — train done in 12.0s | avg loss_box=0.8710 loss_cls=0.6110 loss_dfl=0.0284 loss_total=94.3046
2026-08-02 18:15:50 INFO  scripts.synthetic_model_comparison.training.evaluation | evaluating on 4 batches
2026-08-02 18:15:57 INFO  scripts.synthetic_model_comparison.training.training_pipeline | epoch 76/200 — val mAP50=0.9341 mAP50_95=0.7302 (selection mAP50_95=0.7302)
2026-08-02 18:15:57 INFO  scripts.synthetic_model_comparison.training.evaluation | mlflow: logged val/mAP50=0.9341 val/mAP50_95=0.7302 (step=75)
2026-08-02 18:15:58 INFO  scripts.synthetic_model_comparison.training.evaluation | mlflow: logged val per-class AP table (12 classes)
2026-08-02 18:15:58 INFO  scripts.synthetic_model_comparison.training.training_pipeline | saved checkpoint: /home/debian/Master-Thesis/scripts/synthetic_model_comparison/training/model_exports/yolo26n-realvisxl-lightning-maxlen-seed42-20260802-175008/best.pt
2026-08-02 18:15:58 INFO  scripts.synthetic_model_comparison.training.training_pipeline | new best mAP50_95=0.7302 at epoch 76
2026-08-02 18:15:58 INFO  scripts.synthetic_model_comparison.training.training_pipeline | saved checkpoint: /home/debian/Master-Thesis/scripts/synthetic_model_comparison/training/model_exports/yolo26n-realvisxl-lightning-maxlen-seed42-20260802-175008/last.pt
2026-08-02 18:15:58 INFO  scripts.synthetic_model_comparison.training.training_pipeline | epoch 76/200 done — next lr=0.00697583, epochs_since_improve=0/20
2026-08-02 18:15:58 INFO  scripts.synthetic_model_comparison.training.training_pipeline | epoch 77/200 — train start (lr=0.00697583, batches=15)
2026-08-02 18:16:09 INFO  scripts.synthetic_model_comparison.training.training_pipeline | step 1150 | loss_box=0.7987 loss_cls=0.5877 loss_dfl=0.0265 loss_total=86.9036 lr=0.00692202
2026-08-02 18:16:12 INFO  scripts.synthetic_model_comparison.training.training_pipeline | epoch 77/200 — train done in 13.4s | avg loss_box=0.8762 loss_cls=0.6185 loss_dfl=0.0284 loss_total=94.4551
2026-08-02 18:16:12 INFO  scripts.synthetic_model_comparison.training.evaluation | evaluating on 4 batches
2026-08-02 18:16:18 INFO  scripts.synthetic_model_comparison.training.training_pipeline | epoch 77/200 — val mAP50=0.8887 mAP50_95=0.6053 (selection mAP50_95=0.6053)
2026-08-02 18:16:18 INFO  scripts.synthetic_model_comparison.training.evaluation | mlflow: logged val/mAP50=0.8887 val/mAP50_95=0.6053 (step=76)
2026-08-02 18:16:19 INFO  scripts.synthetic_model_comparison.training.evaluation | mlflow: logged val per-class AP table (12 classes)
2026-08-02 18:16:19 INFO  scripts.synthetic_model_comparison.training.training_pipeline | saved checkpoint: /home/debian/Master-Thesis/scripts/synthetic_model_comparison/training/model_exports/yolo26n-realvisxl-lightning-maxlen-seed42-20260802-175008/last.pt
2026-08-02 18:16:19 INFO  scripts.synthetic_model_comparison.training.training_pipeline | epoch 77/200 done — next lr=0.00690239, epochs_since_improve=1/20
2026-08-02 18:16:19 INFO  scripts.synthetic_model_comparison.training.training_pipeline | epoch 78/200 — train start (lr=0.00690239, batches=15)
2026-08-02 18:16:31 INFO  scripts.synthetic_model_comparison.training.training_pipeline | epoch 78/200 — train done in 12.0s | avg loss_box=0.8673 loss_cls=0.6243 loss_dfl=0.0275 loss_total=94.3251
2026-08-02 18:16:31 INFO  scripts.synthetic_model_comparison.training.evaluation | evaluating on 4 batches
2026-08-02 18:16:37 INFO  scripts.synthetic_model_comparison.training.training_pipeline | epoch 78/200 — val mAP50=0.9134 mAP50_95=0.7043 (selection mAP50_95=0.7043)
2026-08-02 18:16:38 INFO  scripts.synthetic_model_comparison.training.evaluation | mlflow: logged val/mAP50=0.9134 val/mAP50_95=0.7043 (step=77)
2026-08-02 18:16:38 INFO  scripts.synthetic_model_comparison.training.evaluation | mlflow: logged val per-class AP table (12 classes)
2026-08-02 18:16:38 INFO  scripts.synthetic_model_comparison.training.training_pipeline | saved checkpoint: /home/debian/Master-Thesis/scripts/synthetic_model_comparison/training/model_exports/yolo26n-realvisxl-lightning-maxlen-seed42-20260802-175008/last.pt
2026-08-02 18:16:39 INFO  scripts.synthetic_model_comparison.training.training_pipeline | epoch 78/200 done — next lr=0.00682847, epochs_since_improve=2/20
2026-08-02 18:16:39 INFO  scripts.synthetic_model_comparison.training.training_pipeline | epoch 79/200 — train start (lr=0.00682847, batches=15)
2026-08-02 18:16:50 INFO  scripts.synthetic_model_comparison.training.training_pipeline | epoch 79/200 — train done in 11.8s | avg loss_box=0.8936 loss_cls=0.6129 loss_dfl=0.0291 loss_total=95.2078
2026-08-02 18:16:50 INFO  scripts.synthetic_model_comparison.training.evaluation | evaluating on 4 batches
2026-08-02 18:16:57 INFO  scripts.synthetic_model_comparison.training.training_pipeline | epoch 79/200 — val mAP50=0.8866 mAP50_95=0.6138 (selection mAP50_95=0.6138)
2026-08-02 18:16:58 INFO  scripts.synthetic_model_comparison.training.evaluation | mlflow: logged val/mAP50=0.8866 val/mAP50_95=0.6138 (step=78)
2026-08-02 18:16:58 INFO  scripts.synthetic_model_comparison.training.evaluation | mlflow: logged val per-class AP table (12 classes)
2026-08-02 18:16:59 INFO  scripts.synthetic_model_comparison.training.training_pipeline | saved checkpoint: /home/debian/Master-Thesis/scripts/synthetic_model_comparison/training/model_exports/yolo26n-realvisxl-lightning-maxlen-seed42-20260802-175008/last.pt
2026-08-02 18:16:59 INFO  scripts.synthetic_model_comparison.training.training_pipeline | epoch 79/200 done — next lr=0.00675408, epochs_since_improve=3/20
2026-08-02 18:16:59 INFO  scripts.synthetic_model_comparison.training.training_pipeline | epoch 80/200 — train start (lr=0.00675408, batches=15)
2026-08-02 18:17:11 INFO  scripts.synthetic_model_comparison.training.training_pipeline | epoch 80/200 — train done in 12.4s | avg loss_box=0.8569 loss_cls=0.5702 loss_dfl=0.0275 loss_total=91.5095
2026-08-02 18:17:11 INFO  scripts.synthetic_model_comparison.training.evaluation | evaluating on 4 batches
2026-08-02 18:17:19 INFO  scripts.synthetic_model_comparison.training.training_pipeline | epoch 80/200 — val mAP50=0.8861 mAP50_95=0.6842 (selection mAP50_95=0.6842)
2026-08-02 18:17:20 INFO  scripts.synthetic_model_comparison.training.evaluation | mlflow: logged val/mAP50=0.8861 val/mAP50_95=0.6842 (step=79)
2026-08-02 18:17:20 INFO  scripts.synthetic_model_comparison.training.evaluation | mlflow: logged val per-class AP table (12 classes)
2026-08-02 18:17:21 INFO  scripts.synthetic_model_comparison.training.training_pipeline | saved checkpoint: /home/debian/Master-Thesis/scripts/synthetic_model_comparison/training/model_exports/yolo26n-realvisxl-lightning-maxlen-seed42-20260802-175008/last.pt
2026-08-02 18:17:21 INFO  scripts.synthetic_model_comparison.training.training_pipeline | epoch 80/200 done — next lr=0.00667925, epochs_since_improve=4/20
2026-08-02 18:17:21 INFO  scripts.synthetic_model_comparison.training.training_pipeline | epoch 81/200 — train start (lr=0.00667925, batches=15)
2026-08-02 18:17:26 INFO  scripts.synthetic_model_comparison.training.training_pipeline | step 1200 | loss_box=0.8707 loss_cls=0.5614 loss_dfl=0.0285 loss_total=90.8701 lr=0.00667424
2026-08-02 18:17:34 INFO  scripts.synthetic_model_comparison.training.training_pipeline | epoch 81/200 — train done in 12.7s | avg loss_box=0.8327 loss_cls=0.5947 loss_dfl=0.0270 loss_total=90.4756
2026-08-02 18:17:34 INFO  scripts.synthetic_model_comparison.training.evaluation | evaluating on 4 batches
2026-08-02 18:17:40 INFO  scripts.synthetic_model_comparison.training.training_pipeline | epoch 81/200 — val mAP50=0.8931 mAP50_95=0.6844 (selection mAP50_95=0.6844)
2026-08-02 18:17:41 INFO  scripts.synthetic_model_comparison.training.evaluation | mlflow: logged val/mAP50=0.8931 val/mAP50_95=0.6844 (step=80)
2026-08-02 18:17:41 INFO  scripts.synthetic_model_comparison.training.evaluation | mlflow: logged val per-class AP table (12 classes)
2026-08-02 18:17:41 INFO  scripts.synthetic_model_comparison.training.training_pipeline | saved checkpoint: /home/debian/Master-Thesis/scripts/synthetic_model_comparison/training/model_exports/yolo26n-realvisxl-lightning-maxlen-seed42-20260802-175008/last.pt
2026-08-02 18:17:41 INFO  scripts.synthetic_model_comparison.training.training_pipeline | epoch 81/200 done — next lr=0.00660399, epochs_since_improve=5/20
2026-08-02 18:17:41 INFO  scripts.synthetic_model_comparison.training.training_pipeline | epoch 82/200 — train start (lr=0.00660399, batches=15)
2026-08-02 18:17:53 INFO  scripts.synthetic_model_comparison.training.training_pipeline | epoch 82/200 — train done in 11.8s | avg loss_box=0.8342 loss_cls=0.5653 loss_dfl=0.0264 loss_total=89.0564
2026-08-02 18:17:53 INFO  scripts.synthetic_model_comparison.training.evaluation | evaluating on 4 batches
2026-08-02 18:17:59 INFO  scripts.synthetic_model_comparison.training.training_pipeline | epoch 82/200 — val mAP50=0.9117 mAP50_95=0.7241 (selection mAP50_95=0.7241)
2026-08-02 18:18:00 INFO  scripts.synthetic_model_comparison.training.evaluation | mlflow: logged val/mAP50=0.9117 val/mAP50_95=0.7241 (step=81)
2026-08-02 18:18:00 INFO  scripts.synthetic_model_comparison.training.evaluation | mlflow: logged val per-class AP table (12 classes)
2026-08-02 18:18:00 INFO  scripts.synthetic_model_comparison.training.training_pipeline | saved checkpoint: /home/debian/Master-Thesis/scripts/synthetic_model_comparison/training/model_exports/yolo26n-realvisxl-lightning-maxlen-seed42-20260802-175008/last.pt
2026-08-02 18:18:01 INFO  scripts.synthetic_model_comparison.training.training_pipeline | epoch 82/200 done — next lr=0.00652832, epochs_since_improve=6/20
2026-08-02 18:18:01 INFO  scripts.synthetic_model_comparison.training.training_pipeline | epoch 83/200 — train start (lr=0.00652832, batches=15)
2026-08-02 18:18:13 INFO  scripts.synthetic_model_comparison.training.training_pipeline | epoch 83/200 — train done in 12.6s | avg loss_box=0.8331 loss_cls=0.5296 loss_dfl=0.0264 loss_total=87.5237
2026-08-02 18:18:13 INFO  scripts.synthetic_model_comparison.training.evaluation | evaluating on 4 batches
2026-08-02 18:18:19 INFO  scripts.synthetic_model_comparison.training.training_pipeline | epoch 83/200 — val mAP50=0.9363 mAP50_95=0.7322 (selection mAP50_95=0.7322)
2026-08-02 18:18:20 INFO  scripts.synthetic_model_comparison.training.evaluation | mlflow: logged val/mAP50=0.9363 val/mAP50_95=0.7322 (step=82)
2026-08-02 18:18:20 INFO  scripts.synthetic_model_comparison.training.evaluation | mlflow: logged val per-class AP table (12 classes)
2026-08-02 18:18:21 INFO  scripts.synthetic_model_comparison.training.training_pipeline | saved checkpoint: /home/debian/Master-Thesis/scripts/synthetic_model_comparison/training/model_exports/yolo26n-realvisxl-lightning-maxlen-seed42-20260802-175008/best.pt
2026-08-02 18:18:21 INFO  scripts.synthetic_model_comparison.training.training_pipeline | new best mAP50_95=0.7322 at epoch 83
2026-08-02 18:18:21 INFO  scripts.synthetic_model_comparison.training.training_pipeline | saved checkpoint: /home/debian/Master-Thesis/scripts/synthetic_model_comparison/training/model_exports/yolo26n-realvisxl-lightning-maxlen-seed42-20260802-175008/last.pt
2026-08-02 18:18:21 INFO  scripts.synthetic_model_comparison.training.training_pipeline | epoch 83/200 done — next lr=0.00645227, epochs_since_improve=0/20
2026-08-02 18:18:21 INFO  scripts.synthetic_model_comparison.training.training_pipeline | epoch 84/200 — train start (lr=0.00645227, batches=15)
2026-08-02 18:18:29 INFO  scripts.synthetic_model_comparison.training.training_pipeline | step 1250 | loss_box=0.7931 loss_cls=0.5578 loss_dfl=0.0242 loss_total=87.4595 lr=0.00642175
2026-08-02 18:18:34 INFO  scripts.synthetic_model_comparison.training.training_pipeline | epoch 84/200 — train done in 13.1s | avg loss_box=0.8559 loss_cls=0.5802 loss_dfl=0.0276 loss_total=90.6186
2026-08-02 18:18:34 INFO  scripts.synthetic_model_comparison.training.evaluation | evaluating on 4 batches
2026-08-02 18:18:40 INFO  scripts.synthetic_model_comparison.training.training_pipeline | epoch 84/200 — val mAP50=0.9402 mAP50_95=0.7327 (selection mAP50_95=0.7327)
2026-08-02 18:18:41 INFO  scripts.synthetic_model_comparison.training.evaluation | mlflow: logged val/mAP50=0.9402 val/mAP50_95=0.7327 (step=83)
2026-08-02 18:18:41 INFO  scripts.synthetic_model_comparison.training.evaluation | mlflow: logged val per-class AP table (12 classes)
2026-08-02 18:18:41 INFO  scripts.synthetic_model_comparison.training.training_pipeline | saved checkpoint: /home/debian/Master-Thesis/scripts/synthetic_model_comparison/training/model_exports/yolo26n-realvisxl-lightning-maxlen-seed42-20260802-175008/last.pt
2026-08-02 18:18:42 INFO  scripts.synthetic_model_comparison.training.training_pipeline | epoch 84/200 done — next lr=0.00637585, epochs_since_improve=1/20
2026-08-02 18:18:42 INFO  scripts.synthetic_model_comparison.training.training_pipeline | epoch 85/200 — train start (lr=0.00637585, batches=15)
2026-08-02 18:18:54 INFO  scripts.synthetic_model_comparison.training.training_pipeline | epoch 85/200 — train done in 11.8s | avg loss_box=0.8157 loss_cls=0.5247 loss_dfl=0.0260 loss_total=86.0350
2026-08-02 18:18:54 INFO  scripts.synthetic_model_comparison.training.evaluation | evaluating on 4 batches
2026-08-02 18:19:01 INFO  scripts.synthetic_model_comparison.training.training_pipeline | epoch 85/200 — val mAP50=0.9346 mAP50_95=0.7460 (selection mAP50_95=0.7460)
2026-08-02 18:19:01 INFO  scripts.synthetic_model_comparison.training.evaluation | mlflow: logged val/mAP50=0.9346 val/mAP50_95=0.7460 (step=84)
2026-08-02 18:19:02 INFO  scripts.synthetic_model_comparison.training.evaluation | mlflow: logged val per-class AP table (12 classes)
2026-08-02 18:19:02 INFO  scripts.synthetic_model_comparison.training.training_pipeline | saved checkpoint: /home/debian/Master-Thesis/scripts/synthetic_model_comparison/training/model_exports/yolo26n-realvisxl-lightning-maxlen-seed42-20260802-175008/best.pt
2026-08-02 18:19:02 INFO  scripts.synthetic_model_comparison.training.training_pipeline | new best mAP50_95=0.7460 at epoch 85
2026-08-02 18:19:02 INFO  scripts.synthetic_model_comparison.training.training_pipeline | saved checkpoint: /home/debian/Master-Thesis/scripts/synthetic_model_comparison/training/model_exports/yolo26n-realvisxl-lightning-maxlen-seed42-20260802-175008/last.pt
2026-08-02 18:19:03 INFO  scripts.synthetic_model_comparison.training.training_pipeline | epoch 85/200 done — next lr=0.00629908, epochs_since_improve=0/20
2026-08-02 18:19:03 INFO  scripts.synthetic_model_comparison.training.training_pipeline | epoch 86/200 — train start (lr=0.00629908, batches=15)
2026-08-02 18:19:16 INFO  scripts.synthetic_model_comparison.training.training_pipeline | epoch 86/200 — train done in 13.0s | avg loss_box=0.8105 loss_cls=0.5361 loss_dfl=0.0259 loss_total=86.3682
2026-08-02 18:19:16 INFO  scripts.synthetic_model_comparison.training.evaluation | evaluating on 4 batches
2026-08-02 18:19:24 INFO  scripts.synthetic_model_comparison.training.training_pipeline | epoch 86/200 — val mAP50=0.9336 mAP50_95=0.7238 (selection mAP50_95=0.7238)
2026-08-02 18:19:24 INFO  scripts.synthetic_model_comparison.training.evaluation | mlflow: logged val/mAP50=0.9336 val/mAP50_95=0.7238 (step=85)
2026-08-02 18:19:25 INFO  scripts.synthetic_model_comparison.training.evaluation | mlflow: logged val per-class AP table (12 classes)
2026-08-02 18:19:25 INFO  scripts.synthetic_model_comparison.training.training_pipeline | saved checkpoint: /home/debian/Master-Thesis/scripts/synthetic_model_comparison/training/model_exports/yolo26n-realvisxl-lightning-maxlen-seed42-20260802-175008/last.pt
2026-08-02 18:19:25 INFO  scripts.synthetic_model_comparison.training.training_pipeline | epoch 86/200 done — next lr=0.00622199, epochs_since_improve=1/20
2026-08-02 18:19:25 INFO  scripts.synthetic_model_comparison.training.training_pipeline | epoch 87/200 — train start (lr=0.00622199, batches=15)
2026-08-02 18:19:36 INFO  scripts.synthetic_model_comparison.training.training_pipeline | step 1300 | loss_box=0.8498 loss_cls=0.5450 loss_dfl=0.0274 loss_total=86.8460 lr=0.00616525
2026-08-02 18:19:39 INFO  scripts.synthetic_model_comparison.training.training_pipeline | epoch 87/200 — train done in 13.6s | avg loss_box=0.7940 loss_cls=0.5532 loss_dfl=0.0255 loss_total=85.8084
2026-08-02 18:19:39 INFO  scripts.synthetic_model_comparison.training.evaluation | evaluating on 4 batches
2026-08-02 18:19:45 INFO  scripts.synthetic_model_comparison.training.training_pipeline | epoch 87/200 — val mAP50=0.9226 mAP50_95=0.6920 (selection mAP50_95=0.6920)
2026-08-02 18:19:45 INFO  scripts.synthetic_model_comparison.training.evaluation | mlflow: logged val/mAP50=0.9226 val/mAP50_95=0.6920 (step=86)
2026-08-02 18:19:46 INFO  scripts.synthetic_model_comparison.training.evaluation | mlflow: logged val per-class AP table (12 classes)
2026-08-02 18:19:46 INFO  scripts.synthetic_model_comparison.training.training_pipeline | saved checkpoint: /home/debian/Master-Thesis/scripts/synthetic_model_comparison/training/model_exports/yolo26n-realvisxl-lightning-maxlen-seed42-20260802-175008/last.pt
2026-08-02 18:19:46 INFO  scripts.synthetic_model_comparison.training.training_pipeline | epoch 87/200 done — next lr=0.00614458, epochs_since_improve=2/20
2026-08-02 18:19:46 INFO  scripts.synthetic_model_comparison.training.training_pipeline | epoch 88/200 — train start (lr=0.00614458, batches=15)
2026-08-02 18:19:58 INFO  scripts.synthetic_model_comparison.training.training_pipeline | epoch 88/200 — train done in 11.6s | avg loss_box=0.8083 loss_cls=0.5376 loss_dfl=0.0257 loss_total=85.9907
2026-08-02 18:19:58 INFO  scripts.synthetic_model_comparison.training.evaluation | evaluating on 4 batches
2026-08-02 18:20:04 INFO  scripts.synthetic_model_comparison.training.training_pipeline | epoch 88/200 — val mAP50=0.9280 mAP50_95=0.6837 (selection mAP50_95=0.6837)
2026-08-02 18:20:05 INFO  scripts.synthetic_model_comparison.training.evaluation | mlflow: logged val/mAP50=0.9280 val/mAP50_95=0.6837 (step=87)
2026-08-02 18:20:05 INFO  scripts.synthetic_model_comparison.training.evaluation | mlflow: logged val per-class AP table (12 classes)
2026-08-02 18:20:05 INFO  scripts.synthetic_model_comparison.training.training_pipeline | saved checkpoint: /home/debian/Master-Thesis/scripts/synthetic_model_comparison/training/model_exports/yolo26n-realvisxl-lightning-maxlen-seed42-20260802-175008/last.pt
2026-08-02 18:20:06 INFO  scripts.synthetic_model_comparison.training.training_pipeline | epoch 88/200 done — next lr=0.00606688, epochs_since_improve=3/20
2026-08-02 18:20:06 INFO  scripts.synthetic_model_comparison.training.training_pipeline | epoch 89/200 — train start (lr=0.00606688, batches=15)
2026-08-02 18:20:18 INFO  scripts.synthetic_model_comparison.training.training_pipeline | epoch 89/200 — train done in 12.6s | avg loss_box=0.7844 loss_cls=0.5256 loss_dfl=0.0248 loss_total=83.9289
2026-08-02 18:20:18 INFO  scripts.synthetic_model_comparison.training.evaluation | evaluating on 4 batches
2026-08-02 18:20:24 INFO  scripts.synthetic_model_comparison.training.training_pipeline | epoch 89/200 — val mAP50=0.8876 mAP50_95=0.5489 (selection mAP50_95=0.5489)
2026-08-02 18:20:25 INFO  scripts.synthetic_model_comparison.training.evaluation | mlflow: logged val/mAP50=0.8876 val/mAP50_95=0.5489 (step=88)
2026-08-02 18:20:25 INFO  scripts.synthetic_model_comparison.training.evaluation | mlflow: logged val per-class AP table (12 classes)
2026-08-02 18:20:26 INFO  scripts.synthetic_model_comparison.training.training_pipeline | saved checkpoint: /home/debian/Master-Thesis/scripts/synthetic_model_comparison/training/model_exports/yolo26n-realvisxl-lightning-maxlen-seed42-20260802-175008/last.pt
2026-08-02 18:20:26 INFO  scripts.synthetic_model_comparison.training.training_pipeline | epoch 89/200 done — next lr=0.00598891, epochs_since_improve=4/20
2026-08-02 18:20:26 INFO  scripts.synthetic_model_comparison.training.training_pipeline | epoch 90/200 — train start (lr=0.00598891, batches=15)
2026-08-02 18:20:38 INFO  scripts.synthetic_model_comparison.training.training_pipeline | epoch 90/200 — train done in 11.9s | avg loss_box=0.7687 loss_cls=0.5307 loss_dfl=0.0244 loss_total=82.7279
2026-08-02 18:20:38 INFO  scripts.synthetic_model_comparison.training.evaluation | evaluating on 4 batches
2026-08-02 18:20:44 INFO  scripts.synthetic_model_comparison.training.training_pipeline | epoch 90/200 — val mAP50=0.9263 mAP50_95=0.7375 (selection mAP50_95=0.7375)
2026-08-02 18:20:45 INFO  scripts.synthetic_model_comparison.training.evaluation | mlflow: logged val/mAP50=0.9263 val/mAP50_95=0.7375 (step=89)
2026-08-02 18:20:45 INFO  scripts.synthetic_model_comparison.training.evaluation | mlflow: logged val per-class AP table (12 classes)
2026-08-02 18:20:45 INFO  scripts.synthetic_model_comparison.training.training_pipeline | saved checkpoint: /home/debian/Master-Thesis/scripts/synthetic_model_comparison/training/model_exports/yolo26n-realvisxl-lightning-maxlen-seed42-20260802-175008/last.pt
2026-08-02 18:20:45 INFO  scripts.synthetic_model_comparison.training.training_pipeline | epoch 90/200 done — next lr=0.0059107, epochs_since_improve=5/20
2026-08-02 18:20:45 INFO  scripts.synthetic_model_comparison.training.training_pipeline | epoch 91/200 — train start (lr=0.0059107, batches=15)
2026-08-02 18:20:51 INFO  scripts.synthetic_model_comparison.training.training_pipeline | step 1350 | loss_box=0.7485 loss_cls=0.5573 loss_dfl=0.0246 loss_total=81.4031 lr=0.00590547
2026-08-02 18:20:58 INFO  scripts.synthetic_model_comparison.training.training_pipeline | epoch 91/200 — train done in 13.1s | avg loss_box=0.7794 loss_cls=0.5551 loss_dfl=0.0254 loss_total=85.0019
2026-08-02 18:20:58 INFO  scripts.synthetic_model_comparison.training.evaluation | evaluating on 4 batches
2026-08-02 18:21:05 INFO  scripts.synthetic_model_comparison.training.training_pipeline | epoch 91/200 — val mAP50=0.8962 mAP50_95=0.6169 (selection mAP50_95=0.6169)
2026-08-02 18:21:05 INFO  scripts.synthetic_model_comparison.training.evaluation | mlflow: logged val/mAP50=0.8962 val/mAP50_95=0.6169 (step=90)
2026-08-02 18:21:06 INFO  scripts.synthetic_model_comparison.training.evaluation | mlflow: logged val per-class AP table (12 classes)
2026-08-02 18:21:06 INFO  scripts.synthetic_model_comparison.training.training_pipeline | saved checkpoint: /home/debian/Master-Thesis/scripts/synthetic_model_comparison/training/model_exports/yolo26n-realvisxl-lightning-maxlen-seed42-20260802-175008/last.pt
2026-08-02 18:21:06 INFO  scripts.synthetic_model_comparison.training.training_pipeline | epoch 91/200 done — next lr=0.00583225, epochs_since_improve=6/20
2026-08-02 18:21:06 INFO  scripts.synthetic_model_comparison.training.training_pipeline | epoch 92/200 — train start (lr=0.00583225, batches=15)
2026-08-02 18:21:18 INFO  scripts.synthetic_model_comparison.training.training_pipeline | epoch 92/200 — train done in 11.7s | avg loss_box=0.7732 loss_cls=0.5167 loss_dfl=0.0247 loss_total=82.4498
2026-08-02 18:21:18 INFO  scripts.synthetic_model_comparison.training.evaluation | evaluating on 4 batches
2026-08-02 18:21:24 INFO  scripts.synthetic_model_comparison.training.training_pipeline | epoch 92/200 — val mAP50=0.9293 mAP50_95=0.6313 (selection mAP50_95=0.6313)
2026-08-02 18:21:25 INFO  scripts.synthetic_model_comparison.training.evaluation | mlflow: logged val/mAP50=0.9293 val/mAP50_95=0.6313 (step=91)
2026-08-02 18:21:25 INFO  scripts.synthetic_model_comparison.training.evaluation | mlflow: logged val per-class AP table (12 classes)
2026-08-02 18:21:25 INFO  scripts.synthetic_model_comparison.training.training_pipeline | saved checkpoint: /home/debian/Master-Thesis/scripts/synthetic_model_comparison/training/model_exports/yolo26n-realvisxl-lightning-maxlen-seed42-20260802-175008/last.pt
2026-08-02 18:21:25 INFO  scripts.synthetic_model_comparison.training.training_pipeline | epoch 92/200 done — next lr=0.00575359, epochs_since_improve=7/20
2026-08-02 18:21:25 INFO  scripts.synthetic_model_comparison.training.training_pipeline | epoch 93/200 — train start (lr=0.00575359, batches=15)
2026-08-02 18:21:37 INFO  scripts.synthetic_model_comparison.training.training_pipeline | epoch 93/200 — train done in 12.1s | avg loss_box=0.7651 loss_cls=0.4949 loss_dfl=0.0249 loss_total=81.0982
2026-08-02 18:21:37 INFO  scripts.synthetic_model_comparison.training.evaluation | evaluating on 4 batches
2026-08-02 18:21:45 INFO  scripts.synthetic_model_comparison.training.training_pipeline | epoch 93/200 — val mAP50=0.9149 mAP50_95=0.7183 (selection mAP50_95=0.7183)
2026-08-02 18:21:45 INFO  scripts.synthetic_model_comparison.training.evaluation | mlflow: logged val/mAP50=0.9149 val/mAP50_95=0.7183 (step=92)
2026-08-02 18:21:46 INFO  scripts.synthetic_model_comparison.training.evaluation | mlflow: logged val per-class AP table (12 classes)
2026-08-02 18:21:46 INFO  scripts.synthetic_model_comparison.training.training_pipeline | saved checkpoint: /home/debian/Master-Thesis/scripts/synthetic_model_comparison/training/model_exports/yolo26n-realvisxl-lightning-maxlen-seed42-20260802-175008/last.pt
2026-08-02 18:21:46 INFO  scripts.synthetic_model_comparison.training.training_pipeline | epoch 93/200 done — next lr=0.00567474, epochs_since_improve=8/20
2026-08-02 18:21:46 INFO  scripts.synthetic_model_comparison.training.training_pipeline | epoch 94/200 — train start (lr=0.00567474, batches=15)
2026-08-02 18:21:55 INFO  scripts.synthetic_model_comparison.training.training_pipeline | step 1400 | loss_box=0.7818 loss_cls=0.4607 loss_dfl=0.0247 loss_total=80.7270 lr=0.00564316
2026-08-02 18:22:01 INFO  scripts.synthetic_model_comparison.training.training_pipeline | epoch 94/200 — train done in 14.5s | avg loss_box=0.7655 loss_cls=0.4885 loss_dfl=0.0241 loss_total=80.7500
2026-08-02 18:22:01 INFO  scripts.synthetic_model_comparison.training.evaluation | evaluating on 4 batches
2026-08-02 18:22:07 INFO  scripts.synthetic_model_comparison.training.training_pipeline | epoch 94/200 — val mAP50=0.9389 mAP50_95=0.7352 (selection mAP50_95=0.7352)
2026-08-02 18:22:08 INFO  scripts.synthetic_model_comparison.training.evaluation | mlflow: logged val/mAP50=0.9389 val/mAP50_95=0.7352 (step=93)
2026-08-02 18:22:08 INFO  scripts.synthetic_model_comparison.training.evaluation | mlflow: logged val per-class AP table (12 classes)
2026-08-02 18:22:08 INFO  scripts.synthetic_model_comparison.training.training_pipeline | saved checkpoint: /home/debian/Master-Thesis/scripts/synthetic_model_comparison/training/model_exports/yolo26n-realvisxl-lightning-maxlen-seed42-20260802-175008/last.pt
2026-08-02 18:22:08 INFO  scripts.synthetic_model_comparison.training.training_pipeline | epoch 94/200 done — next lr=0.00559572, epochs_since_improve=9/20
2026-08-02 18:22:08 INFO  scripts.synthetic_model_comparison.training.training_pipeline | epoch 95/200 — train start (lr=0.00559572, batches=15)
2026-08-02 18:22:20 INFO  scripts.synthetic_model_comparison.training.training_pipeline | epoch 95/200 — train done in 12.0s | avg loss_box=0.7515 loss_cls=0.5008 loss_dfl=0.0241 loss_total=80.4504
2026-08-02 18:22:20 INFO  scripts.synthetic_model_comparison.training.evaluation | evaluating on 4 batches
2026-08-02 18:22:27 INFO  scripts.synthetic_model_comparison.training.training_pipeline | epoch 95/200 — val mAP50=0.9454 mAP50_95=0.7508 (selection mAP50_95=0.7508)
2026-08-02 18:22:27 INFO  scripts.synthetic_model_comparison.training.evaluation | mlflow: logged val/mAP50=0.9454 val/mAP50_95=0.7508 (step=94)
2026-08-02 18:22:28 INFO  scripts.synthetic_model_comparison.training.evaluation | mlflow: logged val per-class AP table (12 classes)
2026-08-02 18:22:28 INFO  scripts.synthetic_model_comparison.training.training_pipeline | saved checkpoint: /home/debian/Master-Thesis/scripts/synthetic_model_comparison/training/model_exports/yolo26n-realvisxl-lightning-maxlen-seed42-20260802-175008/best.pt
2026-08-02 18:22:28 INFO  scripts.synthetic_model_comparison.training.training_pipeline | new best mAP50_95=0.7508 at epoch 95
2026-08-02 18:22:28 INFO  scripts.synthetic_model_comparison.training.training_pipeline | saved checkpoint: /home/debian/Master-Thesis/scripts/synthetic_model_comparison/training/model_exports/yolo26n-realvisxl-lightning-maxlen-seed42-20260802-175008/last.pt
2026-08-02 18:22:28 INFO  scripts.synthetic_model_comparison.training.training_pipeline | epoch 95/200 done — next lr=0.00551656, epochs_since_improve=0/20
2026-08-02 18:22:28 INFO  scripts.synthetic_model_comparison.training.training_pipeline | epoch 96/200 — train start (lr=0.00551656, batches=15)
2026-08-02 18:22:40 INFO  scripts.synthetic_model_comparison.training.training_pipeline | epoch 96/200 — train done in 11.5s | avg loss_box=0.7316 loss_cls=0.5014 loss_dfl=0.0229 loss_total=78.7562
2026-08-02 18:22:40 INFO  scripts.synthetic_model_comparison.training.evaluation | evaluating on 4 batches
2026-08-02 18:22:46 INFO  scripts.synthetic_model_comparison.training.training_pipeline | epoch 96/200 — val mAP50=0.9345 mAP50_95=0.6840 (selection mAP50_95=0.6840)
2026-08-02 18:22:47 INFO  scripts.synthetic_model_comparison.training.evaluation | mlflow: logged val/mAP50=0.9345 val/mAP50_95=0.6840 (step=95)
2026-08-02 18:22:47 INFO  scripts.synthetic_model_comparison.training.evaluation | mlflow: logged val per-class AP table (12 classes)
2026-08-02 18:22:47 INFO  scripts.synthetic_model_comparison.training.training_pipeline | saved checkpoint: /home/debian/Master-Thesis/scripts/synthetic_model_comparison/training/model_exports/yolo26n-realvisxl-lightning-maxlen-seed42-20260802-175008/last.pt
2026-08-02 18:22:47 INFO  scripts.synthetic_model_comparison.training.training_pipeline | epoch 96/200 done — next lr=0.00543726, epochs_since_improve=1/20
2026-08-02 18:22:47 INFO  scripts.synthetic_model_comparison.training.training_pipeline | epoch 97/200 — train start (lr=0.00543726, batches=15)
2026-08-02 18:22:58 INFO  scripts.synthetic_model_comparison.training.training_pipeline | step 1450 | loss_box=0.7290 loss_cls=0.5267 loss_dfl=0.0241 loss_total=78.1755 lr=0.00537903
2026-08-02 18:23:01 INFO  scripts.synthetic_model_comparison.training.training_pipeline | epoch 97/200 — train done in 13.7s | avg loss_box=0.7390 loss_cls=0.4906 loss_dfl=0.0232 loss_total=78.8627
2026-08-02 18:23:01 INFO  scripts.synthetic_model_comparison.training.evaluation | evaluating on 4 batches
2026-08-02 18:23:07 INFO  scripts.synthetic_model_comparison.training.training_pipeline | epoch 97/200 — val mAP50=0.9130 mAP50_95=0.6069 (selection mAP50_95=0.6069)
2026-08-02 18:23:08 INFO  scripts.synthetic_model_comparison.training.evaluation | mlflow: logged val/mAP50=0.9130 val/mAP50_95=0.6069 (step=96)
2026-08-02 18:23:08 INFO  scripts.synthetic_model_comparison.training.evaluation | mlflow: logged val per-class AP table (12 classes)
2026-08-02 18:23:08 INFO  scripts.synthetic_model_comparison.training.training_pipeline | saved checkpoint: /home/debian/Master-Thesis/scripts/synthetic_model_comparison/training/model_exports/yolo26n-realvisxl-lightning-maxlen-seed42-20260802-175008/last.pt
2026-08-02 18:23:09 INFO  scripts.synthetic_model_comparison.training.training_pipeline | epoch 97/200 done — next lr=0.00535785, epochs_since_improve=2/20
2026-08-02 18:23:09 INFO  scripts.synthetic_model_comparison.training.training_pipeline | epoch 98/200 — train start (lr=0.00535785, batches=15)
2026-08-02 18:23:21 INFO  scripts.synthetic_model_comparison.training.training_pipeline | epoch 98/200 — train done in 12.3s | avg loss_box=0.7520 loss_cls=0.4885 loss_dfl=0.0242 loss_total=79.9232
2026-08-02 18:23:21 INFO  scripts.synthetic_model_comparison.training.evaluation | evaluating on 4 batches
2026-08-02 18:23:29 INFO  scripts.synthetic_model_comparison.training.training_pipeline | epoch 98/200 — val mAP50=0.9400 mAP50_95=0.6898 (selection mAP50_95=0.6898)
2026-08-02 18:23:29 INFO  scripts.synthetic_model_comparison.training.evaluation | mlflow: logged val/mAP50=0.9400 val/mAP50_95=0.6898 (step=97)
2026-08-02 18:23:30 INFO  scripts.synthetic_model_comparison.training.evaluation | mlflow: logged val per-class AP table (12 classes)
2026-08-02 18:23:30 INFO  scripts.synthetic_model_comparison.training.training_pipeline | saved checkpoint: /home/debian/Master-Thesis/scripts/synthetic_model_comparison/training/model_exports/yolo26n-realvisxl-lightning-maxlen-seed42-20260802-175008/last.pt
2026-08-02 18:23:30 INFO  scripts.synthetic_model_comparison.training.training_pipeline | epoch 98/200 done — next lr=0.00527835, epochs_since_improve=3/20
2026-08-02 18:23:30 INFO  scripts.synthetic_model_comparison.training.training_pipeline | epoch 99/200 — train start (lr=0.00527835, batches=15)
2026-08-02 18:23:42 INFO  scripts.synthetic_model_comparison.training.training_pipeline | epoch 99/200 — train done in 12.1s | avg loss_box=0.7323 loss_cls=0.4771 loss_dfl=0.0232 loss_total=77.6289
2026-08-02 18:23:42 INFO  scripts.synthetic_model_comparison.training.evaluation | evaluating on 4 batches
2026-08-02 18:23:49 INFO  scripts.synthetic_model_comparison.training.training_pipeline | epoch 99/200 — val mAP50=0.9508 mAP50_95=0.7638 (selection mAP50_95=0.7638)
2026-08-02 18:23:49 INFO  scripts.synthetic_model_comparison.training.evaluation | mlflow: logged val/mAP50=0.9508 val/mAP50_95=0.7638 (step=98)
2026-08-02 18:23:49 INFO  scripts.synthetic_model_comparison.training.evaluation | mlflow: logged val per-class AP table (12 classes)
2026-08-02 18:23:50 INFO  scripts.synthetic_model_comparison.training.training_pipeline | saved checkpoint: /home/debian/Master-Thesis/scripts/synthetic_model_comparison/training/model_exports/yolo26n-realvisxl-lightning-maxlen-seed42-20260802-175008/best.pt
2026-08-02 18:23:50 INFO  scripts.synthetic_model_comparison.training.training_pipeline | new best mAP50_95=0.7638 at epoch 99
2026-08-02 18:23:50 INFO  scripts.synthetic_model_comparison.training.training_pipeline | saved checkpoint: /home/debian/Master-Thesis/scripts/synthetic_model_comparison/training/model_exports/yolo26n-realvisxl-lightning-maxlen-seed42-20260802-175008/last.pt
2026-08-02 18:23:50 INFO  scripts.synthetic_model_comparison.training.training_pipeline | epoch 99/200 done — next lr=0.00519878, epochs_since_improve=0/20
2026-08-02 18:23:50 INFO  scripts.synthetic_model_comparison.training.training_pipeline | epoch 100/200 — train start (lr=0.00519878, batches=15)
2026-08-02 18:24:02 INFO  scripts.synthetic_model_comparison.training.training_pipeline | epoch 100/200 — train done in 12.0s | avg loss_box=0.7180 loss_cls=0.4513 loss_dfl=0.0228 loss_total=75.3846
2026-08-02 18:24:02 INFO  scripts.synthetic_model_comparison.training.evaluation | evaluating on 4 batches
2026-08-02 18:24:08 INFO  scripts.synthetic_model_comparison.training.training_pipeline | epoch 100/200 — val mAP50=0.9188 mAP50_95=0.6792 (selection mAP50_95=0.6792)
2026-08-02 18:24:09 INFO  scripts.synthetic_model_comparison.training.evaluation | mlflow: logged val/mAP50=0.9188 val/mAP50_95=0.6792 (step=99)
2026-08-02 18:24:09 INFO  scripts.synthetic_model_comparison.training.evaluation | mlflow: logged val per-class AP table (12 classes)
2026-08-02 18:24:09 INFO  scripts.synthetic_model_comparison.training.training_pipeline | saved checkpoint: /home/debian/Master-Thesis/scripts/synthetic_model_comparison/training/model_exports/yolo26n-realvisxl-lightning-maxlen-seed42-20260802-175008/last.pt
2026-08-02 18:24:10 INFO  scripts.synthetic_model_comparison.training.training_pipeline | epoch 100/200 done — next lr=0.00511916, epochs_since_improve=1/20
2026-08-02 18:24:10 INFO  scripts.synthetic_model_comparison.training.training_pipeline | epoch 101/200 — train start (lr=0.00511916, batches=15)
2026-08-02 18:24:16 INFO  scripts.synthetic_model_comparison.training.training_pipeline | step 1500 | loss_box=0.6456 loss_cls=0.4687 loss_dfl=0.0208 loss_total=71.8694 lr=0.00511385
2026-08-02 18:24:23 INFO  scripts.synthetic_model_comparison.training.training_pipeline | epoch 101/200 — train done in 13.6s | avg loss_box=0.7017 loss_cls=0.4461 loss_dfl=0.0221 loss_total=74.3702
2026-08-02 18:24:23 INFO  scripts.synthetic_model_comparison.training.evaluation | evaluating on 4 batches
2026-08-02 18:24:31 INFO  scripts.synthetic_model_comparison.training.training_pipeline | epoch 101/200 — val mAP50=0.9120 mAP50_95=0.7031 (selection mAP50_95=0.7031)
2026-08-02 18:24:32 INFO  scripts.synthetic_model_comparison.training.evaluation | mlflow: logged val/mAP50=0.9120 val/mAP50_95=0.7031 (step=100)
2026-08-02 18:24:32 INFO  scripts.synthetic_model_comparison.training.evaluation | mlflow: logged val per-class AP table (12 classes)
2026-08-02 18:24:32 INFO  scripts.synthetic_model_comparison.training.training_pipeline | saved checkpoint: /home/debian/Master-Thesis/scripts/synthetic_model_comparison/training/model_exports/yolo26n-realvisxl-lightning-maxlen-seed42-20260802-175008/last.pt
2026-08-02 18:24:33 INFO  scripts.synthetic_model_comparison.training.training_pipeline | epoch 101/200 done — next lr=0.00503952, epochs_since_improve=2/20
2026-08-02 18:24:33 INFO  scripts.synthetic_model_comparison.training.training_pipeline | epoch 102/200 — train start (lr=0.00503952, batches=15)
2026-08-02 18:24:45 INFO  scripts.synthetic_model_comparison.training.training_pipeline | epoch 102/200 — train done in 12.6s | avg loss_box=0.7060 loss_cls=0.4322 loss_dfl=0.0220 loss_total=73.5759
2026-08-02 18:24:45 INFO  scripts.synthetic_model_comparison.training.evaluation | evaluating on 4 batches
2026-08-02 18:24:53 INFO  scripts.synthetic_model_comparison.training.training_pipeline | epoch 102/200 — val mAP50=0.9122 mAP50_95=0.6757 (selection mAP50_95=0.6757)
2026-08-02 18:24:54 INFO  scripts.synthetic_model_comparison.training.evaluation | mlflow: logged val/mAP50=0.9122 val/mAP50_95=0.6757 (step=101)
2026-08-02 18:24:54 INFO  scripts.synthetic_model_comparison.training.evaluation | mlflow: logged val per-class AP table (12 classes)
2026-08-02 18:24:54 INFO  scripts.synthetic_model_comparison.training.training_pipeline | saved checkpoint: /home/debian/Master-Thesis/scripts/synthetic_model_comparison/training/model_exports/yolo26n-realvisxl-lightning-maxlen-seed42-20260802-175008/last.pt
2026-08-02 18:24:55 INFO  scripts.synthetic_model_comparison.training.training_pipeline | epoch 102/200 done — next lr=0.00495986, epochs_since_improve=3/20
2026-08-02 18:24:55 INFO  scripts.synthetic_model_comparison.training.training_pipeline | epoch 103/200 — train start (lr=0.00495986, batches=15)
2026-08-02 18:25:07 INFO  scripts.synthetic_model_comparison.training.training_pipeline | epoch 103/200 — train done in 12.2s | avg loss_box=0.6873 loss_cls=0.4525 loss_dfl=0.0217 loss_total=73.4867
2026-08-02 18:25:07 INFO  scripts.synthetic_model_comparison.training.evaluation | evaluating on 4 batches
2026-08-02 18:25:13 INFO  scripts.synthetic_model_comparison.training.training_pipeline | epoch 103/200 — val mAP50=0.9448 mAP50_95=0.7764 (selection mAP50_95=0.7764)
2026-08-02 18:25:14 INFO  scripts.synthetic_model_comparison.training.evaluation | mlflow: logged val/mAP50=0.9448 val/mAP50_95=0.7764 (step=102)
2026-08-02 18:25:14 INFO  scripts.synthetic_model_comparison.training.evaluation | mlflow: logged val per-class AP table (12 classes)
2026-08-02 18:25:14 INFO  scripts.synthetic_model_comparison.training.training_pipeline | saved checkpoint: /home/debian/Master-Thesis/scripts/synthetic_model_comparison/training/model_exports/yolo26n-realvisxl-lightning-maxlen-seed42-20260802-175008/best.pt
2026-08-02 18:25:14 INFO  scripts.synthetic_model_comparison.training.training_pipeline | new best mAP50_95=0.7764 at epoch 103
2026-08-02 18:25:14 INFO  scripts.synthetic_model_comparison.training.training_pipeline | saved checkpoint: /home/debian/Master-Thesis/scripts/synthetic_model_comparison/training/model_exports/yolo26n-realvisxl-lightning-maxlen-seed42-20260802-175008/last.pt
2026-08-02 18:25:15 INFO  scripts.synthetic_model_comparison.training.training_pipeline | epoch 103/200 done — next lr=0.00488022, epochs_since_improve=0/20
2026-08-02 18:25:15 INFO  scripts.synthetic_model_comparison.training.training_pipeline | epoch 104/200 — train start (lr=0.00488022, batches=15)
2026-08-02 18:25:23 INFO  scripts.synthetic_model_comparison.training.training_pipeline | step 1550 | loss_box=0.6491 loss_cls=0.3895 loss_dfl=0.0208 loss_total=68.7514 lr=0.00484837
2026-08-02 18:25:28 INFO  scripts.synthetic_model_comparison.training.training_pipeline | epoch 104/200 — train done in 13.8s | avg loss_box=0.6815 loss_cls=0.4299 loss_dfl=0.0211 loss_total=72.2215
2026-08-02 18:25:28 INFO  scripts.synthetic_model_comparison.training.evaluation | evaluating on 4 batches
2026-08-02 18:25:36 INFO  scripts.synthetic_model_comparison.training.training_pipeline | epoch 104/200 — val mAP50=0.9109 mAP50_95=0.5995 (selection mAP50_95=0.5995)
2026-08-02 18:25:37 INFO  scripts.synthetic_model_comparison.training.evaluation | mlflow: logged val/mAP50=0.9109 val/mAP50_95=0.5995 (step=103)
2026-08-02 18:25:37 INFO  scripts.synthetic_model_comparison.training.evaluation | mlflow: logged val per-class AP table (12 classes)
2026-08-02 18:25:38 INFO  scripts.synthetic_model_comparison.training.training_pipeline | saved checkpoint: /home/debian/Master-Thesis/scripts/synthetic_model_comparison/training/model_exports/yolo26n-realvisxl-lightning-maxlen-seed42-20260802-175008/last.pt
2026-08-02 18:25:38 INFO  scripts.synthetic_model_comparison.training.training_pipeline | epoch 104/200 done — next lr=0.00480061, epochs_since_improve=1/20
2026-08-02 18:25:38 INFO  scripts.synthetic_model_comparison.training.training_pipeline | epoch 105/200 — train start (lr=0.00480061, batches=15)
2026-08-02 18:25:51 INFO  scripts.synthetic_model_comparison.training.training_pipeline | epoch 105/200 — train done in 12.9s | avg loss_box=0.6725 loss_cls=0.4247 loss_dfl=0.0210 loss_total=71.1316
2026-08-02 18:25:51 INFO  scripts.synthetic_model_comparison.training.evaluation | evaluating on 4 batches
2026-08-02 18:25:59 INFO  scripts.synthetic_model_comparison.training.training_pipeline | epoch 105/200 — val mAP50=0.9532 mAP50_95=0.7727 (selection mAP50_95=0.7727)
2026-08-02 18:26:00 INFO  scripts.synthetic_model_comparison.training.evaluation | mlflow: logged val/mAP50=0.9532 val/mAP50_95=0.7727 (step=104)
2026-08-02 18:26:00 INFO  scripts.synthetic_model_comparison.training.evaluation | mlflow: logged val per-class AP table (12 classes)
2026-08-02 18:26:00 INFO  scripts.synthetic_model_comparison.training.training_pipeline | saved checkpoint: /home/debian/Master-Thesis/scripts/synthetic_model_comparison/training/model_exports/yolo26n-realvisxl-lightning-maxlen-seed42-20260802-175008/last.pt
2026-08-02 18:26:00 INFO  scripts.synthetic_model_comparison.training.training_pipeline | epoch 105/200 done — next lr=0.00472105, epochs_since_improve=2/20
2026-08-02 18:26:00 INFO  scripts.synthetic_model_comparison.training.training_pipeline | epoch 106/200 — train start (lr=0.00472105, batches=15)
2026-08-02 18:26:12 INFO  scripts.synthetic_model_comparison.training.training_pipeline | epoch 106/200 — train done in 12.0s | avg loss_box=0.6803 loss_cls=0.4276 loss_dfl=0.0216 loss_total=71.8996
2026-08-02 18:26:12 INFO  scripts.synthetic_model_comparison.training.evaluation | evaluating on 4 batches
2026-08-02 18:26:19 INFO  scripts.synthetic_model_comparison.training.training_pipeline | epoch 106/200 — val mAP50=0.9551 mAP50_95=0.7782 (selection mAP50_95=0.7782)
2026-08-02 18:26:19 INFO  scripts.synthetic_model_comparison.training.evaluation | mlflow: logged val/mAP50=0.9551 val/mAP50_95=0.7782 (step=105)
2026-08-02 18:26:20 INFO  scripts.synthetic_model_comparison.training.evaluation | mlflow: logged val per-class AP table (12 classes)
2026-08-02 18:26:20 INFO  scripts.synthetic_model_comparison.training.training_pipeline | saved checkpoint: /home/debian/Master-Thesis/scripts/synthetic_model_comparison/training/model_exports/yolo26n-realvisxl-lightning-maxlen-seed42-20260802-175008/best.pt
2026-08-02 18:26:20 INFO  scripts.synthetic_model_comparison.training.training_pipeline | new best mAP50_95=0.7782 at epoch 106
2026-08-02 18:26:20 INFO  scripts.synthetic_model_comparison.training.training_pipeline | saved checkpoint: /home/debian/Master-Thesis/scripts/synthetic_model_comparison/training/model_exports/yolo26n-realvisxl-lightning-maxlen-seed42-20260802-175008/last.pt
2026-08-02 18:26:20 INFO  scripts.synthetic_model_comparison.training.training_pipeline | epoch 106/200 done — next lr=0.00464156, epochs_since_improve=0/20
2026-08-02 18:26:20 INFO  scripts.synthetic_model_comparison.training.training_pipeline | epoch 107/200 — train start (lr=0.00464156, batches=15)
2026-08-02 18:26:31 INFO  scripts.synthetic_model_comparison.training.training_pipeline | step 1600 | loss_box=0.6953 loss_cls=0.3804 loss_dfl=0.0221 loss_total=70.3642 lr=0.00458333
2026-08-02 18:26:33 INFO  scripts.synthetic_model_comparison.training.training_pipeline | epoch 107/200 — train done in 13.3s | avg loss_box=0.6547 loss_cls=0.4041 loss_dfl=0.0204 loss_total=69.0662
2026-08-02 18:26:34 INFO  scripts.synthetic_model_comparison.training.evaluation | evaluating on 4 batches
2026-08-02 18:26:39 INFO  scripts.synthetic_model_comparison.training.training_pipeline | epoch 107/200 — val mAP50=0.9486 mAP50_95=0.7796 (selection mAP50_95=0.7796)
2026-08-02 18:26:40 INFO  scripts.synthetic_model_comparison.training.evaluation | mlflow: logged val/mAP50=0.9486 val/mAP50_95=0.7796 (step=106)
2026-08-02 18:26:40 INFO  scripts.synthetic_model_comparison.training.evaluation | mlflow: logged val per-class AP table (12 classes)
2026-08-02 18:26:41 INFO  scripts.synthetic_model_comparison.training.training_pipeline | saved checkpoint: /home/debian/Master-Thesis/scripts/synthetic_model_comparison/training/model_exports/yolo26n-realvisxl-lightning-maxlen-seed42-20260802-175008/best.pt
2026-08-02 18:26:41 INFO  scripts.synthetic_model_comparison.training.training_pipeline | new best mAP50_95=0.7796 at epoch 107
2026-08-02 18:26:41 INFO  scripts.synthetic_model_comparison.training.training_pipeline | saved checkpoint: /home/debian/Master-Thesis/scripts/synthetic_model_comparison/training/model_exports/yolo26n-realvisxl-lightning-maxlen-seed42-20260802-175008/last.pt
2026-08-02 18:26:41 INFO  scripts.synthetic_model_comparison.training.training_pipeline | epoch 107/200 done — next lr=0.00456216, epochs_since_improve=0/20
2026-08-02 18:26:41 INFO  scripts.synthetic_model_comparison.training.training_pipeline | epoch 108/200 — train start (lr=0.00456216, batches=15)
2026-08-02 18:26:53 INFO  scripts.synthetic_model_comparison.training.training_pipeline | epoch 108/200 — train done in 11.9s | avg loss_box=0.6762 loss_cls=0.4226 loss_dfl=0.0220 loss_total=71.1876
2026-08-02 18:26:53 INFO  scripts.synthetic_model_comparison.training.evaluation | evaluating on 4 batches
2026-08-02 18:27:01 INFO  scripts.synthetic_model_comparison.training.training_pipeline | epoch 108/200 — val mAP50=0.9263 mAP50_95=0.6699 (selection mAP50_95=0.6699)
2026-08-02 18:27:02 INFO  scripts.synthetic_model_comparison.training.evaluation | mlflow: logged val/mAP50=0.9263 val/mAP50_95=0.6699 (step=107)
2026-08-02 18:27:02 INFO  scripts.synthetic_model_comparison.training.evaluation | mlflow: logged val per-class AP table (12 classes)
2026-08-02 18:27:02 INFO  scripts.synthetic_model_comparison.training.training_pipeline | saved checkpoint: /home/debian/Master-Thesis/scripts/synthetic_model_comparison/training/model_exports/yolo26n-realvisxl-lightning-maxlen-seed42-20260802-175008/last.pt
2026-08-02 18:27:03 INFO  scripts.synthetic_model_comparison.training.training_pipeline | epoch 108/200 done — next lr=0.00448288, epochs_since_improve=1/20
2026-08-02 18:27:03 INFO  scripts.synthetic_model_comparison.training.training_pipeline | epoch 109/200 — train start (lr=0.00448288, batches=15)
2026-08-02 18:27:15 INFO  scripts.synthetic_model_comparison.training.training_pipeline | epoch 109/200 — train done in 12.7s | avg loss_box=0.6609 loss_cls=0.4253 loss_dfl=0.0207 loss_total=70.3519
2026-08-02 18:27:15 INFO  scripts.synthetic_model_comparison.training.evaluation | evaluating on 4 batches
2026-08-02 18:27:23 INFO  scripts.synthetic_model_comparison.training.training_pipeline | epoch 109/200 — val mAP50=0.9492 mAP50_95=0.7077 (selection mAP50_95=0.7077)
2026-08-02 18:27:24 INFO  scripts.synthetic_model_comparison.training.evaluation | mlflow: logged val/mAP50=0.9492 val/mAP50_95=0.7077 (step=108)
2026-08-02 18:27:24 INFO  scripts.synthetic_model_comparison.training.evaluation | mlflow: logged val per-class AP table (12 classes)
2026-08-02 18:27:25 INFO  scripts.synthetic_model_comparison.training.training_pipeline | saved checkpoint: /home/debian/Master-Thesis/scripts/synthetic_model_comparison/training/model_exports/yolo26n-realvisxl-lightning-maxlen-seed42-20260802-175008/last.pt
2026-08-02 18:27:25 INFO  scripts.synthetic_model_comparison.training.training_pipeline | epoch 109/200 done — next lr=0.00440373, epochs_since_improve=2/20
2026-08-02 18:27:25 INFO  scripts.synthetic_model_comparison.training.training_pipeline | epoch 110/200 — train start (lr=0.00440373, batches=15)
2026-08-02 18:27:37 INFO  scripts.synthetic_model_comparison.training.training_pipeline | epoch 110/200 — train done in 12.4s | avg loss_box=0.6695 loss_cls=0.4121 loss_dfl=0.0207 loss_total=70.0862
2026-08-02 18:27:37 INFO  scripts.synthetic_model_comparison.training.evaluation | evaluating on 4 batches
2026-08-02 18:27:44 INFO  scripts.synthetic_model_comparison.training.training_pipeline | epoch 110/200 — val mAP50=0.9551 mAP50_95=0.7937 (selection mAP50_95=0.7937)
2026-08-02 18:27:44 INFO  scripts.synthetic_model_comparison.training.evaluation | mlflow: logged val/mAP50=0.9551 val/mAP50_95=0.7937 (step=109)
2026-08-02 18:27:45 INFO  scripts.synthetic_model_comparison.training.evaluation | mlflow: logged val per-class AP table (12 classes)
2026-08-02 18:27:45 INFO  scripts.synthetic_model_comparison.training.training_pipeline | saved checkpoint: /home/debian/Master-Thesis/scripts/synthetic_model_comparison/training/model_exports/yolo26n-realvisxl-lightning-maxlen-seed42-20260802-175008/best.pt
2026-08-02 18:27:45 INFO  scripts.synthetic_model_comparison.training.training_pipeline | new best mAP50_95=0.7937 at epoch 110
2026-08-02 18:27:45 INFO  scripts.synthetic_model_comparison.training.training_pipeline | saved checkpoint: /home/debian/Master-Thesis/scripts/synthetic_model_comparison/training/model_exports/yolo26n-realvisxl-lightning-maxlen-seed42-20260802-175008/last.pt
2026-08-02 18:27:45 INFO  scripts.synthetic_model_comparison.training.training_pipeline | epoch 110/200 done — next lr=0.00432473, epochs_since_improve=0/20
2026-08-02 18:27:45 INFO  scripts.synthetic_model_comparison.training.training_pipeline | epoch 111/200 — train start (lr=0.00432473, batches=15)
2026-08-02 18:27:51 INFO  scripts.synthetic_model_comparison.training.training_pipeline | step 1650 | loss_box=0.5232 loss_cls=0.3171 loss_dfl=0.0156 loss_total=57.4437 lr=0.00431947
2026-08-02 18:27:59 INFO  scripts.synthetic_model_comparison.training.training_pipeline | epoch 111/200 — train done in 13.4s | avg loss_box=0.6461 loss_cls=0.4080 loss_dfl=0.0205 loss_total=68.4569
2026-08-02 18:27:59 INFO  scripts.synthetic_model_comparison.training.evaluation | evaluating on 4 batches
2026-08-02 18:28:05 INFO  scripts.synthetic_model_comparison.training.training_pipeline | epoch 111/200 — val mAP50=0.9631 mAP50_95=0.7968 (selection mAP50_95=0.7968)
2026-08-02 18:28:05 INFO  scripts.synthetic_model_comparison.training.evaluation | mlflow: logged val/mAP50=0.9631 val/mAP50_95=0.7968 (step=110)
2026-08-02 18:28:06 INFO  scripts.synthetic_model_comparison.training.evaluation | mlflow: logged val per-class AP table (12 classes)
2026-08-02 18:28:06 INFO  scripts.synthetic_model_comparison.training.training_pipeline | saved checkpoint: /home/debian/Master-Thesis/scripts/synthetic_model_comparison/training/model_exports/yolo26n-realvisxl-lightning-maxlen-seed42-20260802-175008/best.pt
2026-08-02 18:28:06 INFO  scripts.synthetic_model_comparison.training.training_pipeline | new best mAP50_95=0.7968 at epoch 111
2026-08-02 18:28:06 INFO  scripts.synthetic_model_comparison.training.training_pipeline | saved checkpoint: /home/debian/Master-Thesis/scripts/synthetic_model_comparison/training/model_exports/yolo26n-realvisxl-lightning-maxlen-seed42-20260802-175008/last.pt
2026-08-02 18:28:06 INFO  scripts.synthetic_model_comparison.training.training_pipeline | epoch 111/200 done — next lr=0.00424591, epochs_since_improve=0/20
2026-08-02 18:28:06 INFO  scripts.synthetic_model_comparison.training.training_pipeline | epoch 112/200 — train start (lr=0.00424591, batches=15)
2026-08-02 18:28:19 INFO  scripts.synthetic_model_comparison.training.training_pipeline | epoch 112/200 — train done in 12.1s | avg loss_box=0.6634 loss_cls=0.3963 loss_dfl=0.0209 loss_total=68.6892
2026-08-02 18:28:19 INFO  scripts.synthetic_model_comparison.training.evaluation | evaluating on 4 batches
2026-08-02 18:28:25 INFO  scripts.synthetic_model_comparison.training.training_pipeline | epoch 112/200 — val mAP50=0.9587 mAP50_95=0.7840 (selection mAP50_95=0.7840)
2026-08-02 18:28:25 INFO  scripts.synthetic_model_comparison.training.evaluation | mlflow: logged val/mAP50=0.9587 val/mAP50_95=0.7840 (step=111)
2026-08-02 18:28:26 INFO  scripts.synthetic_model_comparison.training.evaluation | mlflow: logged val per-class AP table (12 classes)
2026-08-02 18:28:26 INFO  scripts.synthetic_model_comparison.training.training_pipeline | saved checkpoint: /home/debian/Master-Thesis/scripts/synthetic_model_comparison/training/model_exports/yolo26n-realvisxl-lightning-maxlen-seed42-20260802-175008/last.pt
2026-08-02 18:28:26 INFO  scripts.synthetic_model_comparison.training.training_pipeline | epoch 112/200 done — next lr=0.00416728, epochs_since_improve=1/20
2026-08-02 18:28:26 INFO  scripts.synthetic_model_comparison.training.training_pipeline | epoch 113/200 — train start (lr=0.00416728, batches=15)
2026-08-02 18:28:38 INFO  scripts.synthetic_model_comparison.training.training_pipeline | epoch 113/200 — train done in 12.1s | avg loss_box=0.6398 loss_cls=0.3882 loss_dfl=0.0202 loss_total=67.2473
2026-08-02 18:28:38 INFO  scripts.synthetic_model_comparison.training.evaluation | evaluating on 4 batches
2026-08-02 18:28:46 INFO  scripts.synthetic_model_comparison.training.training_pipeline | epoch 113/200 — val mAP50=0.9607 mAP50_95=0.7955 (selection mAP50_95=0.7955)
2026-08-02 18:28:47 INFO  scripts.synthetic_model_comparison.training.evaluation | mlflow: logged val/mAP50=0.9607 val/mAP50_95=0.7955 (step=112)
2026-08-02 18:28:47 INFO  scripts.synthetic_model_comparison.training.evaluation | mlflow: logged val per-class AP table (12 classes)
2026-08-02 18:28:47 INFO  scripts.synthetic_model_comparison.training.training_pipeline | saved checkpoint: /home/debian/Master-Thesis/scripts/synthetic_model_comparison/training/model_exports/yolo26n-realvisxl-lightning-maxlen-seed42-20260802-175008/last.pt
2026-08-02 18:28:47 INFO  scripts.synthetic_model_comparison.training.training_pipeline | epoch 113/200 done — next lr=0.00408886, epochs_since_improve=2/20
2026-08-02 18:28:47 INFO  scripts.synthetic_model_comparison.training.training_pipeline | epoch 114/200 — train start (lr=0.00408886, batches=15)
2026-08-02 18:28:56 INFO  scripts.synthetic_model_comparison.training.training_pipeline | step 1700 | loss_box=0.6043 loss_cls=0.3919 loss_dfl=0.0191 loss_total=64.3518 lr=0.00405756
2026-08-02 18:29:01 INFO  scripts.synthetic_model_comparison.training.training_pipeline | epoch 114/200 — train done in 13.6s | avg loss_box=0.5996 loss_cls=0.3978 loss_dfl=0.0190 loss_total=64.8281
2026-08-02 18:29:01 INFO  scripts.synthetic_model_comparison.training.evaluation | evaluating on 4 batches
2026-08-02 18:29:07 INFO  scripts.synthetic_model_comparison.training.training_pipeline | epoch 114/200 — val mAP50=0.9578 mAP50_95=0.7807 (selection mAP50_95=0.7807)
2026-08-02 18:29:08 INFO  scripts.synthetic_model_comparison.training.evaluation | mlflow: logged val/mAP50=0.9578 val/mAP50_95=0.7807 (step=113)
2026-08-02 18:29:08 INFO  scripts.synthetic_model_comparison.training.evaluation | mlflow: logged val per-class AP table (12 classes)
2026-08-02 18:29:09 INFO  scripts.synthetic_model_comparison.training.training_pipeline | saved checkpoint: /home/debian/Master-Thesis/scripts/synthetic_model_comparison/training/model_exports/yolo26n-realvisxl-lightning-maxlen-seed42-20260802-175008/last.pt
2026-08-02 18:29:09 INFO  scripts.synthetic_model_comparison.training.training_pipeline | epoch 114/200 done — next lr=0.00401067, epochs_since_improve=3/20
2026-08-02 18:29:09 INFO  scripts.synthetic_model_comparison.training.training_pipeline | epoch 115/200 — train start (lr=0.00401067, batches=15)
2026-08-02 18:29:21 INFO  scripts.synthetic_model_comparison.training.training_pipeline | epoch 115/200 — train done in 11.9s | avg loss_box=0.6266 loss_cls=0.3939 loss_dfl=0.0196 loss_total=66.4565
2026-08-02 18:29:21 INFO  scripts.synthetic_model_comparison.training.evaluation | evaluating on 4 batches
2026-08-02 18:29:27 INFO  scripts.synthetic_model_comparison.training.training_pipeline | epoch 115/200 — val mAP50=0.9442 mAP50_95=0.7437 (selection mAP50_95=0.7437)
2026-08-02 18:29:28 INFO  scripts.synthetic_model_comparison.training.evaluation | mlflow: logged val/mAP50=0.9442 val/mAP50_95=0.7437 (step=114)
2026-08-02 18:29:28 INFO  scripts.synthetic_model_comparison.training.evaluation | mlflow: logged val per-class AP table (12 classes)
2026-08-02 18:29:28 INFO  scripts.synthetic_model_comparison.training.training_pipeline | saved checkpoint: /home/debian/Master-Thesis/scripts/synthetic_model_comparison/training/model_exports/yolo26n-realvisxl-lightning-maxlen-seed42-20260802-175008/last.pt
2026-08-02 18:29:29 INFO  scripts.synthetic_model_comparison.training.training_pipeline | epoch 115/200 done — next lr=0.00393274, epochs_since_improve=4/20
2026-08-02 18:29:29 INFO  scripts.synthetic_model_comparison.training.training_pipeline | epoch 116/200 — train start (lr=0.00393274, batches=15)
2026-08-02 18:29:42 INFO  scripts.synthetic_model_comparison.training.training_pipeline | epoch 116/200 — train done in 13.0s | avg loss_box=0.6061 loss_cls=0.3740 loss_dfl=0.0189 loss_total=64.5654
2026-08-02 18:29:42 INFO  scripts.synthetic_model_comparison.training.evaluation | evaluating on 4 batches
2026-08-02 18:29:48 INFO  scripts.synthetic_model_comparison.training.training_pipeline | epoch 116/200 — val mAP50=0.9578 mAP50_95=0.7958 (selection mAP50_95=0.7958)
2026-08-02 18:29:49 INFO  scripts.synthetic_model_comparison.training.evaluation | mlflow: logged val/mAP50=0.9578 val/mAP50_95=0.7958 (step=115)
2026-08-02 18:29:49 INFO  scripts.synthetic_model_comparison.training.evaluation | mlflow: logged val per-class AP table (12 classes)
2026-08-02 18:29:49 INFO  scripts.synthetic_model_comparison.training.training_pipeline | saved checkpoint: /home/debian/Master-Thesis/scripts/synthetic_model_comparison/training/model_exports/yolo26n-realvisxl-lightning-maxlen-seed42-20260802-175008/last.pt
2026-08-02 18:29:49 INFO  scripts.synthetic_model_comparison.training.training_pipeline | epoch 116/200 done — next lr=0.00385508, epochs_since_improve=5/20
2026-08-02 18:29:49 INFO  scripts.synthetic_model_comparison.training.training_pipeline | epoch 117/200 — train start (lr=0.00385508, batches=15)
2026-08-02 18:30:01 INFO  scripts.synthetic_model_comparison.training.training_pipeline | step 1750 | loss_box=0.6535 loss_cls=0.3452 loss_dfl=0.0195 loss_total=64.7030 lr=0.00379832
2026-08-02 18:30:04 INFO  scripts.synthetic_model_comparison.training.training_pipeline | epoch 117/200 — train done in 14.9s | avg loss_box=0.6004 loss_cls=0.3735 loss_dfl=0.0187 loss_total=63.6932
2026-08-02 18:30:04 INFO  scripts.synthetic_model_comparison.training.evaluation | evaluating on 4 batches
2026-08-02 18:30:10 INFO  scripts.synthetic_model_comparison.training.training_pipeline | epoch 117/200 — val mAP50=0.9542 mAP50_95=0.7723 (selection mAP50_95=0.7723)
2026-08-02 18:30:11 INFO  scripts.synthetic_model_comparison.training.evaluation | mlflow: logged val/mAP50=0.9542 val/mAP50_95=0.7723 (step=116)
2026-08-02 18:30:11 INFO  scripts.synthetic_model_comparison.training.evaluation | mlflow: logged val per-class AP table (12 classes)
2026-08-02 18:30:11 INFO  scripts.synthetic_model_comparison.training.training_pipeline | saved checkpoint: /home/debian/Master-Thesis/scripts/synthetic_model_comparison/training/model_exports/yolo26n-realvisxl-lightning-maxlen-seed42-20260802-175008/last.pt
2026-08-02 18:30:12 INFO  scripts.synthetic_model_comparison.training.training_pipeline | epoch 117/200 done — next lr=0.00377772, epochs_since_improve=6/20
2026-08-02 18:30:12 INFO  scripts.synthetic_model_comparison.training.training_pipeline | epoch 118/200 — train start (lr=0.00377772, batches=15)
2026-08-02 18:30:24 INFO  scripts.synthetic_model_comparison.training.training_pipeline | epoch 118/200 — train done in 12.6s | avg loss_box=0.5919 loss_cls=0.3602 loss_dfl=0.0188 loss_total=62.6076
2026-08-02 18:30:24 INFO  scripts.synthetic_model_comparison.training.evaluation | evaluating on 4 batches
2026-08-02 18:30:31 INFO  scripts.synthetic_model_comparison.training.training_pipeline | epoch 118/200 — val mAP50=0.9461 mAP50_95=0.7685 (selection mAP50_95=0.7685)
2026-08-02 18:30:31 INFO  scripts.synthetic_model_comparison.training.evaluation | mlflow: logged val/mAP50=0.9461 val/mAP50_95=0.7685 (step=117)
2026-08-02 18:30:32 INFO  scripts.synthetic_model_comparison.training.evaluation | mlflow: logged val per-class AP table (12 classes)
2026-08-02 18:30:32 INFO  scripts.synthetic_model_comparison.training.training_pipeline | saved checkpoint: /home/debian/Master-Thesis/scripts/synthetic_model_comparison/training/model_exports/yolo26n-realvisxl-lightning-maxlen-seed42-20260802-175008/last.pt
2026-08-02 18:30:32 INFO  scripts.synthetic_model_comparison.training.training_pipeline | epoch 118/200 done — next lr=0.00370066, epochs_since_improve=7/20
2026-08-02 18:30:32 INFO  scripts.synthetic_model_comparison.training.training_pipeline | epoch 119/200 — train start (lr=0.00370066, batches=15)
2026-08-02 18:30:44 INFO  scripts.synthetic_model_comparison.training.training_pipeline | epoch 119/200 — train done in 11.8s | avg loss_box=0.6069 loss_cls=0.3719 loss_dfl=0.0194 loss_total=63.9778
2026-08-02 18:30:44 INFO  scripts.synthetic_model_comparison.training.evaluation | evaluating on 4 batches
2026-08-02 18:30:50 INFO  scripts.synthetic_model_comparison.training.training_pipeline | epoch 119/200 — val mAP50=0.9600 mAP50_95=0.7743 (selection mAP50_95=0.7743)
2026-08-02 18:30:51 INFO  scripts.synthetic_model_comparison.training.evaluation | mlflow: logged val/mAP50=0.9600 val/mAP50_95=0.7743 (step=118)
2026-08-02 18:30:51 INFO  scripts.synthetic_model_comparison.training.evaluation | mlflow: logged val per-class AP table (12 classes)
2026-08-02 18:30:51 INFO  scripts.synthetic_model_comparison.training.training_pipeline | saved checkpoint: /home/debian/Master-Thesis/scripts/synthetic_model_comparison/training/model_exports/yolo26n-realvisxl-lightning-maxlen-seed42-20260802-175008/last.pt
2026-08-02 18:30:52 INFO  scripts.synthetic_model_comparison.training.training_pipeline | epoch 119/200 done — next lr=0.00362394, epochs_since_improve=8/20
2026-08-02 18:30:52 INFO  scripts.synthetic_model_comparison.training.training_pipeline | epoch 120/200 — train start (lr=0.00362394, batches=15)
2026-08-02 18:31:04 INFO  scripts.synthetic_model_comparison.training.training_pipeline | epoch 120/200 — train done in 12.3s | avg loss_box=0.5870 loss_cls=0.3583 loss_dfl=0.0182 loss_total=62.0454
2026-08-02 18:31:04 INFO  scripts.synthetic_model_comparison.training.evaluation | evaluating on 4 batches
2026-08-02 18:31:12 INFO  scripts.synthetic_model_comparison.training.training_pipeline | epoch 120/200 — val mAP50=0.9442 mAP50_95=0.7865 (selection mAP50_95=0.7865)
2026-08-02 18:31:13 INFO  scripts.synthetic_model_comparison.training.evaluation | mlflow: logged val/mAP50=0.9442 val/mAP50_95=0.7865 (step=119)
2026-08-02 18:31:13 INFO  scripts.synthetic_model_comparison.training.evaluation | mlflow: logged val per-class AP table (12 classes)
2026-08-02 18:31:13 INFO  scripts.synthetic_model_comparison.training.training_pipeline | saved checkpoint: /home/debian/Master-Thesis/scripts/synthetic_model_comparison/training/model_exports/yolo26n-realvisxl-lightning-maxlen-seed42-20260802-175008/last.pt
2026-08-02 18:31:14 INFO  scripts.synthetic_model_comparison.training.training_pipeline | epoch 120/200 done — next lr=0.00354757, epochs_since_improve=9/20
2026-08-02 18:31:14 INFO  scripts.synthetic_model_comparison.training.training_pipeline | epoch 121/200 — train start (lr=0.00354757, batches=15)
2026-08-02 18:31:20 INFO  scripts.synthetic_model_comparison.training.training_pipeline | step 1800 | loss_box=0.5334 loss_cls=0.3217 loss_dfl=0.0170 loss_total=56.6452 lr=0.00354249
2026-08-02 18:31:27 INFO  scripts.synthetic_model_comparison.training.training_pipeline | epoch 121/200 — train done in 13.7s | avg loss_box=0.5792 loss_cls=0.3603 loss_dfl=0.0183 loss_total=61.5398
2026-08-02 18:31:27 INFO  scripts.synthetic_model_comparison.training.evaluation | evaluating on 4 batches
2026-08-02 18:31:33 INFO  scripts.synthetic_model_comparison.training.training_pipeline | epoch 121/200 — val mAP50=0.9530 mAP50_95=0.7741 (selection mAP50_95=0.7741)
2026-08-02 18:31:34 INFO  scripts.synthetic_model_comparison.training.evaluation | mlflow: logged val/mAP50=0.9530 val/mAP50_95=0.7741 (step=120)
2026-08-02 18:31:34 INFO  scripts.synthetic_model_comparison.training.evaluation | mlflow: logged val per-class AP table (12 classes)
2026-08-02 18:31:34 INFO  scripts.synthetic_model_comparison.training.training_pipeline | saved checkpoint: /home/debian/Master-Thesis/scripts/synthetic_model_comparison/training/model_exports/yolo26n-realvisxl-lightning-maxlen-seed42-20260802-175008/last.pt
2026-08-02 18:31:35 INFO  scripts.synthetic_model_comparison.training.training_pipeline | epoch 121/200 done — next lr=0.00347156, epochs_since_improve=10/20
2026-08-02 18:31:35 INFO  scripts.synthetic_model_comparison.training.training_pipeline | epoch 122/200 — train start (lr=0.00347156, batches=15)
2026-08-02 18:31:48 INFO  scripts.synthetic_model_comparison.training.training_pipeline | epoch 122/200 — train done in 13.1s | avg loss_box=0.5862 loss_cls=0.3443 loss_dfl=0.0182 loss_total=61.1597
2026-08-02 18:31:48 INFO  scripts.synthetic_model_comparison.training.evaluation | evaluating on 4 batches
2026-08-02 18:31:56 INFO  scripts.synthetic_model_comparison.training.training_pipeline | epoch 122/200 — val mAP50=0.9579 mAP50_95=0.8077 (selection mAP50_95=0.8077)
2026-08-02 18:31:56 INFO  scripts.synthetic_model_comparison.training.evaluation | mlflow: logged val/mAP50=0.9579 val/mAP50_95=0.8077 (step=121)
2026-08-02 18:31:57 INFO  scripts.synthetic_model_comparison.training.evaluation | mlflow: logged val per-class AP table (12 classes)
2026-08-02 18:31:57 INFO  scripts.synthetic_model_comparison.training.training_pipeline | saved checkpoint: /home/debian/Master-Thesis/scripts/synthetic_model_comparison/training/model_exports/yolo26n-realvisxl-lightning-maxlen-seed42-20260802-175008/best.pt
2026-08-02 18:31:57 INFO  scripts.synthetic_model_comparison.training.training_pipeline | new best mAP50_95=0.8077 at epoch 122
2026-08-02 18:31:57 INFO  scripts.synthetic_model_comparison.training.training_pipeline | saved checkpoint: /home/debian/Master-Thesis/scripts/synthetic_model_comparison/training/model_exports/yolo26n-realvisxl-lightning-maxlen-seed42-20260802-175008/last.pt
2026-08-02 18:31:57 INFO  scripts.synthetic_model_comparison.training.training_pipeline | epoch 122/200 done — next lr=0.00339595, epochs_since_improve=0/20
2026-08-02 18:31:57 INFO  scripts.synthetic_model_comparison.training.training_pipeline | epoch 123/200 — train start (lr=0.00339595, batches=15)
2026-08-02 18:32:09 INFO  scripts.synthetic_model_comparison.training.training_pipeline | epoch 123/200 — train done in 11.8s | avg loss_box=0.5698 loss_cls=0.3653 loss_dfl=0.0174 loss_total=61.2181
2026-08-02 18:32:09 INFO  scripts.synthetic_model_comparison.training.evaluation | evaluating on 4 batches
2026-08-02 18:32:15 INFO  scripts.synthetic_model_comparison.training.training_pipeline | epoch 123/200 — val mAP50=0.9606 mAP50_95=0.8071 (selection mAP50_95=0.8071)
2026-08-02 18:32:16 INFO  scripts.synthetic_model_comparison.training.evaluation | mlflow: logged val/mAP50=0.9606 val/mAP50_95=0.8071 (step=122)
2026-08-02 18:32:16 INFO  scripts.synthetic_model_comparison.training.evaluation | mlflow: logged val per-class AP table (12 classes)
2026-08-02 18:32:17 INFO  scripts.synthetic_model_comparison.training.training_pipeline | saved checkpoint: /home/debian/Master-Thesis/scripts/synthetic_model_comparison/training/model_exports/yolo26n-realvisxl-lightning-maxlen-seed42-20260802-175008/last.pt
2026-08-02 18:32:17 INFO  scripts.synthetic_model_comparison.training.training_pipeline | epoch 123/200 done — next lr=0.00332075, epochs_since_improve=1/20
2026-08-02 18:32:17 INFO  scripts.synthetic_model_comparison.training.training_pipeline | epoch 124/200 — train start (lr=0.00332075, batches=15)
2026-08-02 18:32:25 INFO  scripts.synthetic_model_comparison.training.training_pipeline | step 1850 | loss_box=0.5435 loss_cls=0.4071 loss_dfl=0.0172 loss_total=61.7299 lr=0.00329079
2026-08-02 18:32:30 INFO  scripts.synthetic_model_comparison.training.training_pipeline | epoch 124/200 — train done in 13.3s | avg loss_box=0.5649 loss_cls=0.3431 loss_dfl=0.0172 loss_total=60.0554
2026-08-02 18:32:30 INFO  scripts.synthetic_model_comparison.training.evaluation | evaluating on 4 batches
2026-08-02 18:32:38 INFO  scripts.synthetic_model_comparison.training.training_pipeline | epoch 124/200 — val mAP50=0.9615 mAP50_95=0.7967 (selection mAP50_95=0.7967)
2026-08-02 18:32:39 INFO  scripts.synthetic_model_comparison.training.evaluation | mlflow: logged val/mAP50=0.9615 val/mAP50_95=0.7967 (step=123)
2026-08-02 18:32:39 INFO  scripts.synthetic_model_comparison.training.evaluation | mlflow: logged val per-class AP table (12 classes)
2026-08-02 18:32:39 INFO  scripts.synthetic_model_comparison.training.training_pipeline | saved checkpoint: /home/debian/Master-Thesis/scripts/synthetic_model_comparison/training/model_exports/yolo26n-realvisxl-lightning-maxlen-seed42-20260802-175008/last.pt
2026-08-02 18:32:40 INFO  scripts.synthetic_model_comparison.training.training_pipeline | epoch 124/200 done — next lr=0.00324598, epochs_since_improve=2/20
2026-08-02 18:32:40 INFO  scripts.synthetic_model_comparison.training.training_pipeline | epoch 125/200 — train start (lr=0.00324598, batches=15)
2026-08-02 18:32:52 INFO  scripts.synthetic_model_comparison.training.training_pipeline | epoch 125/200 — train done in 12.7s | avg loss_box=0.5299 loss_cls=0.3417 loss_dfl=0.0163 loss_total=57.6548
2026-08-02 18:32:52 INFO  scripts.synthetic_model_comparison.training.evaluation | evaluating on 4 batches
2026-08-02 18:32:59 INFO  scripts.synthetic_model_comparison.training.training_pipeline | epoch 125/200 — val mAP50=0.9553 mAP50_95=0.7933 (selection mAP50_95=0.7933)
2026-08-02 18:32:59 INFO  scripts.synthetic_model_comparison.training.evaluation | mlflow: logged val/mAP50=0.9553 val/mAP50_95=0.7933 (step=124)
2026-08-02 18:33:00 INFO  scripts.synthetic_model_comparison.training.evaluation | mlflow: logged val per-class AP table (12 classes)
2026-08-02 18:33:00 INFO  scripts.synthetic_model_comparison.training.training_pipeline | saved checkpoint: /home/debian/Master-Thesis/scripts/synthetic_model_comparison/training/model_exports/yolo26n-realvisxl-lightning-maxlen-seed42-20260802-175008/last.pt
2026-08-02 18:33:00 INFO  scripts.synthetic_model_comparison.training.training_pipeline | epoch 125/200 done — next lr=0.00317165, epochs_since_improve=3/20
2026-08-02 18:33:00 INFO  scripts.synthetic_model_comparison.training.training_pipeline | epoch 126/200 — train start (lr=0.00317165, batches=15)
2026-08-02 18:33:12 INFO  scripts.synthetic_model_comparison.training.training_pipeline | epoch 126/200 — train done in 11.5s | avg loss_box=0.5804 loss_cls=0.3471 loss_dfl=0.0183 loss_total=60.8871
2026-08-02 18:33:12 INFO  scripts.synthetic_model_comparison.training.evaluation | evaluating on 4 batches
2026-08-02 18:33:18 INFO  scripts.synthetic_model_comparison.training.training_pipeline | epoch 126/200 — val mAP50=0.9566 mAP50_95=0.7815 (selection mAP50_95=0.7815)
2026-08-02 18:33:19 INFO  scripts.synthetic_model_comparison.training.evaluation | mlflow: logged val/mAP50=0.9566 val/mAP50_95=0.7815 (step=125)
2026-08-02 18:33:19 INFO  scripts.synthetic_model_comparison.training.evaluation | mlflow: logged val per-class AP table (12 classes)
2026-08-02 18:33:19 INFO  scripts.synthetic_model_comparison.training.training_pipeline | saved checkpoint: /home/debian/Master-Thesis/scripts/synthetic_model_comparison/training/model_exports/yolo26n-realvisxl-lightning-maxlen-seed42-20260802-175008/last.pt
2026-08-02 18:33:19 INFO  scripts.synthetic_model_comparison.training.training_pipeline | epoch 126/200 done — next lr=0.00309779, epochs_since_improve=4/20
2026-08-02 18:33:19 INFO  scripts.synthetic_model_comparison.training.training_pipeline | epoch 127/200 — train start (lr=0.00309779, batches=15)
2026-08-02 18:33:30 INFO  scripts.synthetic_model_comparison.training.training_pipeline | step 1900 | loss_box=0.5415 loss_cls=0.3148 loss_dfl=0.0162 loss_total=57.6030 lr=0.00304393
2026-08-02 18:33:33 INFO  scripts.synthetic_model_comparison.training.training_pipeline | epoch 127/200 — train done in 13.9s | avg loss_box=0.5740 loss_cls=0.3377 loss_dfl=0.0180 loss_total=59.9035
2026-08-02 18:33:33 INFO  scripts.synthetic_model_comparison.training.evaluation | evaluating on 4 batches
2026-08-02 18:33:39 INFO  scripts.synthetic_model_comparison.training.training_pipeline | epoch 127/200 — val mAP50=0.9594 mAP50_95=0.8053 (selection mAP50_95=0.8053)
2026-08-02 18:33:40 INFO  scripts.synthetic_model_comparison.training.evaluation | mlflow: logged val/mAP50=0.9594 val/mAP50_95=0.8053 (step=126)
2026-08-02 18:33:40 INFO  scripts.synthetic_model_comparison.training.evaluation | mlflow: logged val per-class AP table (12 classes)
2026-08-02 18:33:40 INFO  scripts.synthetic_model_comparison.training.training_pipeline | saved checkpoint: /home/debian/Master-Thesis/scripts/synthetic_model_comparison/training/model_exports/yolo26n-realvisxl-lightning-maxlen-seed42-20260802-175008/last.pt
2026-08-02 18:33:41 INFO  scripts.synthetic_model_comparison.training.training_pipeline | epoch 127/200 done — next lr=0.00302441, epochs_since_improve=5/20
2026-08-02 18:33:41 INFO  scripts.synthetic_model_comparison.training.training_pipeline | epoch 128/200 — train start (lr=0.00302441, batches=15)
2026-08-02 18:33:52 INFO  scripts.synthetic_model_comparison.training.training_pipeline | epoch 128/200 — train done in 11.8s | avg loss_box=0.5524 loss_cls=0.3347 loss_dfl=0.0176 loss_total=58.4861
2026-08-02 18:33:52 INFO  scripts.synthetic_model_comparison.training.evaluation | evaluating on 4 batches
2026-08-02 18:33:59 INFO  scripts.synthetic_model_comparison.training.training_pipeline | epoch 128/200 — val mAP50=0.9627 mAP50_95=0.8083 (selection mAP50_95=0.8083)
2026-08-02 18:33:59 INFO  scripts.synthetic_model_comparison.training.evaluation | mlflow: logged val/mAP50=0.9627 val/mAP50_95=0.8083 (step=127)
2026-08-02 18:34:00 INFO  scripts.synthetic_model_comparison.training.evaluation | mlflow: logged val per-class AP table (12 classes)
2026-08-02 18:34:00 INFO  scripts.synthetic_model_comparison.training.training_pipeline | saved checkpoint: /home/debian/Master-Thesis/scripts/synthetic_model_comparison/training/model_exports/yolo26n-realvisxl-lightning-maxlen-seed42-20260802-175008/last.pt
2026-08-02 18:34:00 INFO  scripts.synthetic_model_comparison.training.training_pipeline | epoch 128/200 done — next lr=0.00295154, epochs_since_improve=6/20
2026-08-02 18:34:00 INFO  scripts.synthetic_model_comparison.training.training_pipeline | epoch 129/200 — train start (lr=0.00295154, batches=15)
2026-08-02 18:34:12 INFO  scripts.synthetic_model_comparison.training.training_pipeline | epoch 129/200 — train done in 11.9s | avg loss_box=0.5447 loss_cls=0.3282 loss_dfl=0.0169 loss_total=57.4859
2026-08-02 18:34:12 INFO  scripts.synthetic_model_comparison.training.evaluation | evaluating on 4 batches
2026-08-02 18:34:18 INFO  scripts.synthetic_model_comparison.training.training_pipeline | epoch 129/200 — val mAP50=0.9671 mAP50_95=0.8150 (selection mAP50_95=0.8150)
2026-08-02 18:34:19 INFO  scripts.synthetic_model_comparison.training.evaluation | mlflow: logged val/mAP50=0.9671 val/mAP50_95=0.8150 (step=128)
2026-08-02 18:34:19 INFO  scripts.synthetic_model_comparison.training.evaluation | mlflow: logged val per-class AP table (12 classes)
2026-08-02 18:34:19 INFO  scripts.synthetic_model_comparison.training.training_pipeline | saved checkpoint: /home/debian/Master-Thesis/scripts/synthetic_model_comparison/training/model_exports/yolo26n-realvisxl-lightning-maxlen-seed42-20260802-175008/best.pt
2026-08-02 18:34:19 INFO  scripts.synthetic_model_comparison.training.training_pipeline | new best mAP50_95=0.8150 at epoch 129
2026-08-02 18:34:20 INFO  scripts.synthetic_model_comparison.training.training_pipeline | saved checkpoint: /home/debian/Master-Thesis/scripts/synthetic_model_comparison/training/model_exports/yolo26n-realvisxl-lightning-maxlen-seed42-20260802-175008/last.pt
2026-08-02 18:34:20 INFO  scripts.synthetic_model_comparison.training.training_pipeline | epoch 129/200 done — next lr=0.00287919, epochs_since_improve=0/20
2026-08-02 18:34:20 INFO  scripts.synthetic_model_comparison.training.training_pipeline | epoch 130/200 — train start (lr=0.00287919, batches=15)
2026-08-02 18:34:32 INFO  scripts.synthetic_model_comparison.training.training_pipeline | epoch 130/200 — train done in 12.4s | avg loss_box=0.5179 loss_cls=0.3078 loss_dfl=0.0162 loss_total=55.0148
2026-08-02 18:34:32 INFO  scripts.synthetic_model_comparison.training.evaluation | evaluating on 4 batches
2026-08-02 18:34:40 INFO  scripts.synthetic_model_comparison.training.training_pipeline | epoch 130/200 — val mAP50=0.9599 mAP50_95=0.8046 (selection mAP50_95=0.8046)
2026-08-02 18:34:41 INFO  scripts.synthetic_model_comparison.training.evaluation | mlflow: logged val/mAP50=0.9599 val/mAP50_95=0.8046 (step=129)
2026-08-02 18:34:41 INFO  scripts.synthetic_model_comparison.training.evaluation | mlflow: logged val per-class AP table (12 classes)
2026-08-02 18:34:41 INFO  scripts.synthetic_model_comparison.training.training_pipeline | saved checkpoint: /home/debian/Master-Thesis/scripts/synthetic_model_comparison/training/model_exports/yolo26n-realvisxl-lightning-maxlen-seed42-20260802-175008/last.pt
2026-08-02 18:34:42 INFO  scripts.synthetic_model_comparison.training.training_pipeline | epoch 130/200 done — next lr=0.00280738, epochs_since_improve=1/20
2026-08-02 18:34:42 INFO  scripts.synthetic_model_comparison.training.training_pipeline | epoch 131/200 — train start (lr=0.00280738, batches=15)
2026-08-02 18:34:48 INFO  scripts.synthetic_model_comparison.training.training_pipeline | step 1950 | loss_box=0.5601 loss_cls=0.2988 loss_dfl=0.0175 loss_total=57.5426 lr=0.00280262
2026-08-02 18:34:55 INFO  scripts.synthetic_model_comparison.training.training_pipeline | epoch 131/200 — train done in 13.5s | avg loss_box=0.5417 loss_cls=0.3153 loss_dfl=0.0167 loss_total=56.7668
2026-08-02 18:34:55 INFO  scripts.synthetic_model_comparison.training.evaluation | evaluating on 4 batches
2026-08-02 18:35:02 INFO  scripts.synthetic_model_comparison.training.training_pipeline | epoch 131/200 — val mAP50=0.9657 mAP50_95=0.7967 (selection mAP50_95=0.7967)
2026-08-02 18:35:02 INFO  scripts.synthetic_model_comparison.training.evaluation | mlflow: logged val/mAP50=0.9657 val/mAP50_95=0.7967 (step=130)
2026-08-02 18:35:03 INFO  scripts.synthetic_model_comparison.training.evaluation | mlflow: logged val per-class AP table (12 classes)
2026-08-02 18:35:03 INFO  scripts.synthetic_model_comparison.training.training_pipeline | saved checkpoint: /home/debian/Master-Thesis/scripts/synthetic_model_comparison/training/model_exports/yolo26n-realvisxl-lightning-maxlen-seed42-20260802-175008/last.pt
2026-08-02 18:35:03 INFO  scripts.synthetic_model_comparison.training.training_pipeline | epoch 131/200 done — next lr=0.00273613, epochs_since_improve=2/20
2026-08-02 18:35:03 INFO  scripts.synthetic_model_comparison.training.training_pipeline | epoch 132/200 — train start (lr=0.00273613, batches=15)
2026-08-02 18:35:15 INFO  scripts.synthetic_model_comparison.training.training_pipeline | epoch 132/200 — train done in 12.0s | avg loss_box=0.5459 loss_cls=0.3206 loss_dfl=0.0167 loss_total=57.0287
2026-08-02 18:35:15 INFO  scripts.synthetic_model_comparison.training.evaluation | evaluating on 4 batches
2026-08-02 18:35:21 INFO  scripts.synthetic_model_comparison.training.training_pipeline | epoch 132/200 — val mAP50=0.9674 mAP50_95=0.7971 (selection mAP50_95=0.7971)
2026-08-02 18:35:22 INFO  scripts.synthetic_model_comparison.training.evaluation | mlflow: logged val/mAP50=0.9674 val/mAP50_95=0.7971 (step=131)
2026-08-02 18:35:22 INFO  scripts.synthetic_model_comparison.training.evaluation | mlflow: logged val per-class AP table (12 classes)
2026-08-02 18:35:22 INFO  scripts.synthetic_model_comparison.training.training_pipeline | saved checkpoint: /home/debian/Master-Thesis/scripts/synthetic_model_comparison/training/model_exports/yolo26n-realvisxl-lightning-maxlen-seed42-20260802-175008/last.pt
2026-08-02 18:35:23 INFO  scripts.synthetic_model_comparison.training.training_pipeline | epoch 132/200 done — next lr=0.00266546, epochs_since_improve=3/20
2026-08-02 18:35:23 INFO  scripts.synthetic_model_comparison.training.training_pipeline | epoch 133/200 — train start (lr=0.00266546, batches=15)
2026-08-02 18:35:34 INFO  scripts.synthetic_model_comparison.training.training_pipeline | epoch 133/200 — train done in 11.3s | avg loss_box=0.5219 loss_cls=0.3139 loss_dfl=0.0161 loss_total=55.1892
2026-08-02 18:35:34 INFO  scripts.synthetic_model_comparison.training.evaluation | evaluating on 4 batches
2026-08-02 18:35:40 INFO  scripts.synthetic_model_comparison.training.training_pipeline | epoch 133/200 — val mAP50=0.9639 mAP50_95=0.7601 (selection mAP50_95=0.7601)
2026-08-02 18:35:41 INFO  scripts.synthetic_model_comparison.training.evaluation | mlflow: logged val/mAP50=0.9639 val/mAP50_95=0.7601 (step=132)
2026-08-02 18:35:41 INFO  scripts.synthetic_model_comparison.training.evaluation | mlflow: logged val per-class AP table (12 classes)
2026-08-02 18:35:41 INFO  scripts.synthetic_model_comparison.training.training_pipeline | saved checkpoint: /home/debian/Master-Thesis/scripts/synthetic_model_comparison/training/model_exports/yolo26n-realvisxl-lightning-maxlen-seed42-20260802-175008/last.pt
2026-08-02 18:35:42 INFO  scripts.synthetic_model_comparison.training.training_pipeline | epoch 133/200 done — next lr=0.00259538, epochs_since_improve=4/20
2026-08-02 18:35:42 INFO  scripts.synthetic_model_comparison.training.training_pipeline | epoch 134/200 — train start (lr=0.00259538, batches=15)
2026-08-02 18:35:51 INFO  scripts.synthetic_model_comparison.training.training_pipeline | step 2000 | loss_box=0.5295 loss_cls=0.3442 loss_dfl=0.0174 loss_total=58.1538 lr=0.00256752
2026-08-02 18:35:56 INFO  scripts.synthetic_model_comparison.training.training_pipeline | epoch 134/200 — train done in 14.0s | avg loss_box=0.5258 loss_cls=0.3189 loss_dfl=0.0163 loss_total=55.7878
2026-08-02 18:35:56 INFO  scripts.synthetic_model_comparison.training.evaluation | evaluating on 4 batches
2026-08-02 18:36:02 INFO  scripts.synthetic_model_comparison.training.training_pipeline | epoch 134/200 — val mAP50=0.9674 mAP50_95=0.8243 (selection mAP50_95=0.8243)
2026-08-02 18:36:03 INFO  scripts.synthetic_model_comparison.training.evaluation | mlflow: logged val/mAP50=0.9674 val/mAP50_95=0.8243 (step=133)
2026-08-02 18:36:03 INFO  scripts.synthetic_model_comparison.training.evaluation | mlflow: logged val per-class AP table (12 classes)
2026-08-02 18:36:03 INFO  scripts.synthetic_model_comparison.training.training_pipeline | saved checkpoint: /home/debian/Master-Thesis/scripts/synthetic_model_comparison/training/model_exports/yolo26n-realvisxl-lightning-maxlen-seed42-20260802-175008/best.pt
2026-08-02 18:36:03 INFO  scripts.synthetic_model_comparison.training.training_pipeline | new best mAP50_95=0.8243 at epoch 134
2026-08-02 18:36:03 INFO  scripts.synthetic_model_comparison.training.training_pipeline | saved checkpoint: /home/debian/Master-Thesis/scripts/synthetic_model_comparison/training/model_exports/yolo26n-realvisxl-lightning-maxlen-seed42-20260802-175008/last.pt
2026-08-02 18:36:03 INFO  scripts.synthetic_model_comparison.training.training_pipeline | epoch 134/200 done — next lr=0.00252592, epochs_since_improve=0/20
2026-08-02 18:36:03 INFO  scripts.synthetic_model_comparison.training.training_pipeline | epoch 135/200 — train start (lr=0.00252592, batches=15)
2026-08-02 18:36:15 INFO  scripts.synthetic_model_comparison.training.training_pipeline | epoch 135/200 — train done in 12.0s | avg loss_box=0.5252 loss_cls=0.3103 loss_dfl=0.0161 loss_total=54.9273
2026-08-02 18:36:15 INFO  scripts.synthetic_model_comparison.training.evaluation | evaluating on 4 batches
2026-08-02 18:36:24 INFO  scripts.synthetic_model_comparison.training.training_pipeline | epoch 135/200 — val mAP50=0.9662 mAP50_95=0.8168 (selection mAP50_95=0.8168)
2026-08-02 18:36:24 INFO  scripts.synthetic_model_comparison.training.evaluation | mlflow: logged val/mAP50=0.9662 val/mAP50_95=0.8168 (step=134)
2026-08-02 18:36:25 INFO  scripts.synthetic_model_comparison.training.evaluation | mlflow: logged val per-class AP table (12 classes)
2026-08-02 18:36:25 INFO  scripts.synthetic_model_comparison.training.training_pipeline | saved checkpoint: /home/debian/Master-Thesis/scripts/synthetic_model_comparison/training/model_exports/yolo26n-realvisxl-lightning-maxlen-seed42-20260802-175008/last.pt
2026-08-02 18:36:25 INFO  scripts.synthetic_model_comparison.training.training_pipeline | epoch 135/200 done — next lr=0.00245708, epochs_since_improve=1/20
2026-08-02 18:36:25 INFO  scripts.synthetic_model_comparison.training.training_pipeline | epoch 136/200 — train start (lr=0.00245708, batches=15)
2026-08-02 18:36:37 INFO  scripts.synthetic_model_comparison.training.training_pipeline | epoch 136/200 — train done in 12.3s | avg loss_box=0.5023 loss_cls=0.2947 loss_dfl=0.0156 loss_total=53.2241
2026-08-02 18:36:37 INFO  scripts.synthetic_model_comparison.training.evaluation | evaluating on 4 batches
2026-08-02 18:36:46 INFO  scripts.synthetic_model_comparison.training.training_pipeline | epoch 136/200 — val mAP50=0.9646 mAP50_95=0.8155 (selection mAP50_95=0.8155)
2026-08-02 18:36:46 INFO  scripts.synthetic_model_comparison.training.evaluation | mlflow: logged val/mAP50=0.9646 val/mAP50_95=0.8155 (step=135)
2026-08-02 18:36:47 INFO  scripts.synthetic_model_comparison.training.evaluation | mlflow: logged val per-class AP table (12 classes)
2026-08-02 18:36:47 INFO  scripts.synthetic_model_comparison.training.training_pipeline | saved checkpoint: /home/debian/Master-Thesis/scripts/synthetic_model_comparison/training/model_exports/yolo26n-realvisxl-lightning-maxlen-seed42-20260802-175008/last.pt
2026-08-02 18:36:47 INFO  scripts.synthetic_model_comparison.training.training_pipeline | epoch 136/200 done — next lr=0.0023889, epochs_since_improve=2/20
2026-08-02 18:36:47 INFO  scripts.synthetic_model_comparison.training.training_pipeline | epoch 137/200 — train start (lr=0.0023889, batches=15)
2026-08-02 18:36:58 INFO  scripts.synthetic_model_comparison.training.training_pipeline | step 2050 | loss_box=0.5574 loss_cls=0.3232 loss_dfl=0.0168 loss_total=57.1294 lr=0.00233931
2026-08-02 18:37:01 INFO  scripts.synthetic_model_comparison.training.training_pipeline | epoch 137/200 — train done in 14.0s | avg loss_box=0.4933 loss_cls=0.3035 loss_dfl=0.0151 loss_total=52.9356
2026-08-02 18:37:01 INFO  scripts.synthetic_model_comparison.training.evaluation | evaluating on 4 batches
2026-08-02 18:37:07 INFO  scripts.synthetic_model_comparison.training.training_pipeline | epoch 137/200 — val mAP50=0.9646 mAP50_95=0.8075 (selection mAP50_95=0.8075)
2026-08-02 18:37:08 INFO  scripts.synthetic_model_comparison.training.evaluation | mlflow: logged val/mAP50=0.9646 val/mAP50_95=0.8075 (step=136)
2026-08-02 18:37:08 INFO  scripts.synthetic_model_comparison.training.evaluation | mlflow: logged val per-class AP table (12 classes)
2026-08-02 18:37:09 INFO  scripts.synthetic_model_comparison.training.training_pipeline | saved checkpoint: /home/debian/Master-Thesis/scripts/synthetic_model_comparison/training/model_exports/yolo26n-realvisxl-lightning-maxlen-seed42-20260802-175008/last.pt
2026-08-02 18:37:09 INFO  scripts.synthetic_model_comparison.training.training_pipeline | epoch 137/200 done — next lr=0.00232138, epochs_since_improve=3/20
2026-08-02 18:37:09 INFO  scripts.synthetic_model_comparison.training.training_pipeline | epoch 138/200 — train start (lr=0.00232138, batches=15)
2026-08-02 18:37:21 INFO  scripts.synthetic_model_comparison.training.training_pipeline | epoch 138/200 — train done in 12.4s | avg loss_box=0.4874 loss_cls=0.2924 loss_dfl=0.0151 loss_total=51.9586
2026-08-02 18:37:21 INFO  scripts.synthetic_model_comparison.training.evaluation | evaluating on 4 batches
2026-08-02 18:37:27 INFO  scripts.synthetic_model_comparison.training.training_pipeline | epoch 138/200 — val mAP50=0.9630 mAP50_95=0.8144 (selection mAP50_95=0.8144)
2026-08-02 18:37:28 INFO  scripts.synthetic_model_comparison.training.evaluation | mlflow: logged val/mAP50=0.9630 val/mAP50_95=0.8144 (step=137)
2026-08-02 18:37:28 INFO  scripts.synthetic_model_comparison.training.evaluation | mlflow: logged val per-class AP table (12 classes)
2026-08-02 18:37:28 INFO  scripts.synthetic_model_comparison.training.training_pipeline | saved checkpoint: /home/debian/Master-Thesis/scripts/synthetic_model_comparison/training/model_exports/yolo26n-realvisxl-lightning-maxlen-seed42-20260802-175008/last.pt
2026-08-02 18:37:29 INFO  scripts.synthetic_model_comparison.training.training_pipeline | epoch 138/200 done — next lr=0.00225454, epochs_since_improve=4/20
2026-08-02 18:37:29 INFO  scripts.synthetic_model_comparison.training.training_pipeline | epoch 139/200 — train start (lr=0.00225454, batches=15)
2026-08-02 18:37:42 INFO  scripts.synthetic_model_comparison.training.training_pipeline | epoch 139/200 — train done in 12.7s | avg loss_box=0.5046 loss_cls=0.2954 loss_dfl=0.0158 loss_total=53.2425
2026-08-02 18:37:42 INFO  scripts.synthetic_model_comparison.training.evaluation | evaluating on 4 batches
2026-08-02 18:37:48 INFO  scripts.synthetic_model_comparison.training.training_pipeline | epoch 139/200 — val mAP50=0.9659 mAP50_95=0.8162 (selection mAP50_95=0.8162)
2026-08-02 18:37:49 INFO  scripts.synthetic_model_comparison.training.evaluation | mlflow: logged val/mAP50=0.9659 val/mAP50_95=0.8162 (step=138)
2026-08-02 18:37:49 INFO  scripts.synthetic_model_comparison.training.evaluation | mlflow: logged val per-class AP table (12 classes)
2026-08-02 18:37:49 INFO  scripts.synthetic_model_comparison.training.training_pipeline | saved checkpoint: /home/debian/Master-Thesis/scripts/synthetic_model_comparison/training/model_exports/yolo26n-realvisxl-lightning-maxlen-seed42-20260802-175008/last.pt
2026-08-02 18:37:49 INFO  scripts.synthetic_model_comparison.training.training_pipeline | epoch 139/200 done — next lr=0.0021884, epochs_since_improve=5/20
2026-08-02 18:37:49 INFO  scripts.synthetic_model_comparison.training.training_pipeline | epoch 140/200 — train start (lr=0.0021884, batches=15)
2026-08-02 18:38:02 INFO  scripts.synthetic_model_comparison.training.training_pipeline | epoch 140/200 — train done in 12.4s | avg loss_box=0.4946 loss_cls=0.2912 loss_dfl=0.0153 loss_total=52.3583
2026-08-02 18:38:02 INFO  scripts.synthetic_model_comparison.training.evaluation | evaluating on 4 batches
2026-08-02 18:38:08 INFO  scripts.synthetic_model_comparison.training.training_pipeline | epoch 140/200 — val mAP50=0.9688 mAP50_95=0.8078 (selection mAP50_95=0.8078)
2026-08-02 18:38:09 INFO  scripts.synthetic_model_comparison.training.evaluation | mlflow: logged val/mAP50=0.9688 val/mAP50_95=0.8078 (step=139)
2026-08-02 18:38:09 INFO  scripts.synthetic_model_comparison.training.evaluation | mlflow: logged val per-class AP table (12 classes)
2026-08-02 18:38:09 INFO  scripts.synthetic_model_comparison.training.training_pipeline | saved checkpoint: /home/debian/Master-Thesis/scripts/synthetic_model_comparison/training/model_exports/yolo26n-realvisxl-lightning-maxlen-seed42-20260802-175008/last.pt
2026-08-02 18:38:09 INFO  scripts.synthetic_model_comparison.training.training_pipeline | epoch 140/200 done — next lr=0.00212297, epochs_since_improve=6/20
2026-08-02 18:38:09 INFO  scripts.synthetic_model_comparison.training.training_pipeline | epoch 141/200 — train start (lr=0.00212297, batches=15)
2026-08-02 18:38:15 INFO  scripts.synthetic_model_comparison.training.training_pipeline | step 2100 | loss_box=0.5645 loss_cls=0.3081 loss_dfl=0.0192 loss_total=56.8811 lr=0.00211864
2026-08-02 18:38:23 INFO  scripts.synthetic_model_comparison.training.training_pipeline | epoch 141/200 — train done in 13.1s | avg loss_box=0.5032 loss_cls=0.3019 loss_dfl=0.0157 loss_total=53.2419
2026-08-02 18:38:23 INFO  scripts.synthetic_model_comparison.training.evaluation | evaluating on 4 batches
2026-08-02 18:38:29 INFO  scripts.synthetic_model_comparison.training.training_pipeline | epoch 141/200 — val mAP50=0.9667 mAP50_95=0.8009 (selection mAP50_95=0.8009)
2026-08-02 18:38:29 INFO  scripts.synthetic_model_comparison.training.evaluation | mlflow: logged val/mAP50=0.9667 val/mAP50_95=0.8009 (step=140)
2026-08-02 18:38:30 INFO  scripts.synthetic_model_comparison.training.evaluation | mlflow: logged val per-class AP table (12 classes)
2026-08-02 18:38:30 INFO  scripts.synthetic_model_comparison.training.training_pipeline | saved checkpoint: /home/debian/Master-Thesis/scripts/synthetic_model_comparison/training/model_exports/yolo26n-realvisxl-lightning-maxlen-seed42-20260802-175008/last.pt
2026-08-02 18:38:30 INFO  scripts.synthetic_model_comparison.training.training_pipeline | epoch 141/200 done — next lr=0.00205828, epochs_since_improve=7/20
2026-08-02 18:38:30 INFO  scripts.synthetic_model_comparison.training.training_pipeline | epoch 142/200 — train start (lr=0.00205828, batches=15)
2026-08-02 18:38:42 INFO  scripts.synthetic_model_comparison.training.training_pipeline | epoch 142/200 — train done in 11.6s | avg loss_box=0.4988 loss_cls=0.3032 loss_dfl=0.0152 loss_total=52.4254
2026-08-02 18:38:42 INFO  scripts.synthetic_model_comparison.training.evaluation | evaluating on 4 batches
2026-08-02 18:38:48 INFO  scripts.synthetic_model_comparison.training.training_pipeline | epoch 142/200 — val mAP50=0.9582 mAP50_95=0.8124 (selection mAP50_95=0.8124)
2026-08-02 18:38:49 INFO  scripts.synthetic_model_comparison.training.evaluation | mlflow: logged val/mAP50=0.9582 val/mAP50_95=0.8124 (step=141)
2026-08-02 18:38:49 INFO  scripts.synthetic_model_comparison.training.evaluation | mlflow: logged val per-class AP table (12 classes)
2026-08-02 18:38:49 INFO  scripts.synthetic_model_comparison.training.training_pipeline | saved checkpoint: /home/debian/Master-Thesis/scripts/synthetic_model_comparison/training/model_exports/yolo26n-realvisxl-lightning-maxlen-seed42-20260802-175008/last.pt
2026-08-02 18:38:50 INFO  scripts.synthetic_model_comparison.training.training_pipeline | epoch 142/200 done — next lr=0.00199434, epochs_since_improve=8/20
2026-08-02 18:38:50 INFO  scripts.synthetic_model_comparison.training.training_pipeline | epoch 143/200 — train start (lr=0.00199434, batches=15)
2026-08-02 18:39:01 INFO  scripts.synthetic_model_comparison.training.training_pipeline | epoch 143/200 — train done in 11.9s | avg loss_box=0.4741 loss_cls=0.2830 loss_dfl=0.0150 loss_total=50.2438
2026-08-02 18:39:01 INFO  scripts.synthetic_model_comparison.training.evaluation | evaluating on 4 batches
2026-08-02 18:39:08 INFO  scripts.synthetic_model_comparison.training.training_pipeline | epoch 143/200 — val mAP50=0.9647 mAP50_95=0.8226 (selection mAP50_95=0.8226)
2026-08-02 18:39:09 INFO  scripts.synthetic_model_comparison.training.evaluation | mlflow: logged val/mAP50=0.9647 val/mAP50_95=0.8226 (step=142)
2026-08-02 18:39:09 INFO  scripts.synthetic_model_comparison.training.evaluation | mlflow: logged val per-class AP table (12 classes)
2026-08-02 18:39:09 INFO  scripts.synthetic_model_comparison.training.training_pipeline | saved checkpoint: /home/debian/Master-Thesis/scripts/synthetic_model_comparison/training/model_exports/yolo26n-realvisxl-lightning-maxlen-seed42-20260802-175008/last.pt
2026-08-02 18:39:10 INFO  scripts.synthetic_model_comparison.training.training_pipeline | epoch 143/200 done — next lr=0.00193117, epochs_since_improve=9/20
2026-08-02 18:39:10 INFO  scripts.synthetic_model_comparison.training.training_pipeline | epoch 144/200 — train start (lr=0.00193117, batches=15)
2026-08-02 18:39:19 INFO  scripts.synthetic_model_comparison.training.training_pipeline | step 2150 | loss_box=0.4616 loss_cls=0.3162 loss_dfl=0.0154 loss_total=52.6844 lr=0.00190611
2026-08-02 18:39:24 INFO  scripts.synthetic_model_comparison.training.training_pipeline | epoch 144/200 — train done in 14.3s | avg loss_box=0.4809 loss_cls=0.2969 loss_dfl=0.0150 loss_total=51.5563
2026-08-02 18:39:24 INFO  scripts.synthetic_model_comparison.training.evaluation | evaluating on 4 batches
2026-08-02 18:39:30 INFO  scripts.synthetic_model_comparison.training.training_pipeline | epoch 144/200 — val mAP50=0.9662 mAP50_95=0.8215 (selection mAP50_95=0.8215)
2026-08-02 18:39:31 INFO  scripts.synthetic_model_comparison.training.evaluation | mlflow: logged val/mAP50=0.9662 val/mAP50_95=0.8215 (step=143)
2026-08-02 18:39:31 INFO  scripts.synthetic_model_comparison.training.evaluation | mlflow: logged val per-class AP table (12 classes)
2026-08-02 18:39:31 INFO  scripts.synthetic_model_comparison.training.training_pipeline | saved checkpoint: /home/debian/Master-Thesis/scripts/synthetic_model_comparison/training/model_exports/yolo26n-realvisxl-lightning-maxlen-seed42-20260802-175008/last.pt
2026-08-02 18:39:32 INFO  scripts.synthetic_model_comparison.training.training_pipeline | epoch 144/200 done — next lr=0.00186877, epochs_since_improve=10/20
2026-08-02 18:39:32 INFO  scripts.synthetic_model_comparison.training.training_pipeline | epoch 145/200 — train start (lr=0.00186877, batches=15)
2026-08-02 18:39:44 INFO  scripts.synthetic_model_comparison.training.training_pipeline | epoch 145/200 — train done in 12.3s | avg loss_box=0.4768 loss_cls=0.2867 loss_dfl=0.0147 loss_total=50.4755
2026-08-02 18:39:44 INFO  scripts.synthetic_model_comparison.training.evaluation | evaluating on 4 batches
2026-08-02 18:39:50 INFO  scripts.synthetic_model_comparison.training.training_pipeline | epoch 145/200 — val mAP50=0.9666 mAP50_95=0.8273 (selection mAP50_95=0.8273)
2026-08-02 18:39:51 INFO  scripts.synthetic_model_comparison.training.evaluation | mlflow: logged val/mAP50=0.9666 val/mAP50_95=0.8273 (step=144)
2026-08-02 18:39:51 INFO  scripts.synthetic_model_comparison.training.evaluation | mlflow: logged val per-class AP table (12 classes)
2026-08-02 18:39:51 INFO  scripts.synthetic_model_comparison.training.training_pipeline | saved checkpoint: /home/debian/Master-Thesis/scripts/synthetic_model_comparison/training/model_exports/yolo26n-realvisxl-lightning-maxlen-seed42-20260802-175008/best.pt
2026-08-02 18:39:51 INFO  scripts.synthetic_model_comparison.training.training_pipeline | new best mAP50_95=0.8273 at epoch 145
2026-08-02 18:39:52 INFO  scripts.synthetic_model_comparison.training.training_pipeline | saved checkpoint: /home/debian/Master-Thesis/scripts/synthetic_model_comparison/training/model_exports/yolo26n-realvisxl-lightning-maxlen-seed42-20260802-175008/last.pt
2026-08-02 18:39:52 INFO  scripts.synthetic_model_comparison.training.training_pipeline | epoch 145/200 done — next lr=0.00180718, epochs_since_improve=0/20
2026-08-02 18:39:52 INFO  scripts.synthetic_model_comparison.training.training_pipeline | epoch 146/200 — train start (lr=0.00180718, batches=15)
2026-08-02 18:40:04 INFO  scripts.synthetic_model_comparison.training.training_pipeline | epoch 146/200 — train done in 12.3s | avg loss_box=0.4705 loss_cls=0.2710 loss_dfl=0.0145 loss_total=49.6486
2026-08-02 18:40:04 INFO  scripts.synthetic_model_comparison.training.evaluation | evaluating on 4 batches
2026-08-02 18:40:10 INFO  scripts.synthetic_model_comparison.training.training_pipeline | epoch 146/200 — val mAP50=0.9662 mAP50_95=0.8224 (selection mAP50_95=0.8224)
2026-08-02 18:40:11 INFO  scripts.synthetic_model_comparison.training.evaluation | mlflow: logged val/mAP50=0.9662 val/mAP50_95=0.8224 (step=145)
2026-08-02 18:40:11 INFO  scripts.synthetic_model_comparison.training.evaluation | mlflow: logged val per-class AP table (12 classes)
2026-08-02 18:40:12 INFO  scripts.synthetic_model_comparison.training.training_pipeline | saved checkpoint: /home/debian/Master-Thesis/scripts/synthetic_model_comparison/training/model_exports/yolo26n-realvisxl-lightning-maxlen-seed42-20260802-175008/last.pt
2026-08-02 18:40:12 INFO  scripts.synthetic_model_comparison.training.training_pipeline | epoch 146/200 done — next lr=0.00174639, epochs_since_improve=1/20
2026-08-02 18:40:12 INFO  scripts.synthetic_model_comparison.training.training_pipeline | epoch 147/200 — train start (lr=0.00174639, batches=15)
2026-08-02 18:40:23 INFO  scripts.synthetic_model_comparison.training.training_pipeline | step 2200 | loss_box=0.4175 loss_cls=0.2313 loss_dfl=0.0141 loss_total=44.5553 lr=0.00170234
2026-08-02 18:40:26 INFO  scripts.synthetic_model_comparison.training.training_pipeline | epoch 147/200 — train done in 14.3s | avg loss_box=0.4666 loss_cls=0.2881 loss_dfl=0.0141 loss_total=50.0547
2026-08-02 18:40:26 INFO  scripts.synthetic_model_comparison.training.evaluation | evaluating on 4 batches
2026-08-02 18:40:32 INFO  scripts.synthetic_model_comparison.training.training_pipeline | epoch 147/200 — val mAP50=0.9675 mAP50_95=0.8296 (selection mAP50_95=0.8296)
2026-08-02 18:40:33 INFO  scripts.synthetic_model_comparison.training.evaluation | mlflow: logged val/mAP50=0.9675 val/mAP50_95=0.8296 (step=146)
2026-08-02 18:40:34 INFO  scripts.synthetic_model_comparison.training.evaluation | mlflow: logged val per-class AP table (12 classes)
2026-08-02 18:40:34 INFO  scripts.synthetic_model_comparison.training.training_pipeline | saved checkpoint: /home/debian/Master-Thesis/scripts/synthetic_model_comparison/training/model_exports/yolo26n-realvisxl-lightning-maxlen-seed42-20260802-175008/best.pt
2026-08-02 18:40:34 INFO  scripts.synthetic_model_comparison.training.training_pipeline | new best mAP50_95=0.8296 at epoch 147
2026-08-02 18:40:34 INFO  scripts.synthetic_model_comparison.training.training_pipeline | saved checkpoint: /home/debian/Master-Thesis/scripts/synthetic_model_comparison/training/model_exports/yolo26n-realvisxl-lightning-maxlen-seed42-20260802-175008/last.pt
2026-08-02 18:40:34 INFO  scripts.synthetic_model_comparison.training.training_pipeline | epoch 147/200 done — next lr=0.00168644, epochs_since_improve=0/20
2026-08-02 18:40:34 INFO  scripts.synthetic_model_comparison.training.training_pipeline | epoch 148/200 — train start (lr=0.00168644, batches=15)
2026-08-02 18:40:46 INFO  scripts.synthetic_model_comparison.training.training_pipeline | epoch 148/200 — train done in 12.3s | avg loss_box=0.4491 loss_cls=0.2609 loss_dfl=0.0137 loss_total=47.6675
2026-08-02 18:40:46 INFO  scripts.synthetic_model_comparison.training.evaluation | evaluating on 4 batches
2026-08-02 18:40:54 INFO  scripts.synthetic_model_comparison.training.training_pipeline | epoch 148/200 — val mAP50=0.9696 mAP50_95=0.8281 (selection mAP50_95=0.8281)
2026-08-02 18:40:55 INFO  scripts.synthetic_model_comparison.training.evaluation | mlflow: logged val/mAP50=0.9696 val/mAP50_95=0.8281 (step=147)
2026-08-02 18:40:55 INFO  scripts.synthetic_model_comparison.training.evaluation | mlflow: logged val per-class AP table (12 classes)
2026-08-02 18:40:55 INFO  scripts.synthetic_model_comparison.training.training_pipeline | saved checkpoint: /home/debian/Master-Thesis/scripts/synthetic_model_comparison/training/model_exports/yolo26n-realvisxl-lightning-maxlen-seed42-20260802-175008/last.pt
2026-08-02 18:40:56 INFO  scripts.synthetic_model_comparison.training.training_pipeline | epoch 148/200 done — next lr=0.00162733, epochs_since_improve=1/20
2026-08-02 18:40:56 INFO  scripts.synthetic_model_comparison.training.training_pipeline | epoch 149/200 — train start (lr=0.00162733, batches=15)
2026-08-02 18:41:08 INFO  scripts.synthetic_model_comparison.training.training_pipeline | epoch 149/200 — train done in 12.4s | avg loss_box=0.4516 loss_cls=0.2565 loss_dfl=0.0140 loss_total=47.5885
2026-08-02 18:41:08 INFO  scripts.synthetic_model_comparison.training.evaluation | evaluating on 4 batches
2026-08-02 18:41:16 INFO  scripts.synthetic_model_comparison.training.training_pipeline | epoch 149/200 — val mAP50=0.9677 mAP50_95=0.8241 (selection mAP50_95=0.8241)
2026-08-02 18:41:17 INFO  scripts.synthetic_model_comparison.training.evaluation | mlflow: logged val/mAP50=0.9677 val/mAP50_95=0.8241 (step=148)
2026-08-02 18:41:17 INFO  scripts.synthetic_model_comparison.training.evaluation | mlflow: logged val per-class AP table (12 classes)
2026-08-02 18:41:17 INFO  scripts.synthetic_model_comparison.training.training_pipeline | saved checkpoint: /home/debian/Master-Thesis/scripts/synthetic_model_comparison/training/model_exports/yolo26n-realvisxl-lightning-maxlen-seed42-20260802-175008/last.pt
2026-08-02 18:41:18 INFO  scripts.synthetic_model_comparison.training.training_pipeline | epoch 149/200 done — next lr=0.00156908, epochs_since_improve=2/20
2026-08-02 18:41:18 INFO  scripts.synthetic_model_comparison.training.training_pipeline | epoch 150/200 — train start (lr=0.00156908, batches=15)
2026-08-02 18:41:31 INFO  scripts.synthetic_model_comparison.training.training_pipeline | epoch 150/200 — train done in 13.0s | avg loss_box=0.4573 loss_cls=0.2540 loss_dfl=0.0139 loss_total=47.7205
2026-08-02 18:41:31 INFO  scripts.synthetic_model_comparison.training.evaluation | evaluating on 4 batches
2026-08-02 18:41:37 INFO  scripts.synthetic_model_comparison.training.training_pipeline | epoch 150/200 — val mAP50=0.9679 mAP50_95=0.8219 (selection mAP50_95=0.8219)
2026-08-02 18:41:38 INFO  scripts.synthetic_model_comparison.training.evaluation | mlflow: logged val/mAP50=0.9679 val/mAP50_95=0.8219 (step=149)
2026-08-02 18:41:38 INFO  scripts.synthetic_model_comparison.training.evaluation | mlflow: logged val per-class AP table (12 classes)
2026-08-02 18:41:38 INFO  scripts.synthetic_model_comparison.training.training_pipeline | saved checkpoint: /home/debian/Master-Thesis/scripts/synthetic_model_comparison/training/model_exports/yolo26n-realvisxl-lightning-maxlen-seed42-20260802-175008/last.pt
2026-08-02 18:41:39 INFO  scripts.synthetic_model_comparison.training.training_pipeline | epoch 150/200 done — next lr=0.0015117, epochs_since_improve=3/20
2026-08-02 18:41:39 INFO  scripts.synthetic_model_comparison.training.training_pipeline | epoch 151/200 — train start (lr=0.0015117, batches=15)
2026-08-02 18:41:45 INFO  scripts.synthetic_model_comparison.training.training_pipeline | step 2250 | loss_box=0.4087 loss_cls=0.2220 loss_dfl=0.0127 loss_total=43.1841 lr=0.00150791
2026-08-02 18:41:52 INFO  scripts.synthetic_model_comparison.training.training_pipeline | epoch 151/200 — train done in 13.7s | avg loss_box=0.4511 loss_cls=0.2726 loss_dfl=0.0138 loss_total=48.1918
2026-08-02 18:41:52 INFO  scripts.synthetic_model_comparison.training.evaluation | evaluating on 4 batches
2026-08-02 18:41:59 INFO  scripts.synthetic_model_comparison.training.training_pipeline | epoch 151/200 — val mAP50=0.9692 mAP50_95=0.8258 (selection mAP50_95=0.8258)
2026-08-02 18:41:59 INFO  scripts.synthetic_model_comparison.training.evaluation | mlflow: logged val/mAP50=0.9692 val/mAP50_95=0.8258 (step=150)
2026-08-02 18:42:00 INFO  scripts.synthetic_model_comparison.training.evaluation | mlflow: logged val per-class AP table (12 classes)
2026-08-02 18:42:00 INFO  scripts.synthetic_model_comparison.training.training_pipeline | saved checkpoint: /home/debian/Master-Thesis/scripts/synthetic_model_comparison/training/model_exports/yolo26n-realvisxl-lightning-maxlen-seed42-20260802-175008/last.pt
2026-08-02 18:42:00 INFO  scripts.synthetic_model_comparison.training.training_pipeline | epoch 151/200 done — next lr=0.00145521, epochs_since_improve=4/20
2026-08-02 18:42:00 INFO  scripts.synthetic_model_comparison.training.training_pipeline | epoch 152/200 — train start (lr=0.00145521, batches=15)
2026-08-02 18:42:12 INFO  scripts.synthetic_model_comparison.training.training_pipeline | epoch 152/200 — train done in 12.1s | avg loss_box=0.4440 loss_cls=0.2470 loss_dfl=0.0135 loss_total=46.4300
2026-08-02 18:42:12 INFO  scripts.synthetic_model_comparison.training.evaluation | evaluating on 4 batches
2026-08-02 18:42:19 INFO  scripts.synthetic_model_comparison.training.training_pipeline | epoch 152/200 — val mAP50=0.9634 mAP50_95=0.8193 (selection mAP50_95=0.8193)
2026-08-02 18:42:20 INFO  scripts.synthetic_model_comparison.training.evaluation | mlflow: logged val/mAP50=0.9634 val/mAP50_95=0.8193 (step=151)
2026-08-02 18:42:20 INFO  scripts.synthetic_model_comparison.training.evaluation | mlflow: logged val per-class AP table (12 classes)
2026-08-02 18:42:20 INFO  scripts.synthetic_model_comparison.training.training_pipeline | saved checkpoint: /home/debian/Master-Thesis/scripts/synthetic_model_comparison/training/model_exports/yolo26n-realvisxl-lightning-maxlen-seed42-20260802-175008/last.pt
2026-08-02 18:42:20 INFO  scripts.synthetic_model_comparison.training.training_pipeline | epoch 152/200 done — next lr=0.00139962, epochs_since_improve=5/20
2026-08-02 18:42:20 INFO  scripts.synthetic_model_comparison.training.training_pipeline | epoch 153/200 — train start (lr=0.00139962, batches=15)
2026-08-02 18:42:32 INFO  scripts.synthetic_model_comparison.training.training_pipeline | epoch 153/200 — train done in 11.7s | avg loss_box=0.4667 loss_cls=0.2597 loss_dfl=0.0146 loss_total=48.3228
2026-08-02 18:42:32 INFO  scripts.synthetic_model_comparison.training.evaluation | evaluating on 4 batches
2026-08-02 18:42:38 INFO  scripts.synthetic_model_comparison.training.training_pipeline | epoch 153/200 — val mAP50=0.9643 mAP50_95=0.8231 (selection mAP50_95=0.8231)
2026-08-02 18:42:39 INFO  scripts.synthetic_model_comparison.training.evaluation | mlflow: logged val/mAP50=0.9643 val/mAP50_95=0.8231 (step=152)
2026-08-02 18:42:39 INFO  scripts.synthetic_model_comparison.training.evaluation | mlflow: logged val per-class AP table (12 classes)
2026-08-02 18:42:40 INFO  scripts.synthetic_model_comparison.training.training_pipeline | saved checkpoint: /home/debian/Master-Thesis/scripts/synthetic_model_comparison/training/model_exports/yolo26n-realvisxl-lightning-maxlen-seed42-20260802-175008/last.pt
2026-08-02 18:42:40 INFO  scripts.synthetic_model_comparison.training.training_pipeline | epoch 153/200 done — next lr=0.00134495, epochs_since_improve=6/20
2026-08-02 18:42:40 INFO  scripts.synthetic_model_comparison.training.training_pipeline | epoch 154/200 — train start (lr=0.00134495, batches=15)
2026-08-02 18:42:48 INFO  scripts.synthetic_model_comparison.training.training_pipeline | step 2300 | loss_box=0.4206 loss_cls=0.2242 loss_dfl=0.0121 loss_total=43.3524 lr=0.00132335
2026-08-02 18:42:53 INFO  scripts.synthetic_model_comparison.training.training_pipeline | epoch 154/200 — train done in 13.4s | avg loss_box=0.4564 loss_cls=0.2502 loss_dfl=0.0142 loss_total=47.1170
2026-08-02 18:42:53 INFO  scripts.synthetic_model_comparison.training.evaluation | evaluating on 4 batches
2026-08-02 18:43:00 INFO  scripts.synthetic_model_comparison.training.training_pipeline | epoch 154/200 — val mAP50=0.9704 mAP50_95=0.8280 (selection mAP50_95=0.8280)
2026-08-02 18:43:00 INFO  scripts.synthetic_model_comparison.training.evaluation | mlflow: logged val/mAP50=0.9704 val/mAP50_95=0.8280 (step=153)
2026-08-02 18:43:01 INFO  scripts.synthetic_model_comparison.training.evaluation | mlflow: logged val per-class AP table (12 classes)
2026-08-02 18:43:01 INFO  scripts.synthetic_model_comparison.training.training_pipeline | saved checkpoint: /home/debian/Master-Thesis/scripts/synthetic_model_comparison/training/model_exports/yolo26n-realvisxl-lightning-maxlen-seed42-20260802-175008/last.pt
2026-08-02 18:43:01 INFO  scripts.synthetic_model_comparison.training.training_pipeline | epoch 154/200 done — next lr=0.00129122, epochs_since_improve=7/20
2026-08-02 18:43:01 INFO  scripts.synthetic_model_comparison.training.training_pipeline | epoch 155/200 — train start (lr=0.00129122, batches=15)
2026-08-02 18:43:13 INFO  scripts.synthetic_model_comparison.training.training_pipeline | epoch 155/200 — train done in 11.6s | avg loss_box=0.4400 loss_cls=0.2477 loss_dfl=0.0137 loss_total=46.1284
2026-08-02 18:43:13 INFO  scripts.synthetic_model_comparison.training.evaluation | evaluating on 4 batches
2026-08-02 18:43:19 INFO  scripts.synthetic_model_comparison.training.training_pipeline | epoch 155/200 — val mAP50=0.9664 mAP50_95=0.8278 (selection mAP50_95=0.8278)
2026-08-02 18:43:20 INFO  scripts.synthetic_model_comparison.training.evaluation | mlflow: logged val/mAP50=0.9664 val/mAP50_95=0.8278 (step=154)
2026-08-02 18:43:20 INFO  scripts.synthetic_model_comparison.training.evaluation | mlflow: logged val per-class AP table (12 classes)
2026-08-02 18:43:20 INFO  scripts.synthetic_model_comparison.training.training_pipeline | saved checkpoint: /home/debian/Master-Thesis/scripts/synthetic_model_comparison/training/model_exports/yolo26n-realvisxl-lightning-maxlen-seed42-20260802-175008/last.pt
2026-08-02 18:43:20 INFO  scripts.synthetic_model_comparison.training.training_pipeline | epoch 155/200 done — next lr=0.00123842, epochs_since_improve=8/20
2026-08-02 18:43:20 INFO  scripts.synthetic_model_comparison.training.training_pipeline | epoch 156/200 — train start (lr=0.00123842, batches=15)
2026-08-02 18:43:32 INFO  scripts.synthetic_model_comparison.training.training_pipeline | epoch 156/200 — train done in 12.0s | avg loss_box=0.4192 loss_cls=0.2441 loss_dfl=0.0130 loss_total=44.5849
2026-08-02 18:43:32 INFO  scripts.synthetic_model_comparison.training.evaluation | evaluating on 4 batches
2026-08-02 18:43:40 INFO  scripts.synthetic_model_comparison.training.training_pipeline | epoch 156/200 — val mAP50=0.9688 mAP50_95=0.8300 (selection mAP50_95=0.8300)
2026-08-02 18:43:40 INFO  scripts.synthetic_model_comparison.training.evaluation | mlflow: logged val/mAP50=0.9688 val/mAP50_95=0.8300 (step=155)
2026-08-02 18:43:41 INFO  scripts.synthetic_model_comparison.training.evaluation | mlflow: logged val per-class AP table (12 classes)
2026-08-02 18:43:41 INFO  scripts.synthetic_model_comparison.training.training_pipeline | saved checkpoint: /home/debian/Master-Thesis/scripts/synthetic_model_comparison/training/model_exports/yolo26n-realvisxl-lightning-maxlen-seed42-20260802-175008/last.pt
2026-08-02 18:43:41 INFO  scripts.synthetic_model_comparison.training.training_pipeline | epoch 156/200 done — next lr=0.00118658, epochs_since_improve=9/20
2026-08-02 18:43:41 INFO  scripts.synthetic_model_comparison.training.training_pipeline | epoch 157/200 — train start (lr=0.00118658, batches=15)
2026-08-02 18:43:53 INFO  scripts.synthetic_model_comparison.training.training_pipeline | step 2350 | loss_box=0.5054 loss_cls=0.2992 loss_dfl=0.0149 loss_total=53.2292 lr=0.00114919
2026-08-02 18:43:56 INFO  scripts.synthetic_model_comparison.training.training_pipeline | epoch 157/200 — train done in 14.6s | avg loss_box=0.4371 loss_cls=0.2598 loss_dfl=0.0135 loss_total=46.4710
2026-08-02 18:43:56 INFO  scripts.synthetic_model_comparison.training.evaluation | evaluating on 4 batches
2026-08-02 18:44:02 INFO  scripts.synthetic_model_comparison.training.training_pipeline | epoch 157/200 — val mAP50=0.9693 mAP50_95=0.8182 (selection mAP50_95=0.8182)
2026-08-02 18:44:03 INFO  scripts.synthetic_model_comparison.training.evaluation | mlflow: logged val/mAP50=0.9693 val/mAP50_95=0.8182 (step=156)
2026-08-02 18:44:03 INFO  scripts.synthetic_model_comparison.training.evaluation | mlflow: logged val per-class AP table (12 classes)
2026-08-02 18:44:03 INFO  scripts.synthetic_model_comparison.training.training_pipeline | saved checkpoint: /home/debian/Master-Thesis/scripts/synthetic_model_comparison/training/model_exports/yolo26n-realvisxl-lightning-maxlen-seed42-20260802-175008/last.pt
2026-08-02 18:44:03 INFO  scripts.synthetic_model_comparison.training.training_pipeline | epoch 157/200 done — next lr=0.00113572, epochs_since_improve=10/20
2026-08-02 18:44:03 INFO  scripts.synthetic_model_comparison.training.training_pipeline | epoch 158/200 — train start (lr=0.00113572, batches=15)
2026-08-02 18:44:15 INFO  scripts.synthetic_model_comparison.training.training_pipeline | epoch 158/200 — train done in 11.9s | avg loss_box=0.4282 loss_cls=0.2471 loss_dfl=0.0132 loss_total=45.1434
2026-08-02 18:44:15 INFO  scripts.synthetic_model_comparison.training.evaluation | evaluating on 4 batches
2026-08-02 18:44:21 INFO  scripts.synthetic_model_comparison.training.training_pipeline | epoch 158/200 — val mAP50=0.9703 mAP50_95=0.8211 (selection mAP50_95=0.8211)
2026-08-02 18:44:22 INFO  scripts.synthetic_model_comparison.training.evaluation | mlflow: logged val/mAP50=0.9703 val/mAP50_95=0.8211 (step=157)
2026-08-02 18:44:22 INFO  scripts.synthetic_model_comparison.training.evaluation | mlflow: logged val per-class AP table (12 classes)
2026-08-02 18:44:23 INFO  scripts.synthetic_model_comparison.training.training_pipeline | saved checkpoint: /home/debian/Master-Thesis/scripts/synthetic_model_comparison/training/model_exports/yolo26n-realvisxl-lightning-maxlen-seed42-20260802-175008/last.pt
2026-08-02 18:44:23 INFO  scripts.synthetic_model_comparison.training.training_pipeline | epoch 158/200 done — next lr=0.00108584, epochs_since_improve=11/20
2026-08-02 18:44:23 INFO  scripts.synthetic_model_comparison.training.training_pipeline | epoch 159/200 — train start (lr=0.00108584, batches=15)
2026-08-02 18:44:35 INFO  scripts.synthetic_model_comparison.training.training_pipeline | epoch 159/200 — train done in 11.9s | avg loss_box=0.4216 loss_cls=0.2460 loss_dfl=0.0126 loss_total=44.6938
2026-08-02 18:44:35 INFO  scripts.synthetic_model_comparison.training.evaluation | evaluating on 4 batches
2026-08-02 18:44:41 INFO  scripts.synthetic_model_comparison.training.training_pipeline | epoch 159/200 — val mAP50=0.9683 mAP50_95=0.8282 (selection mAP50_95=0.8282)
2026-08-02 18:44:42 INFO  scripts.synthetic_model_comparison.training.evaluation | mlflow: logged val/mAP50=0.9683 val/mAP50_95=0.8282 (step=158)
2026-08-02 18:44:42 INFO  scripts.synthetic_model_comparison.training.evaluation | mlflow: logged val per-class AP table (12 classes)
2026-08-02 18:44:42 INFO  scripts.synthetic_model_comparison.training.training_pipeline | saved checkpoint: /home/debian/Master-Thesis/scripts/synthetic_model_comparison/training/model_exports/yolo26n-realvisxl-lightning-maxlen-seed42-20260802-175008/last.pt
2026-08-02 18:44:42 INFO  scripts.synthetic_model_comparison.training.training_pipeline | epoch 159/200 done — next lr=0.00103695, epochs_since_improve=12/20
2026-08-02 18:44:42 INFO  scripts.synthetic_model_comparison.training.training_pipeline | epoch 160/200 — train start (lr=0.00103695, batches=15)
2026-08-02 18:44:55 INFO  scripts.synthetic_model_comparison.training.training_pipeline | epoch 160/200 — train done in 12.3s | avg loss_box=0.4189 loss_cls=0.2230 loss_dfl=0.0129 loss_total=43.3506
2026-08-02 18:44:55 INFO  scripts.synthetic_model_comparison.training.evaluation | evaluating on 4 batches
2026-08-02 18:45:01 INFO  scripts.synthetic_model_comparison.training.training_pipeline | epoch 160/200 — val mAP50=0.9672 mAP50_95=0.8253 (selection mAP50_95=0.8253)
2026-08-02 18:45:02 INFO  scripts.synthetic_model_comparison.training.evaluation | mlflow: logged val/mAP50=0.9672 val/mAP50_95=0.8253 (step=159)
2026-08-02 18:45:02 INFO  scripts.synthetic_model_comparison.training.evaluation | mlflow: logged val per-class AP table (12 classes)
2026-08-02 18:45:02 INFO  scripts.synthetic_model_comparison.training.training_pipeline | saved checkpoint: /home/debian/Master-Thesis/scripts/synthetic_model_comparison/training/model_exports/yolo26n-realvisxl-lightning-maxlen-seed42-20260802-175008/last.pt
2026-08-02 18:45:03 INFO  scripts.synthetic_model_comparison.training.training_pipeline | epoch 160/200 done — next lr=0.000989077, epochs_since_improve=13/20
2026-08-02 18:45:03 INFO  scripts.synthetic_model_comparison.training.training_pipeline | epoch 161/200 — train start (lr=0.000989077, batches=15)
2026-08-02 18:45:09 INFO  scripts.synthetic_model_comparison.training.training_pipeline | step 2400 | loss_box=0.4072 loss_cls=0.2441 loss_dfl=0.0129 loss_total=43.8404 lr=0.000985921
2026-08-02 18:45:16 INFO  scripts.synthetic_model_comparison.training.training_pipeline | epoch 161/200 — train done in 13.3s | avg loss_box=0.4168 loss_cls=0.2445 loss_dfl=0.0126 loss_total=44.1470
2026-08-02 18:45:16 INFO  scripts.synthetic_model_comparison.training.evaluation | evaluating on 4 batches
2026-08-02 18:45:22 INFO  scripts.synthetic_model_comparison.training.training_pipeline | epoch 161/200 — val mAP50=0.9708 mAP50_95=0.8275 (selection mAP50_95=0.8275)
2026-08-02 18:45:23 INFO  scripts.synthetic_model_comparison.training.evaluation | mlflow: logged val/mAP50=0.9708 val/mAP50_95=0.8275 (step=160)
2026-08-02 18:45:23 INFO  scripts.synthetic_model_comparison.training.evaluation | mlflow: logged val per-class AP table (12 classes)
2026-08-02 18:45:23 INFO  scripts.synthetic_model_comparison.training.training_pipeline | saved checkpoint: /home/debian/Master-Thesis/scripts/synthetic_model_comparison/training/model_exports/yolo26n-realvisxl-lightning-maxlen-seed42-20260802-175008/last.pt
2026-08-02 18:45:24 INFO  scripts.synthetic_model_comparison.training.training_pipeline | epoch 161/200 done — next lr=0.000942223, epochs_since_improve=14/20
2026-08-02 18:45:24 INFO  scripts.synthetic_model_comparison.training.training_pipeline | epoch 162/200 — train start (lr=0.000942223, batches=15)
2026-08-02 18:45:35 INFO  scripts.synthetic_model_comparison.training.training_pipeline | epoch 162/200 — train done in 11.8s | avg loss_box=0.4215 loss_cls=0.2357 loss_dfl=0.0131 loss_total=44.1901
2026-08-02 18:45:35 INFO  scripts.synthetic_model_comparison.training.evaluation | evaluating on 4 batches
2026-08-02 18:45:43 INFO  scripts.synthetic_model_comparison.training.training_pipeline | epoch 162/200 — val mAP50=0.9700 mAP50_95=0.8303 (selection mAP50_95=0.8303)
2026-08-02 18:45:44 INFO  scripts.synthetic_model_comparison.training.evaluation | mlflow: logged val/mAP50=0.9700 val/mAP50_95=0.8303 (step=161)
2026-08-02 18:45:44 INFO  scripts.synthetic_model_comparison.training.evaluation | mlflow: logged val per-class AP table (12 classes)
2026-08-02 18:45:44 INFO  scripts.synthetic_model_comparison.training.training_pipeline | saved checkpoint: /home/debian/Master-Thesis/scripts/synthetic_model_comparison/training/model_exports/yolo26n-realvisxl-lightning-maxlen-seed42-20260802-175008/last.pt
2026-08-02 18:45:44 INFO  scripts.synthetic_model_comparison.training.training_pipeline | epoch 162/200 done — next lr=0.000896401, epochs_since_improve=15/20
2026-08-02 18:45:44 INFO  scripts.synthetic_model_comparison.training.training_pipeline | epoch 163/200 — train start (lr=0.000896401, batches=15)
2026-08-02 18:45:58 INFO  scripts.synthetic_model_comparison.training.training_pipeline | epoch 163/200 — train done in 13.0s | avg loss_box=0.3981 loss_cls=0.2252 loss_dfl=0.0122 loss_total=42.0634
2026-08-02 18:45:58 INFO  scripts.synthetic_model_comparison.training.evaluation | evaluating on 4 batches
2026-08-02 18:46:06 INFO  scripts.synthetic_model_comparison.training.training_pipeline | epoch 163/200 — val mAP50=0.9688 mAP50_95=0.8330 (selection mAP50_95=0.8330)
2026-08-02 18:46:06 INFO  scripts.synthetic_model_comparison.training.evaluation | mlflow: logged val/mAP50=0.9688 val/mAP50_95=0.8330 (step=162)
2026-08-02 18:46:07 INFO  scripts.synthetic_model_comparison.training.evaluation | mlflow: logged val per-class AP table (12 classes)
2026-08-02 18:46:07 INFO  scripts.synthetic_model_comparison.training.training_pipeline | saved checkpoint: /home/debian/Master-Thesis/scripts/synthetic_model_comparison/training/model_exports/yolo26n-realvisxl-lightning-maxlen-seed42-20260802-175008/best.pt
2026-08-02 18:46:07 INFO  scripts.synthetic_model_comparison.training.training_pipeline | new best mAP50_95=0.8330 at epoch 163
2026-08-02 18:46:07 INFO  scripts.synthetic_model_comparison.training.training_pipeline | saved checkpoint: /home/debian/Master-Thesis/scripts/synthetic_model_comparison/training/model_exports/yolo26n-realvisxl-lightning-maxlen-seed42-20260802-175008/last.pt
2026-08-02 18:46:07 INFO  scripts.synthetic_model_comparison.training.training_pipeline | epoch 163/200 done — next lr=0.000851625, epochs_since_improve=0/20
2026-08-02 18:46:07 INFO  scripts.synthetic_model_comparison.training.training_pipeline | epoch 164/200 — train start (lr=0.000851625, batches=15)
2026-08-02 18:46:16 INFO  scripts.synthetic_model_comparison.training.training_pipeline | step 2450 | loss_box=0.4648 loss_cls=0.3131 loss_dfl=0.0144 loss_total=51.3884 lr=0.000834009
2026-08-02 18:46:21 INFO  scripts.synthetic_model_comparison.training.training_pipeline | epoch 164/200 — train done in 13.8s | avg loss_box=0.4091 loss_cls=0.2347 loss_dfl=0.0127 loss_total=43.2968
2026-08-02 18:46:21 INFO  scripts.synthetic_model_comparison.training.evaluation | evaluating on 4 batches
2026-08-02 18:46:29 INFO  scripts.synthetic_model_comparison.training.training_pipeline | epoch 164/200 — val mAP50=0.9636 mAP50_95=0.8143 (selection mAP50_95=0.8143)
2026-08-02 18:46:29 INFO  scripts.synthetic_model_comparison.training.evaluation | mlflow: logged val/mAP50=0.9636 val/mAP50_95=0.8143 (step=163)
2026-08-02 18:46:30 INFO  scripts.synthetic_model_comparison.training.evaluation | mlflow: logged val per-class AP table (12 classes)
2026-08-02 18:46:30 INFO  scripts.synthetic_model_comparison.training.training_pipeline | saved checkpoint: /home/debian/Master-Thesis/scripts/synthetic_model_comparison/training/model_exports/yolo26n-realvisxl-lightning-maxlen-seed42-20260802-175008/last.pt
2026-08-02 18:46:30 INFO  scripts.synthetic_model_comparison.training.training_pipeline | epoch 164/200 done — next lr=0.000807905, epochs_since_improve=1/20
2026-08-02 18:46:30 INFO  scripts.synthetic_model_comparison.training.training_pipeline | epoch 165/200 — train start (lr=0.000807905, batches=15)
2026-08-02 18:46:43 INFO  scripts.synthetic_model_comparison.training.training_pipeline | epoch 165/200 — train done in 12.4s | avg loss_box=0.4038 loss_cls=0.2299 loss_dfl=0.0125 loss_total=42.5889
2026-08-02 18:46:43 INFO  scripts.synthetic_model_comparison.training.evaluation | evaluating on 4 batches
2026-08-02 18:46:51 INFO  scripts.synthetic_model_comparison.training.training_pipeline | epoch 165/200 — val mAP50=0.9695 mAP50_95=0.8300 (selection mAP50_95=0.8300)
2026-08-02 18:46:51 INFO  scripts.synthetic_model_comparison.training.evaluation | mlflow: logged val/mAP50=0.9695 val/mAP50_95=0.8300 (step=164)
2026-08-02 18:46:52 INFO  scripts.synthetic_model_comparison.training.evaluation | mlflow: logged val per-class AP table (12 classes)
2026-08-02 18:46:52 INFO  scripts.synthetic_model_comparison.training.training_pipeline | saved checkpoint: /home/debian/Master-Thesis/scripts/synthetic_model_comparison/training/model_exports/yolo26n-realvisxl-lightning-maxlen-seed42-20260802-175008/last.pt
2026-08-02 18:46:52 INFO  scripts.synthetic_model_comparison.training.training_pipeline | epoch 165/200 done — next lr=0.000765252, epochs_since_improve=2/20
2026-08-02 18:46:52 INFO  scripts.synthetic_model_comparison.training.training_pipeline | epoch 166/200 — train start (lr=0.000765252, batches=15)
2026-08-02 18:47:04 INFO  scripts.synthetic_model_comparison.training.training_pipeline | epoch 166/200 — train done in 11.8s | avg loss_box=0.3991 loss_cls=0.2241 loss_dfl=0.0123 loss_total=41.9692
2026-08-02 18:47:04 INFO  scripts.synthetic_model_comparison.training.evaluation | evaluating on 4 batches
2026-08-02 18:47:10 INFO  scripts.synthetic_model_comparison.training.training_pipeline | epoch 166/200 — val mAP50=0.9701 mAP50_95=0.8290 (selection mAP50_95=0.8290)
2026-08-02 18:47:11 INFO  scripts.synthetic_model_comparison.training.evaluation | mlflow: logged val/mAP50=0.9701 val/mAP50_95=0.8290 (step=165)
2026-08-02 18:47:11 INFO  scripts.synthetic_model_comparison.training.evaluation | mlflow: logged val per-class AP table (12 classes)
2026-08-02 18:47:11 INFO  scripts.synthetic_model_comparison.training.training_pipeline | saved checkpoint: /home/debian/Master-Thesis/scripts/synthetic_model_comparison/training/model_exports/yolo26n-realvisxl-lightning-maxlen-seed42-20260802-175008/last.pt
2026-08-02 18:47:12 INFO  scripts.synthetic_model_comparison.training.training_pipeline | epoch 166/200 done — next lr=0.000723677, epochs_since_improve=3/20
2026-08-02 18:47:12 INFO  scripts.synthetic_model_comparison.training.training_pipeline | epoch 167/200 — train start (lr=0.000723677, batches=15)
2026-08-02 18:47:22 INFO  scripts.synthetic_model_comparison.training.training_pipeline | step 2500 | loss_box=0.4106 loss_cls=0.2052 loss_dfl=0.0126 loss_total=41.9250 lr=0.000693881
2026-08-02 18:47:25 INFO  scripts.synthetic_model_comparison.training.training_pipeline | epoch 167/200 — train done in 13.5s | avg loss_box=0.3963 loss_cls=0.2288 loss_dfl=0.0119 loss_total=41.9004
2026-08-02 18:47:25 INFO  scripts.synthetic_model_comparison.training.evaluation | evaluating on 4 batches
2026-08-02 18:47:32 INFO  scripts.synthetic_model_comparison.training.training_pipeline | epoch 167/200 — val mAP50=0.9706 mAP50_95=0.8281 (selection mAP50_95=0.8281)
2026-08-02 18:47:32 INFO  scripts.synthetic_model_comparison.training.evaluation | mlflow: logged val/mAP50=0.9706 val/mAP50_95=0.8281 (step=166)
2026-08-02 18:47:32 INFO  scripts.synthetic_model_comparison.training.evaluation | mlflow: logged val per-class AP table (12 classes)
2026-08-02 18:47:33 INFO  scripts.synthetic_model_comparison.training.training_pipeline | saved checkpoint: /home/debian/Master-Thesis/scripts/synthetic_model_comparison/training/model_exports/yolo26n-realvisxl-lightning-maxlen-seed42-20260802-175008/last.pt
2026-08-02 18:47:33 INFO  scripts.synthetic_model_comparison.training.training_pipeline | epoch 167/200 done — next lr=0.000683191, epochs_since_improve=4/20
2026-08-02 18:47:33 INFO  scripts.synthetic_model_comparison.training.training_pipeline | epoch 168/200 — train start (lr=0.000683191, batches=15)
2026-08-02 18:47:45 INFO  scripts.synthetic_model_comparison.training.training_pipeline | epoch 168/200 — train done in 12.5s | avg loss_box=0.4031 loss_cls=0.2335 loss_dfl=0.0126 loss_total=42.6940
2026-08-02 18:47:45 INFO  scripts.synthetic_model_comparison.training.evaluation | evaluating on 4 batches
2026-08-02 18:47:53 INFO  scripts.synthetic_model_comparison.training.training_pipeline | epoch 168/200 — val mAP50=0.9710 mAP50_95=0.8293 (selection mAP50_95=0.8293)
2026-08-02 18:47:54 INFO  scripts.synthetic_model_comparison.training.evaluation | mlflow: logged val/mAP50=0.9710 val/mAP50_95=0.8293 (step=167)
2026-08-02 18:47:54 INFO  scripts.synthetic_model_comparison.training.evaluation | mlflow: logged val per-class AP table (12 classes)
2026-08-02 18:47:55 INFO  scripts.synthetic_model_comparison.training.training_pipeline | saved checkpoint: /home/debian/Master-Thesis/scripts/synthetic_model_comparison/training/model_exports/yolo26n-realvisxl-lightning-maxlen-seed42-20260802-175008/last.pt
2026-08-02 18:47:55 INFO  scripts.synthetic_model_comparison.training.training_pipeline | epoch 168/200 done — next lr=0.000643805, epochs_since_improve=5/20
2026-08-02 18:47:55 INFO  scripts.synthetic_model_comparison.training.training_pipeline | epoch 169/200 — train start (lr=0.000643805, batches=15)
2026-08-02 18:48:08 INFO  scripts.synthetic_model_comparison.training.training_pipeline | epoch 169/200 — train done in 13.0s | avg loss_box=0.4020 loss_cls=0.2306 loss_dfl=0.0122 loss_total=42.4086
2026-08-02 18:48:08 INFO  scripts.synthetic_model_comparison.training.evaluation | evaluating on 4 batches
2026-08-02 18:48:16 INFO  scripts.synthetic_model_comparison.training.training_pipeline | epoch 169/200 — val mAP50=0.9694 mAP50_95=0.8332 (selection mAP50_95=0.8332)
2026-08-02 18:48:17 INFO  scripts.synthetic_model_comparison.training.evaluation | mlflow: logged val/mAP50=0.9694 val/mAP50_95=0.8332 (step=168)
2026-08-02 18:48:17 INFO  scripts.synthetic_model_comparison.training.evaluation | mlflow: logged val per-class AP table (12 classes)
2026-08-02 18:48:17 INFO  scripts.synthetic_model_comparison.training.training_pipeline | saved checkpoint: /home/debian/Master-Thesis/scripts/synthetic_model_comparison/training/model_exports/yolo26n-realvisxl-lightning-maxlen-seed42-20260802-175008/last.pt
2026-08-02 18:48:17 INFO  scripts.synthetic_model_comparison.training.training_pipeline | epoch 169/200 done — next lr=0.000605527, epochs_since_improve=6/20
2026-08-02 18:48:17 INFO  scripts.synthetic_model_comparison.training.training_pipeline | epoch 170/200 — train start (lr=0.000605527, batches=15)
2026-08-02 18:48:30 INFO  scripts.synthetic_model_comparison.training.training_pipeline | epoch 170/200 — train done in 12.1s | avg loss_box=0.3923 loss_cls=0.2291 loss_dfl=0.0121 loss_total=41.7178
2026-08-02 18:48:30 INFO  scripts.synthetic_model_comparison.training.evaluation | evaluating on 4 batches
2026-08-02 18:48:36 INFO  scripts.synthetic_model_comparison.training.training_pipeline | epoch 170/200 — val mAP50=0.9699 mAP50_95=0.8325 (selection mAP50_95=0.8325)
2026-08-02 18:48:36 INFO  scripts.synthetic_model_comparison.training.evaluation | mlflow: logged val/mAP50=0.9699 val/mAP50_95=0.8325 (step=169)
2026-08-02 18:48:37 INFO  scripts.synthetic_model_comparison.training.evaluation | mlflow: logged val per-class AP table (12 classes)
2026-08-02 18:48:37 INFO  scripts.synthetic_model_comparison.training.training_pipeline | saved checkpoint: /home/debian/Master-Thesis/scripts/synthetic_model_comparison/training/model_exports/yolo26n-realvisxl-lightning-maxlen-seed42-20260802-175008/last.pt
2026-08-02 18:48:37 INFO  scripts.synthetic_model_comparison.training.training_pipeline | epoch 170/200 done — next lr=0.000568368, epochs_since_improve=7/20
2026-08-02 18:48:37 INFO  scripts.synthetic_model_comparison.training.training_pipeline | epoch 171/200 — train start (lr=0.000568368, batches=15)
2026-08-02 18:48:43 INFO  scripts.synthetic_model_comparison.training.training_pipeline | step 2550 | loss_box=0.3712 loss_cls=0.1985 loss_dfl=0.0107 loss_total=38.2051 lr=0.000565931
2026-08-02 18:48:51 INFO  scripts.synthetic_model_comparison.training.training_pipeline | epoch 171/200 — train done in 13.2s | avg loss_box=0.3947 loss_cls=0.2251 loss_dfl=0.0123 loss_total=41.6510
2026-08-02 18:48:51 INFO  scripts.synthetic_model_comparison.training.evaluation | evaluating on 4 batches
2026-08-02 18:48:57 INFO  scripts.synthetic_model_comparison.training.training_pipeline | epoch 171/200 — val mAP50=0.9706 mAP50_95=0.8320 (selection mAP50_95=0.8320)
2026-08-02 18:48:57 INFO  scripts.synthetic_model_comparison.training.evaluation | mlflow: logged val/mAP50=0.9706 val/mAP50_95=0.8320 (step=170)
2026-08-02 18:48:58 INFO  scripts.synthetic_model_comparison.training.evaluation | mlflow: logged val per-class AP table (12 classes)
2026-08-02 18:48:58 INFO  scripts.synthetic_model_comparison.training.training_pipeline | saved checkpoint: /home/debian/Master-Thesis/scripts/synthetic_model_comparison/training/model_exports/yolo26n-realvisxl-lightning-maxlen-seed42-20260802-175008/last.pt
2026-08-02 18:48:58 INFO  scripts.synthetic_model_comparison.training.training_pipeline | epoch 171/200 done — next lr=0.000532337, epochs_since_improve=8/20
2026-08-02 18:48:58 INFO  scripts.synthetic_model_comparison.training.training_pipeline | epoch 172/200 — train start (lr=0.000532337, batches=15)
2026-08-02 18:49:10 INFO  scripts.synthetic_model_comparison.training.training_pipeline | epoch 172/200 — train done in 12.1s | avg loss_box=0.3861 loss_cls=0.2296 loss_dfl=0.0118 loss_total=41.2751
2026-08-02 18:49:10 INFO  scripts.synthetic_model_comparison.training.evaluation | evaluating on 4 batches
2026-08-02 18:49:16 INFO  scripts.synthetic_model_comparison.training.training_pipeline | epoch 172/200 — val mAP50=0.9700 mAP50_95=0.8302 (selection mAP50_95=0.8302)
2026-08-02 18:49:17 INFO  scripts.synthetic_model_comparison.training.evaluation | mlflow: logged val/mAP50=0.9700 val/mAP50_95=0.8302 (step=171)
2026-08-02 18:49:17 INFO  scripts.synthetic_model_comparison.training.evaluation | mlflow: logged val per-class AP table (12 classes)
2026-08-02 18:49:18 INFO  scripts.synthetic_model_comparison.training.training_pipeline | saved checkpoint: /home/debian/Master-Thesis/scripts/synthetic_model_comparison/training/model_exports/yolo26n-realvisxl-lightning-maxlen-seed42-20260802-175008/last.pt
2026-08-02 18:49:18 INFO  scripts.synthetic_model_comparison.training.training_pipeline | epoch 172/200 done — next lr=0.000497444, epochs_since_improve=9/20
2026-08-02 18:49:18 INFO  scripts.synthetic_model_comparison.training.training_pipeline | epoch 173/200 — train start (lr=0.000497444, batches=15)
2026-08-02 18:49:30 INFO  scripts.synthetic_model_comparison.training.training_pipeline | epoch 173/200 — train done in 12.3s | avg loss_box=0.3877 loss_cls=0.2277 loss_dfl=0.0120 loss_total=41.2350
2026-08-02 18:49:30 INFO  scripts.synthetic_model_comparison.training.evaluation | evaluating on 4 batches
2026-08-02 18:49:36 INFO  scripts.synthetic_model_comparison.training.training_pipeline | epoch 173/200 — val mAP50=0.9690 mAP50_95=0.8305 (selection mAP50_95=0.8305)
2026-08-02 18:49:37 INFO  scripts.synthetic_model_comparison.training.evaluation | mlflow: logged val/mAP50=0.9690 val/mAP50_95=0.8305 (step=172)
2026-08-02 18:49:37 INFO  scripts.synthetic_model_comparison.training.evaluation | mlflow: logged val per-class AP table (12 classes)
2026-08-02 18:49:38 INFO  scripts.synthetic_model_comparison.training.training_pipeline | saved checkpoint: /home/debian/Master-Thesis/scripts/synthetic_model_comparison/training/model_exports/yolo26n-realvisxl-lightning-maxlen-seed42-20260802-175008/last.pt
2026-08-02 18:49:38 INFO  scripts.synthetic_model_comparison.training.training_pipeline | epoch 173/200 done — next lr=0.000463697, epochs_since_improve=10/20
2026-08-02 18:49:38 INFO  scripts.synthetic_model_comparison.training.training_pipeline | epoch 174/200 — train start (lr=0.000463697, batches=15)
2026-08-02 18:49:47 INFO  scripts.synthetic_model_comparison.training.training_pipeline | step 2600 | loss_box=0.3890 loss_cls=0.2385 loss_dfl=0.0117 loss_total=42.0074 lr=0.000450521
2026-08-02 18:49:52 INFO  scripts.synthetic_model_comparison.training.training_pipeline | epoch 174/200 — train done in 14.4s | avg loss_box=0.3955 loss_cls=0.2308 loss_dfl=0.0120 loss_total=41.8443
2026-08-02 18:49:52 INFO  scripts.synthetic_model_comparison.training.evaluation | evaluating on 4 batches
2026-08-02 18:49:58 INFO  scripts.synthetic_model_comparison.training.training_pipeline | epoch 174/200 — val mAP50=0.9664 mAP50_95=0.8277 (selection mAP50_95=0.8277)
2026-08-02 18:49:59 INFO  scripts.synthetic_model_comparison.training.evaluation | mlflow: logged val/mAP50=0.9664 val/mAP50_95=0.8277 (step=173)
2026-08-02 18:49:59 INFO  scripts.synthetic_model_comparison.training.evaluation | mlflow: logged val per-class AP table (12 classes)
2026-08-02 18:49:59 INFO  scripts.synthetic_model_comparison.training.training_pipeline | saved checkpoint: /home/debian/Master-Thesis/scripts/synthetic_model_comparison/training/model_exports/yolo26n-realvisxl-lightning-maxlen-seed42-20260802-175008/last.pt
2026-08-02 18:50:00 INFO  scripts.synthetic_model_comparison.training.training_pipeline | epoch 174/200 done — next lr=0.000431105, epochs_since_improve=11/20
2026-08-02 18:50:00 INFO  scripts.synthetic_model_comparison.training.training_pipeline | epoch 175/200 — train start (lr=0.000431105, batches=15)
2026-08-02 18:50:13 INFO  scripts.synthetic_model_comparison.training.training_pipeline | epoch 175/200 — train done in 12.8s | avg loss_box=0.3951 loss_cls=0.2236 loss_dfl=0.0120 loss_total=41.3759
2026-08-02 18:50:13 INFO  scripts.synthetic_model_comparison.training.evaluation | evaluating on 4 batches
2026-08-02 18:50:19 INFO  scripts.synthetic_model_comparison.training.training_pipeline | epoch 175/200 — val mAP50=0.9687 mAP50_95=0.8325 (selection mAP50_95=0.8325)
2026-08-02 18:50:19 INFO  scripts.synthetic_model_comparison.training.evaluation | mlflow: logged val/mAP50=0.9687 val/mAP50_95=0.8325 (step=174)
2026-08-02 18:50:20 INFO  scripts.synthetic_model_comparison.training.evaluation | mlflow: logged val per-class AP table (12 classes)
2026-08-02 18:50:20 INFO  scripts.synthetic_model_comparison.training.training_pipeline | saved checkpoint: /home/debian/Master-Thesis/scripts/synthetic_model_comparison/training/model_exports/yolo26n-realvisxl-lightning-maxlen-seed42-20260802-175008/last.pt
2026-08-02 18:50:20 INFO  scripts.synthetic_model_comparison.training.training_pipeline | epoch 175/200 done — next lr=0.000399676, epochs_since_improve=12/20
2026-08-02 18:50:20 INFO  scripts.synthetic_model_comparison.training.training_pipeline | epoch 176/200 — train start (lr=0.000399676, batches=15)
2026-08-02 18:50:32 INFO  scripts.synthetic_model_comparison.training.training_pipeline | epoch 176/200 — train done in 11.4s | avg loss_box=0.3741 loss_cls=0.2195 loss_dfl=0.0112 loss_total=39.8119
2026-08-02 18:50:32 INFO  scripts.synthetic_model_comparison.training.evaluation | evaluating on 4 batches
2026-08-02 18:50:38 INFO  scripts.synthetic_model_comparison.training.training_pipeline | epoch 176/200 — val mAP50=0.9678 mAP50_95=0.8326 (selection mAP50_95=0.8326)
2026-08-02 18:50:38 INFO  scripts.synthetic_model_comparison.training.evaluation | mlflow: logged val/mAP50=0.9678 val/mAP50_95=0.8326 (step=175)
2026-08-02 18:50:39 INFO  scripts.synthetic_model_comparison.training.evaluation | mlflow: logged val per-class AP table (12 classes)
2026-08-02 18:50:39 INFO  scripts.synthetic_model_comparison.training.training_pipeline | saved checkpoint: /home/debian/Master-Thesis/scripts/synthetic_model_comparison/training/model_exports/yolo26n-realvisxl-lightning-maxlen-seed42-20260802-175008/last.pt
2026-08-02 18:50:39 INFO  scripts.synthetic_model_comparison.training.training_pipeline | epoch 176/200 done — next lr=0.000369419, epochs_since_improve=13/20
2026-08-02 18:50:39 INFO  scripts.synthetic_model_comparison.training.training_pipeline | epoch 177/200 — train start (lr=0.000369419, batches=15)
2026-08-02 18:50:50 INFO  scripts.synthetic_model_comparison.training.training_pipeline | step 2650 | loss_box=0.3510 loss_cls=0.2356 loss_dfl=0.0116 loss_total=39.5016 lr=0.000347979
2026-08-02 18:50:53 INFO  scripts.synthetic_model_comparison.training.training_pipeline | epoch 177/200 — train done in 14.1s | avg loss_box=0.3750 loss_cls=0.2249 loss_dfl=0.0111 loss_total=40.2481
2026-08-02 18:50:53 INFO  scripts.synthetic_model_comparison.training.evaluation | evaluating on 4 batches
2026-08-02 18:51:01 INFO  scripts.synthetic_model_comparison.training.training_pipeline | epoch 177/200 — val mAP50=0.9696 mAP50_95=0.8340 (selection mAP50_95=0.8340)
2026-08-02 18:51:02 INFO  scripts.synthetic_model_comparison.training.evaluation | mlflow: logged val/mAP50=0.9696 val/mAP50_95=0.8340 (step=176)
2026-08-02 18:51:02 INFO  scripts.synthetic_model_comparison.training.evaluation | mlflow: logged val per-class AP table (12 classes)
2026-08-02 18:51:02 INFO  scripts.synthetic_model_comparison.training.training_pipeline | saved checkpoint: /home/debian/Master-Thesis/scripts/synthetic_model_comparison/training/model_exports/yolo26n-realvisxl-lightning-maxlen-seed42-20260802-175008/best.pt
2026-08-02 18:51:02 INFO  scripts.synthetic_model_comparison.training.training_pipeline | new best mAP50_95=0.8340 at epoch 177
2026-08-02 18:51:03 INFO  scripts.synthetic_model_comparison.training.training_pipeline | saved checkpoint: /home/debian/Master-Thesis/scripts/synthetic_model_comparison/training/model_exports/yolo26n-realvisxl-lightning-maxlen-seed42-20260802-175008/last.pt
2026-08-02 18:51:03 INFO  scripts.synthetic_model_comparison.training.training_pipeline | epoch 177/200 done — next lr=0.00034034, epochs_since_improve=0/20
2026-08-02 18:51:03 INFO  scripts.synthetic_model_comparison.training.training_pipeline | epoch 178/200 — train start (lr=0.00034034, batches=15)
2026-08-02 18:51:16 INFO  scripts.synthetic_model_comparison.training.training_pipeline | epoch 178/200 — train done in 12.8s | avg loss_box=0.3686 loss_cls=0.2123 loss_dfl=0.0111 loss_total=39.0300
2026-08-02 18:51:16 INFO  scripts.synthetic_model_comparison.training.evaluation | evaluating on 4 batches
2026-08-02 18:51:22 INFO  scripts.synthetic_model_comparison.training.training_pipeline | epoch 178/200 — val mAP50=0.9673 mAP50_95=0.8282 (selection mAP50_95=0.8282)
2026-08-02 18:51:23 INFO  scripts.synthetic_model_comparison.training.evaluation | mlflow: logged val/mAP50=0.9673 val/mAP50_95=0.8282 (step=177)
2026-08-02 18:51:23 INFO  scripts.synthetic_model_comparison.training.evaluation | mlflow: logged val per-class AP table (12 classes)
2026-08-02 18:51:23 INFO  scripts.synthetic_model_comparison.training.training_pipeline | saved checkpoint: /home/debian/Master-Thesis/scripts/synthetic_model_comparison/training/model_exports/yolo26n-realvisxl-lightning-maxlen-seed42-20260802-175008/last.pt
2026-08-02 18:51:24 INFO  scripts.synthetic_model_comparison.training.training_pipeline | epoch 178/200 done — next lr=0.000312447, epochs_since_improve=1/20
2026-08-02 18:51:24 INFO  scripts.synthetic_model_comparison.training.training_pipeline | epoch 179/200 — train start (lr=0.000312447, batches=15)
2026-08-02 18:51:36 INFO  scripts.synthetic_model_comparison.training.training_pipeline | epoch 179/200 — train done in 12.1s | avg loss_box=0.3734 loss_cls=0.2144 loss_dfl=0.0114 loss_total=39.4949
2026-08-02 18:51:36 INFO  scripts.synthetic_model_comparison.training.evaluation | evaluating on 4 batches
2026-08-02 18:51:42 INFO  scripts.synthetic_model_comparison.training.training_pipeline | epoch 179/200 — val mAP50=0.9660 mAP50_95=0.8287 (selection mAP50_95=0.8287)
2026-08-02 18:51:43 INFO  scripts.synthetic_model_comparison.training.evaluation | mlflow: logged val/mAP50=0.9660 val/mAP50_95=0.8287 (step=178)
2026-08-02 18:51:43 INFO  scripts.synthetic_model_comparison.training.evaluation | mlflow: logged val per-class AP table (12 classes)
2026-08-02 18:51:43 INFO  scripts.synthetic_model_comparison.training.training_pipeline | saved checkpoint: /home/debian/Master-Thesis/scripts/synthetic_model_comparison/training/model_exports/yolo26n-realvisxl-lightning-maxlen-seed42-20260802-175008/last.pt
2026-08-02 18:51:43 INFO  scripts.synthetic_model_comparison.training.training_pipeline | epoch 179/200 done — next lr=0.000285748, epochs_since_improve=2/20
2026-08-02 18:51:43 INFO  scripts.synthetic_model_comparison.training.training_pipeline | epoch 180/200 — train start (lr=0.000285748, batches=15)
2026-08-02 18:51:55 INFO  scripts.synthetic_model_comparison.training.training_pipeline | epoch 180/200 — train done in 12.0s | avg loss_box=0.3767 loss_cls=0.2072 loss_dfl=0.0114 loss_total=39.1924
2026-08-02 18:51:55 INFO  scripts.synthetic_model_comparison.training.evaluation | evaluating on 4 batches
2026-08-02 18:52:01 INFO  scripts.synthetic_model_comparison.training.training_pipeline | epoch 180/200 — val mAP50=0.9671 mAP50_95=0.8273 (selection mAP50_95=0.8273)
2026-08-02 18:52:02 INFO  scripts.synthetic_model_comparison.training.evaluation | mlflow: logged val/mAP50=0.9671 val/mAP50_95=0.8273 (step=179)
2026-08-02 18:52:02 INFO  scripts.synthetic_model_comparison.training.evaluation | mlflow: logged val per-class AP table (12 classes)
2026-08-02 18:52:03 INFO  scripts.synthetic_model_comparison.training.training_pipeline | saved checkpoint: /home/debian/Master-Thesis/scripts/synthetic_model_comparison/training/model_exports/yolo26n-realvisxl-lightning-maxlen-seed42-20260802-175008/last.pt
2026-08-02 18:52:03 INFO  scripts.synthetic_model_comparison.training.training_pipeline | epoch 180/200 done — next lr=0.000260249, epochs_since_improve=3/20
2026-08-02 18:52:03 INFO  scripts.synthetic_model_comparison.training.training_pipeline | epoch 181/200 — train start (lr=0.000260249, batches=15)
2026-08-02 18:52:10 INFO  scripts.synthetic_model_comparison.training.training_pipeline | step 2700 | loss_box=0.3521 loss_cls=0.1653 loss_dfl=0.0110 loss_total=35.3259 lr=0.000258592
2026-08-02 18:52:17 INFO  scripts.synthetic_model_comparison.training.training_pipeline | epoch 181/200 — train done in 14.5s | avg loss_box=0.3768 loss_cls=0.2128 loss_dfl=0.0116 loss_total=39.4928
2026-08-02 18:52:17 INFO  scripts.synthetic_model_comparison.training.evaluation | evaluating on 4 batches
2026-08-02 18:52:23 INFO  scripts.synthetic_model_comparison.training.training_pipeline | epoch 181/200 — val mAP50=0.9685 mAP50_95=0.8278 (selection mAP50_95=0.8278)
2026-08-02 18:52:24 INFO  scripts.synthetic_model_comparison.training.evaluation | mlflow: logged val/mAP50=0.9685 val/mAP50_95=0.8278 (step=180)
2026-08-02 18:52:25 INFO  scripts.synthetic_model_comparison.training.evaluation | mlflow: logged val per-class AP table (12 classes)
2026-08-02 18:52:25 INFO  scripts.synthetic_model_comparison.training.training_pipeline | saved checkpoint: /home/debian/Master-Thesis/scripts/synthetic_model_comparison/training/model_exports/yolo26n-realvisxl-lightning-maxlen-seed42-20260802-175008/last.pt
2026-08-02 18:52:25 INFO  scripts.synthetic_model_comparison.training.training_pipeline | epoch 181/200 done — next lr=0.000235957, epochs_since_improve=4/20
2026-08-02 18:52:25 INFO  scripts.synthetic_model_comparison.training.training_pipeline | epoch 182/200 — train start (lr=0.000235957, batches=15)
2026-08-02 18:52:38 INFO  scripts.synthetic_model_comparison.training.training_pipeline | epoch 182/200 — train done in 12.7s | avg loss_box=0.3691 loss_cls=0.2113 loss_dfl=0.0112 loss_total=38.9691
2026-08-02 18:52:38 INFO  scripts.synthetic_model_comparison.training.evaluation | evaluating on 4 batches
2026-08-02 18:52:44 INFO  scripts.synthetic_model_comparison.training.training_pipeline | epoch 182/200 — val mAP50=0.9669 mAP50_95=0.8294 (selection mAP50_95=0.8294)
2026-08-02 18:52:45 INFO  scripts.synthetic_model_comparison.training.evaluation | mlflow: logged val/mAP50=0.9669 val/mAP50_95=0.8294 (step=181)
2026-08-02 18:52:45 INFO  scripts.synthetic_model_comparison.training.evaluation | mlflow: logged val per-class AP table (12 classes)
2026-08-02 18:52:45 INFO  scripts.synthetic_model_comparison.training.training_pipeline | saved checkpoint: /home/debian/Master-Thesis/scripts/synthetic_model_comparison/training/model_exports/yolo26n-realvisxl-lightning-maxlen-seed42-20260802-175008/last.pt
2026-08-02 18:52:45 INFO  scripts.synthetic_model_comparison.training.training_pipeline | epoch 182/200 done — next lr=0.000212877, epochs_since_improve=5/20
2026-08-02 18:52:45 INFO  scripts.synthetic_model_comparison.training.training_pipeline | epoch 183/200 — train start (lr=0.000212877, batches=15)
2026-08-02 18:52:58 INFO  scripts.synthetic_model_comparison.training.training_pipeline | epoch 183/200 — train done in 13.0s | avg loss_box=0.3677 loss_cls=0.2239 loss_dfl=0.0111 loss_total=39.4973
2026-08-02 18:52:58 INFO  scripts.synthetic_model_comparison.training.evaluation | evaluating on 4 batches
2026-08-02 18:53:05 INFO  scripts.synthetic_model_comparison.training.training_pipeline | epoch 183/200 — val mAP50=0.9675 mAP50_95=0.8304 (selection mAP50_95=0.8304)
2026-08-02 18:53:05 INFO  scripts.synthetic_model_comparison.training.evaluation | mlflow: logged val/mAP50=0.9675 val/mAP50_95=0.8304 (step=182)
2026-08-02 18:53:06 INFO  scripts.synthetic_model_comparison.training.evaluation | mlflow: logged val per-class AP table (12 classes)
2026-08-02 18:53:06 INFO  scripts.synthetic_model_comparison.training.training_pipeline | saved checkpoint: /home/debian/Master-Thesis/scripts/synthetic_model_comparison/training/model_exports/yolo26n-realvisxl-lightning-maxlen-seed42-20260802-175008/last.pt
2026-08-02 18:53:06 INFO  scripts.synthetic_model_comparison.training.training_pipeline | epoch 183/200 done — next lr=0.000191016, epochs_since_improve=6/20
2026-08-02 18:53:06 INFO  scripts.synthetic_model_comparison.training.training_pipeline | epoch 184/200 — train start (lr=0.000191016, batches=15)
2026-08-02 18:53:15 INFO  scripts.synthetic_model_comparison.training.training_pipeline | step 2750 | loss_box=0.3201 loss_cls=0.1539 loss_dfl=0.0107 loss_total=32.5897 lr=0.000182614
2026-08-02 18:53:20 INFO  scripts.synthetic_model_comparison.training.training_pipeline | epoch 184/200 — train done in 14.0s | avg loss_box=0.3703 loss_cls=0.2010 loss_dfl=0.0114 loss_total=38.5254
2026-08-02 18:53:20 INFO  scripts.synthetic_model_comparison.training.evaluation | evaluating on 4 batches
2026-08-02 18:53:26 INFO  scripts.synthetic_model_comparison.training.training_pipeline | epoch 184/200 — val mAP50=0.9678 mAP50_95=0.8327 (selection mAP50_95=0.8327)
2026-08-02 18:53:27 INFO  scripts.synthetic_model_comparison.training.evaluation | mlflow: logged val/mAP50=0.9678 val/mAP50_95=0.8327 (step=183)
2026-08-02 18:53:27 INFO  scripts.synthetic_model_comparison.training.evaluation | mlflow: logged val per-class AP table (12 classes)
2026-08-02 18:53:27 INFO  scripts.synthetic_model_comparison.training.training_pipeline | saved checkpoint: /home/debian/Master-Thesis/scripts/synthetic_model_comparison/training/model_exports/yolo26n-realvisxl-lightning-maxlen-seed42-20260802-175008/last.pt
2026-08-02 18:53:28 INFO  scripts.synthetic_model_comparison.training.training_pipeline | epoch 184/200 done — next lr=0.000170379, epochs_since_improve=7/20
2026-08-02 18:53:28 INFO  scripts.synthetic_model_comparison.training.training_pipeline | epoch 185/200 — train start (lr=0.000170379, batches=15)
2026-08-02 18:53:39 INFO  scripts.synthetic_model_comparison.training.training_pipeline | epoch 185/200 — train done in 11.6s | avg loss_box=0.3776 loss_cls=0.1957 loss_dfl=0.0115 loss_total=38.5895
2026-08-02 18:53:39 INFO  scripts.synthetic_model_comparison.training.evaluation | evaluating on 4 batches
2026-08-02 18:53:46 INFO  scripts.synthetic_model_comparison.training.training_pipeline | epoch 185/200 — val mAP50=0.9668 mAP50_95=0.8303 (selection mAP50_95=0.8303)
2026-08-02 18:53:46 INFO  scripts.synthetic_model_comparison.training.evaluation | mlflow: logged val/mAP50=0.9668 val/mAP50_95=0.8303 (step=184)
2026-08-02 18:53:47 INFO  scripts.synthetic_model_comparison.training.evaluation | mlflow: logged val per-class AP table (12 classes)
2026-08-02 18:53:47 INFO  scripts.synthetic_model_comparison.training.training_pipeline | saved checkpoint: /home/debian/Master-Thesis/scripts/synthetic_model_comparison/training/model_exports/yolo26n-realvisxl-lightning-maxlen-seed42-20260802-175008/last.pt
2026-08-02 18:53:47 INFO  scripts.synthetic_model_comparison.training.training_pipeline | epoch 185/200 done — next lr=0.000150972, epochs_since_improve=8/20
2026-08-02 18:53:47 INFO  scripts.synthetic_model_comparison.training.training_pipeline | epoch 186/200 — train start (lr=0.000150972, batches=15)
2026-08-02 18:53:59 INFO  scripts.synthetic_model_comparison.training.training_pipeline | epoch 186/200 — train done in 11.6s | avg loss_box=0.3643 loss_cls=0.2059 loss_dfl=0.0113 loss_total=38.3079
2026-08-02 18:53:59 INFO  scripts.synthetic_model_comparison.training.evaluation | evaluating on 4 batches
2026-08-02 18:54:05 INFO  scripts.synthetic_model_comparison.training.training_pipeline | epoch 186/200 — val mAP50=0.9682 mAP50_95=0.8316 (selection mAP50_95=0.8316)
2026-08-02 18:54:06 INFO  scripts.synthetic_model_comparison.training.evaluation | mlflow: logged val/mAP50=0.9682 val/mAP50_95=0.8316 (step=185)
2026-08-02 18:54:06 INFO  scripts.synthetic_model_comparison.training.evaluation | mlflow: logged val per-class AP table (12 classes)
2026-08-02 18:54:06 INFO  scripts.synthetic_model_comparison.training.training_pipeline | saved checkpoint: /home/debian/Master-Thesis/scripts/synthetic_model_comparison/training/model_exports/yolo26n-realvisxl-lightning-maxlen-seed42-20260802-175008/last.pt
2026-08-02 18:54:06 INFO  scripts.synthetic_model_comparison.training.training_pipeline | epoch 186/200 done — next lr=0.000132799, epochs_since_improve=9/20
2026-08-02 18:54:06 INFO  scripts.synthetic_model_comparison.training.training_pipeline | epoch 187/200 — train start (lr=0.000132799, batches=15)
2026-08-02 18:54:17 INFO  scripts.synthetic_model_comparison.training.training_pipeline | step 2800 | loss_box=0.4408 loss_cls=0.2438 loss_dfl=0.0133 loss_total=45.3263 lr=0.00012026
2026-08-02 18:54:19 INFO  scripts.synthetic_model_comparison.training.training_pipeline | epoch 187/200 — train done in 13.1s | avg loss_box=0.3763 loss_cls=0.2106 loss_dfl=0.0116 loss_total=39.3294
2026-08-02 18:54:19 INFO  scripts.synthetic_model_comparison.training.evaluation | evaluating on 4 batches
2026-08-02 18:54:25 INFO  scripts.synthetic_model_comparison.training.training_pipeline | epoch 187/200 — val mAP50=0.9681 mAP50_95=0.8300 (selection mAP50_95=0.8300)
2026-08-02 18:54:26 INFO  scripts.synthetic_model_comparison.training.evaluation | mlflow: logged val/mAP50=0.9681 val/mAP50_95=0.8300 (step=186)
2026-08-02 18:54:26 INFO  scripts.synthetic_model_comparison.training.evaluation | mlflow: logged val per-class AP table (12 classes)
2026-08-02 18:54:27 INFO  scripts.synthetic_model_comparison.training.training_pipeline | saved checkpoint: /home/debian/Master-Thesis/scripts/synthetic_model_comparison/training/model_exports/yolo26n-realvisxl-lightning-maxlen-seed42-20260802-175008/last.pt
2026-08-02 18:54:27 INFO  scripts.synthetic_model_comparison.training.training_pipeline | epoch 187/200 done — next lr=0.000115865, epochs_since_improve=10/20
2026-08-02 18:54:27 INFO  scripts.synthetic_model_comparison.training.training_pipeline | epoch 188/200 — train start (lr=0.000115865, batches=15)
2026-08-02 18:54:39 INFO  scripts.synthetic_model_comparison.training.training_pipeline | epoch 188/200 — train done in 12.2s | avg loss_box=0.3641 loss_cls=0.2020 loss_dfl=0.0114 loss_total=37.9849
2026-08-02 18:54:39 INFO  scripts.synthetic_model_comparison.training.evaluation | evaluating on 4 batches
2026-08-02 18:54:45 INFO  scripts.synthetic_model_comparison.training.training_pipeline | epoch 188/200 — val mAP50=0.9688 mAP50_95=0.8346 (selection mAP50_95=0.8346)
2026-08-02 18:54:46 INFO  scripts.synthetic_model_comparison.training.evaluation | mlflow: logged val/mAP50=0.9688 val/mAP50_95=0.8346 (step=187)
2026-08-02 18:54:46 INFO  scripts.synthetic_model_comparison.training.evaluation | mlflow: logged val per-class AP table (12 classes)
2026-08-02 18:54:46 INFO  scripts.synthetic_model_comparison.training.training_pipeline | saved checkpoint: /home/debian/Master-Thesis/scripts/synthetic_model_comparison/training/model_exports/yolo26n-realvisxl-lightning-maxlen-seed42-20260802-175008/last.pt
2026-08-02 18:54:47 INFO  scripts.synthetic_model_comparison.training.training_pipeline | epoch 188/200 done — next lr=0.000100175, epochs_since_improve=11/20
2026-08-02 18:54:47 INFO  scripts.synthetic_model_comparison.training.training_pipeline | epoch 189/200 — train start (lr=0.000100175, batches=15)
2026-08-02 18:54:59 INFO  scripts.synthetic_model_comparison.training.training_pipeline | epoch 189/200 — train done in 12.0s | avg loss_box=0.3637 loss_cls=0.2161 loss_dfl=0.0111 loss_total=38.7162
2026-08-02 18:54:59 INFO  scripts.synthetic_model_comparison.training.evaluation | evaluating on 4 batches
2026-08-02 18:55:05 INFO  scripts.synthetic_model_comparison.training.training_pipeline | epoch 189/200 — val mAP50=0.9682 mAP50_95=0.8309 (selection mAP50_95=0.8309)
2026-08-02 18:55:06 INFO  scripts.synthetic_model_comparison.training.evaluation | mlflow: logged val/mAP50=0.9682 val/mAP50_95=0.8309 (step=188)
2026-08-02 18:55:06 INFO  scripts.synthetic_model_comparison.training.evaluation | mlflow: logged val per-class AP table (12 classes)
2026-08-02 18:55:06 INFO  scripts.synthetic_model_comparison.training.training_pipeline | saved checkpoint: /home/debian/Master-Thesis/scripts/synthetic_model_comparison/training/model_exports/yolo26n-realvisxl-lightning-maxlen-seed42-20260802-175008/last.pt
2026-08-02 18:55:06 INFO  scripts.synthetic_model_comparison.training.training_pipeline | epoch 189/200 done — next lr=8.57317e-05, epochs_since_improve=12/20
2026-08-02 18:55:06 INFO  scripts.synthetic_model_comparison.training.training_pipeline | epoch 190/200 — train start (lr=8.57317e-05, batches=15)
2026-08-02 18:55:18 INFO  scripts.synthetic_model_comparison.training.training_pipeline | epoch 190/200 — train done in 11.8s | avg loss_box=0.3610 loss_cls=0.1970 loss_dfl=0.0111 loss_total=37.5250
2026-08-02 18:55:18 INFO  scripts.synthetic_model_comparison.training.evaluation | evaluating on 4 batches
2026-08-02 18:55:24 INFO  scripts.synthetic_model_comparison.training.training_pipeline | epoch 190/200 — val mAP50=0.9685 mAP50_95=0.8338 (selection mAP50_95=0.8338)
2026-08-02 18:55:25 INFO  scripts.synthetic_model_comparison.training.evaluation | mlflow: logged val/mAP50=0.9685 val/mAP50_95=0.8338 (step=189)
2026-08-02 18:55:25 INFO  scripts.synthetic_model_comparison.training.evaluation | mlflow: logged val per-class AP table (12 classes)
2026-08-02 18:55:26 INFO  scripts.synthetic_model_comparison.training.training_pipeline | saved checkpoint: /home/debian/Master-Thesis/scripts/synthetic_model_comparison/training/model_exports/yolo26n-realvisxl-lightning-maxlen-seed42-20260802-175008/last.pt
2026-08-02 18:55:26 INFO  scripts.synthetic_model_comparison.training.training_pipeline | epoch 190/200 done — next lr=7.25395e-05, epochs_since_improve=13/20
2026-08-02 18:55:26 INFO  scripts.synthetic_model_comparison.training.training_pipeline | epoch 191/200 — train start (lr=7.25395e-05, batches=15)
2026-08-02 18:55:32 INFO  scripts.synthetic_model_comparison.training.training_pipeline | step 2850 | loss_box=0.3958 loss_cls=0.2334 loss_dfl=0.0116 loss_total=41.4732 lr=7.17046e-05
2026-08-02 18:55:39 INFO  scripts.synthetic_model_comparison.training.training_pipeline | epoch 191/200 — train done in 13.5s | avg loss_box=0.3554 loss_cls=0.1985 loss_dfl=0.0110 loss_total=37.1369
2026-08-02 18:55:39 INFO  scripts.synthetic_model_comparison.training.evaluation | evaluating on 4 batches
2026-08-02 18:55:47 INFO  scripts.synthetic_model_comparison.training.training_pipeline | epoch 191/200 — val mAP50=0.9689 mAP50_95=0.8349 (selection mAP50_95=0.8349)
2026-08-02 18:55:48 INFO  scripts.synthetic_model_comparison.training.evaluation | mlflow: logged val/mAP50=0.9689 val/mAP50_95=0.8349 (step=190)
2026-08-02 18:55:48 INFO  scripts.synthetic_model_comparison.training.evaluation | mlflow: logged val per-class AP table (12 classes)
2026-08-02 18:55:49 INFO  scripts.synthetic_model_comparison.training.training_pipeline | saved checkpoint: /home/debian/Master-Thesis/scripts/synthetic_model_comparison/training/model_exports/yolo26n-realvisxl-lightning-maxlen-seed42-20260802-175008/last.pt
2026-08-02 18:55:49 INFO  scripts.synthetic_model_comparison.training.training_pipeline | epoch 191/200 done — next lr=6.06017e-05, epochs_since_improve=14/20
2026-08-02 18:55:49 INFO  scripts.synthetic_model_comparison.training.training_pipeline | epoch 192/200 — train start (lr=6.06017e-05, batches=15)
2026-08-02 18:56:01 INFO  scripts.synthetic_model_comparison.training.training_pipeline | epoch 192/200 — train done in 12.4s | avg loss_box=0.3533 loss_cls=0.1954 loss_dfl=0.0106 loss_total=36.7636
2026-08-02 18:56:01 INFO  scripts.synthetic_model_comparison.training.evaluation | evaluating on 4 batches
2026-08-02 18:56:07 INFO  scripts.synthetic_model_comparison.training.training_pipeline | epoch 192/200 — val mAP50=0.9691 mAP50_95=0.8323 (selection mAP50_95=0.8323)
2026-08-02 18:56:08 INFO  scripts.synthetic_model_comparison.training.evaluation | mlflow: logged val/mAP50=0.9691 val/mAP50_95=0.8323 (step=191)
2026-08-02 18:56:08 INFO  scripts.synthetic_model_comparison.training.evaluation | mlflow: logged val per-class AP table (12 classes)
2026-08-02 18:56:08 INFO  scripts.synthetic_model_comparison.training.training_pipeline | saved checkpoint: /home/debian/Master-Thesis/scripts/synthetic_model_comparison/training/model_exports/yolo26n-realvisxl-lightning-maxlen-seed42-20260802-175008/last.pt
2026-08-02 18:56:09 INFO  scripts.synthetic_model_comparison.training.training_pipeline | epoch 192/200 done — next lr=4.99213e-05, epochs_since_improve=15/20
2026-08-02 18:56:09 INFO  scripts.synthetic_model_comparison.training.training_pipeline | epoch 193/200 — train start (lr=4.99213e-05, batches=15)
2026-08-02 18:56:21 INFO  scripts.synthetic_model_comparison.training.training_pipeline | epoch 193/200 — train done in 12.0s | avg loss_box=0.3638 loss_cls=0.2076 loss_dfl=0.0110 loss_total=38.1842
2026-08-02 18:56:21 INFO  scripts.synthetic_model_comparison.training.evaluation | evaluating on 4 batches
2026-08-02 18:56:27 INFO  scripts.synthetic_model_comparison.training.training_pipeline | epoch 193/200 — val mAP50=0.9704 mAP50_95=0.8322 (selection mAP50_95=0.8322)
2026-08-02 18:56:28 INFO  scripts.synthetic_model_comparison.training.evaluation | mlflow: logged val/mAP50=0.9704 val/mAP50_95=0.8322 (step=192)
2026-08-02 18:56:28 INFO  scripts.synthetic_model_comparison.training.evaluation | mlflow: logged val per-class AP table (12 classes)
2026-08-02 18:56:28 INFO  scripts.synthetic_model_comparison.training.training_pipeline | saved checkpoint: /home/debian/Master-Thesis/scripts/synthetic_model_comparison/training/model_exports/yolo26n-realvisxl-lightning-maxlen-seed42-20260802-175008/last.pt
2026-08-02 18:56:28 INFO  scripts.synthetic_model_comparison.training.training_pipeline | epoch 193/200 done — next lr=4.0501e-05, epochs_since_improve=16/20
2026-08-02 18:56:28 INFO  scripts.synthetic_model_comparison.training.training_pipeline | epoch 194/200 — train start (lr=4.0501e-05, batches=15)
2026-08-02 18:56:37 INFO  scripts.synthetic_model_comparison.training.training_pipeline | step 2900 | loss_box=0.3458 loss_cls=0.1741 loss_dfl=0.0108 loss_total=35.0922 lr=3.70863e-05
2026-08-02 18:56:42 INFO  scripts.synthetic_model_comparison.training.training_pipeline | epoch 194/200 — train done in 13.8s | avg loss_box=0.3529 loss_cls=0.1923 loss_dfl=0.0107 loss_total=36.5946
2026-08-02 18:56:42 INFO  scripts.synthetic_model_comparison.training.evaluation | evaluating on 4 batches
2026-08-02 18:56:48 INFO  scripts.synthetic_model_comparison.training.training_pipeline | epoch 194/200 — val mAP50=0.9710 mAP50_95=0.8348 (selection mAP50_95=0.8348)
2026-08-02 18:56:49 INFO  scripts.synthetic_model_comparison.training.evaluation | mlflow: logged val/mAP50=0.9710 val/mAP50_95=0.8348 (step=193)
2026-08-02 18:56:49 INFO  scripts.synthetic_model_comparison.training.evaluation | mlflow: logged val per-class AP table (12 classes)
2026-08-02 18:56:50 INFO  scripts.synthetic_model_comparison.training.training_pipeline | saved checkpoint: /home/debian/Master-Thesis/scripts/synthetic_model_comparison/training/model_exports/yolo26n-realvisxl-lightning-maxlen-seed42-20260802-175008/last.pt
2026-08-02 18:56:50 INFO  scripts.synthetic_model_comparison.training.training_pipeline | epoch 194/200 done — next lr=3.23432e-05, epochs_since_improve=17/20
2026-08-02 18:56:50 INFO  scripts.synthetic_model_comparison.training.training_pipeline | epoch 195/200 — train start (lr=3.23432e-05, batches=15)
2026-08-02 18:57:02 INFO  scripts.synthetic_model_comparison.training.training_pipeline | epoch 195/200 — train done in 12.0s | avg loss_box=0.3599 loss_cls=0.2135 loss_dfl=0.0109 loss_total=38.1796
2026-08-02 18:57:02 INFO  scripts.synthetic_model_comparison.training.evaluation | evaluating on 4 batches
2026-08-02 18:57:10 INFO  scripts.synthetic_model_comparison.training.training_pipeline | epoch 195/200 — val mAP50=0.9709 mAP50_95=0.8342 (selection mAP50_95=0.8342)
2026-08-02 18:57:11 INFO  scripts.synthetic_model_comparison.training.evaluation | mlflow: logged val/mAP50=0.9709 val/mAP50_95=0.8342 (step=194)
2026-08-02 18:57:11 INFO  scripts.synthetic_model_comparison.training.evaluation | mlflow: logged val per-class AP table (12 classes)
2026-08-02 18:57:11 INFO  scripts.synthetic_model_comparison.training.training_pipeline | saved checkpoint: /home/debian/Master-Thesis/scripts/synthetic_model_comparison/training/model_exports/yolo26n-realvisxl-lightning-maxlen-seed42-20260802-175008/last.pt
2026-08-02 18:57:12 INFO  scripts.synthetic_model_comparison.training.training_pipeline | epoch 195/200 done — next lr=2.545e-05, epochs_since_improve=18/20
2026-08-02 18:57:12 INFO  scripts.synthetic_model_comparison.training.training_pipeline | epoch 196/200 — train start (lr=2.545e-05, batches=15)
2026-08-02 18:57:24 INFO  scripts.synthetic_model_comparison.training.training_pipeline | epoch 196/200 — train done in 12.2s | avg loss_box=0.3630 loss_cls=0.2053 loss_dfl=0.0111 loss_total=37.8659
2026-08-02 18:57:24 INFO  scripts.synthetic_model_comparison.training.evaluation | evaluating on 4 batches
2026-08-02 18:57:32 INFO  scripts.synthetic_model_comparison.training.training_pipeline | epoch 196/200 — val mAP50=0.9704 mAP50_95=0.8364 (selection mAP50_95=0.8364)
2026-08-02 18:57:33 INFO  scripts.synthetic_model_comparison.training.evaluation | mlflow: logged val/mAP50=0.9704 val/mAP50_95=0.8364 (step=195)
2026-08-02 18:57:33 INFO  scripts.synthetic_model_comparison.training.evaluation | mlflow: logged val per-class AP table (12 classes)
2026-08-02 18:57:33 INFO  scripts.synthetic_model_comparison.training.training_pipeline | saved checkpoint: /home/debian/Master-Thesis/scripts/synthetic_model_comparison/training/model_exports/yolo26n-realvisxl-lightning-maxlen-seed42-20260802-175008/best.pt
2026-08-02 18:57:33 INFO  scripts.synthetic_model_comparison.training.training_pipeline | new best mAP50_95=0.8364 at epoch 196
2026-08-02 18:57:33 INFO  scripts.synthetic_model_comparison.training.training_pipeline | saved checkpoint: /home/debian/Master-Thesis/scripts/synthetic_model_comparison/training/model_exports/yolo26n-realvisxl-lightning-maxlen-seed42-20260802-175008/last.pt
2026-08-02 18:57:34 INFO  scripts.synthetic_model_comparison.training.training_pipeline | epoch 196/200 done — next lr=1.98232e-05, epochs_since_improve=0/20
2026-08-02 18:57:34 INFO  scripts.synthetic_model_comparison.training.training_pipeline | epoch 197/200 — train start (lr=1.98232e-05, batches=15)
2026-08-02 18:57:45 INFO  scripts.synthetic_model_comparison.training.training_pipeline | step 2950 | loss_box=0.3386 loss_cls=0.2063 loss_dfl=0.0105 loss_total=36.1576 lr=1.65025e-05
2026-08-02 18:57:48 INFO  scripts.synthetic_model_comparison.training.training_pipeline | epoch 197/200 — train done in 14.2s | avg loss_box=0.3529 loss_cls=0.2036 loss_dfl=0.0108 loss_total=37.1212
2026-08-02 18:57:48 INFO  scripts.synthetic_model_comparison.training.evaluation | evaluating on 4 batches
2026-08-02 18:57:54 INFO  scripts.synthetic_model_comparison.training.training_pipeline | epoch 197/200 — val mAP50=0.9702 mAP50_95=0.8339 (selection mAP50_95=0.8339)
2026-08-02 18:57:55 INFO  scripts.synthetic_model_comparison.training.evaluation | mlflow: logged val/mAP50=0.9702 val/mAP50_95=0.8339 (step=196)
2026-08-02 18:57:55 INFO  scripts.synthetic_model_comparison.training.evaluation | mlflow: logged val per-class AP table (12 classes)
2026-08-02 18:57:55 INFO  scripts.synthetic_model_comparison.training.training_pipeline | saved checkpoint: /home/debian/Master-Thesis/scripts/synthetic_model_comparison/training/model_exports/yolo26n-realvisxl-lightning-maxlen-seed42-20260802-175008/last.pt
2026-08-02 18:57:56 INFO  scripts.synthetic_model_comparison.training.training_pipeline | epoch 197/200 done — next lr=1.54641e-05, epochs_since_improve=1/20
2026-08-02 18:57:56 INFO  scripts.synthetic_model_comparison.training.training_pipeline | epoch 198/200 — train start (lr=1.54641e-05, batches=15)
2026-08-02 18:58:08 INFO  scripts.synthetic_model_comparison.training.training_pipeline | epoch 198/200 — train done in 12.3s | avg loss_box=0.3684 loss_cls=0.1997 loss_dfl=0.0112 loss_total=37.8864
2026-08-02 18:58:08 INFO  scripts.synthetic_model_comparison.training.evaluation | evaluating on 4 batches
2026-08-02 18:58:16 INFO  scripts.synthetic_model_comparison.training.training_pipeline | epoch 198/200 — val mAP50=0.9704 mAP50_95=0.8349 (selection mAP50_95=0.8349)
2026-08-02 18:58:16 INFO  scripts.synthetic_model_comparison.training.evaluation | mlflow: logged val/mAP50=0.9704 val/mAP50_95=0.8349 (step=197)
2026-08-02 18:58:17 INFO  scripts.synthetic_model_comparison.training.evaluation | mlflow: logged val per-class AP table (12 classes)
2026-08-02 18:58:17 INFO  scripts.synthetic_model_comparison.training.training_pipeline | saved checkpoint: /home/debian/Master-Thesis/scripts/synthetic_model_comparison/training/model_exports/yolo26n-realvisxl-lightning-maxlen-seed42-20260802-175008/last.pt
2026-08-02 18:58:17 INFO  scripts.synthetic_model_comparison.training.training_pipeline | epoch 198/200 done — next lr=1.23738e-05, epochs_since_improve=2/20
2026-08-02 18:58:17 INFO  scripts.synthetic_model_comparison.training.training_pipeline | epoch 199/200 — train start (lr=1.23738e-05, batches=15)
2026-08-02 18:58:29 INFO  scripts.synthetic_model_comparison.training.training_pipeline | epoch 199/200 — train done in 12.0s | avg loss_box=0.3634 loss_cls=0.1977 loss_dfl=0.0112 loss_total=37.4489
2026-08-02 18:58:29 INFO  scripts.synthetic_model_comparison.training.evaluation | evaluating on 4 batches
2026-08-02 18:58:37 INFO  scripts.synthetic_model_comparison.training.training_pipeline | epoch 199/200 — val mAP50=0.9705 mAP50_95=0.8351 (selection mAP50_95=0.8351)
2026-08-02 18:58:38 INFO  scripts.synthetic_model_comparison.training.evaluation | mlflow: logged val/mAP50=0.9705 val/mAP50_95=0.8351 (step=198)
2026-08-02 18:58:38 INFO  scripts.synthetic_model_comparison.training.evaluation | mlflow: logged val per-class AP table (12 classes)
2026-08-02 18:58:38 INFO  scripts.synthetic_model_comparison.training.training_pipeline | saved checkpoint: /home/debian/Master-Thesis/scripts/synthetic_model_comparison/training/model_exports/yolo26n-realvisxl-lightning-maxlen-seed42-20260802-175008/last.pt
2026-08-02 18:58:39 INFO  scripts.synthetic_model_comparison.training.training_pipeline | epoch 199/200 done — next lr=1.05533e-05, epochs_since_improve=3/20
2026-08-02 18:58:39 INFO  scripts.synthetic_model_comparison.training.training_pipeline | epoch 200/200 — train start (lr=1.05533e-05, batches=15)
2026-08-02 18:58:51 INFO  scripts.synthetic_model_comparison.training.training_pipeline | epoch 200/200 — train done in 12.7s | avg loss_box=0.3620 loss_cls=0.2035 loss_dfl=0.0110 loss_total=37.6511
2026-08-02 18:58:51 INFO  scripts.synthetic_model_comparison.training.evaluation | evaluating on 4 batches
2026-08-02 18:59:00 INFO  scripts.synthetic_model_comparison.training.training_pipeline | epoch 200/200 — val mAP50=0.9706 mAP50_95=0.8359 (selection mAP50_95=0.8359)
2026-08-02 18:59:00 INFO  scripts.synthetic_model_comparison.training.evaluation | mlflow: logged val/mAP50=0.9706 val/mAP50_95=0.8359 (step=199)
2026-08-02 18:59:01 INFO  scripts.synthetic_model_comparison.training.evaluation | mlflow: logged val per-class AP table (12 classes)
2026-08-02 18:59:01 INFO  scripts.synthetic_model_comparison.training.training_pipeline | saved checkpoint: /home/debian/Master-Thesis/scripts/synthetic_model_comparison/training/model_exports/yolo26n-realvisxl-lightning-maxlen-seed42-20260802-175008/last.pt
2026-08-02 18:59:01 INFO  scripts.synthetic_model_comparison.training.training_pipeline | epoch 200/200 done — next lr=1.00028e-05, epochs_since_improve=4/20
2026-08-02 18:59:01 INFO  scripts.synthetic_model_comparison.training.training_pipeline | saved checkpoint: /home/debian/Master-Thesis/scripts/synthetic_model_comparison/training/model_exports/yolo26n-realvisxl-lightning-maxlen-seed42-20260802-175008/last.pt
2026-08-02 18:59:01 INFO  scripts.synthetic_model_comparison.training.training_pipeline | training finished — loading best.pt for final test evaluation
2026-08-02 18:59:01 INFO  scripts.synthetic_model_comparison.training.training_pipeline | loaded best.pt (mAP50_95=0.8364 @ epoch 195)
2026-08-02 18:59:01 INFO  scripts.synthetic_model_comparison.training.evaluation | evaluating on 153 batches
2026-08-02 19:02:10 INFO  scripts.synthetic_model_comparison.training.training_pipeline | test mAP50=0.0489 mAP50_95=0.0226
2026-08-02 19:02:11 INFO  scripts.synthetic_model_comparison.training.evaluation | mlflow: logged test/mAP50=0.0489 test/mAP50_95=0.0226 (step=None)
2026-08-02 19:02:11 INFO  scripts.synthetic_model_comparison.training.evaluation | mlflow: logged test per-class AP table (12 classes)
2026-08-02 19:02:20 INFO  scripts.synthetic_model_comparison.training.training_pipeline | uploaded checkpoints to MLflow
2026-08-02 19:02:20 INFO  __main__ | === post-training full evaluation (limit=None) ===
2026-08-02 19:02:20 INFO  scripts.synthetic_model_comparison.training.eval_suite.run_evaluation | === evaluation (real-only) ===
2026-08-02 19:02:20 INFO  scripts.synthetic_model_comparison.training.eval_suite.run_evaluation | checkpoint=/home/debian/Master-Thesis/scripts/synthetic_model_comparison/training/model_exports/yolo26n-realvisxl-lightning-maxlen-seed42-20260802-175008/best.pt device=cuda output_dir=/home/debian/Master-Thesis/scripts/synthetic_model_comparison/training/model_exports/yolo26n-realvisxl-lightning-maxlen-seed42-20260802-175008/evaluation
2026-08-02 19:02:20 INFO  scripts.synthetic_model_comparison.training.eval_suite.run_evaluation | real_ann=/home/debian/Master-Thesis/data/synthetic_model_comparison/test/annotations_test.json max_det=100
2026-08-02 19:02:20 INFO  scripts.synthetic_model_comparison.training.dataset | dataset annotations_test.json: 9742 images, 9742 annotations, 12 classes
2026-08-02 19:02:21 INFO  scripts.synthetic_model_comparison.training.eval_suite.predict | loading checkpoint: /home/debian/Master-Thesis/scripts/synthetic_model_comparison/training/model_exports/yolo26n-realvisxl-lightning-maxlen-seed42-20260802-175008/best.pt
2026-08-02 19:02:21 INFO  scripts.synthetic_model_comparison.training.yolo26n_model | no pretrained weights — training from random initialization
2026-08-02 19:02:21 INFO  scripts.synthetic_model_comparison.training.yolo26n_model | model: yolo26n, nc=12, params=2.51M, device=cuda
2026-08-02 19:02:21 INFO  scripts.synthetic_model_comparison.training.eval_suite.predict | checkpoint format: training dict (state_dict under 'model' key)
2026-08-02 19:02:21 INFO  scripts.synthetic_model_comparison.training.eval_suite.predict | loaded 708/708 keys from checkpoint (skipped 0 shape-mismatched / missing)
2026-08-02 19:02:21 INFO  scripts.synthetic_model_comparison.training.eval_suite.predict | running inference: 9742 images, batch=64, max_det=100 (NMS-free: conf/iou thresholds unused)
