2026-08-03 19:30:51 INFO  __main__ | === yolo26n synthetic-model-comparison training run ===
2026-08-03 19:30:51 INFO  __main__ | run_name=yolo26n-sd35m-maxlen-seed42-20260803-193051 experiment=yolo26n-synthetic-model-comparison
2026-08-03 19:30:51 INFO  __main__ | mlflow tracking_uri=http://hetzner.taile550ef.ts.net:5000/
2026-08-03 19:30:51 INFO  __main__ | run dir: /home/debian/Master-Thesis/scripts/synthetic_model_comparison/training/model_exports/yolo26n-sd35m-maxlen-seed42-20260803-193051
2026-08-03 19:30:51 INFO  __main__ | log file: /home/debian/Master-Thesis/scripts/synthetic_model_comparison/training/model_exports/yolo26n-sd35m-maxlen-seed42-20260803-193051/yolo26n-sd35m-maxlen-seed42-20260803-193051.log
2026-08-03 19:30:52 INFO  __main__ | generator=sd35m prompt_regime=maxlen seed=42 device=cuda epochs=200 smoke=False
2026-08-03 19:30:52 INFO  scripts.synthetic_model_comparison.training.split_dataset | split annotations.json: 1200 images -> 959 train / 241 val (val_fraction=0.20, seed=42)
2026-08-03 19:30:52 INFO  scripts.synthetic_model_comparison.training.split_dataset |   american black bear       train= 80  val= 20
2026-08-03 19:30:52 INFO  scripts.synthetic_model_comparison.training.split_dataset |   aye-aye                   train= 79  val= 20
2026-08-03 19:30:52 INFO  scripts.synthetic_model_comparison.training.split_dataset |   grevy's zebra             train= 81  val= 20
2026-08-03 19:30:52 INFO  scripts.synthetic_model_comparison.training.split_dataset |   kinkajou                  train= 80  val= 20
2026-08-03 19:30:52 INFO  scripts.synthetic_model_comparison.training.split_dataset |   lion                      train= 84  val= 22
2026-08-03 19:30:52 INFO  scripts.synthetic_model_comparison.training.split_dataset |   mountain zebra            train= 81  val= 21
2026-08-03 19:30:52 INFO  scripts.synthetic_model_comparison.training.split_dataset |   pangolin family           train= 80  val= 21
2026-08-03 19:30:52 INFO  scripts.synthetic_model_comparison.training.split_dataset |   plains zebra              train= 87  val= 21
2026-08-03 19:30:52 INFO  scripts.synthetic_model_comparison.training.split_dataset |   red fox                   train= 80  val= 20
2026-08-03 19:30:52 INFO  scripts.synthetic_model_comparison.training.split_dataset |   ringtail                  train= 81  val= 20
2026-08-03 19:30:52 INFO  scripts.synthetic_model_comparison.training.split_dataset |   saiga                     train= 80  val= 20
2026-08-03 19:30:52 INFO  scripts.synthetic_model_comparison.training.split_dataset |   water deer                train= 80  val= 20
2026-08-03 19:30:52 INFO  scripts.synthetic_model_comparison.training.dataset | dataset annotations_val_split.json: 241 images, 245 annotations, 12 classes
2026-08-03 19:30:52 INFO  scripts.synthetic_model_comparison.training.dataset | dataset annotations_test.json: 9742 images, 9742 annotations, 12 classes
2026-08-03 19:30:52 INFO  scripts.synthetic_model_comparison.training.dataset | dataset annotations_train_split.json: 959 images, 973 annotations, 12 classes
2026-08-03 19:30:52 INFO  scripts.synthetic_model_comparison.training.yolo26n_model | no pretrained weights — training from random initialization
2026-08-03 19:30:52 INFO  scripts.synthetic_model_comparison.training.yolo26n_model | model: yolo26n, nc=12, params=2.51M, device=cuda
2026-08-03 19:30:52 INFO  scripts.synthetic_model_comparison.training.optim | optimizer=SGD lr=0.001 | param groups: g0(BN,no-decay)=114 g1(conv,decay=0.0005)=126 g2(bias,no-decay)=126
2026-08-03 19:30:52 INFO  scripts.synthetic_model_comparison.training.optim | scheduler: OneCycleLR(max_lr=0.01, total_steps=2800, pct_start=0.015, div_factor=10, final_div_factor=100) — stepped per batch
2026-08-03 19:30:53 INFO  __main__ | run config:
2026-08-03 19:30:53 INFO  __main__ |   ANNOTATIONS_TEST = /home/debian/Master-Thesis/data/synthetic_model_comparison/test/annotations_test.json
2026-08-03 19:30:53 INFO  __main__ |   AUG_CLOSE_MOSAIC = 0
2026-08-03 19:30:53 INFO  __main__ |   AUG_COPY_PASTE = 0.0
2026-08-03 19:30:53 INFO  __main__ |   AUG_DEGREES = 0.0
2026-08-03 19:30:53 INFO  __main__ |   AUG_FLIPUD = 0.0
2026-08-03 19:30:53 INFO  __main__ |   AUG_HFLIP = True
2026-08-03 19:30:53 INFO  __main__ |   AUG_HSV = True
2026-08-03 19:30:53 INFO  __main__ |   AUG_HSV_H = 0.015
2026-08-03 19:30:53 INFO  __main__ |   AUG_HSV_S = 0.7
2026-08-03 19:30:53 INFO  __main__ |   AUG_HSV_V = 0.4
2026-08-03 19:30:53 INFO  __main__ |   AUG_MIXUP = 0.0
2026-08-03 19:30:53 INFO  __main__ |   AUG_MOSAIC = 0.0
2026-08-03 19:30:53 INFO  __main__ |   AUG_PERSPECTIVE = 0.0
2026-08-03 19:30:53 INFO  __main__ |   AUG_SCALE = 0.5
2026-08-03 19:30:53 INFO  __main__ |   AUG_SHEAR = 0.0
2026-08-03 19:30:53 INFO  __main__ |   AUG_TRANSLATE = 0.1
2026-08-03 19:30:53 INFO  __main__ |   BATCH_SIZE = 64
2026-08-03 19:30:53 INFO  __main__ |   DATA_ROOT = /home/debian/Master-Thesis/data
2026-08-03 19:30:53 INFO  __main__ |   EARLY_STOP = True
2026-08-03 19:30:53 INFO  __main__ |   EARLY_STOP_MIN_DELTA = 0.001
2026-08-03 19:30:53 INFO  __main__ |   EARLY_STOP_PATIENCE = 20
2026-08-03 19:30:53 INFO  __main__ |   EPOCH_COUNT = 200
2026-08-03 19:30:53 INFO  __main__ |   EVAL_CONF_THRES = 0.001
2026-08-03 19:30:53 INFO  __main__ |   EVAL_IOU_THRES = 0.6
2026-08-03 19:30:53 INFO  __main__ |   EVAL_MAX_DET = 100
2026-08-03 19:30:53 INFO  __main__ |   EXPERIMENT_DATA_ROOT = /home/debian/Master-Thesis/data/synthetic_model_comparison
2026-08-03 19:30:53 INFO  __main__ |   HYP_BOX = 7.5
2026-08-03 19:30:53 INFO  __main__ |   HYP_CLS = 0.5
2026-08-03 19:30:53 INFO  __main__ |   HYP_DFL = 1.5
2026-08-03 19:30:53 INFO  __main__ |   IMAGE_ROOT = /home/debian/Master-Thesis
2026-08-03 19:30:53 INFO  __main__ |   IMAGE_SIZE = 640
2026-08-03 19:30:53 INFO  __main__ |   LEARNING_RATE = 0.001
2026-08-03 19:30:53 INFO  __main__ |   MLFLOW_EXPERIMENT_DEFAULT = yolo26n-synthetic-model-comparison
2026-08-03 19:30:53 INFO  __main__ |   MLFLOW_LOG_EVERY_N_STEPS = 50
2026-08-03 19:30:53 INFO  __main__ |   MODEL_CONFIG = yolo26n.yaml
2026-08-03 19:30:53 INFO  __main__ |   MOMENTUM = 0.937
2026-08-03 19:30:53 INFO  __main__ |   NESTEROV = True
2026-08-03 19:30:53 INFO  __main__ |   NUM_CLASSES = 12
2026-08-03 19:30:53 INFO  __main__ |   NUM_WORKERS = 8
2026-08-03 19:30:53 INFO  __main__ |   ONE_CYCLE_DIV_FACTOR = 10.0
2026-08-03 19:30:53 INFO  __main__ |   ONE_CYCLE_FINAL_DIV_FACTOR = 100.0
2026-08-03 19:30:53 INFO  __main__ |   ONE_CYCLE_MAX_LR = 0.01
2026-08-03 19:30:53 INFO  __main__ |   ONE_CYCLE_PCT_START = 0.015
2026-08-03 19:30:53 INFO  __main__ |   OPTIMIZER = SGD
2026-08-03 19:30:53 INFO  __main__ |   OUTPUT_DIR = /home/debian/Master-Thesis/scripts/synthetic_model_comparison/training/model_exports
2026-08-03 19:30:53 INFO  __main__ |   PRETRAINED_WEIGHTS = /home/debian/Master-Thesis/weights/yolo26n.pt
2026-08-03 19:30:53 INFO  __main__ |   REPO_ROOT = /home/debian/Master-Thesis
2026-08-03 19:30:53 INFO  __main__ |   SEED = 42
2026-08-03 19:30:53 INFO  __main__ |   SELECTION_METRIC = mAP50_95
2026-08-03 19:30:53 INFO  __main__ |   SPLIT_SEED = 42
2026-08-03 19:30:53 INFO  __main__ |   TRAIN_ROOT = /home/debian/Master-Thesis/data/synthetic_model_comparison/train
2026-08-03 19:30:53 INFO  __main__ |   USE_AMP = True
2026-08-03 19:30:53 INFO  __main__ |   USE_EMA = True
2026-08-03 19:30:53 INFO  __main__ |   VAL_FRACTION = 0.2
2026-08-03 19:30:53 INFO  __main__ |   WARMUP_EPOCHS = 3
2026-08-03 19:30:53 INFO  __main__ |   WEIGHT_DECAY = 0.0005
2026-08-03 19:30:53 INFO  __main__ |   dataset_size_test = 9742
2026-08-03 19:30:53 INFO  __main__ |   dataset_size_train = 959
2026-08-03 19:30:53 INFO  __main__ |   dataset_size_val = 241
2026-08-03 19:30:53 INFO  __main__ |   device = cuda
2026-08-03 19:30:53 INFO  __main__ |   epochs_actual = 200
2026-08-03 19:30:53 INFO  __main__ |   generator = sd35m
2026-08-03 19:30:53 INFO  __main__ |   git_sha = 21fea51bf389d6c242b324643e593ed613aaa4aa
2026-08-03 19:30:53 INFO  __main__ |   prompt_regime = maxlen
2026-08-03 19:30:53 INFO  __main__ |   resume_from = 
2026-08-03 19:30:53 INFO  __main__ |   run_seed = 42
2026-08-03 19:30:53 INFO  __main__ |   smoke = False
2026-08-03 19:30:53 INFO  __main__ |   weights_path = /home/debian/Master-Thesis/weights/yolo26n.pt
2026-08-03 19:30:53 INFO  scripts.synthetic_model_comparison.training.training_pipeline | output dir: /home/debian/Master-Thesis/scripts/synthetic_model_comparison/training/model_exports/yolo26n-sd35m-maxlen-seed42-20260803-193051 | selection_metric=mAP50_95 early_stop=True(patience=20, min_delta=0.001) ema=True amp=True
2026-08-03 19:30:53 INFO  scripts.synthetic_model_comparison.training.training_pipeline | starting training: ceiling=200 epochs | train_batches=14 val_batches=4 test_batches=153 | device=cuda
2026-08-03 19:30:53 INFO  scripts.synthetic_model_comparison.training.training_pipeline | epoch 1/200 — train start (lr=0.001, batches=14)
2026-08-03 19:31:15 INFO  scripts.synthetic_model_comparison.training.training_pipeline | epoch 1/200 — train done in 22.6s | avg loss_box=4.6924 loss_cls=39.9677 loss_dfl=0.1557 loss_total=1487.6843
2026-08-03 19:31:15 INFO  scripts.synthetic_model_comparison.training.evaluation | evaluating on 4 batches
2026-08-03 19:31:21 INFO  scripts.synthetic_model_comparison.training.training_pipeline | epoch 1/200 — val mAP50=0.0000 mAP50_95=0.0000 (selection mAP50_95=0.0000)
2026-08-03 19:31:22 INFO  scripts.synthetic_model_comparison.training.evaluation | mlflow: logged val/mAP50=0.0000 val/mAP50_95=0.0000 (step=0)
2026-08-03 19:31:23 INFO  scripts.synthetic_model_comparison.training.evaluation | mlflow: logged val per-class AP table (12 classes)
2026-08-03 19:31:23 INFO  scripts.synthetic_model_comparison.training.training_pipeline | saved checkpoint: /home/debian/Master-Thesis/scripts/synthetic_model_comparison/training/model_exports/yolo26n-sd35m-maxlen-seed42-20260803-193051/best.pt
2026-08-03 19:31:23 INFO  scripts.synthetic_model_comparison.training.training_pipeline | new best mAP50_95=0.0000 at epoch 1
2026-08-03 19:31:23 INFO  scripts.synthetic_model_comparison.training.training_pipeline | saved checkpoint: /home/debian/Master-Thesis/scripts/synthetic_model_comparison/training/model_exports/yolo26n-sd35m-maxlen-seed42-20260803-193051/last.pt
2026-08-03 19:31:23 INFO  scripts.synthetic_model_comparison.training.training_pipeline | epoch 1/200 done — next lr=0.00335026, epochs_since_improve=0/20
2026-08-03 19:31:23 INFO  scripts.synthetic_model_comparison.training.training_pipeline | epoch 2/200 — train start (lr=0.00335026, batches=14)
2026-08-03 19:31:34 INFO  scripts.synthetic_model_comparison.training.training_pipeline | epoch 2/200 — train done in 10.9s | avg loss_box=4.5639 loss_cls=37.9471 loss_dfl=0.1463 loss_total=1428.6173
2026-08-03 19:31:34 INFO  scripts.synthetic_model_comparison.training.evaluation | evaluating on 4 batches
2026-08-03 19:31:39 INFO  scripts.synthetic_model_comparison.training.training_pipeline | epoch 2/200 — val mAP50=0.0000 mAP50_95=0.0000 (selection mAP50_95=0.0000)
2026-08-03 19:31:40 INFO  scripts.synthetic_model_comparison.training.evaluation | mlflow: logged val/mAP50=0.0000 val/mAP50_95=0.0000 (step=1)
2026-08-03 19:31:40 INFO  scripts.synthetic_model_comparison.training.evaluation | mlflow: logged val per-class AP table (12 classes)
2026-08-03 19:31:40 INFO  scripts.synthetic_model_comparison.training.training_pipeline | saved checkpoint: /home/debian/Master-Thesis/scripts/synthetic_model_comparison/training/model_exports/yolo26n-sd35m-maxlen-seed42-20260803-193051/last.pt
2026-08-03 19:31:41 INFO  scripts.synthetic_model_comparison.training.training_pipeline | epoch 2/200 done — next lr=0.00794605, epochs_since_improve=0/20
2026-08-03 19:31:41 INFO  scripts.synthetic_model_comparison.training.training_pipeline | epoch 3/200 — train start (lr=0.00794605, batches=14)
2026-08-03 19:31:53 INFO  scripts.synthetic_model_comparison.training.training_pipeline | epoch 3/200 — train done in 11.9s | avg loss_box=4.7793 loss_cls=39.6369 loss_dfl=0.1563 loss_total=1422.5370
2026-08-03 19:31:53 INFO  scripts.synthetic_model_comparison.training.evaluation | evaluating on 4 batches
2026-08-03 19:31:58 INFO  scripts.synthetic_model_comparison.training.training_pipeline | epoch 3/200 — val mAP50=0.0000 mAP50_95=0.0000 (selection mAP50_95=0.0000)
2026-08-03 19:31:59 INFO  scripts.synthetic_model_comparison.training.evaluation | mlflow: logged val/mAP50=0.0000 val/mAP50_95=0.0000 (step=2)
2026-08-03 19:31:59 INFO  scripts.synthetic_model_comparison.training.evaluation | mlflow: logged val per-class AP table (12 classes)
2026-08-03 19:31:59 INFO  scripts.synthetic_model_comparison.training.training_pipeline | saved checkpoint: /home/debian/Master-Thesis/scripts/synthetic_model_comparison/training/model_exports/yolo26n-sd35m-maxlen-seed42-20260803-193051/last.pt
2026-08-03 19:31:59 INFO  scripts.synthetic_model_comparison.training.training_pipeline | epoch 3/200 done — next lr=0.01, epochs_since_improve=0/20
2026-08-03 19:31:59 INFO  scripts.synthetic_model_comparison.training.training_pipeline | epoch 4/200 — train start (lr=0.01, batches=14)
2026-08-03 19:32:09 INFO  scripts.synthetic_model_comparison.training.training_pipeline | step 50 | loss_box=4.5252 loss_cls=38.9973 loss_dfl=0.1621 loss_total=1417.9014 lr=0.00999968
2026-08-03 19:32:13 INFO  scripts.synthetic_model_comparison.training.training_pipeline | epoch 4/200 — train done in 13.5s | avg loss_box=4.6528 loss_cls=36.8746 loss_dfl=0.1538 loss_total=1350.7491
2026-08-03 19:32:13 INFO  scripts.synthetic_model_comparison.training.evaluation | evaluating on 4 batches
2026-08-03 19:32:18 INFO  scripts.synthetic_model_comparison.training.training_pipeline | epoch 4/200 — val mAP50=0.0000 mAP50_95=0.0000 (selection mAP50_95=0.0000)
2026-08-03 19:32:18 INFO  scripts.synthetic_model_comparison.training.evaluation | mlflow: logged val/mAP50=0.0000 val/mAP50_95=0.0000 (step=3)
2026-08-03 19:32:19 INFO  scripts.synthetic_model_comparison.training.evaluation | mlflow: logged val per-class AP table (12 classes)
2026-08-03 19:32:19 INFO  scripts.synthetic_model_comparison.training.training_pipeline | saved checkpoint: /home/debian/Master-Thesis/scripts/synthetic_model_comparison/training/model_exports/yolo26n-sd35m-maxlen-seed42-20260803-193051/last.pt
2026-08-03 19:32:19 INFO  scripts.synthetic_model_comparison.training.training_pipeline | epoch 4/200 done — next lr=0.00999927, epochs_since_improve=1/20
2026-08-03 19:32:19 INFO  scripts.synthetic_model_comparison.training.training_pipeline | epoch 5/200 — train start (lr=0.00999927, batches=14)
2026-08-03 19:32:31 INFO  scripts.synthetic_model_comparison.training.training_pipeline | epoch 5/200 — train done in 12.1s | avg loss_box=4.4818 loss_cls=30.6298 loss_dfl=0.1514 loss_total=1183.6896
2026-08-03 19:32:31 INFO  scripts.synthetic_model_comparison.training.evaluation | evaluating on 4 batches
2026-08-03 19:32:36 INFO  scripts.synthetic_model_comparison.training.training_pipeline | epoch 5/200 — val mAP50=0.0000 mAP50_95=0.0000 (selection mAP50_95=0.0000)
2026-08-03 19:32:37 INFO  scripts.synthetic_model_comparison.training.evaluation | mlflow: logged val/mAP50=0.0000 val/mAP50_95=0.0000 (step=4)
2026-08-03 19:32:38 INFO  scripts.synthetic_model_comparison.training.evaluation | mlflow: logged val per-class AP table (12 classes)
2026-08-03 19:32:38 INFO  scripts.synthetic_model_comparison.training.training_pipeline | saved checkpoint: /home/debian/Master-Thesis/scripts/synthetic_model_comparison/training/model_exports/yolo26n-sd35m-maxlen-seed42-20260803-193051/last.pt
2026-08-03 19:32:38 INFO  scripts.synthetic_model_comparison.training.training_pipeline | epoch 5/200 done — next lr=0.00999727, epochs_since_improve=2/20
2026-08-03 19:32:38 INFO  scripts.synthetic_model_comparison.training.training_pipeline | epoch 6/200 — train start (lr=0.00999727, batches=14)
2026-08-03 19:32:50 INFO  scripts.synthetic_model_comparison.training.training_pipeline | epoch 6/200 — train done in 11.8s | avg loss_box=3.8354 loss_cls=19.6898 loss_dfl=0.1308 loss_total=874.4969
2026-08-03 19:32:50 INFO  scripts.synthetic_model_comparison.training.evaluation | evaluating on 4 batches
2026-08-03 19:32:55 INFO  scripts.synthetic_model_comparison.training.training_pipeline | epoch 6/200 — val mAP50=0.0000 mAP50_95=0.0000 (selection mAP50_95=0.0000)
2026-08-03 19:32:55 INFO  scripts.synthetic_model_comparison.training.evaluation | mlflow: logged val/mAP50=0.0000 val/mAP50_95=0.0000 (step=5)
2026-08-03 19:32:56 INFO  scripts.synthetic_model_comparison.training.evaluation | mlflow: logged val per-class AP table (12 classes)
2026-08-03 19:32:56 INFO  scripts.synthetic_model_comparison.training.training_pipeline | saved checkpoint: /home/debian/Master-Thesis/scripts/synthetic_model_comparison/training/model_exports/yolo26n-sd35m-maxlen-seed42-20260803-193051/last.pt
2026-08-03 19:32:56 INFO  scripts.synthetic_model_comparison.training.training_pipeline | epoch 6/200 done — next lr=0.00999401, epochs_since_improve=3/20
2026-08-03 19:32:56 INFO  scripts.synthetic_model_comparison.training.training_pipeline | epoch 7/200 — train start (lr=0.00999401, batches=14)
2026-08-03 19:33:08 INFO  scripts.synthetic_model_comparison.training.training_pipeline | epoch 7/200 — train done in 12.0s | avg loss_box=2.9104 loss_cls=11.1608 loss_dfl=0.0992 loss_total=602.5281
2026-08-03 19:33:08 INFO  scripts.synthetic_model_comparison.training.evaluation | evaluating on 4 batches
2026-08-03 19:33:14 INFO  scripts.synthetic_model_comparison.training.training_pipeline | epoch 7/200 — val mAP50=0.0068 mAP50_95=0.0012 (selection mAP50_95=0.0012)
2026-08-03 19:33:14 INFO  scripts.synthetic_model_comparison.training.evaluation | mlflow: logged val/mAP50=0.0068 val/mAP50_95=0.0012 (step=6)
2026-08-03 19:33:15 INFO  scripts.synthetic_model_comparison.training.evaluation | mlflow: logged val per-class AP table (12 classes)
2026-08-03 19:33:15 INFO  scripts.synthetic_model_comparison.training.training_pipeline | saved checkpoint: /home/debian/Master-Thesis/scripts/synthetic_model_comparison/training/model_exports/yolo26n-sd35m-maxlen-seed42-20260803-193051/best.pt
2026-08-03 19:33:15 INFO  scripts.synthetic_model_comparison.training.training_pipeline | new best mAP50_95=0.0012 at epoch 7
2026-08-03 19:33:15 INFO  scripts.synthetic_model_comparison.training.training_pipeline | saved checkpoint: /home/debian/Master-Thesis/scripts/synthetic_model_comparison/training/model_exports/yolo26n-sd35m-maxlen-seed42-20260803-193051/last.pt
2026-08-03 19:33:15 INFO  scripts.synthetic_model_comparison.training.training_pipeline | epoch 7/200 done — next lr=0.00998948, epochs_since_improve=0/20
2026-08-03 19:33:15 INFO  scripts.synthetic_model_comparison.training.training_pipeline | epoch 8/200 — train start (lr=0.00998948, batches=14)
2026-08-03 19:33:22 INFO  scripts.synthetic_model_comparison.training.training_pipeline | step 100 | loss_box=2.8218 loss_cls=9.1293 loss_dfl=0.1012 loss_total=546.9676 lr=0.00998834
2026-08-03 19:33:28 INFO  scripts.synthetic_model_comparison.training.training_pipeline | epoch 8/200 — train done in 12.8s | avg loss_box=2.4372 loss_cls=8.1394 loss_dfl=0.0819 loss_total=506.3358
2026-08-03 19:33:28 INFO  scripts.synthetic_model_comparison.training.evaluation | evaluating on 4 batches
2026-08-03 19:33:34 INFO  scripts.synthetic_model_comparison.training.training_pipeline | epoch 8/200 — val mAP50=0.0141 mAP50_95=0.0042 (selection mAP50_95=0.0042)
2026-08-03 19:33:34 INFO  scripts.synthetic_model_comparison.training.evaluation | mlflow: logged val/mAP50=0.0141 val/mAP50_95=0.0042 (step=7)
2026-08-03 19:33:35 INFO  scripts.synthetic_model_comparison.training.evaluation | mlflow: logged val per-class AP table (12 classes)
2026-08-03 19:33:35 INFO  scripts.synthetic_model_comparison.training.training_pipeline | saved checkpoint: /home/debian/Master-Thesis/scripts/synthetic_model_comparison/training/model_exports/yolo26n-sd35m-maxlen-seed42-20260803-193051/best.pt
2026-08-03 19:33:35 INFO  scripts.synthetic_model_comparison.training.training_pipeline | new best mAP50_95=0.0042 at epoch 8
2026-08-03 19:33:35 INFO  scripts.synthetic_model_comparison.training.training_pipeline | saved checkpoint: /home/debian/Master-Thesis/scripts/synthetic_model_comparison/training/model_exports/yolo26n-sd35m-maxlen-seed42-20260803-193051/last.pt
2026-08-03 19:33:35 INFO  scripts.synthetic_model_comparison.training.training_pipeline | epoch 8/200 done — next lr=0.00998367, epochs_since_improve=0/20
2026-08-03 19:33:35 INFO  scripts.synthetic_model_comparison.training.training_pipeline | epoch 9/200 — train start (lr=0.00998367, batches=14)
2026-08-03 19:33:47 INFO  scripts.synthetic_model_comparison.training.training_pipeline | epoch 9/200 — train done in 11.4s | avg loss_box=2.3115 loss_cls=6.7147 loss_dfl=0.0767 loss_total=453.8347
2026-08-03 19:33:47 INFO  scripts.synthetic_model_comparison.training.evaluation | evaluating on 4 batches
2026-08-03 19:33:53 INFO  scripts.synthetic_model_comparison.training.training_pipeline | epoch 9/200 — val mAP50=0.0495 mAP50_95=0.0123 (selection mAP50_95=0.0123)
2026-08-03 19:33:53 INFO  scripts.synthetic_model_comparison.training.evaluation | mlflow: logged val/mAP50=0.0495 val/mAP50_95=0.0123 (step=8)
2026-08-03 19:33:54 INFO  scripts.synthetic_model_comparison.training.evaluation | mlflow: logged val per-class AP table (12 classes)
2026-08-03 19:33:54 INFO  scripts.synthetic_model_comparison.training.training_pipeline | saved checkpoint: /home/debian/Master-Thesis/scripts/synthetic_model_comparison/training/model_exports/yolo26n-sd35m-maxlen-seed42-20260803-193051/best.pt
2026-08-03 19:33:54 INFO  scripts.synthetic_model_comparison.training.training_pipeline | new best mAP50_95=0.0123 at epoch 9
2026-08-03 19:33:54 INFO  scripts.synthetic_model_comparison.training.training_pipeline | saved checkpoint: /home/debian/Master-Thesis/scripts/synthetic_model_comparison/training/model_exports/yolo26n-sd35m-maxlen-seed42-20260803-193051/last.pt
2026-08-03 19:33:54 INFO  scripts.synthetic_model_comparison.training.training_pipeline | epoch 9/200 done — next lr=0.00997661, epochs_since_improve=0/20
2026-08-03 19:33:54 INFO  scripts.synthetic_model_comparison.training.training_pipeline | epoch 10/200 — train start (lr=0.00997661, batches=14)
2026-08-03 19:34:06 INFO  scripts.synthetic_model_comparison.training.training_pipeline | epoch 10/200 — train done in 11.5s | avg loss_box=2.1727 loss_cls=5.6840 loss_dfl=0.0719 loss_total=413.0092
2026-08-03 19:34:06 INFO  scripts.synthetic_model_comparison.training.evaluation | evaluating on 4 batches
2026-08-03 19:34:12 INFO  scripts.synthetic_model_comparison.training.training_pipeline | epoch 10/200 — val mAP50=0.1031 mAP50_95=0.0328 (selection mAP50_95=0.0328)
2026-08-03 19:34:12 INFO  scripts.synthetic_model_comparison.training.evaluation | mlflow: logged val/mAP50=0.1031 val/mAP50_95=0.0328 (step=9)
2026-08-03 19:34:13 INFO  scripts.synthetic_model_comparison.training.evaluation | mlflow: logged val per-class AP table (12 classes)
2026-08-03 19:34:13 INFO  scripts.synthetic_model_comparison.training.training_pipeline | saved checkpoint: /home/debian/Master-Thesis/scripts/synthetic_model_comparison/training/model_exports/yolo26n-sd35m-maxlen-seed42-20260803-193051/best.pt
2026-08-03 19:34:13 INFO  scripts.synthetic_model_comparison.training.training_pipeline | new best mAP50_95=0.0328 at epoch 10
2026-08-03 19:34:13 INFO  scripts.synthetic_model_comparison.training.training_pipeline | saved checkpoint: /home/debian/Master-Thesis/scripts/synthetic_model_comparison/training/model_exports/yolo26n-sd35m-maxlen-seed42-20260803-193051/last.pt
2026-08-03 19:34:13 INFO  scripts.synthetic_model_comparison.training.training_pipeline | epoch 10/200 done — next lr=0.00996827, epochs_since_improve=0/20
2026-08-03 19:34:13 INFO  scripts.synthetic_model_comparison.training.training_pipeline | epoch 11/200 — train start (lr=0.00996827, batches=14)
2026-08-03 19:34:24 INFO  scripts.synthetic_model_comparison.training.training_pipeline | step 150 | loss_box=2.0468 loss_cls=4.7460 loss_dfl=0.0690 loss_total=364.9099 lr=0.00996084
2026-08-03 19:34:27 INFO  scripts.synthetic_model_comparison.training.training_pipeline | epoch 11/200 — train done in 13.2s | avg loss_box=2.0574 loss_cls=4.9670 loss_dfl=0.0666 loss_total=378.4939
2026-08-03 19:34:27 INFO  scripts.synthetic_model_comparison.training.evaluation | evaluating on 4 batches
2026-08-03 19:34:32 INFO  scripts.synthetic_model_comparison.training.training_pipeline | epoch 11/200 — val mAP50=0.0739 mAP50_95=0.0284 (selection mAP50_95=0.0284)
2026-08-03 19:34:33 INFO  scripts.synthetic_model_comparison.training.evaluation | mlflow: logged val/mAP50=0.0739 val/mAP50_95=0.0284 (step=10)
2026-08-03 19:34:33 INFO  scripts.synthetic_model_comparison.training.evaluation | mlflow: logged val per-class AP table (12 classes)
2026-08-03 19:34:33 INFO  scripts.synthetic_model_comparison.training.training_pipeline | saved checkpoint: /home/debian/Master-Thesis/scripts/synthetic_model_comparison/training/model_exports/yolo26n-sd35m-maxlen-seed42-20260803-193051/last.pt
2026-08-03 19:34:34 INFO  scripts.synthetic_model_comparison.training.training_pipeline | epoch 11/200 done — next lr=0.00995868, epochs_since_improve=1/20
2026-08-03 19:34:34 INFO  scripts.synthetic_model_comparison.training.training_pipeline | epoch 12/200 — train start (lr=0.00995868, batches=14)
2026-08-03 19:34:45 INFO  scripts.synthetic_model_comparison.training.training_pipeline | epoch 12/200 — train done in 11.3s | avg loss_box=1.9881 loss_cls=4.4680 loss_dfl=0.0645 loss_total=358.2403
2026-08-03 19:34:45 INFO  scripts.synthetic_model_comparison.training.evaluation | evaluating on 4 batches
2026-08-03 19:34:51 INFO  scripts.synthetic_model_comparison.training.training_pipeline | epoch 12/200 — val mAP50=0.1011 mAP50_95=0.0431 (selection mAP50_95=0.0431)
2026-08-03 19:34:51 INFO  scripts.synthetic_model_comparison.training.evaluation | mlflow: logged val/mAP50=0.1011 val/mAP50_95=0.0431 (step=11)
2026-08-03 19:34:52 INFO  scripts.synthetic_model_comparison.training.evaluation | mlflow: logged val per-class AP table (12 classes)
2026-08-03 19:34:52 INFO  scripts.synthetic_model_comparison.training.training_pipeline | saved checkpoint: /home/debian/Master-Thesis/scripts/synthetic_model_comparison/training/model_exports/yolo26n-sd35m-maxlen-seed42-20260803-193051/best.pt
2026-08-03 19:34:52 INFO  scripts.synthetic_model_comparison.training.training_pipeline | new best mAP50_95=0.0431 at epoch 12
2026-08-03 19:34:52 INFO  scripts.synthetic_model_comparison.training.training_pipeline | saved checkpoint: /home/debian/Master-Thesis/scripts/synthetic_model_comparison/training/model_exports/yolo26n-sd35m-maxlen-seed42-20260803-193051/last.pt
2026-08-03 19:34:52 INFO  scripts.synthetic_model_comparison.training.training_pipeline | epoch 12/200 done — next lr=0.00994782, epochs_since_improve=0/20
2026-08-03 19:34:52 INFO  scripts.synthetic_model_comparison.training.training_pipeline | epoch 13/200 — train start (lr=0.00994782, batches=14)
2026-08-03 19:35:04 INFO  scripts.synthetic_model_comparison.training.training_pipeline | epoch 13/200 — train done in 11.9s | avg loss_box=1.9147 loss_cls=4.0146 loss_dfl=0.0610 loss_total=335.0296
2026-08-03 19:35:04 INFO  scripts.synthetic_model_comparison.training.evaluation | evaluating on 4 batches
2026-08-03 19:35:10 INFO  scripts.synthetic_model_comparison.training.training_pipeline | epoch 13/200 — val mAP50=0.0755 mAP50_95=0.0292 (selection mAP50_95=0.0292)
2026-08-03 19:35:10 INFO  scripts.synthetic_model_comparison.training.evaluation | mlflow: logged val/mAP50=0.0755 val/mAP50_95=0.0292 (step=12)
2026-08-03 19:35:11 INFO  scripts.synthetic_model_comparison.training.evaluation | mlflow: logged val per-class AP table (12 classes)
2026-08-03 19:35:11 INFO  scripts.synthetic_model_comparison.training.training_pipeline | saved checkpoint: /home/debian/Master-Thesis/scripts/synthetic_model_comparison/training/model_exports/yolo26n-sd35m-maxlen-seed42-20260803-193051/last.pt
2026-08-03 19:35:11 INFO  scripts.synthetic_model_comparison.training.training_pipeline | epoch 13/200 done — next lr=0.00993571, epochs_since_improve=1/20
2026-08-03 19:35:11 INFO  scripts.synthetic_model_comparison.training.training_pipeline | epoch 14/200 — train start (lr=0.00993571, batches=14)
2026-08-03 19:35:23 INFO  scripts.synthetic_model_comparison.training.training_pipeline | epoch 14/200 — train done in 11.9s | avg loss_box=1.8850 loss_cls=3.6733 loss_dfl=0.0589 loss_total=316.1925
2026-08-03 19:35:23 INFO  scripts.synthetic_model_comparison.training.evaluation | evaluating on 4 batches
2026-08-03 19:35:29 INFO  scripts.synthetic_model_comparison.training.training_pipeline | epoch 14/200 — val mAP50=0.2484 mAP50_95=0.0932 (selection mAP50_95=0.0932)
2026-08-03 19:35:29 INFO  scripts.synthetic_model_comparison.training.evaluation | mlflow: logged val/mAP50=0.2484 val/mAP50_95=0.0932 (step=13)
2026-08-03 19:35:30 INFO  scripts.synthetic_model_comparison.training.evaluation | mlflow: logged val per-class AP table (12 classes)
2026-08-03 19:35:30 INFO  scripts.synthetic_model_comparison.training.training_pipeline | saved checkpoint: /home/debian/Master-Thesis/scripts/synthetic_model_comparison/training/model_exports/yolo26n-sd35m-maxlen-seed42-20260803-193051/best.pt
2026-08-03 19:35:30 INFO  scripts.synthetic_model_comparison.training.training_pipeline | new best mAP50_95=0.0932 at epoch 14
2026-08-03 19:35:30 INFO  scripts.synthetic_model_comparison.training.training_pipeline | saved checkpoint: /home/debian/Master-Thesis/scripts/synthetic_model_comparison/training/model_exports/yolo26n-sd35m-maxlen-seed42-20260803-193051/last.pt
2026-08-03 19:35:30 INFO  scripts.synthetic_model_comparison.training.training_pipeline | epoch 14/200 done — next lr=0.00992235, epochs_since_improve=0/20
2026-08-03 19:35:30 INFO  scripts.synthetic_model_comparison.training.training_pipeline | epoch 15/200 — train start (lr=0.00992235, batches=14)
2026-08-03 19:35:38 INFO  scripts.synthetic_model_comparison.training.training_pipeline | step 200 | loss_box=1.7954 loss_cls=3.4472 loss_dfl=0.0579 loss_total=294.0394 lr=0.00991727
2026-08-03 19:35:43 INFO  scripts.synthetic_model_comparison.training.training_pipeline | epoch 15/200 — train done in 13.0s | avg loss_box=1.8303 loss_cls=3.4798 loss_dfl=0.0582 loss_total=301.1340
2026-08-03 19:35:43 INFO  scripts.synthetic_model_comparison.training.evaluation | evaluating on 4 batches
2026-08-03 19:35:49 INFO  scripts.synthetic_model_comparison.training.training_pipeline | epoch 15/200 — val mAP50=0.1321 mAP50_95=0.0341 (selection mAP50_95=0.0341)
2026-08-03 19:35:50 INFO  scripts.synthetic_model_comparison.training.evaluation | mlflow: logged val/mAP50=0.1321 val/mAP50_95=0.0341 (step=14)
2026-08-03 19:35:50 INFO  scripts.synthetic_model_comparison.training.evaluation | mlflow: logged val per-class AP table (12 classes)
2026-08-03 19:35:50 INFO  scripts.synthetic_model_comparison.training.training_pipeline | saved checkpoint: /home/debian/Master-Thesis/scripts/synthetic_model_comparison/training/model_exports/yolo26n-sd35m-maxlen-seed42-20260803-193051/last.pt
2026-08-03 19:35:51 INFO  scripts.synthetic_model_comparison.training.training_pipeline | epoch 15/200 done — next lr=0.00990773, epochs_since_improve=1/20
2026-08-03 19:35:51 INFO  scripts.synthetic_model_comparison.training.training_pipeline | epoch 16/200 — train start (lr=0.00990773, batches=14)
2026-08-03 19:36:02 INFO  scripts.synthetic_model_comparison.training.training_pipeline | epoch 16/200 — train done in 11.7s | avg loss_box=1.7813 loss_cls=3.2555 loss_dfl=0.0566 loss_total=287.4885
2026-08-03 19:36:02 INFO  scripts.synthetic_model_comparison.training.evaluation | evaluating on 4 batches
2026-08-03 19:36:09 INFO  scripts.synthetic_model_comparison.training.training_pipeline | epoch 16/200 — val mAP50=0.1589 mAP50_95=0.0652 (selection mAP50_95=0.0652)
2026-08-03 19:36:10 INFO  scripts.synthetic_model_comparison.training.evaluation | mlflow: logged val/mAP50=0.1589 val/mAP50_95=0.0652 (step=15)
2026-08-03 19:36:11 INFO  scripts.synthetic_model_comparison.training.evaluation | mlflow: logged val per-class AP table (12 classes)
2026-08-03 19:36:11 INFO  scripts.synthetic_model_comparison.training.training_pipeline | saved checkpoint: /home/debian/Master-Thesis/scripts/synthetic_model_comparison/training/model_exports/yolo26n-sd35m-maxlen-seed42-20260803-193051/last.pt
2026-08-03 19:36:11 INFO  scripts.synthetic_model_comparison.training.training_pipeline | epoch 16/200 done — next lr=0.00989187, epochs_since_improve=2/20
2026-08-03 19:36:11 INFO  scripts.synthetic_model_comparison.training.training_pipeline | epoch 17/200 — train start (lr=0.00989187, batches=14)
2026-08-03 19:36:22 INFO  scripts.synthetic_model_comparison.training.training_pipeline | epoch 17/200 — train done in 11.4s | avg loss_box=1.7254 loss_cls=3.0839 loss_dfl=0.0532 loss_total=276.7540
2026-08-03 19:36:22 INFO  scripts.synthetic_model_comparison.training.evaluation | evaluating on 4 batches
2026-08-03 19:36:28 INFO  scripts.synthetic_model_comparison.training.training_pipeline | epoch 17/200 — val mAP50=0.1756 mAP50_95=0.0653 (selection mAP50_95=0.0653)
2026-08-03 19:36:29 INFO  scripts.synthetic_model_comparison.training.evaluation | mlflow: logged val/mAP50=0.1756 val/mAP50_95=0.0653 (step=16)
2026-08-03 19:36:29 INFO  scripts.synthetic_model_comparison.training.evaluation | mlflow: logged val per-class AP table (12 classes)
2026-08-03 19:36:29 INFO  scripts.synthetic_model_comparison.training.training_pipeline | saved checkpoint: /home/debian/Master-Thesis/scripts/synthetic_model_comparison/training/model_exports/yolo26n-sd35m-maxlen-seed42-20260803-193051/last.pt
2026-08-03 19:36:30 INFO  scripts.synthetic_model_comparison.training.training_pipeline | epoch 17/200 done — next lr=0.00987476, epochs_since_improve=3/20
2026-08-03 19:36:30 INFO  scripts.synthetic_model_comparison.training.training_pipeline | epoch 18/200 — train start (lr=0.00987476, batches=14)
2026-08-03 19:36:40 INFO  scripts.synthetic_model_comparison.training.training_pipeline | step 250 | loss_box=1.6015 loss_cls=2.9341 loss_dfl=0.0484 loss_total=268.7466 lr=0.00985777
2026-08-03 19:36:42 INFO  scripts.synthetic_model_comparison.training.training_pipeline | epoch 18/200 — train done in 12.6s | avg loss_box=1.7165 loss_cls=2.9240 loss_dfl=0.0542 loss_total=266.3419
2026-08-03 19:36:42 INFO  scripts.synthetic_model_comparison.training.evaluation | evaluating on 4 batches
2026-08-03 19:36:48 INFO  scripts.synthetic_model_comparison.training.training_pipeline | epoch 18/200 — val mAP50=0.2166 mAP50_95=0.0875 (selection mAP50_95=0.0875)
2026-08-03 19:36:49 INFO  scripts.synthetic_model_comparison.training.evaluation | mlflow: logged val/mAP50=0.2166 val/mAP50_95=0.0875 (step=17)
2026-08-03 19:36:49 INFO  scripts.synthetic_model_comparison.training.evaluation | mlflow: logged val per-class AP table (12 classes)
2026-08-03 19:36:49 INFO  scripts.synthetic_model_comparison.training.training_pipeline | saved checkpoint: /home/debian/Master-Thesis/scripts/synthetic_model_comparison/training/model_exports/yolo26n-sd35m-maxlen-seed42-20260803-193051/last.pt
2026-08-03 19:36:50 INFO  scripts.synthetic_model_comparison.training.training_pipeline | epoch 18/200 done — next lr=0.00985642, epochs_since_improve=4/20
2026-08-03 19:36:50 INFO  scripts.synthetic_model_comparison.training.training_pipeline | epoch 19/200 — train start (lr=0.00985642, batches=14)
2026-08-03 19:37:00 INFO  scripts.synthetic_model_comparison.training.training_pipeline | epoch 19/200 — train done in 10.9s | avg loss_box=1.6941 loss_cls=2.8260 loss_dfl=0.0532 loss_total=259.6723
2026-08-03 19:37:00 INFO  scripts.synthetic_model_comparison.training.evaluation | evaluating on 4 batches
2026-08-03 19:37:06 INFO  scripts.synthetic_model_comparison.training.training_pipeline | epoch 19/200 — val mAP50=0.2164 mAP50_95=0.0821 (selection mAP50_95=0.0821)
2026-08-03 19:37:07 INFO  scripts.synthetic_model_comparison.training.evaluation | mlflow: logged val/mAP50=0.2164 val/mAP50_95=0.0821 (step=18)
2026-08-03 19:37:07 INFO  scripts.synthetic_model_comparison.training.evaluation | mlflow: logged val per-class AP table (12 classes)
2026-08-03 19:37:07 INFO  scripts.synthetic_model_comparison.training.training_pipeline | saved checkpoint: /home/debian/Master-Thesis/scripts/synthetic_model_comparison/training/model_exports/yolo26n-sd35m-maxlen-seed42-20260803-193051/last.pt
2026-08-03 19:37:08 INFO  scripts.synthetic_model_comparison.training.training_pipeline | epoch 19/200 done — next lr=0.00983684, epochs_since_improve=5/20
2026-08-03 19:37:08 INFO  scripts.synthetic_model_comparison.training.training_pipeline | epoch 20/200 — train start (lr=0.00983684, batches=14)
2026-08-03 19:37:19 INFO  scripts.synthetic_model_comparison.training.training_pipeline | epoch 20/200 — train done in 11.8s | avg loss_box=1.6536 loss_cls=2.6473 loss_dfl=0.0514 loss_total=249.1876
2026-08-03 19:37:19 INFO  scripts.synthetic_model_comparison.training.evaluation | evaluating on 4 batches
2026-08-03 19:37:25 INFO  scripts.synthetic_model_comparison.training.training_pipeline | epoch 20/200 — val mAP50=0.2262 mAP50_95=0.0775 (selection mAP50_95=0.0775)
2026-08-03 19:37:26 INFO  scripts.synthetic_model_comparison.training.evaluation | mlflow: logged val/mAP50=0.2262 val/mAP50_95=0.0775 (step=19)
2026-08-03 19:37:26 INFO  scripts.synthetic_model_comparison.training.evaluation | mlflow: logged val per-class AP table (12 classes)
2026-08-03 19:37:27 INFO  scripts.synthetic_model_comparison.training.training_pipeline | saved checkpoint: /home/debian/Master-Thesis/scripts/synthetic_model_comparison/training/model_exports/yolo26n-sd35m-maxlen-seed42-20260803-193051/last.pt
2026-08-03 19:37:27 INFO  scripts.synthetic_model_comparison.training.training_pipeline | epoch 20/200 done — next lr=0.00981604, epochs_since_improve=6/20
2026-08-03 19:37:27 INFO  scripts.synthetic_model_comparison.training.training_pipeline | epoch 21/200 — train start (lr=0.00981604, batches=14)
2026-08-03 19:37:39 INFO  scripts.synthetic_model_comparison.training.training_pipeline | epoch 21/200 — train done in 11.6s | avg loss_box=1.6029 loss_cls=2.5578 loss_dfl=0.0493 loss_total=242.6635
2026-08-03 19:37:39 INFO  scripts.synthetic_model_comparison.training.evaluation | evaluating on 4 batches
2026-08-03 19:37:45 INFO  scripts.synthetic_model_comparison.training.training_pipeline | epoch 21/200 — val mAP50=0.2513 mAP50_95=0.0855 (selection mAP50_95=0.0855)
2026-08-03 19:37:46 INFO  scripts.synthetic_model_comparison.training.evaluation | mlflow: logged val/mAP50=0.2513 val/mAP50_95=0.0855 (step=20)
2026-08-03 19:37:46 INFO  scripts.synthetic_model_comparison.training.evaluation | mlflow: logged val per-class AP table (12 classes)
2026-08-03 19:37:46 INFO  scripts.synthetic_model_comparison.training.training_pipeline | saved checkpoint: /home/debian/Master-Thesis/scripts/synthetic_model_comparison/training/model_exports/yolo26n-sd35m-maxlen-seed42-20260803-193051/last.pt
2026-08-03 19:37:46 INFO  scripts.synthetic_model_comparison.training.training_pipeline | epoch 21/200 done — next lr=0.00979401, epochs_since_improve=7/20
2026-08-03 19:37:46 INFO  scripts.synthetic_model_comparison.training.training_pipeline | epoch 22/200 — train start (lr=0.00979401, batches=14)
2026-08-03 19:37:56 INFO  scripts.synthetic_model_comparison.training.training_pipeline | step 300 | loss_box=1.6548 loss_cls=2.2604 loss_dfl=0.0501 loss_total=232.5364 lr=0.00978254
2026-08-03 19:38:00 INFO  scripts.synthetic_model_comparison.training.training_pipeline | epoch 22/200 — train done in 13.8s | avg loss_box=1.5880 loss_cls=2.4157 loss_dfl=0.0499 loss_total=234.7612
2026-08-03 19:38:00 INFO  scripts.synthetic_model_comparison.training.evaluation | evaluating on 4 batches
2026-08-03 19:38:08 INFO  scripts.synthetic_model_comparison.training.training_pipeline | epoch 22/200 — val mAP50=0.3025 mAP50_95=0.1347 (selection mAP50_95=0.1347)
2026-08-03 19:38:09 INFO  scripts.synthetic_model_comparison.training.evaluation | mlflow: logged val/mAP50=0.3025 val/mAP50_95=0.1347 (step=21)
2026-08-03 19:38:09 INFO  scripts.synthetic_model_comparison.training.evaluation | mlflow: logged val per-class AP table (12 classes)
2026-08-03 19:38:09 INFO  scripts.synthetic_model_comparison.training.training_pipeline | saved checkpoint: /home/debian/Master-Thesis/scripts/synthetic_model_comparison/training/model_exports/yolo26n-sd35m-maxlen-seed42-20260803-193051/best.pt
2026-08-03 19:38:09 INFO  scripts.synthetic_model_comparison.training.training_pipeline | new best mAP50_95=0.1347 at epoch 22
2026-08-03 19:38:09 INFO  scripts.synthetic_model_comparison.training.training_pipeline | saved checkpoint: /home/debian/Master-Thesis/scripts/synthetic_model_comparison/training/model_exports/yolo26n-sd35m-maxlen-seed42-20260803-193051/last.pt
2026-08-03 19:38:10 INFO  scripts.synthetic_model_comparison.training.training_pipeline | epoch 22/200 done — next lr=0.00977076, epochs_since_improve=0/20
2026-08-03 19:38:10 INFO  scripts.synthetic_model_comparison.training.training_pipeline | epoch 23/200 — train start (lr=0.00977076, batches=14)
2026-08-03 19:38:22 INFO  scripts.synthetic_model_comparison.training.training_pipeline | epoch 23/200 — train done in 12.0s | avg loss_box=1.5657 loss_cls=2.3509 loss_dfl=0.0479 loss_total=230.1875
2026-08-03 19:38:22 INFO  scripts.synthetic_model_comparison.training.evaluation | evaluating on 4 batches
2026-08-03 19:38:29 INFO  scripts.synthetic_model_comparison.training.training_pipeline | epoch 23/200 — val mAP50=0.3074 mAP50_95=0.1336 (selection mAP50_95=0.1336)
2026-08-03 19:38:29 INFO  scripts.synthetic_model_comparison.training.evaluation | mlflow: logged val/mAP50=0.3074 val/mAP50_95=0.1336 (step=22)
2026-08-03 19:38:30 INFO  scripts.synthetic_model_comparison.training.evaluation | mlflow: logged val per-class AP table (12 classes)
2026-08-03 19:38:30 INFO  scripts.synthetic_model_comparison.training.training_pipeline | saved checkpoint: /home/debian/Master-Thesis/scripts/synthetic_model_comparison/training/model_exports/yolo26n-sd35m-maxlen-seed42-20260803-193051/last.pt
2026-08-03 19:38:30 INFO  scripts.synthetic_model_comparison.training.training_pipeline | epoch 23/200 done — next lr=0.0097463, epochs_since_improve=1/20
2026-08-03 19:38:30 INFO  scripts.synthetic_model_comparison.training.training_pipeline | epoch 24/200 — train start (lr=0.0097463, batches=14)
2026-08-03 19:38:42 INFO  scripts.synthetic_model_comparison.training.training_pipeline | epoch 24/200 — train done in 11.4s | avg loss_box=1.5626 loss_cls=2.2826 loss_dfl=0.0479 loss_total=227.0111
2026-08-03 19:38:42 INFO  scripts.synthetic_model_comparison.training.evaluation | evaluating on 4 batches
2026-08-03 19:38:48 INFO  scripts.synthetic_model_comparison.training.training_pipeline | epoch 24/200 — val mAP50=0.4029 mAP50_95=0.2127 (selection mAP50_95=0.2127)
2026-08-03 19:38:48 INFO  scripts.synthetic_model_comparison.training.evaluation | mlflow: logged val/mAP50=0.4029 val/mAP50_95=0.2127 (step=23)
2026-08-03 19:38:49 INFO  scripts.synthetic_model_comparison.training.evaluation | mlflow: logged val per-class AP table (12 classes)
2026-08-03 19:38:49 INFO  scripts.synthetic_model_comparison.training.training_pipeline | saved checkpoint: /home/debian/Master-Thesis/scripts/synthetic_model_comparison/training/model_exports/yolo26n-sd35m-maxlen-seed42-20260803-193051/best.pt
2026-08-03 19:38:49 INFO  scripts.synthetic_model_comparison.training.training_pipeline | new best mAP50_95=0.2127 at epoch 24
2026-08-03 19:38:49 INFO  scripts.synthetic_model_comparison.training.training_pipeline | saved checkpoint: /home/debian/Master-Thesis/scripts/synthetic_model_comparison/training/model_exports/yolo26n-sd35m-maxlen-seed42-20260803-193051/last.pt
2026-08-03 19:38:49 INFO  scripts.synthetic_model_comparison.training.training_pipeline | epoch 24/200 done — next lr=0.00972064, epochs_since_improve=0/20
2026-08-03 19:38:49 INFO  scripts.synthetic_model_comparison.training.training_pipeline | epoch 25/200 — train start (lr=0.00972064, batches=14)
2026-08-03 19:39:01 INFO  scripts.synthetic_model_comparison.training.training_pipeline | epoch 25/200 — train done in 11.3s | avg loss_box=1.5383 loss_cls=2.2169 loss_dfl=0.0474 loss_total=220.0986
2026-08-03 19:39:01 INFO  scripts.synthetic_model_comparison.training.evaluation | evaluating on 4 batches
2026-08-03 19:39:07 INFO  scripts.synthetic_model_comparison.training.training_pipeline | epoch 25/200 — val mAP50=0.3973 mAP50_95=0.1771 (selection mAP50_95=0.1771)
2026-08-03 19:39:07 INFO  scripts.synthetic_model_comparison.training.evaluation | mlflow: logged val/mAP50=0.3973 val/mAP50_95=0.1771 (step=24)
2026-08-03 19:39:08 INFO  scripts.synthetic_model_comparison.training.evaluation | mlflow: logged val per-class AP table (12 classes)
2026-08-03 19:39:08 INFO  scripts.synthetic_model_comparison.training.training_pipeline | saved checkpoint: /home/debian/Master-Thesis/scripts/synthetic_model_comparison/training/model_exports/yolo26n-sd35m-maxlen-seed42-20260803-193051/last.pt
2026-08-03 19:39:08 INFO  scripts.synthetic_model_comparison.training.training_pipeline | epoch 25/200 done — next lr=0.00969377, epochs_since_improve=1/20
2026-08-03 19:39:08 INFO  scripts.synthetic_model_comparison.training.training_pipeline | epoch 26/200 — train start (lr=0.00969377, batches=14)
2026-08-03 19:39:14 INFO  scripts.synthetic_model_comparison.training.training_pipeline | step 350 | loss_box=1.7601 loss_cls=2.1071 loss_dfl=0.0563 loss_total=225.0690 lr=0.00969181
2026-08-03 19:39:21 INFO  scripts.synthetic_model_comparison.training.training_pipeline | epoch 26/200 — train done in 12.9s | avg loss_box=1.5229 loss_cls=2.1944 loss_dfl=0.0460 loss_total=217.5669
2026-08-03 19:39:21 INFO  scripts.synthetic_model_comparison.training.evaluation | evaluating on 4 batches
2026-08-03 19:39:27 INFO  scripts.synthetic_model_comparison.training.training_pipeline | epoch 26/200 — val mAP50=0.3305 mAP50_95=0.1487 (selection mAP50_95=0.1487)
2026-08-03 19:39:28 INFO  scripts.synthetic_model_comparison.training.evaluation | mlflow: logged val/mAP50=0.3305 val/mAP50_95=0.1487 (step=25)
2026-08-03 19:39:28 INFO  scripts.synthetic_model_comparison.training.evaluation | mlflow: logged val per-class AP table (12 classes)
2026-08-03 19:39:28 INFO  scripts.synthetic_model_comparison.training.training_pipeline | saved checkpoint: /home/debian/Master-Thesis/scripts/synthetic_model_comparison/training/model_exports/yolo26n-sd35m-maxlen-seed42-20260803-193051/last.pt
2026-08-03 19:39:29 INFO  scripts.synthetic_model_comparison.training.training_pipeline | epoch 26/200 done — next lr=0.00966571, epochs_since_improve=2/20
2026-08-03 19:39:29 INFO  scripts.synthetic_model_comparison.training.training_pipeline | epoch 27/200 — train start (lr=0.00966571, batches=14)
2026-08-03 19:39:40 INFO  scripts.synthetic_model_comparison.training.training_pipeline | epoch 27/200 — train done in 11.3s | avg loss_box=1.4913 loss_cls=2.1388 loss_dfl=0.0461 loss_total=213.4289
2026-08-03 19:39:40 INFO  scripts.synthetic_model_comparison.training.evaluation | evaluating on 4 batches
2026-08-03 19:39:46 INFO  scripts.synthetic_model_comparison.training.training_pipeline | epoch 27/200 — val mAP50=0.3470 mAP50_95=0.1425 (selection mAP50_95=0.1425)
2026-08-03 19:39:47 INFO  scripts.synthetic_model_comparison.training.evaluation | mlflow: logged val/mAP50=0.3470 val/mAP50_95=0.1425 (step=26)
2026-08-03 19:39:47 INFO  scripts.synthetic_model_comparison.training.evaluation | mlflow: logged val per-class AP table (12 classes)
2026-08-03 19:39:47 INFO  scripts.synthetic_model_comparison.training.training_pipeline | saved checkpoint: /home/debian/Master-Thesis/scripts/synthetic_model_comparison/training/model_exports/yolo26n-sd35m-maxlen-seed42-20260803-193051/last.pt
2026-08-03 19:39:48 INFO  scripts.synthetic_model_comparison.training.training_pipeline | epoch 27/200 done — next lr=0.00963647, epochs_since_improve=3/20
2026-08-03 19:39:48 INFO  scripts.synthetic_model_comparison.training.training_pipeline | epoch 28/200 — train start (lr=0.00963647, batches=14)
2026-08-03 19:39:59 INFO  scripts.synthetic_model_comparison.training.training_pipeline | epoch 28/200 — train done in 10.9s | avg loss_box=1.4941 loss_cls=2.0754 loss_dfl=0.0460 loss_total=209.2697
2026-08-03 19:39:59 INFO  scripts.synthetic_model_comparison.training.evaluation | evaluating on 4 batches
2026-08-03 19:40:05 INFO  scripts.synthetic_model_comparison.training.training_pipeline | epoch 28/200 — val mAP50=0.4931 mAP50_95=0.2510 (selection mAP50_95=0.2510)
2026-08-03 19:40:05 INFO  scripts.synthetic_model_comparison.training.evaluation | mlflow: logged val/mAP50=0.4931 val/mAP50_95=0.2510 (step=27)
2026-08-03 19:40:06 INFO  scripts.synthetic_model_comparison.training.evaluation | mlflow: logged val per-class AP table (12 classes)
2026-08-03 19:40:06 INFO  scripts.synthetic_model_comparison.training.training_pipeline | saved checkpoint: /home/debian/Master-Thesis/scripts/synthetic_model_comparison/training/model_exports/yolo26n-sd35m-maxlen-seed42-20260803-193051/best.pt
2026-08-03 19:40:06 INFO  scripts.synthetic_model_comparison.training.training_pipeline | new best mAP50_95=0.2510 at epoch 28
2026-08-03 19:40:06 INFO  scripts.synthetic_model_comparison.training.training_pipeline | saved checkpoint: /home/debian/Master-Thesis/scripts/synthetic_model_comparison/training/model_exports/yolo26n-sd35m-maxlen-seed42-20260803-193051/last.pt
2026-08-03 19:40:06 INFO  scripts.synthetic_model_comparison.training.training_pipeline | epoch 28/200 done — next lr=0.00960605, epochs_since_improve=0/20
2026-08-03 19:40:06 INFO  scripts.synthetic_model_comparison.training.training_pipeline | epoch 29/200 — train start (lr=0.00960605, batches=14)
2026-08-03 19:40:16 INFO  scripts.synthetic_model_comparison.training.training_pipeline | step 400 | loss_box=1.4077 loss_cls=1.8487 loss_dfl=0.0422 loss_total=203.0359 lr=0.00958588
2026-08-03 19:40:20 INFO  scripts.synthetic_model_comparison.training.training_pipeline | epoch 29/200 — train done in 13.4s | avg loss_box=1.4809 loss_cls=1.9663 loss_dfl=0.0463 loss_total=205.0648
2026-08-03 19:40:20 INFO  scripts.synthetic_model_comparison.training.evaluation | evaluating on 4 batches
2026-08-03 19:40:27 INFO  scripts.synthetic_model_comparison.training.training_pipeline | epoch 29/200 — val mAP50=0.4008 mAP50_95=0.1900 (selection mAP50_95=0.1900)
2026-08-03 19:40:28 INFO  scripts.synthetic_model_comparison.training.evaluation | mlflow: logged val/mAP50=0.4008 val/mAP50_95=0.1900 (step=28)
2026-08-03 19:40:28 INFO  scripts.synthetic_model_comparison.training.evaluation | mlflow: logged val per-class AP table (12 classes)
2026-08-03 19:40:28 INFO  scripts.synthetic_model_comparison.training.training_pipeline | saved checkpoint: /home/debian/Master-Thesis/scripts/synthetic_model_comparison/training/model_exports/yolo26n-sd35m-maxlen-seed42-20260803-193051/last.pt
2026-08-03 19:40:28 INFO  scripts.synthetic_model_comparison.training.training_pipeline | epoch 29/200 done — next lr=0.00957446, epochs_since_improve=1/20
2026-08-03 19:40:29 INFO  scripts.synthetic_model_comparison.training.training_pipeline | epoch 30/200 — train start (lr=0.00957446, batches=14)
2026-08-03 19:40:40 INFO  scripts.synthetic_model_comparison.training.training_pipeline | epoch 30/200 — train done in 11.2s | avg loss_box=1.4475 loss_cls=1.9448 loss_dfl=0.0449 loss_total=202.8807
2026-08-03 19:40:40 INFO  scripts.synthetic_model_comparison.training.evaluation | evaluating on 4 batches
2026-08-03 19:40:46 INFO  scripts.synthetic_model_comparison.training.training_pipeline | epoch 30/200 — val mAP50=0.3511 mAP50_95=0.1252 (selection mAP50_95=0.1252)
2026-08-03 19:40:46 INFO  scripts.synthetic_model_comparison.training.evaluation | mlflow: logged val/mAP50=0.3511 val/mAP50_95=0.1252 (step=29)
2026-08-03 19:40:47 INFO  scripts.synthetic_model_comparison.training.evaluation | mlflow: logged val per-class AP table (12 classes)
2026-08-03 19:40:47 INFO  scripts.synthetic_model_comparison.training.training_pipeline | saved checkpoint: /home/debian/Master-Thesis/scripts/synthetic_model_comparison/training/model_exports/yolo26n-sd35m-maxlen-seed42-20260803-193051/last.pt
2026-08-03 19:40:47 INFO  scripts.synthetic_model_comparison.training.training_pipeline | epoch 30/200 done — next lr=0.00954171, epochs_since_improve=2/20
2026-08-03 19:40:47 INFO  scripts.synthetic_model_comparison.training.training_pipeline | epoch 31/200 — train start (lr=0.00954171, batches=14)
2026-08-03 19:40:58 INFO  scripts.synthetic_model_comparison.training.training_pipeline | epoch 31/200 — train done in 10.9s | avg loss_box=1.4297 loss_cls=1.8935 loss_dfl=0.0430 loss_total=198.5053
2026-08-03 19:40:58 INFO  scripts.synthetic_model_comparison.training.evaluation | evaluating on 4 batches
2026-08-03 19:41:04 INFO  scripts.synthetic_model_comparison.training.training_pipeline | epoch 31/200 — val mAP50=0.4606 mAP50_95=0.2281 (selection mAP50_95=0.2281)
2026-08-03 19:41:05 INFO  scripts.synthetic_model_comparison.training.evaluation | mlflow: logged val/mAP50=0.4606 val/mAP50_95=0.2281 (step=30)
2026-08-03 19:41:05 INFO  scripts.synthetic_model_comparison.training.evaluation | mlflow: logged val per-class AP table (12 classes)
2026-08-03 19:41:05 INFO  scripts.synthetic_model_comparison.training.training_pipeline | saved checkpoint: /home/debian/Master-Thesis/scripts/synthetic_model_comparison/training/model_exports/yolo26n-sd35m-maxlen-seed42-20260803-193051/last.pt
2026-08-03 19:41:05 INFO  scripts.synthetic_model_comparison.training.training_pipeline | epoch 31/200 done — next lr=0.00950781, epochs_since_improve=3/20
2026-08-03 19:41:05 INFO  scripts.synthetic_model_comparison.training.training_pipeline | epoch 32/200 — train start (lr=0.00950781, batches=14)
2026-08-03 19:41:17 INFO  scripts.synthetic_model_comparison.training.training_pipeline | epoch 32/200 — train done in 11.5s | avg loss_box=1.4383 loss_cls=1.8286 loss_dfl=0.0437 loss_total=195.3159
2026-08-03 19:41:17 INFO  scripts.synthetic_model_comparison.training.evaluation | evaluating on 4 batches
2026-08-03 19:41:23 INFO  scripts.synthetic_model_comparison.training.training_pipeline | epoch 32/200 — val mAP50=0.4738 mAP50_95=0.2196 (selection mAP50_95=0.2196)
2026-08-03 19:41:24 INFO  scripts.synthetic_model_comparison.training.evaluation | mlflow: logged val/mAP50=0.4738 val/mAP50_95=0.2196 (step=31)
2026-08-03 19:41:24 INFO  scripts.synthetic_model_comparison.training.evaluation | mlflow: logged val per-class AP table (12 classes)
2026-08-03 19:41:24 INFO  scripts.synthetic_model_comparison.training.training_pipeline | saved checkpoint: /home/debian/Master-Thesis/scripts/synthetic_model_comparison/training/model_exports/yolo26n-sd35m-maxlen-seed42-20260803-193051/last.pt
2026-08-03 19:41:24 INFO  scripts.synthetic_model_comparison.training.training_pipeline | epoch 32/200 done — next lr=0.00947275, epochs_since_improve=4/20
2026-08-03 19:41:24 INFO  scripts.synthetic_model_comparison.training.training_pipeline | epoch 33/200 — train start (lr=0.00947275, batches=14)
2026-08-03 19:41:32 INFO  scripts.synthetic_model_comparison.training.training_pipeline | step 450 | loss_box=1.3971 loss_cls=1.6087 loss_dfl=0.0442 loss_total=177.3758 lr=0.0094651
2026-08-03 19:41:38 INFO  scripts.synthetic_model_comparison.training.training_pipeline | epoch 33/200 — train done in 13.3s | avg loss_box=1.4177 loss_cls=1.7506 loss_dfl=0.0438 loss_total=190.4771
2026-08-03 19:41:38 INFO  scripts.synthetic_model_comparison.training.evaluation | evaluating on 4 batches
2026-08-03 19:41:45 INFO  scripts.synthetic_model_comparison.training.training_pipeline | epoch 33/200 — val mAP50=0.4188 mAP50_95=0.1797 (selection mAP50_95=0.1797)
2026-08-03 19:41:46 INFO  scripts.synthetic_model_comparison.training.evaluation | mlflow: logged val/mAP50=0.4188 val/mAP50_95=0.1797 (step=32)
2026-08-03 19:41:46 INFO  scripts.synthetic_model_comparison.training.evaluation | mlflow: logged val per-class AP table (12 classes)
2026-08-03 19:41:46 INFO  scripts.synthetic_model_comparison.training.training_pipeline | saved checkpoint: /home/debian/Master-Thesis/scripts/synthetic_model_comparison/training/model_exports/yolo26n-sd35m-maxlen-seed42-20260803-193051/last.pt
2026-08-03 19:41:47 INFO  scripts.synthetic_model_comparison.training.training_pipeline | epoch 33/200 done — next lr=0.00943657, epochs_since_improve=5/20
2026-08-03 19:41:47 INFO  scripts.synthetic_model_comparison.training.training_pipeline | epoch 34/200 — train start (lr=0.00943657, batches=14)
2026-08-03 19:41:59 INFO  scripts.synthetic_model_comparison.training.training_pipeline | epoch 34/200 — train done in 12.0s | avg loss_box=1.4056 loss_cls=1.7463 loss_dfl=0.0433 loss_total=188.9351
2026-08-03 19:41:59 INFO  scripts.synthetic_model_comparison.training.evaluation | evaluating on 4 batches
2026-08-03 19:42:05 INFO  scripts.synthetic_model_comparison.training.training_pipeline | epoch 34/200 — val mAP50=0.4705 mAP50_95=0.2463 (selection mAP50_95=0.2463)
2026-08-03 19:42:05 INFO  scripts.synthetic_model_comparison.training.evaluation | mlflow: logged val/mAP50=0.4705 val/mAP50_95=0.2463 (step=33)
2026-08-03 19:42:06 INFO  scripts.synthetic_model_comparison.training.evaluation | mlflow: logged val per-class AP table (12 classes)
2026-08-03 19:42:06 INFO  scripts.synthetic_model_comparison.training.training_pipeline | saved checkpoint: /home/debian/Master-Thesis/scripts/synthetic_model_comparison/training/model_exports/yolo26n-sd35m-maxlen-seed42-20260803-193051/last.pt
2026-08-03 19:42:06 INFO  scripts.synthetic_model_comparison.training.training_pipeline | epoch 34/200 done — next lr=0.00939925, epochs_since_improve=6/20
2026-08-03 19:42:06 INFO  scripts.synthetic_model_comparison.training.training_pipeline | epoch 35/200 — train start (lr=0.00939925, batches=14)
2026-08-03 19:42:18 INFO  scripts.synthetic_model_comparison.training.training_pipeline | epoch 35/200 — train done in 11.5s | avg loss_box=1.3876 loss_cls=1.6932 loss_dfl=0.0414 loss_total=184.7277
2026-08-03 19:42:18 INFO  scripts.synthetic_model_comparison.training.evaluation | evaluating on 4 batches
2026-08-03 19:42:24 INFO  scripts.synthetic_model_comparison.training.training_pipeline | epoch 35/200 — val mAP50=0.4724 mAP50_95=0.2426 (selection mAP50_95=0.2426)
2026-08-03 19:42:25 INFO  scripts.synthetic_model_comparison.training.evaluation | mlflow: logged val/mAP50=0.4724 val/mAP50_95=0.2426 (step=34)
2026-08-03 19:42:25 INFO  scripts.synthetic_model_comparison.training.evaluation | mlflow: logged val per-class AP table (12 classes)
2026-08-03 19:42:26 INFO  scripts.synthetic_model_comparison.training.training_pipeline | saved checkpoint: /home/debian/Master-Thesis/scripts/synthetic_model_comparison/training/model_exports/yolo26n-sd35m-maxlen-seed42-20260803-193051/last.pt
2026-08-03 19:42:26 INFO  scripts.synthetic_model_comparison.training.training_pipeline | epoch 35/200 done — next lr=0.00936082, epochs_since_improve=7/20
2026-08-03 19:42:26 INFO  scripts.synthetic_model_comparison.training.training_pipeline | epoch 36/200 — train start (lr=0.00936082, batches=14)
2026-08-03 19:42:37 INFO  scripts.synthetic_model_comparison.training.training_pipeline | step 500 | loss_box=1.3778 loss_cls=1.5446 loss_dfl=0.0430 loss_total=176.5211 lr=0.00932985
2026-08-03 19:42:39 INFO  scripts.synthetic_model_comparison.training.training_pipeline | epoch 36/200 — train done in 13.3s | avg loss_box=1.3885 loss_cls=1.6551 loss_dfl=0.0415 loss_total=183.3199
2026-08-03 19:42:39 INFO  scripts.synthetic_model_comparison.training.evaluation | evaluating on 4 batches
2026-08-03 19:42:45 INFO  scripts.synthetic_model_comparison.training.training_pipeline | epoch 36/200 — val mAP50=0.5162 mAP50_95=0.2525 (selection mAP50_95=0.2525)
2026-08-03 19:42:46 INFO  scripts.synthetic_model_comparison.training.evaluation | mlflow: logged val/mAP50=0.5162 val/mAP50_95=0.2525 (step=35)
2026-08-03 19:42:46 INFO  scripts.synthetic_model_comparison.training.evaluation | mlflow: logged val per-class AP table (12 classes)
2026-08-03 19:42:46 INFO  scripts.synthetic_model_comparison.training.training_pipeline | saved checkpoint: /home/debian/Master-Thesis/scripts/synthetic_model_comparison/training/model_exports/yolo26n-sd35m-maxlen-seed42-20260803-193051/best.pt
2026-08-03 19:42:46 INFO  scripts.synthetic_model_comparison.training.training_pipeline | new best mAP50_95=0.2525 at epoch 36
2026-08-03 19:42:46 INFO  scripts.synthetic_model_comparison.training.training_pipeline | saved checkpoint: /home/debian/Master-Thesis/scripts/synthetic_model_comparison/training/model_exports/yolo26n-sd35m-maxlen-seed42-20260803-193051/last.pt
2026-08-03 19:42:47 INFO  scripts.synthetic_model_comparison.training.training_pipeline | epoch 36/200 done — next lr=0.00932128, epochs_since_improve=0/20
2026-08-03 19:42:47 INFO  scripts.synthetic_model_comparison.training.training_pipeline | epoch 37/200 — train start (lr=0.00932128, batches=14)
2026-08-03 19:42:58 INFO  scripts.synthetic_model_comparison.training.training_pipeline | epoch 37/200 — train done in 10.9s | avg loss_box=1.3826 loss_cls=1.5863 loss_dfl=0.0421 loss_total=180.7168
2026-08-03 19:42:58 INFO  scripts.synthetic_model_comparison.training.evaluation | evaluating on 4 batches
2026-08-03 19:43:05 INFO  scripts.synthetic_model_comparison.training.training_pipeline | epoch 37/200 — val mAP50=0.4147 mAP50_95=0.1834 (selection mAP50_95=0.1834)
2026-08-03 19:43:06 INFO  scripts.synthetic_model_comparison.training.evaluation | mlflow: logged val/mAP50=0.4147 val/mAP50_95=0.1834 (step=36)
2026-08-03 19:43:06 INFO  scripts.synthetic_model_comparison.training.evaluation | mlflow: logged val per-class AP table (12 classes)
2026-08-03 19:43:06 INFO  scripts.synthetic_model_comparison.training.training_pipeline | saved checkpoint: /home/debian/Master-Thesis/scripts/synthetic_model_comparison/training/model_exports/yolo26n-sd35m-maxlen-seed42-20260803-193051/last.pt
2026-08-03 19:43:07 INFO  scripts.synthetic_model_comparison.training.training_pipeline | epoch 37/200 done — next lr=0.00928065, epochs_since_improve=1/20
2026-08-03 19:43:07 INFO  scripts.synthetic_model_comparison.training.training_pipeline | epoch 38/200 — train start (lr=0.00928065, batches=14)
2026-08-03 19:43:18 INFO  scripts.synthetic_model_comparison.training.training_pipeline | epoch 38/200 — train done in 11.6s | avg loss_box=1.3620 loss_cls=1.6194 loss_dfl=0.0418 loss_total=178.8995
2026-08-03 19:43:18 INFO  scripts.synthetic_model_comparison.training.evaluation | evaluating on 4 batches
2026-08-03 19:43:24 INFO  scripts.synthetic_model_comparison.training.training_pipeline | epoch 38/200 — val mAP50=0.4942 mAP50_95=0.2817 (selection mAP50_95=0.2817)
2026-08-03 19:43:25 INFO  scripts.synthetic_model_comparison.training.evaluation | mlflow: logged val/mAP50=0.4942 val/mAP50_95=0.2817 (step=37)
2026-08-03 19:43:25 INFO  scripts.synthetic_model_comparison.training.evaluation | mlflow: logged val per-class AP table (12 classes)
2026-08-03 19:43:26 INFO  scripts.synthetic_model_comparison.training.training_pipeline | saved checkpoint: /home/debian/Master-Thesis/scripts/synthetic_model_comparison/training/model_exports/yolo26n-sd35m-maxlen-seed42-20260803-193051/best.pt
2026-08-03 19:43:26 INFO  scripts.synthetic_model_comparison.training.training_pipeline | new best mAP50_95=0.2817 at epoch 38
2026-08-03 19:43:26 INFO  scripts.synthetic_model_comparison.training.training_pipeline | saved checkpoint: /home/debian/Master-Thesis/scripts/synthetic_model_comparison/training/model_exports/yolo26n-sd35m-maxlen-seed42-20260803-193051/last.pt
2026-08-03 19:43:26 INFO  scripts.synthetic_model_comparison.training.training_pipeline | epoch 38/200 done — next lr=0.00923892, epochs_since_improve=0/20
2026-08-03 19:43:26 INFO  scripts.synthetic_model_comparison.training.training_pipeline | epoch 39/200 — train start (lr=0.00923892, batches=14)
2026-08-03 19:43:38 INFO  scripts.synthetic_model_comparison.training.training_pipeline | epoch 39/200 — train done in 11.6s | avg loss_box=1.3136 loss_cls=1.5964 loss_dfl=0.0403 loss_total=173.8796
2026-08-03 19:43:38 INFO  scripts.synthetic_model_comparison.training.evaluation | evaluating on 4 batches
2026-08-03 19:43:44 INFO  scripts.synthetic_model_comparison.training.training_pipeline | epoch 39/200 — val mAP50=0.6023 mAP50_95=0.3219 (selection mAP50_95=0.3219)
2026-08-03 19:43:45 INFO  scripts.synthetic_model_comparison.training.evaluation | mlflow: logged val/mAP50=0.6023 val/mAP50_95=0.3219 (step=38)
2026-08-03 19:43:45 INFO  scripts.synthetic_model_comparison.training.evaluation | mlflow: logged val per-class AP table (12 classes)
2026-08-03 19:43:46 INFO  scripts.synthetic_model_comparison.training.training_pipeline | saved checkpoint: /home/debian/Master-Thesis/scripts/synthetic_model_comparison/training/model_exports/yolo26n-sd35m-maxlen-seed42-20260803-193051/best.pt
2026-08-03 19:43:46 INFO  scripts.synthetic_model_comparison.training.training_pipeline | new best mAP50_95=0.3219 at epoch 39
2026-08-03 19:43:46 INFO  scripts.synthetic_model_comparison.training.training_pipeline | saved checkpoint: /home/debian/Master-Thesis/scripts/synthetic_model_comparison/training/model_exports/yolo26n-sd35m-maxlen-seed42-20260803-193051/last.pt
2026-08-03 19:43:46 INFO  scripts.synthetic_model_comparison.training.training_pipeline | epoch 39/200 done — next lr=0.00919612, epochs_since_improve=0/20
2026-08-03 19:43:46 INFO  scripts.synthetic_model_comparison.training.training_pipeline | epoch 40/200 — train start (lr=0.00919612, batches=14)
2026-08-03 19:43:54 INFO  scripts.synthetic_model_comparison.training.training_pipeline | step 550 | loss_box=1.4058 loss_cls=1.5306 loss_dfl=0.0406 loss_total=177.2321 lr=0.00918058
2026-08-03 19:43:59 INFO  scripts.synthetic_model_comparison.training.training_pipeline | epoch 40/200 — train done in 12.7s | avg loss_box=1.3283 loss_cls=1.5529 loss_dfl=0.0396 loss_total=175.3763
2026-08-03 19:43:59 INFO  scripts.synthetic_model_comparison.training.evaluation | evaluating on 4 batches
2026-08-03 19:44:05 INFO  scripts.synthetic_model_comparison.training.training_pipeline | epoch 40/200 — val mAP50=0.5437 mAP50_95=0.3297 (selection mAP50_95=0.3297)
2026-08-03 19:44:05 INFO  scripts.synthetic_model_comparison.training.evaluation | mlflow: logged val/mAP50=0.5437 val/mAP50_95=0.3297 (step=39)
2026-08-03 19:44:06 INFO  scripts.synthetic_model_comparison.training.evaluation | mlflow: logged val per-class AP table (12 classes)
2026-08-03 19:44:06 INFO  scripts.synthetic_model_comparison.training.training_pipeline | saved checkpoint: /home/debian/Master-Thesis/scripts/synthetic_model_comparison/training/model_exports/yolo26n-sd35m-maxlen-seed42-20260803-193051/best.pt
2026-08-03 19:44:06 INFO  scripts.synthetic_model_comparison.training.training_pipeline | new best mAP50_95=0.3297 at epoch 40
2026-08-03 19:44:06 INFO  scripts.synthetic_model_comparison.training.training_pipeline | saved checkpoint: /home/debian/Master-Thesis/scripts/synthetic_model_comparison/training/model_exports/yolo26n-sd35m-maxlen-seed42-20260803-193051/last.pt
2026-08-03 19:44:06 INFO  scripts.synthetic_model_comparison.training.training_pipeline | epoch 40/200 done — next lr=0.00915225, epochs_since_improve=0/20
2026-08-03 19:44:06 INFO  scripts.synthetic_model_comparison.training.training_pipeline | epoch 41/200 — train start (lr=0.00915225, batches=14)
2026-08-03 19:44:18 INFO  scripts.synthetic_model_comparison.training.training_pipeline | epoch 41/200 — train done in 11.5s | avg loss_box=1.3146 loss_cls=1.4756 loss_dfl=0.0398 loss_total=169.8132
2026-08-03 19:44:18 INFO  scripts.synthetic_model_comparison.training.evaluation | evaluating on 4 batches
2026-08-03 19:44:25 INFO  scripts.synthetic_model_comparison.training.training_pipeline | epoch 41/200 — val mAP50=0.5456 mAP50_95=0.3166 (selection mAP50_95=0.3166)
2026-08-03 19:44:26 INFO  scripts.synthetic_model_comparison.training.evaluation | mlflow: logged val/mAP50=0.5456 val/mAP50_95=0.3166 (step=40)
2026-08-03 19:44:26 INFO  scripts.synthetic_model_comparison.training.evaluation | mlflow: logged val per-class AP table (12 classes)
2026-08-03 19:44:26 INFO  scripts.synthetic_model_comparison.training.training_pipeline | saved checkpoint: /home/debian/Master-Thesis/scripts/synthetic_model_comparison/training/model_exports/yolo26n-sd35m-maxlen-seed42-20260803-193051/last.pt
2026-08-03 19:44:27 INFO  scripts.synthetic_model_comparison.training.training_pipeline | epoch 41/200 done — next lr=0.00910733, epochs_since_improve=1/20
2026-08-03 19:44:27 INFO  scripts.synthetic_model_comparison.training.training_pipeline | epoch 42/200 — train start (lr=0.00910733, batches=14)
2026-08-03 19:44:38 INFO  scripts.synthetic_model_comparison.training.training_pipeline | epoch 42/200 — train done in 11.4s | avg loss_box=1.2832 loss_cls=1.5042 loss_dfl=0.0389 loss_total=169.4519
2026-08-03 19:44:38 INFO  scripts.synthetic_model_comparison.training.evaluation | evaluating on 4 batches
2026-08-03 19:44:44 INFO  scripts.synthetic_model_comparison.training.training_pipeline | epoch 42/200 — val mAP50=0.6266 mAP50_95=0.3650 (selection mAP50_95=0.3650)
2026-08-03 19:44:45 INFO  scripts.synthetic_model_comparison.training.evaluation | mlflow: logged val/mAP50=0.6266 val/mAP50_95=0.3650 (step=41)
2026-08-03 19:44:45 INFO  scripts.synthetic_model_comparison.training.evaluation | mlflow: logged val per-class AP table (12 classes)
2026-08-03 19:44:45 INFO  scripts.synthetic_model_comparison.training.training_pipeline | saved checkpoint: /home/debian/Master-Thesis/scripts/synthetic_model_comparison/training/model_exports/yolo26n-sd35m-maxlen-seed42-20260803-193051/best.pt
2026-08-03 19:44:45 INFO  scripts.synthetic_model_comparison.training.training_pipeline | new best mAP50_95=0.3650 at epoch 42
2026-08-03 19:44:45 INFO  scripts.synthetic_model_comparison.training.training_pipeline | saved checkpoint: /home/debian/Master-Thesis/scripts/synthetic_model_comparison/training/model_exports/yolo26n-sd35m-maxlen-seed42-20260803-193051/last.pt
2026-08-03 19:44:46 INFO  scripts.synthetic_model_comparison.training.training_pipeline | epoch 42/200 done — next lr=0.00906137, epochs_since_improve=0/20
2026-08-03 19:44:46 INFO  scripts.synthetic_model_comparison.training.training_pipeline | epoch 43/200 — train start (lr=0.00906137, batches=14)
2026-08-03 19:44:57 INFO  scripts.synthetic_model_comparison.training.training_pipeline | step 600 | loss_box=1.1777 loss_cls=1.2828 loss_dfl=0.0380 loss_total=146.9868 lr=0.00901776
2026-08-03 19:44:59 INFO  scripts.synthetic_model_comparison.training.training_pipeline | epoch 43/200 — train done in 13.0s | avg loss_box=1.2947 loss_cls=1.4104 loss_dfl=0.0392 loss_total=163.9115
2026-08-03 19:44:59 INFO  scripts.synthetic_model_comparison.training.evaluation | evaluating on 4 batches
2026-08-03 19:45:05 INFO  scripts.synthetic_model_comparison.training.training_pipeline | epoch 43/200 — val mAP50=0.5300 mAP50_95=0.2931 (selection mAP50_95=0.2931)
2026-08-03 19:45:06 INFO  scripts.synthetic_model_comparison.training.evaluation | mlflow: logged val/mAP50=0.5300 val/mAP50_95=0.2931 (step=42)
2026-08-03 19:45:06 INFO  scripts.synthetic_model_comparison.training.evaluation | mlflow: logged val per-class AP table (12 classes)
2026-08-03 19:45:06 INFO  scripts.synthetic_model_comparison.training.training_pipeline | saved checkpoint: /home/debian/Master-Thesis/scripts/synthetic_model_comparison/training/model_exports/yolo26n-sd35m-maxlen-seed42-20260803-193051/last.pt
2026-08-03 19:45:06 INFO  scripts.synthetic_model_comparison.training.training_pipeline | epoch 43/200 done — next lr=0.00901437, epochs_since_improve=1/20
2026-08-03 19:45:06 INFO  scripts.synthetic_model_comparison.training.training_pipeline | epoch 44/200 — train start (lr=0.00901437, batches=14)
2026-08-03 19:45:19 INFO  scripts.synthetic_model_comparison.training.training_pipeline | epoch 44/200 — train done in 12.6s | avg loss_box=1.2916 loss_cls=1.4454 loss_dfl=0.0397 loss_total=164.9063
2026-08-03 19:45:19 INFO  scripts.synthetic_model_comparison.training.evaluation | evaluating on 4 batches
2026-08-03 19:45:26 INFO  scripts.synthetic_model_comparison.training.training_pipeline | epoch 44/200 — val mAP50=0.5521 mAP50_95=0.3263 (selection mAP50_95=0.3263)
2026-08-03 19:45:27 INFO  scripts.synthetic_model_comparison.training.evaluation | mlflow: logged val/mAP50=0.5521 val/mAP50_95=0.3263 (step=43)
2026-08-03 19:45:27 INFO  scripts.synthetic_model_comparison.training.evaluation | mlflow: logged val per-class AP table (12 classes)
2026-08-03 19:45:28 INFO  scripts.synthetic_model_comparison.training.training_pipeline | saved checkpoint: /home/debian/Master-Thesis/scripts/synthetic_model_comparison/training/model_exports/yolo26n-sd35m-maxlen-seed42-20260803-193051/last.pt
2026-08-03 19:45:28 INFO  scripts.synthetic_model_comparison.training.training_pipeline | epoch 44/200 done — next lr=0.00896636, epochs_since_improve=2/20
2026-08-03 19:45:28 INFO  scripts.synthetic_model_comparison.training.training_pipeline | epoch 45/200 — train start (lr=0.00896636, batches=14)
2026-08-03 19:45:39 INFO  scripts.synthetic_model_comparison.training.training_pipeline | epoch 45/200 — train done in 11.6s | avg loss_box=1.2731 loss_cls=1.4003 loss_dfl=0.0381 loss_total=163.8170
2026-08-03 19:45:39 INFO  scripts.synthetic_model_comparison.training.evaluation | evaluating on 4 batches
2026-08-03 19:45:47 INFO  scripts.synthetic_model_comparison.training.training_pipeline | epoch 45/200 — val mAP50=0.6504 mAP50_95=0.4035 (selection mAP50_95=0.4035)
2026-08-03 19:45:48 INFO  scripts.synthetic_model_comparison.training.evaluation | mlflow: logged val/mAP50=0.6504 val/mAP50_95=0.4035 (step=44)
2026-08-03 19:45:48 INFO  scripts.synthetic_model_comparison.training.evaluation | mlflow: logged val per-class AP table (12 classes)
2026-08-03 19:45:48 INFO  scripts.synthetic_model_comparison.training.training_pipeline | saved checkpoint: /home/debian/Master-Thesis/scripts/synthetic_model_comparison/training/model_exports/yolo26n-sd35m-maxlen-seed42-20260803-193051/best.pt
2026-08-03 19:45:48 INFO  scripts.synthetic_model_comparison.training.training_pipeline | new best mAP50_95=0.4035 at epoch 45
2026-08-03 19:45:49 INFO  scripts.synthetic_model_comparison.training.training_pipeline | saved checkpoint: /home/debian/Master-Thesis/scripts/synthetic_model_comparison/training/model_exports/yolo26n-sd35m-maxlen-seed42-20260803-193051/last.pt
2026-08-03 19:45:49 INFO  scripts.synthetic_model_comparison.training.training_pipeline | epoch 45/200 done — next lr=0.00891733, epochs_since_improve=0/20
2026-08-03 19:45:49 INFO  scripts.synthetic_model_comparison.training.training_pipeline | epoch 46/200 — train start (lr=0.00891733, batches=14)
2026-08-03 19:46:01 INFO  scripts.synthetic_model_comparison.training.training_pipeline | epoch 46/200 — train done in 12.3s | avg loss_box=1.2327 loss_cls=1.3640 loss_dfl=0.0381 loss_total=158.6147
2026-08-03 19:46:01 INFO  scripts.synthetic_model_comparison.training.evaluation | evaluating on 4 batches
2026-08-03 19:46:09 INFO  scripts.synthetic_model_comparison.training.training_pipeline | epoch 46/200 — val mAP50=0.6659 mAP50_95=0.4068 (selection mAP50_95=0.4068)
2026-08-03 19:46:10 INFO  scripts.synthetic_model_comparison.training.evaluation | mlflow: logged val/mAP50=0.6659 val/mAP50_95=0.4068 (step=45)
2026-08-03 19:46:10 INFO  scripts.synthetic_model_comparison.training.evaluation | mlflow: logged val per-class AP table (12 classes)
2026-08-03 19:46:10 INFO  scripts.synthetic_model_comparison.training.training_pipeline | saved checkpoint: /home/debian/Master-Thesis/scripts/synthetic_model_comparison/training/model_exports/yolo26n-sd35m-maxlen-seed42-20260803-193051/best.pt
2026-08-03 19:46:10 INFO  scripts.synthetic_model_comparison.training.training_pipeline | new best mAP50_95=0.4068 at epoch 46
2026-08-03 19:46:11 INFO  scripts.synthetic_model_comparison.training.training_pipeline | saved checkpoint: /home/debian/Master-Thesis/scripts/synthetic_model_comparison/training/model_exports/yolo26n-sd35m-maxlen-seed42-20260803-193051/last.pt
2026-08-03 19:46:11 INFO  scripts.synthetic_model_comparison.training.training_pipeline | epoch 46/200 done — next lr=0.00886731, epochs_since_improve=0/20
2026-08-03 19:46:11 INFO  scripts.synthetic_model_comparison.training.training_pipeline | epoch 47/200 — train start (lr=0.00886731, batches=14)
2026-08-03 19:46:21 INFO  scripts.synthetic_model_comparison.training.training_pipeline | step 650 | loss_box=1.1421 loss_cls=1.2160 loss_dfl=0.0349 loss_total=147.5470 lr=0.00884194
2026-08-03 19:46:25 INFO  scripts.synthetic_model_comparison.training.training_pipeline | epoch 47/200 — train done in 14.1s | avg loss_box=1.2196 loss_cls=1.3441 loss_dfl=0.0360 loss_total=157.7433
2026-08-03 19:46:25 INFO  scripts.synthetic_model_comparison.training.evaluation | evaluating on 4 batches
2026-08-03 19:46:33 INFO  scripts.synthetic_model_comparison.training.training_pipeline | epoch 47/200 — val mAP50=0.6811 mAP50_95=0.4250 (selection mAP50_95=0.4250)
2026-08-03 19:46:34 INFO  scripts.synthetic_model_comparison.training.evaluation | mlflow: logged val/mAP50=0.6811 val/mAP50_95=0.4250 (step=46)
2026-08-03 19:46:34 INFO  scripts.synthetic_model_comparison.training.evaluation | mlflow: logged val per-class AP table (12 classes)
2026-08-03 19:46:34 INFO  scripts.synthetic_model_comparison.training.training_pipeline | saved checkpoint: /home/debian/Master-Thesis/scripts/synthetic_model_comparison/training/model_exports/yolo26n-sd35m-maxlen-seed42-20260803-193051/best.pt
2026-08-03 19:46:34 INFO  scripts.synthetic_model_comparison.training.training_pipeline | new best mAP50_95=0.4250 at epoch 47
2026-08-03 19:46:34 INFO  scripts.synthetic_model_comparison.training.training_pipeline | saved checkpoint: /home/debian/Master-Thesis/scripts/synthetic_model_comparison/training/model_exports/yolo26n-sd35m-maxlen-seed42-20260803-193051/last.pt
2026-08-03 19:46:35 INFO  scripts.synthetic_model_comparison.training.training_pipeline | epoch 47/200 done — next lr=0.00881631, epochs_since_improve=0/20
2026-08-03 19:46:35 INFO  scripts.synthetic_model_comparison.training.training_pipeline | epoch 48/200 — train start (lr=0.00881631, batches=14)
2026-08-03 19:46:46 INFO  scripts.synthetic_model_comparison.training.training_pipeline | epoch 48/200 — train done in 11.6s | avg loss_box=1.2583 loss_cls=1.3235 loss_dfl=0.0379 loss_total=157.0768
2026-08-03 19:46:46 INFO  scripts.synthetic_model_comparison.training.evaluation | evaluating on 4 batches
2026-08-03 19:46:52 INFO  scripts.synthetic_model_comparison.training.training_pipeline | epoch 48/200 — val mAP50=0.6200 mAP50_95=0.3750 (selection mAP50_95=0.3750)
2026-08-03 19:46:53 INFO  scripts.synthetic_model_comparison.training.evaluation | mlflow: logged val/mAP50=0.6200 val/mAP50_95=0.3750 (step=47)
2026-08-03 19:46:53 INFO  scripts.synthetic_model_comparison.training.evaluation | mlflow: logged val per-class AP table (12 classes)
2026-08-03 19:46:53 INFO  scripts.synthetic_model_comparison.training.training_pipeline | saved checkpoint: /home/debian/Master-Thesis/scripts/synthetic_model_comparison/training/model_exports/yolo26n-sd35m-maxlen-seed42-20260803-193051/last.pt
2026-08-03 19:46:54 INFO  scripts.synthetic_model_comparison.training.training_pipeline | epoch 48/200 done — next lr=0.00876435, epochs_since_improve=1/20
2026-08-03 19:46:54 INFO  scripts.synthetic_model_comparison.training.training_pipeline | epoch 49/200 — train start (lr=0.00876435, batches=14)
2026-08-03 19:47:05 INFO  scripts.synthetic_model_comparison.training.training_pipeline | epoch 49/200 — train done in 11.2s | avg loss_box=1.2222 loss_cls=1.2906 loss_dfl=0.0366 loss_total=154.4190
2026-08-03 19:47:05 INFO  scripts.synthetic_model_comparison.training.evaluation | evaluating on 4 batches
2026-08-03 19:47:11 INFO  scripts.synthetic_model_comparison.training.training_pipeline | epoch 49/200 — val mAP50=0.5577 mAP50_95=0.3145 (selection mAP50_95=0.3145)
2026-08-03 19:47:11 INFO  scripts.synthetic_model_comparison.training.evaluation | mlflow: logged val/mAP50=0.5577 val/mAP50_95=0.3145 (step=48)
2026-08-03 19:47:12 INFO  scripts.synthetic_model_comparison.training.evaluation | mlflow: logged val per-class AP table (12 classes)
2026-08-03 19:47:12 INFO  scripts.synthetic_model_comparison.training.training_pipeline | saved checkpoint: /home/debian/Master-Thesis/scripts/synthetic_model_comparison/training/model_exports/yolo26n-sd35m-maxlen-seed42-20260803-193051/last.pt
2026-08-03 19:47:12 INFO  scripts.synthetic_model_comparison.training.training_pipeline | epoch 49/200 done — next lr=0.00871142, epochs_since_improve=2/20
2026-08-03 19:47:12 INFO  scripts.synthetic_model_comparison.training.training_pipeline | epoch 50/200 — train start (lr=0.00871142, batches=14)
2026-08-03 19:47:23 INFO  scripts.synthetic_model_comparison.training.training_pipeline | epoch 50/200 — train done in 11.2s | avg loss_box=1.2659 loss_cls=1.2415 loss_dfl=0.0377 loss_total=153.0061
2026-08-03 19:47:23 INFO  scripts.synthetic_model_comparison.training.evaluation | evaluating on 4 batches
2026-08-03 19:47:29 INFO  scripts.synthetic_model_comparison.training.training_pipeline | epoch 50/200 — val mAP50=0.6334 mAP50_95=0.3806 (selection mAP50_95=0.3806)
2026-08-03 19:47:30 INFO  scripts.synthetic_model_comparison.training.evaluation | mlflow: logged val/mAP50=0.6334 val/mAP50_95=0.3806 (step=49)
2026-08-03 19:47:31 INFO  scripts.synthetic_model_comparison.training.evaluation | mlflow: logged val per-class AP table (12 classes)
2026-08-03 19:47:31 INFO  scripts.synthetic_model_comparison.training.training_pipeline | saved checkpoint: /home/debian/Master-Thesis/scripts/synthetic_model_comparison/training/model_exports/yolo26n-sd35m-maxlen-seed42-20260803-193051/last.pt
2026-08-03 19:47:31 INFO  scripts.synthetic_model_comparison.training.training_pipeline | epoch 50/200 done — next lr=0.00865755, epochs_since_improve=3/20
2026-08-03 19:47:31 INFO  scripts.synthetic_model_comparison.training.training_pipeline | epoch 51/200 — train start (lr=0.00865755, batches=14)
2026-08-03 19:47:37 INFO  scripts.synthetic_model_comparison.training.training_pipeline | step 700 | loss_box=1.1641 loss_cls=1.3108 loss_dfl=0.0325 loss_total=148.3320 lr=0.00865367
2026-08-03 19:47:44 INFO  scripts.synthetic_model_comparison.training.training_pipeline | epoch 51/200 — train done in 12.7s | avg loss_box=1.2056 loss_cls=1.2673 loss_dfl=0.0360 loss_total=151.6322
2026-08-03 19:47:44 INFO  scripts.synthetic_model_comparison.training.evaluation | evaluating on 4 batches
2026-08-03 19:47:50 INFO  scripts.synthetic_model_comparison.training.training_pipeline | epoch 51/200 — val mAP50=0.6269 mAP50_95=0.3396 (selection mAP50_95=0.3396)
2026-08-03 19:47:50 INFO  scripts.synthetic_model_comparison.training.evaluation | mlflow: logged val/mAP50=0.6269 val/mAP50_95=0.3396 (step=50)
2026-08-03 19:47:51 INFO  scripts.synthetic_model_comparison.training.evaluation | mlflow: logged val per-class AP table (12 classes)
2026-08-03 19:47:51 INFO  scripts.synthetic_model_comparison.training.training_pipeline | saved checkpoint: /home/debian/Master-Thesis/scripts/synthetic_model_comparison/training/model_exports/yolo26n-sd35m-maxlen-seed42-20260803-193051/last.pt
2026-08-03 19:47:51 INFO  scripts.synthetic_model_comparison.training.training_pipeline | epoch 51/200 done — next lr=0.00860275, epochs_since_improve=4/20
2026-08-03 19:47:51 INFO  scripts.synthetic_model_comparison.training.training_pipeline | epoch 52/200 — train start (lr=0.00860275, batches=14)
2026-08-03 19:48:03 INFO  scripts.synthetic_model_comparison.training.training_pipeline | epoch 52/200 — train done in 12.1s | avg loss_box=1.1947 loss_cls=1.2145 loss_dfl=0.0353 loss_total=148.0261
2026-08-03 19:48:03 INFO  scripts.synthetic_model_comparison.training.evaluation | evaluating on 4 batches
2026-08-03 19:48:10 INFO  scripts.synthetic_model_comparison.training.training_pipeline | epoch 52/200 — val mAP50=0.6412 mAP50_95=0.4219 (selection mAP50_95=0.4219)
2026-08-03 19:48:10 INFO  scripts.synthetic_model_comparison.training.evaluation | mlflow: logged val/mAP50=0.6412 val/mAP50_95=0.4219 (step=51)
2026-08-03 19:48:11 INFO  scripts.synthetic_model_comparison.training.evaluation | mlflow: logged val per-class AP table (12 classes)
2026-08-03 19:48:11 INFO  scripts.synthetic_model_comparison.training.training_pipeline | saved checkpoint: /home/debian/Master-Thesis/scripts/synthetic_model_comparison/training/model_exports/yolo26n-sd35m-maxlen-seed42-20260803-193051/last.pt
2026-08-03 19:48:11 INFO  scripts.synthetic_model_comparison.training.training_pipeline | epoch 52/200 done — next lr=0.00854704, epochs_since_improve=5/20
2026-08-03 19:48:11 INFO  scripts.synthetic_model_comparison.training.training_pipeline | epoch 53/200 — train start (lr=0.00854704, batches=14)
2026-08-03 19:48:22 INFO  scripts.synthetic_model_comparison.training.training_pipeline | epoch 53/200 — train done in 10.9s | avg loss_box=1.2157 loss_cls=1.2092 loss_dfl=0.0360 loss_total=148.0741
2026-08-03 19:48:22 INFO  scripts.synthetic_model_comparison.training.evaluation | evaluating on 4 batches
2026-08-03 19:48:28 INFO  scripts.synthetic_model_comparison.training.training_pipeline | epoch 53/200 — val mAP50=0.6884 mAP50_95=0.4426 (selection mAP50_95=0.4426)
2026-08-03 19:48:29 INFO  scripts.synthetic_model_comparison.training.evaluation | mlflow: logged val/mAP50=0.6884 val/mAP50_95=0.4426 (step=52)
2026-08-03 19:48:29 INFO  scripts.synthetic_model_comparison.training.evaluation | mlflow: logged val per-class AP table (12 classes)
2026-08-03 19:48:29 INFO  scripts.synthetic_model_comparison.training.training_pipeline | saved checkpoint: /home/debian/Master-Thesis/scripts/synthetic_model_comparison/training/model_exports/yolo26n-sd35m-maxlen-seed42-20260803-193051/best.pt
2026-08-03 19:48:29 INFO  scripts.synthetic_model_comparison.training.training_pipeline | new best mAP50_95=0.4426 at epoch 53
2026-08-03 19:48:29 INFO  scripts.synthetic_model_comparison.training.training_pipeline | saved checkpoint: /home/debian/Master-Thesis/scripts/synthetic_model_comparison/training/model_exports/yolo26n-sd35m-maxlen-seed42-20260803-193051/last.pt
2026-08-03 19:48:30 INFO  scripts.synthetic_model_comparison.training.training_pipeline | epoch 53/200 done — next lr=0.00849043, epochs_since_improve=0/20
2026-08-03 19:48:30 INFO  scripts.synthetic_model_comparison.training.training_pipeline | epoch 54/200 — train start (lr=0.00849043, batches=14)
2026-08-03 19:48:39 INFO  scripts.synthetic_model_comparison.training.training_pipeline | step 750 | loss_box=1.1232 loss_cls=1.1790 loss_dfl=0.0333 loss_total=141.8059 lr=0.00845357
2026-08-03 19:48:43 INFO  scripts.synthetic_model_comparison.training.training_pipeline | epoch 54/200 — train done in 12.8s | avg loss_box=1.1837 loss_cls=1.2077 loss_dfl=0.0354 loss_total=148.2386
2026-08-03 19:48:43 INFO  scripts.synthetic_model_comparison.training.evaluation | evaluating on 4 batches
2026-08-03 19:48:49 INFO  scripts.synthetic_model_comparison.training.training_pipeline | epoch 54/200 — val mAP50=0.6429 mAP50_95=0.3864 (selection mAP50_95=0.3864)
2026-08-03 19:48:50 INFO  scripts.synthetic_model_comparison.training.evaluation | mlflow: logged val/mAP50=0.6429 val/mAP50_95=0.3864 (step=53)
2026-08-03 19:48:50 INFO  scripts.synthetic_model_comparison.training.evaluation | mlflow: logged val per-class AP table (12 classes)
2026-08-03 19:48:50 INFO  scripts.synthetic_model_comparison.training.training_pipeline | saved checkpoint: /home/debian/Master-Thesis/scripts/synthetic_model_comparison/training/model_exports/yolo26n-sd35m-maxlen-seed42-20260803-193051/last.pt
2026-08-03 19:48:51 INFO  scripts.synthetic_model_comparison.training.training_pipeline | epoch 54/200 done — next lr=0.00843293, epochs_since_improve=1/20
2026-08-03 19:48:51 INFO  scripts.synthetic_model_comparison.training.training_pipeline | epoch 55/200 — train start (lr=0.00843293, batches=14)
2026-08-03 19:49:02 INFO  scripts.synthetic_model_comparison.training.training_pipeline | epoch 55/200 — train done in 11.1s | avg loss_box=1.1994 loss_cls=1.1624 loss_dfl=0.0355 loss_total=146.7287
2026-08-03 19:49:02 INFO  scripts.synthetic_model_comparison.training.evaluation | evaluating on 4 batches
2026-08-03 19:49:08 INFO  scripts.synthetic_model_comparison.training.training_pipeline | epoch 55/200 — val mAP50=0.6991 mAP50_95=0.4652 (selection mAP50_95=0.4652)
2026-08-03 19:49:09 INFO  scripts.synthetic_model_comparison.training.evaluation | mlflow: logged val/mAP50=0.6991 val/mAP50_95=0.4652 (step=54)
2026-08-03 19:49:09 INFO  scripts.synthetic_model_comparison.training.evaluation | mlflow: logged val per-class AP table (12 classes)
2026-08-03 19:49:09 INFO  scripts.synthetic_model_comparison.training.training_pipeline | saved checkpoint: /home/debian/Master-Thesis/scripts/synthetic_model_comparison/training/model_exports/yolo26n-sd35m-maxlen-seed42-20260803-193051/best.pt
2026-08-03 19:49:09 INFO  scripts.synthetic_model_comparison.training.training_pipeline | new best mAP50_95=0.4652 at epoch 55
2026-08-03 19:49:09 INFO  scripts.synthetic_model_comparison.training.training_pipeline | saved checkpoint: /home/debian/Master-Thesis/scripts/synthetic_model_comparison/training/model_exports/yolo26n-sd35m-maxlen-seed42-20260803-193051/last.pt
2026-08-03 19:49:10 INFO  scripts.synthetic_model_comparison.training.training_pipeline | epoch 55/200 done — next lr=0.00837456, epochs_since_improve=0/20
2026-08-03 19:49:10 INFO  scripts.synthetic_model_comparison.training.training_pipeline | epoch 56/200 — train start (lr=0.00837456, batches=14)
2026-08-03 19:49:21 INFO  scripts.synthetic_model_comparison.training.training_pipeline | epoch 56/200 — train done in 11.8s | avg loss_box=1.1411 loss_cls=1.1634 loss_dfl=0.0335 loss_total=142.5530
2026-08-03 19:49:21 INFO  scripts.synthetic_model_comparison.training.evaluation | evaluating on 4 batches
2026-08-03 19:49:28 INFO  scripts.synthetic_model_comparison.training.training_pipeline | epoch 56/200 — val mAP50=0.6669 mAP50_95=0.4533 (selection mAP50_95=0.4533)
2026-08-03 19:49:29 INFO  scripts.synthetic_model_comparison.training.evaluation | mlflow: logged val/mAP50=0.6669 val/mAP50_95=0.4533 (step=55)
2026-08-03 19:49:29 INFO  scripts.synthetic_model_comparison.training.evaluation | mlflow: logged val per-class AP table (12 classes)
2026-08-03 19:49:29 INFO  scripts.synthetic_model_comparison.training.training_pipeline | saved checkpoint: /home/debian/Master-Thesis/scripts/synthetic_model_comparison/training/model_exports/yolo26n-sd35m-maxlen-seed42-20260803-193051/last.pt
2026-08-03 19:49:30 INFO  scripts.synthetic_model_comparison.training.training_pipeline | epoch 56/200 done — next lr=0.00831533, epochs_since_improve=1/20
2026-08-03 19:49:30 INFO  scripts.synthetic_model_comparison.training.training_pipeline | epoch 57/200 — train start (lr=0.00831533, batches=14)
2026-08-03 19:49:41 INFO  scripts.synthetic_model_comparison.training.training_pipeline | epoch 57/200 — train done in 11.2s | avg loss_box=1.1688 loss_cls=1.1488 loss_dfl=0.0352 loss_total=143.5052
2026-08-03 19:49:41 INFO  scripts.synthetic_model_comparison.training.evaluation | evaluating on 4 batches
2026-08-03 19:49:47 INFO  scripts.synthetic_model_comparison.training.training_pipeline | epoch 57/200 — val mAP50=0.7191 mAP50_95=0.4728 (selection mAP50_95=0.4728)
2026-08-03 19:49:48 INFO  scripts.synthetic_model_comparison.training.evaluation | mlflow: logged val/mAP50=0.7191 val/mAP50_95=0.4728 (step=56)
2026-08-03 19:49:48 INFO  scripts.synthetic_model_comparison.training.evaluation | mlflow: logged val per-class AP table (12 classes)
2026-08-03 19:49:48 INFO  scripts.synthetic_model_comparison.training.training_pipeline | saved checkpoint: /home/debian/Master-Thesis/scripts/synthetic_model_comparison/training/model_exports/yolo26n-sd35m-maxlen-seed42-20260803-193051/best.pt
2026-08-03 19:49:48 INFO  scripts.synthetic_model_comparison.training.training_pipeline | new best mAP50_95=0.4728 at epoch 57
2026-08-03 19:49:48 INFO  scripts.synthetic_model_comparison.training.training_pipeline | saved checkpoint: /home/debian/Master-Thesis/scripts/synthetic_model_comparison/training/model_exports/yolo26n-sd35m-maxlen-seed42-20260803-193051/last.pt
2026-08-03 19:49:49 INFO  scripts.synthetic_model_comparison.training.training_pipeline | epoch 57/200 done — next lr=0.00825526, epochs_since_improve=0/20
2026-08-03 19:49:49 INFO  scripts.synthetic_model_comparison.training.training_pipeline | epoch 58/200 — train start (lr=0.00825526, batches=14)
2026-08-03 19:49:55 INFO  scripts.synthetic_model_comparison.training.training_pipeline | step 800 | loss_box=1.1167 loss_cls=1.0584 loss_dfl=0.0332 loss_total=137.5476 lr=0.00824228
2026-08-03 19:50:01 INFO  scripts.synthetic_model_comparison.training.training_pipeline | epoch 58/200 — train done in 12.9s | avg loss_box=1.1480 loss_cls=1.1216 loss_dfl=0.0351 loss_total=140.5797
2026-08-03 19:50:01 INFO  scripts.synthetic_model_comparison.training.evaluation | evaluating on 4 batches
2026-08-03 19:50:09 INFO  scripts.synthetic_model_comparison.training.training_pipeline | epoch 58/200 — val mAP50=0.6842 mAP50_95=0.3820 (selection mAP50_95=0.3820)
2026-08-03 19:50:09 INFO  scripts.synthetic_model_comparison.training.evaluation | mlflow: logged val/mAP50=0.6842 val/mAP50_95=0.3820 (step=57)
2026-08-03 19:50:10 INFO  scripts.synthetic_model_comparison.training.evaluation | mlflow: logged val per-class AP table (12 classes)
2026-08-03 19:50:10 INFO  scripts.synthetic_model_comparison.training.training_pipeline | saved checkpoint: /home/debian/Master-Thesis/scripts/synthetic_model_comparison/training/model_exports/yolo26n-sd35m-maxlen-seed42-20260803-193051/last.pt
2026-08-03 19:50:10 INFO  scripts.synthetic_model_comparison.training.training_pipeline | epoch 58/200 done — next lr=0.00819437, epochs_since_improve=1/20
2026-08-03 19:50:10 INFO  scripts.synthetic_model_comparison.training.training_pipeline | epoch 59/200 — train start (lr=0.00819437, batches=14)
2026-08-03 19:50:22 INFO  scripts.synthetic_model_comparison.training.training_pipeline | epoch 59/200 — train done in 12.0s | avg loss_box=1.1421 loss_cls=1.1524 loss_dfl=0.0344 loss_total=142.1848
2026-08-03 19:50:22 INFO  scripts.synthetic_model_comparison.training.evaluation | evaluating on 4 batches
2026-08-03 19:50:30 INFO  scripts.synthetic_model_comparison.training.training_pipeline | epoch 59/200 — val mAP50=0.7015 mAP50_95=0.4780 (selection mAP50_95=0.4780)
2026-08-03 19:50:30 INFO  scripts.synthetic_model_comparison.training.evaluation | mlflow: logged val/mAP50=0.7015 val/mAP50_95=0.4780 (step=58)
2026-08-03 19:50:31 INFO  scripts.synthetic_model_comparison.training.evaluation | mlflow: logged val per-class AP table (12 classes)
2026-08-03 19:50:31 INFO  scripts.synthetic_model_comparison.training.training_pipeline | saved checkpoint: /home/debian/Master-Thesis/scripts/synthetic_model_comparison/training/model_exports/yolo26n-sd35m-maxlen-seed42-20260803-193051/best.pt
2026-08-03 19:50:31 INFO  scripts.synthetic_model_comparison.training.training_pipeline | new best mAP50_95=0.4780 at epoch 59
2026-08-03 19:50:31 INFO  scripts.synthetic_model_comparison.training.training_pipeline | saved checkpoint: /home/debian/Master-Thesis/scripts/synthetic_model_comparison/training/model_exports/yolo26n-sd35m-maxlen-seed42-20260803-193051/last.pt
2026-08-03 19:50:32 INFO  scripts.synthetic_model_comparison.training.training_pipeline | epoch 59/200 done — next lr=0.00813266, epochs_since_improve=0/20
2026-08-03 19:50:32 INFO  scripts.synthetic_model_comparison.training.training_pipeline | epoch 60/200 — train start (lr=0.00813266, batches=14)
2026-08-03 19:50:43 INFO  scripts.synthetic_model_comparison.training.training_pipeline | epoch 60/200 — train done in 11.5s | avg loss_box=1.1096 loss_cls=1.1213 loss_dfl=0.0332 loss_total=138.1325
2026-08-03 19:50:43 INFO  scripts.synthetic_model_comparison.training.evaluation | evaluating on 4 batches
2026-08-03 19:50:49 INFO  scripts.synthetic_model_comparison.training.training_pipeline | epoch 60/200 — val mAP50=0.7070 mAP50_95=0.4777 (selection mAP50_95=0.4777)
2026-08-03 19:50:50 INFO  scripts.synthetic_model_comparison.training.evaluation | mlflow: logged val/mAP50=0.7070 val/mAP50_95=0.4777 (step=59)
2026-08-03 19:50:50 INFO  scripts.synthetic_model_comparison.training.evaluation | mlflow: logged val per-class AP table (12 classes)
2026-08-03 19:50:50 INFO  scripts.synthetic_model_comparison.training.training_pipeline | saved checkpoint: /home/debian/Master-Thesis/scripts/synthetic_model_comparison/training/model_exports/yolo26n-sd35m-maxlen-seed42-20260803-193051/last.pt
2026-08-03 19:50:51 INFO  scripts.synthetic_model_comparison.training.training_pipeline | epoch 60/200 done — next lr=0.00807016, epochs_since_improve=1/20
2026-08-03 19:50:51 INFO  scripts.synthetic_model_comparison.training.training_pipeline | epoch 61/200 — train start (lr=0.00807016, batches=14)
2026-08-03 19:51:01 INFO  scripts.synthetic_model_comparison.training.training_pipeline | step 850 | loss_box=1.2208 loss_cls=1.1070 loss_dfl=0.0386 loss_total=144.7850 lr=0.0080205
2026-08-03 19:51:04 INFO  scripts.synthetic_model_comparison.training.training_pipeline | epoch 61/200 — train done in 13.1s | avg loss_box=1.1518 loss_cls=1.1097 loss_dfl=0.0349 loss_total=140.4683
2026-08-03 19:51:04 INFO  scripts.synthetic_model_comparison.training.evaluation | evaluating on 4 batches
2026-08-03 19:51:11 INFO  scripts.synthetic_model_comparison.training.training_pipeline | epoch 61/200 — val mAP50=0.6998 mAP50_95=0.4884 (selection mAP50_95=0.4884)
2026-08-03 19:51:12 INFO  scripts.synthetic_model_comparison.training.evaluation | mlflow: logged val/mAP50=0.6998 val/mAP50_95=0.4884 (step=60)
2026-08-03 19:51:12 INFO  scripts.synthetic_model_comparison.training.evaluation | mlflow: logged val per-class AP table (12 classes)
2026-08-03 19:51:12 INFO  scripts.synthetic_model_comparison.training.training_pipeline | saved checkpoint: /home/debian/Master-Thesis/scripts/synthetic_model_comparison/training/model_exports/yolo26n-sd35m-maxlen-seed42-20260803-193051/best.pt
2026-08-03 19:51:12 INFO  scripts.synthetic_model_comparison.training.training_pipeline | new best mAP50_95=0.4884 at epoch 61
2026-08-03 19:51:13 INFO  scripts.synthetic_model_comparison.training.training_pipeline | saved checkpoint: /home/debian/Master-Thesis/scripts/synthetic_model_comparison/training/model_exports/yolo26n-sd35m-maxlen-seed42-20260803-193051/last.pt
2026-08-03 19:51:13 INFO  scripts.synthetic_model_comparison.training.training_pipeline | epoch 61/200 done — next lr=0.00800687, epochs_since_improve=0/20
2026-08-03 19:51:13 INFO  scripts.synthetic_model_comparison.training.training_pipeline | epoch 62/200 — train start (lr=0.00800687, batches=14)
2026-08-03 19:51:25 INFO  scripts.synthetic_model_comparison.training.training_pipeline | epoch 62/200 — train done in 11.8s | avg loss_box=1.1046 loss_cls=1.0713 loss_dfl=0.0336 loss_total=135.7676
2026-08-03 19:51:25 INFO  scripts.synthetic_model_comparison.training.evaluation | evaluating on 4 batches
2026-08-03 19:51:31 INFO  scripts.synthetic_model_comparison.training.training_pipeline | epoch 62/200 — val mAP50=0.7161 mAP50_95=0.4839 (selection mAP50_95=0.4839)
2026-08-03 19:51:31 INFO  scripts.synthetic_model_comparison.training.evaluation | mlflow: logged val/mAP50=0.7161 val/mAP50_95=0.4839 (step=61)
2026-08-03 19:51:32 INFO  scripts.synthetic_model_comparison.training.evaluation | mlflow: logged val per-class AP table (12 classes)
2026-08-03 19:51:32 INFO  scripts.synthetic_model_comparison.training.training_pipeline | saved checkpoint: /home/debian/Master-Thesis/scripts/synthetic_model_comparison/training/model_exports/yolo26n-sd35m-maxlen-seed42-20260803-193051/last.pt
2026-08-03 19:51:32 INFO  scripts.synthetic_model_comparison.training.training_pipeline | epoch 62/200 done — next lr=0.00794283, epochs_since_improve=1/20
2026-08-03 19:51:32 INFO  scripts.synthetic_model_comparison.training.training_pipeline | epoch 63/200 — train start (lr=0.00794283, batches=14)
2026-08-03 19:51:44 INFO  scripts.synthetic_model_comparison.training.training_pipeline | epoch 63/200 — train done in 11.5s | avg loss_box=1.1310 loss_cls=1.0447 loss_dfl=0.0342 loss_total=135.0335
2026-08-03 19:51:44 INFO  scripts.synthetic_model_comparison.training.evaluation | evaluating on 4 batches
2026-08-03 19:51:50 INFO  scripts.synthetic_model_comparison.training.training_pipeline | epoch 63/200 — val mAP50=0.7329 mAP50_95=0.4985 (selection mAP50_95=0.4985)
2026-08-03 19:51:50 INFO  scripts.synthetic_model_comparison.training.evaluation | mlflow: logged val/mAP50=0.7329 val/mAP50_95=0.4985 (step=62)
2026-08-03 19:51:51 INFO  scripts.synthetic_model_comparison.training.evaluation | mlflow: logged val per-class AP table (12 classes)
2026-08-03 19:51:51 INFO  scripts.synthetic_model_comparison.training.training_pipeline | saved checkpoint: /home/debian/Master-Thesis/scripts/synthetic_model_comparison/training/model_exports/yolo26n-sd35m-maxlen-seed42-20260803-193051/best.pt
2026-08-03 19:51:51 INFO  scripts.synthetic_model_comparison.training.training_pipeline | new best mAP50_95=0.4985 at epoch 63
2026-08-03 19:51:51 INFO  scripts.synthetic_model_comparison.training.training_pipeline | saved checkpoint: /home/debian/Master-Thesis/scripts/synthetic_model_comparison/training/model_exports/yolo26n-sd35m-maxlen-seed42-20260803-193051/last.pt
2026-08-03 19:51:51 INFO  scripts.synthetic_model_comparison.training.training_pipeline | epoch 63/200 done — next lr=0.00787804, epochs_since_improve=0/20
2026-08-03 19:51:51 INFO  scripts.synthetic_model_comparison.training.training_pipeline | epoch 64/200 — train start (lr=0.00787804, batches=14)
2026-08-03 19:52:04 INFO  scripts.synthetic_model_comparison.training.training_pipeline | epoch 64/200 — train done in 12.3s | avg loss_box=1.1101 loss_cls=1.0301 loss_dfl=0.0326 loss_total=133.3681
2026-08-03 19:52:04 INFO  scripts.synthetic_model_comparison.training.evaluation | evaluating on 4 batches
2026-08-03 19:52:10 INFO  scripts.synthetic_model_comparison.training.training_pipeline | epoch 64/200 — val mAP50=0.7365 mAP50_95=0.4825 (selection mAP50_95=0.4825)
2026-08-03 19:52:10 INFO  scripts.synthetic_model_comparison.training.evaluation | mlflow: logged val/mAP50=0.7365 val/mAP50_95=0.4825 (step=63)
2026-08-03 19:52:11 INFO  scripts.synthetic_model_comparison.training.evaluation | mlflow: logged val per-class AP table (12 classes)
2026-08-03 19:52:11 INFO  scripts.synthetic_model_comparison.training.training_pipeline | saved checkpoint: /home/debian/Master-Thesis/scripts/synthetic_model_comparison/training/model_exports/yolo26n-sd35m-maxlen-seed42-20260803-193051/last.pt
2026-08-03 19:52:11 INFO  scripts.synthetic_model_comparison.training.training_pipeline | epoch 64/200 done — next lr=0.00781251, epochs_since_improve=1/20
2026-08-03 19:52:11 INFO  scripts.synthetic_model_comparison.training.training_pipeline | epoch 65/200 — train start (lr=0.00781251, batches=14)
2026-08-03 19:52:19 INFO  scripts.synthetic_model_comparison.training.training_pipeline | step 900 | loss_box=1.1029 loss_cls=1.0798 loss_dfl=0.0349 loss_total=137.7956 lr=0.00778894
2026-08-03 19:52:24 INFO  scripts.synthetic_model_comparison.training.training_pipeline | epoch 65/200 — train done in 13.2s | avg loss_box=1.0892 loss_cls=1.0676 loss_dfl=0.0328 loss_total=133.6545
2026-08-03 19:52:24 INFO  scripts.synthetic_model_comparison.training.evaluation | evaluating on 4 batches
2026-08-03 19:52:30 INFO  scripts.synthetic_model_comparison.training.training_pipeline | epoch 65/200 — val mAP50=0.7091 mAP50_95=0.4612 (selection mAP50_95=0.4612)
2026-08-03 19:52:31 INFO  scripts.synthetic_model_comparison.training.evaluation | mlflow: logged val/mAP50=0.7091 val/mAP50_95=0.4612 (step=64)
2026-08-03 19:52:31 INFO  scripts.synthetic_model_comparison.training.evaluation | mlflow: logged val per-class AP table (12 classes)
2026-08-03 19:52:32 INFO  scripts.synthetic_model_comparison.training.training_pipeline | saved checkpoint: /home/debian/Master-Thesis/scripts/synthetic_model_comparison/training/model_exports/yolo26n-sd35m-maxlen-seed42-20260803-193051/last.pt
2026-08-03 19:52:32 INFO  scripts.synthetic_model_comparison.training.training_pipeline | epoch 65/200 done — next lr=0.00774628, epochs_since_improve=2/20
2026-08-03 19:52:32 INFO  scripts.synthetic_model_comparison.training.training_pipeline | epoch 66/200 — train start (lr=0.00774628, batches=14)
2026-08-03 19:52:44 INFO  scripts.synthetic_model_comparison.training.training_pipeline | epoch 66/200 — train done in 11.8s | avg loss_box=1.0829 loss_cls=1.0028 loss_dfl=0.0318 loss_total=129.8142
2026-08-03 19:52:44 INFO  scripts.synthetic_model_comparison.training.evaluation | evaluating on 4 batches
2026-08-03 19:52:51 INFO  scripts.synthetic_model_comparison.training.training_pipeline | epoch 66/200 — val mAP50=0.6876 mAP50_95=0.4664 (selection mAP50_95=0.4664)
2026-08-03 19:52:52 INFO  scripts.synthetic_model_comparison.training.evaluation | mlflow: logged val/mAP50=0.6876 val/mAP50_95=0.4664 (step=65)
2026-08-03 19:52:52 INFO  scripts.synthetic_model_comparison.training.evaluation | mlflow: logged val per-class AP table (12 classes)
2026-08-03 19:52:53 INFO  scripts.synthetic_model_comparison.training.training_pipeline | saved checkpoint: /home/debian/Master-Thesis/scripts/synthetic_model_comparison/training/model_exports/yolo26n-sd35m-maxlen-seed42-20260803-193051/last.pt
2026-08-03 19:52:53 INFO  scripts.synthetic_model_comparison.training.training_pipeline | epoch 66/200 done — next lr=0.00767934, epochs_since_improve=3/20
2026-08-03 19:52:53 INFO  scripts.synthetic_model_comparison.training.training_pipeline | epoch 67/200 — train start (lr=0.00767934, batches=14)
2026-08-03 19:53:05 INFO  scripts.synthetic_model_comparison.training.training_pipeline | epoch 67/200 — train done in 12.1s | avg loss_box=1.0927 loss_cls=1.0089 loss_dfl=0.0329 loss_total=131.2042
2026-08-03 19:53:05 INFO  scripts.synthetic_model_comparison.training.evaluation | evaluating on 4 batches
2026-08-03 19:53:13 INFO  scripts.synthetic_model_comparison.training.training_pipeline | epoch 67/200 — val mAP50=0.7515 mAP50_95=0.5061 (selection mAP50_95=0.5061)
2026-08-03 19:53:14 INFO  scripts.synthetic_model_comparison.training.evaluation | mlflow: logged val/mAP50=0.7515 val/mAP50_95=0.5061 (step=66)
2026-08-03 19:53:14 INFO  scripts.synthetic_model_comparison.training.evaluation | mlflow: logged val per-class AP table (12 classes)
2026-08-03 19:53:14 INFO  scripts.synthetic_model_comparison.training.training_pipeline | saved checkpoint: /home/debian/Master-Thesis/scripts/synthetic_model_comparison/training/model_exports/yolo26n-sd35m-maxlen-seed42-20260803-193051/best.pt
2026-08-03 19:53:14 INFO  scripts.synthetic_model_comparison.training.training_pipeline | new best mAP50_95=0.5061 at epoch 67
2026-08-03 19:53:14 INFO  scripts.synthetic_model_comparison.training.training_pipeline | saved checkpoint: /home/debian/Master-Thesis/scripts/synthetic_model_comparison/training/model_exports/yolo26n-sd35m-maxlen-seed42-20260803-193051/last.pt
2026-08-03 19:53:15 INFO  scripts.synthetic_model_comparison.training.training_pipeline | epoch 67/200 done — next lr=0.00761173, epochs_since_improve=0/20
2026-08-03 19:53:15 INFO  scripts.synthetic_model_comparison.training.training_pipeline | epoch 68/200 — train start (lr=0.00761173, batches=14)
2026-08-03 19:53:27 INFO  scripts.synthetic_model_comparison.training.training_pipeline | step 950 | loss_box=1.1946 loss_cls=1.0341 loss_dfl=0.0326 loss_total=139.6343 lr=0.00754835
2026-08-03 19:53:29 INFO  scripts.synthetic_model_comparison.training.training_pipeline | epoch 68/200 — train done in 14.0s | avg loss_box=1.0632 loss_cls=1.0017 loss_dfl=0.0315 loss_total=129.5215
2026-08-03 19:53:29 INFO  scripts.synthetic_model_comparison.training.evaluation | evaluating on 4 batches
2026-08-03 19:53:36 INFO  scripts.synthetic_model_comparison.training.training_pipeline | epoch 68/200 — val mAP50=0.7441 mAP50_95=0.5157 (selection mAP50_95=0.5157)
2026-08-03 19:53:37 INFO  scripts.synthetic_model_comparison.training.evaluation | mlflow: logged val/mAP50=0.7441 val/mAP50_95=0.5157 (step=67)
2026-08-03 19:53:37 INFO  scripts.synthetic_model_comparison.training.evaluation | mlflow: logged val per-class AP table (12 classes)
2026-08-03 19:53:37 INFO  scripts.synthetic_model_comparison.training.training_pipeline | saved checkpoint: /home/debian/Master-Thesis/scripts/synthetic_model_comparison/training/model_exports/yolo26n-sd35m-maxlen-seed42-20260803-193051/best.pt
2026-08-03 19:53:37 INFO  scripts.synthetic_model_comparison.training.training_pipeline | new best mAP50_95=0.5157 at epoch 68
2026-08-03 19:53:37 INFO  scripts.synthetic_model_comparison.training.training_pipeline | saved checkpoint: /home/debian/Master-Thesis/scripts/synthetic_model_comparison/training/model_exports/yolo26n-sd35m-maxlen-seed42-20260803-193051/last.pt
2026-08-03 19:53:38 INFO  scripts.synthetic_model_comparison.training.training_pipeline | epoch 68/200 done — next lr=0.00754345, epochs_since_improve=0/20
2026-08-03 19:53:38 INFO  scripts.synthetic_model_comparison.training.training_pipeline | epoch 69/200 — train start (lr=0.00754345, batches=14)
2026-08-03 19:53:50 INFO  scripts.synthetic_model_comparison.training.training_pipeline | epoch 69/200 — train done in 12.4s | avg loss_box=1.0726 loss_cls=1.0225 loss_dfl=0.0322 loss_total=130.4960
2026-08-03 19:53:50 INFO  scripts.synthetic_model_comparison.training.evaluation | evaluating on 4 batches
2026-08-03 19:53:56 INFO  scripts.synthetic_model_comparison.training.training_pipeline | epoch 69/200 — val mAP50=0.7070 mAP50_95=0.4400 (selection mAP50_95=0.4400)
2026-08-03 19:53:57 INFO  scripts.synthetic_model_comparison.training.evaluation | mlflow: logged val/mAP50=0.7070 val/mAP50_95=0.4400 (step=68)
2026-08-03 19:53:57 INFO  scripts.synthetic_model_comparison.training.evaluation | mlflow: logged val per-class AP table (12 classes)
2026-08-03 19:53:57 INFO  scripts.synthetic_model_comparison.training.training_pipeline | saved checkpoint: /home/debian/Master-Thesis/scripts/synthetic_model_comparison/training/model_exports/yolo26n-sd35m-maxlen-seed42-20260803-193051/last.pt
2026-08-03 19:53:58 INFO  scripts.synthetic_model_comparison.training.training_pipeline | epoch 69/200 done — next lr=0.00747453, epochs_since_improve=1/20
2026-08-03 19:53:58 INFO  scripts.synthetic_model_comparison.training.training_pipeline | epoch 70/200 — train start (lr=0.00747453, batches=14)
2026-08-03 19:54:09 INFO  scripts.synthetic_model_comparison.training.training_pipeline | epoch 70/200 — train done in 11.4s | avg loss_box=1.0804 loss_cls=1.0112 loss_dfl=0.0323 loss_total=129.1077
2026-08-03 19:54:09 INFO  scripts.synthetic_model_comparison.training.evaluation | evaluating on 4 batches
2026-08-03 19:54:15 INFO  scripts.synthetic_model_comparison.training.training_pipeline | epoch 70/200 — val mAP50=0.7397 mAP50_95=0.5006 (selection mAP50_95=0.5006)
2026-08-03 19:54:16 INFO  scripts.synthetic_model_comparison.training.evaluation | mlflow: logged val/mAP50=0.7397 val/mAP50_95=0.5006 (step=69)
2026-08-03 19:54:16 INFO  scripts.synthetic_model_comparison.training.evaluation | mlflow: logged val per-class AP table (12 classes)
2026-08-03 19:54:16 INFO  scripts.synthetic_model_comparison.training.training_pipeline | saved checkpoint: /home/debian/Master-Thesis/scripts/synthetic_model_comparison/training/model_exports/yolo26n-sd35m-maxlen-seed42-20260803-193051/last.pt
2026-08-03 19:54:17 INFO  scripts.synthetic_model_comparison.training.training_pipeline | epoch 70/200 done — next lr=0.00740498, epochs_since_improve=2/20
2026-08-03 19:54:17 INFO  scripts.synthetic_model_comparison.training.training_pipeline | epoch 71/200 — train start (lr=0.00740498, batches=14)
2026-08-03 19:54:29 INFO  scripts.synthetic_model_comparison.training.training_pipeline | epoch 71/200 — train done in 12.6s | avg loss_box=1.0640 loss_cls=0.9854 loss_dfl=0.0310 loss_total=127.3555
2026-08-03 19:54:29 INFO  scripts.synthetic_model_comparison.training.evaluation | evaluating on 4 batches
2026-08-03 19:54:37 INFO  scripts.synthetic_model_comparison.training.training_pipeline | epoch 71/200 — val mAP50=0.6931 mAP50_95=0.4238 (selection mAP50_95=0.4238)
2026-08-03 19:54:37 INFO  scripts.synthetic_model_comparison.training.evaluation | mlflow: logged val/mAP50=0.6931 val/mAP50_95=0.4238 (step=70)
2026-08-03 19:54:38 INFO  scripts.synthetic_model_comparison.training.evaluation | mlflow: logged val per-class AP table (12 classes)
2026-08-03 19:54:38 INFO  scripts.synthetic_model_comparison.training.training_pipeline | saved checkpoint: /home/debian/Master-Thesis/scripts/synthetic_model_comparison/training/model_exports/yolo26n-sd35m-maxlen-seed42-20260803-193051/last.pt
2026-08-03 19:54:38 INFO  scripts.synthetic_model_comparison.training.training_pipeline | epoch 71/200 done — next lr=0.00733481, epochs_since_improve=3/20
2026-08-03 19:54:38 INFO  scripts.synthetic_model_comparison.training.training_pipeline | epoch 72/200 — train start (lr=0.00733481, batches=14)
2026-08-03 19:54:48 INFO  scripts.synthetic_model_comparison.training.training_pipeline | step 1000 | loss_box=1.0112 loss_cls=0.8669 loss_dfl=0.0296 loss_total=120.0155 lr=0.00729951
2026-08-03 19:54:52 INFO  scripts.synthetic_model_comparison.training.training_pipeline | epoch 72/200 — train done in 13.5s | avg loss_box=1.0228 loss_cls=0.9742 loss_dfl=0.0310 loss_total=124.2965
2026-08-03 19:54:52 INFO  scripts.synthetic_model_comparison.training.evaluation | evaluating on 4 batches
2026-08-03 19:54:57 INFO  scripts.synthetic_model_comparison.training.training_pipeline | epoch 72/200 — val mAP50=0.7556 mAP50_95=0.4925 (selection mAP50_95=0.4925)
2026-08-03 19:54:58 INFO  scripts.synthetic_model_comparison.training.evaluation | mlflow: logged val/mAP50=0.7556 val/mAP50_95=0.4925 (step=71)
2026-08-03 19:54:58 INFO  scripts.synthetic_model_comparison.training.evaluation | mlflow: logged val per-class AP table (12 classes)
2026-08-03 19:54:59 INFO  scripts.synthetic_model_comparison.training.training_pipeline | saved checkpoint: /home/debian/Master-Thesis/scripts/synthetic_model_comparison/training/model_exports/yolo26n-sd35m-maxlen-seed42-20260803-193051/last.pt
2026-08-03 19:54:59 INFO  scripts.synthetic_model_comparison.training.training_pipeline | epoch 72/200 done — next lr=0.00726406, epochs_since_improve=4/20
2026-08-03 19:54:59 INFO  scripts.synthetic_model_comparison.training.training_pipeline | epoch 73/200 — train start (lr=0.00726406, batches=14)
2026-08-03 19:55:10 INFO  scripts.synthetic_model_comparison.training.training_pipeline | epoch 73/200 — train done in 10.9s | avg loss_box=1.0365 loss_cls=0.9218 loss_dfl=0.0304 loss_total=122.5276
2026-08-03 19:55:10 INFO  scripts.synthetic_model_comparison.training.evaluation | evaluating on 4 batches
2026-08-03 19:55:16 INFO  scripts.synthetic_model_comparison.training.training_pipeline | epoch 73/200 — val mAP50=0.7272 mAP50_95=0.4993 (selection mAP50_95=0.4993)
2026-08-03 19:55:16 INFO  scripts.synthetic_model_comparison.training.evaluation | mlflow: logged val/mAP50=0.7272 val/mAP50_95=0.4993 (step=72)
2026-08-03 19:55:17 INFO  scripts.synthetic_model_comparison.training.evaluation | mlflow: logged val per-class AP table (12 classes)
2026-08-03 19:55:17 INFO  scripts.synthetic_model_comparison.training.training_pipeline | saved checkpoint: /home/debian/Master-Thesis/scripts/synthetic_model_comparison/training/model_exports/yolo26n-sd35m-maxlen-seed42-20260803-193051/last.pt
2026-08-03 19:55:17 INFO  scripts.synthetic_model_comparison.training.training_pipeline | epoch 73/200 done — next lr=0.00719273, epochs_since_improve=5/20
2026-08-03 19:55:17 INFO  scripts.synthetic_model_comparison.training.training_pipeline | epoch 74/200 — train start (lr=0.00719273, batches=14)
2026-08-03 19:55:29 INFO  scripts.synthetic_model_comparison.training.training_pipeline | epoch 74/200 — train done in 11.3s | avg loss_box=1.0237 loss_cls=0.9011 loss_dfl=0.0303 loss_total=121.4246
2026-08-03 19:55:29 INFO  scripts.synthetic_model_comparison.training.evaluation | evaluating on 4 batches
2026-08-03 19:55:35 INFO  scripts.synthetic_model_comparison.training.training_pipeline | epoch 74/200 — val mAP50=0.7452 mAP50_95=0.5079 (selection mAP50_95=0.5079)
2026-08-03 19:55:35 INFO  scripts.synthetic_model_comparison.training.evaluation | mlflow: logged val/mAP50=0.7452 val/mAP50_95=0.5079 (step=73)
2026-08-03 19:55:36 INFO  scripts.synthetic_model_comparison.training.evaluation | mlflow: logged val per-class AP table (12 classes)
2026-08-03 19:55:36 INFO  scripts.synthetic_model_comparison.training.training_pipeline | saved checkpoint: /home/debian/Master-Thesis/scripts/synthetic_model_comparison/training/model_exports/yolo26n-sd35m-maxlen-seed42-20260803-193051/last.pt
2026-08-03 19:55:36 INFO  scripts.synthetic_model_comparison.training.training_pipeline | epoch 74/200 done — next lr=0.00712085, epochs_since_improve=6/20
2026-08-03 19:55:36 INFO  scripts.synthetic_model_comparison.training.training_pipeline | epoch 75/200 — train start (lr=0.00712085, batches=14)
2026-08-03 19:55:47 INFO  scripts.synthetic_model_comparison.training.training_pipeline | epoch 75/200 — train done in 11.1s | avg loss_box=1.0057 loss_cls=0.9429 loss_dfl=0.0300 loss_total=121.6427
2026-08-03 19:55:47 INFO  scripts.synthetic_model_comparison.training.evaluation | evaluating on 4 batches
2026-08-03 19:55:53 INFO  scripts.synthetic_model_comparison.training.training_pipeline | epoch 75/200 — val mAP50=0.7533 mAP50_95=0.5153 (selection mAP50_95=0.5153)
2026-08-03 19:55:54 INFO  scripts.synthetic_model_comparison.training.evaluation | mlflow: logged val/mAP50=0.7533 val/mAP50_95=0.5153 (step=74)
2026-08-03 19:55:54 INFO  scripts.synthetic_model_comparison.training.evaluation | mlflow: logged val per-class AP table (12 classes)
2026-08-03 19:55:54 INFO  scripts.synthetic_model_comparison.training.training_pipeline | saved checkpoint: /home/debian/Master-Thesis/scripts/synthetic_model_comparison/training/model_exports/yolo26n-sd35m-maxlen-seed42-20260803-193051/last.pt
2026-08-03 19:55:55 INFO  scripts.synthetic_model_comparison.training.training_pipeline | epoch 75/200 done — next lr=0.00704842, epochs_since_improve=7/20
2026-08-03 19:55:55 INFO  scripts.synthetic_model_comparison.training.training_pipeline | epoch 76/200 — train start (lr=0.00704842, batches=14)
2026-08-03 19:56:01 INFO  scripts.synthetic_model_comparison.training.training_pipeline | step 1050 | loss_box=1.0905 loss_cls=1.0027 loss_dfl=0.0335 loss_total=124.3348 lr=0.00704323
2026-08-03 19:56:08 INFO  scripts.synthetic_model_comparison.training.training_pipeline | epoch 76/200 — train done in 12.8s | avg loss_box=1.0036 loss_cls=0.8903 loss_dfl=0.0299 loss_total=118.2725
2026-08-03 19:56:08 INFO  scripts.synthetic_model_comparison.training.evaluation | evaluating on 4 batches
2026-08-03 19:56:14 INFO  scripts.synthetic_model_comparison.training.training_pipeline | epoch 76/200 — val mAP50=0.7110 mAP50_95=0.4796 (selection mAP50_95=0.4796)
2026-08-03 19:56:14 INFO  scripts.synthetic_model_comparison.training.evaluation | mlflow: logged val/mAP50=0.7110 val/mAP50_95=0.4796 (step=75)
2026-08-03 19:56:14 INFO  scripts.synthetic_model_comparison.training.evaluation | mlflow: logged val per-class AP table (12 classes)
2026-08-03 19:56:15 INFO  scripts.synthetic_model_comparison.training.training_pipeline | saved checkpoint: /home/debian/Master-Thesis/scripts/synthetic_model_comparison/training/model_exports/yolo26n-sd35m-maxlen-seed42-20260803-193051/last.pt
2026-08-03 19:56:15 INFO  scripts.synthetic_model_comparison.training.training_pipeline | epoch 76/200 done — next lr=0.00697548, epochs_since_improve=8/20
2026-08-03 19:56:15 INFO  scripts.synthetic_model_comparison.training.training_pipeline | epoch 77/200 — train start (lr=0.00697548, batches=14)
2026-08-03 19:56:26 INFO  scripts.synthetic_model_comparison.training.training_pipeline | epoch 77/200 — train done in 11.3s | avg loss_box=1.0443 loss_cls=0.9045 loss_dfl=0.0311 loss_total=122.3823
2026-08-03 19:56:26 INFO  scripts.synthetic_model_comparison.training.evaluation | evaluating on 4 batches
2026-08-03 19:56:33 INFO  scripts.synthetic_model_comparison.training.training_pipeline | epoch 77/200 — val mAP50=0.7604 mAP50_95=0.4942 (selection mAP50_95=0.4942)
2026-08-03 19:56:34 INFO  scripts.synthetic_model_comparison.training.evaluation | mlflow: logged val/mAP50=0.7604 val/mAP50_95=0.4942 (step=76)
2026-08-03 19:56:34 INFO  scripts.synthetic_model_comparison.training.evaluation | mlflow: logged val per-class AP table (12 classes)
2026-08-03 19:56:34 INFO  scripts.synthetic_model_comparison.training.training_pipeline | saved checkpoint: /home/debian/Master-Thesis/scripts/synthetic_model_comparison/training/model_exports/yolo26n-sd35m-maxlen-seed42-20260803-193051/last.pt
2026-08-03 19:56:35 INFO  scripts.synthetic_model_comparison.training.training_pipeline | epoch 77/200 done — next lr=0.00690204, epochs_since_improve=9/20
2026-08-03 19:56:35 INFO  scripts.synthetic_model_comparison.training.training_pipeline | epoch 78/200 — train start (lr=0.00690204, batches=14)
2026-08-03 19:56:47 INFO  scripts.synthetic_model_comparison.training.training_pipeline | epoch 78/200 — train done in 12.3s | avg loss_box=1.0091 loss_cls=0.9067 loss_dfl=0.0297 loss_total=119.3955
2026-08-03 19:56:47 INFO  scripts.synthetic_model_comparison.training.evaluation | evaluating on 4 batches
2026-08-03 19:56:54 INFO  scripts.synthetic_model_comparison.training.training_pipeline | epoch 78/200 — val mAP50=0.7070 mAP50_95=0.4952 (selection mAP50_95=0.4952)
2026-08-03 19:56:55 INFO  scripts.synthetic_model_comparison.training.evaluation | mlflow: logged val/mAP50=0.7070 val/mAP50_95=0.4952 (step=77)
2026-08-03 19:56:55 INFO  scripts.synthetic_model_comparison.training.evaluation | mlflow: logged val per-class AP table (12 classes)
2026-08-03 19:56:56 INFO  scripts.synthetic_model_comparison.training.training_pipeline | saved checkpoint: /home/debian/Master-Thesis/scripts/synthetic_model_comparison/training/model_exports/yolo26n-sd35m-maxlen-seed42-20260803-193051/last.pt
2026-08-03 19:56:56 INFO  scripts.synthetic_model_comparison.training.training_pipeline | epoch 78/200 done — next lr=0.00682811, epochs_since_improve=10/20
2026-08-03 19:56:56 INFO  scripts.synthetic_model_comparison.training.training_pipeline | epoch 79/200 — train start (lr=0.00682811, batches=14)
2026-08-03 19:57:06 INFO  scripts.synthetic_model_comparison.training.training_pipeline | step 1100 | loss_box=1.0187 loss_cls=0.8930 loss_dfl=0.0296 loss_total=118.4095 lr=0.00678034
2026-08-03 19:57:10 INFO  scripts.synthetic_model_comparison.training.training_pipeline | epoch 79/200 — train done in 14.0s | avg loss_box=1.0006 loss_cls=0.8713 loss_dfl=0.0298 loss_total=118.0894
2026-08-03 19:57:10 INFO  scripts.synthetic_model_comparison.training.evaluation | evaluating on 4 batches
2026-08-03 19:57:16 INFO  scripts.synthetic_model_comparison.training.training_pipeline | epoch 79/200 — val mAP50=0.7007 mAP50_95=0.4232 (selection mAP50_95=0.4232)
2026-08-03 19:57:17 INFO  scripts.synthetic_model_comparison.training.evaluation | mlflow: logged val/mAP50=0.7007 val/mAP50_95=0.4232 (step=78)
2026-08-03 19:57:17 INFO  scripts.synthetic_model_comparison.training.evaluation | mlflow: logged val per-class AP table (12 classes)
2026-08-03 19:57:17 INFO  scripts.synthetic_model_comparison.training.training_pipeline | saved checkpoint: /home/debian/Master-Thesis/scripts/synthetic_model_comparison/training/model_exports/yolo26n-sd35m-maxlen-seed42-20260803-193051/last.pt
2026-08-03 19:57:18 INFO  scripts.synthetic_model_comparison.training.training_pipeline | epoch 79/200 done — next lr=0.00675372, epochs_since_improve=11/20
2026-08-03 19:57:18 INFO  scripts.synthetic_model_comparison.training.training_pipeline | epoch 80/200 — train start (lr=0.00675372, batches=14)
2026-08-03 19:57:29 INFO  scripts.synthetic_model_comparison.training.training_pipeline | epoch 80/200 — train done in 11.5s | avg loss_box=0.9770 loss_cls=0.8777 loss_dfl=0.0289 loss_total=116.3128
2026-08-03 19:57:29 INFO  scripts.synthetic_model_comparison.training.evaluation | evaluating on 4 batches
2026-08-03 19:57:35 INFO  scripts.synthetic_model_comparison.training.training_pipeline | epoch 80/200 — val mAP50=0.7688 mAP50_95=0.5338 (selection mAP50_95=0.5338)
2026-08-03 19:57:36 INFO  scripts.synthetic_model_comparison.training.evaluation | mlflow: logged val/mAP50=0.7688 val/mAP50_95=0.5338 (step=79)
2026-08-03 19:57:36 INFO  scripts.synthetic_model_comparison.training.evaluation | mlflow: logged val per-class AP table (12 classes)
2026-08-03 19:57:36 INFO  scripts.synthetic_model_comparison.training.training_pipeline | saved checkpoint: /home/debian/Master-Thesis/scripts/synthetic_model_comparison/training/model_exports/yolo26n-sd35m-maxlen-seed42-20260803-193051/best.pt
2026-08-03 19:57:36 INFO  scripts.synthetic_model_comparison.training.training_pipeline | new best mAP50_95=0.5338 at epoch 80
2026-08-03 19:57:36 INFO  scripts.synthetic_model_comparison.training.training_pipeline | saved checkpoint: /home/debian/Master-Thesis/scripts/synthetic_model_comparison/training/model_exports/yolo26n-sd35m-maxlen-seed42-20260803-193051/last.pt
2026-08-03 19:57:37 INFO  scripts.synthetic_model_comparison.training.training_pipeline | epoch 80/200 done — next lr=0.00667889, epochs_since_improve=0/20
2026-08-03 19:57:37 INFO  scripts.synthetic_model_comparison.training.training_pipeline | epoch 81/200 — train start (lr=0.00667889, batches=14)
2026-08-03 19:57:48 INFO  scripts.synthetic_model_comparison.training.training_pipeline | epoch 81/200 — train done in 11.3s | avg loss_box=0.9748 loss_cls=0.8541 loss_dfl=0.0294 loss_total=115.5794
2026-08-03 19:57:48 INFO  scripts.synthetic_model_comparison.training.evaluation | evaluating on 4 batches
2026-08-03 19:57:55 INFO  scripts.synthetic_model_comparison.training.training_pipeline | epoch 81/200 — val mAP50=0.7725 mAP50_95=0.5515 (selection mAP50_95=0.5515)
2026-08-03 19:57:56 INFO  scripts.synthetic_model_comparison.training.evaluation | mlflow: logged val/mAP50=0.7725 val/mAP50_95=0.5515 (step=80)
2026-08-03 19:57:56 INFO  scripts.synthetic_model_comparison.training.evaluation | mlflow: logged val per-class AP table (12 classes)
2026-08-03 19:57:57 INFO  scripts.synthetic_model_comparison.training.training_pipeline | saved checkpoint: /home/debian/Master-Thesis/scripts/synthetic_model_comparison/training/model_exports/yolo26n-sd35m-maxlen-seed42-20260803-193051/best.pt
2026-08-03 19:57:57 INFO  scripts.synthetic_model_comparison.training.training_pipeline | new best mAP50_95=0.5515 at epoch 81
2026-08-03 19:57:57 INFO  scripts.synthetic_model_comparison.training.training_pipeline | saved checkpoint: /home/debian/Master-Thesis/scripts/synthetic_model_comparison/training/model_exports/yolo26n-sd35m-maxlen-seed42-20260803-193051/last.pt
2026-08-03 19:57:57 INFO  scripts.synthetic_model_comparison.training.training_pipeline | epoch 81/200 done — next lr=0.00660363, epochs_since_improve=0/20
2026-08-03 19:57:57 INFO  scripts.synthetic_model_comparison.training.training_pipeline | epoch 82/200 — train start (lr=0.00660363, batches=14)
2026-08-03 19:58:08 INFO  scripts.synthetic_model_comparison.training.training_pipeline | epoch 82/200 — train done in 11.1s | avg loss_box=0.9611 loss_cls=0.8418 loss_dfl=0.0286 loss_total=113.3592
2026-08-03 19:58:08 INFO  scripts.synthetic_model_comparison.training.evaluation | evaluating on 4 batches
2026-08-03 19:58:14 INFO  scripts.synthetic_model_comparison.training.training_pipeline | epoch 82/200 — val mAP50=0.7769 mAP50_95=0.5417 (selection mAP50_95=0.5417)
2026-08-03 19:58:15 INFO  scripts.synthetic_model_comparison.training.evaluation | mlflow: logged val/mAP50=0.7769 val/mAP50_95=0.5417 (step=81)
2026-08-03 19:58:15 INFO  scripts.synthetic_model_comparison.training.evaluation | mlflow: logged val per-class AP table (12 classes)
2026-08-03 19:58:15 INFO  scripts.synthetic_model_comparison.training.training_pipeline | saved checkpoint: /home/debian/Master-Thesis/scripts/synthetic_model_comparison/training/model_exports/yolo26n-sd35m-maxlen-seed42-20260803-193051/last.pt
2026-08-03 19:58:16 INFO  scripts.synthetic_model_comparison.training.training_pipeline | epoch 82/200 done — next lr=0.00652796, epochs_since_improve=1/20
2026-08-03 19:58:16 INFO  scripts.synthetic_model_comparison.training.training_pipeline | epoch 83/200 — train start (lr=0.00652796, batches=14)
2026-08-03 19:58:23 INFO  scripts.synthetic_model_comparison.training.training_pipeline | step 1150 | loss_box=0.9605 loss_cls=0.6966 loss_dfl=0.0302 loss_total=107.9898 lr=0.0065117
2026-08-03 19:58:29 INFO  scripts.synthetic_model_comparison.training.training_pipeline | epoch 83/200 — train done in 12.8s | avg loss_box=0.9419 loss_cls=0.8100 loss_dfl=0.0275 loss_total=111.1214
2026-08-03 19:58:29 INFO  scripts.synthetic_model_comparison.training.evaluation | evaluating on 4 batches
2026-08-03 19:58:35 INFO  scripts.synthetic_model_comparison.training.training_pipeline | epoch 83/200 — val mAP50=0.7434 mAP50_95=0.5153 (selection mAP50_95=0.5153)
2026-08-03 19:58:35 INFO  scripts.synthetic_model_comparison.training.evaluation | mlflow: logged val/mAP50=0.7434 val/mAP50_95=0.5153 (step=82)
2026-08-03 19:58:36 INFO  scripts.synthetic_model_comparison.training.evaluation | mlflow: logged val per-class AP table (12 classes)
2026-08-03 19:58:36 INFO  scripts.synthetic_model_comparison.training.training_pipeline | saved checkpoint: /home/debian/Master-Thesis/scripts/synthetic_model_comparison/training/model_exports/yolo26n-sd35m-maxlen-seed42-20260803-193051/last.pt
2026-08-03 19:58:36 INFO  scripts.synthetic_model_comparison.training.training_pipeline | epoch 83/200 done — next lr=0.00645191, epochs_since_improve=2/20
2026-08-03 19:58:36 INFO  scripts.synthetic_model_comparison.training.training_pipeline | epoch 84/200 — train start (lr=0.00645191, batches=14)
2026-08-03 19:58:47 INFO  scripts.synthetic_model_comparison.training.training_pipeline | epoch 84/200 — train done in 11.3s | avg loss_box=0.9679 loss_cls=0.8224 loss_dfl=0.0289 loss_total=113.2856
2026-08-03 19:58:47 INFO  scripts.synthetic_model_comparison.training.evaluation | evaluating on 4 batches
2026-08-03 19:58:53 INFO  scripts.synthetic_model_comparison.training.training_pipeline | epoch 84/200 — val mAP50=0.7799 mAP50_95=0.5518 (selection mAP50_95=0.5518)
2026-08-03 19:58:54 INFO  scripts.synthetic_model_comparison.training.evaluation | mlflow: logged val/mAP50=0.7799 val/mAP50_95=0.5518 (step=83)
2026-08-03 19:58:54 INFO  scripts.synthetic_model_comparison.training.evaluation | mlflow: logged val per-class AP table (12 classes)
2026-08-03 19:58:55 INFO  scripts.synthetic_model_comparison.training.training_pipeline | saved checkpoint: /home/debian/Master-Thesis/scripts/synthetic_model_comparison/training/model_exports/yolo26n-sd35m-maxlen-seed42-20260803-193051/last.pt
2026-08-03 19:58:55 INFO  scripts.synthetic_model_comparison.training.training_pipeline | epoch 84/200 done — next lr=0.00637549, epochs_since_improve=3/20
2026-08-03 19:58:55 INFO  scripts.synthetic_model_comparison.training.training_pipeline | epoch 85/200 — train start (lr=0.00637549, batches=14)
2026-08-03 19:59:06 INFO  scripts.synthetic_model_comparison.training.training_pipeline | epoch 85/200 — train done in 11.4s | avg loss_box=0.9607 loss_cls=0.8069 loss_dfl=0.0282 loss_total=111.3663
2026-08-03 19:59:06 INFO  scripts.synthetic_model_comparison.training.evaluation | evaluating on 4 batches
2026-08-03 19:59:13 INFO  scripts.synthetic_model_comparison.training.training_pipeline | epoch 85/200 — val mAP50=0.7596 mAP50_95=0.5408 (selection mAP50_95=0.5408)
2026-08-03 19:59:13 INFO  scripts.synthetic_model_comparison.training.evaluation | mlflow: logged val/mAP50=0.7596 val/mAP50_95=0.5408 (step=84)
2026-08-03 19:59:14 INFO  scripts.synthetic_model_comparison.training.evaluation | mlflow: logged val per-class AP table (12 classes)
2026-08-03 19:59:14 INFO  scripts.synthetic_model_comparison.training.training_pipeline | saved checkpoint: /home/debian/Master-Thesis/scripts/synthetic_model_comparison/training/model_exports/yolo26n-sd35m-maxlen-seed42-20260803-193051/last.pt
2026-08-03 19:59:14 INFO  scripts.synthetic_model_comparison.training.training_pipeline | epoch 85/200 done — next lr=0.00629872, epochs_since_improve=4/20
2026-08-03 19:59:14 INFO  scripts.synthetic_model_comparison.training.training_pipeline | epoch 86/200 — train start (lr=0.00629872, batches=14)
2026-08-03 19:59:25 INFO  scripts.synthetic_model_comparison.training.training_pipeline | step 1200 | loss_box=0.8854 loss_cls=0.7283 loss_dfl=0.0259 loss_total=102.6863 lr=0.00623817
2026-08-03 19:59:28 INFO  scripts.synthetic_model_comparison.training.training_pipeline | epoch 86/200 — train done in 13.5s | avg loss_box=0.9563 loss_cls=0.8045 loss_dfl=0.0279 loss_total=111.1272
2026-08-03 19:59:28 INFO  scripts.synthetic_model_comparison.training.evaluation | evaluating on 4 batches
2026-08-03 19:59:33 INFO  scripts.synthetic_model_comparison.training.training_pipeline | epoch 86/200 — val mAP50=0.7354 mAP50_95=0.4687 (selection mAP50_95=0.4687)
2026-08-03 19:59:34 INFO  scripts.synthetic_model_comparison.training.evaluation | mlflow: logged val/mAP50=0.7354 val/mAP50_95=0.4687 (step=85)
2026-08-03 19:59:34 INFO  scripts.synthetic_model_comparison.training.evaluation | mlflow: logged val per-class AP table (12 classes)
2026-08-03 19:59:35 INFO  scripts.synthetic_model_comparison.training.training_pipeline | saved checkpoint: /home/debian/Master-Thesis/scripts/synthetic_model_comparison/training/model_exports/yolo26n-sd35m-maxlen-seed42-20260803-193051/last.pt
2026-08-03 19:59:35 INFO  scripts.synthetic_model_comparison.training.training_pipeline | epoch 86/200 done — next lr=0.00622162, epochs_since_improve=5/20
2026-08-03 19:59:35 INFO  scripts.synthetic_model_comparison.training.training_pipeline | epoch 87/200 — train start (lr=0.00622162, batches=14)
2026-08-03 19:59:46 INFO  scripts.synthetic_model_comparison.training.training_pipeline | epoch 87/200 — train done in 11.3s | avg loss_box=0.9505 loss_cls=0.8182 loss_dfl=0.0280 loss_total=110.2370
2026-08-03 19:59:46 INFO  scripts.synthetic_model_comparison.training.evaluation | evaluating on 4 batches
2026-08-03 19:59:52 INFO  scripts.synthetic_model_comparison.training.training_pipeline | epoch 87/200 — val mAP50=0.7651 mAP50_95=0.5271 (selection mAP50_95=0.5271)
2026-08-03 19:59:53 INFO  scripts.synthetic_model_comparison.training.evaluation | mlflow: logged val/mAP50=0.7651 val/mAP50_95=0.5271 (step=86)
2026-08-03 19:59:53 INFO  scripts.synthetic_model_comparison.training.evaluation | mlflow: logged val per-class AP table (12 classes)
2026-08-03 19:59:53 INFO  scripts.synthetic_model_comparison.training.training_pipeline | saved checkpoint: /home/debian/Master-Thesis/scripts/synthetic_model_comparison/training/model_exports/yolo26n-sd35m-maxlen-seed42-20260803-193051/last.pt
2026-08-03 19:59:54 INFO  scripts.synthetic_model_comparison.training.training_pipeline | epoch 87/200 done — next lr=0.00614421, epochs_since_improve=6/20
2026-08-03 19:59:54 INFO  scripts.synthetic_model_comparison.training.training_pipeline | epoch 88/200 — train start (lr=0.00614421, batches=14)
2026-08-03 20:00:05 INFO  scripts.synthetic_model_comparison.training.training_pipeline | epoch 88/200 — train done in 11.5s | avg loss_box=0.9088 loss_cls=0.7908 loss_dfl=0.0266 loss_total=107.5164
2026-08-03 20:00:05 INFO  scripts.synthetic_model_comparison.training.evaluation | evaluating on 4 batches
2026-08-03 20:00:11 INFO  scripts.synthetic_model_comparison.training.training_pipeline | epoch 88/200 — val mAP50=0.6739 mAP50_95=0.4638 (selection mAP50_95=0.4638)
2026-08-03 20:00:12 INFO  scripts.synthetic_model_comparison.training.evaluation | mlflow: logged val/mAP50=0.6739 val/mAP50_95=0.4638 (step=87)
2026-08-03 20:00:12 INFO  scripts.synthetic_model_comparison.training.evaluation | mlflow: logged val per-class AP table (12 classes)
2026-08-03 20:00:12 INFO  scripts.synthetic_model_comparison.training.training_pipeline | saved checkpoint: /home/debian/Master-Thesis/scripts/synthetic_model_comparison/training/model_exports/yolo26n-sd35m-maxlen-seed42-20260803-193051/last.pt
2026-08-03 20:00:13 INFO  scripts.synthetic_model_comparison.training.training_pipeline | epoch 88/200 done — next lr=0.00606651, epochs_since_improve=7/20
2026-08-03 20:00:13 INFO  scripts.synthetic_model_comparison.training.training_pipeline | epoch 89/200 — train start (lr=0.00606651, batches=14)
2026-08-03 20:00:24 INFO  scripts.synthetic_model_comparison.training.training_pipeline | epoch 89/200 — train done in 11.2s | avg loss_box=0.9375 loss_cls=0.7932 loss_dfl=0.0271 loss_total=108.8706
2026-08-03 20:00:24 INFO  scripts.synthetic_model_comparison.training.evaluation | evaluating on 4 batches
2026-08-03 20:00:30 INFO  scripts.synthetic_model_comparison.training.training_pipeline | epoch 89/200 — val mAP50=0.7585 mAP50_95=0.5404 (selection mAP50_95=0.5404)
2026-08-03 20:00:31 INFO  scripts.synthetic_model_comparison.training.evaluation | mlflow: logged val/mAP50=0.7585 val/mAP50_95=0.5404 (step=88)
2026-08-03 20:00:31 INFO  scripts.synthetic_model_comparison.training.evaluation | mlflow: logged val per-class AP table (12 classes)
2026-08-03 20:00:31 INFO  scripts.synthetic_model_comparison.training.training_pipeline | saved checkpoint: /home/debian/Master-Thesis/scripts/synthetic_model_comparison/training/model_exports/yolo26n-sd35m-maxlen-seed42-20260803-193051/last.pt
2026-08-03 20:00:31 INFO  scripts.synthetic_model_comparison.training.training_pipeline | epoch 89/200 done — next lr=0.00598854, epochs_since_improve=8/20
2026-08-03 20:00:31 INFO  scripts.synthetic_model_comparison.training.training_pipeline | epoch 90/200 — train start (lr=0.00598854, batches=14)
2026-08-03 20:00:39 INFO  scripts.synthetic_model_comparison.training.training_pipeline | step 1250 | loss_box=0.8198 loss_cls=0.9102 loss_dfl=0.0236 loss_total=105.1355 lr=0.00596064
2026-08-03 20:00:44 INFO  scripts.synthetic_model_comparison.training.training_pipeline | epoch 90/200 — train done in 12.8s | avg loss_box=0.9088 loss_cls=0.8012 loss_dfl=0.0268 loss_total=107.1550
2026-08-03 20:00:44 INFO  scripts.synthetic_model_comparison.training.evaluation | evaluating on 4 batches
2026-08-03 20:00:50 INFO  scripts.synthetic_model_comparison.training.training_pipeline | epoch 90/200 — val mAP50=0.7598 mAP50_95=0.5248 (selection mAP50_95=0.5248)
2026-08-03 20:00:51 INFO  scripts.synthetic_model_comparison.training.evaluation | mlflow: logged val/mAP50=0.7598 val/mAP50_95=0.5248 (step=89)
2026-08-03 20:00:51 INFO  scripts.synthetic_model_comparison.training.evaluation | mlflow: logged val per-class AP table (12 classes)
2026-08-03 20:00:51 INFO  scripts.synthetic_model_comparison.training.training_pipeline | saved checkpoint: /home/debian/Master-Thesis/scripts/synthetic_model_comparison/training/model_exports/yolo26n-sd35m-maxlen-seed42-20260803-193051/last.pt
2026-08-03 20:00:52 INFO  scripts.synthetic_model_comparison.training.training_pipeline | epoch 90/200 done — next lr=0.00591032, epochs_since_improve=9/20
2026-08-03 20:00:52 INFO  scripts.synthetic_model_comparison.training.training_pipeline | epoch 91/200 — train start (lr=0.00591032, batches=14)
2026-08-03 20:01:03 INFO  scripts.synthetic_model_comparison.training.training_pipeline | epoch 91/200 — train done in 11.7s | avg loss_box=0.8959 loss_cls=0.7939 loss_dfl=0.0271 loss_total=106.2987
2026-08-03 20:01:03 INFO  scripts.synthetic_model_comparison.training.evaluation | evaluating on 4 batches
2026-08-03 20:01:09 INFO  scripts.synthetic_model_comparison.training.training_pipeline | epoch 91/200 — val mAP50=0.7840 mAP50_95=0.5421 (selection mAP50_95=0.5421)
2026-08-03 20:01:10 INFO  scripts.synthetic_model_comparison.training.evaluation | mlflow: logged val/mAP50=0.7840 val/mAP50_95=0.5421 (step=90)
2026-08-03 20:01:10 INFO  scripts.synthetic_model_comparison.training.evaluation | mlflow: logged val per-class AP table (12 classes)
2026-08-03 20:01:10 INFO  scripts.synthetic_model_comparison.training.training_pipeline | saved checkpoint: /home/debian/Master-Thesis/scripts/synthetic_model_comparison/training/model_exports/yolo26n-sd35m-maxlen-seed42-20260803-193051/last.pt
2026-08-03 20:01:11 INFO  scripts.synthetic_model_comparison.training.training_pipeline | epoch 91/200 done — next lr=0.00583188, epochs_since_improve=10/20
2026-08-03 20:01:11 INFO  scripts.synthetic_model_comparison.training.training_pipeline | epoch 92/200 — train start (lr=0.00583188, batches=14)
2026-08-03 20:01:22 INFO  scripts.synthetic_model_comparison.training.training_pipeline | epoch 92/200 — train done in 11.1s | avg loss_box=0.8952 loss_cls=0.7491 loss_dfl=0.0260 loss_total=104.2787
2026-08-03 20:01:22 INFO  scripts.synthetic_model_comparison.training.evaluation | evaluating on 4 batches
2026-08-03 20:01:28 INFO  scripts.synthetic_model_comparison.training.training_pipeline | epoch 92/200 — val mAP50=0.7436 mAP50_95=0.5249 (selection mAP50_95=0.5249)
2026-08-03 20:01:29 INFO  scripts.synthetic_model_comparison.training.evaluation | mlflow: logged val/mAP50=0.7436 val/mAP50_95=0.5249 (step=91)
2026-08-03 20:01:29 INFO  scripts.synthetic_model_comparison.training.evaluation | mlflow: logged val per-class AP table (12 classes)
2026-08-03 20:01:29 INFO  scripts.synthetic_model_comparison.training.training_pipeline | saved checkpoint: /home/debian/Master-Thesis/scripts/synthetic_model_comparison/training/model_exports/yolo26n-sd35m-maxlen-seed42-20260803-193051/last.pt
2026-08-03 20:01:29 INFO  scripts.synthetic_model_comparison.training.training_pipeline | epoch 92/200 done — next lr=0.00575322, epochs_since_improve=11/20
2026-08-03 20:01:29 INFO  scripts.synthetic_model_comparison.training.training_pipeline | epoch 93/200 — train start (lr=0.00575322, batches=14)
2026-08-03 20:01:41 INFO  scripts.synthetic_model_comparison.training.training_pipeline | step 1300 | loss_box=1.0058 loss_cls=0.8699 loss_dfl=0.0284 loss_total=117.6908 lr=0.00568001
2026-08-03 20:01:42 INFO  scripts.synthetic_model_comparison.training.training_pipeline | epoch 93/200 — train done in 13.0s | avg loss_box=0.9341 loss_cls=0.7471 loss_dfl=0.0278 loss_total=106.5164
2026-08-03 20:01:42 INFO  scripts.synthetic_model_comparison.training.evaluation | evaluating on 4 batches
2026-08-03 20:01:48 INFO  scripts.synthetic_model_comparison.training.training_pipeline | epoch 93/200 — val mAP50=0.7977 mAP50_95=0.5769 (selection mAP50_95=0.5769)
2026-08-03 20:01:49 INFO  scripts.synthetic_model_comparison.training.evaluation | mlflow: logged val/mAP50=0.7977 val/mAP50_95=0.5769 (step=92)
2026-08-03 20:01:49 INFO  scripts.synthetic_model_comparison.training.evaluation | mlflow: logged val per-class AP table (12 classes)
2026-08-03 20:01:49 INFO  scripts.synthetic_model_comparison.training.training_pipeline | saved checkpoint: /home/debian/Master-Thesis/scripts/synthetic_model_comparison/training/model_exports/yolo26n-sd35m-maxlen-seed42-20260803-193051/best.pt
2026-08-03 20:01:49 INFO  scripts.synthetic_model_comparison.training.training_pipeline | new best mAP50_95=0.5769 at epoch 93
2026-08-03 20:01:50 INFO  scripts.synthetic_model_comparison.training.training_pipeline | saved checkpoint: /home/debian/Master-Thesis/scripts/synthetic_model_comparison/training/model_exports/yolo26n-sd35m-maxlen-seed42-20260803-193051/last.pt
2026-08-03 20:01:50 INFO  scripts.synthetic_model_comparison.training.training_pipeline | epoch 93/200 done — next lr=0.00567437, epochs_since_improve=0/20
2026-08-03 20:01:50 INFO  scripts.synthetic_model_comparison.training.training_pipeline | epoch 94/200 — train start (lr=0.00567437, batches=14)
2026-08-03 20:02:02 INFO  scripts.synthetic_model_comparison.training.training_pipeline | epoch 94/200 — train done in 11.9s | avg loss_box=0.9128 loss_cls=0.7414 loss_dfl=0.0266 loss_total=104.6658
2026-08-03 20:02:02 INFO  scripts.synthetic_model_comparison.training.evaluation | evaluating on 4 batches
2026-08-03 20:02:08 INFO  scripts.synthetic_model_comparison.training.training_pipeline | epoch 94/200 — val mAP50=0.7688 mAP50_95=0.5487 (selection mAP50_95=0.5487)
2026-08-03 20:02:08 INFO  scripts.synthetic_model_comparison.training.evaluation | mlflow: logged val/mAP50=0.7688 val/mAP50_95=0.5487 (step=93)
2026-08-03 20:02:09 INFO  scripts.synthetic_model_comparison.training.evaluation | mlflow: logged val per-class AP table (12 classes)
2026-08-03 20:02:09 INFO  scripts.synthetic_model_comparison.training.training_pipeline | saved checkpoint: /home/debian/Master-Thesis/scripts/synthetic_model_comparison/training/model_exports/yolo26n-sd35m-maxlen-seed42-20260803-193051/last.pt
2026-08-03 20:02:09 INFO  scripts.synthetic_model_comparison.training.training_pipeline | epoch 94/200 done — next lr=0.00559535, epochs_since_improve=1/20
2026-08-03 20:02:09 INFO  scripts.synthetic_model_comparison.training.training_pipeline | epoch 95/200 — train start (lr=0.00559535, batches=14)
2026-08-03 20:02:21 INFO  scripts.synthetic_model_comparison.training.training_pipeline | epoch 95/200 — train done in 11.8s | avg loss_box=0.9281 loss_cls=0.7744 loss_dfl=0.0274 loss_total=107.2096
2026-08-03 20:02:21 INFO  scripts.synthetic_model_comparison.training.evaluation | evaluating on 4 batches
2026-08-03 20:02:27 INFO  scripts.synthetic_model_comparison.training.training_pipeline | epoch 95/200 — val mAP50=0.7525 mAP50_95=0.5248 (selection mAP50_95=0.5248)
2026-08-03 20:02:28 INFO  scripts.synthetic_model_comparison.training.evaluation | mlflow: logged val/mAP50=0.7525 val/mAP50_95=0.5248 (step=94)
2026-08-03 20:02:28 INFO  scripts.synthetic_model_comparison.training.evaluation | mlflow: logged val per-class AP table (12 classes)
2026-08-03 20:02:28 INFO  scripts.synthetic_model_comparison.training.training_pipeline | saved checkpoint: /home/debian/Master-Thesis/scripts/synthetic_model_comparison/training/model_exports/yolo26n-sd35m-maxlen-seed42-20260803-193051/last.pt
2026-08-03 20:02:29 INFO  scripts.synthetic_model_comparison.training.training_pipeline | epoch 95/200 done — next lr=0.00551618, epochs_since_improve=2/20
2026-08-03 20:02:29 INFO  scripts.synthetic_model_comparison.training.training_pipeline | epoch 96/200 — train start (lr=0.00551618, batches=14)
2026-08-03 20:02:40 INFO  scripts.synthetic_model_comparison.training.training_pipeline | epoch 96/200 — train done in 11.5s | avg loss_box=0.8771 loss_cls=0.7082 loss_dfl=0.0259 loss_total=101.2880
2026-08-03 20:02:40 INFO  scripts.synthetic_model_comparison.training.evaluation | evaluating on 4 batches
2026-08-03 20:02:46 INFO  scripts.synthetic_model_comparison.training.training_pipeline | epoch 96/200 — val mAP50=0.8144 mAP50_95=0.5831 (selection mAP50_95=0.5831)
2026-08-03 20:02:47 INFO  scripts.synthetic_model_comparison.training.evaluation | mlflow: logged val/mAP50=0.8144 val/mAP50_95=0.5831 (step=95)
2026-08-03 20:02:47 INFO  scripts.synthetic_model_comparison.training.evaluation | mlflow: logged val per-class AP table (12 classes)
2026-08-03 20:02:47 INFO  scripts.synthetic_model_comparison.training.training_pipeline | saved checkpoint: /home/debian/Master-Thesis/scripts/synthetic_model_comparison/training/model_exports/yolo26n-sd35m-maxlen-seed42-20260803-193051/best.pt
2026-08-03 20:02:47 INFO  scripts.synthetic_model_comparison.training.training_pipeline | new best mAP50_95=0.5831 at epoch 96
2026-08-03 20:02:47 INFO  scripts.synthetic_model_comparison.training.training_pipeline | saved checkpoint: /home/debian/Master-Thesis/scripts/synthetic_model_comparison/training/model_exports/yolo26n-sd35m-maxlen-seed42-20260803-193051/last.pt
2026-08-03 20:02:48 INFO  scripts.synthetic_model_comparison.training.training_pipeline | epoch 96/200 done — next lr=0.00543688, epochs_since_improve=0/20
2026-08-03 20:02:48 INFO  scripts.synthetic_model_comparison.training.training_pipeline | epoch 97/200 — train start (lr=0.00543688, batches=14)
2026-08-03 20:02:57 INFO  scripts.synthetic_model_comparison.training.training_pipeline | step 1350 | loss_box=0.8470 loss_cls=0.6638 loss_dfl=0.0255 loss_total=98.2957 lr=0.00539719
2026-08-03 20:03:01 INFO  scripts.synthetic_model_comparison.training.training_pipeline | epoch 97/200 — train done in 13.3s | avg loss_box=0.8748 loss_cls=0.6904 loss_dfl=0.0253 loss_total=99.5816
2026-08-03 20:03:01 INFO  scripts.synthetic_model_comparison.training.evaluation | evaluating on 4 batches
2026-08-03 20:03:07 INFO  scripts.synthetic_model_comparison.training.training_pipeline | epoch 97/200 — val mAP50=0.8353 mAP50_95=0.6050 (selection mAP50_95=0.6050)
2026-08-03 20:03:08 INFO  scripts.synthetic_model_comparison.training.evaluation | mlflow: logged val/mAP50=0.8353 val/mAP50_95=0.6050 (step=96)
2026-08-03 20:03:08 INFO  scripts.synthetic_model_comparison.training.evaluation | mlflow: logged val per-class AP table (12 classes)
2026-08-03 20:03:08 INFO  scripts.synthetic_model_comparison.training.training_pipeline | saved checkpoint: /home/debian/Master-Thesis/scripts/synthetic_model_comparison/training/model_exports/yolo26n-sd35m-maxlen-seed42-20260803-193051/best.pt
2026-08-03 20:03:08 INFO  scripts.synthetic_model_comparison.training.training_pipeline | new best mAP50_95=0.6050 at epoch 97
2026-08-03 20:03:08 INFO  scripts.synthetic_model_comparison.training.training_pipeline | saved checkpoint: /home/debian/Master-Thesis/scripts/synthetic_model_comparison/training/model_exports/yolo26n-sd35m-maxlen-seed42-20260803-193051/last.pt
2026-08-03 20:03:09 INFO  scripts.synthetic_model_comparison.training.training_pipeline | epoch 97/200 done — next lr=0.00535747, epochs_since_improve=0/20
2026-08-03 20:03:09 INFO  scripts.synthetic_model_comparison.training.training_pipeline | epoch 98/200 — train start (lr=0.00535747, batches=14)
2026-08-03 20:03:20 INFO  scripts.synthetic_model_comparison.training.training_pipeline | epoch 98/200 — train done in 11.6s | avg loss_box=0.8328 loss_cls=0.6801 loss_dfl=0.0243 loss_total=96.9075
2026-08-03 20:03:20 INFO  scripts.synthetic_model_comparison.training.evaluation | evaluating on 4 batches
2026-08-03 20:03:26 INFO  scripts.synthetic_model_comparison.training.training_pipeline | epoch 98/200 — val mAP50=0.8227 mAP50_95=0.6138 (selection mAP50_95=0.6138)
2026-08-03 20:03:27 INFO  scripts.synthetic_model_comparison.training.evaluation | mlflow: logged val/mAP50=0.8227 val/mAP50_95=0.6138 (step=97)
2026-08-03 20:03:27 INFO  scripts.synthetic_model_comparison.training.evaluation | mlflow: logged val per-class AP table (12 classes)
2026-08-03 20:03:27 INFO  scripts.synthetic_model_comparison.training.training_pipeline | saved checkpoint: /home/debian/Master-Thesis/scripts/synthetic_model_comparison/training/model_exports/yolo26n-sd35m-maxlen-seed42-20260803-193051/best.pt
2026-08-03 20:03:27 INFO  scripts.synthetic_model_comparison.training.training_pipeline | new best mAP50_95=0.6138 at epoch 98
2026-08-03 20:03:27 INFO  scripts.synthetic_model_comparison.training.training_pipeline | saved checkpoint: /home/debian/Master-Thesis/scripts/synthetic_model_comparison/training/model_exports/yolo26n-sd35m-maxlen-seed42-20260803-193051/last.pt
2026-08-03 20:03:28 INFO  scripts.synthetic_model_comparison.training.training_pipeline | epoch 98/200 done — next lr=0.00527797, epochs_since_improve=0/20
2026-08-03 20:03:28 INFO  scripts.synthetic_model_comparison.training.training_pipeline | epoch 99/200 — train start (lr=0.00527797, batches=14)
2026-08-03 20:03:39 INFO  scripts.synthetic_model_comparison.training.training_pipeline | epoch 99/200 — train done in 11.4s | avg loss_box=0.8555 loss_cls=0.7018 loss_dfl=0.0246 loss_total=98.3124
2026-08-03 20:03:39 INFO  scripts.synthetic_model_comparison.training.evaluation | evaluating on 4 batches
2026-08-03 20:03:45 INFO  scripts.synthetic_model_comparison.training.training_pipeline | epoch 99/200 — val mAP50=0.7795 mAP50_95=0.5538 (selection mAP50_95=0.5538)
2026-08-03 20:03:46 INFO  scripts.synthetic_model_comparison.training.evaluation | mlflow: logged val/mAP50=0.7795 val/mAP50_95=0.5538 (step=98)
2026-08-03 20:03:46 INFO  scripts.synthetic_model_comparison.training.evaluation | mlflow: logged val per-class AP table (12 classes)
2026-08-03 20:03:46 INFO  scripts.synthetic_model_comparison.training.training_pipeline | saved checkpoint: /home/debian/Master-Thesis/scripts/synthetic_model_comparison/training/model_exports/yolo26n-sd35m-maxlen-seed42-20260803-193051/last.pt
2026-08-03 20:03:47 INFO  scripts.synthetic_model_comparison.training.training_pipeline | epoch 99/200 done — next lr=0.0051984, epochs_since_improve=1/20
2026-08-03 20:03:47 INFO  scripts.synthetic_model_comparison.training.training_pipeline | epoch 100/200 — train start (lr=0.0051984, batches=14)
2026-08-03 20:03:58 INFO  scripts.synthetic_model_comparison.training.training_pipeline | epoch 100/200 — train done in 11.3s | avg loss_box=0.8655 loss_cls=0.7210 loss_dfl=0.0249 loss_total=100.0682
2026-08-03 20:03:58 INFO  scripts.synthetic_model_comparison.training.evaluation | evaluating on 4 batches
2026-08-03 20:04:04 INFO  scripts.synthetic_model_comparison.training.training_pipeline | epoch 100/200 — val mAP50=0.8059 mAP50_95=0.5707 (selection mAP50_95=0.5707)
2026-08-03 20:04:05 INFO  scripts.synthetic_model_comparison.training.evaluation | mlflow: logged val/mAP50=0.8059 val/mAP50_95=0.5707 (step=99)
2026-08-03 20:04:05 INFO  scripts.synthetic_model_comparison.training.evaluation | mlflow: logged val per-class AP table (12 classes)
2026-08-03 20:04:05 INFO  scripts.synthetic_model_comparison.training.training_pipeline | saved checkpoint: /home/debian/Master-Thesis/scripts/synthetic_model_comparison/training/model_exports/yolo26n-sd35m-maxlen-seed42-20260803-193051/last.pt
2026-08-03 20:04:06 INFO  scripts.synthetic_model_comparison.training.training_pipeline | epoch 100/200 done — next lr=0.00511878, epochs_since_improve=2/20
2026-08-03 20:04:06 INFO  scripts.synthetic_model_comparison.training.training_pipeline | epoch 101/200 — train start (lr=0.00511878, batches=14)
2026-08-03 20:04:12 INFO  scripts.synthetic_model_comparison.training.training_pipeline | step 1400 | loss_box=0.8039 loss_cls=0.6859 loss_dfl=0.0234 loss_total=93.7108 lr=0.0051131
2026-08-03 20:04:19 INFO  scripts.synthetic_model_comparison.training.training_pipeline | epoch 101/200 — train done in 13.1s | avg loss_box=0.8351 loss_cls=0.6799 loss_dfl=0.0243 loss_total=96.2767
2026-08-03 20:04:19 INFO  scripts.synthetic_model_comparison.training.evaluation | evaluating on 4 batches
2026-08-03 20:04:25 INFO  scripts.synthetic_model_comparison.training.training_pipeline | epoch 101/200 — val mAP50=0.8237 mAP50_95=0.5841 (selection mAP50_95=0.5841)
2026-08-03 20:04:25 INFO  scripts.synthetic_model_comparison.training.evaluation | mlflow: logged val/mAP50=0.8237 val/mAP50_95=0.5841 (step=100)
2026-08-03 20:04:26 INFO  scripts.synthetic_model_comparison.training.evaluation | mlflow: logged val per-class AP table (12 classes)
2026-08-03 20:04:26 INFO  scripts.synthetic_model_comparison.training.training_pipeline | saved checkpoint: /home/debian/Master-Thesis/scripts/synthetic_model_comparison/training/model_exports/yolo26n-sd35m-maxlen-seed42-20260803-193051/last.pt
2026-08-03 20:04:26 INFO  scripts.synthetic_model_comparison.training.training_pipeline | epoch 101/200 done — next lr=0.00503914, epochs_since_improve=3/20
2026-08-03 20:04:26 INFO  scripts.synthetic_model_comparison.training.training_pipeline | epoch 102/200 — train start (lr=0.00503914, batches=14)
2026-08-03 20:04:38 INFO  scripts.synthetic_model_comparison.training.training_pipeline | epoch 102/200 — train done in 11.5s | avg loss_box=0.8325 loss_cls=0.6865 loss_dfl=0.0241 loss_total=96.4942
2026-08-03 20:04:38 INFO  scripts.synthetic_model_comparison.training.evaluation | evaluating on 4 batches
2026-08-03 20:04:44 INFO  scripts.synthetic_model_comparison.training.training_pipeline | epoch 102/200 — val mAP50=0.8267 mAP50_95=0.5911 (selection mAP50_95=0.5911)
2026-08-03 20:04:44 INFO  scripts.synthetic_model_comparison.training.evaluation | mlflow: logged val/mAP50=0.8267 val/mAP50_95=0.5911 (step=101)
2026-08-03 20:04:45 INFO  scripts.synthetic_model_comparison.training.evaluation | mlflow: logged val per-class AP table (12 classes)
2026-08-03 20:04:45 INFO  scripts.synthetic_model_comparison.training.training_pipeline | saved checkpoint: /home/debian/Master-Thesis/scripts/synthetic_model_comparison/training/model_exports/yolo26n-sd35m-maxlen-seed42-20260803-193051/last.pt
2026-08-03 20:04:45 INFO  scripts.synthetic_model_comparison.training.training_pipeline | epoch 102/200 done — next lr=0.00495948, epochs_since_improve=4/20
2026-08-03 20:04:45 INFO  scripts.synthetic_model_comparison.training.training_pipeline | epoch 103/200 — train start (lr=0.00495948, batches=14)
2026-08-03 20:04:57 INFO  scripts.synthetic_model_comparison.training.training_pipeline | epoch 103/200 — train done in 11.5s | avg loss_box=0.8411 loss_cls=0.6737 loss_dfl=0.0245 loss_total=95.9491
2026-08-03 20:04:57 INFO  scripts.synthetic_model_comparison.training.evaluation | evaluating on 4 batches
2026-08-03 20:05:03 INFO  scripts.synthetic_model_comparison.training.training_pipeline | epoch 103/200 — val mAP50=0.7937 mAP50_95=0.5774 (selection mAP50_95=0.5774)
2026-08-03 20:05:03 INFO  scripts.synthetic_model_comparison.training.evaluation | mlflow: logged val/mAP50=0.7937 val/mAP50_95=0.5774 (step=102)
2026-08-03 20:05:04 INFO  scripts.synthetic_model_comparison.training.evaluation | mlflow: logged val per-class AP table (12 classes)
2026-08-03 20:05:04 INFO  scripts.synthetic_model_comparison.training.training_pipeline | saved checkpoint: /home/debian/Master-Thesis/scripts/synthetic_model_comparison/training/model_exports/yolo26n-sd35m-maxlen-seed42-20260803-193051/last.pt
2026-08-03 20:05:04 INFO  scripts.synthetic_model_comparison.training.training_pipeline | epoch 103/200 done — next lr=0.00487984, epochs_since_improve=5/20
2026-08-03 20:05:04 INFO  scripts.synthetic_model_comparison.training.training_pipeline | epoch 104/200 — train start (lr=0.00487984, batches=14)
2026-08-03 20:05:14 INFO  scripts.synthetic_model_comparison.training.training_pipeline | step 1450 | loss_box=0.7488 loss_cls=0.6902 loss_dfl=0.0203 loss_total=90.8726 lr=0.00482866
2026-08-03 20:05:17 INFO  scripts.synthetic_model_comparison.training.training_pipeline | epoch 104/200 — train done in 13.3s | avg loss_box=0.8243 loss_cls=0.6755 loss_dfl=0.0236 loss_total=95.7115
2026-08-03 20:05:17 INFO  scripts.synthetic_model_comparison.training.evaluation | evaluating on 4 batches
2026-08-03 20:05:23 INFO  scripts.synthetic_model_comparison.training.training_pipeline | epoch 104/200 — val mAP50=0.7998 mAP50_95=0.5924 (selection mAP50_95=0.5924)
2026-08-03 20:05:24 INFO  scripts.synthetic_model_comparison.training.evaluation | mlflow: logged val/mAP50=0.7998 val/mAP50_95=0.5924 (step=103)
2026-08-03 20:05:24 INFO  scripts.synthetic_model_comparison.training.evaluation | mlflow: logged val per-class AP table (12 classes)
2026-08-03 20:05:25 INFO  scripts.synthetic_model_comparison.training.training_pipeline | saved checkpoint: /home/debian/Master-Thesis/scripts/synthetic_model_comparison/training/model_exports/yolo26n-sd35m-maxlen-seed42-20260803-193051/last.pt
2026-08-03 20:05:25 INFO  scripts.synthetic_model_comparison.training.training_pipeline | epoch 104/200 done — next lr=0.00480023, epochs_since_improve=6/20
2026-08-03 20:05:25 INFO  scripts.synthetic_model_comparison.training.training_pipeline | epoch 105/200 — train start (lr=0.00480023, batches=14)
2026-08-03 20:05:37 INFO  scripts.synthetic_model_comparison.training.training_pipeline | epoch 105/200 — train done in 11.6s | avg loss_box=0.8090 loss_cls=0.6470 loss_dfl=0.0236 loss_total=93.0144
2026-08-03 20:05:37 INFO  scripts.synthetic_model_comparison.training.evaluation | evaluating on 4 batches
2026-08-03 20:05:43 INFO  scripts.synthetic_model_comparison.training.training_pipeline | epoch 105/200 — val mAP50=0.8124 mAP50_95=0.5864 (selection mAP50_95=0.5864)
2026-08-03 20:05:43 INFO  scripts.synthetic_model_comparison.training.evaluation | mlflow: logged val/mAP50=0.8124 val/mAP50_95=0.5864 (step=104)
2026-08-03 20:05:44 INFO  scripts.synthetic_model_comparison.training.evaluation | mlflow: logged val per-class AP table (12 classes)
2026-08-03 20:05:44 INFO  scripts.synthetic_model_comparison.training.training_pipeline | saved checkpoint: /home/debian/Master-Thesis/scripts/synthetic_model_comparison/training/model_exports/yolo26n-sd35m-maxlen-seed42-20260803-193051/last.pt
2026-08-03 20:05:44 INFO  scripts.synthetic_model_comparison.training.training_pipeline | epoch 105/200 done — next lr=0.00472067, epochs_since_improve=7/20
2026-08-03 20:05:44 INFO  scripts.synthetic_model_comparison.training.training_pipeline | epoch 106/200 — train start (lr=0.00472067, batches=14)
2026-08-03 20:05:56 INFO  scripts.synthetic_model_comparison.training.training_pipeline | epoch 106/200 — train done in 11.6s | avg loss_box=0.7893 loss_cls=0.6462 loss_dfl=0.0231 loss_total=91.5993
2026-08-03 20:05:56 INFO  scripts.synthetic_model_comparison.training.evaluation | evaluating on 4 batches
2026-08-03 20:06:03 INFO  scripts.synthetic_model_comparison.training.training_pipeline | epoch 106/200 — val mAP50=0.8276 mAP50_95=0.5766 (selection mAP50_95=0.5766)
2026-08-03 20:06:04 INFO  scripts.synthetic_model_comparison.training.evaluation | mlflow: logged val/mAP50=0.8276 val/mAP50_95=0.5766 (step=105)
2026-08-03 20:06:04 INFO  scripts.synthetic_model_comparison.training.evaluation | mlflow: logged val per-class AP table (12 classes)
2026-08-03 20:06:05 INFO  scripts.synthetic_model_comparison.training.training_pipeline | saved checkpoint: /home/debian/Master-Thesis/scripts/synthetic_model_comparison/training/model_exports/yolo26n-sd35m-maxlen-seed42-20260803-193051/last.pt
2026-08-03 20:06:05 INFO  scripts.synthetic_model_comparison.training.training_pipeline | epoch 106/200 done — next lr=0.00464118, epochs_since_improve=8/20
2026-08-03 20:06:05 INFO  scripts.synthetic_model_comparison.training.training_pipeline | epoch 107/200 — train start (lr=0.00464118, batches=14)
2026-08-03 20:06:17 INFO  scripts.synthetic_model_comparison.training.training_pipeline | epoch 107/200 — train done in 12.0s | avg loss_box=0.8134 loss_cls=0.6220 loss_dfl=0.0234 loss_total=91.4326
2026-08-03 20:06:17 INFO  scripts.synthetic_model_comparison.training.evaluation | evaluating on 4 batches
2026-08-03 20:06:23 INFO  scripts.synthetic_model_comparison.training.training_pipeline | epoch 107/200 — val mAP50=0.8144 mAP50_95=0.5797 (selection mAP50_95=0.5797)
2026-08-03 20:06:23 INFO  scripts.synthetic_model_comparison.training.evaluation | mlflow: logged val/mAP50=0.8144 val/mAP50_95=0.5797 (step=106)
2026-08-03 20:06:24 INFO  scripts.synthetic_model_comparison.training.evaluation | mlflow: logged val per-class AP table (12 classes)
2026-08-03 20:06:24 INFO  scripts.synthetic_model_comparison.training.training_pipeline | saved checkpoint: /home/debian/Master-Thesis/scripts/synthetic_model_comparison/training/model_exports/yolo26n-sd35m-maxlen-seed42-20260803-193051/last.pt
2026-08-03 20:06:24 INFO  scripts.synthetic_model_comparison.training.training_pipeline | epoch 107/200 done — next lr=0.00456179, epochs_since_improve=9/20
2026-08-03 20:06:24 INFO  scripts.synthetic_model_comparison.training.training_pipeline | epoch 108/200 — train start (lr=0.00456179, batches=14)
2026-08-03 20:06:31 INFO  scripts.synthetic_model_comparison.training.training_pipeline | step 1500 | loss_box=0.8014 loss_cls=0.6922 loss_dfl=0.0254 loss_total=93.9623 lr=0.00454479
2026-08-03 20:06:37 INFO  scripts.synthetic_model_comparison.training.training_pipeline | epoch 108/200 — train done in 12.5s | avg loss_box=0.8123 loss_cls=0.6527 loss_dfl=0.0242 loss_total=92.7759
2026-08-03 20:06:37 INFO  scripts.synthetic_model_comparison.training.evaluation | evaluating on 4 batches
2026-08-03 20:06:43 INFO  scripts.synthetic_model_comparison.training.training_pipeline | epoch 108/200 — val mAP50=0.8394 mAP50_95=0.6104 (selection mAP50_95=0.6104)
2026-08-03 20:06:43 INFO  scripts.synthetic_model_comparison.training.evaluation | mlflow: logged val/mAP50=0.8394 val/mAP50_95=0.6104 (step=107)
2026-08-03 20:06:44 INFO  scripts.synthetic_model_comparison.training.evaluation | mlflow: logged val per-class AP table (12 classes)
2026-08-03 20:06:44 INFO  scripts.synthetic_model_comparison.training.training_pipeline | saved checkpoint: /home/debian/Master-Thesis/scripts/synthetic_model_comparison/training/model_exports/yolo26n-sd35m-maxlen-seed42-20260803-193051/last.pt
2026-08-03 20:06:44 INFO  scripts.synthetic_model_comparison.training.training_pipeline | epoch 108/200 done — next lr=0.0044825, epochs_since_improve=10/20
2026-08-03 20:06:44 INFO  scripts.synthetic_model_comparison.training.training_pipeline | epoch 109/200 — train start (lr=0.0044825, batches=14)
2026-08-03 20:06:56 INFO  scripts.synthetic_model_comparison.training.training_pipeline | epoch 109/200 — train done in 11.3s | avg loss_box=0.7917 loss_cls=0.6228 loss_dfl=0.0222 loss_total=90.8752
2026-08-03 20:06:56 INFO  scripts.synthetic_model_comparison.training.evaluation | evaluating on 4 batches
2026-08-03 20:07:02 INFO  scripts.synthetic_model_comparison.training.training_pipeline | epoch 109/200 — val mAP50=0.8082 mAP50_95=0.5872 (selection mAP50_95=0.5872)
2026-08-03 20:07:02 INFO  scripts.synthetic_model_comparison.training.evaluation | mlflow: logged val/mAP50=0.8082 val/mAP50_95=0.5872 (step=108)
2026-08-03 20:07:03 INFO  scripts.synthetic_model_comparison.training.evaluation | mlflow: logged val per-class AP table (12 classes)
2026-08-03 20:07:03 INFO  scripts.synthetic_model_comparison.training.training_pipeline | saved checkpoint: /home/debian/Master-Thesis/scripts/synthetic_model_comparison/training/model_exports/yolo26n-sd35m-maxlen-seed42-20260803-193051/last.pt
2026-08-03 20:07:03 INFO  scripts.synthetic_model_comparison.training.training_pipeline | epoch 109/200 done — next lr=0.00440335, epochs_since_improve=11/20
2026-08-03 20:07:03 INFO  scripts.synthetic_model_comparison.training.training_pipeline | epoch 110/200 — train start (lr=0.00440335, batches=14)
2026-08-03 20:07:14 INFO  scripts.synthetic_model_comparison.training.training_pipeline | epoch 110/200 — train done in 11.2s | avg loss_box=0.7703 loss_cls=0.6016 loss_dfl=0.0220 loss_total=88.2835
2026-08-03 20:07:14 INFO  scripts.synthetic_model_comparison.training.evaluation | evaluating on 4 batches
2026-08-03 20:07:20 INFO  scripts.synthetic_model_comparison.training.training_pipeline | epoch 110/200 — val mAP50=0.8021 mAP50_95=0.5818 (selection mAP50_95=0.5818)
2026-08-03 20:07:21 INFO  scripts.synthetic_model_comparison.training.evaluation | mlflow: logged val/mAP50=0.8021 val/mAP50_95=0.5818 (step=109)
2026-08-03 20:07:21 INFO  scripts.synthetic_model_comparison.training.evaluation | mlflow: logged val per-class AP table (12 classes)
2026-08-03 20:07:21 INFO  scripts.synthetic_model_comparison.training.training_pipeline | saved checkpoint: /home/debian/Master-Thesis/scripts/synthetic_model_comparison/training/model_exports/yolo26n-sd35m-maxlen-seed42-20260803-193051/last.pt
2026-08-03 20:07:22 INFO  scripts.synthetic_model_comparison.training.training_pipeline | epoch 110/200 done — next lr=0.00432436, epochs_since_improve=12/20
2026-08-03 20:07:22 INFO  scripts.synthetic_model_comparison.training.training_pipeline | epoch 111/200 — train start (lr=0.00432436, batches=14)
2026-08-03 20:07:32 INFO  scripts.synthetic_model_comparison.training.training_pipeline | step 1550 | loss_box=0.8342 loss_cls=0.6005 loss_dfl=0.0231 loss_total=91.3608 lr=0.00426241
2026-08-03 20:07:35 INFO  scripts.synthetic_model_comparison.training.training_pipeline | epoch 111/200 — train done in 13.1s | avg loss_box=0.7665 loss_cls=0.6086 loss_dfl=0.0226 loss_total=88.0737
2026-08-03 20:07:35 INFO  scripts.synthetic_model_comparison.training.evaluation | evaluating on 4 batches
2026-08-03 20:07:41 INFO  scripts.synthetic_model_comparison.training.training_pipeline | epoch 111/200 — val mAP50=0.8292 mAP50_95=0.6017 (selection mAP50_95=0.6017)
2026-08-03 20:07:41 INFO  scripts.synthetic_model_comparison.training.evaluation | mlflow: logged val/mAP50=0.8292 val/mAP50_95=0.6017 (step=110)
2026-08-03 20:07:42 INFO  scripts.synthetic_model_comparison.training.evaluation | mlflow: logged val per-class AP table (12 classes)
2026-08-03 20:07:42 INFO  scripts.synthetic_model_comparison.training.training_pipeline | saved checkpoint: /home/debian/Master-Thesis/scripts/synthetic_model_comparison/training/model_exports/yolo26n-sd35m-maxlen-seed42-20260803-193051/last.pt
2026-08-03 20:07:42 INFO  scripts.synthetic_model_comparison.training.training_pipeline | epoch 111/200 done — next lr=0.00424553, epochs_since_improve=13/20
2026-08-03 20:07:42 INFO  scripts.synthetic_model_comparison.training.training_pipeline | epoch 112/200 — train start (lr=0.00424553, batches=14)
2026-08-03 20:07:54 INFO  scripts.synthetic_model_comparison.training.training_pipeline | epoch 112/200 — train done in 11.5s | avg loss_box=0.7908 loss_cls=0.6099 loss_dfl=0.0230 loss_total=89.8954
2026-08-03 20:07:54 INFO  scripts.synthetic_model_comparison.training.evaluation | evaluating on 4 batches
2026-08-03 20:08:00 INFO  scripts.synthetic_model_comparison.training.training_pipeline | epoch 112/200 — val mAP50=0.8434 mAP50_95=0.6187 (selection mAP50_95=0.6187)
2026-08-03 20:08:00 INFO  scripts.synthetic_model_comparison.training.evaluation | mlflow: logged val/mAP50=0.8434 val/mAP50_95=0.6187 (step=111)
2026-08-03 20:08:01 INFO  scripts.synthetic_model_comparison.training.evaluation | mlflow: logged val per-class AP table (12 classes)
2026-08-03 20:08:01 INFO  scripts.synthetic_model_comparison.training.training_pipeline | saved checkpoint: /home/debian/Master-Thesis/scripts/synthetic_model_comparison/training/model_exports/yolo26n-sd35m-maxlen-seed42-20260803-193051/best.pt
2026-08-03 20:08:01 INFO  scripts.synthetic_model_comparison.training.training_pipeline | new best mAP50_95=0.6187 at epoch 112
2026-08-03 20:08:01 INFO  scripts.synthetic_model_comparison.training.training_pipeline | saved checkpoint: /home/debian/Master-Thesis/scripts/synthetic_model_comparison/training/model_exports/yolo26n-sd35m-maxlen-seed42-20260803-193051/last.pt
2026-08-03 20:08:01 INFO  scripts.synthetic_model_comparison.training.training_pipeline | epoch 112/200 done — next lr=0.0041669, epochs_since_improve=0/20
2026-08-03 20:08:01 INFO  scripts.synthetic_model_comparison.training.training_pipeline | epoch 113/200 — train start (lr=0.0041669, batches=14)
2026-08-03 20:08:12 INFO  scripts.synthetic_model_comparison.training.training_pipeline | epoch 113/200 — train done in 10.9s | avg loss_box=0.7893 loss_cls=0.6111 loss_dfl=0.0230 loss_total=89.5316
2026-08-03 20:08:12 INFO  scripts.synthetic_model_comparison.training.evaluation | evaluating on 4 batches
2026-08-03 20:08:18 INFO  scripts.synthetic_model_comparison.training.training_pipeline | epoch 113/200 — val mAP50=0.8200 mAP50_95=0.5982 (selection mAP50_95=0.5982)
2026-08-03 20:08:19 INFO  scripts.synthetic_model_comparison.training.evaluation | mlflow: logged val/mAP50=0.8200 val/mAP50_95=0.5982 (step=112)
2026-08-03 20:08:19 INFO  scripts.synthetic_model_comparison.training.evaluation | mlflow: logged val per-class AP table (12 classes)
2026-08-03 20:08:19 INFO  scripts.synthetic_model_comparison.training.training_pipeline | saved checkpoint: /home/debian/Master-Thesis/scripts/synthetic_model_comparison/training/model_exports/yolo26n-sd35m-maxlen-seed42-20260803-193051/last.pt
2026-08-03 20:08:20 INFO  scripts.synthetic_model_comparison.training.training_pipeline | epoch 113/200 done — next lr=0.00408849, epochs_since_improve=1/20
2026-08-03 20:08:20 INFO  scripts.synthetic_model_comparison.training.training_pipeline | epoch 114/200 — train start (lr=0.00408849, batches=14)
2026-08-03 20:08:31 INFO  scripts.synthetic_model_comparison.training.training_pipeline | epoch 114/200 — train done in 11.3s | avg loss_box=0.7831 loss_cls=0.5947 loss_dfl=0.0232 loss_total=88.4672
2026-08-03 20:08:31 INFO  scripts.synthetic_model_comparison.training.evaluation | evaluating on 4 batches
2026-08-03 20:08:37 INFO  scripts.synthetic_model_comparison.training.training_pipeline | epoch 114/200 — val mAP50=0.8192 mAP50_95=0.5995 (selection mAP50_95=0.5995)
2026-08-03 20:08:38 INFO  scripts.synthetic_model_comparison.training.evaluation | mlflow: logged val/mAP50=0.8192 val/mAP50_95=0.5995 (step=113)
2026-08-03 20:08:38 INFO  scripts.synthetic_model_comparison.training.evaluation | mlflow: logged val per-class AP table (12 classes)
2026-08-03 20:08:38 INFO  scripts.synthetic_model_comparison.training.training_pipeline | saved checkpoint: /home/debian/Master-Thesis/scripts/synthetic_model_comparison/training/model_exports/yolo26n-sd35m-maxlen-seed42-20260803-193051/last.pt
2026-08-03 20:08:38 INFO  scripts.synthetic_model_comparison.training.training_pipeline | epoch 114/200 done — next lr=0.0040103, epochs_since_improve=2/20
2026-08-03 20:08:38 INFO  scripts.synthetic_model_comparison.training.training_pipeline | epoch 115/200 — train start (lr=0.0040103, batches=14)
2026-08-03 20:08:47 INFO  scripts.synthetic_model_comparison.training.training_pipeline | step 1600 | loss_box=0.7922 loss_cls=0.6959 loss_dfl=0.0220 loss_total=92.9392 lr=0.00398244
2026-08-03 20:08:52 INFO  scripts.synthetic_model_comparison.training.training_pipeline | epoch 115/200 — train done in 13.5s | avg loss_box=0.7565 loss_cls=0.5794 loss_dfl=0.0219 loss_total=85.5924
2026-08-03 20:08:52 INFO  scripts.synthetic_model_comparison.training.evaluation | evaluating on 4 batches
2026-08-03 20:08:58 INFO  scripts.synthetic_model_comparison.training.training_pipeline | epoch 115/200 — val mAP50=0.8684 mAP50_95=0.6367 (selection mAP50_95=0.6367)
2026-08-03 20:08:59 INFO  scripts.synthetic_model_comparison.training.evaluation | mlflow: logged val/mAP50=0.8684 val/mAP50_95=0.6367 (step=114)
2026-08-03 20:08:59 INFO  scripts.synthetic_model_comparison.training.evaluation | mlflow: logged val per-class AP table (12 classes)
2026-08-03 20:08:59 INFO  scripts.synthetic_model_comparison.training.training_pipeline | saved checkpoint: /home/debian/Master-Thesis/scripts/synthetic_model_comparison/training/model_exports/yolo26n-sd35m-maxlen-seed42-20260803-193051/best.pt
2026-08-03 20:08:59 INFO  scripts.synthetic_model_comparison.training.training_pipeline | new best mAP50_95=0.6367 at epoch 115
2026-08-03 20:08:59 INFO  scripts.synthetic_model_comparison.training.training_pipeline | saved checkpoint: /home/debian/Master-Thesis/scripts/synthetic_model_comparison/training/model_exports/yolo26n-sd35m-maxlen-seed42-20260803-193051/last.pt
2026-08-03 20:09:00 INFO  scripts.synthetic_model_comparison.training.training_pipeline | epoch 115/200 done — next lr=0.00393237, epochs_since_improve=0/20
2026-08-03 20:09:00 INFO  scripts.synthetic_model_comparison.training.training_pipeline | epoch 116/200 — train start (lr=0.00393237, batches=14)
2026-08-03 20:09:11 INFO  scripts.synthetic_model_comparison.training.training_pipeline | epoch 116/200 — train done in 11.3s | avg loss_box=0.7567 loss_cls=0.5712 loss_dfl=0.0223 loss_total=85.4297
2026-08-03 20:09:11 INFO  scripts.synthetic_model_comparison.training.evaluation | evaluating on 4 batches
2026-08-03 20:09:17 INFO  scripts.synthetic_model_comparison.training.training_pipeline | epoch 116/200 — val mAP50=0.8348 mAP50_95=0.6079 (selection mAP50_95=0.6079)
2026-08-03 20:09:17 INFO  scripts.synthetic_model_comparison.training.evaluation | mlflow: logged val/mAP50=0.8348 val/mAP50_95=0.6079 (step=115)
2026-08-03 20:09:18 INFO  scripts.synthetic_model_comparison.training.evaluation | mlflow: logged val per-class AP table (12 classes)
2026-08-03 20:09:18 INFO  scripts.synthetic_model_comparison.training.training_pipeline | saved checkpoint: /home/debian/Master-Thesis/scripts/synthetic_model_comparison/training/model_exports/yolo26n-sd35m-maxlen-seed42-20260803-193051/last.pt
2026-08-03 20:09:18 INFO  scripts.synthetic_model_comparison.training.training_pipeline | epoch 116/200 done — next lr=0.00385471, epochs_since_improve=1/20
2026-08-03 20:09:18 INFO  scripts.synthetic_model_comparison.training.training_pipeline | epoch 117/200 — train start (lr=0.00385471, batches=14)
2026-08-03 20:09:29 INFO  scripts.synthetic_model_comparison.training.training_pipeline | epoch 117/200 — train done in 11.0s | avg loss_box=0.7391 loss_cls=0.5974 loss_dfl=0.0212 loss_total=85.8638
2026-08-03 20:09:29 INFO  scripts.synthetic_model_comparison.training.evaluation | evaluating on 4 batches
2026-08-03 20:09:37 INFO  scripts.synthetic_model_comparison.training.training_pipeline | epoch 117/200 — val mAP50=0.8300 mAP50_95=0.6163 (selection mAP50_95=0.6163)
2026-08-03 20:09:38 INFO  scripts.synthetic_model_comparison.training.evaluation | mlflow: logged val/mAP50=0.8300 val/mAP50_95=0.6163 (step=116)
2026-08-03 20:09:38 INFO  scripts.synthetic_model_comparison.training.evaluation | mlflow: logged val per-class AP table (12 classes)
2026-08-03 20:09:38 INFO  scripts.synthetic_model_comparison.training.training_pipeline | saved checkpoint: /home/debian/Master-Thesis/scripts/synthetic_model_comparison/training/model_exports/yolo26n-sd35m-maxlen-seed42-20260803-193051/last.pt
2026-08-03 20:09:39 INFO  scripts.synthetic_model_comparison.training.training_pipeline | epoch 117/200 done — next lr=0.00377735, epochs_since_improve=2/20
2026-08-03 20:09:39 INFO  scripts.synthetic_model_comparison.training.training_pipeline | epoch 118/200 — train start (lr=0.00377735, batches=14)
2026-08-03 20:09:50 INFO  scripts.synthetic_model_comparison.training.training_pipeline | step 1650 | loss_box=0.7443 loss_cls=0.5783 loss_dfl=0.0235 loss_total=83.9357 lr=0.00370579
2026-08-03 20:09:52 INFO  scripts.synthetic_model_comparison.training.training_pipeline | epoch 118/200 — train done in 13.2s | avg loss_box=0.7305 loss_cls=0.5389 loss_dfl=0.0217 loss_total=82.0924
2026-08-03 20:09:52 INFO  scripts.synthetic_model_comparison.training.evaluation | evaluating on 4 batches
2026-08-03 20:09:58 INFO  scripts.synthetic_model_comparison.training.training_pipeline | epoch 118/200 — val mAP50=0.8334 mAP50_95=0.5880 (selection mAP50_95=0.5880)
2026-08-03 20:09:59 INFO  scripts.synthetic_model_comparison.training.evaluation | mlflow: logged val/mAP50=0.8334 val/mAP50_95=0.5880 (step=117)
2026-08-03 20:09:59 INFO  scripts.synthetic_model_comparison.training.evaluation | mlflow: logged val per-class AP table (12 classes)
2026-08-03 20:09:59 INFO  scripts.synthetic_model_comparison.training.training_pipeline | saved checkpoint: /home/debian/Master-Thesis/scripts/synthetic_model_comparison/training/model_exports/yolo26n-sd35m-maxlen-seed42-20260803-193051/last.pt
2026-08-03 20:09:59 INFO  scripts.synthetic_model_comparison.training.training_pipeline | epoch 118/200 done — next lr=0.0037003, epochs_since_improve=3/20
2026-08-03 20:09:59 INFO  scripts.synthetic_model_comparison.training.training_pipeline | epoch 119/200 — train start (lr=0.0037003, batches=14)
2026-08-03 20:10:11 INFO  scripts.synthetic_model_comparison.training.training_pipeline | epoch 119/200 — train done in 11.4s | avg loss_box=0.7360 loss_cls=0.5511 loss_dfl=0.0215 loss_total=82.9724
2026-08-03 20:10:11 INFO  scripts.synthetic_model_comparison.training.evaluation | evaluating on 4 batches
2026-08-03 20:10:17 INFO  scripts.synthetic_model_comparison.training.training_pipeline | epoch 119/200 — val mAP50=0.8420 mAP50_95=0.6218 (selection mAP50_95=0.6218)
2026-08-03 20:10:17 INFO  scripts.synthetic_model_comparison.training.evaluation | mlflow: logged val/mAP50=0.8420 val/mAP50_95=0.6218 (step=118)
2026-08-03 20:10:18 INFO  scripts.synthetic_model_comparison.training.evaluation | mlflow: logged val per-class AP table (12 classes)
2026-08-03 20:10:18 INFO  scripts.synthetic_model_comparison.training.training_pipeline | saved checkpoint: /home/debian/Master-Thesis/scripts/synthetic_model_comparison/training/model_exports/yolo26n-sd35m-maxlen-seed42-20260803-193051/last.pt
2026-08-03 20:10:18 INFO  scripts.synthetic_model_comparison.training.training_pipeline | epoch 119/200 done — next lr=0.00362357, epochs_since_improve=4/20
2026-08-03 20:10:18 INFO  scripts.synthetic_model_comparison.training.training_pipeline | epoch 120/200 — train start (lr=0.00362357, batches=14)
2026-08-03 20:10:29 INFO  scripts.synthetic_model_comparison.training.training_pipeline | epoch 120/200 — train done in 11.3s | avg loss_box=0.7270 loss_cls=0.5514 loss_dfl=0.0211 loss_total=82.5398
2026-08-03 20:10:29 INFO  scripts.synthetic_model_comparison.training.evaluation | evaluating on 4 batches
2026-08-03 20:10:35 INFO  scripts.synthetic_model_comparison.training.training_pipeline | epoch 120/200 — val mAP50=0.8148 mAP50_95=0.6056 (selection mAP50_95=0.6056)
2026-08-03 20:10:36 INFO  scripts.synthetic_model_comparison.training.evaluation | mlflow: logged val/mAP50=0.8148 val/mAP50_95=0.6056 (step=119)
2026-08-03 20:10:36 INFO  scripts.synthetic_model_comparison.training.evaluation | mlflow: logged val per-class AP table (12 classes)
2026-08-03 20:10:36 INFO  scripts.synthetic_model_comparison.training.training_pipeline | saved checkpoint: /home/debian/Master-Thesis/scripts/synthetic_model_comparison/training/model_exports/yolo26n-sd35m-maxlen-seed42-20260803-193051/last.pt
2026-08-03 20:10:37 INFO  scripts.synthetic_model_comparison.training.training_pipeline | epoch 120/200 done — next lr=0.0035472, epochs_since_improve=5/20
2026-08-03 20:10:37 INFO  scripts.synthetic_model_comparison.training.training_pipeline | epoch 121/200 — train start (lr=0.0035472, batches=14)
2026-08-03 20:10:48 INFO  scripts.synthetic_model_comparison.training.training_pipeline | epoch 121/200 — train done in 11.3s | avg loss_box=0.7411 loss_cls=0.5446 loss_dfl=0.0216 loss_total=82.4568
2026-08-03 20:10:48 INFO  scripts.synthetic_model_comparison.training.evaluation | evaluating on 4 batches
2026-08-03 20:10:54 INFO  scripts.synthetic_model_comparison.training.training_pipeline | epoch 121/200 — val mAP50=0.7855 mAP50_95=0.5685 (selection mAP50_95=0.5685)
2026-08-03 20:10:55 INFO  scripts.synthetic_model_comparison.training.evaluation | mlflow: logged val/mAP50=0.7855 val/mAP50_95=0.5685 (step=120)
2026-08-03 20:10:55 INFO  scripts.synthetic_model_comparison.training.evaluation | mlflow: logged val per-class AP table (12 classes)
2026-08-03 20:10:55 INFO  scripts.synthetic_model_comparison.training.training_pipeline | saved checkpoint: /home/debian/Master-Thesis/scripts/synthetic_model_comparison/training/model_exports/yolo26n-sd35m-maxlen-seed42-20260803-193051/last.pt
2026-08-03 20:10:56 INFO  scripts.synthetic_model_comparison.training.training_pipeline | epoch 121/200 done — next lr=0.0034712, epochs_since_improve=6/20
2026-08-03 20:10:56 INFO  scripts.synthetic_model_comparison.training.training_pipeline | epoch 122/200 — train start (lr=0.0034712, batches=14)
2026-08-03 20:11:04 INFO  scripts.synthetic_model_comparison.training.training_pipeline | step 1700 | loss_box=0.6262 loss_cls=0.4866 loss_dfl=0.0186 loss_total=73.9306 lr=0.00343335
2026-08-03 20:11:09 INFO  scripts.synthetic_model_comparison.training.training_pipeline | epoch 122/200 — train done in 13.1s | avg loss_box=0.7016 loss_cls=0.5576 loss_dfl=0.0203 loss_total=81.4566
2026-08-03 20:11:09 INFO  scripts.synthetic_model_comparison.training.evaluation | evaluating on 4 batches
2026-08-03 20:11:15 INFO  scripts.synthetic_model_comparison.training.training_pipeline | epoch 122/200 — val mAP50=0.8465 mAP50_95=0.6240 (selection mAP50_95=0.6240)
2026-08-03 20:11:15 INFO  scripts.synthetic_model_comparison.training.evaluation | mlflow: logged val/mAP50=0.8465 val/mAP50_95=0.6240 (step=121)
2026-08-03 20:11:16 INFO  scripts.synthetic_model_comparison.training.evaluation | mlflow: logged val per-class AP table (12 classes)
2026-08-03 20:11:16 INFO  scripts.synthetic_model_comparison.training.training_pipeline | saved checkpoint: /home/debian/Master-Thesis/scripts/synthetic_model_comparison/training/model_exports/yolo26n-sd35m-maxlen-seed42-20260803-193051/last.pt
2026-08-03 20:11:16 INFO  scripts.synthetic_model_comparison.training.training_pipeline | epoch 122/200 done — next lr=0.00339559, epochs_since_improve=7/20
2026-08-03 20:11:16 INFO  scripts.synthetic_model_comparison.training.training_pipeline | epoch 123/200 — train start (lr=0.00339559, batches=14)
2026-08-03 20:11:28 INFO  scripts.synthetic_model_comparison.training.training_pipeline | epoch 123/200 — train done in 11.4s | avg loss_box=0.7136 loss_cls=0.5617 loss_dfl=0.0204 loss_total=82.0111
2026-08-03 20:11:28 INFO  scripts.synthetic_model_comparison.training.evaluation | evaluating on 4 batches
2026-08-03 20:11:35 INFO  scripts.synthetic_model_comparison.training.training_pipeline | epoch 123/200 — val mAP50=0.8620 mAP50_95=0.6396 (selection mAP50_95=0.6396)
2026-08-03 20:11:36 INFO  scripts.synthetic_model_comparison.training.evaluation | mlflow: logged val/mAP50=0.8620 val/mAP50_95=0.6396 (step=122)
2026-08-03 20:11:36 INFO  scripts.synthetic_model_comparison.training.evaluation | mlflow: logged val per-class AP table (12 classes)
2026-08-03 20:11:36 INFO  scripts.synthetic_model_comparison.training.training_pipeline | saved checkpoint: /home/debian/Master-Thesis/scripts/synthetic_model_comparison/training/model_exports/yolo26n-sd35m-maxlen-seed42-20260803-193051/best.pt
2026-08-03 20:11:36 INFO  scripts.synthetic_model_comparison.training.training_pipeline | new best mAP50_95=0.6396 at epoch 123
2026-08-03 20:11:36 INFO  scripts.synthetic_model_comparison.training.training_pipeline | saved checkpoint: /home/debian/Master-Thesis/scripts/synthetic_model_comparison/training/model_exports/yolo26n-sd35m-maxlen-seed42-20260803-193051/last.pt
2026-08-03 20:11:37 INFO  scripts.synthetic_model_comparison.training.training_pipeline | epoch 123/200 done — next lr=0.00332039, epochs_since_improve=0/20
2026-08-03 20:11:37 INFO  scripts.synthetic_model_comparison.training.training_pipeline | epoch 124/200 — train start (lr=0.00332039, batches=14)
2026-08-03 20:11:48 INFO  scripts.synthetic_model_comparison.training.training_pipeline | epoch 124/200 — train done in 11.7s | avg loss_box=0.7063 loss_cls=0.5342 loss_dfl=0.0200 loss_total=79.9045
2026-08-03 20:11:48 INFO  scripts.synthetic_model_comparison.training.evaluation | evaluating on 4 batches
2026-08-03 20:11:54 INFO  scripts.synthetic_model_comparison.training.training_pipeline | epoch 124/200 — val mAP50=0.8504 mAP50_95=0.6208 (selection mAP50_95=0.6208)
2026-08-03 20:11:55 INFO  scripts.synthetic_model_comparison.training.evaluation | mlflow: logged val/mAP50=0.8504 val/mAP50_95=0.6208 (step=123)
2026-08-03 20:11:55 INFO  scripts.synthetic_model_comparison.training.evaluation | mlflow: logged val per-class AP table (12 classes)
2026-08-03 20:11:56 INFO  scripts.synthetic_model_comparison.training.training_pipeline | saved checkpoint: /home/debian/Master-Thesis/scripts/synthetic_model_comparison/training/model_exports/yolo26n-sd35m-maxlen-seed42-20260803-193051/last.pt
2026-08-03 20:11:56 INFO  scripts.synthetic_model_comparison.training.training_pipeline | epoch 124/200 done — next lr=0.00324562, epochs_since_improve=1/20
2026-08-03 20:11:56 INFO  scripts.synthetic_model_comparison.training.training_pipeline | epoch 125/200 — train start (lr=0.00324562, batches=14)
2026-08-03 20:12:08 INFO  scripts.synthetic_model_comparison.training.training_pipeline | epoch 125/200 — train done in 11.7s | avg loss_box=0.6962 loss_cls=0.5253 loss_dfl=0.0201 loss_total=78.7567
2026-08-03 20:12:08 INFO  scripts.synthetic_model_comparison.training.evaluation | evaluating on 4 batches
2026-08-03 20:12:14 INFO  scripts.synthetic_model_comparison.training.training_pipeline | epoch 125/200 — val mAP50=0.8477 mAP50_95=0.6307 (selection mAP50_95=0.6307)
2026-08-03 20:12:15 INFO  scripts.synthetic_model_comparison.training.evaluation | mlflow: logged val/mAP50=0.8477 val/mAP50_95=0.6307 (step=124)
2026-08-03 20:12:15 INFO  scripts.synthetic_model_comparison.training.evaluation | mlflow: logged val per-class AP table (12 classes)
2026-08-03 20:12:16 INFO  scripts.synthetic_model_comparison.training.training_pipeline | saved checkpoint: /home/debian/Master-Thesis/scripts/synthetic_model_comparison/training/model_exports/yolo26n-sd35m-maxlen-seed42-20260803-193051/last.pt
2026-08-03 20:12:16 INFO  scripts.synthetic_model_comparison.training.training_pipeline | epoch 125/200 done — next lr=0.0031713, epochs_since_improve=2/20
2026-08-03 20:12:16 INFO  scripts.synthetic_model_comparison.training.training_pipeline | epoch 126/200 — train start (lr=0.0031713, batches=14)
2026-08-03 20:12:22 INFO  scripts.synthetic_model_comparison.training.training_pipeline | step 1750 | loss_box=0.7047 loss_cls=0.4606 loss_dfl=0.0213 loss_total=76.9570 lr=0.00316601
2026-08-03 20:12:28 INFO  scripts.synthetic_model_comparison.training.training_pipeline | epoch 126/200 — train done in 12.5s | avg loss_box=0.6872 loss_cls=0.5194 loss_dfl=0.0200 loss_total=78.2714
2026-08-03 20:12:28 INFO  scripts.synthetic_model_comparison.training.evaluation | evaluating on 4 batches
2026-08-03 20:12:34 INFO  scripts.synthetic_model_comparison.training.training_pipeline | epoch 126/200 — val mAP50=0.8234 mAP50_95=0.6062 (selection mAP50_95=0.6062)
2026-08-03 20:12:35 INFO  scripts.synthetic_model_comparison.training.evaluation | mlflow: logged val/mAP50=0.8234 val/mAP50_95=0.6062 (step=125)
2026-08-03 20:12:35 INFO  scripts.synthetic_model_comparison.training.evaluation | mlflow: logged val per-class AP table (12 classes)
2026-08-03 20:12:35 INFO  scripts.synthetic_model_comparison.training.training_pipeline | saved checkpoint: /home/debian/Master-Thesis/scripts/synthetic_model_comparison/training/model_exports/yolo26n-sd35m-maxlen-seed42-20260803-193051/last.pt
2026-08-03 20:12:36 INFO  scripts.synthetic_model_comparison.training.training_pipeline | epoch 126/200 done — next lr=0.00309744, epochs_since_improve=3/20
2026-08-03 20:12:36 INFO  scripts.synthetic_model_comparison.training.training_pipeline | epoch 127/200 — train start (lr=0.00309744, batches=14)
2026-08-03 20:12:47 INFO  scripts.synthetic_model_comparison.training.training_pipeline | epoch 127/200 — train done in 11.3s | avg loss_box=0.7128 loss_cls=0.5266 loss_dfl=0.0206 loss_total=79.9589
2026-08-03 20:12:47 INFO  scripts.synthetic_model_comparison.training.evaluation | evaluating on 4 batches
2026-08-03 20:12:54 INFO  scripts.synthetic_model_comparison.training.training_pipeline | epoch 127/200 — val mAP50=0.7755 mAP50_95=0.5627 (selection mAP50_95=0.5627)
2026-08-03 20:12:55 INFO  scripts.synthetic_model_comparison.training.evaluation | mlflow: logged val/mAP50=0.7755 val/mAP50_95=0.5627 (step=126)
2026-08-03 20:12:55 INFO  scripts.synthetic_model_comparison.training.evaluation | mlflow: logged val per-class AP table (12 classes)
2026-08-03 20:12:55 INFO  scripts.synthetic_model_comparison.training.training_pipeline | saved checkpoint: /home/debian/Master-Thesis/scripts/synthetic_model_comparison/training/model_exports/yolo26n-sd35m-maxlen-seed42-20260803-193051/last.pt
2026-08-03 20:12:56 INFO  scripts.synthetic_model_comparison.training.training_pipeline | epoch 127/200 done — next lr=0.00302407, epochs_since_improve=4/20
2026-08-03 20:12:56 INFO  scripts.synthetic_model_comparison.training.training_pipeline | epoch 128/200 — train start (lr=0.00302407, batches=14)
2026-08-03 20:13:07 INFO  scripts.synthetic_model_comparison.training.training_pipeline | epoch 128/200 — train done in 11.1s | avg loss_box=0.7020 loss_cls=0.5411 loss_dfl=0.0207 loss_total=79.6674
2026-08-03 20:13:07 INFO  scripts.synthetic_model_comparison.training.evaluation | evaluating on 4 batches
2026-08-03 20:13:13 INFO  scripts.synthetic_model_comparison.training.training_pipeline | epoch 128/200 — val mAP50=0.8326 mAP50_95=0.6171 (selection mAP50_95=0.6171)
2026-08-03 20:13:13 INFO  scripts.synthetic_model_comparison.training.evaluation | mlflow: logged val/mAP50=0.8326 val/mAP50_95=0.6171 (step=127)
2026-08-03 20:13:14 INFO  scripts.synthetic_model_comparison.training.evaluation | mlflow: logged val per-class AP table (12 classes)
2026-08-03 20:13:14 INFO  scripts.synthetic_model_comparison.training.training_pipeline | saved checkpoint: /home/debian/Master-Thesis/scripts/synthetic_model_comparison/training/model_exports/yolo26n-sd35m-maxlen-seed42-20260803-193051/last.pt
2026-08-03 20:13:14 INFO  scripts.synthetic_model_comparison.training.training_pipeline | epoch 128/200 done — next lr=0.0029512, epochs_since_improve=5/20
2026-08-03 20:13:14 INFO  scripts.synthetic_model_comparison.training.training_pipeline | epoch 129/200 — train start (lr=0.0029512, batches=14)
2026-08-03 20:13:24 INFO  scripts.synthetic_model_comparison.training.training_pipeline | step 1800 | loss_box=0.6441 loss_cls=0.4398 loss_dfl=0.0177 loss_total=71.4620 lr=0.00290463
2026-08-03 20:13:27 INFO  scripts.synthetic_model_comparison.training.training_pipeline | epoch 129/200 — train done in 13.0s | avg loss_box=0.6866 loss_cls=0.4869 loss_dfl=0.0197 loss_total=76.2787
2026-08-03 20:13:27 INFO  scripts.synthetic_model_comparison.training.evaluation | evaluating on 4 batches
2026-08-03 20:13:34 INFO  scripts.synthetic_model_comparison.training.training_pipeline | epoch 129/200 — val mAP50=0.8679 mAP50_95=0.6419 (selection mAP50_95=0.6419)
2026-08-03 20:13:35 INFO  scripts.synthetic_model_comparison.training.evaluation | mlflow: logged val/mAP50=0.8679 val/mAP50_95=0.6419 (step=128)
2026-08-03 20:13:35 INFO  scripts.synthetic_model_comparison.training.evaluation | mlflow: logged val per-class AP table (12 classes)
2026-08-03 20:13:35 INFO  scripts.synthetic_model_comparison.training.training_pipeline | saved checkpoint: /home/debian/Master-Thesis/scripts/synthetic_model_comparison/training/model_exports/yolo26n-sd35m-maxlen-seed42-20260803-193051/best.pt
2026-08-03 20:13:35 INFO  scripts.synthetic_model_comparison.training.training_pipeline | new best mAP50_95=0.6419 at epoch 129
2026-08-03 20:13:35 INFO  scripts.synthetic_model_comparison.training.training_pipeline | saved checkpoint: /home/debian/Master-Thesis/scripts/synthetic_model_comparison/training/model_exports/yolo26n-sd35m-maxlen-seed42-20260803-193051/last.pt
2026-08-03 20:13:36 INFO  scripts.synthetic_model_comparison.training.training_pipeline | epoch 129/200 done — next lr=0.00287885, epochs_since_improve=0/20
2026-08-03 20:13:36 INFO  scripts.synthetic_model_comparison.training.training_pipeline | epoch 130/200 — train start (lr=0.00287885, batches=14)
2026-08-03 20:13:47 INFO  scripts.synthetic_model_comparison.training.training_pipeline | epoch 130/200 — train done in 11.3s | avg loss_box=0.6935 loss_cls=0.4983 loss_dfl=0.0204 loss_total=77.3029
2026-08-03 20:13:47 INFO  scripts.synthetic_model_comparison.training.evaluation | evaluating on 4 batches
2026-08-03 20:13:53 INFO  scripts.synthetic_model_comparison.training.training_pipeline | epoch 130/200 — val mAP50=0.8515 mAP50_95=0.6254 (selection mAP50_95=0.6254)
2026-08-03 20:13:53 INFO  scripts.synthetic_model_comparison.training.evaluation | mlflow: logged val/mAP50=0.8515 val/mAP50_95=0.6254 (step=129)
2026-08-03 20:13:54 INFO  scripts.synthetic_model_comparison.training.evaluation | mlflow: logged val per-class AP table (12 classes)
2026-08-03 20:13:54 INFO  scripts.synthetic_model_comparison.training.training_pipeline | saved checkpoint: /home/debian/Master-Thesis/scripts/synthetic_model_comparison/training/model_exports/yolo26n-sd35m-maxlen-seed42-20260803-193051/last.pt
2026-08-03 20:13:54 INFO  scripts.synthetic_model_comparison.training.training_pipeline | epoch 130/200 done — next lr=0.00280704, epochs_since_improve=1/20
2026-08-03 20:13:54 INFO  scripts.synthetic_model_comparison.training.training_pipeline | epoch 131/200 — train start (lr=0.00280704, batches=14)
2026-08-03 20:14:05 INFO  scripts.synthetic_model_comparison.training.training_pipeline | epoch 131/200 — train done in 11.2s | avg loss_box=0.6903 loss_cls=0.4732 loss_dfl=0.0199 loss_total=75.6500
2026-08-03 20:14:05 INFO  scripts.synthetic_model_comparison.training.evaluation | evaluating on 4 batches
2026-08-03 20:14:12 INFO  scripts.synthetic_model_comparison.training.training_pipeline | epoch 131/200 — val mAP50=0.8640 mAP50_95=0.6491 (selection mAP50_95=0.6491)
2026-08-03 20:14:12 INFO  scripts.synthetic_model_comparison.training.evaluation | mlflow: logged val/mAP50=0.8640 val/mAP50_95=0.6491 (step=130)
2026-08-03 20:14:13 INFO  scripts.synthetic_model_comparison.training.evaluation | mlflow: logged val per-class AP table (12 classes)
2026-08-03 20:14:13 INFO  scripts.synthetic_model_comparison.training.training_pipeline | saved checkpoint: /home/debian/Master-Thesis/scripts/synthetic_model_comparison/training/model_exports/yolo26n-sd35m-maxlen-seed42-20260803-193051/best.pt
2026-08-03 20:14:13 INFO  scripts.synthetic_model_comparison.training.training_pipeline | new best mAP50_95=0.6491 at epoch 131
2026-08-03 20:14:13 INFO  scripts.synthetic_model_comparison.training.training_pipeline | saved checkpoint: /home/debian/Master-Thesis/scripts/synthetic_model_comparison/training/model_exports/yolo26n-sd35m-maxlen-seed42-20260803-193051/last.pt
2026-08-03 20:14:13 INFO  scripts.synthetic_model_comparison.training.training_pipeline | epoch 131/200 done — next lr=0.0027358, epochs_since_improve=0/20
2026-08-03 20:14:13 INFO  scripts.synthetic_model_comparison.training.training_pipeline | epoch 132/200 — train start (lr=0.0027358, batches=14)
2026-08-03 20:14:25 INFO  scripts.synthetic_model_comparison.training.training_pipeline | epoch 132/200 — train done in 11.5s | avg loss_box=0.6556 loss_cls=0.4819 loss_dfl=0.0187 loss_total=73.9868
2026-08-03 20:14:25 INFO  scripts.synthetic_model_comparison.training.evaluation | evaluating on 4 batches
2026-08-03 20:14:31 INFO  scripts.synthetic_model_comparison.training.training_pipeline | epoch 132/200 — val mAP50=0.8650 mAP50_95=0.6575 (selection mAP50_95=0.6575)
2026-08-03 20:14:32 INFO  scripts.synthetic_model_comparison.training.evaluation | mlflow: logged val/mAP50=0.8650 val/mAP50_95=0.6575 (step=131)
2026-08-03 20:14:32 INFO  scripts.synthetic_model_comparison.training.evaluation | mlflow: logged val per-class AP table (12 classes)
2026-08-03 20:14:32 INFO  scripts.synthetic_model_comparison.training.training_pipeline | saved checkpoint: /home/debian/Master-Thesis/scripts/synthetic_model_comparison/training/model_exports/yolo26n-sd35m-maxlen-seed42-20260803-193051/best.pt
2026-08-03 20:14:32 INFO  scripts.synthetic_model_comparison.training.training_pipeline | new best mAP50_95=0.6575 at epoch 132
2026-08-03 20:14:32 INFO  scripts.synthetic_model_comparison.training.training_pipeline | saved checkpoint: /home/debian/Master-Thesis/scripts/synthetic_model_comparison/training/model_exports/yolo26n-sd35m-maxlen-seed42-20260803-193051/last.pt
2026-08-03 20:14:33 INFO  scripts.synthetic_model_comparison.training.training_pipeline | epoch 132/200 done — next lr=0.00266513, epochs_since_improve=0/20
2026-08-03 20:14:33 INFO  scripts.synthetic_model_comparison.training.training_pipeline | epoch 133/200 — train start (lr=0.00266513, batches=14)
2026-08-03 20:14:39 INFO  scripts.synthetic_model_comparison.training.training_pipeline | step 1850 | loss_box=0.5390 loss_cls=0.4201 loss_dfl=0.0161 loss_total=62.5553 lr=0.00265006
2026-08-03 20:14:45 INFO  scripts.synthetic_model_comparison.training.training_pipeline | epoch 133/200 — train done in 12.2s | avg loss_box=0.6603 loss_cls=0.4701 loss_dfl=0.0191 loss_total=73.6618
2026-08-03 20:14:45 INFO  scripts.synthetic_model_comparison.training.evaluation | evaluating on 4 batches
2026-08-03 20:14:52 INFO  scripts.synthetic_model_comparison.training.training_pipeline | epoch 133/200 — val mAP50=0.8428 mAP50_95=0.6387 (selection mAP50_95=0.6387)
2026-08-03 20:14:53 INFO  scripts.synthetic_model_comparison.training.evaluation | mlflow: logged val/mAP50=0.8428 val/mAP50_95=0.6387 (step=132)
2026-08-03 20:14:53 INFO  scripts.synthetic_model_comparison.training.evaluation | mlflow: logged val per-class AP table (12 classes)
2026-08-03 20:14:54 INFO  scripts.synthetic_model_comparison.training.training_pipeline | saved checkpoint: /home/debian/Master-Thesis/scripts/synthetic_model_comparison/training/model_exports/yolo26n-sd35m-maxlen-seed42-20260803-193051/last.pt
2026-08-03 20:14:54 INFO  scripts.synthetic_model_comparison.training.training_pipeline | epoch 133/200 done — next lr=0.00259505, epochs_since_improve=1/20
2026-08-03 20:14:54 INFO  scripts.synthetic_model_comparison.training.training_pipeline | epoch 134/200 — train start (lr=0.00259505, batches=14)
2026-08-03 20:15:05 INFO  scripts.synthetic_model_comparison.training.training_pipeline | epoch 134/200 — train done in 11.2s | avg loss_box=0.6400 loss_cls=0.4817 loss_dfl=0.0188 loss_total=72.6290
2026-08-03 20:15:05 INFO  scripts.synthetic_model_comparison.training.evaluation | evaluating on 4 batches
2026-08-03 20:15:11 INFO  scripts.synthetic_model_comparison.training.training_pipeline | epoch 134/200 — val mAP50=0.8309 mAP50_95=0.6253 (selection mAP50_95=0.6253)
2026-08-03 20:15:12 INFO  scripts.synthetic_model_comparison.training.evaluation | mlflow: logged val/mAP50=0.8309 val/mAP50_95=0.6253 (step=133)
2026-08-03 20:15:12 INFO  scripts.synthetic_model_comparison.training.evaluation | mlflow: logged val per-class AP table (12 classes)
2026-08-03 20:15:12 INFO  scripts.synthetic_model_comparison.training.training_pipeline | saved checkpoint: /home/debian/Master-Thesis/scripts/synthetic_model_comparison/training/model_exports/yolo26n-sd35m-maxlen-seed42-20260803-193051/last.pt
2026-08-03 20:15:12 INFO  scripts.synthetic_model_comparison.training.training_pipeline | epoch 134/200 done — next lr=0.00252559, epochs_since_improve=2/20
2026-08-03 20:15:12 INFO  scripts.synthetic_model_comparison.training.training_pipeline | epoch 135/200 — train start (lr=0.00252559, batches=14)
2026-08-03 20:15:24 INFO  scripts.synthetic_model_comparison.training.training_pipeline | epoch 135/200 — train done in 11.3s | avg loss_box=0.6456 loss_cls=0.4394 loss_dfl=0.0187 loss_total=71.3480
2026-08-03 20:15:24 INFO  scripts.synthetic_model_comparison.training.evaluation | evaluating on 4 batches
2026-08-03 20:15:30 INFO  scripts.synthetic_model_comparison.training.training_pipeline | epoch 135/200 — val mAP50=0.8775 mAP50_95=0.6574 (selection mAP50_95=0.6574)
2026-08-03 20:15:30 INFO  scripts.synthetic_model_comparison.training.evaluation | mlflow: logged val/mAP50=0.8775 val/mAP50_95=0.6574 (step=134)
2026-08-03 20:15:31 INFO  scripts.synthetic_model_comparison.training.evaluation | mlflow: logged val per-class AP table (12 classes)
2026-08-03 20:15:31 INFO  scripts.synthetic_model_comparison.training.training_pipeline | saved checkpoint: /home/debian/Master-Thesis/scripts/synthetic_model_comparison/training/model_exports/yolo26n-sd35m-maxlen-seed42-20260803-193051/last.pt
2026-08-03 20:15:31 INFO  scripts.synthetic_model_comparison.training.training_pipeline | epoch 135/200 done — next lr=0.00245676, epochs_since_improve=3/20
2026-08-03 20:15:31 INFO  scripts.synthetic_model_comparison.training.training_pipeline | epoch 136/200 — train start (lr=0.00245676, batches=14)
2026-08-03 20:15:42 INFO  scripts.synthetic_model_comparison.training.training_pipeline | step 1900 | loss_box=0.6245 loss_cls=0.4213 loss_dfl=0.0186 loss_total=68.5964 lr=0.00240313
2026-08-03 20:15:44 INFO  scripts.synthetic_model_comparison.training.training_pipeline | epoch 136/200 — train done in 13.2s | avg loss_box=0.6362 loss_cls=0.4486 loss_dfl=0.0180 loss_total=70.7874
2026-08-03 20:15:44 INFO  scripts.synthetic_model_comparison.training.evaluation | evaluating on 4 batches
2026-08-03 20:15:52 INFO  scripts.synthetic_model_comparison.training.training_pipeline | epoch 136/200 — val mAP50=0.8649 mAP50_95=0.6401 (selection mAP50_95=0.6401)
2026-08-03 20:15:53 INFO  scripts.synthetic_model_comparison.training.evaluation | mlflow: logged val/mAP50=0.8649 val/mAP50_95=0.6401 (step=135)
2026-08-03 20:15:53 INFO  scripts.synthetic_model_comparison.training.evaluation | mlflow: logged val per-class AP table (12 classes)
2026-08-03 20:15:53 INFO  scripts.synthetic_model_comparison.training.training_pipeline | saved checkpoint: /home/debian/Master-Thesis/scripts/synthetic_model_comparison/training/model_exports/yolo26n-sd35m-maxlen-seed42-20260803-193051/last.pt
2026-08-03 20:15:54 INFO  scripts.synthetic_model_comparison.training.training_pipeline | epoch 136/200 done — next lr=0.00238857, epochs_since_improve=4/20
2026-08-03 20:15:54 INFO  scripts.synthetic_model_comparison.training.training_pipeline | epoch 137/200 — train start (lr=0.00238857, batches=14)
2026-08-03 20:16:05 INFO  scripts.synthetic_model_comparison.training.training_pipeline | epoch 137/200 — train done in 11.4s | avg loss_box=0.6509 loss_cls=0.4648 loss_dfl=0.0184 loss_total=72.8091
2026-08-03 20:16:05 INFO  scripts.synthetic_model_comparison.training.evaluation | evaluating on 4 batches
2026-08-03 20:16:11 INFO  scripts.synthetic_model_comparison.training.training_pipeline | epoch 137/200 — val mAP50=0.8306 mAP50_95=0.6158 (selection mAP50_95=0.6158)
2026-08-03 20:16:12 INFO  scripts.synthetic_model_comparison.training.evaluation | mlflow: logged val/mAP50=0.8306 val/mAP50_95=0.6158 (step=136)
2026-08-03 20:16:12 INFO  scripts.synthetic_model_comparison.training.evaluation | mlflow: logged val per-class AP table (12 classes)
2026-08-03 20:16:12 INFO  scripts.synthetic_model_comparison.training.training_pipeline | saved checkpoint: /home/debian/Master-Thesis/scripts/synthetic_model_comparison/training/model_exports/yolo26n-sd35m-maxlen-seed42-20260803-193051/last.pt
2026-08-03 20:16:13 INFO  scripts.synthetic_model_comparison.training.training_pipeline | epoch 137/200 done — next lr=0.00232106, epochs_since_improve=5/20
2026-08-03 20:16:13 INFO  scripts.synthetic_model_comparison.training.training_pipeline | epoch 138/200 — train start (lr=0.00232106, batches=14)
2026-08-03 20:16:24 INFO  scripts.synthetic_model_comparison.training.training_pipeline | epoch 138/200 — train done in 11.3s | avg loss_box=0.6324 loss_cls=0.4383 loss_dfl=0.0183 loss_total=69.9926
2026-08-03 20:16:24 INFO  scripts.synthetic_model_comparison.training.evaluation | evaluating on 4 batches
2026-08-03 20:16:30 INFO  scripts.synthetic_model_comparison.training.training_pipeline | epoch 138/200 — val mAP50=0.8722 mAP50_95=0.6535 (selection mAP50_95=0.6535)
2026-08-03 20:16:30 INFO  scripts.synthetic_model_comparison.training.evaluation | mlflow: logged val/mAP50=0.8722 val/mAP50_95=0.6535 (step=137)
2026-08-03 20:16:31 INFO  scripts.synthetic_model_comparison.training.evaluation | mlflow: logged val per-class AP table (12 classes)
2026-08-03 20:16:31 INFO  scripts.synthetic_model_comparison.training.training_pipeline | saved checkpoint: /home/debian/Master-Thesis/scripts/synthetic_model_comparison/training/model_exports/yolo26n-sd35m-maxlen-seed42-20260803-193051/last.pt
2026-08-03 20:16:31 INFO  scripts.synthetic_model_comparison.training.training_pipeline | epoch 138/200 done — next lr=0.00225422, epochs_since_improve=6/20
2026-08-03 20:16:31 INFO  scripts.synthetic_model_comparison.training.training_pipeline | epoch 139/200 — train start (lr=0.00225422, batches=14)
2026-08-03 20:16:43 INFO  scripts.synthetic_model_comparison.training.training_pipeline | epoch 139/200 — train done in 11.8s | avg loss_box=0.6105 loss_cls=0.4329 loss_dfl=0.0179 loss_total=68.8261
2026-08-03 20:16:43 INFO  scripts.synthetic_model_comparison.training.evaluation | evaluating on 4 batches
2026-08-03 20:16:49 INFO  scripts.synthetic_model_comparison.training.training_pipeline | epoch 139/200 — val mAP50=0.8606 mAP50_95=0.6510 (selection mAP50_95=0.6510)
2026-08-03 20:16:50 INFO  scripts.synthetic_model_comparison.training.evaluation | mlflow: logged val/mAP50=0.8606 val/mAP50_95=0.6510 (step=138)
2026-08-03 20:16:50 INFO  scripts.synthetic_model_comparison.training.evaluation | mlflow: logged val per-class AP table (12 classes)
2026-08-03 20:16:50 INFO  scripts.synthetic_model_comparison.training.training_pipeline | saved checkpoint: /home/debian/Master-Thesis/scripts/synthetic_model_comparison/training/model_exports/yolo26n-sd35m-maxlen-seed42-20260803-193051/last.pt
2026-08-03 20:16:50 INFO  scripts.synthetic_model_comparison.training.training_pipeline | epoch 139/200 done — next lr=0.00218808, epochs_since_improve=7/20
2026-08-03 20:16:50 INFO  scripts.synthetic_model_comparison.training.training_pipeline | epoch 140/200 — train start (lr=0.00218808, batches=14)
2026-08-03 20:16:58 INFO  scripts.synthetic_model_comparison.training.training_pipeline | step 1950 | loss_box=0.6504 loss_cls=0.5144 loss_dfl=0.0188 loss_total=74.8029 lr=0.00216464
2026-08-03 20:17:03 INFO  scripts.synthetic_model_comparison.training.training_pipeline | epoch 140/200 — train done in 12.7s | avg loss_box=0.6213 loss_cls=0.4355 loss_dfl=0.0178 loss_total=69.4008
2026-08-03 20:17:03 INFO  scripts.synthetic_model_comparison.training.evaluation | evaluating on 4 batches
2026-08-03 20:17:10 INFO  scripts.synthetic_model_comparison.training.training_pipeline | epoch 140/200 — val mAP50=0.8528 mAP50_95=0.6456 (selection mAP50_95=0.6456)
2026-08-03 20:17:11 INFO  scripts.synthetic_model_comparison.training.evaluation | mlflow: logged val/mAP50=0.8528 val/mAP50_95=0.6456 (step=139)
2026-08-03 20:17:11 INFO  scripts.synthetic_model_comparison.training.evaluation | mlflow: logged val per-class AP table (12 classes)
2026-08-03 20:17:11 INFO  scripts.synthetic_model_comparison.training.training_pipeline | saved checkpoint: /home/debian/Master-Thesis/scripts/synthetic_model_comparison/training/model_exports/yolo26n-sd35m-maxlen-seed42-20260803-193051/last.pt
2026-08-03 20:17:12 INFO  scripts.synthetic_model_comparison.training.training_pipeline | epoch 140/200 done — next lr=0.00212266, epochs_since_improve=8/20
2026-08-03 20:17:12 INFO  scripts.synthetic_model_comparison.training.training_pipeline | epoch 141/200 — train start (lr=0.00212266, batches=14)
2026-08-03 20:17:23 INFO  scripts.synthetic_model_comparison.training.training_pipeline | epoch 141/200 — train done in 11.5s | avg loss_box=0.6166 loss_cls=0.4573 loss_dfl=0.0179 loss_total=70.2924
2026-08-03 20:17:23 INFO  scripts.synthetic_model_comparison.training.evaluation | evaluating on 4 batches
2026-08-03 20:17:29 INFO  scripts.synthetic_model_comparison.training.training_pipeline | epoch 141/200 — val mAP50=0.8673 mAP50_95=0.6574 (selection mAP50_95=0.6574)
2026-08-03 20:17:30 INFO  scripts.synthetic_model_comparison.training.evaluation | mlflow: logged val/mAP50=0.8673 val/mAP50_95=0.6574 (step=140)
2026-08-03 20:17:30 INFO  scripts.synthetic_model_comparison.training.evaluation | mlflow: logged val per-class AP table (12 classes)
2026-08-03 20:17:30 INFO  scripts.synthetic_model_comparison.training.training_pipeline | saved checkpoint: /home/debian/Master-Thesis/scripts/synthetic_model_comparison/training/model_exports/yolo26n-sd35m-maxlen-seed42-20260803-193051/last.pt
2026-08-03 20:17:31 INFO  scripts.synthetic_model_comparison.training.training_pipeline | epoch 141/200 done — next lr=0.00205798, epochs_since_improve=9/20
2026-08-03 20:17:31 INFO  scripts.synthetic_model_comparison.training.training_pipeline | epoch 142/200 — train start (lr=0.00205798, batches=14)
2026-08-03 20:17:42 INFO  scripts.synthetic_model_comparison.training.training_pipeline | epoch 142/200 — train done in 10.9s | avg loss_box=0.6385 loss_cls=0.4662 loss_dfl=0.0181 loss_total=71.4440
2026-08-03 20:17:42 INFO  scripts.synthetic_model_comparison.training.evaluation | evaluating on 4 batches
2026-08-03 20:17:48 INFO  scripts.synthetic_model_comparison.training.training_pipeline | epoch 142/200 — val mAP50=0.8694 mAP50_95=0.6591 (selection mAP50_95=0.6591)
2026-08-03 20:17:48 INFO  scripts.synthetic_model_comparison.training.evaluation | mlflow: logged val/mAP50=0.8694 val/mAP50_95=0.6591 (step=141)
2026-08-03 20:17:49 INFO  scripts.synthetic_model_comparison.training.evaluation | mlflow: logged val per-class AP table (12 classes)
2026-08-03 20:17:49 INFO  scripts.synthetic_model_comparison.training.training_pipeline | saved checkpoint: /home/debian/Master-Thesis/scripts/synthetic_model_comparison/training/model_exports/yolo26n-sd35m-maxlen-seed42-20260803-193051/best.pt
2026-08-03 20:17:49 INFO  scripts.synthetic_model_comparison.training.training_pipeline | new best mAP50_95=0.6591 at epoch 142
2026-08-03 20:17:49 INFO  scripts.synthetic_model_comparison.training.training_pipeline | saved checkpoint: /home/debian/Master-Thesis/scripts/synthetic_model_comparison/training/model_exports/yolo26n-sd35m-maxlen-seed42-20260803-193051/last.pt
2026-08-03 20:17:50 INFO  scripts.synthetic_model_comparison.training.training_pipeline | epoch 142/200 done — next lr=0.00199404, epochs_since_improve=0/20
2026-08-03 20:17:50 INFO  scripts.synthetic_model_comparison.training.training_pipeline | epoch 143/200 — train start (lr=0.00199404, batches=14)
2026-08-03 20:18:02 INFO  scripts.synthetic_model_comparison.training.training_pipeline | step 2000 | loss_box=0.6235 loss_cls=0.3729 loss_dfl=0.0190 loss_total=65.4370 lr=0.00193535
2026-08-03 20:18:04 INFO  scripts.synthetic_model_comparison.training.training_pipeline | epoch 143/200 — train done in 14.1s | avg loss_box=0.6233 loss_cls=0.4256 loss_dfl=0.0180 loss_total=68.6520
2026-08-03 20:18:04 INFO  scripts.synthetic_model_comparison.training.evaluation | evaluating on 4 batches
2026-08-03 20:18:09 INFO  scripts.synthetic_model_comparison.training.training_pipeline | epoch 143/200 — val mAP50=0.8645 mAP50_95=0.6511 (selection mAP50_95=0.6511)
2026-08-03 20:18:10 INFO  scripts.synthetic_model_comparison.training.evaluation | mlflow: logged val/mAP50=0.8645 val/mAP50_95=0.6511 (step=142)
2026-08-03 20:18:10 INFO  scripts.synthetic_model_comparison.training.evaluation | mlflow: logged val per-class AP table (12 classes)
2026-08-03 20:18:11 INFO  scripts.synthetic_model_comparison.training.training_pipeline | saved checkpoint: /home/debian/Master-Thesis/scripts/synthetic_model_comparison/training/model_exports/yolo26n-sd35m-maxlen-seed42-20260803-193051/last.pt
2026-08-03 20:18:11 INFO  scripts.synthetic_model_comparison.training.training_pipeline | epoch 143/200 done — next lr=0.00193087, epochs_since_improve=1/20
2026-08-03 20:18:11 INFO  scripts.synthetic_model_comparison.training.training_pipeline | epoch 144/200 — train start (lr=0.00193087, batches=14)
2026-08-03 20:18:22 INFO  scripts.synthetic_model_comparison.training.training_pipeline | epoch 144/200 — train done in 11.4s | avg loss_box=0.6146 loss_cls=0.4147 loss_dfl=0.0178 loss_total=67.9886
2026-08-03 20:18:22 INFO  scripts.synthetic_model_comparison.training.evaluation | evaluating on 4 batches
2026-08-03 20:18:28 INFO  scripts.synthetic_model_comparison.training.training_pipeline | epoch 144/200 — val mAP50=0.8629 mAP50_95=0.6506 (selection mAP50_95=0.6506)
2026-08-03 20:18:29 INFO  scripts.synthetic_model_comparison.training.evaluation | mlflow: logged val/mAP50=0.8629 val/mAP50_95=0.6506 (step=143)
2026-08-03 20:18:29 INFO  scripts.synthetic_model_comparison.training.evaluation | mlflow: logged val per-class AP table (12 classes)
2026-08-03 20:18:29 INFO  scripts.synthetic_model_comparison.training.training_pipeline | saved checkpoint: /home/debian/Master-Thesis/scripts/synthetic_model_comparison/training/model_exports/yolo26n-sd35m-maxlen-seed42-20260803-193051/last.pt
2026-08-03 20:18:30 INFO  scripts.synthetic_model_comparison.training.training_pipeline | epoch 144/200 done — next lr=0.00186848, epochs_since_improve=2/20
2026-08-03 20:18:30 INFO  scripts.synthetic_model_comparison.training.training_pipeline | epoch 145/200 — train start (lr=0.00186848, batches=14)
2026-08-03 20:18:41 INFO  scripts.synthetic_model_comparison.training.training_pipeline | epoch 145/200 — train done in 11.4s | avg loss_box=0.6092 loss_cls=0.4258 loss_dfl=0.0177 loss_total=67.7715
2026-08-03 20:18:41 INFO  scripts.synthetic_model_comparison.training.evaluation | evaluating on 4 batches
2026-08-03 20:18:47 INFO  scripts.synthetic_model_comparison.training.training_pipeline | epoch 145/200 — val mAP50=0.8553 mAP50_95=0.6485 (selection mAP50_95=0.6485)
2026-08-03 20:18:48 INFO  scripts.synthetic_model_comparison.training.evaluation | mlflow: logged val/mAP50=0.8553 val/mAP50_95=0.6485 (step=144)
2026-08-03 20:18:48 INFO  scripts.synthetic_model_comparison.training.evaluation | mlflow: logged val per-class AP table (12 classes)
2026-08-03 20:18:48 INFO  scripts.synthetic_model_comparison.training.training_pipeline | saved checkpoint: /home/debian/Master-Thesis/scripts/synthetic_model_comparison/training/model_exports/yolo26n-sd35m-maxlen-seed42-20260803-193051/last.pt
2026-08-03 20:18:49 INFO  scripts.synthetic_model_comparison.training.training_pipeline | epoch 145/200 done — next lr=0.00180688, epochs_since_improve=3/20
2026-08-03 20:18:49 INFO  scripts.synthetic_model_comparison.training.training_pipeline | epoch 146/200 — train start (lr=0.00180688, batches=14)
2026-08-03 20:19:00 INFO  scripts.synthetic_model_comparison.training.training_pipeline | epoch 146/200 — train done in 11.6s | avg loss_box=0.6070 loss_cls=0.4216 loss_dfl=0.0172 loss_total=67.3739
2026-08-03 20:19:00 INFO  scripts.synthetic_model_comparison.training.evaluation | evaluating on 4 batches
2026-08-03 20:19:06 INFO  scripts.synthetic_model_comparison.training.training_pipeline | epoch 146/200 — val mAP50=0.8599 mAP50_95=0.6469 (selection mAP50_95=0.6469)
2026-08-03 20:19:07 INFO  scripts.synthetic_model_comparison.training.evaluation | mlflow: logged val/mAP50=0.8599 val/mAP50_95=0.6469 (step=145)
2026-08-03 20:19:07 INFO  scripts.synthetic_model_comparison.training.evaluation | mlflow: logged val per-class AP table (12 classes)
2026-08-03 20:19:08 INFO  scripts.synthetic_model_comparison.training.training_pipeline | saved checkpoint: /home/debian/Master-Thesis/scripts/synthetic_model_comparison/training/model_exports/yolo26n-sd35m-maxlen-seed42-20260803-193051/last.pt
2026-08-03 20:19:08 INFO  scripts.synthetic_model_comparison.training.training_pipeline | epoch 146/200 done — next lr=0.00174611, epochs_since_improve=4/20
2026-08-03 20:19:08 INFO  scripts.synthetic_model_comparison.training.training_pipeline | epoch 147/200 — train start (lr=0.00174611, batches=14)
2026-08-03 20:19:17 INFO  scripts.synthetic_model_comparison.training.training_pipeline | step 2050 | loss_box=0.5725 loss_cls=0.5281 loss_dfl=0.0179 loss_total=71.7168 lr=0.00171603
2026-08-03 20:19:21 INFO  scripts.synthetic_model_comparison.training.training_pipeline | epoch 147/200 — train done in 13.3s | avg loss_box=0.6106 loss_cls=0.4489 loss_dfl=0.0177 loss_total=69.1151
2026-08-03 20:19:21 INFO  scripts.synthetic_model_comparison.training.evaluation | evaluating on 4 batches
2026-08-03 20:19:29 INFO  scripts.synthetic_model_comparison.training.training_pipeline | epoch 147/200 — val mAP50=0.8755 mAP50_95=0.6658 (selection mAP50_95=0.6658)
2026-08-03 20:19:29 INFO  scripts.synthetic_model_comparison.training.evaluation | mlflow: logged val/mAP50=0.8755 val/mAP50_95=0.6658 (step=146)
2026-08-03 20:19:30 INFO  scripts.synthetic_model_comparison.training.evaluation | mlflow: logged val per-class AP table (12 classes)
2026-08-03 20:19:30 INFO  scripts.synthetic_model_comparison.training.training_pipeline | saved checkpoint: /home/debian/Master-Thesis/scripts/synthetic_model_comparison/training/model_exports/yolo26n-sd35m-maxlen-seed42-20260803-193051/best.pt
2026-08-03 20:19:30 INFO  scripts.synthetic_model_comparison.training.training_pipeline | new best mAP50_95=0.6658 at epoch 147
2026-08-03 20:19:30 INFO  scripts.synthetic_model_comparison.training.training_pipeline | saved checkpoint: /home/debian/Master-Thesis/scripts/synthetic_model_comparison/training/model_exports/yolo26n-sd35m-maxlen-seed42-20260803-193051/last.pt
2026-08-03 20:19:30 INFO  scripts.synthetic_model_comparison.training.training_pipeline | epoch 147/200 done — next lr=0.00168616, epochs_since_improve=0/20
2026-08-03 20:19:30 INFO  scripts.synthetic_model_comparison.training.training_pipeline | epoch 148/200 — train start (lr=0.00168616, batches=14)
2026-08-03 20:19:43 INFO  scripts.synthetic_model_comparison.training.training_pipeline | epoch 148/200 — train done in 12.4s | avg loss_box=0.6033 loss_cls=0.4239 loss_dfl=0.0175 loss_total=67.0425
2026-08-03 20:19:43 INFO  scripts.synthetic_model_comparison.training.evaluation | evaluating on 4 batches
2026-08-03 20:19:49 INFO  scripts.synthetic_model_comparison.training.training_pipeline | epoch 148/200 — val mAP50=0.8681 mAP50_95=0.6614 (selection mAP50_95=0.6614)
2026-08-03 20:19:50 INFO  scripts.synthetic_model_comparison.training.evaluation | mlflow: logged val/mAP50=0.8681 val/mAP50_95=0.6614 (step=147)
2026-08-03 20:19:50 INFO  scripts.synthetic_model_comparison.training.evaluation | mlflow: logged val per-class AP table (12 classes)
2026-08-03 20:19:50 INFO  scripts.synthetic_model_comparison.training.training_pipeline | saved checkpoint: /home/debian/Master-Thesis/scripts/synthetic_model_comparison/training/model_exports/yolo26n-sd35m-maxlen-seed42-20260803-193051/last.pt
2026-08-03 20:19:50 INFO  scripts.synthetic_model_comparison.training.training_pipeline | epoch 148/200 done — next lr=0.00162705, epochs_since_improve=1/20
2026-08-03 20:19:50 INFO  scripts.synthetic_model_comparison.training.training_pipeline | epoch 149/200 — train start (lr=0.00162705, batches=14)
2026-08-03 20:20:02 INFO  scripts.synthetic_model_comparison.training.training_pipeline | epoch 149/200 — train done in 11.2s | avg loss_box=0.5818 loss_cls=0.4208 loss_dfl=0.0168 loss_total=65.6232
2026-08-03 20:20:02 INFO  scripts.synthetic_model_comparison.training.evaluation | evaluating on 4 batches
2026-08-03 20:20:08 INFO  scripts.synthetic_model_comparison.training.training_pipeline | epoch 149/200 — val mAP50=0.8684 mAP50_95=0.6594 (selection mAP50_95=0.6594)
2026-08-03 20:20:08 INFO  scripts.synthetic_model_comparison.training.evaluation | mlflow: logged val/mAP50=0.8684 val/mAP50_95=0.6594 (step=148)
2026-08-03 20:20:09 INFO  scripts.synthetic_model_comparison.training.evaluation | mlflow: logged val per-class AP table (12 classes)
2026-08-03 20:20:09 INFO  scripts.synthetic_model_comparison.training.training_pipeline | saved checkpoint: /home/debian/Master-Thesis/scripts/synthetic_model_comparison/training/model_exports/yolo26n-sd35m-maxlen-seed42-20260803-193051/last.pt
2026-08-03 20:20:09 INFO  scripts.synthetic_model_comparison.training.training_pipeline | epoch 149/200 done — next lr=0.0015688, epochs_since_improve=2/20
2026-08-03 20:20:09 INFO  scripts.synthetic_model_comparison.training.training_pipeline | epoch 150/200 — train start (lr=0.0015688, batches=14)
2026-08-03 20:20:20 INFO  scripts.synthetic_model_comparison.training.training_pipeline | epoch 150/200 — train done in 11.1s | avg loss_box=0.5810 loss_cls=0.4010 loss_dfl=0.0167 loss_total=64.7525
2026-08-03 20:20:20 INFO  scripts.synthetic_model_comparison.training.evaluation | evaluating on 4 batches
2026-08-03 20:20:26 INFO  scripts.synthetic_model_comparison.training.training_pipeline | epoch 150/200 — val mAP50=0.8696 mAP50_95=0.6552 (selection mAP50_95=0.6552)
2026-08-03 20:20:27 INFO  scripts.synthetic_model_comparison.training.evaluation | mlflow: logged val/mAP50=0.8696 val/mAP50_95=0.6552 (step=149)
2026-08-03 20:20:27 INFO  scripts.synthetic_model_comparison.training.evaluation | mlflow: logged val per-class AP table (12 classes)
2026-08-03 20:20:27 INFO  scripts.synthetic_model_comparison.training.training_pipeline | saved checkpoint: /home/debian/Master-Thesis/scripts/synthetic_model_comparison/training/model_exports/yolo26n-sd35m-maxlen-seed42-20260803-193051/last.pt
2026-08-03 20:20:28 INFO  scripts.synthetic_model_comparison.training.training_pipeline | epoch 150/200 done — next lr=0.00151143, epochs_since_improve=3/20
2026-08-03 20:20:28 INFO  scripts.synthetic_model_comparison.training.training_pipeline | epoch 151/200 — train start (lr=0.00151143, batches=14)
2026-08-03 20:20:33 INFO  scripts.synthetic_model_comparison.training.training_pipeline | step 2100 | loss_box=0.5062 loss_cls=0.3103 loss_dfl=0.0138 loss_total=55.8152 lr=0.00150736
2026-08-03 20:20:40 INFO  scripts.synthetic_model_comparison.training.training_pipeline | epoch 151/200 — train done in 12.1s | avg loss_box=0.5755 loss_cls=0.3997 loss_dfl=0.0165 loss_total=64.5422
2026-08-03 20:20:40 INFO  scripts.synthetic_model_comparison.training.evaluation | evaluating on 4 batches
2026-08-03 20:20:46 INFO  scripts.synthetic_model_comparison.training.training_pipeline | epoch 151/200 — val mAP50=0.8826 mAP50_95=0.6721 (selection mAP50_95=0.6721)
2026-08-03 20:20:47 INFO  scripts.synthetic_model_comparison.training.evaluation | mlflow: logged val/mAP50=0.8826 val/mAP50_95=0.6721 (step=150)
2026-08-03 20:20:47 INFO  scripts.synthetic_model_comparison.training.evaluation | mlflow: logged val per-class AP table (12 classes)
2026-08-03 20:20:47 INFO  scripts.synthetic_model_comparison.training.training_pipeline | saved checkpoint: /home/debian/Master-Thesis/scripts/synthetic_model_comparison/training/model_exports/yolo26n-sd35m-maxlen-seed42-20260803-193051/best.pt
2026-08-03 20:20:47 INFO  scripts.synthetic_model_comparison.training.training_pipeline | new best mAP50_95=0.6721 at epoch 151
2026-08-03 20:20:47 INFO  scripts.synthetic_model_comparison.training.training_pipeline | saved checkpoint: /home/debian/Master-Thesis/scripts/synthetic_model_comparison/training/model_exports/yolo26n-sd35m-maxlen-seed42-20260803-193051/last.pt
2026-08-03 20:20:48 INFO  scripts.synthetic_model_comparison.training.training_pipeline | epoch 151/200 done — next lr=0.00145494, epochs_since_improve=0/20
2026-08-03 20:20:48 INFO  scripts.synthetic_model_comparison.training.training_pipeline | epoch 152/200 — train start (lr=0.00145494, batches=14)
2026-08-03 20:20:59 INFO  scripts.synthetic_model_comparison.training.training_pipeline | epoch 152/200 — train done in 11.1s | avg loss_box=0.5822 loss_cls=0.4004 loss_dfl=0.0166 loss_total=64.5574
2026-08-03 20:20:59 INFO  scripts.synthetic_model_comparison.training.evaluation | evaluating on 4 batches
2026-08-03 20:21:04 INFO  scripts.synthetic_model_comparison.training.training_pipeline | epoch 152/200 — val mAP50=0.8906 mAP50_95=0.6687 (selection mAP50_95=0.6687)
2026-08-03 20:21:05 INFO  scripts.synthetic_model_comparison.training.evaluation | mlflow: logged val/mAP50=0.8906 val/mAP50_95=0.6687 (step=151)
2026-08-03 20:21:06 INFO  scripts.synthetic_model_comparison.training.evaluation | mlflow: logged val per-class AP table (12 classes)
2026-08-03 20:21:06 INFO  scripts.synthetic_model_comparison.training.training_pipeline | saved checkpoint: /home/debian/Master-Thesis/scripts/synthetic_model_comparison/training/model_exports/yolo26n-sd35m-maxlen-seed42-20260803-193051/last.pt
2026-08-03 20:21:06 INFO  scripts.synthetic_model_comparison.training.training_pipeline | epoch 152/200 done — next lr=0.00139936, epochs_since_improve=1/20
2026-08-03 20:21:06 INFO  scripts.synthetic_model_comparison.training.training_pipeline | epoch 153/200 — train start (lr=0.00139936, batches=14)
2026-08-03 20:21:17 INFO  scripts.synthetic_model_comparison.training.training_pipeline | epoch 153/200 — train done in 11.1s | avg loss_box=0.5724 loss_cls=0.3857 loss_dfl=0.0162 loss_total=63.2273
2026-08-03 20:21:17 INFO  scripts.synthetic_model_comparison.training.evaluation | evaluating on 4 batches
2026-08-03 20:21:23 INFO  scripts.synthetic_model_comparison.training.training_pipeline | epoch 153/200 — val mAP50=0.8751 mAP50_95=0.6618 (selection mAP50_95=0.6618)
2026-08-03 20:21:24 INFO  scripts.synthetic_model_comparison.training.evaluation | mlflow: logged val/mAP50=0.8751 val/mAP50_95=0.6618 (step=152)
2026-08-03 20:21:24 INFO  scripts.synthetic_model_comparison.training.evaluation | mlflow: logged val per-class AP table (12 classes)
2026-08-03 20:21:24 INFO  scripts.synthetic_model_comparison.training.training_pipeline | saved checkpoint: /home/debian/Master-Thesis/scripts/synthetic_model_comparison/training/model_exports/yolo26n-sd35m-maxlen-seed42-20260803-193051/last.pt
2026-08-03 20:21:25 INFO  scripts.synthetic_model_comparison.training.training_pipeline | epoch 153/200 done — next lr=0.0013447, epochs_since_improve=2/20
2026-08-03 20:21:25 INFO  scripts.synthetic_model_comparison.training.training_pipeline | epoch 154/200 — train start (lr=0.0013447, batches=14)
2026-08-03 20:21:35 INFO  scripts.synthetic_model_comparison.training.training_pipeline | step 2150 | loss_box=0.5485 loss_cls=0.3418 loss_dfl=0.0164 loss_total=59.1954 lr=0.00131004
2026-08-03 20:21:38 INFO  scripts.synthetic_model_comparison.training.training_pipeline | epoch 154/200 — train done in 13.2s | avg loss_box=0.5764 loss_cls=0.4028 loss_dfl=0.0167 loss_total=64.5224
2026-08-03 20:21:38 INFO  scripts.synthetic_model_comparison.training.evaluation | evaluating on 4 batches
2026-08-03 20:21:45 INFO  scripts.synthetic_model_comparison.training.training_pipeline | epoch 154/200 — val mAP50=0.8814 mAP50_95=0.6651 (selection mAP50_95=0.6651)
2026-08-03 20:21:46 INFO  scripts.synthetic_model_comparison.training.evaluation | mlflow: logged val/mAP50=0.8814 val/mAP50_95=0.6651 (step=153)
2026-08-03 20:21:46 INFO  scripts.synthetic_model_comparison.training.evaluation | mlflow: logged val per-class AP table (12 classes)
2026-08-03 20:21:47 INFO  scripts.synthetic_model_comparison.training.training_pipeline | saved checkpoint: /home/debian/Master-Thesis/scripts/synthetic_model_comparison/training/model_exports/yolo26n-sd35m-maxlen-seed42-20260803-193051/last.pt
2026-08-03 20:21:47 INFO  scripts.synthetic_model_comparison.training.training_pipeline | epoch 154/200 done — next lr=0.00129096, epochs_since_improve=3/20
2026-08-03 20:21:47 INFO  scripts.synthetic_model_comparison.training.training_pipeline | epoch 155/200 — train start (lr=0.00129096, batches=14)
2026-08-03 20:21:58 INFO  scripts.synthetic_model_comparison.training.training_pipeline | epoch 155/200 — train done in 11.0s | avg loss_box=0.5687 loss_cls=0.3934 loss_dfl=0.0166 loss_total=63.2438
2026-08-03 20:21:58 INFO  scripts.synthetic_model_comparison.training.evaluation | evaluating on 4 batches
2026-08-03 20:22:04 INFO  scripts.synthetic_model_comparison.training.training_pipeline | epoch 155/200 — val mAP50=0.8838 mAP50_95=0.6696 (selection mAP50_95=0.6696)
2026-08-03 20:22:05 INFO  scripts.synthetic_model_comparison.training.evaluation | mlflow: logged val/mAP50=0.8838 val/mAP50_95=0.6696 (step=154)
2026-08-03 20:22:05 INFO  scripts.synthetic_model_comparison.training.evaluation | mlflow: logged val per-class AP table (12 classes)
2026-08-03 20:22:05 INFO  scripts.synthetic_model_comparison.training.training_pipeline | saved checkpoint: /home/debian/Master-Thesis/scripts/synthetic_model_comparison/training/model_exports/yolo26n-sd35m-maxlen-seed42-20260803-193051/last.pt
2026-08-03 20:22:06 INFO  scripts.synthetic_model_comparison.training.training_pipeline | epoch 155/200 done — next lr=0.00123817, epochs_since_improve=4/20
2026-08-03 20:22:06 INFO  scripts.synthetic_model_comparison.training.training_pipeline | epoch 156/200 — train start (lr=0.00123817, batches=14)
2026-08-03 20:22:17 INFO  scripts.synthetic_model_comparison.training.training_pipeline | epoch 156/200 — train done in 11.4s | avg loss_box=0.5440 loss_cls=0.3650 loss_dfl=0.0156 loss_total=60.3264
2026-08-03 20:22:17 INFO  scripts.synthetic_model_comparison.training.evaluation | evaluating on 4 batches
2026-08-03 20:22:23 INFO  scripts.synthetic_model_comparison.training.training_pipeline | epoch 156/200 — val mAP50=0.8882 mAP50_95=0.6753 (selection mAP50_95=0.6753)
2026-08-03 20:22:24 INFO  scripts.synthetic_model_comparison.training.evaluation | mlflow: logged val/mAP50=0.8882 val/mAP50_95=0.6753 (step=155)
2026-08-03 20:22:24 INFO  scripts.synthetic_model_comparison.training.evaluation | mlflow: logged val per-class AP table (12 classes)
2026-08-03 20:22:24 INFO  scripts.synthetic_model_comparison.training.training_pipeline | saved checkpoint: /home/debian/Master-Thesis/scripts/synthetic_model_comparison/training/model_exports/yolo26n-sd35m-maxlen-seed42-20260803-193051/best.pt
2026-08-03 20:22:24 INFO  scripts.synthetic_model_comparison.training.training_pipeline | new best mAP50_95=0.6753 at epoch 156
2026-08-03 20:22:24 INFO  scripts.synthetic_model_comparison.training.training_pipeline | saved checkpoint: /home/debian/Master-Thesis/scripts/synthetic_model_comparison/training/model_exports/yolo26n-sd35m-maxlen-seed42-20260803-193051/last.pt
2026-08-03 20:22:25 INFO  scripts.synthetic_model_comparison.training.training_pipeline | epoch 156/200 done — next lr=0.00118634, epochs_since_improve=0/20
2026-08-03 20:22:25 INFO  scripts.synthetic_model_comparison.training.training_pipeline | epoch 157/200 — train start (lr=0.00118634, batches=14)
2026-08-03 20:22:36 INFO  scripts.synthetic_model_comparison.training.training_pipeline | epoch 157/200 — train done in 11.7s | avg loss_box=0.5726 loss_cls=0.3625 loss_dfl=0.0167 loss_total=62.0414
2026-08-03 20:22:36 INFO  scripts.synthetic_model_comparison.training.evaluation | evaluating on 4 batches
2026-08-03 20:22:42 INFO  scripts.synthetic_model_comparison.training.training_pipeline | epoch 157/200 — val mAP50=0.8753 mAP50_95=0.6699 (selection mAP50_95=0.6699)
2026-08-03 20:22:43 INFO  scripts.synthetic_model_comparison.training.evaluation | mlflow: logged val/mAP50=0.8753 val/mAP50_95=0.6699 (step=156)
2026-08-03 20:22:43 INFO  scripts.synthetic_model_comparison.training.evaluation | mlflow: logged val per-class AP table (12 classes)
2026-08-03 20:22:44 INFO  scripts.synthetic_model_comparison.training.training_pipeline | saved checkpoint: /home/debian/Master-Thesis/scripts/synthetic_model_comparison/training/model_exports/yolo26n-sd35m-maxlen-seed42-20260803-193051/last.pt
2026-08-03 20:22:44 INFO  scripts.synthetic_model_comparison.training.training_pipeline | epoch 157/200 done — next lr=0.00113548, epochs_since_improve=1/20
2026-08-03 20:22:44 INFO  scripts.synthetic_model_comparison.training.training_pipeline | epoch 158/200 — train start (lr=0.00113548, batches=14)
2026-08-03 20:22:51 INFO  scripts.synthetic_model_comparison.training.training_pipeline | step 2200 | loss_box=0.5791 loss_cls=0.3613 loss_dfl=0.0158 loss_total=61.6656 lr=0.00112471
2026-08-03 20:22:57 INFO  scripts.synthetic_model_comparison.training.training_pipeline | epoch 158/200 — train done in 12.9s | avg loss_box=0.5509 loss_cls=0.3671 loss_dfl=0.0160 loss_total=60.7206
2026-08-03 20:22:57 INFO  scripts.synthetic_model_comparison.training.evaluation | evaluating on 4 batches
2026-08-03 20:23:05 INFO  scripts.synthetic_model_comparison.training.training_pipeline | epoch 158/200 — val mAP50=0.8687 mAP50_95=0.6646 (selection mAP50_95=0.6646)
2026-08-03 20:23:05 INFO  scripts.synthetic_model_comparison.training.evaluation | mlflow: logged val/mAP50=0.8687 val/mAP50_95=0.6646 (step=157)
2026-08-03 20:23:06 INFO  scripts.synthetic_model_comparison.training.evaluation | mlflow: logged val per-class AP table (12 classes)
2026-08-03 20:23:06 INFO  scripts.synthetic_model_comparison.training.training_pipeline | saved checkpoint: /home/debian/Master-Thesis/scripts/synthetic_model_comparison/training/model_exports/yolo26n-sd35m-maxlen-seed42-20260803-193051/last.pt
2026-08-03 20:23:06 INFO  scripts.synthetic_model_comparison.training.training_pipeline | epoch 158/200 done — next lr=0.0010856, epochs_since_improve=2/20
2026-08-03 20:23:06 INFO  scripts.synthetic_model_comparison.training.training_pipeline | epoch 159/200 — train start (lr=0.0010856, batches=14)
2026-08-03 20:23:18 INFO  scripts.synthetic_model_comparison.training.training_pipeline | epoch 159/200 — train done in 11.5s | avg loss_box=0.5520 loss_cls=0.3684 loss_dfl=0.0159 loss_total=60.7735
2026-08-03 20:23:18 INFO  scripts.synthetic_model_comparison.training.evaluation | evaluating on 4 batches
2026-08-03 20:23:24 INFO  scripts.synthetic_model_comparison.training.training_pipeline | epoch 159/200 — val mAP50=0.8906 mAP50_95=0.6786 (selection mAP50_95=0.6786)
2026-08-03 20:23:24 INFO  scripts.synthetic_model_comparison.training.evaluation | mlflow: logged val/mAP50=0.8906 val/mAP50_95=0.6786 (step=158)
2026-08-03 20:23:25 INFO  scripts.synthetic_model_comparison.training.evaluation | mlflow: logged val per-class AP table (12 classes)
2026-08-03 20:23:25 INFO  scripts.synthetic_model_comparison.training.training_pipeline | saved checkpoint: /home/debian/Master-Thesis/scripts/synthetic_model_comparison/training/model_exports/yolo26n-sd35m-maxlen-seed42-20260803-193051/best.pt
2026-08-03 20:23:25 INFO  scripts.synthetic_model_comparison.training.training_pipeline | new best mAP50_95=0.6786 at epoch 159
2026-08-03 20:23:25 INFO  scripts.synthetic_model_comparison.training.training_pipeline | saved checkpoint: /home/debian/Master-Thesis/scripts/synthetic_model_comparison/training/model_exports/yolo26n-sd35m-maxlen-seed42-20260803-193051/last.pt
2026-08-03 20:23:25 INFO  scripts.synthetic_model_comparison.training.training_pipeline | epoch 159/200 done — next lr=0.00103672, epochs_since_improve=0/20
2026-08-03 20:23:25 INFO  scripts.synthetic_model_comparison.training.training_pipeline | epoch 160/200 — train start (lr=0.00103672, batches=14)
2026-08-03 20:23:37 INFO  scripts.synthetic_model_comparison.training.training_pipeline | epoch 160/200 — train done in 11.2s | avg loss_box=0.5541 loss_cls=0.3608 loss_dfl=0.0159 loss_total=60.5459
2026-08-03 20:23:37 INFO  scripts.synthetic_model_comparison.training.evaluation | evaluating on 4 batches
2026-08-03 20:23:42 INFO  scripts.synthetic_model_comparison.training.training_pipeline | epoch 160/200 — val mAP50=0.8845 mAP50_95=0.6718 (selection mAP50_95=0.6718)
2026-08-03 20:23:43 INFO  scripts.synthetic_model_comparison.training.evaluation | mlflow: logged val/mAP50=0.8845 val/mAP50_95=0.6718 (step=159)
2026-08-03 20:23:43 INFO  scripts.synthetic_model_comparison.training.evaluation | mlflow: logged val per-class AP table (12 classes)
2026-08-03 20:23:44 INFO  scripts.synthetic_model_comparison.training.training_pipeline | saved checkpoint: /home/debian/Master-Thesis/scripts/synthetic_model_comparison/training/model_exports/yolo26n-sd35m-maxlen-seed42-20260803-193051/last.pt
2026-08-03 20:23:44 INFO  scripts.synthetic_model_comparison.training.training_pipeline | epoch 160/200 done — next lr=0.000988851, epochs_since_improve=1/20
2026-08-03 20:23:44 INFO  scripts.synthetic_model_comparison.training.training_pipeline | epoch 161/200 — train start (lr=0.000988851, batches=14)
2026-08-03 20:23:55 INFO  scripts.synthetic_model_comparison.training.training_pipeline | step 2250 | loss_box=0.5061 loss_cls=0.4049 loss_dfl=0.0159 loss_total=60.3287 lr=0.000951955
2026-08-03 20:23:58 INFO  scripts.synthetic_model_comparison.training.training_pipeline | epoch 161/200 — train done in 13.8s | avg loss_box=0.5498 loss_cls=0.3729 loss_dfl=0.0156 loss_total=60.8198
2026-08-03 20:23:58 INFO  scripts.synthetic_model_comparison.training.evaluation | evaluating on 4 batches
2026-08-03 20:24:06 INFO  scripts.synthetic_model_comparison.training.training_pipeline | epoch 161/200 — val mAP50=0.8715 mAP50_95=0.6650 (selection mAP50_95=0.6650)
2026-08-03 20:24:06 INFO  scripts.synthetic_model_comparison.training.evaluation | mlflow: logged val/mAP50=0.8715 val/mAP50_95=0.6650 (step=160)
2026-08-03 20:24:07 INFO  scripts.synthetic_model_comparison.training.evaluation | mlflow: logged val per-class AP table (12 classes)
2026-08-03 20:24:07 INFO  scripts.synthetic_model_comparison.training.training_pipeline | saved checkpoint: /home/debian/Master-Thesis/scripts/synthetic_model_comparison/training/model_exports/yolo26n-sd35m-maxlen-seed42-20260803-193051/last.pt
2026-08-03 20:24:07 INFO  scripts.synthetic_model_comparison.training.training_pipeline | epoch 161/200 done — next lr=0.000942002, epochs_since_improve=2/20
2026-08-03 20:24:07 INFO  scripts.synthetic_model_comparison.training.training_pipeline | epoch 162/200 — train start (lr=0.000942002, batches=14)
2026-08-03 20:24:19 INFO  scripts.synthetic_model_comparison.training.training_pipeline | epoch 162/200 — train done in 11.6s | avg loss_box=0.5351 loss_cls=0.3753 loss_dfl=0.0155 loss_total=60.2779
2026-08-03 20:24:19 INFO  scripts.synthetic_model_comparison.training.evaluation | evaluating on 4 batches
2026-08-03 20:24:25 INFO  scripts.synthetic_model_comparison.training.training_pipeline | epoch 162/200 — val mAP50=0.8882 mAP50_95=0.6795 (selection mAP50_95=0.6795)
2026-08-03 20:24:26 INFO  scripts.synthetic_model_comparison.training.evaluation | mlflow: logged val/mAP50=0.8882 val/mAP50_95=0.6795 (step=161)
2026-08-03 20:24:26 INFO  scripts.synthetic_model_comparison.training.evaluation | mlflow: logged val per-class AP table (12 classes)
2026-08-03 20:24:26 INFO  scripts.synthetic_model_comparison.training.training_pipeline | saved checkpoint: /home/debian/Master-Thesis/scripts/synthetic_model_comparison/training/model_exports/yolo26n-sd35m-maxlen-seed42-20260803-193051/last.pt
2026-08-03 20:24:26 INFO  scripts.synthetic_model_comparison.training.training_pipeline | epoch 162/200 done — next lr=0.000896186, epochs_since_improve=3/20
2026-08-03 20:24:26 INFO  scripts.synthetic_model_comparison.training.training_pipeline | epoch 163/200 — train start (lr=0.000896186, batches=14)
2026-08-03 20:24:38 INFO  scripts.synthetic_model_comparison.training.training_pipeline | epoch 163/200 — train done in 11.5s | avg loss_box=0.5416 loss_cls=0.3658 loss_dfl=0.0155 loss_total=59.8407
2026-08-03 20:24:38 INFO  scripts.synthetic_model_comparison.training.evaluation | evaluating on 4 batches
2026-08-03 20:24:44 INFO  scripts.synthetic_model_comparison.training.training_pipeline | epoch 163/200 — val mAP50=0.8809 mAP50_95=0.6711 (selection mAP50_95=0.6711)
2026-08-03 20:24:45 INFO  scripts.synthetic_model_comparison.training.evaluation | mlflow: logged val/mAP50=0.8809 val/mAP50_95=0.6711 (step=162)
2026-08-03 20:24:45 INFO  scripts.synthetic_model_comparison.training.evaluation | mlflow: logged val per-class AP table (12 classes)
2026-08-03 20:24:45 INFO  scripts.synthetic_model_comparison.training.training_pipeline | saved checkpoint: /home/debian/Master-Thesis/scripts/synthetic_model_comparison/training/model_exports/yolo26n-sd35m-maxlen-seed42-20260803-193051/last.pt
2026-08-03 20:24:45 INFO  scripts.synthetic_model_comparison.training.training_pipeline | epoch 163/200 done — next lr=0.000851414, epochs_since_improve=4/20
2026-08-03 20:24:46 INFO  scripts.synthetic_model_comparison.training.training_pipeline | epoch 164/200 — train start (lr=0.000851414, batches=14)
2026-08-03 20:24:57 INFO  scripts.synthetic_model_comparison.training.training_pipeline | epoch 164/200 — train done in 11.7s | avg loss_box=0.5396 loss_cls=0.3578 loss_dfl=0.0156 loss_total=59.5797
2026-08-03 20:24:57 INFO  scripts.synthetic_model_comparison.training.evaluation | evaluating on 4 batches
2026-08-03 20:25:03 INFO  scripts.synthetic_model_comparison.training.training_pipeline | epoch 164/200 — val mAP50=0.8835 mAP50_95=0.6701 (selection mAP50_95=0.6701)
2026-08-03 20:25:04 INFO  scripts.synthetic_model_comparison.training.evaluation | mlflow: logged val/mAP50=0.8835 val/mAP50_95=0.6701 (step=163)
2026-08-03 20:25:04 INFO  scripts.synthetic_model_comparison.training.evaluation | mlflow: logged val per-class AP table (12 classes)
2026-08-03 20:25:04 INFO  scripts.synthetic_model_comparison.training.training_pipeline | saved checkpoint: /home/debian/Master-Thesis/scripts/synthetic_model_comparison/training/model_exports/yolo26n-sd35m-maxlen-seed42-20260803-193051/last.pt
2026-08-03 20:25:05 INFO  scripts.synthetic_model_comparison.training.training_pipeline | epoch 164/200 done — next lr=0.000807699, epochs_since_improve=5/20
2026-08-03 20:25:05 INFO  scripts.synthetic_model_comparison.training.training_pipeline | epoch 165/200 — train start (lr=0.000807699, batches=14)
2026-08-03 20:25:13 INFO  scripts.synthetic_model_comparison.training.training_pipeline | step 2300 | loss_box=0.5775 loss_cls=0.3524 loss_dfl=0.0159 loss_total=61.2566 lr=0.000792345
2026-08-03 20:25:18 INFO  scripts.synthetic_model_comparison.training.training_pipeline | epoch 165/200 — train done in 13.0s | avg loss_box=0.5312 loss_cls=0.3511 loss_dfl=0.0156 loss_total=58.5833
2026-08-03 20:25:18 INFO  scripts.synthetic_model_comparison.training.evaluation | evaluating on 4 batches
2026-08-03 20:25:24 INFO  scripts.synthetic_model_comparison.training.training_pipeline | epoch 165/200 — val mAP50=0.8853 mAP50_95=0.6739 (selection mAP50_95=0.6739)
2026-08-03 20:25:24 INFO  scripts.synthetic_model_comparison.training.evaluation | mlflow: logged val/mAP50=0.8853 val/mAP50_95=0.6739 (step=164)
2026-08-03 20:25:25 INFO  scripts.synthetic_model_comparison.training.evaluation | mlflow: logged val per-class AP table (12 classes)
2026-08-03 20:25:25 INFO  scripts.synthetic_model_comparison.training.training_pipeline | saved checkpoint: /home/debian/Master-Thesis/scripts/synthetic_model_comparison/training/model_exports/yolo26n-sd35m-maxlen-seed42-20260803-193051/last.pt
2026-08-03 20:25:25 INFO  scripts.synthetic_model_comparison.training.training_pipeline | epoch 165/200 done — next lr=0.000765051, epochs_since_improve=6/20
2026-08-03 20:25:25 INFO  scripts.synthetic_model_comparison.training.training_pipeline | epoch 166/200 — train start (lr=0.000765051, batches=14)
2026-08-03 20:25:37 INFO  scripts.synthetic_model_comparison.training.training_pipeline | epoch 166/200 — train done in 11.6s | avg loss_box=0.5321 loss_cls=0.3565 loss_dfl=0.0156 loss_total=58.7944
2026-08-03 20:25:37 INFO  scripts.synthetic_model_comparison.training.evaluation | evaluating on 4 batches
2026-08-03 20:25:43 INFO  scripts.synthetic_model_comparison.training.training_pipeline | epoch 166/200 — val mAP50=0.8913 mAP50_95=0.6803 (selection mAP50_95=0.6803)
2026-08-03 20:25:43 INFO  scripts.synthetic_model_comparison.training.evaluation | mlflow: logged val/mAP50=0.8913 val/mAP50_95=0.6803 (step=165)
2026-08-03 20:25:44 INFO  scripts.synthetic_model_comparison.training.evaluation | mlflow: logged val per-class AP table (12 classes)
2026-08-03 20:25:44 INFO  scripts.synthetic_model_comparison.training.training_pipeline | saved checkpoint: /home/debian/Master-Thesis/scripts/synthetic_model_comparison/training/model_exports/yolo26n-sd35m-maxlen-seed42-20260803-193051/best.pt
2026-08-03 20:25:44 INFO  scripts.synthetic_model_comparison.training.training_pipeline | new best mAP50_95=0.6803 at epoch 166
2026-08-03 20:25:44 INFO  scripts.synthetic_model_comparison.training.training_pipeline | saved checkpoint: /home/debian/Master-Thesis/scripts/synthetic_model_comparison/training/model_exports/yolo26n-sd35m-maxlen-seed42-20260803-193051/last.pt
2026-08-03 20:25:45 INFO  scripts.synthetic_model_comparison.training.training_pipeline | epoch 166/200 done — next lr=0.000723482, epochs_since_improve=0/20
2026-08-03 20:25:45 INFO  scripts.synthetic_model_comparison.training.training_pipeline | epoch 167/200 — train start (lr=0.000723482, batches=14)
2026-08-03 20:25:56 INFO  scripts.synthetic_model_comparison.training.training_pipeline | epoch 167/200 — train done in 11.5s | avg loss_box=0.5247 loss_cls=0.3518 loss_dfl=0.0149 loss_total=58.1762
2026-08-03 20:25:56 INFO  scripts.synthetic_model_comparison.training.evaluation | evaluating on 4 batches
2026-08-03 20:26:02 INFO  scripts.synthetic_model_comparison.training.training_pipeline | epoch 167/200 — val mAP50=0.8993 mAP50_95=0.6850 (selection mAP50_95=0.6850)
2026-08-03 20:26:03 INFO  scripts.synthetic_model_comparison.training.evaluation | mlflow: logged val/mAP50=0.8993 val/mAP50_95=0.6850 (step=166)
2026-08-03 20:26:03 INFO  scripts.synthetic_model_comparison.training.evaluation | mlflow: logged val per-class AP table (12 classes)
2026-08-03 20:26:03 INFO  scripts.synthetic_model_comparison.training.training_pipeline | saved checkpoint: /home/debian/Master-Thesis/scripts/synthetic_model_comparison/training/model_exports/yolo26n-sd35m-maxlen-seed42-20260803-193051/best.pt
2026-08-03 20:26:03 INFO  scripts.synthetic_model_comparison.training.training_pipeline | new best mAP50_95=0.6850 at epoch 167
2026-08-03 20:26:04 INFO  scripts.synthetic_model_comparison.training.training_pipeline | saved checkpoint: /home/debian/Master-Thesis/scripts/synthetic_model_comparison/training/model_exports/yolo26n-sd35m-maxlen-seed42-20260803-193051/last.pt
2026-08-03 20:26:04 INFO  scripts.synthetic_model_comparison.training.training_pipeline | epoch 167/200 done — next lr=0.000683001, epochs_since_improve=0/20
2026-08-03 20:26:04 INFO  scripts.synthetic_model_comparison.training.training_pipeline | epoch 168/200 — train start (lr=0.000683001, batches=14)
2026-08-03 20:26:15 INFO  scripts.synthetic_model_comparison.training.training_pipeline | step 2350 | loss_box=0.4510 loss_cls=0.3602 loss_dfl=0.0132 loss_total=53.9291 lr=0.000646396
2026-08-03 20:26:17 INFO  scripts.synthetic_model_comparison.training.training_pipeline | epoch 168/200 — train done in 13.0s | avg loss_box=0.5078 loss_cls=0.3526 loss_dfl=0.0149 loss_total=57.0342
2026-08-03 20:26:17 INFO  scripts.synthetic_model_comparison.training.evaluation | evaluating on 4 batches
2026-08-03 20:26:23 INFO  scripts.synthetic_model_comparison.training.training_pipeline | epoch 168/200 — val mAP50=0.8782 mAP50_95=0.6738 (selection mAP50_95=0.6738)
2026-08-03 20:26:24 INFO  scripts.synthetic_model_comparison.training.evaluation | mlflow: logged val/mAP50=0.8782 val/mAP50_95=0.6738 (step=167)
2026-08-03 20:26:24 INFO  scripts.synthetic_model_comparison.training.evaluation | mlflow: logged val per-class AP table (12 classes)
2026-08-03 20:26:24 INFO  scripts.synthetic_model_comparison.training.training_pipeline | saved checkpoint: /home/debian/Master-Thesis/scripts/synthetic_model_comparison/training/model_exports/yolo26n-sd35m-maxlen-seed42-20260803-193051/last.pt
2026-08-03 20:26:24 INFO  scripts.synthetic_model_comparison.training.training_pipeline | epoch 168/200 done — next lr=0.00064362, epochs_since_improve=1/20
2026-08-03 20:26:24 INFO  scripts.synthetic_model_comparison.training.training_pipeline | epoch 169/200 — train start (lr=0.00064362, batches=14)
2026-08-03 20:26:36 INFO  scripts.synthetic_model_comparison.training.training_pipeline | epoch 169/200 — train done in 11.2s | avg loss_box=0.5242 loss_cls=0.3607 loss_dfl=0.0152 loss_total=58.4574
2026-08-03 20:26:36 INFO  scripts.synthetic_model_comparison.training.evaluation | evaluating on 4 batches
2026-08-03 20:26:42 INFO  scripts.synthetic_model_comparison.training.training_pipeline | epoch 169/200 — val mAP50=0.8922 mAP50_95=0.6848 (selection mAP50_95=0.6848)
2026-08-03 20:26:42 INFO  scripts.synthetic_model_comparison.training.evaluation | mlflow: logged val/mAP50=0.8922 val/mAP50_95=0.6848 (step=168)
2026-08-03 20:26:43 INFO  scripts.synthetic_model_comparison.training.evaluation | mlflow: logged val per-class AP table (12 classes)
2026-08-03 20:26:43 INFO  scripts.synthetic_model_comparison.training.training_pipeline | saved checkpoint: /home/debian/Master-Thesis/scripts/synthetic_model_comparison/training/model_exports/yolo26n-sd35m-maxlen-seed42-20260803-193051/last.pt
2026-08-03 20:26:43 INFO  scripts.synthetic_model_comparison.training.training_pipeline | epoch 169/200 done — next lr=0.000605347, epochs_since_improve=2/20
2026-08-03 20:26:43 INFO  scripts.synthetic_model_comparison.training.training_pipeline | epoch 170/200 — train start (lr=0.000605347, batches=14)
2026-08-03 20:26:55 INFO  scripts.synthetic_model_comparison.training.training_pipeline | epoch 170/200 — train done in 11.4s | avg loss_box=0.5129 loss_cls=0.3484 loss_dfl=0.0147 loss_total=57.1356
2026-08-03 20:26:55 INFO  scripts.synthetic_model_comparison.training.evaluation | evaluating on 4 batches
2026-08-03 20:27:02 INFO  scripts.synthetic_model_comparison.training.training_pipeline | epoch 170/200 — val mAP50=0.8963 mAP50_95=0.6893 (selection mAP50_95=0.6893)
2026-08-03 20:27:03 INFO  scripts.synthetic_model_comparison.training.evaluation | mlflow: logged val/mAP50=0.8963 val/mAP50_95=0.6893 (step=169)
2026-08-03 20:27:03 INFO  scripts.synthetic_model_comparison.training.evaluation | mlflow: logged val per-class AP table (12 classes)
2026-08-03 20:27:03 INFO  scripts.synthetic_model_comparison.training.training_pipeline | saved checkpoint: /home/debian/Master-Thesis/scripts/synthetic_model_comparison/training/model_exports/yolo26n-sd35m-maxlen-seed42-20260803-193051/best.pt
2026-08-03 20:27:03 INFO  scripts.synthetic_model_comparison.training.training_pipeline | new best mAP50_95=0.6893 at epoch 170
2026-08-03 20:27:04 INFO  scripts.synthetic_model_comparison.training.training_pipeline | saved checkpoint: /home/debian/Master-Thesis/scripts/synthetic_model_comparison/training/model_exports/yolo26n-sd35m-maxlen-seed42-20260803-193051/last.pt
2026-08-03 20:27:04 INFO  scripts.synthetic_model_comparison.training.training_pipeline | epoch 170/200 done — next lr=0.000568194, epochs_since_improve=0/20
2026-08-03 20:27:04 INFO  scripts.synthetic_model_comparison.training.training_pipeline | epoch 171/200 — train start (lr=0.000568194, batches=14)
2026-08-03 20:27:15 INFO  scripts.synthetic_model_comparison.training.training_pipeline | epoch 171/200 — train done in 11.4s | avg loss_box=0.5277 loss_cls=0.3524 loss_dfl=0.0152 loss_total=58.1553
2026-08-03 20:27:15 INFO  scripts.synthetic_model_comparison.training.evaluation | evaluating on 4 batches
2026-08-03 20:27:21 INFO  scripts.synthetic_model_comparison.training.training_pipeline | epoch 171/200 — val mAP50=0.9033 mAP50_95=0.6913 (selection mAP50_95=0.6913)
2026-08-03 20:27:22 INFO  scripts.synthetic_model_comparison.training.evaluation | mlflow: logged val/mAP50=0.9033 val/mAP50_95=0.6913 (step=170)
2026-08-03 20:27:22 INFO  scripts.synthetic_model_comparison.training.evaluation | mlflow: logged val per-class AP table (12 classes)
2026-08-03 20:27:23 INFO  scripts.synthetic_model_comparison.training.training_pipeline | saved checkpoint: /home/debian/Master-Thesis/scripts/synthetic_model_comparison/training/model_exports/yolo26n-sd35m-maxlen-seed42-20260803-193051/best.pt
2026-08-03 20:27:23 INFO  scripts.synthetic_model_comparison.training.training_pipeline | new best mAP50_95=0.6913 at epoch 171
2026-08-03 20:27:23 INFO  scripts.synthetic_model_comparison.training.training_pipeline | saved checkpoint: /home/debian/Master-Thesis/scripts/synthetic_model_comparison/training/model_exports/yolo26n-sd35m-maxlen-seed42-20260803-193051/last.pt
2026-08-03 20:27:23 INFO  scripts.synthetic_model_comparison.training.training_pipeline | epoch 171/200 done — next lr=0.000532169, epochs_since_improve=0/20
2026-08-03 20:27:23 INFO  scripts.synthetic_model_comparison.training.training_pipeline | epoch 172/200 — train start (lr=0.000532169, batches=14)
2026-08-03 20:27:32 INFO  scripts.synthetic_model_comparison.training.training_pipeline | step 2400 | loss_box=0.5270 loss_cls=0.3375 loss_dfl=0.0155 loss_total=56.5210 lr=0.000514582
2026-08-03 20:27:36 INFO  scripts.synthetic_model_comparison.training.training_pipeline | epoch 172/200 — train done in 13.1s | avg loss_box=0.5263 loss_cls=0.3521 loss_dfl=0.0152 loss_total=57.9072
2026-08-03 20:27:36 INFO  scripts.synthetic_model_comparison.training.evaluation | evaluating on 4 batches
2026-08-03 20:27:43 INFO  scripts.synthetic_model_comparison.training.training_pipeline | epoch 172/200 — val mAP50=0.8870 mAP50_95=0.6780 (selection mAP50_95=0.6780)
2026-08-03 20:27:44 INFO  scripts.synthetic_model_comparison.training.evaluation | mlflow: logged val/mAP50=0.8870 val/mAP50_95=0.6780 (step=171)
2026-08-03 20:27:44 INFO  scripts.synthetic_model_comparison.training.evaluation | mlflow: logged val per-class AP table (12 classes)
2026-08-03 20:27:45 INFO  scripts.synthetic_model_comparison.training.training_pipeline | saved checkpoint: /home/debian/Master-Thesis/scripts/synthetic_model_comparison/training/model_exports/yolo26n-sd35m-maxlen-seed42-20260803-193051/last.pt
2026-08-03 20:27:45 INFO  scripts.synthetic_model_comparison.training.training_pipeline | epoch 172/200 done — next lr=0.000497281, epochs_since_improve=1/20
2026-08-03 20:27:45 INFO  scripts.synthetic_model_comparison.training.training_pipeline | epoch 173/200 — train start (lr=0.000497281, batches=14)
2026-08-03 20:27:57 INFO  scripts.synthetic_model_comparison.training.training_pipeline | epoch 173/200 — train done in 11.7s | avg loss_box=0.4962 loss_cls=0.3412 loss_dfl=0.0143 loss_total=55.5066
2026-08-03 20:27:57 INFO  scripts.synthetic_model_comparison.training.evaluation | evaluating on 4 batches
2026-08-03 20:28:03 INFO  scripts.synthetic_model_comparison.training.training_pipeline | epoch 173/200 — val mAP50=0.8961 mAP50_95=0.6856 (selection mAP50_95=0.6856)
2026-08-03 20:28:03 INFO  scripts.synthetic_model_comparison.training.evaluation | mlflow: logged val/mAP50=0.8961 val/mAP50_95=0.6856 (step=172)
2026-08-03 20:28:04 INFO  scripts.synthetic_model_comparison.training.evaluation | mlflow: logged val per-class AP table (12 classes)
2026-08-03 20:28:04 INFO  scripts.synthetic_model_comparison.training.training_pipeline | saved checkpoint: /home/debian/Master-Thesis/scripts/synthetic_model_comparison/training/model_exports/yolo26n-sd35m-maxlen-seed42-20260803-193051/last.pt
2026-08-03 20:28:04 INFO  scripts.synthetic_model_comparison.training.training_pipeline | epoch 173/200 done — next lr=0.000463539, epochs_since_improve=2/20
2026-08-03 20:28:04 INFO  scripts.synthetic_model_comparison.training.training_pipeline | epoch 174/200 — train start (lr=0.000463539, batches=14)
2026-08-03 20:28:15 INFO  scripts.synthetic_model_comparison.training.training_pipeline | epoch 174/200 — train done in 10.8s | avg loss_box=0.5017 loss_cls=0.3307 loss_dfl=0.0141 loss_total=55.3096
2026-08-03 20:28:15 INFO  scripts.synthetic_model_comparison.training.evaluation | evaluating on 4 batches
2026-08-03 20:28:21 INFO  scripts.synthetic_model_comparison.training.training_pipeline | epoch 174/200 — val mAP50=0.8984 mAP50_95=0.6869 (selection mAP50_95=0.6869)
2026-08-03 20:28:21 INFO  scripts.synthetic_model_comparison.training.evaluation | mlflow: logged val/mAP50=0.8984 val/mAP50_95=0.6869 (step=173)
2026-08-03 20:28:22 INFO  scripts.synthetic_model_comparison.training.evaluation | mlflow: logged val per-class AP table (12 classes)
2026-08-03 20:28:22 INFO  scripts.synthetic_model_comparison.training.training_pipeline | saved checkpoint: /home/debian/Master-Thesis/scripts/synthetic_model_comparison/training/model_exports/yolo26n-sd35m-maxlen-seed42-20260803-193051/last.pt
2026-08-03 20:28:22 INFO  scripts.synthetic_model_comparison.training.training_pipeline | epoch 174/200 done — next lr=0.000430953, epochs_since_improve=3/20
2026-08-03 20:28:22 INFO  scripts.synthetic_model_comparison.training.training_pipeline | epoch 175/200 — train start (lr=0.000430953, batches=14)
2026-08-03 20:28:33 INFO  scripts.synthetic_model_comparison.training.training_pipeline | epoch 175/200 — train done in 11.1s | avg loss_box=0.5178 loss_cls=0.3516 loss_dfl=0.0153 loss_total=57.4046
2026-08-03 20:28:33 INFO  scripts.synthetic_model_comparison.training.evaluation | evaluating on 4 batches
2026-08-03 20:28:39 INFO  scripts.synthetic_model_comparison.training.training_pipeline | epoch 175/200 — val mAP50=0.9028 mAP50_95=0.6878 (selection mAP50_95=0.6878)
2026-08-03 20:28:40 INFO  scripts.synthetic_model_comparison.training.evaluation | mlflow: logged val/mAP50=0.9028 val/mAP50_95=0.6878 (step=174)
2026-08-03 20:28:40 INFO  scripts.synthetic_model_comparison.training.evaluation | mlflow: logged val per-class AP table (12 classes)
2026-08-03 20:28:40 INFO  scripts.synthetic_model_comparison.training.training_pipeline | saved checkpoint: /home/debian/Master-Thesis/scripts/synthetic_model_comparison/training/model_exports/yolo26n-sd35m-maxlen-seed42-20260803-193051/last.pt
2026-08-03 20:28:41 INFO  scripts.synthetic_model_comparison.training.training_pipeline | epoch 175/200 done — next lr=0.00039953, epochs_since_improve=4/20
2026-08-03 20:28:41 INFO  scripts.synthetic_model_comparison.training.training_pipeline | epoch 176/200 — train start (lr=0.00039953, batches=14)
2026-08-03 20:28:46 INFO  scripts.synthetic_model_comparison.training.training_pipeline | step 2450 | loss_box=0.4890 loss_cls=0.2660 loss_dfl=0.0145 loss_total=50.6561 lr=0.00039733
2026-08-03 20:28:53 INFO  scripts.synthetic_model_comparison.training.training_pipeline | epoch 176/200 — train done in 12.5s | avg loss_box=0.5120 loss_cls=0.3258 loss_dfl=0.0147 loss_total=55.5385
2026-08-03 20:28:53 INFO  scripts.synthetic_model_comparison.training.evaluation | evaluating on 4 batches
2026-08-03 20:29:00 INFO  scripts.synthetic_model_comparison.training.training_pipeline | epoch 176/200 — val mAP50=0.9041 mAP50_95=0.6896 (selection mAP50_95=0.6896)
2026-08-03 20:29:01 INFO  scripts.synthetic_model_comparison.training.evaluation | mlflow: logged val/mAP50=0.9041 val/mAP50_95=0.6896 (step=175)
2026-08-03 20:29:01 INFO  scripts.synthetic_model_comparison.training.evaluation | mlflow: logged val per-class AP table (12 classes)
2026-08-03 20:29:01 INFO  scripts.synthetic_model_comparison.training.training_pipeline | saved checkpoint: /home/debian/Master-Thesis/scripts/synthetic_model_comparison/training/model_exports/yolo26n-sd35m-maxlen-seed42-20260803-193051/last.pt
2026-08-03 20:29:02 INFO  scripts.synthetic_model_comparison.training.training_pipeline | epoch 176/200 done — next lr=0.000369277, epochs_since_improve=5/20
2026-08-03 20:29:02 INFO  scripts.synthetic_model_comparison.training.training_pipeline | epoch 177/200 — train start (lr=0.000369277, batches=14)
2026-08-03 20:29:13 INFO  scripts.synthetic_model_comparison.training.training_pipeline | epoch 177/200 — train done in 11.7s | avg loss_box=0.5113 loss_cls=0.3351 loss_dfl=0.0145 loss_total=56.0800
2026-08-03 20:29:13 INFO  scripts.synthetic_model_comparison.training.evaluation | evaluating on 4 batches
2026-08-03 20:29:19 INFO  scripts.synthetic_model_comparison.training.training_pipeline | epoch 177/200 — val mAP50=0.8997 mAP50_95=0.6882 (selection mAP50_95=0.6882)
2026-08-03 20:29:20 INFO  scripts.synthetic_model_comparison.training.evaluation | mlflow: logged val/mAP50=0.8997 val/mAP50_95=0.6882 (step=176)
2026-08-03 20:29:20 INFO  scripts.synthetic_model_comparison.training.evaluation | mlflow: logged val per-class AP table (12 classes)
2026-08-03 20:29:21 INFO  scripts.synthetic_model_comparison.training.training_pipeline | saved checkpoint: /home/debian/Master-Thesis/scripts/synthetic_model_comparison/training/model_exports/yolo26n-sd35m-maxlen-seed42-20260803-193051/last.pt
2026-08-03 20:29:21 INFO  scripts.synthetic_model_comparison.training.training_pipeline | epoch 177/200 done — next lr=0.000340204, epochs_since_improve=6/20
2026-08-03 20:29:21 INFO  scripts.synthetic_model_comparison.training.training_pipeline | epoch 178/200 — train start (lr=0.000340204, batches=14)
2026-08-03 20:29:32 INFO  scripts.synthetic_model_comparison.training.training_pipeline | epoch 178/200 — train done in 11.1s | avg loss_box=0.4980 loss_cls=0.3148 loss_dfl=0.0145 loss_total=54.1648
2026-08-03 20:29:32 INFO  scripts.synthetic_model_comparison.training.evaluation | evaluating on 4 batches
2026-08-03 20:29:39 INFO  scripts.synthetic_model_comparison.training.training_pipeline | epoch 178/200 — val mAP50=0.8922 mAP50_95=0.6834 (selection mAP50_95=0.6834)
2026-08-03 20:29:40 INFO  scripts.synthetic_model_comparison.training.evaluation | mlflow: logged val/mAP50=0.8922 val/mAP50_95=0.6834 (step=177)
2026-08-03 20:29:40 INFO  scripts.synthetic_model_comparison.training.evaluation | mlflow: logged val per-class AP table (12 classes)
2026-08-03 20:29:40 INFO  scripts.synthetic_model_comparison.training.training_pipeline | saved checkpoint: /home/debian/Master-Thesis/scripts/synthetic_model_comparison/training/model_exports/yolo26n-sd35m-maxlen-seed42-20260803-193051/last.pt
2026-08-03 20:29:40 INFO  scripts.synthetic_model_comparison.training.training_pipeline | epoch 178/200 done — next lr=0.000312317, epochs_since_improve=7/20
2026-08-03 20:29:40 INFO  scripts.synthetic_model_comparison.training.training_pipeline | epoch 179/200 — train start (lr=0.000312317, batches=14)
2026-08-03 20:29:50 INFO  scripts.synthetic_model_comparison.training.training_pipeline | step 2500 | loss_box=0.5240 loss_cls=0.2898 loss_dfl=0.0157 loss_total=54.4976 lr=0.00029502
2026-08-03 20:29:53 INFO  scripts.synthetic_model_comparison.training.training_pipeline | epoch 179/200 — train done in 13.0s | avg loss_box=0.5163 loss_cls=0.3395 loss_dfl=0.0149 loss_total=56.6382
2026-08-03 20:29:53 INFO  scripts.synthetic_model_comparison.training.evaluation | evaluating on 4 batches
2026-08-03 20:29:59 INFO  scripts.synthetic_model_comparison.training.training_pipeline | epoch 179/200 — val mAP50=0.8938 mAP50_95=0.6843 (selection mAP50_95=0.6843)
2026-08-03 20:30:00 INFO  scripts.synthetic_model_comparison.training.evaluation | mlflow: logged val/mAP50=0.8938 val/mAP50_95=0.6843 (step=178)
2026-08-03 20:30:00 INFO  scripts.synthetic_model_comparison.training.evaluation | mlflow: logged val per-class AP table (12 classes)
2026-08-03 20:30:00 INFO  scripts.synthetic_model_comparison.training.training_pipeline | saved checkpoint: /home/debian/Master-Thesis/scripts/synthetic_model_comparison/training/model_exports/yolo26n-sd35m-maxlen-seed42-20260803-193051/last.pt
2026-08-03 20:30:01 INFO  scripts.synthetic_model_comparison.training.training_pipeline | epoch 179/200 done — next lr=0.000285624, epochs_since_improve=8/20
2026-08-03 20:30:01 INFO  scripts.synthetic_model_comparison.training.training_pipeline | epoch 180/200 — train start (lr=0.000285624, batches=14)
2026-08-03 20:30:12 INFO  scripts.synthetic_model_comparison.training.training_pipeline | epoch 180/200 — train done in 11.4s | avg loss_box=0.5066 loss_cls=0.3375 loss_dfl=0.0146 loss_total=55.8152
2026-08-03 20:30:12 INFO  scripts.synthetic_model_comparison.training.evaluation | evaluating on 4 batches
2026-08-03 20:30:20 INFO  scripts.synthetic_model_comparison.training.training_pipeline | epoch 180/200 — val mAP50=0.8956 mAP50_95=0.6873 (selection mAP50_95=0.6873)
2026-08-03 20:30:20 INFO  scripts.synthetic_model_comparison.training.evaluation | mlflow: logged val/mAP50=0.8956 val/mAP50_95=0.6873 (step=179)
2026-08-03 20:30:21 INFO  scripts.synthetic_model_comparison.training.evaluation | mlflow: logged val per-class AP table (12 classes)
2026-08-03 20:30:21 INFO  scripts.synthetic_model_comparison.training.training_pipeline | saved checkpoint: /home/debian/Master-Thesis/scripts/synthetic_model_comparison/training/model_exports/yolo26n-sd35m-maxlen-seed42-20260803-193051/last.pt
2026-08-03 20:30:21 INFO  scripts.synthetic_model_comparison.training.training_pipeline | epoch 180/200 done — next lr=0.000260131, epochs_since_improve=9/20
2026-08-03 20:30:21 INFO  scripts.synthetic_model_comparison.training.training_pipeline | epoch 181/200 — train start (lr=0.000260131, batches=14)
2026-08-03 20:30:33 INFO  scripts.synthetic_model_comparison.training.training_pipeline | epoch 181/200 — train done in 11.6s | avg loss_box=0.5192 loss_cls=0.3182 loss_dfl=0.0149 loss_total=55.5792
2026-08-03 20:30:33 INFO  scripts.synthetic_model_comparison.training.evaluation | evaluating on 4 batches
2026-08-03 20:30:39 INFO  scripts.synthetic_model_comparison.training.training_pipeline | epoch 181/200 — val mAP50=0.8987 mAP50_95=0.6911 (selection mAP50_95=0.6911)
2026-08-03 20:30:39 INFO  scripts.synthetic_model_comparison.training.evaluation | mlflow: logged val/mAP50=0.8987 val/mAP50_95=0.6911 (step=180)
2026-08-03 20:30:40 INFO  scripts.synthetic_model_comparison.training.evaluation | mlflow: logged val per-class AP table (12 classes)
2026-08-03 20:30:40 INFO  scripts.synthetic_model_comparison.training.training_pipeline | saved checkpoint: /home/debian/Master-Thesis/scripts/synthetic_model_comparison/training/model_exports/yolo26n-sd35m-maxlen-seed42-20260803-193051/last.pt
2026-08-03 20:30:40 INFO  scripts.synthetic_model_comparison.training.training_pipeline | epoch 181/200 done — next lr=0.000235844, epochs_since_improve=10/20
2026-08-03 20:30:40 INFO  scripts.synthetic_model_comparison.training.training_pipeline | epoch 182/200 — train start (lr=0.000235844, batches=14)
2026-08-03 20:30:52 INFO  scripts.synthetic_model_comparison.training.training_pipeline | epoch 182/200 — train done in 11.4s | avg loss_box=0.4921 loss_cls=0.3296 loss_dfl=0.0137 loss_total=54.4256
2026-08-03 20:30:52 INFO  scripts.synthetic_model_comparison.training.evaluation | evaluating on 4 batches
2026-08-03 20:30:58 INFO  scripts.synthetic_model_comparison.training.training_pipeline | epoch 182/200 — val mAP50=0.9008 mAP50_95=0.6916 (selection mAP50_95=0.6916)
2026-08-03 20:30:58 INFO  scripts.synthetic_model_comparison.training.evaluation | mlflow: logged val/mAP50=0.9008 val/mAP50_95=0.6916 (step=181)
2026-08-03 20:30:59 INFO  scripts.synthetic_model_comparison.training.evaluation | mlflow: logged val per-class AP table (12 classes)
2026-08-03 20:30:59 INFO  scripts.synthetic_model_comparison.training.training_pipeline | saved checkpoint: /home/debian/Master-Thesis/scripts/synthetic_model_comparison/training/model_exports/yolo26n-sd35m-maxlen-seed42-20260803-193051/last.pt
2026-08-03 20:30:59 INFO  scripts.synthetic_model_comparison.training.training_pipeline | epoch 182/200 done — next lr=0.00021277, epochs_since_improve=11/20
2026-08-03 20:30:59 INFO  scripts.synthetic_model_comparison.training.training_pipeline | epoch 183/200 — train start (lr=0.00021277, batches=14)
2026-08-03 20:31:07 INFO  scripts.synthetic_model_comparison.training.training_pipeline | step 2550 | loss_box=0.5292 loss_cls=0.3573 loss_dfl=0.0138 loss_total=58.1713 lr=0.000207984
2026-08-03 20:31:13 INFO  scripts.synthetic_model_comparison.training.training_pipeline | epoch 183/200 — train done in 13.5s | avg loss_box=0.5116 loss_cls=0.3120 loss_dfl=0.0145 loss_total=54.6899
2026-08-03 20:31:13 INFO  scripts.synthetic_model_comparison.training.evaluation | evaluating on 4 batches
2026-08-03 20:31:19 INFO  scripts.synthetic_model_comparison.training.training_pipeline | epoch 183/200 — val mAP50=0.8936 mAP50_95=0.6827 (selection mAP50_95=0.6827)
2026-08-03 20:31:19 INFO  scripts.synthetic_model_comparison.training.evaluation | mlflow: logged val/mAP50=0.8936 val/mAP50_95=0.6827 (step=182)
2026-08-03 20:31:20 INFO  scripts.synthetic_model_comparison.training.evaluation | mlflow: logged val per-class AP table (12 classes)
2026-08-03 20:31:20 INFO  scripts.synthetic_model_comparison.training.training_pipeline | saved checkpoint: /home/debian/Master-Thesis/scripts/synthetic_model_comparison/training/model_exports/yolo26n-sd35m-maxlen-seed42-20260803-193051/last.pt
2026-08-03 20:31:20 INFO  scripts.synthetic_model_comparison.training.training_pipeline | epoch 183/200 done — next lr=0.000190915, epochs_since_improve=12/20
2026-08-03 20:31:20 INFO  scripts.synthetic_model_comparison.training.training_pipeline | epoch 184/200 — train start (lr=0.000190915, batches=14)
2026-08-03 20:31:31 INFO  scripts.synthetic_model_comparison.training.training_pipeline | epoch 184/200 — train done in 11.3s | avg loss_box=0.4979 loss_cls=0.3128 loss_dfl=0.0144 loss_total=53.9332
2026-08-03 20:31:31 INFO  scripts.synthetic_model_comparison.training.evaluation | evaluating on 4 batches
2026-08-03 20:31:37 INFO  scripts.synthetic_model_comparison.training.training_pipeline | epoch 184/200 — val mAP50=0.8968 mAP50_95=0.6892 (selection mAP50_95=0.6892)
2026-08-03 20:31:38 INFO  scripts.synthetic_model_comparison.training.evaluation | mlflow: logged val/mAP50=0.8968 val/mAP50_95=0.6892 (step=183)
2026-08-03 20:31:38 INFO  scripts.synthetic_model_comparison.training.evaluation | mlflow: logged val per-class AP table (12 classes)
2026-08-03 20:31:39 INFO  scripts.synthetic_model_comparison.training.training_pipeline | saved checkpoint: /home/debian/Master-Thesis/scripts/synthetic_model_comparison/training/model_exports/yolo26n-sd35m-maxlen-seed42-20260803-193051/last.pt
2026-08-03 20:31:39 INFO  scripts.synthetic_model_comparison.training.training_pipeline | epoch 184/200 done — next lr=0.000170284, epochs_since_improve=13/20
2026-08-03 20:31:39 INFO  scripts.synthetic_model_comparison.training.training_pipeline | epoch 185/200 — train start (lr=0.000170284, batches=14)
2026-08-03 20:31:50 INFO  scripts.synthetic_model_comparison.training.training_pipeline | epoch 185/200 — train done in 11.2s | avg loss_box=0.4723 loss_cls=0.3085 loss_dfl=0.0137 loss_total=52.1525
2026-08-03 20:31:50 INFO  scripts.synthetic_model_comparison.training.evaluation | evaluating on 4 batches
2026-08-03 20:31:56 INFO  scripts.synthetic_model_comparison.training.training_pipeline | epoch 185/200 — val mAP50=0.9011 mAP50_95=0.6916 (selection mAP50_95=0.6916)
2026-08-03 20:31:57 INFO  scripts.synthetic_model_comparison.training.evaluation | mlflow: logged val/mAP50=0.9011 val/mAP50_95=0.6916 (step=184)
2026-08-03 20:31:57 INFO  scripts.synthetic_model_comparison.training.evaluation | mlflow: logged val per-class AP table (12 classes)
2026-08-03 20:31:57 INFO  scripts.synthetic_model_comparison.training.training_pipeline | saved checkpoint: /home/debian/Master-Thesis/scripts/synthetic_model_comparison/training/model_exports/yolo26n-sd35m-maxlen-seed42-20260803-193051/last.pt
2026-08-03 20:31:58 INFO  scripts.synthetic_model_comparison.training.training_pipeline | epoch 185/200 done — next lr=0.000150883, epochs_since_improve=14/20
2026-08-03 20:31:58 INFO  scripts.synthetic_model_comparison.training.training_pipeline | epoch 186/200 — train start (lr=0.000150883, batches=14)
2026-08-03 20:32:08 INFO  scripts.synthetic_model_comparison.training.training_pipeline | step 2600 | loss_box=0.4912 loss_cls=0.3417 loss_dfl=0.0140 loss_total=54.8749 lr=0.000136504
2026-08-03 20:32:11 INFO  scripts.synthetic_model_comparison.training.training_pipeline | epoch 186/200 — train done in 13.0s | avg loss_box=0.4844 loss_cls=0.3369 loss_dfl=0.0139 loss_total=54.2498
2026-08-03 20:32:11 INFO  scripts.synthetic_model_comparison.training.evaluation | evaluating on 4 batches
2026-08-03 20:32:18 INFO  scripts.synthetic_model_comparison.training.training_pipeline | epoch 186/200 — val mAP50=0.9002 mAP50_95=0.6903 (selection mAP50_95=0.6903)
2026-08-03 20:32:19 INFO  scripts.synthetic_model_comparison.training.evaluation | mlflow: logged val/mAP50=0.9002 val/mAP50_95=0.6903 (step=185)
2026-08-03 20:32:19 INFO  scripts.synthetic_model_comparison.training.evaluation | mlflow: logged val per-class AP table (12 classes)
2026-08-03 20:32:19 INFO  scripts.synthetic_model_comparison.training.training_pipeline | saved checkpoint: /home/debian/Master-Thesis/scripts/synthetic_model_comparison/training/model_exports/yolo26n-sd35m-maxlen-seed42-20260803-193051/last.pt
2026-08-03 20:32:20 INFO  scripts.synthetic_model_comparison.training.training_pipeline | epoch 186/200 done — next lr=0.000132716, epochs_since_improve=15/20
2026-08-03 20:32:20 INFO  scripts.synthetic_model_comparison.training.training_pipeline | epoch 187/200 — train start (lr=0.000132716, batches=14)
2026-08-03 20:32:31 INFO  scripts.synthetic_model_comparison.training.training_pipeline | epoch 187/200 — train done in 11.3s | avg loss_box=0.4900 loss_cls=0.3255 loss_dfl=0.0144 loss_total=54.0908
2026-08-03 20:32:31 INFO  scripts.synthetic_model_comparison.training.evaluation | evaluating on 4 batches
2026-08-03 20:32:37 INFO  scripts.synthetic_model_comparison.training.training_pipeline | epoch 187/200 — val mAP50=0.8978 mAP50_95=0.6895 (selection mAP50_95=0.6895)
2026-08-03 20:32:38 INFO  scripts.synthetic_model_comparison.training.evaluation | mlflow: logged val/mAP50=0.8978 val/mAP50_95=0.6895 (step=186)
2026-08-03 20:32:38 INFO  scripts.synthetic_model_comparison.training.evaluation | mlflow: logged val per-class AP table (12 classes)
2026-08-03 20:32:38 INFO  scripts.synthetic_model_comparison.training.training_pipeline | saved checkpoint: /home/debian/Master-Thesis/scripts/synthetic_model_comparison/training/model_exports/yolo26n-sd35m-maxlen-seed42-20260803-193051/last.pt
2026-08-03 20:32:38 INFO  scripts.synthetic_model_comparison.training.training_pipeline | epoch 187/200 done — next lr=0.000115788, epochs_since_improve=16/20
2026-08-03 20:32:38 INFO  scripts.synthetic_model_comparison.training.training_pipeline | epoch 188/200 — train start (lr=0.000115788, batches=14)
2026-08-03 20:32:50 INFO  scripts.synthetic_model_comparison.training.training_pipeline | epoch 188/200 — train done in 11.5s | avg loss_box=0.5002 loss_cls=0.3174 loss_dfl=0.0143 loss_total=54.3110
2026-08-03 20:32:50 INFO  scripts.synthetic_model_comparison.training.evaluation | evaluating on 4 batches
2026-08-03 20:32:56 INFO  scripts.synthetic_model_comparison.training.training_pipeline | epoch 188/200 — val mAP50=0.8956 mAP50_95=0.6871 (selection mAP50_95=0.6871)
2026-08-03 20:32:57 INFO  scripts.synthetic_model_comparison.training.evaluation | mlflow: logged val/mAP50=0.8956 val/mAP50_95=0.6871 (step=187)
2026-08-03 20:32:57 INFO  scripts.synthetic_model_comparison.training.evaluation | mlflow: logged val per-class AP table (12 classes)
2026-08-03 20:32:57 INFO  scripts.synthetic_model_comparison.training.training_pipeline | saved checkpoint: /home/debian/Master-Thesis/scripts/synthetic_model_comparison/training/model_exports/yolo26n-sd35m-maxlen-seed42-20260803-193051/last.pt
2026-08-03 20:32:57 INFO  scripts.synthetic_model_comparison.training.training_pipeline | epoch 188/200 done — next lr=0.000100103, epochs_since_improve=17/20
2026-08-03 20:32:57 INFO  scripts.synthetic_model_comparison.training.training_pipeline | epoch 189/200 — train start (lr=0.000100103, batches=14)
2026-08-03 20:33:09 INFO  scripts.synthetic_model_comparison.training.training_pipeline | epoch 189/200 — train done in 11.6s | avg loss_box=0.4919 loss_cls=0.3067 loss_dfl=0.0144 loss_total=53.0705
2026-08-03 20:33:09 INFO  scripts.synthetic_model_comparison.training.evaluation | evaluating on 4 batches
2026-08-03 20:33:15 INFO  scripts.synthetic_model_comparison.training.training_pipeline | epoch 189/200 — val mAP50=0.8958 mAP50_95=0.6878 (selection mAP50_95=0.6878)
2026-08-03 20:33:16 INFO  scripts.synthetic_model_comparison.training.evaluation | mlflow: logged val/mAP50=0.8958 val/mAP50_95=0.6878 (step=188)
2026-08-03 20:33:16 INFO  scripts.synthetic_model_comparison.training.evaluation | mlflow: logged val per-class AP table (12 classes)
2026-08-03 20:33:16 INFO  scripts.synthetic_model_comparison.training.training_pipeline | saved checkpoint: /home/debian/Master-Thesis/scripts/synthetic_model_comparison/training/model_exports/yolo26n-sd35m-maxlen-seed42-20260803-193051/last.pt
2026-08-03 20:33:17 INFO  scripts.synthetic_model_comparison.training.training_pipeline | epoch 189/200 done — next lr=8.56659e-05, epochs_since_improve=18/20
2026-08-03 20:33:17 INFO  scripts.synthetic_model_comparison.training.training_pipeline | epoch 190/200 — train start (lr=8.56659e-05, batches=14)
2026-08-03 20:33:24 INFO  scripts.synthetic_model_comparison.training.training_pipeline | step 2650 | loss_box=0.5165 loss_cls=0.3065 loss_dfl=0.0142 loss_total=54.6607 lr=8.08127e-05
2026-08-03 20:33:29 INFO  scripts.synthetic_model_comparison.training.training_pipeline | epoch 190/200 — train done in 12.4s | avg loss_box=0.4784 loss_cls=0.3211 loss_dfl=0.0138 loss_total=52.9726
2026-08-03 20:33:29 INFO  scripts.synthetic_model_comparison.training.evaluation | evaluating on 4 batches
2026-08-03 20:33:35 INFO  scripts.synthetic_model_comparison.training.training_pipeline | epoch 190/200 — val mAP50=0.8973 mAP50_95=0.6870 (selection mAP50_95=0.6870)
2026-08-03 20:33:36 INFO  scripts.synthetic_model_comparison.training.evaluation | mlflow: logged val/mAP50=0.8973 val/mAP50_95=0.6870 (step=189)
2026-08-03 20:33:36 INFO  scripts.synthetic_model_comparison.training.evaluation | mlflow: logged val per-class AP table (12 classes)
2026-08-03 20:33:36 INFO  scripts.synthetic_model_comparison.training.training_pipeline | saved checkpoint: /home/debian/Master-Thesis/scripts/synthetic_model_comparison/training/model_exports/yolo26n-sd35m-maxlen-seed42-20260803-193051/last.pt
2026-08-03 20:33:37 INFO  scripts.synthetic_model_comparison.training.training_pipeline | epoch 190/200 done — next lr=7.24797e-05, epochs_since_improve=19/20
2026-08-03 20:33:37 INFO  scripts.synthetic_model_comparison.training.training_pipeline | epoch 191/200 — train start (lr=7.24797e-05, batches=14)
2026-08-03 20:33:48 INFO  scripts.synthetic_model_comparison.training.training_pipeline | epoch 191/200 — train done in 11.2s | avg loss_box=0.4904 loss_cls=0.3085 loss_dfl=0.0142 loss_total=53.0411
2026-08-03 20:33:48 INFO  scripts.synthetic_model_comparison.training.evaluation | evaluating on 4 batches
2026-08-03 20:33:54 INFO  scripts.synthetic_model_comparison.training.training_pipeline | epoch 191/200 — val mAP50=0.8975 mAP50_95=0.6890 (selection mAP50_95=0.6890)
2026-08-03 20:33:55 INFO  scripts.synthetic_model_comparison.training.evaluation | mlflow: logged val/mAP50=0.8975 val/mAP50_95=0.6890 (step=190)
2026-08-03 20:33:55 INFO  scripts.synthetic_model_comparison.training.evaluation | mlflow: logged val per-class AP table (12 classes)
2026-08-03 20:33:55 INFO  scripts.synthetic_model_comparison.training.training_pipeline | saved checkpoint: /home/debian/Master-Thesis/scripts/synthetic_model_comparison/training/model_exports/yolo26n-sd35m-maxlen-seed42-20260803-193051/last.pt
2026-08-03 20:33:56 INFO  scripts.synthetic_model_comparison.training.training_pipeline | epoch 191/200 done — next lr=6.05479e-05, epochs_since_improve=20/20
2026-08-03 20:33:56 INFO  scripts.synthetic_model_comparison.training.training_pipeline | early stopping at epoch 191 — no mAP50_95 improvement (>0.001) for 20 epochs
2026-08-03 20:33:56 INFO  scripts.synthetic_model_comparison.training.training_pipeline | saved checkpoint: /home/debian/Master-Thesis/scripts/synthetic_model_comparison/training/model_exports/yolo26n-sd35m-maxlen-seed42-20260803-193051/last.pt
2026-08-03 20:33:56 INFO  scripts.synthetic_model_comparison.training.training_pipeline | training finished — loading best.pt for final test evaluation
2026-08-03 20:33:56 INFO  scripts.synthetic_model_comparison.training.training_pipeline | loaded best.pt (mAP50_95=0.6913 @ epoch 170)
2026-08-03 20:33:56 INFO  scripts.synthetic_model_comparison.training.evaluation | evaluating on 153 batches
2026-08-03 20:37:07 INFO  scripts.synthetic_model_comparison.training.training_pipeline | test mAP50=0.1009 mAP50_95=0.0541
2026-08-03 20:37:08 INFO  scripts.synthetic_model_comparison.training.evaluation | mlflow: logged test/mAP50=0.1009 test/mAP50_95=0.0541 (step=None)
2026-08-03 20:37:08 INFO  scripts.synthetic_model_comparison.training.evaluation | mlflow: logged test per-class AP table (12 classes)
2026-08-03 20:37:17 INFO  scripts.synthetic_model_comparison.training.training_pipeline | uploaded checkpoints to MLflow
2026-08-03 20:37:17 INFO  __main__ | === post-training full evaluation (limit=None) ===
2026-08-03 20:37:17 INFO  scripts.synthetic_model_comparison.training.eval_suite.run_evaluation | === evaluation (real-only) ===
2026-08-03 20:37:17 INFO  scripts.synthetic_model_comparison.training.eval_suite.run_evaluation | checkpoint=/home/debian/Master-Thesis/scripts/synthetic_model_comparison/training/model_exports/yolo26n-sd35m-maxlen-seed42-20260803-193051/best.pt device=cuda output_dir=/home/debian/Master-Thesis/scripts/synthetic_model_comparison/training/model_exports/yolo26n-sd35m-maxlen-seed42-20260803-193051/evaluation
2026-08-03 20:37:17 INFO  scripts.synthetic_model_comparison.training.eval_suite.run_evaluation | real_ann=/home/debian/Master-Thesis/data/synthetic_model_comparison/test/annotations_test.json max_det=100
2026-08-03 20:37:17 INFO  scripts.synthetic_model_comparison.training.dataset | dataset annotations_test.json: 9742 images, 9742 annotations, 12 classes
2026-08-03 20:37:17 INFO  scripts.synthetic_model_comparison.training.eval_suite.predict | loading checkpoint: /home/debian/Master-Thesis/scripts/synthetic_model_comparison/training/model_exports/yolo26n-sd35m-maxlen-seed42-20260803-193051/best.pt
2026-08-03 20:37:18 INFO  scripts.synthetic_model_comparison.training.yolo26n_model | no pretrained weights — training from random initialization
2026-08-03 20:37:18 INFO  scripts.synthetic_model_comparison.training.yolo26n_model | model: yolo26n, nc=12, params=2.51M, device=cuda
2026-08-03 20:37:18 INFO  scripts.synthetic_model_comparison.training.eval_suite.predict | checkpoint format: training dict (state_dict under 'model' key)
2026-08-03 20:37:18 INFO  scripts.synthetic_model_comparison.training.eval_suite.predict | loaded 708/708 keys from checkpoint (skipped 0 shape-mismatched / missing)
2026-08-03 20:37:18 INFO  scripts.synthetic_model_comparison.training.eval_suite.predict | running inference: 9742 images, batch=64, max_det=100 (NMS-free: conf/iou thresholds unused)
2026-08-03 20:41:11 INFO  scripts.synthetic_model_comparison.training.eval_suite.predict | inference complete: 974200 predictions over 9742 images
2026-08-03 20:41:27 INFO  scripts.synthetic_model_comparison.training.eval_suite.predict | predictions written to /home/debian/Master-Thesis/scripts/synthetic_model_comparison/training/model_exports/yolo26n-sd35m-maxlen-seed42-20260803-193051/evaluation/predictions_real.json
2026-08-03 20:41:27 INFO  scripts.synthetic_model_comparison.training.eval_suite.scoring | loading GT index from /home/debian/Master-Thesis/data/synthetic_model_comparison/test/annotations_test.json
2026-08-03 20:41:27 INFO  scripts.synthetic_model_comparison.training.eval_suite.scoring | GT index: 9742 images, 12 categories, 9742 annotated images
2026-08-03 20:41:27 INFO  scripts.synthetic_model_comparison.training.eval_suite.report | headline: real-test mAP (fine)
2026-08-03 20:43:08 INFO  scripts.synthetic_model_comparison.training.eval_suite.report | per-class AP table
2026-08-03 20:43:08 INFO  scripts.synthetic_model_comparison.training.eval_suite.report | within-look-alike-group confusion
2026-08-03 20:43:12 INFO  scripts.synthetic_model_comparison.training.eval_suite.report | wrote markdown report: /home/debian/Master-Thesis/scripts/synthetic_model_comparison/training/model_exports/yolo26n-sd35m-maxlen-seed42-20260803-193051/evaluation/evaluation_report.md
2026-08-03 20:43:12 INFO  scripts.synthetic_model_comparison.training.eval_suite.report | wrote CSV artifacts: /home/debian/Master-Thesis/scripts/synthetic_model_comparison/training/model_exports/yolo26n-sd35m-maxlen-seed42-20260803-193051/evaluation/eval_per_class.csv, /home/debian/Master-Thesis/scripts/synthetic_model_comparison/training/model_exports/yolo26n-sd35m-maxlen-seed42-20260803-193051/evaluation/eval_confusion_pairs.csv
2026-08-03 20:43:12 INFO  scripts.synthetic_model_comparison.training.eval_suite.report | wrote JSON report: /home/debian/Master-Thesis/scripts/synthetic_model_comparison/training/model_exports/yolo26n-sd35m-maxlen-seed42-20260803-193051/evaluation/evaluation_report.json
2026-08-03 20:43:16 INFO  scripts.synthetic_model_comparison.training.eval_suite.report | logged eval scalars to MLflow under 'eval/'
2026-08-03 20:43:17 INFO  scripts.synthetic_model_comparison.training.eval_suite.run_evaluation | evaluation complete — report at /home/debian/Master-Thesis/scripts/synthetic_model_comparison/training/model_exports/yolo26n-sd35m-maxlen-seed42-20260803-193051/evaluation/evaluation_report.md
2026-08-03 20:43:18 INFO  __main__ | uploaded log artifact: /home/debian/Master-Thesis/scripts/synthetic_model_comparison/training/model_exports/yolo26n-sd35m-maxlen-seed42-20260803-193051/yolo26n-sd35m-maxlen-seed42-20260803-193051.log
